State,District,Crop,Year,Area,Production,Yield,Years_ Available,Complete_4_year_history,Previous_Yield,Previous_yield_percentage,Previous_area,Previous_Area_Percentage,Previous_Production,Production_Change_Pct,History_avg_yield,Yield_Deviation_Pct,Crop_Year_Rainfall_mm,Rainy_Days,Heavy_Rain_Days,Days_Available,Monsoon_Rainfall_mm,Rabi_Rainfall_mm,Historical_Avg_Rainfall,Rainfall_Deviation_Pct,Avg_Modal_Price,Min_Monthly_Price,Max_Monthly_Price,Price_Std,Months_Available,Avg_Markets_Reporting,Price_Volatility_Pct,Price_Coverage_Pct,Price_Coverage_Quality,Price_Available,Rainfall_Available,Production_Available,Yield_Change_Pct,Area_Change_Pct,Prev_Yield_Change_Pct,Prev_Area_Change_Pct,Prev_Rainfall_Deviation_Pct,Prev_Price_Volatility_Pct,Yield_Adverse_Signal,Area_Adverse_Signal,Rainfall_Adverse_Signal,Price_Adverse_Signal,Yield_Risk_Component,Area_Risk_Component,Rainfall_Risk_Component,Price_Risk_Component,Yield_Weighted_Contribution,Rainfall_Weighted_Contribution,Area_Weighted_Contribution,Price_Weighted_Contribution,Available_Risk_Weight,Risk_Score,Drivers_Available,Risk_Data_Quality,Dashboard_Risk_Score,Top_Driver_1,Top_Driver_2,Top_Driver_3
Haryana,Ambala,Maize,2021-22,0.0,0.01,3945.0,4,True,,,,,,,,,1297.57,97,0,365,981.67,246.72,,,1796.1435714285717,1577.93,1990.0,164.65070671764218,7.0,1.8571428571428568,9.166901206382208,58.333333333333336,Moderate,True,True,True,,,,,,,,,,,,,,,,,,,0.0,,0,Insufficient,,,,
Haryana,Ambala,Maize,2022-23,0.0,0.0,3455.0,4,True,3945.0,-12.420785804816225,0.0,,0.01,-100.0,3945.0,-12.420785804816225,1567.66,110,1,365,1207.36,181.25,1297.57,20.815062000508654,1934.71875,1602.8,2206.63,219.8071734620077,8.0,1.8888888888888888,11.361195184675177,66.66666666666666,Moderate,True,True,True,-12.420785804816227,,,,,9.166901206382208,,,,9.166901206382208,,,,74.50381429690815,,,,11.175572144536222,0.15,74.50381429690815,1,Very Limited,,Price volatility,,
Haryana,Ambala,Maize,2023-24,0.0,0.01,4642.0,4,True,3455.0,34.35600578871201,0.0,,0.0,,3700.0,25.45945945945946,1301.31,84,3,366,1120.44,152.26,1432.615,-9.16540731459604,1894.615714285714,1541.25,2223.22,245.1786415457882,7.0,2.0,12.940811146930796,58.333333333333336,Moderate,True,True,True,34.35600578871201,,-12.420785804816227,,20.815062000508654,11.361195184675177,12.420785804816227,,20.815062000508654,11.361195184675177,57.994019032712174,,59.194980084930634,92.33789665374016,20.29790666144926,17.75849402547919,,13.850684498061023,0.7999999999999999,64.88385648123685,3,Good,64.88385648123685,Yield trend,Rainfall anomaly,Price volatility
Haryana,Ambala,Maize,2024-25,0.0,0.0,3714.0,4,True,4642.0,-19.991383024558377,0.0,,0.01,-100.0,4014.0,-7.473841554559043,1447.69,111,1,365,1191.42,133.39,1388.8466666666666,4.2368488002035365,2215.3608333333336,2021.06,2400.0,134.5577895335927,6.0,2.2857142857142856,6.073854313436194,50.0,Moderate,True,True,True,-19.991383024558385,,34.35600578871201,,-9.16540731459604,12.940811146930796,0.0,,9.16540731459604,12.940811146930796,0.0,,26.06507265962177,100.0,0.0,7.81952179788653,,15.0,0.7999999999999999,28.524402247358164,3,Good,28.524402247358164,Price volatility,Rainfall anomaly,
Haryana,Ambala,Rice,2021-22,0.94,3.86,4107.0,4,True,,,,,,,,,1297.57,97,0,365,981.67,246.72,,,1960.3333333333333,1960.0,1961.0,0.5773502691896586,3.0,2.333333333333333,,25.0,Low,True,True,True,,,,,,,,,,,,,,,,,,,0.0,,0,Insufficient,,,,
Haryana,Ambala,Rice,2022-23,1.05,3.9,3719.0,4,True,4107.0,-9.447285122960798,0.94,11.70212765957448,3.86,1.0362694300518145,4107.0,-9.447285122960798,1567.66,110,1,365,1207.36,181.25,1297.57,20.815062000508654,2060.0,2060.0,2060.0,0.0,2.0,3.0,,16.666666666666664,Low,True,True,True,-9.447285122960803,11.70212765957448,,,,,,,,,,,,,,,,,0.0,,0,Insufficient,,,,
Haryana,Ambala,Rice,2023-24,0.94,4.01,4275.0,4,True,3719.0,14.9502554450121,1.05,-10.476190476190483,3.9,2.8205128205128176,3913.0,9.251213902376692,1301.31,84,3,366,1120.44,152.26,1432.615,-9.16540731459604,2203.0,2203.0,2203.0,0.0,3.0,4.0,,25.0,Low,True,True,True,14.950255445012095,-10.476190476190483,-9.447285122960803,11.70212765957448,20.815062000508654,,9.447285122960803,0.0,20.815062000508654,,44.11041634869846,0.0,59.194980084930634,,15.438645722044459,17.75849402547919,0.0,,0.8499999999999999,39.05545852649842,3,Good,39.05545852649842,Rainfall anomaly,Yield trend,
Haryana,Ambala,Rice,2024-25,0.84,3.55,4233.0,4,True,4275.0,-0.9824561403508772,0.94,-10.638297872340424,4.01,-11.4713216957606,4033.6666666666665,4.9417403520370256,1447.69,111,1,365,1191.42,133.39,1388.8466666666666,4.2368488002035365,2320.0,2320.0,2320.0,0.0,3.0,4.25,,25.0,Low,True,True,True,-0.9824561403508736,-10.638297872340418,14.950255445012095,-10.476190476190483,-9.16540731459604,,0.0,10.476190476190483,9.16540731459604,,0.0,100.0,26.06507265962177,,0.0,7.81952179788653,20.0,,0.8499999999999999,32.72884917398416,3,Good,32.72884917398416,Area trend,Rainfall anomaly,
Haryana,Ambala,Wheat,2021-22,0.88,3.61,4107.0,4,True,,,,,,,,,1297.57,97,0,365,981.67,246.72,,,2015.01,2015.0,2015.02,0.014142135623718,2.0,3.25,,16.666666666666664,Low,True,True,True,,,,,,,,,,,,,,,,,,,0.0,,0,Insufficient,,,,
Haryana,Ambala,Wheat,2022-23,0.89,4.12,4639.0,4,True,4107.0,12.953494034575115,0.88,1.1363636363636374,3.61,14.127423822714688,4107.0,12.953494034575115,1567.66,110,1,365,1207.36,181.25,1297.57,20.815062000508654,2088.72,2016.0,2125.16,62.97741817508875,3.0,4.0,,25.0,Low,True,True,True,12.953494034575108,1.1363636363636465,,,,,,,,,,,,,,,,,0.0,,0,Insufficient,,,,
Haryana,Ambala,Wheat,2023-24,0.95,4.21,4433.0,4,True,4639.0,-4.440612200905368,0.89,6.741573033707858,4.12,2.1844660194174725,4373.0,1.372055796935742,1301.31,84,3,366,1120.44,152.26,1432.615,-9.16540731459604,2226.685,2130.0,2275.0550000000003,83.7316706808124,3.0,2.6666666666666665,,25.0,Low,True,True,True,-4.4406122009053695,6.741573033707859,12.953494034575108,1.1363636363636465,20.815062000508654,,0.0,0.0,20.815062000508654,,0.0,0.0,59.194980084930634,,0.0,17.75849402547919,0.0,,0.8499999999999999,20.892345912328462,3,Good,20.892345912328462,Rainfall anomaly,,
Haryana,Ambala,Wheat,2024-25,0.89,4.13,4640.0,4,True,4433.0,4.669524024362734,0.95,-6.315789473684205,4.21,-1.9002375296912133,4393.0,5.622581379467334,1447.69,111,1,365,1191.42,133.39,1388.8466666666666,4.2368488002035365,2425.0025,2425.0,2425.005,0.0035355339060099,2.0,3.5,,16.666666666666664,Low,True,True,True,4.669524024362737,-6.315789473684208,-4.4406122009053695,6.741573033707859,-9.16540731459604,,4.4406122009053695,0.0,9.16540731459604,,20.733708200357313,0.0,26.06507265962177,,7.256797870125059,7.81952179788653,0.0,,0.8499999999999999,17.73684666824893,3,Good,17.73684666824893,Rainfall anomaly,Yield trend,
Haryana,Bhiwani,Maize,2021-22,0.0,0.0,4000.0,3,False,,,,,,,,,724.11,52,0,365,610.61,89.75,,,2211.885,2208.42,2215.35,4.900249993622819,2.0,1.0,,16.666666666666664,Low,True,True,True,,,,,,,,,,,,,,,,,,,0.0,,0,Insufficient,,,,
Haryana,Bhiwani,Maize,2023-24,0.0,0.0,3685.0,3,False,4000.0,-7.875,0.0,,0.0,,4000.0,-7.875,449.71,40,0,366,351.34000000000003,89.54,708.1800000000001,-36.4977830495072,2181.732,2078.87,2333.11,131.1287448273644,5.0,0.5,,41.66666666666667,Low,True,True,True,-7.874999999999998,,,,,,,,,,,,,,,,,,0.0,,0,Insufficient,,,,
Haryana,Bhiwani,Maize,2024-25,0.0,0.0,3714.0,3,False,3685.0,0.7869742198100407,0.0,,0.0,,3842.5,-3.3441769681197138,803.1,71,0,365,671.88,49.99,622.0233333333333,29.110912238018948,2309.84,2307.15,2312.53,3.804234482783703,2.0,0.5,,16.666666666666664,Low,True,True,True,0.7869742198100438,,-7.874999999999998,,-36.4977830495072,,7.874999999999998,,36.4977830495072,,36.769243674222224,,100.0,,12.869235285977778,30.0,,,0.6499999999999999,65.95266967073505,2,Limited,65.95266967073505,Rainfall anomaly,Yield trend,
Haryana,Bhiwani,Rice,2021-22,0.22,0.47,2099.0,4,True,,,,,,,,,724.11,52,0,365,610.61,89.75,,,,,,,,,,,,False,True,True,,,,,,,,,,,,,,,,,,,0.0,,0,Insufficient,,,,
Haryana,Bhiwani,Rice,2022-23,0.26,0.73,2781.0,4,True,2099.0,32.491662696522155,0.22,18.181818181818183,0.47,55.319148936170215,2099.0,32.491662696522155,692.25,63,0,365,484.66,101.48,724.11,-4.399883995525544,,,,,,,,,,False,True,True,32.49166269652215,18.181818181818187,,,,,,,,,,,,,,,,,0.0,,0,Insufficient,,,,
Haryana,Bhiwani,Rice,2023-24,0.28,0.8,2808.0,4,True,2781.0,0.9708737864077668,0.26,7.692307692307699,0.73,9.58904109589042,2440.0,15.081967213114757,449.71,40,0,366,351.34000000000003,89.54,708.1800000000001,-36.4977830495072,4230.0,4230.0,4230.0,,1.0,0.5,,8.333333333333332,Low,True,True,True,0.9708737864077666,7.692307692307709,32.49166269652215,18.181818181818187,-4.399883995525544,,0.0,0.0,4.399883995525544,,0.0,0.0,12.512624054868295,,0.0,3.7537872164604886,0.0,,0.8499999999999999,4.416220254659399,3,Good,4.416220254659399,Rainfall anomaly,,
Haryana,Bhiwani,Rice,2024-25,0.32,1.23,3805.0,4,True,2808.0,35.50569800569801,0.28,14.285714285714276,0.8,53.74999999999999,2562.6666666666665,48.47814776274715,803.1,71,0,365,671.88,49.99,622.0233333333333,29.110912238018948,,,,,0.0,0.0,,0.0,Low,False,True,True,35.50569800569801,14.28571428571428,0.9708737864077666,7.692307692307709,-36.4977830495072,,0.0,0.0,36.4977830495072,,0.0,0.0,100.0,,0.0,30.0,0.0,,0.8499999999999999,35.294117647058826,3,Good,35.294117647058826,Rainfall anomaly,,
Haryana,Bhiwani,Wheat,2021-22,0.87,3.71,4271.0,4,True,,,,,,,,,724.11,52,0,365,610.61,89.75,,,2028.555,2016.12,2040.99,17.5857456481096,2.0,1.0,,16.666666666666664,Low,True,True,True,,,,,,,,,,,,,,,,,,,0.0,,0,Insufficient,,,,
Haryana,Bhiwani,Wheat,2022-23,0.91,3.71,4098.0,4,True,4271.0,-4.0505736361507845,0.87,4.597701149425292,3.71,0.0,4271.0,-4.0505736361507845,692.25,63,0,365,484.66,101.48,724.11,-4.399883995525544,2125.0,2125.0,2125.0,0.0,2.0,1.3333333333333333,,16.666666666666664,Low,True,True,True,-4.050573636150789,4.597701149425282,,,,,,,,,,,,,,,,,0.0,,0,Insufficient,,,,
Haryana,Bhiwani,Wheat,2023-24,0.93,4.01,4311.0,4,True,4098.0,5.197657393850659,0.91,2.1978021978022,3.71,8.086253369272232,4184.5,3.023061297646075,449.71,40,0,366,351.34000000000003,89.54,708.1800000000001,-36.4977830495072,2250.0,2200.0,2275.0,43.30127018922193,3.0,1.25,,25.0,Low,True,True,True,5.197657393850652,2.19780219780219,-4.050573636150789,4.597701149425282,-4.399883995525544,,4.050573636150789,0.0,4.399883995525544,,18.91257511720746,0.0,12.512624054868295,,6.61940129102261,3.7537872164604886,0.0,,0.8499999999999999,12.203751185274237,3,Good,12.203751185274237,Yield trend,Rainfall anomaly,
Haryana,Bhiwani,Wheat,2024-25,1.0,4.76,4735.0,4,True,4311.0,9.835305033634889,0.93,7.526881720430103,4.01,18.703241895261847,4226.666666666667,12.026813880126175,803.1,71,0,365,671.88,49.99,622.0233333333333,29.110912238018948,2425.0,2425.0,2425.0,0.0,2.0,1.5,,16.666666666666664,Low,True,True,True,9.835305033634878,7.526881720430101,5.197657393850652,2.19780219780219,-36.4977830495072,,0.0,0.0,36.4977830495072,,0.0,0.0,100.0,,0.0,30.0,0.0,,0.8499999999999999,35.294117647058826,3,Good,35.294117647058826,Rainfall anomaly,,
Haryana,Charkhi Dadri,Maize,2021-22,0.0,0.0,0.0,1,False,,,,,,,,,953.05,59,0,365,782.92,139.18,,,,,,,,,,,,False,True,True,,,,,,,,,,,,,,,,,,,0.0,,0,Insufficient,,,,
Haryana,Charkhi Dadri,Rice,2021-22,0.05,0.09,1849.0,4,True,,,,,,,,,953.05,59,0,365,782.92,139.18,,,,,,,,,,,,False,True,True,,,,,,,,,,,,,,,,,,,0.0,,0,Insufficient,,,,
Haryana,Charkhi Dadri,Rice,2022-23,0.08,0.19,2445.0,4,True,1849.0,32.233639805300164,0.05,60.0,0.09,111.11111111111111,1849.0,32.233639805300164,821.2,76,1,365,583.28,139.09,953.05,-13.834531241802624,,,,,,,,,,False,True,True,32.233639805300164,59.999999999999986,,,,,,,,,,,,,,,,,0.0,,0,Insufficient,,,,
Haryana,Charkhi Dadri,Rice,2023-24,0.09,0.23,2579.0,4,True,2445.0,5.480572597137014,0.08,12.499999999999991,0.19,21.052631578947373,2147.0,20.121099208197485,483.28,49,0,366,406.18,66.57,887.125,-45.52289699873186,,,,,,,,,,False,True,True,5.480572597137012,12.5,32.233639805300164,59.999999999999986,-13.834531241802624,,0.0,0.0,13.834531241802624,,0.0,0.0,39.34337554809325,,0.0,11.803012664427975,0.0,,0.8499999999999999,13.885897252268208,3,Good,13.885897252268208,Rainfall anomaly,,
Haryana,Charkhi Dadri,Rice,2024-25,0.1,0.32,3175.0,4,True,2579.0,23.109732454439705,0.09,11.11111111111112,0.23,39.13043478260869,2291.0,38.58577040593627,805.28,72,0,365,649.88,53.05,752.5099999999999,7.012531394931642,,,,,,,,,,False,True,True,23.1097324544397,11.111111111111116,5.480572597137012,12.5,-45.52289699873186,,0.0,0.0,45.52289699873186,,0.0,0.0,100.0,,0.0,30.0,0.0,,0.8499999999999999,35.294117647058826,3,Good,35.294117647058826,Rainfall anomaly,,
Haryana,Charkhi Dadri,Wheat,2021-22,0.33,1.37,4124.0,4,True,,,,,,,,,953.05,59,0,365,782.92,139.18,,,,,,,,,,,,False,True,True,,,,,,,,,,,,,,,,,,,0.0,,0,Insufficient,,,,
Haryana,Charkhi Dadri,Wheat,2022-23,0.38,1.38,3660.0,4,True,4124.0,-11.251212415130942,0.33,15.151515151515149,1.37,0.7299270072992544,4124.0,-11.251212415130942,821.2,76,1,365,583.28,139.09,953.05,-13.834531241802624,,,,,,,,,,False,True,True,-11.25121241513094,15.151515151515138,,,,,,,,,,,,,,,,,0.0,,0,Insufficient,,,,
Haryana,Charkhi Dadri,Wheat,2023-24,0.28,1.19,4250.0,4,True,3660.0,16.120218579234972,0.38,-26.315789473684205,1.38,-13.768115942028984,3892.0,9.1983556012333,483.28,49,0,366,406.18,66.57,887.125,-45.52289699873186,,,,,,,,,,False,True,True,16.12021857923498,-26.315789473684205,-11.25121241513094,15.151515151515138,-13.834531241802624,,11.25121241513094,0.0,13.834531241802624,,52.533151863159866,0.0,39.34337554809325,,18.386603152105952,11.803012664427975,0.0,,0.8499999999999999,35.517195078275215,3,Good,35.517195078275215,Yield trend,Rainfall anomaly,
Haryana,Charkhi Dadri,Wheat,2024-25,0.43,1.98,4591.0,4,True,4250.0,8.023529411764706,0.28,53.57142857142856,1.19,66.38655462184875,4011.3333333333335,14.450722951637024,805.28,72,0,365,649.88,53.05,752.5099999999999,7.012531394931642,,,,,,,,,,False,True,True,8.023529411764695,53.571428571428555,16.12021857923498,-26.315789473684205,-45.52289699873186,,0.0,26.315789473684205,45.52289699873186,,0.0,100.0,100.0,,0.0,30.0,20.0,,0.8499999999999999,58.82352941176472,3,Good,58.82352941176472,Rainfall anomaly,Area trend,
Haryana,Faridabad,Maize,2021-22,0.0,0.0,3000.0,4,True,,,,,,,,,993.13,70,1,365,726.0,225.4,,,,,,,,,,,,False,True,True,,,,,,,,,,,,,,,,,,,0.0,,0,Insufficient,,,,
Haryana,Faridabad,Maize,2022-23,0.0,0.0,3500.0,4,True,3000.0,16.666666666666664,0.0,,0.0,,3000.0,16.666666666666664,869.97,75,2,365,554.42,227.92,993.13,-12.40119621801778,,,,,,,,,,False,True,True,16.666666666666675,,,,,,,,,,,,,,,,,,0.0,,0,Insufficient,,,,
Haryana,Faridabad,Maize,2023-24,0.0,0.0,3685.0,4,True,3500.0,5.285714285714286,0.0,,0.0,,3250.0,13.384615384615383,742.72,52,1,366,676.36,61.86,931.55,-20.27051688046803,,,,,,,,,,False,True,True,5.285714285714294,,16.666666666666675,,-12.40119621801778,,0.0,,12.40119621801778,,0.0,,35.267181194893425,,0.0,10.580154358468027,,,0.6499999999999999,16.277160551489274,2,Limited,16.277160551489274,Rainfall anomaly,,
Haryana,Faridabad,Maize,2024-25,0.0,0.0,3714.0,4,True,3685.0,0.7869742198100407,0.0,,0.0,,3395.0,9.396170839469807,916.61,68,0,365,805.27,34.379999999999995,868.6066666666667,5.526475351328948,,,,,,,,,,False,True,True,0.7869742198100438,,5.285714285714294,,-20.27051688046803,,0.0,,20.27051688046803,,0.0,,57.646373718283094,,0.0,17.29391211548493,,,0.6499999999999999,26.606018639207587,2,Limited,26.606018639207587,Rainfall anomaly,,
Haryana,Faridabad,Rice,2021-22,0.15,0.33,2218.0,4,True,,,,,,,,,993.13,70,1,365,726.0,225.4,,,,,,,,,,,,False,True,True,,,,,,,,,,,,,,,,,,,0.0,,0,Insufficient,,,,
Haryana,Faridabad,Rice,2022-23,0.16,0.43,2659.0,4,True,2218.0,19.88277727682597,0.15,6.666666666666673,0.33,30.30303030303029,2218.0,19.88277727682597,869.97,75,2,365,554.42,227.92,993.13,-12.40119621801778,,,,,,,,,,False,True,True,19.88277727682597,6.666666666666665,,,,,,,,,,,,,,,,,0.0,,0,Insufficient,,,,
Haryana,Faridabad,Rice,2023-24,0.14,0.37,2743.0,4,True,2659.0,3.159082361790147,0.16,-12.499999999999991,0.43,-13.953488372093023,2438.5,12.487184744720114,742.72,52,1,366,676.36,61.86,931.55,-20.27051688046803,,,,,,,,,,False,True,True,3.1590823617901442,-12.49999999999999,19.88277727682597,6.666666666666665,-12.40119621801778,,0.0,0.0,12.40119621801778,,0.0,0.0,35.267181194893425,,0.0,10.580154358468027,0.0,,0.8499999999999999,12.447240421727093,3,Good,12.447240421727093,Rainfall anomaly,,
Haryana,Faridabad,Rice,2024-25,0.15,0.43,2874.0,4,True,2743.0,4.775792927451696,0.14,7.142857142857128,0.37,16.216216216216218,2540.0,13.149606299212598,916.61,68,0,365,805.27,34.379999999999995,868.6066666666667,5.526475351328948,,,,,,,,,,False,True,True,4.775792927451694,7.14285714285714,3.1590823617901442,-12.49999999999999,-20.27051688046803,,0.0,12.49999999999999,20.27051688046803,,0.0,100.0,57.646373718283094,,0.0,17.29391211548493,20.0,,0.8499999999999999,43.87519072409992,3,Good,43.87519072409992,Area trend,Rainfall anomaly,
Haryana,Faridabad,Wheat,2021-22,0.29,1.12,3916.0,4,True,,,,,,,,,993.13,70,1,365,726.0,225.4,,,2015.0,2015.0,2015.0,,1.0,0.5,,8.333333333333332,Low,True,True,True,,,,,,,,,,,,,,,,,,,0.0,,0,Insufficient,,,,
Haryana,Faridabad,Wheat,2022-23,0.28,1.18,4139.0,4,True,3916.0,5.694586312563841,0.29,-3.4482758620689493,1.12,5.357142857142842,3916.0,5.694586312563841,869.97,75,2,365,554.42,227.92,993.13,-12.40119621801778,2125.0,2125.0,2125.0,,1.0,0.5,,8.333333333333332,Low,True,True,True,5.694586312563832,-3.44827586206895,,,,,,,,,,,,,,,,,0.0,,0,Insufficient,,,,
Haryana,Faridabad,Wheat,2023-24,0.29,1.33,4531.0,4,True,4139.0,9.470886687605702,0.28,3.5714285714285547,1.18,12.711864406779677,4027.5,12.50155183116077,742.72,52,1,366,676.36,61.86,931.55,-20.27051688046803,2262.5150000000003,2250.0,2275.03,17.698882733099264,2.0,0.5,,16.666666666666664,Low,True,True,True,9.470886687605695,3.5714285714285587,5.694586312563832,-3.44827586206895,-12.40119621801778,,0.0,3.44827586206895,12.40119621801778,,0.0,36.79587116096836,35.267181194893425,,0.0,10.580154358468027,7.359174232193673,,0.8499999999999999,21.105092459602,3,Good,21.105092459602,Rainfall anomaly,Area trend,
Haryana,Faridabad,Wheat,2024-25,0.32,1.33,4135.0,4,True,4531.0,-8.739792540278083,0.29,10.344827586206906,1.33,0.0,4195.333333333333,-1.4381058318766813,916.61,68,0,365,805.27,34.379999999999995,868.6066666666667,5.526475351328948,2425.53,2425.0,2426.06,0.749533188057541,2.0,0.5,,16.666666666666664,Low,True,True,True,-8.73979254027808,10.344827586206918,9.470886687605695,3.5714285714285587,-20.27051688046803,,0.0,0.0,20.27051688046803,,0.0,0.0,57.646373718283094,,0.0,17.29391211548493,0.0,,0.8499999999999999,20.345778959394035,3,Good,20.345778959394035,Rainfall anomaly,,
Haryana,Fatehabad,Maize,2021-22,0.0,0.0,1622.0,4,True,,,,,,,,,707.09,55,1,365,550.04,113.95,,,,,,,,,,,,False,True,True,,,,,,,,,,,,,,,,,,,0.0,,0,Insufficient,,,,
Haryana,Fatehabad,Maize,2022-23,0.0,0.0,2000.0,4,True,1622.0,23.304562268803945,0.0,,0.0,,1622.0,23.304562268803945,764.6700000000001,62,1,365,597.2,72.37,707.09,8.143234948874973,4550.0,4550.0,4550.0,,1.0,1.0,,8.333333333333332,Low,True,True,True,23.304562268803952,,,,,,,,,,,,,,,,,,0.0,,0,Insufficient,,,,
Haryana,Fatehabad,Maize,2023-24,0.0,0.0,3685.0,4,True,2000.0,84.25,0.0,,0.0,,1811.0,103.47874102705688,544.41,49,1,366,362.89,170.38,735.8800000000001,-26.01918791107247,2011.11,2011.11,2011.11,,1.0,0.5,,8.333333333333332,Low,True,True,True,84.25,,23.304562268803952,,8.143234948874973,,0.0,,8.143234948874973,,0.0,,23.158164535555343,,0.0,6.947449360666603,,,0.6499999999999999,10.688383631794775,2,Limited,10.688383631794775,Rainfall anomaly,,
Haryana,Fatehabad,Maize,2024-25,0.0,0.0,3714.0,4,True,3685.0,0.7869742198100407,0.0,,0.0,,2435.6666666666665,52.48391952921857,689.23,66,0,365,537.01,61.66,672.0566666666667,2.555340075489659,2005.335,1929.87,2080.8,106.72362648448582,2.0,0.5,,16.666666666666664,Low,True,True,True,0.7869742198100438,,84.25,,-26.01918791107247,,0.0,,26.01918791107247,,0.0,,73.9947500605266,,0.0,22.19842501815798,,,0.6499999999999999,34.15142310485844,2,Limited,34.15142310485844,Rainfall anomaly,,
Haryana,Fatehabad,Rice,2021-22,1.29,5.24,4057.0,4,True,,,,,,,,,707.09,55,1,365,550.04,113.95,,,,,,,,,,,,False,True,True,,,,,,,,,,,,,,,,,,,0.0,,0,Insufficient,,,,
Haryana,Fatehabad,Rice,2022-23,1.4,5.86,4190.0,4,True,4057.0,3.278284446635445,1.29,8.527131782945727,5.24,11.832061068702291,4057.0,3.278284446635445,764.6700000000001,62,1,365,597.2,72.37,707.09,8.143234948874973,,,,,,,,,,False,True,True,3.278284446635449,8.52713178294573,,,,,,,,,,,,,,,,,0.0,,0,Insufficient,,,,
Haryana,Fatehabad,Rice,2023-24,1.34,5.66,4212.0,4,True,4190.0,0.5250596658711217,1.4,-4.285714285714274,5.86,-3.4129692832764533,4123.5,2.1462349945434704,544.41,49,1,366,362.89,170.38,735.8800000000001,-26.01918791107247,2203.0,2203.0,2203.0,0.0,2.0,2.0,,16.666666666666664,Low,True,True,True,0.5250596658711304,-4.2857142857142705,3.278284446635449,8.52713178294573,8.143234948874973,,0.0,0.0,8.143234948874973,,0.0,0.0,23.158164535555343,,0.0,6.947449360666603,0.0,,0.8499999999999999,8.173469836078358,3,Good,8.173469836078358,Rainfall anomaly,,
Haryana,Fatehabad,Rice,2024-25,1.4,6.0,4272.0,4,True,4212.0,1.4245014245014245,1.34,4.477611940298495,5.66,6.007067137809185,4153.0,2.865398507103299,689.23,66,0,365,537.01,61.66,672.0566666666667,2.555340075489659,2320.0,2320.0,2320.0,0.0,2.0,2.0,,16.666666666666664,Low,True,True,True,1.4245014245014342,4.477611940298498,0.5250596658711304,-4.2857142857142705,-26.01918791107247,,0.0,4.2857142857142705,26.01918791107247,,0.0,45.73201130006072,73.9947500605266,,0.0,22.19842501815798,9.146402260012144,,0.8499999999999999,36.8762673860825,3,Good,36.8762673860825,Rainfall anomaly,Area trend,
Haryana,Fatehabad,Wheat,2021-22,1.84,8.59,4665.0,4,True,,,,,,,,,707.09,55,1,365,550.04,113.95,,,,,,,,,,,,False,True,True,,,,,,,,,,,,,,,,,,,0.0,,0,Insufficient,,,,
Haryana,Fatehabad,Wheat,2022-23,1.82,9.37,5139.0,4,True,4665.0,10.160771704180064,1.84,-1.0869565217391313,8.59,9.080325960419083,4665.0,10.160771704180064,764.6700000000001,62,1,365,597.2,72.37,707.09,8.143234948874973,2127.0025,2125.04,2128.965,2.775394116157328,2.0,1.3333333333333333,,16.666666666666664,Low,True,True,True,10.16077170418006,-1.0869565217391353,,,,,,,,,,,,,,,,,0.0,,0,Insufficient,,,,
Haryana,Fatehabad,Wheat,2023-24,1.8,8.98,4986.0,4,True,5139.0,-2.9772329246935203,1.82,-1.0989010989011,9.37,-4.162219850586967,4902.0,1.713586291309669,544.41,49,1,366,362.89,170.38,735.8800000000001,-26.01918791107247,2275.0,2275.0,2275.0,0.0,2.0,2.0,,16.666666666666664,Low,True,True,True,-2.977232924693518,-1.098901098901095,10.16077170418006,-1.0869565217391353,8.143234948874973,,0.0,1.0869565217391353,8.143234948874973,,0.0,11.598698518131435,23.158164535555343,,0.0,6.947449360666603,2.3197397036262872,,0.8499999999999999,10.902575369756342,3,Good,10.902575369756342,Rainfall anomaly,Area trend,
Haryana,Fatehabad,Wheat,2024-25,1.83,9.74,5308.0,4,True,4986.0,6.45808263136783,1.8,1.666666666666668,8.98,8.463251670378616,4930.0,7.667342799188641,689.23,66,0,365,537.01,61.66,672.0566666666667,2.555340075489659,2425.0,2425.0,2425.0,0.0,2.0,2.6666666666666665,,16.666666666666664,Low,True,True,True,6.458082631367823,1.6666666666666607,-2.977232924693518,-1.098901098901095,-26.01918791107247,,2.977232924693518,1.098901098901095,26.01918791107247,,13.901028937520419,11.726156743605314,73.9947500605266,,4.865360128132147,22.19842501815798,2.3452313487210628,,0.8499999999999999,34.59884293530728,3,Good,34.59884293530728,Rainfall anomaly,Yield trend,Area trend
Haryana,Gurugram,Maize,2021-22,0.0,0.0,2941.0,3,False,,,,,,,,,1090.13,69,1,365,858.15,190.87,,,,,,,,,,,,False,True,True,,,,,,,,,,,,,,,,,,,0.0,,0,Insufficient,,,,
Haryana,Gurugram,Maize,2022-23,0.0,0.0,3000.0,3,False,2941.0,2.0061203672220334,0.0,,0.0,,2941.0,2.0061203672220334,876.65,74,1,365,586.31,196.1,1090.13,-19.58298551548899,,,,,,,,,,False,True,True,2.0061203672220307,,,,,,,,,,,,,,,,,,0.0,,0,Insufficient,,,,
Haryana,Gurugram,Maize,2024-25,0.0,0.0,3714.0,3,False,3000.0,23.8,0.0,,0.0,,2970.5,25.02945632048477,891.21,69,0,365,736.55,48.88,862.9,3.2807973113918254,,,,,,,,,,False,True,True,23.799999999999997,,2.0061203672220307,,-19.58298551548899,,0.0,,19.58298551548899,,0.0,,55.69113546548784,,0.0,16.70734063964635,,,0.6499999999999999,25.70360098407131,2,Limited,25.70360098407131,Rainfall anomaly,,
Haryana,Gurugram,Rice,2021-22,0.05,0.13,2778.0,4,True,,,,,,,,,1090.13,69,1,365,858.15,190.87,,,,,,,,,,,,False,True,True,,,,,,,,,,,,,,,,,,,0.0,,0,Insufficient,,,,
Haryana,Gurugram,Rice,2022-23,0.05,0.13,2870.0,4,True,2778.0,3.311735061195104,0.05,0.0,0.13,0.0,2778.0,3.311735061195104,876.65,74,1,365,586.31,196.1,1090.13,-19.58298551548899,3665.453333333333,3548.24,3803.83,129.10258337203533,3.0,0.75,,25.0,Low,True,True,True,3.311735061195109,0.0,,,,,,,,,,,,,,,,,0.0,,0,Insufficient,,,,
Haryana,Gurugram,Rice,2023-24,0.03,0.08,2289.0,4,True,2870.0,-20.243902439024392,0.05,-40.00000000000001,0.13,-38.46153846153847,2824.0,-18.944759206798867,621.92,53,0,366,558.06,55.12,983.39,-36.75754278566999,3422.58,3422.58,3422.58,,1.0,0.3333333333333333,,8.333333333333332,Low,True,True,True,-20.243902439024385,-40.0,3.311735061195109,0.0,-19.58298551548899,,0.0,-0.0,19.58298551548899,,0.0,-0.0,55.69113546548784,,0.0,16.70734063964635,-0.0,,0.8499999999999999,19.65569487017218,3,Good,19.65569487017218,Rainfall anomaly,,
Haryana,Gurugram,Rice,2024-25,0.04,0.11,2978.0,4,True,2289.0,30.10048055919616,0.03,33.33333333333334,0.08,37.5,2645.6666666666665,12.56142119188611,891.21,69,0,365,736.55,48.88,862.9,3.2807973113918254,3446.495,3042.91,3850.08,570.7553805703457,2.0,0.6666666666666666,,16.666666666666664,Low,True,True,True,30.100480559196164,33.33333333333335,-20.243902439024385,-40.0,-36.75754278566999,,20.243902439024385,40.0,36.75754278566999,,94.5210135489104,100.0,100.0,,33.08235474211864,30.0,20.0,,0.8499999999999999,97.74394675543371,3,Good,97.74394675543371,Yield trend,Rainfall anomaly,Area trend
Haryana,Gurugram,Wheat,2021-22,0.36,1.69,4673.0,4,True,,,,,,,,,1090.13,69,1,365,858.15,190.87,,,2051.61,2015.9,2088.93,36.54161052827292,3.0,1.25,,25.0,Low,True,True,True,,,,,,,,,,,,,,,,,,,0.0,,0,Insufficient,,,,
Haryana,Gurugram,Wheat,2022-23,0.34,1.51,4499.0,4,True,4673.0,-3.723518082602183,0.36,-5.555555555555546,1.69,-10.650887573964493,4673.0,-3.723518082602183,876.65,74,1,365,586.31,196.1,1090.13,-19.58298551548899,2250.105,2125.04,2500.0,216.41545017627536,3.0,0.8333333333333334,,25.0,Low,True,True,True,-3.723518082602184,-5.5555555555555465,,,,,,,,,,,,,,,,,0.0,,0,Insufficient,,,,
Haryana,Gurugram,Wheat,2023-24,0.32,1.42,4403.0,4,True,4499.0,-2.133807512780618,0.34,-5.8823529411764754,1.51,-5.960264900662257,4586.0,-3.990405582206716,621.92,53,0,366,558.06,55.12,983.39,-36.75754278566999,2275.0,2275.0,2275.0,0.0,2.0,0.75,,16.666666666666664,Low,True,True,True,-2.1338075127806166,-5.882352941176472,-3.723518082602184,-5.5555555555555465,-19.58298551548899,,3.723518082602184,5.5555555555555465,19.58298551548899,,17.38551666089809,59.2822368704492,55.69113546548784,,6.084930831314331,16.70734063964635,11.856447374089841,,0.8499999999999999,40.76319864123592,3,Good,40.76319864123592,Rainfall anomaly,Area trend,Yield trend
Haryana,Gurugram,Wheat,2024-25,0.33,1.33,4039.0,4,True,4403.0,-8.267090620031796,0.32,3.1250000000000027,1.42,-6.338028169014074,4525.0,-10.740331491712707,891.21,69,0,365,736.55,48.88,862.9,3.2807973113918254,2425.15,2425.15,2425.15,,1.0,1.0,,8.333333333333332,Low,True,True,True,-8.26709062003179,3.125,-2.1338075127806166,-5.882352941176472,-36.75754278566999,,2.1338075127806166,5.882352941176472,36.75754278566999,,9.962982652865596,62.76942727459338,100.0,,3.4870439285029584,30.0,12.553885454918678,,0.8499999999999999,54.1657992746137,3,Good,54.1657992746137,Rainfall anomaly,Area trend,Yield trend
Haryana,Hisar,Maize,2021-22,0.0,0.0,3913.0,4,True,,,,,,,,,723.02,52,1,365,590.73,98.17,,,,,,,,,,,,False,True,True,,,,,,,,,,,,,,,,,,,0.0,,0,Insufficient,,,,
Haryana,Hisar,Maize,2022-23,0.0,0.0,3500.0,4,True,3913.0,-10.554561717352415,0.0,,0.0,,3913.0,-10.554561717352415,710.95,63,1,365,536.51,71.94,723.02,-1.6693867389560368,1630.0,1630.0,1630.0,,1.0,1.0,,8.333333333333332,Low,True,True,True,-10.554561717352417,,,,,,,,,,,,,,,,,,0.0,,0,Insufficient,,,,
Haryana,Hisar,Maize,2023-24,0.0,0.0,3685.0,4,True,3500.0,5.285714285714286,0.0,,0.0,,3706.5,-0.5800620531498718,473.46,42,1,366,312.56,151.47,716.985,-33.96514571434549,,,,,0.0,0.0,,0.0,Low,False,True,True,5.285714285714294,,-10.554561717352417,,-1.6693867389560368,,10.554561717352417,,1.6693867389560368,,49.28041290919981,,4.747490772025328,,17.24814451821993,1.4242472316075985,,,0.6499999999999999,28.726756538196202,2,Limited,28.726756538196202,Yield trend,Rainfall anomaly,
Haryana,Hisar,Maize,2024-25,0.0,0.0,2048.0,4,True,3685.0,-44.42333785617368,0.0,,0.0,,3699.3333333333335,-44.63867363488917,722.5699999999999,63,0,365,571.11,55.74,635.8100000000001,13.645585945486838,,,,,,,,,,False,True,True,-44.423337856173674,,5.285714285714294,,-33.96514571434549,,0.0,,33.96514571434549,,0.0,,96.59188735989912,,0.0,28.977566207969733,,,0.6499999999999999,44.580871089184214,2,Limited,44.580871089184214,Rainfall anomaly,,
Haryana,Hisar,Rice,2021-22,0.83,2.39,2882.0,4,True,,,,,,,,,723.02,52,1,365,590.73,98.17,,,2915.11,2915.11,2915.11,,1.0,0.5,,8.333333333333332,Low,True,True,True,,,,,,,,,,,,,,,,,,,0.0,,0,Insufficient,,,,
Haryana,Hisar,Rice,2022-23,0.98,3.04,3096.0,4,True,2882.0,7.425399028452463,0.83,18.07228915662651,2.39,27.196652719665263,2882.0,7.425399028452463,710.95,63,1,365,536.51,71.94,723.02,-1.6693867389560368,4412.73,3839.1,4798.42,410.26171021272086,4.0,0.8,,33.33333333333333,Low,True,True,True,7.425399028452473,18.07228915662651,,,,,,,,,,,,,,,,,0.0,,0,Insufficient,,,,
Haryana,Hisar,Rice,2023-24,1.05,3.31,3156.0,4,True,3096.0,1.937984496124031,0.98,7.1428571428571495,3.04,8.881578947368421,2989.0,5.587152893944463,473.46,42,1,366,312.56,151.47,716.985,-33.96514571434549,3607.832857142857,2203.0,4300.0,705.5005024735816,7.0,1.4444444444444444,19.554689211192755,58.333333333333336,Moderate,True,True,True,1.9379844961240345,7.14285714285714,7.425399028452473,18.07228915662651,-1.6693867389560368,,0.0,0.0,1.6693867389560368,,0.0,0.0,4.747490772025328,,0.0,1.4242472316075985,0.0,,0.8499999999999999,1.6755849783618808,3,Good,1.6755849783618808,Rainfall anomaly,,
Haryana,Hisar,Rice,2024-25,1.11,3.62,3248.0,4,True,3156.0,2.915082382762991,1.05,5.714285714285719,3.31,9.365558912386708,3044.6666666666665,6.678344646376182,722.5699999999999,63,0,365,571.11,55.74,635.8100000000001,13.645585945486838,2911.925,2342.21,3272.97,416.761445203768,7.0,2.111111111111111,14.312231434661538,58.333333333333336,Moderate,True,True,True,2.91508238276299,5.714285714285716,1.9379844961240345,7.14285714285714,-33.96514571434549,19.554689211192755,0.0,0.0,33.96514571434549,19.554689211192755,0.0,0.0,96.59188735989912,100.0,0.0,28.977566207969733,0.0,15.0,0.9999999999999999,43.97756620796974,4,Complete,43.97756620796974,Rainfall anomaly,Price volatility,
Haryana,Hisar,Wheat,2021-22,2.07,9.61,4644.0,4,True,,,,,,,,,723.02,52,1,365,590.73,98.17,,,2016.8733333333337,2013.67,2021.13,3.8399262145688935,3.0,2.6666666666666665,,25.0,Low,True,True,True,,,,,,,,,,,,,,,,,,,0.0,,0,Insufficient,,,,
Haryana,Hisar,Wheat,2022-23,2.08,10.39,4990.0,4,True,4644.0,7.450473729543497,2.07,0.4830917874396246,9.61,8.116545265348607,4644.0,7.450473729543497,710.95,63,1,365,536.51,71.94,723.02,-1.6693867389560368,2125.14,2125.0,2125.28,0.1979898987320532,2.0,4.25,,16.666666666666664,Low,True,True,True,7.450473729543505,0.48309178743961567,,,,,,,,,,,,,,,,,0.0,,0,Insufficient,,,,
Haryana,Hisar,Wheat,2023-24,2.33,10.6,4546.0,4,True,4990.0,-8.897795591182364,2.08,12.019230769230768,10.39,2.021174205967267,4817.0,-5.6259082416441775,473.46,42,1,366,312.56,151.47,716.985,-33.96514571434549,2290.2533333333336,2275.0,2320.76,26.419548318117336,3.0,5.333333333333333,,25.0,Low,True,True,True,-8.897795591182367,12.01923076923077,7.450473729543505,0.48309178743961567,-1.6693867389560368,,0.0,0.0,1.6693867389560368,,0.0,0.0,4.747490772025328,,0.0,1.4242472316075985,0.0,,0.8499999999999999,1.6755849783618808,3,Good,1.6755849783618808,Rainfall anomaly,,
Haryana,Hisar,Wheat,2024-25,2.24,10.96,4883.0,4,True,4546.0,7.41311042674879,2.33,-3.862660944206002,10.6,3.396226415094352,4726.666666666667,3.307475317348372,722.5699999999999,63,0,365,571.11,55.74,635.8100000000001,13.645585945486838,2418.0,2300.0,2510.0,75.21635460456723,5.0,3.2857142857142856,,41.66666666666667,Low,True,True,True,7.413110426748792,-3.862660944205998,-8.897795591182367,12.01923076923077,-33.96514571434549,,8.897795591182367,0.0,33.96514571434549,,41.54478911182282,0.0,96.59188735989912,,14.540676189137987,28.977566207969733,0.0,,0.8499999999999999,51.19793223189144,3,Good,51.19793223189144,Rainfall anomaly,Yield trend,
Haryana,Jhajjar,Maize,2021-22,0.0,0.0,3120.0,4,True,,,,,,,,,1090.13,69,1,365,858.15,190.87,,,,,,,,,,,,False,True,True,,,,,,,,,,,,,,,,,,,0.0,,0,Insufficient,,,,
Haryana,Jhajjar,Maize,2022-23,0.0,0.0,3333.0,4,True,3120.0,6.826923076923077,0.0,,0.0,,3120.0,6.826923076923077,876.65,74,1,365,586.31,196.1,1090.13,-19.58298551548899,1160.27,1160.27,1160.27,,1.0,1.0,,8.333333333333332,Low,True,True,True,6.826923076923075,,,,,,,,,,,,,,,,,,0.0,,0,Insufficient,,,,
Haryana,Jhajjar,Maize,2023-24,0.0,0.0,3685.0,4,True,3333.0,10.56105610561056,0.0,,0.0,,3226.5,14.21044475437781,621.92,53,0,366,558.06,55.12,983.39,-36.75754278566999,2504.23,1013.7,5227.27,1318.0674843370757,7.0,0.875,52.63364324910553,58.333333333333336,Moderate,True,True,True,10.561056105610556,,6.826923076923075,,-19.58298551548899,,0.0,,19.58298551548899,,0.0,,55.69113546548784,,0.0,16.70734063964635,,,0.6499999999999999,25.70360098407131,2,Limited,25.70360098407131,Rainfall anomaly,,
Haryana,Jhajjar,Maize,2024-25,0.0,0.0,3714.0,4,True,3685.0,0.7869742198100407,0.0,,0.0,,3379.333333333333,9.903333990925226,891.21,69,0,365,736.55,48.88,862.9,3.2807973113918254,2500.0,1800.0,3200.0,989.9494936611666,2.0,0.25,,16.666666666666664,Low,True,True,True,0.7869742198100438,,10.561056105610556,,-36.75754278566999,52.63364324910553,0.0,,36.75754278566999,52.63364324910553,0.0,,100.0,100.0,0.0,30.0,,15.0,0.7999999999999999,56.25000000000001,3,Good,56.25000000000001,Rainfall anomaly,Price volatility,
Haryana,Jhajjar,Rice,2021-22,0.39,1.04,2685.0,4,True,,,,,,,,,1090.13,69,1,365,858.15,190.87,,,,,,,,,,,,False,True,True,,,,,,,,,,,,,,,,,,,0.0,,0,Insufficient,,,,
Haryana,Jhajjar,Rice,2022-23,0.53,1.49,2791.0,4,True,2685.0,3.9478584729981376,0.39,35.8974358974359,1.04,43.26923076923077,2685.0,3.9478584729981376,876.65,74,1,365,586.31,196.1,1090.13,-19.58298551548899,,,,,,,,,,False,True,True,3.9478584729981447,35.897435897435905,,,,,,,,,,,,,,,,,0.0,,0,Insufficient,,,,
Haryana,Jhajjar,Rice,2023-24,0.55,1.52,2781.0,4,True,2791.0,-0.3582945180938731,0.53,3.773584905660381,1.49,2.0134228187919483,2738.0,1.5704894083272465,621.92,53,0,366,558.06,55.12,983.39,-36.75754278566999,,,,,,,,,,False,True,True,-0.35829451809387125,3.7735849056603765,3.9478584729981447,35.897435897435905,-19.58298551548899,,0.0,0.0,19.58298551548899,,0.0,0.0,55.69113546548784,,0.0,16.70734063964635,0.0,,0.8499999999999999,19.65569487017218,3,Good,19.65569487017218,Rainfall anomaly,,
Haryana,Jhajjar,Rice,2024-25,0.58,1.82,3169.0,4,True,2781.0,13.951815893563465,0.55,5.454545454545439,1.52,19.73684210526316,2752.333333333333,15.138670219207938,891.21,69,0,365,736.55,48.88,862.9,3.2807973113918254,2320.0,2320.0,2320.0,,1.0,0.5,,8.333333333333332,Low,True,True,True,13.951815893563468,5.454545454545445,-0.35829451809387125,3.7735849056603765,-36.75754278566999,,0.35829451809387125,0.0,36.75754278566999,,1.6729166276738514,0.0,100.0,,0.5855208196858479,30.0,0.0,,0.8499999999999999,35.98296567021865,3,Good,35.98296567021865,Rainfall anomaly,Yield trend,
Haryana,Jhajjar,Wheat,2021-22,0.8,3.53,4400.0,4,True,,,,,,,,,1090.13,69,1,365,858.15,190.87,,,,,,,,,,,,False,True,True,,,,,,,,,,,,,,,,,,,0.0,,0,Insufficient,,,,
Haryana,Jhajjar,Wheat,2022-23,0.95,4.12,4355.0,4,True,4400.0,-1.0227272727272727,0.8,18.74999999999999,3.53,16.713881019830037,4400.0,-1.0227272727272727,876.65,74,1,365,586.31,196.1,1090.13,-19.58298551548899,,,,,,,,,,False,True,True,-1.0227272727272751,18.74999999999998,,,,,,,,,,,,,,,,,0.0,,0,Insufficient,,,,
Haryana,Jhajjar,Wheat,2023-24,0.93,4.39,4715.0,4,True,4355.0,8.266360505166476,0.95,-2.105263157894727,4.12,6.553398058252418,4377.5,7.709880068532267,621.92,53,0,366,558.06,55.12,983.39,-36.75754278566999,,,,,,,,,,False,True,True,8.266360505166471,-2.1052631578947323,-1.0227272727272751,18.74999999999998,-19.58298551548899,,1.0227272727272751,0.0,19.58298551548899,,4.775226451197704,0.0,55.69113546548784,,1.6713292579191963,16.70734063964635,0.0,,0.8499999999999999,21.621964585371234,3,Good,21.621964585371234,Rainfall anomaly,Yield trend,
Haryana,Jhajjar,Wheat,2024-25,0.98,4.5,4616.0,4,True,4715.0,-2.099681866383881,0.93,5.376344086021498,4.39,2.5056947608200533,4490.0,2.8062360801781736,891.21,69,0,365,736.55,48.88,862.9,3.2807973113918254,2425.0,2425.0,2425.0,,1.0,0.5,,8.333333333333332,Low,True,True,True,-2.0996818663838845,5.376344086021501,8.266360505166471,-2.1052631578947323,-36.75754278566999,,0.0,2.1052631578947323,36.75754278566999,,0.0,22.46484765617021,100.0,,0.0,30.0,4.492969531234042,,0.8499999999999999,40.57996415439299,3,Good,40.57996415439299,Rainfall anomaly,Area trend,
Haryana,Jind,Maize,2021-22,0.0,0.0,3333.0,3,False,,,,,,,,,993.4,65,3,365,781.56,158.01,,,,,,,,,,,,False,True,True,,,,,,,,,,,,,,,,,,,0.0,,0,Insufficient,,,,
Haryana,Jind,Maize,2022-23,0.0,0.0,3000.0,3,False,3333.0,-9.99099909990999,0.0,,0.0,,3333.0,-9.99099909990999,1063.66,79,3,365,840.51,118.07,993.4,7.07267968592713,,,,,,,,,,False,True,True,-9.990999099909992,,,,,,,,,,,,,,,,,,0.0,,0,Insufficient,,,,
Haryana,Jind,Maize,2024-25,0.0,0.0,3714.0,3,False,3000.0,23.8,0.0,,0.0,,3166.5,17.290383704405496,777.09,74,0,365,600.7,71.72,879.93,-11.687293307422172,2761.0,2400.0,2925.0,208.81810266353824,5.0,0.8333333333333334,,41.66666666666667,Low,True,True,True,23.799999999999997,,-9.990999099909992,,7.07267968592713,,9.990999099909992,,7.07267968592713,,46.649076882987366,,20.11366255576462,,16.327176909045576,6.034098766729386,,,0.6499999999999999,34.40196257811533,2,Limited,34.40196257811533,Yield trend,Rainfall anomaly,
Haryana,Jind,Rice,2021-22,1.51,5.02,3331.0,4,True,,,,,,,,,993.4,65,3,365,781.56,158.01,,,2497.3250000000003,1960.0,3089.68,566.8469381367426,3.0,2.6666666666666665,,25.0,Low,True,True,True,,,,,,,,,,,,,,,,,,,0.0,,0,Insufficient,,,,
Haryana,Jind,Rice,2022-23,1.74,5.73,3291.0,4,True,3331.0,-1.2008405884118885,1.51,15.2317880794702,5.02,14.143426294820737,3331.0,-1.2008405884118885,1063.66,79,3,365,840.51,118.07,993.4,7.07267968592713,3175.7375,2060.0,4537.37,1290.323032845522,4.0,1.8,,33.33333333333333,Low,True,True,True,-1.200840588411889,15.231788079470189,,,,,,,,,,,,,,,,,0.0,,0,Insufficient,,,,
Haryana,Jind,Rice,2023-24,1.66,7.01,4230.0,4,True,3291.0,28.532360984503192,1.74,-4.597701149425292,5.73,22.33856893542756,3311.0,27.75596496526729,582.73,50,0,366,447.69,121.59,1028.53,-43.34341244300117,2683.5,2203.0,4125.0,961.0,4.0,2.833333333333333,,33.33333333333333,Low,True,True,True,28.53236098450318,-4.597701149425292,-1.200840588411889,15.231788079470189,7.07267968592713,,1.200840588411889,0.0,7.07267968592713,,5.6068571694238925,0.0,20.11366255576462,,1.9624000092983622,6.034098766729386,0.0,,0.8499999999999999,9.407645618856176,3,Good,9.407645618856176,Rainfall anomaly,Yield trend,
Haryana,Jind,Rice,2024-25,1.69,5.59,3310.0,4,True,4230.0,-21.74940898345153,1.66,1.807228915662652,7.01,-20.256776034236804,3617.3333333333335,-8.496129745669005,777.09,74,0,365,600.7,71.72,879.93,-11.687293307422172,2628.1966666666667,2320.0,3244.59,533.8122853900362,3.0,1.8,,25.0,Low,True,True,True,-21.749408983451534,1.8072289156626509,28.53236098450318,-4.597701149425292,-43.34341244300117,,0.0,4.597701149425292,43.34341244300117,,0.0,49.06116154795809,100.0,,0.0,30.0,9.81223230959162,,0.8499999999999999,46.83792036422545,3,Good,46.83792036422545,Rainfall anomaly,Area trend,
Haryana,Jind,Wheat,2021-22,2.05,9.57,4660.0,4,True,,,,,,,,,993.4,65,3,365,781.56,158.01,,,2018.878333333333,2016.0,2020.635,2.5128486491098085,3.0,4.333333333333333,,25.0,Low,True,True,True,,,,,,,,,,,,,,,,,,,0.0,,0,Insufficient,,,,
Haryana,Jind,Wheat,2022-23,2.02,9.85,4871.0,4,True,4660.0,4.527896995708155,2.05,-1.463414634146332,9.57,2.92580982236154,4660.0,4.527896995708155,1063.66,79,3,365,840.51,118.07,993.4,7.07267968592713,2152.8616666666667,2125.0,2208.585,48.257822250214886,3.0,3.25,,25.0,Low,True,True,True,4.527896995708147,-1.4634146341463317,,,,,,,,,,,,,,,,,0.0,,0,Insufficient,,,,
Haryana,Jind,Wheat,2023-24,2.01,9.8,4886.0,4,True,4871.0,0.3079449804968179,2.02,-0.4950495049505065,9.85,-0.5076142131979587,4765.5,2.5285909138600355,582.73,50,0,366,447.69,121.59,1028.53,-43.34341244300117,2285.005,2275.0,2300.0,12.24200827751178,4.0,2.333333333333333,,33.33333333333333,Low,True,True,True,0.3079449804968215,-0.4950495049505066,4.527896995708147,-1.4634146341463317,7.07267968592713,,0.0,1.4634146341463317,7.07267968592713,,0.0,15.615808736606052,20.11366255576462,,0.0,6.034098766729386,3.1231617473212108,,0.8499999999999999,10.77324766358894,3,Good,10.77324766358894,Rainfall anomaly,Area trend,
Haryana,Jind,Wheat,2024-25,2.03,10.01,4922.0,4,True,4886.0,0.7367990176013098,2.01,0.9950248756218916,9.8,2.142857142857133,4805.666666666667,2.420753277380863,777.09,74,0,365,600.7,71.72,879.93,-11.687293307422172,2450.063333333333,2425.02,2500.0,43.24648694788221,3.0,2.1666666666666665,,25.0,Low,True,True,True,0.7367990176013084,0.995024875621886,0.3079449804968215,-0.4950495049505066,-43.34341244300117,,0.0,0.4950495049505066,43.34341244300117,,0.0,5.2825755627134265,100.0,,0.0,30.0,1.0565151125426853,,0.8499999999999999,36.5370766029914,3,Good,36.5370766029914,Rainfall anomaly,Area trend,
Haryana,Kaithal,Maize,2021-22,0.0,0.0,3333.0,3,False,,,,,,,,,964.2,67,2,365,730.62,175.89,,,,,,,,,,,,False,True,True,,,,,,,,,,,,,,,,,,,0.0,,0,Insufficient,,,,
Haryana,Kaithal,Maize,2022-23,0.0,0.0,3500.0,3,False,3333.0,5.0105010501050105,0.0,,0.0,,3333.0,5.0105010501050105,1107.44,77,2,365,874.65,123.35,964.2,14.855839037544078,,,,,,,,,,False,True,True,5.01050105010501,,,,,,,,,,,,,,,,,,0.0,,0,Insufficient,,,,
Haryana,Kaithal,Maize,2024-25,0.0,0.0,3714.0,3,False,3500.0,6.114285714285715,0.0,,0.0,,3416.5,8.707741841065419,892.31,78,0,365,718.95,84.78999999999999,959.61,-7.01326580590032,,,,,,,,,,False,True,True,6.1142857142857165,,5.01050105010501,,14.855839037544078,,0.0,,14.855839037544078,,0.0,,42.24782496208117,,0.0,12.67434748862435,,,0.6499999999999999,19.49899613634516,2,Limited,19.49899613634516,Rainfall anomaly,,
Haryana,Kaithal,Rice,2021-22,1.76,7.1,4033.0,4,True,,,,,,,,,964.2,67,2,365,730.62,175.89,,,1960.0,1960.0,1960.0,,1.0,1.0,,8.333333333333332,Low,True,True,True,,,,,,,,,,,,,,,,,,,0.0,,0,Insufficient,,,,
Haryana,Kaithal,Rice,2022-23,1.79,7.81,4354.0,4,True,4033.0,7.959335482271262,1.76,1.704545454545456,7.1,10.0,4033.0,7.959335482271262,1107.44,77,2,365,874.65,123.35,964.2,14.855839037544078,2060.0,2060.0,2060.0,,1.0,1.0,,8.333333333333332,Low,True,True,True,7.959335482271257,1.7045454545454586,,,,,,,,,,,,,,,,,0.0,,0,Insufficient,,,,
Haryana,Kaithal,Rice,2023-24,1.61,6.86,4253.0,4,True,4354.0,-2.3197060174552133,1.79,-10.055865921787706,7.81,-12.163892445582578,4193.5,1.4188625253368308,807.19,65,3,366,664.9,125.79,1035.8200000000002,-22.07236778590876,2203.0,2203.0,2203.0,0.0,3.0,2.5,,25.0,Low,True,True,True,-2.319706017455214,-10.05586592178771,7.959335482271257,1.7045454545454586,14.855839037544078,,0.0,0.0,14.855839037544078,,0.0,0.0,42.24782496208117,,0.0,12.67434748862435,0.0,,0.8499999999999999,14.910997045440414,3,Good,14.910997045440414,Rainfall anomaly,,
Haryana,Kaithal,Rice,2024-25,1.62,6.59,4060.0,4,True,4253.0,-4.537973195391489,1.61,0.6211180124223608,6.86,-3.9358600583090446,4213.333333333333,-3.639240506329107,892.31,78,0,365,718.95,84.78999999999999,959.61,-7.01326580590032,2689.324,2320.0,3134.87,368.5589249088942,5.0,1.0,,41.66666666666667,Low,True,True,True,-4.537973195391487,0.6211180124223503,-2.319706017455214,-10.05586592178771,-22.07236778590876,,2.319706017455214,10.05586592178771,22.07236778590876,,10.830963277253382,100.0,62.77057313027484,,3.7908371470386832,18.831171939082452,20.0,,0.8499999999999999,50.143540101319,3,Good,50.143540101319,Area trend,Rainfall anomaly,Yield trend
Haryana,Kaithal,Wheat,2021-22,1.77,8.16,4623.0,4,True,,,,,,,,,964.2,67,2,365,730.62,175.89,,,2018.1375,2015.0,2021.275,4.43709505194565,2.0,2.6666666666666665,,16.666666666666664,Low,True,True,True,,,,,,,,,,,,,,,,,,,0.0,,0,Insufficient,,,,
Haryana,Kaithal,Wheat,2022-23,1.8,8.48,4707.0,4,True,4623.0,1.8170019467878,1.77,1.6949152542372896,8.16,3.921568627450984,4623.0,1.8170019467878,1107.44,77,2,365,874.65,123.35,964.2,14.855839037544078,2125.0,2125.0,2125.0,0.0,2.0,2.333333333333333,,16.666666666666664,Low,True,True,True,1.8170019467877996,1.6949152542372836,,,,,,,,,,,,,,,,,0.0,,0,Insufficient,,,,
Haryana,Kaithal,Wheat,2023-24,1.74,8.93,5135.0,4,True,4707.0,9.092840450393032,1.8,-3.333333333333336,8.48,5.3066037735848965,4665.0,10.07502679528403,807.19,65,3,366,664.9,125.79,1035.8200000000002,-22.07236778590876,2275.0025,2275.0,2275.005,0.0035355339060099,2.0,2.6666666666666665,,16.666666666666664,Low,True,True,True,9.092840450393025,-3.3333333333333326,1.8170019467877996,1.6949152542372836,14.855839037544078,,0.0,0.0,14.855839037544078,,0.0,0.0,42.24782496208117,,0.0,12.67434748862435,0.0,,0.8499999999999999,14.910997045440414,3,Good,14.910997045440414,Rainfall anomaly,,
Haryana,Kaithal,Wheat,2024-25,1.74,8.44,4865.0,4,True,5135.0,-5.258033106134373,1.74,0.0,8.93,-5.487122060470327,4821.666666666667,0.8987210508122992,892.31,78,0,365,718.95,84.78999999999999,959.61,-7.01326580590032,2425.0,2425.0,2425.0,0.0,2.0,4.333333333333333,,16.666666666666664,Low,True,True,True,-5.258033106134374,0.0,9.092840450393025,-3.3333333333333326,-22.07236778590876,,0.0,3.3333333333333326,22.07236778590876,,0.0,35.56934212226957,62.77057313027484,,0.0,18.831171939082452,7.113868424453914,,0.8499999999999999,30.52357689827808,3,Good,30.52357689827808,Rainfall anomaly,Area trend,
Haryana,Karnal,Maize,2021-22,0.0,0.01,4815.0,4,True,,,,,,,,,1213.88,79,2,365,949.14,207.35,,,,,,,,,,,,False,True,True,,,,,,,,,,,,,,,,,,,0.0,,0,Insufficient,,,,
Haryana,Karnal,Maize,2022-23,0.0,0.01,3333.0,4,True,4815.0,-30.778816199376948,0.0,,0.01,0.0,4815.0,-30.778816199376948,1240.21,83,3,365,950.58,182.59,1213.88,2.1690776683032857,,,,,,,,,,False,True,True,-30.778816199376948,,,,,,,,,,,,,,,,,,0.0,,0,Insufficient,,,,
Haryana,Karnal,Maize,2023-24,0.0,0.0,3685.0,4,True,3333.0,10.56105610561056,0.0,,0.01,-100.0,4074.0,-9.548355424644084,734.04,59,0,366,640.19,81.92,1227.045,-40.17823307213673,,,,,,,,,,False,True,True,10.561056105610556,,-30.778816199376948,,2.1690776683032857,,30.778816199376948,,2.1690776683032857,,100.0,,6.168538406214842,,35.0,1.8505615218644524,,,0.6499999999999999,56.69317157209916,2,Limited,56.69317157209916,Yield trend,Rainfall anomaly,
Haryana,Karnal,Maize,2024-25,0.0,0.0,3714.0,4,True,3685.0,0.7869742198100407,0.0,,0.0,,3944.3333333333335,-5.839601115524385,1026.07,85,0,365,837.01,73.23,1062.71,-3.447789142851775,,,,,,,,,,False,True,True,0.7869742198100438,,10.561056105610556,,-40.17823307213673,,0.0,,40.17823307213673,,0.0,,100.0,,0.0,30.0,,,0.6499999999999999,46.15384615384616,2,Limited,46.15384615384616,Rainfall anomaly,,
Haryana,Karnal,Rice,2021-22,1.76,6.8,3868.0,4,True,,,,,,,,,1213.88,79,2,365,949.14,207.35,,,,,,,,,,,,False,True,True,,,,,,,,,,,,,,,,,,,0.0,,0,Insufficient,,,,
Haryana,Karnal,Rice,2022-23,1.81,7.19,3970.0,4,True,3868.0,2.637021716649431,1.76,2.840909090909093,6.8,5.735294117647068,3868.0,2.637021716649431,1240.21,83,3,365,950.58,182.59,1213.88,2.1690776683032857,,,,,,,,,,False,True,True,2.6370217166494347,2.840909090909083,,,,,,,,,,,,,,,,,0.0,,0,Insufficient,,,,
Haryana,Karnal,Rice,2023-24,1.66,7.06,4242.0,4,True,3970.0,6.851385390428212,1.81,-8.287292817679564,7.19,-1.80806675938805,3919.0,8.24189844348048,734.04,59,0,366,640.19,81.92,1227.045,-40.17823307213673,2202.775,2202.325,2203.0,0.3897114317030696,3.0,1.75,,25.0,Low,True,True,True,6.851385390428222,-8.287292817679571,2.6370217166494347,2.840909090909083,2.1690776683032857,,0.0,0.0,2.1690776683032857,,0.0,0.0,6.168538406214842,,0.0,1.8505615218644524,0.0,,0.8499999999999999,2.1771312021934737,3,Good,2.1771312021934737,Rainfall anomaly,,
Haryana,Karnal,Rice,2024-25,1.72,7.38,4292.0,4,True,4242.0,1.178689297501179,1.66,3.614457831325304,7.06,4.532577903682724,4026.6666666666665,6.5894039735099375,1026.07,85,0,365,837.01,73.23,1062.71,-3.447789142851775,2321.4933333333333,2320.0,2324.48,2.5865292059694025,3.0,2.75,,25.0,Low,True,True,True,1.1786892975011787,3.6144578313253017,6.851385390428222,-8.287292817679571,-40.17823307213673,,0.0,8.287292817679571,40.17823307213673,,0.0,88.43206604984162,100.0,,0.0,30.0,17.686413209968325,,0.8499999999999999,56.101662599962744,3,Good,56.101662599962744,Rainfall anomaly,Area trend,
Haryana,Karnal,Wheat,2021-22,1.77,9.02,5105.0,4,True,,,,,,,,,1213.88,79,2,365,949.14,207.35,,,2015.0,2015.0,2015.0,0.0,2.0,1.3333333333333333,,16.666666666666664,Low,True,True,True,,,,,,,,,,,,,,,,,,,0.0,,0,Insufficient,,,,
Haryana,Karnal,Wheat,2022-23,1.86,10.03,5385.0,4,True,5105.0,5.484818805093046,1.77,5.084745762711869,9.02,11.197339246119732,5105.0,5.484818805093046,1240.21,83,3,365,950.58,182.59,1213.88,2.1690776683032857,2125.0,2125.0,2125.0,0.0,2.0,2.333333333333333,,16.666666666666664,Low,True,True,True,5.484818805093039,5.084745762711873,,,,,,,,,,,,,,,,,0.0,,0,Insufficient,,,,
Haryana,Karnal,Wheat,2023-24,1.78,8.5,4761.0,4,True,5385.0,-11.587743732590528,1.86,-4.3010752688172085,10.03,-15.254237288135588,5245.0,-9.2278360343184,734.04,59,0,366,640.19,81.92,1227.045,-40.17823307213673,2275.0,2275.0,2275.0,0.0,2.0,1.0,,16.666666666666664,Low,True,True,True,-11.587743732590528,-4.301075268817211,5.484818805093039,5.084745762711873,2.1690776683032857,,0.0,0.0,2.1690776683032857,,0.0,0.0,6.168538406214842,,0.0,1.8505615218644524,0.0,,0.8499999999999999,2.1771312021934737,3,Good,2.1771312021934737,Rainfall anomaly,,
Haryana,Karnal,Wheat,2024-25,1.58,7.75,4896.0,4,True,4761.0,2.835538752362949,1.78,-11.235955056179773,8.5,-8.823529411764707,5083.666666666667,-3.691561209101049,1026.07,85,0,365,837.01,73.23,1062.71,-3.447789142851775,2425.0,2425.0,2425.0,0.0,2.0,6.0,,16.666666666666664,Low,True,True,True,2.835538752362954,-11.235955056179769,-11.587743732590528,-4.301075268817211,-40.17823307213673,,11.587743732590528,4.301075268817211,40.17823307213673,,54.10445370642065,45.89592531905759,100.0,,18.936558797247226,30.0,9.179185063811518,,0.8499999999999999,68.37146336595147,3,Good,68.37146336595147,Rainfall anomaly,Yield trend,Area trend
Haryana,Kurukshetra,Maize,2021-22,0.03,0.08,2865.0,4,True,,,,,,,,,1305.16,89,2,365,1021.28,222.06,,,1603.77125,1411.765,1852.0,220.19784158702225,4.0,1.3333333333333333,,33.33333333333333,Low,True,True,True,,,,,,,,,,,,,,,,,,,0.0,,0,Insufficient,,,,
Haryana,Kurukshetra,Maize,2022-23,0.0,0.0,3333.0,4,True,2865.0,16.335078534031414,0.03,-100.0,0.08,-100.0,2865.0,16.335078534031414,1447.9,97,2,365,1138.23,176.62,1305.16,10.936590149866683,1437.9875,1338.0,1641.94,138.31148792369586,4.0,1.5,,33.33333333333333,Low,True,True,True,16.33507853403142,-100.0,,,,,,,,,,,,,,,,,0.0,,0,Insufficient,,,,
Haryana,Kurukshetra,Maize,2023-24,0.0,0.0,3685.0,4,True,3333.0,10.56105610561056,0.0,,0.0,,3099.0,18.909325588899645,1033.57,78,2,366,905.44,110.6,1376.5300000000002,-24.91482205255245,1592.59625,1319.605,1734.04,192.2785714952396,4.0,2.6,,33.33333333333333,Low,True,True,True,10.561056105610556,,16.33507853403142,-100.0,10.936590149866683,,0.0,100.0,10.936590149866683,,0.0,100.0,31.102056582996806,,0.0,9.33061697489904,20.0,,0.8499999999999999,34.506608205763584,3,Good,34.506608205763584,Area trend,Rainfall anomaly,
Haryana,Kurukshetra,Maize,2024-25,0.0,0.0,3714.0,4,True,3685.0,0.7869742198100407,0.0,,0.0,,3294.333333333333,12.739046848123031,1273.31,104,0,365,1059.56,98.0,1262.21,0.8794099238636922,1763.0099999999998,1450.0,2062.5,277.7648561283447,5.0,1.25,,41.66666666666667,Low,True,True,True,0.7869742198100438,,10.561056105610556,,-24.91482205255245,,0.0,,24.91482205255245,,0.0,,70.85409571128794,,0.0,21.25622871338638,,,0.6499999999999999,32.701890328286744,2,Limited,32.701890328286744,Rainfall anomaly,,
Haryana,Kurukshetra,Rice,2021-22,1.25,5.94,4767.0,4,True,,,,,,,,,1305.16,89,2,365,1021.28,222.06,,,2122.2650000000003,1960.0,2284.53,229.47736369847024,2.0,1.0,,16.666666666666664,Low,True,True,True,,,,,,,,,,,,,,,,,,,0.0,,0,Insufficient,,,,
Haryana,Kurukshetra,Rice,2022-23,1.3,5.88,4520.0,4,True,4767.0,-5.181455842248794,1.25,4.000000000000004,5.94,-1.0101010101010184,4767.0,-5.181455842248794,1447.9,97,2,365,1138.23,176.62,1305.16,10.936590149866683,2971.043333333333,2060.55,3432.3500000000004,788.5336429939647,3.0,1.5,,25.0,Low,True,True,True,-5.181455842248795,4.0000000000000036,,,,,,,,,,,,,,,,,0.0,,0,Insufficient,,,,
Haryana,Kurukshetra,Rice,2023-24,1.13,5.44,4825.0,4,True,4520.0,6.7477876106194685,1.3,-13.076923076923087,5.88,-7.482993197278903,4643.5,3.908689566060084,1033.57,78,2,366,905.44,110.6,1376.5300000000002,-24.91482205255245,2908.235,2203.0,4169.97,813.4609179302963,5.0,3.0,,41.66666666666667,Low,True,True,True,6.747787610619471,-13.076923076923086,-5.181455842248795,4.0000000000000036,10.936590149866683,,5.181455842248795,0.0,10.936590149866683,,24.192788882649946,0.0,31.102056582996806,,8.46747610892748,9.33061697489904,0.0,,0.8499999999999999,20.938933039795913,3,Good,20.938933039795913,Rainfall anomaly,Yield trend,
Haryana,Kurukshetra,Rice,2024-25,1.1,5.22,4732.0,4,True,4825.0,-1.927461139896373,1.13,-2.654867256637151,5.44,-4.044117647058835,4704.0,0.5952380952380952,1273.31,104,0,365,1059.56,98.0,1262.21,0.8794099238636922,2411.0125000000003,2265.06,2850.815,218.6731271498628,6.0,2.7142857142857144,9.069763311051386,50.0,Moderate,True,True,True,-1.9274611398963692,-2.65486725663715,6.747787610619471,-13.076923076923086,-24.91482205255245,,0.0,13.076923076923086,24.91482205255245,,0.0,100.0,70.85409571128794,,0.0,21.25622871338638,20.0,,0.8499999999999999,48.53673966280751,3,Good,48.53673966280751,Rainfall anomaly,Area trend,
Haryana,Kurukshetra,Wheat,2021-22,1.04,4.43,4256.0,4,True,,,,,,,,,1305.16,89,2,365,1021.28,222.06,,,2015.9225,2015.91,2015.935,0.0176776695296476,2.0,2.333333333333333,,16.666666666666664,Low,True,True,True,,,,,,,,,,,,,,,,,,,0.0,,0,Insufficient,,,,
Haryana,Kurukshetra,Wheat,2022-23,1.06,5.06,4782.0,4,True,4256.0,12.359022556390975,1.04,1.923076923076925,4.43,14.22121896162528,4256.0,12.359022556390975,1447.9,97,2,365,1138.23,176.62,1305.16,10.936590149866683,2125.315,2125.0,2125.63,0.4454772721476021,2.0,2.6666666666666665,,16.666666666666664,Low,True,True,True,12.359022556390986,1.9230769230769162,,,,,,,,,,,,,,,,,0.0,,0,Insufficient,,,,
Haryana,Kurukshetra,Wheat,2023-24,1.04,4.97,4776.0,4,True,4782.0,-0.1254705144291091,1.06,-1.8867924528301905,5.06,-1.7786561264822107,4519.0,5.687098915689312,1033.57,78,2,366,905.44,110.6,1376.5300000000002,-24.91482205255245,2275.0,2275.0,2275.0,0.0,2.0,4.333333333333333,,16.666666666666664,Low,True,True,True,-0.12547051442910462,-1.8867924528301883,12.359022556390986,1.9230769230769162,10.936590149866683,,0.0,0.0,10.936590149866683,,0.0,0.0,31.102056582996806,,0.0,9.33061697489904,0.0,,0.8499999999999999,10.977196441057696,3,Good,10.977196441057696,Rainfall anomaly,,
Haryana,Kurukshetra,Wheat,2024-25,1.08,4.94,4571.0,4,True,4776.0,-4.292294807370185,1.04,3.84615384615385,4.97,-0.6036217303822808,4604.666666666667,-0.7311423193861365,1273.31,104,0,365,1059.56,98.0,1262.21,0.8794099238636922,2425.0,2425.0,2425.0,0.0,2.0,2.6666666666666665,,16.666666666666664,Low,True,True,True,-4.292294807370189,3.8461538461538547,-0.12547051442910462,-1.8867924528301883,-24.91482205255245,,0.12547051442910462,1.8867924528301883,24.91482205255245,,0.5858356722506367,20.133589880529946,70.85409571128794,,0.20504248528772284,21.25622871338638,4.0267179761059895,,0.8499999999999999,29.98586961738835,3,Good,29.98586961738835,Rainfall anomaly,Area trend,Yield trend
Haryana,Mahendragarh,Maize,2021-22,0.0,0.0,0.0,2,False,,,,,,,,,894.84,60,0,365,744.23,129.56,,,,,,,,,,,,False,True,True,,,,,,,,,,,,,,,,,,,0.0,,0,Insufficient,,,,
Haryana,Mahendragarh,Maize,2024-25,0.0,0.0,3714.0,2,False,0.0,,0.0,,0.0,,0.0,,885.46,77,0,365,768.64,44.7,704.12,25.75413281826961,,,,,,,,,,False,True,True,,,,,,,,,,,,,,,,,,,0.0,,0,Insufficient,,,,
Haryana,Mahendragarh,Rice,2023-24,0.0,0.0,3822.0,2,False,,,,,,,,,465.95,47,0,366,417.28,39.68,823.2049999999999,-43.39806002150132,,,,,,,,,,False,True,True,,,,,,,,,,,,,,,,,,,0.0,,0,Insufficient,,,,
Haryana,Mahendragarh,Rice,2024-25,0.0,0.0,3766.0,2,False,3822.0,-1.465201465201465,0.0,,0.0,,3822.0,-1.465201465201465,885.46,77,0,365,768.64,44.7,704.12,25.75413281826961,,,,,,,,,,False,True,True,-1.46520146520146,,,,-43.39806002150132,,,,43.39806002150132,,,,100.0,,,30.0,,,0.3,100.0,1,Very Limited,,Rainfall anomaly,,
Haryana,Mahendragarh,Wheat,2021-22,0.26,1.2,4647.0,4,True,,,,,,,,,894.84,60,0,365,744.23,129.56,,,2097.2183333333337,2062.86,2130.49,33.82809273862951,3.0,1.6666666666666667,,25.0,Low,True,True,True,,,,,,,,,,,,,,,,,,,0.0,,0,Insufficient,,,,
Haryana,Mahendragarh,Wheat,2022-23,0.3,1.33,4428.0,4,True,4647.0,-4.712717882504842,0.26,15.384615384615378,1.2,10.833333333333345,4647.0,-4.712717882504842,751.5699999999999,72,0,365,519.63,149.47,894.84,-16.010683474140638,2102.6330000000003,1957.5,2150.0,81.51547181363783,5.0,1.6,,41.66666666666667,Low,True,True,True,-4.712717882504847,15.384615384615374,,,,,,,,,,,,,,,,,0.0,,0,Insufficient,,,,
Haryana,Mahendragarh,Wheat,2023-24,0.28,1.36,4853.0,4,True,4428.0,9.598012646793135,0.3,-6.666666666666654,1.33,2.2556390977443628,4537.5,6.953168044077135,465.95,47,0,366,417.28,39.68,823.2049999999999,-43.39806002150132,2266.883125,2176.72,2400.0,73.16251845512453,8.0,1.0,3.227449957532527,66.66666666666666,Moderate,True,True,True,9.59801264679314,-6.666666666666654,-4.712717882504847,15.384615384615374,-16.010683474140638,,4.712717882504847,0.0,16.010683474140638,,22.004199643134644,0.0,45.532032975675165,,7.701469875097125,13.65960989270255,0.0,,0.8499999999999999,25.130682079764323,3,Good,25.130682079764323,Rainfall anomaly,Yield trend,
Haryana,Mahendragarh,Wheat,2024-25,0.29,1.31,4518.0,4,True,4853.0,-6.902946630949929,0.28,3.5714285714285547,1.36,-3.676470588235297,4642.666666666667,-2.685238368753596,885.46,77,0,365,768.64,44.7,704.12,25.75413281826961,2528.182727272728,2300.0,2810.0,143.42917648378997,11.0,1.25,5.673212419994418,91.66666666666666,Good,True,True,True,-6.902946630949924,3.5714285714285587,9.59801264679314,-6.666666666666654,-43.39806002150132,3.227449957532527,0.0,6.666666666666654,43.39806002150132,3.227449957532527,0.0,71.13868424453902,100.0,26.231037825645544,0.0,30.0,14.227736848907805,3.9346556738468315,0.9999999999999999,48.162392522754644,4,Complete,48.162392522754644,Rainfall anomaly,Area trend,Price volatility
Haryana,Nuh,Maize,2021-22,0.0,0.0,0.0,1,False,,,,,,,,,968.02,62,0,365,769.63,168.39,,,,,,,,,,,,False,True,True,,,,,,,,,,,,,,,,,,,0.0,,0,Insufficient,,,,
Haryana,Nuh,Rice,2021-22,0.08,0.21,2544.0,4,True,,,,,,,,,968.02,62,0,365,769.63,168.39,,,,,,,,,,,,False,True,True,,,,,,,,,,,,,,,,,,,0.0,,0,Insufficient,,,,
Haryana,Nuh,Rice,2022-23,0.12,0.25,2149.0,4,True,2544.0,-15.526729559748428,0.08,49.99999999999999,0.21,19.04761904761905,2544.0,-15.526729559748428,789.11,73,1,365,534.01,171.98,968.02,-18.482056155864544,,,,,,,,,,False,True,True,-15.526729559748432,50.0,,,,,,,,,,,,,,,,,0.0,,0,Insufficient,,,,
Haryana,Nuh,Rice,2023-24,0.11,0.25,2268.0,4,True,2149.0,5.537459283387622,0.12,-8.33333333333333,0.25,0.0,2346.5,-3.3454080545493285,593.31,47,0,366,536.69,48.83,878.565,-32.46828635331479,,,,,,,,,,False,True,True,5.537459283387625,-8.333333333333325,-15.526729559748432,50.0,-18.482056155864544,,15.526729559748432,0.0,18.482056155864544,,72.49601303443039,0.0,52.560254014532184,,25.373604562050634,15.768076204359655,0.0,,0.8499999999999999,48.40197737224741,3,Good,48.40197737224741,Yield trend,Rainfall anomaly,
Haryana,Nuh,Rice,2024-25,0.1,0.26,2510.0,4,True,2268.0,10.670194003527335,0.11,-9.090909090909086,0.25,4.000000000000004,2320.333333333333,8.174112914811085,884.79,69,0,365,772.15,40.57,783.48,12.9307704089447,,,,,,,,,,False,True,True,10.670194003527333,-9.090909090909083,5.537459283387625,-8.333333333333325,-32.46828635331479,,0.0,8.333333333333325,32.46828635331479,,0.0,88.92335530567385,92.3350391187558,,0.0,27.70051173562674,17.78467106113477,,0.8499999999999999,53.5119797608959,3,Good,53.5119797608959,Rainfall anomaly,Area trend,
Haryana,Nuh,Wheat,2021-22,0.62,2.65,4262.0,4,True,,,,,,,,,968.02,62,0,365,769.63,168.39,,,,,,,,,,,,False,True,True,,,,,,,,,,,,,,,,,,,0.0,,0,Insufficient,,,,
Haryana,Nuh,Wheat,2022-23,0.69,2.67,3897.0,4,True,4262.0,-8.564054434537775,0.62,11.290322580645157,2.65,0.7547169811320762,4262.0,-8.564054434537775,789.11,73,1,365,534.01,171.98,968.02,-18.482056155864544,2123.5,2123.5,2123.5,,1.0,1.0,,8.333333333333332,Low,True,True,True,-8.564054434537772,11.290322580645151,,,,,,,,,,,,,,,,,0.0,,0,Insufficient,,,,
Haryana,Nuh,Wheat,2023-24,0.68,2.66,3911.0,4,True,3897.0,0.359250705671029,0.69,-1.449275362318826,2.67,-0.3745318352059845,4079.5,-4.130408138252236,593.31,47,0,366,536.69,48.83,878.565,-32.46828635331479,,,,,0.0,0.0,,0.0,Low,False,True,True,0.35925070567102146,-1.4492753623188248,-8.564054434537772,11.290322580645151,-18.482056155864544,,8.564054434537772,0.0,18.482056155864544,,39.98651483718385,0.0,52.560254014532184,,13.995280193014345,15.768076204359655,0.0,,0.8499999999999999,35.0157134086753,3,Good,35.0157134086753,Rainfall anomaly,Yield trend,
Haryana,Nuh,Wheat,2024-25,0.69,2.93,4271.0,4,True,3911.0,9.204806954743033,0.68,1.4705882352941024,2.66,10.150375939849624,4023.3333333333335,6.155758077879035,884.79,69,0,365,772.15,40.57,783.48,12.9307704089447,2360.0,2360.0,2360.0,,1.0,0.5,,8.333333333333332,Low,True,True,True,9.204806954743038,1.4705882352941124,0.35925070567102146,-1.4492753623188248,-32.46828635331479,,0.0,1.4492753623188248,32.46828635331479,,0.0,15.464931357508343,92.3350391187558,,0.0,27.70051173562674,3.092986271501669,,0.8499999999999999,36.22764471426872,3,Good,36.22764471426872,Rainfall anomaly,Area trend,
Haryana,Palwal,Maize,2021-22,0.0,0.0,3134.0,2,False,,,,,,,,,886.71,67,2,365,651.23,201.51,,,,,,,,,,,,False,True,True,,,,,,,,,,,,,,,,,,,0.0,,0,Insufficient,,,,
Haryana,Palwal,Maize,2023-24,0.0,0.0,3685.0,2,False,3134.0,17.581365666879385,0.0,,0.0,,3134.0,17.581365666879385,739.27,48,0,366,672.37,61.88,863.115,-14.34860939735725,900.0,900.0,900.0,,1.0,0.25,,8.333333333333332,Low,True,True,True,17.58136566687938,,,,,,,,,,,,,,,,,,0.0,,0,Insufficient,,,,
Haryana,Palwal,Rice,2021-22,0.34,0.97,2830.0,4,True,,,,,,,,,886.71,67,2,365,651.23,201.51,,,,,,,,,,,,False,True,True,,,,,,,,,,,,,,,,,,,0.0,,0,Insufficient,,,,
Haryana,Palwal,Rice,2022-23,0.41,1.08,2652.0,4,True,2830.0,-6.289752650176679,0.34,20.58823529411763,0.97,11.340206185567022,2830.0,-6.289752650176679,839.52,69,1,365,558.86,196.08,886.71,-5.321920357275777,,,,,,,,,,False,True,True,-6.289752650176683,20.58823529411764,,,,,,,,,,,,,,,,,0.0,,0,Insufficient,,,,
Haryana,Palwal,Rice,2023-24,0.36,1.1,3024.0,4,True,2652.0,14.027149321266968,0.41,-12.19512195121951,1.08,1.8518518518518527,2741.0,10.324699014958044,739.27,48,0,366,672.37,61.88,863.115,-14.34860939735725,2702.995,2500.0,2905.99,287.0782820939263,2.0,0.5,,16.666666666666664,Low,True,True,True,14.027149321266963,-12.195121951219512,-6.289752650176683,20.58823529411764,-5.321920357275777,,6.289752650176683,0.0,5.321920357275777,,29.36754893268972,0.0,15.134760086461824,,10.278642126441401,4.540428025938547,0.0,,0.8499999999999999,17.43420017927053,3,Good,17.43420017927053,Yield trend,Rainfall anomaly,
Haryana,Palwal,Rice,2024-25,0.38,1.08,2820.0,4,True,3024.0,-6.746031746031746,0.36,5.555555555555561,1.1,-1.81818181818182,2835.333333333333,-0.540794733129561,892.24,71,1,365,803.61,31.39,821.8333333333334,8.567024944230376,2376.9725,2220.315,2533.63,221.54716114746333,2.0,0.6,,16.666666666666664,Low,True,True,True,-6.746031746031744,5.555555555555558,14.027149321266963,-12.195121951219512,-14.34860939735725,,0.0,12.195121951219512,14.34860939735725,,0.0,100.0,40.805338341161566,,0.0,12.24160150234847,20.0,,0.8499999999999999,37.93129588511586,3,Good,37.93129588511586,Area trend,Rainfall anomaly,
Haryana,Palwal,Wheat,2021-22,0.95,4.39,4641.0,4,True,,,,,,,,,886.71,67,2,365,651.23,201.51,,,,,,,,,,,,False,True,True,,,,,,,,,,,,,,,,,,,0.0,,0,Insufficient,,,,
Haryana,Palwal,Wheat,2022-23,0.98,4.14,4237.0,4,True,4641.0,-8.705020469726351,0.95,3.157894736842108,4.39,-5.694760820045559,4641.0,-8.705020469726351,839.52,69,1,365,558.86,196.08,886.71,-5.321920357275777,2128.07,2128.07,2128.07,,1.0,0.5,,8.333333333333332,Low,True,True,True,-8.705020469726355,3.157894736842115,,,,,,,,,,,,,,,,,0.0,,0,Insufficient,,,,
Haryana,Palwal,Wheat,2023-24,0.97,4.36,4503.0,4,True,4237.0,6.278026905829597,0.98,-1.020408163265307,4.14,5.314009661835764,4439.0,1.4417661635503491,739.27,48,0,366,672.37,61.88,863.115,-14.34860939735725,2256.25,2237.5,2275.0,26.516504294495533,2.0,1.3333333333333333,,16.666666666666664,Low,True,True,True,6.278026905829592,-1.0204081632653073,-8.705020469726355,3.157894736842115,-5.321920357275777,,8.705020469726355,0.0,5.321920357275777,,40.64470080513789,0.0,15.134760086461824,,14.22564528179826,4.540428025938547,0.0,,0.8499999999999999,22.077733303219777,3,Good,22.077733303219777,Yield trend,Rainfall anomaly,
Haryana,Palwal,Wheat,2024-25,0.95,4.2,4439.0,4,True,4503.0,-1.421274705751721,0.97,-2.061855670103095,4.36,-3.6697247706422047,4460.333333333333,-0.4782901128465667,892.24,71,1,365,803.61,31.39,821.8333333333334,8.567024944230376,2362.5,2200.0,2425.0,108.97247358851688,4.0,1.1666666666666667,,33.33333333333333,Low,True,True,True,-1.4212747057517183,-2.0618556701030966,6.278026905829592,-1.0204081632653073,-14.34860939735725,,0.0,1.0204081632653073,14.34860939735725,,0.0,10.888574119062127,40.805338341161566,,0.0,12.24160150234847,2.1777148238124258,,0.8499999999999999,16.963901560189292,3,Good,16.963901560189292,Rainfall anomaly,Area trend,
Haryana,Panchkula,Maize,2021-22,0.04,0.11,2962.0,4,True,,,,,,,,,1297.57,97,0,365,981.67,246.72,,,,,,,,,,,,False,True,True,,,,,,,,,,,,,,,,,,,0.0,,0,Insufficient,,,,
Haryana,Panchkula,Maize,2022-23,0.03,0.11,3328.0,4,True,2962.0,12.35651586765699,0.04,-25.000000000000007,0.11,0.0,2962.0,12.35651586765699,1567.66,110,1,365,1207.36,181.25,1297.57,20.815062000508654,,,,,,,,,,False,True,True,12.35651586765698,-25.0,,,,,,,,,,,,,,,,,0.0,,0,Insufficient,,,,
Haryana,Panchkula,Maize,2023-24,0.04,0.13,3627.0,4,True,3328.0,8.984375,0.03,33.33333333333334,0.11,18.181818181818183,3145.0,15.325914149443562,1301.31,84,3,366,1120.44,152.26,1432.615,-9.16540731459604,2207.86,2207.86,2207.86,,1.0,1.0,,8.333333333333332,Low,True,True,True,8.984375,33.33333333333335,12.35651586765698,-25.0,20.815062000508654,,0.0,25.0,20.815062000508654,,0.0,100.0,59.194980084930634,,0.0,17.75849402547919,20.0,,0.8499999999999999,44.42175767703436,3,Good,44.42175767703436,Area trend,Rainfall anomaly,
Haryana,Panchkula,Maize,2024-25,0.03,0.13,3742.0,4,True,3627.0,3.170664460987042,0.04,-25.000000000000007,0.13,0.0,3305.6666666666665,13.199556317434713,1447.69,111,1,365,1191.42,133.39,1388.8466666666666,4.2368488002035365,2225.0,2225.0,2225.0,,1.0,0.25,,8.333333333333332,Low,True,True,True,3.1706644609870382,-25.0,8.984375,33.33333333333335,-9.16540731459604,,0.0,0.0,9.16540731459604,,0.0,0.0,26.06507265962177,,0.0,7.81952179788653,0.0,,0.8499999999999999,9.199437409278271,3,Good,9.199437409278271,Rainfall anomaly,,
Haryana,Panchkula,Rice,2021-22,0.14,0.55,4012.0,4,True,,,,,,,,,1297.57,97,0,365,981.67,246.72,,,,,,,,,,,,False,True,True,,,,,,,,,,,,,,,,,,,0.0,,0,Insufficient,,,,
Haryana,Panchkula,Rice,2022-23,0.13,0.34,2586.0,4,True,4012.0,-35.54336989032901,0.14,-7.142857142857148,0.55,-38.18181818181819,4012.0,-35.54336989032901,1567.66,110,1,365,1207.36,181.25,1297.57,20.815062000508654,,,,,,,,,,False,True,True,-35.54336989032901,-7.142857142857151,,,,,,,,,,,,,,,,,0.0,,0,Insufficient,,,,
Haryana,Panchkula,Rice,2023-24,0.12,0.59,4819.0,4,True,2586.0,86.34957463263729,0.13,-7.692307692307699,0.34,73.52941176470587,3299.0,46.074568050924526,1301.31,84,3,366,1120.44,152.26,1432.615,-9.16540731459604,,,,,,,,,,False,True,True,86.34957463263729,-7.692307692307699,-35.54336989032901,-7.142857142857151,20.815062000508654,,35.54336989032901,7.142857142857151,20.815062000508654,,100.0,76.22001883343489,59.194980084930634,,35.0,17.75849402547919,15.24400376668698,,0.8499999999999999,80.00293857901903,3,Good,80.00293857901903,Yield trend,Rainfall anomaly,Area trend
Haryana,Panchkula,Rice,2024-25,0.13,0.52,4052.0,4,True,4819.0,-15.91616517949782,0.12,8.333333333333341,0.59,-11.864406779661008,3805.6666666666665,6.472803713760186,1447.69,111,1,365,1191.42,133.39,1388.8466666666666,4.2368488002035365,,,,,,,,,,False,True,True,-15.91616517949782,8.333333333333348,86.34957463263729,-7.692307692307699,-9.16540731459604,,0.0,7.692307692307699,9.16540731459604,,0.0,82.08309720523755,26.06507265962177,,0.0,7.81952179788653,16.416619441047512,,0.8499999999999999,28.513107339922406,3,Good,28.513107339922406,Area trend,Rainfall anomaly,
Haryana,Panchkula,Wheat,2021-22,0.19,0.73,3772.0,4,True,,,,,,,,,1297.57,97,0,365,981.67,246.72,,,,,,,,,,,,False,True,True,,,,,,,,,,,,,,,,,,,0.0,,0,Insufficient,,,,
Haryana,Panchkula,Wheat,2022-23,0.19,0.74,3832.0,4,True,3772.0,1.5906680805938491,0.19,0.0,0.73,1.3698630136986314,3772.0,1.5906680805938491,1567.66,110,1,365,1207.36,181.25,1297.57,20.815062000508654,2125.0,2125.0,2125.0,0.0,2.0,0.6666666666666666,,16.666666666666664,Low,True,True,True,1.590668080593849,0.0,,,,,,,,,,,,,,,,,0.0,,0,Insufficient,,,,
Haryana,Panchkula,Wheat,2023-24,0.18,0.75,4071.0,4,True,3832.0,6.236951983298539,0.19,-5.263157894736847,0.74,1.3513513513513526,3802.0,7.075223566543924,1301.31,84,3,366,1120.44,152.26,1432.615,-9.16540731459604,2275.0,2275.0,2275.0,0.0,2.0,0.6666666666666666,,16.666666666666664,Low,True,True,True,6.236951983298544,-5.263157894736848,1.590668080593849,0.0,20.815062000508654,,0.0,-0.0,20.815062000508654,,0.0,-0.0,59.194980084930634,,0.0,17.75849402547919,-0.0,,0.8499999999999999,20.892345912328462,3,Good,20.892345912328462,Rainfall anomaly,,
Haryana,Panchkula,Wheat,2024-25,0.18,0.68,3710.0,4,True,4071.0,-8.867600098255956,0.18,0.0,0.75,-9.333333333333329,3891.6666666666665,-4.668094218415414,1447.69,111,1,365,1191.42,133.39,1388.8466666666666,4.2368488002035365,2425.0,2425.0,2425.0,,1.0,0.5,,8.333333333333332,Low,True,True,True,-8.867600098255956,0.0,6.236951983298544,-5.263157894736848,-9.16540731459604,,0.0,5.263157894736848,9.16540731459604,,0.0,56.1621191404257,26.06507265962177,,0.0,7.81952179788653,11.23242382808514,,0.8499999999999999,22.414053677613733,3,Good,22.414053677613733,Area trend,Rainfall anomaly,
Haryana,Panipat,Maize,2021-22,0.0,0.0,2241.0,4,True,,,,,,,,,1213.88,79,2,365,949.14,207.35,,,,,,,,,,,,False,True,True,,,,,,,,,,,,,,,,,,,0.0,,0,Insufficient,,,,
Haryana,Panipat,Maize,2022-23,0.0,0.0,2765.0,4,True,2241.0,23.382418563141457,0.0,,0.0,,2241.0,23.382418563141457,1240.21,83,3,365,950.58,182.59,1213.88,2.1690776683032857,,,,,,,,,,False,True,True,23.38241856314145,,,,,,,,,,,,,,,,,,0.0,,0,Insufficient,,,,
Haryana,Panipat,Maize,2023-24,0.0,0.01,3685.0,4,True,2765.0,33.273056057866185,0.0,,0.0,,2503.0,47.22333200159808,734.04,59,0,366,640.19,81.92,1227.045,-40.17823307213673,,,,,,,,,,False,True,True,33.27305605786619,,23.38241856314145,,2.1690776683032857,,0.0,,2.1690776683032857,,0.0,,6.168538406214842,,0.0,1.8505615218644524,,,0.6499999999999999,2.847017725945312,2,Limited,2.847017725945312,Rainfall anomaly,,
Haryana,Panipat,Maize,2024-25,0.0,0.0,3714.0,4,True,3685.0,0.7869742198100407,0.0,,0.01,-100.0,2897.0,28.20158784949948,1026.07,85,0,365,837.01,73.23,1062.71,-3.447789142851775,,,,,,,,,,False,True,True,0.7869742198100438,,33.27305605786619,,-40.17823307213673,,0.0,,40.17823307213673,,0.0,,100.0,,0.0,30.0,,,0.6499999999999999,46.15384615384616,2,Limited,46.15384615384616,Rainfall anomaly,,
Haryana,Panipat,Rice,2021-22,0.83,2.36,2830.0,4,True,,,,,,,,,1213.88,79,2,365,949.14,207.35,,,,,,,,,,,,False,True,True,,,,,,,,,,,,,,,,,,,0.0,,0,Insufficient,,,,
Haryana,Panipat,Rice,2022-23,0.8,2.45,3061.0,4,True,2830.0,8.162544169611309,0.83,-3.614457831325292,2.36,3.8135593220339112,2830.0,8.162544169611309,1240.21,83,3,365,950.58,182.59,1213.88,2.1690776683032857,,,,,,,,,,False,True,True,8.162544169611309,-3.6144578313252906,,,,,,,,,,,,,,,,,0.0,,0,Insufficient,,,,
Haryana,Panipat,Rice,2023-24,0.73,2.48,3409.0,4,True,3061.0,11.368833714472396,0.8,-8.750000000000007,2.45,1.2244897959183594,2945.5,15.73586827363775,734.04,59,0,366,640.19,81.92,1227.045,-40.17823307213673,2200.27,2197.54,2203.0,3.860803025278575,2.0,0.6666666666666666,,16.666666666666664,Low,True,True,True,11.368833714472393,-8.750000000000002,8.162544169611309,-3.6144578313252906,2.1690776683032857,,0.0,3.6144578313252906,2.1690776683032857,,0.0,38.569166156677746,6.168538406214842,,0.0,1.8505615218644524,7.713833231335549,,0.8499999999999999,11.25222912141177,3,Good,11.25222912141177,Area trend,Rainfall anomaly,
Haryana,Panipat,Rice,2024-25,0.71,2.57,3609.0,4,True,3409.0,5.866823115283074,0.73,-2.739726027397263,2.48,3.6290322580645102,3100.0,16.419354838709676,1026.07,85,0,365,837.01,73.23,1062.71,-3.447789142851775,2977.383333333333,2311.44,3383.4,581.3312002923406,3.0,0.6,,25.0,Low,True,True,True,5.866823115283082,-2.73972602739726,11.368833714472393,-8.750000000000002,-40.17823307213673,,0.0,8.750000000000002,40.17823307213673,,0.0,93.36952307095765,100.0,,0.0,30.0,18.67390461419153,,0.8499999999999999,57.26341719316651,3,Good,57.26341719316651,Rainfall anomaly,Area trend,
Haryana,Panipat,Wheat,2021-22,0.84,3.89,4632.0,4,True,,,,,,,,,1213.88,79,2,365,949.14,207.35,,,2015.125,2015.125,2015.125,,1.0,1.0,,8.333333333333332,Low,True,True,True,,,,,,,,,,,,,,,,,,,0.0,,0,Insufficient,,,,
Haryana,Panipat,Wheat,2022-23,0.84,3.75,4473.0,4,True,4632.0,-3.432642487046632,0.84,0.0,3.89,-3.5989717223650417,4632.0,-3.432642487046632,1240.21,83,3,365,950.58,182.59,1213.88,2.1690776683032857,2125.0150000000003,2125.01,2125.02,0.0070710678115374,2.0,0.6666666666666666,,16.666666666666664,Low,True,True,True,-3.432642487046633,0.0,,,,,,,,,,,,,,,,,0.0,,0,Insufficient,,,,
Haryana,Panipat,Wheat,2023-24,0.81,4.12,5060.0,4,True,4473.0,13.123183545718756,0.84,-3.5714285714285614,3.75,9.866666666666667,4552.5,11.14772103239978,734.04,59,0,366,640.19,81.92,1227.045,-40.17823307213673,2280.0,2280.0,2280.0,,1.0,0.5,,8.333333333333332,Low,True,True,True,13.123183545718753,-3.5714285714285587,-3.432642487046633,0.0,2.1690776683032857,,3.432642487046633,-0.0,2.1690776683032857,,16.027386419391224,-0.0,6.168538406214842,,5.609585246786928,1.8505615218644524,-0.0,,0.8499999999999999,8.77664325723692,3,Good,8.77664325723692,Yield trend,Rainfall anomaly,
Haryana,Panipat,Wheat,2024-25,0.79,3.84,4851.0,4,True,5060.0,-4.130434782608695,0.81,-2.469135802469138,4.12,-6.796116504854374,4721.666666666667,2.7391457818566822,1026.07,85,0,365,837.01,73.23,1062.71,-3.447789142851775,2425.0,2425.0,2425.0,0.0,2.0,2.6666666666666665,,16.666666666666664,Low,True,True,True,-4.130434782608694,-2.4691358024691357,13.123183545718753,-3.5714285714285587,-40.17823307213673,,0.0,3.5714285714285587,40.17823307213673,,0.0,38.11000941671727,100.0,,0.0,30.0,7.622001883343454,,0.8499999999999999,44.26117868628643,3,Good,44.26117868628643,Rainfall anomaly,Area trend,
Haryana,Rewari,Maize,2021-22,0.0,0.0,3125.0,2,False,,,,,,,,,968.02,62,0,365,769.63,168.39,,,,,,,,,,,,False,True,True,,,,,,,,,,,,,,,,,,,0.0,,0,Insufficient,,,,
Haryana,Rewari,Maize,2024-25,0.0,0.0,3714.0,2,False,3125.0,18.848000000000003,0.0,,0.0,,3125.0,18.848000000000003,884.79,69,0,365,772.15,40.57,783.48,12.9307704089447,,,,,,,,,,False,True,True,18.848,,,,,,,,,,,,,,,,,,0.0,,0,Insufficient,,,,
Haryana,Rewari,Rice,2021-22,0.01,0.02,1976.0,4,True,,,,,,,,,968.02,62,0,365,769.63,168.39,,,,,,,,,,,,False,True,True,,,,,,,,,,,,,,,,,,,0.0,,0,Insufficient,,,,
Haryana,Rewari,Rice,2022-23,0.02,0.05,2449.0,4,True,1976.0,23.93724696356276,0.01,100.0,0.02,150.0,1976.0,23.93724696356276,789.11,73,1,365,534.01,171.98,968.02,-18.482056155864544,,,,,,,,,,False,True,True,23.937246963562764,100.0,,,,,,,,,,,,,,,,,0.0,,0,Insufficient,,,,
Haryana,Rewari,Rice,2023-24,0.02,0.07,2881.0,4,True,2449.0,17.63985300122499,0.02,0.0,0.05,40.00000000000001,2212.5,30.21468926553672,593.31,47,0,366,536.69,48.83,878.565,-32.46828635331479,,,,,,,,,,False,True,True,17.639853001224992,0.0,23.937246963562764,100.0,-18.482056155864544,,0.0,0.0,18.482056155864544,,0.0,0.0,52.560254014532184,,0.0,15.768076204359655,0.0,,0.8499999999999999,18.55067788748195,3,Good,18.55067788748195,Rainfall anomaly,,
Haryana,Rewari,Rice,2024-25,0.03,0.08,2667.0,4,True,2881.0,-7.427976397084346,0.02,49.99999999999999,0.07,14.285714285714276,2435.333333333333,9.512729263618937,884.79,69,0,365,772.15,40.57,783.48,12.9307704089447,,,,,,,,,,False,True,True,-7.427976397084346,50.0,17.639853001224992,0.0,-32.46828635331479,,0.0,-0.0,32.46828635331479,,0.0,-0.0,92.3350391187558,,0.0,27.70051173562674,-0.0,,0.8499999999999999,32.58883733603147,3,Good,32.58883733603147,Rainfall anomaly,,
Haryana,Rewari,Wheat,2021-22,0.28,1.28,4579.0,4,True,,,,,,,,,968.02,62,0,365,769.63,168.39,,,2424.3116666666665,2099.81,3023.365,519.3962098035885,3.0,1.3333333333333333,,25.0,Low,True,True,True,,,,,,,,,,,,,,,,,,,0.0,,0,Insufficient,,,,
Haryana,Rewari,Wheat,2022-23,0.33,1.39,4153.0,4,True,4579.0,-9.303341340904128,0.28,17.85714285714285,1.28,8.593749999999991,4579.0,-9.303341340904128,789.11,73,1,365,534.01,171.98,968.02,-18.482056155864544,,,,,0.0,0.0,,0.0,Low,False,True,True,-9.303341340904126,17.85714285714286,,,,,,,,,,,,,,,,,0.0,,0,Insufficient,,,,
Haryana,Rewari,Wheat,2023-24,0.31,1.45,4750.0,4,True,4153.0,14.37515049361907,0.33,-6.060606060606066,1.39,4.316546762589932,4366.0,8.795235913879981,593.31,47,0,366,536.69,48.83,878.565,-32.46828635331479,2275.71,2275.0,2276.42,1.0040916292849489,2.0,0.6666666666666666,,16.666666666666664,Low,True,True,True,14.37515049361906,-6.060606060606066,-9.303341340904126,17.85714285714286,-18.482056155864544,,9.303341340904126,0.0,18.482056155864544,,43.43832695214847,0.0,52.560254014532184,,15.203414433251965,15.768076204359655,0.0,,0.8499999999999999,36.43704780895485,3,Good,36.43704780895485,Rainfall anomaly,Yield trend,
Haryana,Rewari,Wheat,2024-25,0.33,1.44,4395.0,4,True,4750.0,-7.473684210526316,0.31,6.451612903225811,1.45,-0.6896551724137937,4494.0,-2.202937249666222,884.79,69,0,365,772.15,40.57,783.48,12.9307704089447,2573.7375,2420.0,2803.85,153.1617872661827,8.0,0.8,5.95094827138287,66.66666666666666,Moderate,True,True,True,-7.473684210526321,6.451612903225823,14.37515049361906,-6.060606060606066,-32.46828635331479,,0.0,6.060606060606066,32.46828635331479,,0.0,64.67153113139929,92.3350391187558,,0.0,27.70051173562674,12.934306226279858,,0.8499999999999999,47.80566819047836,3,Good,47.80566819047836,Rainfall anomaly,Area trend,
Haryana,Rohtak,Maize,2021-22,0.0,0.0,3152.0,2,False,,,,,,,,,1161.32,70,1,365,908.52,202.4,,,,,,,,,,,,False,True,True,,,,,,,,,,,,,,,,,,,0.0,,0,Insufficient,,,,
Haryana,Rohtak,Maize,2024-25,0.0,0.0,3714.0,2,False,3152.0,17.829949238578678,0.0,,0.0,,3152.0,17.829949238578678,933.67,76,0,365,753.51,59.06,944.3833333333332,-1.134426345234107,,,,,,,,,,False,True,True,17.829949238578678,,,,,,,,,,,,,,,,,,0.0,,0,Insufficient,,,,
Haryana,Rohtak,Rice,2021-22,0.67,1.91,2850.0,4,True,,,,,,,,,1161.32,70,1,365,908.52,202.4,,,,,,,,,,,,False,True,True,,,,,,,,,,,,,,,,,,,0.0,,0,Insufficient,,,,
Haryana,Rohtak,Rice,2022-23,0.79,2.3,2926.0,4,True,2850.0,2.666666666666667,0.67,17.91044776119403,1.91,20.418848167539263,2850.0,2.666666666666667,1029.15,76,0,365,734.63,196.67,1161.32,-11.38101470740191,,,,,,,,,,False,True,True,2.6666666666666616,17.910447761194035,,,,,,,,,,,,,,,,,0.0,,0,Insufficient,,,,
Haryana,Rohtak,Rice,2023-24,0.78,2.45,3126.0,4,True,2926.0,6.83526999316473,0.79,-1.2658227848101276,2.3,6.521739130434799,2888.0,8.240997229916898,642.68,55,0,366,567.97,65.15,1095.235,-41.32035590535366,,,,,,,,,,False,True,True,6.835269993164728,-1.2658227848101222,2.6666666666666616,17.910447761194035,-11.38101470740191,,0.0,0.0,11.38101470740191,,0.0,0.0,32.36593477043189,,0.0,9.709780431129568,0.0,,0.8499999999999999,11.423271095446552,3,Good,11.423271095446552,Rainfall anomaly,,
Haryana,Rohtak,Rice,2024-25,0.74,2.15,2899.0,4,True,3126.0,-7.26167626359565,0.78,-5.128205128205133,2.45,-12.244897959183684,2967.333333333333,-2.302853291395197,933.67,76,0,365,753.51,59.06,944.3833333333332,-1.134426345234107,2305.685,2300.0,2311.37,8.039804102090969,2.0,0.6666666666666666,,16.666666666666664,Low,True,True,True,-7.2616762635956515,-5.128205128205132,6.835269993164728,-1.2658227848101222,-41.32035590535366,,0.0,1.2658227848101222,41.32035590535366,,0.0,13.507345109722577,100.0,,0.0,30.0,2.7014690219445154,,0.8499999999999999,38.47231649640532,3,Good,38.47231649640532,Rainfall anomaly,Area trend,
Haryana,Rohtak,Wheat,2021-22,1.01,4.42,4373.0,4,True,,,,,,,,,1161.32,70,1,365,908.52,202.4,,,,,,,,,,,,False,True,True,,,,,,,,,,,,,,,,,,,0.0,,0,Insufficient,,,,
Haryana,Rohtak,Wheat,2022-23,1.03,4.3,4170.0,4,True,4373.0,-4.642122112965928,1.01,1.980198019801982,4.42,-2.714932126696835,4373.0,-4.642122112965928,1029.15,76,0,365,734.63,196.67,1161.32,-11.38101470740191,2130.07,2130.07,2130.07,,1.0,0.5,,8.333333333333332,Low,True,True,True,-4.64212211296593,1.980198019801982,,,,,,,,,,,,,,,,,0.0,,0,Insufficient,,,,
Haryana,Rohtak,Wheat,2023-24,1.03,4.7,4554.0,4,True,4170.0,9.20863309352518,1.03,0.0,4.3,9.302325581395356,4271.5,6.613601779234461,642.68,55,0,366,567.97,65.15,1095.235,-41.32035590535366,2275.0,2275.0,2275.0,0.0,2.0,0.6666666666666666,,16.666666666666664,Low,True,True,True,9.208633093525176,0.0,-4.64212211296593,1.980198019801982,-11.38101470740191,,4.64212211296593,0.0,11.38101470740191,,21.674580207890752,0.0,32.36593477043189,,7.586103072761762,9.709780431129568,0.0,,0.8499999999999999,20.348098239872158,3,Good,20.348098239872158,Rainfall anomaly,Yield trend,
Haryana,Rohtak,Wheat,2024-25,1.0,4.47,4476.0,4,True,4554.0,-1.7127799736495388,1.03,-2.912621359223304,4.7,-4.893617021276605,4365.666666666667,2.527296327403215,933.67,76,0,365,753.51,59.06,944.3833333333332,-1.134426345234107,2425.005,2425.0,2425.01,0.0070710678120198,2.0,1.0,,16.666666666666664,Low,True,True,True,-1.7127799736495364,-2.9126213592232997,9.208633093525176,0.0,-41.32035590535366,,0.0,-0.0,41.32035590535366,,0.0,-0.0,100.0,,0.0,30.0,-0.0,,0.8499999999999999,35.294117647058826,3,Good,35.294117647058826,Rainfall anomaly,,
Haryana,Sirsa,Maize,2021-22,0.0,0.0,1765.0,4,True,,,,,,,,,514.11,43,0,365,390.24,95.1,,,,,,,,,,,,False,True,True,,,,,,,,,,,,,,,,,,,0.0,,0,Insufficient,,,,
Haryana,Sirsa,Maize,2022-23,0.0,0.0,3400.0,4,True,1765.0,92.6345609065156,0.0,,0.0,,1765.0,92.6345609065156,695.17,50,1,365,543.65,52.11,514.11,35.2181439769699,,,,,,,,,,False,True,True,92.63456090651559,,,,,,,,,,,,,,,,,,0.0,,0,Insufficient,,,,
Haryana,Sirsa,Maize,2023-24,0.0,0.0,3685.0,4,True,3400.0,8.38235294117647,0.0,,0.0,,2582.5,42.69119070667957,504.72,39,1,366,348.47,146.27,604.64,-16.525535856046567,684.21,684.21,684.21,,1.0,0.5,,8.333333333333332,Low,True,True,True,8.382352941176464,,92.63456090651559,,35.2181439769699,,0.0,,35.2181439769699,,0.0,,100.0,,0.0,30.0,,,0.6499999999999999,46.15384615384616,2,Limited,46.15384615384616,Rainfall anomaly,,
Haryana,Sirsa,Maize,2024-25,0.0,0.0,3714.0,4,True,3685.0,0.7869742198100407,0.0,,0.0,,2950.0,25.898305084745765,620.72,54,0,365,507.17,49.35,571.3333333333334,8.644107351225202,,,,,0.0,0.0,,0.0,Low,False,True,True,0.7869742198100438,,8.382352941176464,,-16.525535856046567,,0.0,,16.525535856046567,,0.0,,46.99619755480809,,0.0,14.098859266442426,,,0.6499999999999999,21.690552717603737,2,Limited,21.690552717603737,Rainfall anomaly,,
Haryana,Sirsa,Rice,2021-22,1.06,3.72,3524.0,4,True,,,,,,,,,514.11,43,0,365,390.24,95.1,,,3202.56,3202.56,3202.56,,1.0,0.5,,8.333333333333332,Low,True,True,True,,,,,,,,,,,,,,,,,,,0.0,,0,Insufficient,,,,
Haryana,Sirsa,Rice,2022-23,1.13,3.95,3510.0,4,True,3524.0,-0.3972758229284903,1.06,6.603773584905645,3.72,6.18279569892473,3524.0,-0.3972758229284903,695.17,50,1,365,543.65,52.11,514.11,35.2181439769699,4337.390833333334,2803.025,5159.64,899.5245350373532,6.0,1.5,20.73883976800999,50.0,Moderate,True,True,True,-0.39727582292848895,6.603773584905648,,,,,,,,,,,,,,,,,0.0,,0,Insufficient,,,,
Haryana,Sirsa,Rice,2023-24,1.11,3.92,3515.0,4,True,3510.0,0.1424501424501424,1.13,-1.7699115044247606,3.95,-0.7594936708860822,3517.0,-0.0568666477111174,504.72,39,1,366,348.47,146.27,604.64,-16.525535856046567,3502.4275,2203.0,4712.115,1058.9798699590904,8.0,2.75,30.235597166796182,66.66666666666666,Moderate,True,True,True,0.14245014245013454,-1.7699115044247593,-0.39727582292848895,6.603773584905648,35.2181439769699,20.73883976800999,0.39727582292848895,0.0,35.2181439769699,20.73883976800999,1.8549246398901302,0.0,100.0,100.0,0.6492236239615455,30.0,0.0,15.0,0.9999999999999999,45.649223623961554,4,Complete,45.649223623961554,Rainfall anomaly,Price volatility,Yield trend
Haryana,Sirsa,Rice,2024-25,1.36,5.01,3676.0,4,True,3515.0,4.5803698435277385,1.11,22.52252252252252,3.92,27.806122448979583,3516.333333333333,4.540714759692857,620.72,54,0,365,507.17,49.35,571.3333333333334,8.644107351225202,3153.56125,2495.17,3960.0,437.39872109968815,8.0,1.8888888888888888,13.869992888189126,66.66666666666666,Moderate,True,True,True,4.580369843527743,22.522522522522515,0.14245014245013454,-1.7699115044247593,-16.525535856046567,30.235597166796182,0.0,1.7699115044247593,16.525535856046567,30.235597166796182,0.0,18.886376348107532,46.99619755480809,100.0,0.0,14.098859266442426,3.777275269621507,15.0,0.9999999999999999,32.87613453606394,4,Complete,32.87613453606394,Price volatility,Rainfall anomaly,Area trend
Haryana,Sirsa,Wheat,2021-22,2.58,11.06,4293.0,4,True,,,,,,,,,514.11,43,0,365,390.24,95.1,,,2081.7466666666664,2017.65,2198.87,101.5826886498548,3.0,1.0,,25.0,Low,True,True,True,,,,,,,,,,,,,,,,,,,0.0,,0,Insufficient,,,,
Haryana,Sirsa,Wheat,2022-23,2.7,12.05,4463.0,4,True,4293.0,3.9599347775448406,2.58,4.651162790697678,11.06,8.951175406871611,4293.0,3.9599347775448406,695.17,50,1,365,543.65,52.11,514.11,35.2181439769699,2165.835,2125.0,2247.5,70.72396464424202,3.0,3.25,,25.0,Low,True,True,True,3.959934777544838,4.651162790697683,,,,,,,,,,,,,,,,,0.0,,0,Insufficient,,,,
Haryana,Sirsa,Wheat,2023-24,2.7,13.53,5005.0,4,True,4463.0,12.144297557696616,2.7,0.0,12.05,12.282157676348536,4378.0,14.321608040201006,504.72,39,1,366,348.47,146.27,604.64,-16.525535856046567,2242.25,2119.0,2300.0,83.00752977893029,4.0,2.0,,33.33333333333333,Low,True,True,True,12.144297557696614,0.0,3.959934777544838,4.651162790697683,35.2181439769699,,0.0,0.0,35.2181439769699,,0.0,0.0,100.0,,0.0,30.0,0.0,,0.8499999999999999,35.294117647058826,3,Good,35.294117647058826,Rainfall anomaly,,
Haryana,Sirsa,Wheat,2024-25,2.81,14.09,5016.0,4,True,5005.0,0.2197802197802197,2.7,4.07407407407407,13.53,4.138950480413899,4587.0,9.352517985611511,620.72,54,0,365,507.17,49.35,571.3333333333334,8.644107351225202,2425.0075,2407.63,2442.4,14.19479570124202,4.0,3.0,,33.33333333333333,Low,True,True,True,0.219780219780219,4.074074074074074,12.144297557696614,0.0,-16.525535856046567,,0.0,-0.0,16.525535856046567,,0.0,-0.0,46.99619755480809,,0.0,14.098859266442426,-0.0,,0.8499999999999999,16.586893254638152,3,Good,16.586893254638152,Rainfall anomaly,,
Haryana,Sonipat,Maize,2021-22,0.01,0.02,3310.0,4,True,,,,,,,,,1161.32,70,1,365,908.52,202.4,,,,,,,,,,,,False,True,True,,,,,,,,,,,,,,,,,,,0.0,,0,Insufficient,,,,
Haryana,Sonipat,Maize,2022-23,0.0,0.02,3333.0,4,True,3310.0,0.6948640483383686,0.01,-100.0,0.02,0.0,3310.0,0.6948640483383686,1029.15,76,0,365,734.63,196.67,1161.32,-11.38101470740191,,,,,,,,,,False,True,True,0.6948640483383617,-100.0,,,,,,,,,,,,,,,,,0.0,,0,Insufficient,,,,
Haryana,Sonipat,Maize,2023-24,0.0,0.02,3685.0,4,True,3333.0,10.56105610561056,0.0,,0.02,0.0,3321.5,10.943850669878069,642.68,55,0,366,567.97,65.15,1095.235,-41.32035590535366,,,,,,,,,,False,True,True,10.561056105610556,,0.6948640483383617,-100.0,-11.38101470740191,,0.0,100.0,11.38101470740191,,0.0,100.0,32.36593477043189,,0.0,9.709780431129568,20.0,,0.8499999999999999,34.952682860152436,3,Good,34.952682860152436,Area trend,Rainfall anomaly,
Haryana,Sonipat,Maize,2024-25,0.0,0.01,3714.0,4,True,3685.0,0.7869742198100407,0.0,,0.02,-50.0,3442.6666666666665,7.881487219209919,933.67,76,0,365,753.51,59.06,944.3833333333332,-1.134426345234107,,,,,,,,,,False,True,True,0.7869742198100438,,10.561056105610556,,-41.32035590535366,,0.0,,41.32035590535366,,0.0,,100.0,,0.0,30.0,,,0.6499999999999999,46.15384615384616,2,Limited,46.15384615384616,Rainfall anomaly,,
Haryana,Sonipat,Rice,2021-22,1.14,3.05,2676.0,4,True,,,,,,,,,1161.32,70,1,365,908.52,202.4,,,,,,,,,,,,False,True,True,,,,,,,,,,,,,,,,,,,0.0,,0,Insufficient,,,,
Haryana,Sonipat,Rice,2022-23,1.2,3.45,2880.0,4,True,2676.0,7.623318385650224,1.14,5.263157894736848,3.05,13.114754098360669,2676.0,7.623318385650224,1029.15,76,0,365,734.63,196.67,1161.32,-11.38101470740191,,,,,,,,,,False,True,True,7.623318385650224,5.263157894736836,,,,,,,,,,,,,,,,,0.0,,0,Insufficient,,,,
Haryana,Sonipat,Rice,2023-24,1.14,3.24,2856.0,4,True,2880.0,-0.8333333333333334,1.2,-5.000000000000004,3.45,-6.086956521739129,2778.0,2.8077753779697625,642.68,55,0,366,567.97,65.15,1095.235,-41.32035590535366,3402.93,3402.93,3402.93,,1.0,0.5,,8.333333333333332,Low,True,True,True,-0.8333333333333304,-5.000000000000004,7.623318385650224,5.263157894736836,-11.38101470740191,,0.0,0.0,11.38101470740191,,0.0,0.0,32.36593477043189,,0.0,9.709780431129568,0.0,,0.8499999999999999,11.423271095446552,3,Good,11.423271095446552,Rainfall anomaly,,
Haryana,Sonipat,Rice,2024-25,1.18,3.51,2965.0,4,True,2856.0,3.816526610644258,1.14,3.5087719298245648,3.24,8.33333333333332,2804.0,5.741797432239657,933.67,76,0,365,753.51,59.06,944.3833333333332,-1.134426345234107,2930.0,2201.0,4199.0,916.2972588994616,4.0,0.6666666666666666,,33.33333333333333,Low,True,True,True,3.8165266106442663,3.5087719298245723,-0.8333333333333304,-5.000000000000004,-41.32035590535366,,0.8333333333333304,5.000000000000004,41.32035590535366,,3.89092525653144,53.35401318340441,100.0,,1.3618238397860039,30.0,10.670802636680882,,0.8499999999999999,49.450148795843404,3,Good,49.450148795843404,Rainfall anomaly,Area trend,Yield trend
Haryana,Sonipat,Wheat,2021-22,1.37,6.46,4720.0,4,True,,,,,,,,,1161.32,70,1,365,908.52,202.4,,,2017.74,2015.0,2020.48,3.874945160902293,2.0,0.6666666666666666,,16.666666666666664,Low,True,True,True,,,,,,,,,,,,,,,,,,,0.0,,0,Insufficient,,,,
Haryana,Sonipat,Wheat,2022-23,1.39,6.3,4530.0,4,True,4720.0,-4.025423728813559,1.37,1.4598540145985253,6.46,-2.4767801857585163,4720.0,-4.025423728813559,1029.15,76,0,365,734.63,196.67,1161.32,-11.38101470740191,2127.8175,2125.0,2130.635,3.98454671198635,2.0,1.0,,16.666666666666664,Low,True,True,True,-4.02542372881356,1.4598540145985162,,,,,,,,,,,,,,,,,0.0,,0,Insufficient,,,,
Haryana,Sonipat,Wheat,2023-24,1.37,6.12,4479.0,4,True,4530.0,-1.1258278145695364,1.39,-1.4388489208632946,6.3,-2.8571428571428523,4625.0,-3.1567567567567565,642.68,55,0,366,567.97,65.15,1095.235,-41.32035590535366,2275.0,2275.0,2275.0,0.0,3.0,1.6666666666666667,,25.0,Low,True,True,True,-1.1258278145695355,-1.4388489208632893,-4.02542372881356,1.4598540145985162,-11.38101470740191,,4.02542372881356,0.0,11.38101470740191,,18.79514742561804,0.0,32.36593477043189,,6.578301598966314,9.709780431129568,0.0,,0.8499999999999999,19.16244944717163,3,Good,19.16244944717163,Rainfall anomaly,Yield trend,
Haryana,Sonipat,Wheat,2024-25,1.39,6.21,4458.0,4,True,4479.0,-0.4688546550569323,1.37,1.4598540145985253,6.12,1.4705882352941153,4576.333333333333,-2.5857673537766708,933.67,76,0,365,753.51,59.06,944.3833333333332,-1.134426345234107,2350.0,2275.0,2425.0,86.60254037844386,4.0,0.6666666666666666,,33.33333333333333,Low,True,True,True,-0.46885465505692725,1.4598540145985162,-1.1258278145695355,-1.4388489208632893,-41.32035590535366,,1.1258278145695355,1.4388489208632893,41.32035590535366,,5.256614253857059,15.353672858533415,100.0,,1.8398149888499704,30.0,3.070734571706683,,0.8499999999999999,41.07123477712548,3,Good,41.07123477712548,Rainfall anomaly,Area trend,Yield trend
Haryana,Yamunanagar,Maize,2021-22,0.01,0.06,4475.0,4,True,,,,,,,,,1466.25,98,1,365,1132.21,271.56,,,,,,,,,,,,False,True,True,,,,,,,,,,,,,,,,,,,0.0,,0,Insufficient,,,,
Haryana,Yamunanagar,Maize,2022-23,0.0,0.0,4875.0,4,True,4475.0,8.938547486033519,0.01,-100.0,0.06,-100.0,4475.0,8.938547486033519,1542.93,104,1,365,1171.78,237.36,1466.25,5.229667519181589,,,,,,,,,,False,True,True,8.93854748603351,-100.0,,,,,,,,,,,,,,,,,0.0,,0,Insufficient,,,,
Haryana,Yamunanagar,Maize,2023-24,0.0,0.0,3685.0,4,True,4875.0,-24.41025641025641,0.0,,0.0,,4675.0,-21.176470588235293,1252.67,80,2,366,1106.63,127.12,1504.59,-16.743431765464347,2089.76,2089.76,2089.76,,1.0,1.0,,8.333333333333332,Low,True,True,True,-24.410256410256416,,8.93854748603351,-100.0,5.229667519181589,,0.0,100.0,5.229667519181589,,0.0,100.0,14.872406560268612,,0.0,4.4617219680805835,20.0,,0.8499999999999999,28.778496433035983,3,Good,28.778496433035983,Area trend,Rainfall anomaly,
Haryana,Yamunanagar,Maize,2024-25,0.0,0.0,3714.0,4,True,3685.0,0.7869742198100407,0.0,,0.0,,4345.0,-14.522439585730726,1556.73,116,2,365,1296.92,120.48,1420.6166666666668,9.581285122657992,2150.0,2150.0,2150.0,,1.0,0.3333333333333333,,8.333333333333332,Low,True,True,True,0.7869742198100438,,-24.410256410256416,,-16.743431765464347,,24.410256410256416,,16.743431765464347,,100.0,,47.61586152786079,,35.0,14.284758458358235,,,0.6499999999999999,75.82270532055114,2,Limited,75.82270532055114,Yield trend,Rainfall anomaly,
Haryana,Yamunanagar,Rice,2021-22,0.89,3.95,4454.0,4,True,,,,,,,,,1466.25,98,1,365,1132.21,271.56,,,1960.0,1960.0,1960.0,0.0,2.0,0.6666666666666666,,16.666666666666664,Low,True,True,True,,,,,,,,,,,,,,,,,,,0.0,,0,Insufficient,,,,
Haryana,Yamunanagar,Rice,2022-23,0.87,2.95,3409.0,4,True,4454.0,-23.46205657835653,0.89,-2.247191011235957,3.95,-25.316455696202528,4454.0,-23.46205657835653,1542.93,104,1,365,1171.78,237.36,1466.25,5.229667519181589,,,,,0.0,0.0,,0.0,Low,False,True,True,-23.46205657835654,-2.2471910112359605,,,,,,,,,,,,,,,,,0.0,,0,Insufficient,,,,
Haryana,Yamunanagar,Rice,2023-24,0.77,3.32,4286.0,4,True,3409.0,25.72601936051628,0.87,-11.494252873563216,2.95,12.54237288135592,3931.5,9.016914663614395,1252.67,80,2,366,1106.63,127.12,1504.59,-16.743431765464347,2203.0,2203.0,2203.0,0.0,3.0,1.25,,25.0,Low,True,True,True,25.726019360516283,-11.494252873563216,-23.46205657835654,-2.2471910112359605,5.229667519181589,,23.46205657835654,2.2471910112359605,5.229667519181589,,100.0,23.979331767822245,14.872406560268612,,35.0,4.4617219680805835,4.795866353564449,,0.8499999999999999,52.06775096664122,3,Good,52.06775096664122,Yield trend,Area trend,Rainfall anomaly
Haryana,Yamunanagar,Rice,2024-25,0.77,3.55,4621.0,4,True,4286.0,7.816145590293981,0.77,0.0,3.32,6.927710843373494,4049.6666666666665,14.108157049962964,1556.73,116,2,365,1296.92,120.48,1420.6166666666668,9.581285122657992,2315.945,2310.0,2320.0,5.261090666392246,3.0,2.5,,25.0,Low,True,True,True,7.816145590293977,0.0,25.726019360516283,-11.494252873563216,-16.743431765464347,,0.0,11.494252873563216,16.743431765464347,,0.0,100.0,47.61586152786079,,0.0,14.284758458358235,20.0,,0.8499999999999999,40.335009951009695,3,Good,40.335009951009695,Area trend,Rainfall anomaly,
Haryana,Yamunanagar,Wheat,2021-22,0.94,4.26,4510.0,4,True,,,,,,,,,1466.25,98,1,365,1132.21,271.56,,,2015.0,2015.0,2015.0,0.0,2.0,0.6666666666666666,,16.666666666666664,Low,True,True,True,,,,,,,,,,,,,,,,,,,0.0,,0,Insufficient,,,,
Haryana,Yamunanagar,Wheat,2022-23,0.93,4.77,5143.0,4,True,4510.0,14.035476718403547,0.94,-1.063829787234032,4.26,11.971830985915489,4510.0,14.035476718403547,1542.93,104,1,365,1171.78,237.36,1466.25,5.229667519181589,2125.0,2125.0,2125.0,0.0,2.0,3.333333333333333,,16.666666666666664,Low,True,True,True,14.035476718403551,-1.0638297872340274,,,,,,,,,,,,,,,,,0.0,,0,Insufficient,,,,
Haryana,Yamunanagar,Wheat,2023-24,0.95,4.52,4769.0,4,True,5143.0,-7.272020221660509,0.93,2.150537634408592,4.77,-5.241090146750524,4826.5,-1.1913394799544184,1252.67,80,2,366,1106.63,127.12,1504.59,-16.743431765464347,2275.0,2275.0,2275.0,0.0,2.0,3.333333333333333,,16.666666666666664,Low,True,True,True,-7.272020221660513,2.1505376344086002,14.035476718403551,-1.0638297872340274,5.229667519181589,,0.0,1.0638297872340274,5.229667519181589,,0.0,11.35191769859651,14.872406560268612,,0.0,4.4617219680805835,2.2703835397193024,,0.8499999999999999,7.920124126823397,3,Good,7.920124126823397,Rainfall anomaly,Area trend,
Haryana,Yamunanagar,Wheat,2024-25,0.99,4.96,5002.0,4,True,4769.0,4.885720276787586,0.95,4.210526315789478,4.52,9.734513274336292,4807.333333333333,4.049369019553466,1556.73,116,2,365,1296.92,120.48,1420.6166666666668,9.581285122657992,2425.0,2425.0,2425.0,0.0,2.0,3.0,,16.666666666666664,Low,True,True,True,4.885720276787597,4.210526315789487,-7.272020221660513,2.1505376344086002,-16.743431765464347,,7.272020221660513,0.0,16.743431765464347,,33.95386457575962,0.0,47.61586152786079,,11.883852601515866,14.284758458358235,0.0,,0.8499999999999999,30.786601246910713,3,Good,30.786601246910713,Rainfall anomaly,Yield trend,
Punjab,Amritsar,Maize,2021-22,0.01,0.03,3714.0,4,True,,,,,,,,,1191.8,83,1,365,862.78,296.58,,,1574.5,1574.5,1574.5,,1.0,0.6666666666666666,,8.333333333333332,Low,True,True,True,,,,,,,,,,,,,,,,,,,0.0,,0,Insufficient,,,,
Punjab,Amritsar,Maize,2022-23,0.02,0.07,4063.0,4,True,3714.0,9.396876682821755,0.01,100.0,0.03,133.33333333333337,3714.0,9.396876682821755,1397.78,108,2,365,1086.75,183.77,1191.8,17.28310119147508,1865.605,1515.845,2100.0,308.69253056237045,3.0,1.5,,25.0,Low,True,True,True,9.396876682821764,100.0,,,,,,,,,,,,,,,,,0.0,,0,Insufficient,,,,
Punjab,Amritsar,Maize,2023-24,0.02,0.03,1832.0,4,True,4063.0,-54.9101649027812,0.02,0.0,0.07,-57.14285714285715,3888.5,-52.886717243152894,1271.93,92,1,366,941.29,248.1,1294.79,-1.7655372685918105,1876.8283333333336,1599.0,2031.485,241.1208481412036,3.0,1.75,,25.0,Low,True,True,True,-54.9101649027812,0.0,9.396876682821764,100.0,17.28310119147508,,0.0,0.0,17.28310119147508,,0.0,0.0,49.15060213657819,,0.0,14.745180640973457,0.0,,0.8499999999999999,17.347271342321715,3,Good,17.347271342321715,Rainfall anomaly,,
Punjab,Amritsar,Maize,2024-25,0.0,0.01,4600.0,4,True,1832.0,151.09170305676855,0.02,-100.0,0.03,-66.66666666666666,3203.0,43.61536059943803,1158.33,92,0,365,926.78,154.49,1287.17,-10.009555847323986,2060.646666666667,1887.5,2200.3,159.0670064260133,3.0,1.2,,25.0,Low,True,True,True,151.09170305676858,-100.0,-54.9101649027812,0.0,-1.7655372685918105,,54.9101649027812,-0.0,1.7655372685918105,,100.0,-0.0,5.020928760670572,,35.0,1.5062786282011718,-0.0,,0.8499999999999999,42.948563092001386,3,Good,42.948563092001386,Yield trend,Rainfall anomaly,
Punjab,Amritsar,Rice,2021-22,1.83,6.59,3601.0,4,True,,,,,,,,,1191.8,83,1,365,862.78,296.58,,,1978.3333333333333,1960.0,2015.0,31.75426480542945,3.0,4.333333333333333,,25.0,Low,True,True,True,,,,,,,,,,,,,,,,,,,0.0,,0,Insufficient,,,,
Punjab,Amritsar,Rice,2022-23,1.81,6.44,3558.0,4,True,3601.0,-1.1941127464593169,1.83,-1.0928961748633887,6.59,-2.276176024279203,3601.0,-1.1941127464593169,1397.78,108,2,365,1086.75,183.77,1191.8,17.28310119147508,1973.75,1650.0,2125.0,217.9975152763597,4.0,3.0,,33.33333333333333,Low,True,True,True,-1.1941127464593193,-1.0928961748633892,,,,,,,,,,,,,,,,,0.0,,0,Insufficient,,,,
Punjab,Amritsar,Rice,2023-24,1.81,5.79,3197.0,4,True,3558.0,-10.146149522203483,1.81,0.0,6.44,-10.09316770186336,3579.5,-10.685849979047353,1271.93,92,1,366,941.29,248.1,1294.79,-1.7655372685918105,2662.0,2203.0,3580.0,795.0113206741147,3.0,3.5,,25.0,Low,True,True,True,-10.146149522203485,0.0,-1.1941127464593193,-1.0928961748633892,17.28310119147508,,1.1941127464593193,1.0928961748633892,17.28310119147508,,5.575444133213646,11.662079384350694,49.15060213657819,,1.951405446624776,14.745180640973457,2.332415876870139,,0.8499999999999999,22.38706113466868,3,Good,22.38706113466868,Rainfall anomaly,Area trend,Yield trend
Punjab,Amritsar,Rice,2024-25,1.82,6.27,3438.0,4,True,3197.0,7.538317172349076,1.81,0.5524861878453043,5.79,8.2901554404145,3452.0,-0.4055619930475087,1158.33,92,0,365,926.78,154.49,1287.17,-10.009555847323986,2202.5,1850.0,2320.0,235.0,4.0,4.75,,33.33333333333333,Low,True,True,True,7.538317172349074,0.5524861878453136,-10.146149522203485,0.0,-1.7655372685918105,,10.146149522203485,-0.0,1.7655372685918105,,47.37349131898329,-0.0,5.020928760670572,,16.58072196164415,1.5062786282011718,-0.0,,0.8499999999999999,21.278824223347442,3,Good,21.278824223347442,Yield trend,Rainfall anomaly,
Punjab,Amritsar,Wheat,2021-22,1.89,8.43,4453.0,4,True,,,,,,,,,1191.8,83,1,365,862.78,296.58,,,2015.0,2015.0,2015.0,0.0,2.0,3.6666666666666665,,16.666666666666664,Low,True,True,True,,,,,,,,,,,,,,,,,,,0.0,,0,Insufficient,,,,
Punjab,Amritsar,Wheat,2022-23,1.89,9.05,4788.0,4,True,4453.0,7.52301818998428,1.89,0.0,8.43,7.354685646500606,4453.0,7.52301818998428,1397.78,108,2,365,1086.75,183.77,1191.8,17.28310119147508,2125.0,2125.0,2125.0,0.0,2.0,4.333333333333333,,16.666666666666664,Low,True,True,True,7.523018189984287,0.0,,,,,,,,,,,,,,,,,0.0,,0,Insufficient,,,,
Punjab,Amritsar,Wheat,2023-24,1.89,9.33,4949.0,4,True,4788.0,3.3625730994152043,1.89,0.0,9.05,3.093922651933694,4620.5,7.109620170977167,1271.93,92,1,366,941.29,248.1,1294.79,-1.7655372685918105,2257.98,2203.0,2278.92,36.69988555840469,4.0,5.0,,33.33333333333333,Low,True,True,True,3.3625730994152114,0.0,7.523018189984287,0.0,17.28310119147508,,0.0,-0.0,17.28310119147508,,0.0,-0.0,49.15060213657819,,0.0,14.745180640973457,-0.0,,0.8499999999999999,17.347271342321715,3,Good,17.347271342321715,Rainfall anomaly,,
Punjab,Amritsar,Wheat,2024-25,1.86,9.67,5188.0,4,True,4949.0,4.829258436047686,1.89,-1.5873015873015772,9.33,3.644158628081456,4730.0,9.682875264270614,1158.33,92,0,365,926.78,154.49,1287.17,-10.009555847323986,2376.6766666666667,2280.0,2425.03,83.72445063022698,3.0,2.1666666666666665,,25.0,Low,True,True,True,4.82925843604769,-1.5873015873015817,3.3625730994152114,0.0,-1.7655372685918105,,0.0,-0.0,1.7655372685918105,,0.0,-0.0,5.020928760670572,,0.0,1.5062786282011718,-0.0,,0.8499999999999999,1.7720925037660846,3,Good,1.7720925037660846,Rainfall anomaly,,
Punjab,Barnala,Maize,2024-25,0.0,0.0,4200.0,1,False,,,,,,,,,804.41,71,0,365,675.29,76.85,897.8100000000001,-10.403091968233822,2198.48,2038.89,2356.55,158.83545479520623,3.0,0.6,,25.0,Low,True,True,True,,,,,,,,,,,,,,,,,,,0.0,,0,Insufficient,,,,
Punjab,Barnala,Rice,2021-22,1.16,5.51,4746.0,4,True,,,,,,,,,768.5,55,0,365,548.1,177.91,,,1960.0,1960.0,1960.0,0.0,2.0,3.5,,16.666666666666664,Low,True,True,True,,,,,,,,,,,,,,,,,,,0.0,,0,Insufficient,,,,
Punjab,Barnala,Rice,2022-23,1.15,6.01,5249.0,4,True,4746.0,10.598398651495996,1.16,-0.8620689655172422,5.51,9.074410163339383,4746.0,10.598398651495996,928.09,73,0,365,726.61,102.26,768.5,20.76642810670137,2060.0,2060.0,2060.0,0.0,2.0,1.6666666666666667,,16.666666666666664,Low,True,True,True,10.598398651495987,-0.8620689655172376,,,,,,,,,,,,,,,,,0.0,,0,Insufficient,,,,
Punjab,Barnala,Rice,2023-24,1.15,6.1,5327.0,4,True,5249.0,1.4859973328253,1.15,0.0,6.01,1.4975041597337746,4997.5,6.593296648324162,996.84,61,1,366,847.4200000000001,133.62,848.2950000000001,17.511007373614127,2203.0,2203.0,2203.0,0.0,2.0,1.3333333333333333,,16.666666666666664,Low,True,True,True,1.4859973328253062,0.0,10.598398651495987,-0.8620689655172376,20.76642810670137,,0.0,0.8620689655172376,20.76642810670137,,0.0,9.19896779024209,59.05667243178482,,0.0,17.717001729535443,1.8397935580484182,,0.8499999999999999,23.007994455981017,3,Good,23.007994455981017,Rainfall anomaly,Area trend,
Punjab,Barnala,Rice,2024-25,1.15,5.62,4909.0,4,True,5327.0,-7.846818096489581,1.15,0.0,6.1,-7.868852459016386,5107.333333333333,-3.883305051559842,804.41,71,0,365,675.29,76.85,897.8100000000001,-10.403091968233822,2320.0,2320.0,2320.0,0.0,3.0,3.6666666666666665,,25.0,Low,True,True,True,-7.846818096489583,0.0,1.4859973328253062,0.0,17.511007373614127,,0.0,-0.0,17.511007373614127,,0.0,-0.0,49.79873385545675,,0.0,14.939620156637025,-0.0,,0.8499999999999999,17.57602371369062,3,Good,17.57602371369062,Rainfall anomaly,,
Punjab,Barnala,Wheat,2021-22,1.15,5.25,4573.0,4,True,,,,,,,,,768.5,55,0,365,548.1,177.91,,,2015.0,2015.0,2015.0,0.0,2.0,1.3333333333333333,,16.666666666666664,Low,True,True,True,,,,,,,,,,,,,,,,,,,0.0,,0,Insufficient,,,,
Punjab,Barnala,Wheat,2022-23,1.13,5.74,5063.0,4,True,4573.0,10.71506669582331,1.15,-1.7391304347826104,5.25,9.333333333333336,4573.0,10.71506669582331,928.09,73,0,365,726.61,102.26,768.5,20.76642810670137,2125.0,2125.0,2125.0,0.0,2.0,1.3333333333333333,,16.666666666666664,Low,True,True,True,10.715066695823317,-1.7391304347826098,,,,,,,,,,,,,,,,,0.0,,0,Insufficient,,,,
Punjab,Barnala,Wheat,2023-24,1.13,6.28,5544.0,4,True,5063.0,9.500296267035354,1.13,0.0,5.74,9.40766550522648,4818.0,15.068493150684931,996.84,61,1,366,847.4200000000001,133.62,848.2950000000001,17.511007373614127,2275.0,2275.0,2275.0,0.0,2.0,2.6666666666666665,,16.666666666666664,Low,True,True,True,9.500296267035345,0.0,10.715066695823317,-1.7391304347826098,20.76642810670137,,0.0,1.7391304347826098,20.76642810670137,,0.0,18.557917629010227,59.05667243178482,,0.0,17.717001729535443,3.7115835258020455,,0.8499999999999999,25.21010030039705,3,Good,25.21010030039705,Rainfall anomaly,Area trend,
Punjab,Barnala,Wheat,2024-25,1.14,6.03,5276.0,4,True,5544.0,-4.834054834054834,1.13,0.8849557522123902,6.28,-3.980891719745223,5060.0,4.2687747035573125,804.41,71,0,365,675.29,76.85,897.8100000000001,-10.403091968233822,2476.6666666666665,2425.0,2580.0,89.48929172439196,3.0,3.75,,25.0,Low,True,True,True,-4.834054834054835,0.8849557522123908,9.500296267035345,0.0,17.511007373614127,,0.0,-0.0,17.511007373614127,,0.0,-0.0,49.79873385545675,,0.0,14.939620156637025,-0.0,,0.8499999999999999,17.57602371369062,3,Good,17.57602371369062,Rainfall anomaly,,
Punjab,Bathinda,Maize,2021-22,0.0,0.0,4000.0,4,True,,,,,,,,,542.75,49,0,365,386.46,127.02,,,,,,,,,,,,False,True,True,,,,,,,,,,,,,,,,,,,0.0,,0,Insufficient,,,,
Punjab,Bathinda,Maize,2022-23,0.0,0.01,4500.0,4,True,4000.0,12.5,0.0,,0.0,,4000.0,12.5,795.59,64,1,365,634.07,66.41,542.75,46.584983878397054,,,,,,,,,,False,True,True,12.5,,,,,,,,,,,,,,,,,,0.0,,0,Insufficient,,,,
Punjab,Bathinda,Maize,2023-24,0.01,0.02,3827.0,4,True,4500.0,-14.955555555555556,0.0,,0.01,100.0,4250.0,-9.952941176470588,646.88,51,2,366,499.49,135.98999999999998,669.1700000000001,-3.330992124572243,2173.16,2173.16,2173.16,,1.0,1.0,,8.333333333333332,Low,True,True,True,-14.955555555555556,,12.5,,46.584983878397054,,0.0,,46.584983878397054,,0.0,,100.0,,0.0,30.0,,,0.6499999999999999,46.15384615384616,2,Limited,46.15384615384616,Rainfall anomaly,,
Punjab,Bathinda,Maize,2024-25,0.0,0.0,4200.0,4,True,3827.0,9.746537758035014,0.01,-100.0,0.02,-100.0,4109.0,2.2146507666098807,643.8100000000001,61,0,365,538.7,53.61,661.74,-2.7095233777616508,2138.47,2138.47,2138.47,,1.0,0.5,,8.333333333333332,Low,True,True,True,9.746537758035023,-100.0,-14.955555555555556,,-3.330992124572243,,14.955555555555556,,3.330992124572243,,69.82913860388447,,9.472852517676685,,24.440198511359565,2.8418557553030053,,,0.6499999999999999,41.97239117948088,2,Limited,41.97239117948088,Yield trend,Rainfall anomaly,
Punjab,Bathinda,Rice,2021-22,1.8,8.29,4595.0,4,True,,,,,,,,,542.75,49,0,365,386.46,127.02,,,1978.3333333333333,1960.0,2015.0,31.75426480542945,3.0,8.333333333333334,,25.0,Low,True,True,True,,,,,,,,,,,,,,,,,,,0.0,,0,Insufficient,,,,
Punjab,Bathinda,Rice,2022-23,1.9,9.01,4747.0,4,True,4595.0,3.3079434167573445,1.8,5.555555555555548,8.29,8.685162846803387,4595.0,3.3079434167573445,795.59,64,1,365,634.07,66.41,542.75,46.584983878397054,2060.0,2060.0,2060.0,0.0,2.0,2.0,,16.666666666666664,Low,True,True,True,3.307943416757353,5.555555555555558,,,,,,,,,,,,,,,,,0.0,,0,Insufficient,,,,
Punjab,Bathinda,Rice,2023-24,2.0,9.49,4745.0,4,True,4747.0,-0.0421318727617442,1.9,5.263157894736848,9.01,5.327413984461714,4671.0,1.5842432027403124,646.88,51,2,366,499.49,135.98999999999998,669.1700000000001,-3.330992124572243,2203.0,2203.0,2203.0,0.0,3.0,3.6666666666666665,,25.0,Low,True,True,True,-0.04213187276174146,5.263157894736836,3.307943416757353,5.555555555555558,46.584983878397054,,0.0,0.0,46.584983878397054,,0.0,0.0,100.0,,0.0,30.0,0.0,,0.8499999999999999,35.294117647058826,3,Good,35.294117647058826,Rainfall anomaly,,
Punjab,Bathinda,Rice,2024-25,2.17,9.81,4530.0,4,True,4745.0,-4.531085353003162,2.0,8.499999999999996,9.49,3.3719704952581697,4695.666666666667,-3.5280755306310847,643.8100000000001,61,0,365,538.7,53.61,661.74,-2.7095233777616508,2320.0,2320.0,2320.0,0.0,3.0,3.0,,25.0,Low,True,True,True,-4.531085353003162,8.499999999999996,-0.04213187276174146,5.263157894736836,-3.330992124572243,,0.04213187276174146,0.0,3.330992124572243,,0.1967183614003553,0.0,9.472852517676685,,0.06885142649012435,2.8418557553030053,0.0,,0.8499999999999999,3.4243613903448593,3,Good,3.4243613903448593,Rainfall anomaly,Yield trend,
Punjab,Bathinda,Wheat,2021-22,2.61,11.49,4407.0,4,True,,,,,,,,,542.75,49,0,365,386.46,127.02,,,2015.0,2015.0,2015.0,0.0,2.0,2.6666666666666665,,16.666666666666664,Low,True,True,True,,,,,,,,,,,,,,,,,,,0.0,,0,Insufficient,,,,
Punjab,Bathinda,Wheat,2022-23,2.54,12.57,4950.0,4,True,4407.0,12.3213070115725,2.61,-2.6819923371647447,11.49,9.39947780678851,4407.0,12.3213070115725,795.59,64,1,365,634.07,66.41,542.75,46.584983878397054,2103.333333333333,2060.0,2125.0,37.52776749732564,3.0,2.0,,25.0,Low,True,True,True,12.321307011572502,-2.6819923371647403,,,,,,,,,,,,,,,,,0.0,,0,Insufficient,,,,
Punjab,Bathinda,Wheat,2023-24,2.54,12.68,4986.0,4,True,4950.0,0.7272727272727273,2.54,0.0,12.57,0.8750994431185316,4678.5,6.572619429304265,646.88,51,2,366,499.49,135.98999999999998,669.1700000000001,-3.330992124572243,2275.0,2275.0,2275.0,0.0,2.0,2.0,,16.666666666666664,Low,True,True,True,0.727272727272732,0.0,12.321307011572502,-2.6819923371647403,46.584983878397054,,0.0,2.6819923371647403,46.584983878397054,,0.0,28.619010902975404,100.0,,0.0,30.0,5.723802180595081,,0.8499999999999999,42.028002565405984,3,Good,42.028002565405984,Rainfall anomaly,Area trend,
Punjab,Bathinda,Wheat,2024-25,2.55,13.66,5350.0,4,True,4986.0,7.300441235459286,2.54,0.3937007874015664,12.68,7.728706624605682,4781.0,11.901275883706337,643.8100000000001,61,0,365,538.7,53.61,661.74,-2.7095233777616508,2425.0,2425.0,2425.0,0.0,2.0,2.0,,16.666666666666664,Low,True,True,True,7.300441235459276,0.3937007874015741,0.727272727272732,0.0,-3.330992124572243,,0.0,-0.0,3.330992124572243,,0.0,-0.0,9.472852517676685,,0.0,2.8418557553030053,-0.0,,0.8499999999999999,3.3433597121211833,3,Good,3.3433597121211833,Rainfall anomaly,,
Punjab,Faridkot,Maize,2021-22,0.0,0.01,4000.0,1,False,,,,,,,,,630.93,52,0,365,435.01,169.97,,,,,,,,,,,,False,True,True,,,,,,,,,,,,,,,,,,,0.0,,0,Insufficient,,,,
Punjab,Faridkot,Rice,2021-22,1.16,5.03,4347.0,4,True,,,,,,,,,630.93,52,0,365,435.01,169.97,,,1978.3433333333328,1960.0,2015.0,31.745608095189137,3.0,2.333333333333333,,25.0,Low,True,True,True,,,,,,,,,,,,,,,,,,,0.0,,0,Insufficient,,,,
Punjab,Faridkot,Rice,2022-23,1.16,5.19,4478.0,4,True,4347.0,3.01357257878997,1.16,0.0,5.03,3.180914512922468,4347.0,3.01357257878997,865.5600000000001,66,1,365,692.84,81.98,630.93,37.18796062954688,2061.6666666666665,2060.0,2065.0,2.886751345948096,3.0,1.2,,25.0,Low,True,True,True,3.0135725787899803,0.0,,,,,,,,,,,,,,,,,0.0,,0,Insufficient,,,,
Punjab,Faridkot,Rice,2023-24,1.17,5.4,4618.0,4,True,4478.0,3.126395712371594,1.16,0.8620689655172422,5.19,4.046242774566473,4412.5,4.657223796033994,843.99,63,1,366,699.77,129.9,748.245,12.795942505462785,2203.0,2203.0,2203.0,0.0,2.0,1.5,,16.666666666666664,Low,True,True,True,3.126395712371588,0.8620689655172376,3.0135725787899803,0.0,37.18796062954688,,0.0,-0.0,37.18796062954688,,0.0,-0.0,100.0,,0.0,30.0,-0.0,,0.8499999999999999,35.294117647058826,3,Good,35.294117647058826,Rainfall anomaly,,
Punjab,Faridkot,Rice,2024-25,1.17,5.14,4388.0,4,True,4618.0,-4.980511043741879,1.17,0.0,5.4,-4.814814814814827,4481.0,-2.075429591609016,708.94,63,0,365,605.97,62.09,780.16,-9.128896636587356,2320.0,2320.0,2320.0,0.0,2.0,2.6666666666666665,,16.666666666666664,Low,True,True,True,-4.980511043741876,0.0,3.126395712371588,0.8620689655172376,12.795942505462785,,0.0,0.0,12.795942505462785,,0.0,0.0,36.38978167637825,,0.0,10.916934502913474,0.0,,0.8499999999999999,12.843452356368795,3,Good,12.843452356368795,Rainfall anomaly,,
Punjab,Faridkot,Wheat,2021-22,1.16,5.29,4580.0,4,True,,,,,,,,,630.93,52,0,365,435.01,169.97,,,2015.0,2015.0,2015.0,0.0,2.0,1.6666666666666667,,16.666666666666664,Low,True,True,True,,,,,,,,,,,,,,,,,,,0.0,,0,Insufficient,,,,
Punjab,Faridkot,Wheat,2022-23,1.15,5.05,4376.0,4,True,4580.0,-4.45414847161572,1.16,-0.8620689655172422,5.29,-4.536862003780722,4580.0,-4.45414847161572,865.5600000000001,66,1,365,692.84,81.98,630.93,37.18796062954688,2125.0,2125.0,2125.0,0.0,2.0,1.6666666666666667,,16.666666666666664,Low,True,True,True,-4.454148471615715,-0.8620689655172376,,,,,,,,,,,,,,,,,0.0,,0,Insufficient,,,,
Punjab,Faridkot,Wheat,2023-24,1.15,6.04,5258.0,4,True,4376.0,20.155393053016454,1.15,0.0,5.05,19.603960396039607,4478.0,17.418490397498886,843.99,63,1,366,699.77,129.9,748.245,12.795942505462785,2275.0,2275.0,2275.0,0.0,2.0,2.6666666666666665,,16.666666666666664,Low,True,True,True,20.155393053016457,0.0,-4.454148471615715,-0.8620689655172376,37.18796062954688,,4.454148471615715,0.8620689655172376,37.18796062954688,,20.79691054146067,9.19896779024209,100.0,,7.278918689511234,30.0,1.8397935580484182,,0.8499999999999999,46.02201440889372,3,Good,46.02201440889372,Rainfall anomaly,Yield trend,Area trend
Punjab,Faridkot,Wheat,2024-25,1.15,6.08,5289.0,4,True,5258.0,0.5895777862305058,1.15,0.0,6.04,0.6622516556291397,4738.0,11.629379485014772,708.94,63,0,365,605.97,62.09,780.16,-9.128896636587356,2425.0,2425.0,2425.0,0.0,2.0,2.6666666666666665,,16.666666666666664,Low,True,True,True,0.5895777862304996,0.0,20.155393053016457,0.0,12.795942505462785,,0.0,-0.0,12.795942505462785,,0.0,-0.0,36.38978167637825,,0.0,10.916934502913474,-0.0,,0.8499999999999999,12.843452356368795,3,Good,12.843452356368795,Rainfall anomaly,,
Punjab,Fatehgarh Sahib,Maize,2022-23,0.0,0.01,4500.0,3,False,,,,,,,,,1202.13,88,2,365,931.57,135.18,968.74,24.09211966059005,1071.29,1071.29,1071.29,,1.0,0.5,,8.333333333333332,Low,True,True,True,,,,,,,,,,,,,,,,,,,0.0,,0,Insufficient,,,,
Punjab,Fatehgarh Sahib,Maize,2023-24,0.0,0.01,3827.0,3,False,4500.0,-14.955555555555556,0.0,,0.01,0.0,4500.0,-14.955555555555556,1093.66,72,3,366,934.04,137.46,1085.435,0.7577607134466953,1575.4716666666666,1100.0,2109.855,507.4984912374946,3.0,1.25,,25.0,Low,True,True,True,-14.955555555555556,,,,24.09211966059005,,,,24.09211966059005,,,,68.51445090471235,,,20.554335271413702,,,0.3,68.51445090471235,1,Very Limited,,Rainfall anomaly,,
Punjab,Fatehgarh Sahib,Maize,2024-25,0.0,0.01,4250.0,3,False,3827.0,11.053044159916384,0.0,,0.01,0.0,4163.5,2.077578960009608,1047.61,97,0,365,865.21,101.54,1088.1766666666667,-3.727948586779736,2263.875,2086.8450000000003,2425.0,140.2554224144886,4.0,1.2,,33.33333333333333,Low,True,True,True,11.053044159916393,,-14.955555555555556,,0.7577607134466953,,14.955555555555556,,0.7577607134466953,,69.82913860388447,,2.1549602081667505,,24.440198511359565,0.6464880624500251,,,0.6499999999999999,38.59490242124553,2,Limited,38.59490242124553,Yield trend,Rainfall anomaly,
Punjab,Fatehgarh Sahib,Rice,2021-22,0.87,4.12,4719.0,4,True,,,,,,,,,968.74,66,0,365,705.04,206.19,,,1960.0,1960.0,1960.0,0.0,2.0,2.5,,16.666666666666664,Low,True,True,True,,,,,,,,,,,,,,,,,,,0.0,,0,Insufficient,,,,
Punjab,Fatehgarh Sahib,Rice,2022-23,0.87,3.52,4027.0,4,True,4719.0,-14.664123755032843,0.87,0.0,4.12,-14.563106796116507,4719.0,-14.664123755032843,1202.13,88,2,365,931.57,135.18,968.74,24.09211966059005,2060.0,2060.0,2060.0,0.0,2.0,2.0,,16.666666666666664,Low,True,True,True,-14.664123755032843,0.0,,,,,,,,,,,,,,,,,0.0,,0,Insufficient,,,,
Punjab,Fatehgarh Sahib,Rice,2023-24,0.87,4.18,4784.0,4,True,4027.0,18.79811273901167,0.87,0.0,3.52,18.75,4373.0,9.398582209009833,1093.66,72,3,366,934.04,137.46,1085.435,0.7577607134466953,2203.0,2203.0,2203.0,0.0,3.0,2.6666666666666665,,25.0,Low,True,True,True,18.798112739011664,0.0,-14.664123755032843,0.0,24.09211966059005,,14.664123755032843,-0.0,24.09211966059005,,68.46841138003217,-0.0,68.51445090471235,,23.963943983011255,20.554335271413702,-0.0,,0.8499999999999999,52.374446181676426,3,Good,52.374446181676426,Yield trend,Rainfall anomaly,
Punjab,Fatehgarh Sahib,Rice,2024-25,0.88,4.1,4675.0,4,True,4784.0,-2.278428093645485,0.87,1.1494252873563229,4.18,-1.913875598086126,4510.0,3.658536585365853,1047.61,97,0,365,865.21,101.54,1088.1766666666667,-3.727948586779736,2320.0,2320.0,2320.0,0.0,2.0,2.6666666666666665,,16.666666666666664,Low,True,True,True,-2.2784280936454904,1.1494252873563315,18.798112739011664,0.0,0.7577607134466953,,0.0,-0.0,0.7577607134466953,,0.0,-0.0,2.1549602081667505,,0.0,0.6464880624500251,-0.0,,0.8499999999999999,0.7605741911176767,3,Good,0.7605741911176767,Rainfall anomaly,,
Punjab,Fatehgarh Sahib,Wheat,2021-22,0.85,2.9,3400.0,4,True,,,,,,,,,968.74,66,0,365,705.04,206.19,,,2016.77,2015.0,2018.54,2.5031580054003526,2.0,2.333333333333333,,16.666666666666664,Low,True,True,True,,,,,,,,,,,,,,,,,,,0.0,,0,Insufficient,,,,
Punjab,Fatehgarh Sahib,Wheat,2022-23,0.85,4.05,4789.0,4,True,3400.0,40.85294117647059,0.85,0.0,2.9,39.655172413793096,3400.0,40.85294117647059,1202.13,88,2,365,931.57,135.18,968.74,24.09211966059005,2125.0,2125.0,2125.0,0.0,2.0,2.333333333333333,,16.666666666666664,Low,True,True,True,40.85294117647058,0.0,,,,,,,,,,,,,,,,,0.0,,0,Insufficient,,,,
Punjab,Fatehgarh Sahib,Wheat,2023-24,0.85,4.17,4938.0,4,True,4789.0,3.11129672165379,0.85,0.0,4.05,2.962962962962966,4094.5,20.600805959213577,1093.66,72,3,366,934.04,137.46,1085.435,0.7577607134466953,2275.0,2275.0,2275.0,0.0,2.0,2.6666666666666665,,16.666666666666664,Low,True,True,True,3.1112967216538,0.0,40.85294117647058,0.0,24.09211966059005,,0.0,-0.0,24.09211966059005,,0.0,-0.0,68.51445090471235,,0.0,20.554335271413702,-0.0,,0.8499999999999999,24.181570907545535,3,Good,24.181570907545535,Rainfall anomaly,,
Punjab,Fatehgarh Sahib,Wheat,2024-25,0.85,4.47,5249.0,4,True,4938.0,6.298096395301742,0.85,0.0,4.17,7.194244604316542,4375.666666666667,19.958863411289705,1047.61,97,0,365,865.21,101.54,1088.1766666666667,-3.727948586779736,2425.0,2425.0,2425.0,0.0,2.0,2.333333333333333,,16.666666666666664,Low,True,True,True,6.298096395301744,0.0,3.1112967216538,0.0,0.7577607134466953,,0.0,-0.0,0.7577607134466953,,0.0,-0.0,2.1549602081667505,,0.0,0.6464880624500251,-0.0,,0.8499999999999999,0.7605741911176767,3,Good,0.7605741911176767,Rainfall anomaly,,
Punjab,Fazilka,Maize,2021-22,0.0,0.01,4000.0,3,False,,,,,,,,,487.25,43,0,365,313.42,158.55,,,,,,,,,,,,False,True,True,,,,,,,,,,,,,,,,,,,0.0,,0,Insufficient,,,,
Punjab,Fazilka,Maize,2022-23,0.0,0.02,6000.0,3,False,4000.0,50.0,0.0,,0.01,100.0,4000.0,50.0,859.34,62,2,365,690.92,72.92,487.25,76.36531554643408,,,,,,,,,,False,True,True,50.0,,,,,,,,,,,,,,,,,,0.0,,0,Insufficient,,,,
Punjab,Fazilka,Maize,2024-25,0.0,0.02,5600.0,3,False,6000.0,-6.666666666666667,0.0,,0.02,0.0,5000.0,12.0,633.51,57,0,365,554.6899999999999,49.05,663.36,-4.499819102749641,1979.62,1979.62,1979.62,,1.0,0.5,,8.333333333333332,Low,True,True,True,-6.666666666666665,,50.0,,76.36531554643408,,0.0,,76.36531554643408,,0.0,,100.0,,0.0,30.0,,,0.6499999999999999,46.15384615384616,2,Limited,46.15384615384616,Rainfall anomaly,,
Punjab,Fazilka,Rice,2021-22,1.13,3.55,3139.0,4,True,,,,,,,,,487.25,43,0,365,313.42,158.55,,,1960.0,1960.0,1960.0,0.0,2.0,2.0,,16.666666666666664,Low,True,True,True,,,,,,,,,,,,,,,,,,,0.0,,0,Insufficient,,,,
Punjab,Fazilka,Rice,2022-23,1.08,3.79,3503.0,4,True,3139.0,11.596049697355843,1.13,-4.424778761061932,3.55,6.760563380281696,3139.0,11.596049697355843,859.34,62,2,365,690.92,72.92,487.25,76.36531554643408,2060.0175,2060.0,2060.035,0.0247487373414262,2.0,1.3333333333333333,,16.666666666666664,Low,True,True,True,11.596049697355838,-4.424778761061932,,,,,,,,,,,,,,,,,0.0,,0,Insufficient,,,,
Punjab,Fazilka,Rice,2023-24,1.16,3.81,3271.0,4,True,3503.0,-6.622894661718528,1.08,7.407407407407393,3.79,0.5277044854881272,3321.0,-1.5055706112616682,643.49,55,0,366,517.6899999999999,111.73,673.2950000000001,-4.426737165729741,2211.3783333333336,2203.0,2227.915,14.321595872434454,3.0,1.6666666666666667,,25.0,Low,True,True,True,-6.622894661718526,7.407407407407396,11.596049697355838,-4.424778761061932,76.36531554643408,,0.0,4.424778761061932,76.36531554643408,,0.0,47.215940870269186,100.0,,0.0,30.0,9.443188174053837,,0.8499999999999999,46.40375079300452,3,Good,46.40375079300452,Rainfall anomaly,Area trend,
Punjab,Fazilka,Rice,2024-25,1.28,4.29,3349.0,4,True,3271.0,2.3845918679302964,1.16,10.344827586206906,3.81,12.598425196850393,3304.333333333333,1.3517603147382178,633.51,57,0,365,554.6899999999999,49.05,663.36,-4.499819102749641,2320.0175,2320.0,2320.035,0.0247487373414262,2.0,1.3333333333333333,,16.666666666666664,Low,True,True,True,2.384591867930297,10.344827586206918,-6.622894661718526,7.407407407407396,-4.426737165729741,,6.622894661718526,0.0,4.426737165729741,,30.92302573275354,0.0,12.588990528118094,,10.823059006463739,3.776697158435428,0.0,,0.8499999999999999,17.176183723410787,3,Good,17.176183723410787,Yield trend,Rainfall anomaly,
Punjab,Fazilka,Wheat,2021-22,2.04,8.73,4277.0,4,True,,,,,,,,,487.25,43,0,365,313.42,158.55,,,2015.12,2015.005,2015.235,0.1626345596729188,2.0,1.3333333333333333,,16.666666666666664,Low,True,True,True,,,,,,,,,,,,,,,,,,,0.0,,0,Insufficient,,,,
Punjab,Fazilka,Wheat,2022-23,2.0,9.25,4625.0,4,True,4277.0,8.136544306757072,2.04,-1.960784313725492,8.73,5.956471935853374,4277.0,8.136544306757072,859.34,62,2,365,690.92,72.92,487.25,76.36531554643408,2125.0025,2125.0,2125.005,0.0035355339060099,2.0,1.3333333333333333,,16.666666666666664,Low,True,True,True,8.136544306757077,-1.9607843137254943,,,,,,,,,,,,,,,,,0.0,,0,Insufficient,,,,
Punjab,Fazilka,Wheat,2023-24,1.98,9.98,5041.0,4,True,4625.0,8.994594594594595,2.0,-1.0000000000000009,9.25,7.891891891891896,4451.0,13.255448213884522,643.49,55,0,366,517.6899999999999,111.73,673.2950000000001,-4.426737165729741,2275.03,2275.01,2275.05,0.0282842712474361,2.0,1.3333333333333333,,16.666666666666664,Low,True,True,True,8.994594594594595,-1.0000000000000009,8.136544306757077,-1.9607843137254943,76.36531554643408,,0.0,1.9607843137254943,76.36531554643408,,0.0,20.9231424248645,100.0,,0.0,30.0,4.1846284849729,,0.8499999999999999,40.21720998232106,3,Good,40.21720998232106,Rainfall anomaly,Area trend,
Punjab,Fazilka,Wheat,2024-25,1.97,9.73,4947.0,4,True,5041.0,-1.864709383058917,1.98,-0.5050505050505055,9.98,-2.50501002004008,4647.666666666667,6.440507781682559,633.51,57,0,365,554.6899999999999,49.05,663.36,-4.499819102749641,2425.11,2425.0150000000003,2425.205,0.134350288425161,2.0,1.3333333333333333,,16.666666666666664,Low,True,True,True,-1.8647093830589156,-0.5050505050505083,8.994594594594595,-1.0000000000000009,-4.426737165729741,,0.0,1.0000000000000009,4.426737165729741,,0.0,10.670802636680882,12.588990528118094,,0.0,3.776697158435428,2.1341605273361766,,0.8499999999999999,6.95395021855483,3,Good,6.95395021855483,Rainfall anomaly,Area trend,
Punjab,Ferozepur,Maize,2021-22,0.01,0.02,2667.0,2,False,,,,,,,,,894.26,70,0,365,635.34,222.9,,,,,,,0.0,0.0,,0.0,Low,False,True,True,,,,,,,,,,,,,,,,,,,0.0,,0,Insufficient,,,,
Punjab,Ferozepur,Maize,2024-25,0.0,0.0,4200.0,2,False,2667.0,57.48031496062992,0.01,-100.0,0.02,-100.0,2667.0,57.48031496062992,926.82,81,0,365,776.07,98.12,1053.5933333333332,-12.032472997171572,2165.976,1847.5,2400.0,221.0541469414224,5.0,0.8571428571428571,,41.66666666666667,Low,True,True,True,57.48031496062993,-100.0,,,,,,,,,,,,,,,,,0.0,,0,Insufficient,,,,
Punjab,Ferozepur,Rice,2021-22,1.88,8.27,4404.0,4,True,,,,,,,,,894.26,70,0,365,635.34,222.9,,,1960.0,1960.0,1960.0,0.0,2.0,5.0,,16.666666666666664,Low,True,True,True,,,,,,,,,,,,,,,,,,,0.0,,0,Insufficient,,,,
Punjab,Ferozepur,Rice,2022-23,1.87,8.97,4789.0,4,True,4404.0,8.742052679382379,1.88,-0.5319148936170099,8.27,8.464328899637257,4404.0,8.742052679382379,1060.71,91,0,365,819.01,124.46,894.26,18.613155010846963,2060.0,2060.0,2060.0,0.0,2.0,3.6666666666666665,,16.666666666666664,Low,True,True,True,8.742052679382372,-0.5319148936170137,,,,,,,,,,,,,,,,,0.0,,0,Insufficient,,,,
Punjab,Ferozepur,Rice,2023-24,1.87,8.53,4553.0,4,True,4789.0,-4.927959908122782,1.87,0.0,8.97,-4.905239687848397,4596.5,-0.946372239747634,1205.81,80,2,366,1035.64,147.34,977.485,23.358414707131047,2204.25,2203.0,2208.0,2.4999999999999623,4.0,2.0,,33.33333333333333,Low,True,True,True,-4.927959908122781,0.0,8.742052679382372,-0.5319148936170137,18.613155010846963,,0.0,0.5319148936170137,18.613155010846963,,0.0,5.675958849298255,52.93307990905279,,0.0,15.879923972715837,1.1351917698596512,,0.8499999999999999,20.017783226559402,3,Good,20.017783226559402,Rainfall anomaly,Area trend,
Punjab,Ferozepur,Rice,2024-25,1.87,8.72,4672.0,4,True,4553.0,2.6136613222051395,1.87,0.0,8.53,2.227432590855818,4582.0,1.9642077695329552,926.82,81,0,365,776.07,98.12,1053.5933333333332,-12.032472997171572,2316.6666666666665,2310.0,2320.0,5.773502691896192,3.0,2.5,,25.0,Low,True,True,True,2.6136613222051297,0.0,-4.927959908122781,0.0,23.358414707131047,,4.927959908122781,-0.0,23.358414707131047,,23.009188403627217,-0.0,66.42790174587923,,8.053215941269526,19.928370523763768,-0.0,,0.8499999999999999,32.91951348827447,3,Good,32.91951348827447,Rainfall anomaly,Yield trend,
Punjab,Ferozepur,Wheat,2021-22,1.88,8.21,4372.0,4,True,,,,,,,,,894.26,70,0,365,635.34,222.9,,,2015.0,2015.0,2015.0,0.0,2.0,3.0,,16.666666666666664,Low,True,True,True,,,,,,,,,,,,,,,,,,,0.0,,0,Insufficient,,,,
Punjab,Ferozepur,Wheat,2022-23,1.89,9.06,4801.0,4,True,4372.0,9.812442817932295,1.88,0.5319148936170218,8.21,10.353227771010957,4372.0,9.812442817932295,1060.71,91,0,365,819.01,124.46,894.26,18.613155010846963,2125.0,2125.0,2125.0,0.0,2.0,3.0,,16.666666666666664,Low,True,True,True,9.812442817932299,0.5319148936170137,,,,,,,,,,,,,,,,,0.0,,0,Insufficient,,,,
Punjab,Ferozepur,Wheat,2023-24,1.89,9.65,5120.0,4,True,4801.0,6.644449073109769,1.89,0.0,9.06,6.512141280353199,4586.5,11.63196337076202,1205.81,80,2,366,1035.64,147.34,977.485,23.358414707131047,2275.0,2275.0,2275.0,0.0,2.0,4.666666666666667,,16.666666666666664,Low,True,True,True,6.6444490731097705,0.0,9.812442817932299,0.5319148936170137,18.613155010846963,,0.0,0.0,18.613155010846963,,0.0,0.0,52.93307990905279,,0.0,15.879923972715837,0.0,,0.8499999999999999,18.682263497312753,3,Good,18.682263497312753,Rainfall anomaly,,
Punjab,Ferozepur,Wheat,2024-25,1.87,9.79,5223.0,4,True,5120.0,2.01171875,1.89,-1.0582010582010477,9.65,1.4507772020725265,4764.333333333333,9.627090184006164,926.82,81,0,365,776.07,98.12,1053.5933333333332,-12.032472997171572,2425.0,2425.0,2425.0,0.0,2.0,2.6666666666666665,,16.666666666666664,Low,True,True,True,2.011718749999991,-1.058201058201047,6.6444490731097705,0.0,23.358414707131047,,0.0,-0.0,23.358414707131047,,0.0,-0.0,66.42790174587923,,0.0,19.928370523763768,-0.0,,0.8499999999999999,23.44514179266326,3,Good,23.44514179266326,Rainfall anomaly,,
Punjab,Gurdaspur,Maize,2021-22,0.0,0.01,2250.0,4,True,,,,,,,,,1191.8,83,1,365,862.78,296.58,,,,,,,,,,,,False,True,True,,,,,,,,,,,,,,,,,,,0.0,,0,Insufficient,,,,
Punjab,Gurdaspur,Maize,2022-23,0.0,0.02,3750.0,4,True,2250.0,66.66666666666666,0.0,,0.01,100.0,2250.0,66.66666666666666,1397.78,108,2,365,1086.75,183.77,1191.8,17.28310119147508,,,,,,,,,,False,True,True,66.66666666666667,,,,,,,,,,,,,,,,,,0.0,,0,Insufficient,,,,
Punjab,Gurdaspur,Maize,2023-24,0.01,0.03,2972.0,4,True,3750.0,-20.746666666666663,0.0,,0.02,49.99999999999999,3000.0,-0.9333333333333336,1271.93,92,1,366,941.29,248.1,1294.79,-1.7655372685918105,,,,,,,,,,False,True,True,-20.74666666666667,,66.66666666666667,,17.28310119147508,,0.0,,17.28310119147508,,0.0,,49.15060213657819,,0.0,14.745180640973457,,,0.6499999999999999,22.68489329380532,2,Limited,22.68489329380532,Rainfall anomaly,,
Punjab,Gurdaspur,Maize,2024-25,0.0,0.01,3600.0,4,True,2972.0,21.13055181695828,0.01,-100.0,0.03,-66.66666666666666,2990.6666666666665,20.374498439589843,1158.33,92,0,365,926.78,154.49,1287.17,-10.009555847323986,,,,,,,,,,False,True,True,21.130551816958288,-100.0,-20.74666666666667,,-1.7655372685918105,,20.74666666666667,,1.7655372685918105,,96.86847518660707,,5.020928760670572,,33.90396631531247,1.5062786282011718,,,0.6499999999999999,54.47729991309792,2,Limited,54.47729991309792,Yield trend,Rainfall anomaly,
Punjab,Gurdaspur,Rice,2021-22,1.75,6.71,3843.0,4,True,,,,,,,,,1191.8,83,1,365,862.78,296.58,,,1978.3333333333333,1960.0,2015.0,31.75426480542945,3.0,2.333333333333333,,25.0,Low,True,True,True,,,,,,,,,,,,,,,,,,,0.0,,0,Insufficient,,,,
Punjab,Gurdaspur,Rice,2022-23,1.73,6.31,3643.0,4,True,3843.0,-5.204267499349466,1.75,-1.142857142857144,6.71,-5.961251862891213,3843.0,-5.204267499349466,1397.78,108,2,365,1086.75,183.77,1191.8,17.28310119147508,2106.2916666666665,2060.31,2133.565,40.05090583661423,3.0,1.25,,25.0,Low,True,True,True,-5.204267499349468,-1.1428571428571455,,,,,,,,,,,,,,,,,0.0,,0,Insufficient,,,,
Punjab,Gurdaspur,Rice,2023-24,1.74,6.97,4013.0,4,True,3643.0,10.156464452374417,1.73,0.5780346820809253,6.31,10.459587955625992,3743.0,7.213465134918515,1271.93,92,1,366,941.29,248.1,1294.79,-1.7655372685918105,2203.0,2203.0,2203.0,0.0,3.0,2.333333333333333,,25.0,Low,True,True,True,10.156464452374415,0.5780346820809301,-5.204267499349468,-1.1428571428571455,17.28310119147508,,5.204267499349468,1.1428571428571455,17.28310119147508,,24.29929902595756,12.195203013349596,49.15060213657819,,8.504754659085146,14.745180640973457,2.4390406026699196,,0.8499999999999999,30.222324591445325,3,Good,30.222324591445325,Rainfall anomaly,Yield trend,Area trend
Punjab,Gurdaspur,Rice,2024-25,1.73,7.04,4072.0,4,True,4013.0,1.470221779217543,1.74,-0.5747126436781614,6.97,1.0043041606886698,3833.0,6.235324810853117,1158.33,92,0,365,926.78,154.49,1287.17,-10.009555847323986,2320.01,2320.0,2320.02,0.0141421356235573,2.0,1.3333333333333333,,16.666666666666664,Low,True,True,True,1.4702217792175398,-0.5747126436781658,10.156464452374415,0.5780346820809301,-1.7655372685918105,,0.0,0.0,1.7655372685918105,,0.0,0.0,5.020928760670572,,0.0,1.5062786282011718,0.0,,0.8499999999999999,1.7720925037660846,3,Good,1.7720925037660846,Rainfall anomaly,,
Punjab,Gurdaspur,Wheat,2021-22,1.84,7.77,4221.0,4,True,,,,,,,,,1191.8,83,1,365,862.78,296.58,,,2015.0,2015.0,2015.0,0.0,2.0,1.6666666666666667,,16.666666666666664,Low,True,True,True,,,,,,,,,,,,,,,,,,,0.0,,0,Insufficient,,,,
Punjab,Gurdaspur,Wheat,2022-23,1.85,8.2,4432.0,4,True,4221.0,4.99881544657664,1.84,0.5434782608695656,7.77,5.534105534105531,4221.0,4.99881544657664,1397.78,108,2,365,1086.75,183.77,1191.8,17.28310119147508,2125.0,2125.0,2125.0,0.0,2.0,2.0,,16.666666666666664,Low,True,True,True,4.998815446576632,0.5434782608695565,,,,,,,,,,,,,,,,,0.0,,0,Insufficient,,,,
Punjab,Gurdaspur,Wheat,2023-24,1.85,8.79,4751.0,4,True,4432.0,7.197653429602887,1.85,0.0,8.2,7.195121951219512,4326.5,9.811626025655842,1271.93,92,1,366,941.29,248.1,1294.79,-1.7655372685918105,2275.0,2275.0,2275.0,0.0,2.0,2.0,,16.666666666666664,Low,True,True,True,7.197653429602879,0.0,4.998815446576632,0.5434782608695565,17.28310119147508,,0.0,0.0,17.28310119147508,,0.0,0.0,49.15060213657819,,0.0,14.745180640973457,0.0,,0.8499999999999999,17.347271342321715,3,Good,17.347271342321715,Rainfall anomaly,,
Punjab,Gurdaspur,Wheat,2024-25,1.86,8.99,4834.0,4,True,4751.0,1.7470006314460114,1.85,0.540540540540541,8.79,2.275312855517646,4468.0,8.19158460161146,1158.33,92,0,365,926.78,154.49,1287.17,-10.009555847323986,2425.0,2425.0,2425.0,0.0,2.0,0.6666666666666666,,16.666666666666664,Low,True,True,True,1.7470006314460162,0.540540540540535,7.197653429602879,0.0,-1.7655372685918105,,0.0,-0.0,1.7655372685918105,,0.0,-0.0,5.020928760670572,,0.0,1.5062786282011718,-0.0,,0.8499999999999999,1.7720925037660846,3,Good,1.7720925037660846,Rainfall anomaly,,
Punjab,Hoshiarpur,Maize,2021-22,0.53,2.15,4076.0,4,True,,,,,,,,,1123.34,82,1,365,822.7099999999999,267.03,,,1259.7233333333334,1000.0,1727.97,406.3207669235396,3.0,0.6,,25.0,Low,True,True,True,,,,,,,,,,,,,,,,,,,0.0,,0,Insufficient,,,,
Punjab,Hoshiarpur,Maize,2022-23,0.45,2.23,4914.0,4,True,4076.0,20.559371933267908,0.53,-15.094339622641511,2.15,3.720930232558143,4076.0,20.559371933267908,1365.91,108,0,365,1051.81,173.36,1123.34,21.593640393825574,992.53,992.53,992.53,,1.0,0.25,,8.333333333333332,Low,True,True,True,20.55937193326791,-15.094339622641506,,,,,,,,,,,,,,,,,0.0,,0,Insufficient,,,,
Punjab,Hoshiarpur,Maize,2023-24,0.45,1.73,3817.0,4,True,4914.0,-22.323972323972324,0.45,0.0,2.23,-22.421524663677133,4495.0,-15.083426028921023,1348.79,86,3,366,1113.02,194.39,1244.625,8.369187506276988,1153.73,1029.43,1231.76,108.81195660404228,3.0,0.6,,25.0,Low,True,True,True,-22.32397232397232,0.0,20.55937193326791,-15.094339622641506,21.593640393825574,,0.0,15.094339622641506,21.593640393825574,,0.0,100.0,61.4091427180194,,0.0,18.42274281540582,20.0,,0.8499999999999999,45.20322684165391,3,Good,45.20322684165391,Area trend,Rainfall anomaly,
Punjab,Hoshiarpur,Maize,2024-25,0.42,1.57,3765.0,4,True,3817.0,-1.362326434372544,0.45,-6.666666666666672,1.73,-9.248554913294791,4269.0,-11.806043569922698,1146.52,92,0,365,937.61,142.27,1279.3466666666666,-10.3823826744901,1450.0,1200.0,1700.0,353.5533905932738,2.0,0.4,,16.666666666666664,Low,True,True,True,-1.3623264343725405,-6.666666666666677,-22.32397232397232,0.0,8.369187506276988,,22.32397232397232,-0.0,8.369187506276988,,100.0,-0.0,23.80074043252959,,35.0,7.140222129758877,-0.0,,0.8499999999999999,49.57673191736339,3,Good,49.57673191736339,Yield trend,Rainfall anomaly,
Punjab,Hoshiarpur,Rice,2021-22,0.77,2.91,3794.0,4,True,,,,,,,,,1123.34,82,1,365,822.7099999999999,267.03,,,1960.225,1960.0,1960.45,0.3181980515340589,2.0,2.0,,16.666666666666664,Low,True,True,True,,,,,,,,,,,,,,,,,,,0.0,,0,Insufficient,,,,
Punjab,Hoshiarpur,Rice,2022-23,0.81,2.55,3148.0,4,True,3794.0,-17.02688455455983,0.77,5.194805194805199,2.91,-12.371134020618566,3794.0,-17.02688455455983,1365.91,108,0,365,1051.81,173.36,1123.34,21.593640393825574,,,,,0.0,0.0,,0.0,Low,False,True,True,-17.026884554559828,5.1948051948051965,,,,,,,,,,,,,,,,,0.0,,0,Insufficient,,,,
Punjab,Hoshiarpur,Rice,2023-24,0.79,3.14,4003.0,4,True,3148.0,27.16010165184244,0.81,-2.469135802469138,2.55,23.1372549019608,3471.0,15.326995102276,1348.79,86,3,366,1113.02,194.39,1244.625,8.369187506276988,2203.0,2203.0,2203.0,0.0,2.0,2.0,,16.666666666666664,Low,True,True,True,27.16010165184244,-2.4691358024691357,-17.026884554559828,5.1948051948051965,21.593640393825574,,17.026884554559828,0.0,21.593640393825574,,79.50040218405857,0.0,61.4091427180194,,27.8251407644205,18.42274281540582,0.0,,0.8499999999999999,54.40927479979568,3,Good,54.40927479979568,Yield trend,Rainfall anomaly,
Punjab,Hoshiarpur,Rice,2024-25,0.8,3.44,4319.0,4,True,4003.0,7.894079440419685,0.79,1.2658227848101276,3.14,9.554140127388528,3648.3333333333335,18.382823206943804,1146.52,92,0,365,937.61,142.27,1279.3466666666666,-10.3823826744901,2320.0,2320.0,2320.0,0.0,2.0,1.0,,16.666666666666664,Low,True,True,True,7.894079440419688,1.2658227848101333,27.16010165184244,-2.4691358024691357,8.369187506276988,,0.0,2.4691358024691357,8.369187506276988,,0.0,26.347660831310797,23.80074043252959,,0.0,7.140222129758877,5.2695321662621595,,0.8499999999999999,14.59971093649534,3,Good,14.59971093649534,Rainfall anomaly,Area trend,
Punjab,Hoshiarpur,Wheat,2021-22,1.42,5.15,3622.0,4,True,,,,,,,,,1123.34,82,1,365,822.7099999999999,267.03,,,2015.0,2015.0,2015.0,0.0,2.0,1.3333333333333333,,16.666666666666664,Low,True,True,True,,,,,,,,,,,,,,,,,,,0.0,,0,Insufficient,,,,
Punjab,Hoshiarpur,Wheat,2022-23,1.42,5.71,4028.0,4,True,3622.0,11.209276642738818,1.42,0.0,5.15,10.873786407766982,3622.0,11.209276642738818,1365.91,108,0,365,1051.81,173.36,1123.34,21.593640393825574,2125.0,2125.0,2125.0,0.0,2.0,1.0,,16.666666666666664,Low,True,True,True,11.209276642738807,0.0,,,,,,,,,,,,,,,,,0.0,,0,Insufficient,,,,
Punjab,Hoshiarpur,Wheat,2023-24,1.44,5.97,4146.0,4,True,4028.0,2.929493545183714,1.42,1.4084507042253531,5.71,4.5534150612959685,3825.0,8.392156862745098,1348.79,86,3,366,1113.02,194.39,1244.625,8.369187506276988,2275.0,2275.0,2275.0,0.0,2.0,3.0,,16.666666666666664,Low,True,True,True,2.9294935451837034,1.4084507042253502,11.209276642738807,0.0,21.593640393825574,,0.0,-0.0,21.593640393825574,,0.0,-0.0,61.4091427180194,,0.0,18.42274281540582,-0.0,,0.8499999999999999,21.673815076948024,3,Good,21.673815076948024,Rainfall anomaly,,
Punjab,Hoshiarpur,Wheat,2024-25,1.46,6.33,4345.0,4,True,4146.0,4.799807042932947,1.44,1.3888888888888902,5.97,6.03015075376885,3932.0,10.50356052899288,1146.52,92,0,365,937.61,142.27,1279.3466666666666,-10.3823826744901,2425.0,2425.0,2425.0,0.0,2.0,1.6666666666666667,,16.666666666666664,Low,True,True,True,4.7998070429329465,1.388888888888884,2.9294935451837034,1.4084507042253502,8.369187506276988,,0.0,0.0,8.369187506276988,,0.0,0.0,23.80074043252959,,0.0,7.140222129758877,0.0,,0.8499999999999999,8.400261329128092,3,Good,8.400261329128092,Rainfall anomaly,,
Punjab,Jalandhar,Maize,2021-22,0.04,0.16,3659.0,4,True,,,,,,,,,1123.34,82,1,365,822.7099999999999,267.03,,,1765.285625,1424.42,2015.0,196.0084552920668,8.0,1.875,11.103498069445092,66.66666666666666,Moderate,True,True,True,,,,,,,,,,,,,,,,,,,0.0,,0,Insufficient,,,,
Punjab,Jalandhar,Maize,2022-23,0.05,0.18,4022.0,4,True,3659.0,9.92074337250615,0.04,25.000000000000007,0.16,12.499999999999991,3659.0,9.92074337250615,1365.91,108,0,365,1051.81,173.36,1123.34,21.593640393825574,1951.0283333333327,1268.0949999999998,2290.485,366.0391918724916,6.0,3.1666666666666665,18.76134680459065,50.0,Moderate,True,True,True,9.920743372506147,25.0,,,,11.103498069445092,,,,11.103498069445092,,,,90.24346827650575,,,,13.536520241475863,0.15,90.24346827650575,1,Very Limited,,Price volatility,,
Punjab,Jalandhar,Maize,2023-24,0.04,0.18,4508.0,4,True,4022.0,12.083540527100944,0.05,-20.000000000000004,0.18,0.0,3840.5,17.380549407629214,1348.79,86,3,366,1113.02,194.39,1244.625,8.369187506276988,1924.1330000000005,1377.94,2400.0,465.2615019480981,5.0,1.7142857142857142,,41.66666666666667,Low,True,True,True,12.083540527100944,-20.000000000000007,9.920743372506147,25.0,21.593640393825574,18.76134680459065,0.0,0.0,21.593640393825574,18.76134680459065,0.0,0.0,61.4091427180194,100.0,0.0,18.42274281540582,0.0,15.0,0.9999999999999999,33.422742815405826,4,Complete,33.422742815405826,Rainfall anomaly,Price volatility,
Punjab,Jalandhar,Maize,2024-25,0.04,0.16,4078.0,4,True,4508.0,-9.538598047914816,0.04,0.0,0.18,-11.111111111111107,4063.0,0.3691853310361802,1146.52,92,0,365,937.61,142.27,1279.3466666666666,-10.3823826744901,2386.544,1929.03,2645.0,205.96563032862213,10.0,3.1,8.630288414067461,83.33333333333334,Good,True,True,True,-9.538598047914814,0.0,12.083540527100944,-20.000000000000007,8.369187506276988,,0.0,20.000000000000007,8.369187506276988,,0.0,100.0,23.80074043252959,,0.0,7.140222129758877,20.0,,0.8499999999999999,31.929673093833976,3,Good,31.929673093833976,Area trend,Rainfall anomaly,
Punjab,Jalandhar,Rice,2021-22,1.75,7.47,4276.0,4,True,,,,,,,,,1123.34,82,1,365,822.7099999999999,267.03,,,1960.0,1960.0,1960.0,0.0,2.0,13.5,,16.666666666666664,Low,True,True,True,,,,,,,,,,,,,,,,,,,0.0,,0,Insufficient,,,,
Punjab,Jalandhar,Rice,2022-23,1.76,7.33,4174.0,4,True,4276.0,-2.385406922357343,1.75,0.571428571428572,7.47,-1.8741633199464485,4276.0,-2.385406922357343,1365.91,108,0,365,1051.81,173.36,1123.34,21.593640393825574,2060.0,2060.0,2060.0,0.0,2.0,4.666666666666667,,16.666666666666664,Low,True,True,True,-2.385406922357347,0.5714285714285783,,,,,,,,,,,,,,,,,0.0,,0,Insufficient,,,,
Punjab,Jalandhar,Rice,2023-24,1.74,7.8,4491.0,4,True,4174.0,7.59463344513656,1.76,-1.1363636363636374,7.33,6.412005457025917,4225.0,6.295857988165681,1348.79,86,3,366,1113.02,194.39,1244.625,8.369187506276988,2203.0,2203.0,2203.0,0.0,2.0,4.666666666666667,,16.666666666666664,Low,True,True,True,7.594633445136556,-1.1363636363636354,-2.385406922357347,0.5714285714285783,21.593640393825574,,2.385406922357347,0.0,21.593640393825574,,11.137728049566197,0.0,61.4091427180194,,3.898204817348169,18.42274281540582,0.0,,0.8499999999999999,26.259938391475284,3,Good,26.259938391475284,Rainfall anomaly,Yield trend,
Punjab,Jalandhar,Rice,2024-25,1.76,7.91,4507.0,4,True,4491.0,0.3562680917390336,1.74,1.1494252873563229,7.8,1.4102564102564144,4313.666666666667,4.481879298354062,1146.52,92,0,365,937.61,142.27,1279.3466666666666,-10.3823826744901,2480.0,2320.0,2800.0,277.1281292110204,3.0,9.0,,25.0,Low,True,True,True,0.3562680917390315,1.1494252873563315,7.594633445136556,-1.1363636363636354,8.369187506276988,,0.0,1.1363636363636354,8.369187506276988,,0.0,12.125912087137344,23.80074043252959,,0.0,7.140222129758877,2.425182417427469,,0.8499999999999999,11.25341711433688,3,Good,11.25341711433688,Rainfall anomaly,Area trend,
Punjab,Jalandhar,Wheat,2021-22,1.73,7.32,4224.0,4,True,,,,,,,,,1123.34,82,1,365,822.7099999999999,267.03,,,2015.0,2015.0,2015.0,0.0,2.0,5.333333333333333,,16.666666666666664,Low,True,True,True,,,,,,,,,,,,,,,,,,,0.0,,0,Insufficient,,,,
Punjab,Jalandhar,Wheat,2022-23,1.73,7.54,4350.0,4,True,4224.0,2.9829545454545454,1.73,0.0,7.32,3.005464480874313,4224.0,2.9829545454545454,1365.91,108,0,365,1051.81,173.36,1123.34,21.593640393825574,2125.0,2125.0,2125.0,0.0,2.0,4.333333333333333,,16.666666666666664,Low,True,True,True,2.9829545454545414,0.0,,,,,,,,,,,,,,,,,0.0,,0,Insufficient,,,,
Punjab,Jalandhar,Wheat,2023-24,1.74,8.2,4728.0,4,True,4350.0,8.689655172413794,1.73,0.5780346820809253,7.54,8.753315649867364,4287.0,10.286913925822256,1348.79,86,3,366,1113.02,194.39,1244.625,8.369187506276988,2275.0,2275.0,2275.0,0.0,2.0,5.666666666666667,,16.666666666666664,Low,True,True,True,8.6896551724138,0.5780346820809301,2.9829545454545414,0.0,21.593640393825574,,0.0,-0.0,21.593640393825574,,0.0,-0.0,61.4091427180194,,0.0,18.42274281540582,-0.0,,0.8499999999999999,21.673815076948024,3,Good,21.673815076948024,Rainfall anomaly,,
Punjab,Jalandhar,Wheat,2024-25,1.73,8.69,5012.0,4,True,4728.0,6.006768189509306,1.74,-0.5747126436781614,8.2,5.9756097560975645,4434.0,13.035633739287324,1146.52,92,0,365,937.61,142.27,1279.3466666666666,-10.3823826744901,2405.0,2320.0,2450.0,57.87918451395112,4.0,4.8,,33.33333333333333,Low,True,True,True,6.006768189509315,-0.5747126436781658,8.6896551724138,0.5780346820809301,8.369187506276988,,0.0,0.0,8.369187506276988,,0.0,0.0,23.80074043252959,,0.0,7.140222129758877,0.0,,0.8499999999999999,8.400261329128092,3,Good,8.400261329128092,Rainfall anomaly,,
Punjab,Kapurthala,Maize,2021-22,0.01,0.04,5125.0,4,True,,,,,,,,,967.55,72,0,365,691.05,255.76,,,1347.29,1246.39,1448.19,142.69414844344516,2.0,0.75,,16.666666666666664,Low,True,True,True,,,,,,,,,,,,,,,,,,,0.0,,0,Insufficient,,,,
Punjab,Kapurthala,Maize,2022-23,0.01,0.03,2700.0,4,True,5125.0,-47.3170731707317,0.01,0.0,0.04,-25.000000000000007,5125.0,-47.3170731707317,1106.64,93,1,365,883.05,126.58,967.55,14.37548447108678,1344.285,1338.57,1350.0,8.082230508962203,2.0,0.6666666666666666,,16.666666666666664,Low,True,True,True,-47.3170731707317,0.0,,,,,,,,,,,,,,,,,0.0,,0,Insufficient,,,,
Punjab,Kapurthala,Maize,2023-24,0.01,0.03,2553.0,4,True,2700.0,-5.444444444444444,0.01,0.0,0.03,0.0,3912.5,-34.74760383386582,1135.06,80,2,366,916.38,179.38,1037.095,9.4460970306481,1255.01,1219.09,1290.93,50.79855116044168,2.0,0.6666666666666666,,16.666666666666664,Low,True,True,True,-5.444444444444441,0.0,-47.3170731707317,0.0,14.37548447108678,,47.3170731707317,-0.0,14.37548447108678,,100.0,-0.0,40.88176710482135,,35.0,12.264530131446405,-0.0,,0.8499999999999999,55.60532956640755,3,Good,55.60532956640755,Yield trend,Rainfall anomaly,
Punjab,Kapurthala,Maize,2024-25,0.01,0.05,4091.0,4,True,2553.0,60.24285154719937,0.01,0.0,0.03,66.66666666666669,3459.333333333333,18.259780304490263,963.72,81,0,365,799.17,109.19,1069.75,-9.91166160317831,1542.8233333333335,1300.0,1671.52,210.417322560034,3.0,0.75,,25.0,Low,True,True,True,60.24285154719937,0.0,-5.444444444444441,0.0,9.4460970306481,,5.444444444444441,-0.0,9.4460970306481,,25.42071167600548,-0.0,26.86331299882136,,8.897249086601917,8.058993899646408,-0.0,,0.8499999999999999,19.948521160292152,3,Good,19.948521160292152,Yield trend,Rainfall anomaly,
Punjab,Kapurthala,Rice,2021-22,1.19,5.03,4220.0,4,True,,,,,,,,,967.55,72,0,365,691.05,255.76,,,1960.0,1960.0,1960.0,0.0,2.0,3.5,,16.666666666666664,Low,True,True,True,,,,,,,,,,,,,,,,,,,0.0,,0,Insufficient,,,,
Punjab,Kapurthala,Rice,2022-23,1.19,5.09,4274.0,4,True,4220.0,1.2796208530805688,1.19,0.0,5.03,1.1928429423459166,4220.0,1.2796208530805688,1106.64,93,1,365,883.05,126.58,967.55,14.37548447108678,2060.0,2060.0,2060.0,,1.0,0.3333333333333333,,8.333333333333332,Low,True,True,True,1.2796208530805764,0.0,,,,,,,,,,,,,,,,,0.0,,0,Insufficient,,,,
Punjab,Kapurthala,Rice,2023-24,1.19,5.52,4634.0,4,True,4274.0,8.423022929340195,1.19,0.0,5.09,8.447937131630642,4247.0,9.112314574994114,1135.06,80,2,366,916.38,179.38,1037.095,9.4460970306481,2203.0,2203.0,2203.0,0.0,2.0,0.6666666666666666,,16.666666666666664,Low,True,True,True,8.423022929340206,0.0,1.2796208530805764,0.0,14.37548447108678,,0.0,-0.0,14.37548447108678,,0.0,-0.0,40.88176710482135,,0.0,12.264530131446405,-0.0,,0.8499999999999999,14.428858978172244,3,Good,14.428858978172244,Rainfall anomaly,,
Punjab,Kapurthala,Rice,2024-25,1.17,5.59,4791.0,4,True,4634.0,3.3880017263703066,1.19,-1.6806722689075646,5.52,1.2681159420289907,4376.0,9.483546617915906,963.72,81,0,365,799.17,109.19,1069.75,-9.91166160317831,2320.0,2320.0,2320.0,0.0,2.0,1.0,,16.666666666666664,Low,True,True,True,3.3880017263703044,-1.6806722689075682,8.423022929340206,0.0,9.4460970306481,,0.0,-0.0,9.4460970306481,,0.0,-0.0,26.86331299882136,,0.0,8.058993899646408,-0.0,,0.8499999999999999,9.481169293701658,3,Good,9.481169293701658,Rainfall anomaly,,
Punjab,Kapurthala,Wheat,2021-22,1.1,4.39,3991.0,4,True,,,,,,,,,967.55,72,0,365,691.05,255.76,,,2015.0,2015.0,2015.0,0.0,2.0,0.6666666666666666,,16.666666666666664,Low,True,True,True,,,,,,,,,,,,,,,,,,,0.0,,0,Insufficient,,,,
Punjab,Kapurthala,Wheat,2022-23,1.09,4.84,4459.0,4,True,3991.0,11.726384364820849,1.1,-0.9090909090909096,4.39,10.25056947608201,3991.0,11.726384364820849,1106.64,93,1,365,883.05,126.58,967.55,14.37548447108678,2125.0,2125.0,2125.0,0.0,2.0,0.6666666666666666,,16.666666666666664,Low,True,True,True,11.726384364820852,-0.909090909090915,,,,,,,,,,,,,,,,,0.0,,0,Insufficient,,,,
Punjab,Kapurthala,Wheat,2023-24,1.06,5.23,4923.0,4,True,4459.0,10.405920610002244,1.09,-2.752293577981653,4.84,8.057851239669434,4225.0,16.5207100591716,1135.06,80,2,366,916.38,179.38,1037.095,9.4460970306481,2275.005,2275.0,2275.01,0.0070710678120198,2.0,1.0,,16.666666666666664,Low,True,True,True,10.405920610002251,-2.752293577981657,11.726384364820852,-0.909090909090915,14.37548447108678,,0.0,0.909090909090915,14.37548447108678,,0.0,9.700729669709947,40.88176710482135,,0.0,12.264530131446405,1.9401459339419895,,0.8499999999999999,16.71138360633929,3,Good,16.71138360633929,Rainfall anomaly,Area trend,
Punjab,Kapurthala,Wheat,2024-25,1.07,5.49,5111.0,4,True,4923.0,3.818809668901076,1.06,0.9433962264150952,5.23,4.971319311663476,4457.666666666667,14.656397218275622,963.72,81,0,365,799.17,109.19,1069.75,-9.91166160317831,2425.0950000000003,2425.0,2425.19,0.1343502884253218,2.0,0.6666666666666666,,16.666666666666664,Low,True,True,True,3.8188096689010687,0.9433962264151052,10.405920610002251,-2.752293577981657,9.4460970306481,,0.0,2.752293577981657,9.4460970306481,,0.0,29.369181568846503,26.86331299882136,,0.0,8.058993899646408,5.873836313769301,,0.8499999999999999,16.39156495695966,3,Good,16.39156495695966,Rainfall anomaly,Area trend,
Punjab,Ludhiana,Maize,2021-22,0.01,0.03,2833.0,4,True,,,,,,,,,894.26,70,0,365,635.34,222.9,,,1686.63,1512.13,1861.13,246.7802666341051,2.0,1.0,,16.666666666666664,Low,True,True,True,,,,,,,,,,,,,,,,,,,0.0,,0,Insufficient,,,,
Punjab,Ludhiana,Maize,2022-23,0.01,0.02,2667.0,4,True,2833.0,-5.85951288386869,0.01,0.0,0.03,-33.33333333333333,2833.0,-5.85951288386869,1060.71,91,0,365,819.01,124.46,894.26,18.613155010846963,1849.5825,1644.59,1933.45,137.6380004153406,4.0,1.4,,33.33333333333333,Low,True,True,True,-5.859512883868689,0.0,,,,,,,,,,,,,,,,,0.0,,0,Insufficient,,,,
Punjab,Ludhiana,Maize,2023-24,0.01,0.03,3112.0,4,True,2667.0,16.6854143232096,0.01,0.0,0.02,49.99999999999999,2750.0,13.163636363636364,1205.81,80,2,366,1035.64,147.34,977.485,23.358414707131047,1996.805,1655.0,2200.0,242.532675667974,4.0,1.6666666666666667,,33.33333333333333,Low,True,True,True,16.685414323209603,0.0,-5.859512883868689,0.0,18.613155010846963,,5.859512883868689,-0.0,18.613155010846963,,27.358712004979363,-0.0,52.93307990905279,,9.575549201742776,15.879923972715837,-0.0,,0.8499999999999999,29.947615499363074,3,Good,29.947615499363074,Rainfall anomaly,Yield trend,
Punjab,Ludhiana,Maize,2024-25,0.01,0.02,3660.0,4,True,3112.0,17.60925449871465,0.01,0.0,0.03,-33.33333333333333,2870.6666666666665,27.496516488620536,926.82,81,0,365,776.07,98.12,1053.5933333333332,-12.032472997171572,2181.698,1874.45,2362.84,192.2765858600573,5.0,1.875,,41.66666666666667,Low,True,True,True,17.609254498714645,0.0,16.685414323209603,0.0,23.358414707131047,,0.0,-0.0,23.358414707131047,,0.0,-0.0,66.42790174587923,,0.0,19.928370523763768,-0.0,,0.8499999999999999,23.44514179266326,3,Good,23.44514179266326,Rainfall anomaly,,
Punjab,Ludhiana,Rice,2021-22,2.59,12.46,4816.0,4,True,,,,,,,,,894.26,70,0,365,635.34,222.9,,,1973.3333333333333,1960.0,2000.0,23.094010767585065,3.0,4.333333333333333,,25.0,Low,True,True,True,,,,,,,,,,,,,,,,,,,0.0,,0,Insufficient,,,,
Punjab,Ludhiana,Rice,2022-23,2.59,12.36,4776.0,4,True,4816.0,-0.8305647840531563,2.59,0.0,12.46,-0.8025682182985667,4816.0,-0.8305647840531563,1060.71,91,0,365,819.01,124.46,894.26,18.613155010846963,2572.1833333333334,2060.0,3596.55,887.1275561233196,3.0,3.5,,25.0,Low,True,True,True,-0.830564784053156,0.0,,,,,,,,,,,,,,,,,0.0,,0,Insufficient,,,,
Punjab,Ludhiana,Rice,2023-24,2.59,13.14,5076.0,4,True,4776.0,6.281407035175879,2.59,0.0,12.36,6.310679611650495,4796.0,5.838198498748957,1205.81,80,2,366,1035.64,147.34,977.485,23.358414707131047,2204.6666666666665,2203.0,2208.0,2.8867513459481944,3.0,3.6666666666666665,,25.0,Low,True,True,True,6.281407035175879,0.0,-0.830564784053156,0.0,18.613155010846963,,0.830564784053156,-0.0,18.613155010846963,,3.8779985945496205,-0.0,52.93307990905279,,1.357299508092367,15.879923972715837,-0.0,,0.8499999999999999,20.279086448009654,3,Good,20.279086448009654,Rainfall anomaly,Yield trend,
Punjab,Ludhiana,Rice,2024-25,2.58,12.42,4812.0,4,True,5076.0,-5.200945626477541,2.59,-0.3861003861003779,13.14,-5.479452054794525,4889.333333333333,-1.5816743932369723,926.82,81,0,365,776.07,98.12,1053.5933333333332,-12.032472997171572,2320.0,2320.0,2320.0,0.0,2.0,10.666666666666666,,16.666666666666664,Low,True,True,True,-5.200945626477537,-0.3861003861003742,6.281407035175879,0.0,23.358414707131047,,0.0,-0.0,23.358414707131047,,0.0,-0.0,66.42790174587923,,0.0,19.928370523763768,-0.0,,0.8499999999999999,23.44514179266326,3,Good,23.44514179266326,Rainfall anomaly,,
Punjab,Ludhiana,Wheat,2021-22,2.44,10.44,4275.0,4,True,,,,,,,,,894.26,70,0,365,635.34,222.9,,,2015.0,2015.0,2015.0,0.0,2.0,5.0,,16.666666666666664,Low,True,True,True,,,,,,,,,,,,,,,,,,,0.0,,0,Insufficient,,,,
Punjab,Ludhiana,Wheat,2022-23,2.45,11.23,4591.0,4,True,4275.0,7.391812865497076,2.44,0.4098360655737799,10.44,7.567049808429129,4275.0,7.391812865497076,1060.71,91,0,365,819.01,124.46,894.26,18.613155010846963,2125.0,2125.0,2125.0,0.0,2.0,3.6666666666666665,,16.666666666666664,Low,True,True,True,7.391812865497083,0.4098360655737876,,,,,,,,,,,,,,,,,0.0,,0,Insufficient,,,,
Punjab,Ludhiana,Wheat,2023-24,2.44,12.18,4999.0,4,True,4591.0,8.886952733609235,2.45,-0.4081632653061318,11.23,8.459483526268915,4433.0,12.767877284006316,1205.81,80,2,366,1035.64,147.34,977.485,23.358414707131047,2275.0,2275.0,2275.0,0.0,2.0,6.333333333333333,,16.666666666666664,Low,True,True,True,8.886952733609244,-0.40816326530612734,7.391812865497083,0.4098360655737876,18.613155010846963,,0.0,0.0,18.613155010846963,,0.0,0.0,52.93307990905279,,0.0,15.879923972715837,0.0,,0.8499999999999999,18.682263497312753,3,Good,18.682263497312753,Rainfall anomaly,,
Punjab,Ludhiana,Wheat,2024-25,2.4,12.33,5132.0,4,True,4999.0,2.660532106421284,2.44,-1.6393442622950831,12.18,1.231527093596062,4621.666666666667,11.042192571222497,926.82,81,0,365,776.07,98.12,1053.5933333333332,-12.032472997171572,2498.145,2425.0,2632.58,98.17279375332724,4.0,4.666666666666667,,33.33333333333333,Low,True,True,True,2.660532106421276,-1.6393442622950838,8.886952733609244,-0.40816326530612734,23.358414707131047,,0.0,0.40816326530612734,23.358414707131047,,0.0,4.355429647624899,66.42790174587923,,0.0,19.928370523763768,0.8710859295249798,,0.8499999999999999,24.469948768575,3,Good,24.469948768575,Rainfall anomaly,Area trend,
Punjab,Malerkotla,Maize,2021-22,0.0,0.0,4000.0,4,True,,,,,,,,,768.5,55,0,365,548.1,177.91,,,,,,,,,,,,False,True,True,,,,,,,,,,,,,,,,,,,0.0,,0,Insufficient,,,,
Punjab,Malerkotla,Maize,2022-23,0.0,0.01,4500.0,4,True,4000.0,12.5,0.0,,0.0,,4000.0,12.5,928.09,73,0,365,726.61,102.26,768.5,20.76642810670137,,,,,,,,,,False,True,True,12.5,,,,,,,,,,,,,,,,,,0.0,,0,Insufficient,,,,
Punjab,Malerkotla,Maize,2023-24,0.0,0.01,3827.0,4,True,4500.0,-14.955555555555556,0.0,,0.01,0.0,4250.0,-9.952941176470588,996.84,61,1,366,847.4200000000001,133.62,848.2950000000001,17.511007373614127,2155.96,2155.96,2155.96,,1.0,1.0,,8.333333333333332,Low,True,True,True,-14.955555555555556,,12.5,,20.76642810670137,,0.0,,20.76642810670137,,0.0,,59.05667243178482,,0.0,17.717001729535443,,,0.6499999999999999,27.25692573774684,2,Limited,27.25692573774684,Rainfall anomaly,,
Punjab,Malerkotla,Maize,2024-25,0.0,0.01,4250.0,4,True,3827.0,11.053044159916384,0.0,,0.01,0.0,4109.0,3.4314918471647604,804.41,71,0,365,675.29,76.85,897.8100000000001,-10.403091968233822,2320.0,2320.0,2320.0,,1.0,0.25,,8.333333333333332,Low,True,True,True,11.053044159916393,,-14.955555555555556,,17.511007373614127,,14.955555555555556,,17.511007373614127,,69.82913860388447,,49.79873385545675,,24.440198511359565,14.939620156637025,,,0.6499999999999999,60.58433641230245,2,Limited,60.58433641230245,Yield trend,Rainfall anomaly,
Punjab,Malerkotla,Rice,2021-22,0.53,2.79,5254.0,4,True,,,,,,,,,768.5,55,0,365,548.1,177.91,,,1960.0,1960.0,1960.0,0.0,2.0,1.0,,16.666666666666664,Low,True,True,True,,,,,,,,,,,,,,,,,,,0.0,,0,Insufficient,,,,
Punjab,Malerkotla,Rice,2022-23,0.53,2.77,5236.0,4,True,5254.0,-0.3425961172440045,0.53,0.0,2.79,-0.7168458781362014,5254.0,-0.3425961172440045,928.09,73,0,365,726.61,102.26,768.5,20.76642810670137,2081.6666666666665,2060.0,2125.0,37.52776749732574,3.0,0.75,,25.0,Low,True,True,True,-0.3425961172440095,0.0,,,,,,,,,,,,,,,,,0.0,,0,Insufficient,,,,
Punjab,Malerkotla,Rice,2023-24,0.53,2.98,5642.0,4,True,5236.0,7.754010695187167,0.53,0.0,2.77,7.581227436823103,5245.0,7.569113441372736,996.84,61,1,366,847.4200000000001,133.62,848.2950000000001,17.511007373614127,2203.0,2203.0,2203.0,0.0,3.0,1.0,,25.0,Low,True,True,True,7.754010695187175,0.0,-0.3425961172440095,0.0,20.76642810670137,,0.3425961172440095,-0.0,20.76642810670137,,1.599619062449193,-0.0,59.05667243178482,,0.5598666718572175,17.717001729535443,-0.0,,0.8499999999999999,21.502198119285488,3,Good,21.502198119285488,Rainfall anomaly,Yield trend,
Punjab,Malerkotla,Rice,2024-25,0.53,2.83,5328.0,4,True,5642.0,-5.565402339595888,0.53,0.0,2.98,-5.033557046979863,5377.333333333333,-0.917431192660545,804.41,71,0,365,675.29,76.85,897.8100000000001,-10.403091968233822,2320.0,2320.0,2320.0,0.0,2.0,0.6666666666666666,,16.666666666666664,Low,True,True,True,-5.565402339595893,0.0,7.754010695187175,0.0,17.511007373614127,,0.0,-0.0,17.511007373614127,,0.0,-0.0,49.79873385545675,,0.0,14.939620156637025,-0.0,,0.8499999999999999,17.57602371369062,3,Good,17.57602371369062,Rainfall anomaly,,
Punjab,Malerkotla,Wheat,2021-22,0.52,2.27,4332.0,4,True,,,,,,,,,768.5,55,0,365,548.1,177.91,,,2015.0,2015.0,2015.0,0.0,2.0,1.0,,16.666666666666664,Low,True,True,True,,,,,,,,,,,,,,,,,,,0.0,,0,Insufficient,,,,
Punjab,Malerkotla,Wheat,2022-23,0.52,2.59,4962.0,4,True,4332.0,14.542936288088642,0.52,0.0,2.27,14.096916299559464,4332.0,14.542936288088642,928.09,73,0,365,726.61,102.26,768.5,20.76642810670137,2125.0,2125.0,2125.0,0.0,2.0,0.6666666666666666,,16.666666666666664,Low,True,True,True,14.542936288088647,0.0,,,,,,,,,,,,,,,,,0.0,,0,Insufficient,,,,
Punjab,Malerkotla,Wheat,2023-24,0.52,2.85,5485.0,4,True,4962.0,10.540104796453043,0.52,0.0,2.59,10.038610038610049,4647.0,18.03313965999569,996.84,61,1,366,847.4200000000001,133.62,848.2950000000001,17.511007373614127,2275.0,2275.0,2275.0,0.0,2.0,0.6666666666666666,,16.666666666666664,Low,True,True,True,10.540104796453043,0.0,14.542936288088647,0.0,20.76642810670137,,0.0,-0.0,20.76642810670137,,0.0,-0.0,59.05667243178482,,0.0,17.717001729535443,-0.0,,0.8499999999999999,20.84353144651229,3,Good,20.84353144651229,Rainfall anomaly,,
Punjab,Malerkotla,Wheat,2024-25,0.52,2.84,5439.0,4,True,5485.0,-0.8386508659981768,0.52,0.0,2.85,-0.3508771929824642,4926.333333333333,10.406658095946955,804.41,71,0,365,675.29,76.85,897.8100000000001,-10.403091968233822,2425.0,2425.0,2425.0,0.0,2.0,0.6666666666666666,,16.666666666666664,Low,True,True,True,-0.8386508659981806,0.0,10.540104796453043,0.0,17.511007373614127,,0.0,-0.0,17.511007373614127,,0.0,-0.0,49.79873385545675,,0.0,14.939620156637025,-0.0,,0.8499999999999999,17.57602371369062,3,Good,17.57602371369062,Rainfall anomaly,,
Punjab,Mansa,Maize,2021-22,0.0,0.0,4000.0,4,True,,,,,,,,,711.85,54,0,365,525.18,140.17,,,,,,,,,,,,False,True,True,,,,,,,,,,,,,,,,,,,0.0,,0,Insufficient,,,,
Punjab,Mansa,Maize,2022-23,0.0,0.0,4000.0,4,True,4000.0,0.0,0.0,,0.0,,4000.0,0.0,835.71,67,1,365,657.51,86.58,711.85,17.399733089836346,,,,,,,,,,False,True,True,0.0,,,,,,,,,,,,,,,,,,0.0,,0,Insufficient,,,,
Punjab,Mansa,Maize,2023-24,0.0,0.0,3827.0,4,True,4000.0,-4.324999999999999,0.0,,0.0,,4000.0,-4.324999999999999,728.2,59,2,366,565.85,149.09,773.78,-5.890563209180895,,,,,,,,,,False,True,True,-4.325000000000001,,0.0,,17.399733089836346,,-0.0,,17.399733089836346,,-0.0,,49.48228613062991,,-0.0,14.844685839188973,,,0.6499999999999999,22.837978214136886,2,Limited,22.837978214136886,Rainfall anomaly,,
Punjab,Mansa,Maize,2024-25,0.0,0.0,4200.0,4,True,3827.0,9.746537758035014,0.0,,0.0,,3942.3333333333335,6.53589244948,721.61,69,0,365,584.47,68.26,758.5866666666667,-4.87441557985025,,,,,,,,,,False,True,True,9.746537758035023,,-4.325000000000001,,-5.890563209180895,,4.325000000000001,,5.890563209180895,,20.193902081398246,,16.75189686429794,,7.0678657284893855,5.025569059289382,,,0.6499999999999999,18.605284288890417,2,Limited,18.605284288890417,Yield trend,Rainfall anomaly,
Punjab,Mansa,Rice,2021-22,1.23,5.61,4572.0,4,True,,,,,,,,,711.85,54,0,365,525.18,140.17,,,1978.3333333333333,1960.0,2015.0,31.75426480542945,3.0,5.0,,25.0,Low,True,True,True,,,,,,,,,,,,,,,,,,,0.0,,0,Insufficient,,,,
Punjab,Mansa,Rice,2022-23,1.26,5.93,4695.0,4,True,4572.0,2.690288713910761,1.23,2.4390243902439046,5.61,5.704099821746869,4572.0,2.690288713910761,835.71,67,1,365,657.51,86.58,711.85,17.399733089836346,2081.6666666666665,2060.0,2125.0,37.52776749732574,3.0,2.75,,25.0,Low,True,True,True,2.690288713910771,2.4390243902439046,,,,,,,,,,,,,,,,,0.0,,0,Insufficient,,,,
Punjab,Mansa,Rice,2023-24,1.34,6.16,4608.0,4,True,4695.0,-1.853035143769968,1.26,6.349206349206354,5.93,3.878583473861728,4633.5,-0.5503399158303658,728.2,59,2,366,565.85,149.09,773.78,-5.890563209180895,2203.0,2203.0,2203.0,0.0,3.0,6.333333333333333,,25.0,Low,True,True,True,-1.8530351437699655,6.349206349206349,2.690288713910771,2.4390243902439046,17.399733089836346,,0.0,0.0,17.399733089836346,,0.0,0.0,49.48228613062991,,0.0,14.844685839188973,0.0,,0.8499999999999999,17.464336281398793,3,Good,17.464336281398793,Rainfall anomaly,,
Punjab,Mansa,Rice,2024-25,1.44,6.38,4434.0,4,True,4608.0,-3.7760416666666665,1.34,7.462686567164169,6.16,3.571428571428567,4625.0,-4.129729729729729,721.61,69,0,365,584.47,68.26,758.5866666666667,-4.87441557985025,2320.0,2320.0,2320.0,0.0,3.0,5.666666666666667,,25.0,Low,True,True,True,-3.776041666666663,7.462686567164178,-1.8530351437699655,6.349206349206349,-5.890563209180895,,1.8530351437699655,0.0,5.890563209180895,,8.652025490561941,0.0,16.75189686429794,,3.028208921696679,5.025569059289382,0.0,,0.8499999999999999,9.475032918807134,3,Good,9.475032918807134,Rainfall anomaly,Yield trend,
Punjab,Mansa,Wheat,2021-22,1.73,7.68,4452.0,4,True,,,,,,,,,711.85,54,0,365,525.18,140.17,,,2015.0,2015.0,2015.0,0.0,2.0,4.333333333333333,,16.666666666666664,Low,True,True,True,,,,,,,,,,,,,,,,,,,0.0,,0,Insufficient,,,,
Punjab,Mansa,Wheat,2022-23,1.71,8.54,5001.0,4,True,4452.0,12.331536388140162,1.73,-1.156069364161851,7.68,11.19791666666666,4452.0,12.331536388140162,835.71,67,1,365,657.51,86.58,711.85,17.399733089836346,2125.0,2125.0,2125.0,0.0,2.0,4.666666666666667,,16.666666666666664,Low,True,True,True,12.331536388140151,-1.1560693641618491,,,,,,,,,,,,,,,,,0.0,,0,Insufficient,,,,
Punjab,Mansa,Wheat,2023-24,1.73,9.57,5537.0,4,True,5001.0,10.717856428714258,1.71,1.1695906432748548,8.54,12.060889929742403,4726.5,17.147995345392996,728.2,59,2,366,565.85,149.09,773.78,-5.890563209180895,2275.0,2275.0,2275.0,0.0,2.0,6.0,,16.666666666666664,Low,True,True,True,10.717856428714256,1.1695906432748648,12.331536388140151,-1.1560693641618491,17.399733089836346,,0.0,1.1560693641618491,17.399733089836346,,0.0,12.33618801928424,49.48228613062991,,0.0,14.844685839188973,2.467237603856848,,0.8499999999999999,20.366968756524496,3,Good,20.366968756524496,Rainfall anomaly,Area trend,
Punjab,Mansa,Wheat,2024-25,1.72,9.08,5276.0,4,True,5537.0,-4.713743904641503,1.73,-0.5780346820809253,9.57,-5.120167189132709,4996.666666666667,5.590393595730481,721.61,69,0,365,584.47,68.26,758.5866666666667,-4.87441557985025,2425.0,2425.0,2425.0,0.0,2.0,5.333333333333333,,16.666666666666664,Low,True,True,True,-4.713743904641499,-0.5780346820809301,10.717856428714256,1.1695906432748648,-5.890563209180895,,0.0,0.0,5.890563209180895,,0.0,0.0,16.75189686429794,,0.0,5.025569059289382,0.0,,0.8499999999999999,5.912434187399274,3,Good,5.912434187399274,Rainfall anomaly,,
Punjab,Moga,Maize,2021-22,0.0,0.02,5000.0,4,True,,,,,,,,,773.82,61,0,365,536.71,216.24,,,,,,,0.0,0.0,,0.0,Low,False,True,True,,,,,,,,,,,,,,,,,,,0.0,,0,Insufficient,,,,
Punjab,Moga,Maize,2022-23,0.0,0.01,5500.0,4,True,5000.0,10.0,0.0,,0.02,-50.0,5000.0,10.0,935.08,78,1,365,748.33,98.34,773.82,20.8394717117676,,,,,,,,,,False,True,True,10.000000000000009,,,,,,,,,,,,,,,,,,0.0,,0,Insufficient,,,,
Punjab,Moga,Maize,2023-24,0.0,0.01,3827.0,4,True,5500.0,-30.41818181818181,0.0,,0.01,0.0,5250.0,-27.104761904761904,1010.65,66,2,366,846.42,143.09,854.45,18.280765404646253,,,,,,,,,,False,True,True,-30.41818181818182,,10.000000000000009,,20.8394717117676,,0.0,,20.8394717117676,,0.0,,59.26439771970957,,0.0,17.779319315912872,,,0.6499999999999999,27.35279894755827,2,Limited,27.35279894755827,Rainfall anomaly,,
Punjab,Moga,Maize,2024-25,0.0,0.01,4250.0,4,True,3827.0,11.053044159916384,0.0,,0.01,0.0,4775.666666666667,-11.007189223145115,809.16,70,0,365,687.26,79.33,906.5166666666668,-10.739644426467628,,,,,,,,,,False,True,True,11.053044159916393,,-30.41818181818182,,18.280765404646253,,30.41818181818182,,18.280765404646253,,100.0,,51.98781267328821,,35.0,15.596343801986462,,,0.6499999999999999,77.84052892613303,2,Limited,77.84052892613303,Yield trend,Rainfall anomaly,
Punjab,Moga,Rice,2021-22,1.82,8.61,4739.0,4,True,,,,,,,,,773.82,61,0,365,536.71,216.24,,,2140.0,1960.0,2500.0,311.7691453623979,3.0,2.333333333333333,,25.0,Low,True,True,True,,,,,,,,,,,,,,,,,,,0.0,,0,Insufficient,,,,
Punjab,Moga,Rice,2022-23,1.83,9.27,5060.0,4,True,4739.0,6.773580924245621,1.82,0.5494505494505499,8.61,7.665505226480838,4739.0,6.773580924245621,935.08,78,1,365,748.33,98.34,773.82,20.8394717117676,2060.0,2060.0,2060.0,0.0,2.0,1.5,,16.666666666666664,Low,True,True,True,6.773580924245626,0.5494505494505475,,,,,,,,,,,,,,,,,0.0,,0,Insufficient,,,,
Punjab,Moga,Rice,2023-24,1.83,9.46,5163.0,4,True,5060.0,2.0355731225296445,1.83,0.0,9.27,2.0496224379719665,4899.5,5.378099806102664,1010.65,66,2,366,846.42,143.09,854.45,18.280765404646253,2203.0,2203.0,2203.0,0.0,2.0,2.0,,16.666666666666664,Low,True,True,True,2.0355731225296436,0.0,6.773580924245626,0.5494505494505475,20.8394717117676,,0.0,0.0,20.8394717117676,,0.0,0.0,59.26439771970957,,0.0,17.779319315912872,0.0,,0.8499999999999999,20.916846254015148,3,Good,20.916846254015148,Rainfall anomaly,,
Punjab,Moga,Rice,2024-25,1.85,8.72,4721.0,4,True,5163.0,-8.560914197172186,1.83,1.0928961748633887,9.46,-7.822410147991545,4987.333333333333,-5.340195161074717,809.16,70,0,365,687.26,79.33,906.5166666666668,-10.739644426467628,2241.1775,2234.0,2248.355,10.150517843933065,2.0,1.6666666666666667,,16.666666666666664,Low,True,True,True,-8.560914197172186,1.0928961748633892,2.0355731225296436,0.0,18.280765404646253,,0.0,-0.0,18.280765404646253,,0.0,-0.0,51.98781267328821,,0.0,15.596343801986462,-0.0,,0.8499999999999999,18.3486397670429,3,Good,18.3486397670429,Rainfall anomaly,,
Punjab,Moga,Wheat,2021-22,1.78,7.78,4373.0,4,True,,,,,,,,,773.82,61,0,365,536.71,216.24,,,2017.5,2015.0,2020.0,3.5355339059327378,2.0,1.3333333333333333,,16.666666666666664,Low,True,True,True,,,,,,,,,,,,,,,,,,,0.0,,0,Insufficient,,,,
Punjab,Moga,Wheat,2022-23,1.78,8.46,4752.0,4,True,4373.0,8.66681911731077,1.78,0.0,7.78,8.740359897172244,4373.0,8.66681911731077,935.08,78,1,365,748.33,98.34,773.82,20.8394717117676,2125.0,2125.0,2125.0,0.0,2.0,2.6666666666666665,,16.666666666666664,Low,True,True,True,8.666819117310776,0.0,,,,,,,,,,,,,,,,,0.0,,0,Insufficient,,,,
Punjab,Moga,Wheat,2023-24,1.78,9.54,5370.0,4,True,4752.0,13.005050505050503,1.78,0.0,8.46,12.76595744680849,4562.5,17.698630136986303,1010.65,66,2,366,846.42,143.09,854.45,18.280765404646253,2275.5,2275.5,2275.5,0.0,2.0,1.3333333333333333,,16.666666666666664,Low,True,True,True,13.005050505050498,0.0,8.666819117310776,0.0,20.8394717117676,,0.0,-0.0,20.8394717117676,,0.0,-0.0,59.26439771970957,,0.0,17.779319315912872,-0.0,,0.8499999999999999,20.916846254015148,3,Good,20.916846254015148,Rainfall anomaly,,
Punjab,Moga,Wheat,2024-25,1.76,9.44,5360.0,4,True,5370.0,-0.186219739292365,1.78,-1.1235955056179785,9.54,-1.048218029350101,4831.666666666667,10.934805105208683,809.16,70,0,365,687.26,79.33,906.5166666666668,-10.739644426467628,2430.0,2430.0,2430.0,0.0,2.0,0.6666666666666666,,16.666666666666664,Low,True,True,True,-0.18621973929237035,-1.1235955056179803,13.005050505050498,0.0,18.280765404646253,,0.0,-0.0,18.280765404646253,,0.0,-0.0,51.98781267328821,,0.0,15.596343801986462,-0.0,,0.8499999999999999,18.3486397670429,3,Good,18.3486397670429,Rainfall anomaly,,
Punjab,Pathankot,Maize,2021-22,0.06,0.24,4034.0,4,True,,,,,,,,,1420.5,113,1,365,991.02,374.77,,,,,,,,,,,,False,True,True,,,,,,,,,,,,,,,,,,,0.0,,0,Insufficient,,,,
Punjab,Pathankot,Maize,2022-23,0.07,0.19,2714.0,4,True,4034.0,-32.72186415468518,0.06,16.666666666666682,0.24,-20.83333333333333,4034.0,-32.72186415468518,1913.02,136,0,365,1328.35,354.51,1420.5,34.67229848644843,,,,,,,,,,False,True,True,-32.72186415468518,16.666666666666675,,,,,,,,,,,,,,,,,0.0,,0,Insufficient,,,,
Punjab,Pathankot,Maize,2023-24,0.07,0.22,3199.0,4,True,2714.0,17.87030213706706,0.07,0.0,0.19,15.789473684210526,3374.0,-5.186721991701245,1534.46,111,1,366,987.11,402.75,1666.76,-7.937555496892171,,,,,,,,,,False,True,True,17.870302137067064,0.0,-32.72186415468518,16.666666666666675,34.67229848644843,,32.72186415468518,0.0,34.67229848644843,,100.0,0.0,98.6029260135728,,35.0,29.58087780407184,0.0,,0.8499999999999999,75.97750329890805,3,Good,75.97750329890805,Yield trend,Rainfall anomaly,
Punjab,Pathankot,Maize,2024-25,0.06,0.2,3313.0,4,True,3199.0,3.563613629259144,0.07,-14.285714285714295,0.22,-9.090909090909086,3315.6666666666665,-0.0804262591736156,1449.33,109,0,365,1046.6,279.9,1622.66,-10.68184339294738,,,,,,,,,,False,True,True,3.5636136292591436,-14.285714285714302,17.870302137067064,0.0,-7.937555496892171,,0.0,-0.0,7.937555496892171,,0.0,-0.0,22.573242373723495,,0.0,6.771972712117049,-0.0,,0.8499999999999999,7.967026720137706,3,Good,7.967026720137706,Rainfall anomaly,,
Punjab,Pathankot,Rice,2021-22,0.28,0.97,3514.0,4,True,,,,,,,,,1420.5,113,1,365,991.02,374.77,,,,,,,0.0,0.0,,0.0,Low,False,True,True,,,,,,,,,,,,,,,,,,,0.0,,0,Insufficient,,,,
Punjab,Pathankot,Rice,2022-23,0.3,0.82,2724.0,4,True,3514.0,-22.481502561183834,0.28,7.142857142857128,0.97,-15.4639175257732,3514.0,-22.481502561183834,1913.02,136,0,365,1328.35,354.51,1420.5,34.67229848644843,,,,,,,,,,False,True,True,-22.48150256118384,7.14285714285714,,,,,,,,,,,,,,,,,0.0,,0,Insufficient,,,,
Punjab,Pathankot,Rice,2023-24,0.3,1.19,3952.0,4,True,2724.0,45.08076358296623,0.3,0.0,0.82,45.1219512195122,3119.0,26.70727797370952,1534.46,111,1,366,987.11,402.75,1666.76,-7.937555496892171,,,,,,,,,,False,True,True,45.08076358296622,0.0,-22.48150256118384,7.14285714285714,34.67229848644843,,22.48150256118384,0.0,34.67229848644843,,100.0,0.0,98.6029260135728,,35.0,29.58087780407184,0.0,,0.8499999999999999,75.97750329890805,3,Good,75.97750329890805,Yield trend,Rainfall anomaly,
Punjab,Pathankot,Rice,2024-25,0.27,1.0,3648.0,4,True,3952.0,-7.6923076923076925,0.3,-9.999999999999991,1.19,-15.966386554621844,3396.6666666666665,7.3994111874386705,1449.33,109,0,365,1046.6,279.9,1622.66,-10.68184339294738,,,,,,,,,,False,True,True,-7.692307692307687,-9.999999999999986,45.08076358296622,0.0,-7.937555496892171,,0.0,-0.0,7.937555496892171,,0.0,-0.0,22.573242373723495,,0.0,6.771972712117049,-0.0,,0.8499999999999999,7.967026720137706,3,Good,7.967026720137706,Rainfall anomaly,,
Punjab,Pathankot,Wheat,2021-22,0.39,1.44,3655.0,4,True,,,,,,,,,1420.5,113,1,365,991.02,374.77,,,,,,,,,,,,False,True,True,,,,,,,,,,,,,,,,,,,0.0,,0,Insufficient,,,,
Punjab,Pathankot,Wheat,2022-23,0.4,1.6,3998.0,4,True,3655.0,9.384404924760602,0.39,2.5641025641025665,1.44,11.11111111111112,3655.0,9.384404924760602,1913.02,136,0,365,1328.35,354.51,1420.5,34.67229848644843,,,,,,,,,,False,True,True,9.384404924760602,2.564102564102577,,,,,,,,,,,,,,,,,0.0,,0,Insufficient,,,,
Punjab,Pathankot,Wheat,2023-24,0.41,1.62,3993.0,4,True,3998.0,-0.1250625312656328,0.4,2.4999999999999885,1.6,1.250000000000001,3826.5,4.351234809878479,1534.46,111,1,366,987.11,402.75,1666.76,-7.937555496892171,,,,,,,,,,False,True,True,-0.1250625312656295,2.499999999999991,9.384404924760602,2.564102564102577,34.67229848644843,,0.0,0.0,34.67229848644843,,0.0,0.0,98.6029260135728,,0.0,29.58087780407184,0.0,,0.8499999999999999,34.80103271067276,3,Good,34.80103271067276,Rainfall anomaly,,
Punjab,Pathankot,Wheat,2024-25,0.4,1.68,4184.0,4,True,3993.0,4.783370899073378,0.41,-2.439024390243892,1.62,3.703703703703693,3882.0,7.779495105615662,1449.33,109,0,365,1046.6,279.9,1622.66,-10.68184339294738,,,,,,,,,,False,True,True,4.783370899073369,-2.4390243902438935,-0.1250625312656295,2.499999999999991,-7.937555496892171,,0.1250625312656295,0.0,7.937555496892171,,0.5839307538566308,0.0,22.573242373723495,,0.20437576384982079,6.771972712117049,0.0,,0.8499999999999999,8.207468795255142,3,Good,8.207468795255142,Rainfall anomaly,Yield trend,
Punjab,Patiala,Maize,2022-23,0.01,0.02,2714.0,3,False,,,,,,,,,1107.44,77,2,365,874.65,123.35,964.2,14.855839037544078,1587.4,1138.62,1823.58,388.8336667522502,3.0,0.75,,25.0,Low,True,True,True,,,,,,,,,,,,,,,,,,,0.0,,0,Insufficient,,,,
Punjab,Patiala,Maize,2023-24,0.01,0.02,2746.0,3,False,2714.0,1.1790714812085483,0.01,0.0,0.02,0.0,2714.0,1.1790714812085483,807.19,65,3,366,664.9,125.79,1035.8200000000002,-22.07236778590876,1322.7825,1217.59,1615.77,195.4233052248376,4.0,0.8,,33.33333333333333,Low,True,True,True,1.179071481208549,0.0,,,14.855839037544078,,,,14.855839037544078,,,,42.24782496208117,,,12.67434748862435,,,0.3,42.24782496208117,1,Very Limited,,Rainfall anomaly,,
Punjab,Patiala,Maize,2024-25,0.01,0.04,5029.0,3,False,2746.0,83.13911143481427,0.01,0.0,0.02,100.0,2730.0,84.21245421245422,892.31,78,0,365,718.95,84.78999999999999,959.61,-7.01326580590032,1927.575,1740.86,2114.29,264.0548852984926,2.0,0.75,,16.666666666666664,Low,True,True,True,83.13911143481427,0.0,1.179071481208549,0.0,-22.07236778590876,,0.0,-0.0,22.07236778590876,,0.0,-0.0,62.77057313027484,,0.0,18.831171939082452,-0.0,,0.8499999999999999,22.1543199283323,3,Good,22.1543199283323,Rainfall anomaly,,
Punjab,Patiala,Rice,2021-22,2.34,10.08,4313.0,4,True,,,,,,,,,964.2,67,2,365,730.62,175.89,,,1960.0,1960.0,1960.0,0.0,2.0,8.5,,16.666666666666664,Low,True,True,True,,,,,,,,,,,,,,,,,,,0.0,,0,Insufficient,,,,
Punjab,Patiala,Rice,2022-23,2.34,9.66,4135.0,4,True,4313.0,-4.1270577324368185,2.34,0.0,10.08,-4.166666666666666,4313.0,-4.1270577324368185,1107.44,77,2,365,874.65,123.35,964.2,14.855839037544078,2060.0,2060.0,2060.0,0.0,2.0,6.0,,16.666666666666664,Low,True,True,True,-4.127057732436823,0.0,,,,,,,,,,,,,,,,,0.0,,0,Insufficient,,,,
Punjab,Patiala,Rice,2023-24,2.34,10.54,4514.0,4,True,4135.0,9.16565900846433,2.34,0.0,9.66,9.109730848861274,4224.0,6.865530303030303,807.19,65,3,366,664.9,125.79,1035.8200000000002,-22.07236778590876,2203.0,2203.0,2203.0,0.0,3.0,6.333333333333333,,25.0,Low,True,True,True,9.165659008464333,0.0,-4.127057732436823,0.0,14.855839037544078,,4.127057732436823,-0.0,14.855839037544078,,19.269687799562234,-0.0,42.24782496208117,,6.744390729846781,12.67434748862435,-0.0,,0.8499999999999999,22.845574374671926,3,Good,22.845574374671926,Rainfall anomaly,Yield trend,
Punjab,Patiala,Rice,2024-25,2.33,10.45,4483.0,4,True,4514.0,-0.6867523260965884,2.34,-0.4273504273504183,10.54,-0.8538899430740025,4320.666666666667,3.75713624440672,892.31,78,0,365,718.95,84.78999999999999,959.61,-7.01326580590032,2320.0,2320.0,2320.0,0.0,2.0,6.666666666666667,,16.666666666666664,Low,True,True,True,-0.6867523260965847,-0.42735042735041473,9.165659008464333,0.0,-22.07236778590876,,0.0,-0.0,22.07236778590876,,0.0,-0.0,62.77057313027484,,0.0,18.831171939082452,-0.0,,0.8499999999999999,22.1543199283323,3,Good,22.1543199283323,Rainfall anomaly,,
Punjab,Patiala,Wheat,2021-22,2.34,9.07,3884.0,4,True,,,,,,,,,964.2,67,2,365,730.62,175.89,,,2015.0,2015.0,2015.0,0.0,2.0,4.666666666666667,,16.666666666666664,Low,True,True,True,,,,,,,,,,,,,,,,,,,0.0,,0,Insufficient,,,,
Punjab,Patiala,Wheat,2022-23,2.33,11.45,4908.0,4,True,3884.0,26.364572605561275,2.34,-0.4273504273504183,9.07,26.24035281146636,3884.0,26.364572605561275,1107.44,77,2,365,874.65,123.35,964.2,14.855839037544078,2125.0,2125.0,2125.0,0.0,2.0,4.333333333333333,,16.666666666666664,Low,True,True,True,26.364572605561285,-0.42735042735041473,,,,,,,,,,,,,,,,,0.0,,0,Insufficient,,,,
Punjab,Patiala,Wheat,2023-24,2.33,11.54,4957.0,4,True,4908.0,0.9983700081499592,2.33,0.0,11.45,0.7860262008733613,4396.0,12.76160145586897,807.19,65,3,366,664.9,125.79,1035.8200000000002,-22.07236778590876,2275.0,2275.0,2275.0,0.0,2.0,5.333333333333333,,16.666666666666664,Low,True,True,True,0.9983700081499514,0.0,26.364572605561285,-0.42735042735041473,14.855839037544078,,0.0,0.42735042735041473,14.855839037544078,,0.0,4.560172066957503,42.24782496208117,,0.0,12.67434748862435,0.9120344133915007,,0.8499999999999999,15.983978708253945,3,Good,15.983978708253945,Rainfall anomaly,Area trend,
Punjab,Patiala,Wheat,2024-25,2.31,11.65,5038.0,4,True,4957.0,1.6340528545491224,2.33,-0.858369098712447,11.54,0.9532062391681214,4583.0,9.92799476325551,892.31,78,0,365,718.95,84.78999999999999,959.61,-7.01326580590032,2421.3766666666666,2414.01,2425.12,6.380002612329539,3.0,1.8,,25.0,Low,True,True,True,1.6340528545491173,-0.8583690987124526,0.9983700081499514,0.0,-22.07236778590876,,0.0,-0.0,22.07236778590876,,0.0,-0.0,62.77057313027484,,0.0,18.831171939082452,-0.0,,0.8499999999999999,22.1543199283323,3,Good,22.1543199283323,Rainfall anomaly,,
Punjab,Rupnagar,Maize,2021-22,0.07,0.29,4056.0,4,True,,,,,,,,,1060.59,82,0,365,753.01,246.11,,,,,,,,,,,,False,True,True,,,,,,,,,,,,,,,,,,,0.0,,0,Insufficient,,,,
Punjab,Rupnagar,Maize,2022-23,0.21,0.82,3980.0,4,True,4056.0,-1.8737672583826428,0.07,200.0,0.29,182.7586206896552,4056.0,-1.8737672583826428,1359.03,109,1,365,1016.23,161.34,1060.59,28.13905467711369,,,,,,,,,,False,True,True,-1.8737672583826415,199.99999999999994,,,,,,,,,,,,,,,,,0.0,,0,Insufficient,,,,
Punjab,Rupnagar,Maize,2023-24,0.2,0.83,4066.0,4,True,3980.0,2.1608040201005023,0.21,-4.761904761904753,0.82,1.2195121951219523,4018.0,1.1946241911398707,1308.7,84,3,366,1099.77,174.77,1209.81,8.174010795083534,,,,,,,,,,False,True,True,2.160804020100504,-4.761904761904756,-1.8737672583826415,199.99999999999994,28.13905467711369,,1.8737672583826415,0.0,28.13905467711369,,8.74882602060326,0.0,80.02333988627154,,3.062089107211141,24.00700196588146,0.0,,0.8499999999999999,31.845989497756005,3,Good,31.845989497756005,Rainfall anomaly,Yield trend,
Punjab,Rupnagar,Maize,2024-25,0.2,1.12,5534.0,4,True,4066.0,36.10427939006394,0.2,0.0,0.83,34.93975903614459,4034.0,37.18393653941497,1191.48,107,1,365,972.22,134.83,1242.7733333333333,-4.127328126341084,,,,,,,,,,False,True,True,36.10427939006395,0.0,2.160804020100504,-4.761904761904756,8.174010795083534,,0.0,4.761904761904756,8.174010795083534,,0.0,50.813345888956476,23.24568652340088,,0.0,6.973705957020264,10.162669177791296,,0.8499999999999999,20.160441335072424,3,Good,20.160441335072424,Area trend,Rainfall anomaly,
Punjab,Rupnagar,Rice,2021-22,0.4,1.69,4214.0,4,True,,,,,,,,,1060.59,82,0,365,753.01,246.11,,,1960.2825,1960.0,1960.565,0.3995153313704379,2.0,1.5,,16.666666666666664,Low,True,True,True,,,,,,,,,,,,,,,,,,,0.0,,0,Insufficient,,,,
Punjab,Rupnagar,Rice,2022-23,0.41,1.49,3652.0,4,True,4214.0,-13.336497389653536,0.4,2.4999999999999885,1.69,-11.834319526627215,4214.0,-13.336497389653536,1359.03,109,1,365,1016.23,161.34,1060.59,28.13905467711369,,,,,0.0,0.0,,0.0,Low,False,True,True,-13.336497389653534,2.499999999999991,,,,,,,,,,,,,,,,,0.0,,0,Insufficient,,,,
Punjab,Rupnagar,Rice,2023-24,0.41,1.69,4143.0,4,True,3652.0,13.444687842278205,0.41,0.0,1.49,13.422818791946304,3933.0,5.339435545385203,1308.7,84,3,366,1099.77,174.77,1209.81,8.174010795083534,2203.0,2203.0,2203.0,0.0,2.0,0.6666666666666666,,16.666666666666664,Low,True,True,True,13.444687842278213,0.0,-13.336497389653534,2.499999999999991,28.13905467711369,,13.336497389653534,0.0,28.13905467711369,,62.26957743248248,0.0,80.02333988627154,,21.794352101368865,24.00700196588146,0.0,,0.8499999999999999,53.883945961470985,3,Good,53.883945961470985,Rainfall anomaly,Yield trend,
Punjab,Rupnagar,Rice,2024-25,0.42,1.71,4108.0,4,True,4143.0,-0.8447984552256819,0.41,2.4390243902439046,1.69,1.1834319526627228,4003.0,2.623032725455908,1191.48,107,1,365,972.22,134.83,1242.7733333333333,-4.127328126341084,2320.0,2320.0,2320.0,0.0,2.0,0.6666666666666666,,16.666666666666664,Low,True,True,True,-0.8447984552256815,2.4390243902439046,13.444687842278213,0.0,8.174010795083534,,0.0,-0.0,8.174010795083534,,0.0,-0.0,23.24568652340088,,0.0,6.973705957020264,-0.0,,0.8499999999999999,8.204359949435606,3,Good,8.204359949435606,Rainfall anomaly,,
Punjab,Rupnagar,Wheat,2021-22,0.69,2.48,3615.0,4,True,,,,,,,,,1060.59,82,0,365,753.01,246.11,,,,,,,0.0,0.0,,0.0,Low,False,True,True,,,,,,,,,,,,,,,,,,,0.0,,0,Insufficient,,,,
Punjab,Rupnagar,Wheat,2022-23,0.68,3.06,4511.0,4,True,3615.0,24.785615491009683,0.69,-1.449275362318826,2.48,23.38709677419355,3615.0,24.785615491009683,1359.03,109,1,365,1016.23,161.34,1060.59,28.13905467711369,,,,,,,,,,False,True,True,24.785615491009683,-1.4492753623188248,,,,,,,,,,,,,,,,,0.0,,0,Insufficient,,,,
Punjab,Rupnagar,Wheat,2023-24,0.67,3.2,4759.0,4,True,4511.0,5.497672356461982,0.68,-1.4705882352941189,3.06,4.575163398692815,4063.0,17.13019936007876,1308.7,84,3,366,1099.77,174.77,1209.81,8.174010795083534,2275.0,2275.0,2275.0,0.0,2.0,0.6666666666666666,,16.666666666666664,Low,True,True,True,5.497672356461991,-1.4705882352941235,24.785615491009683,-1.4492753623188248,28.13905467711369,,0.0,1.4492753623188248,28.13905467711369,,0.0,15.464931357508343,80.02333988627154,,0.0,24.00700196588146,3.092986271501669,,0.8499999999999999,31.882339102803687,3,Good,31.882339102803687,Rainfall anomaly,Area trend,
Punjab,Rupnagar,Wheat,2024-25,0.67,3.12,4630.0,4,True,4759.0,-2.710653498634167,0.67,0.0,3.2,-2.500000000000002,4295.0,7.799767171129219,1191.48,107,1,365,972.22,134.83,1242.7733333333333,-4.127328126341084,2425.0,2425.0,2425.0,0.0,2.0,0.6666666666666666,,16.666666666666664,Low,True,True,True,-2.7106534986341635,0.0,5.497672356461991,-1.4705882352941235,8.174010795083534,,0.0,1.4705882352941235,8.174010795083534,,0.0,15.692356818648406,23.24568652340088,,0.0,6.973705957020264,3.1384713637296815,,0.8499999999999999,11.89667920088229,3,Good,11.89667920088229,Rainfall anomaly,Area trend,
Punjab,S.A.S Nagar,Maize,2021-22,0.01,0.02,3000.0,4,True,,,,,,,,,1297.57,97,0,365,981.67,246.72,,,,,,,,,,,,False,True,True,,,,,,,,,,,,,,,,,,,0.0,,0,Insufficient,,,,
Punjab,S.A.S Nagar,Maize,2022-23,0.03,0.1,2912.0,4,True,3000.0,-2.933333333333333,0.01,200.0,0.02,400.0,3000.0,-2.933333333333333,1567.66,110,1,365,1207.36,181.25,1297.57,20.815062000508654,1137.31,1137.31,1137.31,,1.0,1.0,,8.333333333333332,Low,True,True,True,-2.9333333333333322,200.0,,,,,,,,,,,,,,,,,0.0,,0,Insufficient,,,,
Punjab,S.A.S Nagar,Maize,2023-24,0.05,0.16,3531.0,4,True,2912.0,21.25686813186813,0.03,66.66666666666669,0.1,60.0,2956.0,19.45196211096076,1301.31,84,3,366,1120.44,152.26,1432.615,-9.16540731459604,1450.0,1450.0,1450.0,,1.0,0.5,,8.333333333333332,Low,True,True,True,21.256868131868135,66.66666666666667,-2.9333333333333322,200.0,20.815062000508654,,2.9333333333333322,0.0,20.815062000508654,,13.69605690299071,0.0,59.194980084930634,,4.793619916046748,17.75849402547919,0.0,,0.8499999999999999,26.531898754736403,3,Good,26.531898754736403,Rainfall anomaly,Yield trend,
Punjab,S.A.S Nagar,Maize,2024-25,0.05,0.2,4551.0,4,True,3531.0,28.88700084961767,0.05,0.0,0.16,25.000000000000007,3147.6666666666665,44.58328920893784,1447.69,111,1,365,1191.42,133.39,1388.8466666666666,4.2368488002035365,1868.6933333333327,1456.08,2450.0,517.988727805281,3.0,0.6,,25.0,Low,True,True,True,28.88700084961766,0.0,21.256868131868135,66.66666666666667,-9.16540731459604,,0.0,0.0,9.16540731459604,,0.0,0.0,26.06507265962177,,0.0,7.81952179788653,0.0,,0.8499999999999999,9.199437409278271,3,Good,9.199437409278271,Rainfall anomaly,,
Punjab,S.A.S Nagar,Rice,2021-22,0.32,1.13,3509.0,4,True,,,,,,,,,1297.57,97,0,365,981.67,246.72,,,1960.0,1960.0,1960.0,0.0,2.0,1.0,,16.666666666666664,Low,True,True,True,,,,,,,,,,,,,,,,,,,0.0,,0,Insufficient,,,,
Punjab,S.A.S Nagar,Rice,2022-23,0.42,1.27,3024.0,4,True,3509.0,-13.821601595896263,0.32,31.25,1.13,12.389380530973463,3509.0,-13.821601595896263,1567.66,110,1,365,1207.36,181.25,1297.57,20.815062000508654,2060.0,2060.0,2060.0,0.0,2.0,0.6666666666666666,,16.666666666666664,Low,True,True,True,-13.821601595896272,31.25,,,,,,,,,,,,,,,,,0.0,,0,Insufficient,,,,
Punjab,S.A.S Nagar,Rice,2023-24,0.34,1.35,4030.0,4,True,3024.0,33.267195767195766,0.42,-19.04761904761904,1.27,6.2992125984252025,3266.5,23.373641512322056,1301.31,84,3,366,1120.44,152.26,1432.615,-9.16540731459604,2203.0,2203.0,2203.0,0.0,2.0,0.6666666666666666,,16.666666666666664,Low,True,True,True,33.267195767195766,-19.047619047619037,-13.821601595896272,31.25,20.815062000508654,,13.821601595896272,0.0,20.815062000508654,,64.5345824822259,0.0,59.194980084930634,,22.587103868779064,17.75849402547919,0.0,,0.8499999999999999,47.46540928736266,3,Good,47.46540928736266,Yield trend,Rainfall anomaly,
Punjab,S.A.S Nagar,Rice,2024-25,0.33,1.27,3884.0,4,True,4030.0,-3.622828784119106,0.34,-2.9411764705882377,1.35,-5.925925925925931,3521.0,10.309571144561204,1447.69,111,1,365,1191.42,133.39,1388.8466666666666,4.2368488002035365,2320.0,2320.0,2320.0,0.0,2.0,1.0,,16.666666666666664,Low,True,True,True,-3.622828784119103,-2.941176470588236,33.267195767195766,-19.047619047619037,-9.16540731459604,,0.0,19.047619047619037,9.16540731459604,,0.0,100.0,26.06507265962177,,0.0,7.81952179788653,20.0,,0.8499999999999999,32.72884917398416,3,Good,32.72884917398416,Area trend,Rainfall anomaly,
Punjab,S.A.S Nagar,Wheat,2021-22,0.5,1.86,3713.0,4,True,,,,,,,,,1297.57,97,0,365,981.67,246.72,,,2015.0,2015.0,2015.0,,1.0,0.5,,8.333333333333332,Low,True,True,True,,,,,,,,,,,,,,,,,,,0.0,,0,Insufficient,,,,
Punjab,S.A.S Nagar,Wheat,2022-23,0.53,2.17,4094.0,4,True,3713.0,10.26124427686507,0.5,6.000000000000005,1.86,16.666666666666657,3713.0,10.26124427686507,1567.66,110,1,365,1207.36,181.25,1297.57,20.815062000508654,2324.24,2125.0,2722.67,345.0505025354985,3.0,0.75,,25.0,Low,True,True,True,10.261244276865078,6.000000000000005,,,,,,,,,,,,,,,,,0.0,,0,Insufficient,,,,
Punjab,S.A.S Nagar,Wheat,2023-24,0.52,2.21,4242.0,4,True,4094.0,3.61504640937958,0.53,-1.8867924528301905,2.17,1.843317972350232,3903.5,8.671704880235685,1301.31,84,3,366,1120.44,152.26,1432.615,-9.16540731459604,2376.2166666666667,2275.0,2578.57,175.24313177221336,3.0,1.5,,25.0,Low,True,True,True,3.615046409379574,-1.8867924528301883,10.261244276865078,6.000000000000005,20.815062000508654,,0.0,0.0,20.815062000508654,,0.0,0.0,59.194980084930634,,0.0,17.75849402547919,0.0,,0.8499999999999999,20.892345912328462,3,Good,20.892345912328462,Rainfall anomaly,,
Punjab,S.A.S Nagar,Wheat,2024-25,0.52,2.41,4680.0,4,True,4242.0,10.325318246110324,0.52,0.0,2.21,9.049773755656116,4016.3333333333335,16.5241928790771,1447.69,111,1,365,1191.42,133.39,1388.8466666666666,4.2368488002035365,2732.628571428572,2425.0,3050.0,286.71472119097587,7.0,1.1428571428571428,10.492268293933789,58.333333333333336,Moderate,True,True,True,10.325318246110315,0.0,3.615046409379574,-1.8867924528301883,-9.16540731459604,,0.0,1.8867924528301883,9.16540731459604,,0.0,20.133589880529946,26.06507265962177,,0.0,7.81952179788653,4.0267179761059895,,0.8499999999999999,13.936752675285318,3,Good,13.936752675285318,Rainfall anomaly,Area trend,
Punjab,Sangrur,Maize,2021-22,0.0,0.01,4000.0,4,True,,,,,,,,,711.85,54,0,365,525.18,140.17,,,1753.3066666666666,1588.22,1914.7,163.27133285832298,3.0,0.8,,25.0,Low,True,True,True,,,,,,,,,,,,,,,,,,,0.0,,0,Insufficient,,,,
Punjab,Sangrur,Maize,2022-23,0.0,0.0,4000.0,4,True,4000.0,0.0,0.0,,0.01,-100.0,4000.0,0.0,835.71,67,1,365,657.51,86.58,711.85,17.399733089836346,1471.48,1471.48,1471.48,,1.0,0.6666666666666666,,8.333333333333332,Low,True,True,True,0.0,,,,,,,,,,,,,,,,,,0.0,,0,Insufficient,,,,
Punjab,Sangrur,Maize,2023-24,0.0,0.01,3827.0,4,True,4000.0,-4.324999999999999,0.0,,0.0,,4000.0,-4.324999999999999,728.2,59,2,366,565.85,149.09,773.78,-5.890563209180895,1876.942,1597.72,2202.29,233.98435347262003,5.0,1.0,,41.66666666666667,Low,True,True,True,-4.325000000000001,,0.0,,17.399733089836346,,-0.0,,17.399733089836346,,-0.0,,49.48228613062991,,-0.0,14.844685839188973,,,0.6499999999999999,22.837978214136886,2,Limited,22.837978214136886,Rainfall anomaly,,
Punjab,Sangrur,Maize,2024-25,0.0,0.0,4200.0,4,True,3827.0,9.746537758035014,0.0,,0.01,-100.0,3942.3333333333335,6.53589244948,721.61,69,0,365,584.47,68.26,758.5866666666667,-4.87441557985025,2034.07,1250.0,2339.59,454.8818779089799,5.0,0.7142857142857143,,41.66666666666667,Low,True,True,True,9.746537758035023,,-4.325000000000001,,-5.890563209180895,,4.325000000000001,,5.890563209180895,,20.193902081398246,,16.75189686429794,,7.0678657284893855,5.025569059289382,,,0.6499999999999999,18.605284288890417,2,Limited,18.605284288890417,Yield trend,Rainfall anomaly,
Punjab,Sangrur,Rice,2021-22,2.39,11.95,5006.0,4,True,,,,,,,,,711.85,54,0,365,525.18,140.17,,,1960.0,1960.0,1960.0,0.0,2.0,3.5,,16.666666666666664,Low,True,True,True,,,,,,,,,,,,,,,,,,,0.0,,0,Insufficient,,,,
Punjab,Sangrur,Rice,2022-23,2.39,12.31,5157.0,4,True,5006.0,3.016380343587695,2.39,0.0,11.95,3.0125523012552406,5006.0,3.016380343587695,835.71,67,1,365,657.51,86.58,711.85,17.399733089836346,2081.6666666666665,2060.0,2125.0,37.52776749732574,3.0,1.25,,25.0,Low,True,True,True,3.016380343587688,0.0,,,,,,,,,,,,,,,,,0.0,,0,Insufficient,,,,
Punjab,Sangrur,Rice,2023-24,2.39,12.35,5177.0,4,True,5157.0,0.3878223773511732,2.39,0.0,12.31,0.3249390739236323,5081.5,1.8793663288399087,728.2,59,2,366,565.85,149.09,773.78,-5.890563209180895,2203.0,2203.0,2203.0,0.0,3.0,3.333333333333333,,25.0,Low,True,True,True,0.38782237735117686,0.0,3.016380343587688,0.0,17.399733089836346,,0.0,-0.0,17.399733089836346,,0.0,-0.0,49.48228613062991,,0.0,14.844685839188973,-0.0,,0.8499999999999999,17.464336281398793,3,Good,17.464336281398793,Rainfall anomaly,,
Punjab,Sangrur,Rice,2024-25,2.41,11.69,4853.0,4,True,5177.0,-6.258450840254974,2.39,0.836820083682009,12.35,-5.344129554655871,5113.333333333333,-5.091264667535849,721.61,69,0,365,584.47,68.26,758.5866666666667,-4.87441557985025,2320.0,2320.0,2320.0,0.0,3.0,3.333333333333333,,25.0,Low,True,True,True,-6.2584508402549694,0.8368200836819994,0.38782237735117686,0.0,-5.890563209180895,,0.0,-0.0,5.890563209180895,,0.0,-0.0,16.75189686429794,,0.0,5.025569059289382,-0.0,,0.8499999999999999,5.912434187399274,3,Good,5.912434187399274,Rainfall anomaly,,
Punjab,Sangrur,Wheat,2021-22,2.39,9.89,4142.0,4,True,,,,,,,,,711.85,54,0,365,525.18,140.17,,,2015.0,2015.0,2015.0,0.0,2.0,1.6666666666666667,,16.666666666666664,Low,True,True,True,,,,,,,,,,,,,,,,,,,0.0,,0,Insufficient,,,,
Punjab,Sangrur,Wheat,2022-23,2.39,12.58,5269.0,4,True,4142.0,27.20907774022212,2.39,0.0,9.89,27.19919110212335,4142.0,27.20907774022212,835.71,67,1,365,657.51,86.58,711.85,17.399733089836346,2125.295,2125.17,2125.42,0.1767766952966369,2.0,1.0,,16.666666666666664,Low,True,True,True,27.20907774022212,0.0,,,,,,,,,,,,,,,,,0.0,,0,Insufficient,,,,
Punjab,Sangrur,Wheat,2023-24,2.39,13.23,5529.0,4,True,5269.0,4.9345226798253945,2.39,0.0,12.58,5.166931637519875,4705.5,17.500796939751353,728.2,59,2,366,565.85,149.09,773.78,-5.890563209180895,2275.025,2275.0,2275.05,0.0353553390594559,2.0,2.333333333333333,,16.666666666666664,Low,True,True,True,4.934522679825393,0.0,27.20907774022212,0.0,17.399733089836346,,0.0,-0.0,17.399733089836346,,0.0,-0.0,49.48228613062991,,0.0,14.844685839188973,-0.0,,0.8499999999999999,17.464336281398793,3,Good,17.464336281398793,Rainfall anomaly,,
Punjab,Sangrur,Wheat,2024-25,2.4,13.25,5519.0,4,True,5529.0,-0.1808645324651835,2.39,0.4184100418409952,13.23,0.151171579743005,4980.0,10.823293172690764,721.61,69,0,365,584.47,68.26,758.5866666666667,-4.87441557985025,2425.19,2425.0,2425.38,0.2687005768509652,2.0,2.0,,16.666666666666664,Low,True,True,True,-0.18086453246518586,0.4184100418409997,4.934522679825393,0.0,-5.890563209180895,,0.0,-0.0,5.890563209180895,,0.0,-0.0,16.75189686429794,,0.0,5.025569059289382,-0.0,,0.8499999999999999,5.912434187399274,3,Good,5.912434187399274,Rainfall anomaly,,
Punjab,Shahid Bhagat Singh Nagar,Maize,2021-22,0.21,0.68,3159.0,4,True,,,,,,,,,1060.59,82,0,365,753.01,246.11,,,1622.9516666666666,1200.0,2150.0,483.4791484731615,3.0,0.8,,25.0,Low,True,True,True,,,,,,,,,,,,,,,,,,,0.0,,0,Insufficient,,,,
Punjab,Shahid Bhagat Singh Nagar,Maize,2022-23,0.07,0.36,5600.0,4,True,3159.0,77.27128838239949,0.21,-66.66666666666666,0.68,-47.05882352941177,3159.0,77.27128838239949,1359.03,109,1,365,1016.23,161.34,1060.59,28.13905467711369,1602.785,1206.55,1912.61,293.1844599678957,4.0,0.6666666666666666,,33.33333333333333,Low,True,True,True,77.27128838239949,-66.66666666666666,,,,,,,,,,,,,,,,,0.0,,0,Insufficient,,,,
Punjab,Shahid Bhagat Singh Nagar,Maize,2023-24,0.07,0.3,4677.0,4,True,5600.0,-16.482142857142858,0.07,0.0,0.36,-16.666666666666664,4379.5,6.793012901016097,1308.7,84,3,366,1099.77,174.77,1209.81,8.174010795083534,1556.14,1556.14,1556.14,,1.0,0.5,,8.333333333333332,Low,True,True,True,-16.482142857142858,0.0,77.27128838239949,-66.66666666666666,28.13905467711369,,0.0,66.66666666666666,28.13905467711369,,0.0,100.0,80.02333988627154,,0.0,24.00700196588146,20.0,,0.8499999999999999,51.77294348927231,3,Good,51.77294348927231,Rainfall anomaly,Area trend,
Punjab,Shahid Bhagat Singh Nagar,Maize,2024-25,0.05,0.26,4819.0,4,True,4677.0,3.036134274107334,0.07,-28.571428571428577,0.3,-13.333333333333329,4478.666666666667,7.598987793986297,781.01,69,1,184,739.73,41.28,1242.7733333333333,-37.15587717792464,2356.35,1687.15,2635.95,339.72077234105063,6.0,0.875,14.417245839584556,50.0,Moderate,True,True,True,3.0361342741073383,-28.57142857142857,-16.482142857142858,0.0,8.174010795083534,,16.482142857142858,-0.0,8.174010795083534,,76.95694310953996,-0.0,23.24568652340088,,26.934930088338987,6.973705957020264,-0.0,,0.8499999999999999,39.892512994540304,3,Good,39.892512994540304,Yield trend,Rainfall anomaly,
Punjab,Shahid Bhagat Singh Nagar,Rice,2021-22,0.61,2.75,4516.0,4,True,,,,,,,,,1060.59,82,0,365,753.01,246.11,,,1960.03,1960.0,1960.06,0.0424264068711542,2.0,3.5,,16.666666666666664,Low,True,True,True,,,,,,,,,,,,,,,,,,,0.0,,0,Insufficient,,,,
Punjab,Shahid Bhagat Singh Nagar,Rice,2022-23,0.63,2.24,3556.0,4,True,4516.0,-21.257750221434897,0.61,3.2786885245901667,2.75,-18.545454545454536,4516.0,-21.257750221434897,1359.03,109,1,365,1016.23,161.34,1060.59,28.13905467711369,2060.0,2060.0,2060.0,,1.0,1.5,,8.333333333333332,Low,True,True,True,-21.2577502214349,3.2786885245901676,,,,,,,,,,,,,,,,,0.0,,0,Insufficient,,,,
Punjab,Shahid Bhagat Singh Nagar,Rice,2023-24,0.63,2.92,4622.0,4,True,3556.0,29.977502812148483,0.63,0.0,2.24,30.357142857142843,4036.0,14.519326065411295,1308.7,84,3,366,1099.77,174.77,1209.81,8.174010795083534,,,,,0.0,0.0,,0.0,Low,False,True,True,29.977502812148483,0.0,-21.2577502214349,3.2786885245901676,28.13905467711369,,21.2577502214349,0.0,28.13905467711369,,99.25478068034178,0.0,80.02333988627154,,34.73917323811962,24.00700196588146,0.0,,0.8499999999999999,69.11314729882481,3,Good,69.11314729882481,Yield trend,Rainfall anomaly,
Punjab,Shahid Bhagat Singh Nagar,Rice,2024-25,0.63,2.87,4538.0,4,True,4622.0,-1.8173950670705323,0.63,0.0,2.92,-1.7123287671232816,4231.333333333333,7.247518512683166,781.01,69,1,184,739.73,41.28,1242.7733333333333,-37.15587717792464,2321.6666666666665,2320.0,2325.0,2.8867513459481944,3.0,2.333333333333333,,25.0,Low,True,True,True,-1.8173950670705374,0.0,29.977502812148483,0.0,8.174010795083534,,0.0,-0.0,8.174010795083534,,0.0,-0.0,23.24568652340088,,0.0,6.973705957020264,-0.0,,0.8499999999999999,8.204359949435606,3,Good,8.204359949435606,Rainfall anomaly,,
Punjab,Shahid Bhagat Singh Nagar,Wheat,2021-22,0.77,2.99,3868.0,4,True,,,,,,,,,1060.59,82,0,365,753.01,246.11,,,2006.318,1948.04,2028.55,33.12989012960949,5.0,1.8,,41.66666666666667,Low,True,True,True,,,,,,,,,,,,,,,,,,,0.0,,0,Insufficient,,,,
Punjab,Shahid Bhagat Singh Nagar,Wheat,2022-23,0.78,3.86,4946.0,4,True,3868.0,27.86970010341261,0.77,1.2987012987012998,2.99,29.09698996655517,3868.0,27.86970010341261,1359.03,109,1,365,1016.23,161.34,1060.59,28.13905467711369,2098.445,2066.89,2130.0,44.62550896068326,2.0,0.4,,16.666666666666664,Low,True,True,True,27.869700103412608,1.2987012987013102,,,,,,,,,,,,,,,,,0.0,,0,Insufficient,,,,
Punjab,Shahid Bhagat Singh Nagar,Wheat,2023-24,0.78,3.7,4756.0,4,True,4946.0,-3.841488071168621,0.78,0.0,3.86,-4.145077720207246,4407.0,7.919219423644202,1308.7,84,3,366,1099.77,174.77,1209.81,8.174010795083534,2276.6666666666665,2275.0,2280.0,2.8867513459481944,3.0,3.0,,25.0,Low,True,True,True,-3.8414880711686195,0.0,27.869700103412608,1.2987012987013102,28.13905467711369,,0.0,0.0,28.13905467711369,,0.0,0.0,80.02333988627154,,0.0,24.00700196588146,0.0,,0.8499999999999999,28.243531724566427,3,Good,28.243531724566427,Rainfall anomaly,,
Punjab,Shahid Bhagat Singh Nagar,Wheat,2024-25,0.78,3.9,5019.0,4,True,4756.0,5.529857022708158,0.78,0.0,3.7,5.405405405405398,4523.333333333333,10.957995578481954,781.01,69,1,184,739.73,41.28,1242.7733333333333,-37.15587717792464,2556.07875,2307.46,2991.26,233.6020724246073,8.0,1.2,9.139079632214278,66.66666666666666,Moderate,True,True,True,5.529857022708162,0.0,-3.8414880711686195,0.0,8.174010795083534,,3.8414880711686195,-0.0,8.174010795083534,,17.936331550529133,-0.0,23.24568652340088,,6.277716042685196,6.973705957020264,-0.0,,0.8499999999999999,15.589908234947602,3,Good,15.589908234947602,Rainfall anomaly,Yield trend,
Punjab,Sri Muktsar Sahib,Maize,2021-22,0.08,0.41,5338.0,2,False,,,,,,,,,487.25,43,0,365,313.42,158.55,,,1017.1866666666666,821.05,1334.41,277.2744272978187,3.0,0.75,,25.0,Low,True,True,True,,,,,,,,,,,,,,,,,,,0.0,,0,Insufficient,,,,
Punjab,Sri Muktsar Sahib,Maize,2022-23,0.0,0.01,4500.0,2,False,5338.0,-15.698763581865869,0.08,-100.0,0.41,-97.5609756097561,5338.0,-15.698763581865869,859.34,62,2,365,690.92,72.92,487.25,76.36531554643408,1140.4766666666667,937.59,1400.0,236.3504517307579,3.0,0.75,,25.0,Low,True,True,True,-15.69876358186587,-100.0,,,,,,,,,,,,,,,,,0.0,,0,Insufficient,,,,
Punjab,Sri Muktsar Sahib,Rice,2021-22,1.83,7.66,4177.0,4,True,,,,,,,,,487.25,43,0,365,313.42,158.55,,,1960.0,1960.0,1960.0,0.0,2.0,1.0,,16.666666666666664,Low,True,True,True,,,,,,,,,,,,,,,,,,,0.0,,0,Insufficient,,,,
Punjab,Sri Muktsar Sahib,Rice,2022-23,1.83,7.54,4120.0,4,True,4177.0,-1.364615752932727,1.83,0.0,7.66,-1.5665796344647531,4177.0,-1.364615752932727,859.34,62,2,365,690.92,72.92,487.25,76.36531554643408,2688.333333333333,2060.0,3945.0,1088.3052574224446,3.0,2.6666666666666665,,25.0,Low,True,True,True,-1.3646157529327296,0.0,,,,,,,,,,,,,,,,,0.0,,0,Insufficient,,,,
Punjab,Sri Muktsar Sahib,Rice,2023-24,1.88,7.64,4075.0,4,True,4120.0,-1.0922330097087378,1.83,2.73224043715846,7.54,1.3262599469495973,4148.5,-1.771724719778233,643.49,55,0,366,517.6899999999999,111.73,673.2950000000001,-4.426737165729741,2203.0,2203.0,2203.0,0.0,2.0,2.0,,16.666666666666664,Low,True,True,True,-1.092233009708743,2.7322404371584508,-1.3646157529327296,0.0,76.36531554643408,,1.3646157529327296,-0.0,76.36531554643408,,6.371541478255972,-0.0,100.0,,2.23003951738959,30.0,-0.0,,0.8499999999999999,37.917693549870116,3,Good,37.917693549870116,Rainfall anomaly,Yield trend,
Punjab,Sri Muktsar Sahib,Rice,2024-25,2.02,8.41,4173.0,4,True,4075.0,2.4049079754601226,1.88,7.446808510638305,7.64,10.07853403141362,4124.0,1.1881668283220177,633.51,57,0,365,554.6899999999999,49.05,663.36,-4.499819102749641,2320.0,2320.0,2320.0,0.0,3.0,3.0,,25.0,Low,True,True,True,2.4049079754601133,7.446808510638303,-1.092233009708743,2.7322404371584508,-4.426737165729741,,1.092233009708743,0.0,4.426737165729741,,5.099756404191734,0.0,12.588990528118094,,1.7849147414671067,3.776697158435428,0.0,,0.8499999999999999,6.5430728234147475,3,Good,6.5430728234147475,Rainfall anomaly,Yield trend,
Punjab,Sri Muktsar Sahib,Wheat,2021-22,2.19,9.92,4526.0,4,True,,,,,,,,,487.25,43,0,365,313.42,158.55,,,2015.0,2015.0,2015.0,0.0,2.0,2.0,,16.666666666666664,Low,True,True,True,,,,,,,,,,,,,,,,,,,0.0,,0,Insufficient,,,,
Punjab,Sri Muktsar Sahib,Wheat,2022-23,2.17,10.19,4694.0,4,True,4526.0,3.7118868758285455,2.19,-0.9132420091324208,9.92,2.721774193548383,4526.0,3.7118868758285455,859.34,62,2,365,690.92,72.92,487.25,76.36531554643408,2125.0,2125.0,2125.0,0.0,2.0,2.333333333333333,,16.666666666666664,Low,True,True,True,3.7118868758285517,-0.91324200913242,,,,,,,,,,,,,,,,,0.0,,0,Insufficient,,,,
Punjab,Sri Muktsar Sahib,Wheat,2023-24,2.17,11.8,5444.0,4,True,4694.0,15.977844056242011,2.17,0.0,10.19,15.799803729146234,4610.0,18.09110629067245,643.49,55,0,366,517.6899999999999,111.73,673.2950000000001,-4.426737165729741,2275.0,2275.0,2275.0,0.0,2.0,2.6666666666666665,,16.666666666666664,Low,True,True,True,15.977844056242008,0.0,3.7118868758285517,-0.91324200913242,76.36531554643408,,0.0,0.91324200913242,76.36531554643408,,0.0,9.745025238977965,100.0,,0.0,30.0,1.949005047795593,,0.8499999999999999,37.58706476211247,3,Good,37.58706476211247,Rainfall anomaly,Area trend,
Punjab,Sri Muktsar Sahib,Wheat,2024-25,2.18,11.71,5379.0,4,True,5444.0,-1.1939750183688465,2.17,0.4608294930875682,11.8,-0.7627118644067784,4888.0,10.045008183306056,633.51,57,0,365,554.6899999999999,49.05,663.36,-4.499819102749641,2425.0,2425.0,2425.0,0.0,2.0,3.333333333333333,,16.666666666666664,Low,True,True,True,-1.1939750183688425,0.4608294930875667,15.977844056242008,0.0,-4.426737165729741,,0.0,-0.0,4.426737165729741,,0.0,-0.0,12.588990528118094,,0.0,3.776697158435428,-0.0,,0.8499999999999999,4.443173127571092,3,Good,4.443173127571092,Rainfall anomaly,,
Punjab,Tarn Taran,Maize,2021-22,0.0,0.01,4000.0,4,True,,,,,,,,,967.55,72,0,365,691.05,255.76,,,,,,,,,,,,False,True,True,,,,,,,,,,,,,,,,,,,0.0,,0,Insufficient,,,,
Punjab,Tarn Taran,Maize,2022-23,0.0,0.01,4333.0,4,True,4000.0,8.325000000000001,0.0,,0.01,0.0,4000.0,8.325000000000001,1106.64,93,1,365,883.05,126.58,967.55,14.37548447108678,,,,,,,,,,False,True,True,8.325000000000005,,,,,,,,,,,,,,,,,,0.0,,0,Insufficient,,,,
Punjab,Tarn Taran,Maize,2023-24,0.0,0.01,3827.0,4,True,4333.0,-11.677821370874684,0.0,,0.01,0.0,4166.5,-8.148325933037322,1135.06,80,2,366,916.38,179.38,1037.095,9.4460970306481,,,,,,,,,,False,True,True,-11.677821370874685,,8.325000000000005,,14.37548447108678,,0.0,,14.37548447108678,,0.0,,40.88176710482135,,0.0,12.264530131446405,,,0.6499999999999999,18.868507894532932,2,Limited,18.868507894532932,Rainfall anomaly,,
Punjab,Tarn Taran,Maize,2024-25,0.0,0.0,4200.0,4,True,3827.0,9.746537758035014,0.0,,0.01,-100.0,4053.3333333333335,3.618421052631575,963.72,81,0,365,799.17,109.19,1069.75,-9.91166160317831,,,,,,,,,,False,True,True,9.746537758035023,,-11.677821370874685,,9.4460970306481,,11.677821370874685,,9.4460970306481,,54.52503613583889,,26.86331299882136,,19.083762647543608,8.058993899646408,,,0.6499999999999999,41.758086995676955,2,Limited,41.758086995676955,Yield trend,Rainfall anomaly,
Punjab,Tarn Taran,Rice,2021-22,1.82,7.24,3978.0,4,True,,,,,,,,,967.55,72,0,365,691.05,255.76,,,1978.3333333333333,1960.0,2015.0,31.75426480542945,3.0,6.0,,25.0,Low,True,True,True,,,,,,,,,,,,,,,,,,,0.0,,0,Insufficient,,,,
Punjab,Tarn Taran,Rice,2022-23,1.82,7.64,4189.0,4,True,3978.0,5.304172951231775,1.82,0.0,7.24,5.524861878453031,3978.0,5.304172951231775,1106.64,93,1,365,883.05,126.58,967.55,14.37548447108678,1993.3975,1728.59,2125.0,179.17776654763836,4.0,1.2,,33.33333333333333,Low,True,True,True,5.304172951231778,0.0,,,,,,,,,,,,,,,,,0.0,,0,Insufficient,,,,
Punjab,Tarn Taran,Rice,2023-24,1.75,7.43,4247.0,4,True,4189.0,1.3845786583910242,1.82,-3.84615384615385,7.64,-2.7486910994764395,4083.5,4.003918207420106,1135.06,80,2,366,916.38,179.38,1037.095,9.4460970306481,2203.0,2203.0,2203.0,0.0,2.0,2.5,,16.666666666666664,Low,True,True,True,1.3845786583910336,-3.8461538461538547,5.304172951231778,0.0,14.37548447108678,,0.0,-0.0,14.37548447108678,,0.0,-0.0,40.88176710482135,,0.0,12.264530131446405,-0.0,,0.8499999999999999,14.428858978172244,3,Good,14.428858978172244,Rainfall anomaly,,
Punjab,Tarn Taran,Rice,2024-25,1.85,7.93,4280.0,4,True,4247.0,0.7770190722863198,1.75,5.71428571428572,7.43,6.729475100942127,4138.0,3.4316094731754467,963.72,81,0,365,799.17,109.19,1069.75,-9.91166160317831,2320.0,2320.0,2320.0,0.0,2.0,8.0,,16.666666666666664,Low,True,True,True,0.7770190722863113,5.714285714285716,1.3845786583910336,-3.8461538461538547,9.4460970306481,,0.0,3.8461538461538547,9.4460970306481,,0.0,41.04154860261883,26.86331299882136,,0.0,8.058993899646408,8.208309720523767,,0.8499999999999999,19.138004259023738,3,Good,19.138004259023738,Area trend,Rainfall anomaly,
Punjab,Tarn Taran,Wheat,2021-22,1.86,7.96,4291.0,4,True,,,,,,,,,967.55,72,0,365,691.05,255.76,,,2015.0,2015.0,2015.0,0.0,2.0,1.6666666666666667,,16.666666666666664,Low,True,True,True,,,,,,,,,,,,,,,,,,,0.0,,0,Insufficient,,,,
Punjab,Tarn Taran,Wheat,2022-23,1.9,8.86,4670.0,4,True,4291.0,8.832439990678163,1.86,2.150537634408592,7.96,11.306532663316576,4291.0,8.832439990678163,1106.64,93,1,365,883.05,126.58,967.55,14.37548447108678,2125.0,2125.0,2125.0,0.0,2.0,3.333333333333333,,16.666666666666664,Low,True,True,True,8.832439990678154,2.1505376344086002,,,,,,,,,,,,,,,,,0.0,,0,Insufficient,,,,
Punjab,Tarn Taran,Wheat,2023-24,1.93,9.61,4992.0,4,True,4670.0,6.895074946466809,1.9,1.578947368421054,8.86,8.465011286681715,4480.5,11.416136591898224,1135.06,80,2,366,916.38,179.38,1037.095,9.4460970306481,2275.0,2275.0,2275.0,0.0,2.0,8.0,,16.666666666666664,Low,True,True,True,6.895074946466817,1.5789473684210575,8.832439990678154,2.1505376344086002,14.37548447108678,,0.0,0.0,14.37548447108678,,0.0,0.0,40.88176710482135,,0.0,12.264530131446405,0.0,,0.8499999999999999,14.428858978172244,3,Good,14.428858978172244,Rainfall anomaly,,
Punjab,Tarn Taran,Wheat,2024-25,1.93,9.59,4973.0,4,True,4992.0,-0.3806089743589743,1.93,0.0,9.61,-0.2081165452653441,4651.0,6.923242313480972,963.72,81,0,365,799.17,109.19,1069.75,-9.91166160317831,2425.0,2425.0,2425.0,0.0,2.0,3.6666666666666665,,16.666666666666664,Low,True,True,True,-0.3806089743589758,0.0,6.895074946466817,1.5789473684210575,9.4460970306481,,0.0,0.0,9.4460970306481,,0.0,0.0,26.86331299882136,,0.0,8.058993899646408,0.0,,0.8499999999999999,9.481169293701658,3,Good,9.481169293701658,Rainfall anomaly,,
Uttar Pradesh,Agra,Maize,2021-22,0.0,0.01,2900.0,4,True,,,,,,,,,858.71,64,1,365,704.41,138.73,,,1742.188,1528.72,1965.19,104.15259604168416,10.0,0.8333333333333334,5.978263886657706,83.33333333333334,Good,True,True,True,,,,,,,,,,,,,,,,,,,0.0,,0,Insufficient,,,,
Uttar Pradesh,Agra,Maize,2022-23,0.01,0.02,2800.0,4,True,2900.0,-3.4482758620689653,0.0,,0.01,100.0,2900.0,-3.4482758620689653,822.0,79,0,365,620.16,138.59,858.71,-4.275017176928187,2243.43,2011.23,2366.54,131.14176614858982,8.0,0.8,5.845592068778158,66.66666666666666,Moderate,True,True,True,-3.4482758620689613,,,,,5.978263886657706,,,,5.978263886657706,,,,48.58822544300552,,,,7.288233816450828,0.15,48.58822544300552,1,Very Limited,,Price volatility,,
Uttar Pradesh,Agra,Maize,2023-24,0.05,0.15,3189.0,4,True,2800.0,13.892857142857142,0.01,400.0,0.02,650.0,2850.0,11.894736842105264,659.05,61,0,366,587.65,61.72,840.355,-21.574810645501017,2160.0,2140.0,2180.0,28.284271247461906,2.0,0.25,,16.666666666666664,Low,True,True,True,13.892857142857151,400.0,-3.4482758620689613,,-4.275017176928187,5.845592068778158,3.4482758620689613,,4.275017176928187,5.845592068778158,16.10038037185427,,12.157521156786197,47.50993777968379,5.635133130148994,3.647256347035859,,7.126490666952568,0.7999999999999999,20.511100180171777,3,Good,20.511100180171777,Price volatility,Yield trend,Rainfall anomaly
Uttar Pradesh,Agra,Maize,2024-25,0.01,0.05,3483.0,4,True,3189.0,9.219190968955786,0.05,-80.0,0.15,-66.66666666666666,2963.0,17.549780627742155,1104.7,79,1,365,1051.62,26.07,779.9200000000001,41.64273258795773,2281.54,2230.82,2332.26,71.72891188356358,2.0,0.5,,16.666666666666664,Low,True,True,True,9.219190968955782,-80.0,13.892857142857151,400.0,-21.574810645501017,,0.0,0.0,21.574810645501017,,0.0,0.0,61.355593678528244,,0.0,18.406678103558473,0.0,,0.8499999999999999,21.654915415951148,3,Good,21.654915415951148,Rainfall anomaly,,
Uttar Pradesh,Agra,Rice,2021-22,0.05,0.13,2561.0,4,True,,,,,,,,,858.71,64,1,365,704.41,138.73,,,,,,,,,,,,False,True,True,,,,,,,,,,,,,,,,,,,0.0,,0,Insufficient,,,,
Uttar Pradesh,Agra,Rice,2022-23,0.07,0.18,2688.0,4,True,2561.0,4.959000390472472,0.05,40.00000000000001,0.13,38.46153846153845,2561.0,4.959000390472472,822.0,79,0,365,620.16,138.59,858.71,-4.275017176928187,,,,,,,,,,False,True,True,4.959000390472479,40.000000000000014,,,,,,,,,,,,,,,,,0.0,,0,Insufficient,,,,
Uttar Pradesh,Agra,Rice,2023-24,0.06,0.14,2616.0,4,True,2688.0,-2.6785714285714284,0.07,-14.285714285714295,0.18,-22.22222222222221,2624.5,-0.3238712135644884,659.05,61,0,366,587.65,61.72,840.355,-21.574810645501017,,,,,,,,,,False,True,True,-2.67857142857143,-14.285714285714302,4.959000390472479,40.000000000000014,-4.275017176928187,,0.0,0.0,4.275017176928187,,0.0,0.0,12.157521156786197,,0.0,3.647256347035859,0.0,,0.8499999999999999,4.290889820042188,3,Good,4.290889820042188,Rainfall anomaly,,
Uttar Pradesh,Agra,Rice,2024-25,0.17,0.47,2729.0,4,True,2616.0,4.319571865443425,0.06,183.33333333333337,0.14,235.7142857142857,2621.6666666666665,4.094087730451372,1104.7,79,1,365,1051.62,26.07,779.9200000000001,41.64273258795773,,,,,,,,,,False,True,True,4.319571865443428,183.33333333333334,-2.67857142857143,-14.285714285714302,-21.574810645501017,,2.67857142857143,14.285714285714302,21.574810645501017,,12.506545467422537,100.0,61.355593678528244,,4.3772909135978875,18.406678103558473,20.0,,0.8499999999999999,50.334081196654544,3,Good,50.334081196654544,Area trend,Rainfall anomaly,Yield trend
Uttar Pradesh,Agra,Wheat,2021-22,1.42,5.73,4050.0,4,True,,,,,,,,,858.71,64,1,365,704.41,138.73,,,1958.9104166666664,1714.205,2145.7,142.1050131298288,12.0,6.166666666666667,7.254288502464467,100.0,Complete,True,True,True,,,,,,,,,,,,,,,,,,,0.0,,0,Insufficient,,,,
Uttar Pradesh,Agra,Wheat,2022-23,1.31,5.53,4222.0,4,True,4050.0,4.246913580246914,1.42,-7.746478873239428,5.73,-3.490401396160561,4050.0,4.246913580246914,822.0,79,0,365,620.16,138.59,858.71,-4.275017176928187,2369.090833333333,2094.655,2780.6,227.4524678899801,12.0,6.333333333333333,9.60083356407033,100.0,Complete,True,True,True,4.246913580246914,-7.746478873239426,,,,7.254288502464467,,,,7.254288502464467,,,,58.95909111222005,,,,8.843863666833007,0.15,58.95909111222005,1,Very Limited,,Price volatility,,
Uttar Pradesh,Agra,Wheat,2023-24,1.21,5.1,4229.0,4,True,4222.0,0.1657981999052581,1.31,-7.633587786259549,5.53,-7.775768535262216,4136.0,2.248549323017408,659.05,61,0,366,587.65,61.72,840.355,-21.574810645501017,2418.009583333333,2258.75,2551.54,112.85427044037276,12.0,5.416666666666667,4.667238344225177,100.0,Complete,True,True,True,0.1657981999052538,-7.633587786259543,4.246913580246914,-7.746478873239426,-4.275017176928187,9.60083356407033,0.0,7.746478873239426,4.275017176928187,9.60083356407033,0.0,82.66114718555595,12.157521156786197,78.03059123785594,0.0,3.647256347035859,16.53222943711119,11.704588685678392,0.9999999999999999,31.884074469825446,4,Complete,31.884074469825446,Area trend,Price volatility,Rainfall anomaly
Uttar Pradesh,Agra,Wheat,2024-25,1.25,5.22,4165.0,4,True,4229.0,-1.5133601324190116,1.21,3.305785123966945,5.1,2.3529411764705905,4167.0,-0.0479961603071754,1104.7,79,1,365,1051.62,26.07,779.9200000000001,41.64273258795773,2670.1158333333333,2450.49,2936.94,193.3994575746051,12.0,5.666666666666667,7.243111147472882,100.0,Complete,True,True,True,-1.5133601324190171,3.3057851239669533,0.1657981999052538,-7.633587786259543,-21.574810645501017,4.667238344225177,0.0,7.633587786259543,21.574810645501017,4.667238344225177,0.0,81.45650867695325,61.355593678528244,37.93289041180742,0.0,18.406678103558473,16.29130173539065,5.689933561771113,0.9999999999999999,40.387913400720244,4,Complete,40.387913400720244,Rainfall anomaly,Area trend,Price volatility
Uttar Pradesh,Aligarh,Maize,2021-22,0.21,0.53,2452.0,4,True,,,,,,,,,941.67,65,0,365,719.26,188.68,,,1760.9225,1523.745,1922.315,109.57111537718332,12.0,3.25,6.222370114368085,100.0,Complete,True,True,True,,,,,,,,,,,,,,,,,,,0.0,,0,Insufficient,,,,
Uttar Pradesh,Aligarh,Maize,2022-23,0.23,0.57,2467.0,4,True,2452.0,0.6117455138662317,0.21,9.523809523809533,0.53,7.547169811320741,2452.0,0.6117455138662317,818.96,70,1,365,545.03,187.43,941.67,-13.031104314674986,2227.94625,1912.74,2371.39,161.8092460152469,12.0,3.25,7.262708694846068,100.0,Complete,True,True,True,0.6117455138662242,9.523809523809534,,,,6.222370114368085,,,,6.222370114368085,,,,50.57219414176174,,,,7.585829121264261,0.15,50.57219414176174,1,Very Limited,,Price volatility,,
Uttar Pradesh,Aligarh,Maize,2023-24,0.3,0.87,2889.0,4,True,2467.0,17.105796513984597,0.23,30.43478260869564,0.57,52.63157894736843,2459.5,17.462898963203905,681.55,48,0,366,617.79,56.94,880.315,-22.57884961633053,2083.2658333333334,1954.415,2190.635,82.6823999583877,12.0,3.5,3.9688837898374,100.0,Complete,True,True,True,17.105796513984608,30.43478260869563,0.6117455138662242,9.523809523809534,-13.031104314674986,7.262708694846068,0.0,0.0,13.031104314674986,7.262708694846068,0.0,0.0,37.05854733331995,59.02752606481955,0.0,11.117564199995984,0.0,8.854128909722931,0.9999999999999999,19.971693109718917,4,Complete,19.971693109718917,Rainfall anomaly,Price volatility,
Uttar Pradesh,Aligarh,Maize,2024-25,0.16,0.48,2997.0,4,True,2889.0,3.738317757009345,0.3,-46.66666666666666,0.87,-44.82758620689656,2602.6666666666665,15.151127049180335,887.1,68,0,365,783.36,36.24,814.06,8.972311623221886,2292.4925,1996.685,2375.9,109.47302933724228,12.0,2.333333333333333,4.775284077799264,100.0,Complete,True,True,True,3.738317757009346,-46.666666666666664,17.105796513984608,30.43478260869563,-22.57884961633053,3.9688837898374,0.0,0.0,22.57884961633053,3.9688837898374,0.0,0.0,64.21093309002242,32.25702712255518,0.0,19.263279927006725,0.0,4.838554068383277,0.9999999999999999,24.101833995390006,4,Complete,24.101833995390006,Rainfall anomaly,Price volatility,
Uttar Pradesh,Aligarh,Rice,2021-22,0.88,2.2,2494.0,4,True,,,,,,,,,941.67,65,0,365,719.26,188.68,,,2235.564,2130.78,2346.83,84.09603189211717,5.0,0.8333333333333334,,41.66666666666667,Low,True,True,True,,,,,,,,,,,,,,,,,,,0.0,,0,Insufficient,,,,
Uttar Pradesh,Aligarh,Rice,2022-23,0.89,2.23,2500.0,4,True,2494.0,0.2405773857257417,0.88,1.1363636363636374,2.2,1.3636363636363549,2494.0,0.2405773857257417,818.96,70,1,365,545.03,187.43,941.67,-13.031104314674986,2602.35,2471.98,2762.18,114.59833812058528,5.0,0.8333333333333334,,41.66666666666667,Low,True,True,True,0.2405773857257376,1.1363636363636465,,,,,,,,,,,,,,,,,0.0,,0,Insufficient,,,,
Uttar Pradesh,Aligarh,Rice,2023-24,0.84,2.16,2562.0,4,True,2500.0,2.48,0.89,-5.6179775280898925,2.23,-3.139013452914792,2497.0,2.6031237484981977,681.55,48,0,366,617.79,56.94,880.315,-22.57884961633053,2540.6675,2207.23,2764.17,193.51522071919828,8.0,0.8888888888888888,7.616707842297281,66.66666666666666,Moderate,True,True,True,2.4799999999999933,-5.61797752808989,0.2405773857257376,1.1363636363636465,-13.031104314674986,,0.0,0.0,13.031104314674986,,0.0,0.0,37.05854733331995,,0.0,11.117564199995984,0.0,,0.8499999999999999,13.079487294112925,3,Good,13.079487294112925,Rainfall anomaly,,
Uttar Pradesh,Aligarh,Rice,2024-25,1.89,4.91,2600.0,4,True,2562.0,1.483216237314598,0.84,124.99999999999996,2.16,127.3148148148148,2518.6666666666665,3.2292218104817425,887.1,68,0,365,783.36,36.24,814.06,8.972311623221886,2187.454444444445,2024.45,2398.4,147.68735568009137,9.0,1.0,6.75156257791691,75.0,Good,True,True,True,1.4832162373145996,125.0,2.4799999999999933,-5.61797752808989,-22.57884961633053,7.616707842297281,0.0,5.61797752808989,22.57884961633053,7.616707842297281,0.0,59.94832941955549,64.21093309002242,61.90464736777486,0.0,19.263279927006725,11.9896658839111,9.285697105166228,0.9999999999999999,40.53864291608406,4,Complete,40.53864291608406,Rainfall anomaly,Area trend,Price volatility
Uttar Pradesh,Aligarh,Wheat,2021-22,2.33,9.76,4195.0,4,True,,,,,,,,,941.67,65,0,365,719.26,188.68,,,1954.4979166666665,1669.53,2095.345,133.43959459856282,12.0,3.6666666666666665,6.827308101005284,100.0,Complete,True,True,True,,,,,,,,,,,,,,,,,,,0.0,,0,Insufficient,,,,
Uttar Pradesh,Aligarh,Wheat,2022-23,1.82,7.64,4196.0,4,True,4195.0,0.0238379022646007,2.33,-21.888412017167383,9.76,-21.72131147540984,4195.0,0.0238379022646007,818.96,70,1,365,545.03,187.43,941.67,-13.031104314674986,2368.18625,2111.24,2774.06,218.703180944205,12.0,3.583333333333333,9.235049859114966,100.0,Complete,True,True,True,0.0238379022646118,-21.88841201716738,,,,6.827308101005284,,,,6.827308101005284,,,,55.48881606261155,,,,8.323322409391732,0.15,55.48881606261155,1,Very Limited,,Price volatility,,
Uttar Pradesh,Aligarh,Wheat,2023-24,1.93,7.69,3976.0,4,True,4196.0,-5.243088655862726,1.82,6.043956043956037,7.64,0.6544502617801141,4195.5,-5.231795971874628,681.55,48,0,366,617.79,56.94,880.315,-22.57884961633053,2382.712916666667,2253.625,2528.09,101.92797767983778,12.0,3.75,4.277811941458374,100.0,Complete,True,True,True,-5.243088655862726,6.043956043956045,0.0238379022646118,-21.88841201716738,-13.031104314674986,9.235049859114966,0.0,21.88841201716738,13.031104314674986,9.235049859114966,0.0,100.0,37.05854733331995,75.05769116908942,0.0,11.117564199995984,20.0,11.258653675363414,0.9999999999999999,42.3762178753594,4,Complete,42.3762178753594,Area trend,Price volatility,Rainfall anomaly
Uttar Pradesh,Aligarh,Wheat,2024-25,1.84,6.94,3764.0,4,True,3976.0,-5.331991951710262,1.93,-4.663212435233153,7.69,-9.752925877763328,4122.333333333333,-8.692488073097755,887.1,68,0,365,783.36,36.24,814.06,8.972311623221886,2600.8754166666663,2408.215,2843.61,168.81299051234083,12.0,4.0,6.490621943310723,100.0,Complete,True,True,True,-5.331991951710258,-4.663212435233155,-5.243088655862726,6.043956043956045,-22.57884961633053,4.277811941458374,5.243088655862726,0.0,22.57884961633053,4.277811941458374,24.480559287995796,0.0,64.21093309002242,34.76783476859282,8.568195750798528,19.263279927006725,0.0,5.215175215288923,0.9999999999999999,33.04665089309418,4,Complete,33.04665089309418,Rainfall anomaly,Yield trend,Price volatility
Uttar Pradesh,Ambedkar Nagar,Maize,2021-22,0.01,0.02,1925.0,4,True,,,,,,,,,1077.82,88,1,365,866.86,178.26,,,,,,,,,,,,False,True,True,,,,,,,,,,,,,,,,,,,0.0,,0,Insufficient,,,,
Uttar Pradesh,Ambedkar Nagar,Maize,2022-23,0.01,0.01,1687.0,4,True,1925.0,-12.363636363636363,0.01,0.0,0.02,-50.0,1925.0,-12.363636363636363,1009.66,74,1,365,711.31,220.42,1077.82,-6.32387597186914,,,,,,,,,,False,True,True,-12.363636363636365,0.0,,,,,,,,,,,,,,,,,0.0,,0,Insufficient,,,,
Uttar Pradesh,Ambedkar Nagar,Maize,2023-24,0.01,0.02,2053.0,4,True,1687.0,21.69531713100178,0.01,0.0,0.01,100.0,1806.0,13.676633444075303,866.36,69,1,366,773.27,89.39999999999999,1043.74,-16.994653840994882,,,,,,,,,,False,True,True,21.69531713100177,0.0,-12.363636363636365,0.0,-6.32387597186914,,12.363636363636365,-0.0,6.32387597186914,,57.727181987812116,-0.0,17.984174738716483,,20.20451369573424,5.395252421614945,-0.0,,0.8499999999999999,30.11737190276375,3,Good,30.11737190276375,Yield trend,Rainfall anomaly,
Uttar Pradesh,Ambedkar Nagar,Maize,2024-25,0.0,0.01,2127.0,4,True,2053.0,3.6044812469556735,0.01,-100.0,0.02,-50.0,1888.3333333333333,12.639011473962936,1058.02,76,1,365,993.94,6.989999999999999,984.6133333333332,7.455380115375237,,,,,,,,,,False,True,True,3.604481246955671,-100.0,21.69531713100177,0.0,-16.994653840994882,,0.0,-0.0,16.994653840994882,,0.0,-0.0,48.33030022410688,,0.0,14.499090067232062,-0.0,,0.8499999999999999,17.05775302027302,3,Good,17.05775302027302,Rainfall anomaly,,
Uttar Pradesh,Ambedkar Nagar,Rice,2021-22,1.28,3.51,2748.0,4,True,,,,,,,,,1077.82,88,1,365,866.86,178.26,,,,,,,,,,,,False,True,True,,,,,,,,,,,,,,,,,,,0.0,,0,Insufficient,,,,
Uttar Pradesh,Ambedkar Nagar,Rice,2022-23,1.16,3.17,2725.0,4,True,2748.0,-0.8369723435225619,1.28,-9.375000000000009,3.51,-9.686609686609684,2748.0,-0.8369723435225619,1009.66,74,1,365,711.31,220.42,1077.82,-6.32387597186914,,,,,,,,,,False,True,True,-0.8369723435225573,-9.37500000000001,,,,,,,,,,,,,,,,,0.0,,0,Insufficient,,,,
Uttar Pradesh,Ambedkar Nagar,Rice,2023-24,1.07,3.14,2927.0,4,True,2725.0,7.412844036697249,1.16,-7.75862068965516,3.17,-0.946372239747628,2736.5,6.961447103964918,866.36,69,1,366,773.27,89.39999999999999,1043.74,-16.994653840994882,,,,,,,,,,False,True,True,7.4128440366972415,-7.75862068965516,-0.8369723435225573,-9.37500000000001,-6.32387597186914,,0.8369723435225573,9.37500000000001,6.32387597186914,,3.907916196516285,100.0,17.984174738716483,,1.3677706687806996,5.395252421614945,20.0,,0.8499999999999999,31.48590951811253,3,Good,31.48590951811253,Area trend,Rainfall anomaly,Yield trend
Uttar Pradesh,Ambedkar Nagar,Rice,2024-25,1.52,4.76,3129.0,4,True,2927.0,6.901264092927913,1.07,42.05607476635513,3.14,51.59235668789808,2800.0,11.75,1058.02,76,1,365,993.94,6.989999999999999,984.6133333333332,7.455380115375237,,,,,,,,,,False,True,True,6.901264092927906,42.05607476635513,7.4128440366972415,-7.75862068965516,-16.994653840994882,,0.0,7.75862068965516,16.994653840994882,,0.0,82.79071011217906,48.33030022410688,,0.0,14.499090067232062,16.558142022435813,,0.8499999999999999,36.53792010549163,3,Good,36.53792010549163,Area trend,Rainfall anomaly,
Uttar Pradesh,Ambedkar Nagar,Wheat,2021-22,1.24,4.56,3684.0,4,True,,,,,,,,,1077.82,88,1,365,866.86,178.26,,,,,,,,,,,,False,True,True,,,,,,,,,,,,,,,,,,,0.0,,0,Insufficient,,,,
Uttar Pradesh,Ambedkar Nagar,Wheat,2022-23,1.18,4.02,3398.0,4,True,3684.0,-7.763300760043432,1.24,-4.838709677419359,4.56,-11.842105263157896,3684.0,-7.763300760043432,1009.66,74,1,365,711.31,220.42,1077.82,-6.32387597186914,,,,,,,,,,False,True,True,-7.7633007600434345,-4.838709677419361,,,,,,,,,,,,,,,,,0.0,,0,Insufficient,,,,
Uttar Pradesh,Ambedkar Nagar,Wheat,2023-24,1.12,4.0,3557.0,4,True,3398.0,4.679223072395526,1.18,-5.08474576271185,4.02,-0.4975124378109347,3541.0,0.451849759954815,866.36,69,1,366,773.27,89.39999999999999,1043.74,-16.994653840994882,,,,,,,,,,False,True,True,4.679223072395522,-5.084745762711851,-7.7633007600434345,-4.838709677419361,-6.32387597186914,,7.7633007600434345,4.838709677419361,6.32387597186914,,36.24770760156339,51.632915983939775,17.984174738716483,,12.686697660547186,5.395252421614945,10.326583196787956,,0.8499999999999999,33.421803857588344,3,Good,33.421803857588344,Yield trend,Area trend,Rainfall anomaly
Uttar Pradesh,Ambedkar Nagar,Wheat,2024-25,1.1,4.26,3890.0,4,True,3557.0,9.361821759910036,1.12,-1.785714285714287,4.0,6.499999999999995,3546.333333333333,9.690760409812947,1058.02,76,1,365,993.94,6.989999999999999,984.6133333333332,7.455380115375237,,,,,,,,,,False,True,True,9.361821759910027,-1.7857142857142905,4.679223072395522,-5.084745762711851,-16.994653840994882,,0.0,5.084745762711851,16.994653840994882,,0.0,54.258318491597514,48.33030022410688,,0.0,14.499090067232062,10.851663698319504,,0.8499999999999999,29.824416194766552,3,Good,29.824416194766552,Rainfall anomaly,Area trend,
Uttar Pradesh,Amethi,Maize,2021-22,0.01,0.01,1680.0,4,True,,,,,,,,,1144.48,89,1,365,925.28,191.52,,,,,,,,,,,,False,True,True,,,,,,,,,,,,,,,,,,,0.0,,0,Insufficient,,,,
Uttar Pradesh,Amethi,Maize,2022-23,0.01,0.01,1637.0,4,True,1680.0,-2.5595238095238093,0.01,0.0,0.01,0.0,1680.0,-2.5595238095238093,994.85,76,1,365,715.01,209.03,1144.48,-13.074059835034252,,,,,,,,,,False,True,True,-2.5595238095238115,0.0,,,,,,,,,,,,,,,,,0.0,,0,Insufficient,,,,
Uttar Pradesh,Amethi,Maize,2023-24,0.02,0.06,2633.0,4,True,1637.0,60.843005497861945,0.01,100.0,0.01,499.9999999999999,1658.5,58.7579137775098,836.5600000000001,74,0,366,736.52,94.07,1069.665,-21.792336853126905,,,,,,,,,,False,True,True,60.843005497861945,100.0,-2.5595238095238115,0.0,-13.074059835034252,,2.5595238095238115,-0.0,13.074059835034252,,11.95069900220376,-0.0,37.1807065261267,,4.1827446507713155,11.15421195783801,-0.0,,0.8499999999999999,18.0434783630698,3,Good,18.0434783630698,Rainfall anomaly,Yield trend,
Uttar Pradesh,Amethi,Maize,2024-25,0.01,0.02,3391.0,4,True,2633.0,28.788454234713257,0.02,-50.0,0.06,-66.66666666666666,1983.3333333333333,70.9747899159664,1111.83,80,1,365,1026.02,5.28,991.9633333333336,12.083779978426598,,,,,,,,,,False,True,True,28.788454234713257,-50.0,60.843005497861945,100.0,-21.792336853126905,,0.0,0.0,21.792336853126905,,0.0,0.0,61.97420627396756,,0.0,18.592261882190268,0.0,,0.8499999999999999,21.873249273165026,3,Good,21.873249273165026,Rainfall anomaly,,
Uttar Pradesh,Amethi,Rice,2021-22,1.2,2.89,2409.0,4,True,,,,,,,,,1144.48,89,1,365,925.28,191.52,,,1485.78375,1460.085,1513.52,17.46921266318055,8.0,1.1666666666666667,1.1757574184790047,66.66666666666666,Moderate,True,True,True,,,,,,,,,,,,,,,,,,,0.0,,0,Insufficient,,,,
Uttar Pradesh,Amethi,Rice,2022-23,1.2,3.23,2690.0,4,True,2409.0,11.664591116645912,1.2,0.0,2.89,11.764705882352937,2409.0,11.664591116645912,994.85,76,1,365,715.01,209.03,1144.48,-13.074059835034252,1841.8375,1542.48,2040.0,191.0546458893609,12.0,1.9166666666666667,10.373045715996168,100.0,Complete,True,True,True,11.664591116645905,0.0,,,,1.1757574184790047,,,,1.1757574184790047,,,,9.555945939897754,,,,1.433391890984663,0.15,9.555945939897754,1,Very Limited,,Price volatility,,
Uttar Pradesh,Amethi,Rice,2023-24,1.13,3.17,2804.0,4,True,2690.0,4.237918215613383,1.2,-5.833333333333339,3.23,-1.8575851393188871,2549.5,9.982349480290251,836.5600000000001,74,0,366,736.52,94.07,1069.665,-21.792336853126905,2084.464166666666,1859.16,2196.155,100.31213718899735,12.0,2.0,4.812370430402251,100.0,Complete,True,True,True,4.23791821561339,-5.833333333333335,11.664591116645905,0.0,-13.074059835034252,10.373045715996168,0.0,-0.0,13.074059835034252,10.373045715996168,0.0,-0.0,37.1807065261267,84.30673073904778,0.0,11.15421195783801,-0.0,12.646009610857167,0.9999999999999999,23.800221568695182,4,Complete,23.800221568695182,Price volatility,Rainfall anomaly,
Uttar Pradesh,Amethi,Rice,2024-25,0.97,2.73,2796.0,4,True,2804.0,-0.2853067047075606,1.13,-14.159292035398224,3.17,-13.8801261829653,2634.333333333333,6.136910034164235,1111.83,80,1,365,1026.02,5.28,991.9633333333336,12.083779978426598,2268.6181818181817,2196.2700000000004,2313.15,35.66308927117276,11.0,1.25,1.5720181367227963,91.66666666666666,Good,True,True,True,-0.28530670470755526,-14.15929203539823,4.23791821561339,-5.833333333333335,-21.792336853126905,4.812370430402251,0.0,5.833333333333335,21.792336853126905,4.812370430402251,0.0,62.24634871397178,61.97420627396756,39.1124486674949,0.0,18.592261882190268,12.449269742794357,5.866867300124235,0.9999999999999999,36.90839892510887,4,Complete,36.90839892510887,Rainfall anomaly,Area trend,Price volatility
Uttar Pradesh,Amethi,Wheat,2021-22,1.39,4.45,3215.0,4,True,,,,,,,,,1144.48,89,1,365,925.28,191.52,,,1882.6183333333336,1581.56,2030.865,142.5042221277757,12.0,2.0,7.569469584175356,100.0,Complete,True,True,True,,,,,,,,,,,,,,,,,,,0.0,,0,Insufficient,,,,
Uttar Pradesh,Amethi,Wheat,2022-23,1.3,3.81,2945.0,4,True,3215.0,-8.398133748055987,1.39,-6.474820143884882,4.45,-14.382022471910114,3215.0,-8.398133748055987,994.85,76,1,365,715.01,209.03,1144.48,-13.074059835034252,2332.93875,2048.3,2757.205,187.9065857514047,12.0,2.0,8.054501463075475,100.0,Complete,True,True,True,-8.398133748055992,-6.474820143884886,,,,7.569469584175356,,,,7.569469584175356,,,,61.52071932801645,,,,9.228107899202467,0.15,61.52071932801645,1,Very Limited,,Price volatility,,
Uttar Pradesh,Amethi,Wheat,2023-24,1.2,3.43,2861.0,4,True,2945.0,-2.8522920203735143,1.3,-7.692307692307699,3.81,-9.973753280839892,3080.0,-7.11038961038961,836.5600000000001,74,0,366,736.52,94.07,1069.665,-21.792336853126905,2405.055,2272.335,2560.93,106.8024468778264,12.0,2.0,4.440748626448309,100.0,Complete,True,True,True,-2.8522920203735147,-7.692307692307699,-8.398133748055992,-6.474820143884886,-13.074059835034252,8.054501463075475,8.398133748055992,6.474820143884886,13.074059835034252,8.054501463075475,39.21181284964826,69.09152786340127,37.1807065261267,65.46280665066541,13.724134497376891,11.15421195783801,13.818305572680254,9.819420997599812,0.9999999999999999,48.516073025494975,4,Complete,48.516073025494975,Area trend,Yield trend,Rainfall anomaly
Uttar Pradesh,Amethi,Wheat,2024-25,1.17,3.73,3175.0,4,True,2861.0,10.975183502271934,1.2,-2.500000000000002,3.43,8.746355685131189,3007.0,5.58696375124709,1111.83,80,1,365,1026.02,5.28,991.9633333333336,12.083779978426598,2625.18,2437.81,2816.84,154.59650469411113,12.0,1.8333333333333333,5.888986838773385,100.0,Complete,True,True,True,10.975183502271936,-2.500000000000002,-2.8522920203735147,-7.692307692307699,-21.792336853126905,4.440748626448309,2.8522920203735147,7.692307692307699,21.792336853126905,4.440748626448309,13.317666073289322,82.08309720523755,61.97420627396756,36.0920995607335,4.661183125651262,18.592261882190268,16.416619441047512,5.413814934110025,0.9999999999999999,45.08387938299908,4,Complete,45.08387938299908,Rainfall anomaly,Area trend,Price volatility
Uttar Pradesh,Amroha,Maize,2021-22,0.03,0.06,2384.0,4,True,,,,,,,,,1145.66,66,0,365,861.91,232.21,,,,,,,0.0,0.0,,0.0,Low,False,True,True,,,,,,,,,,,,,,,,,,,0.0,,0,Insufficient,,,,
Uttar Pradesh,Amroha,Maize,2022-23,0.03,0.06,2487.0,4,True,2384.0,4.320469798657718,0.03,0.0,0.06,0.0,2384.0,4.320469798657718,1001.77,70,1,365,679.21,231.66,1145.66,-12.559572648080591,,,,,,,,,,False,True,True,4.320469798657722,0.0,,,,,,,,,,,,,,,,,0.0,,0,Insufficient,,,,
Uttar Pradesh,Amroha,Maize,2023-24,0.05,0.13,2379.0,4,True,2487.0,-4.342581423401689,0.03,66.66666666666669,0.06,116.66666666666669,2435.5,-2.3198521864093617,741.14,52,0,366,670.5,63.86,1073.715,-30.974234317300223,,,,,,,,,,False,True,True,-4.342581423401692,66.66666666666667,4.320469798657722,0.0,-12.559572648080591,,0.0,-0.0,12.559572648080591,,0.0,-0.0,35.71758050781699,,0.0,10.715274152345097,-0.0,,0.8499999999999999,12.60620488511188,3,Good,12.60620488511188,Rainfall anomaly,,
Uttar Pradesh,Amroha,Maize,2024-25,0.04,0.13,3314.0,4,True,2379.0,39.30222782681799,0.05,-20.000000000000004,0.13,0.0,2416.6666666666665,37.13103448275863,1016.37,80,0,365,853.41,51.79,962.8566666666668,5.557767338163865,,,,,,,,,,False,True,True,39.30222782681798,-20.000000000000007,-4.342581423401692,66.66666666666667,-30.974234317300223,,4.342581423401692,0.0,30.974234317300223,,20.275991686629542,0.0,88.08617449776303,,7.096597090320339,26.425852349328906,0.0,,0.8499999999999999,39.43817581135206,3,Good,39.43817581135206,Rainfall anomaly,Yield trend,
Uttar Pradesh,Amroha,Rice,2021-22,0.27,0.74,2760.0,4,True,,,,,,,,,1145.66,66,0,365,861.91,232.21,,,1979.61625,1940.0,2025.83,41.28011251902453,4.0,1.2,,33.33333333333333,Low,True,True,True,,,,,,,,,,,,,,,,,,,0.0,,0,Insufficient,,,,
Uttar Pradesh,Amroha,Rice,2022-23,0.29,0.71,2474.0,4,True,2760.0,-10.362318840579707,0.27,7.407407407407393,0.74,-4.054054054054058,2760.0,-10.362318840579707,1001.77,70,1,365,679.21,231.66,1145.66,-12.559572648080591,2040.0,2040.0,2040.0,0.0,3.0,0.6,,25.0,Low,True,True,True,-10.362318840579709,7.407407407407396,,,,,,,,,,,,,,,,,0.0,,0,Insufficient,,,,
Uttar Pradesh,Amroha,Rice,2023-24,0.25,0.65,2586.0,4,True,2474.0,4.527081649151172,0.29,-13.793103448275856,0.71,-8.450704225352105,2617.0,-1.184562476117692,741.14,52,0,366,670.5,63.86,1073.715,-30.974234317300223,2183.0,2183.0,2183.0,0.0,4.0,0.8,,33.33333333333333,Low,True,True,True,4.527081649151166,-13.793103448275856,-10.362318840579709,7.407407407407396,-12.559572648080591,,10.362318840579709,0.0,12.559572648080591,,48.38280971165198,0.0,35.71758050781699,,16.93398339907819,10.715274152345097,0.0,,0.8499999999999999,32.52853829579211,3,Good,32.52853829579211,Yield trend,Rainfall anomaly,
Uttar Pradesh,Amroha,Rice,2024-25,0.32,0.81,2526.0,4,True,2586.0,-2.320185614849188,0.25,28.000000000000004,0.65,24.61538461538462,2606.6666666666665,-3.0946291560102246,1016.37,80,0,365,853.41,51.79,962.8566666666668,5.557767338163865,,,,,0.0,0.0,,0.0,Low,False,True,True,-2.3201856148491906,28.000000000000004,4.527081649151166,-13.793103448275856,-30.974234317300223,,0.0,13.793103448275856,30.974234317300223,,0.0,100.0,88.08617449776303,,0.0,26.425852349328906,20.0,,0.8499999999999999,54.6186498227399,3,Good,54.6186498227399,Rainfall anomaly,Area trend,
Uttar Pradesh,Amroha,Wheat,2021-22,0.96,3.79,3948.0,4,True,,,,,,,,,1145.66,66,0,365,861.91,232.21,,,1953.29125,1830.535,2041.245,75.35934517439523,12.0,2.0,3.858070074004336,100.0,Complete,True,True,True,,,,,,,,,,,,,,,,,,,0.0,,0,Insufficient,,,,
Uttar Pradesh,Amroha,Wheat,2022-23,0.93,3.82,4114.0,4,True,3948.0,4.204660587639311,0.96,-3.124999999999991,3.79,0.7915567282321848,3948.0,4.204660587639311,1001.77,70,1,365,679.21,231.66,1145.66,-12.559572648080591,2188.46375,2030.645,2342.06,93.38009857383469,12.0,2.0,4.266924621156494,100.0,Complete,True,True,True,4.204660587639308,-3.124999999999989,,,,3.858070074004336,,,,3.858070074004336,,,,31.356390765720775,,,,4.703458614858116,0.15,31.356390765720775,1,Very Limited,,Price volatility,,
Uttar Pradesh,Amroha,Wheat,2023-24,0.68,2.71,3984.0,4,True,4114.0,-3.15994166261546,0.93,-26.881720430107524,3.82,-29.05759162303665,4031.0,-1.1659637806995784,741.14,52,0,366,670.5,63.86,1073.715,-30.974234317300223,2288.622083333333,2219.41,2350.12,50.12595559997439,12.0,2.0,2.190224238637378,100.0,Complete,True,True,True,-3.159941662615462,-26.881720430107524,4.204660587639308,-3.124999999999989,-12.559572648080591,4.266924621156494,0.0,3.124999999999989,12.559572648080591,4.266924621156494,0.0,33.34625823962761,35.71758050781699,34.67934828098919,0.0,10.715274152345097,6.669251647925522,5.201902242148378,0.9999999999999999,22.586428042419,4,Complete,22.586428042419,Rainfall anomaly,Area trend,Price volatility
Uttar Pradesh,Amroha,Wheat,2024-25,0.87,3.19,3665.0,4,True,3984.0,-8.007028112449799,0.68,27.941176470588225,2.71,17.712177121771216,4015.3333333333335,-8.724887929603192,1016.37,80,0,365,853.41,51.79,962.8566666666668,5.557767338163865,2500.20625,2368.26,2699.4,95.79447358146494,12.0,2.0,3.831462847573673,100.0,Complete,True,True,True,-8.007028112449799,27.941176470588225,-3.159941662615462,-26.881720430107524,-30.974234317300223,2.190224238637378,3.159941662615462,26.881720430107524,30.974234317300223,2.190224238637378,14.75411618908379,100.0,88.08617449776303,17.801005625588775,5.163940666179326,26.425852349328906,20.0,2.670150843838316,0.9999999999999999,54.259943859346556,4,Complete,54.259943859346556,Rainfall anomaly,Area trend,Yield trend
Uttar Pradesh,Auraiya,Maize,2021-22,0.11,0.35,3180.0,4,True,,,,,,,,,906.26,69,0,365,673.58,204.86,,,1748.2386363636365,1550.82,2033.27,164.57163640935997,11.0,1.0,9.413568204376924,91.66666666666666,Good,True,True,True,,,,,,,,,,,,,,,,,,,0.0,,0,Insufficient,,,,
Uttar Pradesh,Auraiya,Maize,2022-23,0.12,0.34,2928.0,4,True,3180.0,-7.924528301886792,0.11,9.090909090909086,0.35,-2.857142857142844,3180.0,-7.924528301886792,969.62,73,0,365,756.05,156.24,906.26,6.991371129697881,2057.435,1797.55,2183.41,113.64626124714594,12.0,1.5,5.523686592633349,100.0,Complete,True,True,True,-7.924528301886791,9.090909090909083,,,,9.413568204376924,,,,9.413568204376924,,,,76.50859560719205,,,,11.476289341078807,0.15,76.50859560719205,1,Very Limited,,Price volatility,,
Uttar Pradesh,Auraiya,Maize,2023-24,0.15,0.45,2879.0,4,True,2928.0,-1.673497267759563,0.12,25.0,0.34,32.35294117647059,3054.0,-5.73018991486575,689.94,65,0,366,596.04,89.83,937.94,-26.440923726464376,2069.342083333333,1746.64,2289.87,200.10675994281303,12.0,1.6666666666666667,9.670066711274604,100.0,Complete,True,True,True,-1.6734972677595605,25.0,-7.924528301886791,9.090909090909083,6.991371129697881,5.523686592633349,7.924528301886791,0.0,6.991371129697881,5.523686592633349,37.00049677909155,0.0,19.882432960262705,44.89365717668645,12.950173872682042,5.9647298880788115,0.0,6.734048576502968,0.9999999999999999,25.648952337263825,4,Complete,25.648952337263825,Yield trend,Price volatility,Rainfall anomaly
Uttar Pradesh,Auraiya,Maize,2024-25,0.06,0.13,2222.0,4,True,2879.0,-22.82042375824939,0.15,-60.0,0.45,-71.11111111111111,2995.6666666666665,-25.82619339045287,995.18,73,2,365,963.38,12.42,855.2733333333334,16.35812332899422,2363.943333333333,2156.48,2471.74,84.18881412778327,12.0,1.0,3.5613719221040245,100.0,Complete,True,True,True,-22.820423758249397,-60.0,-1.6734972677595605,25.0,-26.440923726464376,9.670066711274604,1.6734972677595605,0.0,26.440923726464376,9.670066711274604,7.813743343034465,0.0,75.19410479666027,78.5932823181205,2.7348101700620626,22.55823143899808,0.0,11.788992347718075,0.9999999999999999,37.082033956778226,4,Complete,37.082033956778226,Rainfall anomaly,Price volatility,Yield trend
Uttar Pradesh,Auraiya,Rice,2021-22,0.5,1.69,3404.0,4,True,,,,,,,,,906.26,69,0,365,673.58,204.86,,,1439.3200000000002,1278.64,1600.0,227.2358352021088,2.0,0.2857142857142857,,16.666666666666664,Low,True,True,True,,,,,,,,,,,,,,,,,,,0.0,,0,Insufficient,,,,
Uttar Pradesh,Auraiya,Rice,2022-23,0.58,2.15,3699.0,4,True,3404.0,8.666274970622796,0.5,15.999999999999991,1.69,27.2189349112426,3404.0,8.666274970622796,969.62,73,0,365,756.05,156.24,906.26,6.991371129697881,2037.857,2029.285,2040.0,4.791893675782115,5.0,1.6666666666666667,,41.66666666666667,Low,True,True,True,8.666274970622801,15.999999999999993,,,,,,,,,,,,,,,,,0.0,,0,Insufficient,,,,
Uttar Pradesh,Auraiya,Rice,2023-24,0.46,1.42,3118.0,4,True,3699.0,-15.706947823736146,0.58,-20.689655172413783,2.15,-33.95348837209302,3551.5,-12.20611009432634,689.94,65,0,366,596.04,89.83,937.94,-26.440923726464376,2116.68,2083.315,2199.5,55.79075714966899,4.0,1.1666666666666667,,33.33333333333333,Low,True,True,True,-15.70694782373615,-20.68965517241378,8.666274970622801,15.999999999999993,6.991371129697881,,0.0,0.0,6.991371129697881,,0.0,0.0,19.882432960262705,,0.0,5.9647298880788115,0.0,,0.8499999999999999,7.017329280092721,3,Good,7.017329280092721,Rainfall anomaly,,
Uttar Pradesh,Auraiya,Rice,2024-25,0.85,2.62,3084.0,4,True,3118.0,-1.0904425914047466,0.46,84.78260869565216,1.42,84.50704225352115,3407.0,-9.480481361901967,995.18,73,2,365,963.38,12.42,855.2733333333334,16.35812332899422,2236.916,2055.545,2302.45,106.54514520849818,5.0,1.3333333333333333,,41.66666666666667,Low,True,True,True,-1.09044259140475,84.78260869565216,-15.70694782373615,-20.68965517241378,-26.440923726464376,,15.70694782373615,20.68965517241378,26.440923726464376,,73.33747198847608,100.0,75.19410479666027,,25.668115195966628,22.55823143899808,20.0,,0.8499999999999999,80.26629015878203,3,Good,80.26629015878203,Yield trend,Rainfall anomaly,Area trend
Uttar Pradesh,Auraiya,Wheat,2021-22,1.06,4.2,3968.0,4,True,,,,,,,,,906.26,69,0,365,673.58,204.86,,,1915.3933333333327,1618.68,2058.5,139.68638882955793,12.0,3.0,7.292830480226407,100.0,Complete,True,True,True,,,,,,,,,,,,,,,,,,,0.0,,0,Insufficient,,,,
Uttar Pradesh,Auraiya,Wheat,2022-23,1.03,4.3,4170.0,4,True,3968.0,5.090725806451613,1.06,-2.830188679245285,4.2,2.3809523809523725,3968.0,5.090725806451613,969.62,73,0,365,756.05,156.24,906.26,6.991371129697881,2323.858333333333,2074.47,2675.73,186.40795890311185,12.0,2.9166666666666665,8.021485485121161,100.0,Complete,True,True,True,5.090725806451624,-2.8301886792452824,,,,7.292830480226407,,,,7.292830480226407,,,,59.27234029961305,,,,8.890851044941957,0.15,59.27234029961305,1,Very Limited,,Price volatility,,
Uttar Pradesh,Auraiya,Wheat,2023-24,0.88,3.51,3967.0,4,True,4170.0,-4.86810551558753,1.03,-14.563106796116507,4.3,-18.37209302325581,4069.0,-2.5067584173015485,689.94,65,0,366,596.04,89.83,937.94,-26.440923726464376,2388.33625,2234.47,2506.33,93.97221889098624,12.0,2.75,3.9346310173446577,100.0,Complete,True,True,True,-4.868105515587528,-14.563106796116509,5.090725806451624,-2.8301886792452824,6.991371129697881,8.021485485121161,0.0,2.8301886792452824,6.991371129697881,8.021485485121161,0.0,30.200384820794916,19.882432960262705,65.19446992105973,0.0,5.9647298880788115,6.040076964158984,9.77917048815896,0.9999999999999999,21.783977340396756,4,Complete,21.783977340396756,Price volatility,Area trend,Rainfall anomaly
Uttar Pradesh,Auraiya,Wheat,2024-25,0.97,3.17,3252.0,4,True,3967.0,-18.02369548777413,0.88,10.227272727272725,3.51,-9.686609686609684,4035.0,-19.405204460966544,995.18,73,2,365,963.38,12.42,855.2733333333334,16.35812332899422,2658.7425,2424.46,2953.57,191.22496049394053,12.0,2.75,7.192308412489759,100.0,Complete,True,True,True,-18.023695487774138,10.22727272727273,-4.868105515587528,-14.563106796116509,-26.440923726464376,3.9346310173446577,4.868105515587528,14.563106796116509,26.440923726464376,3.9346310173446577,22.729721642471503,100.0,75.19410479666027,31.978638368984146,7.955402574865025,22.55823143899808,20.0,4.796795755347622,0.9999999999999999,55.31042976921074,4,Complete,55.31042976921074,Rainfall anomaly,Area trend,Yield trend
Uttar Pradesh,Ayodhya,Maize,2021-22,0.03,0.07,2065.0,4,True,,,,,,,,,1144.48,89,1,365,925.28,191.52,,,,,,,0.0,0.0,,0.0,Low,False,True,True,,,,,,,,,,,,,,,,,,,0.0,,0,Insufficient,,,,
Uttar Pradesh,Ayodhya,Maize,2022-23,0.03,0.09,2917.0,4,True,2065.0,41.2590799031477,0.03,0.0,0.07,28.57142857142855,2065.0,41.2590799031477,994.85,76,1,365,715.01,209.03,1144.48,-13.074059835034252,,,,,,,,,,False,True,True,41.2590799031477,0.0,,,,,,,,,,,,,,,,,0.0,,0,Insufficient,,,,
Uttar Pradesh,Ayodhya,Maize,2023-24,0.08,0.21,2709.0,4,True,2917.0,-7.130613644154954,0.03,166.66666666666669,0.09,133.33333333333331,2491.0,8.751505419510238,836.5600000000001,74,0,366,736.52,94.07,1069.665,-21.792336853126905,2158.1091666666666,2038.6,2281.87,93.97306330281656,12.0,1.0,4.354416576987335,100.0,Complete,True,True,True,-7.130613644154948,166.66666666666669,41.2590799031477,0.0,-13.074059835034252,,0.0,-0.0,13.074059835034252,,0.0,-0.0,37.1807065261267,,0.0,11.15421195783801,-0.0,,0.8499999999999999,13.122602303338837,3,Good,13.122602303338837,Rainfall anomaly,,
Uttar Pradesh,Ayodhya,Maize,2024-25,0.04,0.12,3094.0,4,True,2709.0,14.21188630490956,0.08,-50.0,0.21,-42.85714285714285,2563.6666666666665,20.68651670784034,1111.83,80,1,365,1026.02,5.28,991.9633333333336,12.083779978426598,2521.931666666667,2279.02,2630.44,130.1066392396731,12.0,1.1666666666666667,5.1590073180547344,100.0,Complete,True,True,True,14.211886304909571,-50.0,-7.130613644154948,166.66666666666669,-21.792336853126905,4.354416576987335,7.130613644154948,0.0,21.792336853126905,4.354416576987335,33.29362166713233,0.0,61.97420627396756,35.39043747928402,11.652767583496313,18.592261882190268,0.0,5.308565621892602,0.9999999999999999,35.55359508757919,4,Complete,35.55359508757919,Rainfall anomaly,Yield trend,Price volatility
Uttar Pradesh,Ayodhya,Rice,2021-22,1.02,2.59,2539.0,4,True,,,,,,,,,1144.48,89,1,365,925.28,191.52,,,1844.339375,1650.0,1940.0,115.69201523371996,8.0,1.0833333333333333,6.272815990480058,66.66666666666666,Moderate,True,True,True,,,,,,,,,,,,,,,,,,,0.0,,0,Insufficient,,,,
Uttar Pradesh,Ayodhya,Rice,2022-23,0.99,2.55,2575.0,4,True,2539.0,1.4178810555336747,1.02,-2.9411764705882377,2.59,-1.5444015444015458,2539.0,1.4178810555336747,994.85,76,1,365,715.01,209.03,1144.48,-13.074059835034252,1917.2291666666667,1716.67,2040.0,118.1351379071161,12.0,1.3333333333333333,6.161764068742405,100.0,Complete,True,True,True,1.4178810555336652,-2.941176470588236,,,,6.272815990480058,,,,6.272815990480058,,,,50.98219203540921,,,,7.647328805311382,0.15,50.98219203540921,1,Very Limited,,Price volatility,,
Uttar Pradesh,Ayodhya,Rice,2023-24,0.95,2.89,3051.0,4,True,2575.0,18.48543689320388,0.99,-4.040404040404044,2.55,13.333333333333346,2557.0,19.31951505670708,836.5600000000001,74,0,366,736.52,94.07,1069.665,-21.792336853126905,2096.474583333333,1927.45,2217.25,107.60459616447493,12.0,1.0833333333333333,5.132644918279274,100.0,Complete,True,True,True,18.485436893203875,-4.040404040404044,1.4178810555336652,-2.941176470588236,-13.074059835034252,6.161764068742405,0.0,2.941176470588236,13.074059835034252,6.161764068742405,0.0,31.38471363729669,37.1807065261267,50.07961966463942,0.0,11.15421195783801,6.276942727459339,7.5119429496959125,0.9999999999999999,24.94309763499327,4,Complete,24.94309763499327,Rainfall anomaly,Price volatility,Area trend
Uttar Pradesh,Ayodhya,Rice,2024-25,0.94,2.81,2987.0,4,True,3051.0,-2.097672894133072,0.95,-1.0526315789473697,2.89,-2.7681660899654004,2721.6666666666665,9.748928352725052,1111.83,80,1,365,1026.02,5.28,991.9633333333336,12.083779978426598,2243.8166666666666,2045.05,2459.745,109.96337614144193,12.0,1.5,4.900729091419023,100.0,Complete,True,True,True,-2.0976728941330736,-1.0526315789473717,18.485436893203875,-4.040404040404044,-21.792336853126905,5.132644918279274,0.0,4.040404040404044,21.792336853126905,5.132644918279274,0.0,43.11435408759953,61.97420627396756,41.71547344452796,0.0,18.592261882190268,8.622870817519907,6.257321016679193,0.9999999999999999,33.472453716389374,4,Complete,33.472453716389374,Rainfall anomaly,Area trend,Price volatility
Uttar Pradesh,Ayodhya,Wheat,2021-22,1.16,3.93,3396.0,4,True,,,,,,,,,1144.48,89,1,365,925.28,191.52,,,1902.6220833333327,1596.73,2048.05,136.5138893276289,12.0,1.25,7.175039674114416,100.0,Complete,True,True,True,,,,,,,,,,,,,,,,,,,0.0,,0,Insufficient,,,,
Uttar Pradesh,Ayodhya,Wheat,2022-23,1.07,3.39,3168.0,4,True,3396.0,-6.713780918727916,1.16,-7.75862068965516,3.93,-13.740458015267176,3396.0,-6.713780918727916,994.85,76,1,365,715.01,209.03,1144.48,-13.074059835034252,2373.468333333333,2096.58,2770.12,195.62847231113324,12.0,1.0,8.24230387082476,100.0,Complete,True,True,True,-6.7137809187279185,-7.75862068965516,,,,7.175039674114416,,,,7.175039674114416,,,,58.3149977749286,,,,8.74724966623929,0.15,58.3149977749286,1,Very Limited,,Price volatility,,
Uttar Pradesh,Ayodhya,Wheat,2023-24,0.91,2.74,2992.0,4,True,3168.0,-5.555555555555555,1.07,-14.953271028037385,3.39,-19.17404129793509,3282.0,-8.836075563680684,836.5600000000001,74,0,366,736.52,94.07,1069.665,-21.792336853126905,2418.8908333333334,2281.7,2622.24,119.13721542508203,12.0,1.0,4.925282852095724,100.0,Complete,True,True,True,-5.555555555555558,-14.953271028037385,-6.7137809187279185,-7.75862068965516,-13.074059835034252,8.24230387082476,6.7137809187279185,7.75862068965516,13.074059835034252,8.24230387082476,31.347383692196885,82.79071011217906,37.1807065261267,66.98916712913588,10.97158429226891,11.15421195783801,16.558142022435813,10.048375069370381,0.9999999999999999,48.73231334191312,4,Complete,48.73231334191312,Area trend,Rainfall anomaly,Yield trend
Uttar Pradesh,Ayodhya,Wheat,2024-25,1.04,3.67,3521.0,4,True,2992.0,17.680481283422463,0.91,14.285714285714285,2.74,33.94160583941604,3185.333333333333,10.537881958978646,1111.83,80,1,365,1026.02,5.28,991.9633333333336,12.083779978426598,2627.7758333333336,2451.19,2819.82,163.6741376504121,12.0,1.6666666666666667,6.228618726689158,100.0,Complete,True,True,True,17.680481283422456,14.28571428571428,-5.555555555555558,-14.953271028037385,-21.792336853126905,4.925282852095724,5.555555555555558,14.953271028037385,21.792336853126905,4.925282852095724,25.9395017102097,100.0,61.97420627396756,40.03014221608554,9.078825598573395,18.592261882190268,20.0,6.00452133241283,0.9999999999999999,53.675608813176495,4,Complete,53.675608813176495,Area trend,Rainfall anomaly,Yield trend
Uttar Pradesh,Azamgarh,Maize,2021-22,0.08,0.14,1804.0,4,True,,,,,,,,,1003.89,77,1,365,833.84,157.4,,,,,,,,,,,,False,True,True,,,,,,,,,,,,,,,,,,,0.0,,0,Insufficient,,,,
Uttar Pradesh,Azamgarh,Maize,2022-23,0.09,0.18,1981.0,4,True,1804.0,9.811529933481152,0.08,12.499999999999991,0.14,28.57142857142855,1804.0,9.811529933481152,886.42,70,0,365,672.65,151.14,1003.89,-11.701481237984243,,,,,,,,,,False,True,True,9.811529933481156,12.5,,,,,,,,,,,,,,,,,0.0,,0,Insufficient,,,,
Uttar Pradesh,Azamgarh,Maize,2023-24,0.08,0.19,2300.0,4,True,1981.0,16.102978293791015,0.09,-11.111111111111107,0.18,5.555555555555561,1892.5,21.532364597093792,707.05,68,0,366,583.8,118.33,945.155,-25.1921642481921,,,,,,,,,,False,True,True,16.102978293791015,-11.111111111111105,9.811529933481156,12.5,-11.701481237984243,,0.0,0.0,11.701481237984243,,0.0,0.0,33.277294529785216,,0.0,9.983188358935564,0.0,,0.8499999999999999,11.744927481100666,3,Good,11.744927481100666,Rainfall anomaly,,
Uttar Pradesh,Azamgarh,Maize,2024-25,0.04,0.11,2617.0,4,True,2300.0,13.782608695652174,0.08,-50.0,0.19,-42.10526315789473,2028.3333333333333,29.02218570254725,994.29,78,0,365,932.62,5.66,865.7866666666665,14.842378415006024,,,,,,,,,,False,True,True,13.782608695652176,-50.0,16.102978293791015,-11.111111111111105,-25.1921642481921,,0.0,11.111111111111105,25.1921642481921,,0.0,100.0,71.64281619394608,,0.0,21.492844858183823,20.0,,0.8499999999999999,48.81511159786333,3,Good,48.81511159786333,Rainfall anomaly,Area trend,
Uttar Pradesh,Azamgarh,Rice,2021-22,2.13,5.1,2390.0,4,True,,,,,,,,,1003.89,77,1,365,833.84,157.4,,,1936.769,1932.5,1940.0,3.275306092565882,5.0,1.3333333333333333,,41.66666666666667,Low,True,True,True,,,,,,,,,,,,,,,,,,,0.0,,0,Insufficient,,,,
Uttar Pradesh,Azamgarh,Rice,2022-23,2.12,5.2,2448.0,4,True,2390.0,2.426778242677824,2.13,-0.4694835680751074,5.1,1.960784313725501,2390.0,2.426778242677824,886.42,70,0,365,672.65,151.14,1003.89,-11.701481237984243,1988.144,1944.31,2004.7,25.376938201839884,5.0,1.6666666666666667,,41.66666666666667,Low,True,True,True,2.4267782426778295,-0.46948356807510194,,,,,,,,,,,,,,,,,0.0,,0,Insufficient,,,,
Uttar Pradesh,Azamgarh,Rice,2023-24,1.97,4.57,2324.0,4,True,2448.0,-5.065359477124183,2.12,-7.075471698113213,5.2,-12.115384615384611,2419.0,-3.927242662257132,707.05,68,0,366,583.8,118.33,945.155,-25.1921642481921,2148.705,2135.24,2172.81,16.538844175657246,4.0,1.6,,33.33333333333333,Low,True,True,True,-5.065359477124187,-7.075471698113212,2.4267782426778295,-0.46948356807510194,-11.701481237984243,,0.0,0.46948356807510194,11.701481237984243,,0.0,5.009766496094142,33.277294529785216,,0.0,9.983188358935564,1.0019532992188285,,0.8499999999999999,12.923696068416934,3,Good,12.923696068416934,Rainfall anomaly,Area trend,
Uttar Pradesh,Azamgarh,Rice,2024-25,1.65,4.02,2434.0,4,True,2324.0,4.733218588640275,1.97,-16.24365482233503,4.57,-12.035010940919053,2387.333333333333,1.9547612398771224,994.29,78,0,365,932.62,5.66,865.7866666666665,14.842378415006024,2313.2870000000003,2310.435,2318.56,3.177366440938272,5.0,1.6666666666666667,,41.66666666666667,Low,True,True,True,4.7332185886402645,-16.24365482233503,-5.065359477124187,-7.075471698113212,-25.1921642481921,,5.065359477124187,7.075471698113212,25.1921642481921,,23.650722147544148,75.50096205198736,71.64281619394608,,8.27775275164045,21.492844858183823,15.100192410397472,,0.8499999999999999,52.78916472967265,3,Good,52.78916472967265,Rainfall anomaly,Area trend,Yield trend
Uttar Pradesh,Azamgarh,Wheat,2021-22,2.45,8.51,3474.0,4,True,,,,,,,,,1003.89,77,1,365,833.84,157.4,,,1881.54875,1690.0,2015.04,116.27049426630894,12.0,2.583333333333333,6.179510058737991,100.0,Complete,True,True,True,,,,,,,,,,,,,,,,,,,0.0,,0,Insufficient,,,,
Uttar Pradesh,Azamgarh,Wheat,2022-23,2.34,8.41,3589.0,4,True,3474.0,3.310305123776627,2.45,-4.48979591836736,8.51,-1.1750881316098667,3474.0,3.310305123776627,886.42,70,0,365,672.65,151.14,1003.89,-11.701481237984243,2312.34375,2025.0,2734.3,228.7102454588357,12.0,2.9166666666666665,9.890841076671048,100.0,Complete,True,True,True,3.3103051237766357,-4.489795918367356,,,,6.179510058737991,,,,6.179510058737991,,,,50.22384985905075,,,,7.533577478857612,0.15,50.22384985905075,1,Very Limited,,Price volatility,,
Uttar Pradesh,Azamgarh,Wheat,2023-24,2.23,7.73,3471.0,4,True,3589.0,-3.2878239063806074,2.34,-4.700854700854696,8.41,-8.085612366230674,3531.5,-1.7131530511114257,707.05,68,0,366,583.8,118.33,945.155,-25.1921642481921,2389.0425,2258.56,2543.08,87.76995552683047,12.0,3.0,3.673854924172779,100.0,Complete,True,True,True,-3.2878239063806047,-4.700854700854695,3.3103051237766357,-4.489795918367356,-11.701481237984243,9.890841076671048,0.0,4.489795918367356,11.701481237984243,9.890841076671048,0.0,47.90972612387341,33.277294529785216,80.38762175199186,0.0,9.983188358935564,9.581945224774683,12.058143262798778,0.9999999999999999,31.623276846509032,4,Complete,31.623276846509032,Price volatility,Rainfall anomaly,Area trend
Uttar Pradesh,Azamgarh,Wheat,2024-25,2.28,8.2,3602.0,4,True,3471.0,3.774128493229617,2.23,2.242152466367705,7.73,6.080206985769713,3511.333333333333,2.582115056009109,994.29,78,0,365,932.62,5.66,865.7866666666665,14.842378415006024,2634.6670833333333,2422.08,2910.0,191.2009396427359,12.0,2.75,7.257119537123147,100.0,Complete,True,True,True,3.7741284932296226,2.2421524663676973,-3.2878239063806047,-4.700854700854695,-25.1921642481921,3.673854924172779,3.2878239063806047,4.700854700854695,25.1921642481921,3.673854924172779,15.351212491637039,50.16189273653395,71.64281619394608,29.859185657393443,5.372924372072963,21.492844858183823,10.032378547306791,4.478877848609017,0.9999999999999999,41.3770256261726,4,Complete,41.3770256261726,Rainfall anomaly,Area trend,Yield trend
Uttar Pradesh,Baghpat,Maize,2021-22,0.0,0.0,2636.0,4,True,,,,,,,,,1106.73,68,1,365,812.39,246.91,,,,,,,,,,,,False,True,True,,,,,,,,,,,,,,,,,,,0.0,,0,Insufficient,,,,
Uttar Pradesh,Baghpat,Maize,2022-23,0.0,0.0,2200.0,4,True,2636.0,-16.5402124430956,0.0,,0.0,,2636.0,-16.5402124430956,936.84,71,1,365,604.92,247.36,1106.73,-15.350627524328424,,,,,,,,,,False,True,True,-16.540212443095605,,,,,,,,,,,,,,,,,,0.0,,0,Insufficient,,,,
Uttar Pradesh,Baghpat,Maize,2023-24,0.0,0.0,2487.0,4,True,2200.0,13.045454545454549,0.0,,0.0,,2418.0,2.853598014888337,802.46,53,1,366,728.24,69.17,1021.785,-21.46488742739422,,,,,,,,,,False,True,True,13.045454545454538,,-16.540212443095605,,-15.350627524328424,,16.540212443095605,,15.350627524328424,,77.2280764118838,,43.65493076944012,,27.02982674415933,13.096479230832037,,,0.6499999999999999,61.73277842306365,2,Limited,61.73277842306365,Yield trend,Rainfall anomaly,
Uttar Pradesh,Baghpat,Maize,2024-25,0.0,0.01,3474.0,4,True,2487.0,39.68636911942099,0.0,,0.0,,2441.0,42.3187218353134,1065.14,80,1,365,923.74,45.47,948.6766666666668,12.276399054121006,,,,,,,,,,False,True,True,39.68636911942098,,13.045454545454538,,-21.46488742739422,,0.0,,21.46488742739422,,0.0,,61.04298818609472,,0.0,18.312896455828415,,,0.6499999999999999,28.173686855120643,2,Limited,28.173686855120643,Rainfall anomaly,,
Uttar Pradesh,Baghpat,Rice,2021-22,0.05,0.15,2888.0,4,True,,,,,,,,,1106.73,68,1,365,812.39,246.91,,,,,,,,,,,,False,True,True,,,,,,,,,,,,,,,,,,,0.0,,0,Insufficient,,,,
Uttar Pradesh,Baghpat,Rice,2022-23,0.05,0.13,2791.0,4,True,2888.0,-3.358725761772853,0.05,0.0,0.15,-13.333333333333329,2888.0,-3.358725761772853,936.84,71,1,365,604.92,247.36,1106.73,-15.350627524328424,,,,,,,,,,False,True,True,-3.3587257617728516,0.0,,,,,,,,,,,,,,,,,0.0,,0,Insufficient,,,,
Uttar Pradesh,Baghpat,Rice,2023-24,0.05,0.14,2793.0,4,True,2791.0,0.0716589036187746,0.05,0.0,0.13,7.692307692307699,2839.5,-1.6376122556788169,802.46,53,1,366,728.24,69.17,1021.785,-21.46488742739422,,,,,,,,,,False,True,True,0.07165890361877647,0.0,-3.3587257617728516,0.0,-15.350627524328424,,3.3587257617728516,-0.0,15.350627524328424,,15.6822610754938,-0.0,43.65493076944012,,5.48879137642283,13.096479230832037,-0.0,,0.8499999999999999,21.865024243829257,3,Good,21.865024243829257,Rainfall anomaly,Yield trend,
Uttar Pradesh,Baghpat,Rice,2024-25,0.13,0.35,2728.0,4,True,2793.0,-2.327246688148944,0.05,160.0,0.14,149.99999999999994,2824.0,-3.39943342776204,1065.14,80,1,365,923.74,45.47,948.6766666666668,12.276399054121006,,,,,,,,,,False,True,True,-2.327246688148943,160.0,0.07165890361877647,0.0,-21.46488742739422,,0.0,-0.0,21.46488742739422,,0.0,-0.0,61.04298818609472,,0.0,18.312896455828415,-0.0,,0.8499999999999999,21.544584065680493,3,Good,21.544584065680493,Rainfall anomaly,,
Uttar Pradesh,Baghpat,Wheat,2021-22,0.57,2.6,4551.0,4,True,,,,,,,,,1106.73,68,1,365,812.39,246.91,,,,,,,,,,,,False,True,True,,,,,,,,,,,,,,,,,,,0.0,,0,Insufficient,,,,
Uttar Pradesh,Baghpat,Wheat,2022-23,0.55,2.49,4537.0,4,True,4551.0,-0.3076246978686003,0.57,-3.508771929824545,2.6,-4.230769230769226,4551.0,-0.3076246978686003,936.84,71,1,365,604.92,247.36,1106.73,-15.350627524328424,,,,,,,,,,False,True,True,-0.3076246978686026,-3.50877192982455,,,,,,,,,,,,,,,,,0.0,,0,Insufficient,,,,
Uttar Pradesh,Baghpat,Wheat,2023-24,0.44,1.88,4263.0,4,True,4537.0,-6.039232973330395,0.55,-20.000000000000007,2.49,-24.497991967871496,4544.0,-6.183978873239437,802.46,53,1,366,728.24,69.17,1021.785,-21.46488742739422,,,,,,,,,,False,True,True,-6.0392329733303995,-20.000000000000007,-0.3076246978686026,-3.50877192982455,-15.350627524328424,,0.3076246978686026,3.50877192982455,15.350627524328424,,1.436333647763764,37.44141276028364,43.65493076944012,,0.5027167767173174,13.096479230832037,7.488282552056728,,0.8499999999999999,24.808798305418925,3,Good,24.808798305418925,Rainfall anomaly,Area trend,Yield trend
Uttar Pradesh,Baghpat,Wheat,2024-25,0.48,2.09,4398.0,4,True,4263.0,3.166783954961295,0.44,9.090909090909086,1.88,11.170212765957444,4450.333333333333,-1.175941877012951,1065.14,80,1,365,923.74,45.47,948.6766666666668,12.276399054121006,2657.14,2455.66,2938.07,183.02168371286209,12.0,1.0,6.887920234269254,100.0,Complete,True,True,True,3.1667839549613053,9.090909090909083,-6.0392329733303995,-20.000000000000007,-21.46488742739422,,6.0392329733303995,20.000000000000007,21.46488742739422,,28.197844927210557,100.0,61.04298818609472,,9.869245724523694,18.312896455828415,20.0,,0.8499999999999999,56.68487315335543,3,Good,56.68487315335543,Area trend,Rainfall anomaly,Yield trend
Uttar Pradesh,Bahraich,Maize,2021-22,0.95,1.33,1404.0,4,True,,,,,,,,,1308.4,92,1,365,956.1,269.1,,,1786.5445454545456,1690.405,2028.97,101.976862828157,11.0,1.8333333333333333,5.708050386295366,91.66666666666666,Good,True,True,True,,,,,,,,,,,,,,,,,,,0.0,,0,Insufficient,,,,
Uttar Pradesh,Bahraich,Maize,2022-23,0.95,1.47,1548.0,4,True,1404.0,10.256410256410255,0.95,0.0,1.33,10.526315789473676,1404.0,10.256410256410255,1096.22,77,4,365,674.63,328.41,1308.4,-16.216753286456743,2071.195416666667,1974.565,2206.14,77.06537645102293,12.0,2.0,3.720816289515073,100.0,Complete,True,True,True,10.256410256410264,0.0,,,,5.708050386295366,,,,5.708050386295366,,,,46.392070384903995,,,,6.958810557735599,0.15,46.392070384903995,1,Very Limited,,Price volatility,,
Uttar Pradesh,Bahraich,Maize,2023-24,1.0,1.78,1781.0,4,True,1548.0,15.051679586563308,0.95,5.263157894736848,1.47,21.088435374149665,1476.0,20.6639566395664,968.09,76,1,366,880.75,74.35,1202.31,-19.48083273032745,2153.570416666667,1998.44,2313.985,112.39283322869944,12.0,2.0,5.218906814417658,100.0,Complete,True,True,True,15.051679586563305,5.263157894736836,10.256410256410264,0.0,-16.216753286456743,3.720816289515073,0.0,-0.0,16.216753286456743,3.720816289515073,0.0,-0.0,46.118065264978895,30.240863256379193,0.0,13.835419579493669,-0.0,4.536129488456878,0.9999999999999999,18.37154906795055,4,Complete,18.37154906795055,Rainfall anomaly,Price volatility,
Uttar Pradesh,Bahraich,Maize,2024-25,0.51,1.01,1999.0,4,True,1781.0,12.240314430095452,1.0,-49.0,1.78,-43.25842696629213,1577.6666666666667,26.706106063807304,1521.7,82,4,365,1434.23,7.69,1124.236666666667,35.354062460158154,2285.9666666666667,2078.7,2428.6,104.51481257204507,12.0,1.9166666666666667,4.572018223014848,100.0,Complete,True,True,True,12.240314430095456,-49.0,15.051679586563305,5.263157894736836,-19.48083273032745,5.218906814417658,0.0,0.0,19.48083273032745,5.218906814417658,0.0,0.0,55.40062794342955,42.41656535618932,0.0,16.620188383028864,0.0,6.362484803428397,0.9999999999999999,22.982673186457266,4,Complete,22.982673186457266,Rainfall anomaly,Price volatility,
Uttar Pradesh,Bahraich,Rice,2021-22,1.71,3.98,2329.0,4,True,,,,,,,,,1308.4,92,1,365,956.1,269.1,,,1858.3333333333333,1450.0,1940.0,200.04166232729287,6.0,1.0,10.764573757522488,50.0,Moderate,True,True,True,,,,,,,,,,,,,,,,,,,0.0,,0,Insufficient,,,,
Uttar Pradesh,Bahraich,Rice,2022-23,1.71,3.98,2328.0,4,True,2329.0,-0.04293688278231,1.71,0.0,3.98,0.0,2329.0,-0.04293688278231,1096.22,77,4,365,674.63,328.41,1308.4,-16.216753286456743,1962.32,1830.0,2079.325,92.0418868980314,9.0,1.6666666666666667,4.690462661443159,75.0,Good,True,True,True,-0.04293688278230734,0.0,,,,10.764573757522488,,,,10.764573757522488,,,,87.48886741110005,,,,13.123330111665007,0.15,87.48886741110005,1,Very Limited,,Price volatility,,
Uttar Pradesh,Bahraich,Rice,2023-24,1.6,4.59,2864.0,4,True,2328.0,23.02405498281787,1.71,-6.432748538011689,3.98,15.326633165829143,2328.5,22.99763796435473,968.09,76,1,366,880.75,74.35,1202.31,-19.48083273032745,2065.325,1820.0,2183.93,109.65304821724442,10.0,2.363636363636364,5.309239379625213,83.33333333333334,Good,True,True,True,23.024054982817876,-6.43274853801169,-0.04293688278230734,0.0,-16.216753286456743,4.690462661443159,0.04293688278230734,-0.0,16.216753286456743,4.690462661443159,0.20047704198529215,-0.0,46.118065264978895,38.121645605981044,0.07016696469485224,13.835419579493669,-0.0,5.718246840897156,0.9999999999999999,19.623833385085682,4,Complete,19.623833385085682,Rainfall anomaly,Price volatility,Yield trend
Uttar Pradesh,Bahraich,Rice,2024-25,1.66,5.09,3066.0,4,True,2864.0,7.0530726256983245,1.6,3.749999999999989,4.59,10.893246187363834,2507.0,22.29756681292381,1521.7,82,4,365,1434.23,7.69,1124.236666666667,35.354062460158154,2159.295,2040.84,2300.0,90.62309340941133,12.0,2.833333333333333,4.1968833998787245,100.0,Complete,True,True,True,7.05307262569832,3.7499999999999867,23.024054982817876,-6.43274853801169,-19.48083273032745,5.309239379625213,0.0,6.43274853801169,19.48083273032745,5.309239379625213,0.0,68.64259006052018,55.40062794342955,43.15074155288502,0.0,16.620188383028864,13.728518012104036,6.472611232932754,0.9999999999999999,36.821317628065664,4,Complete,36.821317628065664,Rainfall anomaly,Area trend,Price volatility
Uttar Pradesh,Bahraich,Wheat,2021-22,1.65,5.82,3518.0,4,True,,,,,,,,,1308.4,92,1,365,956.1,269.1,,,1904.795833333333,1664.13,2040.35,123.86745881702689,12.0,3.0,6.502925754528908,100.0,Complete,True,True,True,,,,,,,,,,,,,,,,,,,0.0,,0,Insufficient,,,,
Uttar Pradesh,Bahraich,Wheat,2022-23,1.88,6.08,3242.0,4,True,3518.0,-7.845366685616828,1.65,13.93939393939394,5.82,4.46735395189003,3518.0,-7.845366685616828,1096.22,77,4,365,674.63,328.41,1308.4,-16.216753286456743,2349.780833333333,2053.43,2684.71,188.7351222051368,12.0,3.0,8.03203088253139,100.0,Complete,True,True,True,-7.845366685616828,13.939393939393941,,,,6.502925754528908,,,,6.502925754528908,,,,52.8524047433486,,,,7.92786071150229,0.15,52.8524047433486,1,Very Limited,,Price volatility,,
Uttar Pradesh,Bahraich,Wheat,2023-24,1.86,5.89,3168.0,4,True,3242.0,-2.282541640962369,1.88,-1.063829787234032,6.08,-3.125000000000006,3380.0,-6.272189349112427,968.09,76,1,366,880.75,74.35,1202.31,-19.48083273032745,2402.4266666666667,2291.72,2543.01,78.1244718188206,12.0,3.0,3.251898295285625,100.0,Complete,True,True,True,-2.2825416409623656,-1.0638297872340274,-7.845366685616828,13.939393939393941,-16.216753286456743,8.03203088253139,7.845366685616828,0.0,16.216753286456743,8.03203088253139,36.63088246058037,0.0,46.118065264978895,65.28017743689855,12.820808861203128,13.835419579493669,0.0,9.792026615534782,0.9999999999999999,36.44825505623159,4,Complete,36.44825505623159,Rainfall anomaly,Yield trend,Price volatility
Uttar Pradesh,Bahraich,Wheat,2024-25,1.9,6.69,3528.0,4,True,3168.0,11.363636363636363,1.86,2.150537634408592,5.89,13.582342954159603,3309.333333333333,6.607574536663975,1521.7,82,4,365,1434.23,7.69,1124.236666666667,35.354062460158154,2582.85375,2403.12,2778.72,147.39221878938875,12.0,2.9166666666666665,5.706564639573138,100.0,Complete,True,True,True,11.363636363636353,2.1505376344086002,-2.2825416409623656,-1.0638297872340274,-19.48083273032745,3.251898295285625,2.2825416409623656,1.0638297872340274,19.48083273032745,3.251898295285625,10.65743870388626,11.35191769859651,55.40062794342955,26.4297412233168,3.730103546360191,16.620188383028864,2.2703835397193024,3.96446118349752,0.9999999999999999,26.58513665260588,4,Complete,26.58513665260588,Rainfall anomaly,Price volatility,Yield trend
Uttar Pradesh,Ballia,Maize,2021-22,0.37,0.45,1195.0,4,True,,,,,,,,,1056.39,94,0,365,835.05,178.18,,,,,,,0.0,0.0,,0.0,Low,False,True,True,,,,,,,,,,,,,,,,,,,0.0,,0,Insufficient,,,,
Uttar Pradesh,Ballia,Maize,2022-23,0.36,0.44,1230.0,4,True,1195.0,2.928870292887029,0.37,-2.7027027027027053,0.45,-2.222222222222224,1195.0,2.928870292887029,642.8,68,0,365,491.12,108.26,1056.39,-39.151260424653785,,,,,,,,,,False,True,True,2.9288702928870203,-2.7027027027027084,,,,,,,,,,,,,,,,,0.0,,0,Insufficient,,,,
Uttar Pradesh,Ballia,Maize,2023-24,0.36,0.64,1781.0,4,True,1230.0,44.79674796747968,0.36,0.0,0.44,45.45454545454546,1212.5,46.886597938144334,694.58,73,0,366,546.43,115.04,849.595,-18.24575238790247,,,,,,,,,,False,True,True,44.796747967479675,0.0,2.9288702928870203,-2.7027027027027084,-39.151260424653785,,0.0,2.7027027027027084,39.151260424653785,,0.0,28.840007126164586,100.0,,0.0,30.0,5.768001425232917,,0.8499999999999999,42.080001676744615,3,Good,42.080001676744615,Rainfall anomaly,Area trend,
Uttar Pradesh,Ballia,Maize,2024-25,0.18,0.49,2711.0,4,True,1781.0,52.21785513756316,0.36,-50.0,0.64,-23.437500000000004,1402.0,93.36661911554924,847.26,68,0,365,776.02,5.17,797.9233333333333,6.183133717942831,,,,,,,,,,False,True,True,52.21785513756316,-50.0,44.796747967479675,0.0,-18.24575238790247,,0.0,-0.0,18.24575238790247,,0.0,-0.0,51.888240794577946,,0.0,15.566472238373382,-0.0,,0.8499999999999999,18.31349675102751,3,Good,18.31349675102751,Rainfall anomaly,,
Uttar Pradesh,Ballia,Rice,2021-22,1.18,3.02,2563.0,4,True,,,,,,,,,1056.39,94,0,365,835.05,178.18,,,1940.0,1940.0,1940.0,0.0,4.0,1.3333333333333333,,33.33333333333333,Low,True,True,True,,,,,,,,,,,,,,,,,,,0.0,,0,Insufficient,,,,
Uttar Pradesh,Ballia,Rice,2022-23,1.16,2.85,2459.0,4,True,2563.0,-4.057744830277019,1.18,-1.6949152542372898,3.02,-5.629139072847679,2563.0,-4.057744830277019,642.8,68,0,365,491.12,108.26,1056.39,-39.151260424653785,2039.902,2039.51,2040.0,0.2191346617948976,5.0,1.5,,41.66666666666667,Low,True,True,True,-4.057744830277022,-1.6949152542372947,,,,,,,,,,,,,,,,,0.0,,0,Insufficient,,,,
Uttar Pradesh,Ballia,Rice,2023-24,1.08,2.61,2421.0,4,True,2459.0,-1.5453436356242376,1.16,-6.896551724137918,2.85,-8.421052631578954,2511.0,-3.584229390681003,694.58,73,0,366,546.43,115.04,849.595,-18.24575238790247,2214.9858333333336,2183.0,2325.0,57.327430120027685,6.0,1.4285714285714286,2.588162382680146,50.0,Moderate,True,True,True,-1.5453436356242412,-6.896551724137923,-4.057744830277022,-1.6949152542372947,-39.151260424653785,,4.057744830277022,1.6949152542372947,39.151260424653785,,18.946058213621757,18.086106163865956,100.0,,6.631120374767614,30.0,3.6172212327731916,,0.8499999999999999,47.350990126518596,3,Good,47.350990126518596,Rainfall anomaly,Yield trend,Area trend
Uttar Pradesh,Ballia,Rice,2024-25,0.69,1.75,2527.0,4,True,2421.0,4.378356051218505,1.08,-36.11111111111112,2.61,-32.95019157088122,2481.0,1.8540910923014915,847.26,68,0,365,776.02,5.17,797.9233333333333,6.183133717942831,2408.348571428571,2343.44,2700.0,129.83075077815357,7.0,0.875,5.390862116821457,58.333333333333336,Moderate,True,True,True,4.378356051218502,-36.111111111111114,-1.5453436356242412,-6.896551724137923,-18.24575238790247,2.588162382680146,1.5453436356242412,6.896551724137923,18.24575238790247,2.588162382680146,7.215379898244599,73.59174232193698,51.888240794577946,21.035240283291547,2.5253829643856096,15.566472238373382,14.718348464387397,3.155286042493732,0.9999999999999999,35.96548970964013,4,Complete,35.96548970964013,Rainfall anomaly,Area trend,Price volatility
Uttar Pradesh,Ballia,Wheat,2021-22,1.42,5.37,3772.0,4,True,,,,,,,,,1056.39,94,0,365,835.05,178.18,,,1899.2704166666665,1754.705,2024.8,98.1866332658541,12.0,2.083333333333333,5.1697026607815815,100.0,Complete,True,True,True,,,,,,,,,,,,,,,,,,,0.0,,0,Insufficient,,,,
Uttar Pradesh,Ballia,Wheat,2022-23,1.48,5.15,3484.0,4,True,3772.0,-7.635206786850477,1.42,4.2253521126760605,5.37,-4.096834264432025,3772.0,-7.635206786850477,642.8,68,0,365,491.12,108.26,1056.39,-39.151260424653785,2338.3595833333334,2056.49,2768.33,234.90672055344496,12.0,2.25,10.045791170346234,100.0,Complete,True,True,True,-7.635206786850479,4.225352112676051,,,,5.1697026607815815,,,,5.1697026607815815,,,,42.01665953822474,,,,6.3024989307337105,0.15,42.01665953822474,1,Very Limited,,Price volatility,,
Uttar Pradesh,Ballia,Wheat,2023-24,1.24,4.2,3396.0,4,True,3484.0,-2.525832376578645,1.48,-16.216216216216218,5.15,-18.446601941747577,3628.0,-6.39470782800441,694.58,73,0,366,546.43,115.04,849.595,-18.24575238790247,2374.366666666667,2266.41,2517.525,86.22390409787073,12.0,2.333333333333333,3.631448558824278,100.0,Complete,True,True,True,-2.5258323765786406,-16.216216216216218,-7.635206786850479,4.225352112676051,-39.151260424653785,10.045791170346234,7.635206786850479,0.0,39.151260424653785,10.045791170346234,35.64962271095627,0.0,100.0,81.64697567591405,12.477367948834695,30.0,0.0,12.247046351387107,0.9999999999999999,54.72441430022181,4,Complete,54.72441430022181,Rainfall anomaly,Yield trend,Price volatility
Uttar Pradesh,Ballia,Wheat,2024-25,1.41,5.15,3653.0,4,True,3396.0,7.567726737338044,1.24,13.709677419354833,4.2,22.61904761904762,3550.6666666666665,2.882087870822385,847.26,68,0,365,776.02,5.17,797.9233333333333,6.183133717942831,2621.0416666666665,2417.39,2891.48,179.59336137929802,12.0,3.0,6.85198421922447,100.0,Complete,True,True,True,7.567726737338054,13.709677419354826,-2.5258323765786406,-16.216216216216218,-18.24575238790247,3.631448558824278,2.5258323765786406,16.216216216216218,18.24575238790247,3.631448558824278,11.793389985353638,100.0,51.888240794577946,29.5145287337722,4.127686494873773,15.566472238373382,20.0,4.42717931006583,0.9999999999999999,44.121338043312996,4,Complete,44.121338043312996,Area trend,Rainfall anomaly,Price volatility
Uttar Pradesh,Balrampur,Maize,2021-22,0.03,0.04,1302.0,4,True,,,,,,,,,1408.04,96,1,365,1077.96,239.94,,,1783.8341666666668,1726.97,1948.7,64.19339493894901,12.0,1.0,3.59861898255391,100.0,Complete,True,True,True,,,,,,,,,,,,,,,,,,,0.0,,0,Insufficient,,,,
Uttar Pradesh,Balrampur,Maize,2022-23,0.04,0.07,1764.0,4,True,1302.0,35.483870967741936,0.03,33.33333333333334,0.04,75.00000000000001,1302.0,35.483870967741936,1161.94,80,4,365,729.33,334.2,1408.04,-17.47819664214084,2076.96,1962.65,2222.66,81.16606052912869,12.0,1.0,3.907926032717466,100.0,Complete,True,True,True,35.48387096774193,33.33333333333335,,,,3.59861898255391,,,,3.59861898255391,,,,29.247706980289053,,,,4.387156047043358,0.15,29.247706980289053,1,Very Limited,,Price volatility,,
Uttar Pradesh,Balrampur,Maize,2023-24,0.04,0.06,1728.0,4,True,1764.0,-2.0408163265306123,0.04,0.0,0.07,-14.285714285714295,1533.0,12.720156555772991,1040.57,84,0,366,938.99,83.34,1284.99,-19.021159697740845,2149.892727272728,1998.88,2301.85,109.71204127997156,11.0,0.9166666666666666,5.103140258497834,91.66666666666666,Good,True,True,True,-2.0408163265306145,0.0,35.48387096774193,33.33333333333335,-17.47819664214084,3.907926032717466,0.0,0.0,17.47819664214084,3.907926032717466,0.0,0.0,49.705424952697506,31.761594116987528,0.0,14.911627485809252,0.0,4.764239117548129,0.9999999999999999,19.675866603357385,4,Complete,19.675866603357385,Rainfall anomaly,Price volatility,
Uttar Pradesh,Balrampur,Maize,2024-25,0.03,0.07,2414.0,4,True,1728.0,39.69907407407408,0.04,-25.000000000000007,0.06,16.666666666666682,1598.0,51.06382978723404,1740.86,82,6,365,1625.49,7.590000000000001,1203.5166666666669,44.647768345542914,2304.8975,2122.11,2464.23,110.95462275797102,12.0,1.0,4.813863642872232,100.0,Complete,True,True,True,39.69907407407407,-25.0,-2.0408163265306145,0.0,-19.021159697740845,5.103140258497834,2.0408163265306145,-0.0,19.021159697740845,5.103140258497834,9.528796546607651,-0.0,54.09338533185919,41.475674886240945,3.335078791312678,16.228015599557757,-0.0,6.221351232936142,0.9999999999999999,25.78444562380658,4,Complete,25.78444562380658,Rainfall anomaly,Price volatility,Yield trend
Uttar Pradesh,Balrampur,Rice,2021-22,1.35,3.42,2537.0,4,True,,,,,,,,,1408.04,96,1,365,1077.96,239.94,,,1715.0216666666663,1469.55,1940.0,221.30524186064824,9.0,1.6666666666666667,12.903932711869428,75.0,Good,True,True,True,,,,,,,,,,,,,,,,,,,0.0,,0,Insufficient,,,,
Uttar Pradesh,Balrampur,Rice,2022-23,1.35,2.87,2133.0,4,True,2537.0,-15.924320063066611,1.35,0.0,3.42,-16.081871345029235,2537.0,-15.924320063066611,1161.94,80,4,365,729.33,334.2,1408.04,-17.47819664214084,1819.0566666666664,1473.71,2040.0,224.19905908014923,12.0,1.8333333333333333,12.325017861647114,100.0,Complete,True,True,True,-15.92432006306661,0.0,,,,12.903932711869428,,,,12.903932711869428,,,,100.0,,,,15.0,0.15,100.0,1,Very Limited,,Price volatility,,
Uttar Pradesh,Balrampur,Rice,2023-24,1.27,3.78,2972.0,4,True,2133.0,39.3342709798406,1.35,-5.925925925925931,2.87,31.70731707317072,2335.0,27.280513918629552,1040.57,84,0,366,938.99,83.34,1284.99,-19.021159697740845,2046.0845833333333,1830.18,2413.99,153.86640653883563,12.0,2.25,7.520041341016684,100.0,Complete,True,True,True,39.33427097984059,-5.9259259259259345,-15.92432006306661,0.0,-17.47819664214084,12.325017861647114,15.92432006306661,-0.0,17.47819664214084,12.325017861647114,74.3524069517717,-0.0,49.705424952697506,100.0,26.023342433120092,14.911627485809252,-0.0,15.0,0.9999999999999999,55.93496991892935,4,Complete,55.93496991892935,Yield trend,Price volatility,Rainfall anomaly
Uttar Pradesh,Balrampur,Rice,2024-25,1.21,3.32,2743.0,4,True,2972.0,-7.705248990578735,1.27,-4.724409448818902,3.78,-12.16931216931217,2547.333333333333,7.68123527872284,1740.86,82,6,365,1625.49,7.590000000000001,1203.5166666666669,44.647768345542914,2185.266666666667,1995.49,2336.085,118.4285926457822,12.0,2.6666666666666665,5.419411482005958,100.0,Complete,True,True,True,-7.705248990578739,-4.7244094488189,39.33427097984059,-5.9259259259259345,-19.021159697740845,7.520041341016684,0.0,5.9259259259259345,19.021159697740845,7.520041341016684,0.0,63.234385995146006,54.09338533185919,61.11899222674124,0.0,16.228015599557757,12.646877199029202,9.167848834011187,0.9999999999999999,38.04274163259815,4,Complete,38.04274163259815,Rainfall anomaly,Area trend,Price volatility
Uttar Pradesh,Balrampur,Wheat,2021-22,0.89,2.95,3305.0,4,True,,,,,,,,,1408.04,96,1,365,1077.96,239.94,,,1910.6604166666664,1682.09,2020.68,108.73145449932096,12.0,2.583333333333333,5.690778620358587,100.0,Complete,True,True,True,,,,,,,,,,,,,,,,,,,0.0,,0,Insufficient,,,,
Uttar Pradesh,Balrampur,Wheat,2022-23,1.05,3.21,3049.0,4,True,3305.0,-7.745839636913766,0.89,17.97752808988764,2.95,8.81355932203389,3305.0,-7.745839636913766,1161.94,80,4,365,729.33,334.2,1408.04,-17.47819664214084,2331.9500000000003,2023.81,2684.855,182.8075235795089,12.0,2.5,7.839255712151156,100.0,Complete,True,True,True,-7.7458396369137645,17.97752808988764,,,,5.690778620358587,,,,5.690778620358587,,,,46.25169443746414,,,,6.93775416561962,0.15,46.25169443746414,1,Very Limited,,Price volatility,,
Uttar Pradesh,Balrampur,Wheat,2023-24,1.06,3.53,3329.0,4,True,3049.0,9.183338799606428,1.05,0.9523809523809532,3.21,9.968847352024918,3177.0,4.784387787220648,1040.57,84,0,366,938.99,83.34,1284.99,-19.021159697740845,2410.92,2300.46,2579.27,96.3262644019602,12.0,2.6666666666666665,3.995415210872207,100.0,Complete,True,True,True,9.183338799606421,0.952380952380949,-7.7458396369137645,17.97752808988764,-17.47819664214084,7.839255712151156,7.7458396369137645,0.0,17.47819664214084,7.839255712151156,36.166179691572225,0.0,49.705424952697506,63.71340092521712,12.658162892050278,14.911627485809252,0.0,9.557010138782568,0.9999999999999999,37.126800516642106,4,Complete,37.126800516642106,Rainfall anomaly,Yield trend,Price volatility
Uttar Pradesh,Balrampur,Wheat,2024-25,1.02,3.21,3135.0,4,True,3329.0,-5.827575848603185,1.06,-3.773584905660381,3.53,-9.065155807365436,3227.6666666666665,-2.871011050294326,1740.86,82,6,365,1625.49,7.590000000000001,1203.5166666666669,44.647768345542914,2660.182916666666,2421.23,2933.29,184.0039463319189,12.0,2.9166666666666665,6.916965941668571,100.0,Complete,True,True,True,-5.827575848603184,-3.7735849056603765,9.183338799606421,0.952380952380949,-19.021159697740845,3.995415210872207,0.0,0.0,19.021159697740845,3.995415210872207,0.0,0.0,54.09338533185919,32.47266073977297,0.0,16.228015599557757,0.0,4.870899110965945,0.9999999999999999,21.098914710523704,4,Complete,21.098914710523704,Rainfall anomaly,Price volatility,
Uttar Pradesh,Banda,Maize,2022-23,0.0,0.0,2000.0,3,False,,,,,,,,,1033.88,74,0,365,805.72,159.85,882.75,17.120362503540086,,,,,,,,,,False,True,True,,,,,,,,,,,,,,,,,,,0.0,,0,Insufficient,,,,
Uttar Pradesh,Banda,Maize,2023-24,0.0,0.0,2181.0,3,False,2000.0,9.05,0.0,,0.0,,2000.0,9.05,722.84,62,0,366,631.77,86.33,958.315,-24.571774416554057,,,,,,,,,,False,True,True,9.050000000000002,,,,17.120362503540086,,,,17.120362503540086,,,,48.687797202769964,,,14.606339160830988,,,0.3,48.687797202769964,1,Very Limited,,Rainfall anomaly,,
Uttar Pradesh,Banda,Maize,2024-25,0.0,0.01,3403.0,3,False,2181.0,56.02934433745988,0.0,,0.0,,2090.5,62.78402296101411,919.74,81,1,365,781.5,21.64,879.8233333333334,4.536895664659946,,,,,,,,,,False,True,True,56.029344337459875,,9.050000000000002,,-24.571774416554057,,0.0,,24.571774416554057,,0.0,,69.87851860368139,,0.0,20.963555581104416,,,0.6499999999999999,32.25162397092988,2,Limited,32.25162397092988,Rainfall anomaly,,
Uttar Pradesh,Banda,Rice,2021-22,0.49,1.16,2392.0,4,True,,,,,,,,,882.75,67,0,365,728.28,134.63,,,1800.0,1100.0,1940.0,342.92856398964494,6.0,2.142857142857143,19.051586888313608,50.0,Moderate,True,True,True,,,,,,,,,,,,,,,,,,,0.0,,0,Insufficient,,,,
Uttar Pradesh,Banda,Rice,2022-23,0.55,1.28,2321.0,4,True,2392.0,-2.968227424749164,0.49,12.244897959183684,1.16,10.344827586206906,2392.0,-2.968227424749164,1033.88,74,0,365,805.72,159.85,882.75,17.120362503540086,2061.2375,2040.0,2116.52,30.45766042511185,8.0,1.7777777777777777,1.4776395454241371,66.66666666666666,Moderate,True,True,True,-2.968227424749159,12.244897959183687,,,,19.051586888313608,,,,19.051586888313608,,,,100.0,,,,15.0,0.15,100.0,1,Very Limited,,Price volatility,,
Uttar Pradesh,Banda,Rice,2023-24,0.49,1.18,2402.0,4,True,2321.0,3.4898750538560965,0.55,-10.90909090909092,1.28,-7.812500000000007,2356.5,1.9308296201994484,722.84,62,0,366,631.77,86.33,958.315,-24.571774416554057,2192.115555555556,2000.0,2380.0,112.68862233064073,9.0,0.75,5.14063330489353,75.0,Good,True,True,True,3.489875053856095,-10.909090909090914,-2.968227424749159,12.244897959183687,17.120362503540086,1.4776395454241371,2.968227424749159,0.0,17.120362503540086,1.4776395454241371,13.858981264902981,0.0,48.687797202769964,12.009487155092346,4.850643442716043,14.606339160830988,0.0,1.8014230732638519,0.9999999999999999,21.258405676810888,4,Complete,21.258405676810888,Rainfall anomaly,Yield trend,Price volatility
Uttar Pradesh,Banda,Rice,2024-25,1.21,2.96,2438.0,4,True,2402.0,1.498751040799334,0.49,146.9387755102041,1.18,150.84745762711867,2371.6666666666665,2.796907940969789,919.74,81,1,365,781.5,21.64,879.8233333333334,4.536895664659946,2300.0,2300.0,2300.0,0.0,4.0,0.4,,33.33333333333333,Low,True,True,True,1.4987510407993287,146.93877551020407,3.489875053856095,-10.909090909090914,-24.571774416554057,5.14063330489353,0.0,10.909090909090914,24.571774416554057,5.14063330489353,0.0,100.0,69.87851860368139,41.78039890400886,0.0,20.963555581104416,20.0,6.267059835601329,0.9999999999999999,47.23061541670575,4,Complete,47.23061541670575,Rainfall anomaly,Area trend,Price volatility
Uttar Pradesh,Banda,Wheat,2021-22,1.67,5.05,3020.0,4,True,,,,,,,,,882.75,67,0,365,728.28,134.63,,,1873.4516666666664,1621.07,2018.3,136.23644385161165,12.0,3.0,7.271948685711754,100.0,Complete,True,True,True,,,,,,,,,,,,,,,,,,,0.0,,0,Insufficient,,,,
Uttar Pradesh,Banda,Wheat,2022-23,1.94,6.35,3278.0,4,True,3020.0,8.543046357615895,1.67,16.167664670658684,5.05,25.742574257425737,3020.0,8.543046357615895,1033.88,74,0,365,805.72,159.85,882.75,17.120362503540086,2296.685833333333,2025.83,2677.25,194.53630366771367,12.0,3.0,8.470305378484015,100.0,Complete,True,True,True,8.543046357615891,16.167664670658688,,,,7.271948685711754,,,,7.271948685711754,,,,59.10262391392508,,,,8.86539358708876,0.15,59.10262391392507,1,Very Limited,,Price volatility,,
Uttar Pradesh,Banda,Wheat,2023-24,1.77,5.45,3070.0,4,True,3278.0,-6.345332519829164,1.94,-8.762886597938142,6.35,-14.173228346456684,3149.0,-2.5087329310892343,722.84,62,0,366,631.77,86.33,958.315,-24.571774416554057,2331.7408333333333,2162.61,2452.79,78.10878875683967,12.0,3.0,3.349805760581869,100.0,Complete,True,True,True,-6.345332519829161,-8.762886597938135,8.543046357615891,16.167664670658688,17.120362503540086,8.470305378484015,0.0,0.0,17.120362503540086,8.470305378484015,0.0,0.0,48.687797202769964,68.84224502357567,0.0,14.606339160830988,0.0,10.326336753536351,0.9999999999999999,24.93267591436734,4,Complete,24.93267591436734,Rainfall anomaly,Price volatility,
Uttar Pradesh,Banda,Wheat,2024-25,1.82,5.06,2790.0,4,True,3070.0,-9.120521172638435,1.77,2.8248587570621493,5.45,-7.155963302752304,3122.6666666666665,-10.653287788215197,919.74,81,1,365,781.5,21.64,879.8233333333334,4.536895664659946,2572.8995833333333,2352.03,2835.83,157.53544623437972,12.0,2.583333333333333,6.1228758111999015,100.0,Complete,True,True,True,-9.12052117263844,2.824858757062154,-6.345332519829161,-8.762886597938135,-24.571774416554057,3.349805760581869,6.345332519829161,8.762886597938135,24.571774416554057,3.349805760581869,29.62705747499238,93.50703341421374,69.87851860368139,27.225482275662138,10.369470116247333,20.963555581104416,18.701406682842748,4.083822341349321,0.9999999999999999,54.11825472154383,4,Complete,54.11825472154383,Rainfall anomaly,Area trend,Yield trend
Uttar Pradesh,Bara Banki,Maize,2021-22,0.05,0.08,1630.0,4,True,,,,,,,,,1188.55,76,1,365,901.55,231.54,,,,,,,,,,,,False,True,True,,,,,,,,,,,,,,,,,,,0.0,,0,Insufficient,,,,
Uttar Pradesh,Bara Banki,Maize,2022-23,0.05,0.05,1046.0,4,True,1630.0,-35.828220858895705,0.05,0.0,0.08,-37.5,1630.0,-35.828220858895705,1057.08,76,2,365,689.75,280.42,1188.55,-11.061377308485133,,,,,,,,,,False,True,True,-35.82822085889571,0.0,,,,,,,,,,,,,,,,,0.0,,0,Insufficient,,,,
Uttar Pradesh,Bara Banki,Maize,2023-24,0.05,0.07,1400.0,4,True,1046.0,33.84321223709369,0.05,0.0,0.05,40.00000000000001,1338.0,4.633781763826607,981.37,71,1,366,897.28,77.74,1122.815,-12.597355753173948,4400.0,4400.0,4400.0,,1.0,0.5,,8.333333333333332,Low,True,True,True,33.8432122370937,0.0,-35.82822085889571,0.0,-11.061377308485133,,35.82822085889571,-0.0,11.061377308485133,,100.0,-0.0,31.456932939795244,,35.0,9.437079881938573,-0.0,,0.8499999999999999,52.27891750816303,3,Good,52.27891750816303,Yield trend,Rainfall anomaly,
Uttar Pradesh,Bara Banki,Maize,2024-25,0.05,0.11,2433.0,4,True,1400.0,73.78571428571429,0.05,0.0,0.07,57.14285714285713,1358.6666666666667,79.07262021589793,1278.6,79,2,365,1209.75,8.15,1075.6666666666667,18.86581964673069,,,,,0.0,0.0,,0.0,Low,False,True,True,73.78571428571428,0.0,33.8432122370937,0.0,-12.597355753173948,,0.0,-0.0,12.597355753173948,,0.0,-0.0,35.82503011106552,,0.0,10.747509033319657,-0.0,,0.8499999999999999,12.644128274493717,3,Good,12.644128274493717,Rainfall anomaly,,
Uttar Pradesh,Bara Banki,Rice,2021-22,1.89,4.58,2427.0,4,True,,,,,,,,,1188.55,76,1,365,901.55,231.54,,,1940.035,1940.0,1940.14,0.0700000000000689,4.0,0.5714285714285714,,33.33333333333333,Low,True,True,True,,,,,,,,,,,,,,,,,,,0.0,,0,Insufficient,,,,
Uttar Pradesh,Bara Banki,Rice,2022-23,1.89,4.61,2444.0,4,True,2427.0,0.7004532344458179,1.89,0.0,4.58,0.6550218340611408,2427.0,0.7004532344458179,1057.08,76,2,365,689.75,280.42,1188.55,-11.061377308485133,2040.0,2040.0,2040.0,0.0,4.0,0.8,,33.33333333333333,Low,True,True,True,0.7004532344458081,0.0,,,,,,,,,,,,,,,,,0.0,,0,Insufficient,,,,
Uttar Pradesh,Bara Banki,Rice,2023-24,1.76,5.28,3009.0,4,True,2444.0,23.11783960720131,1.89,-6.878306878306873,4.61,14.533622559652926,2435.5,23.54752617532334,981.37,71,1,366,897.28,77.74,1122.815,-12.597355753173948,2141.386,2046.34,2189.84,59.99939316359787,5.0,0.8333333333333334,,41.66666666666667,Low,True,True,True,23.117839607201308,-6.878306878306873,0.7004532344458081,0.0,-11.061377308485133,,0.0,-0.0,11.061377308485133,,0.0,-0.0,31.456932939795244,,0.0,9.437079881938573,-0.0,,0.8499999999999999,11.102446919927734,3,Good,11.102446919927734,Rainfall anomaly,,
Uttar Pradesh,Bara Banki,Rice,2024-25,2.08,5.97,2872.0,4,True,3009.0,-4.55300764373546,1.76,18.181818181818183,5.28,13.06818181818181,2626.6666666666665,9.340101522842646,1278.6,79,2,365,1209.75,8.15,1075.6666666666667,18.86581964673069,2232.2325,2121.01,2311.8,83.79373738532021,4.0,0.8,,33.33333333333333,Low,True,True,True,-4.553007643735462,18.181818181818187,23.117839607201308,-6.878306878306873,-12.597355753173948,,0.0,6.878306878306873,12.597355753173948,,0.0,73.39705517293716,35.82503011106552,,0.0,10.747509033319657,14.679411034587432,,0.8499999999999999,29.914023609302465,3,Good,29.914023609302465,Area trend,Rainfall anomaly,
Uttar Pradesh,Bara Banki,Wheat,2021-22,1.74,7.01,4042.0,4,True,,,,,,,,,1188.55,76,1,365,901.55,231.54,,,1893.4283333333333,1637.3,2041.11,127.08891717886728,12.0,1.0,6.712106021733097,100.0,Complete,True,True,True,,,,,,,,,,,,,,,,,,,0.0,,0,Insufficient,,,,
Uttar Pradesh,Bara Banki,Wheat,2022-23,1.66,6.3,3794.0,4,True,4042.0,-6.135576447303316,1.74,-4.597701149425292,7.01,-10.128388017118402,4042.0,-6.135576447303316,1057.08,76,2,365,689.75,280.42,1188.55,-11.061377308485133,2316.2591666666667,2035.89,2728.25,175.14443366746477,12.0,1.0,7.561521447512089,100.0,Complete,True,True,True,-6.135576447303315,-4.597701149425292,,,,6.712106021733097,,,,6.712106021733097,,,,54.552513365824865,,,,8.18287700487373,0.15,54.552513365824865,1,Very Limited,,Price volatility,,
Uttar Pradesh,Bara Banki,Wheat,2023-24,1.24,5.02,4059.0,4,True,3794.0,6.984712704269899,1.66,-25.301204819277107,6.3,-20.317460317460323,3918.0,3.5987748851454824,981.37,71,1,366,897.28,77.74,1122.815,-12.597355753173948,2427.3191666666667,2295.5,2594.26,106.32738058881532,12.0,1.0,4.380444980164276,100.0,Complete,True,True,True,6.984712704269902,-25.3012048192771,-6.135576447303315,-4.597701149425292,-11.061377308485133,7.561521447512089,6.135576447303315,4.597701149425292,11.061377308485133,7.561521447512089,28.64768323463039,49.06116154795809,31.456932939795244,61.45612099924268,10.026689132120636,9.437079881938573,9.81223230959162,9.218418149886402,0.9999999999999999,38.49441947353724,4,Complete,38.49441947353724,Yield trend,Area trend,Rainfall anomaly
Uttar Pradesh,Bara Banki,Wheat,2024-25,1.52,6.31,4141.0,4,True,4059.0,2.0202020202020203,1.24,22.580645161290324,5.02,25.69721115537849,3965.0,4.438839848675914,1278.6,79,2,365,1209.75,8.15,1075.6666666666667,18.86581964673069,2662.6141666666667,2433.32,2932.08,184.3738747248661,12.0,1.0,6.924543444297986,100.0,Complete,True,True,True,2.020202020202011,22.580645161290324,6.984712704269902,-25.3012048192771,-12.597355753173948,4.380444980164276,0.0,25.3012048192771,12.597355753173948,4.380444980164276,0.0,100.0,35.82503011106552,35.60198282847898,0.0,10.747509033319657,20.0,5.340297424271847,0.9999999999999999,36.08780645759151,4,Complete,36.08780645759151,Area trend,Rainfall anomaly,Price volatility
Uttar Pradesh,Bareilly,Maize,2021-22,0.0,0.01,3020.0,4,True,,,,,,,,,1077.89,75,1,365,653.94,380.15,,,,,,,,,,,,False,True,True,,,,,,,,,,,,,,,,,,,0.0,,0,Insufficient,,,,
Uttar Pradesh,Bareilly,Maize,2022-23,0.01,0.03,2552.0,4,True,3020.0,-15.496688741721854,0.0,,0.01,200.0,3020.0,-15.496688741721854,952.94,76,1,365,533.62,323.74,1077.89,-11.592091957435365,,,,,,,,,,False,True,True,-15.496688741721854,,,,,,,,,,,,,,,,,,0.0,,0,Insufficient,,,,
Uttar Pradesh,Bareilly,Maize,2023-24,0.03,0.1,3096.0,4,True,2552.0,21.31661442006269,0.01,200.0,0.03,233.3333333333333,2786.0,11.127063890882988,912.02,67,1,366,830.97,65.26,1015.415,-10.182536204409043,1997.1933333333327,1800.0,2200.0,200.0590716096956,3.0,0.6,,25.0,Low,True,True,True,21.316614420062695,200.0,-15.496688741721854,,-11.592091957435365,,15.496688741721854,,11.592091957435365,,72.35574914132663,,32.96620747736916,,25.32451219946432,9.889862243210748,,,0.6499999999999999,54.17596068103857,2,Limited,54.17596068103857,Yield trend,Rainfall anomaly,
Uttar Pradesh,Bareilly,Maize,2024-25,0.08,0.27,3474.0,4,True,3096.0,12.209302325581394,0.03,166.66666666666669,0.1,170.0,2889.333333333333,20.235348407937234,1239.27,88,3,365,1121.67,30.23,980.9500000000002,26.333656149650825,2284.1666666666665,2250.0,2302.5,29.61559273986147,3.0,0.4285714285714285,,25.0,Low,True,True,True,12.209302325581394,166.66666666666669,21.316614420062695,200.0,-10.182536204409043,,0.0,0.0,10.182536204409043,,0.0,0.0,28.957637878731713,,0.0,8.687291363619513,0.0,,0.8499999999999999,10.22034278072884,3,Good,10.22034278072884,Rainfall anomaly,,
Uttar Pradesh,Bareilly,Rice,2021-22,1.64,4.12,2506.0,4,True,,,,,,,,,1077.89,75,1,365,653.94,380.15,,,1912.857142857143,1750.0,1940.0,71.81324987175317,7.0,1.4444444444444444,3.754240097851174,58.333333333333336,Moderate,True,True,True,,,,,,,,,,,,,,,,,,,0.0,,0,Insufficient,,,,
Uttar Pradesh,Bareilly,Rice,2022-23,1.63,4.9,3000.0,4,True,2506.0,19.71268954509178,1.64,-0.6097560975609762,4.12,18.932038834951463,2506.0,19.71268954509178,952.94,76,1,365,533.62,323.74,1077.89,-11.592091957435365,2060.6985,1994.25,2212.21,63.59232422453029,10.0,1.3636363636363635,3.085959650309363,83.33333333333334,Good,True,True,True,19.712689545091777,-0.6097560975609762,,,,3.754240097851174,,,,3.754240097851174,,,,30.51251461961572,,,,4.576877192942358,0.15,30.512514619615718,1,Very Limited,,Price volatility,,
Uttar Pradesh,Bareilly,Rice,2023-24,1.54,4.45,2893.0,4,True,3000.0,-3.5666666666666664,1.63,-5.521472392638029,4.9,-9.183673469387758,2753.0,5.085361423901199,912.02,67,1,366,830.97,65.26,1015.415,-10.182536204409043,2262.8145833333333,2183.0,2468.42,105.56067254639368,12.0,2.6666666666666665,4.66501645003954,100.0,Complete,True,True,True,-3.5666666666666624,-5.521472392638027,19.712689545091777,-0.6097560975609762,-11.592091957435365,3.085959650309363,0.0,0.6097560975609762,11.592091957435365,3.085959650309363,0.0,6.506586973585904,32.96620747736916,25.0810780587804,0.0,9.889862243210748,1.3013173947171808,3.7621617088170596,0.9999999999999999,14.95334134674499,4,Complete,14.95334134674499,Rainfall anomaly,Price volatility,Area trend
Uttar Pradesh,Bareilly,Rice,2024-25,1.58,4.46,2825.0,4,True,2893.0,-2.3505012098167994,1.54,2.5974025974026,4.45,0.2247191011235907,2799.6666666666665,0.904869627336593,1239.27,88,3,365,1121.67,30.23,980.9500000000002,26.333656149650825,2298.1066666666666,2237.46,2324.68,35.61771631016668,12.0,2.9166666666666665,1.5498721981355672,100.0,Complete,True,True,True,-2.350501209816802,2.5974025974025983,-3.5666666666666624,-5.521472392638027,-10.182536204409043,4.66501645003954,3.5666666666666624,5.521472392638027,10.182536204409043,4.66501645003954,16.6531600979546,58.918542165722506,28.957637878731713,37.914832009293086,5.8286060342841095,8.687291363619513,11.783708433144502,5.687224801393962,0.9999999999999999,31.986830632442093,4,Complete,31.986830632442093,Area trend,Rainfall anomaly,Yield trend
Uttar Pradesh,Bareilly,Wheat,2021-22,2.08,8.13,3906.0,4,True,,,,,,,,,1077.89,75,1,365,653.94,380.15,,,1969.7116666666668,1859.305,2045.715,55.00144462290099,12.0,1.6666666666666667,2.7923601993981007,100.0,Complete,True,True,True,,,,,,,,,,,,,,,,,,,0.0,,0,Insufficient,,,,
Uttar Pradesh,Bareilly,Wheat,2022-23,2.07,8.45,4075.0,4,True,3906.0,4.326676907322068,2.08,-0.4807692307692419,8.13,3.936039360393585,3906.0,4.326676907322068,952.94,76,1,365,533.62,323.74,1077.89,-11.592091957435365,2281.9466666666667,2043.42,2654.02,214.26106955951624,12.0,1.5,9.389398652006893,100.0,Complete,True,True,True,4.326676907322069,-0.48076923076924016,,,,2.7923601993981007,,,,2.7923601993981007,,,,22.694854134698232,,,,3.404228120204735,0.15,22.694854134698232,1,Very Limited,,Price volatility,,
Uttar Pradesh,Bareilly,Wheat,2023-24,1.72,6.9,4007.0,4,True,4075.0,-1.6687116564417177,2.07,-16.908212560386467,8.45,-18.34319526627218,3990.5,0.4134820197970179,912.02,67,1,366,830.97,65.26,1015.415,-10.182536204409043,2364.0816666666665,2312.955,2468.24,51.97226324655962,12.0,1.6666666666666667,2.198412346720663,100.0,Complete,True,True,True,-1.6687116564417126,-16.90821256038647,4.326676907322069,-0.48076923076924016,-11.592091957435365,9.389398652006893,0.0,0.48076923076924016,11.592091957435365,9.389398652006893,0.0,5.130193575327443,32.96620747736916,76.3121580323917,0.0,9.889862243210748,1.0260387150654886,11.446823704858753,0.9999999999999999,22.362724663134994,4,Complete,22.362724663134994,Price volatility,Rainfall anomaly,Area trend
Uttar Pradesh,Bareilly,Wheat,2024-25,1.67,6.74,4031.0,4,True,4007.0,0.5989518342899924,1.72,-2.906976744186049,6.9,-2.3188405797101472,3996.0,0.8758758758758759,1239.27,88,3,365,1121.67,30.23,980.9500000000002,26.333656149650825,2582.8783333333336,2395.2,2795.81,158.0534187363324,12.0,1.3333333333333333,6.119274636229441,100.0,Complete,True,True,True,0.5989518342899958,-2.9069767441860517,-1.6687116564417126,-16.90821256038647,-10.182536204409043,2.198412346720663,1.6687116564417126,16.90821256038647,10.182536204409043,2.198412346720663,7.791398795900996,100.0,28.957637878731713,17.86755431749083,2.726989578565348,8.687291363619513,20.0,2.680133147623624,0.9999999999999999,34.09441408980849,4,Complete,34.09441408980849,Area trend,Rainfall anomaly,Yield trend
Uttar Pradesh,Basti,Maize,2021-22,0.03,0.03,782.0,4,True,,,,,,,,,1253.77,84,1,365,979.62,216.18,,,,,,,,,,,,False,True,True,,,,,,,,,,,,,,,,,,,0.0,,0,Insufficient,,,,
Uttar Pradesh,Basti,Maize,2022-23,0.03,0.07,2176.0,4,True,782.0,178.26086956521738,0.03,0.0,0.03,133.33333333333337,782.0,178.26086956521738,1073.15,71,2,365,703.11,282.63,1253.77,-14.406151048437904,,,,,,,,,,False,True,True,178.26086956521738,0.0,,,,,,,,,,,,,,,,,0.0,,0,Insufficient,,,,
Uttar Pradesh,Basti,Maize,2023-24,0.04,0.09,2297.0,4,True,2176.0,5.560661764705882,0.03,33.33333333333334,0.07,28.57142857142855,1479.0,55.30764029749831,1038.36,72,1,366,945.69,83.53,1163.46,-10.752410912278904,,,,,,,,,,False,True,True,5.560661764705888,33.33333333333335,178.26086956521738,0.0,-14.406151048437904,,0.0,-0.0,14.406151048437904,,0.0,-0.0,40.96897834808012,,0.0,12.290693504424036,-0.0,,0.8499999999999999,14.459639416969456,3,Good,14.459639416969456,Rainfall anomaly,,
Uttar Pradesh,Basti,Maize,2024-25,0.02,0.06,2998.0,4,True,2297.0,30.5180670439704,0.04,-50.0,0.09,-33.33333333333333,1751.6666666666667,71.15128449096099,1459.09,82,3,365,1373.21,5.77,1121.76,30.071494793895305,,,,,,,,,,False,True,True,30.518067043970397,-50.0,5.560661764705888,33.33333333333335,-10.752410912278904,,0.0,0.0,10.752410912278904,,0.0,0.0,30.578277874059985,,0.0,9.173483362217995,0.0,,0.8499999999999999,10.79233336731529,3,Good,10.79233336731529,Rainfall anomaly,,
Uttar Pradesh,Basti,Rice,2021-22,1.46,3.7,2540.0,4,True,,,,,,,,,1253.77,84,1,365,979.62,216.18,,,1699.3691666666666,1495.93,1940.0,183.880093166386,12.0,1.0,10.82049131955648,100.0,Complete,True,True,True,,,,,,,,,,,,,,,,,,,0.0,,0,Insufficient,,,,
Uttar Pradesh,Basti,Rice,2022-23,1.31,3.58,2721.0,4,True,2540.0,7.125984251968504,1.46,-10.27397260273972,3.7,-3.243243243243246,2540.0,7.125984251968504,1073.15,71,2,365,703.11,282.63,1253.77,-14.406151048437904,1836.7,1532.96,2040.0,195.495350886362,12.0,1.0,10.643836820730767,100.0,Complete,True,True,True,7.125984251968509,-10.273972602739722,,,,10.82049131955648,,,,10.82049131955648,,,,87.94333632746797,,,,13.191500449120197,0.15,87.94333632746797,1,Very Limited,,Price volatility,,
Uttar Pradesh,Basti,Rice,2023-24,1.37,3.48,2543.0,4,True,2721.0,-6.541712605659685,1.31,4.580152671755729,3.58,-2.793296089385477,2630.5,-3.3263638091617564,1038.36,72,1,366,945.69,83.53,1163.46,-10.752410912278904,2117.5725,1895.25,2210.44,115.8354537597502,12.0,1.0,5.470200135284635,100.0,Complete,True,True,True,-6.541712605659688,4.580152671755733,7.125984251968509,-10.273972602739722,-14.406151048437904,10.643836820730767,0.0,10.273972602739722,14.406151048437904,10.643836820730767,0.0,100.0,40.96897834808012,86.50758026564188,0.0,12.290693504424036,20.0,12.97613703984628,0.9999999999999999,45.26683054427032,4,Complete,45.26683054427032,Area trend,Price volatility,Rainfall anomaly
Uttar Pradesh,Basti,Rice,2024-25,1.39,3.71,2661.0,4,True,2543.0,4.640188753440818,1.37,1.4598540145985253,3.48,6.609195402298849,2601.333333333333,2.2936955407483284,1459.09,82,3,365,1373.21,5.77,1121.76,30.071494793895305,2285.0958333333333,2221.83,2305.16,26.589935026189263,12.0,1.0,1.1636245026713727,100.0,Complete,True,True,True,4.64018875344081,1.4598540145985162,-6.541712605659688,4.580152671755733,-10.752410912278904,5.470200135284635,6.541712605659688,0.0,10.752410912278904,5.470200135284635,30.54397775799776,0.0,30.578277874059985,44.458947017168896,10.690392215299214,9.173483362217995,0.0,6.668842052575334,0.9999999999999999,26.532717630092545,4,Complete,26.532717630092545,Yield trend,Rainfall anomaly,Price volatility
Uttar Pradesh,Basti,Wheat,2021-22,1.24,4.52,3638.0,4,True,,,,,,,,,1253.77,84,1,365,979.62,216.18,,,1868.4166666666667,1625.48,2015.0,137.00630843692988,12.0,1.0,7.332749213876092,100.0,Complete,True,True,True,,,,,,,,,,,,,,,,,,,0.0,,0,Insufficient,,,,
Uttar Pradesh,Basti,Wheat,2022-23,1.41,4.83,3421.0,4,True,3638.0,-5.964815832875206,1.24,13.709677419354833,4.52,6.85840707964603,3638.0,-5.964815832875206,1073.15,71,2,365,703.11,282.63,1253.77,-14.406151048437904,2292.1125,2023.91,2670.52,204.6407983016716,12.0,1.0,8.928043379270067,100.0,Complete,True,True,True,-5.964815832875203,13.709677419354826,,,,7.332749213876092,,,,7.332749213876092,,,,59.596779044162105,,,,8.939516856624316,0.15,59.596779044162105,1,Very Limited,,Price volatility,,
Uttar Pradesh,Basti,Wheat,2023-24,1.33,4.45,3345.0,4,True,3421.0,-2.2215726395790703,1.41,-5.6737588652482165,4.83,-7.86749482401656,3529.5,-5.227369315767106,1038.36,72,1,366,945.69,83.53,1163.46,-10.752410912278904,2378.145833333333,2265.35,2516.84,84.08119068207309,12.0,1.0,3.5355775707085426,100.0,Complete,True,True,True,-2.2215726395790725,-5.673758865248213,-5.964815832875203,13.709677419354826,-14.406151048437904,8.928043379270067,5.964815832875203,0.0,14.406151048437904,8.928043379270067,27.850383089631386,0.0,40.96897834808012,72.56250187367223,9.747634081370984,12.290693504424036,0.0,10.884375281050835,0.9999999999999999,32.92270286684586,4,Complete,32.92270286684586,Rainfall anomaly,Price volatility,Yield trend
Uttar Pradesh,Basti,Wheat,2024-25,1.28,4.46,3476.0,4,True,3345.0,3.9162929745889374,1.33,-3.7593984962406046,4.45,0.2247191011235907,3468.0,0.2306805074971165,1459.09,82,3,365,1373.21,5.77,1121.76,30.071494793895305,2630.3683333333333,2427.62,2860.9,171.01664282824186,12.0,1.0,6.501623390953809,100.0,Complete,True,True,True,3.9162929745889308,-3.759398496240607,-2.2215726395790725,-5.673758865248213,-10.752410912278904,3.5355775707085426,2.2215726395790725,5.673758865248213,10.752410912278904,3.5355775707085426,10.372767711068953,60.5435610591821,30.578277874059985,28.735339110776927,3.6304686988741333,9.173483362217995,12.108712211836421,4.310300866616539,0.9999999999999999,29.222965139545096,4,Complete,29.222965139545096,Area trend,Rainfall anomaly,Price volatility
Uttar Pradesh,Bhadohi,Maize,2021-22,0.01,0.01,1304.0,4,True,,,,,,,,,821.82,71,0,365,699.89,103.24,,,,,,,,,,,,False,True,True,,,,,,,,,,,,,,,,,,,0.0,,0,Insufficient,,,,
Uttar Pradesh,Bhadohi,Maize,2022-23,0.01,0.01,1375.0,4,True,1304.0,5.44478527607362,0.01,0.0,0.01,0.0,1304.0,5.44478527607362,922.69,79,0,365,726.8199999999999,137.82999999999998,821.82,12.273977269961792,,,,,,,,,,False,True,True,5.444785276073616,0.0,,,,,,,,,,,,,,,,,0.0,,0,Insufficient,,,,
Uttar Pradesh,Bhadohi,Maize,2023-24,0.01,0.02,2668.0,4,True,1375.0,94.03636363636365,0.01,0.0,0.01,100.0,1339.5,99.17879805897724,698.43,70,0,366,578.54,115.99,872.2550000000001,-19.92823199637722,,,,,,,,,,False,True,True,94.03636363636363,0.0,5.444785276073616,0.0,12.273977269961792,,0.0,-0.0,12.273977269961792,,0.0,-0.0,34.90538918599064,,0.0,10.471616755797193,-0.0,,0.8499999999999999,12.319549124467288,3,Good,12.319549124467288,Rainfall anomaly,,
Uttar Pradesh,Bhadohi,Maize,2024-25,0.0,0.01,3161.0,4,True,2668.0,18.47826086956521,0.01,-100.0,0.02,-50.0,1782.3333333333333,77.35178604825136,899.49,80,0,365,846.68,10.55,814.3133333333334,10.459937616151024,,,,,,,,,,False,True,True,18.47826086956521,-100.0,94.03636363636363,0.0,-19.92823199637722,,0.0,-0.0,19.92823199637722,,0.0,-0.0,56.67296576510799,,0.0,17.001889729532397,-0.0,,0.8499999999999999,20.002223211214588,3,Good,20.002223211214588,Rainfall anomaly,,
Uttar Pradesh,Bhadohi,Rice,2021-22,0.28,0.85,3069.0,4,True,,,,,,,,,821.82,71,0,365,699.89,103.24,,,1940.0,1940.0,1940.0,0.0,3.0,0.75,,25.0,Low,True,True,True,,,,,,,,,,,,,,,,,,,0.0,,0,Insufficient,,,,
Uttar Pradesh,Bhadohi,Rice,2022-23,0.28,0.89,3151.0,4,True,3069.0,2.67188009123493,0.28,0.0,0.85,4.70588235294118,3069.0,2.67188009123493,922.69,79,0,365,726.8199999999999,137.82999999999998,821.82,12.273977269961792,2040.0,2040.0,2040.0,0.0,5.0,0.8333333333333334,,41.66666666666667,Low,True,True,True,2.671880091234935,0.0,,,,,,,,,,,,,,,,,0.0,,0,Insufficient,,,,
Uttar Pradesh,Bhadohi,Rice,2023-24,0.26,0.84,3252.0,4,True,3151.0,3.2053316407489687,0.28,-7.142857142857148,0.89,-5.6179775280898925,3110.0,4.565916398713826,698.43,70,0,366,578.54,115.99,872.2550000000001,-19.92823199637722,2174.3775,2166.84,2182.67,6.658545261541462,4.0,0.6666666666666666,,33.33333333333333,Low,True,True,True,3.205331640748965,-7.142857142857151,2.671880091234935,0.0,12.273977269961792,,0.0,-0.0,12.273977269961792,,0.0,-0.0,34.90538918599064,,0.0,10.471616755797193,-0.0,,0.8499999999999999,12.319549124467288,3,Good,12.319549124467288,Rainfall anomaly,,
Uttar Pradesh,Bhadohi,Rice,2024-25,0.6,1.9,3179.0,4,True,3252.0,-2.2447724477244773,0.26,130.76923076923077,0.84,126.1904761904762,3157.333333333333,0.6862331081081032,899.49,80,0,365,846.68,10.55,814.3133333333334,10.459937616151024,2302.108,2300.0,2310.54,4.713631296569489,5.0,0.8333333333333334,,41.66666666666667,Low,True,True,True,-2.2447724477244746,130.76923076923075,3.205331640748965,-7.142857142857151,-19.92823199637722,,0.0,7.142857142857151,19.92823199637722,,0.0,76.22001883343489,56.67296576510799,,0.0,17.001889729532397,15.24400376668698,,0.8499999999999999,37.936345289669866,3,Good,37.936345289669866,Rainfall anomaly,Area trend,
Uttar Pradesh,Bhadohi,Wheat,2021-22,0.5,1.77,3558.0,4,True,,,,,,,,,821.82,71,0,365,699.89,103.24,,,1898.5741666666663,1759.67,2025.49,101.27409436845882,12.0,1.0,5.334218496518686,100.0,Complete,True,True,True,,,,,,,,,,,,,,,,,,,0.0,,0,Insufficient,,,,
Uttar Pradesh,Bhadohi,Wheat,2022-23,0.49,1.37,2796.0,4,True,3558.0,-21.41652613827993,0.5,-2.0000000000000018,1.77,-22.59887005649717,3558.0,-21.41652613827993,922.69,79,0,365,726.8199999999999,137.82999999999998,821.82,12.273977269961792,2324.3683333333333,2058.95,2717.96,231.5978188322999,12.0,1.0,9.963903547944565,100.0,Complete,True,True,True,-21.416526138279934,-2.0000000000000018,,,,5.334218496518686,,,,5.334218496518686,,,,43.35375884787195,,,,6.503063827180792,0.15,43.35375884787195,1,Very Limited,,Price volatility,,
Uttar Pradesh,Bhadohi,Wheat,2023-24,0.57,1.54,2712.0,4,True,2796.0,-3.004291845493562,0.49,16.32653061224489,1.37,12.408759124087585,3177.0,-14.636449480642115,698.43,70,0,366,578.54,115.99,872.2550000000001,-19.92823199637722,2357.8458333333333,2190.32,2493.12,98.84578222098722,12.0,1.0,4.192207175871502,100.0,Complete,True,True,True,-3.0042918454935674,16.326530612244895,-21.416526138279934,-2.0000000000000018,12.273977269961792,9.963903547944565,21.416526138279934,2.0000000000000018,12.273977269961792,9.963903547944565,99.9961229503193,21.341605273361765,34.90538918599064,80.98143559041802,34.99864303261175,10.471616755797193,4.268321054672353,12.147215338562702,0.9999999999999999,61.88579618164401,4,Complete,61.88579618164401,Yield trend,Price volatility,Rainfall anomaly
Uttar Pradesh,Bhadohi,Wheat,2024-25,0.48,1.66,3471.0,4,True,2712.0,27.98672566371681,0.57,-15.789473684210522,1.54,7.792207792207785,3022.0,14.85771012574454,899.49,80,0,365,846.68,10.55,814.3133333333334,10.459937616151024,2579.6175,2413.43,2883.25,176.50449188850166,12.0,1.0,6.842273782392222,100.0,Complete,True,True,True,27.986725663716804,-15.78947368421052,-3.0042918454935674,16.326530612244895,-19.92823199637722,4.192207175871502,3.0042918454935674,0.0,19.92823199637722,4.192207175871502,14.027370023546895,0.0,56.67296576510799,34.07208367292548,4.909579508241413,17.001889729532397,0.0,5.110812550938822,0.9999999999999999,27.022281788712636,4,Complete,27.022281788712636,Rainfall anomaly,Price volatility,Yield trend
Uttar Pradesh,Bijnor,Maize,2022-23,0.0,0.0,2846.0,3,False,,,,,,,,,1165.5,84,1,365,773.52,289.77,1249.18,-6.698794409132396,,,,,0.0,0.0,,0.0,Low,False,True,True,,,,,,,,,,,,,,,,,,,0.0,,0,Insufficient,,,,
Uttar Pradesh,Bijnor,Maize,2023-24,0.0,0.0,3159.0,3,False,2846.0,10.997891777933942,0.0,,0.0,,2846.0,10.997891777933942,1047.08,67,1,366,935.81,99.35,1207.34,-13.27380853777728,1860.0,1860.0,1860.0,,1.0,0.5,,8.333333333333332,Low,True,True,True,10.997891777933933,,,,-6.698794409132396,,,,6.698794409132396,,,,19.050387725578084,,,5.7151163176734245,,,0.3,19.050387725578084,1,Very Limited,,Rainfall anomaly,,
Uttar Pradesh,Bijnor,Maize,2024-25,0.0,0.02,3523.0,3,False,3159.0,11.522633744855968,0.0,,0.0,,3002.5,17.33555370524563,1345.3,102,2,365,1161.73,76.28,1153.92,16.585205213532987,2222.8290909090906,2056.99,2379.99,125.21469366288814,11.0,1.0,5.633122860187058,91.66666666666666,Good,True,True,True,11.522633744855959,,10.997891777933933,,-13.27380853777728,,0.0,,13.27380853777728,,0.0,,37.74876250792369,,0.0,11.324628752377107,,,0.6499999999999999,17.42250577288786,2,Limited,17.42250577288786,Rainfall anomaly,,
Uttar Pradesh,Bijnor,Rice,2021-22,0.57,1.59,2787.0,4,True,,,,,,,,,1249.18,80,2,365,864.37,331.88,,,1940.0,1940.0,1940.0,0.0,4.0,0.8,,33.33333333333333,Low,True,True,True,,,,,,,,,,,,,,,,,,,0.0,,0,Insufficient,,,,
Uttar Pradesh,Bijnor,Rice,2022-23,0.57,1.43,2525.0,4,True,2787.0,-9.400789379260852,0.57,0.0,1.59,-10.062893081761016,2787.0,-9.400789379260852,1165.5,84,1,365,773.52,289.77,1249.18,-6.698794409132396,,,,,0.0,0.0,,0.0,Low,False,True,True,-9.400789379260853,0.0,,,,,,,,,,,,,,,,,0.0,,0,Insufficient,,,,
Uttar Pradesh,Bijnor,Rice,2023-24,0.53,1.4,2664.0,4,True,2525.0,5.504950495049505,0.57,-7.01754385964911,1.43,-2.0979020979021,2656.0,0.3012048192771084,1047.08,67,1,366,935.81,99.35,1207.34,-13.27380853777728,2183.0,2183.0,2183.0,0.0,4.0,0.8,,33.33333333333333,Low,True,True,True,5.50495049504951,-7.017543859649111,-9.400789379260853,0.0,-6.698794409132396,,9.400789379260853,-0.0,6.698794409132396,,43.89332259251844,-0.0,19.050387725578084,,15.362662907381452,5.7151163176734245,-0.0,,0.8499999999999999,24.797387323593977,3,Good,24.797387323593977,Yield trend,Rainfall anomaly,
Uttar Pradesh,Bijnor,Rice,2024-25,0.29,0.76,2606.0,4,True,2664.0,-2.177177177177177,0.53,-45.28301886792453,1.4,-45.71428571428572,2658.6666666666665,-1.980942828485451,1345.3,102,2,365,1161.73,76.28,1153.92,16.585205213532987,2300.0,2300.0,2300.0,0.0,4.0,0.8,,33.33333333333333,Low,True,True,True,-2.177177177177181,-45.28301886792453,5.50495049504951,-7.017543859649111,-13.27380853777728,,0.0,7.017543859649111,13.27380853777728,,0.0,74.8828255205674,37.74876250792369,,0.0,11.324628752377107,14.97656510411348,,0.8499999999999999,30.942581007635987,3,Good,30.942581007635987,Area trend,Rainfall anomaly,
Uttar Pradesh,Bijnor,Wheat,2021-22,1.6,6.02,3753.0,4,True,,,,,,,,,1249.18,80,2,365,864.37,331.88,,,1923.8320833333328,1702.02,2059.13,124.84193243054354,12.0,2.1666666666666665,6.489232273028517,100.0,Complete,True,True,True,,,,,,,,,,,,,,,,,,,0.0,,0,Insufficient,,,,
Uttar Pradesh,Bijnor,Wheat,2022-23,1.53,5.78,3789.0,4,True,3753.0,0.9592326139088728,1.6,-4.375000000000004,6.02,-3.9867109634551374,3753.0,0.9592326139088728,1165.5,84,1,365,773.52,289.77,1249.18,-6.698794409132396,2309.7133333333336,2043.4,2674.08,204.10165569162007,12.0,1.9166666666666667,8.83666612414903,100.0,Complete,True,True,True,0.9592326139088669,-4.375000000000007,,,,6.489232273028517,,,,6.489232273028517,,,,52.741111234253836,,,,7.911166685138075,0.15,52.741111234253836,1,Very Limited,,Price volatility,,
Uttar Pradesh,Bijnor,Wheat,2023-24,0.92,3.34,3627.0,4,True,3789.0,-4.275534441805226,1.53,-39.869281045751634,5.78,-42.21453287197232,3771.0,-3.818615751789976,1047.08,67,1,366,935.81,99.35,1207.34,-13.27380853777728,2400.776666666666,2297.04,2569.1,98.34610491277812,12.0,1.0,4.096428721515598,100.0,Complete,True,True,True,-4.275534441805229,-39.869281045751634,0.9592326139088669,-4.375000000000007,-6.698794409132396,8.83666612414903,0.0,4.375000000000007,6.698794409132396,8.83666612414903,0.0,46.6847615354789,19.050387725578084,71.81983497967767,0.0,5.7151163176734245,9.33695230709578,10.772975246951649,0.9999999999999999,25.825043871720858,4,Complete,25.825043871720858,Price volatility,Area trend,Rainfall anomaly
Uttar Pradesh,Bijnor,Wheat,2024-25,1.28,4.61,3596.0,4,True,3627.0,-0.8547008547008548,0.92,39.13043478260869,3.34,38.0239520958084,3723.0,-3.4112275047005105,1345.3,102,2,365,1161.73,76.28,1153.92,16.585205213532987,2604.454166666667,2433.59,2846.33,150.67015709871495,12.0,1.9166666666666667,5.785095358063123,100.0,Complete,True,True,True,-0.8547008547008517,39.13043478260869,-4.275534441805229,-39.869281045751634,-13.27380853777728,4.096428721515598,4.275534441805229,39.869281045751634,13.27380853777728,4.096428721515598,19.96294193374809,100.0,37.74876250792369,33.29364611629412,6.987029676811831,11.324628752377107,20.0,4.994046917444118,0.9999999999999999,43.30570534663306,4,Complete,43.30570534663306,Area trend,Rainfall anomaly,Yield trend
Uttar Pradesh,Budaun,Maize,2021-22,0.1,0.31,3280.0,4,True,,,,,,,,,904.18,70,2,365,613.76,254.65,,,1735.0116666666663,1553.33,2024.53,143.30419463504893,9.0,2.4545454545454546,8.259552220208832,75.0,Good,True,True,True,,,,,,,,,,,,,,,,,,,0.0,,0,Insufficient,,,,
Uttar Pradesh,Budaun,Maize,2022-23,0.1,0.22,2317.0,4,True,3280.0,-29.35975609756097,0.1,0.0,0.31,-29.032258064516125,3280.0,-29.35975609756097,830.86,76,2,365,522.7,223.68,904.18,-8.10900484416819,2123.928888888889,1715.6,2262.705,179.83572644183116,9.0,2.0,8.467125588932044,75.0,Good,True,True,True,-29.359756097560975,0.0,,,,8.259552220208832,,,,8.259552220208832,,,,67.1293527589913,,,,10.069402913848695,0.15,67.1293527589913,1,Very Limited,,Price volatility,,
Uttar Pradesh,Budaun,Maize,2023-24,0.35,1.02,2950.0,4,True,2317.0,27.31981009926629,0.1,250.0,0.22,363.6363636363637,2798.5,5.413614436305164,766.09,52,0,366,695.18,62.39,867.52,-11.691949465142008,2028.3254545454545,1752.01,2232.74,174.5301015649528,11.0,3.583333333333333,8.60463990992337,91.66666666666666,Good,True,True,True,27.319810099266295,249.99999999999994,-29.359756097560975,0.0,-8.10900484416819,8.467125588932044,29.359756097560975,-0.0,8.10900484416819,8.467125588932044,100.0,-0.0,23.060819143724483,68.81640134478502,35.0,6.918245743117345,-0.0,10.322460201717753,0.9999999999999999,52.240705944835106,4,Complete,52.240705944835106,Yield trend,Price volatility,Rainfall anomaly
Uttar Pradesh,Budaun,Maize,2024-25,0.25,0.85,3353.0,4,True,2950.0,13.661016949152543,0.35,-28.57142857142857,1.02,-16.66666666666667,2849.0,17.69041769041769,956.85,73,1,365,869.43,26.95,833.71,14.77012390399539,2283.47875,2102.35,2424.19,115.43026269580574,12.0,3.25,5.055018037536183,100.0,Complete,True,True,True,13.661016949152538,-28.57142857142857,27.319810099266295,249.99999999999994,-11.691949465142008,8.60463990992337,0.0,0.0,11.691949465142008,8.60463990992337,0.0,0.0,33.25018756735789,69.93404635956603,0.0,9.975056270207366,0.0,10.490106953934903,0.9999999999999999,20.465163224142273,4,Complete,20.465163224142273,Price volatility,Rainfall anomaly,
Uttar Pradesh,Budaun,Rice,2021-22,1.0,2.53,2540.0,4,True,,,,,,,,,904.18,70,2,365,613.76,254.65,,,2111.3433333333337,1991.42,2215.05,87.93781050644046,6.0,3.142857142857143,4.16501708263651,50.0,Moderate,True,True,True,,,,,,,,,,,,,,,,,,,0.0,,0,Insufficient,,,,
Uttar Pradesh,Budaun,Rice,2022-23,0.82,2.1,2555.0,4,True,2540.0,0.5905511811023622,1.0,-18.000000000000004,2.53,-16.996047430830032,2540.0,0.5905511811023622,830.86,76,2,365,522.7,223.68,904.18,-8.10900484416819,2516.387857142857,2291.74,2800.0,202.82522451314964,7.0,2.375,8.060173392484906,58.333333333333336,Moderate,True,True,True,0.5905511811023612,-18.000000000000004,,,,4.16501708263651,,,,4.16501708263651,,,,33.85109670999354,,,,5.077664506499031,0.15,33.85109670999354,1,Very Limited,,Price volatility,,
Uttar Pradesh,Budaun,Rice,2023-24,0.95,2.08,2197.0,4,True,2555.0,-14.01174168297456,0.82,15.853658536585366,2.1,-0.9523809523809532,2547.5,-13.758586849852795,766.09,52,0,366,695.18,62.39,867.52,-11.691949465142008,2452.6225,2304.75,2572.4,102.85248925443346,10.0,2.2,4.193571952244321,83.33333333333334,Good,True,True,True,-14.011741682974554,15.853658536585357,0.5905511811023612,-18.000000000000004,-8.10900484416819,8.060173392484906,0.0,18.000000000000004,8.10900484416819,8.060173392484906,0.0,100.0,23.060819143724483,65.50890514850144,0.0,6.918245743117345,20.0,9.826335772275216,0.9999999999999999,36.74458151539257,4,Complete,36.74458151539257,Area trend,Price volatility,Rainfall anomaly
Uttar Pradesh,Budaun,Rice,2024-25,1.69,4.41,2620.0,4,True,2197.0,19.253527537551207,0.95,77.89473684210526,2.08,112.01923076923076,2430.6666666666665,7.789358200767972,956.85,73,1,365,869.43,26.95,833.71,14.77012390399539,2241.697083333333,2084.795,2335.82,87.52151832700993,12.0,2.083333333333333,3.904252674356349,100.0,Complete,True,True,True,19.253527537551207,77.89473684210526,-14.011741682974554,15.853658536585357,-11.691949465142008,4.193571952244321,14.011741682974554,0.0,11.691949465142008,4.193571952244321,65.42236752273627,0.0,33.25018756735789,34.083175866803,22.89782863295769,9.975056270207366,0.0,5.112476380020451,0.9999999999999999,37.98536128318552,4,Complete,37.98536128318552,Yield trend,Rainfall anomaly,Price volatility
Uttar Pradesh,Budaun,Wheat,2021-22,2.42,9.39,3886.0,4,True,,,,,,,,,904.18,70,2,365,613.76,254.65,,,1939.1825,1722.16,2081.44,122.59426274022032,12.0,5.0,6.321955913908068,100.0,Complete,True,True,True,,,,,,,,,,,,,,,,,,,0.0,,0,Insufficient,,,,
Uttar Pradesh,Budaun,Wheat,2022-23,2.15,9.13,4238.0,4,True,3886.0,9.058157488419967,2.42,-11.157024793388432,9.39,-2.768903088391904,3886.0,9.058157488419967,830.86,76,2,365,522.7,223.68,904.18,-8.10900484416819,2310.3241666666668,2057.17,2637.84,198.0988144477552,12.0,4.166666666666667,8.574502976938163,100.0,Complete,True,True,True,9.05815748841996,-11.157024793388427,,,,6.321955913908068,,,,6.321955913908068,,,,51.38157582358572,,,,7.7072363735378575,0.15,51.38157582358572,1,Very Limited,,Price volatility,,
Uttar Pradesh,Budaun,Wheat,2023-24,2.21,9.65,4376.0,4,True,4238.0,3.256252949504483,2.15,2.7906976744186074,9.13,5.695509309967136,4062.0,7.730182176267848,766.09,52,0,366,695.18,62.39,867.52,-11.691949465142008,2405.9025,2263.13,2523.62,100.69376159921724,12.0,4.5,4.185280226410557,100.0,Complete,True,True,True,3.25625294950449,2.7906976744185963,9.05815748841996,-11.157024793388427,-8.10900484416819,8.574502976938163,0.0,11.157024793388427,8.10900484416819,8.574502976938163,0.0,100.0,23.060819143724483,69.68910901290357,0.0,6.918245743117345,20.0,10.453366351935536,0.9999999999999999,37.37161209505289,4,Complete,37.37161209505289,Area trend,Price volatility,Rainfall anomaly
Uttar Pradesh,Budaun,Wheat,2024-25,1.91,7.73,4044.0,4,True,4376.0,-7.586837294332724,2.21,-13.574660633484164,9.65,-19.89637305699482,4166.666666666667,-2.944000000000007,956.85,73,1,365,869.43,26.95,833.71,14.77012390399539,2617.5241666666666,2399.14,2920.92,183.4160543909211,12.0,4.666666666666667,7.007234421239196,100.0,Complete,True,True,True,-7.586837294332726,-13.57466063348417,3.25625294950449,2.7906976744185963,-11.691949465142008,4.185280226410557,0.0,0.0,11.691949465142008,4.185280226410557,0.0,0.0,33.25018756735789,34.01578502361495,0.0,9.975056270207366,0.0,5.102367753542243,0.9999999999999999,15.07742402374961,4,Complete,15.07742402374961,Rainfall anomaly,Price volatility,
Uttar Pradesh,Bulandshahr,Maize,2021-22,0.52,1.38,2632.0,4,True,,,,,,,,,1076.17,67,0,365,815.93,216.11,,,1918.14375,1795.955,2073.56,115.74382120019509,12.0,1.75,6.034157825772708,100.0,Complete,True,True,True,,,,,,,,,,,,,,,,,,,0.0,,0,Insufficient,,,,
Uttar Pradesh,Bulandshahr,Maize,2022-23,0.53,1.24,2328.0,4,True,2632.0,-11.55015197568389,0.52,1.923076923076925,1.38,-10.144927536231878,2632.0,-11.55015197568389,887.89,71,2,365,573.6800000000001,221.33,1076.17,-17.49537712443202,2260.1295,2041.09,2378.98,116.058278713996,10.0,1.5833333333333333,5.135027825352308,83.33333333333334,Good,True,True,True,-11.550151975683887,1.9230769230769162,,,,6.034157825772708,,,,6.034157825772708,,,,49.042502364551,,,,7.356375354682649,0.15,49.042502364551,1,Very Limited,,Price volatility,,
Uttar Pradesh,Bulandshahr,Maize,2023-24,0.66,1.54,2340.0,4,True,2328.0,0.5154639175257731,0.53,24.52830188679245,1.24,24.19354838709678,2480.0,-5.64516129032258,710.71,50,1,366,645.59,58.6,982.03,-27.628483854872044,2154.5755,2055.1,2300.0,76.991208172319,10.0,1.75,3.5733817715981178,83.33333333333334,Good,True,True,True,0.5154639175257714,24.52830188679245,-11.550151975683887,1.9230769230769162,-17.49537712443202,5.135027825352308,11.550151975683887,0.0,17.49537712443202,5.135027825352308,53.92893364675812,0.0,49.754283721749026,41.73484047620629,18.87512677636534,14.926285116524706,0.0,6.260226071430943,0.9999999999999999,40.061637964320994,4,Complete,40.061637964320994,Yield trend,Rainfall anomaly,Price volatility
Uttar Pradesh,Bulandshahr,Maize,2024-25,0.45,1.3,2888.0,4,True,2340.0,23.418803418803417,0.66,-31.818181818181817,1.54,-15.584415584415584,2433.333333333333,18.68493150684931,923.0,71,0,365,784.26,42.31,891.59,3.5229197276775164,2418.1240000000003,2307.46,2513.29,70.2964045548088,10.0,1.818181818181818,2.907063680556034,83.33333333333334,Good,True,True,True,23.418803418803424,-31.818181818181824,0.5154639175257714,24.52830188679245,-27.628483854872044,3.5733817715981178,0.0,0.0,27.628483854872044,3.5733817715981178,0.0,0.0,78.5713514341688,29.042592030745013,0.0,23.57140543025064,0.0,4.356388804611751,0.9999999999999999,27.927794234862393,4,Complete,27.927794234862393,Rainfall anomaly,Price volatility,
Uttar Pradesh,Bulandshahr,Rice,2021-22,0.93,2.62,2809.0,4,True,,,,,,,,,1076.17,67,0,365,815.93,216.11,,,,,,,,,,,,False,True,True,,,,,,,,,,,,,,,,,,,0.0,,0,Insufficient,,,,
Uttar Pradesh,Bulandshahr,Rice,2022-23,0.98,2.39,2447.0,4,True,2809.0,-12.887148451406194,0.93,5.376344086021498,2.62,-8.778625954198473,2809.0,-12.887148451406194,887.89,71,2,365,573.6800000000001,221.33,1076.17,-17.49537712443202,,,,,,,,,,False,True,True,-12.887148451406194,5.376344086021501,,,,,,,,,,,,,,,,,0.0,,0,Insufficient,,,,
Uttar Pradesh,Bulandshahr,Rice,2023-24,0.86,2.37,2754.0,4,True,2447.0,12.54597466285247,0.98,-12.244897959183673,2.39,-0.836820083682009,2628.0,4.794520547945205,710.71,50,1,366,645.59,58.6,982.03,-27.628483854872044,,,,,,,,,,False,True,True,12.545974662852476,-12.244897959183676,-12.887148451406194,5.376344086021501,-17.49537712443202,,12.887148451406194,0.0,17.49537712443202,,60.17151767309588,0.0,49.754283721749026,,21.060031185583554,14.926285116524706,0.0,,0.8499999999999999,42.33684270836267,3,Good,42.33684270836267,Yield trend,Rainfall anomaly,
Uttar Pradesh,Bulandshahr,Rice,2024-25,1.43,3.86,2706.0,4,True,2754.0,-1.7429193899782136,0.86,66.27906976744185,2.37,62.86919831223627,2670.0,1.348314606741573,923.0,71,0,365,784.26,42.31,891.59,3.5229197276775164,,,,,,,,,,False,True,True,-1.7429193899782147,66.27906976744184,12.545974662852476,-12.244897959183676,-27.628483854872044,,0.0,12.244897959183676,27.628483854872044,,0.0,100.0,78.5713514341688,,0.0,23.57140543025064,20.0,,0.8499999999999999,51.26047697676546,3,Good,51.26047697676546,Rainfall anomaly,Area trend,
Uttar Pradesh,Bulandshahr,Wheat,2021-22,2.02,8.96,4437.0,4,True,,,,,,,,,1076.17,67,0,365,815.93,216.11,,,1987.6016666666667,1804.045,2119.03,107.83869170565764,12.0,2.5,5.425568589228943,100.0,Complete,True,True,True,,,,,,,,,,,,,,,,,,,0.0,,0,Insufficient,,,,
Uttar Pradesh,Bulandshahr,Wheat,2022-23,1.95,8.38,4286.0,4,True,4437.0,-3.403200360604012,2.02,-3.4653465346534684,8.96,-6.473214285714287,4437.0,-3.403200360604012,887.89,71,2,365,573.6800000000001,221.33,1076.17,-17.49537712443202,2383.4691666666668,2137.93,2785.79,211.8799710796114,12.0,2.5,8.889562073753618,100.0,Complete,True,True,True,-3.4032003606040084,-3.4653465346534684,,,,5.425568589228943,,,,5.425568589228943,,,,44.096204979892214,,,,6.614430746983832,0.15,44.096204979892214,1,Very Limited,,Price volatility,,
Uttar Pradesh,Bulandshahr,Wheat,2023-24,1.73,7.49,4324.0,4,True,4286.0,0.8866075594960335,1.95,-11.28205128205128,8.38,-10.620525059665876,4361.5,-0.859795941763155,710.71,50,1,366,645.59,58.6,982.03,-27.628483854872044,2400.4125,2231.25,2684.57,129.77816650836436,12.0,2.833333333333333,5.406494363296491,100.0,Complete,True,True,True,0.8866075594960332,-11.282051282051286,-3.4032003606040084,-3.4653465346534684,-17.49537712443202,8.889562073753618,3.4032003606040084,3.4653465346534684,17.49537712443202,8.889562073753618,15.889917883333304,36.978028938993155,49.754283721749026,72.24974579879449,5.561471259166656,14.926285116524706,7.395605787798631,10.837461869819174,0.9999999999999999,38.72082403330917,4,Complete,38.72082403330917,Rainfall anomaly,Price volatility,Area trend
Uttar Pradesh,Bulandshahr,Wheat,2024-25,1.78,7.04,3954.0,4,True,4324.0,-8.556891766882515,1.73,2.890173410404627,7.49,-6.008010680907879,4349.0,-9.082547712117728,923.0,71,0,365,784.26,42.31,891.59,3.5229197276775164,2669.9958333333334,2450.29,2944.3,186.21699197238283,12.0,2.583333333333333,6.974430058937651,100.0,Complete,True,True,True,-8.556891766882513,2.8901734104046284,0.8866075594960332,-11.282051282051286,-27.628483854872044,5.406494363296491,0.0,11.282051282051286,27.628483854872044,5.406494363296491,0.0,100.0,78.5713514341688,43.941179573297966,0.0,23.57140543025064,20.0,6.591176935994695,0.9999999999999999,50.16258236624534,4,Complete,50.16258236624534,Rainfall anomaly,Area trend,Price volatility
Uttar Pradesh,Chandauli,Maize,2021-22,0.0,0.0,1763.0,4,True,,,,,,,,,839.9,67,0,365,726.49,95.67,,,,,,,,,,,,False,True,True,,,,,,,,,,,,,,,,,,,0.0,,0,Insufficient,,,,
Uttar Pradesh,Chandauli,Maize,2022-23,0.0,0.0,2651.0,4,True,1763.0,50.36868973340896,0.0,,0.0,,1763.0,50.36868973340896,874.13,71,0,365,719.65,112.01,839.9,4.075485176806765,,,,,,,,,,False,True,True,50.36868973340896,,,,,,,,,,,,,,,,,,0.0,,0,Insufficient,,,,
Uttar Pradesh,Chandauli,Maize,2023-24,0.0,0.0,1980.0,4,True,2651.0,-25.31120331950208,0.0,,0.0,,2207.0,-10.285455369279566,691.79,68,0,366,520.65,163.9,857.015,-19.27912580293228,,,,,,,,,,False,True,True,-25.311203319502074,,50.36868973340896,,4.075485176806765,,0.0,,4.075485176806765,,0.0,,11.590081445426929,,0.0,3.4770244336280784,,,0.6499999999999999,5.349268359427814,2,Limited,5.349268359427814,Rainfall anomaly,,
Uttar Pradesh,Chandauli,Maize,2024-25,0.0,0.01,3458.0,4,True,1980.0,74.64646464646465,0.0,,0.0,,2131.333333333333,62.24585548952142,1031.34,76,0,365,986.8,10.38,801.9399999999999,28.605631343990822,,,,,,,,,,False,True,True,74.64646464646465,,-25.311203319502074,,-19.27912580293228,,25.311203319502074,,19.27912580293228,,100.0,,54.82700305824507,,35.0,16.44810091747352,,,0.6499999999999999,79.15092448842081,2,Limited,79.15092448842081,Yield trend,Rainfall anomaly,
Uttar Pradesh,Chandauli,Rice,2021-22,1.18,3.95,3360.0,4,True,,,,,,,,,839.9,67,0,365,726.49,95.67,,,1938.61625,1929.25,1941.72,3.916346466141252,8.0,1.0,0.2020176229380751,66.66666666666666,Moderate,True,True,True,,,,,,,,,,,,,,,,,,,0.0,,0,Insufficient,,,,
Uttar Pradesh,Chandauli,Rice,2022-23,1.15,3.81,3321.0,4,True,3360.0,-1.1607142857142858,1.18,-2.5423728813559343,3.95,-3.5443037974683573,3360.0,-1.1607142857142858,874.13,71,0,365,719.65,112.01,839.9,4.075485176806765,2062.9875,2040.0,2149.13,38.673971590353005,8.0,0.8888888888888888,1.874658551753368,66.66666666666666,Moderate,True,True,True,-1.1607142857142816,-2.5423728813559365,,,,0.2020176229380751,,,,0.2020176229380751,,,,1.641894368142884,,,,0.24628415522143257,0.15,1.641894368142884,1,Very Limited,,Price volatility,,
Uttar Pradesh,Chandauli,Rice,2023-24,1.06,3.8,3570.0,4,True,3321.0,7.497741644083107,1.15,-7.826086956521728,3.81,-0.2624671916010559,3340.5,6.870229007633588,691.79,68,0,366,520.65,163.9,857.015,-19.27912580293228,2180.5666666666666,2175.7,2183.0,4.214656965084373,3.0,0.3333333333333333,,25.0,Low,True,True,True,7.4977416440831,-7.826086956521728,-1.1607142857142816,-2.5423728813559365,4.075485176806765,1.874658551753368,1.1607142857142816,2.5423728813559365,4.075485176806765,1.874658551753368,5.419503035883076,27.129159245798878,11.590081445426929,15.236251538600934,1.8968260625590765,3.4770244336280784,5.425831849159776,2.28543773079014,0.9999999999999999,13.085120076137072,4,Complete,13.085120076137072,Area trend,Rainfall anomaly,Price volatility
Uttar Pradesh,Chandauli,Rice,2024-25,1.21,4.17,3434.0,4,True,3570.0,-3.8095238095238098,1.06,14.150943396226406,3.8,9.73684210526316,3417.0,0.4975124378109453,1031.34,76,0,365,986.8,10.38,801.9399999999999,28.605631343990822,2300.0,2300.0,2300.0,0.0,4.0,0.8,,33.33333333333333,Low,True,True,True,-3.809523809523807,14.1509433962264,7.4977416440831,-7.826086956521728,-19.27912580293228,,0.0,7.826086956521728,19.27912580293228,,0.0,83.51062933054584,54.82700305824507,,0.0,16.44810091747352,16.702125866109167,,0.8499999999999999,39.00026680421493,3,Good,39.00026680421493,Area trend,Rainfall anomaly,
Uttar Pradesh,Chandauli,Wheat,2021-22,1.05,3.71,3523.0,4,True,,,,,,,,,839.9,67,0,365,726.49,95.67,,,1912.7416666666668,1750.78,2019.36,90.3263166960702,12.0,1.0,4.722347940141954,100.0,Complete,True,True,True,,,,,,,,,,,,,,,,,,,0.0,,0,Insufficient,,,,
Uttar Pradesh,Chandauli,Wheat,2022-23,1.15,3.65,3178.0,4,True,3523.0,-9.792790235594664,1.05,9.523809523809511,3.71,-1.617250673854449,3523.0,-9.792790235594664,874.13,71,0,365,719.65,112.01,839.9,4.075485176806765,2315.093333333333,2058.29,2722.34,213.9355146399083,12.0,1.0,9.240902367071232,100.0,Complete,True,True,True,-9.792790235594662,9.523809523809511,,,,4.722347940141954,,,,4.722347940141954,,,,38.380792599004835,,,,5.757118889850725,0.15,38.380792599004835,1,Very Limited,,Price volatility,,
Uttar Pradesh,Chandauli,Wheat,2023-24,1.13,4.05,3580.0,4,True,3178.0,12.649465072372562,1.15,-1.7391304347826104,3.65,10.95890410958904,3350.5,6.849723921802715,691.79,68,0,366,520.65,163.9,857.015,-19.27912580293228,2390.874166666667,2289.95,2544.58,89.45924947943762,12.0,1.0,3.7416962685309705,100.0,Complete,True,True,True,12.649465072372568,-1.7391304347826098,-9.792790235594662,9.523809523809511,4.075485176806765,9.240902367071232,9.792790235594662,0.0,4.075485176806765,9.240902367071232,45.723617831507845,0.0,11.590081445426929,75.10525731561245,16.003266241027745,3.4770244336280784,0.0,11.265788597341867,0.9999999999999999,30.746079271997694,4,Complete,30.746079271997694,Yield trend,Price volatility,Rainfall anomaly
Uttar Pradesh,Chandauli,Wheat,2024-25,1.06,3.84,3615.0,4,True,3580.0,0.9776536312849162,1.13,-6.194690265486712,4.05,-5.185185185185184,3427.0,5.485847680186752,1031.34,76,0,365,986.8,10.38,801.9399999999999,28.605631343990822,2634.9525,2431.56,2937.87,189.37665269005817,12.0,1.0,7.187099300274225,100.0,Complete,True,True,True,0.9776536312849249,-6.194690265486713,12.649465072372568,-1.7391304347826098,-19.27912580293228,3.7416962685309705,0.0,1.7391304347826098,19.27912580293228,3.7416962685309705,0.0,18.557917629010227,54.82700305824507,30.41056488663574,0.0,16.44810091747352,3.7115835258020455,4.561584732995361,0.9999999999999999,24.72126917627093,4,Complete,24.72126917627093,Rainfall anomaly,Price volatility,Area trend
Uttar Pradesh,Chitrakoot,Maize,2021-22,0.0,0.0,2375.0,4,True,,,,,,,,,812.44,68,0,365,693.52,91.14,,,,,,,,,,,,False,True,True,,,,,,,,,,,,,,,,,,,0.0,,0,Insufficient,,,,
Uttar Pradesh,Chitrakoot,Maize,2022-23,0.0,0.0,2600.0,4,True,2375.0,9.473684210526317,0.0,,0.0,,2375.0,9.473684210526317,971.09,75,0,365,786.79,131.85,812.44,19.527595884003738,,,,,,,,,,False,True,True,9.473684210526322,,,,,,,,,,,,,,,,,,0.0,,0,Insufficient,,,,
Uttar Pradesh,Chitrakoot,Maize,2023-24,0.0,0.0,2344.0,4,True,2600.0,-9.846153846153848,0.0,,0.0,,2487.5,-5.768844221105527,790.81,66,0,366,673.11,107.62,891.7650000000001,-11.320807611870856,,,,,,,,,,False,True,True,-9.846153846153848,,9.473684210526322,,19.527595884003738,,0.0,,19.527595884003738,,0.0,,55.533615486320784,,0.0,16.660084645896234,,,0.6499999999999999,25.630899455224977,2,Limited,25.630899455224977,Rainfall anomaly,,
Uttar Pradesh,Chitrakoot,Maize,2024-25,0.03,0.09,3479.0,4,True,2344.0,48.42150170648464,0.0,,0.0,,2439.6666666666665,42.60144828528488,1125.46,79,3,365,977.41,17.68,858.1133333333333,31.155169868781908,,,,,,,,,,False,True,True,48.42150170648465,,-9.846153846153848,,-11.320807611870856,,9.846153846153848,,11.320807611870856,,45.97277841563318,,32.194714630859636,,16.09047244547161,9.65841438925789,,,0.6499999999999999,39.61367205343001,2,Limited,39.61367205343001,Yield trend,Rainfall anomaly,
Uttar Pradesh,Chitrakoot,Rice,2021-22,0.1,0.23,2235.0,4,True,,,,,,,,,812.44,68,0,365,693.52,91.14,,,1940.0,1940.0,1940.0,,1.0,0.25,,8.333333333333332,Low,True,True,True,,,,,,,,,,,,,,,,,,,0.0,,0,Insufficient,,,,
Uttar Pradesh,Chitrakoot,Rice,2022-23,0.1,0.24,2294.0,4,True,2235.0,2.6398210290827744,0.1,0.0,0.23,4.3478260869565135,2235.0,2.6398210290827744,971.09,75,0,365,786.79,131.85,812.44,19.527595884003738,2040.0,2040.0,2040.0,0.0,2.0,0.6666666666666666,,16.666666666666664,Low,True,True,True,2.6398210290827784,0.0,,,,,,,,,,,,,,,,,0.0,,0,Insufficient,,,,
Uttar Pradesh,Chitrakoot,Rice,2023-24,0.1,0.22,2331.0,4,True,2294.0,1.6129032258064515,0.1,0.0,0.24,-8.33333333333333,2264.5,2.936630602782071,790.81,66,0,366,673.11,107.62,891.7650000000001,-11.320807611870856,2183.0,2183.0,2183.0,,1.0,0.3333333333333333,,8.333333333333332,Low,True,True,True,1.6129032258064502,0.0,2.6398210290827784,0.0,19.527595884003738,,0.0,-0.0,19.527595884003738,,0.0,-0.0,55.533615486320784,,0.0,16.660084645896234,-0.0,,0.8499999999999999,19.60009958340734,3,Good,19.60009958340734,Rainfall anomaly,,
Uttar Pradesh,Chitrakoot,Rice,2024-25,0.36,0.83,2282.0,4,True,2331.0,-2.1021021021021022,0.1,260.0,0.22,277.27272727272725,2286.6666666666665,-0.2040816326530546,1125.46,79,3,365,977.41,17.68,858.1133333333333,31.155169868781908,,,,,0.0,0.0,,0.0,Low,False,True,True,-2.102102102102099,259.99999999999994,1.6129032258064502,0.0,-11.320807611870856,,0.0,-0.0,11.320807611870856,,0.0,-0.0,32.194714630859636,,0.0,9.65841438925789,-0.0,,0.8499999999999999,11.362840457950462,3,Good,11.362840457950462,Rainfall anomaly,,
Uttar Pradesh,Chitrakoot,Wheat,2021-22,0.51,1.62,3189.0,4,True,,,,,,,,,812.44,68,0,365,693.52,91.14,,,1873.424166666667,1609.53,2033.52,143.43728274427326,12.0,1.0,7.656423211380227,100.0,Complete,True,True,True,,,,,,,,,,,,,,,,,,,0.0,,0,Insufficient,,,,
Uttar Pradesh,Chitrakoot,Wheat,2022-23,0.8,2.51,3140.0,4,True,3189.0,-1.5365318281592977,0.51,56.86274509803923,1.62,54.93827160493825,3189.0,-1.5365318281592977,971.09,75,0,365,786.79,131.85,812.44,19.527595884003738,2281.42,2021.41,2656.81,190.44928363310703,12.0,1.0,8.34783966271476,100.0,Complete,True,True,True,-1.5365318281592932,56.86274509803921,,,,7.656423211380227,,,,7.656423211380227,,,,62.22743327069578,,,,9.334114990604366,0.15,62.22743327069578,1,Very Limited,,Price volatility,,
Uttar Pradesh,Chitrakoot,Wheat,2023-24,0.7,2.11,3029.0,4,True,3140.0,-3.535031847133758,0.8,-12.50000000000001,2.51,-15.936254980079678,3164.5,-4.281877073787328,790.81,66,0,366,673.11,107.62,891.7650000000001,-11.320807611870856,2357.9991666666665,2188.71,2453.14,80.09340892849978,12.0,1.0,3.396668245719614,100.0,Complete,True,True,True,-3.5350318471337627,-12.50000000000001,-1.5365318281592932,56.86274509803921,19.527595884003738,8.34783966271476,1.5365318281592932,0.0,19.527595884003738,8.34783966271476,7.174236597179329,0.0,55.533615486320784,67.84690726002934,2.510982809012765,16.660084645896234,0.0,10.177036089004401,0.9999999999999999,29.348103543913407,4,Complete,29.348103543913407,Rainfall anomaly,Price volatility,Yield trend
Uttar Pradesh,Chitrakoot,Wheat,2024-25,0.61,1.75,2860.0,4,True,3029.0,-5.579399141630901,0.7,-12.857142857142852,2.11,-17.06161137440758,3119.333333333333,-8.313742252618086,1125.46,79,3,365,977.41,17.68,858.1133333333333,31.155169868781908,2629.556666666667,2417.27,2876.63,166.41189202115504,12.0,1.0,6.328515149745965,100.0,Complete,True,True,True,-5.579399141630903,-12.857142857142856,-3.5350318471337627,-12.50000000000001,-11.320807611870856,3.396668245719614,3.5350318471337627,12.50000000000001,11.320807611870856,3.396668245719614,16.505453635986953,100.0,32.194714630859636,27.606356227675867,5.776908772595434,9.65841438925789,20.0,4.14095343415138,0.9999999999999999,39.57627659600471,4,Complete,39.57627659600471,Area trend,Rainfall anomaly,Yield trend
Uttar Pradesh,Deoria,Maize,2021-22,0.09,0.12,1428.0,4,True,,,,,,,,,1319.0,94,2,365,1052.31,230.97,,,,,,,0.0,0.0,,0.0,Low,False,True,True,,,,,,,,,,,,,,,,,,,0.0,,0,Insufficient,,,,
Uttar Pradesh,Deoria,Maize,2022-23,0.07,0.1,1445.0,4,True,1428.0,1.1904761904761905,0.09,-22.22222222222221,0.12,-16.66666666666666,1428.0,1.1904761904761905,906.85,72,1,365,676.23,181.54,1319.0,-31.24715693707354,2160.0,2150.56,2169.96,8.091427562550235,5.0,0.8333333333333334,,41.66666666666667,Low,True,True,True,1.1904761904761862,-22.22222222222221,,,,,,,,,,,,,,,,,0.0,,0,Insufficient,,,,
Uttar Pradesh,Deoria,Maize,2023-24,0.07,0.16,2236.0,4,True,1445.0,54.74048442906574,0.07,0.0,0.1,60.0,1436.5,55.65610859728507,846.11,79,1,366,723.78,104.53,1112.925,-23.974212098748787,2183.945,2116.66,2275.0,59.26277204113907,6.0,0.6666666666666666,2.7135652244511226,50.0,Moderate,True,True,True,54.74048442906574,0.0,1.1904761904761862,-22.22222222222221,-31.24715693707354,,0.0,22.22222222222221,31.24715693707354,,0.0,100.0,88.86232635557704,,0.0,26.658697906673112,20.0,,0.8499999999999999,54.89258577255661,3,Good,54.89258577255661,Rainfall anomaly,Area trend,
Uttar Pradesh,Deoria,Maize,2024-25,0.05,0.13,2666.0,4,True,2236.0,19.23076923076924,0.07,-28.571428571428577,0.16,-18.75,1703.0,56.54726952436876,1150.39,75,2,365,1032.96,5.39,1023.9866666666668,12.34423625307622,,,,,0.0,0.0,,0.0,Low,False,True,True,19.23076923076923,-28.57142857142857,54.74048442906574,0.0,-23.974212098748787,2.7135652244511226,0.0,-0.0,23.974212098748787,2.7135652244511226,0.0,-0.0,68.17913911102728,22.054449482263234,0.0,20.453741733308185,-0.0,3.308167422339485,0.9999999999999999,23.761909155647672,4,Complete,23.761909155647672,Rainfall anomaly,Price volatility,
Uttar Pradesh,Deoria,Rice,2021-22,1.36,3.17,2328.0,4,True,,,,,,,,,1319.0,94,2,365,1052.31,230.97,,,1762.01125,1489.58,1940.0,214.7023786838422,8.0,1.0833333333333333,12.185074226049476,66.66666666666666,Moderate,True,True,True,,,,,,,,,,,,,,,,,,,0.0,,0,Insufficient,,,,
Uttar Pradesh,Deoria,Rice,2022-23,1.5,3.59,2387.0,4,True,2328.0,2.5343642611683848,1.36,10.294117647058815,3.17,13.249211356466876,2328.0,2.5343642611683848,906.85,72,1,365,676.23,181.54,1319.0,-31.24715693707354,1832.6366666666663,1514.12,2040.255,199.847138132366,12.0,1.6666666666666667,10.904896849841082,100.0,Complete,True,True,True,2.534364261168376,10.294117647058808,,,,12.185074226049476,,,,12.185074226049476,,,,99.03395781112778,,,,14.855093671669167,0.15,99.03395781112778,1,Very Limited,,Price volatility,,
Uttar Pradesh,Deoria,Rice,2023-24,1.26,2.94,2327.0,4,True,2387.0,-2.5136154168412235,1.5,-16.0,3.59,-18.105849582172706,2357.5,-1.2937433722163307,846.11,79,1,366,723.78,104.53,1112.925,-23.974212098748787,2093.1766666666667,1901.21,2183.0,105.82535452624796,12.0,1.0833333333333333,5.055729705547133,100.0,Complete,True,True,True,-2.5136154168412195,-16.000000000000004,2.534364261168376,10.294117647058808,-31.24715693707354,10.904896849841082,0.0,0.0,31.24715693707354,10.904896849841082,0.0,0.0,88.86232635557704,88.62934066114377,0.0,26.658697906673112,0.0,13.294401099171566,0.9999999999999999,39.953099005844685,4,Complete,39.953099005844685,Rainfall anomaly,Price volatility,
Uttar Pradesh,Deoria,Rice,2024-25,1.4,3.67,2628.0,4,True,2327.0,12.935109583154276,1.26,11.111111111111104,2.94,24.829931972789115,2347.333333333333,11.956830445896044,1150.39,75,2,365,1032.96,5.39,1023.9866666666668,12.34423625307622,2236.1275,2007.78,2300.0,88.16552079366508,12.0,1.0,3.942777001475322,100.0,Complete,True,True,True,12.935109583154269,11.111111111111093,-2.5136154168412195,-16.000000000000004,-23.974212098748787,5.055729705547133,2.5136154168412195,16.000000000000004,23.974212098748787,5.055729705547133,11.736347652713205,100.0,68.17913911102728,41.090346523555695,4.1077216784496215,20.453741733308185,20.0,6.163551978533354,0.9999999999999999,50.72501539029117,4,Complete,50.72501539029117,Rainfall anomaly,Area trend,Price volatility
Uttar Pradesh,Deoria,Wheat,2021-22,1.6,5.35,3345.0,4,True,,,,,,,,,1319.0,94,2,365,1052.31,230.97,,,1865.225416666667,1622.73,2018.44,140.8007812552308,12.0,2.0,7.548727354726649,100.0,Complete,True,True,True,,,,,,,,,,,,,,,,,,,0.0,,0,Insufficient,,,,
Uttar Pradesh,Deoria,Wheat,2022-23,1.73,6.36,3685.0,4,True,3345.0,10.1644245142003,1.6,8.124999999999993,5.35,18.878504672897208,3345.0,10.1644245142003,906.85,72,1,365,676.23,181.54,1319.0,-31.24715693707354,2285.060833333333,2020.465,2679.4700000000003,203.52581065748865,12.0,2.0,8.906800540648858,100.0,Complete,True,True,True,10.164424514200299,8.124999999999982,,,,7.548727354726649,,,,7.548727354726649,,,,61.35213725473368,,,,9.20282058821005,0.15,61.35213725473367,1,Very Limited,,Price volatility,,
Uttar Pradesh,Deoria,Wheat,2023-24,1.65,5.86,3548.0,4,True,3685.0,-3.7177747625508815,1.73,-4.624277456647403,6.36,-7.861635220125786,3515.0,0.9388335704125178,846.11,79,1,366,723.78,104.53,1112.925,-23.974212098748787,2364.748333333333,2257.17,2456.22,68.2879268023982,12.0,1.25,2.887746059054834,100.0,Complete,True,True,True,-3.717774762550885,-4.624277456647407,10.164424514200299,8.124999999999982,-31.24715693707354,8.906800540648858,0.0,0.0,31.24715693707354,8.906800540648858,0.0,0.0,88.86232635557704,72.38985110891088,0.0,26.658697906673112,0.0,10.858477666336631,0.9999999999999999,37.51717557300975,4,Complete,37.51717557300975,Rainfall anomaly,Price volatility,
Uttar Pradesh,Deoria,Wheat,2024-25,1.44,5.16,3568.0,4,True,3548.0,0.5636978579481398,1.65,-12.727272727272728,5.86,-11.94539249146758,3526.0,1.191151446398185,1150.39,75,2,365,1032.96,5.39,1023.9866666666668,12.34423625307622,2615.521111111111,2420.58,2875.0,164.90008667708778,9.0,0.75,6.304674276057969,75.0,Good,True,True,True,0.5636978579481422,-12.72727272727272,-3.717774762550885,-4.624277456647407,-23.974212098748787,2.887746059054834,3.717774762550885,4.624277456647407,23.974212098748787,2.887746059054834,17.358700466045356,49.34475207713707,68.17913911102728,23.47010088541792,6.075545163115875,20.453741733308185,9.868950415427415,3.520515132812688,0.9999999999999999,39.91875244466417,4,Complete,39.91875244466417,Rainfall anomaly,Area trend,Yield trend
Uttar Pradesh,Etah,Maize,2021-22,0.32,1.29,4077.0,4,True,,,,,,,,,840.23,68,2,365,580.1,230.55,,,1741.68625,1464.8049999999998,1968.095,142.04704587381346,12.0,2.0,8.155719543276723,100.0,Complete,True,True,True,,,,,,,,,,,,,,,,,,,0.0,,0,Insufficient,,,,
Uttar Pradesh,Etah,Maize,2022-23,0.32,1.08,3397.0,4,True,4077.0,-16.678930586215355,0.32,0.0,1.29,-16.279069767441857,4077.0,-16.678930586215355,787.76,70,1,365,533.5,182.32,840.23,-6.24471870797282,2128.7779166666664,1920.195,2209.96,98.78177747527248,12.0,2.0,4.640304500619272,100.0,Complete,True,True,True,-16.67893058621536,0.0,,,,8.155719543276723,,,,8.155719543276723,,,,66.285454662357,,,,9.94281819935355,0.15,66.285454662357,1,Very Limited,,Price volatility,,
Uttar Pradesh,Etah,Maize,2023-24,0.38,1.27,3355.0,4,True,3397.0,-1.2363850456284955,0.32,18.75,1.08,17.592592592592588,3737.0,-10.222103291410225,726.16,56,0,366,652.18,63.72,813.995,-10.790606821909227,2019.97375,1784.97,2129.35,125.63574048387598,12.0,2.0,6.219671938007906,100.0,Complete,True,True,True,-1.2363850456284964,18.75,-16.67893058621536,0.0,-6.24471870797282,4.640304500619272,16.67893058621536,-0.0,6.24471870797282,4.640304500619272,77.87576672380835,-0.0,17.759063102738374,37.71398611283678,27.256518353332922,5.327718930821512,-0.0,5.657097916925516,0.9999999999999999,38.241335201079956,4,Complete,38.241335201079956,Yield trend,Price volatility,Rainfall anomaly
Uttar Pradesh,Etah,Maize,2024-25,0.25,0.88,3552.0,4,True,3355.0,5.871833084947839,0.38,-34.21052631578947,1.27,-30.70866141732284,3609.6666666666665,-1.5975621017637782,968.49,77,1,365,903.13,24.72,784.7166666666667,23.419068453581968,2226.335833333333,2075.145,2314.9700000000003,87.33826324421143,12.0,2.0,3.922959956739595,100.0,Complete,True,True,True,5.871833084947831,-34.210526315789465,-1.2363850456284964,18.75,-10.790606821909227,6.219671938007906,1.2363850456284964,0.0,10.790606821909227,6.219671938007906,5.772818161000451,0.0,30.686901432800166,50.55026476497962,2.020486356350158,9.20607042984005,0.0,7.582539714746943,0.9999999999999999,18.809096500937155,4,Complete,18.809096500937155,Rainfall anomaly,Price volatility,Yield trend
Uttar Pradesh,Etah,Rice,2021-22,0.18,0.49,2671.0,4,True,,,,,,,,,840.23,68,2,365,580.1,230.55,,,,,,,,,,,,False,True,True,,,,,,,,,,,,,,,,,,,0.0,,0,Insufficient,,,,
Uttar Pradesh,Etah,Rice,2022-23,0.18,0.49,2688.0,4,True,2671.0,0.636465743167353,0.18,0.0,0.49,0.0,2671.0,0.636465743167353,787.76,70,1,365,533.5,182.32,840.23,-6.24471870797282,,,,,,,,,,False,True,True,0.6364657431673582,0.0,,,,,,,,,,,,,,,,,0.0,,0,Insufficient,,,,
Uttar Pradesh,Etah,Rice,2023-24,0.19,0.49,2649.0,4,True,2688.0,-1.4508928571428572,0.18,5.555555555555561,0.49,0.0,2679.5,-1.1382720656838965,726.16,56,0,366,652.18,63.72,813.995,-10.790606821909227,2183.0,2183.0,2183.0,,1.0,0.5,,8.333333333333332,Low,True,True,True,-1.4508928571428603,5.555555555555558,0.6364657431673582,0.0,-6.24471870797282,,0.0,-0.0,6.24471870797282,,0.0,-0.0,17.759063102738374,,0.0,5.327718930821512,-0.0,,0.8499999999999999,6.267904624495897,3,Good,6.267904624495897,Rainfall anomaly,,
Uttar Pradesh,Etah,Rice,2024-25,0.88,2.29,2584.0,4,True,2649.0,-2.453756134390336,0.19,363.1578947368421,0.49,367.34693877551024,2669.333333333333,-3.1968031968032022,968.49,77,1,365,903.13,24.72,784.7166666666667,23.419068453581968,2770.0,2770.0,2770.0,,1.0,0.3333333333333333,,8.333333333333332,Low,True,True,True,-2.453756134390339,363.15789473684214,-1.4508928571428603,5.555555555555558,-10.790606821909227,,1.4508928571428603,0.0,10.790606821909227,,6.7743787948538845,0.0,30.686901432800166,,2.3710325781988595,9.20607042984005,0.0,,0.8499999999999999,13.62012118592813,3,Good,13.62012118592813,Rainfall anomaly,Yield trend,
Uttar Pradesh,Etah,Wheat,2021-22,1.41,5.47,3890.0,4,True,,,,,,,,,840.23,68,2,365,580.1,230.55,,,1901.3245833333333,1631.1,2096.81,149.2141505819789,12.0,2.083333333333333,7.847905186203509,100.0,Complete,True,True,True,,,,,,,,,,,,,,,,,,,0.0,,0,Insufficient,,,,
Uttar Pradesh,Etah,Wheat,2022-23,1.36,5.62,4139.0,4,True,3890.0,6.401028277634961,1.41,-3.5460992907801296,5.47,2.742230347349184,3890.0,6.401028277634961,787.76,70,1,365,533.5,182.32,840.23,-6.24471870797282,2318.7095833333333,2051.05,2677.755,192.2780479062256,12.0,2.1666666666666665,8.292459275120187,100.0,Complete,True,True,True,6.401028277634957,-3.5460992907801248,,,,7.847905186203509,,,,7.847905186203509,,,,63.78369936021212,,,,9.567554904031818,0.15,63.78369936021212,1,Very Limited,,Price volatility,,
Uttar Pradesh,Etah,Wheat,2023-24,1.02,3.97,3905.0,4,True,4139.0,-5.65353950229524,1.36,-25.000000000000007,5.62,-29.359430604982208,4014.5,-2.72761240503176,726.16,56,0,366,652.18,63.72,813.995,-10.790606821909227,2308.125833333333,2191.26,2439.8450000000003,75.09275403348407,12.0,2.25,3.2534081525805343,100.0,Complete,True,True,True,-5.653539502295235,-25.0,6.401028277634957,-3.5460992907801248,-6.24471870797282,8.292459275120187,0.0,3.5460992907801248,6.24471870797282,8.292459275120187,0.0,37.83972566198873,17.759063102738374,67.39680421864779,0.0,5.327718930821512,7.567945132397746,10.109520632797167,0.9999999999999999,23.00518469601643,4,Complete,23.00518469601643,Price volatility,Area trend,Rainfall anomaly
Uttar Pradesh,Etah,Wheat,2024-25,1.15,4.15,3625.0,4,True,3905.0,-7.170294494238156,1.02,12.745098039215677,3.97,4.53400503778338,3978.0,-8.873805932629462,968.49,77,1,365,903.13,24.72,784.7166666666667,23.419068453581968,2569.5575,2367.16,2790.235,147.66229985249203,12.0,2.083333333333333,5.746604224754341,100.0,Complete,True,True,True,-7.170294494238161,12.745098039215685,-5.653539502295235,-25.0,-10.790606821909227,3.2534081525805343,5.653539502295235,25.0,10.790606821909227,3.2534081525805343,26.396999565934546,100.0,30.686901432800166,26.442012559614874,9.238949848077091,9.20607042984005,20.0,3.966301883942231,0.9999999999999999,42.411322161859374,4,Complete,42.411322161859374,Area trend,Yield trend,Rainfall anomaly
Uttar Pradesh,Etawah,Maize,2021-22,0.07,0.21,3107.0,4,True,,,,,,,,,906.26,69,0,365,673.58,204.86,,,1741.66,1558.38,1983.72,171.06999835593612,5.0,1.0,,41.66666666666667,Low,True,True,True,,,,,,,,,,,,,,,,,,,0.0,,0,Insufficient,,,,
Uttar Pradesh,Etawah,Maize,2022-23,0.07,0.19,2930.0,4,True,3107.0,-5.696813646604442,0.07,0.0,0.21,-9.523809523809518,3107.0,-5.696813646604442,969.62,73,0,365,756.05,156.24,906.26,6.991371129697881,2096.952083333333,1899.235,2213.24,87.60218813317205,12.0,1.5833333333333333,4.177596084786012,100.0,Complete,True,True,True,-5.696813646604437,0.0,,,,,,,,,,,,,,,,,0.0,,0,Insufficient,,,,
Uttar Pradesh,Etawah,Maize,2023-24,0.1,0.31,3167.0,4,True,2930.0,8.088737201365188,0.07,42.85714285714285,0.19,63.1578947368421,3018.5,4.9196620838164655,689.94,65,0,366,596.04,89.83,937.94,-26.440923726464376,1922.557,1758.865,2170.7200000000003,168.66944323883936,5.0,0.8333333333333334,,41.66666666666667,Low,True,True,True,8.08873720136518,42.85714285714286,-5.696813646604437,0.0,6.991371129697881,4.177596084786012,5.696813646604437,-0.0,6.991371129697881,4.177596084786012,26.599051319191503,-0.0,19.882432960262705,33.9533323094712,9.309667961717025,5.9647298880788115,-0.0,5.09299984642068,0.9999999999999999,20.367397696216518,4,Complete,20.367397696216518,Yield trend,Rainfall anomaly,Price volatility
Uttar Pradesh,Etawah,Maize,2024-25,0.14,0.47,3454.0,4,True,3167.0,9.062203978528576,0.1,40.00000000000001,0.31,51.61290322580644,3068.0,12.58148631029987,995.18,73,2,365,963.38,12.42,855.2733333333334,16.35812332899422,2287.619,2176.18,2411.895,109.04778926003031,5.0,1.6666666666666667,,41.66666666666667,Low,True,True,True,9.062203978528572,40.000000000000014,8.08873720136518,42.85714285714286,-26.440923726464376,,0.0,0.0,26.440923726464376,,0.0,0.0,75.19410479666027,,0.0,22.55823143899808,0.0,,0.8499999999999999,26.539095810585984,3,Good,26.539095810585984,Rainfall anomaly,,
Uttar Pradesh,Etawah,Rice,2021-22,0.51,1.58,3066.0,4,True,,,,,,,,,906.26,69,0,365,673.58,204.86,,,1716.985,1493.97,1940.0,315.3908376126357,2.0,0.2857142857142857,,16.666666666666664,Low,True,True,True,,,,,,,,,,,,,,,,,,,0.0,,0,Insufficient,,,,
Uttar Pradesh,Etawah,Rice,2022-23,0.51,1.53,3017.0,4,True,3066.0,-1.5981735159817352,0.51,0.0,1.58,-3.16455696202532,3066.0,-1.5981735159817352,969.62,73,0,365,756.05,156.24,906.26,6.991371129697881,2017.804,1930.935,2042.42,48.69348973425507,5.0,1.0,,41.66666666666667,Low,True,True,True,-1.5981735159817378,0.0,,,,,,,,,,,,,,,,,0.0,,0,Insufficient,,,,
Uttar Pradesh,Etawah,Rice,2023-24,0.5,1.6,3220.0,4,True,3017.0,6.728538283062645,0.51,-1.960784313725492,1.53,4.575163398692815,3041.5,5.868814729574224,689.94,65,0,366,596.04,89.83,937.94,-26.440923726464376,2374.396666666667,1999.23,2992.56,539.4086180562314,3.0,0.5,,25.0,Low,True,True,True,6.728538283062635,-1.9607843137254943,-1.5981735159817378,0.0,6.991371129697881,,1.5981735159817378,-0.0,6.991371129697881,,7.462048437183622,-0.0,19.882432960262705,,2.6117169530142674,5.9647298880788115,-0.0,,0.8499999999999999,10.089937460109505,3,Good,10.089937460109505,Rainfall anomaly,Yield trend,
Uttar Pradesh,Etawah,Rice,2024-25,0.73,2.32,3166.0,4,True,3220.0,-1.6770186335403725,0.5,46.0,1.6,44.99999999999999,3101.0,2.096098032892616,995.18,73,2,365,963.38,12.42,855.2733333333334,16.35812332899422,2355.9025,2350.0,2361.97,5.168973947184086,4.0,0.6666666666666666,,33.33333333333333,Low,True,True,True,-1.6770186335403725,46.0,6.728538283062635,-1.9607843137254943,-26.440923726464376,,0.0,1.9607843137254943,26.440923726464376,,0.0,20.9231424248645,75.19410479666027,,0.0,22.55823143899808,4.1846284849729,,0.8499999999999999,31.46218814584822,3,Good,31.46218814584822,Rainfall anomaly,Area trend,
Uttar Pradesh,Etawah,Wheat,2021-22,1.05,4.01,3833.0,4,True,,,,,,,,,906.26,69,0,365,673.58,204.86,,,1921.3208333333328,1622.005,2092.0,145.39082109381368,12.0,2.1666666666666665,7.567232841668228,100.0,Complete,True,True,True,,,,,,,,,,,,,,,,,,,0.0,,0,Insufficient,,,,
Uttar Pradesh,Etawah,Wheat,2022-23,1.0,4.06,4052.0,4,True,3833.0,5.713540307852857,1.05,-4.761904761904765,4.01,1.246882793017452,3833.0,5.713540307852857,969.62,73,0,365,756.05,156.24,906.26,6.991371129697881,2348.57375,2063.945,2761.465,213.34807180163887,12.0,2.0,9.084154662021533,100.0,Complete,True,True,True,5.713540307852849,-4.761904761904767,,,,7.567232841668228,,,,7.567232841668228,,,,61.50254024605306,,,,9.225381036907958,0.15,61.50254024605306,1,Very Limited,,Price volatility,,
Uttar Pradesh,Etawah,Wheat,2023-24,0.89,3.65,4107.0,4,True,4052.0,1.3573543928923988,1.0,-10.999999999999998,4.06,-10.098522167487678,3942.5,4.172479391249207,689.94,65,0,366,596.04,89.83,937.94,-26.440923726464376,2390.556666666667,2276.9700000000003,2564.89,98.48641840683428,12.0,2.4166666666666665,4.119811079155941,100.0,Complete,True,True,True,1.357354392892396,-10.999999999999998,5.713540307852849,-4.761904761904767,6.991371129697881,9.084154662021533,0.0,4.761904761904767,6.991371129697881,9.084154662021533,0.0,50.8133458889566,19.882432960262705,73.83129333961163,0.0,5.9647298880788115,10.16266917779132,11.074694000941745,0.9999999999999999,27.20209306681188,4,Complete,27.20209306681188,Price volatility,Area trend,Rainfall anomaly
Uttar Pradesh,Etawah,Wheat,2024-25,0.91,3.73,4083.0,4,True,4107.0,-0.5843681519357196,0.89,2.247191011235957,3.65,2.1917808219178103,3997.3333333333335,2.143095396931284,995.18,73,2,365,963.38,12.42,855.2733333333334,16.35812332899422,2632.9791666666665,2390.36,2918.45,188.975217011906,12.0,3.0,7.17723935701122,100.0,Complete,True,True,True,-0.5843681519357213,2.2471910112359605,1.357354392892396,-10.999999999999998,-26.440923726464376,4.119811079155941,0.0,10.999999999999998,26.440923726464376,4.119811079155941,0.0,100.0,75.19410479666027,33.48368578097897,0.0,22.55823143899808,20.0,5.022552867146846,0.9999999999999999,47.58078430614493,4,Complete,47.58078430614493,Rainfall anomaly,Area trend,Price volatility
Uttar Pradesh,Farrukhabad,Maize,2021-22,0.39,1.24,3175.0,4,True,,,,,,,,,964.23,65,2,365,561.23,365.66,,,1754.6325,1563.615,2021.505,147.47472021425477,12.0,3.8333333333333335,8.404877956737652,100.0,Complete,True,True,True,,,,,,,,,,,,,,,,,,,0.0,,0,Insufficient,,,,
Uttar Pradesh,Farrukhabad,Maize,2022-23,0.39,1.15,2949.0,4,True,3175.0,-7.118110236220472,0.39,0.0,1.24,-7.258064516129038,3175.0,-7.118110236220472,748.84,64,1,365,470.56,213.88,964.23,-22.33803138255396,2077.38125,1788.965,2185.375,106.29257344118643,12.0,3.9166666666666665,5.116661828019601,100.0,Complete,True,True,True,-7.118110236220476,0.0,,,,8.404877956737652,,,,8.404877956737652,,,,68.31048490421027,,,,10.24657273563154,0.15,68.31048490421027,1,Very Limited,,Price volatility,,
Uttar Pradesh,Farrukhabad,Maize,2023-24,0.61,1.7,2785.0,4,True,2949.0,-5.561207188877586,0.39,56.4102564102564,1.15,47.82608695652175,3062.0,-9.046374918354015,713.0699999999999,61,1,366,637.88,61.59,856.5350000000001,-16.74946149310888,2060.32125,1730.82,2277.99,176.73439546810695,12.0,3.6666666666666665,8.578001875586487,100.0,Complete,True,True,True,-5.561207188877582,56.41025641025641,-7.118110236220476,0.0,-22.33803138255396,5.116661828019601,7.118110236220476,-0.0,22.33803138255396,5.116661828019601,33.235241876262386,-0.0,63.52608139214404,41.58557118401616,11.632334656691834,19.05782441764321,-0.0,6.2378356776024235,0.9999999999999999,36.927994751937476,4,Complete,36.927994751937476,Rainfall anomaly,Yield trend,Price volatility
Uttar Pradesh,Farrukhabad,Maize,2024-25,0.53,1.67,3148.0,4,True,2785.0,13.034111310592458,0.61,-13.114754098360647,1.7,-1.764705882352943,2969.6666666666665,6.005163317993046,957.23,74,0,365,900.1800000000001,16.73,808.7133333333333,18.36456263859465,2348.9925,2143.705,2465.135,92.47030807237536,12.0,4.0,3.936594436652112,100.0,Complete,True,True,True,13.034111310592467,-13.114754098360649,-5.561207188877582,56.41025641025641,-16.74946149310888,8.578001875586487,5.561207188877582,0.0,16.74946149310888,8.578001875586487,25.965889809609678,0.0,47.633009187945916,69.71754624477391,9.088061433363386,14.289902756383775,0.0,10.457631936716087,0.9999999999999999,33.83559612646325,4,Complete,33.83559612646325,Rainfall anomaly,Price volatility,Yield trend
Uttar Pradesh,Farrukhabad,Rice,2021-22,0.14,0.4,2931.0,4,True,,,,,,,,,964.23,65,2,365,561.23,365.66,,,2112.014,2036.51,2209.77,65.13047312894336,5.0,1.0,,41.66666666666667,Low,True,True,True,,,,,,,,,,,,,,,,,,,0.0,,0,Insufficient,,,,
Uttar Pradesh,Farrukhabad,Rice,2022-23,0.14,0.43,3178.0,4,True,2931.0,8.427157966564312,0.14,0.0,0.4,7.499999999999993,2931.0,8.427157966564312,748.84,64,1,365,470.56,213.88,964.23,-22.33803138255396,2116.873,2040.0,2206.935,75.5154588147354,5.0,1.2857142857142858,,41.66666666666667,Low,True,True,True,8.427157966564302,0.0,,,,,,,,,,,,,,,,,0.0,,0,Insufficient,,,,
Uttar Pradesh,Farrukhabad,Rice,2023-24,0.13,0.43,3338.0,4,True,3178.0,5.034612964128383,0.14,-7.142857142857148,0.43,0.0,3054.5,9.28138811589458,713.0699999999999,61,1,366,637.88,61.59,856.5350000000001,-16.74946149310888,2020.4666666666665,1946.52,2183.45,84.43044940462319,6.0,2.4285714285714284,4.178759827991382,50.0,Moderate,True,True,True,5.034612964128393,-7.142857142857151,8.427157966564302,0.0,-22.33803138255396,,0.0,-0.0,22.33803138255396,,0.0,-0.0,63.52608139214404,,0.0,19.05782441764321,-0.0,,0.8499999999999999,22.420969903109665,3,Good,22.420969903109665,Rainfall anomaly,,
Uttar Pradesh,Farrukhabad,Rice,2024-25,1.02,3.27,3196.0,4,True,3338.0,-4.254044337926902,0.13,684.6153846153845,0.43,660.4651162790698,3149.0,1.4925373134328357,957.23,74,0,365,900.1800000000001,16.73,808.7133333333333,18.36456263859465,2303.3725,2097.5,2454.92,109.97338895647178,8.0,2.625,4.774450895652865,66.66666666666666,Moderate,True,True,True,-4.254044337926899,684.6153846153845,5.034612964128393,-7.142857142857151,-16.74946149310888,4.178759827991382,0.0,7.142857142857151,16.74946149310888,4.178759827991382,0.0,76.22001883343489,47.633009187945916,33.96279061012375,0.0,14.289902756383775,15.24400376668698,5.094418591518562,0.9999999999999999,34.62832511458932,4,Complete,34.62832511458932,Area trend,Rainfall anomaly,Price volatility
Uttar Pradesh,Farrukhabad,Wheat,2021-22,0.78,3.03,3877.0,4,True,,,,,,,,,964.23,65,2,365,561.23,365.66,,,1905.9529166666669,1659.59,2051.69,134.6291169279907,12.0,3.4166666666666665,7.063611894644513,100.0,Complete,True,True,True,,,,,,,,,,,,,,,,,,,0.0,,0,Insufficient,,,,
Uttar Pradesh,Farrukhabad,Wheat,2022-23,0.75,3.11,4141.0,4,True,3877.0,6.809388702605107,0.78,-3.84615384615385,3.03,2.640264026402643,3877.0,6.809388702605107,748.84,64,1,365,470.56,213.88,964.23,-22.33803138255396,2357.719583333333,2076.36,2793.82,209.48762799721965,12.0,3.75,8.885179962794682,100.0,Complete,True,True,True,6.809388702605101,-3.8461538461538547,,,,7.063611894644513,,,,7.063611894644513,,,,57.4093706276258,,,,8.61140559414387,0.15,57.4093706276258,1,Very Limited,,Price volatility,,
Uttar Pradesh,Farrukhabad,Wheat,2023-24,0.66,2.56,3883.0,4,True,4141.0,-6.230379135474523,0.75,-11.999999999999996,3.11,-17.68488745980707,4009.0,-3.142928411075081,713.0699999999999,61,1,366,637.88,61.59,856.5350000000001,-16.74946149310888,2398.535,2303.99,2538.76,91.9603576894067,12.0,3.25,3.834021921273056,100.0,Complete,True,True,True,-6.230379135474529,-12.0,6.809388702605101,-3.8461538461538547,-22.33803138255396,8.885179962794682,0.0,3.8461538461538547,22.33803138255396,8.885179962794682,0.0,41.04154860261883,63.52608139214404,72.21413027575541,0.0,19.05782441764321,8.208309720523767,10.83211954136331,0.9999999999999999,38.098253679530295,4,Complete,38.098253679530295,Rainfall anomaly,Price volatility,Area trend
Uttar Pradesh,Farrukhabad,Wheat,2024-25,0.68,3.15,4617.0,4,True,3883.0,18.902910121040435,0.66,3.030303030303033,2.56,23.046875,3967.0,16.385177716158307,957.23,74,0,365,900.1800000000001,16.73,808.7133333333333,18.36456263859465,2639.320416666667,2456.215,2870.755,167.83631172634088,12.0,4.0,6.359072989641399,100.0,Complete,True,True,True,18.90291012104044,3.0303030303030276,-6.230379135474529,-12.0,-16.74946149310888,3.834021921273056,6.230379135474529,12.0,16.74946149310888,3.834021921273056,29.090327443181334,100.0,47.633009187945916,31.160939864163378,10.181614605113467,14.289902756383775,20.0,4.674140979624506,0.9999999999999999,49.14565834112175,4,Complete,49.14565834112175,Area trend,Rainfall anomaly,Yield trend
Uttar Pradesh,Fatehpur,Maize,2021-22,0.0,0.01,2155.0,4,True,,,,,,,,,918.42,66,1,365,741.96,156.58,,,1650.0,1650.0,1650.0,,1.0,1.0,,8.333333333333332,Low,True,True,True,,,,,,,,,,,,,,,,,,,0.0,,0,Insufficient,,,,
Uttar Pradesh,Fatehpur,Maize,2022-23,0.0,0.01,2851.0,4,True,2155.0,32.2969837587007,0.0,,0.01,0.0,2155.0,32.2969837587007,1071.58,74,1,365,812.05,184.15,918.42,16.676466104832212,2207.335,2196.13,2218.54,15.846262966390428,2.0,0.4,,16.666666666666664,Low,True,True,True,32.29698375870069,,,,,,,,,,,,,,,,,,0.0,,0,Insufficient,,,,
Uttar Pradesh,Fatehpur,Maize,2023-24,0.0,0.01,1498.0,4,True,2851.0,-47.45703262013329,0.0,,0.01,0.0,2503.0,-40.15181781861766,705.93,59,0,366,613.22,90.9,995.0,-29.052261306532667,,,,,0.0,0.0,,0.0,Low,False,True,True,-47.45703262013329,,32.29698375870069,,16.676466104832212,,0.0,,16.676466104832212,,0.0,,47.42542102149109,,0.0,14.227626306447327,,,0.6499999999999999,21.888655856072813,2,Limited,21.888655856072813,Rainfall anomaly,,
Uttar Pradesh,Fatehpur,Maize,2024-25,0.02,0.07,3270.0,4,True,1498.0,118.29105473965286,0.0,,0.01,600.0,2168.0,50.83025830258303,749.56,78,0,365,687.77,15.13,898.6433333333333,-16.589822436042486,1950.0,1950.0,1950.0,,1.0,1.0,,8.333333333333332,Low,True,True,True,118.29105473965286,,-47.45703262013329,,-29.052261306532667,,47.45703262013329,,29.052261306532667,,100.0,,82.6203654555714,,35.0,24.78610963667142,,,0.6499999999999999,91.97863021026373,2,Limited,91.97863021026373,Yield trend,Rainfall anomaly,
Uttar Pradesh,Fatehpur,Rice,2021-22,0.86,2.41,2815.0,4,True,,,,,,,,,918.42,66,1,365,741.96,156.58,,,1931.873,1697.26,2185.64,144.1702066077916,10.0,2.8,7.462716576492948,83.33333333333334,Good,True,True,True,,,,,,,,,,,,,,,,,,,0.0,,0,Insufficient,,,,
Uttar Pradesh,Fatehpur,Rice,2022-23,0.92,2.62,2853.0,4,True,2815.0,1.349911190053286,0.86,6.976744186046519,2.41,8.713692946058089,2815.0,1.349911190053286,1071.58,74,1,365,812.05,184.15,918.42,16.676466104832212,2203.887083333333,1830.0,2421.47,159.65062392695205,12.0,2.1666666666666665,7.244047353164927,100.0,Complete,True,True,True,1.3499111900532768,6.976744186046524,,,,7.462716576492948,,,,7.462716576492948,,,,60.653086299041604,,,,9.09796294485624,0.15,60.653086299041604,1,Very Limited,,Price volatility,,
Uttar Pradesh,Fatehpur,Rice,2023-24,0.8,2.17,2712.0,4,True,2853.0,-4.942166140904311,0.92,-13.043478260869565,2.62,-17.175572519083975,2834.0,-4.304869442484121,705.93,59,0,366,613.22,90.9,995.0,-29.052261306532667,2232.6454166666667,2149.88,2294.025,39.68056952133978,12.0,3.0,1.777289363780065,100.0,Complete,True,True,True,-4.942166140904314,-13.043478260869568,1.3499111900532768,6.976744186046524,16.676466104832212,7.244047353164927,0.0,0.0,16.676466104832212,7.244047353164927,0.0,0.0,47.42542102149109,58.875856367084076,0.0,14.227626306447327,0.0,8.83137845506261,0.9999999999999999,23.059004761509943,4,Complete,23.059004761509943,Rainfall anomaly,Price volatility,
Uttar Pradesh,Fatehpur,Rice,2024-25,1.81,4.79,2653.0,4,True,2712.0,-2.17551622418879,0.8,126.25,2.17,120.7373271889401,2793.333333333333,-5.023866348448693,749.56,78,0,365,687.77,15.13,898.6433333333333,-16.589822436042486,2162.0091666666667,1951.94,2273.705,85.15187578228917,12.0,2.583333333333333,3.938552948578579,100.0,Complete,True,True,True,-2.1755162241887893,126.24999999999997,-4.942166140904314,-13.043478260869568,-29.052261306532667,1.777289363780065,4.942166140904314,13.043478260869568,29.052261306532667,1.777289363780065,23.075518871543018,100.0,82.6203654555714,14.444885324906712,8.076431605040057,24.78610963667142,20.0,2.1667327987360068,0.9999999999999999,55.02927404044749,4,Complete,55.02927404044749,Rainfall anomaly,Area trend,Yield trend
Uttar Pradesh,Fatehpur,Wheat,2021-22,1.79,6.56,3660.0,4,True,,,,,,,,,918.42,66,1,365,741.96,156.58,,,1897.9395833333333,1658.74,2055.02,133.9053719381769,12.0,3.583333333333333,7.055302134697046,100.0,Complete,True,True,True,,,,,,,,,,,,,,,,,,,0.0,,0,Insufficient,,,,
Uttar Pradesh,Fatehpur,Wheat,2022-23,1.72,6.46,3759.0,4,True,3660.0,2.7049180327868854,1.79,-3.910614525139669,6.56,-1.5243902439024335,3660.0,2.7049180327868854,1071.58,74,1,365,812.05,184.15,918.42,16.676466104832212,2305.2770833333334,2023.135,2686.08,185.1492339053005,12.0,3.6666666666666665,8.03153925590509,100.0,Complete,True,True,True,2.704918032786896,-3.9106145251396662,,,,7.055302134697046,,,,7.055302134697046,,,,57.34183321252342,,,,8.601274981878513,0.15,57.34183321252342,1,Very Limited,,Price volatility,,
Uttar Pradesh,Fatehpur,Wheat,2023-24,2.07,7.55,3644.0,4,True,3759.0,-3.0593242883745675,1.72,20.34883720930232,6.46,16.873065015479874,3709.5,-1.7657366221862785,705.93,59,0,366,613.22,90.9,995.0,-29.052261306532667,2365.975,2251.675,2437.63,68.08540595858584,12.0,4.0,2.877689153883107,100.0,Complete,True,True,True,-3.0593242883745653,20.348837209302317,2.704918032786896,-3.9106145251396662,16.676466104832212,8.03153925590509,0.0,3.9106145251396662,16.676466104832212,8.03153925590509,0.0,41.729395785902874,47.42542102149109,65.27618175089248,0.0,14.227626306447327,8.345879157180574,9.79142726263387,0.9999999999999999,32.36493272626178,4,Complete,32.36493272626178,Rainfall anomaly,Price volatility,Area trend
Uttar Pradesh,Fatehpur,Wheat,2024-25,1.71,5.75,3359.0,4,True,3644.0,-7.821075740944019,2.07,-17.391304347826082,7.55,-23.841059602649004,3687.6666666666665,-8.912591521287169,749.56,78,0,365,687.77,15.13,898.6433333333333,-16.589822436042486,2630.562083333333,2412.145,2855.87,169.28652222379867,12.0,4.0,6.435374526849645,100.0,Complete,True,True,True,-7.821075740944017,-17.391304347826086,-3.0593242883745653,20.348837209302317,-29.052261306532667,2.877689153883107,3.0593242883745653,0.0,29.052261306532667,2.877689153883107,14.284322569868053,0.0,82.6203654555714,23.388363580908266,4.999512899453818,24.78610963667142,0.0,3.50825453713624,0.9999999999999999,33.293877073261484,4,Complete,33.293877073261484,Rainfall anomaly,Yield trend,Price volatility
Uttar Pradesh,Firozabad,Maize,2021-22,0.1,0.3,3009.0,4,True,,,,,,,,,835.8100000000001,67,0,365,618.13,195.02,,,1744.0429166666663,1596.495,1941.825,100.0673788108958,12.0,1.75,5.737667224505654,100.0,Complete,True,True,True,,,,,,,,,,,,,,,,,,,0.0,,0,Insufficient,,,,
Uttar Pradesh,Firozabad,Maize,2022-23,0.1,0.22,2182.0,4,True,3009.0,-27.48421402459289,0.1,0.0,0.3,-26.666666666666668,3009.0,-27.48421402459289,846.24,77,0,365,628.04,154.88,835.8100000000001,1.247891267154012,2225.133333333333,1939.34,2348.84,129.4848676720976,12.0,2.833333333333333,5.819195898617204,100.0,Complete,True,True,True,-27.48421402459289,0.0,,,,5.737667224505654,,,,5.737667224505654,,,,46.63278067122677,,,,6.994917100684015,0.15,46.63278067122677,1,Very Limited,,Price volatility,,
Uttar Pradesh,Firozabad,Maize,2023-24,0.13,0.32,2572.0,4,True,2182.0,17.873510540788267,0.1,30.0,0.22,45.45454545454546,2595.5,-0.9054132151801194,707.54,60,0,366,627.21,70.96,841.0250000000001,-15.87170417050624,2088.77125,1800.0,2262.58,135.1994681627013,12.0,2.6666666666666665,6.472679483820991,100.0,Complete,True,True,True,17.873510540788274,30.000000000000004,-27.48421402459289,0.0,1.247891267154012,5.819195898617204,27.48421402459289,-0.0,1.247891267154012,5.819195898617204,100.0,-0.0,3.548819537771998,47.295403411357434,35.0,1.0646458613315994,-0.0,7.094310511703615,0.9999999999999999,43.15895637303522,4,Complete,43.15895637303522,Yield trend,Price volatility,Rainfall anomaly
Uttar Pradesh,Firozabad,Maize,2024-25,0.05,0.17,3361.0,4,True,2572.0,30.676516329704512,0.13,-61.53846153846154,0.32,-46.875,2587.6666666666665,29.885353600412216,1078.94,74,2,365,1032.79,20.1,796.5300000000001,35.45503621960252,2367.742083333333,2084.86,2495.38,135.49295963692802,12.0,1.9166666666666667,5.722454341233804,100.0,Complete,True,True,True,30.67651632970452,-61.53846153846154,17.873510540788274,30.000000000000004,-15.87170417050624,6.472679483820991,0.0,0.0,15.87170417050624,6.472679483820991,0.0,0.0,45.136796242262854,52.606578756435184,0.0,13.541038872678856,0.0,7.890986813465277,0.9999999999999999,21.432025686144137,4,Complete,21.432025686144137,Rainfall anomaly,Price volatility,
Uttar Pradesh,Firozabad,Rice,2021-22,0.25,0.62,2538.0,4,True,,,,,,,,,835.8100000000001,67,0,365,618.13,195.02,,,,,,,0.0,0.0,,0.0,Low,False,True,True,,,,,,,,,,,,,,,,,,,0.0,,0,Insufficient,,,,
Uttar Pradesh,Firozabad,Rice,2022-23,0.23,0.68,2943.0,4,True,2538.0,15.95744680851064,0.25,-7.9999999999999964,0.62,9.677419354838715,2538.0,15.95744680851064,846.24,77,0,365,628.04,154.88,835.8100000000001,1.247891267154012,2384.991666666667,2040.0,3404.57,533.2634781106491,6.0,1.125,22.35913381013836,50.0,Moderate,True,True,True,15.957446808510634,-7.9999999999999964,,,,,,,,,,,,,,,,,0.0,,0,Insufficient,,,,
Uttar Pradesh,Firozabad,Rice,2023-24,0.23,0.68,2890.0,4,True,2943.0,-1.8008834522595991,0.23,0.0,0.68,0.0,2740.5,5.455208903484766,707.54,60,0,366,627.21,70.96,841.0250000000001,-15.87170417050624,,,,,0.0,0.0,,0.0,Low,False,True,True,-1.800883452259594,0.0,15.957446808510634,-7.9999999999999964,1.247891267154012,22.35913381013836,0.0,7.9999999999999964,1.247891267154012,22.35913381013836,0.0,85.36642109344695,3.548819537771998,100.0,0.0,1.0646458613315994,17.07328421868939,15.0,0.9999999999999999,33.137930080021,4,Complete,33.137930080021,Area trend,Price volatility,Rainfall anomaly
Uttar Pradesh,Firozabad,Rice,2024-25,0.49,1.65,3366.0,4,True,2890.0,16.470588235294116,0.23,113.04347826086956,0.68,142.64705882352936,2790.333333333333,20.630749014454658,1078.94,74,2,365,1032.79,20.1,796.5300000000001,35.45503621960252,,,,,,,,,,False,True,True,16.470588235294127,113.04347826086953,-1.800883452259594,0.0,-15.87170417050624,,1.800883452259594,-0.0,15.87170417050624,,8.408523490159691,-0.0,45.136796242262854,,2.9429832215558918,13.541038872678856,-0.0,,0.8499999999999999,19.39296716968794,3,Good,19.39296716968794,Rainfall anomaly,Yield trend,
Uttar Pradesh,Firozabad,Wheat,2021-22,1.04,3.68,3534.0,4,True,,,,,,,,,835.8100000000001,67,0,365,618.13,195.02,,,1965.4566666666667,1690.095,2150.425,152.3451315320418,12.0,4.0,7.751131536795102,100.0,Complete,True,True,True,,,,,,,,,,,,,,,,,,,0.0,,0,Insufficient,,,,
Uttar Pradesh,Firozabad,Wheat,2022-23,1.01,4.28,4234.0,4,True,3534.0,19.80758347481608,1.04,-2.8846153846153872,3.68,16.30434782608696,3534.0,19.80758347481608,846.24,77,0,365,628.04,154.88,835.8100000000001,1.247891267154012,2389.099583333333,2095.295,2769.8450000000003,214.6465038727876,12.0,3.75,8.984410083622688,100.0,Complete,True,True,True,19.80758347481608,-2.8846153846153855,,,,7.751131536795102,,,,7.751131536795102,,,,62.99717337481824,,,,9.449576006222735,0.15,62.99717337481823,1,Very Limited,,Price volatility,,
Uttar Pradesh,Firozabad,Wheat,2023-24,0.86,3.44,3998.0,4,True,4234.0,-5.573925366084081,1.01,-14.851485148514854,4.28,-19.62616822429907,3884.0,2.9351184346035017,707.54,60,0,366,627.21,70.96,841.0250000000001,-15.87170417050624,2438.2425,2263.83,2581.43,120.97735331833432,12.0,3.1666666666666665,4.9616620708700765,100.0,Complete,True,True,True,-5.573925366084076,-14.851485148514854,19.80758347481608,-2.8846153846153855,1.247891267154012,8.984410083622688,0.0,2.8846153846153855,1.247891267154012,8.984410083622688,0.0,30.781161451964067,3.548819537771998,73.02062118564787,0.0,1.0646458613315994,6.156232290392814,10.95309317784718,0.9999999999999999,18.173971329571597,4,Complete,18.173971329571597,Price volatility,Area trend,Rainfall anomaly
Uttar Pradesh,Firozabad,Wheat,2024-25,0.93,3.51,3766.0,4,True,3998.0,-5.802901450725362,0.86,8.139534883720938,3.44,2.034883720930228,3922.0,-3.977562468128506,1078.94,74,2,365,1032.79,20.1,796.5300000000001,35.45503621960252,2719.258333333333,2455.955,3047.7,230.44699194602143,12.0,2.333333333333333,8.474626670116109,100.0,Complete,True,True,True,-5.802901450725361,8.139534883720945,-5.573925366084076,-14.851485148514854,-15.87170417050624,4.9616620708700765,5.573925366084076,14.851485148514854,15.87170417050624,4.9616620708700765,26.02527238190143,100.0,45.136796242262854,40.32581362115577,9.1088453336655,13.541038872678856,20.0,6.048872043173365,0.9999999999999999,48.69875624951772,4,Complete,48.69875624951772,Area trend,Rainfall anomaly,Yield trend
Uttar Pradesh,Gautam Buddha Nagar,Maize,2021-22,0.01,0.02,2612.0,4,True,,,,,,,,,993.13,70,1,365,726.0,225.4,,,1937.09,1852.93,2030.83,68.12693006440254,5.0,0.8333333333333334,,41.66666666666667,Low,True,True,True,,,,,,,,,,,,,,,,,,,0.0,,0,Insufficient,,,,
Uttar Pradesh,Gautam Buddha Nagar,Maize,2022-23,0.01,0.02,2438.0,4,True,2612.0,-6.66156202143951,0.01,0.0,0.02,0.0,2612.0,-6.66156202143951,869.97,75,2,365,554.42,227.92,993.13,-12.40119621801778,2288.0441666666666,2038.75,2376.96,112.4931259684409,12.0,1.0,4.916562696091935,100.0,Complete,True,True,True,-6.661562021439515,0.0,,,,,,,,,,,,,,,,,0.0,,0,Insufficient,,,,
Uttar Pradesh,Gautam Buddha Nagar,Maize,2023-24,0.01,0.02,2129.0,4,True,2438.0,-12.674323215750617,0.01,0.0,0.02,0.0,2525.0,-15.683168316831685,742.72,52,1,366,676.36,61.86,931.55,-20.27051688046803,2154.2025,2051.72,2270.0,71.58111976731597,8.0,0.6666666666666666,3.322859376837413,66.66666666666666,Moderate,True,True,True,-12.674323215750615,0.0,-6.661562021439515,0.0,-12.40119621801778,4.916562696091935,6.661562021439515,-0.0,12.40119621801778,4.916562696091935,31.10356790060368,-0.0,35.267181194893425,39.95926931488158,10.886248765211286,10.580154358468027,-0.0,5.993890397232237,0.9999999999999999,27.460293520911552,4,Complete,27.460293520911552,Yield trend,Rainfall anomaly,Price volatility
Uttar Pradesh,Gautam Buddha Nagar,Maize,2024-25,0.01,0.03,2908.0,4,True,2129.0,36.58994833255049,0.01,0.0,0.02,49.99999999999999,2393.0,21.521103217718345,916.61,68,0,365,805.27,34.379999999999995,868.6066666666667,5.526475351328948,2407.05,2320.0,2466.36,46.32704861453335,7.0,0.7,1.924640062089834,58.333333333333336,Moderate,True,True,True,36.58994833255049,0.0,-12.674323215750615,0.0,-20.27051688046803,3.322859376837413,12.674323215750615,-0.0,20.27051688046803,3.322859376837413,59.17781317152841,-0.0,57.646373718283094,27.006476056955165,20.712234610034944,17.29391211548493,-0.0,4.050971408543274,0.9999999999999999,42.05711813406315,4,Complete,42.05711813406315,Yield trend,Rainfall anomaly,Price volatility
Uttar Pradesh,Gautam Buddha Nagar,Rice,2021-22,0.14,0.34,2333.0,4,True,,,,,,,,,993.13,70,1,365,726.0,225.4,,,1982.245,1940.0,2090.79,67.19072309478446,6.0,1.4285714285714286,3.389627573523176,50.0,Moderate,True,True,True,,,,,,,,,,,,,,,,,,,0.0,,0,Insufficient,,,,
Uttar Pradesh,Gautam Buddha Nagar,Rice,2022-23,0.2,0.45,2198.0,4,True,2333.0,-5.786540934419203,0.14,42.85714285714285,0.34,32.35294117647059,2333.0,-5.786540934419203,869.97,75,2,365,554.42,227.92,993.13,-12.40119621801778,2040.044,2040.0,2040.22,0.0983869910099838,5.0,0.8571428571428571,,41.66666666666667,Low,True,True,True,-5.786540934419204,42.85714285714286,,,,3.389627573523176,,,,3.389627573523176,,,,27.54913329900684,,,,4.132369994851026,0.15,27.549133299006844,1,Very Limited,,Price volatility,,
Uttar Pradesh,Gautam Buddha Nagar,Rice,2023-24,0.14,0.4,2855.0,4,True,2198.0,29.89080982711556,0.2,-30.0,0.45,-11.111111111111107,2265.5,26.02074597219157,742.72,52,1,366,676.36,61.86,931.55,-20.27051688046803,2268.81,2150.0,2721.61,206.82358440629224,7.0,0.875,9.115949965236942,58.333333333333336,Moderate,True,True,True,29.89080982711556,-29.999999999999993,-5.786540934419204,42.85714285714286,-12.40119621801778,,5.786540934419204,0.0,12.40119621801778,,27.017997923621756,0.0,35.267181194893425,,9.456299273267614,10.580154358468027,0.0,,0.8499999999999999,23.572298390277226,3,Good,23.572298390277226,Rainfall anomaly,Yield trend,
Uttar Pradesh,Gautam Buddha Nagar,Rice,2024-25,0.28,0.78,2803.0,4,True,2855.0,-1.8213660245183887,0.14,100.0,0.4,95.0,2462.0,13.850528025995128,916.61,68,0,365,805.27,34.379999999999995,868.6066666666667,5.526475351328948,2577.905714285714,2250.0,3125.78,341.6095187909311,7.0,0.5833333333333334,13.251435725436693,58.333333333333336,Moderate,True,True,True,-1.8213660245183894,100.0,29.89080982711556,-29.999999999999993,-20.27051688046803,9.115949965236942,0.0,29.999999999999993,20.27051688046803,9.115949965236942,0.0,100.0,57.646373718283094,74.08970905861442,0.0,17.29391211548493,20.0,11.113456358792162,0.9999999999999999,48.4073684742771,4,Complete,48.4073684742771,Area trend,Rainfall anomaly,Price volatility
Uttar Pradesh,Gautam Buddha Nagar,Wheat,2021-22,0.46,1.77,3849.0,4,True,,,,,,,,,993.13,70,1,365,726.0,225.4,,,1966.2245833333327,1838.085,2088.48,86.89821949892495,12.0,2.6666666666666665,4.419546995572943,100.0,Complete,True,True,True,,,,,,,,,,,,,,,,,,,0.0,,0,Insufficient,,,,
Uttar Pradesh,Gautam Buddha Nagar,Wheat,2022-23,0.45,1.81,4058.0,4,True,3849.0,5.429981813458041,0.46,-2.1739130434782625,1.77,2.25988700564972,3849.0,5.429981813458041,869.97,75,2,365,554.42,227.92,993.13,-12.40119621801778,2360.6441666666665,2087.75,2728.365,194.9286581947508,12.0,2.5,8.257435023339358,100.0,Complete,True,True,True,5.42998181345804,-2.1739130434782594,,,,4.419546995572943,,,,4.419546995572943,,,,35.91978371113864,,,,5.387967556670796,0.15,35.91978371113864,1,Very Limited,,Price volatility,,
Uttar Pradesh,Gautam Buddha Nagar,Wheat,2023-24,0.32,1.34,4172.0,4,True,4058.0,2.809265648102514,0.45,-28.888888888888893,1.81,-25.96685082872928,3953.5,5.526748450739851,742.72,52,1,366,676.36,61.86,931.55,-20.27051688046803,2390.565416666667,2268.875,2519.4,95.62343632609416,12.0,2.5,4.000034287261991,100.0,Complete,True,True,True,2.8092656481025102,-28.888888888888886,5.42998181345804,-2.1739130434782594,-12.40119621801778,8.257435023339358,0.0,2.1739130434782594,12.40119621801778,8.257435023339358,0.0,23.19739703626275,35.267181194893425,67.1121452819124,0.0,10.580154358468027,4.6394794072525505,10.066821792286861,0.9999999999999999,25.286455558007443,4,Complete,25.286455558007443,Rainfall anomaly,Price volatility,Area trend
Uttar Pradesh,Gautam Buddha Nagar,Wheat,2024-25,0.51,2.01,3962.0,4,True,4172.0,-5.033557046979865,0.32,59.375,1.34,49.99999999999998,4026.3333333333335,-1.5978143886083322,916.61,68,0,365,805.27,34.379999999999995,868.6066666666667,5.526475351328948,2639.9291666666663,2450.0,2913.35,183.4488011659992,12.0,3.1666666666666665,6.949004673395565,100.0,Complete,True,True,True,-5.033557046979864,59.375,2.8092656481025102,-28.888888888888886,-20.27051688046803,4.000034287261991,0.0,28.888888888888886,20.27051688046803,4.000034287261991,0.0,100.0,57.646373718283094,32.51020219482085,0.0,17.29391211548493,20.0,4.876530329223127,0.9999999999999999,42.170442444708065,4,Complete,42.170442444708065,Area trend,Rainfall anomaly,Price volatility
Uttar Pradesh,Ghaziabad,Maize,2021-22,0.0,0.0,2500.0,4,True,,,,,,,,,1106.73,68,1,365,812.39,246.91,,,1924.5475,1831.37,2012.06,59.89462680787443,12.0,1.8333333333333333,3.112140739985604,100.0,Complete,True,True,True,,,,,,,,,,,,,,,,,,,0.0,,0,Insufficient,,,,
Uttar Pradesh,Ghaziabad,Maize,2022-23,0.0,0.0,2440.0,4,True,2500.0,-2.4,0.0,,0.0,,2500.0,-2.4,936.84,71,1,365,604.92,247.36,1106.73,-15.350627524328424,2276.7279166666667,2029.81,2376.125,120.9187454912356,12.0,2.0,5.31107580339558,100.0,Complete,True,True,True,-2.400000000000002,,,,,3.112140739985604,,,,3.112140739985604,,,,25.293864364579278,,,,3.7940796546868913,0.15,25.293864364579278,1,Very Limited,,Price volatility,,
Uttar Pradesh,Ghaziabad,Maize,2023-24,0.0,0.0,2200.0,4,True,2440.0,-9.836065573770492,0.0,,0.0,,2470.0,-10.931174089068826,802.46,53,1,366,728.24,69.17,1021.785,-21.46488742739422,2195.1566666666668,2052.56,2297.0,83.54641440903389,12.0,2.0,3.805943132792369,100.0,Complete,True,True,True,-9.836065573770492,,-2.400000000000002,,-15.350627524328424,5.31107580339558,2.400000000000002,,15.350627524328424,5.31107580339558,11.205864738810595,,43.65493076944012,43.1656670519689,3.922052658583708,13.096479230832037,,6.474850057795336,0.7999999999999999,29.366727434013853,3,Good,29.366727434013853,Rainfall anomaly,Price volatility,Yield trend
Uttar Pradesh,Ghaziabad,Maize,2024-25,0.0,0.02,3459.0,4,True,2200.0,57.22727272727273,0.0,,0.0,,2380.0,45.33613445378151,1065.14,80,1,365,923.74,45.47,948.6766666666668,12.276399054121006,2434.3283333333334,2247.37,2561.69,87.37074394194953,12.0,2.0,3.5891109159590027,100.0,Complete,True,True,True,57.22727272727273,,-9.836065573770492,,-21.46488742739422,3.805943132792369,9.836065573770492,,21.46488742739422,3.805943132792369,45.92567515905978,,61.04298818609472,30.93273004761264,16.07398630567092,18.312896455828415,,4.639909507141896,0.7999999999999999,48.783490335801545,3,Good,48.783490335801545,Rainfall anomaly,Yield trend,Price volatility
Uttar Pradesh,Ghaziabad,Rice,2021-22,0.1,0.27,2700.0,4,True,,,,,,,,,1106.73,68,1,365,812.39,246.91,,,,,,,,,,,,False,True,True,,,,,,,,,,,,,,,,,,,0.0,,0,Insufficient,,,,
Uttar Pradesh,Ghaziabad,Rice,2022-23,0.1,0.24,2499.0,4,True,2700.0,-7.444444444444444,0.1,0.0,0.27,-11.11111111111112,2700.0,-7.444444444444444,936.84,71,1,365,604.92,247.36,1106.73,-15.350627524328424,,,,,,,,,,False,True,True,-7.444444444444443,0.0,,,,,,,,,,,,,,,,,0.0,,0,Insufficient,,,,
Uttar Pradesh,Ghaziabad,Rice,2023-24,0.08,0.21,2717.0,4,True,2499.0,8.723489395758303,0.1,-20.000000000000004,0.24,-12.5,2599.5,4.520100019234468,802.46,53,1,366,728.24,69.17,1021.785,-21.46488742739422,,,,,,,,,,False,True,True,8.72348939575831,-20.000000000000007,-7.444444444444443,0.0,-15.350627524328424,,7.444444444444443,-0.0,15.350627524328424,,34.75893229168098,-0.0,43.65493076944012,,12.165626302088342,13.096479230832037,-0.0,,0.8499999999999999,29.720124156376922,3,Good,29.720124156376922,Rainfall anomaly,Yield trend,
Uttar Pradesh,Ghaziabad,Rice,2024-25,0.05,0.14,2661.0,4,True,2717.0,-2.0610967979389034,0.08,-37.5,0.21,-33.33333333333333,2638.6666666666665,0.846387064173831,1065.14,80,1,365,923.74,45.47,948.6766666666668,12.276399054121006,,,,,,,,,,False,True,True,-2.0610967979388994,-37.5,8.72348939575831,-20.000000000000007,-21.46488742739422,,0.0,20.000000000000007,21.46488742739422,,0.0,100.0,61.04298818609472,,0.0,18.312896455828415,20.0,,0.8499999999999999,45.07399583038638,3,Good,45.07399583038638,Area trend,Rainfall anomaly,
Uttar Pradesh,Ghaziabad,Wheat,2021-22,0.3,1.25,4199.0,4,True,,,,,,,,,1106.73,68,1,365,812.39,246.91,,,2002.0925,1842.2,2118.25,96.8170864075888,12.0,3.0,4.835794869996706,100.0,Complete,True,True,True,,,,,,,,,,,,,,,,,,,0.0,,0,Insufficient,,,,
Uttar Pradesh,Ghaziabad,Wheat,2022-23,0.28,1.13,3975.0,4,True,4199.0,-5.334603477018337,0.3,-6.666666666666654,1.25,-9.600000000000009,4199.0,-5.334603477018337,936.84,71,1,365,604.92,247.36,1106.73,-15.350627524328424,2400.3341666666665,2142.97,2822.11,210.2584350251909,12.0,3.0,8.759548480584098,100.0,Complete,True,True,True,-5.334603477018341,-6.666666666666654,,,,4.835794869996706,,,,4.835794869996706,,,,39.30283035245725,,,,5.895424552868588,0.15,39.30283035245725,1,Very Limited,,Price volatility,,
Uttar Pradesh,Ghaziabad,Wheat,2023-24,0.23,1.01,4342.0,4,True,3975.0,9.232704402515724,0.28,-17.85714285714286,1.13,-10.619469026548662,4087.0,6.239295326645461,802.46,53,1,366,728.24,69.17,1021.785,-21.46488742739422,2411.668333333333,2265.3,2540.0,107.06934064455888,12.0,3.0,4.43963787079175,100.0,Complete,True,True,True,9.232704402515711,-17.85714285714286,-5.334603477018341,-6.666666666666654,-15.350627524328424,8.759548480584098,5.334603477018341,6.666666666666654,15.350627524328424,8.759548480584098,24.907852082773406,71.13868424453902,43.65493076944012,71.19306280598208,8.717748228970692,13.096479230832037,14.227736848907805,10.678959420897312,0.9999999999999999,46.720923729607854,4,Complete,46.720923729607854,Area trend,Rainfall anomaly,Price volatility
Uttar Pradesh,Ghaziabad,Wheat,2024-25,0.27,1.02,3773.0,4,True,4342.0,-13.104560110548135,0.23,17.39130434782609,1.01,0.990099009900991,4172.0,-9.563758389261745,1065.14,80,1,365,923.74,45.47,948.6766666666668,12.276399054121006,2653.1891666666666,2335.96,2960.0,200.21849721370685,12.0,2.9166666666666665,7.5463332855851855,100.0,Complete,True,True,True,-13.104560110548135,17.391304347826097,9.232704402515711,-17.85714285714286,-21.46488742739422,4.43963787079175,0.0,17.85714285714286,21.46488742739422,4.43963787079175,0.0,100.0,61.04298818609472,36.083071915370866,0.0,18.312896455828415,20.0,5.41246078730563,0.9999999999999999,43.72535724313405,4,Complete,43.72535724313405,Area trend,Rainfall anomaly,Price volatility
Uttar Pradesh,Ghazipur,Maize,2021-22,0.01,0.01,1711.0,4,True,,,,,,,,,904.42,76,0,365,748.5,142.42,,,,,,,,,,,,False,True,True,,,,,,,,,,,,,,,,,,,0.0,,0,Insufficient,,,,
Uttar Pradesh,Ghazipur,Maize,2022-23,0.01,0.02,2680.0,4,True,1711.0,56.63354763296318,0.01,0.0,0.01,100.0,1711.0,56.63354763296318,703.53,69,0,365,551.15,103.03,904.42,-22.212025386435503,,,,,,,,,,False,True,True,56.63354763296318,0.0,,,,,,,,,,,,,,,,,0.0,,0,Insufficient,,,,
Uttar Pradesh,Ghazipur,Maize,2023-24,0.01,0.03,2418.0,4,True,2680.0,-9.776119402985074,0.01,0.0,0.02,49.99999999999999,2195.5,10.134365748121157,613.84,69,0,366,444.36,156.28,803.9749999999999,-23.64936720669174,,,,,,,,,,False,True,True,-9.776119402985072,0.0,56.63354763296318,0.0,-22.212025386435503,,0.0,-0.0,22.212025386435503,,0.0,-0.0,63.16773884045567,,0.0,18.9503216521367,-0.0,,0.8499999999999999,22.2944960613373,3,Good,22.2944960613373,Rainfall anomaly,,
Uttar Pradesh,Ghazipur,Maize,2024-25,0.01,0.03,3414.0,4,True,2418.0,41.19106699751861,0.01,0.0,0.03,0.0,2269.6666666666665,50.418563665736535,991.84,75,0,365,942.52,6.609999999999999,740.5966666666667,33.92444830519536,,,,,,,,,,False,True,True,41.1910669975186,0.0,-9.776119402985072,0.0,-23.64936720669174,,9.776119402985072,-0.0,23.64936720669174,,45.645779875130174,-0.0,67.25532793450817,,15.97602295629556,20.176598380352452,-0.0,,0.8499999999999999,42.53249569017414,3,Good,42.53249569017414,Rainfall anomaly,Yield trend,
Uttar Pradesh,Ghazipur,Rice,2021-22,1.53,4.13,2699.0,4,True,,,,,,,,,904.42,76,0,365,748.5,142.42,,,1940.0,1940.0,1940.0,,1.0,1.0,,8.333333333333332,Low,True,True,True,,,,,,,,,,,,,,,,,,,0.0,,0,Insufficient,,,,
Uttar Pradesh,Ghazipur,Rice,2022-23,1.5,5.04,3358.0,4,True,2699.0,24.416450537236013,1.53,-1.960784313725492,4.13,22.03389830508475,2699.0,24.416450537236013,703.53,69,0,365,551.15,103.03,904.42,-22.212025386435503,2050.51,2050.0,2051.53,0.8833459118601773,3.0,0.75,,25.0,Low,True,True,True,24.416450537236024,-1.9607843137254943,,,,,,,,,,,,,,,,,0.0,,0,Insufficient,,,,
Uttar Pradesh,Ghazipur,Rice,2023-24,1.48,3.96,2672.0,4,True,3358.0,-20.428826682549136,1.5,-1.3333333333333344,5.04,-21.42857142857143,3028.5,-11.77150404490672,613.84,69,0,366,444.36,156.28,803.9749999999999,-23.64936720669174,,,,,0.0,0.0,,0.0,Low,False,True,True,-20.42882668254914,-1.3333333333333308,24.416450537236024,-1.9607843137254943,-22.212025386435503,,0.0,1.9607843137254943,22.212025386435503,,0.0,20.9231424248645,63.16773884045567,,0.0,18.9503216521367,4.1846284849729,,0.8499999999999999,27.217588396599535,3,Good,27.217588396599535,Rainfall anomaly,Area trend,
Uttar Pradesh,Ghazipur,Rice,2024-25,1.8,5.35,2970.0,4,True,2672.0,11.152694610778443,1.48,21.621621621621625,3.96,35.1010101010101,2909.6666666666665,2.073547943636161,991.84,75,0,365,942.52,6.609999999999999,740.5966666666667,33.92444830519536,2350.0,2350.0,2350.0,,1.0,1.0,,8.333333333333332,Low,True,True,True,11.152694610778436,21.62162162162162,-20.42882668254914,-1.3333333333333308,-23.64936720669174,,20.42882668254914,1.3333333333333308,23.64936720669174,,95.38444524052093,14.227736848907805,67.25532793450817,,33.38455583418232,20.176598380352452,2.845547369781561,,0.8499999999999999,66.36082539331335,3,Good,66.36082539331335,Yield trend,Rainfall anomaly,Area trend
Uttar Pradesh,Ghazipur,Wheat,2021-22,1.81,7.01,3882.0,4,True,,,,,,,,,904.42,76,0,365,748.5,142.42,,,1906.9575,1757.23,2023.37,90.496623530685,12.0,2.083333333333333,4.74560253863471,100.0,Complete,True,True,True,,,,,,,,,,,,,,,,,,,0.0,,0,Insufficient,,,,
Uttar Pradesh,Ghazipur,Wheat,2022-23,1.88,6.76,3597.0,4,True,3882.0,-7.341576506955177,1.81,3.867403314917118,7.01,-3.566333808844508,3882.0,-7.341576506955177,703.53,69,0,365,551.15,103.03,904.42,-22.212025386435503,2329.082083333333,2015.0,2770.0,246.48217185628744,12.0,2.583333333333333,10.582803140348208,100.0,Complete,True,True,True,-7.3415765069551835,3.8674033149171283,,,,4.74560253863471,,,,4.74560253863471,,,,38.56979390366025,,,,5.785469085549037,0.15,38.56979390366025,1,Very Limited,,Price volatility,,
Uttar Pradesh,Ghazipur,Wheat,2023-24,1.95,7.19,3687.0,4,True,3597.0,2.5020850708924103,1.88,3.723404255319152,6.76,6.360946745562139,3739.5,-1.4039310068190936,613.84,69,0,366,444.36,156.28,803.9749999999999,-23.64936720669174,2368.435,2275.0,2580.0,111.44712109336882,8.0,0.75,4.70551740256198,66.66666666666666,Moderate,True,True,True,2.5020850708924014,3.7234042553191626,-7.3415765069551835,3.8674033149171283,-22.212025386435503,10.582803140348208,7.3415765069551835,0.0,22.212025386435503,10.582803140348208,34.27863054440387,0.0,63.16773884045567,86.01153019520879,11.997520690541354,18.9503216521367,0.0,12.901729529281319,0.9999999999999999,43.84957187195938,4,Complete,43.84957187195938,Rainfall anomaly,Price volatility,Yield trend
Uttar Pradesh,Ghazipur,Wheat,2024-25,1.71,6.5,3806.0,4,True,3687.0,3.2275562788174663,1.95,-12.307692307692308,7.19,-9.596662030598058,3722.0,2.2568511552928534,991.84,75,0,365,942.52,6.609999999999999,740.5966666666667,33.92444830519536,2711.25,2462.5,2960.0,351.7856236403074,2.0,0.3333333333333333,,16.666666666666664,Low,True,True,True,3.227556278817456,-12.307692307692308,2.5020850708924014,3.7234042553191626,-23.64936720669174,4.70551740256198,0.0,0.0,23.64936720669174,4.70551740256198,0.0,0.0,67.25532793450817,38.24400272659927,0.0,20.176598380352452,0.0,5.73660040898989,0.9999999999999999,25.913198789342346,4,Complete,25.913198789342346,Rainfall anomaly,Price volatility,
Uttar Pradesh,Gonda,Maize,2021-22,0.59,0.7,1175.0,4,True,,,,,,,,,1393.18,95,1,365,1104.13,233.09,,,1767.3908333333331,1644.875,1932.3,74.89937233725777,12.0,1.25,4.237849994729016,100.0,Complete,True,True,True,,,,,,,,,,,,,,,,,,,0.0,,0,Insufficient,,,,
Uttar Pradesh,Gonda,Maize,2022-23,0.59,0.95,1603.0,4,True,1175.0,36.42553191489362,0.59,0.0,0.7,35.714285714285715,1175.0,36.42553191489362,1104.75,71,1,365,749.84,275.08,1393.18,-20.70299602348584,2104.893333333333,1956.59,2259.96,110.48514662271302,12.0,1.0,5.248966533033171,100.0,Complete,True,True,True,36.42553191489362,0.0,,,,4.237849994729016,,,,4.237849994729016,,,,34.44304481056489,,,,5.1664567215847335,0.15,34.44304481056489,1,Very Limited,,Price volatility,,
Uttar Pradesh,Gonda,Maize,2023-24,0.7,1.22,1741.0,4,True,1603.0,8.60885839051778,0.59,18.64406779661017,0.95,28.421052631578952,1389.0,25.341972642188622,1027.1,80,1,366,917.78,94.75,1248.965,-17.763908516251472,2134.2854166666666,1971.97,2314.12,123.15748265493872,12.0,1.9166666666666667,5.770431718888211,100.0,Complete,True,True,True,8.60885839051777,18.644067796610166,36.42553191489362,0.0,-20.70299602348584,5.248966533033171,0.0,-0.0,20.70299602348584,5.248966533033171,0.0,-0.0,58.87628090075806,42.66087514453832,0.0,17.66288427022742,-0.0,6.399131271680749,0.9999999999999999,24.06201554190817,4,Complete,24.06201554190817,Rainfall anomaly,Price volatility,
Uttar Pradesh,Gonda,Maize,2024-25,0.21,0.33,1593.0,4,True,1741.0,-8.500861573808157,0.7,-70.0,1.22,-72.95081967213115,1506.3333333333333,5.753485284354952,1512.1,84,3,365,1392.12,6.0600000000000005,1175.01,28.68826648283844,2342.840833333333,2083.5150000000003,2486.48,123.5128681708423,12.0,2.333333333333333,5.271927414510332,100.0,Complete,True,True,True,-8.50086157380816,-70.0,8.60885839051777,18.644067796610166,-17.763908516251472,5.770431718888211,0.0,0.0,17.763908516251472,5.770431718888211,0.0,0.0,50.51794757201969,46.899073472911,0.0,15.155384271605907,0.0,7.03486102093665,0.9999999999999999,22.19024529254256,4,Complete,22.19024529254256,Rainfall anomaly,Price volatility,
Uttar Pradesh,Gonda,Rice,2021-22,1.38,3.2,2327.0,4,True,,,,,,,,,1393.18,95,1,365,1104.13,233.09,,,1692.840416666667,1462.9,1940.0,204.89983835188545,12.0,1.3333333333333333,12.103907511574484,100.0,Complete,True,True,True,,,,,,,,,,,,,,,,,,,0.0,,0,Insufficient,,,,
Uttar Pradesh,Gonda,Rice,2022-23,1.38,3.11,2264.0,4,True,2327.0,-2.7073485174043834,1.38,0.0,3.2,-2.8125000000000093,2327.0,-2.7073485174043834,1104.75,71,1,365,749.84,275.08,1393.18,-20.70299602348584,1860.3858333333333,1504.84,2044.39,209.03520410157685,12.0,1.6666666666666667,11.236121043076288,100.0,Complete,True,True,True,-2.7073485174043843,0.0,,,,12.103907511574484,,,,12.103907511574484,,,,98.37427689102309,,,,14.756141533653462,0.15,98.37427689102309,1,Very Limited,,Price volatility,,
Uttar Pradesh,Gonda,Rice,2023-24,1.3,3.44,2654.0,4,True,2264.0,17.226148409893995,1.38,-5.797101449275352,3.11,10.610932475884246,2295.5,15.617512524504464,1027.1,80,1,366,917.78,94.75,1248.965,-17.763908516251472,2067.69375,1824.215,2208.72,117.65474386999296,12.0,2.6666666666666665,5.690143613868977,100.0,Complete,True,True,True,17.22614840989398,-5.797101449275354,-2.7073485174043843,0.0,-20.70299602348584,11.236121043076288,2.7073485174043843,-0.0,20.70299602348584,11.236121043076288,12.640908869522043,-0.0,58.87628090075806,91.32135895913285,4.424318104332714,17.66288427022742,-0.0,13.698203843869928,0.9999999999999999,35.78540621843007,4,Complete,35.78540621843007,Rainfall anomaly,Price volatility,Yield trend
Uttar Pradesh,Gonda,Rice,2024-25,1.37,3.54,2590.0,4,True,2654.0,-2.41145440844009,1.3,5.3846153846153895,3.44,2.906976744186049,2415.0,7.246376811594203,1512.1,84,3,365,1392.12,6.0600000000000005,1175.01,28.68826648283844,2194.1670833333333,2061.61,2300.0,102.08862763791292,12.0,2.9166666666666665,4.652728063116415,100.0,Complete,True,True,True,-2.4114544084400946,5.384615384615388,17.22614840989398,-5.797101449275354,-17.763908516251472,5.690143613868977,0.0,5.797101449275354,17.763908516251472,5.690143613868977,0.0,61.85972543003396,50.51794757201969,46.246533434360245,0.0,15.155384271605907,12.371945086006793,6.936980015154036,0.9999999999999999,34.46430937276674,4,Complete,34.46430937276674,Rainfall anomaly,Area trend,Price volatility
Uttar Pradesh,Gonda,Wheat,2021-22,1.6,5.25,3275.0,4,True,,,,,,,,,1393.18,95,1,365,1104.13,233.09,,,1899.60125,1632.455,2024.195,126.53023088511664,12.0,2.083333333333333,6.6608837452131935,100.0,Complete,True,True,True,,,,,,,,,,,,,,,,,,,0.0,,0,Insufficient,,,,
Uttar Pradesh,Gonda,Wheat,2022-23,1.53,4.89,3188.0,4,True,3275.0,-2.6564885496183206,1.6,-4.375000000000004,5.25,-6.857142857142863,3275.0,-2.6564885496183206,1104.75,71,1,365,749.84,275.08,1393.18,-20.70299602348584,2314.684583333333,2036.395,2666.2,168.97525416541092,12.0,2.333333333333333,7.300141685917001,100.0,Complete,True,True,True,-2.656488549618319,-4.375000000000007,,,,6.6608837452131935,,,,6.6608837452131935,,,,54.13620529270558,,,,8.120430793905838,0.15,54.13620529270559,1,Very Limited,,Price volatility,,
Uttar Pradesh,Gonda,Wheat,2023-24,1.37,4.72,3435.0,4,True,3188.0,7.74780426599749,1.53,-10.457516339869276,4.89,-3.476482617586911,3231.5,6.297385115271546,1027.1,80,1,366,917.78,94.75,1248.965,-17.763908516251472,2410.1766666666667,2303.0550000000003,2560.0,87.41567948427202,12.0,2.6666666666666665,3.626940742280525,100.0,Complete,True,True,True,7.747804265997482,-10.457516339869278,-2.656488549618319,-4.375000000000007,-20.70299602348584,7.300141685917001,2.656488549618319,4.375000000000007,20.70299602348584,7.300141685917001,12.40343806967583,46.6847615354789,58.87628090075806,59.33176198408362,4.341203324386541,17.66288427022742,9.33695230709578,8.899764297612542,0.9999999999999999,40.24080419932229,4,Complete,40.24080419932229,Rainfall anomaly,Area trend,Price volatility
Uttar Pradesh,Gonda,Wheat,2024-25,1.42,5.25,3688.0,4,True,3435.0,7.365356622998544,1.37,3.649635036496337,4.72,11.22881355932204,3299.333333333333,11.78015760759749,1512.1,84,3,365,1392.12,6.0600000000000005,1175.01,28.68826648283844,2672.478333333333,2460.16,2930.0,181.6688553801985,12.0,3.0,6.797767192881461,100.0,Complete,True,True,True,7.365356622998553,3.649635036496335,7.747804265997482,-10.457516339869278,-17.763908516251472,3.626940742280525,0.0,10.457516339869278,17.763908516251472,3.626940742280525,0.0,100.0,50.51794757201969,29.47789154099581,0.0,15.155384271605907,20.0,4.421683731149371,0.9999999999999999,39.57706800275529,4,Complete,39.57706800275529,Area trend,Rainfall anomaly,Price volatility
Uttar Pradesh,Gorakhpur,Maize,2021-22,0.03,0.01,435.0,4,True,,,,,,,,,1215.79,88,1,365,981.53,208.44,,,,,,,0.0,0.0,,0.0,Low,False,True,True,,,,,,,,,,,,,,,,,,,0.0,,0,Insufficient,,,,
Uttar Pradesh,Gorakhpur,Maize,2022-23,0.04,0.05,1339.0,4,True,435.0,207.81609195402297,0.03,33.33333333333334,0.01,400.0,435.0,207.81609195402297,973.92,74,1,365,709.55,201.75,1215.79,-19.8940606519218,2141.872727272727,2030.36,2229.47,58.18375118379861,11.0,1.0,2.716489660797199,91.66666666666666,Good,True,True,True,207.81609195402297,33.33333333333335,,,,,,,,,,,,,,,,,0.0,,0,Insufficient,,,,
Uttar Pradesh,Gorakhpur,Maize,2023-24,0.06,0.15,2469.0,4,True,1339.0,84.3913368185213,0.04,49.99999999999999,0.05,200.0,887.0,178.35400225479142,833.07,79,0,366,724.89,99.7,1094.855,-23.910472162980483,2167.935,2035.12,2271.73,76.27593645323667,12.0,1.0,3.518368237665644,100.0,Complete,True,True,True,84.3913368185213,50.0,207.81609195402297,33.33333333333335,-19.8940606519218,2.716489660797199,0.0,0.0,19.8940606519218,2.716489660797199,0.0,0.0,56.575787478804315,22.07821778275495,0.0,16.972736243641293,0.0,3.3117326674132426,0.9999999999999999,20.28446891105454,4,Complete,20.28446891105454,Rainfall anomaly,Price volatility,
Uttar Pradesh,Gorakhpur,Maize,2024-25,0.03,0.09,2960.0,4,True,2469.0,19.886593762656947,0.06,-50.0,0.15,-40.0,1414.3333333333333,109.28588263021447,1172.31,78,1,365,1071.17,4.32,1007.5933333333332,16.34753438887382,2426.096666666667,2267.22,2625.61,109.79174123049616,12.0,1.0,4.525447923777268,100.0,Complete,True,True,True,19.886593762656958,-50.0,84.3913368185213,50.0,-23.910472162980483,3.518368237665644,0.0,0.0,23.910472162980483,3.518368237665644,0.0,0.0,67.99787209254195,28.595470585488457,0.0,20.399361627762584,0.0,4.289320587823268,0.9999999999999999,24.688682215585857,4,Complete,24.688682215585857,Rainfall anomaly,Price volatility,
Uttar Pradesh,Gorakhpur,Rice,2021-22,1.56,3.49,2232.0,4,True,,,,,,,,,1215.79,88,1,365,981.53,208.44,,,1624.2970833333331,1350.05,1940.0,244.66743919468183,12.0,2.75,15.06297349820901,100.0,Complete,True,True,True,,,,,,,,,,,,,,,,,,,0.0,,0,Insufficient,,,,
Uttar Pradesh,Gorakhpur,Rice,2022-23,1.53,3.65,2391.0,4,True,2232.0,7.123655913978495,1.56,-1.923076923076925,3.49,4.584527220630363,2232.0,7.123655913978495,973.92,74,1,365,709.55,201.75,1215.79,-19.8940606519218,1837.659583333333,1549.41,2040.0,194.3785264334693,12.0,3.75,10.577504571379096,100.0,Complete,True,True,True,7.123655913978499,-1.9230769230769273,,,,15.06297349820901,,,,15.06297349820901,,,,100.0,,,,15.0,0.15,100.0,1,Very Limited,,Price volatility,,
Uttar Pradesh,Gorakhpur,Rice,2023-24,1.49,4.27,2871.0,4,True,2391.0,20.075282308657467,1.53,-2.6143790849673225,3.65,16.986301369863003,2311.5,24.20506164828034,833.07,79,0,366,724.89,99.7,1094.855,-23.910472162980483,2112.99875,1953.25,2185.0,102.08728186581337,12.0,2.25,4.831393386570312,100.0,Complete,True,True,True,20.07528230865747,-2.614379084967322,7.123655913978499,-1.9230769230769273,-19.8940606519218,10.577504571379096,0.0,1.9230769230769273,19.8940606519218,10.577504571379096,0.0,20.520774301309416,56.575787478804315,85.96846617721336,0.0,16.972736243641293,4.104154860261883,12.895269926582003,0.9999999999999999,33.97216103048519,4,Complete,33.97216103048519,Rainfall anomaly,Price volatility,Area trend
Uttar Pradesh,Gorakhpur,Rice,2024-25,1.54,4.42,2877.0,4,True,2871.0,0.2089864158829676,1.49,3.35570469798658,4.27,3.5128805620608987,2498.0,15.172137710168135,1172.31,78,1,365,1071.17,4.32,1007.5933333333332,16.34753438887382,2273.8058333333333,2194.89,2368.235,44.44268892902868,12.0,2.6666666666666665,1.954550748243837,100.0,Complete,True,True,True,0.2089864158829613,3.3557046979865834,20.07528230865747,-2.614379084967322,-23.910472162980483,4.831393386570312,0.0,2.614379084967322,23.910472162980483,4.831393386570312,0.0,27.897523233152626,67.99787209254195,39.26705738005926,0.0,20.399361627762584,5.579504646630525,5.890058607008889,0.9999999999999999,31.868924881402002,4,Complete,31.868924881402002,Rainfall anomaly,Price volatility,Area trend
Uttar Pradesh,Gorakhpur,Wheat,2021-22,2.02,7.33,3630.0,4,True,,,,,,,,,1215.79,88,1,365,981.53,208.44,,,1862.8608333333327,1621.535,2015.0,144.44575776258046,12.0,4.0,7.753974702668187,100.0,Complete,True,True,True,,,,,,,,,,,,,,,,,,,0.0,,0,Insufficient,,,,
Uttar Pradesh,Gorakhpur,Wheat,2022-23,1.97,7.42,3775.0,4,True,3630.0,3.994490358126722,2.02,-2.475247524752477,7.33,1.227830832196451,3630.0,3.994490358126722,973.92,74,1,365,709.55,201.75,1215.79,-19.8940606519218,2282.110416666667,2021.02,2597.965,185.2309781358783,12.0,3.8333333333333335,8.116652760668494,100.0,Complete,True,True,True,3.994490358126712,-2.4752475247524774,,,,7.753974702668187,,,,7.753974702668187,,,,63.0202811510945,,,,9.453042172664174,0.15,63.0202811510945,1,Very Limited,,Price volatility,,
Uttar Pradesh,Gorakhpur,Wheat,2023-24,1.61,6.35,3930.0,4,True,3775.0,4.105960264900662,1.97,-18.274111675126896,7.42,-14.42048517520216,3702.5,6.144496961512492,833.07,79,0,366,724.89,99.7,1094.855,-23.910472162980483,2347.8525,2258.07,2451.3450000000003,60.29547237261162,12.0,2.6666666666666665,2.568111598689084,100.0,Complete,True,True,True,4.1059602649006655,-18.274111675126903,3.994490358126712,-2.4752475247524774,-19.8940606519218,8.116652760668494,0.0,2.4752475247524774,19.8940606519218,8.116652760668494,0.0,26.412877813566542,56.575787478804315,65.96794013360928,0.0,16.972736243641293,5.282575562713308,9.895191020041391,0.9999999999999999,32.150502826396,4,Complete,32.150502826396,Rainfall anomaly,Price volatility,Area trend
Uttar Pradesh,Gorakhpur,Wheat,2024-25,1.73,6.93,4002.0,4,True,3930.0,1.8320610687022905,1.61,7.453416149068315,6.35,9.133858267716535,3778.3333333333335,5.919717688575205,1172.31,78,1,365,1071.17,4.32,1007.5933333333332,16.34753438887382,2574.2975,2399.71,2821.52,137.06174011106364,12.0,2.833333333333333,5.324238558716063,100.0,Complete,True,True,True,1.8320610687022842,7.453416149068315,4.1059602649006655,-18.274111675126903,-23.910472162980483,2.568111598689084,0.0,18.274111675126903,23.910472162980483,2.568111598689084,0.0,100.0,67.99787209254195,20.872277919746335,0.0,20.399361627762584,20.0,3.1308416879619503,0.9999999999999999,43.53020331572454,4,Complete,43.53020331572454,Rainfall anomaly,Area trend,Price volatility
Uttar Pradesh,Hamirpur,Maize,2023-24,0.0,0.0,2563.0,2,False,,,,,,,,,695.93,63,0,366,593.49,99.69,989.71,-29.68344262460721,,,,,,,,,,False,True,True,,,,,,,,,,,,,,,,,,,0.0,,0,Insufficient,,,,
Uttar Pradesh,Hamirpur,Maize,2024-25,0.01,0.03,3455.0,2,False,2563.0,34.80296527506828,0.0,,0.0,,2563.0,34.80296527506828,844.3,75,0,365,801.88,15.77,891.7833333333333,-5.3245369764703705,,,,,,,,,,False,True,True,34.802965275068274,,,,-29.68344262460721,,,,29.68344262460721,,,,84.41535244876363,,,25.32460573462909,,,0.3,84.41535244876363,1,Very Limited,,Rainfall anomaly,,
Uttar Pradesh,Hamirpur,Rice,2021-22,0.0,0.0,2373.0,4,True,,,,,,,,,914.31,66,0,365,726.79,163.81,,,1733.07,1402.7,1940.0,253.81803843173424,7.0,1.0,14.645573371631512,58.333333333333336,Moderate,True,True,True,,,,,,,,,,,,,,,,,,,0.0,,0,Insufficient,,,,
Uttar Pradesh,Hamirpur,Rice,2022-23,0.01,0.01,2411.0,4,True,2373.0,1.6013485040033713,0.0,,0.0,,2373.0,1.6013485040033713,1065.11,73,0,365,835.62,164.86,914.31,16.493311896402748,2008.956875,1850.0,2294.41,140.71360643259692,8.0,1.625,7.004311948338708,66.66666666666666,Moderate,True,True,True,1.6013485040033748,,,,,14.645573371631512,,,,14.645573371631512,,,,100.0,,,,15.0,0.15,100.0,1,Very Limited,,Price volatility,,
Uttar Pradesh,Hamirpur,Rice,2023-24,0.0,0.0,2390.0,4,True,2411.0,-0.8710078805474907,0.01,-100.0,0.01,-100.0,2392.0,-0.0836120401337792,695.93,63,0,366,593.49,99.69,989.71,-29.68344262460721,2216.8254166666666,1900.0,2800.0,315.71471298870097,12.0,1.1666666666666667,14.241749062198409,100.0,Complete,True,True,True,-0.8710078805474919,-100.0,1.6013485040033748,,16.493311896402748,7.004311948338708,0.0,,16.493311896402748,7.004311948338708,0.0,,46.904557344977015,56.92741144775504,0.0,14.071367203493104,,8.539111717163255,0.7999999999999999,28.26309865082045,3,Good,28.26309865082045,Rainfall anomaly,Price volatility,
Uttar Pradesh,Hamirpur,Rice,2024-25,0.2,0.41,2100.0,4,True,2390.0,-12.133891213389122,0.0,,0.0,,2391.333333333333,-12.182882631725684,844.3,75,0,365,801.88,15.77,891.7833333333333,-5.3245369764703705,2449.2905,1900.0,2671.3,238.81838681365767,10.0,0.9166666666666666,9.750512926647849,83.33333333333334,Good,True,True,True,-12.133891213389125,,-0.8710078805474919,-100.0,-29.68344262460721,14.241749062198409,0.8710078805474919,100.0,29.68344262460721,14.241749062198409,4.066831873272201,100.0,84.41535244876363,100.0,1.4233911556452703,25.32460573462909,20.0,15.0,0.9999999999999999,61.747996890274365,4,Complete,61.747996890274365,Rainfall anomaly,Area trend,Price volatility
Uttar Pradesh,Hamirpur,Wheat,2021-22,1.18,3.78,3214.0,4,True,,,,,,,,,914.31,66,0,365,726.79,163.81,,,1881.2558333333327,1596.74,2025.43,138.8449601965074,12.0,5.0,7.380440115393169,100.0,Complete,True,True,True,,,,,,,,,,,,,,,,,,,0.0,,0,Insufficient,,,,
Uttar Pradesh,Hamirpur,Wheat,2022-23,1.44,4.62,3217.0,4,True,3214.0,0.0933416303671437,1.18,22.033898305084747,3.78,22.222222222222232,3214.0,0.0933416303671437,1065.11,73,0,365,835.62,164.86,914.31,16.493311896402748,2269.940416666667,2039.76,2664.98,186.49753121030275,12.0,4.166666666666667,8.215965927606517,100.0,Complete,True,True,True,0.0933416303671386,22.033898305084755,,,,7.380440115393169,,,,7.380440115393169,,,,59.98438593446072,,,,8.997657890169107,0.15,59.98438593446071,1,Very Limited,,Price volatility,,
Uttar Pradesh,Hamirpur,Wheat,2023-24,1.29,4.28,3329.0,4,True,3217.0,3.481504507304942,1.44,-10.41666666666666,4.62,-7.359307359307356,3215.5,3.5297776395583886,695.93,63,0,366,593.49,99.69,989.71,-29.68344262460721,2310.12625,2164.61,2415.54,66.54758018020557,12.0,3.583333333333333,2.8806901865300905,100.0,Complete,True,True,True,3.4815045073049333,-10.416666666666663,0.0933416303671386,22.033898305084755,16.493311896402748,8.215965927606517,0.0,0.0,16.493311896402748,8.215965927606517,0.0,0.0,46.904557344977015,66.77510599917319,0.0,14.071367203493104,0.0,10.016265899875979,0.9999999999999999,24.087633103369086,4,Complete,24.087633103369086,Rainfall anomaly,Price volatility,
Uttar Pradesh,Hamirpur,Wheat,2024-25,1.36,4.51,3312.0,4,True,3329.0,-0.5106638630219285,1.29,5.426356589147292,4.28,5.373831775700923,3253.333333333333,1.8032786885245853,844.3,75,0,365,801.88,15.77,891.7833333333333,-5.3245369764703705,2541.0750000000003,2345.1400000000003,2820.3450000000003,164.89203521478134,12.0,3.1666666666666665,6.489066053334961,100.0,Complete,True,True,True,-0.5106638630219318,5.4263565891472965,3.4815045073049333,-10.416666666666663,-29.68344262460721,2.8806901865300905,0.0,10.416666666666663,29.68344262460721,2.8806901865300905,0.0,100.0,84.41535244876363,23.4127544163712,0.0,25.32460573462909,20.0,3.51191316245568,0.9999999999999999,48.83651889708477,4,Complete,48.83651889708477,Rainfall anomaly,Area trend,Price volatility
Uttar Pradesh,Hapur,Maize,2021-22,0.02,0.04,2320.0,4,True,,,,,,,,,1076.17,67,0,365,815.93,216.11,,,,,,,,,,,,False,True,True,,,,,,,,,,,,,,,,,,,0.0,,0,Insufficient,,,,
Uttar Pradesh,Hapur,Maize,2022-23,0.02,0.04,2334.0,4,True,2320.0,0.603448275862069,0.02,0.0,0.04,0.0,2320.0,0.603448275862069,887.89,71,2,365,573.6800000000001,221.33,1076.17,-17.49537712443202,,,,,,,,,,False,True,True,0.603448275862073,0.0,,,,,,,,,,,,,,,,,0.0,,0,Insufficient,,,,
Uttar Pradesh,Hapur,Maize,2023-24,0.03,0.08,2249.0,4,True,2334.0,-3.641816623821765,0.02,49.99999999999999,0.04,100.0,2327.0,-3.35195530726257,710.71,50,1,366,645.59,58.6,982.03,-27.628483854872044,,,,,,,,,,False,True,True,-3.6418166238217697,50.0,0.603448275862073,0.0,-17.49537712443202,,0.0,-0.0,17.49537712443202,,0.0,-0.0,49.754283721749026,,0.0,14.926285116524706,-0.0,,0.8499999999999999,17.56033543120554,3,Good,17.56033543120554,Rainfall anomaly,,
Uttar Pradesh,Hapur,Maize,2024-25,0.0,0.0,3092.0,4,True,2249.0,37.48332592263228,0.03,-100.0,0.08,-100.0,2301.0,34.37635810517167,923.0,71,0,365,784.26,42.31,891.59,3.5229197276775164,,,,,,,,,,False,True,True,37.48332592263228,-100.0,-3.6418166238217697,50.0,-27.628483854872044,,3.6418166238217697,0.0,27.628483854872044,,17.004043537541076,0.0,78.5713514341688,,5.951415238139377,23.57140543025064,0.0,,0.8499999999999999,34.732730198105905,3,Good,34.732730198105905,Rainfall anomaly,Yield trend,
Uttar Pradesh,Hapur,Rice,2021-22,0.21,0.55,2673.0,4,True,,,,,,,,,1076.17,67,0,365,815.93,216.11,,,,,,,,,,,,False,True,True,,,,,,,,,,,,,,,,,,,0.0,,0,Insufficient,,,,
Uttar Pradesh,Hapur,Rice,2022-23,0.24,0.59,2404.0,4,True,2673.0,-10.063598952487842,0.21,14.285714285714285,0.55,7.272727272727258,2673.0,-10.063598952487842,887.89,71,2,365,573.6800000000001,221.33,1076.17,-17.49537712443202,,,,,,,,,,False,True,True,-10.06359895248784,14.28571428571428,,,,,,,,,,,,,,,,,0.0,,0,Insufficient,,,,
Uttar Pradesh,Hapur,Rice,2023-24,0.19,0.48,2512.0,4,True,2404.0,4.492512479201332,0.24,-20.83333333333333,0.59,-18.64406779661017,2538.5,-1.0439235769155013,710.71,50,1,366,645.59,58.6,982.03,-27.628483854872044,,,,,,,,,,False,True,True,4.492512479201327,-20.833333333333325,-10.06359895248784,14.28571428571428,-17.49537712443202,,10.06359895248784,0.0,17.49537712443202,,46.988053603006094,0.0,49.754283721749026,,16.44581876105213,14.926285116524706,0.0,,0.8499999999999999,36.90835750303158,3,Good,36.90835750303158,Yield trend,Rainfall anomaly,
Uttar Pradesh,Hapur,Rice,2024-25,0.15,0.38,2470.0,4,True,2512.0,-1.6719745222929936,0.19,-21.052631578947373,0.48,-20.83333333333333,2529.6666666666665,-2.358677032547102,923.0,71,0,365,784.26,42.31,891.59,3.5229197276775164,,,,,,,,,,False,True,True,-1.671974522292996,-21.052631578947366,4.492512479201327,-20.833333333333325,-27.628483854872044,,0.0,20.833333333333325,27.628483854872044,,0.0,100.0,78.5713514341688,,0.0,23.57140543025064,20.0,,0.8499999999999999,51.26047697676546,3,Good,51.26047697676546,Rainfall anomaly,Area trend,
Uttar Pradesh,Hapur,Wheat,2021-22,0.45,1.98,4375.0,4,True,,,,,,,,,1076.17,67,0,365,815.93,216.11,,,,,,,,,,,,False,True,True,,,,,,,,,,,,,,,,,,,0.0,,0,Insufficient,,,,
Uttar Pradesh,Hapur,Wheat,2022-23,0.41,1.74,4242.0,4,True,4375.0,-3.04,0.45,-8.888888888888896,1.98,-12.12121212121212,4375.0,-3.04,887.89,71,2,365,573.6800000000001,221.33,1076.17,-17.49537712443202,,,,,,,,,,False,True,True,-3.0399999999999983,-8.888888888888902,,,,,,,,,,,,,,,,,0.0,,0,Insufficient,,,,
Uttar Pradesh,Hapur,Wheat,2023-24,0.34,1.55,4556.0,4,True,4242.0,7.402168788307402,0.41,-17.073170731707307,1.74,-10.919540229885056,4308.5,5.74445862829291,710.71,50,1,366,645.59,58.6,982.03,-27.628483854872044,,,,,,,,,,False,True,True,7.402168788307395,-17.07317073170731,-3.0399999999999983,-8.888888888888902,-17.49537712443202,,3.0399999999999983,8.888888888888902,17.49537712443202,,14.194095335826734,94.85157899271901,49.754283721749026,,4.967933367539357,14.926285116524706,18.970315798543805,,0.8499999999999999,45.72298150895043,3,Good,45.72298150895043,Area trend,Rainfall anomaly,Yield trend
Uttar Pradesh,Hapur,Wheat,2024-25,0.41,1.56,3840.0,4,True,4556.0,-15.715539947322211,0.34,20.58823529411763,1.55,0.6451612903225812,4391.0,-12.54839444317923,923.0,71,0,365,784.26,42.31,891.59,3.5229197276775164,,,,,,,,,,False,True,True,-15.71553994732221,20.58823529411764,7.402168788307395,-17.07317073170731,-27.628483854872044,,0.0,17.07317073170731,27.628483854872044,,0.0,100.0,78.5713514341688,,0.0,23.57140543025064,20.0,,0.8499999999999999,51.26047697676546,3,Good,51.26047697676546,Rainfall anomaly,Area trend,
Uttar Pradesh,Hardoi,Maize,2021-22,0.42,0.8,1906.0,4,True,,,,,,,,,1136.6,59,1,365,617.55,471.9,,,1711.0641666666668,1498.68,1929.05,148.80223278251103,12.0,3.6666666666666665,8.696472971694186,100.0,Complete,True,True,True,,,,,,,,,,,,,,,,,,,0.0,,0,Insufficient,,,,
Uttar Pradesh,Hardoi,Maize,2022-23,0.42,1.01,2404.0,4,True,1906.0,26.12801678908709,0.42,0.0,0.8,26.25,1906.0,26.12801678908709,800.09,66,0,365,495.53,243.93,1136.6,-29.60672180186521,2007.4804166666663,1966.42,2031.335,23.775209057329032,12.0,3.583333333333333,1.1843308089055598,100.0,Complete,True,True,True,26.128016789087095,0.0,,,,8.696472971694186,,,,8.696472971694186,,,,70.68041781339231,,,,10.602062672008847,0.15,70.68041781339231,1,Very Limited,,Price volatility,,
Uttar Pradesh,Hardoi,Maize,2023-24,0.44,1.07,2441.0,4,True,2404.0,1.5391014975041597,0.42,4.761904761904766,1.01,5.940594059405946,2155.0,13.271461716937354,764.21,61,0,366,690.95,61.75,968.345,-21.08081313994496,2088.51375,2024.505,2133.13,46.14111926396896,12.0,4.916666666666667,2.2092801287024786,100.0,Complete,True,True,True,1.5391014975041584,4.761904761904767,26.128016789087095,0.0,-29.60672180186521,1.1843308089055598,0.0,-0.0,29.60672180186521,1.1843308089055598,0.0,-0.0,84.19716969368937,9.625626006678688,0.0,25.25915090810681,-0.0,1.4438439010018032,0.9999999999999999,26.702994809108617,4,Complete,26.702994809108617,Rainfall anomaly,Price volatility,
Uttar Pradesh,Hardoi,Maize,2024-25,0.21,0.49,2291.0,4,True,2441.0,-6.145022531749283,0.44,-52.27272727272727,1.07,-54.20560747663552,2250.333333333333,1.8071396830099176,947.26,72,1,365,901.41,11.45,900.3000000000001,5.21603909807841,2259.7583333333337,2129.01,2326.63,72.09768270558477,12.0,5.0,3.1905041190504044,100.0,Complete,True,True,True,-6.145022531749278,-52.27272727272727,1.5391014975041584,4.761904761904767,-21.08081313994496,2.2092801287024786,0.0,0.0,21.08081313994496,2.2092801287024786,0.0,0.0,59.950737305643955,17.955882007771677,0.0,17.985221191693185,0.0,2.6933823011657516,0.9999999999999999,20.67860349285894,4,Complete,20.67860349285894,Rainfall anomaly,Price volatility,
Uttar Pradesh,Hardoi,Rice,2021-22,1.52,4.11,2706.0,4,True,,,,,,,,,1136.6,59,1,365,617.55,471.9,,,1688.1854166666665,1418.23,1940.0,212.23138697120123,12.0,2.583333333333333,12.571568553782056,100.0,Complete,True,True,True,,,,,,,,,,,,,,,,,,,0.0,,0,Insufficient,,,,
Uttar Pradesh,Hardoi,Rice,2022-23,1.48,3.95,2677.0,4,True,2706.0,-1.071692535107169,1.52,-2.6315789473684235,4.11,-3.892944038929443,2706.0,-1.071692535107169,800.09,66,0,365,495.53,243.93,1136.6,-29.60672180186521,1914.4983333333328,1774.915,2050.3050000000003,105.39928694198454,12.0,4.5,5.505321425820927,100.0,Complete,True,True,True,-1.0716925351071716,-2.631578947368418,,,,12.571568553782056,,,,12.571568553782056,,,,100.0,,,,15.0,0.15,100.0,1,Very Limited,,Price volatility,,
Uttar Pradesh,Hardoi,Rice,2023-24,1.42,3.92,2764.0,4,True,2677.0,3.249906611878969,1.48,-4.054054054054058,3.95,-0.7594936708860822,2691.5,2.693665242429872,764.21,61,0,366,690.95,61.75,968.345,-21.08081313994496,2133.3833333333337,2036.75,2213.78,59.958009296405685,12.0,4.916666666666667,2.8104658154764657,100.0,Complete,True,True,True,3.249906611878961,-4.054054054054057,-1.0716925351071716,-2.631578947368418,-29.60672180186521,5.505321425820927,1.0716925351071716,2.631578947368418,29.60672180186521,5.505321425820927,5.003850662501658,28.08105957021279,84.19716969368937,44.74439463453406,1.7513477318755801,25.25915090810681,5.616211914042559,6.711659195180109,0.9999999999999999,39.33836974920507,4,Complete,39.33836974920507,Rainfall anomaly,Price volatility,Area trend
Uttar Pradesh,Hardoi,Rice,2024-25,1.81,5.01,2765.0,4,True,2764.0,0.0361794500723589,1.42,27.46478873239437,3.92,27.806122448979583,2715.6666666666665,1.8166196145820608,947.26,72,1,365,901.41,11.45,900.3000000000001,5.21603909807841,2242.14,2130.69,2302.3,59.56441707780061,12.0,5.0,2.656587772297921,100.0,Complete,True,True,True,0.03617945007234891,27.464788732394375,3.249906611878961,-4.054054054054057,-21.08081313994496,2.8104658154764657,0.0,4.054054054054057,21.08081313994496,2.8104658154764657,0.0,43.26001068924681,59.950737305643955,22.842007183221813,0.0,17.985221191693185,8.652002137849363,3.426301077483272,0.9999999999999999,30.063524407025827,4,Complete,30.063524407025827,Rainfall anomaly,Area trend,Price volatility
Uttar Pradesh,Hardoi,Wheat,2021-22,3.29,12.48,3792.0,4,True,,,,,,,,,1136.6,59,1,365,617.55,471.9,,,1897.9558333333327,1620.91,2047.63,138.07932247334125,12.0,5.083333333333333,7.275159940409989,100.0,Complete,True,True,True,,,,,,,,,,,,,,,,,,,0.0,,0,Insufficient,,,,
Uttar Pradesh,Hardoi,Wheat,2022-23,3.06,11.97,3913.0,4,True,3792.0,3.190928270042194,3.29,-6.990881458966565,12.48,-4.08653846153846,3792.0,3.190928270042194,800.09,66,0,365,495.53,243.93,1136.6,-29.60672180186521,2310.3879166666666,2067.915,2627.45,164.3940555281498,12.0,5.416666666666667,7.115430891160946,100.0,Complete,True,True,True,3.1909282700421926,-6.9908814589665695,,,,7.275159940409989,,,,7.275159940409989,,,,59.12872332509041,,,,8.869308498763562,0.15,59.12872332509042,1,Very Limited,,Price volatility,,
Uttar Pradesh,Hardoi,Wheat,2023-24,2.92,10.89,3733.0,4,True,3913.0,-4.600051111679019,3.06,-4.575163398692815,11.97,-9.022556390977442,3852.5,-3.1018818948734586,764.21,61,0,366,690.95,61.75,968.345,-21.08081313994496,2369.2879166666667,2264.225,2481.5,74.87580545805449,12.0,5.666666666666667,3.1602662104231167,100.0,Complete,True,True,True,-4.600051111679015,-4.575163398692816,3.1909282700421926,-6.9908814589665695,-29.60672180186521,7.115430891160946,0.0,6.9908814589665695,29.60672180186521,7.115430891160946,0.0,74.59831630506389,84.19716969368937,57.83052853110844,0.0,25.25915090810681,14.91966326101278,8.674579279666267,0.9999999999999999,48.853393448785866,4,Complete,48.853393448785866,Rainfall anomaly,Area trend,Price volatility
Uttar Pradesh,Hardoi,Wheat,2024-25,3.07,11.37,3699.0,4,True,3733.0,-0.9107956067506028,2.92,5.13698630136986,10.89,4.407713498622577,3812.6666666666665,-2.9812904353907985,947.26,72,1,365,901.41,11.45,900.3000000000001,5.21603909807841,2608.0066666666667,2417.06,2857.76,165.54913677781218,12.0,5.583333333333333,6.347726748313994,100.0,Complete,True,True,True,-0.9107956067506029,5.13698630136985,-4.600051111679015,-4.575163398692816,-21.08081313994496,3.1602662104231167,4.600051111679015,4.575163398692816,21.08081313994496,3.1602662104231167,21.478146062120963,48.820665658017134,59.950737305643955,25.6850032054704,7.517351121742337,17.985221191693185,9.764133131603428,3.85275048082056,0.9999999999999999,39.11945592585952,4,Complete,39.11945592585952,Rainfall anomaly,Area trend,Yield trend
Uttar Pradesh,Hathras,Maize,2021-22,0.04,0.11,2654.0,4,True,,,,,,,,,859.58,64,1,365,674.67,161.1,,,1671.7191666666668,1471.98,1942.52,153.15336409679904,6.0,1.0,9.161428973873644,50.0,Moderate,True,True,True,,,,,,,,,,,,,,,,,,,0.0,,0,Insufficient,,,,
Uttar Pradesh,Hathras,Maize,2022-23,0.05,0.13,2857.0,4,True,2654.0,7.648831951770912,0.04,25.000000000000007,0.11,18.181818181818183,2654.0,7.648831951770912,780.06,67,1,365,552.15,156.13,859.58,-9.251029572581968,2184.752916666667,1825.36,2352.98,192.25882737102944,12.0,1.6666666666666667,8.800026122146738,100.0,Complete,True,True,True,7.648831951770907,25.0,,,,9.161428973873644,,,,9.161428973873644,,,,74.45933883181598,,,,11.168900824772397,0.15,74.45933883181598,1,Very Limited,,Price volatility,,
Uttar Pradesh,Hathras,Maize,2023-24,0.09,0.3,3510.0,4,True,2857.0,22.856142807140355,0.05,79.99999999999999,0.13,130.76923076923077,2755.5,27.38160043549265,659.46,52,0,366,594.34,56.21,819.8199999999999,-19.56039130540849,1999.45625,1724.305,2197.3,169.91425728243323,12.0,1.4166666666666667,8.498023264196616,100.0,Complete,True,True,True,22.856142807140365,79.99999999999999,7.648831951770907,25.0,-9.251029572581968,8.800026122146738,0.0,0.0,9.251029572581968,8.800026122146738,0.0,0.0,26.308569789545285,71.52204406390817,0.0,7.892570936863585,0.0,10.728306609586225,0.9999999999999999,18.620877546449815,4,Complete,18.620877546449815,Price volatility,Rainfall anomaly,
Uttar Pradesh,Hathras,Maize,2024-25,0.1,0.35,3426.0,4,True,3510.0,-2.393162393162393,0.09,11.11111111111112,0.3,16.666666666666664,3007.0,13.934153641503158,961.4,76,1,365,887.71,31.86,766.3666666666667,25.449088773868034,2202.310833333333,1763.675,2415.88,178.26452021483206,12.0,1.6666666666666667,8.094430518920788,100.0,Complete,True,True,True,-2.3931623931623958,11.111111111111116,22.856142807140365,79.99999999999999,-19.56039130540849,8.498023264196616,0.0,0.0,19.56039130540849,8.498023264196616,0.0,0.0,55.62688084949308,69.06752160977872,0.0,16.688064254847923,0.0,10.360128241466809,0.9999999999999999,27.048192496314737,4,Complete,27.048192496314737,Rainfall anomaly,Price volatility,
Uttar Pradesh,Hathras,Rice,2021-22,0.22,0.54,2412.0,4,True,,,,,,,,,859.58,64,1,365,674.67,161.1,,,2327.31,2315.77,2338.85,16.320024509785465,2.0,0.6666666666666666,,16.666666666666664,Low,True,True,True,,,,,,,,,,,,,,,,,,,0.0,,0,Insufficient,,,,
Uttar Pradesh,Hathras,Rice,2022-23,0.22,0.55,2492.0,4,True,2412.0,3.316749585406302,0.22,0.0,0.54,1.8518518518518527,2412.0,3.316749585406302,780.06,67,1,365,552.15,156.13,859.58,-9.251029572581968,2040.0,2040.0,2040.0,,1.0,0.3333333333333333,,8.333333333333332,Low,True,True,True,3.316749585406309,0.0,,,,,,,,,,,,,,,,,0.0,,0,Insufficient,,,,
Uttar Pradesh,Hathras,Rice,2023-24,0.22,0.58,2598.0,4,True,2492.0,4.253611556982344,0.22,0.0,0.55,5.454545454545439,2452.0,5.954323001631321,659.46,52,0,366,594.34,56.21,819.8199999999999,-19.56039130540849,2558.27375,2135.76,2816.23,236.6931434783077,8.0,0.8888888888888888,9.25206473616468,66.66666666666666,Moderate,True,True,True,4.25361155698234,0.0,3.316749585406309,0.0,-9.251029572581968,,0.0,-0.0,9.251029572581968,,0.0,-0.0,26.308569789545285,,0.0,7.892570936863585,-0.0,,0.8499999999999999,9.285377572780689,3,Good,9.285377572780689,Rainfall anomaly,,
Uttar Pradesh,Hathras,Rice,2024-25,0.62,1.61,2604.0,4,True,2598.0,0.23094688221709,0.22,181.81818181818184,0.58,177.58620689655177,2500.6666666666665,4.132231404958684,961.4,76,1,365,887.71,31.86,766.3666666666667,25.449088773868034,2357.02,2357.02,2357.02,,1.0,0.125,,8.333333333333332,Low,True,True,True,0.23094688221709792,181.81818181818184,4.25361155698234,0.0,-19.56039130540849,9.25206473616468,0.0,-0.0,19.56039130540849,9.25206473616468,0.0,-0.0,55.62688084949308,75.19597925701102,0.0,16.688064254847923,-0.0,11.279396888551652,0.9999999999999999,27.96746114339958,4,Complete,27.96746114339958,Rainfall anomaly,Price volatility,
Uttar Pradesh,Hathras,Wheat,2021-22,0.86,3.4,3968.0,4,True,,,,,,,,,859.58,64,1,365,674.67,161.1,,,1920.775833333333,1609.02,2070.815,150.36837981850582,12.0,2.0,7.828523100353416,100.0,Complete,True,True,True,,,,,,,,,,,,,,,,,,,0.0,,0,Insufficient,,,,
Uttar Pradesh,Hathras,Wheat,2022-23,0.79,3.17,4028.0,4,True,3968.0,1.5120967741935485,0.86,-8.139534883720925,3.4,-6.764705882352941,3968.0,1.5120967741935485,780.06,67,1,365,552.15,156.13,859.58,-9.251029572581968,2354.8879166666666,2076.915,2719.395,205.7603332261981,12.0,2.0,8.73758499374573,100.0,Complete,True,True,True,1.5120967741935498,-8.139534883720923,,,,7.828523100353416,,,,7.828523100353416,,,,63.62617182802308,,,,9.543925774203462,0.15,63.62617182802308,1,Very Limited,,Price volatility,,
Uttar Pradesh,Hathras,Wheat,2023-24,0.72,2.84,3921.0,4,True,4028.0,-2.656405163853029,0.79,-8.860759493670892,3.17,-10.410094637223978,3998.0,-1.9259629814907453,659.46,52,0,366,594.34,56.21,819.8199999999999,-19.56039130540849,2348.6808333333333,2194.42,2460.715,98.7243443274191,12.0,2.0,4.203395494453196,100.0,Complete,True,True,True,-2.656405163853026,-8.860759493670889,1.5120967741935498,-8.139534883720923,-9.251029572581968,8.73758499374573,0.0,8.139534883720923,9.251029572581968,8.73758499374573,0.0,86.85537029856518,26.308569789545285,71.0145549866135,0.0,7.892570936863585,17.371074059713035,10.652183247992026,0.9999999999999999,35.91582824456865,4,Complete,35.91582824456865,Area trend,Price volatility,Rainfall anomaly
Uttar Pradesh,Hathras,Wheat,2024-25,0.68,2.69,3958.0,4,True,3921.0,0.9436368273399643,0.72,-5.555555555555546,2.84,-5.281690140845067,3972.3333333333335,-0.3608290677183893,961.4,76,1,365,887.71,31.86,766.3666666666667,25.449088773868034,2633.968333333333,2402.935,2916.295,179.50393979385294,12.0,2.0,6.814961953877689,100.0,Complete,True,True,True,0.9436368273399554,-5.5555555555555465,-2.656405163853026,-8.860759493670889,-19.56039130540849,4.203395494453196,2.656405163853026,8.860759493670889,19.56039130540849,4.203395494453196,12.403048732339576,94.5514157680584,55.62688084949308,34.163016518293645,4.341067056318852,16.688064254847923,18.910283153611683,5.124452477744047,0.9999999999999999,45.063866942522516,4,Complete,45.063866942522516,Area trend,Rainfall anomaly,Price volatility
Uttar Pradesh,Jalaun,Maize,2021-22,0.0,0.0,1909.0,4,True,,,,,,,,,919.19,68,0,365,736.03,153.76,,,,,,,,,,,,False,True,True,,,,,,,,,,,,,,,,,,,0.0,,0,Insufficient,,,,
Uttar Pradesh,Jalaun,Maize,2022-23,0.0,0.0,1500.0,4,True,1909.0,-21.4248297537978,0.0,,0.0,,1909.0,-21.4248297537978,1042.71,76,0,365,853.63,134.36,919.19,13.437918167081886,,,,,,,,,,False,True,True,-21.424829753797802,,,,,,,,,,,,,,,,,,0.0,,0,Insufficient,,,,
Uttar Pradesh,Jalaun,Maize,2023-24,0.0,0.0,2054.0,4,True,1500.0,36.93333333333334,0.0,,0.0,,1704.5,20.504546787914343,719.92,63,0,366,620.52,94.53,980.95,-26.609918956113976,,,,,,,,,,False,True,True,36.93333333333333,,-21.424829753797802,,13.437918167081886,,21.424829753797802,,13.437918167081886,,100.0,,38.21546619769383,,35.0,11.464639859308148,,,0.6499999999999999,71.48406132201255,2,Limited,71.48406132201255,Yield trend,Rainfall anomaly,
Uttar Pradesh,Jalaun,Maize,2024-25,0.02,0.05,3449.0,4,True,2054.0,67.91626095423564,0.0,,0.0,,1821.0,89.40142778693026,1027.09,78,1,365,992.44,14.21,893.94,14.894735664585973,,,,,,,,,,False,True,True,67.91626095423564,,36.93333333333333,,-26.609918956113976,,0.0,,26.609918956113976,,0.0,,75.67470241646615,,0.0,22.702410724939842,,,0.6499999999999999,34.926785730676684,2,Limited,34.926785730676684,Rainfall anomaly,,
Uttar Pradesh,Jalaun,Rice,2021-22,0.0,0.0,1846.0,4,True,,,,,,,,,919.19,68,0,365,736.03,153.76,,,,,,,,,,,,False,True,True,,,,,,,,,,,,,,,,,,,0.0,,0,Insufficient,,,,
Uttar Pradesh,Jalaun,Rice,2022-23,0.0,0.0,1336.0,4,True,1846.0,-27.6273022751896,0.0,,0.0,,1846.0,-27.6273022751896,1042.71,76,0,365,853.63,134.36,919.19,13.437918167081886,,,,,,,,,,False,True,True,-27.627302275189603,,,,,,,,,,,,,,,,,,0.0,,0,Insufficient,,,,
Uttar Pradesh,Jalaun,Rice,2023-24,0.0,0.01,2191.0,4,True,1336.0,63.99700598802395,0.0,,0.0,,1591.0,37.71213073538655,719.92,63,0,366,620.52,94.53,980.95,-26.609918956113976,,,,,,,,,,False,True,True,63.99700598802396,,-27.627302275189603,,13.437918167081886,,27.627302275189603,,13.437918167081886,,100.0,,38.21546619769383,,35.0,11.464639859308148,,,0.6499999999999999,71.48406132201255,2,Limited,71.48406132201255,Yield trend,Rainfall anomaly,
Uttar Pradesh,Jalaun,Rice,2024-25,0.52,1.17,2261.0,4,True,2191.0,3.1948881789137378,0.0,,0.01,11599.999999999998,1791.0,26.242322724734784,1027.09,78,1,365,992.44,14.21,893.94,14.894735664585973,2410.0,2410.0,2410.0,,1.0,0.5,,8.333333333333332,Low,True,True,True,3.194888178913735,,63.99700598802396,,-26.609918956113976,,0.0,,26.609918956113976,,0.0,,75.67470241646615,,0.0,22.702410724939842,,,0.6499999999999999,34.926785730676684,2,Limited,34.926785730676684,Rainfall anomaly,,
Uttar Pradesh,Jalaun,Wheat,2021-22,1.36,4.65,3425.0,4,True,,,,,,,,,919.19,68,0,365,736.03,153.76,,,1886.835,1563.42,2044.755,155.54347699715228,12.0,5.75,8.243618387254438,100.0,Complete,True,True,True,,,,,,,,,,,,,,,,,,,0.0,,0,Insufficient,,,,
Uttar Pradesh,Jalaun,Wheat,2022-23,1.63,5.84,3578.0,4,True,3425.0,4.467153284671533,1.36,19.85294117647057,4.65,25.59139784946236,3425.0,4.467153284671533,1042.71,76,0,365,853.63,134.36,919.19,13.437918167081886,2303.0170833333336,2114.085,2723.86,198.6594270405594,12.0,6.25,8.626050951954916,100.0,Complete,True,True,True,4.467153284671532,19.852941176470562,,,,8.243618387254438,,,,8.243618387254438,,,,66.99985083628643,,,,10.049977625442963,0.15,66.99985083628643,1,Very Limited,,Price volatility,,
Uttar Pradesh,Jalaun,Wheat,2023-24,1.81,6.86,3792.0,4,True,3578.0,5.980994969256568,1.63,11.042944785276084,5.84,17.465753424657542,3501.5,8.29644438097958,719.92,63,0,366,620.52,94.53,980.95,-26.609918956113976,2342.8541666666665,2150.56,2487.42,94.1304232008424,12.0,5.666666666666667,4.017767069760384,100.0,Complete,True,True,True,5.98099496925657,11.042944785276077,4.467153284671532,19.852941176470562,13.437918167081886,8.626050951954916,0.0,0.0,13.437918167081886,8.626050951954916,0.0,0.0,38.21546619769383,70.1080641943291,0.0,11.464639859308148,0.0,10.516209629149365,0.9999999999999999,21.98084948845752,4,Complete,21.98084948845752,Rainfall anomaly,Price volatility,
Uttar Pradesh,Jalaun,Wheat,2024-25,1.59,6.04,3790.0,4,True,3792.0,-0.0527426160337552,1.81,-12.154696132596683,6.86,-11.953352769679304,3598.333333333333,5.326540064844831,1027.09,78,1,365,992.44,14.21,893.94,14.894735664585973,2603.5141666666664,2393.24,2887.2,180.33710098077853,12.0,6.333333333333333,6.926680226659489,100.0,Complete,True,True,True,-0.052742616033751855,-12.154696132596687,5.98099496925657,11.042944785276077,-26.609918956113976,4.017767069760384,0.0,0.0,26.609918956113976,4.017767069760384,0.0,0.0,75.67470241646615,32.65432504555124,0.0,22.702410724939842,0.0,4.898148756832685,0.9999999999999999,27.60055948177253,4,Complete,27.60055948177253,Rainfall anomaly,Price volatility,
Uttar Pradesh,Jaunpur,Maize,2021-22,0.54,0.85,1571.0,4,True,,,,,,,,,919.08,76,0,365,764.76,135.93,,,1784.3841666666667,1606.75,2067.03,157.84314420325543,12.0,3.25,8.845805020682043,100.0,Complete,True,True,True,,,,,,,,,,,,,,,,,,,0.0,,0,Insufficient,,,,
Uttar Pradesh,Jaunpur,Maize,2022-23,0.54,1.44,2653.0,4,True,1571.0,68.87332908975175,0.54,0.0,0.85,69.41176470588235,1571.0,68.87332908975175,953.5,77,0,365,715.56,166.69,919.08,3.745049397223306,2184.2916666666665,1939.05,2352.36,127.90997545030254,12.0,3.333333333333333,5.855901819444254,100.0,Complete,True,True,True,68.87332908975175,0.0,,,,8.845805020682043,,,,8.845805020682043,,,,71.89411118652717,,,,10.784116677979075,0.15,71.89411118652717,1,Very Limited,,Price volatility,,
Uttar Pradesh,Jaunpur,Maize,2023-24,0.55,1.14,2087.0,4,True,2653.0,-21.334338484734264,0.54,1.8518518518518527,1.44,-20.833333333333336,2112.0,-1.183712121212121,725.17,69,0,366,621.25,102.08,936.29,-22.548569353512267,2129.901666666666,1800.0,2339.52,184.7959352088052,12.0,4.416666666666667,8.676266050254522,100.0,Complete,True,True,True,-21.33433848473426,1.85185185185186,68.87332908975175,0.0,3.745049397223306,5.855901819444254,0.0,-0.0,3.745049397223306,5.855901819444254,0.0,-0.0,10.65037060568437,47.593730081114884,0.0,3.195111181705311,-0.0,7.139059512167233,0.9999999999999999,10.334170693872545,4,Complete,10.334170693872545,Price volatility,Rainfall anomaly,
Uttar Pradesh,Jaunpur,Maize,2024-25,0.21,0.49,2308.0,4,True,2087.0,10.589362721609968,0.55,-61.81818181818183,1.14,-57.01754385964912,2103.6666666666665,9.71319917604184,863.9,82,0,365,816.03,8.64,865.9166666666666,-0.2328938504475009,2348.532083333333,2233.485,2406.95,57.13494948001032,12.0,4.416666666666667,2.432794079564678,100.0,Complete,True,True,True,10.589362721609973,-61.81818181818181,-21.33433848473426,1.85185185185186,-22.548569353512267,8.676266050254522,21.33433848473426,0.0,22.548569353512267,8.676266050254522,99.61237972997222,0.0,64.12482046857312,70.51618644571872,34.86433290549027,19.237446140571937,0.0,10.577427966857806,0.9999999999999999,64.67920701292003,4,Complete,64.67920701292003,Yield trend,Rainfall anomaly,Price volatility
Uttar Pradesh,Jaunpur,Rice,2021-22,1.51,3.97,2633.0,4,True,,,,,,,,,919.08,76,0,365,764.76,135.93,,,1882.3572222222224,1570.0,1995.71,144.97091766780136,9.0,2.636363636363636,7.701562485395601,75.0,Good,True,True,True,,,,,,,,,,,,,,,,,,,0.0,,0,Insufficient,,,,
Uttar Pradesh,Jaunpur,Rice,2022-23,1.46,4.12,2815.0,4,True,2633.0,6.912267375617167,1.51,-3.3112582781456985,3.97,3.778337531486144,2633.0,6.912267375617167,953.5,77,0,365,715.56,166.69,919.08,3.745049397223306,1962.6858333333328,1698.2,2264.23,152.2955429096713,12.0,2.9166666666666665,7.759547673048606,100.0,Complete,True,True,True,6.912267375617165,-3.311258278145701,,,,7.701562485395601,,,,7.701562485395601,,,,62.59430185725775,,,,9.389145278588662,0.15,62.594301857257754,1,Very Limited,,Price volatility,,
Uttar Pradesh,Jaunpur,Rice,2023-24,1.41,3.97,2827.0,4,True,2815.0,0.4262877442273534,1.46,-3.424657534246579,4.12,-3.640776699029124,2724.0,3.781204111600588,725.17,69,0,366,621.25,102.08,936.29,-22.548569353512267,2196.508181818182,2040.0,2487.09,120.01354230404031,11.0,3.0,5.463833155617835,91.66666666666666,Good,True,True,True,0.4262877442273494,-3.424657534246578,6.912267375617165,-3.311258278145701,3.745049397223306,7.759547673048606,0.0,3.311258278145701,3.745049397223306,7.759547673048606,0.0,35.33378356516852,10.65037060568437,63.065575361314174,0.0,3.195111181705311,7.066756713033704,9.459836304197125,0.9999999999999999,19.721704198936145,4,Complete,19.721704198936145,Price volatility,Area trend,Rainfall anomaly
Uttar Pradesh,Jaunpur,Rice,2024-25,1.69,4.69,2775.0,4,True,2827.0,-1.839405730456314,1.41,19.8581560283688,3.97,18.136020151133504,2758.333333333333,0.6042296072507497,863.9,82,0,365,816.03,8.64,865.9166666666666,-0.2328938504475009,2299.35125,2227.33,2500.0,70.56412474174238,12.0,3.1666666666666665,3.068871045332564,100.0,Complete,True,True,True,-1.8394057304563116,19.8581560283688,0.4262877442273494,-3.424657534246578,-22.548569353512267,5.463833155617835,0.0,3.424657534246578,22.548569353512267,5.463833155617835,0.0,36.5438446461674,64.12482046857312,44.40719951165447,0.0,19.237446140571937,7.30876892923348,6.66107992674817,0.9999999999999999,33.20729499655359,4,Complete,33.20729499655359,Rainfall anomaly,Area trend,Price volatility
Uttar Pradesh,Jaunpur,Wheat,2021-22,2.18,8.73,4001.0,4,True,,,,,,,,,919.08,76,0,365,764.76,135.93,,,1897.0825,1721.74,2025.57,99.9781435546608,12.0,5.833333333333333,5.270099932641876,100.0,Complete,True,True,True,,,,,,,,,,,,,,,,,,,0.0,,0,Insufficient,,,,
Uttar Pradesh,Jaunpur,Wheat,2022-23,2.15,8.57,3986.0,4,True,4001.0,-0.3749062734316421,2.18,-1.376146788990837,8.73,-1.832760595647195,4001.0,-0.3749062734316421,953.5,77,0,365,715.56,166.69,919.08,3.745049397223306,2319.1441666666665,2048.45,2717.44,202.1357072706054,12.0,7.0,8.71596126605348,100.0,Complete,True,True,True,-0.37490627343164107,-1.3761467889908396,,,,5.270099932641876,,,,5.270099932641876,,,,42.832636445817876,,,,6.424895466872681,0.15,42.832636445817876,1,Very Limited,,Price volatility,,
Uttar Pradesh,Jaunpur,Wheat,2023-24,1.93,7.86,4068.0,4,True,3986.0,2.0572002007024586,2.15,-10.232558139534884,8.57,-8.284714119019835,3993.5,1.8655314886690872,725.17,69,0,366,621.25,102.08,936.29,-22.548569353512267,2395.225,2303.54,2536.17,85.58625808345207,12.0,7.0,3.573203272488057,100.0,Complete,True,True,True,2.057200200702458,-10.232558139534886,-0.37490627343164107,-1.3761467889908396,3.745049397223306,8.71596126605348,0.37490627343164107,1.3761467889908396,3.745049397223306,8.71596126605348,1.7504787457527111,14.684590784423367,10.65037060568437,70.83880855320932,0.6126675610134489,3.195111181705311,2.9369181568846736,10.625821282981397,0.9999999999999999,17.370518182584835,4,Complete,17.370518182584835,Price volatility,Rainfall anomaly,Area trend
Uttar Pradesh,Jaunpur,Wheat,2024-25,2.02,7.92,3922.0,4,True,4068.0,-3.5889872173058017,1.93,4.663212435233165,7.86,0.7633587786259493,4018.3333333333335,-2.3973454997926207,863.9,82,0,365,816.03,8.64,865.9166666666666,-0.2328938504475009,2647.4591666666665,2438.24,2903.19,184.11522762850703,12.0,7.0,6.954412364377305,100.0,Complete,True,True,True,-3.5889872173058057,4.663212435233155,2.057200200702458,-10.232558139534886,-22.548569353512267,3.573203272488057,0.0,10.232558139534886,22.548569353512267,3.573203272488057,0.0,100.0,64.12482046857312,29.04114128264064,0.0,19.237446140571937,20.0,4.356171192396096,0.9999999999999999,43.59361733296804,4,Complete,43.59361733296804,Area trend,Rainfall anomaly,Price volatility
Uttar Pradesh,Jhansi,Maize,2021-22,0.02,0.01,572.0,4,True,,,,,,,,,859.82,66,1,365,704.07,134.01,,,,,,,,,,,,False,True,True,,,,,,,,,,,,,,,,,,,0.0,,0,Insufficient,,,,
Uttar Pradesh,Jhansi,Maize,2022-23,0.02,0.03,1858.0,4,True,572.0,224.82517482517483,0.02,0.0,0.01,200.0,572.0,224.82517482517483,1123.49,81,0,365,967.85,103.17,859.82,30.66572073224628,,,,,,,,,,False,True,True,224.82517482517483,0.0,,,,,,,,,,,,,,,,,0.0,,0,Insufficient,,,,
Uttar Pradesh,Jhansi,Maize,2023-24,0.02,0.03,1681.0,4,True,1858.0,-9.526372443487622,0.02,0.0,0.03,0.0,1215.0,38.35390946502058,799.07,72,0,366,709.44,79.96000000000001,991.655,-19.420564611684497,,,,,,,,,,False,True,True,-9.526372443487618,0.0,224.82517482517483,0.0,30.66572073224628,,0.0,-0.0,30.66572073224628,,0.0,-0.0,87.20880716045929,,0.0,26.162642148137785,-0.0,,0.8499999999999999,30.779578997809164,3,Good,30.779578997809164,Rainfall anomaly,,
Uttar Pradesh,Jhansi,Maize,2024-25,0.02,0.03,1160.0,4,True,1681.0,-30.993456276026176,0.02,0.0,0.03,0.0,1370.3333333333333,-15.34906348820238,1216.67,82,2,365,1174.5,16.49,927.46,31.183015979125788,,,,,,,,,,False,True,True,-30.993456276026176,0.0,-9.526372443487618,0.0,-19.420564611684497,,9.526372443487618,-0.0,19.420564611684497,,44.479683772189475,-0.0,55.22923426308698,,15.567889320266316,16.568770278926092,-0.0,,0.8499999999999999,37.80783482257931,3,Good,37.80783482257931,Rainfall anomaly,Yield trend,
Uttar Pradesh,Jhansi,Rice,2021-22,0.09,0.2,2143.0,4,True,,,,,,,,,859.82,66,1,365,704.07,134.01,,,1940.0,1940.0,1940.0,0.0,3.0,1.5,,25.0,Low,True,True,True,,,,,,,,,,,,,,,,,,,0.0,,0,Insufficient,,,,
Uttar Pradesh,Jhansi,Rice,2022-23,0.09,0.18,1987.0,4,True,2143.0,-7.279514699020065,0.09,0.0,0.2,-10.000000000000009,2143.0,-7.279514699020065,1123.49,81,0,365,967.85,103.17,859.82,30.66572073224628,2040.0,2040.0,2040.0,,1.0,0.25,,8.333333333333332,Low,True,True,True,-7.279514699020062,0.0,,,,,,,,,,,,,,,,,0.0,,0,Insufficient,,,,
Uttar Pradesh,Jhansi,Rice,2023-24,0.09,0.2,2234.0,4,True,1987.0,12.430800201308504,0.09,0.0,0.18,11.11111111111112,2065.0,8.184019370460048,799.07,72,0,366,709.44,79.96000000000001,991.655,-19.420564611684497,2667.25,2183.0,4120.0,968.5,4.0,0.6666666666666666,,33.33333333333333,Low,True,True,True,12.43080020130851,0.0,-7.279514699020062,0.0,30.66572073224628,,7.279514699020062,-0.0,30.66572073224628,,33.988857117250944,-0.0,87.20880716045929,,11.89609999103783,26.162642148137785,-0.0,,0.8499999999999999,44.774990751971316,3,Good,44.774990751971316,Rainfall anomaly,Yield trend,
Uttar Pradesh,Jhansi,Rice,2024-25,0.63,1.38,2197.0,4,True,2234.0,-1.656222023276634,0.09,600.0000000000001,0.2,590.0,2121.333333333333,3.566939032055304,1216.67,82,2,365,1174.5,16.49,927.46,31.183015979125788,2339.13,2339.13,2339.13,,1.0,0.25,,8.333333333333332,Low,True,True,True,-1.6562220232766323,600.0,12.43080020130851,0.0,-19.420564611684497,,0.0,-0.0,19.420564611684497,,0.0,-0.0,55.22923426308698,,0.0,16.568770278926092,-0.0,,0.8499999999999999,19.49267091638364,3,Good,19.49267091638364,Rainfall anomaly,,
Uttar Pradesh,Jhansi,Wheat,2021-22,1.32,4.48,3385.0,4,True,,,,,,,,,859.82,66,1,365,704.07,134.01,,,1886.4220833333327,1671.15,2041.88,126.20558944289589,12.0,4.416666666666667,6.690209500722601,100.0,Complete,True,True,True,,,,,,,,,,,,,,,,,,,0.0,,0,Insufficient,,,,
Uttar Pradesh,Jhansi,Wheat,2022-23,1.39,4.79,3434.0,4,True,3385.0,1.447562776957164,1.32,5.30303030303029,4.48,6.919642857142848,3385.0,1.447562776957164,1123.49,81,0,365,967.85,103.17,859.82,30.66572073224628,2321.15625,2042.535,2668.87,196.8651627282561,12.0,4.916666666666667,8.48134039784078,100.0,Complete,True,True,True,1.4475627769571675,5.303030303030298,,,,6.690209500722601,,,,6.690209500722601,,,,54.37454980994204,,,,8.156182471491306,0.15,54.37454980994204,1,Very Limited,,Price volatility,,
Uttar Pradesh,Jhansi,Wheat,2023-24,1.92,6.34,3307.0,4,True,3434.0,-3.6983110075713457,1.39,38.129496402877706,4.79,32.35908141962421,3409.5,-3.006305909957472,799.07,72,0,366,709.44,79.96000000000001,991.655,-19.420564611684497,2379.9066666666668,2197.56,2460.89,64.62371955240498,12.0,4.833333333333333,2.71538881997074,100.0,Complete,True,True,True,-3.698311007571342,38.129496402877706,1.4475627769571675,5.303030303030298,30.66572073224628,8.48134039784078,0.0,0.0,30.66572073224628,8.48134039784078,0.0,0.0,87.20880716045929,68.93193193242408,0.0,26.162642148137785,0.0,10.33978978986361,0.9999999999999999,36.5024319380014,4,Complete,36.5024319380014,Rainfall anomaly,Price volatility,
Uttar Pradesh,Jhansi,Wheat,2024-25,1.69,5.74,3393.0,4,True,3307.0,2.6005442999697608,1.92,-11.979166666666666,6.34,-9.463722397476335,3375.333333333333,0.5234050957930036,1216.67,82,2,365,1174.5,16.49,927.46,31.183015979125788,2658.6041666666665,2473.34,2911.88,147.31983952415985,12.0,4.166666666666667,5.541247597940393,100.0,Complete,True,True,True,2.6005442999697648,-11.979166666666663,-3.698311007571342,38.129496402877706,-19.420564611684497,2.71538881997074,3.698311007571342,0.0,19.420564611684497,2.71538881997074,17.267822047041147,0.0,55.22923426308698,22.069270719984402,6.043737716464401,16.568770278926092,0.0,3.31039060799766,0.9999999999999999,25.92289860338816,4,Complete,25.92289860338816,Rainfall anomaly,Yield trend,Price volatility
Uttar Pradesh,Kannauj,Maize,2021-22,0.63,1.87,2981.0,4,True,,,,,,,,,1076.61,62,1,365,638.37,400.58,,,1760.3675,1585.605,1996.995,135.28291047249508,12.0,2.0,7.684924339519735,100.0,Complete,True,True,True,,,,,,,,,,,,,,,,,,,0.0,,0,Insufficient,,,,
Uttar Pradesh,Kannauj,Maize,2022-23,0.63,1.92,3044.0,4,True,2981.0,2.113384770211338,0.63,0.0,1.87,2.6737967914438405,2981.0,2.113384770211338,892.72,71,1,365,615.74,212.94,1076.61,-17.080465535337762,2094.3258333333333,1795.515,2195.865,105.97439424505365,12.0,2.0,5.060071960072449,100.0,Complete,True,True,True,2.113384770211346,0.0,,,,7.684924339519735,,,,7.684924339519735,,,,62.45907564474906,,,,9.36886134671236,0.15,62.45907564474906,1,Very Limited,,Price volatility,,
Uttar Pradesh,Kannauj,Maize,2023-24,1.0,2.92,2913.0,4,True,3044.0,-4.303547963206308,0.63,58.730158730158735,1.92,52.083333333333336,3012.5,-3.302904564315353,717.16,62,0,366,637.53,75.47,984.665,-27.167107594968847,2065.2466666666664,1785.025,2291.0950000000003,166.67225338060834,12.0,2.0,8.07033155267692,100.0,Complete,True,True,True,-4.303547963206311,58.73015873015872,2.113384770211346,0.0,-17.080465535337762,5.060071960072449,0.0,-0.0,17.080465535337762,5.060071960072449,0.0,-0.0,48.5743360832149,41.12563811419253,0.0,14.57230082496447,-0.0,6.16884571712888,0.9999999999999999,20.741146542093354,4,Complete,20.741146542093354,Rainfall anomaly,Price volatility,
Uttar Pradesh,Kannauj,Maize,2024-25,0.58,1.86,3232.0,4,True,2913.0,10.950909715070374,1.0,-42.00000000000001,2.92,-36.3013698630137,2979.333333333333,8.480644439471913,866.9,71,0,365,830.74,11.49,895.4966666666666,-3.1933861655915248,2342.971666666667,2171.625,2410.105,76.37009616256069,12.0,2.0,3.2595398932506945,100.0,Complete,True,True,True,10.950909715070377,-42.00000000000001,-4.303547963206311,58.73015873015872,-27.167107594968847,8.07033155267692,4.303547963206311,0.0,27.167107594968847,8.07033155267692,20.093740155280713,0.0,77.25926509419239,65.59146540125263,7.032809054348249,23.177779528257716,0.0,9.838719810187895,0.9999999999999999,40.04930839279387,4,Complete,40.04930839279387,Rainfall anomaly,Price volatility,Yield trend
Uttar Pradesh,Kannauj,Rice,2021-22,0.2,0.55,2761.0,4,True,,,,,,,,,1076.61,62,1,365,638.37,400.58,,,1940.0,1940.0,1940.0,0.0,3.0,0.6,,25.0,Low,True,True,True,,,,,,,,,,,,,,,,,,,0.0,,0,Insufficient,,,,
Uttar Pradesh,Kannauj,Rice,2022-23,0.21,0.61,2979.0,4,True,2761.0,7.895689967403115,0.2,4.99999999999999,0.55,10.909090909090898,2761.0,7.895689967403115,892.72,71,1,365,615.74,212.94,1076.61,-17.080465535337762,2029.072,1985.36,2040.0,24.43575085811772,5.0,0.8333333333333334,,41.66666666666667,Low,True,True,True,7.895689967403108,4.999999999999982,,,,,,,,,,,,,,,,,0.0,,0,Insufficient,,,,
Uttar Pradesh,Kannauj,Rice,2023-24,0.19,0.6,3109.0,4,True,2979.0,4.36388049681101,0.21,-9.523809523809518,0.61,-1.6393442622950831,2870.0,8.32752613240418,717.16,62,0,366,637.53,75.47,984.665,-27.167107594968847,2095.676,2011.19,2183.24,78.49817373671821,5.0,0.8333333333333334,,41.66666666666667,Low,True,True,True,4.363880496811001,-9.523809523809524,7.895689967403108,4.999999999999982,-17.080465535337762,,0.0,0.0,17.080465535337762,,0.0,0.0,48.5743360832149,,0.0,14.57230082496447,0.0,,0.8499999999999999,17.143883323487614,3,Good,17.143883323487614,Rainfall anomaly,,
Uttar Pradesh,Kannauj,Rice,2024-25,0.43,1.43,3348.0,4,True,3109.0,7.687359279511097,0.19,126.3157894736842,0.6,138.33333333333334,2949.6666666666665,13.504350774098777,866.9,71,0,365,830.74,11.49,895.4966666666666,-3.1933861655915248,2296.9533333333334,2279.865,2301.24,8.386190831758402,6.0,1.7142857142857142,0.3651006187221218,50.0,Moderate,True,True,True,7.687359279511097,126.3157894736842,4.363880496811001,-9.523809523809524,-27.167107594968847,,0.0,9.523809523809524,27.167107594968847,,0.0,100.0,77.25926509419239,,0.0,23.177779528257716,20.0,,0.8499999999999999,50.7973876803032,3,Good,50.7973876803032,Rainfall anomaly,Area trend,
Uttar Pradesh,Kannauj,Wheat,2021-22,0.79,3.06,3854.0,4,True,,,,,,,,,1076.61,62,1,365,638.37,400.58,,,1900.400833333333,1661.78,2039.245,129.84533183461943,12.0,2.0,6.832523410699029,100.0,Complete,True,True,True,,,,,,,,,,,,,,,,,,,0.0,,0,Insufficient,,,,
Uttar Pradesh,Kannauj,Wheat,2022-23,0.65,2.61,3988.0,4,True,3854.0,3.476907109496627,0.79,-17.72151898734177,3.06,-14.705882352941185,3854.0,3.476907109496627,892.72,71,1,365,615.74,212.94,1076.61,-17.080465535337762,2329.90875,2097.69,2679.56,183.2542499088605,12.0,2.0,7.865297295821584,100.0,Complete,True,True,True,3.4769071094966186,-17.721518987341778,,,,6.832523410699029,,,,6.832523410699029,,,,55.531203392438236,,,,8.329680508865735,0.15,55.531203392438236,1,Very Limited,,Price volatility,,
Uttar Pradesh,Kannauj,Wheat,2023-24,0.62,2.54,4130.0,4,True,3988.0,3.560682046138415,0.65,-4.615384615384619,2.61,-2.6819923371647447,3921.0,5.330272889568988,717.16,62,0,366,637.53,75.47,984.665,-27.167107594968847,2335.592916666667,2249.36,2413.955,61.35767898368678,12.0,2.0,2.62707077701091,100.0,Complete,True,True,True,3.560682046138419,-4.615384615384621,3.4769071094966186,-17.721518987341778,-17.080465535337762,7.865297295821584,0.0,17.721518987341778,17.080465535337762,7.865297295821584,0.0,100.0,48.5743360832149,63.9250533986209,0.0,14.57230082496447,20.0,9.588758009793136,0.9999999999999999,44.16105883475762,4,Complete,44.16105883475762,Area trend,Rainfall anomaly,Price volatility
Uttar Pradesh,Kannauj,Wheat,2024-25,0.6,2.75,4548.0,4,True,4130.0,10.121065375302663,0.62,-3.2258064516129057,2.54,8.267716535433069,3990.6666666666665,13.965920481122623,866.9,71,0,365,830.74,11.49,895.4966666666666,-3.1933861655915248,2636.39875,2438.36,2875.935,175.5189756139438,12.0,2.0,6.657527645009839,100.0,Complete,True,True,True,10.121065375302663,-3.2258064516129115,3.560682046138419,-4.615384615384621,-27.167107594968847,2.62707077701091,0.0,4.615384615384621,27.167107594968847,2.62707077701091,0.0,49.249858323142554,77.25926509419239,21.351467514342307,0.0,23.177779528257716,9.849971664628512,3.202720127151346,0.9999999999999999,36.23047132003758,4,Complete,36.23047132003758,Rainfall anomaly,Area trend,Price volatility
Uttar Pradesh,Kanpur Dehat,Maize,2021-22,0.15,0.42,2814.0,4,True,,,,,,,,,971.56,68,1,365,702.18,242.92,,,1792.7341666666669,1621.84,1870.0,95.46822531170608,6.0,0.8888888888888888,5.325286207336339,50.0,Moderate,True,True,True,,,,,,,,,,,,,,,,,,,0.0,,0,Insufficient,,,,
Uttar Pradesh,Kanpur Dehat,Maize,2022-23,0.15,0.43,2838.0,4,True,2814.0,0.8528784648187633,0.15,0.0,0.42,2.380952380952383,2814.0,0.8528784648187633,1037.03,68,1,365,776.88,194.18,971.56,6.73864712421261,1992.54,1774.03,2183.3900000000003,132.01808469434658,12.0,1.8333333333333333,6.625617789070562,100.0,Complete,True,True,True,0.8528784648187626,0.0,,,,5.325286207336339,,,,5.325286207336339,,,,43.281161838314944,,,,6.492174275747241,0.15,43.281161838314944,1,Very Limited,,Price volatility,,
Uttar Pradesh,Kanpur Dehat,Maize,2023-24,0.15,0.22,1426.0,4,True,2838.0,-49.75334742776603,0.15,0.0,0.43,-48.837209302325576,2826.0,-49.539985845718334,692.15,64,0,366,596.09,93.74,1004.295,-31.08100707461453,2083.31,1883.97,2192.93,95.51647142580352,12.0,2.1666666666666665,4.584841978668731,100.0,Complete,True,True,True,-49.75334742776604,0.0,0.8528784648187626,0.0,6.73864712421261,6.625617789070562,0.0,-0.0,6.73864712421261,6.625617789070562,0.0,-0.0,19.16372299575148,53.8495819083907,0.0,5.749116898725444,-0.0,8.077437286258604,0.9999999999999999,13.82655418498405,4,Complete,13.82655418498405,Price volatility,Rainfall anomaly,
Uttar Pradesh,Kanpur Dehat,Maize,2024-25,0.12,0.34,2759.0,4,True,1426.0,93.47826086956522,0.15,-20.0,0.22,54.54545454545456,2359.333333333333,16.939813506640284,836.71,72,0,365,803.6,12.69,900.2466666666666,-7.057695298325628,2311.2000000000003,2144.55,2364.19,64.532356225385,11.0,1.4166666666666667,2.7921580229052005,91.66666666666666,Good,True,True,True,93.4782608695652,-19.999999999999996,-49.75334742776604,0.0,-31.08100707461453,4.584841978668731,49.75334742776604,-0.0,31.08100707461453,4.584841978668731,100.0,-0.0,88.38982054228018,37.26321552604738,35.0,26.516946162684054,-0.0,5.589482328907107,0.9999999999999999,67.10642849159117,4,Complete,67.10642849159117,Yield trend,Rainfall anomaly,Price volatility
Uttar Pradesh,Kanpur Dehat,Rice,2021-22,0.41,1.34,3238.0,4,True,,,,,,,,,971.56,68,1,365,702.18,242.92,,,1829.0016666666668,1498.39,1940.0,185.17127017079792,6.0,1.4,10.12417175694926,50.0,Moderate,True,True,True,,,,,,,,,,,,,,,,,,,0.0,,0,Insufficient,,,,
Uttar Pradesh,Kanpur Dehat,Rice,2022-23,0.57,1.88,3286.0,4,True,3238.0,1.4823965410747375,0.41,39.02439024390244,1.34,40.29850746268655,3238.0,1.4823965410747375,1037.03,68,1,365,776.88,194.18,971.56,6.73864712421261,2057.670625,2040.0,2090.0,17.73745319887106,8.0,1.6666666666666667,0.8620161547415326,66.66666666666666,Moderate,True,True,True,1.4823965410747375,39.02439024390243,,,,10.12417175694926,,,,10.12417175694926,,,,82.28401239500607,,,,12.34260185925091,0.15,82.28401239500607,1,Very Limited,,Price volatility,,
Uttar Pradesh,Kanpur Dehat,Rice,2023-24,0.39,1.29,3295.0,4,True,3286.0,0.2738892270237371,0.57,-31.578947368421044,1.88,-31.382978723404246,3262.0,1.0116492949110976,692.15,64,0,366,596.09,93.74,1004.295,-31.08100707461453,2191.8975,2137.84,2240.205,29.10509398427248,10.0,2.2,1.3278492258088015,83.33333333333334,Good,True,True,True,0.2738892270237381,-31.57894736842104,1.4823965410747375,39.02439024390243,6.73864712421261,0.8620161547415326,0.0,0.0,6.73864712421261,0.8620161547415326,0.0,0.0,19.16372299575148,7.006019817153053,0.0,5.749116898725444,0.0,1.050902972572958,0.9999999999999999,6.800019871298403,4,Complete,6.800019871298403,Rainfall anomaly,Price volatility,
Uttar Pradesh,Kanpur Dehat,Rice,2024-25,0.73,2.22,3061.0,4,True,3295.0,-7.101669195751138,0.39,87.17948717948717,1.29,72.09302325581396,3273.0,-6.477238007943782,836.71,72,0,365,803.6,12.69,900.2466666666666,-7.057695298325628,2316.137222222222,2252.94,2400.0,39.50039929474688,9.0,0.9166666666666666,1.7054429640765478,75.0,Good,True,True,True,-7.101669195751137,87.17948717948715,0.2738892270237381,-31.57894736842104,-31.08100707461453,1.3278492258088015,0.0,31.57894736842104,31.08100707461453,1.3278492258088015,0.0,100.0,88.38982054228018,10.792069196194126,0.0,26.516946162684054,20.0,1.6188103794291189,0.9999999999999999,48.13575654211318,4,Complete,48.13575654211318,Rainfall anomaly,Area trend,Price volatility
Uttar Pradesh,Kanpur Dehat,Wheat,2021-22,1.25,4.76,3794.0,4,True,,,,,,,,,971.56,68,1,365,702.18,242.92,,,1916.2241666666664,1679.83,2083.15,130.34875669514338,12.0,3.0,6.802375158533212,100.0,Complete,True,True,True,,,,,,,,,,,,,,,,,,,0.0,,0,Insufficient,,,,
Uttar Pradesh,Kanpur Dehat,Wheat,2022-23,1.25,5.04,4042.0,4,True,3794.0,6.536636794939378,1.25,0.0,4.76,5.882352941176476,3794.0,6.536636794939378,1037.03,68,1,365,776.88,194.18,971.56,6.73864712421261,2315.145,2051.8,2710.295,196.11401216685607,12.0,2.75,8.470917034002452,100.0,Complete,True,True,True,6.536636794939388,0.0,,,,6.802375158533212,,,,6.802375158533212,,,,55.28617404935178,,,,8.292926107402767,0.15,55.286174049351786,1,Very Limited,,Price volatility,,
Uttar Pradesh,Kanpur Dehat,Wheat,2023-24,1.56,6.64,4265.0,4,True,4042.0,5.5170707570509645,1.25,24.800000000000004,5.04,31.74603174603174,3918.0,8.856559469116897,692.15,64,0,366,596.09,93.74,1004.295,-31.08100707461453,2367.46875,2178.18,2496.48,102.51111775902434,12.0,2.833333333333333,4.329988210362833,100.0,Complete,True,True,True,5.517070757050968,24.8,6.536636794939388,0.0,6.73864712421261,8.470917034002452,0.0,-0.0,6.73864712421261,8.470917034002452,0.0,-0.0,19.16372299575148,68.84721624210779,0.0,5.749116898725444,-0.0,10.327082436316168,0.9999999999999999,16.076199335041615,4,Complete,16.076199335041615,Price volatility,Rainfall anomaly,
Uttar Pradesh,Kanpur Dehat,Wheat,2024-25,1.38,6.11,4438.0,4,True,4265.0,4.056271981242673,1.56,-11.538461538461547,6.64,-7.981927710843364,4033.6666666666665,10.023964961573428,836.71,72,0,365,803.6,12.69,900.2466666666666,-7.057695298325628,2616.855833333333,2416.96,2915.21,188.15369102065728,12.0,1.5833333333333333,7.190067126509922,100.0,Complete,True,True,True,4.056271981242676,-11.538461538461553,5.517070757050968,24.8,-31.08100707461453,4.329988210362833,0.0,0.0,31.08100707461453,4.329988210362833,0.0,0.0,88.38982054228018,35.191896396578606,0.0,26.516946162684054,0.0,5.278784459486791,0.9999999999999999,31.795730622170847,4,Complete,31.795730622170847,Rainfall anomaly,Price volatility,
Uttar Pradesh,Kanpur Nagar,Maize,2021-22,0.27,0.72,2723.0,4,True,,,,,,,,,971.56,68,1,365,702.18,242.92,,,,,,,,,,,,False,True,True,,,,,,,,,,,,,,,,,,,0.0,,0,Insufficient,,,,
Uttar Pradesh,Kanpur Nagar,Maize,2022-23,0.27,0.7,2624.0,4,True,2723.0,-3.635695923613661,0.27,0.0,0.72,-2.7777777777777803,2723.0,-3.635695923613661,1037.03,68,1,365,776.88,194.18,971.56,6.73864712421261,,,,,,,,,,False,True,True,-3.6356959236136577,0.0,,,,,,,,,,,,,,,,,0.0,,0,Insufficient,,,,
Uttar Pradesh,Kanpur Nagar,Maize,2023-24,0.35,0.74,2114.0,4,True,2624.0,-19.4359756097561,0.27,29.62962962962961,0.7,5.71428571428572,2673.5,-20.927622966149244,692.15,64,0,366,596.09,93.74,1004.295,-31.08100707461453,,,,,,,,,,False,True,True,-19.435975609756095,29.629629629629605,-3.6356959236136577,0.0,6.73864712421261,,3.6356959236136577,-0.0,6.73864712421261,,16.975465313108195,-0.0,19.16372299575148,,5.941412859587868,5.749116898725444,-0.0,,0.8499999999999999,13.753564421545075,3,Good,13.753564421545075,Yield trend,Rainfall anomaly,
Uttar Pradesh,Kanpur Nagar,Maize,2024-25,0.13,0.43,3272.0,4,True,2114.0,54.77767265846736,0.35,-62.85714285714285,0.74,-41.891891891891895,2487.0,31.56413349416968,836.71,72,0,365,803.6,12.69,900.2466666666666,-7.057695298325628,,,,,,,,,,False,True,True,54.77767265846736,-62.857142857142854,-19.435975609756095,29.629629629629605,-31.08100707461453,,19.435975609756095,0.0,31.08100707461453,,90.74871406239517,0.0,88.38982054228018,,31.762049921838305,26.516946162684054,0.0,,0.8499999999999999,68.56352480532044,3,Good,68.56352480532044,Yield trend,Rainfall anomaly,
Uttar Pradesh,Kanpur Nagar,Rice,2021-22,0.33,0.96,2932.0,4,True,,,,,,,,,971.56,68,1,365,702.18,242.92,,,,,,,,,,,,False,True,True,,,,,,,,,,,,,,,,,,,0.0,,0,Insufficient,,,,
Uttar Pradesh,Kanpur Nagar,Rice,2022-23,0.32,0.95,2989.0,4,True,2932.0,1.9440654843110503,0.33,-3.030303030303033,0.96,-1.0416666666666676,2932.0,1.9440654843110503,1037.03,68,1,365,776.88,194.18,971.56,6.73864712421261,,,,,,,,,,False,True,True,1.9440654843110527,-3.0303030303030276,,,,,,,,,,,,,,,,,0.0,,0,Insufficient,,,,
Uttar Pradesh,Kanpur Nagar,Rice,2023-24,0.3,0.94,3129.0,4,True,2989.0,4.683840749414521,0.32,-6.250000000000005,0.95,-1.0526315789473697,2960.5,5.691606147610201,692.15,64,0,366,596.09,93.74,1004.295,-31.08100707461453,,,,,,,,,,False,True,True,4.683840749414525,-6.25,1.9440654843110527,-3.0303030303030276,6.73864712421261,,0.0,3.0303030303030276,6.73864712421261,,0.0,32.33576556569959,19.16372299575148,,0.0,5.749116898725444,6.4671531131399185,,0.8499999999999999,14.372082366900427,3,Good,14.372082366900427,Area trend,Rainfall anomaly,
Uttar Pradesh,Kanpur Nagar,Rice,2024-25,0.52,1.59,3061.0,4,True,3129.0,-2.173218280600831,0.3,73.33333333333336,0.94,69.14893617021278,3016.6666666666665,1.4696132596685134,836.71,72,0,365,803.6,12.69,900.2466666666666,-7.057695298325628,,,,,,,,,,False,True,True,-2.1732182806008304,73.33333333333334,4.683840749414525,-6.25,-31.08100707461453,,0.0,6.25,31.08100707461453,,0.0,66.69251647925546,88.38982054228018,,0.0,26.516946162684054,13.338503295851092,,0.8499999999999999,46.88876406886489,3,Good,46.88876406886489,Rainfall anomaly,Area trend,
Uttar Pradesh,Kanpur Nagar,Wheat,2021-22,1.07,3.71,3477.0,4,True,,,,,,,,,971.56,68,1,365,702.18,242.92,,,,,,,,,,,,False,True,True,,,,,,,,,,,,,,,,,,,0.0,,0,Insufficient,,,,
Uttar Pradesh,Kanpur Nagar,Wheat,2022-23,1.04,4.07,3921.0,4,True,3477.0,12.76962899050906,1.07,-2.803738317757012,3.71,9.703504043126692,3477.0,12.76962899050906,1037.03,68,1,365,776.88,194.18,971.56,6.73864712421261,,,,,,,,,,False,True,True,12.769628990509062,-2.8037383177570097,,,,,,,,,,,,,,,,,0.0,,0,Insufficient,,,,
Uttar Pradesh,Kanpur Nagar,Wheat,2023-24,1.02,3.82,3731.0,4,True,3921.0,-4.845702626880898,1.04,-1.923076923076925,4.07,-6.142506142506153,3699.0,0.8650986753176535,692.15,64,0,366,596.09,93.74,1004.295,-31.08100707461453,,,,,,,,,,False,True,True,-4.8457026268808985,-1.9230769230769273,12.769628990509062,-2.8037383177570097,6.73864712421261,,0.0,2.8037383177570097,6.73864712421261,,0.0,29.918138233684694,19.16372299575148,,0.0,5.749116898725444,5.983627646736939,,0.8499999999999999,13.80322887701457,3,Good,13.80322887701457,Area trend,Rainfall anomaly,
Uttar Pradesh,Kanpur Nagar,Wheat,2024-25,1.07,4.5,4225.0,4,True,3731.0,13.2404181184669,1.02,4.901960784313729,3.82,17.801047120418854,3709.6666666666665,13.891634468505709,836.71,72,0,365,803.6,12.69,900.2466666666666,-7.057695298325628,,,,,,,,,,False,True,True,13.240418118466902,4.90196078431373,-4.8457026268808985,-1.9230769230769273,-31.08100707461453,,4.8457026268808985,1.9230769230769273,31.08100707461453,,22.625120083886035,20.520774301309416,88.38982054228018,,7.9187920293601115,26.516946162684054,4.104154860261883,,0.8499999999999999,45.34105064977183,3,Good,45.34105064977183,Rainfall anomaly,Yield trend,Area trend
Uttar Pradesh,Kasganj,Maize,2021-22,0.42,1.39,3278.0,4,True,,,,,,,,,904.18,70,2,365,613.76,254.65,,,1771.5483333333334,1540.95,1960.82,115.77541298356547,12.0,1.0,6.535266964222379,100.0,Complete,True,True,True,,,,,,,,,,,,,,,,,,,0.0,,0,Insufficient,,,,
Uttar Pradesh,Kasganj,Maize,2022-23,0.42,1.24,2925.0,4,True,3278.0,-10.76876143990238,0.42,0.0,1.39,-10.791366906474812,3278.0,-10.76876143990238,830.86,76,2,365,522.7,223.68,904.18,-8.10900484416819,2236.7816666666668,1963.68,2385.21,155.6934339033155,12.0,1.0,6.960600411900527,100.0,Complete,True,True,True,-10.768761439902374,0.0,,,,6.535266964222379,,,,6.535266964222379,,,,53.11525730681489,,,,7.967288596022233,0.15,53.11525730681489,1,Very Limited,,Price volatility,,
Uttar Pradesh,Kasganj,Maize,2023-24,0.55,1.82,3332.0,4,True,2925.0,13.914529914529911,0.42,30.95238095238097,1.24,46.7741935483871,3101.5,7.431887796227632,766.09,52,0,366,695.18,62.39,867.52,-11.691949465142008,2054.545,1862.47,2183.9,120.01142381229606,12.0,1.0,5.841265283179296,100.0,Complete,True,True,True,13.914529914529904,30.952380952380977,-10.768761439902374,0.0,-8.10900484416819,6.960600411900527,10.768761439902374,-0.0,8.10900484416819,6.960600411900527,50.280535041693796,-0.0,23.060819143724483,56.57214677105541,17.598187264592827,6.918245743117345,-0.0,8.48582201565831,0.9999999999999999,33.00225502336849,4,Complete,33.00225502336849,Yield trend,Price volatility,Rainfall anomaly
Uttar Pradesh,Kasganj,Maize,2024-25,0.34,1.02,2964.0,4,True,3332.0,-11.044417767106845,0.55,-38.18181818181819,1.82,-43.95604395604396,3178.333333333333,-6.743576297850031,956.85,73,1,365,869.43,26.95,833.71,14.77012390399539,2324.645,1948.77,2455.42,154.31139729897987,12.0,1.0,6.638062899882772,100.0,Complete,True,True,True,-11.04441776710684,-38.18181818181819,13.914529914529904,30.952380952380977,-11.691949465142008,5.841265283179296,0.0,0.0,11.691949465142008,5.841265283179296,0.0,0.0,33.25018756735789,47.474771912450954,0.0,9.975056270207366,0.0,7.121215786867643,0.9999999999999999,17.096272057075012,4,Complete,17.096272057075012,Rainfall anomaly,Price volatility,
Uttar Pradesh,Kasganj,Rice,2021-22,0.17,0.44,2683.0,4,True,,,,,,,,,904.18,70,2,365,613.76,254.65,,,,,,,,,,,,False,True,True,,,,,,,,,,,,,,,,,,,0.0,,0,Insufficient,,,,
Uttar Pradesh,Kasganj,Rice,2022-23,0.19,0.5,2578.0,4,True,2683.0,-3.9135296310100633,0.17,11.764705882352937,0.44,13.636363636363637,2683.0,-3.9135296310100633,830.86,76,2,365,522.7,223.68,904.18,-8.10900484416819,,,,,,,,,,False,True,True,-3.91352963101006,11.764705882352944,,,,,,,,,,,,,,,,,0.0,,0,Insufficient,,,,
Uttar Pradesh,Kasganj,Rice,2023-24,0.16,0.43,2673.0,4,True,2578.0,3.685027152831653,0.19,-15.789473684210526,0.5,-14.000000000000002,2630.5,1.615662421592853,766.09,52,0,366,695.18,62.39,867.52,-11.691949465142008,,,,,,,,,,False,True,True,3.6850271528316547,-15.789473684210531,-3.91352963101006,11.764705882352944,-8.10900484416819,,3.91352963101006,0.0,8.10900484416819,,18.272701540177515,0.0,23.060819143724483,,6.39544553906213,6.918245743117345,0.0,,0.8499999999999999,15.663166214328797,3,Good,15.663166214328797,Rainfall anomaly,Yield trend,
Uttar Pradesh,Kasganj,Rice,2024-25,0.45,1.19,2679.0,4,True,2673.0,0.2244668911335578,0.16,181.25000000000003,0.43,176.74418604651163,2644.6666666666665,1.298210234434087,956.85,73,1,365,869.43,26.95,833.71,14.77012390399539,,,,,,,,,,False,True,True,0.22446689113355678,181.25,3.6850271528316547,-15.789473684210531,-11.691949465142008,,0.0,15.789473684210531,11.691949465142008,,0.0,100.0,33.25018756735789,,0.0,9.975056270207366,20.0,,0.8499999999999999,35.264772082596906,3,Good,35.264772082596906,Area trend,Rainfall anomaly,
Uttar Pradesh,Kasganj,Wheat,2021-22,0.97,3.79,3913.0,4,True,,,,,,,,,904.18,70,2,365,613.76,254.65,,,1939.2358333333327,1659.61,2159.27,153.56990066465346,12.0,1.0,7.919093594752923,100.0,Complete,True,True,True,,,,,,,,,,,,,,,,,,,0.0,,0,Insufficient,,,,
Uttar Pradesh,Kasganj,Wheat,2022-23,0.98,4.07,4142.0,4,True,3913.0,5.852287247636085,0.97,1.0309278350515474,3.79,7.38786279683378,3913.0,5.852287247636085,830.86,76,2,365,522.7,223.68,904.18,-8.10900484416819,2369.1666666666665,2085.06,2738.82,225.8786295309669,12.0,1.0,9.534096216572648,100.0,Complete,True,True,True,5.85228724763609,1.0309278350515427,,,,7.919093594752923,,,,7.919093594752923,,,,64.36228178967752,,,,9.654342268451629,0.15,64.36228178967752,1,Very Limited,,Price volatility,,
Uttar Pradesh,Kasganj,Wheat,2023-24,1.02,3.96,3891.0,4,True,4142.0,-6.059874456784162,0.98,4.081632653061228,4.07,-2.70270270270271,4027.5,-3.3891992551210426,766.09,52,0,366,695.18,62.39,867.52,-11.691949465142008,2334.710833333333,2238.85,2442.85,66.93221434723507,12.0,1.0,2.866831017855605,100.0,Complete,True,True,True,-6.059874456784165,4.081632653061229,5.85228724763609,1.0309278350515427,-8.10900484416819,9.534096216572648,0.0,0.0,8.10900484416819,9.534096216572648,0.0,0.0,23.060819143724483,77.4881847219906,0.0,6.918245743117345,0.0,11.623227708298591,0.9999999999999999,18.54147345141594,4,Complete,18.54147345141594,Price volatility,Rainfall anomaly,
Uttar Pradesh,Kasganj,Wheat,2024-25,0.94,3.59,3811.0,4,True,3891.0,-2.0560267283474687,1.02,-7.843137254901968,3.96,-9.343434343434346,3982.0,-4.2943244600703165,956.85,73,1,365,869.43,26.95,833.71,14.77012390399539,2603.1841666666664,2408.03,2880.66,162.25434418940313,12.0,1.0,6.232918372316589,100.0,Complete,True,True,True,-2.056026728347471,-7.843137254901967,-6.059874456784165,4.081632653061229,-11.691949465142008,2.866831017855605,6.059874456784165,0.0,11.691949465142008,2.866831017855605,28.294222290373593,0.0,33.25018756735789,23.300114287936687,9.902977801630756,9.975056270207366,0.0,3.495017143190503,0.9999999999999999,23.373051215028628,4,Complete,23.373051215028628,Rainfall anomaly,Yield trend,Price volatility
Uttar Pradesh,Kaushambi,Maize,2021-22,0.0,0.01,2406.0,4,True,,,,,,,,,829.99,73,0,365,699.93,110.64,,,,,,,,,,,,False,True,True,,,,,,,,,,,,,,,,,,,0.0,,0,Insufficient,,,,
Uttar Pradesh,Kaushambi,Maize,2022-23,0.0,0.0,2854.0,4,True,2406.0,18.62011637572735,0.0,,0.01,-100.0,2406.0,18.62011637572735,956.77,78,0,365,748.64,146.48,829.99,15.274882829913611,,,,,,,,,,False,True,True,18.620116375727356,,,,,,,,,,,,,,,,,,0.0,,0,Insufficient,,,,
Uttar Pradesh,Kaushambi,Maize,2023-24,0.0,0.0,2007.0,4,True,2854.0,-29.677645409950948,0.0,,0.0,,2630.0,-23.688212927756656,706.86,65,0,366,600.96,101.1,893.38,-20.87801383509816,,,,,,,,,,False,True,True,-29.677645409950948,,18.620116375727356,,15.274882829913611,,0.0,,15.274882829913611,,0.0,,43.43952398000493,,0.0,13.031857194001478,,,0.6499999999999999,20.049011067694586,2,Limited,20.049011067694586,Rainfall anomaly,,
Uttar Pradesh,Kaushambi,Maize,2024-25,0.01,0.03,3447.0,4,True,2007.0,71.74887892376681,0.0,,0.0,,2422.333333333333,42.30081188936287,902.28,80,0,365,805.65,14.32,831.2066666666666,8.550621185264802,,,,,,,,,,False,True,True,71.74887892376682,,-29.677645409950948,,-20.87801383509816,,29.677645409950948,,20.87801383509816,,100.0,,59.374005859379174,,35.0,17.812201757813753,,,0.6499999999999999,81.24954116586733,2,Limited,81.24954116586733,Yield trend,Rainfall anomaly,
Uttar Pradesh,Kaushambi,Rice,2021-22,0.49,1.34,2732.0,4,True,,,,,,,,,829.99,73,0,365,699.93,110.64,,,1940.0,1940.0,1940.0,0.0,4.0,0.6666666666666666,,33.33333333333333,Low,True,True,True,,,,,,,,,,,,,,,,,,,0.0,,0,Insufficient,,,,
Uttar Pradesh,Kaushambi,Rice,2022-23,0.64,1.98,3072.0,4,True,2732.0,12.445095168374817,0.49,30.61224489795919,1.34,47.761194029850735,2732.0,12.445095168374817,956.77,78,0,365,748.64,146.48,829.99,15.274882829913611,2040.0,2040.0,2040.0,0.0,4.0,0.8,,33.33333333333333,Low,True,True,True,12.44509516837482,30.612244897959194,,,,,,,,,,,,,,,,,0.0,,0,Insufficient,,,,
Uttar Pradesh,Kaushambi,Rice,2023-24,0.46,1.38,3004.0,4,True,3072.0,-2.213541666666667,0.64,-28.125,1.98,-30.303030303030308,2902.0,3.5148173673328738,706.86,65,0,366,600.96,101.1,893.38,-20.87801383509816,,,,,0.0,0.0,,0.0,Low,False,True,True,-2.213541666666663,-28.125,12.44509516837482,30.612244897959194,15.274882829913611,,0.0,0.0,15.274882829913611,,0.0,0.0,43.43952398000493,,0.0,13.031857194001478,0.0,,0.8499999999999999,15.33159669882527,3,Good,15.33159669882527,Rainfall anomaly,,
Uttar Pradesh,Kaushambi,Rice,2024-25,0.77,2.66,3471.0,4,True,3004.0,15.545938748335551,0.46,67.3913043478261,1.38,92.75362318840584,2936.0,18.222070844686648,902.28,80,0,365,805.65,14.32,831.2066666666666,8.550621185264802,2297.06,2288.24,2300.0,5.880000000000109,4.0,1.0,,33.33333333333333,Low,True,True,True,15.54593874833554,67.39130434782608,-2.213541666666663,-28.125,-20.87801383509816,,2.213541666666663,28.125,20.87801383509816,,10.335270212661655,100.0,59.374005859379174,,3.617344574431579,17.812201757813753,20.0,,0.8499999999999999,48.74064274381804,3,Good,48.74064274381804,Area trend,Rainfall anomaly,Yield trend
Uttar Pradesh,Kaushambi,Wheat,2021-22,0.78,2.61,3360.0,4,True,,,,,,,,,829.99,73,0,365,699.93,110.64,,,1894.1791666666668,1679.66,2048.63,122.7333019531917,12.0,1.0,6.479498038676825,100.0,Complete,True,True,True,,,,,,,,,,,,,,,,,,,0.0,,0,Insufficient,,,,
Uttar Pradesh,Kaushambi,Wheat,2022-23,0.8,2.91,3651.0,4,True,3360.0,8.660714285714285,0.78,2.5641025641025665,2.61,11.49425287356323,3360.0,8.660714285714285,956.77,78,0,365,748.64,146.48,829.99,15.274882829913611,2305.9045454545453,2047.15,2670.95,189.09930705127584,11.0,0.9166666666666666,8.200656329163014,91.66666666666666,Good,True,True,True,8.660714285714288,2.564102564102577,,,,6.479498038676825,,,,6.479498038676825,,,,52.66199643066501,,,,7.899299464599752,0.15,52.66199643066501,1,Very Limited,,Price volatility,,
Uttar Pradesh,Kaushambi,Wheat,2023-24,0.81,2.77,3423.0,4,True,3651.0,-6.244864420706656,0.8,1.250000000000001,2.91,-4.810996563573887,3505.5,-2.35344458707745,706.86,65,0,366,600.96,101.1,893.38,-20.87801383509816,2368.3575,2265.93,2449.93,68.67108709109475,12.0,1.0833333333333333,2.8995237032878163,100.0,Complete,True,True,True,-6.244864420706653,1.2499999999999956,8.660714285714288,2.564102564102577,15.274882829913611,8.200656329163014,0.0,0.0,15.274882829913611,8.200656329163014,0.0,0.0,43.43952398000493,66.65067753052112,0.0,13.031857194001478,0.0,9.997601629578169,0.9999999999999999,23.02945882357965,4,Complete,23.02945882357965,Rainfall anomaly,Price volatility,
Uttar Pradesh,Kaushambi,Wheat,2024-25,0.8,3.51,4367.0,4,True,3423.0,27.5781478235466,0.81,-1.234567901234569,2.77,26.71480144404332,3478.0,25.56066705002875,902.28,80,0,365,805.65,14.32,831.2066666666666,8.550621185264802,2631.837916666667,2422.005,2855.745,167.08749224798285,12.0,1.9166666666666667,6.348699940443376,100.0,Complete,True,True,True,27.578147823546594,-1.2345679012345734,-6.244864420706653,1.2499999999999956,-20.87801383509816,2.8995237032878163,6.244864420706653,0.0,20.87801383509816,2.8995237032878163,29.15796083777062,0.0,59.374005859379174,23.565823463749872,10.205286293219716,17.812201757813753,0.0,3.5348735195624807,0.9999999999999999,31.552361570595952,4,Complete,31.552361570595952,Rainfall anomaly,Yield trend,Price volatility
Uttar Pradesh,Kheri,Maize,2021-22,0.11,0.19,1667.0,4,True,,,,,,,,,1295.82,89,2,365,824.47,387.06,,,,,,,,,,,,False,True,True,,,,,,,,,,,,,,,,,,,0.0,,0,Insufficient,,,,
Uttar Pradesh,Kheri,Maize,2022-23,0.11,0.18,1587.0,4,True,1667.0,-4.799040191961608,0.11,0.0,0.19,-5.263157894736847,1667.0,-4.799040191961608,1065.29,85,0,365,648.1800000000001,335.47,1295.82,-17.79027951413005,,,,,,,,,,False,True,True,-4.799040191961613,0.0,,,,,,,,,,,,,,,,,0.0,,0,Insufficient,,,,
Uttar Pradesh,Kheri,Maize,2023-24,0.15,0.37,2465.0,4,True,1587.0,55.32451165721487,0.11,36.36363636363636,0.18,105.55555555555556,1627.0,51.50583896742471,941.67,85,1,366,860.08,63.65,1180.5549999999998,-20.23497422822316,,,,,,,,,,False,True,True,55.324511657214885,36.36363636363635,-4.799040191961613,0.0,-17.79027951413005,,4.799040191961613,-0.0,17.79027951413005,,22.40724802801559,-0.0,50.59294281797207,,7.842536809805456,15.177882845391622,-0.0,,0.8499999999999999,27.082846653173036,3,Good,27.082846653173036,Rainfall anomaly,Yield trend,
Uttar Pradesh,Kheri,Maize,2024-25,0.05,0.14,2924.0,4,True,2465.0,18.620689655172416,0.15,-66.66666666666666,0.37,-62.16216216216216,1906.3333333333333,53.38345864661655,1253.71,83,2,365,1166.98,15.97,1100.9266666666665,13.877703025935748,2157.8475,2119.42,2210.44,38.08873619588877,4.0,0.8,,33.33333333333333,Low,True,True,True,18.620689655172406,-66.66666666666666,55.324511657214885,36.36363636363635,-20.23497422822316,,0.0,0.0,20.23497422822316,,0.0,0.0,57.54529563397332,,0.0,17.263588690191995,0.0,,0.8499999999999999,20.31010434140235,3,Good,20.31010434140235,Rainfall anomaly,,
Uttar Pradesh,Kheri,Rice,2021-22,1.87,5.3,2842.0,4,True,,,,,,,,,1295.82,89,2,365,824.47,387.06,,,1633.9325,1431.52,1784.91,138.27403585943807,8.0,0.8,8.462652885565229,66.66666666666666,Moderate,True,True,True,,,,,,,,,,,,,,,,,,,0.0,,0,Insufficient,,,,
Uttar Pradesh,Kheri,Rice,2022-23,1.85,5.21,2826.0,4,True,2842.0,-0.5629838142153413,1.87,-1.0695187165775408,5.3,-1.6981132075471674,2842.0,-0.5629838142153413,1065.29,85,0,365,648.1800000000001,335.47,1295.82,-17.79027951413005,1935.4525,1789.74,2065.02,86.34350037390303,12.0,1.0,4.461153160509133,100.0,Complete,True,True,True,-0.5629838142153454,-1.0695187165775444,,,,8.462652885565229,,,,8.462652885565229,,,,68.78004953368287,,,,10.31700743005243,0.15,68.78004953368287,1,Very Limited,,Price volatility,,
Uttar Pradesh,Kheri,Rice,2023-24,1.73,5.25,3030.0,4,True,2826.0,7.218683651804671,1.85,-6.486486486486492,5.21,0.7677543186180429,2834.0,6.916019760056457,941.67,85,1,366,860.08,63.65,1180.5549999999998,-20.23497422822316,2103.268333333333,1986.31,2212.98,72.29795468417552,12.0,1.0,3.437409936638716,100.0,Complete,True,True,True,7.218683651804669,-6.486486486486487,-0.5629838142153454,-1.0695187165775444,-17.79027951413005,4.461153160509133,0.5629838142153454,1.0695187165775444,17.79027951413005,4.461153160509133,2.6286335300986785,11.412623140835205,50.59294281797207,36.25793702120751,0.9200217355345374,15.177882845391622,2.282524628167041,5.438690553181126,0.9999999999999999,23.81911976227433,4,Complete,23.81911976227433,Rainfall anomaly,Price volatility,Area trend
Uttar Pradesh,Kheri,Rice,2024-25,1.13,3.8,3352.0,4,True,3030.0,10.627062706270628,1.73,-34.6820809248555,5.25,-27.61904761904762,2899.333333333333,15.612784548171987,1253.71,83,2,365,1166.98,15.97,1100.9266666666665,13.877703025935748,2100.6525,1889.85,2286.37,121.27911992402264,12.0,1.0,5.773402308283861,100.0,Complete,True,True,True,10.627062706270628,-34.6820809248555,7.218683651804669,-6.486486486486487,-20.23497422822316,3.437409936638716,0.0,6.486486486486487,20.23497422822316,3.437409936638716,0.0,69.21601710279486,57.54529563397332,27.93748354169835,0.0,17.263588690191995,13.843203420558973,4.1906225312547525,0.9999999999999999,35.29741464200573,4,Complete,35.29741464200573,Rainfall anomaly,Area trend,Price volatility
Uttar Pradesh,Kheri,Wheat,2021-22,2.02,8.28,4094.0,4,True,,,,,,,,,1295.82,89,2,365,824.47,387.06,,,1881.2795833333328,1608.38,2026.82,132.79214878657572,12.0,2.583333333333333,7.058607873226838,100.0,Complete,True,True,True,,,,,,,,,,,,,,,,,,,0.0,,0,Insufficient,,,,
Uttar Pradesh,Kheri,Wheat,2022-23,1.94,7.98,4123.0,4,True,4094.0,0.7083536883243771,2.02,-3.960396039603964,8.28,-3.623188405797089,4094.0,0.7083536883243771,1065.29,85,0,365,648.1800000000001,335.47,1295.82,-17.79027951413005,2294.4454166666665,2016.6,2664.995,178.3843891643489,12.0,2.0,7.774618993704495,100.0,Complete,True,True,True,0.7083536883243813,-3.960396039603964,,,,7.058607873226838,,,,7.058607873226838,,,,57.36870053922334,,,,8.6053050808835,0.15,57.36870053922334,1,Very Limited,,Price volatility,,
Uttar Pradesh,Kheri,Wheat,2023-24,1.59,6.33,3976.0,4,True,4123.0,-3.5653650254668934,1.94,-18.04123711340205,7.98,-20.67669172932332,4108.5,-3.2250212973104544,941.67,85,1,366,860.08,63.65,1180.5549999999998,-20.23497422822316,2353.920416666667,2230.59,2477.47,88.41731048268991,12.0,2.75,3.756172462614333,100.0,Complete,True,True,True,-3.5653650254668934,-18.041237113402055,0.7083536883243813,-3.960396039603964,-17.79027951413005,7.774618993704495,0.0,3.960396039603964,17.79027951413005,7.774618993704495,0.0,42.26060450170647,50.59294281797207,63.18806723180295,0.0,15.177882845391622,8.452120900341294,9.478210084770442,0.9999999999999999,33.10821383050337,4,Complete,33.10821383050337,Rainfall anomaly,Price volatility,Area trend
Uttar Pradesh,Kheri,Wheat,2024-25,1.82,7.28,3993.0,4,True,3976.0,0.4275653923541248,1.59,14.465408805031444,6.33,15.00789889415482,4064.3333333333335,-1.7551053883375745,1253.71,83,2,365,1166.98,15.97,1100.9266666666665,13.877703025935748,2583.8595833333334,2384.6450000000004,2865.495,180.63433825446583,12.0,2.25,6.990872856234577,100.0,Complete,True,True,True,0.4275653923541345,14.465408805031444,-3.5653650254668934,-18.041237113402055,-20.23497422822316,3.756172462614333,3.5653650254668934,18.041237113402055,20.23497422822316,3.756172462614333,16.647082591611653,100.0,57.54529563397332,30.52821987728426,5.826478907064078,17.263588690191995,20.0,4.579232981592639,0.9999999999999999,47.66930057884872,4,Complete,47.66930057884872,Area trend,Rainfall anomaly,Yield trend
Uttar Pradesh,Kushinagar,Maize,2021-22,0.08,0.14,1767.0,4,True,,,,,,,,,1753.59,107,0,365,1395.73,281.31,,,,,,,,,,,,False,True,True,,,,,,,,,,,,,,,,,,,0.0,,0,Insufficient,,,,
Uttar Pradesh,Kushinagar,Maize,2022-23,0.06,0.12,2103.0,4,True,1767.0,19.015280135823428,0.08,-25.000000000000007,0.14,-14.285714285714295,1767.0,19.015280135823428,1162.3,76,1,365,850.44,238.47,1753.59,-33.71882823236903,,,,,,,,,,False,True,True,19.01528013582343,-25.0,,,,,,,,,,,,,,,,,0.0,,0,Insufficient,,,,
Uttar Pradesh,Kushinagar,Maize,2023-24,0.08,0.25,2964.0,4,True,2103.0,40.94151212553495,0.06,33.33333333333334,0.12,108.33333333333334,1935.0,53.17829457364341,1167.89,93,1,366,1008.63,125.52,1457.945,-19.894783410896835,,,,,,,,,,False,True,True,40.94151212553494,33.33333333333335,19.01528013582343,-25.0,-33.71882823236903,,0.0,25.0,33.71882823236903,,0.0,100.0,95.89139660758666,,0.0,28.767418982275995,20.0,,0.8499999999999999,57.3734340967953,3,Good,57.3734340967953,Rainfall anomaly,Area trend,
Uttar Pradesh,Kushinagar,Maize,2024-25,0.05,0.14,3158.0,4,True,2964.0,6.545209176788124,0.08,-37.5,0.25,-43.99999999999999,2278.0,38.63037752414399,1545.58,82,5,365,1357.75,14.49,1361.26,13.540396397455297,,,,,,,,,,False,True,True,6.545209176788114,-37.5,40.94151212553494,33.33333333333335,-19.894783410896835,,0.0,0.0,19.894783410896835,,0.0,0.0,56.577842899207695,,0.0,16.97335286976231,0.0,,0.8499999999999999,19.968650435014485,3,Good,19.968650435014485,Rainfall anomaly,,
Uttar Pradesh,Kushinagar,Rice,2021-22,1.27,3.32,2607.0,4,True,,,,,,,,,1753.59,107,0,365,1395.73,281.31,,,1697.0,1480.0,1940.0,225.9314055194629,5.0,0.7142857142857143,,41.66666666666667,Low,True,True,True,,,,,,,,,,,,,,,,,,,0.0,,0,Insufficient,,,,
Uttar Pradesh,Kushinagar,Rice,2022-23,1.24,3.14,2525.0,4,True,2607.0,-3.145377828922133,1.27,-2.362204724409451,3.32,-5.421686746987944,2607.0,-3.145377828922133,1162.3,76,1,365,850.44,238.47,1753.59,-33.71882823236903,1825.4545454545453,1520.0,2040.0,183.8267464959132,11.0,0.9166666666666666,10.07019029609086,91.66666666666666,Good,True,True,True,-3.1453778289221357,-2.3622047244094557,,,,,,,,,,,,,,,,,0.0,,0,Insufficient,,,,
Uttar Pradesh,Kushinagar,Rice,2023-24,1.19,3.06,2567.0,4,True,2525.0,1.6633663366336635,1.24,-4.032258064516133,3.14,-2.5477707006369448,2566.0,0.0389711613406079,1167.89,93,1,366,1008.63,125.52,1457.945,-19.894783410896835,2090.724,1870.0,2183.0,137.7249464694033,5.0,0.4545454545454545,,41.66666666666667,Low,True,True,True,1.6633663366336648,-4.032258064516137,-3.1453778289221357,-2.3622047244094557,-33.71882823236903,10.07019029609086,3.1453778289221357,2.3622047244094557,33.71882823236903,10.07019029609086,14.686116043064649,25.206620401608436,95.89139660758666,81.84527910392731,5.140140615072627,28.767418982275995,5.041324080321687,12.276791865589097,0.9999999999999999,51.22567554325941,4,Complete,51.22567554325941,Rainfall anomaly,Price volatility,Yield trend
Uttar Pradesh,Kushinagar,Rice,2024-25,0.87,2.4,2749.0,4,True,2567.0,7.089988313206078,1.19,-26.89075630252101,3.06,-21.5686274509804,2566.333333333333,7.117807507468496,1545.58,82,5,365,1357.75,14.49,1361.26,13.540396397455297,2324.715,2320.76,2329.29,3.5342561687951,4.0,0.4,,33.33333333333333,Low,True,True,True,7.089988313206086,-26.890756302521,1.6633663366336648,-4.032258064516137,-19.894783410896835,,0.0,4.032258064516137,19.894783410896835,,0.0,43.02742998661651,56.577842899207695,,0.0,16.97335286976231,8.605485997323303,,0.8499999999999999,30.09275160833602,3,Good,30.09275160833602,Rainfall anomaly,Area trend,
Uttar Pradesh,Kushinagar,Wheat,2021-22,1.21,4.57,3763.0,4,True,,,,,,,,,1753.59,107,0,365,1395.73,281.31,,,1870.8333333333333,1600.0,2015.0,143.1755650390192,12.0,1.0,7.65303688404557,100.0,Complete,True,True,True,,,,,,,,,,,,,,,,,,,0.0,,0,Insufficient,,,,
Uttar Pradesh,Kushinagar,Wheat,2022-23,1.22,4.5,3697.0,4,True,3763.0,-1.7539197448844006,1.21,0.8264462809917362,4.57,-1.5317286652078836,3763.0,-1.7539197448844006,1162.3,76,1,365,850.44,238.47,1753.59,-33.71882823236903,2292.7272727272725,2025.0,2780.0,208.41501429076115,11.0,0.9166666666666666,9.090266285481256,91.66666666666666,Good,True,True,True,-1.7539197448844024,0.8264462809917328,,,,7.65303688404557,,,,7.65303688404557,,,,62.199910960025065,,,,9.329986644003759,0.15,62.19991096002506,1,Very Limited,,Price volatility,,
Uttar Pradesh,Kushinagar,Wheat,2023-24,1.08,3.91,3614.0,4,True,3697.0,-2.245063565052745,1.22,-11.475409836065566,4.5,-13.111111111111107,3730.0,-3.1099195710455763,1167.89,93,1,366,1008.63,125.52,1457.945,-19.894783410896835,2351.2470000000003,2260.0,2424.44,54.64127602422508,10.0,0.8333333333333334,2.3239275169399503,83.33333333333334,Good,True,True,True,-2.2450635650527406,-11.475409836065564,-1.7539197448844024,0.8264462809917328,-33.71882823236903,9.090266285481256,1.7539197448844024,0.0,33.71882823236903,9.090266285481256,8.18924475995991,0.0,95.89139660758666,73.88096544243508,2.8662356659859687,28.767418982275995,0.0,11.082144816365263,0.9999999999999999,42.71579946462723,4,Complete,42.71579946462723,Rainfall anomaly,Price volatility,Yield trend
Uttar Pradesh,Kushinagar,Wheat,2024-25,1.12,4.3,3839.0,4,True,3614.0,6.225788599889319,1.08,3.703703703703707,3.91,9.974424552429658,3691.3333333333335,4.000361206429471,1545.58,82,5,365,1357.75,14.49,1361.26,13.540396397455297,2411.575,2300.0,2469.35,58.94908747627673,8.0,0.6666666666666666,2.444422731048246,66.66666666666666,Moderate,True,True,True,6.225788599889315,3.703703703703698,-2.2450635650527406,-11.475409836065564,-19.894783410896835,2.3239275169399503,2.2450635650527406,11.475409836065564,19.894783410896835,2.3239275169399503,10.482449433338704,100.0,56.577842899207695,18.887676463778604,3.668857301668546,16.97335286976231,20.0,2.8331514695667903,0.9999999999999999,43.475361640997654,4,Complete,43.475361640997654,Area trend,Rainfall anomaly,Yield trend
Uttar Pradesh,Lalitpur,Maize,2021-22,0.31,0.35,1129.0,4,True,,,,,,,,,940.25,74,1,365,802.54,121.38,,,1705.95875,1513.42,1814.55,106.92999186224154,12.0,1.8333333333333333,6.268029157342846,100.0,Complete,True,True,True,,,,,,,,,,,,,,,,,,,0.0,,0,Insufficient,,,,
Uttar Pradesh,Lalitpur,Maize,2022-23,0.31,0.39,1231.0,4,True,1129.0,9.03454384410983,0.31,0.0,0.35,11.42857142857144,1129.0,9.03454384410983,1379.59,92,1,365,1195.91,129.64,940.25,46.72587077904812,1976.8033333333333,1771.705,2093.915,102.06622786062464,12.0,2.0,5.163195859677053,100.0,Complete,True,True,True,9.034543844109821,0.0,,,,6.268029157342846,,,,6.268029157342846,,,,50.943287140603886,,,,7.641493071090583,0.15,50.943287140603886,1,Very Limited,,Price volatility,,
Uttar Pradesh,Lalitpur,Maize,2023-24,0.3,0.39,1292.0,4,True,1231.0,4.955320877335499,0.31,-3.2258064516129057,0.39,0.0,1180.0,9.491525423728811,886.11,75,0,366,810.58,50.51,1159.92,-23.60593834057521,2053.583333333333,1916.965,2145.74,61.896495139919146,12.0,1.5,3.0140727252324377,100.0,Complete,True,True,True,4.955320877335501,-3.2258064516129115,9.034543844109821,0.0,46.72587077904812,5.163195859677053,0.0,-0.0,46.72587077904812,5.163195859677053,0.0,-0.0,100.0,41.96377563664836,0.0,30.0,-0.0,6.294566345497254,0.9999999999999999,36.29456634549726,4,Complete,36.29456634549726,Rainfall anomaly,Price volatility,
Uttar Pradesh,Lalitpur,Maize,2024-25,0.11,0.09,856.0,4,True,1292.0,-33.746130030959755,0.3,-63.33333333333334,0.39,-76.92307692307693,1217.3333333333333,-29.68236582694413,1412.13,89,2,365,1346.78,33.33,1068.65,32.14148692275303,2197.2229166666666,2090.425,2307.61,64.68100049327157,12.0,2.5,2.943761418226829,100.0,Complete,True,True,True,-33.746130030959755,-63.33333333333333,4.955320877335501,-3.2258064516129115,-23.60593834057521,3.0140727252324377,0.0,3.2258064516129115,23.60593834057521,3.0140727252324377,0.0,34.421943989293226,67.1318226158684,24.496818449592276,0.0,20.13954678476052,6.884388797858645,3.674522767438841,0.9999999999999999,30.698458350058008,4,Complete,30.698458350058008,Rainfall anomaly,Area trend,Price volatility
Uttar Pradesh,Lalitpur,Rice,2021-22,0.02,0.01,512.0,4,True,,,,,,,,,940.25,74,1,365,802.54,121.38,,,1664.0786363636362,1434.465,1940.0,190.91088747228264,11.0,1.6666666666666667,11.47246790509031,91.66666666666666,Good,True,True,True,,,,,,,,,,,,,,,,,,,0.0,,0,Insufficient,,,,
Uttar Pradesh,Lalitpur,Rice,2022-23,0.02,0.05,2577.0,4,True,512.0,403.3203125,0.02,0.0,0.01,400.0,512.0,403.3203125,1379.59,92,1,365,1195.91,129.64,940.25,46.72587077904812,1932.83125,1793.69,2082.91,84.41305107314433,12.0,2.0,4.367326484044809,100.0,Complete,True,True,True,403.3203125,0.0,,,,11.47246790509031,,,,11.47246790509031,,,,93.24226356153983,,,,13.986339534230973,0.15,93.24226356153983,1,Very Limited,,Price volatility,,
Uttar Pradesh,Lalitpur,Rice,2023-24,0.01,0.03,2161.0,4,True,2577.0,-16.14280170741172,0.02,-50.0,0.05,-40.00000000000001,1544.5,39.91583036581418,886.11,75,0,366,810.58,50.51,1159.92,-23.60593834057521,2100.0804166666667,1989.44,2201.36,72.14189595570203,12.0,2.0,3.435196832615038,100.0,Complete,True,True,True,-16.142801707411714,-50.0,403.3203125,0.0,46.72587077904812,4.367326484044809,0.0,-0.0,46.72587077904812,4.367326484044809,0.0,-0.0,100.0,35.49536250207479,0.0,30.0,-0.0,5.324304375311218,0.9999999999999999,35.32430437531122,4,Complete,35.32430437531122,Rainfall anomaly,Price volatility,
Uttar Pradesh,Lalitpur,Rice,2024-25,0.01,0.01,1231.0,4,True,2161.0,-43.03563165201296,0.01,0.0,0.03,-66.66666666666666,1750.0,-29.65714285714286,1412.13,89,2,365,1346.78,33.33,1068.65,32.14148692275303,2123.2445833333336,1965.725,2237.735,77.63770547339902,12.0,2.0,3.656559686190919,100.0,Complete,True,True,True,-43.03563165201296,0.0,-16.142801707411714,-50.0,-23.60593834057521,3.435196832615038,16.142801707411714,50.0,23.60593834057521,3.435196832615038,75.37252184945676,100.0,67.1318226158684,27.919496581057274,26.380382647309865,20.13954678476052,20.0,4.187924487158591,0.9999999999999999,70.707853919229,4,Complete,70.707853919229,Yield trend,Rainfall anomaly,Area trend
Uttar Pradesh,Lalitpur,Wheat,2021-22,1.71,6.21,3619.0,4,True,,,,,,,,,940.25,74,1,365,802.54,121.38,,,1897.2066666666667,1646.69,2032.93,129.76121462015135,12.0,3.5,6.839593013244983,100.0,Complete,True,True,True,,,,,,,,,,,,,,,,,,,0.0,,0,Insufficient,,,,
Uttar Pradesh,Lalitpur,Wheat,2022-23,1.71,6.24,3650.0,4,True,3619.0,0.8565902182923459,1.71,0.0,6.21,0.4830917874396175,3619.0,0.8565902182923459,1379.59,92,1,365,1195.91,129.64,940.25,46.72587077904812,2267.572083333333,2053.025,2619.655,143.50896171665525,12.0,4.0,6.328749713027731,100.0,Complete,True,True,True,0.8565902182923413,0.0,,,,6.839593013244983,,,,6.839593013244983,,,,55.58866145196985,,,,8.338299217795477,0.15,55.58866145196985,1,Very Limited,,Price volatility,,
Uttar Pradesh,Lalitpur,Wheat,2023-24,1.87,6.66,3568.0,4,True,3650.0,-2.246575342465753,1.71,9.35672514619884,6.24,6.730769230769229,3634.5,-1.8296877149539137,886.11,75,0,366,810.58,50.51,1159.92,-23.60593834057521,2377.9933333333333,2218.23,2489.31,81.21204028885614,12.0,3.8333333333333335,3.415150040602419,100.0,Complete,True,True,True,-2.246575342465751,9.35672514619883,0.8565902182923413,0.0,46.72587077904812,6.328749713027731,0.0,-0.0,46.72587077904812,6.328749713027731,0.0,-0.0,100.0,51.43679229604312,0.0,30.0,-0.0,7.715518844406468,0.9999999999999999,37.715518844406475,4,Complete,37.715518844406475,Rainfall anomaly,Price volatility,
Uttar Pradesh,Lalitpur,Wheat,2024-25,1.72,5.83,3401.0,4,True,3568.0,-4.680493273542601,1.87,-8.021390374331558,6.66,-12.462462462462463,3612.3333333333335,-5.85032758143398,1412.13,89,2,365,1346.78,33.33,1068.65,32.14148692275303,2592.020833333333,2423.51,2863.93,149.80830142724116,12.0,4.0,5.779594804976471,100.0,Complete,True,True,True,-4.680493273542597,-8.02139037433156,-2.246575342465751,9.35672514619883,-23.60593834057521,3.415150040602419,2.246575342465751,0.0,23.60593834057521,3.415150040602419,10.489508088840948,0.0,67.1318226158684,27.756566662240534,3.6713278310943314,20.13954678476052,0.0,4.16348499933608,0.9999999999999999,27.974359615190934,4,Complete,27.974359615190934,Rainfall anomaly,Price volatility,Yield trend
Uttar Pradesh,Lucknow,Maize,2021-22,0.02,0.04,2249.0,4,True,,,,,,,,,1126.47,73,3,365,756.0,325.15000000000003,,,2500.0,2500.0,2500.0,,1.0,0.1428571428571428,,8.333333333333332,Low,True,True,True,,,,,,,,,,,,,,,,,,,0.0,,0,Insufficient,,,,
Uttar Pradesh,Lucknow,Maize,2022-23,0.02,0.01,728.0,4,True,2249.0,-67.63005780346822,0.02,0.0,0.04,-75.0,2249.0,-67.63005780346822,993.18,75,1,365,661.24,254.34,1126.47,-11.832538815947167,,,,,0.0,0.0,,0.0,Low,False,True,True,-67.6300578034682,0.0,,,,,,,,,,,,,,,,,0.0,,0,Insufficient,,,,
Uttar Pradesh,Lucknow,Maize,2023-24,0.02,0.04,2082.0,4,True,728.0,185.989010989011,0.02,0.0,0.01,300.0,1488.5,39.87235471951629,827.7,62,0,366,750.74,73.9,1059.825,-21.90220083504352,,,,,,,,,,False,True,True,185.989010989011,0.0,-67.6300578034682,0.0,-11.832538815947167,,67.6300578034682,-0.0,11.832538815947167,,100.0,-0.0,33.65000303852302,,35.0,10.095000911556905,-0.0,,0.8499999999999999,53.05294224889049,3,Good,53.05294224889049,Yield trend,Rainfall anomaly,
Uttar Pradesh,Lucknow,Maize,2024-25,0.01,0.02,2059.0,4,True,2082.0,-1.1047070124879923,0.02,-50.0,0.04,-50.0,1686.3333333333333,22.099229096659425,957.96,75,0,365,912.2,11.26,982.45,-2.4927477225303982,,,,,,,,,,False,True,True,-1.1047070124879932,-50.0,185.989010989011,0.0,-21.90220083504352,,0.0,-0.0,21.90220083504352,,0.0,-0.0,62.28664330737376,,0.0,18.685992992212128,-0.0,,0.8499999999999999,21.98352116730839,3,Good,21.98352116730839,Rainfall anomaly,,
Uttar Pradesh,Lucknow,Rice,2021-22,0.55,1.37,2492.0,4,True,,,,,,,,,1126.47,73,3,365,756.0,325.15000000000003,,,1940.0,1940.0,1940.0,0.0,5.0,0.625,,41.66666666666667,Low,True,True,True,,,,,,,,,,,,,,,,,,,0.0,,0,Insufficient,,,,
Uttar Pradesh,Lucknow,Rice,2022-23,0.52,1.37,2624.0,4,True,2492.0,5.296950240770466,0.55,-5.45454545454546,1.37,0.0,2492.0,5.296950240770466,993.18,75,1,365,661.24,254.34,1126.47,-11.832538815947167,2040.0,2040.0,2040.0,0.0,4.0,0.8,,33.33333333333333,Low,True,True,True,5.296950240770459,-5.454545454545457,,,,,,,,,,,,,,,,,0.0,,0,Insufficient,,,,
Uttar Pradesh,Lucknow,Rice,2023-24,0.51,1.3,2563.0,4,True,2624.0,-2.3246951219512195,0.52,-1.923076923076925,1.37,-5.109489051094895,2558.0,0.1954652071931196,827.7,62,0,366,750.74,73.9,1059.825,-21.90220083504352,2371.2122222222224,2184.58,2741.58,193.28623599649947,9.0,1.5555555555555556,8.151368071785575,75.0,Good,True,True,True,-2.3246951219512146,-1.9230769230769273,5.296950240770459,-5.454545454545457,-11.832538815947167,,0.0,5.454545454545457,11.832538815947167,,0.0,58.20437801825933,33.65000303852302,,0.0,10.095000911556905,11.640875603651866,,0.8499999999999999,25.571619429657385,3,Good,25.571619429657385,Area trend,Rainfall anomaly,
Uttar Pradesh,Lucknow,Rice,2024-25,0.36,1.0,2774.0,4,True,2563.0,8.232539992196644,0.51,-29.41176470588236,1.3,-23.07692307692308,2559.6666666666665,8.373486131006649,957.96,75,0,365,912.2,11.26,982.45,-2.4927477225303982,2445.45625,2285.675,2728.06,156.5421826120096,12.0,1.6666666666666667,6.401348730406019,100.0,Complete,True,True,True,8.232539992196642,-29.41176470588236,-2.3246951219512146,-1.9230769230769273,-21.90220083504352,8.151368071785575,2.3246951219512146,1.9230769230769273,21.90220083504352,8.151368071785575,10.854257956482538,20.520774301309416,62.28664330737376,66.25008816100654,3.798990284768888,18.685992992212128,4.104154860261883,9.937513224150981,0.9999999999999999,36.52665136139389,4,Complete,36.52665136139389,Rainfall anomaly,Price volatility,Area trend
Uttar Pradesh,Lucknow,Wheat,2021-22,0.85,3.02,3541.0,4,True,,,,,,,,,1126.47,73,3,365,756.0,325.15000000000003,,,1904.8825,1705.1,2031.11,113.3831746476601,12.0,1.0833333333333333,5.95223981781869,100.0,Complete,True,True,True,,,,,,,,,,,,,,,,,,,0.0,,0,Insufficient,,,,
Uttar Pradesh,Lucknow,Wheat,2022-23,0.81,2.83,3498.0,4,True,3541.0,-1.2143462298785652,0.85,-4.705882352941168,3.02,-6.29139072847682,3541.0,-1.2143462298785652,993.18,75,1,365,661.24,254.34,1126.47,-11.832538815947167,2366.155,2061.19,2661.21,193.85609393193047,12.0,1.0,8.192873836749092,100.0,Complete,True,True,True,-1.2143462298785601,-4.70588235294117,,,,5.95223981781869,,,,5.95223981781869,,,,48.37671532105917,,,,7.256507298158875,0.15,48.37671532105917,1,Very Limited,,Price volatility,,
Uttar Pradesh,Lucknow,Wheat,2023-24,0.36,1.29,3581.0,4,True,3498.0,2.372784448256146,0.81,-55.55555555555556,2.83,-54.416961130742045,3519.5,1.7474073021736043,827.7,62,0,366,750.74,73.9,1059.825,-21.90220083504352,2426.1425,2310.08,2544.44,92.3823091215864,12.0,1.75,3.807785780166928,100.0,Complete,True,True,True,2.372784448256149,-55.55555555555556,-1.2143462298785601,-4.70588235294117,-11.832538815947167,8.192873836749092,1.2143462298785601,4.70588235294117,11.832538815947167,8.192873836749092,5.669916499209888,50.215541819674634,33.65000303852302,66.58742547221702,1.9844707747234607,10.095000911556905,10.043108363934927,9.988113820832552,0.9999999999999999,32.11069387104785,4,Complete,32.11069387104785,Rainfall anomaly,Area trend,Price volatility
Uttar Pradesh,Lucknow,Wheat,2024-25,0.72,2.4,3310.0,4,True,3581.0,-7.567718514381458,0.36,100.0,1.29,86.04651162790697,3540.0,-6.497175141242938,957.96,75,0,365,912.2,11.26,982.45,-2.4927477225303982,2662.563333333333,2427.5950000000003,2943.155,194.12305691041053,12.0,2.0,7.290833404040862,100.0,Complete,True,True,True,-7.567718514381461,100.0,2.372784448256149,-55.55555555555556,-21.90220083504352,3.807785780166928,0.0,55.55555555555556,21.90220083504352,3.807785780166928,0.0,100.0,62.28664330737376,30.9477061289206,0.0,18.685992992212128,20.0,4.64215591933809,0.9999999999999999,43.32814891155022,4,Complete,43.32814891155022,Area trend,Rainfall anomaly,Price volatility
Uttar Pradesh,Mahoba,Maize,2021-22,0.0,0.0,2091.0,4,True,,,,,,,,,918.53,68,0,365,744.63,150.1,,,,,,,,,,,,False,True,True,,,,,,,,,,,,,,,,,,,0.0,,0,Insufficient,,,,
Uttar Pradesh,Mahoba,Maize,2022-23,0.0,0.0,2154.0,4,True,2091.0,3.012912482065997,0.0,,0.0,,2091.0,3.012912482065997,1059.1,77,0,365,845.27,150.66,918.53,15.30380063797589,,,,,,,,,,False,True,True,3.012912482065988,,,,,,,,,,,,,,,,,,0.0,,0,Insufficient,,,,
Uttar Pradesh,Mahoba,Maize,2023-24,0.0,0.0,2181.0,4,True,2154.0,1.2534818941504178,0.0,,0.0,,2122.5,2.756183745583039,747.13,63,0,366,654.84,88.24,988.815,-24.441882455262103,,,,,,,,,,False,True,True,1.253481894150421,,3.012912482065988,,15.30380063797589,,0.0,,15.30380063797589,,0.0,,43.52176198017541,,0.0,13.056528594052624,,,0.6499999999999999,20.08696706777327,2,Limited,20.08696706777327,Rainfall anomaly,,
Uttar Pradesh,Mahoba,Maize,2024-25,0.0,0.0,327.0,4,True,2181.0,-85.00687757909216,0.0,,0.0,,2142.0,-84.73389355742297,970.6,86,0,365,878.02,24.73,908.2533333333332,6.864457787107872,,,,,,,,,,False,True,True,-85.00687757909216,,1.253481894150421,,-24.441882455262103,,0.0,,24.441882455262103,,0.0,,69.50912493761005,,0.0,20.852737481283015,,,0.6499999999999999,32.08113458658926,2,Limited,32.08113458658926,Rainfall anomaly,,
Uttar Pradesh,Mahoba,Rice,2021-22,0.0,0.0,2367.0,4,True,,,,,,,,,918.53,68,0,365,744.63,150.1,,,1940.0,1940.0,1940.0,0.0,5.0,0.8333333333333334,,41.66666666666667,Low,True,True,True,,,,,,,,,,,,,,,,,,,0.0,,0,Insufficient,,,,
Uttar Pradesh,Mahoba,Rice,2022-23,0.0,0.0,2413.0,4,True,2367.0,1.943388255175328,0.0,,0.0,,2367.0,1.943388255175328,1059.1,77,0,365,845.27,150.66,918.53,15.30380063797589,2040.0,2040.0,2040.0,0.0,4.0,0.8,,33.33333333333333,Low,True,True,True,1.9433882551753268,,,,,,,,,,,,,,,,,,0.0,,0,Insufficient,,,,
Uttar Pradesh,Mahoba,Rice,2023-24,0.0,0.01,2390.0,4,True,2413.0,-0.9531703273932864,0.0,,0.0,,2390.0,0.0,747.13,63,0,366,654.84,88.24,988.815,-24.441882455262103,2040.0,2040.0,2040.0,,1.0,0.1666666666666666,,8.333333333333332,Low,True,True,True,-0.9531703273932823,,1.9433882551753268,,15.30380063797589,,0.0,,15.30380063797589,,0.0,,43.52176198017541,,0.0,13.056528594052624,,,0.6499999999999999,20.08696706777327,2,Limited,20.08696706777327,Rainfall anomaly,,
Uttar Pradesh,Mahoba,Rice,2024-25,0.02,0.05,2100.0,4,True,2390.0,-12.133891213389122,0.0,,0.01,400.0,2390.0,-12.133891213389122,970.6,86,0,365,878.02,24.73,908.2533333333332,6.864457787107872,,,,,0.0,0.0,,0.0,Low,False,True,True,-12.133891213389125,,-0.9531703273932823,,-24.441882455262103,,0.9531703273932823,,24.441882455262103,,4.450457400757052,,69.50912493761005,,1.557660090264968,20.852737481283015,,,0.6499999999999999,34.47753472545844,2,Limited,34.47753472545844,Rainfall anomaly,Yield trend,
Uttar Pradesh,Mahoba,Wheat,2021-22,0.8,2.27,2841.0,4,True,,,,,,,,,918.53,68,0,365,744.63,150.1,,,1885.435,1584.76,2035.65,148.4753556991865,12.0,2.5,7.874859419666364,100.0,Complete,True,True,True,,,,,,,,,,,,,,,,,,,0.0,,0,Insufficient,,,,
Uttar Pradesh,Mahoba,Wheat,2022-23,0.78,3.09,3940.0,4,True,2841.0,38.68356212601197,0.8,-2.500000000000002,2.27,36.12334801762114,2841.0,38.68356212601197,1059.1,77,0,365,845.27,150.66,918.53,15.30380063797589,2286.7875,2081.28,2669.6,181.0206303724925,12.0,3.0,7.91593579956566,100.0,Complete,True,True,True,38.683562126011964,-2.500000000000002,,,,7.874859419666364,,,,7.874859419666364,,,,64.0027693773553,,,,9.600415406603295,0.15,64.0027693773553,1,Very Limited,,Price volatility,,
Uttar Pradesh,Mahoba,Wheat,2023-24,0.82,3.13,3816.0,4,True,3940.0,-3.147208121827412,0.78,5.128205128205118,3.09,1.294498381877024,3390.5,12.54977142014452,747.13,63,0,366,654.84,88.24,988.815,-24.441882455262103,2345.20375,2194.97,2462.085,82.24469502441531,12.0,2.833333333333333,3.506931754838585,100.0,Complete,True,True,True,-3.147208121827416,5.12820512820511,38.683562126011964,-2.500000000000002,15.30380063797589,7.91593579956566,0.0,2.500000000000002,15.30380063797589,7.91593579956566,0.0,26.677006591702206,43.52176198017541,64.33661686966555,0.0,13.056528594052624,5.335401318340441,9.650492530449831,0.9999999999999999,28.042422442842902,4,Complete,28.042422442842902,Rainfall anomaly,Price volatility,Area trend
Uttar Pradesh,Mahoba,Wheat,2024-25,0.77,2.43,3160.0,4,True,3816.0,-17.19077568134172,0.82,-6.097560975609748,3.13,-22.36421725239616,3532.333333333333,-10.540719071435316,970.6,86,0,365,878.02,24.73,908.2533333333332,6.864457787107872,2601.3725,2408.79,2848.49,155.42884476213194,12.0,2.9166666666666665,5.974878444441615,100.0,Complete,True,True,True,-17.19077568134172,-6.097560975609751,-3.147208121827416,5.12820512820511,-24.441882455262103,3.506931754838585,3.147208121827416,0.0,24.441882455262103,3.506931754838585,14.694661882535055,0.0,69.50912493761005,28.502520789960638,5.143131658887269,20.852737481283015,0.0,4.275378118494095,0.9999999999999999,30.271247258664385,4,Complete,30.271247258664385,Rainfall anomaly,Yield trend,Price volatility
Uttar Pradesh,Mahrajganj,Maize,2021-22,0.02,0.05,2688.0,4,True,,,,,,,,,1753.59,107,0,365,1395.73,281.31,,,,,,,,,,,,False,True,True,,,,,,,,,,,,,,,,,,,0.0,,0,Insufficient,,,,
Uttar Pradesh,Mahrajganj,Maize,2022-23,0.01,0.01,2768.0,4,True,2688.0,2.976190476190476,0.02,-50.0,0.05,-80.0,2688.0,2.976190476190476,1162.3,76,1,365,850.44,238.47,1753.59,-33.71882823236903,,,,,,,,,,False,True,True,2.9761904761904656,-50.0,,,,,,,,,,,,,,,,,0.0,,0,Insufficient,,,,
Uttar Pradesh,Mahrajganj,Maize,2023-24,0.02,0.05,3151.0,4,True,2768.0,13.83670520231214,0.01,100.0,0.01,400.0,2728.0,15.505865102639296,1167.89,93,1,366,1008.63,125.52,1457.945,-19.894783410896835,,,,,,,,,,False,True,True,13.83670520231215,100.0,2.9761904761904656,-50.0,-33.71882823236903,,0.0,50.0,33.71882823236903,,0.0,100.0,95.89139660758666,,0.0,28.767418982275995,20.0,,0.8499999999999999,57.3734340967953,3,Good,57.3734340967953,Rainfall anomaly,Area trend,
Uttar Pradesh,Mahrajganj,Maize,2024-25,0.07,0.25,3475.0,4,True,3151.0,10.28245001586798,0.02,250.0,0.05,400.0,2869.0,21.12234227953991,1545.58,82,5,365,1357.75,14.49,1361.26,13.540396397455297,,,,,,,,,,False,True,True,10.282450015867983,250.00000000000006,13.83670520231215,100.0,-19.894783410896835,,0.0,0.0,19.894783410896835,,0.0,0.0,56.577842899207695,,0.0,16.97335286976231,0.0,,0.8499999999999999,19.968650435014485,3,Good,19.968650435014485,Rainfall anomaly,,
Uttar Pradesh,Mahrajganj,Rice,2021-22,1.81,4.97,2745.0,4,True,,,,,,,,,1753.59,107,0,365,1395.73,281.31,,,1748.25875,1494.64,1940.0,210.7269644714628,8.0,1.1666666666666667,12.05353409336363,66.66666666666666,Moderate,True,True,True,,,,,,,,,,,,,,,,,,,0.0,,0,Insufficient,,,,
Uttar Pradesh,Mahrajganj,Rice,2022-23,1.66,4.3,2585.0,4,True,2745.0,-5.828779599271402,1.81,-8.287292817679564,4.97,-13.480885311871226,2745.0,-5.828779599271402,1162.3,76,1,365,850.44,238.47,1753.59,-33.71882823236903,1826.3691666666664,1515.0549999999998,2040.0,203.71127914095104,12.0,1.5833333333333333,11.153893903758105,100.0,Complete,True,True,True,-5.828779599271405,-8.287292817679571,,,,12.05353409336363,,,,12.05353409336363,,,,97.96486789758166,,,,14.694730184637248,0.15,97.96486789758166,1,Very Limited,,Price volatility,,
Uttar Pradesh,Mahrajganj,Rice,2023-24,1.71,4.76,2788.0,4,True,2585.0,7.852998065764023,1.66,3.012048192771087,4.3,10.69767441860465,2665.0,4.615384615384616,1167.89,93,1,366,1008.63,125.52,1457.945,-19.894783410896835,2097.8879166666666,1905.175,2183.255,109.17756898862132,12.0,1.6666666666666667,5.204165967173953,100.0,Complete,True,True,True,7.8529980657640275,3.0120481927710774,-5.828779599271405,-8.287292817679571,-33.71882823236903,11.153893903758105,5.828779599271405,8.287292817679571,33.71882823236903,11.153893903758105,27.215214909072472,88.43206604984162,95.89139660758666,90.65305945638892,9.525325218175364,28.767418982275995,17.686413209968325,13.597958918458337,0.9999999999999999,69.57711632887803,4,Complete,69.57711632887803,Rainfall anomaly,Area trend,Price volatility
Uttar Pradesh,Mahrajganj,Rice,2024-25,1.56,4.29,2759.0,4,True,2788.0,-1.0401721664275465,1.71,-8.771929824561399,4.76,-9.873949579831928,2706.0,1.958610495195861,1545.58,82,5,365,1357.75,14.49,1361.26,13.540396397455297,2229.65375,2026.95,2316.55,99.13011708963396,12.0,1.5,4.445987054700038,100.0,Complete,True,True,True,-1.0401721664275443,-8.771929824561397,7.8529980657640275,3.0120481927710774,-19.894783410896835,5.204165967173953,0.0,0.0,19.894783410896835,5.204165967173953,0.0,0.0,56.577842899207695,42.296759402039896,0.0,16.97335286976231,0.0,6.344513910305984,0.9999999999999999,23.317866780068297,4,Complete,23.317866780068297,Rainfall anomaly,Price volatility,
Uttar Pradesh,Mahrajganj,Wheat,2021-22,1.55,5.51,3554.0,4,True,,,,,,,,,1753.59,107,0,365,1395.73,281.31,,,1858.4258333333328,1612.13,2015.0,144.42632988094252,12.0,2.0,7.771433612817076,100.0,Complete,True,True,True,,,,,,,,,,,,,,,,,,,0.0,,0,Insufficient,,,,
Uttar Pradesh,Mahrajganj,Wheat,2022-23,1.49,5.5,3695.0,4,True,3554.0,3.9673607203151375,1.55,-3.870967741935488,5.51,-0.1814882032667838,3554.0,3.9673607203151375,1162.3,76,1,365,850.44,238.47,1753.59,-33.71882823236903,2290.414583333333,2021.3,2696.38,204.5073140885668,12.0,2.0,8.928833914030488,100.0,Complete,True,True,True,3.9673607203151384,-3.8709677419354827,,,,7.771433612817076,,,,7.771433612817076,,,,63.162178109540356,,,,9.474326716431053,0.15,63.162178109540356,1,Very Limited,,Price volatility,,
Uttar Pradesh,Mahrajganj,Wheat,2023-24,1.38,5.16,3754.0,4,True,3695.0,1.596752368064953,1.49,-7.382550335570476,5.5,-6.181818181818179,3624.5,3.572906607807973,1167.89,93,1,366,1008.63,125.52,1457.945,-19.894783410896835,2334.7275,2250.055,2452.27,58.51193757376666,12.0,2.0,2.506157038616569,100.0,Complete,True,True,True,1.5967523680649576,-7.382550335570482,3.9673607203151384,-3.8709677419354827,-33.71882823236903,8.928833914030488,0.0,3.8709677419354827,33.71882823236903,8.928833914030488,0.0,41.30633278715175,95.89139660758666,72.56892692982368,0.0,28.767418982275995,8.261266557430352,10.885339039473552,0.9999999999999999,47.9140245791799,4,Complete,47.9140245791799,Rainfall anomaly,Price volatility,Area trend
Uttar Pradesh,Mahrajganj,Wheat,2024-25,1.31,4.83,3699.0,4,True,3754.0,-1.4651038891848696,1.38,-5.072463768115931,5.16,-6.395348837209304,3667.6666666666665,0.854312460238121,1545.58,82,5,365,1357.75,14.49,1361.26,13.540396397455297,2492.1383333333333,2389.105,2609.2200000000003,74.06039907133962,12.0,2.0,2.971761161118248,100.0,Complete,True,True,True,-1.465103889184871,-5.072463768115931,1.5967523680649576,-7.382550335570482,-19.894783410896835,2.506157038616569,0.0,7.382550335570482,19.894783410896835,2.506157038616569,0.0,78.77773758623476,56.577842899207695,20.368743417239028,0.0,16.97335286976231,15.755547517246953,3.055311512585854,0.9999999999999999,35.78421189959512,4,Complete,35.78421189959512,Rainfall anomaly,Area trend,Price volatility
Uttar Pradesh,Mainpuri,Maize,2021-22,0.5,1.63,3281.0,4,True,,,,,,,,,935.72,67,1,365,591.83,311.81,,,1734.2058333333334,1530.03,1961.29,116.09240374948436,12.0,3.0,6.6942690145576345,100.0,Complete,True,True,True,,,,,,,,,,,,,,,,,,,0.0,,0,Insufficient,,,,
Uttar Pradesh,Mainpuri,Maize,2022-23,0.5,1.07,2155.0,4,True,3281.0,-34.31880524230417,0.5,0.0,1.63,-34.35582822085889,3281.0,-34.31880524230417,834.95,71,1,365,596.77,178.60000000000002,935.72,-10.769247210704052,2226.5691666666667,2008.49,2345.68,133.0421812439631,12.0,3.0,5.975209898515606,100.0,Complete,True,True,True,-34.31880524230417,0.0,,,,6.6942690145576345,,,,6.6942690145576345,,,,54.407543431024216,,,,8.161131514653633,0.15,54.40754343102422,1,Very Limited,,Price volatility,,
Uttar Pradesh,Mainpuri,Maize,2023-24,0.58,2.13,3681.0,4,True,2155.0,70.81206496519722,0.5,15.999999999999991,1.07,99.06542056074764,2718.0,35.430463576158935,681.24,61,0,366,600.18,73.83,885.335,-23.05285569869033,2058.599166666667,1963.45,2186.81,65.12890933418598,12.0,2.5,3.163748940967672,100.0,Complete,True,True,True,70.81206496519721,15.999999999999993,-34.31880524230417,0.0,-10.769247210704052,5.975209898515606,34.31880524230417,-0.0,10.769247210704052,5.975209898515606,100.0,-0.0,30.62615783473251,48.56340421276847,35.0,9.187847350419753,-0.0,7.2845106319152695,0.9999999999999999,51.472357982335026,4,Complete,51.472357982335026,Yield trend,Rainfall anomaly,Price volatility
Uttar Pradesh,Mainpuri,Maize,2024-25,0.32,1.12,3528.0,4,True,3681.0,-4.156479217603912,0.58,-44.82758620689655,2.13,-47.41784037558684,3039.0,16.090819348469893,949.43,70,1,365,910.48,13.82,817.3033333333333,16.16617249409644,2340.6095833333334,2142.56,2411.3100000000004,92.73498227986558,12.0,2.333333333333333,3.9620013068475455,100.0,Complete,True,True,True,-4.1564792176039145,-44.82758620689654,70.81206496519721,15.999999999999993,-23.05285569869033,3.163748940967672,0.0,0.0,23.05285569869033,3.163748940967672,0.0,0.0,65.55893679064741,25.713309031386476,0.0,19.66768103719422,0.0,3.856996354707971,0.9999999999999999,23.524677391902195,4,Complete,23.524677391902195,Rainfall anomaly,Price volatility,
Uttar Pradesh,Mainpuri,Rice,2021-22,0.63,1.68,2688.0,4,True,,,,,,,,,935.72,67,1,365,591.83,311.81,,,,,,,,,,,,False,True,True,,,,,,,,,,,,,,,,,,,0.0,,0,Insufficient,,,,
Uttar Pradesh,Mainpuri,Rice,2022-23,0.74,1.86,2515.0,4,True,2688.0,-6.436011904761904,0.63,17.46031746031746,1.68,10.714285714285724,2688.0,-6.436011904761904,834.95,71,1,365,596.77,178.60000000000002,935.72,-10.769247210704052,2054.43,2040.0,2111.04,31.647093073456208,5.0,0.8333333333333334,,41.66666666666667,Low,True,True,True,-6.436011904761907,17.460317460317466,,,,,,,,,,,,,,,,,0.0,,0,Insufficient,,,,
Uttar Pradesh,Mainpuri,Rice,2023-24,0.6,1.78,2949.0,4,True,2515.0,17.256461232604373,0.74,-18.91891891891892,1.86,-4.3010752688172085,2601.5,13.357678262540842,681.24,61,0,366,600.18,73.83,885.335,-23.05285569869033,2152.335,2133.55,2171.12,26.566001769178385,2.0,0.4,,16.666666666666664,Low,True,True,True,17.25646123260438,-18.918918918918926,-6.436011904761907,17.460317460317466,-10.769247210704052,,6.436011904761907,0.0,10.769247210704052,,30.05044952589025,0.0,30.62615783473251,,10.517657334061587,9.187847350419753,0.0,,0.8499999999999999,23.18294668762511,3,Good,23.18294668762511,Yield trend,Rainfall anomaly,
Uttar Pradesh,Mainpuri,Rice,2024-25,0.66,2.0,3016.0,4,True,2949.0,2.271956595456087,0.6,10.000000000000009,1.78,12.359550561797752,2717.333333333333,10.991167811579974,949.43,70,1,365,910.48,13.82,817.3033333333333,16.16617249409644,,,,,0.0,0.0,,0.0,Low,False,True,True,2.2719565954560927,10.000000000000009,17.25646123260438,-18.918918918918926,-23.05285569869033,,0.0,18.918918918918926,23.05285569869033,,0.0,100.0,65.55893679064741,,0.0,19.66768103719422,20.0,,0.8499999999999999,46.66786004375791,3,Good,46.66786004375791,Area trend,Rainfall anomaly,
Uttar Pradesh,Mainpuri,Wheat,2021-22,1.57,6.05,3857.0,4,True,,,,,,,,,935.72,67,1,365,591.83,311.81,,,1926.265,1680.44,2088.4,150.60779549424498,12.0,3.0,7.818643618310304,100.0,Complete,True,True,True,,,,,,,,,,,,,,,,,,,0.0,,0,Insufficient,,,,
Uttar Pradesh,Mainpuri,Wheat,2022-23,1.5,6.01,4010.0,4,True,3857.0,3.9668135856883584,1.57,-4.458598726114653,6.05,-0.661157024793389,3857.0,3.9668135856883584,834.95,71,1,365,596.77,178.60000000000002,935.72,-10.769247210704052,2320.98,2070.83,2720.06,203.336814759068,12.0,3.0,8.760817187527167,100.0,Complete,True,True,True,3.9668135856883557,-4.458598726114649,,,,7.818643618310304,,,,7.818643618310304,,,,63.54587652659917,,,,9.531881478989876,0.15,63.54587652659917,1,Very Limited,,Price volatility,,
Uttar Pradesh,Mainpuri,Wheat,2023-24,1.48,6.16,4170.0,4,True,4010.0,3.99002493765586,1.5,-1.3333333333333344,6.01,2.495840266222968,3933.5,6.012457099275455,681.24,61,0,366,600.18,73.83,885.335,-23.05285569869033,2312.087916666667,2180.03,2428.75,78.41256507202306,12.0,2.9166666666666665,3.3914179693076,100.0,Complete,True,True,True,3.990024937655856,-1.3333333333333308,3.9668135856883557,-4.458598726114649,-10.769247210704052,8.760817187527167,0.0,4.458598726114649,10.769247210704052,8.760817187527167,0.0,47.576827042526176,30.62615783473251,71.20337419740602,0.0,9.187847350419753,9.515365408505236,10.680506129610903,0.9999999999999999,29.3837188885359,4,Complete,29.3837188885359,Price volatility,Area trend,Rainfall anomaly
Uttar Pradesh,Mainpuri,Wheat,2024-25,1.34,4.96,3712.0,4,True,4170.0,-10.983213429256594,1.48,-9.459459459459453,6.16,-19.480519480519483,4012.3333333333335,-7.485253800780929,949.43,70,1,365,910.48,13.82,817.3033333333333,16.16617249409644,2613.681666666667,2390.9,2886.17,179.775824435643,12.0,3.0,6.878260146535683,100.0,Complete,True,True,True,-10.9832134292566,-9.459459459459453,3.990024937655856,-1.3333333333333308,-23.05285569869033,3.3914179693076,0.0,1.3333333333333308,23.05285569869033,3.3914179693076,0.0,14.227736848907805,65.55893679064741,27.56368470651495,0.0,19.66768103719422,2.845547369781561,4.134552705977242,0.9999999999999999,26.647781112953027,4,Complete,26.647781112953027,Rainfall anomaly,Price volatility,Area trend
Uttar Pradesh,Mathura,Maize,2021-22,0.0,0.01,3134.0,4,True,,,,,,,,,819.76,64,1,365,617.78,176.12,,,,,,,,,,,,False,True,True,,,,,,,,,,,,,,,,,,,0.0,,0,Insufficient,,,,
Uttar Pradesh,Mathura,Maize,2022-23,0.0,0.01,2577.0,4,True,3134.0,-17.772814294830887,0.0,,0.01,0.0,3134.0,-17.772814294830887,805.29,67,1,365,566.34,165.11,819.76,-1.7651507758368337,,,,,,,,,,False,True,True,-17.772814294830887,,,,,,,,,,,,,,,,,,0.0,,0,Insufficient,,,,
Uttar Pradesh,Mathura,Maize,2023-24,0.01,0.04,3274.0,4,True,2577.0,27.046953822273963,0.0,,0.01,300.0,2855.5,14.655927158115915,728.38,52,0,366,657.08,62.77,812.525,-10.355989046490874,,,,,,,,,,False,True,True,27.046953822273956,,-17.772814294830887,,-1.7651507758368337,,17.772814294830887,,1.7651507758368337,,82.9832304232809,,5.019829632023574,,29.044130648148315,1.505948889607072,,,0.6499999999999999,47.00012236577753,2,Limited,47.00012236577753,Yield trend,Rainfall anomaly,
Uttar Pradesh,Mathura,Maize,2024-25,0.06,0.21,3483.0,4,True,3274.0,6.383628588882101,0.01,499.9999999999999,0.04,424.9999999999999,2995.0,16.293823038397328,970.68,71,1,365,902.48,29.13,784.4766666666666,23.73599384727824,2208.155,2204.16,2212.15,5.6497831816805215,2.0,0.6666666666666666,,16.666666666666664,Low,True,True,True,6.3836285888821065,500.0,27.046953822273956,,-10.355989046490874,,0.0,,10.355989046490874,,0.0,,29.45091229379027,,0.0,8.83527368813708,,,0.6499999999999999,13.592728750980125,2,Limited,13.592728750980125,Rainfall anomaly,,
Uttar Pradesh,Mathura,Rice,2021-22,0.48,0.89,1864.0,4,True,,,,,,,,,819.76,64,1,365,617.78,176.12,,,1940.0,1940.0,1940.0,0.0,2.0,0.6666666666666666,,16.666666666666664,Low,True,True,True,,,,,,,,,,,,,,,,,,,0.0,,0,Insufficient,,,,
Uttar Pradesh,Mathura,Rice,2022-23,0.69,1.27,1841.0,4,True,1864.0,-1.2339055793991416,0.48,43.74999999999999,0.89,42.69662921348314,1864.0,-1.2339055793991416,805.29,67,1,365,566.34,165.11,819.76,-1.7651507758368337,2040.0,2040.0,2040.0,0.0,2.0,0.6666666666666666,,16.666666666666664,Low,True,True,True,-1.2339055793991416,43.75,,,,,,,,,,,,,,,,,0.0,,0,Insufficient,,,,
Uttar Pradesh,Mathura,Rice,2023-24,0.48,0.99,2047.0,4,True,1841.0,11.189570885388376,0.69,-30.43478260869565,1.27,-22.047244094488192,1852.5,10.49932523616734,728.38,52,0,366,657.08,62.77,812.525,-10.355989046490874,2205.2000000000003,2182.6,2250.0,38.798453577429946,3.0,0.6,,25.0,Low,True,True,True,11.189570885388367,-30.434782608695656,-1.2339055793991416,43.75,-1.7651507758368337,,1.2339055793991416,0.0,1.7651507758368337,,5.761241259671036,0.0,5.019829632023574,,2.0164344408848622,1.505948889607072,0.0,,0.8499999999999999,4.143980388814041,3,Good,4.143980388814041,Yield trend,Rainfall anomaly,
Uttar Pradesh,Mathura,Rice,2024-25,1.14,2.51,2211.0,4,True,2047.0,8.01172447484123,0.48,137.49999999999997,0.99,153.53535353535352,1917.3333333333333,15.31641168289291,970.68,71,1,365,902.48,29.13,784.4766666666666,23.73599384727824,2300.0,2300.0,2300.0,,1.0,0.3333333333333333,,8.333333333333332,Low,True,True,True,8.011724474841241,137.5,11.189570885388367,-30.434782608695656,-10.355989046490874,,0.0,30.434782608695656,10.355989046490874,,0.0,100.0,29.45091229379027,,0.0,8.83527368813708,20.0,,0.8499999999999999,33.923851397808335,3,Good,33.923851397808335,Area trend,Rainfall anomaly,
Uttar Pradesh,Mathura,Wheat,2021-22,2.03,7.09,3490.0,4,True,,,,,,,,,819.76,64,1,365,617.78,176.12,,,1965.6170833333333,1700.48,2155.23,140.27675227690446,12.0,2.0,7.136524884033888,100.0,Complete,True,True,True,,,,,,,,,,,,,,,,,,,0.0,,0,Insufficient,,,,
Uttar Pradesh,Mathura,Wheat,2022-23,1.94,6.96,3583.0,4,True,3490.0,2.664756446991404,2.03,-4.433497536945806,7.09,-1.8335684062059223,3490.0,2.664756446991404,805.29,67,1,365,566.34,165.11,819.76,-1.7651507758368337,2374.710416666667,2097.81,2770.635,215.89345182981447,12.0,2.0,9.09135911118206,100.0,Complete,True,True,True,2.664756446991401,-4.433497536945808,,,,7.136524884033888,,,,7.136524884033888,,,,58.00196955489648,,,,8.700295433234473,0.15,58.00196955489649,1,Very Limited,,Price volatility,,
Uttar Pradesh,Mathura,Wheat,2023-24,1.76,6.87,3892.0,4,True,3583.0,8.624058051911804,1.94,-9.278350515463917,6.96,-1.29310344827586,3536.5,10.05231160752156,728.38,52,0,366,657.08,62.77,812.525,-10.355989046490874,2405.259583333333,2227.53,2520.675,108.23993004722784,12.0,2.0,4.500135070544999,100.0,Complete,True,True,True,8.624058051911799,-9.278350515463918,2.664756446991401,-4.433497536945808,-1.7651507758368337,9.09135911118206,0.0,4.433497536945808,1.7651507758368337,9.09135911118206,0.0,47.30897720695948,5.019829632023574,73.88984736242512,0.0,1.505948889607072,9.461795441391898,11.083477104363768,0.9999999999999999,22.05122143536274,4,Complete,22.05122143536274,Price volatility,Area trend,Rainfall anomaly
Uttar Pradesh,Mathura,Wheat,2024-25,1.69,6.27,3717.0,4,True,3892.0,-4.496402877697841,1.76,-3.97727272727273,6.87,-8.73362445414848,3655.0,1.6963064295485637,970.68,71,1,365,902.48,29.13,784.4766666666666,23.73599384727824,2675.681666666667,2430.1400000000003,2985.71,208.9638555015212,12.0,2.0,7.809742769656375,100.0,Complete,True,True,True,-4.496402877697847,-3.9772727272727293,8.624058051911799,-9.278350515463918,-10.355989046490874,4.500135070544999,0.0,9.278350515463918,10.355989046490874,4.500135070544999,0.0,99.00744714446171,29.45091229379027,36.574761749745974,0.0,8.83527368813708,19.801489428892342,5.486214262461896,0.9999999999999999,34.122977379491324,4,Complete,34.122977379491324,Area trend,Rainfall anomaly,Price volatility
Uttar Pradesh,Mau,Maize,2021-22,0.01,0.01,1648.0,4,True,,,,,,,,,1038.24,84,0,365,839.21,179.86,,,,,,,,,,,,False,True,True,,,,,,,,,,,,,,,,,,,0.0,,0,Insufficient,,,,
Uttar Pradesh,Mau,Maize,2022-23,0.01,0.02,1691.0,4,True,1648.0,2.6092233009708736,0.01,0.0,0.01,100.0,1648.0,2.6092233009708736,760.23,70,0,365,580.73,131.65,1038.24,-26.77704576976421,,,,,,,,,,False,True,True,2.6092233009708643,0.0,,,,,,,,,,,,,,,,,0.0,,0,Insufficient,,,,
Uttar Pradesh,Mau,Maize,2023-24,0.01,0.04,2608.0,4,True,1691.0,54.22826729745712,0.01,0.0,0.02,100.0,1669.5,56.21443545971848,669.21,72,0,366,534.22,122.19,899.235,-25.58007639827186,,,,,,,,,,False,True,True,54.22826729745714,0.0,2.6092233009708643,0.0,-26.77704576976421,,0.0,-0.0,26.77704576976421,,0.0,-0.0,76.14998653550657,,0.0,22.84499596065197,-0.0,,0.8499999999999999,26.876465836061147,3,Good,26.876465836061147,Rainfall anomaly,,
Uttar Pradesh,Mau,Maize,2024-25,0.0,0.0,2249.0,4,True,2608.0,-13.765337423312884,0.01,-100.0,0.04,-100.0,1982.3333333333333,13.452160753321008,996.27,73,0,365,926.5,4.68,822.5600000000001,21.118216300330666,,,,,,,,,,False,True,True,-13.765337423312884,-100.0,54.22826729745714,0.0,-25.58007639827186,,0.0,-0.0,25.58007639827186,,0.0,-0.0,72.74598139221034,,0.0,21.823794417663102,-0.0,,0.8499999999999999,25.675052256074242,3,Good,25.675052256074242,Rainfall anomaly,,
Uttar Pradesh,Mau,Rice,2021-22,0.9,2.15,2375.0,4,True,,,,,,,,,1038.24,84,0,365,839.21,179.86,,,,,,,,,,,,False,True,True,,,,,,,,,,,,,,,,,,,0.0,,0,Insufficient,,,,
Uttar Pradesh,Mau,Rice,2022-23,0.91,2.33,2558.0,4,True,2375.0,7.705263157894738,0.9,1.111111111111112,2.15,8.372093023255822,2375.0,7.705263157894738,760.23,70,0,365,580.73,131.65,1038.24,-26.77704576976421,,,,,,,,,,False,True,True,7.705263157894726,1.1111111111111072,,,,,,,,,,,,,,,,,0.0,,0,Insufficient,,,,
Uttar Pradesh,Mau,Rice,2023-24,0.82,1.66,2024.0,4,True,2558.0,-20.87568412822517,0.91,-9.890109890109898,2.33,-28.75536480686696,2466.5,-17.940401378471517,669.21,72,0,366,534.22,122.19,899.235,-25.58007639827186,,,,,,,,,,False,True,True,-20.87568412822518,-9.8901098901099,7.705263157894726,1.1111111111111072,-26.77704576976421,,0.0,0.0,26.77704576976421,,0.0,0.0,76.14998653550657,,0.0,22.84499596065197,0.0,,0.8499999999999999,26.876465836061147,3,Good,26.876465836061147,Rainfall anomaly,,
Uttar Pradesh,Mau,Rice,2024-25,0.9,2.41,2682.0,4,True,2024.0,32.509881422924906,0.82,9.756097560975618,1.66,45.18072289156628,2319.0,15.653298835705046,996.27,73,0,365,926.5,4.68,822.5600000000001,21.118216300330666,,,,,,,,,,False,True,True,32.509881422924906,9.756097560975618,-20.87568412822518,-9.8901098901099,-25.58007639827186,,20.87568412822518,9.8901098901099,25.58007639827186,,97.47087194626098,100.0,72.74598139221034,,34.11480518119134,21.823794417663102,20.0,,0.8499999999999999,89.33952893982877,3,Good,89.33952893982877,Yield trend,Rainfall anomaly,Area trend
Uttar Pradesh,Mau,Wheat,2021-22,0.99,3.65,3700.0,4,True,,,,,,,,,1038.24,84,0,365,839.21,179.86,,,,,,,,,,,,False,True,True,,,,,,,,,,,,,,,,,,,0.0,,0,Insufficient,,,,
Uttar Pradesh,Mau,Wheat,2022-23,0.94,3.23,3429.0,4,True,3700.0,-7.324324324324325,0.99,-5.050505050505056,3.65,-11.506849315068491,3700.0,-7.324324324324325,760.23,70,0,365,580.73,131.65,1038.24,-26.77704576976421,,,,,,,,,,False,True,True,-7.324324324324327,-5.05050505050505,,,,,,,,,,,,,,,,,0.0,,0,Insufficient,,,,
Uttar Pradesh,Mau,Wheat,2023-24,0.84,2.81,3343.0,4,True,3429.0,-2.5080198308544763,0.94,-10.638297872340424,3.23,-13.003095975232196,3564.5,-6.214055267218404,669.21,72,0,366,534.22,122.19,899.235,-25.58007639827186,,,,,,,,,,False,True,True,-2.50801983085448,-10.638297872340418,-7.324324324324327,-5.05050505050505,-26.77704576976421,,7.324324324324327,5.05050505050505,26.77704576976421,,34.198078200649434,53.89294260949935,76.14998653550657,,11.969327370227301,22.84499596065197,10.77858852189987,,0.8499999999999999,53.638719826799004,3,Good,53.638719826799004,Rainfall anomaly,Yield trend,Area trend
Uttar Pradesh,Mau,Wheat,2024-25,0.92,3.24,3505.0,4,True,3343.0,4.845946754412204,0.84,9.523809523809533,2.81,15.302491103202854,3490.6666666666665,0.4106187929717385,996.27,73,0,365,926.5,4.68,822.5600000000001,21.118216300330666,,,,,,,,,,False,True,True,4.8459467544122115,9.523809523809534,-2.50801983085448,-10.638297872340418,-25.58007639827186,,2.50801983085448,10.638297872340418,25.58007639827186,,11.710221244504126,100.0,72.74598139221034,,4.098577435576444,21.823794417663102,20.0,,0.8499999999999999,54.02631982734065,3,Good,54.02631982734065,Rainfall anomaly,Area trend,Yield trend
Uttar Pradesh,Meerut,Maize,2021-22,0.0,0.01,2151.0,4,True,,,,,,,,,1106.73,68,1,365,812.39,246.91,,,1926.904545454545,1833.54,2029.73,65.68630562965711,11.0,0.9166666666666666,3.40890293629787,91.66666666666666,Good,True,True,True,,,,,,,,,,,,,,,,,,,0.0,,0,Insufficient,,,,
Uttar Pradesh,Meerut,Maize,2022-23,0.0,0.01,2024.0,4,True,2151.0,-5.904230590423059,0.0,,0.01,0.0,2151.0,-5.904230590423059,936.84,71,1,365,604.92,247.36,1106.73,-15.350627524328424,2296.83,2042.38,2385.78,111.6954730008737,10.0,0.8333333333333334,4.863027433500681,83.33333333333334,Good,True,True,True,-5.9042305904230545,,,,,3.40890293629787,,,,3.40890293629787,,,,27.705793441440957,,,,4.155869016216143,0.15,27.705793441440957,1,Very Limited,,Price volatility,,
Uttar Pradesh,Meerut,Maize,2023-24,0.01,0.02,2706.0,4,True,2024.0,33.69565217391305,0.0,,0.01,100.0,2087.5,29.628742514970057,802.46,53,1,366,728.24,69.17,1021.785,-21.46488742739422,2226.2425,2060.0,2563.06,133.79435285847552,12.0,1.0,6.0098732666578565,100.0,Complete,True,True,True,33.69565217391304,,-5.9042305904230545,,-15.350627524328424,4.863027433500681,5.9042305904230545,,15.350627524328424,4.863027433500681,27.567503909595214,,43.65493076944012,39.52416249168837,9.648626368358324,13.096479230832037,,5.928624373753256,0.7999999999999999,35.84216246617952,3,Good,35.84216246617952,Rainfall anomaly,Yield trend,Price volatility
Uttar Pradesh,Meerut,Maize,2024-25,0.03,0.09,3463.0,4,True,2706.0,27.974870657797485,0.01,200.0,0.02,349.99999999999994,2293.6666666666665,50.98096206946666,1065.14,80,1,365,923.74,45.47,948.6766666666668,12.276399054121006,2410.843333333333,2259.51,2475.76,68.88417542688906,12.0,1.0,2.8572646954892296,100.0,Complete,True,True,True,27.97487065779749,200.0,33.69565217391304,,-21.46488742739422,6.0098732666578565,0.0,,21.46488742739422,6.0098732666578565,0.0,,61.04298818609472,48.84513007463087,0.0,18.312896455828415,,7.32676951119463,0.7999999999999999,32.04958245877881,3,Good,32.04958245877881,Rainfall anomaly,Price volatility,
Uttar Pradesh,Meerut,Rice,2021-22,0.15,0.44,2906.0,4,True,,,,,,,,,1106.73,68,1,365,812.39,246.91,,,1940.0,1940.0,1940.0,,1.0,0.5,,8.333333333333332,Low,True,True,True,,,,,,,,,,,,,,,,,,,0.0,,0,Insufficient,,,,
Uttar Pradesh,Meerut,Rice,2022-23,0.15,0.38,2470.0,4,True,2906.0,-15.003441156228492,0.15,0.0,0.44,-13.636363636363637,2906.0,-15.003441156228492,936.84,71,1,365,604.92,247.36,1106.73,-15.350627524328424,,,,,0.0,0.0,,0.0,Low,False,True,True,-15.003441156228492,0.0,,,,,,,,,,,,,,,,,0.0,,0,Insufficient,,,,
Uttar Pradesh,Meerut,Rice,2023-24,0.14,0.36,2537.0,4,True,2470.0,2.712550607287449,0.15,-6.666666666666654,0.38,-5.263157894736847,2688.0,-5.617559523809524,802.46,53,1,366,728.24,69.17,1021.785,-21.46488742739422,,,,,,,,,,False,True,True,2.712550607287456,-6.666666666666654,-15.003441156228492,0.0,-15.350627524328424,,15.003441156228492,-0.0,15.350627524328424,,70.05272175558349,-0.0,43.65493076944012,,24.51845261445422,13.096479230832037,-0.0,,0.8499999999999999,44.25286099445443,3,Good,44.25286099445443,Yield trend,Rainfall anomaly,
Uttar Pradesh,Meerut,Rice,2024-25,0.13,0.33,2560.0,4,True,2537.0,0.9065825778478518,0.14,-7.142857142857148,0.36,-8.333333333333325,2637.6666666666665,-2.944521673196001,1065.14,80,1,365,923.74,45.47,948.6766666666668,12.276399054121006,,,,,,,,,,False,True,True,0.9065825778478587,-7.142857142857151,2.712550607287456,-6.666666666666654,-21.46488742739422,,0.0,6.666666666666654,21.46488742739422,,0.0,71.13868424453902,61.04298818609472,,0.0,18.312896455828415,14.227736848907805,,0.8499999999999999,38.28309800557203,3,Good,38.28309800557203,Rainfall anomaly,Area trend,
Uttar Pradesh,Meerut,Wheat,2021-22,0.81,3.39,4180.0,4,True,,,,,,,,,1106.73,68,1,365,812.39,246.91,,,1990.35875,1823.645,2150.535,102.580986966064,12.0,2.25,5.153894340206961,100.0,Complete,True,True,True,,,,,,,,,,,,,,,,,,,0.0,,0,Insufficient,,,,
Uttar Pradesh,Meerut,Wheat,2022-23,0.78,3.33,4282.0,4,True,4180.0,2.440191387559808,0.81,-3.703703703703707,3.39,-1.7699115044247802,4180.0,2.440191387559808,936.84,71,1,365,604.92,247.36,1106.73,-15.350627524328424,2418.0725,2151.91,2880.5150000000003,220.236793748126,12.0,1.8333333333333333,9.107948324466118,100.0,Complete,True,True,True,2.440191387559798,-3.703703703703709,,,,5.153894340206961,,,,5.153894340206961,,,,41.88817771498685,,,,6.2832266572480275,0.15,41.88817771498685,1,Very Limited,,Price volatility,,
Uttar Pradesh,Meerut,Wheat,2023-24,0.62,2.59,4210.0,4,True,4282.0,-1.681457262961233,0.78,-20.512820512820515,3.33,-22.22222222222223,4231.0,-0.4963365634601748,802.46,53,1,366,728.24,69.17,1021.785,-21.46488742739422,2429.083333333333,2267.4700000000003,2571.55,108.97051853875904,12.0,1.4166666666666667,4.486075757196159,100.0,Complete,True,True,True,-1.6814572629612279,-20.512820512820518,2.440191387559798,-3.703703703703709,-15.350627524328424,9.107948324466118,0.0,3.703703703703709,15.350627524328424,9.107948324466118,0.0,39.52149124696626,43.65493076944012,74.02467587622941,0.0,13.096479230832037,7.904298249393252,11.10370138143441,0.9999999999999999,32.10447886165971,4,Complete,32.10447886165971,Rainfall anomaly,Price volatility,Area trend
Uttar Pradesh,Meerut,Wheat,2024-25,0.72,2.93,4049.0,4,True,4210.0,-3.8242280285035632,0.62,16.129032258064512,2.59,13.12741312741314,4224.0,-4.142992424242424,1065.14,80,1,365,923.74,45.47,948.6766666666668,12.276399054121006,2648.435833333333,2453.685,2903.14,184.9312828253356,12.0,1.3333333333333333,6.982660500880635,100.0,Complete,True,True,True,-3.8242280285035624,16.129032258064502,-1.6814572629612279,-20.512820512820518,-21.46488742739422,4.486075757196159,1.6814572629612279,20.512820512820518,21.46488742739422,4.486075757196159,7.850909438680908,100.0,61.04298818609472,36.460494949297114,2.7478183035383177,18.312896455828415,20.0,5.469074242394567,0.9999999999999999,46.52978900176131,4,Complete,46.52978900176131,Area trend,Rainfall anomaly,Price volatility
Uttar Pradesh,Mirzapur,Maize,2021-22,0.01,0.02,1260.0,4,True,,,,,,,,,783.5,66,0,365,672.26,80.35,,,,,,,,,,,,False,True,True,,,,,,,,,,,,,,,,,,,0.0,,0,Insufficient,,,,
Uttar Pradesh,Mirzapur,Maize,2022-23,0.04,0.09,2210.0,4,True,1260.0,75.39682539682539,0.01,300.0,0.02,349.99999999999994,1260.0,75.39682539682539,935.13,75,0,365,769.58,120.01,783.5,19.35290363752393,,,,,,,,,,False,True,True,75.39682539682539,300.0,,,,,,,,,,,,,,,,,0.0,,0,Insufficient,,,,
Uttar Pradesh,Mirzapur,Maize,2023-24,0.01,0.01,829.0,4,True,2210.0,-62.48868778280543,0.04,-75.0,0.09,-88.8888888888889,1735.0,-52.21902017291066,758.49,65,0,366,626.66,124.25,859.315,-11.733182825855485,,,,,,,,,,False,True,True,-62.48868778280543,-75.0,75.39682539682539,300.0,19.35290363752393,,0.0,0.0,19.35290363752393,,0.0,0.0,55.03681638713428,,0.0,16.511044916140282,0.0,,0.8499999999999999,19.424758724870923,3,Good,19.424758724870923,Rainfall anomaly,,
Uttar Pradesh,Mirzapur,Maize,2024-25,0.02,0.04,2459.0,4,True,829.0,196.6224366706876,0.01,100.0,0.01,300.0,1433.0,71.5980460572226,1052.88,77,1,365,984.83,12.31,825.7066666666666,27.51259527192872,,,,,,,,,,False,True,True,196.6224366706876,100.0,-62.48868778280543,-75.0,-11.733182825855485,,62.48868778280543,75.0,11.733182825855485,,100.0,100.0,33.36744919099415,,35.0,10.010234757298244,20.0,,0.8499999999999999,76.48262912623323,3,Good,76.48262912623323,Yield trend,Area trend,Rainfall anomaly
Uttar Pradesh,Mirzapur,Rice,2021-22,0.88,2.74,3125.0,4,True,,,,,,,,,783.5,66,0,365,672.26,80.35,,,1940.0,1940.0,1940.0,0.0,4.0,1.6,,33.33333333333333,Low,True,True,True,,,,,,,,,,,,,,,,,,,0.0,,0,Insufficient,,,,
Uttar Pradesh,Mirzapur,Rice,2022-23,0.85,2.78,3266.0,4,True,3125.0,4.5120000000000005,0.88,-3.4090909090909123,2.74,1.4598540145985253,3125.0,4.5120000000000005,935.13,75,0,365,769.58,120.01,783.5,19.35290363752393,2040.0,2040.0,2040.0,0.0,5.0,1.2857142857142858,,41.66666666666667,Low,True,True,True,4.512000000000005,-3.409090909090917,,,,,,,,,,,,,,,,,0.0,,0,Insufficient,,,,
Uttar Pradesh,Mirzapur,Rice,2023-24,0.8,2.4,3002.0,4,True,3266.0,-8.083282302510716,0.85,-5.882352941176463,2.78,-13.669064748201436,3195.5,-6.05539039273979,758.49,65,0,366,626.66,124.25,859.315,-11.733182825855485,2185.965,2182.7200000000003,2198.105,6.787549263172985,5.0,1.5,,41.66666666666667,Low,True,True,True,-8.08328230251072,-5.88235294117646,4.512000000000005,-3.409090909090917,19.35290363752393,,0.0,3.409090909090917,19.35290363752393,,0.0,36.37773626141215,55.03681638713428,,0.0,16.511044916140282,7.275547252282431,,0.8499999999999999,27.984226080497315,3,Good,27.984226080497315,Rainfall anomaly,Area trend,
Uttar Pradesh,Mirzapur,Rice,2024-25,1.14,3.52,3081.0,4,True,3002.0,2.631578947368421,0.8,42.49999999999999,2.4,46.66666666666667,3131.0,-1.5969338869370808,1052.88,77,1,365,984.83,12.31,825.7066666666666,27.51259527192872,2345.299375,2297.525,2400.0,40.64804708342616,8.0,1.5,1.7331709340273949,66.66666666666666,Moderate,True,True,True,2.6315789473684292,42.499999999999986,-8.08328230251072,-5.88235294117646,-11.733182825855485,,8.08328230251072,5.88235294117646,11.733182825855485,,37.74173671981521,62.76942727459326,33.36744919099415,,13.209607851935322,10.010234757298244,12.553885454918653,,0.8499999999999999,42.086738899002626,3,Good,42.086738899002626,Yield trend,Area trend,Rainfall anomaly
Uttar Pradesh,Mirzapur,Wheat,2021-22,1.01,3.52,3502.0,4,True,,,,,,,,,783.5,66,0,365,672.26,80.35,,,1920.3075,1780.1950000000002,2029.195,88.954137327767,12.0,1.9166666666666667,4.632286096251096,100.0,Complete,True,True,True,,,,,,,,,,,,,,,,,,,0.0,,0,Insufficient,,,,
Uttar Pradesh,Mirzapur,Wheat,2022-23,1.43,4.79,3338.0,4,True,3502.0,-4.683038263849229,1.01,41.58415841584158,3.52,36.07954545454545,3502.0,-4.683038263849229,935.13,75,0,365,769.58,120.01,783.5,19.35290363752393,2341.775416666667,2072.03,2736.05,230.2661697457012,12.0,2.0,9.832974080557518,100.0,Complete,True,True,True,-4.683038263849227,41.58415841584158,,,,4.632286096251096,,,,4.632286096251096,,,,37.64881668463478,,,,5.647322502695217,0.15,37.64881668463478,1,Very Limited,,Price volatility,,
Uttar Pradesh,Mirzapur,Wheat,2023-24,1.09,3.5,3218.0,4,True,3338.0,-3.59496704613541,1.43,-23.77622377622377,4.79,-26.931106471816285,3420.0,-5.906432748538012,758.49,65,0,366,626.66,124.25,859.315,-11.733182825855485,2396.954166666667,2296.4,2563.35,94.09287526967772,12.0,2.0,3.9255183339833457,100.0,Complete,True,True,True,-3.594967046135411,-23.77622377622377,-4.683038263849227,41.58415841584158,19.35290363752393,9.832974080557518,4.683038263849227,0.0,19.35290363752393,9.832974080557518,21.865622229736996,0.0,55.03681638713428,79.91730884741285,7.652967780407948,16.511044916140282,0.0,11.987596327111929,0.9999999999999999,36.151609023660164,4,Complete,36.151609023660164,Rainfall anomaly,Price volatility,Yield trend
Uttar Pradesh,Mirzapur,Wheat,2024-25,1.22,4.16,3421.0,4,True,3218.0,6.308266003729024,1.09,11.926605504587146,3.5,18.85714285714286,3352.6666666666665,2.0381785643269086,1052.88,77,1,365,984.83,12.31,825.7066666666666,27.51259527192872,2564.8129166666668,2212.955,2904.18,196.62726414876656,12.0,1.5,7.666339438289762,100.0,Complete,True,True,True,6.308266003729024,11.926605504587151,-3.594967046135411,-23.77622377622377,-11.733182825855485,3.9255183339833457,3.594967046135411,23.77622377622377,11.733182825855485,3.9255183339833457,16.78529769144785,100.0,33.36744919099415,31.904575209186476,5.874854192006747,10.010234757298244,20.0,4.785686281377971,0.9999999999999999,40.67077523068297,4,Complete,40.67077523068297,Area trend,Rainfall anomaly,Yield trend
Uttar Pradesh,Moradabad,Maize,2021-22,0.0,0.0,2778.0,4,True,,,,,,,,,1091.79,74,1,365,733.91,310.8,,,,,,,,,,,,False,True,True,,,,,,,,,,,,,,,,,,,0.0,,0,Insufficient,,,,
Uttar Pradesh,Moradabad,Maize,2022-23,0.0,0.0,2429.0,4,True,2778.0,-12.562994960403168,0.0,,0.0,,2778.0,-12.562994960403168,967.84,80,1,365,594.98,282.11,1091.79,-11.3529158537814,,,,,,,,,,False,True,True,-12.562994960403174,,,,,,,,,,,,,,,,,,0.0,,0,Insufficient,,,,
Uttar Pradesh,Moradabad,Maize,2023-24,0.0,0.0,2797.0,4,True,2429.0,15.150267599835324,0.0,,0.0,,2603.5,7.432302669483387,893.04,59,1,366,811.04,74.23,1029.815,-13.28151172783462,,,,,,,,,,False,True,True,15.150267599835331,,-12.562994960403174,,-11.3529158537814,,12.562994960403174,,11.3529158537814,,58.65800926693209,,32.28602575644794,,20.530303243426232,9.685807726934382,,,0.6499999999999999,46.486324569785566,2,Limited,46.486324569785566,Yield trend,Rainfall anomaly,
Uttar Pradesh,Moradabad,Maize,2024-25,0.0,0.02,3576.0,4,True,2797.0,27.85126921701823,0.0,,0.0,,2668.0,34.03298350824588,1163.71,80,1,365,1028.39,43.28,984.2233333333334,18.236375890295903,,,,,,,,,,False,True,True,27.85126921701824,,15.150267599835331,,-13.28151172783462,,0.0,,13.28151172783462,,0.0,,37.77066924939886,,0.0,11.331200774819656,,,0.6499999999999999,17.43261657664563,2,Limited,17.43261657664563,Rainfall anomaly,,
Uttar Pradesh,Moradabad,Rice,2021-22,0.95,2.74,2893.0,4,True,,,,,,,,,1091.79,74,1,365,733.91,310.8,,,,,,,,,,,,False,True,True,,,,,,,,,,,,,,,,,,,0.0,,0,Insufficient,,,,
Uttar Pradesh,Moradabad,Rice,2022-23,0.96,2.71,2823.0,4,True,2893.0,-2.4196335983408224,0.95,1.0526315789473697,2.74,-1.0948905109489142,2893.0,-2.4196335983408224,967.84,80,1,365,594.98,282.11,1091.79,-11.3529158537814,,,,,,,,,,False,True,True,-2.41963359834082,1.0526315789473717,,,,,,,,,,,,,,,,,0.0,,0,Insufficient,,,,
Uttar Pradesh,Moradabad,Rice,2023-24,0.92,2.7,2942.0,4,True,2823.0,4.2153737159050655,0.96,-4.166666666666659,2.71,-0.3690036900368925,2858.0,2.939118264520644,893.04,59,1,366,811.04,74.23,1029.815,-13.28151172783462,,,,,,,,,,False,True,True,4.2153737159050575,-4.1666666666666625,-2.41963359834082,1.0526315789473717,-11.3529158537814,,2.41963359834082,0.0,11.3529158537814,,11.297536175203655,0.0,32.28602575644794,,3.954137661321279,9.685807726934382,0.0,,0.8499999999999999,16.046994574418427,3,Good,16.046994574418427,Rainfall anomaly,Yield trend,
Uttar Pradesh,Moradabad,Rice,2024-25,0.91,2.6,2873.0,4,True,2942.0,-2.3453433038749147,0.92,-1.0869565217391313,2.7,-3.703703703703707,2886.0,-0.4504504504504504,1163.71,80,1,365,1028.39,43.28,984.2233333333334,18.236375890295903,,,,,,,,,,False,True,True,-2.345343303874914,-1.0869565217391353,4.2153737159050575,-4.1666666666666625,-13.28151172783462,,0.0,4.1666666666666625,13.28151172783462,,0.0,44.461677652836926,37.77066924939886,,0.0,11.331200774819656,8.892335530567385,,0.8499999999999999,23.792395653396525,3,Good,23.792395653396525,Rainfall anomaly,Area trend,
Uttar Pradesh,Moradabad,Wheat,2021-22,1.27,5.27,4155.0,4,True,,,,,,,,,1091.79,74,1,365,733.91,310.8,,,,,,,,,,,,False,True,True,,,,,,,,,,,,,,,,,,,0.0,,0,Insufficient,,,,
Uttar Pradesh,Moradabad,Wheat,2022-23,1.21,5.07,4181.0,4,True,4155.0,0.6257521058965102,1.27,-4.724409448818902,5.27,-3.7950664136622256,4155.0,0.6257521058965102,967.84,80,1,365,594.98,282.11,1091.79,-11.3529158537814,,,,,,,,,,False,True,True,0.6257521058965043,-4.7244094488189,,,,,,,,,,,,,,,,,0.0,,0,Insufficient,,,,
Uttar Pradesh,Moradabad,Wheat,2023-24,1.09,4.46,4081.0,4,True,4181.0,-2.391772303276728,1.21,-9.917355371900817,5.07,-12.031558185404345,4168.0,-2.087332053742802,893.04,59,1,366,811.04,74.23,1029.815,-13.28151172783462,,,,,,,,,,False,True,True,-2.391772303276729,-9.917355371900815,0.6257521058965043,-4.7244094488189,-11.3529158537814,,0.0,4.7244094488189,11.3529158537814,,0.0,50.41324080321675,32.28602575644794,,0.0,9.685807726934382,10.082648160643352,,0.8499999999999999,23.257006926562042,3,Good,23.257006926562042,Area trend,Rainfall anomaly,
Uttar Pradesh,Moradabad,Wheat,2024-25,1.14,4.54,3987.0,4,True,4081.0,-2.303357020338152,1.09,4.587155963302736,4.46,1.793721973094172,4139.0,-3.6723846339695583,1163.71,80,1,365,1028.39,43.28,984.2233333333334,18.236375890295903,,,,,,,,,,False,True,True,-2.303357020338148,4.587155963302725,-2.391772303276729,-9.917355371900815,-13.28151172783462,,2.391772303276729,9.917355371900815,13.28151172783462,,11.167448715230197,100.0,37.77066924939886,,3.9086070503305685,11.331200774819656,20.0,,0.8499999999999999,41.45859744135321,3,Good,41.45859744135321,Area trend,Rainfall anomaly,Yield trend
Uttar Pradesh,Muzaffarnagar,Maize,2021-22,0.0,0.0,1891.0,4,True,,,,,,,,,1267.61,81,2,365,954.27,260.53,,,,,,,,,,,,False,True,True,,,,,,,,,,,,,,,,,,,0.0,,0,Insufficient,,,,
Uttar Pradesh,Muzaffarnagar,Maize,2022-23,0.0,0.0,1864.0,4,True,1891.0,-1.4278159703860391,0.0,,0.0,,1891.0,-1.4278159703860391,1162.93,85,2,365,817.31,250.42,1267.61,-8.258060444458456,,,,,,,,,,False,True,True,-1.4278159703860371,,,,,,,,,,,,,,,,,,0.0,,0,Insufficient,,,,
Uttar Pradesh,Muzaffarnagar,Maize,2023-24,0.0,0.0,1683.0,4,True,1864.0,-9.71030042918455,0.0,,0.0,,1877.5,-10.359520639147805,975.82,62,0,366,876.15,91.33,1215.27,-19.70344038773276,,,,,,,,,,False,True,True,-9.71030042918455,,-1.4278159703860371,,-8.258060444458456,,1.4278159703860371,,8.258060444458456,,6.666630265024796,,23.484711385338468,,2.3333205927586786,7.04541341560154,,,0.6499999999999999,14.428821551323416,2,Limited,14.428821551323416,Rainfall anomaly,Yield trend,
Uttar Pradesh,Muzaffarnagar,Maize,2024-25,0.02,0.07,3463.0,4,True,1683.0,105.76351752822342,0.0,,0.0,,1812.6666666666667,91.0445016550202,1295.52,96,2,365,1112.33,72.39,1135.4533333333334,14.097159431181666,2532.7316666666666,2436.42,2609.96,70.29323336329489,6.0,1.0,2.775392051531774,50.0,Moderate,True,True,True,105.76351752822339,,-9.71030042918455,,-19.70344038773276,,9.71030042918455,,19.70344038773276,,45.33846382610685,,56.033691435939836,,15.868462339137398,16.81010743078195,,,0.6499999999999999,50.27472272295285,2,Limited,50.27472272295285,Rainfall anomaly,Yield trend,
Uttar Pradesh,Muzaffarnagar,Rice,2021-22,0.13,0.35,2714.0,4,True,,,,,,,,,1267.61,81,2,365,954.27,260.53,,,1940.0,1940.0,1940.0,0.0,2.0,0.6666666666666666,,16.666666666666664,Low,True,True,True,,,,,,,,,,,,,,,,,,,0.0,,0,Insufficient,,,,
Uttar Pradesh,Muzaffarnagar,Rice,2022-23,0.13,0.35,2587.0,4,True,2714.0,-4.679439941046426,0.13,0.0,0.35,0.0,2714.0,-4.679439941046426,1162.93,85,2,365,817.31,250.42,1267.61,-8.258060444458456,,,,,0.0,0.0,,0.0,Low,False,True,True,-4.679439941046426,0.0,,,,,,,,,,,,,,,,,0.0,,0,Insufficient,,,,
Uttar Pradesh,Muzaffarnagar,Rice,2023-24,0.12,0.31,2582.0,4,True,2587.0,-0.1932740626207963,0.13,-7.692307692307699,0.35,-11.428571428571423,2650.5,-2.5844180343331447,975.82,62,0,366,876.15,91.33,1215.27,-19.70344038773276,,,,,,,,,,False,True,True,-0.19327406262079627,-7.692307692307699,-4.679439941046426,0.0,-8.258060444458456,,4.679439941046426,-0.0,8.258060444458456,,21.848821263647515,-0.0,23.484711385338468,,7.6470874422766295,7.04541341560154,-0.0,,0.8499999999999999,17.285295126915496,3,Good,17.285295126915496,Yield trend,Rainfall anomaly,
Uttar Pradesh,Muzaffarnagar,Rice,2024-25,0.06,0.15,2540.0,4,True,2582.0,-1.6266460108443066,0.12,-50.0,0.31,-51.61290322580645,2627.6666666666665,-3.3362932893568384,1295.52,96,2,365,1112.33,72.39,1135.4533333333334,14.097159431181666,,,,,,,,,,False,True,True,-1.6266460108443015,-50.0,-0.19327406262079627,-7.692307692307699,-19.70344038773276,,0.19327406262079627,7.692307692307699,19.70344038773276,,0.9024179180204375,82.08309720523755,56.033691435939836,,0.3158462713071531,16.81010743078195,16.416619441047512,,0.8499999999999999,39.461850756631314,3,Good,39.461850756631314,Rainfall anomaly,Area trend,Yield trend
Uttar Pradesh,Muzaffarnagar,Wheat,2021-22,0.86,3.39,3962.0,4,True,,,,,,,,,1267.61,81,2,365,954.27,260.53,,,1980.5229166666668,1855.38,2119.6,82.96709726967704,12.0,1.3333333333333333,4.189151085881672,100.0,Complete,True,True,True,,,,,,,,,,,,,,,,,,,0.0,,0,Insufficient,,,,
Uttar Pradesh,Muzaffarnagar,Wheat,2022-23,0.78,3.43,4395.0,4,True,3962.0,10.928823826350328,0.86,-9.302325581395344,3.39,1.1799410029498536,3962.0,10.928823826350328,1162.93,85,2,365,817.31,250.42,1267.61,-8.258060444458456,2302.61375,2082.85,2678.13,172.44169348092183,12.0,1.9166666666666667,7.488954388504013,100.0,Complete,True,True,True,10.928823826350321,-9.302325581395344,,,,4.189151085881672,,,,4.189151085881672,,,,34.04724535996118,,,,5.107086803994177,0.15,34.04724535996118,1,Very Limited,,Price volatility,,
Uttar Pradesh,Muzaffarnagar,Wheat,2023-24,0.66,2.78,4208.0,4,True,4395.0,-4.254835039817976,0.78,-15.384615384615383,3.43,-18.950437317784267,4178.5,0.7059949742730645,975.82,62,0,366,876.15,91.33,1215.27,-19.70344038773276,2360.4304166666666,2202.88,2559.02,122.39464793442754,12.0,1.75,5.185268206604023,100.0,Complete,True,True,True,-4.254835039817973,-15.384615384615385,10.928823826350321,-9.302325581395344,-8.258060444458456,7.488954388504013,0.0,9.302325581395344,8.258060444458456,7.488954388504013,0.0,99.26328034121738,23.484711385338468,60.86633361453231,0.0,7.04541341560154,19.852656068243476,9.129950042179846,0.9999999999999999,36.02801952602487,4,Complete,36.02801952602487,Area trend,Price volatility,Rainfall anomaly
Uttar Pradesh,Muzaffarnagar,Wheat,2024-25,0.71,2.81,3960.0,4,True,4208.0,-5.893536121673003,0.66,7.575757575757565,2.78,1.079136690647491,4188.333333333333,-5.451651412654191,1295.52,96,2,365,1112.33,72.39,1135.4533333333334,14.097159431181666,2575.835,2391.19,2933.43,173.62854520236834,12.0,2.4166666666666665,6.740670314766603,100.0,Complete,True,True,True,-5.893536121673004,7.575757575757569,-4.254835039817973,-15.384615384615385,-19.70344038773276,5.185268206604023,4.254835039817973,15.384615384615385,19.70344038773276,5.185268206604023,19.866294142563316,100.0,56.033691435939836,42.14316821430579,6.95320294989716,16.81010743078195,20.0,6.321475232145868,0.9999999999999999,50.084785612824994,4,Complete,50.084785612824994,Area trend,Rainfall anomaly,Yield trend
Uttar Pradesh,Pilibhit,Maize,2021-22,0.0,0.01,3086.0,4,True,,,,,,,,,1238.96,90,1,365,744.11,434.78,,,,,,,,,,,,False,True,True,,,,,,,,,,,,,,,,,,,0.0,,0,Insufficient,,,,
Uttar Pradesh,Pilibhit,Maize,2022-23,0.0,0.01,2354.0,4,True,3086.0,-23.7200259235256,0.0,,0.01,0.0,3086.0,-23.7200259235256,1108.07,86,2,365,650.04,365.76,1238.96,-10.564505714470208,,,,,,,,,,False,True,True,-23.7200259235256,,,,,,,,,,,,,,,,,,0.0,,0,Insufficient,,,,
Uttar Pradesh,Pilibhit,Maize,2023-24,0.01,0.02,2729.0,4,True,2354.0,15.930331350892098,0.0,,0.01,100.0,2720.0,0.3308823529411764,978.89,79,1,366,888.57,66.81,1173.515,-16.58479013902676,,,,,,,,,,False,True,True,15.930331350892102,,-23.7200259235256,,-10.564505714470208,,23.7200259235256,,10.564505714470208,,100.0,,30.043903081332058,,35.0,9.013170924399617,,,0.6499999999999999,67.7125706529225,2,Limited,67.7125706529225,Yield trend,Rainfall anomaly,
Uttar Pradesh,Pilibhit,Maize,2024-25,0.01,0.03,3462.0,4,True,2729.0,26.859655551484057,0.01,0.0,0.02,49.99999999999999,2723.0,27.13918472273228,1345.94,95,3,365,1214.69,38.86,1108.64,21.404603838937792,,,,,,,,,,False,True,True,26.859655551484064,0.0,15.930331350892102,,-16.58479013902676,,0.0,,16.58479013902676,,0.0,,47.16470803538575,,0.0,14.149412410615724,,,0.6499999999999999,21.768326785562657,2,Limited,21.768326785562657,Rainfall anomaly,,
Uttar Pradesh,Pilibhit,Rice,2021-22,1.51,5.09,3365.0,4,True,,,,,,,,,1238.96,90,1,365,744.11,434.78,,,1838.9466666666667,1478.125,2397.075,292.07480459849666,9.0,2.090909090909091,15.882722968139188,75.0,Good,True,True,True,,,,,,,,,,,,,,,,,,,0.0,,0,Insufficient,,,,
Uttar Pradesh,Pilibhit,Rice,2022-23,1.49,4.85,3246.0,4,True,3365.0,-3.536404160475483,1.51,-1.3245033112582794,5.09,-4.71512770137525,3365.0,-3.536404160475483,1108.07,86,2,365,650.04,365.76,1238.96,-10.564505714470208,1838.8414285714284,1530.0,2040.0,225.52989901035085,7.0,1.5,12.264782351872617,58.333333333333336,Moderate,True,True,True,-3.5364041604754815,-1.3245033112582738,,,,15.882722968139188,,,,15.882722968139188,,,,100.0,,,,15.0,0.15,100.0,1,Very Limited,,Price volatility,,
Uttar Pradesh,Pilibhit,Rice,2023-24,1.4,3.51,2508.0,4,True,3246.0,-22.73567467652495,1.49,-6.040268456375844,4.85,-27.628865979381445,3305.5,-24.126455906821963,978.89,79,1,366,888.57,66.81,1173.515,-16.58479013902676,2132.345714285714,2012.115,2183.0,80.60151530981341,7.0,1.5555555555555556,3.779945942621833,58.333333333333336,Moderate,True,True,True,-22.73567467652495,-6.040268456375841,-3.5364041604754815,-1.3245033112582738,-10.564505714470208,12.264782351872617,3.5364041604754815,1.3245033112582738,10.564505714470208,12.264782351872617,16.511861118356354,14.133513426067335,30.043903081332058,99.68178407985064,5.7791513914247234,9.013170924399617,2.8267026852134673,14.952267611977597,0.9999999999999999,32.57129261301541,4,Complete,32.57129261301541,Price volatility,Rainfall anomaly,Yield trend
Uttar Pradesh,Pilibhit,Rice,2024-25,1.09,3.48,3209.0,4,True,2508.0,27.95055821371611,1.4,-22.14285714285713,3.51,-0.8547008547008492,3039.6666666666665,5.570786270424394,1345.94,95,3,365,1214.69,38.86,1108.64,21.404603838937792,2245.98,2053.1,2303.38,96.3359208187684,6.0,2.0,4.289259958626897,50.0,Moderate,True,True,True,27.950558213716103,-22.14285714285713,-22.73567467652495,-6.040268456375841,-16.58479013902676,3.779945942621833,22.73567467652495,6.040268456375841,16.58479013902676,3.779945942621833,100.0,64.45451257055564,47.16470803538575,30.72143838153048,35.0,14.149412410615724,12.890902514111128,4.608215757229572,0.9999999999999999,66.64853068195643,4,Complete,66.64853068195643,Yield trend,Rainfall anomaly,Area trend
Uttar Pradesh,Pilibhit,Wheat,2021-22,1.47,5.9,4009.0,4,True,,,,,,,,,1238.96,90,1,365,744.11,434.78,,,1937.6225,1702.65,2083.64,129.2215566821714,12.0,2.9166666666666665,6.669078041887488,100.0,Complete,True,True,True,,,,,,,,,,,,,,,,,,,0.0,,0,Insufficient,,,,
Uttar Pradesh,Pilibhit,Wheat,2022-23,1.41,5.99,4237.0,4,True,4009.0,5.687203791469194,1.47,-4.081632653061228,5.9,1.5254237288135568,4009.0,5.687203791469194,1108.07,86,2,365,650.04,365.76,1238.96,-10.564505714470208,2318.9225,2043.61,2648.12,201.9787959224253,12.0,3.0,8.710027865201415,100.0,Complete,True,True,True,5.687203791469186,-4.081632653061229,,,,6.669078041887488,,,,6.669078041887488,,,,54.202804282262754,,,,8.130420642339413,0.15,54.202804282262754,1,Very Limited,,Price volatility,,
Uttar Pradesh,Pilibhit,Wheat,2023-24,1.33,5.61,4207.0,4,True,4237.0,-0.7080481472740147,1.41,-5.6737588652482165,5.99,-6.343906510851418,4123.0,2.037351443123939,978.89,79,1,366,888.57,66.81,1173.515,-16.58479013902676,2437.7608333333333,2331.7,2574.07,93.25183502540884,12.0,3.0,3.825306968194194,100.0,Complete,True,True,True,-0.7080481472740097,-5.673758865248213,5.687203791469186,-4.081632653061229,-10.564505714470208,8.710027865201415,0.0,4.081632653061229,10.564505714470208,8.710027865201415,0.0,43.55429647624851,30.043903081332058,70.79058495122224,0.0,9.013170924399617,8.710859295249703,10.618587742683337,0.9999999999999999,28.342617962332664,4,Complete,28.342617962332664,Price volatility,Rainfall anomaly,Area trend
Uttar Pradesh,Pilibhit,Wheat,2024-25,1.4,6.33,4509.0,4,True,4207.0,7.178512003803185,1.33,5.26315789473683,5.61,12.834224598930478,4151.0,8.624427848711154,1345.94,95,3,365,1214.69,38.86,1108.64,21.404603838937792,2631.1283333333336,2421.34,2915.74,173.01083527988197,12.0,3.0,6.575537691872952,100.0,Complete,True,True,True,7.178512003803195,5.263157894736836,-0.7080481472740097,-5.673758865248213,-16.58479013902676,3.825306968194194,0.7080481472740097,5.673758865248213,16.58479013902676,3.825306968194194,3.3059549028824957,60.5435610591821,47.16470803538575,31.09010924963229,1.1570842160088735,14.149412410615724,12.108712211836421,4.663516387444844,0.9999999999999999,32.07872522590587,4,Complete,32.07872522590587,Rainfall anomaly,Area trend,Price volatility
Uttar Pradesh,Pratapgarh,Maize,2021-22,0.01,0.02,2145.0,4,True,,,,,,,,,958.93,76,0,365,800.8100000000001,144.13,,,,,,,0.0,0.0,,0.0,Low,False,True,True,,,,,,,,,,,,,,,,,,,0.0,,0,Insufficient,,,,
Uttar Pradesh,Pratapgarh,Maize,2022-23,0.01,0.03,2855.0,4,True,2145.0,33.1002331002331,0.01,0.0,0.02,49.99999999999999,2145.0,33.1002331002331,925.23,76,0,365,698.04,158.65,958.93,-3.5143336844190856,,,,,,,,,,False,True,True,33.10023310023309,0.0,,,,,,,,,,,,,,,,,0.0,,0,Insufficient,,,,
Uttar Pradesh,Pratapgarh,Maize,2023-24,0.01,0.02,1655.0,4,True,2855.0,-42.03152364273205,0.01,0.0,0.03,-33.33333333333333,2500.0,-33.800000000000004,715.53,72,0,366,604.25,108.44,942.08,-24.0478515625,,,,,,,,,,False,True,True,-42.03152364273205,0.0,33.10023310023309,0.0,-3.5143336844190856,,0.0,-0.0,3.5143336844190856,,0.0,-0.0,9.994248994113256,,0.0,2.9982746982339767,-0.0,,0.8499999999999999,3.527381997922326,3,Good,3.527381997922326,Rainfall anomaly,,
Uttar Pradesh,Pratapgarh,Maize,2024-25,0.01,0.03,3289.0,4,True,1655.0,98.73111782477342,0.01,0.0,0.02,49.99999999999999,2218.333333333333,48.26446280991735,933.2,81,0,365,875.39,6.890000000000001,866.5633333333334,7.689763010205061,2384.85,2300.0,2446.67,61.40806624540454,4.0,0.8,,33.33333333333333,Low,True,True,True,98.73111782477342,0.0,-42.03152364273205,0.0,-24.0478515625,,42.03152364273205,-0.0,24.0478515625,,100.0,-0.0,68.38855893356308,,35.0,20.51656768006892,-0.0,,0.8499999999999999,65.31360903537521,3,Good,65.31360903537521,Yield trend,Rainfall anomaly,
Uttar Pradesh,Pratapgarh,Rice,2021-22,0.99,2.49,2526.0,4,True,,,,,,,,,958.93,76,0,365,800.8100000000001,144.13,,,1940.0,1940.0,1940.0,0.0,5.0,0.5,,41.66666666666667,Low,True,True,True,,,,,,,,,,,,,,,,,,,0.0,,0,Insufficient,,,,
Uttar Pradesh,Pratapgarh,Rice,2022-23,0.92,2.58,2819.0,4,True,2526.0,11.599366587490104,0.99,-7.0707070707070665,2.49,3.614457831325296,2526.0,11.599366587490104,925.23,76,0,365,698.04,158.65,958.93,-3.5143336844190856,2040.0,2040.0,2040.0,0.0,4.0,0.8,,33.33333333333333,Low,True,True,True,11.5993665874901,-7.07070707070706,,,,,,,,,,,,,,,,,0.0,,0,Insufficient,,,,
Uttar Pradesh,Pratapgarh,Rice,2023-24,0.93,2.11,2273.0,4,True,2819.0,-19.3685704150408,0.92,1.0869565217391313,2.58,-18.2170542635659,2672.5,-14.948550046772684,715.53,72,0,366,604.25,108.44,942.08,-24.0478515625,2187.1383333333333,2183.0,2203.03,8.018554524767419,6.0,0.8571428571428571,0.3666231075812497,50.0,Moderate,True,True,True,-19.368570415040796,1.0869565217391353,11.5993665874901,-7.07070707070706,-3.5143336844190856,,0.0,7.07070707070706,3.5143336844190856,,0.0,75.45011965329898,9.994248994113256,,0.0,2.9982746982339767,15.090023930659797,,0.8499999999999999,21.280351328110328,3,Good,21.280351328110328,Area trend,Rainfall anomaly,
Uttar Pradesh,Pratapgarh,Rice,2024-25,1.47,3.57,2437.0,4,True,2273.0,7.215134183897932,0.93,58.06451612903225,2.11,69.19431279620854,2539.333333333333,-4.029929115253353,933.2,81,0,365,875.39,6.890000000000001,866.5633333333334,7.689763010205061,2262.0675,2154.27,2300.0,71.92063838009209,4.0,0.6666666666666666,,33.33333333333333,Low,True,True,True,7.215134183897942,58.06451612903225,-19.368570415040796,1.0869565217391353,-24.0478515625,0.3666231075812497,19.368570415040796,0.0,24.0478515625,0.3666231075812497,90.43399177294815,0.0,68.38855893356308,2.9797222975602264,31.65189712053185,20.51656768006892,0.0,0.44695834463403394,0.9999999999999999,52.615423145234814,4,Complete,52.615423145234814,Yield trend,Rainfall anomaly,Price volatility
Uttar Pradesh,Pratapgarh,Wheat,2021-22,1.54,5.09,3306.0,4,True,,,,,,,,,958.93,76,0,365,800.8100000000001,144.13,,,1900.0408333333328,1651.47,2027.16,132.7953147762193,12.0,1.0,6.989076889639791,100.0,Complete,True,True,True,,,,,,,,,,,,,,,,,,,0.0,,0,Insufficient,,,,
Uttar Pradesh,Pratapgarh,Wheat,2022-23,1.6,5.4,3367.0,4,True,3306.0,1.8451300665456745,1.54,3.8961038961039,5.09,6.090373280943036,3306.0,1.8451300665456745,925.23,76,0,365,698.04,158.65,958.93,-3.5143336844190856,2363.4925,2053.48,2740.53,194.3152846243352,12.0,1.0,8.221531679255811,100.0,Complete,True,True,True,1.845130066545675,3.8961038961039085,,,,6.989076889639791,,,,6.989076889639791,,,,56.80358879945199,,,,8.520538319917797,0.15,56.80358879945199,1,Very Limited,,Price volatility,,
Uttar Pradesh,Pratapgarh,Wheat,2023-24,1.59,5.16,3245.0,4,True,3367.0,-3.623403623403623,1.6,-0.6250000000000006,5.4,-4.444444444444448,3336.5,-2.7423947250112395,715.53,72,0,366,604.25,108.44,942.08,-24.0478515625,2398.6916666666666,2307.14,2481.32,72.13894180151553,12.0,1.0,3.007428708074145,100.0,Complete,True,True,True,-3.6234036234036204,-0.6249999999999978,1.845130066545675,3.8961038961039085,-3.5143336844190856,8.221531679255811,0.0,0.0,3.5143336844190856,8.221531679255811,0.0,0.0,9.994248994113256,66.82034153929366,0.0,2.9982746982339767,0.0,10.02305123089405,0.9999999999999999,13.021325929128027,4,Complete,13.021325929128027,Price volatility,Rainfall anomaly,
Uttar Pradesh,Pratapgarh,Wheat,2024-25,1.49,4.87,3272.0,4,True,3245.0,0.8320493066255779,1.59,-6.289308176100635,5.16,-5.62015503875969,3306.0,-1.02843315184513,933.2,81,0,365,875.39,6.890000000000001,866.5633333333334,7.689763010205061,2643.8083333333334,2442.64,2884.07,171.8720251092408,12.0,1.0,6.500926067229059,100.0,Complete,True,True,True,0.8320493066255708,-6.289308176100638,-3.6234036234036204,-0.6249999999999978,-24.0478515625,3.007428708074145,3.6234036234036204,0.6249999999999978,24.0478515625,3.007428708074145,16.918071207490478,6.669251647925522,68.38855893356308,24.4428193271623,5.921324922621666,20.51656768006892,1.3338503295851045,3.666422899074345,0.9999999999999999,31.43816583135004,4,Complete,31.43816583135004,Rainfall anomaly,Yield trend,Price volatility
Uttar Pradesh,Prayagraj,Maize,2021-22,0.0,0.0,2237.0,4,True,,,,,,,,,860.73,66,0,365,739.03,107.46,,,1606.04,1544.29,1639.54,53.54145590101188,3.0,0.25,,25.0,Low,True,True,True,,,,,,,,,,,,,,,,,,,0.0,,0,Insufficient,,,,
Uttar Pradesh,Prayagraj,Maize,2022-23,0.0,0.01,2848.0,4,True,2237.0,27.31336611533304,0.0,,0.0,,2237.0,27.31336611533304,905.43,76,0,365,713.54,131.37,860.73,5.193266181032372,2200.306666666667,2150.0,2250.92,50.46069889858183,3.0,0.4285714285714285,,25.0,Low,True,True,True,27.31336611533304,,,,,,,,,,,,,,,,,,0.0,,0,Insufficient,,,,
Uttar Pradesh,Prayagraj,Maize,2023-24,0.0,0.0,1314.0,4,True,2848.0,-53.8623595505618,0.0,,0.01,-100.0,2542.5,-48.31858407079646,705.08,63,0,366,571.96,129.34,883.0799999999999,-20.15672419259862,2025.0,2025.0,2025.0,,1.0,0.25,,8.333333333333332,Low,True,True,True,-53.8623595505618,,27.31336611533304,,5.193266181032372,,0.0,,5.193266181032372,,0.0,,14.768886499326436,,0.0,4.43066594979793,,,0.6499999999999999,6.816409153535279,2,Limited,6.816409153535279,Rainfall anomaly,,
Uttar Pradesh,Prayagraj,Maize,2024-25,0.02,0.07,3467.0,4,True,1314.0,163.85083713850835,0.0,,0.0,,2133.0,62.54102203469292,940.39,83,0,365,891.67,8.99,823.7466666666666,14.160097764684949,2491.927,2307.13,2644.35,115.9732658896484,10.0,0.9090909090909092,4.65395920063663,83.33333333333334,Good,True,True,True,163.85083713850838,,-53.8623595505618,,-20.15672419259862,,53.8623595505618,,20.15672419259862,,100.0,,57.32276402199318,,35.0,17.196829206597954,,,0.6499999999999999,80.30281416399686,2,Limited,80.30281416399686,Yield trend,Rainfall anomaly,
Uttar Pradesh,Prayagraj,Rice,2021-22,1.56,4.65,2980.0,4,True,,,,,,,,,860.73,66,0,365,739.03,107.46,,,1940.0,1940.0,1940.0,0.0,4.0,1.6,,33.33333333333333,Low,True,True,True,,,,,,,,,,,,,,,,,,,0.0,,0,Insufficient,,,,
Uttar Pradesh,Prayagraj,Rice,2022-23,1.56,4.7,3017.0,4,True,2980.0,1.2416107382550337,1.56,0.0,4.65,1.0752688172042972,2980.0,1.2416107382550337,905.43,76,0,365,713.54,131.37,860.73,5.193266181032372,2041.695,2040.0,2045.0,2.3577036850857223,4.0,1.4,,33.33333333333333,Low,True,True,True,1.241610738255039,0.0,,,,,,,,,,,,,,,,,0.0,,0,Insufficient,,,,
Uttar Pradesh,Prayagraj,Rice,2023-24,1.46,4.6,3140.0,4,True,3017.0,4.076897580377859,1.56,-6.410256410256415,4.7,-2.1276595744680966,2998.5,4.719026179756545,705.08,63,0,366,571.96,129.34,883.0799999999999,-20.15672419259862,,,,,0.0,0.0,,0.0,Low,False,True,True,4.076897580377858,-6.410256410256421,1.241610738255039,0.0,5.193266181032372,,0.0,-0.0,5.193266181032372,,0.0,-0.0,14.768886499326436,,0.0,4.43066594979793,-0.0,,0.8499999999999999,5.21254817623286,3,Good,5.21254817623286,Rainfall anomaly,,
Uttar Pradesh,Prayagraj,Rice,2024-25,1.95,6.15,3157.0,4,True,3140.0,0.5414012738853503,1.46,33.56164383561644,4.6,33.69565217391306,3045.6666666666665,3.655466783408126,940.39,83,0,365,891.67,8.99,823.7466666666666,14.160097764684949,2275.0995,2182.395,2325.0,48.6713519120278,10.0,1.6,2.1393065187710607,83.33333333333334,Good,True,True,True,0.5414012738853557,33.56164383561644,4.076897580377858,-6.410256410256421,-20.15672419259862,,0.0,6.410256410256421,20.15672419259862,,0.0,68.40258100436469,57.32276402199318,,0.0,17.196829206597954,13.680516200872939,,0.8499999999999999,36.32628871467164,3,Good,36.32628871467164,Rainfall anomaly,Area trend,
Uttar Pradesh,Prayagraj,Wheat,2021-22,2.22,6.39,2873.0,4,True,,,,,,,,,860.73,66,0,365,739.03,107.46,,,1905.159583333333,1740.43,2036.05,108.70760106522488,12.0,1.25,5.70595775893095,100.0,Complete,True,True,True,,,,,,,,,,,,,,,,,,,0.0,,0,Insufficient,,,,
Uttar Pradesh,Prayagraj,Wheat,2022-23,2.45,5.63,2302.0,4,True,2873.0,-19.8746954403063,2.22,10.360360360360358,6.39,-11.893583724569638,2873.0,-19.8746954403063,905.43,76,0,365,713.54,131.37,860.73,5.193266181032372,2334.6991666666668,2060.1000000000004,2678.93,184.6596159748245,12.0,2.9166666666666665,7.909353745068133,100.0,Complete,True,True,True,-19.8746954403063,10.360360360360366,,,,5.70595775893095,,,,5.70595775893095,,,,46.37506259600773,,,,6.9562593894011595,0.15,46.37506259600773,1,Very Limited,,Price volatility,,
Uttar Pradesh,Prayagraj,Wheat,2023-24,2.47,6.11,2475.0,4,True,2302.0,7.515204170286707,2.45,0.8163265306122455,5.63,8.525754884547077,2587.5,-4.3478260869565215,705.08,63,0,366,571.96,129.34,883.0799999999999,-20.15672419259862,2374.225,2287.27,2467.73,71.97197289096754,12.0,3.0,3.031388048351253,100.0,Complete,True,True,True,7.5152041702867045,0.8163265306122547,-19.8746954403063,10.360360360360366,5.193266181032372,7.909353745068133,19.8746954403063,0.0,5.193266181032372,7.909353745068133,92.79714534546996,0.0,14.768886499326436,64.2831213475763,32.47900087091448,4.43066594979793,0.0,9.642468202136444,0.9999999999999999,46.552135022848866,4,Complete,46.552135022848866,Yield trend,Price volatility,Rainfall anomaly
Uttar Pradesh,Prayagraj,Wheat,2024-25,2.26,6.34,2800.0,4,True,2475.0,13.131313131313131,2.47,-8.502024291497992,6.11,3.7643207855973735,2550.0,9.803921568627452,940.39,83,0,365,891.67,8.99,823.7466666666666,14.160097764684949,2625.3250000000003,2423.23,2899.795,168.5840495932896,12.0,3.8333333333333335,6.421454471095562,100.0,Complete,True,True,True,13.131313131313128,-8.502024291497989,7.5152041702867045,0.8163265306122547,-20.15672419259862,3.031388048351253,0.0,0.0,20.15672419259862,3.031388048351253,0.0,0.0,57.32276402199318,24.63754840719638,0.0,17.196829206597954,0.0,3.695632261079457,0.9999999999999999,20.892461467677414,4,Complete,20.892461467677414,Rainfall anomaly,Price volatility,
Uttar Pradesh,Rae Bareli,Maize,2021-22,0.0,0.0,1700.0,4,True,,,,,,,,,1041.38,80,1,365,828.0,180.42,,,,,,,,,,,,False,True,True,,,,,,,,,,,,,,,,,,,0.0,,0,Insufficient,,,,
Uttar Pradesh,Rae Bareli,Maize,2022-23,0.0,0.0,1960.0,4,True,1700.0,15.294117647058824,0.0,,0.0,,1700.0,15.294117647058824,1034.43,77,2,365,729.64,226.09,1041.38,-0.6673836639843328,,,,,,,,,,False,True,True,15.294117647058814,,,,,,,,,,,,,,,,,,0.0,,0,Insufficient,,,,
Uttar Pradesh,Rae Bareli,Maize,2023-24,0.0,0.0,2179.0,4,True,1960.0,11.173469387755102,0.0,,0.0,,1830.0,19.07103825136612,835.76,61,0,366,748.85,84.29,1037.9050000000002,-19.476252643546392,2075.023333333333,2063.28,2090.69,14.119894947673394,3.0,0.75,,25.0,Low,True,True,True,11.173469387755098,,15.294117647058814,,-0.6673836639843328,,0.0,,0.6673836639843328,,0.0,,1.8979411494232026,,0.0,0.5693823448269607,,,0.6499999999999999,0.8759728381953242,2,Limited,0.8759728381953242,Rainfall anomaly,,
Uttar Pradesh,Rae Bareli,Maize,2024-25,0.02,0.05,3195.0,4,True,2179.0,46.626893070215694,0.0,,0.0,,1946.3333333333333,64.15482103099846,944.02,79,0,365,886.23,9.71,970.5233333333334,-2.7308290716005565,,,,,0.0,0.0,,0.0,Low,False,True,True,46.6268930702157,,11.173469387755098,,-19.476252643546392,,0.0,,19.476252643546392,,0.0,,55.38760284911153,,0.0,16.616280854733457,,,0.6499999999999999,25.563509007282246,2,Limited,25.563509007282246,Rainfall anomaly,,
Uttar Pradesh,Rae Bareli,Rice,2021-22,0.9,2.47,2750.0,4,True,,,,,,,,,1041.38,80,1,365,828.0,180.42,,,1805.97375,1562.995,1940.0,136.78857209253127,12.0,3.75,7.574228146590241,100.0,Complete,True,True,True,,,,,,,,,,,,,,,,,,,0.0,,0,Insufficient,,,,
Uttar Pradesh,Rae Bareli,Rice,2022-23,0.88,2.47,2821.0,4,True,2750.0,2.5818181818181816,0.9,-2.222222222222224,2.47,0.0,2750.0,2.5818181818181816,1034.43,77,2,365,729.64,226.09,1041.38,-0.6673836639843328,2094.48,1913.74,2209.91,88.08063072600541,12.0,5.0,4.205369863928297,100.0,Complete,True,True,True,2.581818181818174,-2.2222222222222254,,,,7.574228146590241,,,,7.574228146590241,,,,61.55939445306656,,,,9.233909167959984,0.15,61.55939445306657,1,Very Limited,,Price volatility,,
Uttar Pradesh,Rae Bareli,Rice,2023-24,0.84,2.43,2885.0,4,True,2821.0,2.2686990428925915,0.88,-4.545454545454549,2.47,-1.6194331983805683,2785.5,3.5720696463830555,835.76,61,0,366,748.85,84.29,1037.9050000000002,-19.476252643546392,2199.9466666666667,2075.94,2342.47,80.79958003191201,12.0,5.0,3.6727972207771113,100.0,Complete,True,True,True,2.268699042892597,-4.545454545454552,2.581818181818174,-2.2222222222222254,-0.6673836639843328,4.205369863928297,0.0,2.2222222222222254,0.6673836639843328,4.205369863928297,0.0,23.712894748179753,1.8979411494232026,34.17906316845542,0.0,0.5693823448269607,4.742578949635951,5.126859475268313,0.9999999999999999,10.438820769731228,4,Complete,10.438820769731228,Price volatility,Area trend,Rainfall anomaly
Uttar Pradesh,Rae Bareli,Rice,2024-25,1.78,5.22,2933.0,4,True,2885.0,1.6637781629116115,0.84,111.90476190476193,2.43,114.8148148148148,2818.6666666666665,4.056291390728482,944.02,79,0,365,886.23,9.71,970.5233333333334,-2.7308290716005565,2333.084166666667,2300.125,2408.5550000000003,40.31427329198184,12.0,4.333333333333333,1.7279390888662112,100.0,Complete,True,True,True,1.663778162911611,111.90476190476191,2.268699042892597,-4.545454545454552,-19.476252643546392,3.6727972207771113,0.0,4.545454545454552,19.476252643546392,3.6727972207771113,0.0,48.5036483485495,55.38760284911153,29.85058919326692,0.0,16.616280854733457,9.7007296697099,4.4775883789900375,0.9999999999999999,30.7945989034334,4,Complete,30.7945989034334,Rainfall anomaly,Area trend,Price volatility
Uttar Pradesh,Rae Bareli,Wheat,2021-22,1.4,4.51,3230.0,4,True,,,,,,,,,1041.38,80,1,365,828.0,180.42,,,1877.09,1591.71,2015.0,141.06721309039492,12.0,4.583333333333333,7.5152077465862,100.0,Complete,True,True,True,,,,,,,,,,,,,,,,,,,0.0,,0,Insufficient,,,,
Uttar Pradesh,Rae Bareli,Wheat,2022-23,1.68,5.86,3487.0,4,True,3230.0,7.956656346749226,1.4,20.000000000000004,4.51,29.93348115299336,3230.0,7.956656346749226,1034.43,77,2,365,729.64,226.09,1041.38,-0.6673836639843328,2313.0191666666665,2057.22,2717.65,198.3324042867216,12.0,5.0,8.574611362712657,100.0,Complete,True,True,True,7.956656346749225,19.999999999999996,,,,7.5152077465862,,,,7.5152077465862,,,,61.07970728041886,,,,9.161956092062828,0.15,61.07970728041886,1,Very Limited,,Price volatility,,
Uttar Pradesh,Rae Bareli,Wheat,2023-24,1.86,6.24,3360.0,4,True,3487.0,-3.64209922569544,1.68,10.714285714285724,5.86,6.484641638225254,3358.5,0.0446627958910227,835.76,61,0,366,748.85,84.29,1037.9050000000002,-19.476252643546392,2352.8425,2229.92,2474.04,76.55689139753875,12.0,5.0,3.253804340814939,100.0,Complete,True,True,True,-3.6420992256954388,10.71428571428572,7.956656346749225,19.999999999999996,-0.6673836639843328,8.574611362712657,0.0,0.0,0.6673836639843328,8.574611362712657,0.0,0.0,1.8979411494232026,69.68998991621359,0.0,0.5693823448269607,0.0,10.453498487432038,0.9999999999999999,11.022880832259,4,Complete,11.022880832259,Price volatility,Rainfall anomaly,
Uttar Pradesh,Rae Bareli,Wheat,2024-25,1.72,5.52,3212.0,4,True,3360.0,-4.404761904761905,1.86,-7.526881720430113,6.24,-11.538461538461547,3359.0,-4.376302470973504,944.02,79,0,365,886.23,9.71,970.5233333333334,-2.7308290716005565,2590.4108333333334,2412.33,2805.36,148.39120841750037,12.0,5.0,5.728481617973739,100.0,Complete,True,True,True,-4.4047619047619,-7.5268817204301115,-3.6420992256954388,10.71428571428572,-19.476252643546392,3.253804340814939,3.6420992256954388,0.0,19.476252643546392,3.253804340814939,17.005363036862438,0.0,55.38760284911153,26.44523257191545,5.951877062901853,16.616280854733457,0.0,3.9667848857873174,0.9999999999999999,26.53494280342263,4,Complete,26.53494280342263,Rainfall anomaly,Yield trend,Price volatility
Uttar Pradesh,Rampur,Maize,2021-22,0.0,0.0,2802.0,4,True,,,,,,,,,1187.93,86,1,365,688.32,447.09,,,,,,,,,,,,False,True,True,,,,,,,,,,,,,,,,,,,0.0,,0,Insufficient,,,,
Uttar Pradesh,Rampur,Maize,2022-23,0.0,0.01,2854.0,4,True,2802.0,1.85581727337616,0.0,,0.0,,2802.0,1.85581727337616,1112.7,82,1,365,651.49,353.62,1187.93,-6.3328647310868496,,,,,,,,,,False,True,True,1.855817273376159,,,,,,,,,,,,,,,,,,0.0,,0,Insufficient,,,,
Uttar Pradesh,Rampur,Maize,2023-24,0.01,0.03,3021.0,4,True,2854.0,5.8514365802382615,0.0,,0.01,200.0,2828.0,6.824611032531824,1022.78,69,1,366,925.26,80.21,1150.315,-11.086963136184442,,,,,,,,,,False,True,True,5.851436580238256,,1.855817273376159,,-6.3328647310868496,,0.0,,6.3328647310868496,,0.0,,18.009737450125535,,0.0,5.4029212350376605,,,0.6499999999999999,8.312186515442555,2,Limited,8.312186515442555,Rainfall anomaly,,
Uttar Pradesh,Rampur,Maize,2024-25,0.04,0.14,3561.0,4,True,3021.0,17.874875868917577,0.01,300.0,0.03,366.66666666666674,2892.333333333333,23.11858937420767,1359.38,94,3,365,1200.5,54.54,1107.8033333333333,22.70950619995729,1872.29,1872.29,1872.29,,1.0,1.0,,8.333333333333332,Low,True,True,True,17.874875868917584,300.0,5.851436580238256,,-11.086963136184442,,0.0,,11.086963136184442,,0.0,,31.529695277043153,,0.0,9.458908583112946,,,0.6499999999999999,14.552167050942995,2,Limited,14.552167050942995,Rainfall anomaly,,
Uttar Pradesh,Rampur,Rice,2021-22,1.54,4.4,2847.0,4,True,,,,,,,,,1187.93,86,1,365,688.32,447.09,,,2113.7258333333334,2024.565,2234.84,88.06931039906394,6.0,1.4285714285714286,4.166543693142036,50.0,Moderate,True,True,True,,,,,,,,,,,,,,,,,,,0.0,,0,Insufficient,,,,
Uttar Pradesh,Rampur,Rice,2022-23,1.5,4.12,2755.0,4,True,2847.0,-3.2314717246224096,1.54,-2.5974025974026,4.4,-6.363636363636369,2847.0,-3.2314717246224096,1112.7,82,1,365,651.49,353.62,1187.93,-6.3328647310868496,2027.1125,1988.45,2040.0,25.77499999999996,4.0,0.5714285714285714,,33.33333333333333,Low,True,True,True,-3.2314717246224145,-2.5974025974025983,,,,4.166543693142036,,,,4.166543693142036,,,,33.86350420769062,,,,5.079525631153593,0.15,33.86350420769062,1,Very Limited,,Price volatility,,
Uttar Pradesh,Rampur,Rice,2023-24,1.39,4.12,2963.0,4,True,2755.0,7.549909255898367,1.5,-7.33333333333334,4.12,0.0,2801.0,5.783648696893966,1022.78,69,1,366,925.26,80.21,1150.315,-11.086963136184442,2112.068333333333,1876.84,2360.065,210.96825402573407,6.0,1.125,9.988703996748878,50.0,Moderate,True,True,True,7.549909255898357,-7.333333333333336,-3.2314717246224145,-2.5974025974025983,-6.3328647310868496,,3.2314717246224145,2.5974025974025983,6.3328647310868496,,15.088097938920727,27.716370484885395,18.009737450125535,,5.280834278622255,5.4029212350376605,5.543274096977079,,0.8499999999999999,19.090623071337642,3,Good,19.090623071337642,Area trend,Rainfall anomaly,Yield trend
Uttar Pradesh,Rampur,Rice,2024-25,1.22,3.52,2883.0,4,True,2963.0,-2.6999662504218698,1.39,-12.230215827338126,4.12,-14.563106796116507,2855.0,0.9807355516637478,1359.38,94,3,365,1200.5,54.54,1107.8033333333333,22.70950619995729,2191.04,1747.55,2489.1000000000004,285.0902856114182,8.0,1.2,13.011642216089994,66.66666666666666,Moderate,True,True,True,-2.69996625042187,-12.230215827338121,7.549909255898357,-7.333333333333336,-11.086963136184442,9.988703996748878,0.0,7.333333333333336,11.086963136184442,9.988703996748878,0.0,78.25255266899309,31.529695277043153,81.18300076392617,0.0,9.458908583112946,15.650510533798618,12.177450114588925,0.9999999999999999,37.286869231500496,4,Complete,37.286869231500496,Area trend,Price volatility,Rainfall anomaly
Uttar Pradesh,Rampur,Wheat,2021-22,1.59,6.64,4185.0,4,True,,,,,,,,,1187.93,86,1,365,688.32,447.09,,,1927.8829166666667,1726.205,2064.17,118.67793565433402,12.0,2.1666666666666665,6.155868420657497,100.0,Complete,True,True,True,,,,,,,,,,,,,,,,,,,0.0,,0,Insufficient,,,,
Uttar Pradesh,Rampur,Wheat,2022-23,1.5,6.2,4122.0,4,True,4185.0,-1.5053763440860215,1.59,-5.660377358490571,6.64,-6.626506024096377,4185.0,-1.5053763440860215,1112.7,82,1,365,651.49,353.62,1187.93,-6.3328647310868496,2310.250833333333,2059.3050000000003,2665.475,203.0027335892226,12.0,2.1666666666666665,8.787042976468541,100.0,Complete,True,True,True,-1.505376344086018,-5.660377358490576,,,,6.155868420657497,,,,6.155868420657497,,,,50.031702897545635,,,,7.504755434631845,0.15,50.031702897545635,1,Very Limited,,Price volatility,,
Uttar Pradesh,Rampur,Wheat,2023-24,1.37,5.8,4237.0,4,True,4122.0,2.7899078117418727,1.5,-8.66666666666666,6.2,-6.451612903225811,4153.5,2.010352714578066,1022.78,69,1,366,925.26,80.21,1150.315,-11.086963136184442,2403.25875,2312.42,2560.66,92.12627974009357,12.0,2.083333333333333,3.833389964359583,100.0,Complete,True,True,True,2.789907811741865,-8.666666666666655,-1.505376344086018,-5.660377358490576,-6.3328647310868496,8.787042976468541,1.505376344086018,5.660377358490576,6.3328647310868496,8.787042976468541,7.0287682053471245,60.40076964158996,18.009737450125535,71.4165237956277,2.4600688718714934,5.4029212350376605,12.080153928317992,10.712478569344155,0.9999999999999999,30.655622604571303,4,Complete,30.655622604571303,Area trend,Price volatility,Rainfall anomaly
Uttar Pradesh,Rampur,Wheat,2024-25,1.38,5.92,4281.0,4,True,4237.0,1.038470616001888,1.37,0.7299270072992544,5.8,2.068965517241381,4181.333333333333,2.383609693877559,1359.38,94,3,365,1200.5,54.54,1107.8033333333333,22.70950619995729,2647.6695833333333,2445.48,2930.26,184.8878993343403,12.0,1.6666666666666667,6.983042767049966,100.0,Complete,True,True,True,1.0384706160018853,0.7299270072992581,2.789907811741865,-8.666666666666655,-11.086963136184442,3.833389964359583,0.0,8.666666666666655,11.086963136184442,3.833389964359583,0.0,92.48028951790079,31.529695277043153,31.155803646431234,0.0,9.458908583112946,18.49605790358016,4.673370546964685,0.9999999999999999,32.62833703365779,4,Complete,32.62833703365779,Area trend,Rainfall anomaly,Price volatility
Uttar Pradesh,Saharanpur,Maize,2021-22,0.09,0.17,1849.0,4,True,,,,,,,,,1466.25,98,1,365,1132.21,271.56,,,1912.6541666666665,1841.8,2024.33,63.2293823325162,12.0,1.0,3.3058450102723507,100.0,Complete,True,True,True,,,,,,,,,,,,,,,,,,,0.0,,0,Insufficient,,,,
Uttar Pradesh,Saharanpur,Maize,2022-23,0.09,0.17,1848.0,4,True,1849.0,-0.0540832882639264,0.09,0.0,0.17,0.0,1849.0,-0.0540832882639264,1542.93,104,1,365,1171.78,237.36,1466.25,5.229667519181589,2280.6908333333336,2038.98,2377.69,116.32092944313656,12.0,1.0,5.100249790241329,100.0,Complete,True,True,True,-0.05408328826392861,0.0,,,,3.3058450102723507,,,,3.3058450102723507,,,,26.86819211798783,,,,4.030228817698174,0.15,26.868192117987828,1,Very Limited,,Price volatility,,
Uttar Pradesh,Saharanpur,Maize,2023-24,0.09,0.11,1237.0,4,True,1848.0,-33.06277056277056,0.09,0.0,0.17,-35.294117647058826,1848.5,-33.08087638625913,1252.67,80,2,366,1106.63,127.12,1504.59,-16.743431765464347,2201.898333333333,2064.92,2297.77,83.24709744689802,12.0,1.0,3.780696691880175,100.0,Complete,True,True,True,-33.06277056277056,0.0,-0.05408328826392861,0.0,5.229667519181589,5.100249790241329,0.05408328826392861,-0.0,5.229667519181589,5.100249790241329,0.25252083871486913,-0.0,14.872406560268612,41.4521826607478,0.08838229355020419,4.4617219680805835,-0.0,6.21782739911217,0.9999999999999999,10.767931660742958,4,Complete,10.767931660742958,Price volatility,Rainfall anomaly,Yield trend
Uttar Pradesh,Saharanpur,Maize,2024-25,0.03,0.08,2351.0,4,True,1237.0,90.05658852061438,0.09,-66.66666666666666,0.11,-27.27272727272727,1644.6666666666667,42.94689906769355,1556.73,116,2,365,1296.92,120.48,1420.6166666666668,9.581285122657992,2502.6200000000003,2311.17,2680.28,107.8003035920838,12.0,1.0,4.307497885898929,100.0,Complete,True,True,True,90.0565885206144,-66.66666666666667,-33.06277056277056,0.0,-16.743431765464347,3.780696691880175,33.06277056277056,-0.0,16.743431765464347,3.780696691880175,100.0,-0.0,47.61586152786079,30.727540081774414,35.0,14.284758458358235,-0.0,4.609131012266162,0.9999999999999999,53.8938894706244,4,Complete,53.8938894706244,Yield trend,Rainfall anomaly,Price volatility
Uttar Pradesh,Saharanpur,Rice,2021-22,0.58,1.61,2772.0,4,True,,,,,,,,,1466.25,98,1,365,1132.21,271.56,,,1996.46,1940.0,2071.16,65.15861876989104,5.0,0.8333333333333334,,41.66666666666667,Low,True,True,True,,,,,,,,,,,,,,,,,,,0.0,,0,Insufficient,,,,
Uttar Pradesh,Saharanpur,Rice,2022-23,0.58,1.43,2463.0,4,True,2772.0,-11.147186147186147,0.58,0.0,1.61,-11.180124223602492,2772.0,-11.147186147186147,1542.93,104,1,365,1171.78,237.36,1466.25,5.229667519181589,2181.113333333333,2040.0,2330.79,154.68454449836517,6.0,0.8571428571428571,7.091999399314348,50.0,Moderate,True,True,True,-11.14718614718615,0.0,,,,,,,,,,,,,,,,,0.0,,0,Insufficient,,,,
Uttar Pradesh,Saharanpur,Rice,2023-24,0.54,1.33,2465.0,4,True,2463.0,0.0812017864393016,0.58,-6.896551724137918,1.43,-6.993006993006984,2617.5,-5.826170009551098,1252.67,80,2,366,1106.63,127.12,1504.59,-16.743431765464347,2386.4700000000003,2200.0,2459.94,105.89940344496765,5.0,0.7142857142857143,,41.66666666666667,Low,True,True,True,0.08120178643931109,-6.896551724137923,-11.14718614718615,0.0,5.229667519181589,7.091999399314348,11.14718614718615,-0.0,5.229667519181589,7.091999399314348,52.047441743212964,-0.0,14.872406560268612,57.64008952910164,18.216604610124538,4.4617219680805835,-0.0,8.646013429365246,0.9999999999999999,31.324340007570374,4,Complete,31.324340007570374,Yield trend,Price volatility,Rainfall anomaly
Uttar Pradesh,Saharanpur,Rice,2024-25,0.53,1.34,2514.0,4,True,2465.0,1.9878296146044625,0.54,-1.8518518518518527,1.33,0.7518796992481209,2566.6666666666665,-2.051948051948046,1556.73,116,2,365,1296.92,120.48,1420.6166666666668,9.581285122657992,2293.0133333333333,2229.62,2325.0,54.901003026660106,3.0,0.6,,25.0,Low,True,True,True,1.9878296146044638,-1.851851851851849,0.08120178643931109,-6.896551724137923,-16.743431765464347,,0.0,6.896551724137923,16.743431765464347,,0.0,73.59174232193698,47.61586152786079,,0.0,14.284758458358235,14.718348464387397,,0.8499999999999999,34.12130226205369,3,Good,34.12130226205369,Area trend,Rainfall anomaly,
Uttar Pradesh,Saharanpur,Wheat,2021-22,1.17,4.74,4067.0,4,True,,,,,,,,,1466.25,98,1,365,1132.21,271.56,,,1984.986666666667,1838.13,2117.7,97.32358467161666,12.0,1.0833333333333333,4.902984302410931,100.0,Complete,True,True,True,,,,,,,,,,,,,,,,,,,0.0,,0,Insufficient,,,,
Uttar Pradesh,Saharanpur,Wheat,2022-23,1.12,4.66,4167.0,4,True,4067.0,2.4588148512417014,1.17,-4.273504273504258,4.74,-1.6877637130801704,4067.0,2.4588148512417014,1542.93,104,1,365,1171.78,237.36,1466.25,5.229667519181589,2373.7875,2134.85,2837.03,225.6283105977215,12.0,1.1666666666666667,9.504991942106086,100.0,Complete,True,True,True,2.4588148512417085,-4.273504273504258,,,,4.902984302410931,,,,4.902984302410931,,,,39.848911179838574,,,,5.977336676975786,0.15,39.848911179838574,1,Very Limited,,Price volatility,,
Uttar Pradesh,Saharanpur,Wheat,2023-24,1.28,5.0,3921.0,4,True,4167.0,-5.903527717782577,1.12,14.285714285714276,4.66,7.29613733905579,4117.0,-4.760748117561331,1252.67,80,2,366,1106.63,127.12,1504.59,-16.743431765464347,2412.755833333333,2273.03,2565.43,108.5388167228945,12.0,1.3333333333333333,4.498541262376439,100.0,Complete,True,True,True,-5.903527717782575,14.28571428571428,2.4588148512417085,-4.273504273504258,5.229667519181589,9.504991942106086,0.0,4.273504273504258,5.229667519181589,9.504991942106086,0.0,45.60172066957622,14.872406560268612,77.25164028769548,0.0,4.4617219680805835,9.120344133915244,11.587746043154322,0.9999999999999999,25.169812145150154,4,Complete,25.169812145150154,Price volatility,Area trend,Rainfall anomaly
Uttar Pradesh,Saharanpur,Wheat,2024-25,1.14,4.93,4322.0,4,True,3921.0,10.226982912522317,1.28,-10.937500000000009,5.0,-1.4000000000000057,4051.6666666666665,6.672151378033735,1556.73,116,2,365,1296.92,120.48,1420.6166666666668,9.581285122657992,2663.76125,2449.785,2937.05,186.7265544504366,12.0,1.6666666666666667,7.009883278782459,100.0,Complete,True,True,True,10.22698291252231,-10.93750000000001,-5.903527717782575,14.28571428571428,-16.743431765464347,4.498541262376439,5.903527717782575,0.0,16.743431765464347,4.498541262376439,27.56422211970445,0.0,47.61586152786079,36.561808104327326,9.647477741896557,14.284758458358235,0.0,5.484271215649099,0.9999999999999999,29.416507415903894,4,Complete,29.416507415903894,Rainfall anomaly,Yield trend,Price volatility
Uttar Pradesh,Sambhal,Maize,2021-22,0.06,0.19,2953.0,4,True,,,,,,,,,987.85,76,2,365,668.73,277.49,,,1696.39,1502.1,1861.61,127.80778312986834,8.0,0.8,7.534103780962417,66.66666666666666,Moderate,True,True,True,,,,,,,,,,,,,,,,,,,0.0,,0,Insufficient,,,,
Uttar Pradesh,Sambhal,Maize,2022-23,0.07,0.15,2315.0,4,True,2953.0,-21.605147307822552,0.06,16.666666666666682,0.19,-21.052631578947373,2953.0,-21.605147307822552,881.36,75,1,365,531.25,259.82,987.85,-10.779976717112923,1862.57,1750.0,2001.55,107.21398159755095,5.0,0.5555555555555556,,41.66666666666667,Low,True,True,True,-21.60514730782256,16.666666666666675,,,,7.534103780962417,,,,7.534103780962417,,,,61.23328443854656,,,,9.184992665781984,0.15,61.23328443854656,1,Very Limited,,Price volatility,,
Uttar Pradesh,Sambhal,Maize,2023-24,0.12,0.34,2729.0,4,True,2315.0,17.883369330453565,0.07,71.4285714285714,0.15,126.66666666666669,2634.0,3.60668185269552,806.85,59,1,366,735.39,63.93,934.605,-13.669411141605275,1839.1457142857143,1750.0,2065.59,114.274415167634,7.0,0.7,6.213450858189113,58.333333333333336,Moderate,True,True,True,17.883369330453558,71.4285714285714,-21.60514730782256,16.666666666666675,-10.779976717112923,,21.60514730782256,0.0,10.779976717112923,,100.0,0.0,30.656670975561916,,35.0,9.197001292668574,0.0,,0.8499999999999999,51.99647210902186,3,Good,51.99647210902186,Yield trend,Rainfall anomaly,
Uttar Pradesh,Sambhal,Maize,2024-25,0.15,0.48,3292.0,4,True,2729.0,20.630267497251744,0.12,25.0,0.34,41.17647058823528,2665.6666666666665,23.49631111666876,1019.86,78,1,365,912.3,29.85,892.02,14.331517230555372,2098.8566666666666,1810.28,2333.14,191.3654199343932,6.0,0.875,9.11760307283457,50.0,Moderate,True,True,True,20.630267497251744,25.0,17.883369330453558,71.4285714285714,-13.669411141605275,6.213450858189113,0.0,0.0,13.669411141605275,6.213450858189113,0.0,0.0,38.87379822747008,50.49970305769048,0.0,11.662139468241024,0.0,7.574955458653572,0.9999999999999999,19.2370949268946,4,Complete,19.2370949268946,Rainfall anomaly,Price volatility,
Uttar Pradesh,Sambhal,Rice,2021-22,0.41,1.12,2715.0,4,True,,,,,,,,,987.85,76,2,365,668.73,277.49,,,1996.366,1940.0,2220.0,125.01771786430916,5.0,2.1666666666666665,,41.66666666666667,Low,True,True,True,,,,,,,,,,,,,,,,,,,0.0,,0,Insufficient,,,,
Uttar Pradesh,Sambhal,Rice,2022-23,0.49,1.36,2777.0,4,True,2715.0,2.283609576427256,0.41,19.512195121951223,1.12,21.428571428571423,2715.0,2.283609576427256,881.36,75,1,365,531.25,259.82,987.85,-10.779976717112923,2351.545,2160.005,2790.0,260.2501241834479,5.0,1.3333333333333333,,41.66666666666667,Low,True,True,True,2.283609576427259,19.512195121951216,,,,,,,,,,,,,,,,,0.0,,0,Insufficient,,,,
Uttar Pradesh,Sambhal,Rice,2023-24,0.41,1.12,2760.0,4,True,2777.0,-0.6121714079942384,0.49,-16.326530612244902,1.36,-17.64705882352941,2746.0,0.5098324836125273,806.85,59,1,366,735.39,63.93,934.605,-13.669411141605275,2281.28,2183.0,2359.795,73.32772747512819,4.0,1.6,,33.33333333333333,Low,True,True,True,-0.6121714079942331,-16.326530612244905,2.283609576427259,19.512195121951216,-10.779976717112923,,0.0,0.0,10.779976717112923,,0.0,0.0,30.656670975561916,,0.0,9.197001292668574,0.0,,0.8499999999999999,10.82000152078656,3,Good,10.82000152078656,Rainfall anomaly,,
Uttar Pradesh,Sambhal,Rice,2024-25,1.02,2.75,2695.0,4,True,2760.0,-2.355072463768116,0.41,148.78048780487808,1.12,145.53571428571425,2750.6666666666665,-2.0237518177411484,1019.86,78,1,365,912.3,29.85,892.02,14.331517230555372,2326.964,2272.78,2360.51,32.88644656237597,5.0,1.6666666666666667,,41.66666666666667,Low,True,True,True,-2.3550724637681153,148.78048780487805,-0.6121714079942331,-16.326530612244905,-13.669411141605275,,0.6121714079942331,16.326530612244905,13.669411141605275,,2.858295831229419,100.0,38.87379822747008,,1.0004035409302967,11.662139468241024,20.0,,0.8499999999999999,38.426521187260384,3,Good,38.426521187260384,Area trend,Rainfall anomaly,Yield trend
Uttar Pradesh,Sambhal,Wheat,2021-22,1.45,5.79,3997.0,4,True,,,,,,,,,987.85,76,2,365,668.73,277.49,,,1930.0316666666668,1701.265,2068.34,129.11177355182204,12.0,2.4166666666666665,6.689619438980985,100.0,Complete,True,True,True,,,,,,,,,,,,,,,,,,,0.0,,0,Insufficient,,,,
Uttar Pradesh,Sambhal,Wheat,2022-23,1.38,5.68,4114.0,4,True,3997.0,2.9271953965474107,1.45,-4.827586206896556,5.79,-1.8998272884283305,3997.0,2.9271953965474107,881.36,75,1,365,531.25,259.82,987.85,-10.779976717112923,2318.380833333333,2041.65,2663.825,200.49652104024744,12.0,2.75,8.648127096184476,100.0,Complete,True,True,True,2.9271953965473996,-4.827586206896561,,,,6.689619438980985,,,,6.689619438980985,,,,54.3697540944182,,,,8.15546311416273,0.15,54.369754094418205,1,Very Limited,,Price volatility,,
Uttar Pradesh,Sambhal,Wheat,2023-24,1.09,4.32,3979.0,4,True,4114.0,-3.281477880408361,1.38,-21.014492753623177,5.68,-23.943661971830977,4055.5,-1.8863272099617805,806.85,59,1,366,735.39,63.93,934.605,-13.669411141605275,2390.95875,2259.55,2571.655,108.11998970262376,12.0,2.583333333333333,4.522034924384361,100.0,Complete,True,True,True,-3.2814778804083566,-21.01449275362318,2.9271953965473996,-4.827586206896561,-10.779976717112923,8.648127096184476,0.0,4.827586206896561,10.779976717112923,8.648127096184476,0.0,51.51421962535604,30.656670975561916,70.28748763449073,0.0,9.197001292668574,10.302843925071208,10.54312314517361,0.9999999999999999,30.042968362913395,4,Complete,30.042968362913395,Price volatility,Area trend,Rainfall anomaly
Uttar Pradesh,Sambhal,Wheat,2024-25,1.33,5.19,3912.0,4,True,3979.0,-1.683840160844433,1.09,22.01834862385321,4.32,20.13888888888889,4030.0,-2.9280397022332507,1019.86,78,1,365,912.3,29.85,892.02,14.331517230555372,2631.525416666667,2442.71,2900.0,183.42084217174576,12.0,2.833333333333333,6.97013378666445,100.0,Complete,True,True,True,-1.6838401608444298,22.018348623853214,-3.2814778804083566,-21.01449275362318,-13.669411141605275,4.522034924384361,3.2814778804083566,21.01449275362318,13.669411141605275,4.522034924384361,15.321582196356209,100.0,38.87379822747008,36.752752393131686,5.3625537687246725,11.662139468241024,20.0,5.512912858969753,0.9999999999999999,42.53760609593546,4,Complete,42.53760609593546,Area trend,Rainfall anomaly,Price volatility
Uttar Pradesh,Sant Kabir Nagar,Maize,2021-22,0.02,0.01,679.0,4,True,,,,,,,,,1522.57,96,1,365,1213.27,253.98,,,,,,,,,,,,False,True,True,,,,,,,,,,,,,,,,,,,0.0,,0,Insufficient,,,,
Uttar Pradesh,Sant Kabir Nagar,Maize,2022-23,0.02,0.04,2154.0,4,True,679.0,217.2312223858616,0.02,0.0,0.01,300.0,679.0,217.2312223858616,1125.97,76,1,365,785.73,266.14,1522.57,-26.0480634716302,,,,,,,,,,False,True,True,217.23122238586154,0.0,,,,,,,,,,,,,,,,,0.0,,0,Insufficient,,,,
Uttar Pradesh,Sant Kabir Nagar,Maize,2023-24,0.02,0.05,2234.0,4,True,2154.0,3.7140204271123487,0.02,0.0,0.04,25.000000000000007,1416.5,57.71267207906813,1043.93,79,0,366,919.89,104.7,1324.27,-21.16939898963202,,,,,,,,,,False,True,True,3.7140204271123523,0.0,217.23122238586154,0.0,-26.0480634716302,,0.0,-0.0,26.0480634716302,,0.0,-0.0,74.0768679149973,,0.0,22.223060374499187,-0.0,,0.8499999999999999,26.14477691117552,3,Good,26.14477691117552,Rainfall anomaly,,
Uttar Pradesh,Sant Kabir Nagar,Maize,2024-25,0.02,0.06,2987.0,4,True,2234.0,33.70635631154879,0.02,0.0,0.05,19.99999999999999,1689.0,76.850207223209,1559.12,83,4,365,1410.56,6.8,1230.8233333333335,26.67293166904536,,,,,,,,,,False,True,True,33.70635631154879,0.0,3.7140204271123523,0.0,-21.16939898963202,,0.0,-0.0,21.16939898963202,,0.0,-0.0,60.20266245522572,,0.0,18.060798736567715,-0.0,,0.8499999999999999,21.24799851360908,3,Good,21.24799851360908,Rainfall anomaly,,
Uttar Pradesh,Sant Kabir Nagar,Rice,2021-22,0.92,2.73,2970.0,4,True,,,,,,,,,1522.57,96,1,365,1213.27,253.98,,,,,,,0.0,0.0,,0.0,Low,False,True,True,,,,,,,,,,,,,,,,,,,0.0,,0,Insufficient,,,,
Uttar Pradesh,Sant Kabir Nagar,Rice,2022-23,0.92,2.63,2869.0,4,True,2970.0,-3.4006734006734005,0.92,0.0,2.73,-3.663003663003666,2970.0,-3.4006734006734005,1125.97,76,1,365,785.73,266.14,1522.57,-26.0480634716302,,,,,,,,,,False,True,True,-3.400673400673404,0.0,,,,,,,,,,,,,,,,,0.0,,0,Insufficient,,,,
Uttar Pradesh,Sant Kabir Nagar,Rice,2023-24,0.86,2.45,2837.0,4,True,2869.0,-1.1153712094806554,0.92,-6.521739130434788,2.63,-6.844106463878316,2919.5,-2.825826340126734,1043.93,79,0,366,919.89,104.7,1324.27,-21.16939898963202,,,,,,,,,,False,True,True,-1.1153712094806534,-6.521739130434789,-3.400673400673404,0.0,-26.0480634716302,,3.400673400673404,-0.0,26.0480634716302,,15.878119228673826,-0.0,74.0768679149973,,5.557341730035839,22.223060374499187,-0.0,,0.8499999999999999,32.68282600533533,3,Good,32.68282600533533,Rainfall anomaly,Yield trend,
Uttar Pradesh,Sant Kabir Nagar,Rice,2024-25,0.85,2.37,2776.0,4,True,2837.0,-2.150158618258724,0.86,-1.1627906976744196,2.45,-3.265306122448982,2892.0,-4.011065006915629,1559.12,83,4,365,1410.56,6.8,1230.8233333333335,26.67293166904536,,,,,,,,,,False,True,True,-2.150158618258724,-1.1627906976744207,-1.1153712094806534,-6.521739130434789,-21.16939898963202,,1.1153712094806534,6.521739130434789,21.16939898963202,,5.20779121125157,69.59219110878837,60.20266245522572,,1.8227269239380495,18.060798736567715,13.918438221757675,,0.8499999999999999,39.76701633207464,3,Good,39.76701633207464,Rainfall anomaly,Area trend,Yield trend
Uttar Pradesh,Sant Kabir Nagar,Wheat,2021-22,0.95,3.95,4140.0,4,True,,,,,,,,,1522.57,96,1,365,1213.27,253.98,,,2015.0,2015.0,2015.0,,1.0,0.0833333333333333,,8.333333333333332,Low,True,True,True,,,,,,,,,,,,,,,,,,,0.0,,0,Insufficient,,,,
Uttar Pradesh,Sant Kabir Nagar,Wheat,2022-23,1.05,4.23,4036.0,4,True,4140.0,-2.5120772946859904,0.95,10.526315789473696,3.95,7.088607594936715,4140.0,-2.5120772946859904,1125.97,76,1,365,785.73,266.14,1522.57,-26.0480634716302,,,,,0.0,0.0,,0.0,Low,False,True,True,-2.512077294685988,10.526315789473696,,,,,,,,,,,,,,,,,0.0,,0,Insufficient,,,,
Uttar Pradesh,Sant Kabir Nagar,Wheat,2023-24,0.92,3.49,3808.0,4,True,4036.0,-5.649157581764123,1.05,-12.38095238095238,4.23,-17.49408983451537,4088.0,-6.849315068493151,1043.93,79,0,366,919.89,104.7,1324.27,-21.16939898963202,2420.0,2420.0,2420.0,,1.0,1.0,,8.333333333333332,Low,True,True,True,-5.649157581764119,-12.380952380952381,-2.512077294685988,10.526315789473696,-26.0480634716302,,2.512077294685988,0.0,26.0480634716302,,11.729165990703502,0.0,74.0768679149973,,4.105208096746225,22.223060374499187,0.0,,0.8499999999999999,30.974433495582844,3,Good,30.974433495582844,Rainfall anomaly,Yield trend,
Uttar Pradesh,Sant Kabir Nagar,Wheat,2024-25,1.01,3.79,3754.0,4,True,3808.0,-1.4180672268907564,0.92,9.78260869565217,3.49,8.595988538681942,3994.6666666666665,-6.024699599465952,1559.12,83,4,365,1410.56,6.8,1230.8233333333335,26.67293166904536,2623.0,2450.0,2900.0,173.01573467301884,10.0,0.9090909090909092,6.596101207511203,83.33333333333334,Good,True,True,True,-1.4180672268907513,9.782608695652172,-5.649157581764119,-12.380952380952381,-21.16939898963202,,5.649157581764119,12.380952380952381,21.16939898963202,,26.37653989561459,100.0,60.20266245522572,,9.231788963465107,18.060798736567715,20.0,,0.8499999999999999,55.63833847062686,3,Good,55.63833847062686,Area trend,Rainfall anomaly,Yield trend
Uttar Pradesh,Shahjahanpur,Maize,2021-22,0.03,0.07,2516.0,4,True,,,,,,,,,1172.5,72,2,365,689.73,430.55,,,,,,,,,,,,False,True,True,,,,,,,,,,,,,,,,,,,0.0,,0,Insufficient,,,,
Uttar Pradesh,Shahjahanpur,Maize,2022-23,0.03,0.06,2256.0,4,True,2516.0,-10.333863275039745,0.03,0.0,0.07,-14.285714285714295,2516.0,-10.333863275039745,891.25,67,1,365,515.13,303.47,1172.5,-23.98720682302772,,,,,,,,,,False,True,True,-10.333863275039745,0.0,,,,,,,,,,,,,,,,,0.0,,0,Insufficient,,,,
Uttar Pradesh,Shahjahanpur,Maize,2023-24,0.03,0.05,1770.0,4,True,2256.0,-21.54255319148936,0.03,0.0,0.06,-16.66666666666666,2386.0,-25.81726739312657,852.06,70,0,366,773.83,58.92,1031.875,-17.426044821320417,1933.795,1761.11,2106.48,244.21346901839792,2.0,1.0,,16.666666666666664,Low,True,True,True,-21.542553191489368,0.0,-10.333863275039745,0.0,-23.98720682302772,,10.333863275039745,-0.0,23.98720682302772,,48.24994753727398,-0.0,68.21609419888058,,16.88748163804589,20.464828259664174,-0.0,,0.8499999999999999,43.94389399730596,3,Good,43.94389399730596,Rainfall anomaly,Yield trend,
Uttar Pradesh,Shahjahanpur,Maize,2024-25,0.16,0.55,3406.0,4,True,1770.0,92.42937853107344,0.03,433.33333333333337,0.05,1000.0,2180.6666666666665,56.19076734943443,1129.67,72,1,365,1053.71,18.4,971.9366666666666,16.228766620596005,2252.603888888889,1964.72,2402.84,138.14521849257443,9.0,1.8,6.13269022458784,75.0,Good,True,True,True,92.42937853107345,433.33333333333337,-21.542553191489368,0.0,-17.426044821320417,,21.542553191489368,-0.0,17.426044821320417,,100.0,-0.0,49.55711283165831,,35.0,14.867133849497492,-0.0,,0.8499999999999999,58.66721629352647,3,Good,58.66721629352647,Yield trend,Rainfall anomaly,
Uttar Pradesh,Shahjahanpur,Rice,2021-22,2.23,7.37,3302.0,4,True,,,,,,,,,1172.5,72,2,365,689.73,430.55,,,1613.278,1384.96,1940.0,228.5603044080732,10.0,2.3,14.16744692533297,83.33333333333334,Good,True,True,True,,,,,,,,,,,,,,,,,,,0.0,,0,Insufficient,,,,
Uttar Pradesh,Shahjahanpur,Rice,2022-23,2.12,7.05,3332.0,4,True,3302.0,0.9085402786190186,2.23,-4.932735426008963,7.37,-4.341926729986436,3302.0,0.9085402786190186,891.25,67,1,365,515.13,303.47,1172.5,-23.98720682302772,1838.36,1510.0,2040.0,247.51746174091764,7.0,1.3333333333333333,13.464036518468506,58.333333333333336,Moderate,True,True,True,0.9085402786190189,-4.932735426008961,,,,14.16744692533297,,,,14.16744692533297,,,,100.0,,,,15.0,0.15,100.0,1,Very Limited,,Price volatility,,
Uttar Pradesh,Shahjahanpur,Rice,2023-24,2.04,6.41,3139.0,4,True,3332.0,-5.792316926770709,2.12,-3.773584905660381,7.05,-9.078014184397158,3317.0,-5.366294844739223,852.06,70,0,366,773.83,58.92,1031.875,-17.426044821320417,2162.999375,2070.82,2265.49,64.5332353153616,8.0,2.2,2.983506886836784,66.66666666666666,Moderate,True,True,True,-5.792316926770713,-3.7735849056603765,0.9085402786190189,-4.932735426008961,-23.98720682302772,13.464036518468506,0.0,4.932735426008961,23.98720682302772,13.464036518468506,0.0,52.63624618990556,68.21609419888058,100.0,0.0,20.464828259664174,10.527249237981113,15.0,0.9999999999999999,45.99207749764529,4,Complete,45.99207749764529,Rainfall anomaly,Price volatility,Area trend
Uttar Pradesh,Shahjahanpur,Rice,2024-25,1.61,5.18,3219.0,4,True,3139.0,2.548582351067219,2.04,-21.078431372549016,6.41,-19.188767550702035,3257.6666666666665,-1.186943620178037,1129.67,72,1,365,1053.71,18.4,971.9366666666666,16.228766620596005,2080.7045,1771.5,2261.35,169.16562749188216,10.0,1.8333333333333333,8.130209142714987,83.33333333333334,Good,True,True,True,2.548582351067208,-21.078431372549012,-5.792316926770713,-3.7735849056603765,-17.426044821320417,2.983506886836784,5.792316926770713,3.7735849056603765,17.426044821320417,2.983506886836784,27.044966669048183,40.26717976105989,49.55711283165831,24.24839518240646,9.465738334166863,14.867133849497492,8.053435952211979,3.6372592773609687,0.9999999999999999,36.02356741323731,4,Complete,36.02356741323731,Rainfall anomaly,Yield trend,Area trend
Uttar Pradesh,Shahjahanpur,Wheat,2021-22,2.67,11.93,4469.0,4,True,,,,,,,,,1172.5,72,2,365,689.73,430.55,,,1931.1895833333333,1714.335,2056.26,118.61049362319469,12.0,2.6666666666666665,6.141835822170644,100.0,Complete,True,True,True,,,,,,,,,,,,,,,,,,,0.0,,0,Insufficient,,,,
Uttar Pradesh,Shahjahanpur,Wheat,2022-23,2.32,10.07,4349.0,4,True,4469.0,-2.6851644663235623,2.67,-13.108614232209742,11.93,-15.590947191953056,4469.0,-2.6851644663235623,891.25,67,1,365,515.13,303.47,1172.5,-23.98720682302772,2315.0525,2035.87,2644.395,192.7142588900609,12.0,2.5,8.32440123453187,100.0,Complete,True,True,True,-2.685164466323564,-13.108614232209737,,,,6.141835822170644,,,,6.141835822170644,,,,49.91765322162684,,,,7.487647983244026,0.15,49.91765322162684,1,Very Limited,,Price volatility,,
Uttar Pradesh,Shahjahanpur,Wheat,2023-24,2.35,10.38,4425.0,4,True,4349.0,1.7475281673948035,2.32,1.2931034482758728,10.07,3.0784508440913654,4409.0,0.3628940802903153,852.06,70,0,366,773.83,58.92,1031.875,-17.426044821320417,2406.1891666666666,2302.36,2586.245,99.10676036094824,12.0,2.5,4.118826638150087,100.0,Complete,True,True,True,1.7475281673948073,1.2931034482758674,-2.685164466323564,-13.108614232209737,-23.98720682302772,8.32440123453187,2.685164466323564,13.108614232209737,23.98720682302772,8.32440123453187,12.537329087950988,100.0,68.21609419888058,67.65641188308193,4.388065180782846,20.464828259664174,20.0,10.14846178246229,0.9999999999999999,55.00135522290932,4,Complete,55.00135522290932,Rainfall anomaly,Area trend,Price volatility
Uttar Pradesh,Shahjahanpur,Wheat,2024-25,2.26,10.06,4459.0,4,True,4425.0,0.768361581920904,2.35,-3.829787234042566,10.38,-3.082851637764935,4414.333333333333,1.011855319791595,1129.67,72,1,365,1053.71,18.4,971.9366666666666,16.228766620596005,2624.0016666666666,2443.56,2914.3,162.63096355264162,12.0,3.0,6.1978224182774895,100.0,Complete,True,True,True,0.7683615819209066,-3.82978723404257,1.7475281673948073,1.2931034482758674,-17.426044821320417,4.118826638150087,0.0,0.0,17.426044821320417,4.118826638150087,0.0,0.0,49.55711283165831,33.475684755524995,0.0,14.867133849497492,0.0,5.021352713328749,0.9999999999999999,19.888486562826245,4,Complete,19.888486562826245,Rainfall anomaly,Price volatility,
Uttar Pradesh,Shamli,Maize,2021-22,0.0,0.0,1843.0,4,True,,,,,,,,,1267.61,81,2,365,954.27,260.53,,,1946.1258333333333,1837.67,2320.72,131.31607458608013,12.0,1.0,6.747563407097955,100.0,Complete,True,True,True,,,,,,,,,,,,,,,,,,,0.0,,0,Insufficient,,,,
Uttar Pradesh,Shamli,Maize,2022-23,0.0,0.0,2204.0,4,True,1843.0,19.587628865979383,0.0,,0.0,,1843.0,19.587628865979383,1162.93,85,2,365,817.31,250.42,1267.61,-8.258060444458456,2292.2533333333336,2040.38,2405.77,112.18020886326626,12.0,1.0,4.893883552571251,100.0,Complete,True,True,True,19.58762886597938,,,,,6.747563407097955,,,,6.747563407097955,,,,54.84069258748355,,,,8.226103888122532,0.15,54.84069258748355,1,Very Limited,,Price volatility,,
Uttar Pradesh,Shamli,Maize,2023-24,0.09,0.1,1152.0,4,True,2204.0,-47.73139745916515,0.0,,0.0,,2023.5,-43.06893995552261,975.82,62,0,366,876.15,91.33,1215.27,-19.70344038773276,2206.3083333333334,2062.63,2307.55,89.03678257616441,12.0,1.0,4.035554832975041,100.0,Complete,True,True,True,-47.73139745916516,,19.58762886597938,,-8.258060444458456,4.893883552571251,0.0,,8.258060444458456,4.893883552571251,0.0,,23.484711385338468,39.77494500950982,0.0,7.04541341560154,,5.966241751426473,0.7999999999999999,16.26456895878502,3,Good,16.26456895878502,Rainfall anomaly,Price volatility,
Uttar Pradesh,Shamli,Maize,2024-25,0.01,0.03,3429.0,4,True,1152.0,197.65625,0.09,-88.8888888888889,0.1,-70.0,1733.0,97.86497403346796,1295.52,96,2,365,1112.33,72.39,1135.4533333333334,14.097159431181666,2508.4616666666666,2354.62,2701.97,110.58638144277084,12.0,1.0,4.408533840173128,100.0,Complete,True,True,True,197.65625,-88.88888888888889,-47.73139745916516,,-19.70344038773276,4.035554832975041,47.73139745916516,,19.70344038773276,4.035554832975041,100.0,,56.033691435939836,32.798894751001924,35.0,16.81010743078195,,4.919834212650288,0.7999999999999999,70.9124270542903,3,Good,70.9124270542903,Yield trend,Rainfall anomaly,Price volatility
Uttar Pradesh,Shamli,Rice,2021-22,0.21,0.61,2911.0,4,True,,,,,,,,,1267.61,81,2,365,954.27,260.53,,,1940.0,1940.0,1940.0,,1.0,0.5,,8.333333333333332,Low,True,True,True,,,,,,,,,,,,,,,,,,,0.0,,0,Insufficient,,,,
Uttar Pradesh,Shamli,Rice,2022-23,0.21,0.55,2604.0,4,True,2911.0,-10.546204053589832,0.21,0.0,0.61,-9.83606557377048,2911.0,-10.546204053589832,1162.93,85,2,365,817.31,250.42,1267.61,-8.258060444458456,,,,,0.0,0.0,,0.0,Low,False,True,True,-10.546204053589836,0.0,,,,,,,,,,,,,,,,,0.0,,0,Insufficient,,,,
Uttar Pradesh,Shamli,Rice,2023-24,0.2,0.55,2798.0,4,True,2604.0,7.450076804915515,0.21,-4.761904761904753,0.55,0.0,2757.5,1.4687216681776971,975.82,62,0,366,876.15,91.33,1215.27,-19.70344038773276,,,,,,,,,,False,True,True,7.4500768049155175,-4.761904761904756,-10.546204053589836,0.0,-8.258060444458456,,10.546204053589836,-0.0,8.258060444458456,,49.2413900551765,-0.0,23.484711385338468,,17.234486519311776,7.04541341560154,-0.0,,0.8499999999999999,28.564588158721552,3,Good,28.564588158721552,Yield trend,Rainfall anomaly,
Uttar Pradesh,Shamli,Rice,2024-25,0.23,0.63,2778.0,4,True,2798.0,-0.7147962830593281,0.2,15.0,0.55,14.545454545454536,2771.0,0.2526163839769036,1295.52,96,2,365,1112.33,72.39,1135.4533333333334,14.097159431181666,,,,,,,,,,False,True,True,-0.7147962830593269,14.999999999999991,7.4500768049155175,-4.761904761904756,-19.70344038773276,,0.0,4.761904761904756,19.70344038773276,,0.0,50.813345888956476,56.033691435939836,,0.0,16.81010743078195,10.162669177791296,,0.8499999999999999,31.732678363027357,3,Good,31.732678363027357,Rainfall anomaly,Area trend,
Uttar Pradesh,Shamli,Wheat,2021-22,0.52,2.26,4354.0,4,True,,,,,,,,,1267.61,81,2,365,954.27,260.53,,,1986.2891666666667,1853.28,2129.06,92.39674693784934,12.0,1.25,4.651726872825214,100.0,Complete,True,True,True,,,,,,,,,,,,,,,,,,,0.0,,0,Insufficient,,,,
Uttar Pradesh,Shamli,Wheat,2022-23,0.55,2.69,4888.0,4,True,4354.0,12.264584290307765,0.52,5.769230769230775,2.26,19.02654867256638,4354.0,12.264584290307765,1162.93,85,2,365,817.31,250.42,1267.61,-8.258060444458456,2309.1679166666668,2127.885,2782.5,213.4513426293336,12.0,1.9166666666666667,9.243647509941813,100.0,Complete,True,True,True,12.264584290307766,5.769230769230771,,,,4.651726872825214,,,,4.651726872825214,,,,37.80682122456125,,,,5.671023183684187,0.15,37.80682122456125,1,Very Limited,,Price volatility,,
Uttar Pradesh,Shamli,Wheat,2023-24,0.51,2.36,4599.0,4,True,4888.0,-5.912438625204583,0.55,-7.272727272727278,2.69,-12.26765799256506,4621.0,-0.4760874269638606,975.82,62,0,366,876.15,91.33,1215.27,-19.70344038773276,2410.565416666667,2229.945,2556.98,103.44013794677072,12.0,1.4166666666666667,4.291115156285943,100.0,Complete,True,True,True,-5.912438625204586,-7.272727272727275,12.264584290307766,5.769230769230771,-8.258060444458456,9.243647509941813,0.0,0.0,8.258060444458456,9.243647509941813,0.0,0.0,23.484711385338468,75.1275684118099,0.0,7.04541341560154,0.0,11.269135261771485,0.9999999999999999,18.31454867737303,4,Complete,18.31454867737303,Price volatility,Rainfall anomaly,
Uttar Pradesh,Shamli,Wheat,2024-25,0.53,2.27,4306.0,4,True,4599.0,-6.370950206566644,0.51,3.921568627450984,2.36,-3.813559322033892,4613.666666666667,-6.668593309731961,1295.52,96,2,365,1112.33,72.39,1135.4533333333334,14.097159431181666,2661.7341666666666,2453.255,2957.0,190.773798501516,12.0,1.25,7.167274662158508,100.0,Complete,True,True,True,-6.370950206566651,3.9215686274509887,-5.912438625204586,-7.272727272727275,-19.70344038773276,4.291115156285943,5.912438625204586,7.272727272727275,19.70344038773276,4.291115156285943,27.60582812940075,77.60583735767909,56.033691435939836,34.87595639276556,9.662039845290261,16.81010743078195,15.521167471535819,5.231393458914834,0.9999999999999999,47.22470820652287,4,Complete,47.22470820652287,Rainfall anomaly,Area trend,Yield trend
Uttar Pradesh,Shrawasti,Maize,2021-22,0.16,0.13,848.0,4,True,,,,,,,,,1615.69,110,2,365,1261.9,260.11,,,,,,,,,,,,False,True,True,,,,,,,,,,,,,,,,,,,0.0,,0,Insufficient,,,,
Uttar Pradesh,Shrawasti,Maize,2022-23,0.16,0.21,1358.0,4,True,848.0,60.141509433962256,0.16,0.0,0.13,61.53846153846153,848.0,60.141509433962256,1294.03,86,3,365,862.84,331.26,1615.69,-19.90852205559235,,,,,,,,,,False,True,True,60.141509433962256,0.0,,,,,,,,,,,,,,,,,0.0,,0,Insufficient,,,,
Uttar Pradesh,Shrawasti,Maize,2023-24,0.16,0.27,1625.0,4,True,1358.0,19.661266568483065,0.16,0.0,0.21,28.571428571428587,1103.0,47.32547597461469,1141.14,91,0,366,1008.96,104.56,1454.86,-21.563586874338423,,,,,,,,,,False,True,True,19.66126656848306,0.0,60.141509433962256,0.0,-19.90852205559235,,0.0,-0.0,19.90852205559235,,0.0,-0.0,56.61691358749702,,0.0,16.985074076249106,-0.0,,0.8499999999999999,19.982440089704834,3,Good,19.982440089704834,Rainfall anomaly,,
Uttar Pradesh,Shrawasti,Maize,2024-25,0.05,0.12,2436.0,4,True,1625.0,49.90769230769231,0.16,-68.75,0.27,-55.55555555555556,1277.0,90.75959279561472,1220.8,52,4,184,1214.76,6.04,1350.2866666666666,-9.589568634808412,,,,,,,,,,False,True,True,49.9076923076923,-68.75,19.66126656848306,0.0,-21.563586874338423,,0.0,-0.0,21.563586874338423,,0.0,-0.0,61.3236749213114,,0.0,18.39710247639342,-0.0,,0.8499999999999999,21.643649972227557,3,Good,21.643649972227557,Rainfall anomaly,,
Uttar Pradesh,Shrawasti,Rice,2021-22,0.85,1.65,1947.0,4,True,,,,,,,,,1615.69,110,2,365,1261.9,260.11,,,,,,,,,,,,False,True,True,,,,,,,,,,,,,,,,,,,0.0,,0,Insufficient,,,,
Uttar Pradesh,Shrawasti,Rice,2022-23,0.85,1.83,2164.0,4,True,1947.0,11.145351823317926,0.85,0.0,1.65,10.90909090909092,1947.0,11.145351823317926,1294.03,86,3,365,862.84,331.26,1615.69,-19.90852205559235,,,,,,,,,,False,True,True,11.145351823317927,0.0,,,,,,,,,,,,,,,,,0.0,,0,Insufficient,,,,
Uttar Pradesh,Shrawasti,Rice,2023-24,0.8,2.01,2515.0,4,True,2164.0,16.21996303142329,0.85,-5.882352941176463,1.83,9.836065573770476,2055.5,22.35465823400633,1141.14,91,0,366,1008.96,104.56,1454.86,-21.563586874338423,,,,,,,,,,False,True,True,16.2199630314233,-5.88235294117646,11.145351823317927,0.0,-19.90852205559235,,0.0,-0.0,19.90852205559235,,0.0,-0.0,56.61691358749702,,0.0,16.985074076249106,-0.0,,0.8499999999999999,19.982440089704834,3,Good,19.982440089704834,Rainfall anomaly,,
Uttar Pradesh,Shrawasti,Rice,2024-25,1.01,2.96,2924.0,4,True,2515.0,16.262425447316105,0.8,26.25,2.01,47.263681592039816,2208.6666666666665,32.387564141261706,1220.8,52,4,184,1214.76,6.04,1350.2866666666666,-9.589568634808412,,,,,,,,,,False,True,True,16.262425447316108,26.249999999999996,16.2199630314233,-5.88235294117646,-21.563586874338423,,0.0,5.88235294117646,21.563586874338423,,0.0,62.76942727459326,61.3236749213114,,0.0,18.39710247639342,12.553885454918653,,0.8499999999999999,36.41292697801421,3,Good,36.41292697801421,Rainfall anomaly,Area trend,
Uttar Pradesh,Shrawasti,Wheat,2021-22,0.73,2.64,3602.0,4,True,,,,,,,,,1615.69,110,2,365,1261.9,260.11,,,,,,,,,,,,False,True,True,,,,,,,,,,,,,,,,,,,0.0,,0,Insufficient,,,,
Uttar Pradesh,Shrawasti,Wheat,2022-23,0.98,3.29,3350.0,4,True,3602.0,-6.9961132704053295,0.73,34.24657534246575,2.64,24.62121212121212,3602.0,-6.9961132704053295,1294.03,86,3,365,862.84,331.26,1615.69,-19.90852205559235,,,,,,,,,,False,True,True,-6.996113270405335,34.24657534246576,,,,,,,,,,,,,,,,,0.0,,0,Insufficient,,,,
Uttar Pradesh,Shrawasti,Wheat,2023-24,0.96,3.46,3620.0,4,True,3350.0,8.059701492537313,0.98,-2.040816326530614,3.29,5.167173252279634,3476.0,4.142692750287687,1141.14,91,0,366,1008.96,104.56,1454.86,-21.563586874338423,,,,,,,,,,False,True,True,8.059701492537318,-2.0408163265306145,-6.996113270405335,34.24657534246576,-19.90852205559235,,6.996113270405335,0.0,19.90852205559235,,32.66562458564998,0.0,56.61691358749702,,11.432968604977493,16.985074076249106,0.0,,0.8499999999999999,33.43299138967836,3,Good,33.43299138967836,Rainfall anomaly,Yield trend,
Uttar Pradesh,Shrawasti,Wheat,2024-25,0.92,3.48,3780.0,4,True,3620.0,4.41988950276243,0.96,-4.166666666666659,3.46,0.5780346820809253,3524.0,7.264472190692395,1220.8,52,4,184,1214.76,6.04,1350.2866666666666,-9.589568634808412,,,,,,,,,,False,True,True,4.419889502762442,-4.1666666666666625,8.059701492537318,-2.0408163265306145,-21.563586874338423,,0.0,2.0408163265306145,21.563586874338423,,0.0,21.777148238124255,61.3236749213114,,0.0,18.39710247639342,4.3554296476248515,,0.8499999999999999,26.767684851786207,3,Good,26.767684851786207,Rainfall anomaly,Area trend,
Uttar Pradesh,Siddharthnagar,Maize,2021-22,0.01,0.0,677.0,4,True,,,,,,,,,1830.83,110,2,365,1444.97,285.87,,,,,,,,,,,,False,True,True,,,,,,,,,,,,,,,,,,,0.0,,0,Insufficient,,,,
Uttar Pradesh,Siddharthnagar,Maize,2022-23,0.01,0.01,2229.0,4,True,677.0,229.2466765140325,0.01,0.0,0.0,,677.0,229.2466765140325,1376.17,84,4,365,953.03,323.4,1830.83,-24.83354544113871,,,,,,,,,,False,True,True,229.2466765140325,0.0,,,,,,,,,,,,,,,,,0.0,,0,Insufficient,,,,
Uttar Pradesh,Siddharthnagar,Maize,2023-24,0.01,0.02,2406.0,4,True,2229.0,7.94078061911171,0.01,0.0,0.01,100.0,1453.0,65.58843771507227,1252.42,96,0,366,1087.9,126.81,1603.5,-21.894605550358587,,,,,,,,,,False,True,True,7.94078061911172,0.0,229.2466765140325,0.0,-24.83354544113871,,0.0,-0.0,24.83354544113871,,0.0,-0.0,70.62295696215092,,0.0,21.186887088645275,-0.0,,0.8499999999999999,24.92574951605327,3,Good,24.92574951605327,Rainfall anomaly,,
Uttar Pradesh,Siddharthnagar,Maize,2024-25,0.0,0.01,3325.0,4,True,2406.0,38.19617622610141,0.01,-100.0,0.02,-50.0,1770.6666666666667,87.78237951807229,1875.46,87,6,365,1670.75,18.14,1486.4733333333334,26.1684254903104,,,,,,,,,,False,True,True,38.19617622610141,-100.0,7.94078061911172,0.0,-21.894605550358587,,0.0,-0.0,21.894605550358587,,0.0,-0.0,62.26504343293414,,0.0,18.67951302988024,-0.0,,0.8499999999999999,21.97589768221205,3,Good,21.97589768221205,Rainfall anomaly,,
Uttar Pradesh,Siddharthnagar,Rice,2021-22,1.74,4.58,2628.0,4,True,,,,,,,,,1830.83,110,2,365,1444.97,285.87,,,1739.8004166666667,1490.025,1940.0,172.82122029398343,12.0,2.25,9.933393430557771,100.0,Complete,True,True,True,,,,,,,,,,,,,,,,,,,0.0,,0,Insufficient,,,,
Uttar Pradesh,Siddharthnagar,Rice,2022-23,1.74,4.05,2325.0,4,True,2628.0,-11.529680365296803,1.74,0.0,4.58,-11.57205240174673,2628.0,-11.529680365296803,1376.17,84,4,365,953.03,323.4,1830.83,-24.83354544113871,1841.175,1530.0,2040.0,189.8792684600114,12.0,2.9166666666666665,10.31293975097486,100.0,Complete,True,True,True,-11.529680365296802,0.0,,,,9.933393430557771,,,,9.933393430557771,,,,80.73346519466641,,,,12.11001977919996,0.15,80.73346519466641,1,Very Limited,,Price volatility,,
Uttar Pradesh,Siddharthnagar,Rice,2023-24,1.61,4.53,2804.0,4,True,2325.0,20.602150537634408,1.74,-7.471264367816086,4.05,11.851851851851864,2476.5,13.22430849989905,1252.42,96,0,366,1087.9,126.81,1603.5,-21.894605550358587,2120.56375,1922.41,2218.71,111.23596134354544,12.0,2.833333333333333,5.245584403842867,100.0,Complete,True,True,True,20.60215053763441,-7.471264367816088,-11.529680365296802,0.0,-24.83354544113871,10.31293975097486,11.529680365296802,-0.0,24.83354544113871,10.31293975097486,53.83334943968174,-0.0,70.62295696215092,83.81822065747667,18.841672303888608,21.186887088645275,-0.0,12.5727330986215,0.9999999999999999,52.601292491155384,4,Complete,52.601292491155384,Rainfall anomaly,Yield trend,Price volatility
Uttar Pradesh,Siddharthnagar,Rice,2024-25,1.37,3.81,2776.0,4,True,2804.0,-0.9985734664764622,1.61,-14.906832298136644,4.53,-15.89403973509934,2585.6666666666665,7.361093206136399,1875.46,87,6,365,1670.75,18.14,1486.4733333333334,26.1684254903104,2287.74125,2222.725,2323.1800000000003,28.44034579167412,12.0,2.25,1.243162695592175,100.0,Complete,True,True,True,-0.9985734664764601,-14.90683229813664,20.60215053763441,-7.471264367816088,-21.894605550358587,5.245584403842867,0.0,7.471264367816088,21.894605550358587,5.245584403842867,0.0,79.72438751543177,62.26504343293414,42.63338695420557,0.0,18.67951302988024,15.944877503086355,6.395008043130836,0.9999999999999999,41.01939857609744,4,Complete,41.01939857609744,Rainfall anomaly,Area trend,Price volatility
Uttar Pradesh,Siddharthnagar,Wheat,2021-22,1.64,6.73,4106.0,4,True,,,,,,,,,1830.83,110,2,365,1444.97,285.87,,,1870.6883333333333,1645.0,2015.0,139.37535225121934,12.0,3.0,7.450484924063744,100.0,Complete,True,True,True,,,,,,,,,,,,,,,,,,,0.0,,0,Insufficient,,,,
Uttar Pradesh,Siddharthnagar,Wheat,2022-23,1.81,7.24,4003.0,4,True,4106.0,-2.50852411105699,1.64,10.365853658536594,6.73,7.578008915304603,4106.0,-2.50852411105699,1376.17,84,4,365,953.03,323.4,1830.83,-24.83354544113871,2302.39375,2028.77,2747.89,218.7783437961914,12.0,2.9166666666666665,9.502212373369732,100.0,Complete,True,True,True,-2.5085241110569867,10.365853658536594,,,,7.450484924063744,,,,7.450484924063744,,,,60.553673777774854,,,,9.083051066666227,0.15,60.553673777774854,1,Very Limited,,Price volatility,,
Uttar Pradesh,Siddharthnagar,Wheat,2023-24,1.84,7.06,3838.0,4,True,4003.0,-4.12190856857357,1.81,1.657458563535913,7.24,-2.4861878453038755,4054.5,-5.339745961277593,1252.42,96,0,366,1087.9,126.81,1603.5,-21.894605550358587,2363.789166666667,2251.95,2512.74,90.32531714543948,12.0,2.833333333333333,3.8212086940398784,100.0,Complete,True,True,True,-4.1219085685735735,1.6574585635359185,-2.5085241110569867,10.365853658536594,-24.83354544113871,9.502212373369732,2.5085241110569867,0.0,24.83354544113871,9.502212373369732,11.71257578439569,0.0,70.62295696215092,77.22904939593211,4.099401524538491,21.186887088645275,0.0,11.584357409389815,0.9999999999999999,36.87064602257359,4,Complete,36.87064602257359,Rainfall anomaly,Price volatility,Yield trend
Uttar Pradesh,Siddharthnagar,Wheat,2024-25,1.81,6.41,3531.0,4,True,3838.0,-7.998957790515894,1.84,-1.630434782608697,7.06,-9.206798866855518,3982.3333333333335,-11.333389135347788,1875.46,87,6,365,1670.75,18.14,1486.4733333333334,26.1684254903104,2625.26375,2430.915,2863.49,157.81884855637202,12.0,2.25,6.011542594772506,100.0,Complete,True,True,True,-7.998957790515893,-1.6304347826086918,-4.1219085685735735,1.6574585635359185,-21.894605550358587,3.8212086940398784,4.1219085685735735,0.0,21.894605550358587,3.8212086940398784,19.24564578549159,0.0,62.26504343293414,31.056800604796198,6.735976024922056,18.67951302988024,0.0,4.6585200907194295,0.9999999999999999,30.07400914552173,4,Complete,30.07400914552173,Rainfall anomaly,Yield trend,Price volatility
Uttar Pradesh,Sitapur,Maize,2021-22,0.14,0.15,1122.0,4,True,,,,,,,,,1216.18,79,1,365,756.17,396.45,,,,,,,,,,,,False,True,True,,,,,,,,,,,,,,,,,,,0.0,,0,Insufficient,,,,
Uttar Pradesh,Sitapur,Maize,2022-23,0.14,0.15,1138.0,4,True,1122.0,1.42602495543672,0.14,0.0,0.15,0.0,1122.0,1.42602495543672,950.05,71,0,365,583.83,292.38,1216.18,-21.882451610781303,,,,,,,,,,False,True,True,1.426024955436711,0.0,,,,,,,,,,,,,,,,,0.0,,0,Insufficient,,,,
Uttar Pradesh,Sitapur,Maize,2023-24,0.14,0.29,2118.0,4,True,1138.0,86.11599297012302,0.14,0.0,0.15,93.33333333333331,1130.0,87.43362831858407,843.27,71,1,366,770.11,65.15,1083.115,-22.14400132949872,,,,,,,,,,False,True,True,86.11599297012302,0.0,1.426024955436711,0.0,-21.882451610781303,,0.0,-0.0,21.882451610781303,,0.0,-0.0,62.23047941332116,,0.0,18.669143823996347,-0.0,,0.8499999999999999,21.963698616466292,3,Good,21.963698616466292,Rainfall anomaly,,
Uttar Pradesh,Sitapur,Maize,2024-25,0.1,0.38,3748.0,4,True,2118.0,76.95939565627951,0.14,-28.571428571428577,0.29,31.0344827586207,1459.3333333333333,156.8296025582458,1103.51,78,1,365,1050.58,8.88,1003.1666666666666,10.002658248878554,,,,,,,,,,False,True,True,76.95939565627951,-28.57142857142857,86.11599297012302,0.0,-22.14400132949872,,0.0,-0.0,22.14400132949872,,0.0,-0.0,62.9742884103983,,0.0,18.89228652311949,-0.0,,0.8499999999999999,22.22621943896411,3,Good,22.22621943896411,Rainfall anomaly,,
Uttar Pradesh,Sitapur,Rice,2021-22,1.67,4.6,2755.0,4,True,,,,,,,,,1216.18,79,1,365,756.17,396.45,,,1600.119090909091,1339.57,1940.0,240.96896797947,11.0,0.9166666666666666,15.059439597246854,91.66666666666666,Good,True,True,True,,,,,,,,,,,,,,,,,,,0.0,,0,Insufficient,,,,
Uttar Pradesh,Sitapur,Rice,2022-23,1.65,3.49,2118.0,4,True,2755.0,-23.121597096188747,1.67,-1.197604790419163,4.6,-24.130434782608685,2755.0,-23.121597096188747,950.05,71,0,365,583.83,292.38,1216.18,-21.882451610781303,1817.1054166666663,1553.045,2040.0,190.7943486210209,12.0,2.333333333333333,10.499905336863602,100.0,Complete,True,True,True,-23.12159709618875,-1.19760479041916,,,,15.059439597246854,,,,15.059439597246854,,,,100.0,,,,15.0,0.15,100.0,1,Very Limited,,Price volatility,,
Uttar Pradesh,Sitapur,Rice,2023-24,1.55,4.49,2906.0,4,True,2118.0,37.20491029272899,1.65,-6.060606060606053,3.49,28.653295128939828,2436.5,19.26944387441001,843.27,71,1,366,770.11,65.15,1083.115,-22.14400132949872,2100.210833333333,1986.665,2165.98,60.8026015006137,12.0,2.75,2.89507132024985,100.0,Complete,True,True,True,37.20491029272899,-6.060606060606055,-23.12159709618875,-1.19760479041916,-21.882451610781303,10.499905336863602,23.12159709618875,1.19760479041916,21.882451610781303,10.499905336863602,100.0,12.779404355306417,62.23047941332116,85.3377798822744,35.0,18.669143823996347,2.5558808710612837,12.800666982341161,0.9999999999999999,69.02569167739881,4,Complete,69.02569167739881,Yield trend,Rainfall anomaly,Price volatility
Uttar Pradesh,Sitapur,Rice,2024-25,2.05,6.08,2964.0,4,True,2906.0,1.9958706125258088,1.55,32.25806451612902,4.49,35.4120267260579,2593.0,14.307751639028153,1103.51,78,1,365,1050.58,8.88,1003.1666666666666,10.002658248878554,2148.9079166666666,2068.0,2235.71,53.73450197111087,12.0,2.333333333333333,2.500549304805136,100.0,Complete,True,True,True,1.9958706125258185,32.258064516129025,37.20491029272899,-6.060606060606055,-22.14400132949872,2.89507132024985,0.0,6.060606060606055,22.14400132949872,2.89507132024985,0.0,64.67153113139918,62.9742884103983,23.529636805731958,0.0,18.89228652311949,12.934306226279837,3.5294455208597935,0.9999999999999999,35.35603827025913,4,Complete,35.35603827025913,Rainfall anomaly,Area trend,Price volatility
Uttar Pradesh,Sitapur,Wheat,2021-22,2.19,8.32,3791.0,4,True,,,,,,,,,1216.18,79,1,365,756.17,396.45,,,1886.2258333333327,1575.285,2022.13,141.7485301965378,12.0,2.333333333333333,7.514928896188437,100.0,Complete,True,True,True,,,,,,,,,,,,,,,,,,,0.0,,0,Insufficient,,,,
Uttar Pradesh,Sitapur,Wheat,2022-23,2.1,7.93,3780.0,4,True,3791.0,-0.2901609074122923,2.19,-4.109589041095884,8.32,-4.687500000000007,3791.0,-0.2901609074122923,950.05,71,0,365,583.83,292.38,1216.18,-21.882451610781303,2311.7920833333333,2068.29,2630.83,164.89588540897728,12.0,2.9166666666666665,7.13281642401062,100.0,Complete,True,True,True,-0.2901609074122957,-4.109589041095885,,,,7.514928896188437,,,,7.514928896188437,,,,61.07744092914225,,,,9.161616139371336,0.15,61.07744092914224,1,Very Limited,,Price volatility,,
Uttar Pradesh,Sitapur,Wheat,2023-24,1.77,6.61,3738.0,4,True,3780.0,-1.1111111111111112,2.1,-15.714285714285715,7.93,-16.64564943253467,3785.5,-1.2547880068683133,843.27,71,1,366,770.11,65.15,1083.115,-22.14400132949872,2352.67125,2248.82,2444.355,61.68905996001237,12.0,3.75,2.6220858507117124,100.0,Complete,True,True,True,-1.1111111111111072,-15.714285714285714,-0.2901609074122957,-4.109589041095885,-21.882451610781303,7.13281642401062,0.2901609074122957,4.109589041095885,21.882451610781303,7.13281642401062,1.3547932837303032,43.85261357540078,62.23047941332116,57.97182911695779,0.4741776493056061,18.669143823996347,8.770522715080157,8.695774367543669,0.9999999999999999,36.609618555925785,4,Complete,36.609618555925785,Rainfall anomaly,Area trend,Price volatility
Uttar Pradesh,Sitapur,Wheat,2024-25,2.01,7.42,3693.0,4,True,3738.0,-1.2038523274478332,1.77,13.55932203389829,6.61,12.254160363086228,3769.6666666666665,-2.033778406578828,1103.51,78,1,365,1050.58,8.88,1003.1666666666666,10.002658248878554,2588.318333333333,2414.48,2805.795,154.71052407837692,12.0,4.0,5.977260296230059,100.0,Complete,True,True,True,-1.2038523274478297,13.55932203389829,-1.1111111111111072,-15.714285714285714,-22.14400132949872,2.6220858507117124,1.1111111111111072,15.714285714285714,22.14400132949872,2.6220858507117124,5.187900342041919,100.0,62.9742884103983,21.310952621150197,1.8157651197146716,18.89228652311949,20.0,3.1966428931725295,0.9999999999999999,43.9046945360067,4,Complete,43.9046945360067,Area trend,Rainfall anomaly,Price volatility
Uttar Pradesh,Sonbhadra,Maize,2021-22,0.16,0.21,1310.0,4,True,,,,,,,,,824.43,67,0,365,708.7,86.8,,,,,,,,,,,,False,True,True,,,,,,,,,,,,,,,,,,,0.0,,0,Insufficient,,,,
Uttar Pradesh,Sonbhadra,Maize,2022-23,0.16,0.2,1239.0,4,True,1310.0,-5.419847328244274,0.16,0.0,0.21,-4.761904761904753,1310.0,-5.419847328244274,882.15,76,0,365,740.93,105.17,824.43,7.001200829664136,,,,,,,,,,False,True,True,-5.419847328244276,0.0,,,,,,,,,,,,,,,,,0.0,,0,Insufficient,,,,
Uttar Pradesh,Sonbhadra,Maize,2023-24,0.16,0.25,1614.0,4,True,1239.0,30.26634382566586,0.16,0.0,0.2,25.0,1274.5,26.63789721459396,745.98,68,0,366,564.81,171.19,853.29,-12.57602925148542,,,,,,,,,,False,True,True,30.266343825665864,0.0,-5.419847328244276,0.0,7.001200829664136,,5.419847328244276,-0.0,7.001200829664136,,25.305865027212203,-0.0,19.91038718368655,,8.85705275952427,5.973116155105965,-0.0,,0.8499999999999999,17.44725754662381,3,Good,17.44725754662381,Yield trend,Rainfall anomaly,
Uttar Pradesh,Sonbhadra,Maize,2024-25,0.16,0.27,1695.0,4,True,1614.0,5.018587360594796,0.16,0.0,0.25,8.000000000000007,1387.6666666666667,22.14748979101609,1161.54,83,0,365,1096.65,15.72,817.52,42.0809276837264,,,,,,,,,,False,True,True,5.018587360594795,0.0,30.266343825665864,0.0,-12.57602925148542,,0.0,-0.0,12.57602925148542,,0.0,-0.0,35.764380671601785,,0.0,10.729314201480536,-0.0,,0.8499999999999999,12.622722589977103,3,Good,12.622722589977103,Rainfall anomaly,,
Uttar Pradesh,Sonbhadra,Rice,2021-22,0.32,1.0,3125.0,4,True,,,,,,,,,824.43,67,0,365,708.7,86.8,,,,,,,,,,,,False,True,True,,,,,,,,,,,,,,,,,,,0.0,,0,Insufficient,,,,
Uttar Pradesh,Sonbhadra,Rice,2022-23,0.32,0.87,2738.0,4,True,3125.0,-12.384,0.32,0.0,1.0,-13.0,3125.0,-12.384,882.15,76,0,365,740.93,105.17,824.43,7.001200829664136,,,,,,,,,,False,True,True,-12.383999999999995,0.0,,,,,,,,,,,,,,,,,0.0,,0,Insufficient,,,,
Uttar Pradesh,Sonbhadra,Rice,2023-24,0.31,0.77,2452.0,4,True,2738.0,-10.445580715850983,0.32,-3.1250000000000027,0.87,-11.494252873563216,2931.5,-16.356813917789527,745.98,68,0,366,564.81,171.19,853.29,-12.57602925148542,2181.5950000000003,2177.55,2183.0,2.6978571743762005,4.0,0.8,,33.33333333333333,Low,True,True,True,-10.445580715850989,-3.125,-12.383999999999995,0.0,7.001200829664136,,12.383999999999995,-0.0,7.001200829664136,,57.822262052262595,-0.0,19.91038718368655,,20.237791718291906,5.973116155105965,-0.0,,0.8499999999999999,30.836362203997503,3,Good,30.836362203997503,Yield trend,Rainfall anomaly,
Uttar Pradesh,Sonbhadra,Rice,2024-25,1.18,2.93,2473.0,4,True,2452.0,0.8564437194127243,0.31,280.64516129032256,0.77,280.5194805194805,2771.6666666666665,-10.77570655441972,1161.54,83,0,365,1096.65,15.72,817.52,42.0809276837264,2287.905,2275.81,2300.0,17.104913036902463,2.0,0.5,,16.666666666666664,Low,True,True,True,0.8564437194127139,280.64516129032256,-10.445580715850989,-3.125,-12.57602925148542,,10.445580715850989,3.125,12.57602925148542,,48.77156859173101,33.34625823962773,35.764380671601785,,17.07004900710585,10.729314201480536,6.669251647925546,,0.8499999999999999,40.5513115958964,3,Good,40.5513115958964,Yield trend,Rainfall anomaly,Area trend
Uttar Pradesh,Sonbhadra,Wheat,2021-22,0.63,1.76,2775.0,4,True,,,,,,,,,824.43,67,0,365,708.7,86.8,,,2034.8645833333333,1897.44,2182.48,91.92179856858392,12.0,1.0833333333333333,4.517342299899183,100.0,Complete,True,True,True,,,,,,,,,,,,,,,,,,,0.0,,0,Insufficient,,,,
Uttar Pradesh,Sonbhadra,Wheat,2022-23,0.81,2.31,2848.0,4,True,2775.0,2.6306306306306304,0.63,28.57142857142858,1.76,31.25,2775.0,2.6306306306306304,882.15,76,0,365,740.93,105.17,824.43,7.001200829664136,2403.2983333333336,2171.65,2758.41,190.61472340506097,12.0,1.0,7.931380002277187,100.0,Complete,True,True,True,2.630630630630626,28.57142857142858,,,,4.517342299899183,,,,4.517342299899183,,,,36.71461317734463,,,,5.507191976601694,0.15,36.71461317734463,1,Very Limited,,Price volatility,,
Uttar Pradesh,Sonbhadra,Wheat,2023-24,0.75,2.03,2702.0,4,True,2848.0,-5.126404494382022,0.81,-7.407407407407414,2.31,-12.121212121212132,2811.5,-3.894718121998933,745.98,68,0,366,564.81,171.19,853.29,-12.57602925148542,2386.695416666667,2281.6,2557.36,93.14627888576742,12.0,1.25,3.902730035651487,100.0,Complete,True,True,True,-5.12640449438202,-7.407407407407418,2.630630630630626,28.57142857142858,7.001200829664136,7.931380002277187,0.0,0.0,7.001200829664136,7.931380002277187,0.0,0.0,19.91038718368655,64.46213933193255,0.0,5.973116155105965,0.0,9.669320899789883,0.9999999999999999,15.642437054895849,4,Complete,15.642437054895849,Price volatility,Rainfall anomaly,
Uttar Pradesh,Sonbhadra,Wheat,2024-25,0.67,2.01,3019.0,4,True,2702.0,11.732050333086605,0.75,-10.666666666666664,2.03,-0.9852216748768484,2775.0,8.792792792792794,1161.54,83,0,365,1096.65,15.72,817.52,42.0809276837264,2521.3725,2411.565,2671.63,86.15139397648147,12.0,2.0,3.416845149872995,100.0,Complete,True,True,True,11.732050333086598,-10.666666666666657,-5.12640449438202,-7.407407407407418,-12.57602925148542,3.902730035651487,5.12640449438202,7.407407407407418,12.57602925148542,3.902730035651487,23.935748066864825,79.04298249393251,35.764380671601785,31.71936375017378,8.377511823402688,10.729314201480536,15.808596498786503,4.7579045625260665,0.9999999999999999,39.673327086195805,4,Complete,39.673327086195805,Area trend,Rainfall anomaly,Yield trend
Uttar Pradesh,Sultanpur,Maize,2021-22,0.06,0.09,1596.0,4,True,,,,,,,,,1077.82,88,1,365,866.86,178.26,,,,,,,,,,,,False,True,True,,,,,,,,,,,,,,,,,,,0.0,,0,Insufficient,,,,
Uttar Pradesh,Sultanpur,Maize,2022-23,0.06,0.09,1538.0,4,True,1596.0,-3.634085213032581,0.06,0.0,0.09,0.0,1596.0,-3.634085213032581,1009.66,74,1,365,711.31,220.42,1077.82,-6.32387597186914,,,,,,,,,,False,True,True,-3.6340852130325785,0.0,,,,,,,,,,,,,,,,,0.0,,0,Insufficient,,,,
Uttar Pradesh,Sultanpur,Maize,2023-24,0.07,0.11,1612.0,4,True,1538.0,4.811443433029909,0.06,16.666666666666682,0.09,22.222222222222225,1567.0,2.871729419272495,866.36,69,1,366,773.27,89.39999999999999,1043.74,-16.994653840994882,,,,,,,,,,False,True,True,4.811443433029905,16.666666666666675,-3.6340852130325785,0.0,-6.32387597186914,,3.6340852130325785,-0.0,6.32387597186914,,16.967944727731137,-0.0,17.984174738716483,,5.938780654705898,5.395252421614945,-0.0,,0.8499999999999999,13.334156560377464,3,Good,13.334156560377464,Yield trend,Rainfall anomaly,
Uttar Pradesh,Sultanpur,Maize,2024-25,0.03,0.05,1825.0,4,True,1612.0,13.213399503722083,0.07,-57.14285714285715,0.11,-54.54545454545454,1582.0,15.36030341340076,1058.02,76,1,365,993.94,6.989999999999999,984.6133333333332,7.455380115375237,,,,,,,,,,False,True,True,13.21339950372209,-57.14285714285715,4.811443433029905,16.666666666666675,-16.994653840994882,,0.0,0.0,16.994653840994882,,0.0,0.0,48.33030022410688,,0.0,14.499090067232062,0.0,,0.8499999999999999,17.05775302027302,3,Good,17.05775302027302,Rainfall anomaly,,
Uttar Pradesh,Sultanpur,Rice,2021-22,0.95,2.77,2925.0,4,True,,,,,,,,,1077.82,88,1,365,866.86,178.26,,,,,,,,,,,,False,True,True,,,,,,,,,,,,,,,,,,,0.0,,0,Insufficient,,,,
Uttar Pradesh,Sultanpur,Rice,2022-23,0.95,2.63,2778.0,4,True,2925.0,-5.0256410256410255,0.95,0.0,2.77,-5.054151624548741,2925.0,-5.0256410256410255,1009.66,74,1,365,711.31,220.42,1077.82,-6.32387597186914,,,,,,,,,,False,True,True,-5.0256410256410255,0.0,,,,,,,,,,,,,,,,,0.0,,0,Insufficient,,,,
Uttar Pradesh,Sultanpur,Rice,2023-24,0.84,2.73,3246.0,4,True,2778.0,16.846652267818573,0.95,-11.578947368421051,2.63,3.802281368821296,2851.5,13.834823776959496,866.36,69,1,366,773.27,89.39999999999999,1043.74,-16.994653840994882,,,,,,,,,,False,True,True,16.846652267818584,-11.578947368421055,-5.0256410256410255,0.0,-6.32387597186914,,5.0256410256410255,-0.0,6.32387597186914,,23.465272316312763,-0.0,17.984174738716483,,8.212845310709467,5.395252421614945,-0.0,,0.8499999999999999,16.009526743911074,3,Good,16.009526743911074,Yield trend,Rainfall anomaly,
Uttar Pradesh,Sultanpur,Rice,2024-25,1.4,4.6,3281.0,4,True,3246.0,1.0782501540357363,0.84,66.66666666666666,2.73,68.49816849816848,2983.0,9.989943010392222,1058.02,76,1,365,993.94,6.989999999999999,984.6133333333332,7.455380115375237,,,,,,,,,,False,True,True,1.0782501540357314,66.66666666666666,16.846652267818584,-11.578947368421055,-16.994653840994882,,0.0,11.578947368421055,16.994653840994882,,0.0,100.0,48.33030022410688,,0.0,14.499090067232062,20.0,,0.8499999999999999,40.5871647849789,3,Good,40.5871647849789,Area trend,Rainfall anomaly,
Uttar Pradesh,Sultanpur,Wheat,2021-22,1.1,4.48,4070.0,4,True,,,,,,,,,1077.82,88,1,365,866.86,178.26,,,,,,,,,,,,False,True,True,,,,,,,,,,,,,,,,,,,0.0,,0,Insufficient,,,,
Uttar Pradesh,Sultanpur,Wheat,2022-23,1.17,4.5,3857.0,4,True,4070.0,-5.233415233415233,1.1,6.363636363636349,4.48,0.4464285714285618,4070.0,-5.233415233415233,1009.66,74,1,365,711.31,220.42,1077.82,-6.32387597186914,,,,,,,,,,False,True,True,-5.233415233415228,6.363636363636349,,,,,,,,,,,,,,,,,0.0,,0,Insufficient,,,,
Uttar Pradesh,Sultanpur,Wheat,2023-24,1.16,4.86,4194.0,4,True,3857.0,8.737360642986777,1.17,-0.8547008547008554,4.5,8.000000000000007,3963.5,5.815567049325091,866.36,69,1,366,773.27,89.39999999999999,1043.74,-16.994653840994882,,,,,,,,,,False,True,True,8.73736064298678,-0.8547008547008517,-5.233415233415228,6.363636363636349,-6.32387597186914,,5.233415233415228,0.0,6.32387597186914,,24.435393011534114,0.0,17.984174738716483,,8.552387554036939,5.395252421614945,0.0,,0.8499999999999999,16.408988206649276,3,Good,16.408988206649276,Yield trend,Rainfall anomaly,
Uttar Pradesh,Sultanpur,Wheat,2024-25,1.17,4.72,4030.0,4,True,4194.0,-3.9103481163567,1.16,0.8620689655172422,4.86,-2.880658436214003,4040.3333333333335,-0.2557544757033285,1058.02,76,1,365,993.94,6.989999999999999,984.6133333333332,7.455380115375237,,,,,,,,,,False,True,True,-3.910348116356699,0.8620689655172376,8.73736064298678,-0.8547008547008517,-16.994653840994882,,0.0,0.8547008547008517,16.994653840994882,,0.0,9.120344133915244,48.33030022410688,,0.0,14.499090067232062,1.824068826783049,,0.8499999999999999,19.203716345900133,3,Good,19.203716345900133,Rainfall anomaly,Area trend,
Uttar Pradesh,Unnao,Maize,2021-22,0.36,0.63,1746.0,4,True,,,,,,,,,1006.03,67,2,365,764.71,212.95,,,1712.35875,1509.19,1975.57,153.8804334115673,12.0,2.0,8.98645995832166,100.0,Complete,True,True,True,,,,,,,,,,,,,,,,,,,0.0,,0,Insufficient,,,,
Uttar Pradesh,Unnao,Maize,2022-23,0.36,0.73,2012.0,4,True,1746.0,15.234822451317298,0.36,0.0,0.63,15.87301587301587,1746.0,15.234822451317298,1073.51,71,1,365,772.36,224.27,1006.03,6.70755345268034,2012.8491666666669,1988.275,2047.075,21.32734521190751,12.0,2.0,1.0595600288930829,100.0,Complete,True,True,True,15.234822451317287,0.0,,,,8.98645995832166,,,,8.98645995832166,,,,73.03728150307312,,,,10.955592225460967,0.15,73.03728150307312,1,Very Limited,,Price volatility,,
Uttar Pradesh,Unnao,Maize,2023-24,0.37,0.76,2063.0,4,True,2012.0,2.534791252485089,0.36,2.7777777777777803,0.73,4.109589041095894,1879.0,9.792442788717402,755.61,55,0,366,668.16,85.84,1039.77,-27.32912086326784,2085.4379166666668,1991.02,2139.16,52.759990456712735,12.0,1.6666666666666667,2.5299238128864334,100.0,Complete,True,True,True,2.53479125248508,2.77777777777779,15.234822451317287,0.0,6.70755345268034,1.0595600288930829,0.0,-0.0,6.70755345268034,1.0595600288930829,0.0,-0.0,19.075297159351134,8.611553877565097,0.0,5.72258914780534,-0.0,1.2917330816347645,0.9999999999999999,7.014322229440105,4,Complete,7.014322229440105,Rainfall anomaly,Price volatility,
Uttar Pradesh,Unnao,Maize,2024-25,0.23,0.65,2816.0,4,True,2063.0,36.50024236548715,0.37,-37.83783783783783,0.76,-14.473684210526311,1940.3333333333333,45.12970280020616,804.49,74,0,365,760.1800000000001,13.36,945.05,-14.873287127665208,2261.015,2110.0,2329.04,70.39892490139832,12.0,1.0833333333333333,3.1135983132088167,100.0,Complete,True,True,True,36.500242365487146,-37.83783783783784,2.53479125248508,2.77777777777779,-27.32912086326784,2.5299238128864334,0.0,0.0,27.32912086326784,2.5299238128864334,0.0,0.0,77.72000704106811,20.56190742073082,0.0,23.316002112320433,0.0,3.0842861131096226,0.9999999999999999,26.40028822543006,4,Complete,26.40028822543006,Rainfall anomaly,Price volatility,
Uttar Pradesh,Unnao,Rice,2021-22,0.98,2.21,2255.0,4,True,,,,,,,,,1006.03,67,2,365,764.71,212.95,,,1835.4811111111112,1436.09,1940.0,164.44331557138804,9.0,1.5,8.959139626985431,75.0,Good,True,True,True,,,,,,,,,,,,,,,,,,,0.0,,0,Insufficient,,,,
Uttar Pradesh,Unnao,Rice,2022-23,0.96,2.28,2363.0,4,True,2255.0,4.789356984478936,0.98,-2.040816326530614,2.21,3.1674208144796308,2255.0,4.789356984478936,1073.51,71,1,365,772.36,224.27,1006.03,6.70755345268034,1929.64875,1760.84,2049.9,114.54739694127808,12.0,1.3333333333333333,5.936178640868089,100.0,Complete,True,True,True,4.789356984478932,-2.0408163265306145,,,,8.959139626985431,,,,8.959139626985431,,,,72.81523603246333,,,,10.9222854048695,0.15,72.81523603246333,1,Very Limited,,Price volatility,,
Uttar Pradesh,Unnao,Rice,2023-24,0.92,1.95,2126.0,4,True,2363.0,-10.02962336013542,0.96,-4.166666666666659,2.28,-14.473684210526311,2309.0,-7.925508878302296,755.61,55,0,366,668.16,85.84,1039.77,-27.32912086326784,2166.28,2008.62,2257.13,78.5278091159143,12.0,1.4166666666666667,3.6250073451222495,100.0,Complete,True,True,True,-10.029623360135421,-4.1666666666666625,4.789356984478932,-2.0408163265306145,6.70755345268034,5.936178640868089,0.0,2.0408163265306145,6.70755345268034,5.936178640868089,0.0,21.777148238124255,19.075297159351134,48.24617841245977,0.0,5.72258914780534,4.3554296476248515,7.236926761868965,0.9999999999999999,17.314945557299158,4,Complete,17.314945557299158,Price volatility,Rainfall anomaly,Area trend
Uttar Pradesh,Unnao,Rice,2024-25,1.37,2.97,2173.0,4,True,2126.0,2.210724365004704,0.92,48.91304347826088,1.95,52.30769230769232,2248.0,-3.336298932384341,804.49,74,0,365,760.1800000000001,13.36,945.05,-14.873287127665208,2255.935833333333,2205.655,2307.96,33.18063351040051,12.0,2.0,1.4708145958820715,100.0,Complete,True,True,True,2.2107243650047126,48.91304347826087,-10.029623360135421,-4.1666666666666625,-27.32912086326784,3.6250073451222495,10.029623360135421,4.1666666666666625,27.32912086326784,3.6250073451222495,46.82941781453852,44.461677652836926,77.72000704106811,29.4621778925557,16.39029623508848,23.316002112320433,8.892335530567385,4.419326683883355,0.9999999999999999,53.01796056185967,4,Complete,53.01796056185967,Rainfall anomaly,Yield trend,Area trend
Uttar Pradesh,Unnao,Wheat,2021-22,2.53,8.62,3410.0,4,True,,,,,,,,,1006.03,67,2,365,764.71,212.95,,,1887.74,1611.13,2030.83,148.60452189375908,12.0,3.0,7.87208629863006,100.0,Complete,True,True,True,,,,,,,,,,,,,,,,,,,0.0,,0,Insufficient,,,,
Uttar Pradesh,Unnao,Wheat,2022-23,2.42,8.47,3504.0,4,True,3410.0,2.756598240469208,2.53,-4.347826086956517,8.62,-1.7401392111368743,3410.0,2.756598240469208,1073.51,71,1,365,772.36,224.27,1006.03,6.70755345268034,2307.327083333333,2091.21,2619.08,159.16011578479316,12.0,2.9166666666666665,6.898030059737298,100.0,Complete,True,True,True,2.75659824046921,-4.347826086956519,,,,7.87208629863006,,,,7.87208629863006,,,,63.980230889150825,,,,9.597034633372623,0.15,63.98023088915082,1,Very Limited,,Price volatility,,
Uttar Pradesh,Unnao,Wheat,2023-24,2.16,7.11,3293.0,4,True,3504.0,-6.021689497716895,2.42,-10.743801652892554,8.47,-16.056670602125152,3457.0,-4.743997685854787,755.61,55,0,366,668.16,85.84,1039.77,-27.32912086326784,2381.7937500000003,2279.48,2508.71,84.4596796520791,12.0,2.9166666666666665,3.546053458746337,100.0,Complete,True,True,True,-6.021689497716897,-10.743801652892548,2.75659824046921,-4.347826086956519,6.70755345268034,6.898030059737298,0.0,4.347826086956519,6.70755345268034,6.898030059737298,0.0,46.3947940725255,19.075297159351134,56.06360743010388,0.0,5.72258914780534,9.278958814505101,8.409541114515582,0.9999999999999999,23.411089076826027,4,Complete,23.411089076826027,Area trend,Price volatility,Rainfall anomaly
Uttar Pradesh,Unnao,Wheat,2024-25,2.23,6.89,3094.0,4,True,3293.0,-6.043121773458853,2.16,3.240740740740733,7.11,-3.094233473980318,3402.333333333333,-9.06240815126874,804.49,74,0,365,760.1800000000001,13.36,945.05,-14.873287127665208,2612.3625,2434.34,2825.72,149.9309954081907,12.0,3.0,5.739287537935135,100.0,Complete,True,True,True,-6.043121773458848,3.240740740740744,-6.021689497716897,-10.743801652892548,-27.32912086326784,3.546053458746337,6.021689497716897,10.743801652892548,27.32912086326784,3.546053458746337,28.11593250438825,100.0,77.72000704106811,28.820481690520193,9.840576376535887,23.316002112320433,20.0,4.323072253578029,0.9999999999999999,57.47965074243435,4,Complete,57.47965074243435,Rainfall anomaly,Area trend,Yield trend
Uttar Pradesh,Varanasi,Maize,2021-22,0.04,0.06,1530.0,4,True,,,,,,,,,889.4399999999999,70,0,365,760.0,118.32,,,1890.36,1726.96,2103.91,124.79911356037157,12.0,1.0,6.601870202520767,100.0,Complete,True,True,True,,,,,,,,,,,,,,,,,,,0.0,,0,Insufficient,,,,
Uttar Pradesh,Varanasi,Maize,2022-23,0.04,0.1,2653.0,4,True,1530.0,73.3986928104575,0.04,0.0,0.06,66.66666666666669,1530.0,73.3986928104575,855.6,70,0,365,674.8199999999999,122.69,889.4399999999999,-3.804641122504039,2262.2358333333336,2043.82,2351.53,87.46342856077648,12.0,1.0,3.866238314857821,100.0,Complete,True,True,True,73.39869281045752,0.0,,,,6.601870202520767,,,,6.601870202520767,,,,53.65657385272693,,,,8.04848607790904,0.15,53.656573852726936,1,Very Limited,,Price volatility,,
Uttar Pradesh,Varanasi,Maize,2023-24,0.04,0.02,583.0,4,True,2653.0,-78.02487749717301,0.04,0.0,0.1,-80.0,2091.5,-72.12526894573273,674.73,65,0,366,524.33,145.02,872.52,-22.66882134506945,2175.5533333333333,2082.67,2271.29,65.94201989535028,12.0,1.0,3.031045890027225,100.0,Complete,True,True,True,-78.02487749717302,0.0,73.39869281045752,0.0,-3.804641122504039,3.866238314857821,0.0,-0.0,3.804641122504039,3.866238314857821,0.0,-0.0,10.81984072261861,31.42277798709246,0.0,3.2459522167855828,-0.0,4.7134166980638685,0.9999999999999999,7.959368914849452,4,Complete,7.959368914849452,Price volatility,Rainfall anomaly,
Uttar Pradesh,Varanasi,Maize,2024-25,0.02,0.05,2662.0,4,True,583.0,356.60377358490564,0.04,-50.0,0.02,150.0,1588.6666666666667,67.56189676877884,968.52,78,0,365,926.38,7.729999999999999,806.59,20.07587497985345,2418.238333333333,2283.1,2515.0,84.10176535998914,6.0,0.5,3.477811272806271,50.0,Moderate,True,True,True,356.6037735849057,-50.0,-78.02487749717302,0.0,-22.66882134506945,3.031045890027225,78.02487749717302,-0.0,22.66882134506945,3.031045890027225,100.0,-0.0,64.46679947614113,24.634767521959418,35.0,19.34003984284234,-0.0,3.6952151282939125,0.9999999999999999,58.03525497113626,4,Complete,58.03525497113626,Yield trend,Rainfall anomaly,Price volatility
Uttar Pradesh,Varanasi,Rice,2021-22,0.48,1.32,2741.0,4,True,,,,,,,,,889.4399999999999,70,0,365,760.0,118.32,,,1940.0,1940.0,1940.0,0.0,2.0,0.6666666666666666,,16.666666666666664,Low,True,True,True,,,,,,,,,,,,,,,,,,,0.0,,0,Insufficient,,,,
Uttar Pradesh,Varanasi,Rice,2022-23,0.48,1.36,2823.0,4,True,2741.0,2.991608901860635,0.48,0.0,1.32,3.030303030303033,2741.0,2.991608901860635,855.6,70,0,365,674.8199999999999,122.69,889.4399999999999,-3.804641122504039,,,,,0.0,0.0,,0.0,Low,False,True,True,2.9916089018606318,0.0,,,,,,,,,,,,,,,,,0.0,,0,Insufficient,,,,
Uttar Pradesh,Varanasi,Rice,2023-24,0.47,1.43,3026.0,4,True,2823.0,7.190931633014523,0.48,-2.083333333333336,1.36,5.1470588235294,2782.0,8.770668583752697,674.73,65,0,366,524.33,145.02,872.52,-22.66882134506945,2183.12,2183.0,2183.24,0.169705627484617,2.0,0.6666666666666666,,16.666666666666664,Low,True,True,True,7.190931633014519,-2.083333333333337,2.9916089018606318,0.0,-3.804641122504039,,0.0,-0.0,3.804641122504039,,0.0,-0.0,10.81984072261861,,0.0,3.2459522167855828,-0.0,,0.8499999999999999,3.818767313865392,3,Good,3.818767313865392,Rainfall anomaly,,
Uttar Pradesh,Varanasi,Rice,2024-25,0.77,2.35,3069.0,4,True,3026.0,1.4210178453403834,0.47,63.82978723404257,1.43,64.33566433566435,2863.333333333333,7.182770663562275,968.52,78,0,365,926.38,7.729999999999999,806.59,20.07587497985345,,,,,0.0,0.0,,0.0,Low,False,True,True,1.4210178453403888,63.829787234042556,7.190931633014519,-2.083333333333337,-22.66882134506945,,0.0,2.083333333333337,22.66882134506945,,0.0,22.230838826418527,64.46679947614113,,0.0,19.34003984284234,4.446167765283706,,0.8499999999999999,27.983773656618883,3,Good,27.983773656618883,Rainfall anomaly,Area trend,
Uttar Pradesh,Varanasi,Wheat,2021-22,0.72,2.59,3595.0,4,True,,,,,,,,,889.4399999999999,70,0,365,760.0,118.32,,,1921.055,1771.54,2060.98,100.0043909490525,12.0,1.0,5.205701604017194,100.0,Complete,True,True,True,,,,,,,,,,,,,,,,,,,0.0,,0,Insufficient,,,,
Uttar Pradesh,Varanasi,Wheat,2022-23,0.71,1.74,2454.0,4,True,3595.0,-31.738525730180804,0.72,-1.3888888888888902,2.59,-32.818532818532816,3595.0,-31.738525730180804,855.6,70,0,365,674.8199999999999,122.69,889.4399999999999,-3.804641122504039,2372.8925,2092.96,2778.34,232.3359852034433,12.0,1.0,9.79125624963808,100.0,Complete,True,True,True,-31.73852573018081,-1.388888888888895,,,,5.205701604017194,,,,5.205701604017194,,,,42.309240261124174,,,,6.3463860391686255,0.15,42.309240261124174,1,Very Limited,,Price volatility,,
Uttar Pradesh,Varanasi,Wheat,2023-24,0.62,1.77,2836.0,4,True,2454.0,15.56642216788916,0.71,-12.676056338028166,1.74,1.7241379310344844,3024.5,-6.232435113241858,674.73,65,0,366,524.33,145.02,872.52,-22.66882134506945,2409.0075,2306.95,2560.33,83.50745204906723,12.0,1.0,3.4664670844348646,100.0,Complete,True,True,True,15.566422167889172,-12.676056338028163,-31.73852573018081,-1.388888888888895,-3.804641122504039,9.79125624963808,31.73852573018081,1.388888888888895,3.804641122504039,9.79125624963808,100.0,14.82055921761239,10.81984072261861,79.57824797420002,35.0,3.2459522167855828,2.964111843522478,11.936737196130004,0.9999999999999999,53.146801256438074,4,Complete,53.146801256438074,Yield trend,Price volatility,Rainfall anomaly
Uttar Pradesh,Varanasi,Wheat,2024-25,0.63,2.23,3561.0,4,True,2836.0,25.564174894217206,0.62,1.6129032258064528,1.77,25.98870056497175,2961.6666666666665,20.236353404614523,968.52,78,0,365,926.38,7.729999999999999,806.59,20.07587497985345,2676.4516666666664,2444.57,2957.97,191.9830997217928,12.0,1.0,7.173045645202865,100.0,Complete,True,True,True,25.564174894217206,1.6129032258064502,15.566422167889172,-12.676056338028163,-22.66882134506945,3.4664670844348646,0.0,12.676056338028163,22.66882134506945,3.4664670844348646,0.0,100.0,64.46679947614113,28.173644954880682,0.0,19.34003984284234,20.0,4.226046743232102,0.9999999999999999,43.566086586074455,4,Complete,43.566086586074455,Area trend,Rainfall anomaly,Price volatility
