state,district,crop,year,rainfall_mm,avg_price,area_hectares,production,yield_kg_per_hectare,risk_score,risk_data_quality,drivers_available,top_driver_1,top_driver_2,top_driver_3
Haryana,Ambala,Maize,2021-22,1297.57,1796.1435714285717,0.0,0.01,3945.0,,Insufficient,0,,,
Haryana,Ambala,Maize,2022-23,1567.66,1934.71875,0.0,0.0,3455.0,,Very Limited,1,Price volatility,,
Haryana,Ambala,Maize,2023-24,1301.31,1894.615714285714,0.0,0.01,4642.0,64.88385648123685,Good,3,Yield trend,Rainfall anomaly,Price volatility
Haryana,Ambala,Maize,2024-25,1447.69,2215.3608333333336,0.0,0.0,3714.0,28.524402247358164,Good,3,Price volatility,Rainfall anomaly,
Haryana,Ambala,Rice,2021-22,1297.57,1960.3333333333333,0.94,3.86,4107.0,,Insufficient,0,,,
Haryana,Ambala,Rice,2022-23,1567.66,2060.0,1.05,3.9,3719.0,,Insufficient,0,,,
Haryana,Ambala,Rice,2023-24,1301.31,2203.0,0.94,4.01,4275.0,39.05545852649842,Good,3,Rainfall anomaly,Yield trend,
Haryana,Ambala,Rice,2024-25,1447.69,2320.0,0.84,3.55,4233.0,32.72884917398416,Good,3,Area trend,Rainfall anomaly,
Haryana,Ambala,Wheat,2021-22,1297.57,2015.01,0.88,3.61,4107.0,,Insufficient,0,,,
Haryana,Ambala,Wheat,2022-23,1567.66,2088.72,0.89,4.12,4639.0,,Insufficient,0,,,
Haryana,Ambala,Wheat,2023-24,1301.31,2226.685,0.95,4.21,4433.0,20.892345912328462,Good,3,Rainfall anomaly,,
Haryana,Ambala,Wheat,2024-25,1447.69,2425.0025,0.89,4.13,4640.0,17.73684666824893,Good,3,Rainfall anomaly,Yield trend,
Haryana,Bhiwani,Maize,2021-22,724.11,2211.885,0.0,0.0,4000.0,,Insufficient,0,,,
Haryana,Bhiwani,Maize,2023-24,449.71,2181.732,0.0,0.0,3685.0,,Insufficient,0,,,
Haryana,Bhiwani,Maize,2024-25,803.1,2309.84,0.0,0.0,3714.0,65.95266967073505,Limited,2,Rainfall anomaly,Yield trend,
Haryana,Bhiwani,Rice,2021-22,724.11,,0.22,0.47,2099.0,,Insufficient,0,,,
Haryana,Bhiwani,Rice,2022-23,692.25,,0.26,0.73,2781.0,,Insufficient,0,,,
Haryana,Bhiwani,Rice,2023-24,449.71,4230.0,0.28,0.8,2808.0,4.416220254659399,Good,3,Rainfall anomaly,,
Haryana,Bhiwani,Rice,2024-25,803.1,,0.32,1.23,3805.0,35.294117647058826,Good,3,Rainfall anomaly,,
Haryana,Bhiwani,Wheat,2021-22,724.11,2028.555,0.87,3.71,4271.0,,Insufficient,0,,,
Haryana,Bhiwani,Wheat,2022-23,692.25,2125.0,0.91,3.71,4098.0,,Insufficient,0,,,
Haryana,Bhiwani,Wheat,2023-24,449.71,2250.0,0.93,4.01,4311.0,12.203751185274237,Good,3,Yield trend,Rainfall anomaly,
Haryana,Bhiwani,Wheat,2024-25,803.1,2425.0,1.0,4.76,4735.0,35.294117647058826,Good,3,Rainfall anomaly,,
Haryana,Charkhi Dadri,Maize,2021-22,953.05,,0.0,0.0,0.0,,Insufficient,0,,,
Haryana,Charkhi Dadri,Rice,2021-22,953.05,,0.05,0.09,1849.0,,Insufficient,0,,,
Haryana,Charkhi Dadri,Rice,2022-23,821.2,,0.08,0.19,2445.0,,Insufficient,0,,,
Haryana,Charkhi Dadri,Rice,2023-24,483.28,,0.09,0.23,2579.0,13.885897252268208,Good,3,Rainfall anomaly,,
Haryana,Charkhi Dadri,Rice,2024-25,805.28,,0.1,0.32,3175.0,35.294117647058826,Good,3,Rainfall anomaly,,
Haryana,Charkhi Dadri,Wheat,2021-22,953.05,,0.33,1.37,4124.0,,Insufficient,0,,,
Haryana,Charkhi Dadri,Wheat,2022-23,821.2,,0.38,1.38,3660.0,,Insufficient,0,,,
Haryana,Charkhi Dadri,Wheat,2023-24,483.28,,0.28,1.19,4250.0,35.517195078275215,Good,3,Yield trend,Rainfall anomaly,
Haryana,Charkhi Dadri,Wheat,2024-25,805.28,,0.43,1.98,4591.0,58.82352941176472,Good,3,Rainfall anomaly,Area trend,
Haryana,Faridabad,Maize,2021-22,993.13,,0.0,0.0,3000.0,,Insufficient,0,,,
Haryana,Faridabad,Maize,2022-23,869.97,,0.0,0.0,3500.0,,Insufficient,0,,,
Haryana,Faridabad,Maize,2023-24,742.72,,0.0,0.0,3685.0,16.277160551489274,Limited,2,Rainfall anomaly,,
Haryana,Faridabad,Maize,2024-25,916.61,,0.0,0.0,3714.0,26.606018639207587,Limited,2,Rainfall anomaly,,
Haryana,Faridabad,Rice,2021-22,993.13,,0.15,0.33,2218.0,,Insufficient,0,,,
Haryana,Faridabad,Rice,2022-23,869.97,,0.16,0.43,2659.0,,Insufficient,0,,,
Haryana,Faridabad,Rice,2023-24,742.72,,0.14,0.37,2743.0,12.447240421727093,Good,3,Rainfall anomaly,,
Haryana,Faridabad,Rice,2024-25,916.61,,0.15,0.43,2874.0,43.87519072409992,Good,3,Area trend,Rainfall anomaly,
Haryana,Faridabad,Wheat,2021-22,993.13,2015.0,0.29,1.12,3916.0,,Insufficient,0,,,
Haryana,Faridabad,Wheat,2022-23,869.97,2125.0,0.28,1.18,4139.0,,Insufficient,0,,,
Haryana,Faridabad,Wheat,2023-24,742.72,2262.5150000000003,0.29,1.33,4531.0,21.105092459602,Good,3,Rainfall anomaly,Area trend,
Haryana,Faridabad,Wheat,2024-25,916.61,2425.53,0.32,1.33,4135.0,20.345778959394035,Good,3,Rainfall anomaly,,
Haryana,Fatehabad,Maize,2021-22,707.09,,0.0,0.0,1622.0,,Insufficient,0,,,
Haryana,Fatehabad,Maize,2022-23,764.6700000000001,4550.0,0.0,0.0,2000.0,,Insufficient,0,,,
Haryana,Fatehabad,Maize,2023-24,544.41,2011.11,0.0,0.0,3685.0,10.688383631794775,Limited,2,Rainfall anomaly,,
Haryana,Fatehabad,Maize,2024-25,689.23,2005.335,0.0,0.0,3714.0,34.15142310485844,Limited,2,Rainfall anomaly,,
Haryana,Fatehabad,Rice,2021-22,707.09,,1.29,5.24,4057.0,,Insufficient,0,,,
Haryana,Fatehabad,Rice,2022-23,764.6700000000001,,1.4,5.86,4190.0,,Insufficient,0,,,
Haryana,Fatehabad,Rice,2023-24,544.41,2203.0,1.34,5.66,4212.0,8.173469836078358,Good,3,Rainfall anomaly,,
Haryana,Fatehabad,Rice,2024-25,689.23,2320.0,1.4,6.0,4272.0,36.8762673860825,Good,3,Rainfall anomaly,Area trend,
Haryana,Fatehabad,Wheat,2021-22,707.09,,1.84,8.59,4665.0,,Insufficient,0,,,
Haryana,Fatehabad,Wheat,2022-23,764.6700000000001,2127.0025,1.82,9.37,5139.0,,Insufficient,0,,,
Haryana,Fatehabad,Wheat,2023-24,544.41,2275.0,1.8,8.98,4986.0,10.902575369756342,Good,3,Rainfall anomaly,Area trend,
Haryana,Fatehabad,Wheat,2024-25,689.23,2425.0,1.83,9.74,5308.0,34.59884293530728,Good,3,Rainfall anomaly,Yield trend,Area trend
Haryana,Gurugram,Maize,2021-22,1090.13,,0.0,0.0,2941.0,,Insufficient,0,,,
Haryana,Gurugram,Maize,2022-23,876.65,,0.0,0.0,3000.0,,Insufficient,0,,,
Haryana,Gurugram,Maize,2024-25,891.21,,0.0,0.0,3714.0,25.70360098407131,Limited,2,Rainfall anomaly,,
Haryana,Gurugram,Rice,2021-22,1090.13,,0.05,0.13,2778.0,,Insufficient,0,,,
Haryana,Gurugram,Rice,2022-23,876.65,3665.453333333333,0.05,0.13,2870.0,,Insufficient,0,,,
Haryana,Gurugram,Rice,2023-24,621.92,3422.58,0.03,0.08,2289.0,19.65569487017218,Good,3,Rainfall anomaly,,
Haryana,Gurugram,Rice,2024-25,891.21,3446.495,0.04,0.11,2978.0,97.74394675543371,Good,3,Yield trend,Rainfall anomaly,Area trend
Haryana,Gurugram,Wheat,2021-22,1090.13,2051.61,0.36,1.69,4673.0,,Insufficient,0,,,
Haryana,Gurugram,Wheat,2022-23,876.65,2250.105,0.34,1.51,4499.0,,Insufficient,0,,,
Haryana,Gurugram,Wheat,2023-24,621.92,2275.0,0.32,1.42,4403.0,40.76319864123592,Good,3,Rainfall anomaly,Area trend,Yield trend
Haryana,Gurugram,Wheat,2024-25,891.21,2425.15,0.33,1.33,4039.0,54.1657992746137,Good,3,Rainfall anomaly,Area trend,Yield trend
Haryana,Hisar,Maize,2021-22,723.02,,0.0,0.0,3913.0,,Insufficient,0,,,
Haryana,Hisar,Maize,2022-23,710.95,1630.0,0.0,0.0,3500.0,,Insufficient,0,,,
Haryana,Hisar,Maize,2023-24,473.46,,0.0,0.0,3685.0,28.726756538196202,Limited,2,Yield trend,Rainfall anomaly,
Haryana,Hisar,Maize,2024-25,722.5699999999999,,0.0,0.0,2048.0,44.580871089184214,Limited,2,Rainfall anomaly,,
Haryana,Hisar,Rice,2021-22,723.02,2915.11,0.83,2.39,2882.0,,Insufficient,0,,,
Haryana,Hisar,Rice,2022-23,710.95,4412.73,0.98,3.04,3096.0,,Insufficient,0,,,
Haryana,Hisar,Rice,2023-24,473.46,3607.832857142857,1.05,3.31,3156.0,1.6755849783618808,Good,3,Rainfall anomaly,,
Haryana,Hisar,Rice,2024-25,722.5699999999999,2911.925,1.11,3.62,3248.0,43.97756620796974,Complete,4,Rainfall anomaly,Price volatility,
Haryana,Hisar,Wheat,2021-22,723.02,2016.8733333333337,2.07,9.61,4644.0,,Insufficient,0,,,
Haryana,Hisar,Wheat,2022-23,710.95,2125.14,2.08,10.39,4990.0,,Insufficient,0,,,
Haryana,Hisar,Wheat,2023-24,473.46,2290.2533333333336,2.33,10.6,4546.0,1.6755849783618808,Good,3,Rainfall anomaly,,
Haryana,Hisar,Wheat,2024-25,722.5699999999999,2418.0,2.24,10.96,4883.0,51.19793223189144,Good,3,Rainfall anomaly,Yield trend,
Haryana,Jhajjar,Maize,2021-22,1090.13,,0.0,0.0,3120.0,,Insufficient,0,,,
Haryana,Jhajjar,Maize,2022-23,876.65,1160.27,0.0,0.0,3333.0,,Insufficient,0,,,
Haryana,Jhajjar,Maize,2023-24,621.92,2504.23,0.0,0.0,3685.0,25.70360098407131,Limited,2,Rainfall anomaly,,
Haryana,Jhajjar,Maize,2024-25,891.21,2500.0,0.0,0.0,3714.0,56.25000000000001,Good,3,Rainfall anomaly,Price volatility,
Haryana,Jhajjar,Rice,2021-22,1090.13,,0.39,1.04,2685.0,,Insufficient,0,,,
Haryana,Jhajjar,Rice,2022-23,876.65,,0.53,1.49,2791.0,,Insufficient,0,,,
Haryana,Jhajjar,Rice,2023-24,621.92,,0.55,1.52,2781.0,19.65569487017218,Good,3,Rainfall anomaly,,
Haryana,Jhajjar,Rice,2024-25,891.21,2320.0,0.58,1.82,3169.0,35.98296567021865,Good,3,Rainfall anomaly,Yield trend,
Haryana,Jhajjar,Wheat,2021-22,1090.13,,0.8,3.53,4400.0,,Insufficient,0,,,
Haryana,Jhajjar,Wheat,2022-23,876.65,,0.95,4.12,4355.0,,Insufficient,0,,,
Haryana,Jhajjar,Wheat,2023-24,621.92,,0.93,4.39,4715.0,21.621964585371234,Good,3,Rainfall anomaly,Yield trend,
Haryana,Jhajjar,Wheat,2024-25,891.21,2425.0,0.98,4.5,4616.0,40.57996415439299,Good,3,Rainfall anomaly,Area trend,
Haryana,Jind,Maize,2021-22,993.4,,0.0,0.0,3333.0,,Insufficient,0,,,
Haryana,Jind,Maize,2022-23,1063.66,,0.0,0.0,3000.0,,Insufficient,0,,,
Haryana,Jind,Maize,2024-25,777.09,2761.0,0.0,0.0,3714.0,34.40196257811533,Limited,2,Yield trend,Rainfall anomaly,
Haryana,Jind,Rice,2021-22,993.4,2497.3250000000003,1.51,5.02,3331.0,,Insufficient,0,,,
Haryana,Jind,Rice,2022-23,1063.66,3175.7375,1.74,5.73,3291.0,,Insufficient,0,,,
Haryana,Jind,Rice,2023-24,582.73,2683.5,1.66,7.01,4230.0,9.407645618856176,Good,3,Rainfall anomaly,Yield trend,
Haryana,Jind,Rice,2024-25,777.09,2628.1966666666667,1.69,5.59,3310.0,46.83792036422545,Good,3,Rainfall anomaly,Area trend,
Haryana,Jind,Wheat,2021-22,993.4,2018.878333333333,2.05,9.57,4660.0,,Insufficient,0,,,
Haryana,Jind,Wheat,2022-23,1063.66,2152.8616666666667,2.02,9.85,4871.0,,Insufficient,0,,,
Haryana,Jind,Wheat,2023-24,582.73,2285.005,2.01,9.8,4886.0,10.77324766358894,Good,3,Rainfall anomaly,Area trend,
Haryana,Jind,Wheat,2024-25,777.09,2450.063333333333,2.03,10.01,4922.0,36.5370766029914,Good,3,Rainfall anomaly,Area trend,
Haryana,Kaithal,Maize,2021-22,964.2,,0.0,0.0,3333.0,,Insufficient,0,,,
Haryana,Kaithal,Maize,2022-23,1107.44,,0.0,0.0,3500.0,,Insufficient,0,,,
Haryana,Kaithal,Maize,2024-25,892.31,,0.0,0.0,3714.0,19.49899613634516,Limited,2,Rainfall anomaly,,
Haryana,Kaithal,Rice,2021-22,964.2,1960.0,1.76,7.1,4033.0,,Insufficient,0,,,
Haryana,Kaithal,Rice,2022-23,1107.44,2060.0,1.79,7.81,4354.0,,Insufficient,0,,,
Haryana,Kaithal,Rice,2023-24,807.19,2203.0,1.61,6.86,4253.0,14.910997045440414,Good,3,Rainfall anomaly,,
Haryana,Kaithal,Rice,2024-25,892.31,2689.324,1.62,6.59,4060.0,50.143540101319,Good,3,Area trend,Rainfall anomaly,Yield trend
Haryana,Kaithal,Wheat,2021-22,964.2,2018.1375,1.77,8.16,4623.0,,Insufficient,0,,,
Haryana,Kaithal,Wheat,2022-23,1107.44,2125.0,1.8,8.48,4707.0,,Insufficient,0,,,
Haryana,Kaithal,Wheat,2023-24,807.19,2275.0025,1.74,8.93,5135.0,14.910997045440414,Good,3,Rainfall anomaly,,
Haryana,Kaithal,Wheat,2024-25,892.31,2425.0,1.74,8.44,4865.0,30.52357689827808,Good,3,Rainfall anomaly,Area trend,
Haryana,Karnal,Maize,2021-22,1213.88,,0.0,0.01,4815.0,,Insufficient,0,,,
Haryana,Karnal,Maize,2022-23,1240.21,,0.0,0.01,3333.0,,Insufficient,0,,,
Haryana,Karnal,Maize,2023-24,734.04,,0.0,0.0,3685.0,56.69317157209916,Limited,2,Yield trend,Rainfall anomaly,
Haryana,Karnal,Maize,2024-25,1026.07,,0.0,0.0,3714.0,46.15384615384616,Limited,2,Rainfall anomaly,,
Haryana,Karnal,Rice,2021-22,1213.88,,1.76,6.8,3868.0,,Insufficient,0,,,
Haryana,Karnal,Rice,2022-23,1240.21,,1.81,7.19,3970.0,,Insufficient,0,,,
Haryana,Karnal,Rice,2023-24,734.04,2202.775,1.66,7.06,4242.0,2.1771312021934737,Good,3,Rainfall anomaly,,
Haryana,Karnal,Rice,2024-25,1026.07,2321.4933333333333,1.72,7.38,4292.0,56.101662599962744,Good,3,Rainfall anomaly,Area trend,
Haryana,Karnal,Wheat,2021-22,1213.88,2015.0,1.77,9.02,5105.0,,Insufficient,0,,,
Haryana,Karnal,Wheat,2022-23,1240.21,2125.0,1.86,10.03,5385.0,,Insufficient,0,,,
Haryana,Karnal,Wheat,2023-24,734.04,2275.0,1.78,8.5,4761.0,2.1771312021934737,Good,3,Rainfall anomaly,,
Haryana,Karnal,Wheat,2024-25,1026.07,2425.0,1.58,7.75,4896.0,68.37146336595147,Good,3,Rainfall anomaly,Yield trend,Area trend
Haryana,Kurukshetra,Maize,2021-22,1305.16,1603.77125,0.03,0.08,2865.0,,Insufficient,0,,,
Haryana,Kurukshetra,Maize,2022-23,1447.9,1437.9875,0.0,0.0,3333.0,,Insufficient,0,,,
Haryana,Kurukshetra,Maize,2023-24,1033.57,1592.59625,0.0,0.0,3685.0,34.506608205763584,Good,3,Area trend,Rainfall anomaly,
Haryana,Kurukshetra,Maize,2024-25,1273.31,1763.0099999999998,0.0,0.0,3714.0,32.701890328286744,Limited,2,Rainfall anomaly,,
Haryana,Kurukshetra,Rice,2021-22,1305.16,2122.2650000000003,1.25,5.94,4767.0,,Insufficient,0,,,
Haryana,Kurukshetra,Rice,2022-23,1447.9,2971.043333333333,1.3,5.88,4520.0,,Insufficient,0,,,
Haryana,Kurukshetra,Rice,2023-24,1033.57,2908.235,1.13,5.44,4825.0,20.938933039795913,Good,3,Rainfall anomaly,Yield trend,
Haryana,Kurukshetra,Rice,2024-25,1273.31,2411.0125000000003,1.1,5.22,4732.0,48.53673966280751,Good,3,Rainfall anomaly,Area trend,
Haryana,Kurukshetra,Wheat,2021-22,1305.16,2015.9225,1.04,4.43,4256.0,,Insufficient,0,,,
Haryana,Kurukshetra,Wheat,2022-23,1447.9,2125.315,1.06,5.06,4782.0,,Insufficient,0,,,
Haryana,Kurukshetra,Wheat,2023-24,1033.57,2275.0,1.04,4.97,4776.0,10.977196441057696,Good,3,Rainfall anomaly,,
Haryana,Kurukshetra,Wheat,2024-25,1273.31,2425.0,1.08,4.94,4571.0,29.98586961738835,Good,3,Rainfall anomaly,Area trend,Yield trend
Haryana,Mahendragarh,Maize,2021-22,894.84,,0.0,0.0,0.0,,Insufficient,0,,,
Haryana,Mahendragarh,Maize,2024-25,885.46,,0.0,0.0,3714.0,,Insufficient,0,,,
Haryana,Mahendragarh,Rice,2023-24,465.95,,0.0,0.0,3822.0,,Insufficient,0,,,
Haryana,Mahendragarh,Rice,2024-25,885.46,,0.0,0.0,3766.0,,Very Limited,1,Rainfall anomaly,,
Haryana,Mahendragarh,Wheat,2021-22,894.84,2097.2183333333337,0.26,1.2,4647.0,,Insufficient,0,,,
Haryana,Mahendragarh,Wheat,2022-23,751.5699999999999,2102.6330000000003,0.3,1.33,4428.0,,Insufficient,0,,,
Haryana,Mahendragarh,Wheat,2023-24,465.95,2266.883125,0.28,1.36,4853.0,25.130682079764323,Good,3,Rainfall anomaly,Yield trend,
Haryana,Mahendragarh,Wheat,2024-25,885.46,2528.182727272728,0.29,1.31,4518.0,48.162392522754644,Complete,4,Rainfall anomaly,Area trend,Price volatility
Haryana,Nuh,Maize,2021-22,968.02,,0.0,0.0,0.0,,Insufficient,0,,,
Haryana,Nuh,Rice,2021-22,968.02,,0.08,0.21,2544.0,,Insufficient,0,,,
Haryana,Nuh,Rice,2022-23,789.11,,0.12,0.25,2149.0,,Insufficient,0,,,
Haryana,Nuh,Rice,2023-24,593.31,,0.11,0.25,2268.0,48.40197737224741,Good,3,Yield trend,Rainfall anomaly,
Haryana,Nuh,Rice,2024-25,884.79,,0.1,0.26,2510.0,53.5119797608959,Good,3,Rainfall anomaly,Area trend,
Haryana,Nuh,Wheat,2021-22,968.02,,0.62,2.65,4262.0,,Insufficient,0,,,
Haryana,Nuh,Wheat,2022-23,789.11,2123.5,0.69,2.67,3897.0,,Insufficient,0,,,
Haryana,Nuh,Wheat,2023-24,593.31,,0.68,2.66,3911.0,35.0157134086753,Good,3,Rainfall anomaly,Yield trend,
Haryana,Nuh,Wheat,2024-25,884.79,2360.0,0.69,2.93,4271.0,36.22764471426872,Good,3,Rainfall anomaly,Area trend,
Haryana,Palwal,Maize,2021-22,886.71,,0.0,0.0,3134.0,,Insufficient,0,,,
Haryana,Palwal,Maize,2023-24,739.27,900.0,0.0,0.0,3685.0,,Insufficient,0,,,
Haryana,Palwal,Rice,2021-22,886.71,,0.34,0.97,2830.0,,Insufficient,0,,,
Haryana,Palwal,Rice,2022-23,839.52,,0.41,1.08,2652.0,,Insufficient,0,,,
Haryana,Palwal,Rice,2023-24,739.27,2702.995,0.36,1.1,3024.0,17.43420017927053,Good,3,Yield trend,Rainfall anomaly,
Haryana,Palwal,Rice,2024-25,892.24,2376.9725,0.38,1.08,2820.0,37.93129588511586,Good,3,Area trend,Rainfall anomaly,
Haryana,Palwal,Wheat,2021-22,886.71,,0.95,4.39,4641.0,,Insufficient,0,,,
Haryana,Palwal,Wheat,2022-23,839.52,2128.07,0.98,4.14,4237.0,,Insufficient,0,,,
Haryana,Palwal,Wheat,2023-24,739.27,2256.25,0.97,4.36,4503.0,22.077733303219777,Good,3,Yield trend,Rainfall anomaly,
Haryana,Palwal,Wheat,2024-25,892.24,2362.5,0.95,4.2,4439.0,16.963901560189292,Good,3,Rainfall anomaly,Area trend,
Haryana,Panchkula,Maize,2021-22,1297.57,,0.04,0.11,2962.0,,Insufficient,0,,,
Haryana,Panchkula,Maize,2022-23,1567.66,,0.03,0.11,3328.0,,Insufficient,0,,,
Haryana,Panchkula,Maize,2023-24,1301.31,2207.86,0.04,0.13,3627.0,44.42175767703436,Good,3,Area trend,Rainfall anomaly,
Haryana,Panchkula,Maize,2024-25,1447.69,2225.0,0.03,0.13,3742.0,9.199437409278271,Good,3,Rainfall anomaly,,
Haryana,Panchkula,Rice,2021-22,1297.57,,0.14,0.55,4012.0,,Insufficient,0,,,
Haryana,Panchkula,Rice,2022-23,1567.66,,0.13,0.34,2586.0,,Insufficient,0,,,
Haryana,Panchkula,Rice,2023-24,1301.31,,0.12,0.59,4819.0,80.00293857901903,Good,3,Yield trend,Rainfall anomaly,Area trend
Haryana,Panchkula,Rice,2024-25,1447.69,,0.13,0.52,4052.0,28.513107339922406,Good,3,Area trend,Rainfall anomaly,
Haryana,Panchkula,Wheat,2021-22,1297.57,,0.19,0.73,3772.0,,Insufficient,0,,,
Haryana,Panchkula,Wheat,2022-23,1567.66,2125.0,0.19,0.74,3832.0,,Insufficient,0,,,
Haryana,Panchkula,Wheat,2023-24,1301.31,2275.0,0.18,0.75,4071.0,20.892345912328462,Good,3,Rainfall anomaly,,
Haryana,Panchkula,Wheat,2024-25,1447.69,2425.0,0.18,0.68,3710.0,22.414053677613733,Good,3,Area trend,Rainfall anomaly,
Haryana,Panipat,Maize,2021-22,1213.88,,0.0,0.0,2241.0,,Insufficient,0,,,
Haryana,Panipat,Maize,2022-23,1240.21,,0.0,0.0,2765.0,,Insufficient,0,,,
Haryana,Panipat,Maize,2023-24,734.04,,0.0,0.01,3685.0,2.847017725945312,Limited,2,Rainfall anomaly,,
Haryana,Panipat,Maize,2024-25,1026.07,,0.0,0.0,3714.0,46.15384615384616,Limited,2,Rainfall anomaly,,
Haryana,Panipat,Rice,2021-22,1213.88,,0.83,2.36,2830.0,,Insufficient,0,,,
Haryana,Panipat,Rice,2022-23,1240.21,,0.8,2.45,3061.0,,Insufficient,0,,,
Haryana,Panipat,Rice,2023-24,734.04,2200.27,0.73,2.48,3409.0,11.25222912141177,Good,3,Area trend,Rainfall anomaly,
Haryana,Panipat,Rice,2024-25,1026.07,2977.383333333333,0.71,2.57,3609.0,57.26341719316651,Good,3,Rainfall anomaly,Area trend,
Haryana,Panipat,Wheat,2021-22,1213.88,2015.125,0.84,3.89,4632.0,,Insufficient,0,,,
Haryana,Panipat,Wheat,2022-23,1240.21,2125.0150000000003,0.84,3.75,4473.0,,Insufficient,0,,,
Haryana,Panipat,Wheat,2023-24,734.04,2280.0,0.81,4.12,5060.0,8.77664325723692,Good,3,Yield trend,Rainfall anomaly,
Haryana,Panipat,Wheat,2024-25,1026.07,2425.0,0.79,3.84,4851.0,44.26117868628643,Good,3,Rainfall anomaly,Area trend,
Haryana,Rewari,Maize,2021-22,968.02,,0.0,0.0,3125.0,,Insufficient,0,,,
Haryana,Rewari,Maize,2024-25,884.79,,0.0,0.0,3714.0,,Insufficient,0,,,
Haryana,Rewari,Rice,2021-22,968.02,,0.01,0.02,1976.0,,Insufficient,0,,,
Haryana,Rewari,Rice,2022-23,789.11,,0.02,0.05,2449.0,,Insufficient,0,,,
Haryana,Rewari,Rice,2023-24,593.31,,0.02,0.07,2881.0,18.55067788748195,Good,3,Rainfall anomaly,,
Haryana,Rewari,Rice,2024-25,884.79,,0.03,0.08,2667.0,32.58883733603147,Good,3,Rainfall anomaly,,
Haryana,Rewari,Wheat,2021-22,968.02,2424.3116666666665,0.28,1.28,4579.0,,Insufficient,0,,,
Haryana,Rewari,Wheat,2022-23,789.11,,0.33,1.39,4153.0,,Insufficient,0,,,
Haryana,Rewari,Wheat,2023-24,593.31,2275.71,0.31,1.45,4750.0,36.43704780895485,Good,3,Rainfall anomaly,Yield trend,
Haryana,Rewari,Wheat,2024-25,884.79,2573.7375,0.33,1.44,4395.0,47.80566819047836,Good,3,Rainfall anomaly,Area trend,
Haryana,Rohtak,Maize,2021-22,1161.32,,0.0,0.0,3152.0,,Insufficient,0,,,
Haryana,Rohtak,Maize,2024-25,933.67,,0.0,0.0,3714.0,,Insufficient,0,,,
Haryana,Rohtak,Rice,2021-22,1161.32,,0.67,1.91,2850.0,,Insufficient,0,,,
Haryana,Rohtak,Rice,2022-23,1029.15,,0.79,2.3,2926.0,,Insufficient,0,,,
Haryana,Rohtak,Rice,2023-24,642.68,,0.78,2.45,3126.0,11.423271095446552,Good,3,Rainfall anomaly,,
Haryana,Rohtak,Rice,2024-25,933.67,2305.685,0.74,2.15,2899.0,38.47231649640532,Good,3,Rainfall anomaly,Area trend,
Haryana,Rohtak,Wheat,2021-22,1161.32,,1.01,4.42,4373.0,,Insufficient,0,,,
Haryana,Rohtak,Wheat,2022-23,1029.15,2130.07,1.03,4.3,4170.0,,Insufficient,0,,,
Haryana,Rohtak,Wheat,2023-24,642.68,2275.0,1.03,4.7,4554.0,20.348098239872158,Good,3,Rainfall anomaly,Yield trend,
Haryana,Rohtak,Wheat,2024-25,933.67,2425.005,1.0,4.47,4476.0,35.294117647058826,Good,3,Rainfall anomaly,,
Haryana,Sirsa,Maize,2021-22,514.11,,0.0,0.0,1765.0,,Insufficient,0,,,
Haryana,Sirsa,Maize,2022-23,695.17,,0.0,0.0,3400.0,,Insufficient,0,,,
Haryana,Sirsa,Maize,2023-24,504.72,684.21,0.0,0.0,3685.0,46.15384615384616,Limited,2,Rainfall anomaly,,
Haryana,Sirsa,Maize,2024-25,620.72,,0.0,0.0,3714.0,21.690552717603737,Limited,2,Rainfall anomaly,,
Haryana,Sirsa,Rice,2021-22,514.11,3202.56,1.06,3.72,3524.0,,Insufficient,0,,,
Haryana,Sirsa,Rice,2022-23,695.17,4337.390833333334,1.13,3.95,3510.0,,Insufficient,0,,,
Haryana,Sirsa,Rice,2023-24,504.72,3502.4275,1.11,3.92,3515.0,45.649223623961554,Complete,4,Rainfall anomaly,Price volatility,Yield trend
Haryana,Sirsa,Rice,2024-25,620.72,3153.56125,1.36,5.01,3676.0,32.87613453606394,Complete,4,Price volatility,Rainfall anomaly,Area trend
Haryana,Sirsa,Wheat,2021-22,514.11,2081.7466666666664,2.58,11.06,4293.0,,Insufficient,0,,,
Haryana,Sirsa,Wheat,2022-23,695.17,2165.835,2.7,12.05,4463.0,,Insufficient,0,,,
Haryana,Sirsa,Wheat,2023-24,504.72,2242.25,2.7,13.53,5005.0,35.294117647058826,Good,3,Rainfall anomaly,,
Haryana,Sirsa,Wheat,2024-25,620.72,2425.0075,2.81,14.09,5016.0,16.586893254638152,Good,3,Rainfall anomaly,,
Haryana,Sonipat,Maize,2021-22,1161.32,,0.01,0.02,3310.0,,Insufficient,0,,,
Haryana,Sonipat,Maize,2022-23,1029.15,,0.0,0.02,3333.0,,Insufficient,0,,,
Haryana,Sonipat,Maize,2023-24,642.68,,0.0,0.02,3685.0,34.952682860152436,Good,3,Area trend,Rainfall anomaly,
Haryana,Sonipat,Maize,2024-25,933.67,,0.0,0.01,3714.0,46.15384615384616,Limited,2,Rainfall anomaly,,
Haryana,Sonipat,Rice,2021-22,1161.32,,1.14,3.05,2676.0,,Insufficient,0,,,
Haryana,Sonipat,Rice,2022-23,1029.15,,1.2,3.45,2880.0,,Insufficient,0,,,
Haryana,Sonipat,Rice,2023-24,642.68,3402.93,1.14,3.24,2856.0,11.423271095446552,Good,3,Rainfall anomaly,,
Haryana,Sonipat,Rice,2024-25,933.67,2930.0,1.18,3.51,2965.0,49.450148795843404,Good,3,Rainfall anomaly,Area trend,Yield trend
Haryana,Sonipat,Wheat,2021-22,1161.32,2017.74,1.37,6.46,4720.0,,Insufficient,0,,,
Haryana,Sonipat,Wheat,2022-23,1029.15,2127.8175,1.39,6.3,4530.0,,Insufficient,0,,,
Haryana,Sonipat,Wheat,2023-24,642.68,2275.0,1.37,6.12,4479.0,19.16244944717163,Good,3,Rainfall anomaly,Yield trend,
Haryana,Sonipat,Wheat,2024-25,933.67,2350.0,1.39,6.21,4458.0,41.07123477712548,Good,3,Rainfall anomaly,Area trend,Yield trend
Haryana,Yamunanagar,Maize,2021-22,1466.25,,0.01,0.06,4475.0,,Insufficient,0,,,
Haryana,Yamunanagar,Maize,2022-23,1542.93,,0.0,0.0,4875.0,,Insufficient,0,,,
Haryana,Yamunanagar,Maize,2023-24,1252.67,2089.76,0.0,0.0,3685.0,28.778496433035983,Good,3,Area trend,Rainfall anomaly,
Haryana,Yamunanagar,Maize,2024-25,1556.73,2150.0,0.0,0.0,3714.0,75.82270532055114,Limited,2,Yield trend,Rainfall anomaly,
Haryana,Yamunanagar,Rice,2021-22,1466.25,1960.0,0.89,3.95,4454.0,,Insufficient,0,,,
Haryana,Yamunanagar,Rice,2022-23,1542.93,,0.87,2.95,3409.0,,Insufficient,0,,,
Haryana,Yamunanagar,Rice,2023-24,1252.67,2203.0,0.77,3.32,4286.0,52.06775096664122,Good,3,Yield trend,Area trend,Rainfall anomaly
Haryana,Yamunanagar,Rice,2024-25,1556.73,2315.945,0.77,3.55,4621.0,40.335009951009695,Good,3,Area trend,Rainfall anomaly,
Haryana,Yamunanagar,Wheat,2021-22,1466.25,2015.0,0.94,4.26,4510.0,,Insufficient,0,,,
Haryana,Yamunanagar,Wheat,2022-23,1542.93,2125.0,0.93,4.77,5143.0,,Insufficient,0,,,
Haryana,Yamunanagar,Wheat,2023-24,1252.67,2275.0,0.95,4.52,4769.0,7.920124126823397,Good,3,Rainfall anomaly,Area trend,
Haryana,Yamunanagar,Wheat,2024-25,1556.73,2425.0,0.99,4.96,5002.0,30.786601246910713,Good,3,Rainfall anomaly,Yield trend,
Punjab,Amritsar,Maize,2021-22,1191.8,1574.5,0.01,0.03,3714.0,,Insufficient,0,,,
Punjab,Amritsar,Maize,2022-23,1397.78,1865.605,0.02,0.07,4063.0,,Insufficient,0,,,
Punjab,Amritsar,Maize,2023-24,1271.93,1876.8283333333336,0.02,0.03,1832.0,17.347271342321715,Good,3,Rainfall anomaly,,
Punjab,Amritsar,Maize,2024-25,1158.33,2060.646666666667,0.0,0.01,4600.0,42.948563092001386,Good,3,Yield trend,Rainfall anomaly,
Punjab,Amritsar,Rice,2021-22,1191.8,1978.3333333333333,1.83,6.59,3601.0,,Insufficient,0,,,
Punjab,Amritsar,Rice,2022-23,1397.78,1973.75,1.81,6.44,3558.0,,Insufficient,0,,,
Punjab,Amritsar,Rice,2023-24,1271.93,2662.0,1.81,5.79,3197.0,22.38706113466868,Good,3,Rainfall anomaly,Area trend,Yield trend
Punjab,Amritsar,Rice,2024-25,1158.33,2202.5,1.82,6.27,3438.0,21.278824223347442,Good,3,Yield trend,Rainfall anomaly,
Punjab,Amritsar,Wheat,2021-22,1191.8,2015.0,1.89,8.43,4453.0,,Insufficient,0,,,
Punjab,Amritsar,Wheat,2022-23,1397.78,2125.0,1.89,9.05,4788.0,,Insufficient,0,,,
Punjab,Amritsar,Wheat,2023-24,1271.93,2257.98,1.89,9.33,4949.0,17.347271342321715,Good,3,Rainfall anomaly,,
Punjab,Amritsar,Wheat,2024-25,1158.33,2376.6766666666667,1.86,9.67,5188.0,1.7720925037660846,Good,3,Rainfall anomaly,,
Punjab,Barnala,Maize,2024-25,804.41,2198.48,0.0,0.0,4200.0,,Insufficient,0,,,
Punjab,Barnala,Rice,2021-22,768.5,1960.0,1.16,5.51,4746.0,,Insufficient,0,,,
Punjab,Barnala,Rice,2022-23,928.09,2060.0,1.15,6.01,5249.0,,Insufficient,0,,,
Punjab,Barnala,Rice,2023-24,996.84,2203.0,1.15,6.1,5327.0,23.007994455981017,Good,3,Rainfall anomaly,Area trend,
Punjab,Barnala,Rice,2024-25,804.41,2320.0,1.15,5.62,4909.0,17.57602371369062,Good,3,Rainfall anomaly,,
Punjab,Barnala,Wheat,2021-22,768.5,2015.0,1.15,5.25,4573.0,,Insufficient,0,,,
Punjab,Barnala,Wheat,2022-23,928.09,2125.0,1.13,5.74,5063.0,,Insufficient,0,,,
Punjab,Barnala,Wheat,2023-24,996.84,2275.0,1.13,6.28,5544.0,25.21010030039705,Good,3,Rainfall anomaly,Area trend,
Punjab,Barnala,Wheat,2024-25,804.41,2476.6666666666665,1.14,6.03,5276.0,17.57602371369062,Good,3,Rainfall anomaly,,
Punjab,Bathinda,Maize,2021-22,542.75,,0.0,0.0,4000.0,,Insufficient,0,,,
Punjab,Bathinda,Maize,2022-23,795.59,,0.0,0.01,4500.0,,Insufficient,0,,,
Punjab,Bathinda,Maize,2023-24,646.88,2173.16,0.01,0.02,3827.0,46.15384615384616,Limited,2,Rainfall anomaly,,
Punjab,Bathinda,Maize,2024-25,643.8100000000001,2138.47,0.0,0.0,4200.0,41.97239117948088,Limited,2,Yield trend,Rainfall anomaly,
Punjab,Bathinda,Rice,2021-22,542.75,1978.3333333333333,1.8,8.29,4595.0,,Insufficient,0,,,
Punjab,Bathinda,Rice,2022-23,795.59,2060.0,1.9,9.01,4747.0,,Insufficient,0,,,
Punjab,Bathinda,Rice,2023-24,646.88,2203.0,2.0,9.49,4745.0,35.294117647058826,Good,3,Rainfall anomaly,,
Punjab,Bathinda,Rice,2024-25,643.8100000000001,2320.0,2.17,9.81,4530.0,3.4243613903448593,Good,3,Rainfall anomaly,Yield trend,
Punjab,Bathinda,Wheat,2021-22,542.75,2015.0,2.61,11.49,4407.0,,Insufficient,0,,,
Punjab,Bathinda,Wheat,2022-23,795.59,2103.333333333333,2.54,12.57,4950.0,,Insufficient,0,,,
Punjab,Bathinda,Wheat,2023-24,646.88,2275.0,2.54,12.68,4986.0,42.028002565405984,Good,3,Rainfall anomaly,Area trend,
Punjab,Bathinda,Wheat,2024-25,643.8100000000001,2425.0,2.55,13.66,5350.0,3.3433597121211833,Good,3,Rainfall anomaly,,
Punjab,Faridkot,Maize,2021-22,630.93,,0.0,0.01,4000.0,,Insufficient,0,,,
Punjab,Faridkot,Rice,2021-22,630.93,1978.3433333333328,1.16,5.03,4347.0,,Insufficient,0,,,
Punjab,Faridkot,Rice,2022-23,865.5600000000001,2061.6666666666665,1.16,5.19,4478.0,,Insufficient,0,,,
Punjab,Faridkot,Rice,2023-24,843.99,2203.0,1.17,5.4,4618.0,35.294117647058826,Good,3,Rainfall anomaly,,
Punjab,Faridkot,Rice,2024-25,708.94,2320.0,1.17,5.14,4388.0,12.843452356368795,Good,3,Rainfall anomaly,,
Punjab,Faridkot,Wheat,2021-22,630.93,2015.0,1.16,5.29,4580.0,,Insufficient,0,,,
Punjab,Faridkot,Wheat,2022-23,865.5600000000001,2125.0,1.15,5.05,4376.0,,Insufficient,0,,,
Punjab,Faridkot,Wheat,2023-24,843.99,2275.0,1.15,6.04,5258.0,46.02201440889372,Good,3,Rainfall anomaly,Yield trend,Area trend
Punjab,Faridkot,Wheat,2024-25,708.94,2425.0,1.15,6.08,5289.0,12.843452356368795,Good,3,Rainfall anomaly,,
Punjab,Fatehgarh Sahib,Maize,2022-23,1202.13,1071.29,0.0,0.01,4500.0,,Insufficient,0,,,
Punjab,Fatehgarh Sahib,Maize,2023-24,1093.66,1575.4716666666666,0.0,0.01,3827.0,,Very Limited,1,Rainfall anomaly,,
Punjab,Fatehgarh Sahib,Maize,2024-25,1047.61,2263.875,0.0,0.01,4250.0,38.59490242124553,Limited,2,Yield trend,Rainfall anomaly,
Punjab,Fatehgarh Sahib,Rice,2021-22,968.74,1960.0,0.87,4.12,4719.0,,Insufficient,0,,,
Punjab,Fatehgarh Sahib,Rice,2022-23,1202.13,2060.0,0.87,3.52,4027.0,,Insufficient,0,,,
Punjab,Fatehgarh Sahib,Rice,2023-24,1093.66,2203.0,0.87,4.18,4784.0,52.374446181676426,Good,3,Yield trend,Rainfall anomaly,
Punjab,Fatehgarh Sahib,Rice,2024-25,1047.61,2320.0,0.88,4.1,4675.0,0.7605741911176767,Good,3,Rainfall anomaly,,
Punjab,Fatehgarh Sahib,Wheat,2021-22,968.74,2016.77,0.85,2.9,3400.0,,Insufficient,0,,,
Punjab,Fatehgarh Sahib,Wheat,2022-23,1202.13,2125.0,0.85,4.05,4789.0,,Insufficient,0,,,
Punjab,Fatehgarh Sahib,Wheat,2023-24,1093.66,2275.0,0.85,4.17,4938.0,24.181570907545535,Good,3,Rainfall anomaly,,
Punjab,Fatehgarh Sahib,Wheat,2024-25,1047.61,2425.0,0.85,4.47,5249.0,0.7605741911176767,Good,3,Rainfall anomaly,,
Punjab,Fazilka,Maize,2021-22,487.25,,0.0,0.01,4000.0,,Insufficient,0,,,
Punjab,Fazilka,Maize,2022-23,859.34,,0.0,0.02,6000.0,,Insufficient,0,,,
Punjab,Fazilka,Maize,2024-25,633.51,1979.62,0.0,0.02,5600.0,46.15384615384616,Limited,2,Rainfall anomaly,,
Punjab,Fazilka,Rice,2021-22,487.25,1960.0,1.13,3.55,3139.0,,Insufficient,0,,,
Punjab,Fazilka,Rice,2022-23,859.34,2060.0175,1.08,3.79,3503.0,,Insufficient,0,,,
Punjab,Fazilka,Rice,2023-24,643.49,2211.3783333333336,1.16,3.81,3271.0,46.40375079300452,Good,3,Rainfall anomaly,Area trend,
Punjab,Fazilka,Rice,2024-25,633.51,2320.0175,1.28,4.29,3349.0,17.176183723410787,Good,3,Yield trend,Rainfall anomaly,
Punjab,Fazilka,Wheat,2021-22,487.25,2015.12,2.04,8.73,4277.0,,Insufficient,0,,,
Punjab,Fazilka,Wheat,2022-23,859.34,2125.0025,2.0,9.25,4625.0,,Insufficient,0,,,
Punjab,Fazilka,Wheat,2023-24,643.49,2275.03,1.98,9.98,5041.0,40.21720998232106,Good,3,Rainfall anomaly,Area trend,
Punjab,Fazilka,Wheat,2024-25,633.51,2425.11,1.97,9.73,4947.0,6.95395021855483,Good,3,Rainfall anomaly,Area trend,
Punjab,Ferozepur,Maize,2021-22,894.26,,0.01,0.02,2667.0,,Insufficient,0,,,
Punjab,Ferozepur,Maize,2024-25,926.82,2165.976,0.0,0.0,4200.0,,Insufficient,0,,,
Punjab,Ferozepur,Rice,2021-22,894.26,1960.0,1.88,8.27,4404.0,,Insufficient,0,,,
Punjab,Ferozepur,Rice,2022-23,1060.71,2060.0,1.87,8.97,4789.0,,Insufficient,0,,,
Punjab,Ferozepur,Rice,2023-24,1205.81,2204.25,1.87,8.53,4553.0,20.017783226559402,Good,3,Rainfall anomaly,Area trend,
Punjab,Ferozepur,Rice,2024-25,926.82,2316.6666666666665,1.87,8.72,4672.0,32.91951348827447,Good,3,Rainfall anomaly,Yield trend,
Punjab,Ferozepur,Wheat,2021-22,894.26,2015.0,1.88,8.21,4372.0,,Insufficient,0,,,
Punjab,Ferozepur,Wheat,2022-23,1060.71,2125.0,1.89,9.06,4801.0,,Insufficient,0,,,
Punjab,Ferozepur,Wheat,2023-24,1205.81,2275.0,1.89,9.65,5120.0,18.682263497312753,Good,3,Rainfall anomaly,,
Punjab,Ferozepur,Wheat,2024-25,926.82,2425.0,1.87,9.79,5223.0,23.44514179266326,Good,3,Rainfall anomaly,,
Punjab,Gurdaspur,Maize,2021-22,1191.8,,0.0,0.01,2250.0,,Insufficient,0,,,
Punjab,Gurdaspur,Maize,2022-23,1397.78,,0.0,0.02,3750.0,,Insufficient,0,,,
Punjab,Gurdaspur,Maize,2023-24,1271.93,,0.01,0.03,2972.0,22.68489329380532,Limited,2,Rainfall anomaly,,
Punjab,Gurdaspur,Maize,2024-25,1158.33,,0.0,0.01,3600.0,54.47729991309792,Limited,2,Yield trend,Rainfall anomaly,
Punjab,Gurdaspur,Rice,2021-22,1191.8,1978.3333333333333,1.75,6.71,3843.0,,Insufficient,0,,,
Punjab,Gurdaspur,Rice,2022-23,1397.78,2106.2916666666665,1.73,6.31,3643.0,,Insufficient,0,,,
Punjab,Gurdaspur,Rice,2023-24,1271.93,2203.0,1.74,6.97,4013.0,30.222324591445325,Good,3,Rainfall anomaly,Yield trend,Area trend
Punjab,Gurdaspur,Rice,2024-25,1158.33,2320.01,1.73,7.04,4072.0,1.7720925037660846,Good,3,Rainfall anomaly,,
Punjab,Gurdaspur,Wheat,2021-22,1191.8,2015.0,1.84,7.77,4221.0,,Insufficient,0,,,
Punjab,Gurdaspur,Wheat,2022-23,1397.78,2125.0,1.85,8.2,4432.0,,Insufficient,0,,,
Punjab,Gurdaspur,Wheat,2023-24,1271.93,2275.0,1.85,8.79,4751.0,17.347271342321715,Good,3,Rainfall anomaly,,
Punjab,Gurdaspur,Wheat,2024-25,1158.33,2425.0,1.86,8.99,4834.0,1.7720925037660846,Good,3,Rainfall anomaly,,
Punjab,Hoshiarpur,Maize,2021-22,1123.34,1259.7233333333334,0.53,2.15,4076.0,,Insufficient,0,,,
Punjab,Hoshiarpur,Maize,2022-23,1365.91,992.53,0.45,2.23,4914.0,,Insufficient,0,,,
Punjab,Hoshiarpur,Maize,2023-24,1348.79,1153.73,0.45,1.73,3817.0,45.20322684165391,Good,3,Area trend,Rainfall anomaly,
Punjab,Hoshiarpur,Maize,2024-25,1146.52,1450.0,0.42,1.57,3765.0,49.57673191736339,Good,3,Yield trend,Rainfall anomaly,
Punjab,Hoshiarpur,Rice,2021-22,1123.34,1960.225,0.77,2.91,3794.0,,Insufficient,0,,,
Punjab,Hoshiarpur,Rice,2022-23,1365.91,,0.81,2.55,3148.0,,Insufficient,0,,,
Punjab,Hoshiarpur,Rice,2023-24,1348.79,2203.0,0.79,3.14,4003.0,54.40927479979568,Good,3,Yield trend,Rainfall anomaly,
Punjab,Hoshiarpur,Rice,2024-25,1146.52,2320.0,0.8,3.44,4319.0,14.59971093649534,Good,3,Rainfall anomaly,Area trend,
Punjab,Hoshiarpur,Wheat,2021-22,1123.34,2015.0,1.42,5.15,3622.0,,Insufficient,0,,,
Punjab,Hoshiarpur,Wheat,2022-23,1365.91,2125.0,1.42,5.71,4028.0,,Insufficient,0,,,
Punjab,Hoshiarpur,Wheat,2023-24,1348.79,2275.0,1.44,5.97,4146.0,21.673815076948024,Good,3,Rainfall anomaly,,
Punjab,Hoshiarpur,Wheat,2024-25,1146.52,2425.0,1.46,6.33,4345.0,8.400261329128092,Good,3,Rainfall anomaly,,
Punjab,Jalandhar,Maize,2021-22,1123.34,1765.285625,0.04,0.16,3659.0,,Insufficient,0,,,
Punjab,Jalandhar,Maize,2022-23,1365.91,1951.0283333333327,0.05,0.18,4022.0,,Very Limited,1,Price volatility,,
Punjab,Jalandhar,Maize,2023-24,1348.79,1924.1330000000005,0.04,0.18,4508.0,33.422742815405826,Complete,4,Rainfall anomaly,Price volatility,
Punjab,Jalandhar,Maize,2024-25,1146.52,2386.544,0.04,0.16,4078.0,31.929673093833976,Good,3,Area trend,Rainfall anomaly,
Punjab,Jalandhar,Rice,2021-22,1123.34,1960.0,1.75,7.47,4276.0,,Insufficient,0,,,
Punjab,Jalandhar,Rice,2022-23,1365.91,2060.0,1.76,7.33,4174.0,,Insufficient,0,,,
Punjab,Jalandhar,Rice,2023-24,1348.79,2203.0,1.74,7.8,4491.0,26.259938391475284,Good,3,Rainfall anomaly,Yield trend,
Punjab,Jalandhar,Rice,2024-25,1146.52,2480.0,1.76,7.91,4507.0,11.25341711433688,Good,3,Rainfall anomaly,Area trend,
Punjab,Jalandhar,Wheat,2021-22,1123.34,2015.0,1.73,7.32,4224.0,,Insufficient,0,,,
Punjab,Jalandhar,Wheat,2022-23,1365.91,2125.0,1.73,7.54,4350.0,,Insufficient,0,,,
Punjab,Jalandhar,Wheat,2023-24,1348.79,2275.0,1.74,8.2,4728.0,21.673815076948024,Good,3,Rainfall anomaly,,
Punjab,Jalandhar,Wheat,2024-25,1146.52,2405.0,1.73,8.69,5012.0,8.400261329128092,Good,3,Rainfall anomaly,,
Punjab,Kapurthala,Maize,2021-22,967.55,1347.29,0.01,0.04,5125.0,,Insufficient,0,,,
Punjab,Kapurthala,Maize,2022-23,1106.64,1344.285,0.01,0.03,2700.0,,Insufficient,0,,,
Punjab,Kapurthala,Maize,2023-24,1135.06,1255.01,0.01,0.03,2553.0,55.60532956640755,Good,3,Yield trend,Rainfall anomaly,
Punjab,Kapurthala,Maize,2024-25,963.72,1542.8233333333335,0.01,0.05,4091.0,19.948521160292152,Good,3,Yield trend,Rainfall anomaly,
Punjab,Kapurthala,Rice,2021-22,967.55,1960.0,1.19,5.03,4220.0,,Insufficient,0,,,
Punjab,Kapurthala,Rice,2022-23,1106.64,2060.0,1.19,5.09,4274.0,,Insufficient,0,,,
Punjab,Kapurthala,Rice,2023-24,1135.06,2203.0,1.19,5.52,4634.0,14.428858978172244,Good,3,Rainfall anomaly,,
Punjab,Kapurthala,Rice,2024-25,963.72,2320.0,1.17,5.59,4791.0,9.481169293701658,Good,3,Rainfall anomaly,,
Punjab,Kapurthala,Wheat,2021-22,967.55,2015.0,1.1,4.39,3991.0,,Insufficient,0,,,
Punjab,Kapurthala,Wheat,2022-23,1106.64,2125.0,1.09,4.84,4459.0,,Insufficient,0,,,
Punjab,Kapurthala,Wheat,2023-24,1135.06,2275.005,1.06,5.23,4923.0,16.71138360633929,Good,3,Rainfall anomaly,Area trend,
Punjab,Kapurthala,Wheat,2024-25,963.72,2425.0950000000003,1.07,5.49,5111.0,16.39156495695966,Good,3,Rainfall anomaly,Area trend,
Punjab,Ludhiana,Maize,2021-22,894.26,1686.63,0.01,0.03,2833.0,,Insufficient,0,,,
Punjab,Ludhiana,Maize,2022-23,1060.71,1849.5825,0.01,0.02,2667.0,,Insufficient,0,,,
Punjab,Ludhiana,Maize,2023-24,1205.81,1996.805,0.01,0.03,3112.0,29.947615499363074,Good,3,Rainfall anomaly,Yield trend,
Punjab,Ludhiana,Maize,2024-25,926.82,2181.698,0.01,0.02,3660.0,23.44514179266326,Good,3,Rainfall anomaly,,
Punjab,Ludhiana,Rice,2021-22,894.26,1973.3333333333333,2.59,12.46,4816.0,,Insufficient,0,,,
Punjab,Ludhiana,Rice,2022-23,1060.71,2572.1833333333334,2.59,12.36,4776.0,,Insufficient,0,,,
Punjab,Ludhiana,Rice,2023-24,1205.81,2204.6666666666665,2.59,13.14,5076.0,20.279086448009654,Good,3,Rainfall anomaly,Yield trend,
Punjab,Ludhiana,Rice,2024-25,926.82,2320.0,2.58,12.42,4812.0,23.44514179266326,Good,3,Rainfall anomaly,,
Punjab,Ludhiana,Wheat,2021-22,894.26,2015.0,2.44,10.44,4275.0,,Insufficient,0,,,
Punjab,Ludhiana,Wheat,2022-23,1060.71,2125.0,2.45,11.23,4591.0,,Insufficient,0,,,
Punjab,Ludhiana,Wheat,2023-24,1205.81,2275.0,2.44,12.18,4999.0,18.682263497312753,Good,3,Rainfall anomaly,,
Punjab,Ludhiana,Wheat,2024-25,926.82,2498.145,2.4,12.33,5132.0,24.469948768575,Good,3,Rainfall anomaly,Area trend,
Punjab,Malerkotla,Maize,2021-22,768.5,,0.0,0.0,4000.0,,Insufficient,0,,,
Punjab,Malerkotla,Maize,2022-23,928.09,,0.0,0.01,4500.0,,Insufficient,0,,,
Punjab,Malerkotla,Maize,2023-24,996.84,2155.96,0.0,0.01,3827.0,27.25692573774684,Limited,2,Rainfall anomaly,,
Punjab,Malerkotla,Maize,2024-25,804.41,2320.0,0.0,0.01,4250.0,60.58433641230245,Limited,2,Yield trend,Rainfall anomaly,
Punjab,Malerkotla,Rice,2021-22,768.5,1960.0,0.53,2.79,5254.0,,Insufficient,0,,,
Punjab,Malerkotla,Rice,2022-23,928.09,2081.6666666666665,0.53,2.77,5236.0,,Insufficient,0,,,
Punjab,Malerkotla,Rice,2023-24,996.84,2203.0,0.53,2.98,5642.0,21.502198119285488,Good,3,Rainfall anomaly,Yield trend,
Punjab,Malerkotla,Rice,2024-25,804.41,2320.0,0.53,2.83,5328.0,17.57602371369062,Good,3,Rainfall anomaly,,
Punjab,Malerkotla,Wheat,2021-22,768.5,2015.0,0.52,2.27,4332.0,,Insufficient,0,,,
Punjab,Malerkotla,Wheat,2022-23,928.09,2125.0,0.52,2.59,4962.0,,Insufficient,0,,,
Punjab,Malerkotla,Wheat,2023-24,996.84,2275.0,0.52,2.85,5485.0,20.84353144651229,Good,3,Rainfall anomaly,,
Punjab,Malerkotla,Wheat,2024-25,804.41,2425.0,0.52,2.84,5439.0,17.57602371369062,Good,3,Rainfall anomaly,,
Punjab,Mansa,Maize,2021-22,711.85,,0.0,0.0,4000.0,,Insufficient,0,,,
Punjab,Mansa,Maize,2022-23,835.71,,0.0,0.0,4000.0,,Insufficient,0,,,
Punjab,Mansa,Maize,2023-24,728.2,,0.0,0.0,3827.0,22.837978214136886,Limited,2,Rainfall anomaly,,
Punjab,Mansa,Maize,2024-25,721.61,,0.0,0.0,4200.0,18.605284288890417,Limited,2,Yield trend,Rainfall anomaly,
Punjab,Mansa,Rice,2021-22,711.85,1978.3333333333333,1.23,5.61,4572.0,,Insufficient,0,,,
Punjab,Mansa,Rice,2022-23,835.71,2081.6666666666665,1.26,5.93,4695.0,,Insufficient,0,,,
Punjab,Mansa,Rice,2023-24,728.2,2203.0,1.34,6.16,4608.0,17.464336281398793,Good,3,Rainfall anomaly,,
Punjab,Mansa,Rice,2024-25,721.61,2320.0,1.44,6.38,4434.0,9.475032918807134,Good,3,Rainfall anomaly,Yield trend,
Punjab,Mansa,Wheat,2021-22,711.85,2015.0,1.73,7.68,4452.0,,Insufficient,0,,,
Punjab,Mansa,Wheat,2022-23,835.71,2125.0,1.71,8.54,5001.0,,Insufficient,0,,,
Punjab,Mansa,Wheat,2023-24,728.2,2275.0,1.73,9.57,5537.0,20.366968756524496,Good,3,Rainfall anomaly,Area trend,
Punjab,Mansa,Wheat,2024-25,721.61,2425.0,1.72,9.08,5276.0,5.912434187399274,Good,3,Rainfall anomaly,,
Punjab,Moga,Maize,2021-22,773.82,,0.0,0.02,5000.0,,Insufficient,0,,,
Punjab,Moga,Maize,2022-23,935.08,,0.0,0.01,5500.0,,Insufficient,0,,,
Punjab,Moga,Maize,2023-24,1010.65,,0.0,0.01,3827.0,27.35279894755827,Limited,2,Rainfall anomaly,,
Punjab,Moga,Maize,2024-25,809.16,,0.0,0.01,4250.0,77.84052892613303,Limited,2,Yield trend,Rainfall anomaly,
Punjab,Moga,Rice,2021-22,773.82,2140.0,1.82,8.61,4739.0,,Insufficient,0,,,
Punjab,Moga,Rice,2022-23,935.08,2060.0,1.83,9.27,5060.0,,Insufficient,0,,,
Punjab,Moga,Rice,2023-24,1010.65,2203.0,1.83,9.46,5163.0,20.916846254015148,Good,3,Rainfall anomaly,,
Punjab,Moga,Rice,2024-25,809.16,2241.1775,1.85,8.72,4721.0,18.3486397670429,Good,3,Rainfall anomaly,,
Punjab,Moga,Wheat,2021-22,773.82,2017.5,1.78,7.78,4373.0,,Insufficient,0,,,
Punjab,Moga,Wheat,2022-23,935.08,2125.0,1.78,8.46,4752.0,,Insufficient,0,,,
Punjab,Moga,Wheat,2023-24,1010.65,2275.5,1.78,9.54,5370.0,20.916846254015148,Good,3,Rainfall anomaly,,
Punjab,Moga,Wheat,2024-25,809.16,2430.0,1.76,9.44,5360.0,18.3486397670429,Good,3,Rainfall anomaly,,
Punjab,Pathankot,Maize,2021-22,1420.5,,0.06,0.24,4034.0,,Insufficient,0,,,
Punjab,Pathankot,Maize,2022-23,1913.02,,0.07,0.19,2714.0,,Insufficient,0,,,
Punjab,Pathankot,Maize,2023-24,1534.46,,0.07,0.22,3199.0,75.97750329890805,Good,3,Yield trend,Rainfall anomaly,
Punjab,Pathankot,Maize,2024-25,1449.33,,0.06,0.2,3313.0,7.967026720137706,Good,3,Rainfall anomaly,,
Punjab,Pathankot,Rice,2021-22,1420.5,,0.28,0.97,3514.0,,Insufficient,0,,,
Punjab,Pathankot,Rice,2022-23,1913.02,,0.3,0.82,2724.0,,Insufficient,0,,,
Punjab,Pathankot,Rice,2023-24,1534.46,,0.3,1.19,3952.0,75.97750329890805,Good,3,Yield trend,Rainfall anomaly,
Punjab,Pathankot,Rice,2024-25,1449.33,,0.27,1.0,3648.0,7.967026720137706,Good,3,Rainfall anomaly,,
Punjab,Pathankot,Wheat,2021-22,1420.5,,0.39,1.44,3655.0,,Insufficient,0,,,
Punjab,Pathankot,Wheat,2022-23,1913.02,,0.4,1.6,3998.0,,Insufficient,0,,,
Punjab,Pathankot,Wheat,2023-24,1534.46,,0.41,1.62,3993.0,34.80103271067276,Good,3,Rainfall anomaly,,
Punjab,Pathankot,Wheat,2024-25,1449.33,,0.4,1.68,4184.0,8.207468795255142,Good,3,Rainfall anomaly,Yield trend,
Punjab,Patiala,Maize,2022-23,1107.44,1587.4,0.01,0.02,2714.0,,Insufficient,0,,,
Punjab,Patiala,Maize,2023-24,807.19,1322.7825,0.01,0.02,2746.0,,Very Limited,1,Rainfall anomaly,,
Punjab,Patiala,Maize,2024-25,892.31,1927.575,0.01,0.04,5029.0,22.1543199283323,Good,3,Rainfall anomaly,,
Punjab,Patiala,Rice,2021-22,964.2,1960.0,2.34,10.08,4313.0,,Insufficient,0,,,
Punjab,Patiala,Rice,2022-23,1107.44,2060.0,2.34,9.66,4135.0,,Insufficient,0,,,
Punjab,Patiala,Rice,2023-24,807.19,2203.0,2.34,10.54,4514.0,22.845574374671926,Good,3,Rainfall anomaly,Yield trend,
Punjab,Patiala,Rice,2024-25,892.31,2320.0,2.33,10.45,4483.0,22.1543199283323,Good,3,Rainfall anomaly,,
Punjab,Patiala,Wheat,2021-22,964.2,2015.0,2.34,9.07,3884.0,,Insufficient,0,,,
Punjab,Patiala,Wheat,2022-23,1107.44,2125.0,2.33,11.45,4908.0,,Insufficient,0,,,
Punjab,Patiala,Wheat,2023-24,807.19,2275.0,2.33,11.54,4957.0,15.983978708253945,Good,3,Rainfall anomaly,Area trend,
Punjab,Patiala,Wheat,2024-25,892.31,2421.3766666666666,2.31,11.65,5038.0,22.1543199283323,Good,3,Rainfall anomaly,,
Punjab,Rupnagar,Maize,2021-22,1060.59,,0.07,0.29,4056.0,,Insufficient,0,,,
Punjab,Rupnagar,Maize,2022-23,1359.03,,0.21,0.82,3980.0,,Insufficient,0,,,
Punjab,Rupnagar,Maize,2023-24,1308.7,,0.2,0.83,4066.0,31.845989497756005,Good,3,Rainfall anomaly,Yield trend,
Punjab,Rupnagar,Maize,2024-25,1191.48,,0.2,1.12,5534.0,20.160441335072424,Good,3,Area trend,Rainfall anomaly,
Punjab,Rupnagar,Rice,2021-22,1060.59,1960.2825,0.4,1.69,4214.0,,Insufficient,0,,,
Punjab,Rupnagar,Rice,2022-23,1359.03,,0.41,1.49,3652.0,,Insufficient,0,,,
Punjab,Rupnagar,Rice,2023-24,1308.7,2203.0,0.41,1.69,4143.0,53.883945961470985,Good,3,Rainfall anomaly,Yield trend,
Punjab,Rupnagar,Rice,2024-25,1191.48,2320.0,0.42,1.71,4108.0,8.204359949435606,Good,3,Rainfall anomaly,,
Punjab,Rupnagar,Wheat,2021-22,1060.59,,0.69,2.48,3615.0,,Insufficient,0,,,
Punjab,Rupnagar,Wheat,2022-23,1359.03,,0.68,3.06,4511.0,,Insufficient,0,,,
Punjab,Rupnagar,Wheat,2023-24,1308.7,2275.0,0.67,3.2,4759.0,31.882339102803687,Good,3,Rainfall anomaly,Area trend,
Punjab,Rupnagar,Wheat,2024-25,1191.48,2425.0,0.67,3.12,4630.0,11.89667920088229,Good,3,Rainfall anomaly,Area trend,
Punjab,S.A.S Nagar,Maize,2021-22,1297.57,,0.01,0.02,3000.0,,Insufficient,0,,,
Punjab,S.A.S Nagar,Maize,2022-23,1567.66,1137.31,0.03,0.1,2912.0,,Insufficient,0,,,
Punjab,S.A.S Nagar,Maize,2023-24,1301.31,1450.0,0.05,0.16,3531.0,26.531898754736403,Good,3,Rainfall anomaly,Yield trend,
Punjab,S.A.S Nagar,Maize,2024-25,1447.69,1868.6933333333327,0.05,0.2,4551.0,9.199437409278271,Good,3,Rainfall anomaly,,
Punjab,S.A.S Nagar,Rice,2021-22,1297.57,1960.0,0.32,1.13,3509.0,,Insufficient,0,,,
Punjab,S.A.S Nagar,Rice,2022-23,1567.66,2060.0,0.42,1.27,3024.0,,Insufficient,0,,,
Punjab,S.A.S Nagar,Rice,2023-24,1301.31,2203.0,0.34,1.35,4030.0,47.46540928736266,Good,3,Yield trend,Rainfall anomaly,
Punjab,S.A.S Nagar,Rice,2024-25,1447.69,2320.0,0.33,1.27,3884.0,32.72884917398416,Good,3,Area trend,Rainfall anomaly,
Punjab,S.A.S Nagar,Wheat,2021-22,1297.57,2015.0,0.5,1.86,3713.0,,Insufficient,0,,,
Punjab,S.A.S Nagar,Wheat,2022-23,1567.66,2324.24,0.53,2.17,4094.0,,Insufficient,0,,,
Punjab,S.A.S Nagar,Wheat,2023-24,1301.31,2376.2166666666667,0.52,2.21,4242.0,20.892345912328462,Good,3,Rainfall anomaly,,
Punjab,S.A.S Nagar,Wheat,2024-25,1447.69,2732.628571428572,0.52,2.41,4680.0,13.936752675285318,Good,3,Rainfall anomaly,Area trend,
Punjab,Sangrur,Maize,2021-22,711.85,1753.3066666666666,0.0,0.01,4000.0,,Insufficient,0,,,
Punjab,Sangrur,Maize,2022-23,835.71,1471.48,0.0,0.0,4000.0,,Insufficient,0,,,
Punjab,Sangrur,Maize,2023-24,728.2,1876.942,0.0,0.01,3827.0,22.837978214136886,Limited,2,Rainfall anomaly,,
Punjab,Sangrur,Maize,2024-25,721.61,2034.07,0.0,0.0,4200.0,18.605284288890417,Limited,2,Yield trend,Rainfall anomaly,
Punjab,Sangrur,Rice,2021-22,711.85,1960.0,2.39,11.95,5006.0,,Insufficient,0,,,
Punjab,Sangrur,Rice,2022-23,835.71,2081.6666666666665,2.39,12.31,5157.0,,Insufficient,0,,,
Punjab,Sangrur,Rice,2023-24,728.2,2203.0,2.39,12.35,5177.0,17.464336281398793,Good,3,Rainfall anomaly,,
Punjab,Sangrur,Rice,2024-25,721.61,2320.0,2.41,11.69,4853.0,5.912434187399274,Good,3,Rainfall anomaly,,
Punjab,Sangrur,Wheat,2021-22,711.85,2015.0,2.39,9.89,4142.0,,Insufficient,0,,,
Punjab,Sangrur,Wheat,2022-23,835.71,2125.295,2.39,12.58,5269.0,,Insufficient,0,,,
Punjab,Sangrur,Wheat,2023-24,728.2,2275.025,2.39,13.23,5529.0,17.464336281398793,Good,3,Rainfall anomaly,,
Punjab,Sangrur,Wheat,2024-25,721.61,2425.19,2.4,13.25,5519.0,5.912434187399274,Good,3,Rainfall anomaly,,
Punjab,Shahid Bhagat Singh Nagar,Maize,2021-22,1060.59,1622.9516666666666,0.21,0.68,3159.0,,Insufficient,0,,,
Punjab,Shahid Bhagat Singh Nagar,Maize,2022-23,1359.03,1602.785,0.07,0.36,5600.0,,Insufficient,0,,,
Punjab,Shahid Bhagat Singh Nagar,Maize,2023-24,1308.7,1556.14,0.07,0.3,4677.0,51.77294348927231,Good,3,Rainfall anomaly,Area trend,
Punjab,Shahid Bhagat Singh Nagar,Maize,2024-25,781.01,2356.35,0.05,0.26,4819.0,39.892512994540304,Good,3,Yield trend,Rainfall anomaly,
Punjab,Shahid Bhagat Singh Nagar,Rice,2021-22,1060.59,1960.03,0.61,2.75,4516.0,,Insufficient,0,,,
Punjab,Shahid Bhagat Singh Nagar,Rice,2022-23,1359.03,2060.0,0.63,2.24,3556.0,,Insufficient,0,,,
Punjab,Shahid Bhagat Singh Nagar,Rice,2023-24,1308.7,,0.63,2.92,4622.0,69.11314729882481,Good,3,Yield trend,Rainfall anomaly,
Punjab,Shahid Bhagat Singh Nagar,Rice,2024-25,781.01,2321.6666666666665,0.63,2.87,4538.0,8.204359949435606,Good,3,Rainfall anomaly,,
Punjab,Shahid Bhagat Singh Nagar,Wheat,2021-22,1060.59,2006.318,0.77,2.99,3868.0,,Insufficient,0,,,
Punjab,Shahid Bhagat Singh Nagar,Wheat,2022-23,1359.03,2098.445,0.78,3.86,4946.0,,Insufficient,0,,,
Punjab,Shahid Bhagat Singh Nagar,Wheat,2023-24,1308.7,2276.6666666666665,0.78,3.7,4756.0,28.243531724566427,Good,3,Rainfall anomaly,,
Punjab,Shahid Bhagat Singh Nagar,Wheat,2024-25,781.01,2556.07875,0.78,3.9,5019.0,15.589908234947602,Good,3,Rainfall anomaly,Yield trend,
Punjab,Sri Muktsar Sahib,Maize,2021-22,487.25,1017.1866666666666,0.08,0.41,5338.0,,Insufficient,0,,,
Punjab,Sri Muktsar Sahib,Maize,2022-23,859.34,1140.4766666666667,0.0,0.01,4500.0,,Insufficient,0,,,
Punjab,Sri Muktsar Sahib,Rice,2021-22,487.25,1960.0,1.83,7.66,4177.0,,Insufficient,0,,,
Punjab,Sri Muktsar Sahib,Rice,2022-23,859.34,2688.333333333333,1.83,7.54,4120.0,,Insufficient,0,,,
Punjab,Sri Muktsar Sahib,Rice,2023-24,643.49,2203.0,1.88,7.64,4075.0,37.917693549870116,Good,3,Rainfall anomaly,Yield trend,
Punjab,Sri Muktsar Sahib,Rice,2024-25,633.51,2320.0,2.02,8.41,4173.0,6.5430728234147475,Good,3,Rainfall anomaly,Yield trend,
Punjab,Sri Muktsar Sahib,Wheat,2021-22,487.25,2015.0,2.19,9.92,4526.0,,Insufficient,0,,,
Punjab,Sri Muktsar Sahib,Wheat,2022-23,859.34,2125.0,2.17,10.19,4694.0,,Insufficient,0,,,
Punjab,Sri Muktsar Sahib,Wheat,2023-24,643.49,2275.0,2.17,11.8,5444.0,37.58706476211247,Good,3,Rainfall anomaly,Area trend,
Punjab,Sri Muktsar Sahib,Wheat,2024-25,633.51,2425.0,2.18,11.71,5379.0,4.443173127571092,Good,3,Rainfall anomaly,,
Punjab,Tarn Taran,Maize,2021-22,967.55,,0.0,0.01,4000.0,,Insufficient,0,,,
Punjab,Tarn Taran,Maize,2022-23,1106.64,,0.0,0.01,4333.0,,Insufficient,0,,,
Punjab,Tarn Taran,Maize,2023-24,1135.06,,0.0,0.01,3827.0,18.868507894532932,Limited,2,Rainfall anomaly,,
Punjab,Tarn Taran,Maize,2024-25,963.72,,0.0,0.0,4200.0,41.758086995676955,Limited,2,Yield trend,Rainfall anomaly,
Punjab,Tarn Taran,Rice,2021-22,967.55,1978.3333333333333,1.82,7.24,3978.0,,Insufficient,0,,,
Punjab,Tarn Taran,Rice,2022-23,1106.64,1993.3975,1.82,7.64,4189.0,,Insufficient,0,,,
Punjab,Tarn Taran,Rice,2023-24,1135.06,2203.0,1.75,7.43,4247.0,14.428858978172244,Good,3,Rainfall anomaly,,
Punjab,Tarn Taran,Rice,2024-25,963.72,2320.0,1.85,7.93,4280.0,19.138004259023738,Good,3,Area trend,Rainfall anomaly,
Punjab,Tarn Taran,Wheat,2021-22,967.55,2015.0,1.86,7.96,4291.0,,Insufficient,0,,,
Punjab,Tarn Taran,Wheat,2022-23,1106.64,2125.0,1.9,8.86,4670.0,,Insufficient,0,,,
Punjab,Tarn Taran,Wheat,2023-24,1135.06,2275.0,1.93,9.61,4992.0,14.428858978172244,Good,3,Rainfall anomaly,,
Punjab,Tarn Taran,Wheat,2024-25,963.72,2425.0,1.93,9.59,4973.0,9.481169293701658,Good,3,Rainfall anomaly,,
Uttar Pradesh,Agra,Maize,2021-22,858.71,1742.188,0.0,0.01,2900.0,,Insufficient,0,,,
Uttar Pradesh,Agra,Maize,2022-23,822.0,2243.43,0.01,0.02,2800.0,,Very Limited,1,Price volatility,,
Uttar Pradesh,Agra,Maize,2023-24,659.05,2160.0,0.05,0.15,3189.0,20.511100180171777,Good,3,Price volatility,Yield trend,Rainfall anomaly
Uttar Pradesh,Agra,Maize,2024-25,1104.7,2281.54,0.01,0.05,3483.0,21.654915415951148,Good,3,Rainfall anomaly,,
Uttar Pradesh,Agra,Rice,2021-22,858.71,,0.05,0.13,2561.0,,Insufficient,0,,,
Uttar Pradesh,Agra,Rice,2022-23,822.0,,0.07,0.18,2688.0,,Insufficient,0,,,
Uttar Pradesh,Agra,Rice,2023-24,659.05,,0.06,0.14,2616.0,4.290889820042188,Good,3,Rainfall anomaly,,
Uttar Pradesh,Agra,Rice,2024-25,1104.7,,0.17,0.47,2729.0,50.334081196654544,Good,3,Area trend,Rainfall anomaly,Yield trend
Uttar Pradesh,Agra,Wheat,2021-22,858.71,1958.9104166666664,1.42,5.73,4050.0,,Insufficient,0,,,
Uttar Pradesh,Agra,Wheat,2022-23,822.0,2369.090833333333,1.31,5.53,4222.0,,Very Limited,1,Price volatility,,
Uttar Pradesh,Agra,Wheat,2023-24,659.05,2418.009583333333,1.21,5.1,4229.0,31.884074469825446,Complete,4,Area trend,Price volatility,Rainfall anomaly
Uttar Pradesh,Agra,Wheat,2024-25,1104.7,2670.1158333333333,1.25,5.22,4165.0,40.387913400720244,Complete,4,Rainfall anomaly,Area trend,Price volatility
Uttar Pradesh,Aligarh,Maize,2021-22,941.67,1760.9225,0.21,0.53,2452.0,,Insufficient,0,,,
Uttar Pradesh,Aligarh,Maize,2022-23,818.96,2227.94625,0.23,0.57,2467.0,,Very Limited,1,Price volatility,,
Uttar Pradesh,Aligarh,Maize,2023-24,681.55,2083.2658333333334,0.3,0.87,2889.0,19.971693109718917,Complete,4,Rainfall anomaly,Price volatility,
Uttar Pradesh,Aligarh,Maize,2024-25,887.1,2292.4925,0.16,0.48,2997.0,24.101833995390006,Complete,4,Rainfall anomaly,Price volatility,
Uttar Pradesh,Aligarh,Rice,2021-22,941.67,2235.564,0.88,2.2,2494.0,,Insufficient,0,,,
Uttar Pradesh,Aligarh,Rice,2022-23,818.96,2602.35,0.89,2.23,2500.0,,Insufficient,0,,,
Uttar Pradesh,Aligarh,Rice,2023-24,681.55,2540.6675,0.84,2.16,2562.0,13.079487294112925,Good,3,Rainfall anomaly,,
Uttar Pradesh,Aligarh,Rice,2024-25,887.1,2187.454444444445,1.89,4.91,2600.0,40.53864291608406,Complete,4,Rainfall anomaly,Area trend,Price volatility
Uttar Pradesh,Aligarh,Wheat,2021-22,941.67,1954.4979166666665,2.33,9.76,4195.0,,Insufficient,0,,,
Uttar Pradesh,Aligarh,Wheat,2022-23,818.96,2368.18625,1.82,7.64,4196.0,,Very Limited,1,Price volatility,,
Uttar Pradesh,Aligarh,Wheat,2023-24,681.55,2382.712916666667,1.93,7.69,3976.0,42.3762178753594,Complete,4,Area trend,Price volatility,Rainfall anomaly
Uttar Pradesh,Aligarh,Wheat,2024-25,887.1,2600.8754166666663,1.84,6.94,3764.0,33.04665089309418,Complete,4,Rainfall anomaly,Yield trend,Price volatility
Uttar Pradesh,Ambedkar Nagar,Maize,2021-22,1077.82,,0.01,0.02,1925.0,,Insufficient,0,,,
Uttar Pradesh,Ambedkar Nagar,Maize,2022-23,1009.66,,0.01,0.01,1687.0,,Insufficient,0,,,
Uttar Pradesh,Ambedkar Nagar,Maize,2023-24,866.36,,0.01,0.02,2053.0,30.11737190276375,Good,3,Yield trend,Rainfall anomaly,
Uttar Pradesh,Ambedkar Nagar,Maize,2024-25,1058.02,,0.0,0.01,2127.0,17.05775302027302,Good,3,Rainfall anomaly,,
Uttar Pradesh,Ambedkar Nagar,Rice,2021-22,1077.82,,1.28,3.51,2748.0,,Insufficient,0,,,
Uttar Pradesh,Ambedkar Nagar,Rice,2022-23,1009.66,,1.16,3.17,2725.0,,Insufficient,0,,,
Uttar Pradesh,Ambedkar Nagar,Rice,2023-24,866.36,,1.07,3.14,2927.0,31.48590951811253,Good,3,Area trend,Rainfall anomaly,Yield trend
Uttar Pradesh,Ambedkar Nagar,Rice,2024-25,1058.02,,1.52,4.76,3129.0,36.53792010549163,Good,3,Area trend,Rainfall anomaly,
Uttar Pradesh,Ambedkar Nagar,Wheat,2021-22,1077.82,,1.24,4.56,3684.0,,Insufficient,0,,,
Uttar Pradesh,Ambedkar Nagar,Wheat,2022-23,1009.66,,1.18,4.02,3398.0,,Insufficient,0,,,
Uttar Pradesh,Ambedkar Nagar,Wheat,2023-24,866.36,,1.12,4.0,3557.0,33.421803857588344,Good,3,Yield trend,Area trend,Rainfall anomaly
Uttar Pradesh,Ambedkar Nagar,Wheat,2024-25,1058.02,,1.1,4.26,3890.0,29.824416194766552,Good,3,Rainfall anomaly,Area trend,
Uttar Pradesh,Amethi,Maize,2021-22,1144.48,,0.01,0.01,1680.0,,Insufficient,0,,,
Uttar Pradesh,Amethi,Maize,2022-23,994.85,,0.01,0.01,1637.0,,Insufficient,0,,,
Uttar Pradesh,Amethi,Maize,2023-24,836.5600000000001,,0.02,0.06,2633.0,18.0434783630698,Good,3,Rainfall anomaly,Yield trend,
Uttar Pradesh,Amethi,Maize,2024-25,1111.83,,0.01,0.02,3391.0,21.873249273165026,Good,3,Rainfall anomaly,,
Uttar Pradesh,Amethi,Rice,2021-22,1144.48,1485.78375,1.2,2.89,2409.0,,Insufficient,0,,,
Uttar Pradesh,Amethi,Rice,2022-23,994.85,1841.8375,1.2,3.23,2690.0,,Very Limited,1,Price volatility,,
Uttar Pradesh,Amethi,Rice,2023-24,836.5600000000001,2084.464166666666,1.13,3.17,2804.0,23.800221568695182,Complete,4,Price volatility,Rainfall anomaly,
Uttar Pradesh,Amethi,Rice,2024-25,1111.83,2268.6181818181817,0.97,2.73,2796.0,36.90839892510887,Complete,4,Rainfall anomaly,Area trend,Price volatility
Uttar Pradesh,Amethi,Wheat,2021-22,1144.48,1882.6183333333336,1.39,4.45,3215.0,,Insufficient,0,,,
Uttar Pradesh,Amethi,Wheat,2022-23,994.85,2332.93875,1.3,3.81,2945.0,,Very Limited,1,Price volatility,,
Uttar Pradesh,Amethi,Wheat,2023-24,836.5600000000001,2405.055,1.2,3.43,2861.0,48.516073025494975,Complete,4,Area trend,Yield trend,Rainfall anomaly
Uttar Pradesh,Amethi,Wheat,2024-25,1111.83,2625.18,1.17,3.73,3175.0,45.08387938299908,Complete,4,Rainfall anomaly,Area trend,Price volatility
Uttar Pradesh,Amroha,Maize,2021-22,1145.66,,0.03,0.06,2384.0,,Insufficient,0,,,
Uttar Pradesh,Amroha,Maize,2022-23,1001.77,,0.03,0.06,2487.0,,Insufficient,0,,,
Uttar Pradesh,Amroha,Maize,2023-24,741.14,,0.05,0.13,2379.0,12.60620488511188,Good,3,Rainfall anomaly,,
Uttar Pradesh,Amroha,Maize,2024-25,1016.37,,0.04,0.13,3314.0,39.43817581135206,Good,3,Rainfall anomaly,Yield trend,
Uttar Pradesh,Amroha,Rice,2021-22,1145.66,1979.61625,0.27,0.74,2760.0,,Insufficient,0,,,
Uttar Pradesh,Amroha,Rice,2022-23,1001.77,2040.0,0.29,0.71,2474.0,,Insufficient,0,,,
Uttar Pradesh,Amroha,Rice,2023-24,741.14,2183.0,0.25,0.65,2586.0,32.52853829579211,Good,3,Yield trend,Rainfall anomaly,
Uttar Pradesh,Amroha,Rice,2024-25,1016.37,,0.32,0.81,2526.0,54.6186498227399,Good,3,Rainfall anomaly,Area trend,
Uttar Pradesh,Amroha,Wheat,2021-22,1145.66,1953.29125,0.96,3.79,3948.0,,Insufficient,0,,,
Uttar Pradesh,Amroha,Wheat,2022-23,1001.77,2188.46375,0.93,3.82,4114.0,,Very Limited,1,Price volatility,,
Uttar Pradesh,Amroha,Wheat,2023-24,741.14,2288.622083333333,0.68,2.71,3984.0,22.586428042419,Complete,4,Rainfall anomaly,Area trend,Price volatility
Uttar Pradesh,Amroha,Wheat,2024-25,1016.37,2500.20625,0.87,3.19,3665.0,54.259943859346556,Complete,4,Rainfall anomaly,Area trend,Yield trend
Uttar Pradesh,Auraiya,Maize,2021-22,906.26,1748.2386363636365,0.11,0.35,3180.0,,Insufficient,0,,,
Uttar Pradesh,Auraiya,Maize,2022-23,969.62,2057.435,0.12,0.34,2928.0,,Very Limited,1,Price volatility,,
Uttar Pradesh,Auraiya,Maize,2023-24,689.94,2069.342083333333,0.15,0.45,2879.0,25.648952337263825,Complete,4,Yield trend,Price volatility,Rainfall anomaly
Uttar Pradesh,Auraiya,Maize,2024-25,995.18,2363.943333333333,0.06,0.13,2222.0,37.082033956778226,Complete,4,Rainfall anomaly,Price volatility,Yield trend
Uttar Pradesh,Auraiya,Rice,2021-22,906.26,1439.3200000000002,0.5,1.69,3404.0,,Insufficient,0,,,
Uttar Pradesh,Auraiya,Rice,2022-23,969.62,2037.857,0.58,2.15,3699.0,,Insufficient,0,,,
Uttar Pradesh,Auraiya,Rice,2023-24,689.94,2116.68,0.46,1.42,3118.0,7.017329280092721,Good,3,Rainfall anomaly,,
Uttar Pradesh,Auraiya,Rice,2024-25,995.18,2236.916,0.85,2.62,3084.0,80.26629015878203,Good,3,Yield trend,Rainfall anomaly,Area trend
Uttar Pradesh,Auraiya,Wheat,2021-22,906.26,1915.3933333333327,1.06,4.2,3968.0,,Insufficient,0,,,
Uttar Pradesh,Auraiya,Wheat,2022-23,969.62,2323.858333333333,1.03,4.3,4170.0,,Very Limited,1,Price volatility,,
Uttar Pradesh,Auraiya,Wheat,2023-24,689.94,2388.33625,0.88,3.51,3967.0,21.783977340396756,Complete,4,Price volatility,Area trend,Rainfall anomaly
Uttar Pradesh,Auraiya,Wheat,2024-25,995.18,2658.7425,0.97,3.17,3252.0,55.31042976921074,Complete,4,Rainfall anomaly,Area trend,Yield trend
Uttar Pradesh,Ayodhya,Maize,2021-22,1144.48,,0.03,0.07,2065.0,,Insufficient,0,,,
Uttar Pradesh,Ayodhya,Maize,2022-23,994.85,,0.03,0.09,2917.0,,Insufficient,0,,,
Uttar Pradesh,Ayodhya,Maize,2023-24,836.5600000000001,2158.1091666666666,0.08,0.21,2709.0,13.122602303338837,Good,3,Rainfall anomaly,,
Uttar Pradesh,Ayodhya,Maize,2024-25,1111.83,2521.931666666667,0.04,0.12,3094.0,35.55359508757919,Complete,4,Rainfall anomaly,Yield trend,Price volatility
Uttar Pradesh,Ayodhya,Rice,2021-22,1144.48,1844.339375,1.02,2.59,2539.0,,Insufficient,0,,,
Uttar Pradesh,Ayodhya,Rice,2022-23,994.85,1917.2291666666667,0.99,2.55,2575.0,,Very Limited,1,Price volatility,,
Uttar Pradesh,Ayodhya,Rice,2023-24,836.5600000000001,2096.474583333333,0.95,2.89,3051.0,24.94309763499327,Complete,4,Rainfall anomaly,Price volatility,Area trend
Uttar Pradesh,Ayodhya,Rice,2024-25,1111.83,2243.8166666666666,0.94,2.81,2987.0,33.472453716389374,Complete,4,Rainfall anomaly,Area trend,Price volatility
Uttar Pradesh,Ayodhya,Wheat,2021-22,1144.48,1902.6220833333327,1.16,3.93,3396.0,,Insufficient,0,,,
Uttar Pradesh,Ayodhya,Wheat,2022-23,994.85,2373.468333333333,1.07,3.39,3168.0,,Very Limited,1,Price volatility,,
Uttar Pradesh,Ayodhya,Wheat,2023-24,836.5600000000001,2418.8908333333334,0.91,2.74,2992.0,48.73231334191312,Complete,4,Area trend,Rainfall anomaly,Yield trend
Uttar Pradesh,Ayodhya,Wheat,2024-25,1111.83,2627.7758333333336,1.04,3.67,3521.0,53.675608813176495,Complete,4,Area trend,Rainfall anomaly,Yield trend
Uttar Pradesh,Azamgarh,Maize,2021-22,1003.89,,0.08,0.14,1804.0,,Insufficient,0,,,
Uttar Pradesh,Azamgarh,Maize,2022-23,886.42,,0.09,0.18,1981.0,,Insufficient,0,,,
Uttar Pradesh,Azamgarh,Maize,2023-24,707.05,,0.08,0.19,2300.0,11.744927481100666,Good,3,Rainfall anomaly,,
Uttar Pradesh,Azamgarh,Maize,2024-25,994.29,,0.04,0.11,2617.0,48.81511159786333,Good,3,Rainfall anomaly,Area trend,
Uttar Pradesh,Azamgarh,Rice,2021-22,1003.89,1936.769,2.13,5.1,2390.0,,Insufficient,0,,,
Uttar Pradesh,Azamgarh,Rice,2022-23,886.42,1988.144,2.12,5.2,2448.0,,Insufficient,0,,,
Uttar Pradesh,Azamgarh,Rice,2023-24,707.05,2148.705,1.97,4.57,2324.0,12.923696068416934,Good,3,Rainfall anomaly,Area trend,
Uttar Pradesh,Azamgarh,Rice,2024-25,994.29,2313.2870000000003,1.65,4.02,2434.0,52.78916472967265,Good,3,Rainfall anomaly,Area trend,Yield trend
Uttar Pradesh,Azamgarh,Wheat,2021-22,1003.89,1881.54875,2.45,8.51,3474.0,,Insufficient,0,,,
Uttar Pradesh,Azamgarh,Wheat,2022-23,886.42,2312.34375,2.34,8.41,3589.0,,Very Limited,1,Price volatility,,
Uttar Pradesh,Azamgarh,Wheat,2023-24,707.05,2389.0425,2.23,7.73,3471.0,31.623276846509032,Complete,4,Price volatility,Rainfall anomaly,Area trend
Uttar Pradesh,Azamgarh,Wheat,2024-25,994.29,2634.6670833333333,2.28,8.2,3602.0,41.3770256261726,Complete,4,Rainfall anomaly,Area trend,Yield trend
Uttar Pradesh,Baghpat,Maize,2021-22,1106.73,,0.0,0.0,2636.0,,Insufficient,0,,,
Uttar Pradesh,Baghpat,Maize,2022-23,936.84,,0.0,0.0,2200.0,,Insufficient,0,,,
Uttar Pradesh,Baghpat,Maize,2023-24,802.46,,0.0,0.0,2487.0,61.73277842306365,Limited,2,Yield trend,Rainfall anomaly,
Uttar Pradesh,Baghpat,Maize,2024-25,1065.14,,0.0,0.01,3474.0,28.173686855120643,Limited,2,Rainfall anomaly,,
Uttar Pradesh,Baghpat,Rice,2021-22,1106.73,,0.05,0.15,2888.0,,Insufficient,0,,,
Uttar Pradesh,Baghpat,Rice,2022-23,936.84,,0.05,0.13,2791.0,,Insufficient,0,,,
Uttar Pradesh,Baghpat,Rice,2023-24,802.46,,0.05,0.14,2793.0,21.865024243829257,Good,3,Rainfall anomaly,Yield trend,
Uttar Pradesh,Baghpat,Rice,2024-25,1065.14,,0.13,0.35,2728.0,21.544584065680493,Good,3,Rainfall anomaly,,
Uttar Pradesh,Baghpat,Wheat,2021-22,1106.73,,0.57,2.6,4551.0,,Insufficient,0,,,
Uttar Pradesh,Baghpat,Wheat,2022-23,936.84,,0.55,2.49,4537.0,,Insufficient,0,,,
Uttar Pradesh,Baghpat,Wheat,2023-24,802.46,,0.44,1.88,4263.0,24.808798305418925,Good,3,Rainfall anomaly,Area trend,Yield trend
Uttar Pradesh,Baghpat,Wheat,2024-25,1065.14,2657.14,0.48,2.09,4398.0,56.68487315335543,Good,3,Area trend,Rainfall anomaly,Yield trend
Uttar Pradesh,Bahraich,Maize,2021-22,1308.4,1786.5445454545456,0.95,1.33,1404.0,,Insufficient,0,,,
Uttar Pradesh,Bahraich,Maize,2022-23,1096.22,2071.195416666667,0.95,1.47,1548.0,,Very Limited,1,Price volatility,,
Uttar Pradesh,Bahraich,Maize,2023-24,968.09,2153.570416666667,1.0,1.78,1781.0,18.37154906795055,Complete,4,Rainfall anomaly,Price volatility,
Uttar Pradesh,Bahraich,Maize,2024-25,1521.7,2285.9666666666667,0.51,1.01,1999.0,22.982673186457266,Complete,4,Rainfall anomaly,Price volatility,
Uttar Pradesh,Bahraich,Rice,2021-22,1308.4,1858.3333333333333,1.71,3.98,2329.0,,Insufficient,0,,,
Uttar Pradesh,Bahraich,Rice,2022-23,1096.22,1962.32,1.71,3.98,2328.0,,Very Limited,1,Price volatility,,
Uttar Pradesh,Bahraich,Rice,2023-24,968.09,2065.325,1.6,4.59,2864.0,19.623833385085682,Complete,4,Rainfall anomaly,Price volatility,Yield trend
Uttar Pradesh,Bahraich,Rice,2024-25,1521.7,2159.295,1.66,5.09,3066.0,36.821317628065664,Complete,4,Rainfall anomaly,Area trend,Price volatility
Uttar Pradesh,Bahraich,Wheat,2021-22,1308.4,1904.795833333333,1.65,5.82,3518.0,,Insufficient,0,,,
Uttar Pradesh,Bahraich,Wheat,2022-23,1096.22,2349.780833333333,1.88,6.08,3242.0,,Very Limited,1,Price volatility,,
Uttar Pradesh,Bahraich,Wheat,2023-24,968.09,2402.4266666666667,1.86,5.89,3168.0,36.44825505623159,Complete,4,Rainfall anomaly,Yield trend,Price volatility
Uttar Pradesh,Bahraich,Wheat,2024-25,1521.7,2582.85375,1.9,6.69,3528.0,26.58513665260588,Complete,4,Rainfall anomaly,Price volatility,Yield trend
Uttar Pradesh,Ballia,Maize,2021-22,1056.39,,0.37,0.45,1195.0,,Insufficient,0,,,
Uttar Pradesh,Ballia,Maize,2022-23,642.8,,0.36,0.44,1230.0,,Insufficient,0,,,
Uttar Pradesh,Ballia,Maize,2023-24,694.58,,0.36,0.64,1781.0,42.080001676744615,Good,3,Rainfall anomaly,Area trend,
Uttar Pradesh,Ballia,Maize,2024-25,847.26,,0.18,0.49,2711.0,18.31349675102751,Good,3,Rainfall anomaly,,
Uttar Pradesh,Ballia,Rice,2021-22,1056.39,1940.0,1.18,3.02,2563.0,,Insufficient,0,,,
Uttar Pradesh,Ballia,Rice,2022-23,642.8,2039.902,1.16,2.85,2459.0,,Insufficient,0,,,
Uttar Pradesh,Ballia,Rice,2023-24,694.58,2214.9858333333336,1.08,2.61,2421.0,47.350990126518596,Good,3,Rainfall anomaly,Yield trend,Area trend
Uttar Pradesh,Ballia,Rice,2024-25,847.26,2408.348571428571,0.69,1.75,2527.0,35.96548970964013,Complete,4,Rainfall anomaly,Area trend,Price volatility
Uttar Pradesh,Ballia,Wheat,2021-22,1056.39,1899.2704166666665,1.42,5.37,3772.0,,Insufficient,0,,,
Uttar Pradesh,Ballia,Wheat,2022-23,642.8,2338.3595833333334,1.48,5.15,3484.0,,Very Limited,1,Price volatility,,
Uttar Pradesh,Ballia,Wheat,2023-24,694.58,2374.366666666667,1.24,4.2,3396.0,54.72441430022181,Complete,4,Rainfall anomaly,Yield trend,Price volatility
Uttar Pradesh,Ballia,Wheat,2024-25,847.26,2621.0416666666665,1.41,5.15,3653.0,44.121338043312996,Complete,4,Area trend,Rainfall anomaly,Price volatility
Uttar Pradesh,Balrampur,Maize,2021-22,1408.04,1783.8341666666668,0.03,0.04,1302.0,,Insufficient,0,,,
Uttar Pradesh,Balrampur,Maize,2022-23,1161.94,2076.96,0.04,0.07,1764.0,,Very Limited,1,Price volatility,,
Uttar Pradesh,Balrampur,Maize,2023-24,1040.57,2149.892727272728,0.04,0.06,1728.0,19.675866603357385,Complete,4,Rainfall anomaly,Price volatility,
Uttar Pradesh,Balrampur,Maize,2024-25,1740.86,2304.8975,0.03,0.07,2414.0,25.78444562380658,Complete,4,Rainfall anomaly,Price volatility,Yield trend
Uttar Pradesh,Balrampur,Rice,2021-22,1408.04,1715.0216666666663,1.35,3.42,2537.0,,Insufficient,0,,,
Uttar Pradesh,Balrampur,Rice,2022-23,1161.94,1819.0566666666664,1.35,2.87,2133.0,,Very Limited,1,Price volatility,,
Uttar Pradesh,Balrampur,Rice,2023-24,1040.57,2046.0845833333333,1.27,3.78,2972.0,55.93496991892935,Complete,4,Yield trend,Price volatility,Rainfall anomaly
Uttar Pradesh,Balrampur,Rice,2024-25,1740.86,2185.266666666667,1.21,3.32,2743.0,38.04274163259815,Complete,4,Rainfall anomaly,Area trend,Price volatility
Uttar Pradesh,Balrampur,Wheat,2021-22,1408.04,1910.6604166666664,0.89,2.95,3305.0,,Insufficient,0,,,
Uttar Pradesh,Balrampur,Wheat,2022-23,1161.94,2331.9500000000003,1.05,3.21,3049.0,,Very Limited,1,Price volatility,,
Uttar Pradesh,Balrampur,Wheat,2023-24,1040.57,2410.92,1.06,3.53,3329.0,37.126800516642106,Complete,4,Rainfall anomaly,Yield trend,Price volatility
Uttar Pradesh,Balrampur,Wheat,2024-25,1740.86,2660.182916666666,1.02,3.21,3135.0,21.098914710523704,Complete,4,Rainfall anomaly,Price volatility,
Uttar Pradesh,Banda,Maize,2022-23,1033.88,,0.0,0.0,2000.0,,Insufficient,0,,,
Uttar Pradesh,Banda,Maize,2023-24,722.84,,0.0,0.0,2181.0,,Very Limited,1,Rainfall anomaly,,
Uttar Pradesh,Banda,Maize,2024-25,919.74,,0.0,0.01,3403.0,32.25162397092988,Limited,2,Rainfall anomaly,,
Uttar Pradesh,Banda,Rice,2021-22,882.75,1800.0,0.49,1.16,2392.0,,Insufficient,0,,,
Uttar Pradesh,Banda,Rice,2022-23,1033.88,2061.2375,0.55,1.28,2321.0,,Very Limited,1,Price volatility,,
Uttar Pradesh,Banda,Rice,2023-24,722.84,2192.115555555556,0.49,1.18,2402.0,21.258405676810888,Complete,4,Rainfall anomaly,Yield trend,Price volatility
Uttar Pradesh,Banda,Rice,2024-25,919.74,2300.0,1.21,2.96,2438.0,47.23061541670575,Complete,4,Rainfall anomaly,Area trend,Price volatility
Uttar Pradesh,Banda,Wheat,2021-22,882.75,1873.4516666666664,1.67,5.05,3020.0,,Insufficient,0,,,
Uttar Pradesh,Banda,Wheat,2022-23,1033.88,2296.685833333333,1.94,6.35,3278.0,,Very Limited,1,Price volatility,,
Uttar Pradesh,Banda,Wheat,2023-24,722.84,2331.7408333333333,1.77,5.45,3070.0,24.93267591436734,Complete,4,Rainfall anomaly,Price volatility,
Uttar Pradesh,Banda,Wheat,2024-25,919.74,2572.8995833333333,1.82,5.06,2790.0,54.11825472154383,Complete,4,Rainfall anomaly,Area trend,Yield trend
Uttar Pradesh,Bara Banki,Maize,2021-22,1188.55,,0.05,0.08,1630.0,,Insufficient,0,,,
Uttar Pradesh,Bara Banki,Maize,2022-23,1057.08,,0.05,0.05,1046.0,,Insufficient,0,,,
Uttar Pradesh,Bara Banki,Maize,2023-24,981.37,4400.0,0.05,0.07,1400.0,52.27891750816303,Good,3,Yield trend,Rainfall anomaly,
Uttar Pradesh,Bara Banki,Maize,2024-25,1278.6,,0.05,0.11,2433.0,12.644128274493717,Good,3,Rainfall anomaly,,
Uttar Pradesh,Bara Banki,Rice,2021-22,1188.55,1940.035,1.89,4.58,2427.0,,Insufficient,0,,,
Uttar Pradesh,Bara Banki,Rice,2022-23,1057.08,2040.0,1.89,4.61,2444.0,,Insufficient,0,,,
Uttar Pradesh,Bara Banki,Rice,2023-24,981.37,2141.386,1.76,5.28,3009.0,11.102446919927734,Good,3,Rainfall anomaly,,
Uttar Pradesh,Bara Banki,Rice,2024-25,1278.6,2232.2325,2.08,5.97,2872.0,29.914023609302465,Good,3,Area trend,Rainfall anomaly,
Uttar Pradesh,Bara Banki,Wheat,2021-22,1188.55,1893.4283333333333,1.74,7.01,4042.0,,Insufficient,0,,,
Uttar Pradesh,Bara Banki,Wheat,2022-23,1057.08,2316.2591666666667,1.66,6.3,3794.0,,Very Limited,1,Price volatility,,
Uttar Pradesh,Bara Banki,Wheat,2023-24,981.37,2427.3191666666667,1.24,5.02,4059.0,38.49441947353724,Complete,4,Yield trend,Area trend,Rainfall anomaly
Uttar Pradesh,Bara Banki,Wheat,2024-25,1278.6,2662.6141666666667,1.52,6.31,4141.0,36.08780645759151,Complete,4,Area trend,Rainfall anomaly,Price volatility
Uttar Pradesh,Bareilly,Maize,2021-22,1077.89,,0.0,0.01,3020.0,,Insufficient,0,,,
Uttar Pradesh,Bareilly,Maize,2022-23,952.94,,0.01,0.03,2552.0,,Insufficient,0,,,
Uttar Pradesh,Bareilly,Maize,2023-24,912.02,1997.1933333333327,0.03,0.1,3096.0,54.17596068103857,Limited,2,Yield trend,Rainfall anomaly,
Uttar Pradesh,Bareilly,Maize,2024-25,1239.27,2284.1666666666665,0.08,0.27,3474.0,10.22034278072884,Good,3,Rainfall anomaly,,
Uttar Pradesh,Bareilly,Rice,2021-22,1077.89,1912.857142857143,1.64,4.12,2506.0,,Insufficient,0,,,
Uttar Pradesh,Bareilly,Rice,2022-23,952.94,2060.6985,1.63,4.9,3000.0,,Very Limited,1,Price volatility,,
Uttar Pradesh,Bareilly,Rice,2023-24,912.02,2262.8145833333333,1.54,4.45,2893.0,14.95334134674499,Complete,4,Rainfall anomaly,Price volatility,Area trend
Uttar Pradesh,Bareilly,Rice,2024-25,1239.27,2298.1066666666666,1.58,4.46,2825.0,31.986830632442093,Complete,4,Area trend,Rainfall anomaly,Yield trend
Uttar Pradesh,Bareilly,Wheat,2021-22,1077.89,1969.7116666666668,2.08,8.13,3906.0,,Insufficient,0,,,
Uttar Pradesh,Bareilly,Wheat,2022-23,952.94,2281.9466666666667,2.07,8.45,4075.0,,Very Limited,1,Price volatility,,
Uttar Pradesh,Bareilly,Wheat,2023-24,912.02,2364.0816666666665,1.72,6.9,4007.0,22.362724663134994,Complete,4,Price volatility,Rainfall anomaly,Area trend
Uttar Pradesh,Bareilly,Wheat,2024-25,1239.27,2582.8783333333336,1.67,6.74,4031.0,34.09441408980849,Complete,4,Area trend,Rainfall anomaly,Yield trend
Uttar Pradesh,Basti,Maize,2021-22,1253.77,,0.03,0.03,782.0,,Insufficient,0,,,
Uttar Pradesh,Basti,Maize,2022-23,1073.15,,0.03,0.07,2176.0,,Insufficient,0,,,
Uttar Pradesh,Basti,Maize,2023-24,1038.36,,0.04,0.09,2297.0,14.459639416969456,Good,3,Rainfall anomaly,,
Uttar Pradesh,Basti,Maize,2024-25,1459.09,,0.02,0.06,2998.0,10.79233336731529,Good,3,Rainfall anomaly,,
Uttar Pradesh,Basti,Rice,2021-22,1253.77,1699.3691666666666,1.46,3.7,2540.0,,Insufficient,0,,,
Uttar Pradesh,Basti,Rice,2022-23,1073.15,1836.7,1.31,3.58,2721.0,,Very Limited,1,Price volatility,,
Uttar Pradesh,Basti,Rice,2023-24,1038.36,2117.5725,1.37,3.48,2543.0,45.26683054427032,Complete,4,Area trend,Price volatility,Rainfall anomaly
Uttar Pradesh,Basti,Rice,2024-25,1459.09,2285.0958333333333,1.39,3.71,2661.0,26.532717630092545,Complete,4,Yield trend,Rainfall anomaly,Price volatility
Uttar Pradesh,Basti,Wheat,2021-22,1253.77,1868.4166666666667,1.24,4.52,3638.0,,Insufficient,0,,,
Uttar Pradesh,Basti,Wheat,2022-23,1073.15,2292.1125,1.41,4.83,3421.0,,Very Limited,1,Price volatility,,
Uttar Pradesh,Basti,Wheat,2023-24,1038.36,2378.145833333333,1.33,4.45,3345.0,32.92270286684586,Complete,4,Rainfall anomaly,Price volatility,Yield trend
Uttar Pradesh,Basti,Wheat,2024-25,1459.09,2630.3683333333333,1.28,4.46,3476.0,29.222965139545096,Complete,4,Area trend,Rainfall anomaly,Price volatility
Uttar Pradesh,Bhadohi,Maize,2021-22,821.82,,0.01,0.01,1304.0,,Insufficient,0,,,
Uttar Pradesh,Bhadohi,Maize,2022-23,922.69,,0.01,0.01,1375.0,,Insufficient,0,,,
Uttar Pradesh,Bhadohi,Maize,2023-24,698.43,,0.01,0.02,2668.0,12.319549124467288,Good,3,Rainfall anomaly,,
Uttar Pradesh,Bhadohi,Maize,2024-25,899.49,,0.0,0.01,3161.0,20.002223211214588,Good,3,Rainfall anomaly,,
Uttar Pradesh,Bhadohi,Rice,2021-22,821.82,1940.0,0.28,0.85,3069.0,,Insufficient,0,,,
Uttar Pradesh,Bhadohi,Rice,2022-23,922.69,2040.0,0.28,0.89,3151.0,,Insufficient,0,,,
Uttar Pradesh,Bhadohi,Rice,2023-24,698.43,2174.3775,0.26,0.84,3252.0,12.319549124467288,Good,3,Rainfall anomaly,,
Uttar Pradesh,Bhadohi,Rice,2024-25,899.49,2302.108,0.6,1.9,3179.0,37.936345289669866,Good,3,Rainfall anomaly,Area trend,
Uttar Pradesh,Bhadohi,Wheat,2021-22,821.82,1898.5741666666663,0.5,1.77,3558.0,,Insufficient,0,,,
Uttar Pradesh,Bhadohi,Wheat,2022-23,922.69,2324.3683333333333,0.49,1.37,2796.0,,Very Limited,1,Price volatility,,
Uttar Pradesh,Bhadohi,Wheat,2023-24,698.43,2357.8458333333333,0.57,1.54,2712.0,61.88579618164401,Complete,4,Yield trend,Price volatility,Rainfall anomaly
Uttar Pradesh,Bhadohi,Wheat,2024-25,899.49,2579.6175,0.48,1.66,3471.0,27.022281788712636,Complete,4,Rainfall anomaly,Price volatility,Yield trend
Uttar Pradesh,Bijnor,Maize,2022-23,1165.5,,0.0,0.0,2846.0,,Insufficient,0,,,
Uttar Pradesh,Bijnor,Maize,2023-24,1047.08,1860.0,0.0,0.0,3159.0,,Very Limited,1,Rainfall anomaly,,
Uttar Pradesh,Bijnor,Maize,2024-25,1345.3,2222.8290909090906,0.0,0.02,3523.0,17.42250577288786,Limited,2,Rainfall anomaly,,
Uttar Pradesh,Bijnor,Rice,2021-22,1249.18,1940.0,0.57,1.59,2787.0,,Insufficient,0,,,
Uttar Pradesh,Bijnor,Rice,2022-23,1165.5,,0.57,1.43,2525.0,,Insufficient,0,,,
Uttar Pradesh,Bijnor,Rice,2023-24,1047.08,2183.0,0.53,1.4,2664.0,24.797387323593977,Good,3,Yield trend,Rainfall anomaly,
Uttar Pradesh,Bijnor,Rice,2024-25,1345.3,2300.0,0.29,0.76,2606.0,30.942581007635987,Good,3,Area trend,Rainfall anomaly,
Uttar Pradesh,Bijnor,Wheat,2021-22,1249.18,1923.8320833333328,1.6,6.02,3753.0,,Insufficient,0,,,
Uttar Pradesh,Bijnor,Wheat,2022-23,1165.5,2309.7133333333336,1.53,5.78,3789.0,,Very Limited,1,Price volatility,,
Uttar Pradesh,Bijnor,Wheat,2023-24,1047.08,2400.776666666666,0.92,3.34,3627.0,25.825043871720858,Complete,4,Price volatility,Area trend,Rainfall anomaly
Uttar Pradesh,Bijnor,Wheat,2024-25,1345.3,2604.454166666667,1.28,4.61,3596.0,43.30570534663306,Complete,4,Area trend,Rainfall anomaly,Yield trend
Uttar Pradesh,Budaun,Maize,2021-22,904.18,1735.0116666666663,0.1,0.31,3280.0,,Insufficient,0,,,
Uttar Pradesh,Budaun,Maize,2022-23,830.86,2123.928888888889,0.1,0.22,2317.0,,Very Limited,1,Price volatility,,
Uttar Pradesh,Budaun,Maize,2023-24,766.09,2028.3254545454545,0.35,1.02,2950.0,52.240705944835106,Complete,4,Yield trend,Price volatility,Rainfall anomaly
Uttar Pradesh,Budaun,Maize,2024-25,956.85,2283.47875,0.25,0.85,3353.0,20.465163224142273,Complete,4,Price volatility,Rainfall anomaly,
Uttar Pradesh,Budaun,Rice,2021-22,904.18,2111.3433333333337,1.0,2.53,2540.0,,Insufficient,0,,,
Uttar Pradesh,Budaun,Rice,2022-23,830.86,2516.387857142857,0.82,2.1,2555.0,,Very Limited,1,Price volatility,,
Uttar Pradesh,Budaun,Rice,2023-24,766.09,2452.6225,0.95,2.08,2197.0,36.74458151539257,Complete,4,Area trend,Price volatility,Rainfall anomaly
Uttar Pradesh,Budaun,Rice,2024-25,956.85,2241.697083333333,1.69,4.41,2620.0,37.98536128318552,Complete,4,Yield trend,Rainfall anomaly,Price volatility
Uttar Pradesh,Budaun,Wheat,2021-22,904.18,1939.1825,2.42,9.39,3886.0,,Insufficient,0,,,
Uttar Pradesh,Budaun,Wheat,2022-23,830.86,2310.3241666666668,2.15,9.13,4238.0,,Very Limited,1,Price volatility,,
Uttar Pradesh,Budaun,Wheat,2023-24,766.09,2405.9025,2.21,9.65,4376.0,37.37161209505289,Complete,4,Area trend,Price volatility,Rainfall anomaly
Uttar Pradesh,Budaun,Wheat,2024-25,956.85,2617.5241666666666,1.91,7.73,4044.0,15.07742402374961,Complete,4,Rainfall anomaly,Price volatility,
Uttar Pradesh,Bulandshahr,Maize,2021-22,1076.17,1918.14375,0.52,1.38,2632.0,,Insufficient,0,,,
Uttar Pradesh,Bulandshahr,Maize,2022-23,887.89,2260.1295,0.53,1.24,2328.0,,Very Limited,1,Price volatility,,
Uttar Pradesh,Bulandshahr,Maize,2023-24,710.71,2154.5755,0.66,1.54,2340.0,40.061637964320994,Complete,4,Yield trend,Rainfall anomaly,Price volatility
Uttar Pradesh,Bulandshahr,Maize,2024-25,923.0,2418.1240000000003,0.45,1.3,2888.0,27.927794234862393,Complete,4,Rainfall anomaly,Price volatility,
Uttar Pradesh,Bulandshahr,Rice,2021-22,1076.17,,0.93,2.62,2809.0,,Insufficient,0,,,
Uttar Pradesh,Bulandshahr,Rice,2022-23,887.89,,0.98,2.39,2447.0,,Insufficient,0,,,
Uttar Pradesh,Bulandshahr,Rice,2023-24,710.71,,0.86,2.37,2754.0,42.33684270836267,Good,3,Yield trend,Rainfall anomaly,
Uttar Pradesh,Bulandshahr,Rice,2024-25,923.0,,1.43,3.86,2706.0,51.26047697676546,Good,3,Rainfall anomaly,Area trend,
Uttar Pradesh,Bulandshahr,Wheat,2021-22,1076.17,1987.6016666666667,2.02,8.96,4437.0,,Insufficient,0,,,
Uttar Pradesh,Bulandshahr,Wheat,2022-23,887.89,2383.4691666666668,1.95,8.38,4286.0,,Very Limited,1,Price volatility,,
Uttar Pradesh,Bulandshahr,Wheat,2023-24,710.71,2400.4125,1.73,7.49,4324.0,38.72082403330917,Complete,4,Rainfall anomaly,Price volatility,Area trend
Uttar Pradesh,Bulandshahr,Wheat,2024-25,923.0,2669.9958333333334,1.78,7.04,3954.0,50.16258236624534,Complete,4,Rainfall anomaly,Area trend,Price volatility
Uttar Pradesh,Chandauli,Maize,2021-22,839.9,,0.0,0.0,1763.0,,Insufficient,0,,,
Uttar Pradesh,Chandauli,Maize,2022-23,874.13,,0.0,0.0,2651.0,,Insufficient,0,,,
Uttar Pradesh,Chandauli,Maize,2023-24,691.79,,0.0,0.0,1980.0,5.349268359427814,Limited,2,Rainfall anomaly,,
Uttar Pradesh,Chandauli,Maize,2024-25,1031.34,,0.0,0.01,3458.0,79.15092448842081,Limited,2,Yield trend,Rainfall anomaly,
Uttar Pradesh,Chandauli,Rice,2021-22,839.9,1938.61625,1.18,3.95,3360.0,,Insufficient,0,,,
Uttar Pradesh,Chandauli,Rice,2022-23,874.13,2062.9875,1.15,3.81,3321.0,,Very Limited,1,Price volatility,,
Uttar Pradesh,Chandauli,Rice,2023-24,691.79,2180.5666666666666,1.06,3.8,3570.0,13.085120076137072,Complete,4,Area trend,Rainfall anomaly,Price volatility
Uttar Pradesh,Chandauli,Rice,2024-25,1031.34,2300.0,1.21,4.17,3434.0,39.00026680421493,Good,3,Area trend,Rainfall anomaly,
Uttar Pradesh,Chandauli,Wheat,2021-22,839.9,1912.7416666666668,1.05,3.71,3523.0,,Insufficient,0,,,
Uttar Pradesh,Chandauli,Wheat,2022-23,874.13,2315.093333333333,1.15,3.65,3178.0,,Very Limited,1,Price volatility,,
Uttar Pradesh,Chandauli,Wheat,2023-24,691.79,2390.874166666667,1.13,4.05,3580.0,30.746079271997694,Complete,4,Yield trend,Price volatility,Rainfall anomaly
Uttar Pradesh,Chandauli,Wheat,2024-25,1031.34,2634.9525,1.06,3.84,3615.0,24.72126917627093,Complete,4,Rainfall anomaly,Price volatility,Area trend
Uttar Pradesh,Chitrakoot,Maize,2021-22,812.44,,0.0,0.0,2375.0,,Insufficient,0,,,
Uttar Pradesh,Chitrakoot,Maize,2022-23,971.09,,0.0,0.0,2600.0,,Insufficient,0,,,
Uttar Pradesh,Chitrakoot,Maize,2023-24,790.81,,0.0,0.0,2344.0,25.630899455224977,Limited,2,Rainfall anomaly,,
Uttar Pradesh,Chitrakoot,Maize,2024-25,1125.46,,0.03,0.09,3479.0,39.61367205343001,Limited,2,Yield trend,Rainfall anomaly,
Uttar Pradesh,Chitrakoot,Rice,2021-22,812.44,1940.0,0.1,0.23,2235.0,,Insufficient,0,,,
Uttar Pradesh,Chitrakoot,Rice,2022-23,971.09,2040.0,0.1,0.24,2294.0,,Insufficient,0,,,
Uttar Pradesh,Chitrakoot,Rice,2023-24,790.81,2183.0,0.1,0.22,2331.0,19.60009958340734,Good,3,Rainfall anomaly,,
Uttar Pradesh,Chitrakoot,Rice,2024-25,1125.46,,0.36,0.83,2282.0,11.362840457950462,Good,3,Rainfall anomaly,,
Uttar Pradesh,Chitrakoot,Wheat,2021-22,812.44,1873.424166666667,0.51,1.62,3189.0,,Insufficient,0,,,
Uttar Pradesh,Chitrakoot,Wheat,2022-23,971.09,2281.42,0.8,2.51,3140.0,,Very Limited,1,Price volatility,,
Uttar Pradesh,Chitrakoot,Wheat,2023-24,790.81,2357.9991666666665,0.7,2.11,3029.0,29.348103543913407,Complete,4,Rainfall anomaly,Price volatility,Yield trend
Uttar Pradesh,Chitrakoot,Wheat,2024-25,1125.46,2629.556666666667,0.61,1.75,2860.0,39.57627659600471,Complete,4,Area trend,Rainfall anomaly,Yield trend
Uttar Pradesh,Deoria,Maize,2021-22,1319.0,,0.09,0.12,1428.0,,Insufficient,0,,,
Uttar Pradesh,Deoria,Maize,2022-23,906.85,2160.0,0.07,0.1,1445.0,,Insufficient,0,,,
Uttar Pradesh,Deoria,Maize,2023-24,846.11,2183.945,0.07,0.16,2236.0,54.89258577255661,Good,3,Rainfall anomaly,Area trend,
Uttar Pradesh,Deoria,Maize,2024-25,1150.39,,0.05,0.13,2666.0,23.761909155647672,Complete,4,Rainfall anomaly,Price volatility,
Uttar Pradesh,Deoria,Rice,2021-22,1319.0,1762.01125,1.36,3.17,2328.0,,Insufficient,0,,,
Uttar Pradesh,Deoria,Rice,2022-23,906.85,1832.6366666666663,1.5,3.59,2387.0,,Very Limited,1,Price volatility,,
Uttar Pradesh,Deoria,Rice,2023-24,846.11,2093.1766666666667,1.26,2.94,2327.0,39.953099005844685,Complete,4,Rainfall anomaly,Price volatility,
Uttar Pradesh,Deoria,Rice,2024-25,1150.39,2236.1275,1.4,3.67,2628.0,50.72501539029117,Complete,4,Rainfall anomaly,Area trend,Price volatility
Uttar Pradesh,Deoria,Wheat,2021-22,1319.0,1865.225416666667,1.6,5.35,3345.0,,Insufficient,0,,,
Uttar Pradesh,Deoria,Wheat,2022-23,906.85,2285.060833333333,1.73,6.36,3685.0,,Very Limited,1,Price volatility,,
Uttar Pradesh,Deoria,Wheat,2023-24,846.11,2364.748333333333,1.65,5.86,3548.0,37.51717557300975,Complete,4,Rainfall anomaly,Price volatility,
Uttar Pradesh,Deoria,Wheat,2024-25,1150.39,2615.521111111111,1.44,5.16,3568.0,39.91875244466417,Complete,4,Rainfall anomaly,Area trend,Yield trend
Uttar Pradesh,Etah,Maize,2021-22,840.23,1741.68625,0.32,1.29,4077.0,,Insufficient,0,,,
Uttar Pradesh,Etah,Maize,2022-23,787.76,2128.7779166666664,0.32,1.08,3397.0,,Very Limited,1,Price volatility,,
Uttar Pradesh,Etah,Maize,2023-24,726.16,2019.97375,0.38,1.27,3355.0,38.241335201079956,Complete,4,Yield trend,Price volatility,Rainfall anomaly
Uttar Pradesh,Etah,Maize,2024-25,968.49,2226.335833333333,0.25,0.88,3552.0,18.809096500937155,Complete,4,Rainfall anomaly,Price volatility,Yield trend
Uttar Pradesh,Etah,Rice,2021-22,840.23,,0.18,0.49,2671.0,,Insufficient,0,,,
Uttar Pradesh,Etah,Rice,2022-23,787.76,,0.18,0.49,2688.0,,Insufficient,0,,,
Uttar Pradesh,Etah,Rice,2023-24,726.16,2183.0,0.19,0.49,2649.0,6.267904624495897,Good,3,Rainfall anomaly,,
Uttar Pradesh,Etah,Rice,2024-25,968.49,2770.0,0.88,2.29,2584.0,13.62012118592813,Good,3,Rainfall anomaly,Yield trend,
Uttar Pradesh,Etah,Wheat,2021-22,840.23,1901.3245833333333,1.41,5.47,3890.0,,Insufficient,0,,,
Uttar Pradesh,Etah,Wheat,2022-23,787.76,2318.7095833333333,1.36,5.62,4139.0,,Very Limited,1,Price volatility,,
Uttar Pradesh,Etah,Wheat,2023-24,726.16,2308.125833333333,1.02,3.97,3905.0,23.00518469601643,Complete,4,Price volatility,Area trend,Rainfall anomaly
Uttar Pradesh,Etah,Wheat,2024-25,968.49,2569.5575,1.15,4.15,3625.0,42.411322161859374,Complete,4,Area trend,Yield trend,Rainfall anomaly
Uttar Pradesh,Etawah,Maize,2021-22,906.26,1741.66,0.07,0.21,3107.0,,Insufficient,0,,,
Uttar Pradesh,Etawah,Maize,2022-23,969.62,2096.952083333333,0.07,0.19,2930.0,,Insufficient,0,,,
Uttar Pradesh,Etawah,Maize,2023-24,689.94,1922.557,0.1,0.31,3167.0,20.367397696216518,Complete,4,Yield trend,Rainfall anomaly,Price volatility
Uttar Pradesh,Etawah,Maize,2024-25,995.18,2287.619,0.14,0.47,3454.0,26.539095810585984,Good,3,Rainfall anomaly,,
Uttar Pradesh,Etawah,Rice,2021-22,906.26,1716.985,0.51,1.58,3066.0,,Insufficient,0,,,
Uttar Pradesh,Etawah,Rice,2022-23,969.62,2017.804,0.51,1.53,3017.0,,Insufficient,0,,,
Uttar Pradesh,Etawah,Rice,2023-24,689.94,2374.396666666667,0.5,1.6,3220.0,10.089937460109505,Good,3,Rainfall anomaly,Yield trend,
Uttar Pradesh,Etawah,Rice,2024-25,995.18,2355.9025,0.73,2.32,3166.0,31.46218814584822,Good,3,Rainfall anomaly,Area trend,
Uttar Pradesh,Etawah,Wheat,2021-22,906.26,1921.3208333333328,1.05,4.01,3833.0,,Insufficient,0,,,
Uttar Pradesh,Etawah,Wheat,2022-23,969.62,2348.57375,1.0,4.06,4052.0,,Very Limited,1,Price volatility,,
Uttar Pradesh,Etawah,Wheat,2023-24,689.94,2390.556666666667,0.89,3.65,4107.0,27.20209306681188,Complete,4,Price volatility,Area trend,Rainfall anomaly
Uttar Pradesh,Etawah,Wheat,2024-25,995.18,2632.9791666666665,0.91,3.73,4083.0,47.58078430614493,Complete,4,Rainfall anomaly,Area trend,Price volatility
Uttar Pradesh,Farrukhabad,Maize,2021-22,964.23,1754.6325,0.39,1.24,3175.0,,Insufficient,0,,,
Uttar Pradesh,Farrukhabad,Maize,2022-23,748.84,2077.38125,0.39,1.15,2949.0,,Very Limited,1,Price volatility,,
Uttar Pradesh,Farrukhabad,Maize,2023-24,713.0699999999999,2060.32125,0.61,1.7,2785.0,36.927994751937476,Complete,4,Rainfall anomaly,Yield trend,Price volatility
Uttar Pradesh,Farrukhabad,Maize,2024-25,957.23,2348.9925,0.53,1.67,3148.0,33.83559612646325,Complete,4,Rainfall anomaly,Price volatility,Yield trend
Uttar Pradesh,Farrukhabad,Rice,2021-22,964.23,2112.014,0.14,0.4,2931.0,,Insufficient,0,,,
Uttar Pradesh,Farrukhabad,Rice,2022-23,748.84,2116.873,0.14,0.43,3178.0,,Insufficient,0,,,
Uttar Pradesh,Farrukhabad,Rice,2023-24,713.0699999999999,2020.4666666666665,0.13,0.43,3338.0,22.420969903109665,Good,3,Rainfall anomaly,,
Uttar Pradesh,Farrukhabad,Rice,2024-25,957.23,2303.3725,1.02,3.27,3196.0,34.62832511458932,Complete,4,Area trend,Rainfall anomaly,Price volatility
Uttar Pradesh,Farrukhabad,Wheat,2021-22,964.23,1905.9529166666669,0.78,3.03,3877.0,,Insufficient,0,,,
Uttar Pradesh,Farrukhabad,Wheat,2022-23,748.84,2357.719583333333,0.75,3.11,4141.0,,Very Limited,1,Price volatility,,
Uttar Pradesh,Farrukhabad,Wheat,2023-24,713.0699999999999,2398.535,0.66,2.56,3883.0,38.098253679530295,Complete,4,Rainfall anomaly,Price volatility,Area trend
Uttar Pradesh,Farrukhabad,Wheat,2024-25,957.23,2639.320416666667,0.68,3.15,4617.0,49.14565834112175,Complete,4,Area trend,Rainfall anomaly,Yield trend
Uttar Pradesh,Fatehpur,Maize,2021-22,918.42,1650.0,0.0,0.01,2155.0,,Insufficient,0,,,
Uttar Pradesh,Fatehpur,Maize,2022-23,1071.58,2207.335,0.0,0.01,2851.0,,Insufficient,0,,,
Uttar Pradesh,Fatehpur,Maize,2023-24,705.93,,0.0,0.01,1498.0,21.888655856072813,Limited,2,Rainfall anomaly,,
Uttar Pradesh,Fatehpur,Maize,2024-25,749.56,1950.0,0.02,0.07,3270.0,91.97863021026373,Limited,2,Yield trend,Rainfall anomaly,
Uttar Pradesh,Fatehpur,Rice,2021-22,918.42,1931.873,0.86,2.41,2815.0,,Insufficient,0,,,
Uttar Pradesh,Fatehpur,Rice,2022-23,1071.58,2203.887083333333,0.92,2.62,2853.0,,Very Limited,1,Price volatility,,
Uttar Pradesh,Fatehpur,Rice,2023-24,705.93,2232.6454166666667,0.8,2.17,2712.0,23.059004761509943,Complete,4,Rainfall anomaly,Price volatility,
Uttar Pradesh,Fatehpur,Rice,2024-25,749.56,2162.0091666666667,1.81,4.79,2653.0,55.02927404044749,Complete,4,Rainfall anomaly,Area trend,Yield trend
Uttar Pradesh,Fatehpur,Wheat,2021-22,918.42,1897.9395833333333,1.79,6.56,3660.0,,Insufficient,0,,,
Uttar Pradesh,Fatehpur,Wheat,2022-23,1071.58,2305.2770833333334,1.72,6.46,3759.0,,Very Limited,1,Price volatility,,
Uttar Pradesh,Fatehpur,Wheat,2023-24,705.93,2365.975,2.07,7.55,3644.0,32.36493272626178,Complete,4,Rainfall anomaly,Price volatility,Area trend
Uttar Pradesh,Fatehpur,Wheat,2024-25,749.56,2630.562083333333,1.71,5.75,3359.0,33.293877073261484,Complete,4,Rainfall anomaly,Yield trend,Price volatility
Uttar Pradesh,Firozabad,Maize,2021-22,835.8100000000001,1744.0429166666663,0.1,0.3,3009.0,,Insufficient,0,,,
Uttar Pradesh,Firozabad,Maize,2022-23,846.24,2225.133333333333,0.1,0.22,2182.0,,Very Limited,1,Price volatility,,
Uttar Pradesh,Firozabad,Maize,2023-24,707.54,2088.77125,0.13,0.32,2572.0,43.15895637303522,Complete,4,Yield trend,Price volatility,Rainfall anomaly
Uttar Pradesh,Firozabad,Maize,2024-25,1078.94,2367.742083333333,0.05,0.17,3361.0,21.432025686144137,Complete,4,Rainfall anomaly,Price volatility,
Uttar Pradesh,Firozabad,Rice,2021-22,835.8100000000001,,0.25,0.62,2538.0,,Insufficient,0,,,
Uttar Pradesh,Firozabad,Rice,2022-23,846.24,2384.991666666667,0.23,0.68,2943.0,,Insufficient,0,,,
Uttar Pradesh,Firozabad,Rice,2023-24,707.54,,0.23,0.68,2890.0,33.137930080021,Complete,4,Area trend,Price volatility,Rainfall anomaly
Uttar Pradesh,Firozabad,Rice,2024-25,1078.94,,0.49,1.65,3366.0,19.39296716968794,Good,3,Rainfall anomaly,Yield trend,
Uttar Pradesh,Firozabad,Wheat,2021-22,835.8100000000001,1965.4566666666667,1.04,3.68,3534.0,,Insufficient,0,,,
Uttar Pradesh,Firozabad,Wheat,2022-23,846.24,2389.099583333333,1.01,4.28,4234.0,,Very Limited,1,Price volatility,,
Uttar Pradesh,Firozabad,Wheat,2023-24,707.54,2438.2425,0.86,3.44,3998.0,18.173971329571597,Complete,4,Price volatility,Area trend,Rainfall anomaly
Uttar Pradesh,Firozabad,Wheat,2024-25,1078.94,2719.258333333333,0.93,3.51,3766.0,48.69875624951772,Complete,4,Area trend,Rainfall anomaly,Yield trend
Uttar Pradesh,Gautam Buddha Nagar,Maize,2021-22,993.13,1937.09,0.01,0.02,2612.0,,Insufficient,0,,,
Uttar Pradesh,Gautam Buddha Nagar,Maize,2022-23,869.97,2288.0441666666666,0.01,0.02,2438.0,,Insufficient,0,,,
Uttar Pradesh,Gautam Buddha Nagar,Maize,2023-24,742.72,2154.2025,0.01,0.02,2129.0,27.460293520911552,Complete,4,Yield trend,Rainfall anomaly,Price volatility
Uttar Pradesh,Gautam Buddha Nagar,Maize,2024-25,916.61,2407.05,0.01,0.03,2908.0,42.05711813406315,Complete,4,Yield trend,Rainfall anomaly,Price volatility
Uttar Pradesh,Gautam Buddha Nagar,Rice,2021-22,993.13,1982.245,0.14,0.34,2333.0,,Insufficient,0,,,
Uttar Pradesh,Gautam Buddha Nagar,Rice,2022-23,869.97,2040.044,0.2,0.45,2198.0,,Very Limited,1,Price volatility,,
Uttar Pradesh,Gautam Buddha Nagar,Rice,2023-24,742.72,2268.81,0.14,0.4,2855.0,23.572298390277226,Good,3,Rainfall anomaly,Yield trend,
Uttar Pradesh,Gautam Buddha Nagar,Rice,2024-25,916.61,2577.905714285714,0.28,0.78,2803.0,48.4073684742771,Complete,4,Area trend,Rainfall anomaly,Price volatility
Uttar Pradesh,Gautam Buddha Nagar,Wheat,2021-22,993.13,1966.2245833333327,0.46,1.77,3849.0,,Insufficient,0,,,
Uttar Pradesh,Gautam Buddha Nagar,Wheat,2022-23,869.97,2360.6441666666665,0.45,1.81,4058.0,,Very Limited,1,Price volatility,,
Uttar Pradesh,Gautam Buddha Nagar,Wheat,2023-24,742.72,2390.565416666667,0.32,1.34,4172.0,25.286455558007443,Complete,4,Rainfall anomaly,Price volatility,Area trend
Uttar Pradesh,Gautam Buddha Nagar,Wheat,2024-25,916.61,2639.9291666666663,0.51,2.01,3962.0,42.170442444708065,Complete,4,Area trend,Rainfall anomaly,Price volatility
Uttar Pradesh,Ghaziabad,Maize,2021-22,1106.73,1924.5475,0.0,0.0,2500.0,,Insufficient,0,,,
Uttar Pradesh,Ghaziabad,Maize,2022-23,936.84,2276.7279166666667,0.0,0.0,2440.0,,Very Limited,1,Price volatility,,
Uttar Pradesh,Ghaziabad,Maize,2023-24,802.46,2195.1566666666668,0.0,0.0,2200.0,29.366727434013853,Good,3,Rainfall anomaly,Price volatility,Yield trend
Uttar Pradesh,Ghaziabad,Maize,2024-25,1065.14,2434.3283333333334,0.0,0.02,3459.0,48.783490335801545,Good,3,Rainfall anomaly,Yield trend,Price volatility
Uttar Pradesh,Ghaziabad,Rice,2021-22,1106.73,,0.1,0.27,2700.0,,Insufficient,0,,,
Uttar Pradesh,Ghaziabad,Rice,2022-23,936.84,,0.1,0.24,2499.0,,Insufficient,0,,,
Uttar Pradesh,Ghaziabad,Rice,2023-24,802.46,,0.08,0.21,2717.0,29.720124156376922,Good,3,Rainfall anomaly,Yield trend,
Uttar Pradesh,Ghaziabad,Rice,2024-25,1065.14,,0.05,0.14,2661.0,45.07399583038638,Good,3,Area trend,Rainfall anomaly,
Uttar Pradesh,Ghaziabad,Wheat,2021-22,1106.73,2002.0925,0.3,1.25,4199.0,,Insufficient,0,,,
Uttar Pradesh,Ghaziabad,Wheat,2022-23,936.84,2400.3341666666665,0.28,1.13,3975.0,,Very Limited,1,Price volatility,,
Uttar Pradesh,Ghaziabad,Wheat,2023-24,802.46,2411.668333333333,0.23,1.01,4342.0,46.720923729607854,Complete,4,Area trend,Rainfall anomaly,Price volatility
Uttar Pradesh,Ghaziabad,Wheat,2024-25,1065.14,2653.1891666666666,0.27,1.02,3773.0,43.72535724313405,Complete,4,Area trend,Rainfall anomaly,Price volatility
Uttar Pradesh,Ghazipur,Maize,2021-22,904.42,,0.01,0.01,1711.0,,Insufficient,0,,,
Uttar Pradesh,Ghazipur,Maize,2022-23,703.53,,0.01,0.02,2680.0,,Insufficient,0,,,
Uttar Pradesh,Ghazipur,Maize,2023-24,613.84,,0.01,0.03,2418.0,22.2944960613373,Good,3,Rainfall anomaly,,
Uttar Pradesh,Ghazipur,Maize,2024-25,991.84,,0.01,0.03,3414.0,42.53249569017414,Good,3,Rainfall anomaly,Yield trend,
Uttar Pradesh,Ghazipur,Rice,2021-22,904.42,1940.0,1.53,4.13,2699.0,,Insufficient,0,,,
Uttar Pradesh,Ghazipur,Rice,2022-23,703.53,2050.51,1.5,5.04,3358.0,,Insufficient,0,,,
Uttar Pradesh,Ghazipur,Rice,2023-24,613.84,,1.48,3.96,2672.0,27.217588396599535,Good,3,Rainfall anomaly,Area trend,
Uttar Pradesh,Ghazipur,Rice,2024-25,991.84,2350.0,1.8,5.35,2970.0,66.36082539331335,Good,3,Yield trend,Rainfall anomaly,Area trend
Uttar Pradesh,Ghazipur,Wheat,2021-22,904.42,1906.9575,1.81,7.01,3882.0,,Insufficient,0,,,
Uttar Pradesh,Ghazipur,Wheat,2022-23,703.53,2329.082083333333,1.88,6.76,3597.0,,Very Limited,1,Price volatility,,
Uttar Pradesh,Ghazipur,Wheat,2023-24,613.84,2368.435,1.95,7.19,3687.0,43.84957187195938,Complete,4,Rainfall anomaly,Price volatility,Yield trend
Uttar Pradesh,Ghazipur,Wheat,2024-25,991.84,2711.25,1.71,6.5,3806.0,25.913198789342346,Complete,4,Rainfall anomaly,Price volatility,
Uttar Pradesh,Gonda,Maize,2021-22,1393.18,1767.3908333333331,0.59,0.7,1175.0,,Insufficient,0,,,
Uttar Pradesh,Gonda,Maize,2022-23,1104.75,2104.893333333333,0.59,0.95,1603.0,,Very Limited,1,Price volatility,,
Uttar Pradesh,Gonda,Maize,2023-24,1027.1,2134.2854166666666,0.7,1.22,1741.0,24.06201554190817,Complete,4,Rainfall anomaly,Price volatility,
Uttar Pradesh,Gonda,Maize,2024-25,1512.1,2342.840833333333,0.21,0.33,1593.0,22.19024529254256,Complete,4,Rainfall anomaly,Price volatility,
Uttar Pradesh,Gonda,Rice,2021-22,1393.18,1692.840416666667,1.38,3.2,2327.0,,Insufficient,0,,,
Uttar Pradesh,Gonda,Rice,2022-23,1104.75,1860.3858333333333,1.38,3.11,2264.0,,Very Limited,1,Price volatility,,
Uttar Pradesh,Gonda,Rice,2023-24,1027.1,2067.69375,1.3,3.44,2654.0,35.78540621843007,Complete,4,Rainfall anomaly,Price volatility,Yield trend
Uttar Pradesh,Gonda,Rice,2024-25,1512.1,2194.1670833333333,1.37,3.54,2590.0,34.46430937276674,Complete,4,Rainfall anomaly,Area trend,Price volatility
Uttar Pradesh,Gonda,Wheat,2021-22,1393.18,1899.60125,1.6,5.25,3275.0,,Insufficient,0,,,
Uttar Pradesh,Gonda,Wheat,2022-23,1104.75,2314.684583333333,1.53,4.89,3188.0,,Very Limited,1,Price volatility,,
Uttar Pradesh,Gonda,Wheat,2023-24,1027.1,2410.1766666666667,1.37,4.72,3435.0,40.24080419932229,Complete,4,Rainfall anomaly,Area trend,Price volatility
Uttar Pradesh,Gonda,Wheat,2024-25,1512.1,2672.478333333333,1.42,5.25,3688.0,39.57706800275529,Complete,4,Area trend,Rainfall anomaly,Price volatility
Uttar Pradesh,Gorakhpur,Maize,2021-22,1215.79,,0.03,0.01,435.0,,Insufficient,0,,,
Uttar Pradesh,Gorakhpur,Maize,2022-23,973.92,2141.872727272727,0.04,0.05,1339.0,,Insufficient,0,,,
Uttar Pradesh,Gorakhpur,Maize,2023-24,833.07,2167.935,0.06,0.15,2469.0,20.28446891105454,Complete,4,Rainfall anomaly,Price volatility,
Uttar Pradesh,Gorakhpur,Maize,2024-25,1172.31,2426.096666666667,0.03,0.09,2960.0,24.688682215585857,Complete,4,Rainfall anomaly,Price volatility,
Uttar Pradesh,Gorakhpur,Rice,2021-22,1215.79,1624.2970833333331,1.56,3.49,2232.0,,Insufficient,0,,,
Uttar Pradesh,Gorakhpur,Rice,2022-23,973.92,1837.659583333333,1.53,3.65,2391.0,,Very Limited,1,Price volatility,,
Uttar Pradesh,Gorakhpur,Rice,2023-24,833.07,2112.99875,1.49,4.27,2871.0,33.97216103048519,Complete,4,Rainfall anomaly,Price volatility,Area trend
Uttar Pradesh,Gorakhpur,Rice,2024-25,1172.31,2273.8058333333333,1.54,4.42,2877.0,31.868924881402002,Complete,4,Rainfall anomaly,Price volatility,Area trend
Uttar Pradesh,Gorakhpur,Wheat,2021-22,1215.79,1862.8608333333327,2.02,7.33,3630.0,,Insufficient,0,,,
Uttar Pradesh,Gorakhpur,Wheat,2022-23,973.92,2282.110416666667,1.97,7.42,3775.0,,Very Limited,1,Price volatility,,
Uttar Pradesh,Gorakhpur,Wheat,2023-24,833.07,2347.8525,1.61,6.35,3930.0,32.150502826396,Complete,4,Rainfall anomaly,Price volatility,Area trend
Uttar Pradesh,Gorakhpur,Wheat,2024-25,1172.31,2574.2975,1.73,6.93,4002.0,43.53020331572454,Complete,4,Rainfall anomaly,Area trend,Price volatility
Uttar Pradesh,Hamirpur,Maize,2023-24,695.93,,0.0,0.0,2563.0,,Insufficient,0,,,
Uttar Pradesh,Hamirpur,Maize,2024-25,844.3,,0.01,0.03,3455.0,,Very Limited,1,Rainfall anomaly,,
Uttar Pradesh,Hamirpur,Rice,2021-22,914.31,1733.07,0.0,0.0,2373.0,,Insufficient,0,,,
Uttar Pradesh,Hamirpur,Rice,2022-23,1065.11,2008.956875,0.01,0.01,2411.0,,Very Limited,1,Price volatility,,
Uttar Pradesh,Hamirpur,Rice,2023-24,695.93,2216.8254166666666,0.0,0.0,2390.0,28.26309865082045,Good,3,Rainfall anomaly,Price volatility,
Uttar Pradesh,Hamirpur,Rice,2024-25,844.3,2449.2905,0.2,0.41,2100.0,61.747996890274365,Complete,4,Rainfall anomaly,Area trend,Price volatility
Uttar Pradesh,Hamirpur,Wheat,2021-22,914.31,1881.2558333333327,1.18,3.78,3214.0,,Insufficient,0,,,
Uttar Pradesh,Hamirpur,Wheat,2022-23,1065.11,2269.940416666667,1.44,4.62,3217.0,,Very Limited,1,Price volatility,,
Uttar Pradesh,Hamirpur,Wheat,2023-24,695.93,2310.12625,1.29,4.28,3329.0,24.087633103369086,Complete,4,Rainfall anomaly,Price volatility,
Uttar Pradesh,Hamirpur,Wheat,2024-25,844.3,2541.0750000000003,1.36,4.51,3312.0,48.83651889708477,Complete,4,Rainfall anomaly,Area trend,Price volatility
Uttar Pradesh,Hapur,Maize,2021-22,1076.17,,0.02,0.04,2320.0,,Insufficient,0,,,
Uttar Pradesh,Hapur,Maize,2022-23,887.89,,0.02,0.04,2334.0,,Insufficient,0,,,
Uttar Pradesh,Hapur,Maize,2023-24,710.71,,0.03,0.08,2249.0,17.56033543120554,Good,3,Rainfall anomaly,,
Uttar Pradesh,Hapur,Maize,2024-25,923.0,,0.0,0.0,3092.0,34.732730198105905,Good,3,Rainfall anomaly,Yield trend,
Uttar Pradesh,Hapur,Rice,2021-22,1076.17,,0.21,0.55,2673.0,,Insufficient,0,,,
Uttar Pradesh,Hapur,Rice,2022-23,887.89,,0.24,0.59,2404.0,,Insufficient,0,,,
Uttar Pradesh,Hapur,Rice,2023-24,710.71,,0.19,0.48,2512.0,36.90835750303158,Good,3,Yield trend,Rainfall anomaly,
Uttar Pradesh,Hapur,Rice,2024-25,923.0,,0.15,0.38,2470.0,51.26047697676546,Good,3,Rainfall anomaly,Area trend,
Uttar Pradesh,Hapur,Wheat,2021-22,1076.17,,0.45,1.98,4375.0,,Insufficient,0,,,
Uttar Pradesh,Hapur,Wheat,2022-23,887.89,,0.41,1.74,4242.0,,Insufficient,0,,,
Uttar Pradesh,Hapur,Wheat,2023-24,710.71,,0.34,1.55,4556.0,45.72298150895043,Good,3,Area trend,Rainfall anomaly,Yield trend
Uttar Pradesh,Hapur,Wheat,2024-25,923.0,,0.41,1.56,3840.0,51.26047697676546,Good,3,Rainfall anomaly,Area trend,
Uttar Pradesh,Hardoi,Maize,2021-22,1136.6,1711.0641666666668,0.42,0.8,1906.0,,Insufficient,0,,,
Uttar Pradesh,Hardoi,Maize,2022-23,800.09,2007.4804166666663,0.42,1.01,2404.0,,Very Limited,1,Price volatility,,
Uttar Pradesh,Hardoi,Maize,2023-24,764.21,2088.51375,0.44,1.07,2441.0,26.702994809108617,Complete,4,Rainfall anomaly,Price volatility,
Uttar Pradesh,Hardoi,Maize,2024-25,947.26,2259.7583333333337,0.21,0.49,2291.0,20.67860349285894,Complete,4,Rainfall anomaly,Price volatility,
Uttar Pradesh,Hardoi,Rice,2021-22,1136.6,1688.1854166666665,1.52,4.11,2706.0,,Insufficient,0,,,
Uttar Pradesh,Hardoi,Rice,2022-23,800.09,1914.4983333333328,1.48,3.95,2677.0,,Very Limited,1,Price volatility,,
Uttar Pradesh,Hardoi,Rice,2023-24,764.21,2133.3833333333337,1.42,3.92,2764.0,39.33836974920507,Complete,4,Rainfall anomaly,Price volatility,Area trend
Uttar Pradesh,Hardoi,Rice,2024-25,947.26,2242.14,1.81,5.01,2765.0,30.063524407025827,Complete,4,Rainfall anomaly,Area trend,Price volatility
Uttar Pradesh,Hardoi,Wheat,2021-22,1136.6,1897.9558333333327,3.29,12.48,3792.0,,Insufficient,0,,,
Uttar Pradesh,Hardoi,Wheat,2022-23,800.09,2310.3879166666666,3.06,11.97,3913.0,,Very Limited,1,Price volatility,,
Uttar Pradesh,Hardoi,Wheat,2023-24,764.21,2369.2879166666667,2.92,10.89,3733.0,48.853393448785866,Complete,4,Rainfall anomaly,Area trend,Price volatility
Uttar Pradesh,Hardoi,Wheat,2024-25,947.26,2608.0066666666667,3.07,11.37,3699.0,39.11945592585952,Complete,4,Rainfall anomaly,Area trend,Yield trend
Uttar Pradesh,Hathras,Maize,2021-22,859.58,1671.7191666666668,0.04,0.11,2654.0,,Insufficient,0,,,
Uttar Pradesh,Hathras,Maize,2022-23,780.06,2184.752916666667,0.05,0.13,2857.0,,Very Limited,1,Price volatility,,
Uttar Pradesh,Hathras,Maize,2023-24,659.46,1999.45625,0.09,0.3,3510.0,18.620877546449815,Complete,4,Price volatility,Rainfall anomaly,
Uttar Pradesh,Hathras,Maize,2024-25,961.4,2202.310833333333,0.1,0.35,3426.0,27.048192496314737,Complete,4,Rainfall anomaly,Price volatility,
Uttar Pradesh,Hathras,Rice,2021-22,859.58,2327.31,0.22,0.54,2412.0,,Insufficient,0,,,
Uttar Pradesh,Hathras,Rice,2022-23,780.06,2040.0,0.22,0.55,2492.0,,Insufficient,0,,,
Uttar Pradesh,Hathras,Rice,2023-24,659.46,2558.27375,0.22,0.58,2598.0,9.285377572780689,Good,3,Rainfall anomaly,,
Uttar Pradesh,Hathras,Rice,2024-25,961.4,2357.02,0.62,1.61,2604.0,27.96746114339958,Complete,4,Rainfall anomaly,Price volatility,
Uttar Pradesh,Hathras,Wheat,2021-22,859.58,1920.775833333333,0.86,3.4,3968.0,,Insufficient,0,,,
Uttar Pradesh,Hathras,Wheat,2022-23,780.06,2354.8879166666666,0.79,3.17,4028.0,,Very Limited,1,Price volatility,,
Uttar Pradesh,Hathras,Wheat,2023-24,659.46,2348.6808333333333,0.72,2.84,3921.0,35.91582824456865,Complete,4,Area trend,Price volatility,Rainfall anomaly
Uttar Pradesh,Hathras,Wheat,2024-25,961.4,2633.968333333333,0.68,2.69,3958.0,45.063866942522516,Complete,4,Area trend,Rainfall anomaly,Price volatility
Uttar Pradesh,Jalaun,Maize,2021-22,919.19,,0.0,0.0,1909.0,,Insufficient,0,,,
Uttar Pradesh,Jalaun,Maize,2022-23,1042.71,,0.0,0.0,1500.0,,Insufficient,0,,,
Uttar Pradesh,Jalaun,Maize,2023-24,719.92,,0.0,0.0,2054.0,71.48406132201255,Limited,2,Yield trend,Rainfall anomaly,
Uttar Pradesh,Jalaun,Maize,2024-25,1027.09,,0.02,0.05,3449.0,34.926785730676684,Limited,2,Rainfall anomaly,,
Uttar Pradesh,Jalaun,Rice,2021-22,919.19,,0.0,0.0,1846.0,,Insufficient,0,,,
Uttar Pradesh,Jalaun,Rice,2022-23,1042.71,,0.0,0.0,1336.0,,Insufficient,0,,,
Uttar Pradesh,Jalaun,Rice,2023-24,719.92,,0.0,0.01,2191.0,71.48406132201255,Limited,2,Yield trend,Rainfall anomaly,
Uttar Pradesh,Jalaun,Rice,2024-25,1027.09,2410.0,0.52,1.17,2261.0,34.926785730676684,Limited,2,Rainfall anomaly,,
Uttar Pradesh,Jalaun,Wheat,2021-22,919.19,1886.835,1.36,4.65,3425.0,,Insufficient,0,,,
Uttar Pradesh,Jalaun,Wheat,2022-23,1042.71,2303.0170833333336,1.63,5.84,3578.0,,Very Limited,1,Price volatility,,
Uttar Pradesh,Jalaun,Wheat,2023-24,719.92,2342.8541666666665,1.81,6.86,3792.0,21.98084948845752,Complete,4,Rainfall anomaly,Price volatility,
Uttar Pradesh,Jalaun,Wheat,2024-25,1027.09,2603.5141666666664,1.59,6.04,3790.0,27.60055948177253,Complete,4,Rainfall anomaly,Price volatility,
Uttar Pradesh,Jaunpur,Maize,2021-22,919.08,1784.3841666666667,0.54,0.85,1571.0,,Insufficient,0,,,
Uttar Pradesh,Jaunpur,Maize,2022-23,953.5,2184.2916666666665,0.54,1.44,2653.0,,Very Limited,1,Price volatility,,
Uttar Pradesh,Jaunpur,Maize,2023-24,725.17,2129.901666666666,0.55,1.14,2087.0,10.334170693872545,Complete,4,Price volatility,Rainfall anomaly,
Uttar Pradesh,Jaunpur,Maize,2024-25,863.9,2348.532083333333,0.21,0.49,2308.0,64.67920701292003,Complete,4,Yield trend,Rainfall anomaly,Price volatility
Uttar Pradesh,Jaunpur,Rice,2021-22,919.08,1882.3572222222224,1.51,3.97,2633.0,,Insufficient,0,,,
Uttar Pradesh,Jaunpur,Rice,2022-23,953.5,1962.6858333333328,1.46,4.12,2815.0,,Very Limited,1,Price volatility,,
Uttar Pradesh,Jaunpur,Rice,2023-24,725.17,2196.508181818182,1.41,3.97,2827.0,19.721704198936145,Complete,4,Price volatility,Area trend,Rainfall anomaly
Uttar Pradesh,Jaunpur,Rice,2024-25,863.9,2299.35125,1.69,4.69,2775.0,33.20729499655359,Complete,4,Rainfall anomaly,Area trend,Price volatility
Uttar Pradesh,Jaunpur,Wheat,2021-22,919.08,1897.0825,2.18,8.73,4001.0,,Insufficient,0,,,
Uttar Pradesh,Jaunpur,Wheat,2022-23,953.5,2319.1441666666665,2.15,8.57,3986.0,,Very Limited,1,Price volatility,,
Uttar Pradesh,Jaunpur,Wheat,2023-24,725.17,2395.225,1.93,7.86,4068.0,17.370518182584835,Complete,4,Price volatility,Rainfall anomaly,Area trend
Uttar Pradesh,Jaunpur,Wheat,2024-25,863.9,2647.4591666666665,2.02,7.92,3922.0,43.59361733296804,Complete,4,Area trend,Rainfall anomaly,Price volatility
Uttar Pradesh,Jhansi,Maize,2021-22,859.82,,0.02,0.01,572.0,,Insufficient,0,,,
Uttar Pradesh,Jhansi,Maize,2022-23,1123.49,,0.02,0.03,1858.0,,Insufficient,0,,,
Uttar Pradesh,Jhansi,Maize,2023-24,799.07,,0.02,0.03,1681.0,30.779578997809164,Good,3,Rainfall anomaly,,
Uttar Pradesh,Jhansi,Maize,2024-25,1216.67,,0.02,0.03,1160.0,37.80783482257931,Good,3,Rainfall anomaly,Yield trend,
Uttar Pradesh,Jhansi,Rice,2021-22,859.82,1940.0,0.09,0.2,2143.0,,Insufficient,0,,,
Uttar Pradesh,Jhansi,Rice,2022-23,1123.49,2040.0,0.09,0.18,1987.0,,Insufficient,0,,,
Uttar Pradesh,Jhansi,Rice,2023-24,799.07,2667.25,0.09,0.2,2234.0,44.774990751971316,Good,3,Rainfall anomaly,Yield trend,
Uttar Pradesh,Jhansi,Rice,2024-25,1216.67,2339.13,0.63,1.38,2197.0,19.49267091638364,Good,3,Rainfall anomaly,,
Uttar Pradesh,Jhansi,Wheat,2021-22,859.82,1886.4220833333327,1.32,4.48,3385.0,,Insufficient,0,,,
Uttar Pradesh,Jhansi,Wheat,2022-23,1123.49,2321.15625,1.39,4.79,3434.0,,Very Limited,1,Price volatility,,
Uttar Pradesh,Jhansi,Wheat,2023-24,799.07,2379.9066666666668,1.92,6.34,3307.0,36.5024319380014,Complete,4,Rainfall anomaly,Price volatility,
Uttar Pradesh,Jhansi,Wheat,2024-25,1216.67,2658.6041666666665,1.69,5.74,3393.0,25.92289860338816,Complete,4,Rainfall anomaly,Yield trend,Price volatility
Uttar Pradesh,Kannauj,Maize,2021-22,1076.61,1760.3675,0.63,1.87,2981.0,,Insufficient,0,,,
Uttar Pradesh,Kannauj,Maize,2022-23,892.72,2094.3258333333333,0.63,1.92,3044.0,,Very Limited,1,Price volatility,,
Uttar Pradesh,Kannauj,Maize,2023-24,717.16,2065.2466666666664,1.0,2.92,2913.0,20.741146542093354,Complete,4,Rainfall anomaly,Price volatility,
Uttar Pradesh,Kannauj,Maize,2024-25,866.9,2342.971666666667,0.58,1.86,3232.0,40.04930839279387,Complete,4,Rainfall anomaly,Price volatility,Yield trend
Uttar Pradesh,Kannauj,Rice,2021-22,1076.61,1940.0,0.2,0.55,2761.0,,Insufficient,0,,,
Uttar Pradesh,Kannauj,Rice,2022-23,892.72,2029.072,0.21,0.61,2979.0,,Insufficient,0,,,
Uttar Pradesh,Kannauj,Rice,2023-24,717.16,2095.676,0.19,0.6,3109.0,17.143883323487614,Good,3,Rainfall anomaly,,
Uttar Pradesh,Kannauj,Rice,2024-25,866.9,2296.9533333333334,0.43,1.43,3348.0,50.7973876803032,Good,3,Rainfall anomaly,Area trend,
Uttar Pradesh,Kannauj,Wheat,2021-22,1076.61,1900.400833333333,0.79,3.06,3854.0,,Insufficient,0,,,
Uttar Pradesh,Kannauj,Wheat,2022-23,892.72,2329.90875,0.65,2.61,3988.0,,Very Limited,1,Price volatility,,
Uttar Pradesh,Kannauj,Wheat,2023-24,717.16,2335.592916666667,0.62,2.54,4130.0,44.16105883475762,Complete,4,Area trend,Rainfall anomaly,Price volatility
Uttar Pradesh,Kannauj,Wheat,2024-25,866.9,2636.39875,0.6,2.75,4548.0,36.23047132003758,Complete,4,Rainfall anomaly,Area trend,Price volatility
Uttar Pradesh,Kanpur Dehat,Maize,2021-22,971.56,1792.7341666666669,0.15,0.42,2814.0,,Insufficient,0,,,
Uttar Pradesh,Kanpur Dehat,Maize,2022-23,1037.03,1992.54,0.15,0.43,2838.0,,Very Limited,1,Price volatility,,
Uttar Pradesh,Kanpur Dehat,Maize,2023-24,692.15,2083.31,0.15,0.22,1426.0,13.82655418498405,Complete,4,Price volatility,Rainfall anomaly,
Uttar Pradesh,Kanpur Dehat,Maize,2024-25,836.71,2311.2000000000003,0.12,0.34,2759.0,67.10642849159117,Complete,4,Yield trend,Rainfall anomaly,Price volatility
Uttar Pradesh,Kanpur Dehat,Rice,2021-22,971.56,1829.0016666666668,0.41,1.34,3238.0,,Insufficient,0,,,
Uttar Pradesh,Kanpur Dehat,Rice,2022-23,1037.03,2057.670625,0.57,1.88,3286.0,,Very Limited,1,Price volatility,,
Uttar Pradesh,Kanpur Dehat,Rice,2023-24,692.15,2191.8975,0.39,1.29,3295.0,6.800019871298403,Complete,4,Rainfall anomaly,Price volatility,
Uttar Pradesh,Kanpur Dehat,Rice,2024-25,836.71,2316.137222222222,0.73,2.22,3061.0,48.13575654211318,Complete,4,Rainfall anomaly,Area trend,Price volatility
Uttar Pradesh,Kanpur Dehat,Wheat,2021-22,971.56,1916.2241666666664,1.25,4.76,3794.0,,Insufficient,0,,,
Uttar Pradesh,Kanpur Dehat,Wheat,2022-23,1037.03,2315.145,1.25,5.04,4042.0,,Very Limited,1,Price volatility,,
Uttar Pradesh,Kanpur Dehat,Wheat,2023-24,692.15,2367.46875,1.56,6.64,4265.0,16.076199335041615,Complete,4,Price volatility,Rainfall anomaly,
Uttar Pradesh,Kanpur Dehat,Wheat,2024-25,836.71,2616.855833333333,1.38,6.11,4438.0,31.795730622170847,Complete,4,Rainfall anomaly,Price volatility,
Uttar Pradesh,Kanpur Nagar,Maize,2021-22,971.56,,0.27,0.72,2723.0,,Insufficient,0,,,
Uttar Pradesh,Kanpur Nagar,Maize,2022-23,1037.03,,0.27,0.7,2624.0,,Insufficient,0,,,
Uttar Pradesh,Kanpur Nagar,Maize,2023-24,692.15,,0.35,0.74,2114.0,13.753564421545075,Good,3,Yield trend,Rainfall anomaly,
Uttar Pradesh,Kanpur Nagar,Maize,2024-25,836.71,,0.13,0.43,3272.0,68.56352480532044,Good,3,Yield trend,Rainfall anomaly,
Uttar Pradesh,Kanpur Nagar,Rice,2021-22,971.56,,0.33,0.96,2932.0,,Insufficient,0,,,
Uttar Pradesh,Kanpur Nagar,Rice,2022-23,1037.03,,0.32,0.95,2989.0,,Insufficient,0,,,
Uttar Pradesh,Kanpur Nagar,Rice,2023-24,692.15,,0.3,0.94,3129.0,14.372082366900427,Good,3,Area trend,Rainfall anomaly,
Uttar Pradesh,Kanpur Nagar,Rice,2024-25,836.71,,0.52,1.59,3061.0,46.88876406886489,Good,3,Rainfall anomaly,Area trend,
Uttar Pradesh,Kanpur Nagar,Wheat,2021-22,971.56,,1.07,3.71,3477.0,,Insufficient,0,,,
Uttar Pradesh,Kanpur Nagar,Wheat,2022-23,1037.03,,1.04,4.07,3921.0,,Insufficient,0,,,
Uttar Pradesh,Kanpur Nagar,Wheat,2023-24,692.15,,1.02,3.82,3731.0,13.80322887701457,Good,3,Area trend,Rainfall anomaly,
Uttar Pradesh,Kanpur Nagar,Wheat,2024-25,836.71,,1.07,4.5,4225.0,45.34105064977183,Good,3,Rainfall anomaly,Yield trend,Area trend
Uttar Pradesh,Kasganj,Maize,2021-22,904.18,1771.5483333333334,0.42,1.39,3278.0,,Insufficient,0,,,
Uttar Pradesh,Kasganj,Maize,2022-23,830.86,2236.7816666666668,0.42,1.24,2925.0,,Very Limited,1,Price volatility,,
Uttar Pradesh,Kasganj,Maize,2023-24,766.09,2054.545,0.55,1.82,3332.0,33.00225502336849,Complete,4,Yield trend,Price volatility,Rainfall anomaly
Uttar Pradesh,Kasganj,Maize,2024-25,956.85,2324.645,0.34,1.02,2964.0,17.096272057075012,Complete,4,Rainfall anomaly,Price volatility,
Uttar Pradesh,Kasganj,Rice,2021-22,904.18,,0.17,0.44,2683.0,,Insufficient,0,,,
Uttar Pradesh,Kasganj,Rice,2022-23,830.86,,0.19,0.5,2578.0,,Insufficient,0,,,
Uttar Pradesh,Kasganj,Rice,2023-24,766.09,,0.16,0.43,2673.0,15.663166214328797,Good,3,Rainfall anomaly,Yield trend,
Uttar Pradesh,Kasganj,Rice,2024-25,956.85,,0.45,1.19,2679.0,35.264772082596906,Good,3,Area trend,Rainfall anomaly,
Uttar Pradesh,Kasganj,Wheat,2021-22,904.18,1939.2358333333327,0.97,3.79,3913.0,,Insufficient,0,,,
Uttar Pradesh,Kasganj,Wheat,2022-23,830.86,2369.1666666666665,0.98,4.07,4142.0,,Very Limited,1,Price volatility,,
Uttar Pradesh,Kasganj,Wheat,2023-24,766.09,2334.710833333333,1.02,3.96,3891.0,18.54147345141594,Complete,4,Price volatility,Rainfall anomaly,
Uttar Pradesh,Kasganj,Wheat,2024-25,956.85,2603.1841666666664,0.94,3.59,3811.0,23.373051215028628,Complete,4,Rainfall anomaly,Yield trend,Price volatility
Uttar Pradesh,Kaushambi,Maize,2021-22,829.99,,0.0,0.01,2406.0,,Insufficient,0,,,
Uttar Pradesh,Kaushambi,Maize,2022-23,956.77,,0.0,0.0,2854.0,,Insufficient,0,,,
Uttar Pradesh,Kaushambi,Maize,2023-24,706.86,,0.0,0.0,2007.0,20.049011067694586,Limited,2,Rainfall anomaly,,
Uttar Pradesh,Kaushambi,Maize,2024-25,902.28,,0.01,0.03,3447.0,81.24954116586733,Limited,2,Yield trend,Rainfall anomaly,
Uttar Pradesh,Kaushambi,Rice,2021-22,829.99,1940.0,0.49,1.34,2732.0,,Insufficient,0,,,
Uttar Pradesh,Kaushambi,Rice,2022-23,956.77,2040.0,0.64,1.98,3072.0,,Insufficient,0,,,
Uttar Pradesh,Kaushambi,Rice,2023-24,706.86,,0.46,1.38,3004.0,15.33159669882527,Good,3,Rainfall anomaly,,
Uttar Pradesh,Kaushambi,Rice,2024-25,902.28,2297.06,0.77,2.66,3471.0,48.74064274381804,Good,3,Area trend,Rainfall anomaly,Yield trend
Uttar Pradesh,Kaushambi,Wheat,2021-22,829.99,1894.1791666666668,0.78,2.61,3360.0,,Insufficient,0,,,
Uttar Pradesh,Kaushambi,Wheat,2022-23,956.77,2305.9045454545453,0.8,2.91,3651.0,,Very Limited,1,Price volatility,,
Uttar Pradesh,Kaushambi,Wheat,2023-24,706.86,2368.3575,0.81,2.77,3423.0,23.02945882357965,Complete,4,Rainfall anomaly,Price volatility,
Uttar Pradesh,Kaushambi,Wheat,2024-25,902.28,2631.837916666667,0.8,3.51,4367.0,31.552361570595952,Complete,4,Rainfall anomaly,Yield trend,Price volatility
Uttar Pradesh,Kheri,Maize,2021-22,1295.82,,0.11,0.19,1667.0,,Insufficient,0,,,
Uttar Pradesh,Kheri,Maize,2022-23,1065.29,,0.11,0.18,1587.0,,Insufficient,0,,,
Uttar Pradesh,Kheri,Maize,2023-24,941.67,,0.15,0.37,2465.0,27.082846653173036,Good,3,Rainfall anomaly,Yield trend,
Uttar Pradesh,Kheri,Maize,2024-25,1253.71,2157.8475,0.05,0.14,2924.0,20.31010434140235,Good,3,Rainfall anomaly,,
Uttar Pradesh,Kheri,Rice,2021-22,1295.82,1633.9325,1.87,5.3,2842.0,,Insufficient,0,,,
Uttar Pradesh,Kheri,Rice,2022-23,1065.29,1935.4525,1.85,5.21,2826.0,,Very Limited,1,Price volatility,,
Uttar Pradesh,Kheri,Rice,2023-24,941.67,2103.268333333333,1.73,5.25,3030.0,23.81911976227433,Complete,4,Rainfall anomaly,Price volatility,Area trend
Uttar Pradesh,Kheri,Rice,2024-25,1253.71,2100.6525,1.13,3.8,3352.0,35.29741464200573,Complete,4,Rainfall anomaly,Area trend,Price volatility
Uttar Pradesh,Kheri,Wheat,2021-22,1295.82,1881.2795833333328,2.02,8.28,4094.0,,Insufficient,0,,,
Uttar Pradesh,Kheri,Wheat,2022-23,1065.29,2294.4454166666665,1.94,7.98,4123.0,,Very Limited,1,Price volatility,,
Uttar Pradesh,Kheri,Wheat,2023-24,941.67,2353.920416666667,1.59,6.33,3976.0,33.10821383050337,Complete,4,Rainfall anomaly,Price volatility,Area trend
Uttar Pradesh,Kheri,Wheat,2024-25,1253.71,2583.8595833333334,1.82,7.28,3993.0,47.66930057884872,Complete,4,Area trend,Rainfall anomaly,Yield trend
Uttar Pradesh,Kushinagar,Maize,2021-22,1753.59,,0.08,0.14,1767.0,,Insufficient,0,,,
Uttar Pradesh,Kushinagar,Maize,2022-23,1162.3,,0.06,0.12,2103.0,,Insufficient,0,,,
Uttar Pradesh,Kushinagar,Maize,2023-24,1167.89,,0.08,0.25,2964.0,57.3734340967953,Good,3,Rainfall anomaly,Area trend,
Uttar Pradesh,Kushinagar,Maize,2024-25,1545.58,,0.05,0.14,3158.0,19.968650435014485,Good,3,Rainfall anomaly,,
Uttar Pradesh,Kushinagar,Rice,2021-22,1753.59,1697.0,1.27,3.32,2607.0,,Insufficient,0,,,
Uttar Pradesh,Kushinagar,Rice,2022-23,1162.3,1825.4545454545453,1.24,3.14,2525.0,,Insufficient,0,,,
Uttar Pradesh,Kushinagar,Rice,2023-24,1167.89,2090.724,1.19,3.06,2567.0,51.22567554325941,Complete,4,Rainfall anomaly,Price volatility,Yield trend
Uttar Pradesh,Kushinagar,Rice,2024-25,1545.58,2324.715,0.87,2.4,2749.0,30.09275160833602,Good,3,Rainfall anomaly,Area trend,
Uttar Pradesh,Kushinagar,Wheat,2021-22,1753.59,1870.8333333333333,1.21,4.57,3763.0,,Insufficient,0,,,
Uttar Pradesh,Kushinagar,Wheat,2022-23,1162.3,2292.7272727272725,1.22,4.5,3697.0,,Very Limited,1,Price volatility,,
Uttar Pradesh,Kushinagar,Wheat,2023-24,1167.89,2351.2470000000003,1.08,3.91,3614.0,42.71579946462723,Complete,4,Rainfall anomaly,Price volatility,Yield trend
Uttar Pradesh,Kushinagar,Wheat,2024-25,1545.58,2411.575,1.12,4.3,3839.0,43.475361640997654,Complete,4,Area trend,Rainfall anomaly,Yield trend
Uttar Pradesh,Lalitpur,Maize,2021-22,940.25,1705.95875,0.31,0.35,1129.0,,Insufficient,0,,,
Uttar Pradesh,Lalitpur,Maize,2022-23,1379.59,1976.8033333333333,0.31,0.39,1231.0,,Very Limited,1,Price volatility,,
Uttar Pradesh,Lalitpur,Maize,2023-24,886.11,2053.583333333333,0.3,0.39,1292.0,36.29456634549726,Complete,4,Rainfall anomaly,Price volatility,
Uttar Pradesh,Lalitpur,Maize,2024-25,1412.13,2197.2229166666666,0.11,0.09,856.0,30.698458350058008,Complete,4,Rainfall anomaly,Area trend,Price volatility
Uttar Pradesh,Lalitpur,Rice,2021-22,940.25,1664.0786363636362,0.02,0.01,512.0,,Insufficient,0,,,
Uttar Pradesh,Lalitpur,Rice,2022-23,1379.59,1932.83125,0.02,0.05,2577.0,,Very Limited,1,Price volatility,,
Uttar Pradesh,Lalitpur,Rice,2023-24,886.11,2100.0804166666667,0.01,0.03,2161.0,35.32430437531122,Complete,4,Rainfall anomaly,Price volatility,
Uttar Pradesh,Lalitpur,Rice,2024-25,1412.13,2123.2445833333336,0.01,0.01,1231.0,70.707853919229,Complete,4,Yield trend,Rainfall anomaly,Area trend
Uttar Pradesh,Lalitpur,Wheat,2021-22,940.25,1897.2066666666667,1.71,6.21,3619.0,,Insufficient,0,,,
Uttar Pradesh,Lalitpur,Wheat,2022-23,1379.59,2267.572083333333,1.71,6.24,3650.0,,Very Limited,1,Price volatility,,
Uttar Pradesh,Lalitpur,Wheat,2023-24,886.11,2377.9933333333333,1.87,6.66,3568.0,37.715518844406475,Complete,4,Rainfall anomaly,Price volatility,
Uttar Pradesh,Lalitpur,Wheat,2024-25,1412.13,2592.020833333333,1.72,5.83,3401.0,27.974359615190934,Complete,4,Rainfall anomaly,Price volatility,Yield trend
Uttar Pradesh,Lucknow,Maize,2021-22,1126.47,2500.0,0.02,0.04,2249.0,,Insufficient,0,,,
Uttar Pradesh,Lucknow,Maize,2022-23,993.18,,0.02,0.01,728.0,,Insufficient,0,,,
Uttar Pradesh,Lucknow,Maize,2023-24,827.7,,0.02,0.04,2082.0,53.05294224889049,Good,3,Yield trend,Rainfall anomaly,
Uttar Pradesh,Lucknow,Maize,2024-25,957.96,,0.01,0.02,2059.0,21.98352116730839,Good,3,Rainfall anomaly,,
Uttar Pradesh,Lucknow,Rice,2021-22,1126.47,1940.0,0.55,1.37,2492.0,,Insufficient,0,,,
Uttar Pradesh,Lucknow,Rice,2022-23,993.18,2040.0,0.52,1.37,2624.0,,Insufficient,0,,,
Uttar Pradesh,Lucknow,Rice,2023-24,827.7,2371.2122222222224,0.51,1.3,2563.0,25.571619429657385,Good,3,Area trend,Rainfall anomaly,
Uttar Pradesh,Lucknow,Rice,2024-25,957.96,2445.45625,0.36,1.0,2774.0,36.52665136139389,Complete,4,Rainfall anomaly,Price volatility,Area trend
Uttar Pradesh,Lucknow,Wheat,2021-22,1126.47,1904.8825,0.85,3.02,3541.0,,Insufficient,0,,,
Uttar Pradesh,Lucknow,Wheat,2022-23,993.18,2366.155,0.81,2.83,3498.0,,Very Limited,1,Price volatility,,
Uttar Pradesh,Lucknow,Wheat,2023-24,827.7,2426.1425,0.36,1.29,3581.0,32.11069387104785,Complete,4,Rainfall anomaly,Area trend,Price volatility
Uttar Pradesh,Lucknow,Wheat,2024-25,957.96,2662.563333333333,0.72,2.4,3310.0,43.32814891155022,Complete,4,Area trend,Rainfall anomaly,Price volatility
Uttar Pradesh,Mahoba,Maize,2021-22,918.53,,0.0,0.0,2091.0,,Insufficient,0,,,
Uttar Pradesh,Mahoba,Maize,2022-23,1059.1,,0.0,0.0,2154.0,,Insufficient,0,,,
Uttar Pradesh,Mahoba,Maize,2023-24,747.13,,0.0,0.0,2181.0,20.08696706777327,Limited,2,Rainfall anomaly,,
Uttar Pradesh,Mahoba,Maize,2024-25,970.6,,0.0,0.0,327.0,32.08113458658926,Limited,2,Rainfall anomaly,,
Uttar Pradesh,Mahoba,Rice,2021-22,918.53,1940.0,0.0,0.0,2367.0,,Insufficient,0,,,
Uttar Pradesh,Mahoba,Rice,2022-23,1059.1,2040.0,0.0,0.0,2413.0,,Insufficient,0,,,
Uttar Pradesh,Mahoba,Rice,2023-24,747.13,2040.0,0.0,0.01,2390.0,20.08696706777327,Limited,2,Rainfall anomaly,,
Uttar Pradesh,Mahoba,Rice,2024-25,970.6,,0.02,0.05,2100.0,34.47753472545844,Limited,2,Rainfall anomaly,Yield trend,
Uttar Pradesh,Mahoba,Wheat,2021-22,918.53,1885.435,0.8,2.27,2841.0,,Insufficient,0,,,
Uttar Pradesh,Mahoba,Wheat,2022-23,1059.1,2286.7875,0.78,3.09,3940.0,,Very Limited,1,Price volatility,,
Uttar Pradesh,Mahoba,Wheat,2023-24,747.13,2345.20375,0.82,3.13,3816.0,28.042422442842902,Complete,4,Rainfall anomaly,Price volatility,Area trend
Uttar Pradesh,Mahoba,Wheat,2024-25,970.6,2601.3725,0.77,2.43,3160.0,30.271247258664385,Complete,4,Rainfall anomaly,Yield trend,Price volatility
Uttar Pradesh,Mahrajganj,Maize,2021-22,1753.59,,0.02,0.05,2688.0,,Insufficient,0,,,
Uttar Pradesh,Mahrajganj,Maize,2022-23,1162.3,,0.01,0.01,2768.0,,Insufficient,0,,,
Uttar Pradesh,Mahrajganj,Maize,2023-24,1167.89,,0.02,0.05,3151.0,57.3734340967953,Good,3,Rainfall anomaly,Area trend,
Uttar Pradesh,Mahrajganj,Maize,2024-25,1545.58,,0.07,0.25,3475.0,19.968650435014485,Good,3,Rainfall anomaly,,
Uttar Pradesh,Mahrajganj,Rice,2021-22,1753.59,1748.25875,1.81,4.97,2745.0,,Insufficient,0,,,
Uttar Pradesh,Mahrajganj,Rice,2022-23,1162.3,1826.3691666666664,1.66,4.3,2585.0,,Very Limited,1,Price volatility,,
Uttar Pradesh,Mahrajganj,Rice,2023-24,1167.89,2097.8879166666666,1.71,4.76,2788.0,69.57711632887803,Complete,4,Rainfall anomaly,Area trend,Price volatility
Uttar Pradesh,Mahrajganj,Rice,2024-25,1545.58,2229.65375,1.56,4.29,2759.0,23.317866780068297,Complete,4,Rainfall anomaly,Price volatility,
Uttar Pradesh,Mahrajganj,Wheat,2021-22,1753.59,1858.4258333333328,1.55,5.51,3554.0,,Insufficient,0,,,
Uttar Pradesh,Mahrajganj,Wheat,2022-23,1162.3,2290.414583333333,1.49,5.5,3695.0,,Very Limited,1,Price volatility,,
Uttar Pradesh,Mahrajganj,Wheat,2023-24,1167.89,2334.7275,1.38,5.16,3754.0,47.9140245791799,Complete,4,Rainfall anomaly,Price volatility,Area trend
Uttar Pradesh,Mahrajganj,Wheat,2024-25,1545.58,2492.1383333333333,1.31,4.83,3699.0,35.78421189959512,Complete,4,Rainfall anomaly,Area trend,Price volatility
Uttar Pradesh,Mainpuri,Maize,2021-22,935.72,1734.2058333333334,0.5,1.63,3281.0,,Insufficient,0,,,
Uttar Pradesh,Mainpuri,Maize,2022-23,834.95,2226.5691666666667,0.5,1.07,2155.0,,Very Limited,1,Price volatility,,
Uttar Pradesh,Mainpuri,Maize,2023-24,681.24,2058.599166666667,0.58,2.13,3681.0,51.472357982335026,Complete,4,Yield trend,Rainfall anomaly,Price volatility
Uttar Pradesh,Mainpuri,Maize,2024-25,949.43,2340.6095833333334,0.32,1.12,3528.0,23.524677391902195,Complete,4,Rainfall anomaly,Price volatility,
Uttar Pradesh,Mainpuri,Rice,2021-22,935.72,,0.63,1.68,2688.0,,Insufficient,0,,,
Uttar Pradesh,Mainpuri,Rice,2022-23,834.95,2054.43,0.74,1.86,2515.0,,Insufficient,0,,,
Uttar Pradesh,Mainpuri,Rice,2023-24,681.24,2152.335,0.6,1.78,2949.0,23.18294668762511,Good,3,Yield trend,Rainfall anomaly,
Uttar Pradesh,Mainpuri,Rice,2024-25,949.43,,0.66,2.0,3016.0,46.66786004375791,Good,3,Area trend,Rainfall anomaly,
Uttar Pradesh,Mainpuri,Wheat,2021-22,935.72,1926.265,1.57,6.05,3857.0,,Insufficient,0,,,
Uttar Pradesh,Mainpuri,Wheat,2022-23,834.95,2320.98,1.5,6.01,4010.0,,Very Limited,1,Price volatility,,
Uttar Pradesh,Mainpuri,Wheat,2023-24,681.24,2312.087916666667,1.48,6.16,4170.0,29.3837188885359,Complete,4,Price volatility,Area trend,Rainfall anomaly
Uttar Pradesh,Mainpuri,Wheat,2024-25,949.43,2613.681666666667,1.34,4.96,3712.0,26.647781112953027,Complete,4,Rainfall anomaly,Price volatility,Area trend
Uttar Pradesh,Mathura,Maize,2021-22,819.76,,0.0,0.01,3134.0,,Insufficient,0,,,
Uttar Pradesh,Mathura,Maize,2022-23,805.29,,0.0,0.01,2577.0,,Insufficient,0,,,
Uttar Pradesh,Mathura,Maize,2023-24,728.38,,0.01,0.04,3274.0,47.00012236577753,Limited,2,Yield trend,Rainfall anomaly,
Uttar Pradesh,Mathura,Maize,2024-25,970.68,2208.155,0.06,0.21,3483.0,13.592728750980125,Limited,2,Rainfall anomaly,,
Uttar Pradesh,Mathura,Rice,2021-22,819.76,1940.0,0.48,0.89,1864.0,,Insufficient,0,,,
Uttar Pradesh,Mathura,Rice,2022-23,805.29,2040.0,0.69,1.27,1841.0,,Insufficient,0,,,
Uttar Pradesh,Mathura,Rice,2023-24,728.38,2205.2000000000003,0.48,0.99,2047.0,4.143980388814041,Good,3,Yield trend,Rainfall anomaly,
Uttar Pradesh,Mathura,Rice,2024-25,970.68,2300.0,1.14,2.51,2211.0,33.923851397808335,Good,3,Area trend,Rainfall anomaly,
Uttar Pradesh,Mathura,Wheat,2021-22,819.76,1965.6170833333333,2.03,7.09,3490.0,,Insufficient,0,,,
Uttar Pradesh,Mathura,Wheat,2022-23,805.29,2374.710416666667,1.94,6.96,3583.0,,Very Limited,1,Price volatility,,
Uttar Pradesh,Mathura,Wheat,2023-24,728.38,2405.259583333333,1.76,6.87,3892.0,22.05122143536274,Complete,4,Price volatility,Area trend,Rainfall anomaly
Uttar Pradesh,Mathura,Wheat,2024-25,970.68,2675.681666666667,1.69,6.27,3717.0,34.122977379491324,Complete,4,Area trend,Rainfall anomaly,Price volatility
Uttar Pradesh,Mau,Maize,2021-22,1038.24,,0.01,0.01,1648.0,,Insufficient,0,,,
Uttar Pradesh,Mau,Maize,2022-23,760.23,,0.01,0.02,1691.0,,Insufficient,0,,,
Uttar Pradesh,Mau,Maize,2023-24,669.21,,0.01,0.04,2608.0,26.876465836061147,Good,3,Rainfall anomaly,,
Uttar Pradesh,Mau,Maize,2024-25,996.27,,0.0,0.0,2249.0,25.675052256074242,Good,3,Rainfall anomaly,,
Uttar Pradesh,Mau,Rice,2021-22,1038.24,,0.9,2.15,2375.0,,Insufficient,0,,,
Uttar Pradesh,Mau,Rice,2022-23,760.23,,0.91,2.33,2558.0,,Insufficient,0,,,
Uttar Pradesh,Mau,Rice,2023-24,669.21,,0.82,1.66,2024.0,26.876465836061147,Good,3,Rainfall anomaly,,
Uttar Pradesh,Mau,Rice,2024-25,996.27,,0.9,2.41,2682.0,89.33952893982877,Good,3,Yield trend,Rainfall anomaly,Area trend
Uttar Pradesh,Mau,Wheat,2021-22,1038.24,,0.99,3.65,3700.0,,Insufficient,0,,,
Uttar Pradesh,Mau,Wheat,2022-23,760.23,,0.94,3.23,3429.0,,Insufficient,0,,,
Uttar Pradesh,Mau,Wheat,2023-24,669.21,,0.84,2.81,3343.0,53.638719826799004,Good,3,Rainfall anomaly,Yield trend,Area trend
Uttar Pradesh,Mau,Wheat,2024-25,996.27,,0.92,3.24,3505.0,54.02631982734065,Good,3,Rainfall anomaly,Area trend,Yield trend
Uttar Pradesh,Meerut,Maize,2021-22,1106.73,1926.904545454545,0.0,0.01,2151.0,,Insufficient,0,,,
Uttar Pradesh,Meerut,Maize,2022-23,936.84,2296.83,0.0,0.01,2024.0,,Very Limited,1,Price volatility,,
Uttar Pradesh,Meerut,Maize,2023-24,802.46,2226.2425,0.01,0.02,2706.0,35.84216246617952,Good,3,Rainfall anomaly,Yield trend,Price volatility
Uttar Pradesh,Meerut,Maize,2024-25,1065.14,2410.843333333333,0.03,0.09,3463.0,32.04958245877881,Good,3,Rainfall anomaly,Price volatility,
Uttar Pradesh,Meerut,Rice,2021-22,1106.73,1940.0,0.15,0.44,2906.0,,Insufficient,0,,,
Uttar Pradesh,Meerut,Rice,2022-23,936.84,,0.15,0.38,2470.0,,Insufficient,0,,,
Uttar Pradesh,Meerut,Rice,2023-24,802.46,,0.14,0.36,2537.0,44.25286099445443,Good,3,Yield trend,Rainfall anomaly,
Uttar Pradesh,Meerut,Rice,2024-25,1065.14,,0.13,0.33,2560.0,38.28309800557203,Good,3,Rainfall anomaly,Area trend,
Uttar Pradesh,Meerut,Wheat,2021-22,1106.73,1990.35875,0.81,3.39,4180.0,,Insufficient,0,,,
Uttar Pradesh,Meerut,Wheat,2022-23,936.84,2418.0725,0.78,3.33,4282.0,,Very Limited,1,Price volatility,,
Uttar Pradesh,Meerut,Wheat,2023-24,802.46,2429.083333333333,0.62,2.59,4210.0,32.10447886165971,Complete,4,Rainfall anomaly,Price volatility,Area trend
Uttar Pradesh,Meerut,Wheat,2024-25,1065.14,2648.435833333333,0.72,2.93,4049.0,46.52978900176131,Complete,4,Area trend,Rainfall anomaly,Price volatility
Uttar Pradesh,Mirzapur,Maize,2021-22,783.5,,0.01,0.02,1260.0,,Insufficient,0,,,
Uttar Pradesh,Mirzapur,Maize,2022-23,935.13,,0.04,0.09,2210.0,,Insufficient,0,,,
Uttar Pradesh,Mirzapur,Maize,2023-24,758.49,,0.01,0.01,829.0,19.424758724870923,Good,3,Rainfall anomaly,,
Uttar Pradesh,Mirzapur,Maize,2024-25,1052.88,,0.02,0.04,2459.0,76.48262912623323,Good,3,Yield trend,Area trend,Rainfall anomaly
Uttar Pradesh,Mirzapur,Rice,2021-22,783.5,1940.0,0.88,2.74,3125.0,,Insufficient,0,,,
Uttar Pradesh,Mirzapur,Rice,2022-23,935.13,2040.0,0.85,2.78,3266.0,,Insufficient,0,,,
Uttar Pradesh,Mirzapur,Rice,2023-24,758.49,2185.965,0.8,2.4,3002.0,27.984226080497315,Good,3,Rainfall anomaly,Area trend,
Uttar Pradesh,Mirzapur,Rice,2024-25,1052.88,2345.299375,1.14,3.52,3081.0,42.086738899002626,Good,3,Yield trend,Area trend,Rainfall anomaly
Uttar Pradesh,Mirzapur,Wheat,2021-22,783.5,1920.3075,1.01,3.52,3502.0,,Insufficient,0,,,
Uttar Pradesh,Mirzapur,Wheat,2022-23,935.13,2341.775416666667,1.43,4.79,3338.0,,Very Limited,1,Price volatility,,
Uttar Pradesh,Mirzapur,Wheat,2023-24,758.49,2396.954166666667,1.09,3.5,3218.0,36.151609023660164,Complete,4,Rainfall anomaly,Price volatility,Yield trend
Uttar Pradesh,Mirzapur,Wheat,2024-25,1052.88,2564.8129166666668,1.22,4.16,3421.0,40.67077523068297,Complete,4,Area trend,Rainfall anomaly,Yield trend
Uttar Pradesh,Moradabad,Maize,2021-22,1091.79,,0.0,0.0,2778.0,,Insufficient,0,,,
Uttar Pradesh,Moradabad,Maize,2022-23,967.84,,0.0,0.0,2429.0,,Insufficient,0,,,
Uttar Pradesh,Moradabad,Maize,2023-24,893.04,,0.0,0.0,2797.0,46.486324569785566,Limited,2,Yield trend,Rainfall anomaly,
Uttar Pradesh,Moradabad,Maize,2024-25,1163.71,,0.0,0.02,3576.0,17.43261657664563,Limited,2,Rainfall anomaly,,
Uttar Pradesh,Moradabad,Rice,2021-22,1091.79,,0.95,2.74,2893.0,,Insufficient,0,,,
Uttar Pradesh,Moradabad,Rice,2022-23,967.84,,0.96,2.71,2823.0,,Insufficient,0,,,
Uttar Pradesh,Moradabad,Rice,2023-24,893.04,,0.92,2.7,2942.0,16.046994574418427,Good,3,Rainfall anomaly,Yield trend,
Uttar Pradesh,Moradabad,Rice,2024-25,1163.71,,0.91,2.6,2873.0,23.792395653396525,Good,3,Rainfall anomaly,Area trend,
Uttar Pradesh,Moradabad,Wheat,2021-22,1091.79,,1.27,5.27,4155.0,,Insufficient,0,,,
Uttar Pradesh,Moradabad,Wheat,2022-23,967.84,,1.21,5.07,4181.0,,Insufficient,0,,,
Uttar Pradesh,Moradabad,Wheat,2023-24,893.04,,1.09,4.46,4081.0,23.257006926562042,Good,3,Area trend,Rainfall anomaly,
Uttar Pradesh,Moradabad,Wheat,2024-25,1163.71,,1.14,4.54,3987.0,41.45859744135321,Good,3,Area trend,Rainfall anomaly,Yield trend
Uttar Pradesh,Muzaffarnagar,Maize,2021-22,1267.61,,0.0,0.0,1891.0,,Insufficient,0,,,
Uttar Pradesh,Muzaffarnagar,Maize,2022-23,1162.93,,0.0,0.0,1864.0,,Insufficient,0,,,
Uttar Pradesh,Muzaffarnagar,Maize,2023-24,975.82,,0.0,0.0,1683.0,14.428821551323416,Limited,2,Rainfall anomaly,Yield trend,
Uttar Pradesh,Muzaffarnagar,Maize,2024-25,1295.52,2532.7316666666666,0.02,0.07,3463.0,50.27472272295285,Limited,2,Rainfall anomaly,Yield trend,
Uttar Pradesh,Muzaffarnagar,Rice,2021-22,1267.61,1940.0,0.13,0.35,2714.0,,Insufficient,0,,,
Uttar Pradesh,Muzaffarnagar,Rice,2022-23,1162.93,,0.13,0.35,2587.0,,Insufficient,0,,,
Uttar Pradesh,Muzaffarnagar,Rice,2023-24,975.82,,0.12,0.31,2582.0,17.285295126915496,Good,3,Yield trend,Rainfall anomaly,
Uttar Pradesh,Muzaffarnagar,Rice,2024-25,1295.52,,0.06,0.15,2540.0,39.461850756631314,Good,3,Rainfall anomaly,Area trend,Yield trend
Uttar Pradesh,Muzaffarnagar,Wheat,2021-22,1267.61,1980.5229166666668,0.86,3.39,3962.0,,Insufficient,0,,,
Uttar Pradesh,Muzaffarnagar,Wheat,2022-23,1162.93,2302.61375,0.78,3.43,4395.0,,Very Limited,1,Price volatility,,
Uttar Pradesh,Muzaffarnagar,Wheat,2023-24,975.82,2360.4304166666666,0.66,2.78,4208.0,36.02801952602487,Complete,4,Area trend,Price volatility,Rainfall anomaly
Uttar Pradesh,Muzaffarnagar,Wheat,2024-25,1295.52,2575.835,0.71,2.81,3960.0,50.084785612824994,Complete,4,Area trend,Rainfall anomaly,Yield trend
Uttar Pradesh,Pilibhit,Maize,2021-22,1238.96,,0.0,0.01,3086.0,,Insufficient,0,,,
Uttar Pradesh,Pilibhit,Maize,2022-23,1108.07,,0.0,0.01,2354.0,,Insufficient,0,,,
Uttar Pradesh,Pilibhit,Maize,2023-24,978.89,,0.01,0.02,2729.0,67.7125706529225,Limited,2,Yield trend,Rainfall anomaly,
Uttar Pradesh,Pilibhit,Maize,2024-25,1345.94,,0.01,0.03,3462.0,21.768326785562657,Limited,2,Rainfall anomaly,,
Uttar Pradesh,Pilibhit,Rice,2021-22,1238.96,1838.9466666666667,1.51,5.09,3365.0,,Insufficient,0,,,
Uttar Pradesh,Pilibhit,Rice,2022-23,1108.07,1838.8414285714284,1.49,4.85,3246.0,,Very Limited,1,Price volatility,,
Uttar Pradesh,Pilibhit,Rice,2023-24,978.89,2132.345714285714,1.4,3.51,2508.0,32.57129261301541,Complete,4,Price volatility,Rainfall anomaly,Yield trend
Uttar Pradesh,Pilibhit,Rice,2024-25,1345.94,2245.98,1.09,3.48,3209.0,66.64853068195643,Complete,4,Yield trend,Rainfall anomaly,Area trend
Uttar Pradesh,Pilibhit,Wheat,2021-22,1238.96,1937.6225,1.47,5.9,4009.0,,Insufficient,0,,,
Uttar Pradesh,Pilibhit,Wheat,2022-23,1108.07,2318.9225,1.41,5.99,4237.0,,Very Limited,1,Price volatility,,
Uttar Pradesh,Pilibhit,Wheat,2023-24,978.89,2437.7608333333333,1.33,5.61,4207.0,28.342617962332664,Complete,4,Price volatility,Rainfall anomaly,Area trend
Uttar Pradesh,Pilibhit,Wheat,2024-25,1345.94,2631.1283333333336,1.4,6.33,4509.0,32.07872522590587,Complete,4,Rainfall anomaly,Area trend,Price volatility
Uttar Pradesh,Pratapgarh,Maize,2021-22,958.93,,0.01,0.02,2145.0,,Insufficient,0,,,
Uttar Pradesh,Pratapgarh,Maize,2022-23,925.23,,0.01,0.03,2855.0,,Insufficient,0,,,
Uttar Pradesh,Pratapgarh,Maize,2023-24,715.53,,0.01,0.02,1655.0,3.527381997922326,Good,3,Rainfall anomaly,,
Uttar Pradesh,Pratapgarh,Maize,2024-25,933.2,2384.85,0.01,0.03,3289.0,65.31360903537521,Good,3,Yield trend,Rainfall anomaly,
Uttar Pradesh,Pratapgarh,Rice,2021-22,958.93,1940.0,0.99,2.49,2526.0,,Insufficient,0,,,
Uttar Pradesh,Pratapgarh,Rice,2022-23,925.23,2040.0,0.92,2.58,2819.0,,Insufficient,0,,,
Uttar Pradesh,Pratapgarh,Rice,2023-24,715.53,2187.1383333333333,0.93,2.11,2273.0,21.280351328110328,Good,3,Area trend,Rainfall anomaly,
Uttar Pradesh,Pratapgarh,Rice,2024-25,933.2,2262.0675,1.47,3.57,2437.0,52.615423145234814,Complete,4,Yield trend,Rainfall anomaly,Price volatility
Uttar Pradesh,Pratapgarh,Wheat,2021-22,958.93,1900.0408333333328,1.54,5.09,3306.0,,Insufficient,0,,,
Uttar Pradesh,Pratapgarh,Wheat,2022-23,925.23,2363.4925,1.6,5.4,3367.0,,Very Limited,1,Price volatility,,
Uttar Pradesh,Pratapgarh,Wheat,2023-24,715.53,2398.6916666666666,1.59,5.16,3245.0,13.021325929128027,Complete,4,Price volatility,Rainfall anomaly,
Uttar Pradesh,Pratapgarh,Wheat,2024-25,933.2,2643.8083333333334,1.49,4.87,3272.0,31.43816583135004,Complete,4,Rainfall anomaly,Yield trend,Price volatility
Uttar Pradesh,Prayagraj,Maize,2021-22,860.73,1606.04,0.0,0.0,2237.0,,Insufficient,0,,,
Uttar Pradesh,Prayagraj,Maize,2022-23,905.43,2200.306666666667,0.0,0.01,2848.0,,Insufficient,0,,,
Uttar Pradesh,Prayagraj,Maize,2023-24,705.08,2025.0,0.0,0.0,1314.0,6.816409153535279,Limited,2,Rainfall anomaly,,
Uttar Pradesh,Prayagraj,Maize,2024-25,940.39,2491.927,0.02,0.07,3467.0,80.30281416399686,Limited,2,Yield trend,Rainfall anomaly,
Uttar Pradesh,Prayagraj,Rice,2021-22,860.73,1940.0,1.56,4.65,2980.0,,Insufficient,0,,,
Uttar Pradesh,Prayagraj,Rice,2022-23,905.43,2041.695,1.56,4.7,3017.0,,Insufficient,0,,,
Uttar Pradesh,Prayagraj,Rice,2023-24,705.08,,1.46,4.6,3140.0,5.21254817623286,Good,3,Rainfall anomaly,,
Uttar Pradesh,Prayagraj,Rice,2024-25,940.39,2275.0995,1.95,6.15,3157.0,36.32628871467164,Good,3,Rainfall anomaly,Area trend,
Uttar Pradesh,Prayagraj,Wheat,2021-22,860.73,1905.159583333333,2.22,6.39,2873.0,,Insufficient,0,,,
Uttar Pradesh,Prayagraj,Wheat,2022-23,905.43,2334.6991666666668,2.45,5.63,2302.0,,Very Limited,1,Price volatility,,
Uttar Pradesh,Prayagraj,Wheat,2023-24,705.08,2374.225,2.47,6.11,2475.0,46.552135022848866,Complete,4,Yield trend,Price volatility,Rainfall anomaly
Uttar Pradesh,Prayagraj,Wheat,2024-25,940.39,2625.3250000000003,2.26,6.34,2800.0,20.892461467677414,Complete,4,Rainfall anomaly,Price volatility,
Uttar Pradesh,Rae Bareli,Maize,2021-22,1041.38,,0.0,0.0,1700.0,,Insufficient,0,,,
Uttar Pradesh,Rae Bareli,Maize,2022-23,1034.43,,0.0,0.0,1960.0,,Insufficient,0,,,
Uttar Pradesh,Rae Bareli,Maize,2023-24,835.76,2075.023333333333,0.0,0.0,2179.0,0.8759728381953242,Limited,2,Rainfall anomaly,,
Uttar Pradesh,Rae Bareli,Maize,2024-25,944.02,,0.02,0.05,3195.0,25.563509007282246,Limited,2,Rainfall anomaly,,
Uttar Pradesh,Rae Bareli,Rice,2021-22,1041.38,1805.97375,0.9,2.47,2750.0,,Insufficient,0,,,
Uttar Pradesh,Rae Bareli,Rice,2022-23,1034.43,2094.48,0.88,2.47,2821.0,,Very Limited,1,Price volatility,,
Uttar Pradesh,Rae Bareli,Rice,2023-24,835.76,2199.9466666666667,0.84,2.43,2885.0,10.438820769731228,Complete,4,Price volatility,Area trend,Rainfall anomaly
Uttar Pradesh,Rae Bareli,Rice,2024-25,944.02,2333.084166666667,1.78,5.22,2933.0,30.7945989034334,Complete,4,Rainfall anomaly,Area trend,Price volatility
Uttar Pradesh,Rae Bareli,Wheat,2021-22,1041.38,1877.09,1.4,4.51,3230.0,,Insufficient,0,,,
Uttar Pradesh,Rae Bareli,Wheat,2022-23,1034.43,2313.0191666666665,1.68,5.86,3487.0,,Very Limited,1,Price volatility,,
Uttar Pradesh,Rae Bareli,Wheat,2023-24,835.76,2352.8425,1.86,6.24,3360.0,11.022880832259,Complete,4,Price volatility,Rainfall anomaly,
Uttar Pradesh,Rae Bareli,Wheat,2024-25,944.02,2590.4108333333334,1.72,5.52,3212.0,26.53494280342263,Complete,4,Rainfall anomaly,Yield trend,Price volatility
Uttar Pradesh,Rampur,Maize,2021-22,1187.93,,0.0,0.0,2802.0,,Insufficient,0,,,
Uttar Pradesh,Rampur,Maize,2022-23,1112.7,,0.0,0.01,2854.0,,Insufficient,0,,,
Uttar Pradesh,Rampur,Maize,2023-24,1022.78,,0.01,0.03,3021.0,8.312186515442555,Limited,2,Rainfall anomaly,,
Uttar Pradesh,Rampur,Maize,2024-25,1359.38,1872.29,0.04,0.14,3561.0,14.552167050942995,Limited,2,Rainfall anomaly,,
Uttar Pradesh,Rampur,Rice,2021-22,1187.93,2113.7258333333334,1.54,4.4,2847.0,,Insufficient,0,,,
Uttar Pradesh,Rampur,Rice,2022-23,1112.7,2027.1125,1.5,4.12,2755.0,,Very Limited,1,Price volatility,,
Uttar Pradesh,Rampur,Rice,2023-24,1022.78,2112.068333333333,1.39,4.12,2963.0,19.090623071337642,Good,3,Area trend,Rainfall anomaly,Yield trend
Uttar Pradesh,Rampur,Rice,2024-25,1359.38,2191.04,1.22,3.52,2883.0,37.286869231500496,Complete,4,Area trend,Price volatility,Rainfall anomaly
Uttar Pradesh,Rampur,Wheat,2021-22,1187.93,1927.8829166666667,1.59,6.64,4185.0,,Insufficient,0,,,
Uttar Pradesh,Rampur,Wheat,2022-23,1112.7,2310.250833333333,1.5,6.2,4122.0,,Very Limited,1,Price volatility,,
Uttar Pradesh,Rampur,Wheat,2023-24,1022.78,2403.25875,1.37,5.8,4237.0,30.655622604571303,Complete,4,Area trend,Price volatility,Rainfall anomaly
Uttar Pradesh,Rampur,Wheat,2024-25,1359.38,2647.6695833333333,1.38,5.92,4281.0,32.62833703365779,Complete,4,Area trend,Rainfall anomaly,Price volatility
Uttar Pradesh,Saharanpur,Maize,2021-22,1466.25,1912.6541666666665,0.09,0.17,1849.0,,Insufficient,0,,,
Uttar Pradesh,Saharanpur,Maize,2022-23,1542.93,2280.6908333333336,0.09,0.17,1848.0,,Very Limited,1,Price volatility,,
Uttar Pradesh,Saharanpur,Maize,2023-24,1252.67,2201.898333333333,0.09,0.11,1237.0,10.767931660742958,Complete,4,Price volatility,Rainfall anomaly,Yield trend
Uttar Pradesh,Saharanpur,Maize,2024-25,1556.73,2502.6200000000003,0.03,0.08,2351.0,53.8938894706244,Complete,4,Yield trend,Rainfall anomaly,Price volatility
Uttar Pradesh,Saharanpur,Rice,2021-22,1466.25,1996.46,0.58,1.61,2772.0,,Insufficient,0,,,
Uttar Pradesh,Saharanpur,Rice,2022-23,1542.93,2181.113333333333,0.58,1.43,2463.0,,Insufficient,0,,,
Uttar Pradesh,Saharanpur,Rice,2023-24,1252.67,2386.4700000000003,0.54,1.33,2465.0,31.324340007570374,Complete,4,Yield trend,Price volatility,Rainfall anomaly
Uttar Pradesh,Saharanpur,Rice,2024-25,1556.73,2293.0133333333333,0.53,1.34,2514.0,34.12130226205369,Good,3,Area trend,Rainfall anomaly,
Uttar Pradesh,Saharanpur,Wheat,2021-22,1466.25,1984.986666666667,1.17,4.74,4067.0,,Insufficient,0,,,
Uttar Pradesh,Saharanpur,Wheat,2022-23,1542.93,2373.7875,1.12,4.66,4167.0,,Very Limited,1,Price volatility,,
Uttar Pradesh,Saharanpur,Wheat,2023-24,1252.67,2412.755833333333,1.28,5.0,3921.0,25.169812145150154,Complete,4,Price volatility,Area trend,Rainfall anomaly
Uttar Pradesh,Saharanpur,Wheat,2024-25,1556.73,2663.76125,1.14,4.93,4322.0,29.416507415903894,Complete,4,Rainfall anomaly,Yield trend,Price volatility
Uttar Pradesh,Sambhal,Maize,2021-22,987.85,1696.39,0.06,0.19,2953.0,,Insufficient,0,,,
Uttar Pradesh,Sambhal,Maize,2022-23,881.36,1862.57,0.07,0.15,2315.0,,Very Limited,1,Price volatility,,
Uttar Pradesh,Sambhal,Maize,2023-24,806.85,1839.1457142857143,0.12,0.34,2729.0,51.99647210902186,Good,3,Yield trend,Rainfall anomaly,
Uttar Pradesh,Sambhal,Maize,2024-25,1019.86,2098.8566666666666,0.15,0.48,3292.0,19.2370949268946,Complete,4,Rainfall anomaly,Price volatility,
Uttar Pradesh,Sambhal,Rice,2021-22,987.85,1996.366,0.41,1.12,2715.0,,Insufficient,0,,,
Uttar Pradesh,Sambhal,Rice,2022-23,881.36,2351.545,0.49,1.36,2777.0,,Insufficient,0,,,
Uttar Pradesh,Sambhal,Rice,2023-24,806.85,2281.28,0.41,1.12,2760.0,10.82000152078656,Good,3,Rainfall anomaly,,
Uttar Pradesh,Sambhal,Rice,2024-25,1019.86,2326.964,1.02,2.75,2695.0,38.426521187260384,Good,3,Area trend,Rainfall anomaly,Yield trend
Uttar Pradesh,Sambhal,Wheat,2021-22,987.85,1930.0316666666668,1.45,5.79,3997.0,,Insufficient,0,,,
Uttar Pradesh,Sambhal,Wheat,2022-23,881.36,2318.380833333333,1.38,5.68,4114.0,,Very Limited,1,Price volatility,,
Uttar Pradesh,Sambhal,Wheat,2023-24,806.85,2390.95875,1.09,4.32,3979.0,30.042968362913395,Complete,4,Price volatility,Area trend,Rainfall anomaly
Uttar Pradesh,Sambhal,Wheat,2024-25,1019.86,2631.525416666667,1.33,5.19,3912.0,42.53760609593546,Complete,4,Area trend,Rainfall anomaly,Price volatility
Uttar Pradesh,Sant Kabir Nagar,Maize,2021-22,1522.57,,0.02,0.01,679.0,,Insufficient,0,,,
Uttar Pradesh,Sant Kabir Nagar,Maize,2022-23,1125.97,,0.02,0.04,2154.0,,Insufficient,0,,,
Uttar Pradesh,Sant Kabir Nagar,Maize,2023-24,1043.93,,0.02,0.05,2234.0,26.14477691117552,Good,3,Rainfall anomaly,,
Uttar Pradesh,Sant Kabir Nagar,Maize,2024-25,1559.12,,0.02,0.06,2987.0,21.24799851360908,Good,3,Rainfall anomaly,,
Uttar Pradesh,Sant Kabir Nagar,Rice,2021-22,1522.57,,0.92,2.73,2970.0,,Insufficient,0,,,
Uttar Pradesh,Sant Kabir Nagar,Rice,2022-23,1125.97,,0.92,2.63,2869.0,,Insufficient,0,,,
Uttar Pradesh,Sant Kabir Nagar,Rice,2023-24,1043.93,,0.86,2.45,2837.0,32.68282600533533,Good,3,Rainfall anomaly,Yield trend,
Uttar Pradesh,Sant Kabir Nagar,Rice,2024-25,1559.12,,0.85,2.37,2776.0,39.76701633207464,Good,3,Rainfall anomaly,Area trend,Yield trend
Uttar Pradesh,Sant Kabir Nagar,Wheat,2021-22,1522.57,2015.0,0.95,3.95,4140.0,,Insufficient,0,,,
Uttar Pradesh,Sant Kabir Nagar,Wheat,2022-23,1125.97,,1.05,4.23,4036.0,,Insufficient,0,,,
Uttar Pradesh,Sant Kabir Nagar,Wheat,2023-24,1043.93,2420.0,0.92,3.49,3808.0,30.974433495582844,Good,3,Rainfall anomaly,Yield trend,
Uttar Pradesh,Sant Kabir Nagar,Wheat,2024-25,1559.12,2623.0,1.01,3.79,3754.0,55.63833847062686,Good,3,Area trend,Rainfall anomaly,Yield trend
Uttar Pradesh,Shahjahanpur,Maize,2021-22,1172.5,,0.03,0.07,2516.0,,Insufficient,0,,,
Uttar Pradesh,Shahjahanpur,Maize,2022-23,891.25,,0.03,0.06,2256.0,,Insufficient,0,,,
Uttar Pradesh,Shahjahanpur,Maize,2023-24,852.06,1933.795,0.03,0.05,1770.0,43.94389399730596,Good,3,Rainfall anomaly,Yield trend,
Uttar Pradesh,Shahjahanpur,Maize,2024-25,1129.67,2252.603888888889,0.16,0.55,3406.0,58.66721629352647,Good,3,Yield trend,Rainfall anomaly,
Uttar Pradesh,Shahjahanpur,Rice,2021-22,1172.5,1613.278,2.23,7.37,3302.0,,Insufficient,0,,,
Uttar Pradesh,Shahjahanpur,Rice,2022-23,891.25,1838.36,2.12,7.05,3332.0,,Very Limited,1,Price volatility,,
Uttar Pradesh,Shahjahanpur,Rice,2023-24,852.06,2162.999375,2.04,6.41,3139.0,45.99207749764529,Complete,4,Rainfall anomaly,Price volatility,Area trend
Uttar Pradesh,Shahjahanpur,Rice,2024-25,1129.67,2080.7045,1.61,5.18,3219.0,36.02356741323731,Complete,4,Rainfall anomaly,Yield trend,Area trend
Uttar Pradesh,Shahjahanpur,Wheat,2021-22,1172.5,1931.1895833333333,2.67,11.93,4469.0,,Insufficient,0,,,
Uttar Pradesh,Shahjahanpur,Wheat,2022-23,891.25,2315.0525,2.32,10.07,4349.0,,Very Limited,1,Price volatility,,
Uttar Pradesh,Shahjahanpur,Wheat,2023-24,852.06,2406.1891666666666,2.35,10.38,4425.0,55.00135522290932,Complete,4,Rainfall anomaly,Area trend,Price volatility
Uttar Pradesh,Shahjahanpur,Wheat,2024-25,1129.67,2624.0016666666666,2.26,10.06,4459.0,19.888486562826245,Complete,4,Rainfall anomaly,Price volatility,
Uttar Pradesh,Shamli,Maize,2021-22,1267.61,1946.1258333333333,0.0,0.0,1843.0,,Insufficient,0,,,
Uttar Pradesh,Shamli,Maize,2022-23,1162.93,2292.2533333333336,0.0,0.0,2204.0,,Very Limited,1,Price volatility,,
Uttar Pradesh,Shamli,Maize,2023-24,975.82,2206.3083333333334,0.09,0.1,1152.0,16.26456895878502,Good,3,Rainfall anomaly,Price volatility,
Uttar Pradesh,Shamli,Maize,2024-25,1295.52,2508.4616666666666,0.01,0.03,3429.0,70.9124270542903,Good,3,Yield trend,Rainfall anomaly,Price volatility
Uttar Pradesh,Shamli,Rice,2021-22,1267.61,1940.0,0.21,0.61,2911.0,,Insufficient,0,,,
Uttar Pradesh,Shamli,Rice,2022-23,1162.93,,0.21,0.55,2604.0,,Insufficient,0,,,
Uttar Pradesh,Shamli,Rice,2023-24,975.82,,0.2,0.55,2798.0,28.564588158721552,Good,3,Yield trend,Rainfall anomaly,
Uttar Pradesh,Shamli,Rice,2024-25,1295.52,,0.23,0.63,2778.0,31.732678363027357,Good,3,Rainfall anomaly,Area trend,
Uttar Pradesh,Shamli,Wheat,2021-22,1267.61,1986.2891666666667,0.52,2.26,4354.0,,Insufficient,0,,,
Uttar Pradesh,Shamli,Wheat,2022-23,1162.93,2309.1679166666668,0.55,2.69,4888.0,,Very Limited,1,Price volatility,,
Uttar Pradesh,Shamli,Wheat,2023-24,975.82,2410.565416666667,0.51,2.36,4599.0,18.31454867737303,Complete,4,Price volatility,Rainfall anomaly,
Uttar Pradesh,Shamli,Wheat,2024-25,1295.52,2661.7341666666666,0.53,2.27,4306.0,47.22470820652287,Complete,4,Rainfall anomaly,Area trend,Yield trend
Uttar Pradesh,Shrawasti,Maize,2021-22,1615.69,,0.16,0.13,848.0,,Insufficient,0,,,
Uttar Pradesh,Shrawasti,Maize,2022-23,1294.03,,0.16,0.21,1358.0,,Insufficient,0,,,
Uttar Pradesh,Shrawasti,Maize,2023-24,1141.14,,0.16,0.27,1625.0,19.982440089704834,Good,3,Rainfall anomaly,,
Uttar Pradesh,Shrawasti,Maize,2024-25,1220.8,,0.05,0.12,2436.0,21.643649972227557,Good,3,Rainfall anomaly,,
Uttar Pradesh,Shrawasti,Rice,2021-22,1615.69,,0.85,1.65,1947.0,,Insufficient,0,,,
Uttar Pradesh,Shrawasti,Rice,2022-23,1294.03,,0.85,1.83,2164.0,,Insufficient,0,,,
Uttar Pradesh,Shrawasti,Rice,2023-24,1141.14,,0.8,2.01,2515.0,19.982440089704834,Good,3,Rainfall anomaly,,
Uttar Pradesh,Shrawasti,Rice,2024-25,1220.8,,1.01,2.96,2924.0,36.41292697801421,Good,3,Rainfall anomaly,Area trend,
Uttar Pradesh,Shrawasti,Wheat,2021-22,1615.69,,0.73,2.64,3602.0,,Insufficient,0,,,
Uttar Pradesh,Shrawasti,Wheat,2022-23,1294.03,,0.98,3.29,3350.0,,Insufficient,0,,,
Uttar Pradesh,Shrawasti,Wheat,2023-24,1141.14,,0.96,3.46,3620.0,33.43299138967836,Good,3,Rainfall anomaly,Yield trend,
Uttar Pradesh,Shrawasti,Wheat,2024-25,1220.8,,0.92,3.48,3780.0,26.767684851786207,Good,3,Rainfall anomaly,Area trend,
Uttar Pradesh,Siddharthnagar,Maize,2021-22,1830.83,,0.01,0.0,677.0,,Insufficient,0,,,
Uttar Pradesh,Siddharthnagar,Maize,2022-23,1376.17,,0.01,0.01,2229.0,,Insufficient,0,,,
Uttar Pradesh,Siddharthnagar,Maize,2023-24,1252.42,,0.01,0.02,2406.0,24.92574951605327,Good,3,Rainfall anomaly,,
Uttar Pradesh,Siddharthnagar,Maize,2024-25,1875.46,,0.0,0.01,3325.0,21.97589768221205,Good,3,Rainfall anomaly,,
Uttar Pradesh,Siddharthnagar,Rice,2021-22,1830.83,1739.8004166666667,1.74,4.58,2628.0,,Insufficient,0,,,
Uttar Pradesh,Siddharthnagar,Rice,2022-23,1376.17,1841.175,1.74,4.05,2325.0,,Very Limited,1,Price volatility,,
Uttar Pradesh,Siddharthnagar,Rice,2023-24,1252.42,2120.56375,1.61,4.53,2804.0,52.601292491155384,Complete,4,Rainfall anomaly,Yield trend,Price volatility
Uttar Pradesh,Siddharthnagar,Rice,2024-25,1875.46,2287.74125,1.37,3.81,2776.0,41.01939857609744,Complete,4,Rainfall anomaly,Area trend,Price volatility
Uttar Pradesh,Siddharthnagar,Wheat,2021-22,1830.83,1870.6883333333333,1.64,6.73,4106.0,,Insufficient,0,,,
Uttar Pradesh,Siddharthnagar,Wheat,2022-23,1376.17,2302.39375,1.81,7.24,4003.0,,Very Limited,1,Price volatility,,
Uttar Pradesh,Siddharthnagar,Wheat,2023-24,1252.42,2363.789166666667,1.84,7.06,3838.0,36.87064602257359,Complete,4,Rainfall anomaly,Price volatility,Yield trend
Uttar Pradesh,Siddharthnagar,Wheat,2024-25,1875.46,2625.26375,1.81,6.41,3531.0,30.07400914552173,Complete,4,Rainfall anomaly,Yield trend,Price volatility
Uttar Pradesh,Sitapur,Maize,2021-22,1216.18,,0.14,0.15,1122.0,,Insufficient,0,,,
Uttar Pradesh,Sitapur,Maize,2022-23,950.05,,0.14,0.15,1138.0,,Insufficient,0,,,
Uttar Pradesh,Sitapur,Maize,2023-24,843.27,,0.14,0.29,2118.0,21.963698616466292,Good,3,Rainfall anomaly,,
Uttar Pradesh,Sitapur,Maize,2024-25,1103.51,,0.1,0.38,3748.0,22.22621943896411,Good,3,Rainfall anomaly,,
Uttar Pradesh,Sitapur,Rice,2021-22,1216.18,1600.119090909091,1.67,4.6,2755.0,,Insufficient,0,,,
Uttar Pradesh,Sitapur,Rice,2022-23,950.05,1817.1054166666663,1.65,3.49,2118.0,,Very Limited,1,Price volatility,,
Uttar Pradesh,Sitapur,Rice,2023-24,843.27,2100.210833333333,1.55,4.49,2906.0,69.02569167739881,Complete,4,Yield trend,Rainfall anomaly,Price volatility
Uttar Pradesh,Sitapur,Rice,2024-25,1103.51,2148.9079166666666,2.05,6.08,2964.0,35.35603827025913,Complete,4,Rainfall anomaly,Area trend,Price volatility
Uttar Pradesh,Sitapur,Wheat,2021-22,1216.18,1886.2258333333327,2.19,8.32,3791.0,,Insufficient,0,,,
Uttar Pradesh,Sitapur,Wheat,2022-23,950.05,2311.7920833333333,2.1,7.93,3780.0,,Very Limited,1,Price volatility,,
Uttar Pradesh,Sitapur,Wheat,2023-24,843.27,2352.67125,1.77,6.61,3738.0,36.609618555925785,Complete,4,Rainfall anomaly,Area trend,Price volatility
Uttar Pradesh,Sitapur,Wheat,2024-25,1103.51,2588.318333333333,2.01,7.42,3693.0,43.9046945360067,Complete,4,Area trend,Rainfall anomaly,Price volatility
Uttar Pradesh,Sonbhadra,Maize,2021-22,824.43,,0.16,0.21,1310.0,,Insufficient,0,,,
Uttar Pradesh,Sonbhadra,Maize,2022-23,882.15,,0.16,0.2,1239.0,,Insufficient,0,,,
Uttar Pradesh,Sonbhadra,Maize,2023-24,745.98,,0.16,0.25,1614.0,17.44725754662381,Good,3,Yield trend,Rainfall anomaly,
Uttar Pradesh,Sonbhadra,Maize,2024-25,1161.54,,0.16,0.27,1695.0,12.622722589977103,Good,3,Rainfall anomaly,,
Uttar Pradesh,Sonbhadra,Rice,2021-22,824.43,,0.32,1.0,3125.0,,Insufficient,0,,,
Uttar Pradesh,Sonbhadra,Rice,2022-23,882.15,,0.32,0.87,2738.0,,Insufficient,0,,,
Uttar Pradesh,Sonbhadra,Rice,2023-24,745.98,2181.5950000000003,0.31,0.77,2452.0,30.836362203997503,Good,3,Yield trend,Rainfall anomaly,
Uttar Pradesh,Sonbhadra,Rice,2024-25,1161.54,2287.905,1.18,2.93,2473.0,40.5513115958964,Good,3,Yield trend,Rainfall anomaly,Area trend
Uttar Pradesh,Sonbhadra,Wheat,2021-22,824.43,2034.8645833333333,0.63,1.76,2775.0,,Insufficient,0,,,
Uttar Pradesh,Sonbhadra,Wheat,2022-23,882.15,2403.2983333333336,0.81,2.31,2848.0,,Very Limited,1,Price volatility,,
Uttar Pradesh,Sonbhadra,Wheat,2023-24,745.98,2386.695416666667,0.75,2.03,2702.0,15.642437054895849,Complete,4,Price volatility,Rainfall anomaly,
Uttar Pradesh,Sonbhadra,Wheat,2024-25,1161.54,2521.3725,0.67,2.01,3019.0,39.673327086195805,Complete,4,Area trend,Rainfall anomaly,Yield trend
Uttar Pradesh,Sultanpur,Maize,2021-22,1077.82,,0.06,0.09,1596.0,,Insufficient,0,,,
Uttar Pradesh,Sultanpur,Maize,2022-23,1009.66,,0.06,0.09,1538.0,,Insufficient,0,,,
Uttar Pradesh,Sultanpur,Maize,2023-24,866.36,,0.07,0.11,1612.0,13.334156560377464,Good,3,Yield trend,Rainfall anomaly,
Uttar Pradesh,Sultanpur,Maize,2024-25,1058.02,,0.03,0.05,1825.0,17.05775302027302,Good,3,Rainfall anomaly,,
Uttar Pradesh,Sultanpur,Rice,2021-22,1077.82,,0.95,2.77,2925.0,,Insufficient,0,,,
Uttar Pradesh,Sultanpur,Rice,2022-23,1009.66,,0.95,2.63,2778.0,,Insufficient,0,,,
Uttar Pradesh,Sultanpur,Rice,2023-24,866.36,,0.84,2.73,3246.0,16.009526743911074,Good,3,Yield trend,Rainfall anomaly,
Uttar Pradesh,Sultanpur,Rice,2024-25,1058.02,,1.4,4.6,3281.0,40.5871647849789,Good,3,Area trend,Rainfall anomaly,
Uttar Pradesh,Sultanpur,Wheat,2021-22,1077.82,,1.1,4.48,4070.0,,Insufficient,0,,,
Uttar Pradesh,Sultanpur,Wheat,2022-23,1009.66,,1.17,4.5,3857.0,,Insufficient,0,,,
Uttar Pradesh,Sultanpur,Wheat,2023-24,866.36,,1.16,4.86,4194.0,16.408988206649276,Good,3,Yield trend,Rainfall anomaly,
Uttar Pradesh,Sultanpur,Wheat,2024-25,1058.02,,1.17,4.72,4030.0,19.203716345900133,Good,3,Rainfall anomaly,Area trend,
Uttar Pradesh,Unnao,Maize,2021-22,1006.03,1712.35875,0.36,0.63,1746.0,,Insufficient,0,,,
Uttar Pradesh,Unnao,Maize,2022-23,1073.51,2012.8491666666669,0.36,0.73,2012.0,,Very Limited,1,Price volatility,,
Uttar Pradesh,Unnao,Maize,2023-24,755.61,2085.4379166666668,0.37,0.76,2063.0,7.014322229440105,Complete,4,Rainfall anomaly,Price volatility,
Uttar Pradesh,Unnao,Maize,2024-25,804.49,2261.015,0.23,0.65,2816.0,26.40028822543006,Complete,4,Rainfall anomaly,Price volatility,
Uttar Pradesh,Unnao,Rice,2021-22,1006.03,1835.4811111111112,0.98,2.21,2255.0,,Insufficient,0,,,
Uttar Pradesh,Unnao,Rice,2022-23,1073.51,1929.64875,0.96,2.28,2363.0,,Very Limited,1,Price volatility,,
Uttar Pradesh,Unnao,Rice,2023-24,755.61,2166.28,0.92,1.95,2126.0,17.314945557299158,Complete,4,Price volatility,Rainfall anomaly,Area trend
Uttar Pradesh,Unnao,Rice,2024-25,804.49,2255.935833333333,1.37,2.97,2173.0,53.01796056185967,Complete,4,Rainfall anomaly,Yield trend,Area trend
Uttar Pradesh,Unnao,Wheat,2021-22,1006.03,1887.74,2.53,8.62,3410.0,,Insufficient,0,,,
Uttar Pradesh,Unnao,Wheat,2022-23,1073.51,2307.327083333333,2.42,8.47,3504.0,,Very Limited,1,Price volatility,,
Uttar Pradesh,Unnao,Wheat,2023-24,755.61,2381.7937500000003,2.16,7.11,3293.0,23.411089076826027,Complete,4,Area trend,Price volatility,Rainfall anomaly
Uttar Pradesh,Unnao,Wheat,2024-25,804.49,2612.3625,2.23,6.89,3094.0,57.47965074243435,Complete,4,Rainfall anomaly,Area trend,Yield trend
Uttar Pradesh,Varanasi,Maize,2021-22,889.4399999999999,1890.36,0.04,0.06,1530.0,,Insufficient,0,,,
Uttar Pradesh,Varanasi,Maize,2022-23,855.6,2262.2358333333336,0.04,0.1,2653.0,,Very Limited,1,Price volatility,,
Uttar Pradesh,Varanasi,Maize,2023-24,674.73,2175.5533333333333,0.04,0.02,583.0,7.959368914849452,Complete,4,Price volatility,Rainfall anomaly,
Uttar Pradesh,Varanasi,Maize,2024-25,968.52,2418.238333333333,0.02,0.05,2662.0,58.03525497113626,Complete,4,Yield trend,Rainfall anomaly,Price volatility
Uttar Pradesh,Varanasi,Rice,2021-22,889.4399999999999,1940.0,0.48,1.32,2741.0,,Insufficient,0,,,
Uttar Pradesh,Varanasi,Rice,2022-23,855.6,,0.48,1.36,2823.0,,Insufficient,0,,,
Uttar Pradesh,Varanasi,Rice,2023-24,674.73,2183.12,0.47,1.43,3026.0,3.818767313865392,Good,3,Rainfall anomaly,,
Uttar Pradesh,Varanasi,Rice,2024-25,968.52,,0.77,2.35,3069.0,27.983773656618883,Good,3,Rainfall anomaly,Area trend,
Uttar Pradesh,Varanasi,Wheat,2021-22,889.4399999999999,1921.055,0.72,2.59,3595.0,,Insufficient,0,,,
Uttar Pradesh,Varanasi,Wheat,2022-23,855.6,2372.8925,0.71,1.74,2454.0,,Very Limited,1,Price volatility,,
Uttar Pradesh,Varanasi,Wheat,2023-24,674.73,2409.0075,0.62,1.77,2836.0,53.146801256438074,Complete,4,Yield trend,Price volatility,Rainfall anomaly
Uttar Pradesh,Varanasi,Wheat,2024-25,968.52,2676.4516666666664,0.63,2.23,3561.0,43.566086586074455,Complete,4,Area trend,Rainfall anomaly,Price volatility
