State,District,Crop,Year,Avg_Modal_Price,Min_Monthly_Price,Max_Monthly_Price,Price_Std,Months_Available,Avg_Markets_Reporting,Price_Volatility_Pct,Price_Coverage_Pct,Price_Coverage_Quality
Haryana,Ambala,Maize,2021-22,1796.1435714285717,1577.93,1990.0,164.65070671764218,7,1.8571428571428568,9.166901206382208,58.333333333333336,Moderate
Haryana,Ambala,Maize,2022-23,1934.71875,1602.8,2206.63,219.8071734620077,8,1.8888888888888888,11.361195184675177,66.66666666666666,Moderate
Haryana,Ambala,Maize,2023-24,1894.615714285714,1541.25,2223.22,245.1786415457882,7,2.0,12.940811146930796,58.333333333333336,Moderate
Haryana,Ambala,Maize,2024-25,2215.3608333333336,2021.06,2400.0,134.5577895335927,6,2.2857142857142856,6.073854313436194,50.0,Moderate
Haryana,Bhiwani,Maize,2021-22,2211.885,2208.42,2215.35,4.900249993622819,2,1.0,,16.666666666666664,Low
Haryana,Bhiwani,Maize,2022-23,2222.280833333333,2022.24,2337.35,86.59703705390366,12,1.0,3.8967638902780575,100.0,Complete
Haryana,Bhiwani,Maize,2023-24,2181.732,2078.87,2333.11,131.1287448273644,5,0.5,,41.66666666666667,Low
Haryana,Bhiwani,Maize,2024-25,2309.84,2307.15,2312.53,3.804234482783703,2,0.5,,16.666666666666664,Low
Haryana,Fatehabad,Maize,2022-23,4550.0,4550.0,4550.0,,1,1.0,,8.333333333333332,Low
Haryana,Fatehabad,Maize,2023-24,2011.11,2011.11,2011.11,,1,0.5,,8.333333333333332,Low
Haryana,Fatehabad,Maize,2024-25,2005.335,1929.87,2080.8,106.72362648448582,2,0.5,,16.666666666666664,Low
Haryana,Hisar,Maize,2022-23,1630.0,1630.0,1630.0,,1,1.0,,8.333333333333332,Low
Haryana,Jhajjar,Maize,2022-23,1160.27,1160.27,1160.27,,1,1.0,,8.333333333333332,Low
Haryana,Jhajjar,Maize,2023-24,2504.23,1013.7,5227.27,1318.0674843370757,7,0.875,52.63364324910553,58.333333333333336,Moderate
Haryana,Jhajjar,Maize,2024-25,2500.0,1800.0,3200.0,989.9494936611666,2,0.25,,16.666666666666664,Low
Haryana,Jind,Maize,2024-25,2761.0,2400.0,2925.0,208.81810266353824,5,0.8333333333333334,,41.66666666666667,Low
Haryana,Kurukshetra,Maize,2021-22,1603.77125,1411.765,1852.0,220.19784158702225,4,1.3333333333333333,,33.33333333333333,Low
Haryana,Kurukshetra,Maize,2022-23,1437.9875,1338.0,1641.94,138.31148792369586,4,1.5,,33.33333333333333,Low
Haryana,Kurukshetra,Maize,2023-24,1592.59625,1319.605,1734.04,192.2785714952396,4,2.6,,33.33333333333333,Low
Haryana,Kurukshetra,Maize,2024-25,1763.0099999999998,1450.0,2062.5,277.7648561283447,5,1.25,,41.66666666666667,Low
Haryana,Palwal,Maize,2022-23,1000.0,900.0,1100.0,141.4213562373095,2,1.0,,16.666666666666664,Low
Haryana,Palwal,Maize,2023-24,900.0,900.0,900.0,,1,0.25,,8.333333333333332,Low
Haryana,Palwal,Maize,2024-25,1500.0,1500.0,1500.0,,1,0.3333333333333333,,8.333333333333332,Low
Haryana,Panchkula,Maize,2023-24,2207.86,2207.86,2207.86,,1,1.0,,8.333333333333332,Low
Haryana,Panchkula,Maize,2024-25,2225.0,2225.0,2225.0,,1,0.25,,8.333333333333332,Low
Haryana,Sirsa,Maize,2023-24,684.21,684.21,684.21,,1,0.5,,8.333333333333332,Low
Haryana,Yamunanagar,Maize,2023-24,2089.76,2089.76,2089.76,,1,1.0,,8.333333333333332,Low
Haryana,Yamunanagar,Maize,2024-25,2150.0,2150.0,2150.0,,1,0.3333333333333333,,8.333333333333332,Low
Haryana,Ambala,Rice,2021-22,1960.3333333333333,1960.0,1961.0,0.5773502691896586,3,2.333333333333333,,25.0,Low
Haryana,Ambala,Rice,2022-23,2060.0,2060.0,2060.0,0.0,2,3.0,,16.666666666666664,Low
Haryana,Ambala,Rice,2023-24,2203.0,2203.0,2203.0,0.0,3,4.0,,25.0,Low
Haryana,Ambala,Rice,2024-25,2320.0,2320.0,2320.0,0.0,3,4.25,,25.0,Low
Haryana,Bhiwani,Rice,2023-24,4230.0,4230.0,4230.0,,1,0.5,,8.333333333333332,Low
Haryana,Fatehabad,Rice,2023-24,2203.0,2203.0,2203.0,0.0,2,2.0,,16.666666666666664,Low
Haryana,Fatehabad,Rice,2024-25,2320.0,2320.0,2320.0,0.0,2,2.0,,16.666666666666664,Low
Haryana,Gurugram,Rice,2022-23,3665.453333333333,3548.24,3803.83,129.10258337203533,3,0.75,,25.0,Low
Haryana,Gurugram,Rice,2023-24,3422.58,3422.58,3422.58,,1,0.3333333333333333,,8.333333333333332,Low
Haryana,Gurugram,Rice,2024-25,3446.495,3042.91,3850.08,570.7553805703457,2,0.6666666666666666,,16.666666666666664,Low
Haryana,Hisar,Rice,2021-22,2915.11,2915.11,2915.11,,1,0.5,,8.333333333333332,Low
Haryana,Hisar,Rice,2022-23,4412.73,3839.1,4798.42,410.26171021272086,4,0.8,,33.33333333333333,Low
Haryana,Hisar,Rice,2023-24,3607.832857142857,2203.0,4300.0,705.5005024735816,7,1.4444444444444444,19.554689211192755,58.333333333333336,Moderate
Haryana,Hisar,Rice,2024-25,2911.925,2342.21,3272.97,416.761445203768,7,2.111111111111111,14.312231434661538,58.333333333333336,Moderate
Haryana,Jhajjar,Rice,2024-25,2320.0,2320.0,2320.0,,1,0.5,,8.333333333333332,Low
Haryana,Jind,Rice,2021-22,2497.3250000000003,1960.0,3089.68,566.8469381367426,3,2.6666666666666665,,25.0,Low
Haryana,Jind,Rice,2022-23,3175.7375,2060.0,4537.37,1290.323032845522,4,1.8,,33.33333333333333,Low
Haryana,Jind,Rice,2023-24,2683.5,2203.0,4125.0,961.0,4,2.833333333333333,,33.33333333333333,Low
Haryana,Jind,Rice,2024-25,2628.1966666666667,2320.0,3244.59,533.8122853900362,3,1.8,,25.0,Low
Haryana,Kaithal,Rice,2021-22,1960.0,1960.0,1960.0,,1,1.0,,8.333333333333332,Low
Haryana,Kaithal,Rice,2022-23,2060.0,2060.0,2060.0,,1,1.0,,8.333333333333332,Low
Haryana,Kaithal,Rice,2023-24,2203.0,2203.0,2203.0,0.0,3,2.5,,25.0,Low
Haryana,Kaithal,Rice,2024-25,2689.324,2320.0,3134.87,368.5589249088942,5,1.0,,41.66666666666667,Low
Haryana,Karnal,Rice,2023-24,2202.775,2202.325,2203.0,0.3897114317030696,3,1.75,,25.0,Low
Haryana,Karnal,Rice,2024-25,2321.4933333333333,2320.0,2324.48,2.5865292059694025,3,2.75,,25.0,Low
Haryana,Kurukshetra,Rice,2021-22,2122.2650000000003,1960.0,2284.53,229.47736369847024,2,1.0,,16.666666666666664,Low
Haryana,Kurukshetra,Rice,2022-23,2971.043333333333,2060.55,3432.3500000000004,788.5336429939647,3,1.5,,25.0,Low
Haryana,Kurukshetra,Rice,2023-24,2908.235,2203.0,4169.97,813.4609179302963,5,3.0,,41.66666666666667,Low
Haryana,Kurukshetra,Rice,2024-25,2411.0125000000003,2265.06,2850.815,218.6731271498628,6,2.7142857142857144,9.069763311051386,50.0,Moderate
Haryana,Palwal,Rice,2023-24,2702.995,2500.0,2905.99,287.0782820939263,2,0.5,,16.666666666666664,Low
Haryana,Palwal,Rice,2024-25,2376.9725,2220.315,2533.63,221.54716114746333,2,0.6,,16.666666666666664,Low
Haryana,Panipat,Rice,2023-24,2200.27,2197.54,2203.0,3.860803025278575,2,0.6666666666666666,,16.666666666666664,Low
Haryana,Panipat,Rice,2024-25,2977.383333333333,2311.44,3383.4,581.3312002923406,3,0.6,,25.0,Low
Haryana,Rohtak,Rice,2024-25,2305.685,2300.0,2311.37,8.039804102090969,2,0.6666666666666666,,16.666666666666664,Low
Haryana,Sirsa,Rice,2021-22,3202.56,3202.56,3202.56,,1,0.5,,8.333333333333332,Low
Haryana,Sirsa,Rice,2022-23,4337.390833333334,2803.025,5159.64,899.5245350373532,6,1.5,20.73883976800999,50.0,Moderate
Haryana,Sirsa,Rice,2023-24,3502.4275,2203.0,4712.115,1058.9798699590904,8,2.75,30.235597166796182,66.66666666666666,Moderate
Haryana,Sirsa,Rice,2024-25,3153.56125,2495.17,3960.0,437.39872109968815,8,1.8888888888888888,13.869992888189126,66.66666666666666,Moderate
Haryana,Sonipat,Rice,2023-24,3402.93,3402.93,3402.93,,1,0.5,,8.333333333333332,Low
Haryana,Sonipat,Rice,2024-25,2930.0,2201.0,4199.0,916.2972588994616,4,0.6666666666666666,,33.33333333333333,Low
Haryana,Yamunanagar,Rice,2021-22,1960.0,1960.0,1960.0,0.0,2,0.6666666666666666,,16.666666666666664,Low
Haryana,Yamunanagar,Rice,2023-24,2203.0,2203.0,2203.0,0.0,3,1.25,,25.0,Low
Haryana,Yamunanagar,Rice,2024-25,2315.945,2310.0,2320.0,5.261090666392246,3,2.5,,25.0,Low
Haryana,Ambala,Wheat,2021-22,2015.01,2015.0,2015.02,0.014142135623718,2,3.25,,16.666666666666664,Low
Haryana,Ambala,Wheat,2022-23,2088.72,2016.0,2125.16,62.97741817508875,3,4.0,,25.0,Low
Haryana,Ambala,Wheat,2023-24,2226.685,2130.0,2275.0550000000003,83.7316706808124,3,2.6666666666666665,,25.0,Low
Haryana,Ambala,Wheat,2024-25,2425.0025,2425.0,2425.005,0.0035355339060099,2,3.5,,16.666666666666664,Low
Haryana,Bhiwani,Wheat,2021-22,2028.555,2016.12,2040.99,17.5857456481096,2,1.0,,16.666666666666664,Low
Haryana,Bhiwani,Wheat,2022-23,2125.0,2125.0,2125.0,0.0,2,1.3333333333333333,,16.666666666666664,Low
Haryana,Bhiwani,Wheat,2023-24,2250.0,2200.0,2275.0,43.30127018922193,3,1.25,,25.0,Low
Haryana,Bhiwani,Wheat,2024-25,2425.0,2425.0,2425.0,0.0,2,1.5,,16.666666666666664,Low
Haryana,Faridabad,Wheat,2021-22,2015.0,2015.0,2015.0,,1,0.5,,8.333333333333332,Low
Haryana,Faridabad,Wheat,2022-23,2125.0,2125.0,2125.0,,1,0.5,,8.333333333333332,Low
Haryana,Faridabad,Wheat,2023-24,2262.5150000000003,2250.0,2275.03,17.698882733099264,2,0.5,,16.666666666666664,Low
Haryana,Faridabad,Wheat,2024-25,2425.53,2425.0,2426.06,0.749533188057541,2,0.5,,16.666666666666664,Low
Haryana,Fatehabad,Wheat,2022-23,2127.0025,2125.04,2128.965,2.775394116157328,2,1.3333333333333333,,16.666666666666664,Low
Haryana,Fatehabad,Wheat,2023-24,2275.0,2275.0,2275.0,0.0,2,2.0,,16.666666666666664,Low
Haryana,Fatehabad,Wheat,2024-25,2425.0,2425.0,2425.0,0.0,2,2.6666666666666665,,16.666666666666664,Low
Haryana,Gurugram,Wheat,2021-22,2051.61,2015.9,2088.93,36.54161052827292,3,1.25,,25.0,Low
Haryana,Gurugram,Wheat,2022-23,2250.105,2125.04,2500.0,216.41545017627536,3,0.8333333333333334,,25.0,Low
Haryana,Gurugram,Wheat,2023-24,2275.0,2275.0,2275.0,0.0,2,0.75,,16.666666666666664,Low
Haryana,Gurugram,Wheat,2024-25,2425.15,2425.15,2425.15,,1,1.0,,8.333333333333332,Low
Haryana,Hisar,Wheat,2021-22,2016.8733333333337,2013.67,2021.13,3.8399262145688935,3,2.6666666666666665,,25.0,Low
Haryana,Hisar,Wheat,2022-23,2125.14,2125.0,2125.28,0.1979898987320532,2,4.25,,16.666666666666664,Low
Haryana,Hisar,Wheat,2023-24,2290.2533333333336,2275.0,2320.76,26.419548318117336,3,5.333333333333333,,25.0,Low
Haryana,Hisar,Wheat,2024-25,2418.0,2300.0,2510.0,75.21635460456723,5,3.2857142857142856,,41.66666666666667,Low
Haryana,Jhajjar,Wheat,2024-25,2425.0,2425.0,2425.0,,1,0.5,,8.333333333333332,Low
Haryana,Jind,Wheat,2021-22,2018.878333333333,2016.0,2020.635,2.5128486491098085,3,4.333333333333333,,25.0,Low
Haryana,Jind,Wheat,2022-23,2152.8616666666667,2125.0,2208.585,48.257822250214886,3,3.25,,25.0,Low
Haryana,Jind,Wheat,2023-24,2285.005,2275.0,2300.0,12.24200827751178,4,2.333333333333333,,33.33333333333333,Low
Haryana,Jind,Wheat,2024-25,2450.063333333333,2425.02,2500.0,43.24648694788221,3,2.1666666666666665,,25.0,Low
Haryana,Kaithal,Wheat,2021-22,2018.1375,2015.0,2021.275,4.43709505194565,2,2.6666666666666665,,16.666666666666664,Low
Haryana,Kaithal,Wheat,2022-23,2125.0,2125.0,2125.0,0.0,2,2.333333333333333,,16.666666666666664,Low
Haryana,Kaithal,Wheat,2023-24,2275.0025,2275.0,2275.005,0.0035355339060099,2,2.6666666666666665,,16.666666666666664,Low
Haryana,Kaithal,Wheat,2024-25,2425.0,2425.0,2425.0,0.0,2,4.333333333333333,,16.666666666666664,Low
Haryana,Karnal,Wheat,2021-22,2015.0,2015.0,2015.0,0.0,2,1.3333333333333333,,16.666666666666664,Low
Haryana,Karnal,Wheat,2022-23,2125.0,2125.0,2125.0,0.0,2,2.333333333333333,,16.666666666666664,Low
Haryana,Karnal,Wheat,2023-24,2275.0,2275.0,2275.0,0.0,2,1.0,,16.666666666666664,Low
Haryana,Karnal,Wheat,2024-25,2425.0,2425.0,2425.0,0.0,2,6.0,,16.666666666666664,Low
Haryana,Kurukshetra,Wheat,2021-22,2015.9225,2015.91,2015.935,0.0176776695296476,2,2.333333333333333,,16.666666666666664,Low
Haryana,Kurukshetra,Wheat,2022-23,2125.315,2125.0,2125.63,0.4454772721476021,2,2.6666666666666665,,16.666666666666664,Low
Haryana,Kurukshetra,Wheat,2023-24,2275.0,2275.0,2275.0,0.0,2,4.333333333333333,,16.666666666666664,Low
Haryana,Kurukshetra,Wheat,2024-25,2425.0,2425.0,2425.0,0.0,2,2.6666666666666665,,16.666666666666664,Low
Haryana,Mahendragarh,Wheat,2021-22,2097.2183333333337,2062.86,2130.49,33.82809273862951,3,1.6666666666666667,,25.0,Low
Haryana,Mahendragarh,Wheat,2022-23,2102.6330000000003,1957.5,2150.0,81.51547181363783,5,1.6,,41.66666666666667,Low
Haryana,Mahendragarh,Wheat,2023-24,2266.883125,2176.72,2400.0,73.16251845512453,8,1.0,3.227449957532527,66.66666666666666,Moderate
Haryana,Mahendragarh,Wheat,2024-25,2528.182727272728,2300.0,2810.0,143.42917648378997,11,1.25,5.673212419994418,91.66666666666666,Good
Haryana,Nuh,Wheat,2022-23,2123.5,2123.5,2123.5,,1,1.0,,8.333333333333332,Low
Haryana,Nuh,Wheat,2024-25,2360.0,2360.0,2360.0,,1,0.5,,8.333333333333332,Low
Haryana,Palwal,Wheat,2022-23,2128.07,2128.07,2128.07,,1,0.5,,8.333333333333332,Low
Haryana,Palwal,Wheat,2023-24,2256.25,2237.5,2275.0,26.516504294495533,2,1.3333333333333333,,16.666666666666664,Low
Haryana,Palwal,Wheat,2024-25,2362.5,2200.0,2425.0,108.97247358851688,4,1.1666666666666667,,33.33333333333333,Low
Haryana,Panchkula,Wheat,2022-23,2125.0,2125.0,2125.0,0.0,2,0.6666666666666666,,16.666666666666664,Low
Haryana,Panchkula,Wheat,2023-24,2275.0,2275.0,2275.0,0.0,2,0.6666666666666666,,16.666666666666664,Low
Haryana,Panchkula,Wheat,2024-25,2425.0,2425.0,2425.0,,1,0.5,,8.333333333333332,Low
Haryana,Panipat,Wheat,2021-22,2015.125,2015.125,2015.125,,1,1.0,,8.333333333333332,Low
Haryana,Panipat,Wheat,2022-23,2125.0150000000003,2125.01,2125.02,0.0070710678115374,2,0.6666666666666666,,16.666666666666664,Low
Haryana,Panipat,Wheat,2023-24,2280.0,2280.0,2280.0,,1,0.5,,8.333333333333332,Low
Haryana,Panipat,Wheat,2024-25,2425.0,2425.0,2425.0,0.0,2,2.6666666666666665,,16.666666666666664,Low
Haryana,Rewari,Wheat,2021-22,2424.3116666666665,2099.81,3023.365,519.3962098035885,3,1.3333333333333333,,25.0,Low
Haryana,Rewari,Wheat,2023-24,2275.71,2275.0,2276.42,1.0040916292849489,2,0.6666666666666666,,16.666666666666664,Low
Haryana,Rewari,Wheat,2024-25,2573.7375,2420.0,2803.85,153.1617872661827,8,0.8,5.95094827138287,66.66666666666666,Moderate
Haryana,Rohtak,Wheat,2022-23,2130.07,2130.07,2130.07,,1,0.5,,8.333333333333332,Low
Haryana,Rohtak,Wheat,2023-24,2275.0,2275.0,2275.0,0.0,2,0.6666666666666666,,16.666666666666664,Low
Haryana,Rohtak,Wheat,2024-25,2425.005,2425.0,2425.01,0.0070710678120198,2,1.0,,16.666666666666664,Low
Haryana,Sirsa,Wheat,2021-22,2081.7466666666664,2017.65,2198.87,101.5826886498548,3,1.0,,25.0,Low
Haryana,Sirsa,Wheat,2022-23,2165.835,2125.0,2247.5,70.72396464424202,3,3.25,,25.0,Low
Haryana,Sirsa,Wheat,2023-24,2242.25,2119.0,2300.0,83.00752977893029,4,2.0,,33.33333333333333,Low
Haryana,Sirsa,Wheat,2024-25,2425.0075,2407.63,2442.4,14.19479570124202,4,3.0,,33.33333333333333,Low
Haryana,Sonipat,Wheat,2021-22,2017.74,2015.0,2020.48,3.874945160902293,2,0.6666666666666666,,16.666666666666664,Low
Haryana,Sonipat,Wheat,2022-23,2127.8175,2125.0,2130.635,3.98454671198635,2,1.0,,16.666666666666664,Low
Haryana,Sonipat,Wheat,2023-24,2275.0,2275.0,2275.0,0.0,3,1.6666666666666667,,25.0,Low
Haryana,Sonipat,Wheat,2024-25,2350.0,2275.0,2425.0,86.60254037844386,4,0.6666666666666666,,33.33333333333333,Low
Haryana,Yamunanagar,Wheat,2021-22,2015.0,2015.0,2015.0,0.0,2,0.6666666666666666,,16.666666666666664,Low
Haryana,Yamunanagar,Wheat,2022-23,2125.0,2125.0,2125.0,0.0,2,3.333333333333333,,16.666666666666664,Low
Haryana,Yamunanagar,Wheat,2023-24,2275.0,2275.0,2275.0,0.0,2,3.333333333333333,,16.666666666666664,Low
Haryana,Yamunanagar,Wheat,2024-25,2425.0,2425.0,2425.0,0.0,2,3.0,,16.666666666666664,Low
Punjab,Amritsar,Maize,2021-22,1574.5,1574.5,1574.5,,1,0.6666666666666666,,8.333333333333332,Low
Punjab,Amritsar,Maize,2022-23,1865.605,1515.845,2100.0,308.69253056237045,3,1.5,,25.0,Low
Punjab,Amritsar,Maize,2023-24,1876.8283333333336,1599.0,2031.485,241.1208481412036,3,1.75,,25.0,Low
Punjab,Amritsar,Maize,2024-25,2060.646666666667,1887.5,2200.3,159.0670064260133,3,1.2,,25.0,Low
Punjab,Barnala,Maize,2023-24,1899.13,1899.13,1899.13,,1,1.0,,8.333333333333332,Low
Punjab,Barnala,Maize,2024-25,2198.48,2038.89,2356.55,158.83545479520623,3,0.6,,25.0,Low
Punjab,Bathinda,Maize,2023-24,2173.16,2173.16,2173.16,,1,1.0,,8.333333333333332,Low
Punjab,Bathinda,Maize,2024-25,2138.47,2138.47,2138.47,,1,0.5,,8.333333333333332,Low
Punjab,Fatehgarh Sahib,Maize,2021-22,1372.86,1372.86,1372.86,,1,0.3333333333333333,,8.333333333333332,Low
Punjab,Fatehgarh Sahib,Maize,2022-23,1071.29,1071.29,1071.29,,1,0.5,,8.333333333333332,Low
Punjab,Fatehgarh Sahib,Maize,2023-24,1575.4716666666666,1100.0,2109.855,507.4984912374946,3,1.25,,25.0,Low
Punjab,Fatehgarh Sahib,Maize,2024-25,2263.875,2086.8450000000003,2425.0,140.2554224144886,4,1.2,,33.33333333333333,Low
Punjab,Fazilka,Maize,2023-24,2250.0,2000.0,2500.0,353.5533905932738,2,0.5,,16.666666666666664,Low
Punjab,Fazilka,Maize,2024-25,1979.62,1979.62,1979.62,,1,0.5,,8.333333333333332,Low
Punjab,Ferozepur,Maize,2022-23,1675.0,1675.0,1675.0,,1,1.0,,8.333333333333332,Low
Punjab,Ferozepur,Maize,2023-24,1971.954,1679.3,2500.0,349.5395257764134,5,0.7142857142857143,,41.66666666666667,Low
Punjab,Ferozepur,Maize,2024-25,2165.976,1847.5,2400.0,221.0541469414224,5,0.8571428571428571,,41.66666666666667,Low
Punjab,Hoshiarpur,Maize,2021-22,1259.7233333333334,1000.0,1727.97,406.3207669235396,3,0.6,,25.0,Low
Punjab,Hoshiarpur,Maize,2022-23,992.53,992.53,992.53,,1,0.25,,8.333333333333332,Low
Punjab,Hoshiarpur,Maize,2023-24,1153.73,1029.43,1231.76,108.81195660404228,3,0.6,,25.0,Low
Punjab,Hoshiarpur,Maize,2024-25,1450.0,1200.0,1700.0,353.5533905932738,2,0.4,,16.666666666666664,Low
Punjab,Jalandhar,Maize,2021-22,1765.285625,1424.42,2015.0,196.00845529206677,8,1.875,11.103498069445092,66.66666666666666,Moderate
Punjab,Jalandhar,Maize,2022-23,1951.0283333333332,1268.0949999999998,2290.485,366.0391918724916,6,3.1666666666666665,18.76134680459065,50.0,Moderate
Punjab,Jalandhar,Maize,2023-24,1924.1330000000005,1377.94,2400.0,465.2615019480981,5,1.7142857142857142,,41.66666666666667,Low
Punjab,Jalandhar,Maize,2024-25,2386.544,1929.03,2645.0,205.96563032862213,10,3.1,8.630288414067461,83.33333333333334,Good
Punjab,Kapurthala,Maize,2021-22,1347.29,1246.39,1448.19,142.69414844344516,2,0.75,,16.666666666666664,Low
Punjab,Kapurthala,Maize,2022-23,1344.285,1338.57,1350.0,8.082230508962203,2,0.6666666666666666,,16.666666666666664,Low
Punjab,Kapurthala,Maize,2023-24,1255.01,1219.09,1290.93,50.79855116044168,2,0.6666666666666666,,16.666666666666664,Low
Punjab,Kapurthala,Maize,2024-25,1542.8233333333335,1300.0,1671.52,210.417322560034,3,0.75,,25.0,Low
Punjab,Ludhiana,Maize,2021-22,1686.63,1512.13,1861.13,246.7802666341051,2,1.0,,16.666666666666664,Low
Punjab,Ludhiana,Maize,2022-23,1849.5825,1644.59,1933.45,137.6380004153406,4,1.4,,33.33333333333333,Low
Punjab,Ludhiana,Maize,2023-24,1996.805,1655.0,2200.0,242.53267566797396,4,1.6666666666666667,,33.33333333333333,Low
Punjab,Ludhiana,Maize,2024-25,2181.698,1874.45,2362.84,192.2765858600573,5,1.875,,41.66666666666667,Low
Punjab,Malerkotla,Maize,2023-24,2155.96,2155.96,2155.96,,1,1.0,,8.333333333333332,Low
Punjab,Malerkotla,Maize,2024-25,2320.0,2320.0,2320.0,,1,0.25,,8.333333333333332,Low
Punjab,Patiala,Maize,2021-22,1531.435,1253.7,1813.88,229.1226160086924,4,1.0,,33.33333333333333,Low
Punjab,Patiala,Maize,2022-23,1587.4,1138.62,1823.58,388.8336667522502,3,0.75,,25.0,Low
Punjab,Patiala,Maize,2023-24,1322.7825,1217.59,1615.77,195.4233052248376,4,0.8,,33.33333333333333,Low
Punjab,Patiala,Maize,2024-25,1927.575,1740.86,2114.29,264.0548852984926,2,0.75,,16.666666666666664,Low
Punjab,S.A.S Nagar,Maize,2022-23,1137.31,1137.31,1137.31,,1,1.0,,8.333333333333332,Low
Punjab,S.A.S Nagar,Maize,2023-24,1450.0,1450.0,1450.0,,1,0.5,,8.333333333333332,Low
Punjab,S.A.S Nagar,Maize,2024-25,1868.6933333333332,1456.08,2450.0,517.988727805281,3,0.6,,25.0,Low
Punjab,Sangrur,Maize,2021-22,1753.3066666666666,1588.22,1914.7,163.27133285832298,3,0.8,,25.0,Low
Punjab,Sangrur,Maize,2022-23,1471.48,1471.48,1471.48,,1,0.6666666666666666,,8.333333333333332,Low
Punjab,Sangrur,Maize,2023-24,1876.942,1597.72,2202.29,233.98435347262003,5,1.0,,41.66666666666667,Low
Punjab,Sangrur,Maize,2024-25,2034.07,1250.0,2339.59,454.8818779089799,5,0.7142857142857143,,41.66666666666667,Low
Punjab,Shahid Bhagat Singh Nagar,Maize,2021-22,1622.9516666666666,1200.0,2150.0,483.4791484731615,3,0.8,,25.0,Low
Punjab,Shahid Bhagat Singh Nagar,Maize,2022-23,1602.785,1206.55,1912.61,293.1844599678957,4,0.6666666666666666,,33.33333333333333,Low
Punjab,Shahid Bhagat Singh Nagar,Maize,2023-24,1556.14,1556.14,1556.14,,1,0.5,,8.333333333333332,Low
Punjab,Shahid Bhagat Singh Nagar,Maize,2024-25,2356.35,1687.15,2635.95,339.72077234105063,6,0.875,14.417245839584556,50.0,Moderate
Punjab,Sri Muktsar Sahib,Maize,2021-22,1017.1866666666666,821.05,1334.41,277.2744272978187,3,0.75,,25.0,Low
Punjab,Sri Muktsar Sahib,Maize,2022-23,1140.4766666666667,937.59,1400.0,236.3504517307579,3,0.75,,25.0,Low
Punjab,Sri Muktsar Sahib,Maize,2023-24,965.36,900.0,1030.72,92.43299843670552,2,0.5,,16.666666666666664,Low
Punjab,Sri Muktsar Sahib,Maize,2024-25,1221.63,1200.0,1286.52,43.25999999999996,4,0.8,,33.33333333333333,Low
Punjab,Amritsar,Rice,2021-22,1978.3333333333333,1960.0,2015.0,31.75426480542945,3,4.333333333333333,,25.0,Low
Punjab,Amritsar,Rice,2022-23,1973.75,1650.0,2125.0,217.9975152763597,4,3.0,,33.33333333333333,Low
Punjab,Amritsar,Rice,2023-24,2662.0,2203.0,3580.0,795.0113206741147,3,3.5,,25.0,Low
Punjab,Amritsar,Rice,2024-25,2202.5,1850.0,2320.0,234.99999999999997,4,4.75,,33.33333333333333,Low
Punjab,Barnala,Rice,2021-22,1960.0,1960.0,1960.0,0.0,2,3.5,,16.666666666666664,Low
Punjab,Barnala,Rice,2022-23,2060.0,2060.0,2060.0,0.0,2,1.6666666666666667,,16.666666666666664,Low
Punjab,Barnala,Rice,2023-24,2203.0,2203.0,2203.0,0.0,2,1.3333333333333333,,16.666666666666664,Low
Punjab,Barnala,Rice,2024-25,2320.0,2320.0,2320.0,0.0,3,3.6666666666666665,,25.0,Low
Punjab,Bathinda,Rice,2021-22,1978.3333333333333,1960.0,2015.0,31.75426480542945,3,8.333333333333334,,25.0,Low
Punjab,Bathinda,Rice,2022-23,2060.0,2060.0,2060.0,0.0,2,2.0,,16.666666666666664,Low
Punjab,Bathinda,Rice,2023-24,2203.0,2203.0,2203.0,0.0,3,3.6666666666666665,,25.0,Low
Punjab,Bathinda,Rice,2024-25,2320.0,2320.0,2320.0,0.0,3,3.0,,25.0,Low
Punjab,Faridkot,Rice,2021-22,1978.3433333333328,1960.0,2015.0,31.745608095189137,3,2.333333333333333,,25.0,Low
Punjab,Faridkot,Rice,2022-23,2061.6666666666665,2060.0,2065.0,2.886751345948096,3,1.2,,25.0,Low
Punjab,Faridkot,Rice,2023-24,2203.0,2203.0,2203.0,0.0,2,1.5,,16.666666666666664,Low
Punjab,Faridkot,Rice,2024-25,2320.0,2320.0,2320.0,0.0,2,2.6666666666666665,,16.666666666666664,Low
Punjab,Fatehgarh Sahib,Rice,2021-22,1960.0,1960.0,1960.0,0.0,2,2.5,,16.666666666666664,Low
Punjab,Fatehgarh Sahib,Rice,2022-23,2060.0,2060.0,2060.0,0.0,2,2.0,,16.666666666666664,Low
Punjab,Fatehgarh Sahib,Rice,2023-24,2203.0,2203.0,2203.0,0.0,3,2.6666666666666665,,25.0,Low
Punjab,Fatehgarh Sahib,Rice,2024-25,2320.0,2320.0,2320.0,0.0,2,2.6666666666666665,,16.666666666666664,Low
Punjab,Fazilka,Rice,2021-22,1960.0,1960.0,1960.0,0.0,2,2.0,,16.666666666666664,Low
Punjab,Fazilka,Rice,2022-23,2060.0175,2060.0,2060.035,0.0247487373414262,2,1.3333333333333333,,16.666666666666664,Low
Punjab,Fazilka,Rice,2023-24,2211.3783333333336,2203.0,2227.915,14.321595872434454,3,1.6666666666666667,,25.0,Low
Punjab,Fazilka,Rice,2024-25,2320.0175,2320.0,2320.035,0.0247487373414262,2,1.3333333333333333,,16.666666666666664,Low
Punjab,Ferozepur,Rice,2021-22,1960.0,1960.0,1960.0,0.0,2,5.0,,16.666666666666664,Low
Punjab,Ferozepur,Rice,2022-23,2060.0,2060.0,2060.0,0.0,2,3.6666666666666665,,16.666666666666664,Low
Punjab,Ferozepur,Rice,2023-24,2204.25,2203.0,2208.0,2.4999999999999623,4,2.0,,33.33333333333333,Low
Punjab,Ferozepur,Rice,2024-25,2316.6666666666665,2310.0,2320.0,5.773502691896192,3,2.5,,25.0,Low
Punjab,Gurdaspur,Rice,2021-22,1978.3333333333333,1960.0,2015.0,31.75426480542945,3,2.333333333333333,,25.0,Low
Punjab,Gurdaspur,Rice,2022-23,2106.2916666666665,2060.31,2133.565,40.05090583661423,3,1.25,,25.0,Low
Punjab,Gurdaspur,Rice,2023-24,2203.0,2203.0,2203.0,0.0,3,2.333333333333333,,25.0,Low
Punjab,Gurdaspur,Rice,2024-25,2320.01,2320.0,2320.02,0.0141421356235573,2,1.3333333333333333,,16.666666666666664,Low
Punjab,Hoshiarpur,Rice,2021-22,1960.225,1960.0,1960.45,0.3181980515340589,2,2.0,,16.666666666666664,Low
Punjab,Hoshiarpur,Rice,2023-24,2203.0,2203.0,2203.0,0.0,2,2.0,,16.666666666666664,Low
Punjab,Hoshiarpur,Rice,2024-25,2320.0,2320.0,2320.0,0.0,2,1.0,,16.666666666666664,Low
Punjab,Jalandhar,Rice,2021-22,1960.0,1960.0,1960.0,0.0,2,13.5,,16.666666666666664,Low
Punjab,Jalandhar,Rice,2022-23,2060.0,2060.0,2060.0,0.0,2,4.666666666666667,,16.666666666666664,Low
Punjab,Jalandhar,Rice,2023-24,2203.0,2203.0,2203.0,0.0,2,4.666666666666667,,16.666666666666664,Low
Punjab,Jalandhar,Rice,2024-25,2480.0,2320.0,2800.0,277.1281292110204,3,9.0,,25.0,Low
Punjab,Kapurthala,Rice,2021-22,1960.0,1960.0,1960.0,0.0,2,3.5,,16.666666666666664,Low
Punjab,Kapurthala,Rice,2022-23,2060.0,2060.0,2060.0,,1,0.3333333333333333,,8.333333333333332,Low
Punjab,Kapurthala,Rice,2023-24,2203.0,2203.0,2203.0,0.0,2,0.6666666666666666,,16.666666666666664,Low
Punjab,Kapurthala,Rice,2024-25,2320.0,2320.0,2320.0,0.0,2,1.0,,16.666666666666664,Low
Punjab,Ludhiana,Rice,2021-22,1973.3333333333333,1960.0,2000.0,23.094010767585065,3,4.333333333333333,,25.0,Low
Punjab,Ludhiana,Rice,2022-23,2572.1833333333334,2060.0,3596.55,887.1275561233196,3,3.5,,25.0,Low
Punjab,Ludhiana,Rice,2023-24,2204.6666666666665,2203.0,2208.0,2.8867513459481944,3,3.6666666666666665,,25.0,Low
Punjab,Ludhiana,Rice,2024-25,2320.0,2320.0,2320.0,0.0,2,10.666666666666666,,16.666666666666664,Low
Punjab,Malerkotla,Rice,2021-22,1960.0,1960.0,1960.0,0.0,2,1.0,,16.666666666666664,Low
Punjab,Malerkotla,Rice,2022-23,2081.6666666666665,2060.0,2125.0,37.52776749732574,3,0.75,,25.0,Low
Punjab,Malerkotla,Rice,2023-24,2203.0,2203.0,2203.0,0.0,3,1.0,,25.0,Low
Punjab,Malerkotla,Rice,2024-25,2320.0,2320.0,2320.0,0.0,2,0.6666666666666666,,16.666666666666664,Low
Punjab,Mansa,Rice,2021-22,1978.3333333333333,1960.0,2015.0,31.75426480542945,3,5.0,,25.0,Low
Punjab,Mansa,Rice,2022-23,2081.6666666666665,2060.0,2125.0,37.52776749732574,3,2.75,,25.0,Low
Punjab,Mansa,Rice,2023-24,2203.0,2203.0,2203.0,0.0,3,6.333333333333333,,25.0,Low
Punjab,Mansa,Rice,2024-25,2320.0,2320.0,2320.0,0.0,3,5.666666666666667,,25.0,Low
Punjab,Moga,Rice,2021-22,2140.0,1960.0,2500.0,311.7691453623979,3,2.333333333333333,,25.0,Low
Punjab,Moga,Rice,2022-23,2060.0,2060.0,2060.0,0.0,2,1.5,,16.666666666666664,Low
Punjab,Moga,Rice,2023-24,2203.0,2203.0,2203.0,0.0,2,2.0,,16.666666666666664,Low
Punjab,Moga,Rice,2024-25,2241.1775,2234.0,2248.355,10.150517843933065,2,1.6666666666666667,,16.666666666666664,Low
Punjab,Patiala,Rice,2021-22,1960.0,1960.0,1960.0,0.0,2,8.5,,16.666666666666664,Low
Punjab,Patiala,Rice,2022-23,2060.0,2060.0,2060.0,0.0,2,6.0,,16.666666666666664,Low
Punjab,Patiala,Rice,2023-24,2203.0,2203.0,2203.0,0.0,3,6.333333333333333,,25.0,Low
Punjab,Patiala,Rice,2024-25,2320.0,2320.0,2320.0,0.0,2,6.666666666666667,,16.666666666666664,Low
Punjab,Rupnagar,Rice,2021-22,1960.2825,1960.0,1960.565,0.3995153313704379,2,1.5,,16.666666666666664,Low
Punjab,Rupnagar,Rice,2023-24,2203.0,2203.0,2203.0,0.0,2,0.6666666666666666,,16.666666666666664,Low
Punjab,Rupnagar,Rice,2024-25,2320.0,2320.0,2320.0,0.0,2,0.6666666666666666,,16.666666666666664,Low
Punjab,S.A.S Nagar,Rice,2021-22,1960.0,1960.0,1960.0,0.0,2,1.0,,16.666666666666664,Low
Punjab,S.A.S Nagar,Rice,2022-23,2060.0,2060.0,2060.0,0.0,2,0.6666666666666666,,16.666666666666664,Low
Punjab,S.A.S Nagar,Rice,2023-24,2203.0,2203.0,2203.0,0.0,2,0.6666666666666666,,16.666666666666664,Low
Punjab,S.A.S Nagar,Rice,2024-25,2320.0,2320.0,2320.0,0.0,2,1.0,,16.666666666666664,Low
Punjab,Sangrur,Rice,2021-22,1960.0,1960.0,1960.0,0.0,2,3.5,,16.666666666666664,Low
Punjab,Sangrur,Rice,2022-23,2081.6666666666665,2060.0,2125.0,37.52776749732574,3,1.25,,25.0,Low
Punjab,Sangrur,Rice,2023-24,2203.0,2203.0,2203.0,0.0,3,3.333333333333333,,25.0,Low
Punjab,Sangrur,Rice,2024-25,2320.0,2320.0,2320.0,0.0,3,3.333333333333333,,25.0,Low
Punjab,Shahid Bhagat Singh Nagar,Rice,2021-22,1960.03,1960.0,1960.06,0.0424264068711542,2,3.5,,16.666666666666664,Low
Punjab,Shahid Bhagat Singh Nagar,Rice,2022-23,2060.0,2060.0,2060.0,,1,1.5,,8.333333333333332,Low
Punjab,Shahid Bhagat Singh Nagar,Rice,2024-25,2321.6666666666665,2320.0,2325.0,2.8867513459481944,3,2.333333333333333,,25.0,Low
Punjab,Sri Muktsar Sahib,Rice,2021-22,1960.0,1960.0,1960.0,0.0,2,1.0,,16.666666666666664,Low
Punjab,Sri Muktsar Sahib,Rice,2022-23,2688.333333333333,2060.0,3945.0,1088.3052574224446,3,2.6666666666666665,,25.0,Low
Punjab,Sri Muktsar Sahib,Rice,2023-24,2203.0,2203.0,2203.0,0.0,2,2.0,,16.666666666666664,Low
Punjab,Sri Muktsar Sahib,Rice,2024-25,2320.0,2320.0,2320.0,0.0,3,3.0,,25.0,Low
Punjab,Tarn Taran,Rice,2021-22,1978.3333333333333,1960.0,2015.0,31.75426480542945,3,6.0,,25.0,Low
Punjab,Tarn Taran,Rice,2022-23,1993.3975,1728.59,2125.0,179.17776654763836,4,1.2,,33.33333333333333,Low
Punjab,Tarn Taran,Rice,2023-24,2203.0,2203.0,2203.0,0.0,2,2.5,,16.666666666666664,Low
Punjab,Tarn Taran,Rice,2024-25,2320.0,2320.0,2320.0,0.0,2,8.0,,16.666666666666664,Low
Punjab,Amritsar,Wheat,2021-22,2015.0,2015.0,2015.0,0.0,2,3.6666666666666665,,16.666666666666664,Low
Punjab,Amritsar,Wheat,2022-23,2125.0,2125.0,2125.0,0.0,2,4.333333333333333,,16.666666666666664,Low
Punjab,Amritsar,Wheat,2023-24,2257.98,2203.0,2278.92,36.69988555840469,4,5.0,,33.33333333333333,Low
Punjab,Amritsar,Wheat,2024-25,2376.6766666666667,2280.0,2425.03,83.72445063022698,3,2.1666666666666665,,25.0,Low
Punjab,Barnala,Wheat,2021-22,2015.0,2015.0,2015.0,0.0,2,1.3333333333333333,,16.666666666666664,Low
Punjab,Barnala,Wheat,2022-23,2125.0,2125.0,2125.0,0.0,2,1.3333333333333333,,16.666666666666664,Low
Punjab,Barnala,Wheat,2023-24,2275.0,2275.0,2275.0,0.0,2,2.6666666666666665,,16.666666666666664,Low
Punjab,Barnala,Wheat,2024-25,2476.6666666666665,2425.0,2580.0,89.48929172439196,3,3.75,,25.0,Low
Punjab,Bathinda,Wheat,2021-22,2015.0,2015.0,2015.0,0.0,2,2.6666666666666665,,16.666666666666664,Low
Punjab,Bathinda,Wheat,2022-23,2103.333333333333,2060.0,2125.0,37.52776749732564,3,2.0,,25.0,Low
Punjab,Bathinda,Wheat,2023-24,2275.0,2275.0,2275.0,0.0,2,2.0,,16.666666666666664,Low
Punjab,Bathinda,Wheat,2024-25,2425.0,2425.0,2425.0,0.0,2,2.0,,16.666666666666664,Low
Punjab,Faridkot,Wheat,2021-22,2015.0,2015.0,2015.0,0.0,2,1.6666666666666667,,16.666666666666664,Low
Punjab,Faridkot,Wheat,2022-23,2125.0,2125.0,2125.0,0.0,2,1.6666666666666667,,16.666666666666664,Low
Punjab,Faridkot,Wheat,2023-24,2275.0,2275.0,2275.0,0.0,2,2.6666666666666665,,16.666666666666664,Low
Punjab,Faridkot,Wheat,2024-25,2425.0,2425.0,2425.0,0.0,2,2.6666666666666665,,16.666666666666664,Low
Punjab,Fatehgarh Sahib,Wheat,2021-22,2016.77,2015.0,2018.54,2.5031580054003526,2,2.333333333333333,,16.666666666666664,Low
Punjab,Fatehgarh Sahib,Wheat,2022-23,2125.0,2125.0,2125.0,0.0,2,2.333333333333333,,16.666666666666664,Low
Punjab,Fatehgarh Sahib,Wheat,2023-24,2275.0,2275.0,2275.0,0.0,2,2.6666666666666665,,16.666666666666664,Low
Punjab,Fatehgarh Sahib,Wheat,2024-25,2425.0,2425.0,2425.0,0.0,2,2.333333333333333,,16.666666666666664,Low
Punjab,Fazilka,Wheat,2021-22,2015.12,2015.005,2015.235,0.1626345596729188,2,1.3333333333333333,,16.666666666666664,Low
Punjab,Fazilka,Wheat,2022-23,2125.0025,2125.0,2125.005,0.0035355339060099,2,1.3333333333333333,,16.666666666666664,Low
Punjab,Fazilka,Wheat,2023-24,2275.03,2275.01,2275.05,0.0282842712474361,2,1.3333333333333333,,16.666666666666664,Low
Punjab,Fazilka,Wheat,2024-25,2425.11,2425.0150000000003,2425.205,0.134350288425161,2,1.3333333333333333,,16.666666666666664,Low
Punjab,Ferozepur,Wheat,2021-22,2015.0,2015.0,2015.0,0.0,2,3.0,,16.666666666666664,Low
Punjab,Ferozepur,Wheat,2022-23,2125.0,2125.0,2125.0,0.0,2,3.0,,16.666666666666664,Low
Punjab,Ferozepur,Wheat,2023-24,2275.0,2275.0,2275.0,0.0,2,4.666666666666667,,16.666666666666664,Low
Punjab,Ferozepur,Wheat,2024-25,2425.0,2425.0,2425.0,0.0,2,2.6666666666666665,,16.666666666666664,Low
Punjab,Gurdaspur,Wheat,2021-22,2015.0,2015.0,2015.0,0.0,2,1.6666666666666667,,16.666666666666664,Low
Punjab,Gurdaspur,Wheat,2022-23,2125.0,2125.0,2125.0,0.0,2,2.0,,16.666666666666664,Low
Punjab,Gurdaspur,Wheat,2023-24,2275.0,2275.0,2275.0,0.0,2,2.0,,16.666666666666664,Low
Punjab,Gurdaspur,Wheat,2024-25,2425.0,2425.0,2425.0,0.0,2,0.6666666666666666,,16.666666666666664,Low
Punjab,Hoshiarpur,Wheat,2021-22,2015.0,2015.0,2015.0,0.0,2,1.3333333333333333,,16.666666666666664,Low
Punjab,Hoshiarpur,Wheat,2022-23,2125.0,2125.0,2125.0,0.0,2,1.0,,16.666666666666664,Low
Punjab,Hoshiarpur,Wheat,2023-24,2275.0,2275.0,2275.0,0.0,2,3.0,,16.666666666666664,Low
Punjab,Hoshiarpur,Wheat,2024-25,2425.0,2425.0,2425.0,0.0,2,1.6666666666666667,,16.666666666666664,Low
Punjab,Jalandhar,Wheat,2021-22,2015.0,2015.0,2015.0,0.0,2,5.333333333333333,,16.666666666666664,Low
Punjab,Jalandhar,Wheat,2022-23,2125.0,2125.0,2125.0,0.0,2,4.333333333333333,,16.666666666666664,Low
Punjab,Jalandhar,Wheat,2023-24,2275.0,2275.0,2275.0,0.0,2,5.666666666666667,,16.666666666666664,Low
Punjab,Jalandhar,Wheat,2024-25,2405.0,2320.0,2450.0,57.87918451395112,4,4.8,,33.33333333333333,Low
Punjab,Kapurthala,Wheat,2021-22,2015.0,2015.0,2015.0,0.0,2,0.6666666666666666,,16.666666666666664,Low
Punjab,Kapurthala,Wheat,2022-23,2125.0,2125.0,2125.0,0.0,2,0.6666666666666666,,16.666666666666664,Low
Punjab,Kapurthala,Wheat,2023-24,2275.005,2275.0,2275.01,0.0070710678120198,2,1.0,,16.666666666666664,Low
Punjab,Kapurthala,Wheat,2024-25,2425.0950000000003,2425.0,2425.19,0.1343502884253218,2,0.6666666666666666,,16.666666666666664,Low
Punjab,Ludhiana,Wheat,2021-22,2015.0,2015.0,2015.0,0.0,2,5.0,,16.666666666666664,Low
Punjab,Ludhiana,Wheat,2022-23,2125.0,2125.0,2125.0,0.0,2,3.6666666666666665,,16.666666666666664,Low
Punjab,Ludhiana,Wheat,2023-24,2275.0,2275.0,2275.0,0.0,2,6.333333333333333,,16.666666666666664,Low
Punjab,Ludhiana,Wheat,2024-25,2498.145,2425.0,2632.58,98.17279375332724,4,4.666666666666667,,33.33333333333333,Low
Punjab,Malerkotla,Wheat,2021-22,2015.0,2015.0,2015.0,0.0,2,1.0,,16.666666666666664,Low
Punjab,Malerkotla,Wheat,2022-23,2125.0,2125.0,2125.0,0.0,2,0.6666666666666666,,16.666666666666664,Low
Punjab,Malerkotla,Wheat,2023-24,2275.0,2275.0,2275.0,0.0,2,0.6666666666666666,,16.666666666666664,Low
Punjab,Malerkotla,Wheat,2024-25,2425.0,2425.0,2425.0,0.0,2,0.6666666666666666,,16.666666666666664,Low
Punjab,Mansa,Wheat,2021-22,2015.0,2015.0,2015.0,0.0,2,4.333333333333333,,16.666666666666664,Low
Punjab,Mansa,Wheat,2022-23,2125.0,2125.0,2125.0,0.0,2,4.666666666666667,,16.666666666666664,Low
Punjab,Mansa,Wheat,2023-24,2275.0,2275.0,2275.0,0.0,2,6.0,,16.666666666666664,Low
Punjab,Mansa,Wheat,2024-25,2425.0,2425.0,2425.0,0.0,2,5.333333333333333,,16.666666666666664,Low
Punjab,Moga,Wheat,2021-22,2017.5,2015.0,2020.0,3.5355339059327378,2,1.3333333333333333,,16.666666666666664,Low
Punjab,Moga,Wheat,2022-23,2125.0,2125.0,2125.0,0.0,2,2.6666666666666665,,16.666666666666664,Low
Punjab,Moga,Wheat,2023-24,2275.5,2275.5,2275.5,0.0,2,1.3333333333333333,,16.666666666666664,Low
Punjab,Moga,Wheat,2024-25,2430.0,2430.0,2430.0,0.0,2,0.6666666666666666,,16.666666666666664,Low
Punjab,Patiala,Wheat,2021-22,2015.0,2015.0,2015.0,0.0,2,4.666666666666667,,16.666666666666664,Low
Punjab,Patiala,Wheat,2022-23,2125.0,2125.0,2125.0,0.0,2,4.333333333333333,,16.666666666666664,Low
Punjab,Patiala,Wheat,2023-24,2275.0,2275.0,2275.0,0.0,2,5.333333333333333,,16.666666666666664,Low
Punjab,Patiala,Wheat,2024-25,2421.3766666666666,2414.01,2425.12,6.380002612329539,3,1.8,,25.0,Low
Punjab,Rupnagar,Wheat,2023-24,2275.0,2275.0,2275.0,0.0,2,0.6666666666666666,,16.666666666666664,Low
Punjab,Rupnagar,Wheat,2024-25,2425.0,2425.0,2425.0,0.0,2,0.6666666666666666,,16.666666666666664,Low
Punjab,S.A.S Nagar,Wheat,2021-22,2015.0,2015.0,2015.0,,1,0.5,,8.333333333333332,Low
Punjab,S.A.S Nagar,Wheat,2022-23,2324.24,2125.0,2722.67,345.0505025354985,3,0.75,,25.0,Low
Punjab,S.A.S Nagar,Wheat,2023-24,2376.2166666666667,2275.0,2578.57,175.24313177221336,3,1.5,,25.0,Low
Punjab,S.A.S Nagar,Wheat,2024-25,2732.628571428572,2425.0,3050.0,286.71472119097587,7,1.1428571428571428,10.492268293933789,58.333333333333336,Moderate
Punjab,Sangrur,Wheat,2021-22,2015.0,2015.0,2015.0,0.0,2,1.6666666666666667,,16.666666666666664,Low
Punjab,Sangrur,Wheat,2022-23,2125.295,2125.17,2125.42,0.1767766952966369,2,1.0,,16.666666666666664,Low
Punjab,Sangrur,Wheat,2023-24,2275.025,2275.0,2275.05,0.0353553390594559,2,2.333333333333333,,16.666666666666664,Low
Punjab,Sangrur,Wheat,2024-25,2425.19,2425.0,2425.38,0.2687005768509652,2,2.0,,16.666666666666664,Low
Punjab,Shahid Bhagat Singh Nagar,Wheat,2021-22,2006.318,1948.04,2028.55,33.12989012960949,5,1.8,,41.66666666666667,Low
Punjab,Shahid Bhagat Singh Nagar,Wheat,2022-23,2098.445,2066.89,2130.0,44.62550896068326,2,0.4,,16.666666666666664,Low
Punjab,Shahid Bhagat Singh Nagar,Wheat,2023-24,2276.6666666666665,2275.0,2280.0,2.8867513459481944,3,3.0,,25.0,Low
Punjab,Shahid Bhagat Singh Nagar,Wheat,2024-25,2556.07875,2307.46,2991.26,233.60207242460731,8,1.2,9.139079632214278,66.66666666666666,Moderate
Punjab,Sri Muktsar Sahib,Wheat,2021-22,2015.0,2015.0,2015.0,0.0,2,2.0,,16.666666666666664,Low
Punjab,Sri Muktsar Sahib,Wheat,2022-23,2125.0,2125.0,2125.0,0.0,2,2.333333333333333,,16.666666666666664,Low
Punjab,Sri Muktsar Sahib,Wheat,2023-24,2275.0,2275.0,2275.0,0.0,2,2.6666666666666665,,16.666666666666664,Low
Punjab,Sri Muktsar Sahib,Wheat,2024-25,2425.0,2425.0,2425.0,0.0,2,3.333333333333333,,16.666666666666664,Low
Punjab,Tarn Taran,Wheat,2021-22,2015.0,2015.0,2015.0,0.0,2,1.6666666666666667,,16.666666666666664,Low
Punjab,Tarn Taran,Wheat,2022-23,2125.0,2125.0,2125.0,0.0,2,3.333333333333333,,16.666666666666664,Low
Punjab,Tarn Taran,Wheat,2023-24,2275.0,2275.0,2275.0,0.0,2,8.0,,16.666666666666664,Low
Punjab,Tarn Taran,Wheat,2024-25,2425.0,2425.0,2425.0,0.0,2,3.6666666666666665,,16.666666666666664,Low
Uttar Pradesh,Agra,Maize,2021-22,1742.188,1528.72,1965.19,104.15259604168416,10,0.8333333333333334,5.978263886657706,83.33333333333334,Good
Uttar Pradesh,Agra,Maize,2022-23,2243.43,2011.23,2366.54,131.14176614858982,8,0.8,5.845592068778158,66.66666666666666,Moderate
Uttar Pradesh,Agra,Maize,2023-24,2160.0,2140.0,2180.0,28.284271247461906,2,0.25,,16.666666666666664,Low
Uttar Pradesh,Agra,Maize,2024-25,2281.54,2230.82,2332.26,71.72891188356358,2,0.5,,16.666666666666664,Low
Uttar Pradesh,Aligarh,Maize,2021-22,1760.9225,1523.745,1922.315,109.57111537718332,12,3.25,6.222370114368085,100.0,Complete
Uttar Pradesh,Aligarh,Maize,2022-23,2227.94625,1912.74,2371.39,161.8092460152469,12,3.25,7.262708694846068,100.0,Complete
Uttar Pradesh,Aligarh,Maize,2023-24,2083.2658333333334,1954.415,2190.635,82.6823999583877,12,3.5,3.9688837898374,100.0,Complete
Uttar Pradesh,Aligarh,Maize,2024-25,2292.4925,1996.685,2375.9,109.47302933724228,12,2.333333333333333,4.775284077799264,100.0,Complete
Uttar Pradesh,Auraiya,Maize,2021-22,1748.2386363636365,1550.82,2033.27,164.57163640935997,11,1.0,9.413568204376924,91.66666666666666,Good
Uttar Pradesh,Auraiya,Maize,2022-23,2057.435,1797.55,2183.41,113.64626124714594,12,1.5,5.523686592633349,100.0,Complete
Uttar Pradesh,Auraiya,Maize,2023-24,2069.342083333333,1746.64,2289.87,200.10675994281303,12,1.6666666666666667,9.670066711274604,100.0,Complete
Uttar Pradesh,Auraiya,Maize,2024-25,2363.943333333333,2156.48,2471.74,84.18881412778327,12,1.0,3.5613719221040245,100.0,Complete
Uttar Pradesh,Ayodhya,Maize,2023-24,2158.1091666666666,2038.6,2281.87,93.97306330281656,12,1.0,4.354416576987335,100.0,Complete
Uttar Pradesh,Ayodhya,Maize,2024-25,2521.931666666667,2279.02,2630.44,130.1066392396731,12,1.1666666666666667,5.1590073180547344,100.0,Complete
Uttar Pradesh,Badaun,Maize,2022-23,2113.623125,1687.3,2275.0,178.22415466680266,8,1.1,8.432163357732124,66.66666666666666,Moderate
Uttar Pradesh,Badaun,Maize,2023-24,1878.618125,1680.0,2200.0,174.87945325561302,8,1.6363636363636365,9.308941020443578,66.66666666666666,Moderate
Uttar Pradesh,Badaun,Maize,2024-25,2175.717,1975.0,2387.35,159.36140332589935,5,1.125,,41.66666666666667,Low
Uttar Pradesh,Bahraich,Maize,2021-22,1786.5445454545456,1690.405,2028.97,101.976862828157,11,1.8333333333333333,5.708050386295366,91.66666666666666,Good
Uttar Pradesh,Bahraich,Maize,2022-23,2071.195416666667,1974.565,2206.14,77.06537645102293,12,2.0,3.720816289515073,100.0,Complete
Uttar Pradesh,Bahraich,Maize,2023-24,2153.570416666667,1998.44,2313.985,112.39283322869944,12,2.0,5.218906814417658,100.0,Complete
Uttar Pradesh,Bahraich,Maize,2024-25,2285.9666666666667,2078.7,2428.6,104.51481257204507,12,1.9166666666666667,4.572018223014848,100.0,Complete
Uttar Pradesh,Balrampur,Maize,2021-22,1783.8341666666668,1726.97,1948.7,64.19339493894901,12,1.0,3.59861898255391,100.0,Complete
Uttar Pradesh,Balrampur,Maize,2022-23,2076.96,1962.65,2222.66,81.16606052912869,12,1.0,3.907926032717466,100.0,Complete
Uttar Pradesh,Balrampur,Maize,2023-24,2149.892727272728,1998.88,2301.85,109.71204127997156,11,0.9166666666666666,5.103140258497834,91.66666666666666,Good
Uttar Pradesh,Balrampur,Maize,2024-25,2304.8975,2122.11,2464.23,110.95462275797102,12,1.0,4.813863642872232,100.0,Complete
Uttar Pradesh,Bara Banki,Maize,2023-24,4400.0,4400.0,4400.0,,1,0.5,,8.333333333333332,Low
Uttar Pradesh,Bareilly,Maize,2023-24,1997.1933333333332,1800.0,2200.0,200.0590716096956,3,0.6,,25.0,Low
Uttar Pradesh,Bareilly,Maize,2024-25,2284.1666666666665,2250.0,2302.5,29.61559273986147,3,0.4285714285714285,,25.0,Low
Uttar Pradesh,Bijnor,Maize,2021-22,1650.0,1650.0,1650.0,,1,0.5,,8.333333333333332,Low
Uttar Pradesh,Bijnor,Maize,2023-24,1860.0,1860.0,1860.0,,1,0.5,,8.333333333333332,Low
Uttar Pradesh,Bijnor,Maize,2024-25,2222.8290909090906,2056.99,2379.99,125.21469366288814,11,1.0,5.633122860187058,91.66666666666666,Good
Uttar Pradesh,Budaun,Maize,2021-22,1735.0116666666663,1553.33,2024.53,143.30419463504893,9,2.4545454545454546,8.259552220208832,75.0,Good
Uttar Pradesh,Budaun,Maize,2022-23,2123.928888888889,1715.6,2262.705,179.83572644183116,9,2.0,8.467125588932044,75.0,Good
Uttar Pradesh,Budaun,Maize,2023-24,2028.3254545454545,1752.01,2232.74,174.5301015649528,11,3.583333333333333,8.60463990992337,91.66666666666666,Good
Uttar Pradesh,Budaun,Maize,2024-25,2283.47875,2102.35,2424.19,115.43026269580574,12,3.25,5.055018037536183,100.0,Complete
Uttar Pradesh,Bulandshahar,Maize,2021-22,1901.5290909090909,1600.0,2180.42,188.82127460667903,11,1.5833333333333333,9.92997033331773,91.66666666666666,Good
Uttar Pradesh,Bulandshahar,Maize,2022-23,2147.295,1810.02,2342.93,156.85505213412802,11,2.583333333333333,7.304774245463619,91.66666666666666,Good
Uttar Pradesh,Bulandshahar,Maize,2023-24,2084.51125,1736.67,2250.46,156.60520610069426,12,2.75,7.512802154495173,100.0,Complete
Uttar Pradesh,Bulandshahar,Maize,2024-25,2366.17,2193.29,2474.0950000000003,92.64262593919236,12,2.583333333333333,3.915298813660572,100.0,Complete
Uttar Pradesh,Bulandshahr,Maize,2021-22,1918.14375,1795.955,2073.56,115.74382120019509,12,1.75,6.034157825772708,100.0,Complete
Uttar Pradesh,Bulandshahr,Maize,2022-23,2260.1295,2041.09,2378.98,116.058278713996,10,1.5833333333333333,5.135027825352308,83.33333333333334,Good
Uttar Pradesh,Bulandshahr,Maize,2023-24,2154.5755,2055.1,2300.0,76.991208172319,10,1.75,3.5733817715981178,83.33333333333334,Good
Uttar Pradesh,Bulandshahr,Maize,2024-25,2418.1240000000003,2307.46,2513.29,70.2964045548088,10,1.818181818181818,2.907063680556034,83.33333333333334,Good
Uttar Pradesh,Deoria,Maize,2022-23,2160.0,2150.56,2169.96,8.091427562550235,5,0.8333333333333334,,41.66666666666667,Low
Uttar Pradesh,Deoria,Maize,2023-24,2183.945,2116.66,2275.0,59.26277204113907,6,0.6666666666666666,2.7135652244511226,50.0,Moderate
Uttar Pradesh,Etah,Maize,2021-22,1741.68625,1464.8049999999998,1968.095,142.04704587381346,12,2.0,8.155719543276723,100.0,Complete
Uttar Pradesh,Etah,Maize,2022-23,2128.7779166666664,1920.195,2209.96,98.78177747527248,12,2.0,4.640304500619272,100.0,Complete
Uttar Pradesh,Etah,Maize,2023-24,2019.97375,1784.97,2129.35,125.63574048387598,12,2.0,6.219671938007906,100.0,Complete
Uttar Pradesh,Etah,Maize,2024-25,2226.335833333333,2075.145,2314.9700000000003,87.33826324421143,12,2.0,3.922959956739595,100.0,Complete
Uttar Pradesh,Etawah,Maize,2021-22,1741.66,1558.38,1983.72,171.06999835593612,5,1.0,,41.66666666666667,Low
Uttar Pradesh,Etawah,Maize,2022-23,2096.952083333333,1899.235,2213.24,87.60218813317205,12,1.5833333333333333,4.177596084786012,100.0,Complete
Uttar Pradesh,Etawah,Maize,2023-24,1922.557,1758.865,2170.7200000000003,168.66944323883936,5,0.8333333333333334,,41.66666666666667,Low
Uttar Pradesh,Etawah,Maize,2024-25,2287.619,2176.18,2411.895,109.04778926003031,5,1.6666666666666667,,41.66666666666667,Low
Uttar Pradesh,Farrukhabad,Maize,2021-22,1754.6325,1563.615,2021.505,147.47472021425477,12,3.8333333333333335,8.404877956737652,100.0,Complete
Uttar Pradesh,Farrukhabad,Maize,2022-23,2077.38125,1788.965,2185.375,106.29257344118643,12,3.9166666666666665,5.116661828019601,100.0,Complete
Uttar Pradesh,Farrukhabad,Maize,2023-24,2060.32125,1730.82,2277.99,176.73439546810695,12,3.6666666666666665,8.578001875586487,100.0,Complete
Uttar Pradesh,Farrukhabad,Maize,2024-25,2348.9925,2143.705,2465.135,92.47030807237536,12,4.0,3.936594436652112,100.0,Complete
Uttar Pradesh,Fatehpur,Maize,2021-22,1650.0,1650.0,1650.0,,1,1.0,,8.333333333333332,Low
Uttar Pradesh,Fatehpur,Maize,2022-23,2207.335,2196.13,2218.54,15.846262966390428,2,0.4,,16.666666666666664,Low
Uttar Pradesh,Fatehpur,Maize,2024-25,1950.0,1950.0,1950.0,,1,1.0,,8.333333333333332,Low
Uttar Pradesh,Firozabad,Maize,2021-22,1744.0429166666663,1596.495,1941.825,100.0673788108958,12,1.75,5.737667224505654,100.0,Complete
Uttar Pradesh,Firozabad,Maize,2022-23,2225.133333333333,1939.34,2348.84,129.4848676720976,12,2.833333333333333,5.819195898617204,100.0,Complete
Uttar Pradesh,Firozabad,Maize,2023-24,2088.77125,1800.0,2262.58,135.1994681627013,12,2.6666666666666665,6.472679483820991,100.0,Complete
Uttar Pradesh,Firozabad,Maize,2024-25,2367.742083333333,2084.86,2495.38,135.49295963692802,12,1.9166666666666667,5.722454341233804,100.0,Complete
Uttar Pradesh,Gautam Buddha Nagar,Maize,2021-22,1937.09,1852.93,2030.83,68.12693006440254,5,0.8333333333333334,,41.66666666666667,Low
Uttar Pradesh,Gautam Buddha Nagar,Maize,2022-23,2288.0441666666666,2038.75,2376.96,112.4931259684409,12,1.0,4.916562696091935,100.0,Complete
Uttar Pradesh,Gautam Buddha Nagar,Maize,2023-24,2154.2025,2051.72,2270.0,71.58111976731597,8,0.6666666666666666,3.322859376837413,66.66666666666666,Moderate
Uttar Pradesh,Gautam Buddha Nagar,Maize,2024-25,2407.05,2320.0,2466.36,46.32704861453335,7,0.7,1.924640062089834,58.333333333333336,Moderate
Uttar Pradesh,Ghaziabad,Maize,2021-22,1924.5475,1831.37,2012.06,59.89462680787443,12,1.8333333333333333,3.112140739985604,100.0,Complete
Uttar Pradesh,Ghaziabad,Maize,2022-23,2276.7279166666667,2029.81,2376.125,120.9187454912356,12,2.0,5.31107580339558,100.0,Complete
Uttar Pradesh,Ghaziabad,Maize,2023-24,2195.1566666666668,2052.56,2297.0,83.54641440903389,12,2.0,3.805943132792369,100.0,Complete
Uttar Pradesh,Ghaziabad,Maize,2024-25,2434.3283333333334,2247.37,2561.69,87.37074394194953,12,2.0,3.5891109159590027,100.0,Complete
Uttar Pradesh,Gonda,Maize,2021-22,1767.3908333333331,1644.875,1932.3,74.89937233725777,12,1.25,4.237849994729016,100.0,Complete
Uttar Pradesh,Gonda,Maize,2022-23,2104.893333333333,1956.59,2259.96,110.48514662271302,12,1.0,5.248966533033171,100.0,Complete
Uttar Pradesh,Gonda,Maize,2023-24,2134.2854166666666,1971.97,2314.12,123.15748265493872,12,1.9166666666666667,5.770431718888211,100.0,Complete
Uttar Pradesh,Gonda,Maize,2024-25,2342.840833333333,2083.5150000000003,2486.48,123.5128681708423,12,2.333333333333333,5.271927414510332,100.0,Complete
Uttar Pradesh,Gorakhpur,Maize,2022-23,2141.872727272727,2030.36,2229.47,58.18375118379861,11,1.0,2.716489660797199,91.66666666666666,Good
Uttar Pradesh,Gorakhpur,Maize,2023-24,2167.935,2035.12,2271.73,76.27593645323667,12,1.0,3.518368237665644,100.0,Complete
Uttar Pradesh,Gorakhpur,Maize,2024-25,2426.096666666667,2267.22,2625.61,109.79174123049616,12,1.0,4.525447923777268,100.0,Complete
Uttar Pradesh,Hardoi,Maize,2021-22,1711.0641666666668,1498.68,1929.05,148.80223278251103,12,3.6666666666666665,8.696472971694186,100.0,Complete
Uttar Pradesh,Hardoi,Maize,2022-23,2007.4804166666663,1966.42,2031.335,23.775209057329032,12,3.583333333333333,1.1843308089055598,100.0,Complete
Uttar Pradesh,Hardoi,Maize,2023-24,2088.51375,2024.505,2133.13,46.14111926396896,12,4.916666666666667,2.2092801287024786,100.0,Complete
Uttar Pradesh,Hardoi,Maize,2024-25,2259.7583333333337,2129.01,2326.63,72.09768270558477,12,5.0,3.1905041190504044,100.0,Complete
Uttar Pradesh,Hathras,Maize,2021-22,1671.7191666666668,1471.98,1942.52,153.15336409679904,6,1.0,9.161428973873644,50.0,Moderate
Uttar Pradesh,Hathras,Maize,2022-23,2184.752916666667,1825.36,2352.98,192.25882737102944,12,1.6666666666666667,8.800026122146738,100.0,Complete
Uttar Pradesh,Hathras,Maize,2023-24,1999.45625,1724.305,2197.3,169.91425728243323,12,1.4166666666666667,8.498023264196616,100.0,Complete
Uttar Pradesh,Hathras,Maize,2024-25,2202.310833333333,1763.675,2415.88,178.26452021483206,12,1.6666666666666667,8.094430518920788,100.0,Complete
Uttar Pradesh,Jaunpur,Maize,2021-22,1784.3841666666667,1606.75,2067.03,157.84314420325543,12,3.25,8.845805020682043,100.0,Complete
Uttar Pradesh,Jaunpur,Maize,2022-23,2184.2916666666665,1939.05,2352.36,127.90997545030254,12,3.333333333333333,5.855901819444254,100.0,Complete
Uttar Pradesh,Jaunpur,Maize,2023-24,2129.901666666666,1800.0,2339.52,184.7959352088052,12,4.416666666666667,8.676266050254522,100.0,Complete
Uttar Pradesh,Jaunpur,Maize,2024-25,2348.532083333333,2233.485,2406.95,57.13494948001032,12,4.416666666666667,2.432794079564678,100.0,Complete
Uttar Pradesh,Kannauj,Maize,2021-22,1760.3675,1585.605,1996.995,135.28291047249508,12,2.0,7.684924339519735,100.0,Complete
Uttar Pradesh,Kannauj,Maize,2022-23,2094.3258333333333,1795.515,2195.865,105.97439424505365,12,2.0,5.060071960072449,100.0,Complete
Uttar Pradesh,Kannauj,Maize,2023-24,2065.2466666666664,1785.025,2291.0950000000003,166.67225338060834,12,2.0,8.07033155267692,100.0,Complete
Uttar Pradesh,Kannauj,Maize,2024-25,2342.971666666667,2171.625,2410.105,76.37009616256069,12,2.0,3.2595398932506945,100.0,Complete
Uttar Pradesh,Kanpur Dehat,Maize,2021-22,1792.7341666666669,1621.84,1870.0,95.46822531170608,6,0.8888888888888888,5.325286207336339,50.0,Moderate
Uttar Pradesh,Kanpur Dehat,Maize,2022-23,1992.54,1774.03,2183.3900000000003,132.01808469434658,12,1.8333333333333333,6.625617789070562,100.0,Complete
Uttar Pradesh,Kanpur Dehat,Maize,2023-24,2083.31,1883.97,2192.93,95.51647142580352,12,2.1666666666666665,4.584841978668731,100.0,Complete
Uttar Pradesh,Kanpur Dehat,Maize,2024-25,2311.2000000000003,2144.55,2364.19,64.532356225385,11,1.4166666666666667,2.7921580229052005,91.66666666666666,Good
Uttar Pradesh,Kasganj,Maize,2021-22,1771.5483333333334,1540.95,1960.82,115.77541298356547,12,1.0,6.535266964222379,100.0,Complete
Uttar Pradesh,Kasganj,Maize,2022-23,2236.7816666666668,1963.68,2385.21,155.6934339033155,12,1.0,6.960600411900527,100.0,Complete
Uttar Pradesh,Kasganj,Maize,2023-24,2054.545,1862.47,2183.9,120.01142381229606,12,1.0,5.841265283179296,100.0,Complete
Uttar Pradesh,Kasganj,Maize,2024-25,2324.645,1948.77,2455.42,154.31139729897987,12,1.0,6.638062899882772,100.0,Complete
Uttar Pradesh,Kheri,Maize,2024-25,2157.8475,2119.42,2210.44,38.08873619588877,4,0.8,,33.33333333333333,Low
Uttar Pradesh,Lalitpur,Maize,2021-22,1705.95875,1513.42,1814.55,106.92999186224154,12,1.8333333333333333,6.268029157342846,100.0,Complete
Uttar Pradesh,Lalitpur,Maize,2022-23,1976.8033333333333,1771.705,2093.915,102.06622786062464,12,2.0,5.163195859677053,100.0,Complete
Uttar Pradesh,Lalitpur,Maize,2023-24,2053.583333333333,1916.965,2145.74,61.896495139919146,12,1.5,3.0140727252324377,100.0,Complete
Uttar Pradesh,Lalitpur,Maize,2024-25,2197.2229166666666,2090.425,2307.61,64.68100049327157,12,2.5,2.943761418226829,100.0,Complete
Uttar Pradesh,Lucknow,Maize,2021-22,2500.0,2500.0,2500.0,,1,0.1428571428571428,,8.333333333333332,Low
Uttar Pradesh,Mainpuri,Maize,2021-22,1734.2058333333334,1530.03,1961.29,116.09240374948436,12,3.0,6.6942690145576345,100.0,Complete
Uttar Pradesh,Mainpuri,Maize,2022-23,2226.5691666666667,2008.49,2345.68,133.0421812439631,12,3.0,5.975209898515606,100.0,Complete
Uttar Pradesh,Mainpuri,Maize,2023-24,2058.599166666667,1963.45,2186.81,65.12890933418598,12,2.5,3.163748940967672,100.0,Complete
Uttar Pradesh,Mainpuri,Maize,2024-25,2340.6095833333334,2142.56,2411.3100000000004,92.73498227986558,12,2.333333333333333,3.9620013068475455,100.0,Complete
Uttar Pradesh,Mathura,Maize,2024-25,2208.155,2204.16,2212.15,5.6497831816805215,2,0.6666666666666666,,16.666666666666664,Low
Uttar Pradesh,Meerut,Maize,2021-22,1926.904545454545,1833.54,2029.73,65.68630562965711,11,0.9166666666666666,3.40890293629787,91.66666666666666,Good
Uttar Pradesh,Meerut,Maize,2022-23,2296.83,2042.38,2385.78,111.6954730008737,10,0.8333333333333334,4.863027433500681,83.33333333333334,Good
Uttar Pradesh,Meerut,Maize,2023-24,2226.2425,2060.0,2563.06,133.79435285847552,12,1.0,6.0098732666578565,100.0,Complete
Uttar Pradesh,Meerut,Maize,2024-25,2410.843333333333,2259.51,2475.76,68.88417542688906,12,1.0,2.8572646954892296,100.0,Complete
Uttar Pradesh,Muzaffarnagar,Maize,2024-25,2532.7316666666666,2436.42,2609.96,70.29323336329489,6,1.0,2.775392051531774,50.0,Moderate
Uttar Pradesh,Pratapgarh,Maize,2024-25,2384.85,2300.0,2446.67,61.40806624540454,4,0.8,,33.33333333333333,Low
Uttar Pradesh,Prayagraj,Maize,2021-22,1606.04,1544.29,1639.54,53.54145590101188,3,0.25,,25.0,Low
Uttar Pradesh,Prayagraj,Maize,2022-23,2200.306666666667,2150.0,2250.92,50.46069889858183,3,0.4285714285714285,,25.0,Low
Uttar Pradesh,Prayagraj,Maize,2023-24,2025.0,2025.0,2025.0,,1,0.25,,8.333333333333332,Low
Uttar Pradesh,Prayagraj,Maize,2024-25,2491.927,2307.13,2644.35,115.9732658896484,10,0.9090909090909092,4.65395920063663,83.33333333333334,Good
Uttar Pradesh,Rae Bareli,Maize,2023-24,2075.023333333333,2063.28,2090.69,14.119894947673394,3,0.75,,25.0,Low
Uttar Pradesh,Rampur,Maize,2024-25,1872.29,1872.29,1872.29,,1,1.0,,8.333333333333332,Low
Uttar Pradesh,Saharanpur,Maize,2021-22,1912.6541666666665,1841.8,2024.33,63.2293823325162,12,1.0,3.3058450102723507,100.0,Complete
Uttar Pradesh,Saharanpur,Maize,2022-23,2280.6908333333336,2038.98,2377.69,116.32092944313656,12,1.0,5.100249790241329,100.0,Complete
Uttar Pradesh,Saharanpur,Maize,2023-24,2201.898333333333,2064.92,2297.77,83.24709744689802,12,1.0,3.780696691880175,100.0,Complete
Uttar Pradesh,Saharanpur,Maize,2024-25,2502.6200000000003,2311.17,2680.28,107.8003035920838,12,1.0,4.307497885898929,100.0,Complete
Uttar Pradesh,Sambhal,Maize,2021-22,1696.39,1502.1,1861.61,127.80778312986834,8,0.8,7.534103780962417,66.66666666666666,Moderate
Uttar Pradesh,Sambhal,Maize,2022-23,1862.57,1750.0,2001.55,107.21398159755095,5,0.5555555555555556,,41.66666666666667,Low
Uttar Pradesh,Sambhal,Maize,2023-24,1839.1457142857143,1750.0,2065.59,114.274415167634,7,0.7,6.213450858189113,58.333333333333336,Moderate
Uttar Pradesh,Sambhal,Maize,2024-25,2098.8566666666666,1810.28,2333.14,191.3654199343932,6,0.875,9.11760307283457,50.0,Moderate
Uttar Pradesh,Shahjahanpur,Maize,2023-24,1933.795,1761.11,2106.48,244.21346901839792,2,1.0,,16.666666666666664,Low
Uttar Pradesh,Shahjahanpur,Maize,2024-25,2252.603888888889,1964.72,2402.84,138.14521849257443,9,1.8,6.13269022458784,75.0,Good
Uttar Pradesh,Shamli,Maize,2021-22,1946.1258333333333,1837.67,2320.72,131.31607458608013,12,1.0,6.747563407097955,100.0,Complete
Uttar Pradesh,Shamli,Maize,2022-23,2292.2533333333336,2040.38,2405.77,112.18020886326626,12,1.0,4.893883552571251,100.0,Complete
Uttar Pradesh,Shamli,Maize,2023-24,2206.3083333333334,2062.63,2307.55,89.03678257616441,12,1.0,4.035554832975041,100.0,Complete
Uttar Pradesh,Shamli,Maize,2024-25,2508.4616666666666,2354.62,2701.97,110.58638144277084,12,1.0,4.408533840173128,100.0,Complete
Uttar Pradesh,Shravasti,Maize,2023-24,2072.405,2052.41,2092.4,28.277200179650364,2,1.0,,16.666666666666664,Low
Uttar Pradesh,Shravasti,Maize,2024-25,2266.539166666667,2081.73,2393.6,99.22490976274185,12,1.0,4.377815800495035,100.0,Complete
Uttar Pradesh,Unnao,Maize,2021-22,1712.35875,1509.19,1975.57,153.8804334115673,12,2.0,8.98645995832166,100.0,Complete
Uttar Pradesh,Unnao,Maize,2022-23,2012.8491666666669,1988.275,2047.075,21.32734521190751,12,2.0,1.0595600288930829,100.0,Complete
Uttar Pradesh,Unnao,Maize,2023-24,2085.4379166666668,1991.02,2139.16,52.759990456712735,12,1.6666666666666667,2.5299238128864334,100.0,Complete
Uttar Pradesh,Unnao,Maize,2024-25,2261.015,2110.0,2329.04,70.39892490139832,12,1.0833333333333333,3.1135983132088167,100.0,Complete
Uttar Pradesh,Varanasi,Maize,2021-22,1890.36,1726.96,2103.91,124.79911356037157,12,1.0,6.601870202520767,100.0,Complete
Uttar Pradesh,Varanasi,Maize,2022-23,2262.2358333333336,2043.82,2351.53,87.46342856077648,12,1.0,3.866238314857821,100.0,Complete
Uttar Pradesh,Varanasi,Maize,2023-24,2175.5533333333333,2082.67,2271.29,65.94201989535028,12,1.0,3.031045890027225,100.0,Complete
Uttar Pradesh,Varanasi,Maize,2024-25,2418.238333333333,2283.1,2515.0,84.10176535998914,6,0.5,3.477811272806271,50.0,Moderate
Uttar Pradesh,nan,Rice,2021-22,1940.0,1940.0,1940.0,0.0,4,0.8,,33.33333333333333,Low
Uttar Pradesh,nan,Rice,2022-23,2010.394,1925.0,2037.41,48.25656877565998,5,0.8333333333333334,,41.66666666666667,Low
Uttar Pradesh,nan,Rice,2023-24,2183.0,2183.0,2183.0,0.0,2,0.4,,16.666666666666664,Low
Uttar Pradesh,nan,Rice,2024-25,2300.0,2300.0,2300.0,0.0,2,0.4,,16.666666666666664,Low
Uttar Pradesh,Aligarh,Rice,2021-22,2235.564,2130.78,2346.83,84.09603189211717,5,0.8333333333333334,,41.66666666666667,Low
Uttar Pradesh,Aligarh,Rice,2022-23,2602.35,2471.98,2762.18,114.59833812058528,5,0.8333333333333334,,41.66666666666667,Low
Uttar Pradesh,Aligarh,Rice,2023-24,2540.6675,2207.23,2764.17,193.51522071919828,8,0.8888888888888888,7.616707842297281,66.66666666666666,Moderate
Uttar Pradesh,Aligarh,Rice,2024-25,2187.454444444445,2024.45,2398.4,147.68735568009137,9,1.0,6.75156257791691,75.0,Good
Uttar Pradesh,Ambedkarnagar,Rice,2021-22,1940.0,1940.0,1940.0,0.0,5,0.625,,41.66666666666667,Low
Uttar Pradesh,Ambedkarnagar,Rice,2022-23,2014.58,1912.9,2040.0,56.84084798804459,5,0.8333333333333334,,41.66666666666667,Low
Uttar Pradesh,Ambedkarnagar,Rice,2023-24,2158.78,2083.11,2206.41,47.0974606534152,5,0.8333333333333334,,41.66666666666667,Low
Uttar Pradesh,Ambedkarnagar,Rice,2024-25,2197.856,2104.62,2238.91,53.15780309606476,5,0.8333333333333334,,41.66666666666667,Low
Uttar Pradesh,Amethi,Rice,2021-22,1485.78375,1460.085,1513.52,17.46921266318055,8,1.1666666666666667,1.1757574184790047,66.66666666666666,Moderate
Uttar Pradesh,Amethi,Rice,2022-23,1841.8375,1542.48,2040.0,191.0546458893609,12,1.9166666666666667,10.373045715996168,100.0,Complete
Uttar Pradesh,Amethi,Rice,2023-24,2084.464166666666,1859.16,2196.155,100.31213718899735,12,2.0,4.812370430402251,100.0,Complete
Uttar Pradesh,Amethi,Rice,2024-25,2268.6181818181817,2196.2700000000004,2313.15,35.66308927117276,11,1.25,1.5720181367227963,91.66666666666666,Good
Uttar Pradesh,Amroha,Rice,2021-22,1979.61625,1940.0,2025.83,41.28011251902453,4,1.2,,33.33333333333333,Low
Uttar Pradesh,Amroha,Rice,2022-23,2040.0,2040.0,2040.0,0.0,3,0.6,,25.0,Low
Uttar Pradesh,Amroha,Rice,2023-24,2183.0,2183.0,2183.0,0.0,4,0.8,,33.33333333333333,Low
Uttar Pradesh,Auraiya,Rice,2021-22,1439.3200000000002,1278.64,1600.0,227.2358352021088,2,0.2857142857142857,,16.666666666666664,Low
Uttar Pradesh,Auraiya,Rice,2022-23,2037.857,2029.285,2040.0,4.791893675782115,5,1.6666666666666667,,41.66666666666667,Low
Uttar Pradesh,Auraiya,Rice,2023-24,2116.68,2083.315,2199.5,55.79075714966899,4,1.1666666666666667,,33.33333333333333,Low
Uttar Pradesh,Auraiya,Rice,2024-25,2236.916,2055.545,2302.45,106.54514520849818,5,1.3333333333333333,,41.66666666666667,Low
Uttar Pradesh,Ayodhya,Rice,2021-22,1844.339375,1650.0,1940.0,115.69201523371996,8,1.0833333333333333,6.272815990480058,66.66666666666666,Moderate
Uttar Pradesh,Ayodhya,Rice,2022-23,1917.2291666666667,1716.67,2040.0,118.1351379071161,12,1.3333333333333333,6.161764068742405,100.0,Complete
Uttar Pradesh,Ayodhya,Rice,2023-24,2096.474583333333,1927.45,2217.25,107.60459616447493,12,1.0833333333333333,5.132644918279274,100.0,Complete
Uttar Pradesh,Ayodhya,Rice,2024-25,2243.8166666666666,2045.05,2459.745,109.96337614144193,12,1.5,4.900729091419023,100.0,Complete
Uttar Pradesh,Azamgarh,Rice,2021-22,1936.769,1932.5,1940.0,3.275306092565882,5,1.3333333333333333,,41.66666666666667,Low
Uttar Pradesh,Azamgarh,Rice,2022-23,1988.144,1944.31,2004.7,25.376938201839884,5,1.6666666666666667,,41.66666666666667,Low
Uttar Pradesh,Azamgarh,Rice,2023-24,2148.705,2135.24,2172.81,16.538844175657246,4,1.6,,33.33333333333333,Low
Uttar Pradesh,Azamgarh,Rice,2024-25,2313.2870000000003,2310.435,2318.56,3.177366440938272,5,1.6666666666666667,,41.66666666666667,Low
Uttar Pradesh,Badaun,Rice,2021-22,2147.3185714285714,1915.08,2405.48,159.78392482021587,7,1.75,7.441090807216116,58.333333333333336,Moderate
Uttar Pradesh,Badaun,Rice,2022-23,2608.77125,2259.135,2794.515,212.09690702516812,8,1.6666666666666667,8.130145831113714,66.66666666666666,Moderate
Uttar Pradesh,Badaun,Rice,2023-24,2461.325555555556,2236.89,2657.3100000000004,148.90997975799962,9,1.6,6.0499912098945625,75.0,Good
Uttar Pradesh,Badaun,Rice,2024-25,2167.991111111111,2027.745,2301.425,105.30086929181113,9,1.4545454545454546,4.857071080787027,75.0,Good
Uttar Pradesh,Bahraich,Rice,2021-22,1858.3333333333333,1450.0,1940.0,200.04166232729287,6,1.0,10.764573757522488,50.0,Moderate
Uttar Pradesh,Bahraich,Rice,2022-23,1962.32,1830.0,2079.325,92.0418868980314,9,1.6666666666666667,4.690462661443159,75.0,Good
Uttar Pradesh,Bahraich,Rice,2023-24,2065.325,1820.0,2183.93,109.65304821724442,10,2.363636363636364,5.309239379625213,83.33333333333334,Good
Uttar Pradesh,Bahraich,Rice,2024-25,2159.295,2040.84,2300.0,90.62309340941133,12,2.833333333333333,4.1968833998787245,100.0,Complete
Uttar Pradesh,Ballia,Rice,2021-22,1940.0,1940.0,1940.0,0.0,4,1.3333333333333333,,33.33333333333333,Low
Uttar Pradesh,Ballia,Rice,2022-23,2039.902,2039.51,2040.0,0.2191346617948976,5,1.5,,41.66666666666667,Low
Uttar Pradesh,Ballia,Rice,2023-24,2214.9858333333336,2183.0,2325.0,57.327430120027685,6,1.4285714285714286,2.588162382680146,50.0,Moderate
Uttar Pradesh,Ballia,Rice,2024-25,2408.348571428571,2343.44,2700.0,129.83075077815357,7,0.875,5.390862116821457,58.333333333333336,Moderate
Uttar Pradesh,Balrampur,Rice,2021-22,1715.0216666666663,1469.55,1940.0,221.30524186064824,9,1.6666666666666667,12.903932711869428,75.0,Good
Uttar Pradesh,Balrampur,Rice,2022-23,1819.0566666666664,1473.71,2040.0,224.19905908014923,12,1.8333333333333333,12.325017861647114,100.0,Complete
Uttar Pradesh,Balrampur,Rice,2023-24,2046.0845833333333,1830.18,2413.99,153.86640653883563,12,2.25,7.520041341016684,100.0,Complete
Uttar Pradesh,Balrampur,Rice,2024-25,2185.266666666667,1995.49,2336.085,118.4285926457822,12,2.6666666666666665,5.419411482005958,100.0,Complete
Uttar Pradesh,Banda,Rice,2021-22,1800.0,1100.0,1940.0,342.92856398964494,6,2.142857142857143,19.051586888313608,50.0,Moderate
Uttar Pradesh,Banda,Rice,2022-23,2061.2375,2040.0,2116.52,30.45766042511185,8,1.7777777777777777,1.4776395454241371,66.66666666666666,Moderate
Uttar Pradesh,Banda,Rice,2023-24,2192.115555555556,2000.0,2380.0,112.68862233064073,9,0.75,5.14063330489353,75.0,Good
Uttar Pradesh,Banda,Rice,2024-25,2300.0,2300.0,2300.0,0.0,4,0.4,,33.33333333333333,Low
Uttar Pradesh,Bara Banki,Rice,2021-22,1940.035,1940.0,1940.14,0.0700000000000689,4,0.5714285714285714,,33.33333333333333,Low
Uttar Pradesh,Bara Banki,Rice,2022-23,2040.0,2040.0,2040.0,0.0,4,0.8,,33.33333333333333,Low
Uttar Pradesh,Bara Banki,Rice,2023-24,2141.386,2046.34,2189.84,59.99939316359787,5,0.8333333333333334,,41.66666666666667,Low
Uttar Pradesh,Bara Banki,Rice,2024-25,2232.2325,2121.01,2311.8,83.79373738532021,4,0.8,,33.33333333333333,Low
Uttar Pradesh,Barabanki,Rice,2021-22,1958.36,1940.0,2022.63,36.14677648145136,5,0.625,,41.66666666666667,Low
Uttar Pradesh,Barabanki,Rice,2022-23,2040.0,2040.0,2040.0,0.0,4,0.8,,33.33333333333333,Low
Uttar Pradesh,Barabanki,Rice,2023-24,2141.65,2048.95,2186.14,44.533062156110525,9,1.0,2.079380951888055,75.0,Good
Uttar Pradesh,Barabanki,Rice,2024-25,2172.186666666667,1875.14,2322.35,116.36288164291228,12,1.0,5.356946685501811,100.0,Complete
Uttar Pradesh,Bareilly,Rice,2021-22,1912.857142857143,1750.0,1940.0,71.81324987175317,7,1.4444444444444444,3.754240097851174,58.333333333333336,Moderate
Uttar Pradesh,Bareilly,Rice,2022-23,2060.6985,1994.25,2212.21,63.59232422453029,10,1.3636363636363635,3.085959650309363,83.33333333333334,Good
Uttar Pradesh,Bareilly,Rice,2023-24,2262.8145833333333,2183.0,2468.42,105.56067254639368,12,2.6666666666666665,4.66501645003954,100.0,Complete
Uttar Pradesh,Bareilly,Rice,2024-25,2298.1066666666666,2237.46,2324.68,35.61771631016668,12,2.9166666666666665,1.5498721981355672,100.0,Complete
Uttar Pradesh,Basti,Rice,2021-22,1699.3691666666666,1495.93,1940.0,183.880093166386,12,1.0,10.82049131955648,100.0,Complete
Uttar Pradesh,Basti,Rice,2022-23,1836.7,1532.96,2040.0,195.495350886362,12,1.0,10.643836820730767,100.0,Complete
Uttar Pradesh,Basti,Rice,2023-24,2117.5725,1895.25,2210.44,115.8354537597502,12,1.0,5.470200135284635,100.0,Complete
Uttar Pradesh,Basti,Rice,2024-25,2285.0958333333333,2221.83,2305.16,26.589935026189263,12,1.0,1.1636245026713727,100.0,Complete
Uttar Pradesh,Bhadohi,Rice,2021-22,1940.0,1940.0,1940.0,0.0,3,0.75,,25.0,Low
Uttar Pradesh,Bhadohi,Rice,2022-23,2040.0,2040.0,2040.0,0.0,5,0.8333333333333334,,41.66666666666667,Low
Uttar Pradesh,Bhadohi,Rice,2023-24,2174.3775,2166.84,2182.67,6.658545261541462,4,0.6666666666666666,,33.33333333333333,Low
Uttar Pradesh,Bhadohi,Rice,2024-25,2302.108,2300.0,2310.54,4.713631296569489,5,0.8333333333333334,,41.66666666666667,Low
Uttar Pradesh,Bijnor,Rice,2021-22,1940.0,1940.0,1940.0,0.0,4,0.8,,33.33333333333333,Low
Uttar Pradesh,Bijnor,Rice,2023-24,2183.0,2183.0,2183.0,0.0,4,0.8,,33.33333333333333,Low
Uttar Pradesh,Bijnor,Rice,2024-25,2300.0,2300.0,2300.0,0.0,4,0.8,,33.33333333333333,Low
Uttar Pradesh,Budaun,Rice,2021-22,2111.3433333333337,1991.42,2215.05,87.93781050644046,6,3.142857142857143,4.16501708263651,50.0,Moderate
Uttar Pradesh,Budaun,Rice,2022-23,2516.387857142857,2291.74,2800.0,202.82522451314964,7,2.375,8.060173392484906,58.333333333333336,Moderate
Uttar Pradesh,Budaun,Rice,2023-24,2452.6225,2304.75,2572.4,102.85248925443346,10,2.2,4.193571952244321,83.33333333333334,Good
Uttar Pradesh,Budaun,Rice,2024-25,2241.697083333333,2084.795,2335.82,87.52151832700993,12,2.083333333333333,3.904252674356349,100.0,Complete
Uttar Pradesh,Bulandshahar,Rice,2022-23,2850.0,2850.0,2850.0,,1,1.0,,8.333333333333332,Low
Uttar Pradesh,Bulandshahar,Rice,2023-24,3600.0,3200.0,4000.0,565.685424949238,2,0.3333333333333333,,16.666666666666664,Low
Uttar Pradesh,Bulandshahar,Rice,2024-25,2453.3,2365.6,2541.0,124.02652942012034,2,0.4,,16.666666666666664,Low
Uttar Pradesh,Chandauli,Rice,2021-22,1938.61625,1929.25,1941.72,3.916346466141252,8,1.0,0.2020176229380751,66.66666666666666,Moderate
Uttar Pradesh,Chandauli,Rice,2022-23,2062.9875,2040.0,2149.13,38.673971590353005,8,0.8888888888888888,1.874658551753368,66.66666666666666,Moderate
Uttar Pradesh,Chandauli,Rice,2023-24,2180.5666666666666,2175.7,2183.0,4.214656965084373,3,0.3333333333333333,,25.0,Low
Uttar Pradesh,Chandauli,Rice,2024-25,2300.0,2300.0,2300.0,0.0,4,0.8,,33.33333333333333,Low
Uttar Pradesh,Chitrakoot,Rice,2021-22,1940.0,1940.0,1940.0,,1,0.25,,8.333333333333332,Low
Uttar Pradesh,Chitrakoot,Rice,2022-23,2040.0,2040.0,2040.0,0.0,2,0.6666666666666666,,16.666666666666664,Low
Uttar Pradesh,Chitrakoot,Rice,2023-24,2183.0,2183.0,2183.0,,1,0.3333333333333333,,8.333333333333332,Low
Uttar Pradesh,Deoria,Rice,2021-22,1762.01125,1489.58,1940.0,214.7023786838422,8,1.0833333333333333,12.185074226049476,66.66666666666666,Moderate
Uttar Pradesh,Deoria,Rice,2022-23,1832.6366666666663,1514.12,2040.255,199.84713813236596,12,1.6666666666666667,10.904896849841082,100.0,Complete
Uttar Pradesh,Deoria,Rice,2023-24,2093.1766666666667,1901.21,2183.0,105.82535452624796,12,1.0833333333333333,5.055729705547133,100.0,Complete
Uttar Pradesh,Deoria,Rice,2024-25,2236.1275,2007.78,2300.0,88.16552079366508,12,1.0,3.942777001475322,100.0,Complete
Uttar Pradesh,Etah,Rice,2023-24,2183.0,2183.0,2183.0,,1,0.5,,8.333333333333332,Low
Uttar Pradesh,Etah,Rice,2024-25,2770.0,2770.0,2770.0,,1,0.3333333333333333,,8.333333333333332,Low
Uttar Pradesh,Etawah,Rice,2021-22,1716.985,1493.97,1940.0,315.3908376126357,2,0.2857142857142857,,16.666666666666664,Low
Uttar Pradesh,Etawah,Rice,2022-23,2017.804,1930.935,2042.42,48.69348973425507,5,1.0,,41.66666666666667,Low
Uttar Pradesh,Etawah,Rice,2023-24,2374.396666666667,1999.23,2992.56,539.4086180562314,3,0.5,,25.0,Low
Uttar Pradesh,Etawah,Rice,2024-25,2355.9025,2350.0,2361.97,5.168973947184086,4,0.6666666666666666,,33.33333333333333,Low
Uttar Pradesh,Farrukhabad,Rice,2021-22,2112.014,2036.51,2209.77,65.13047312894336,5,1.0,,41.66666666666667,Low
Uttar Pradesh,Farrukhabad,Rice,2022-23,2116.873,2040.0,2206.935,75.5154588147354,5,1.2857142857142858,,41.66666666666667,Low
Uttar Pradesh,Farrukhabad,Rice,2023-24,2020.4666666666665,1946.52,2183.45,84.43044940462319,6,2.4285714285714284,4.178759827991382,50.0,Moderate
Uttar Pradesh,Farrukhabad,Rice,2024-25,2303.3725,2097.5,2454.92,109.97338895647178,8,2.625,4.774450895652865,66.66666666666666,Moderate
Uttar Pradesh,Fatehpur,Rice,2021-22,1931.873,1697.26,2185.64,144.1702066077916,10,2.8,7.462716576492948,83.33333333333334,Good
Uttar Pradesh,Fatehpur,Rice,2022-23,2203.887083333333,1830.0,2421.47,159.65062392695205,12,2.1666666666666665,7.244047353164927,100.0,Complete
Uttar Pradesh,Fatehpur,Rice,2023-24,2232.6454166666667,2149.88,2294.025,39.68056952133978,12,3.0,1.777289363780065,100.0,Complete
Uttar Pradesh,Fatehpur,Rice,2024-25,2162.0091666666667,1951.94,2273.705,85.15187578228917,12,2.583333333333333,3.938552948578579,100.0,Complete
Uttar Pradesh,Firozabad,Rice,2022-23,2384.991666666667,2040.0,3404.57,533.2634781106491,6,1.125,22.35913381013836,50.0,Moderate
Uttar Pradesh,Gautam Buddha Nagar,Rice,2021-22,1982.245,1940.0,2090.79,67.19072309478446,6,1.4285714285714286,3.389627573523176,50.0,Moderate
Uttar Pradesh,Gautam Buddha Nagar,Rice,2022-23,2040.044,2040.0,2040.22,0.0983869910099838,5,0.8571428571428571,,41.66666666666667,Low
Uttar Pradesh,Gautam Buddha Nagar,Rice,2023-24,2268.81,2150.0,2721.61,206.82358440629224,7,0.875,9.115949965236942,58.333333333333336,Moderate
Uttar Pradesh,Gautam Buddha Nagar,Rice,2024-25,2577.905714285714,2250.0,3125.78,341.6095187909311,7,0.5833333333333334,13.251435725436693,58.333333333333336,Moderate
Uttar Pradesh,Ghazipur,Rice,2021-22,1940.0,1940.0,1940.0,,1,1.0,,8.333333333333332,Low
Uttar Pradesh,Ghazipur,Rice,2022-23,2050.51,2050.0,2051.53,0.8833459118601773,3,0.75,,25.0,Low
Uttar Pradesh,Ghazipur,Rice,2024-25,2350.0,2350.0,2350.0,,1,1.0,,8.333333333333332,Low
Uttar Pradesh,Gonda,Rice,2021-22,1692.840416666667,1462.9,1940.0,204.89983835188545,12,1.3333333333333333,12.103907511574484,100.0,Complete
Uttar Pradesh,Gonda,Rice,2022-23,1860.3858333333333,1504.84,2044.39,209.03520410157685,12,1.6666666666666667,11.236121043076288,100.0,Complete
Uttar Pradesh,Gonda,Rice,2023-24,2067.69375,1824.215,2208.72,117.65474386999296,12,2.6666666666666665,5.690143613868977,100.0,Complete
Uttar Pradesh,Gonda,Rice,2024-25,2194.1670833333333,2061.61,2300.0,102.08862763791292,12,2.9166666666666665,4.652728063116415,100.0,Complete
Uttar Pradesh,Gorakhpur,Rice,2021-22,1624.2970833333331,1350.05,1940.0,244.66743919468183,12,2.75,15.06297349820901,100.0,Complete
Uttar Pradesh,Gorakhpur,Rice,2022-23,1837.659583333333,1549.41,2040.0,194.37852643346935,12,3.75,10.577504571379096,100.0,Complete
Uttar Pradesh,Gorakhpur,Rice,2023-24,2112.99875,1953.25,2185.0,102.08728186581337,12,2.25,4.831393386570312,100.0,Complete
Uttar Pradesh,Gorakhpur,Rice,2024-25,2273.8058333333333,2194.89,2368.235,44.44268892902868,12,2.6666666666666665,1.954550748243837,100.0,Complete
Uttar Pradesh,Hamirpur,Rice,2021-22,1733.07,1402.7,1940.0,253.81803843173424,7,1.0,14.645573371631512,58.333333333333336,Moderate
Uttar Pradesh,Hamirpur,Rice,2022-23,2008.956875,1850.0,2294.41,140.71360643259692,8,1.625,7.004311948338708,66.66666666666666,Moderate
Uttar Pradesh,Hamirpur,Rice,2023-24,2216.8254166666666,1900.0,2800.0,315.71471298870097,12,1.1666666666666667,14.241749062198409,100.0,Complete
Uttar Pradesh,Hamirpur,Rice,2024-25,2449.2905,1900.0,2671.3,238.81838681365767,10,0.9166666666666666,9.750512926647849,83.33333333333334,Good
Uttar Pradesh,Hardoi,Rice,2021-22,1688.1854166666665,1418.23,1940.0,212.23138697120123,12,2.583333333333333,12.571568553782056,100.0,Complete
Uttar Pradesh,Hardoi,Rice,2022-23,1914.4983333333328,1774.915,2050.3050000000003,105.39928694198454,12,4.5,5.505321425820927,100.0,Complete
Uttar Pradesh,Hardoi,Rice,2023-24,2133.3833333333337,2036.75,2213.78,59.958009296405685,12,4.916666666666667,2.8104658154764657,100.0,Complete
Uttar Pradesh,Hardoi,Rice,2024-25,2242.14,2130.69,2302.3,59.56441707780061,12,5.0,2.656587772297921,100.0,Complete
Uttar Pradesh,Hathras,Rice,2021-22,2327.31,2315.77,2338.85,16.320024509785465,2,0.6666666666666666,,16.666666666666664,Low
Uttar Pradesh,Hathras,Rice,2022-23,2040.0,2040.0,2040.0,,1,0.3333333333333333,,8.333333333333332,Low
Uttar Pradesh,Hathras,Rice,2023-24,2558.27375,2135.76,2816.23,236.6931434783077,8,0.8888888888888888,9.25206473616468,66.66666666666666,Moderate
Uttar Pradesh,Hathras,Rice,2024-25,2357.02,2357.02,2357.02,,1,0.125,,8.333333333333332,Low
Uttar Pradesh,Jalaun,Rice,2024-25,2410.0,2410.0,2410.0,,1,0.5,,8.333333333333332,Low
Uttar Pradesh,Jaunpur,Rice,2021-22,1882.3572222222224,1570.0,1995.71,144.97091766780136,9,2.636363636363636,7.701562485395601,75.0,Good
Uttar Pradesh,Jaunpur,Rice,2022-23,1962.6858333333328,1698.2,2264.23,152.2955429096713,12,2.9166666666666665,7.759547673048606,100.0,Complete
Uttar Pradesh,Jaunpur,Rice,2023-24,2196.508181818182,2040.0,2487.09,120.01354230404031,11,3.0,5.463833155617835,91.66666666666666,Good
Uttar Pradesh,Jaunpur,Rice,2024-25,2299.35125,2227.33,2500.0,70.56412474174238,12,3.1666666666666665,3.068871045332564,100.0,Complete
Uttar Pradesh,Jhansi,Rice,2021-22,1940.0,1940.0,1940.0,0.0,3,1.5,,25.0,Low
Uttar Pradesh,Jhansi,Rice,2022-23,2040.0,2040.0,2040.0,,1,0.25,,8.333333333333332,Low
Uttar Pradesh,Jhansi,Rice,2023-24,2667.25,2183.0,4120.0,968.5,4,0.6666666666666666,,33.33333333333333,Low
Uttar Pradesh,Jhansi,Rice,2024-25,2339.13,2339.13,2339.13,,1,0.25,,8.333333333333332,Low
Uttar Pradesh,Kannauj,Rice,2021-22,1940.0,1940.0,1940.0,0.0,3,0.6,,25.0,Low
Uttar Pradesh,Kannauj,Rice,2022-23,2029.072,1985.36,2040.0,24.43575085811772,5,0.8333333333333334,,41.66666666666667,Low
Uttar Pradesh,Kannauj,Rice,2023-24,2095.676,2011.19,2183.24,78.49817373671821,5,0.8333333333333334,,41.66666666666667,Low
Uttar Pradesh,Kannauj,Rice,2024-25,2296.9533333333334,2279.865,2301.24,8.386190831758402,6,1.7142857142857142,0.3651006187221218,50.0,Moderate
Uttar Pradesh,Kanpur Dehat,Rice,2021-22,1829.0016666666668,1498.39,1940.0,185.17127017079792,6,1.4,10.12417175694926,50.0,Moderate
Uttar Pradesh,Kanpur Dehat,Rice,2022-23,2057.670625,2040.0,2090.0,17.73745319887106,8,1.6666666666666667,0.8620161547415326,66.66666666666666,Moderate
Uttar Pradesh,Kanpur Dehat,Rice,2023-24,2191.8975,2137.84,2240.205,29.10509398427248,10,2.2,1.3278492258088015,83.33333333333334,Good
Uttar Pradesh,Kanpur Dehat,Rice,2024-25,2316.137222222222,2252.94,2400.0,39.50039929474688,9,0.9166666666666666,1.7054429640765478,75.0,Good
Uttar Pradesh,Kaushambi,Rice,2021-22,1940.0,1940.0,1940.0,0.0,4,0.6666666666666666,,33.33333333333333,Low
Uttar Pradesh,Kaushambi,Rice,2022-23,2040.0,2040.0,2040.0,0.0,4,0.8,,33.33333333333333,Low
Uttar Pradesh,Kaushambi,Rice,2024-25,2297.06,2288.24,2300.0,5.880000000000109,4,1.0,,33.33333333333333,Low
Uttar Pradesh,Kheri,Rice,2021-22,1633.9325,1431.52,1784.91,138.27403585943807,8,0.8,8.462652885565229,66.66666666666666,Moderate
Uttar Pradesh,Kheri,Rice,2022-23,1935.4525,1789.74,2065.02,86.34350037390303,12,1.0,4.461153160509133,100.0,Complete
Uttar Pradesh,Kheri,Rice,2023-24,2103.268333333333,1986.31,2212.98,72.29795468417552,12,1.0,3.437409936638716,100.0,Complete
Uttar Pradesh,Kheri,Rice,2024-25,2100.6525,1889.85,2286.37,121.27911992402264,12,1.0,5.773402308283861,100.0,Complete
Uttar Pradesh,Kushinagar,Rice,2021-22,1697.0,1480.0,1940.0,225.9314055194629,5,0.7142857142857143,,41.66666666666667,Low
Uttar Pradesh,Kushinagar,Rice,2022-23,1825.4545454545453,1520.0,2040.0,183.8267464959132,11,0.9166666666666666,10.07019029609086,91.66666666666666,Good
Uttar Pradesh,Kushinagar,Rice,2023-24,2090.724,1870.0,2183.0,137.7249464694033,5,0.4545454545454545,,41.66666666666667,Low
Uttar Pradesh,Kushinagar,Rice,2024-25,2324.715,2320.76,2329.29,3.5342561687950997,4,0.4,,33.33333333333333,Low
Uttar Pradesh,Lakhimpur Kheri,Rice,2021-22,1688.7029166666669,1426.09,1940.0,191.15592039506217,12,1.0833333333333333,11.31968912402811,100.0,Complete
Uttar Pradesh,Lakhimpur Kheri,Rice,2022-23,1948.2833333333333,1764.85,2040.0,158.8579265675256,3,0.25,,25.0,Low
Uttar Pradesh,Lakhimpur Kheri,Rice,2023-24,2152.6215,2040.0,2210.0,68.30567180167208,10,1.0,3.173138975043781,83.33333333333334,Good
Uttar Pradesh,Lakhimpur Kheri,Rice,2024-25,2290.003333333333,2190.16,2425.0,69.13868128623814,9,0.75,3.019151993355387,75.0,Good
Uttar Pradesh,Lalitpur,Rice,2021-22,1664.0786363636362,1434.465,1940.0,190.91088747228264,11,1.6666666666666667,11.47246790509031,91.66666666666666,Good
Uttar Pradesh,Lalitpur,Rice,2022-23,1932.83125,1793.69,2082.91,84.41305107314433,12,2.0,4.367326484044809,100.0,Complete
Uttar Pradesh,Lalitpur,Rice,2023-24,2100.0804166666667,1989.44,2201.36,72.14189595570203,12,2.0,3.435196832615038,100.0,Complete
Uttar Pradesh,Lalitpur,Rice,2024-25,2123.2445833333336,1965.725,2237.735,77.63770547339902,12,2.0,3.656559686190919,100.0,Complete
Uttar Pradesh,Lucknow,Rice,2021-22,1940.0,1940.0,1940.0,0.0,5,0.625,,41.66666666666667,Low
Uttar Pradesh,Lucknow,Rice,2022-23,2040.0,2040.0,2040.0,0.0,4,0.8,,33.33333333333333,Low
Uttar Pradesh,Lucknow,Rice,2023-24,2371.2122222222224,2184.58,2741.58,193.28623599649947,9,1.5555555555555556,8.151368071785575,75.0,Good
Uttar Pradesh,Lucknow,Rice,2024-25,2445.45625,2285.675,2728.06,156.5421826120096,12,1.6666666666666667,6.401348730406019,100.0,Complete
Uttar Pradesh,Maharajganj,Rice,2021-22,1844.9742857142855,1768.98,1932.49,65.83812791160425,7,0.8181818181818182,3.5685119527893514,58.333333333333336,Moderate
Uttar Pradesh,Maharajganj,Rice,2022-23,2026.88,1895.07,2223.71,103.50661925003364,8,1.0,5.106696955420826,66.66666666666666,Moderate
Uttar Pradesh,Maharajganj,Rice,2023-24,2233.3966666666665,2100.0,2445.56,138.6443604290775,12,1.0,6.207780395589267,100.0,Complete
Uttar Pradesh,Maharajganj,Rice,2024-25,2270.098181818182,2141.82,2522.22,104.98925400422478,11,0.9166666666666666,4.624877234170378,91.66666666666666,Good
Uttar Pradesh,Mahoba,Rice,2021-22,1940.0,1940.0,1940.0,0.0,5,0.8333333333333334,,41.66666666666667,Low
Uttar Pradesh,Mahoba,Rice,2022-23,2040.0,2040.0,2040.0,0.0,4,0.8,,33.33333333333333,Low
Uttar Pradesh,Mahoba,Rice,2023-24,2040.0,2040.0,2040.0,,1,0.1666666666666666,,8.333333333333332,Low
Uttar Pradesh,Mahrajganj,Rice,2021-22,1748.25875,1494.64,1940.0,210.7269644714628,8,1.1666666666666667,12.05353409336363,66.66666666666666,Moderate
Uttar Pradesh,Mahrajganj,Rice,2022-23,1826.3691666666664,1515.0549999999998,2040.0,203.71127914095104,12,1.5833333333333333,11.153893903758105,100.0,Complete
Uttar Pradesh,Mahrajganj,Rice,2023-24,2097.8879166666666,1905.175,2183.255,109.17756898862132,12,1.6666666666666667,5.204165967173953,100.0,Complete
Uttar Pradesh,Mahrajganj,Rice,2024-25,2229.65375,2026.95,2316.55,99.13011708963396,12,1.5,4.445987054700038,100.0,Complete
Uttar Pradesh,Mainpuri,Rice,2022-23,2054.43,2040.0,2111.04,31.647093073456208,5,0.8333333333333334,,41.66666666666667,Low
Uttar Pradesh,Mainpuri,Rice,2023-24,2152.335,2133.55,2171.12,26.566001769178385,2,0.4,,16.666666666666664,Low
Uttar Pradesh,Mathura,Rice,2021-22,1940.0,1940.0,1940.0,0.0,2,0.6666666666666666,,16.666666666666664,Low
Uttar Pradesh,Mathura,Rice,2022-23,2040.0,2040.0,2040.0,0.0,2,0.6666666666666666,,16.666666666666664,Low
Uttar Pradesh,Mathura,Rice,2023-24,2205.2000000000003,2182.6,2250.0,38.798453577429946,3,0.6,,25.0,Low
Uttar Pradesh,Mathura,Rice,2024-25,2300.0,2300.0,2300.0,,1,0.3333333333333333,,8.333333333333332,Low
Uttar Pradesh,Meerut,Rice,2021-22,1940.0,1940.0,1940.0,,1,0.5,,8.333333333333332,Low
Uttar Pradesh,Mirzapur,Rice,2021-22,1940.0,1940.0,1940.0,0.0,4,1.6,,33.33333333333333,Low
Uttar Pradesh,Mirzapur,Rice,2022-23,2040.0,2040.0,2040.0,0.0,5,1.2857142857142858,,41.66666666666667,Low
Uttar Pradesh,Mirzapur,Rice,2023-24,2185.965,2182.7200000000003,2198.105,6.787549263172985,5,1.5,,41.66666666666667,Low
Uttar Pradesh,Mirzapur,Rice,2024-25,2345.299375,2297.525,2400.0,40.64804708342616,8,1.5,1.7331709340273949,66.66666666666666,Moderate
Uttar Pradesh,Muzaffarnagar,Rice,2021-22,1940.0,1940.0,1940.0,0.0,2,0.6666666666666666,,16.666666666666664,Low
Uttar Pradesh,Pilibhit,Rice,2021-22,1838.9466666666667,1478.125,2397.075,292.07480459849666,9,2.090909090909091,15.882722968139188,75.0,Good
Uttar Pradesh,Pilibhit,Rice,2022-23,1838.8414285714284,1530.0,2040.0,225.52989901035085,7,1.5,12.264782351872617,58.333333333333336,Moderate
Uttar Pradesh,Pilibhit,Rice,2023-24,2132.345714285714,2012.115,2183.0,80.60151530981341,7,1.5555555555555556,3.779945942621833,58.333333333333336,Moderate
Uttar Pradesh,Pilibhit,Rice,2024-25,2245.98,2053.1,2303.38,96.3359208187684,6,2.0,4.289259958626897,50.0,Moderate
Uttar Pradesh,Pratapgarh,Rice,2021-22,1940.0,1940.0,1940.0,0.0,5,0.5,,41.66666666666667,Low
Uttar Pradesh,Pratapgarh,Rice,2022-23,2040.0,2040.0,2040.0,0.0,4,0.8,,33.33333333333333,Low
Uttar Pradesh,Pratapgarh,Rice,2023-24,2187.1383333333333,2183.0,2203.03,8.018554524767419,6,0.8571428571428571,0.3666231075812497,50.0,Moderate
Uttar Pradesh,Pratapgarh,Rice,2024-25,2262.0675,2154.27,2300.0,71.92063838009209,4,0.6666666666666666,,33.33333333333333,Low
Uttar Pradesh,Prayagraj,Rice,2021-22,1940.0,1940.0,1940.0,0.0,4,1.6,,33.33333333333333,Low
Uttar Pradesh,Prayagraj,Rice,2022-23,2041.695,2040.0,2045.0,2.3577036850857223,4,1.4,,33.33333333333333,Low
Uttar Pradesh,Prayagraj,Rice,2024-25,2275.0995,2182.395,2325.0,48.6713519120278,10,1.6,2.1393065187710607,83.33333333333334,Good
Uttar Pradesh,Rae Bareli,Rice,2021-22,1805.97375,1562.995,1940.0,136.78857209253127,12,3.75,7.574228146590241,100.0,Complete
Uttar Pradesh,Rae Bareli,Rice,2022-23,2094.48,1913.74,2209.91,88.08063072600541,12,5.0,4.205369863928297,100.0,Complete
Uttar Pradesh,Rae Bareli,Rice,2023-24,2199.9466666666667,2075.94,2342.47,80.79958003191201,12,5.0,3.6727972207771113,100.0,Complete
Uttar Pradesh,Rae Bareli,Rice,2024-25,2333.084166666667,2300.125,2408.5550000000003,40.31427329198184,12,4.333333333333333,1.7279390888662112,100.0,Complete
Uttar Pradesh,Rampur,Rice,2021-22,2113.7258333333334,2024.565,2234.84,88.06931039906394,6,1.4285714285714286,4.166543693142036,50.0,Moderate
Uttar Pradesh,Rampur,Rice,2022-23,2027.1125,1988.45,2040.0,25.77499999999996,4,0.5714285714285714,,33.33333333333333,Low
Uttar Pradesh,Rampur,Rice,2023-24,2112.068333333333,1876.84,2360.065,210.96825402573407,6,1.125,9.988703996748878,50.0,Moderate
Uttar Pradesh,Rampur,Rice,2024-25,2191.04,1747.55,2489.1000000000004,285.0902856114182,8,1.2,13.011642216089994,66.66666666666666,Moderate
Uttar Pradesh,Saharanpur,Rice,2021-22,1996.46,1940.0,2071.16,65.15861876989104,5,0.8333333333333334,,41.66666666666667,Low
Uttar Pradesh,Saharanpur,Rice,2022-23,2181.113333333333,2040.0,2330.79,154.68454449836517,6,0.8571428571428571,7.091999399314348,50.0,Moderate
Uttar Pradesh,Saharanpur,Rice,2023-24,2386.4700000000003,2200.0,2459.94,105.89940344496765,5,0.7142857142857143,,41.66666666666667,Low
Uttar Pradesh,Saharanpur,Rice,2024-25,2293.0133333333333,2229.62,2325.0,54.901003026660106,3,0.6,,25.0,Low
Uttar Pradesh,Sambhal,Rice,2021-22,1996.366,1940.0,2220.0,125.01771786430916,5,2.1666666666666665,,41.66666666666667,Low
Uttar Pradesh,Sambhal,Rice,2022-23,2351.545,2160.005,2790.0,260.2501241834479,5,1.3333333333333333,,41.66666666666667,Low
Uttar Pradesh,Sambhal,Rice,2023-24,2281.28,2183.0,2359.795,73.32772747512819,4,1.6,,33.33333333333333,Low
Uttar Pradesh,Sambhal,Rice,2024-25,2326.964,2272.78,2360.51,32.88644656237597,5,1.6666666666666667,,41.66666666666667,Low
Uttar Pradesh,Shahjahanpur,Rice,2021-22,1613.278,1384.96,1940.0,228.5603044080732,10,2.3,14.16744692533297,83.33333333333334,Good
Uttar Pradesh,Shahjahanpur,Rice,2022-23,1838.36,1510.0,2040.0,247.51746174091764,7,1.3333333333333333,13.464036518468506,58.333333333333336,Moderate
Uttar Pradesh,Shahjahanpur,Rice,2023-24,2162.999375,2070.82,2265.49,64.5332353153616,8,2.2,2.983506886836784,66.66666666666666,Moderate
Uttar Pradesh,Shahjahanpur,Rice,2024-25,2080.7045,1771.5,2261.35,169.16562749188216,10,1.8333333333333333,8.130209142714987,83.33333333333334,Good
Uttar Pradesh,Shamli,Rice,2021-22,1940.0,1940.0,1940.0,,1,0.5,,8.333333333333332,Low
Uttar Pradesh,Shravasti,Rice,2023-24,2140.37,2124.62,2156.12,22.27386360737625,2,1.0,,16.666666666666664,Low
Uttar Pradesh,Shravasti,Rice,2024-25,2141.65,1996.46,2300.0,117.84407980655872,12,1.0,5.502490127077659,100.0,Complete
Uttar Pradesh,Siddharthnagar,Rice,2021-22,1739.8004166666667,1490.025,1940.0,172.82122029398343,12,2.25,9.933393430557771,100.0,Complete
Uttar Pradesh,Siddharthnagar,Rice,2022-23,1841.175,1530.0,2040.0,189.8792684600114,12,2.9166666666666665,10.31293975097486,100.0,Complete
Uttar Pradesh,Siddharthnagar,Rice,2023-24,2120.56375,1922.41,2218.71,111.23596134354544,12,2.833333333333333,5.245584403842867,100.0,Complete
Uttar Pradesh,Siddharthnagar,Rice,2024-25,2287.74125,2222.725,2323.1800000000003,28.44034579167412,12,2.25,1.243162695592175,100.0,Complete
Uttar Pradesh,Sitapur,Rice,2021-22,1600.119090909091,1339.57,1940.0,240.96896797947,11,0.9166666666666666,15.059439597246854,91.66666666666666,Good
Uttar Pradesh,Sitapur,Rice,2022-23,1817.1054166666663,1553.045,2040.0,190.7943486210209,12,2.333333333333333,10.499905336863602,100.0,Complete
Uttar Pradesh,Sitapur,Rice,2023-24,2100.210833333333,1986.665,2165.98,60.8026015006137,12,2.75,2.89507132024985,100.0,Complete
Uttar Pradesh,Sitapur,Rice,2024-25,2148.9079166666666,2068.0,2235.71,53.73450197111087,12,2.333333333333333,2.500549304805136,100.0,Complete
Uttar Pradesh,Sonbhadra,Rice,2023-24,2181.5950000000003,2177.55,2183.0,2.6978571743762005,4,0.8,,33.33333333333333,Low
Uttar Pradesh,Sonbhadra,Rice,2024-25,2287.905,2275.81,2300.0,17.104913036902463,2,0.5,,16.666666666666664,Low
Uttar Pradesh,Unnao,Rice,2021-22,1835.4811111111112,1436.09,1940.0,164.44331557138804,9,1.5,8.959139626985431,75.0,Good
Uttar Pradesh,Unnao,Rice,2022-23,1929.64875,1760.84,2049.9,114.54739694127808,12,1.3333333333333333,5.936178640868089,100.0,Complete
Uttar Pradesh,Unnao,Rice,2023-24,2166.28,2008.62,2257.13,78.5278091159143,12,1.4166666666666667,3.6250073451222495,100.0,Complete
Uttar Pradesh,Unnao,Rice,2024-25,2255.935833333333,2205.655,2307.96,33.18063351040051,12,2.0,1.4708145958820715,100.0,Complete
Uttar Pradesh,Varanasi,Rice,2021-22,1940.0,1940.0,1940.0,0.0,2,0.6666666666666666,,16.666666666666664,Low
Uttar Pradesh,Varanasi,Rice,2023-24,2183.12,2183.0,2183.24,0.169705627484617,2,0.6666666666666666,,16.666666666666664,Low
Uttar Pradesh,Agra,Wheat,2021-22,1958.9104166666664,1714.205,2145.7,142.1050131298288,12,6.166666666666667,7.254288502464467,100.0,Complete
Uttar Pradesh,Agra,Wheat,2022-23,2369.090833333333,2094.655,2780.6,227.4524678899801,12,6.333333333333333,9.60083356407033,100.0,Complete
Uttar Pradesh,Agra,Wheat,2023-24,2418.009583333333,2258.75,2551.54,112.85427044037276,12,5.416666666666667,4.667238344225177,100.0,Complete
Uttar Pradesh,Agra,Wheat,2024-25,2670.1158333333333,2450.49,2936.94,193.3994575746051,12,5.666666666666667,7.243111147472882,100.0,Complete
Uttar Pradesh,Aligarh,Wheat,2021-22,1954.4979166666665,1669.53,2095.345,133.43959459856282,12,3.6666666666666665,6.827308101005284,100.0,Complete
Uttar Pradesh,Aligarh,Wheat,2022-23,2368.18625,2111.24,2774.06,218.703180944205,12,3.583333333333333,9.235049859114966,100.0,Complete
Uttar Pradesh,Aligarh,Wheat,2023-24,2382.712916666667,2253.625,2528.09,101.92797767983778,12,3.75,4.277811941458374,100.0,Complete
Uttar Pradesh,Aligarh,Wheat,2024-25,2600.8754166666663,2408.215,2843.61,168.81299051234083,12,4.0,6.490621943310723,100.0,Complete
Uttar Pradesh,Ambedkarnagar,Wheat,2021-22,1897.2666666666669,1603.08,2025.06,135.55516966992607,12,1.0,7.144761042372856,100.0,Complete
Uttar Pradesh,Ambedkarnagar,Wheat,2022-23,2372.0641666666666,2083.64,2787.13,201.75607664424567,12,1.0,8.505506700847919,100.0,Complete
Uttar Pradesh,Ambedkarnagar,Wheat,2023-24,2418.7883333333334,2287.15,2626.43,122.2548857423653,12,1.0,5.054385456452313,100.0,Complete
Uttar Pradesh,Ambedkarnagar,Wheat,2024-25,2590.6025,2377.32,2812.68,171.00140281854146,12,1.0,6.600835242710584,100.0,Complete
Uttar Pradesh,Amethi,Wheat,2021-22,1882.6183333333336,1581.56,2030.865,142.5042221277757,12,2.0,7.569469584175356,100.0,Complete
Uttar Pradesh,Amethi,Wheat,2022-23,2332.93875,2048.3,2757.205,187.9065857514047,12,2.0,8.054501463075475,100.0,Complete
Uttar Pradesh,Amethi,Wheat,2023-24,2405.055,2272.335,2560.93,106.8024468778264,12,2.0,4.440748626448309,100.0,Complete
Uttar Pradesh,Amethi,Wheat,2024-25,2625.18,2437.81,2816.84,154.59650469411113,12,1.8333333333333333,5.888986838773385,100.0,Complete
Uttar Pradesh,Amroha,Wheat,2021-22,1953.29125,1830.535,2041.245,75.35934517439523,12,2.0,3.858070074004336,100.0,Complete
Uttar Pradesh,Amroha,Wheat,2022-23,2188.46375,2030.645,2342.06,93.38009857383469,12,2.0,4.266924621156494,100.0,Complete
Uttar Pradesh,Amroha,Wheat,2023-24,2288.622083333333,2219.41,2350.12,50.12595559997439,12,2.0,2.190224238637378,100.0,Complete
Uttar Pradesh,Amroha,Wheat,2024-25,2500.20625,2368.26,2699.4,95.79447358146494,12,2.0,3.831462847573673,100.0,Complete
Uttar Pradesh,Auraiya,Wheat,2021-22,1915.3933333333332,1618.68,2058.5,139.68638882955793,12,3.0,7.292830480226407,100.0,Complete
Uttar Pradesh,Auraiya,Wheat,2022-23,2323.858333333333,2074.47,2675.73,186.40795890311185,12,2.9166666666666665,8.021485485121161,100.0,Complete
Uttar Pradesh,Auraiya,Wheat,2023-24,2388.33625,2234.47,2506.33,93.97221889098624,12,2.75,3.9346310173446577,100.0,Complete
Uttar Pradesh,Auraiya,Wheat,2024-25,2658.7425,2424.46,2953.57,191.22496049394053,12,2.75,7.192308412489759,100.0,Complete
Uttar Pradesh,Ayodhya,Wheat,2021-22,1902.6220833333332,1596.73,2048.05,136.5138893276289,12,1.25,7.175039674114416,100.0,Complete
Uttar Pradesh,Ayodhya,Wheat,2022-23,2373.468333333333,2096.58,2770.12,195.62847231113324,12,1.0,8.24230387082476,100.0,Complete
Uttar Pradesh,Ayodhya,Wheat,2023-24,2418.8908333333334,2281.7,2622.24,119.13721542508203,12,1.0,4.925282852095724,100.0,Complete
Uttar Pradesh,Ayodhya,Wheat,2024-25,2627.7758333333336,2451.19,2819.82,163.6741376504121,12,1.6666666666666667,6.228618726689158,100.0,Complete
Uttar Pradesh,Azamgarh,Wheat,2021-22,1881.54875,1690.0,2015.04,116.27049426630894,12,2.583333333333333,6.179510058737991,100.0,Complete
Uttar Pradesh,Azamgarh,Wheat,2022-23,2312.34375,2025.0,2734.3,228.7102454588357,12,2.9166666666666665,9.890841076671048,100.0,Complete
Uttar Pradesh,Azamgarh,Wheat,2023-24,2389.0425,2258.56,2543.08,87.76995552683047,12,3.0,3.673854924172779,100.0,Complete
Uttar Pradesh,Azamgarh,Wheat,2024-25,2634.6670833333333,2422.08,2910.0,191.2009396427359,12,2.75,7.257119537123147,100.0,Complete
Uttar Pradesh,Badaun,Wheat,2021-22,1948.964,1587.08,2067.31,203.25873285052236,5,1.0,,41.66666666666667,Low
Uttar Pradesh,Badaun,Wheat,2022-23,2140.337777777778,2023.2,2400.0,122.4517511897826,9,1.6,5.7211414226832495,75.0,Good
Uttar Pradesh,Badaun,Wheat,2023-24,2350.00875,2202.16,2466.42,85.79939457629689,12,2.25,3.651024472836405,100.0,Complete
Uttar Pradesh,Badaun,Wheat,2024-25,2500.61,2334.89,2800.0,123.29198316855944,12,2.083333333333333,4.930476290527488,100.0,Complete
Uttar Pradesh,Baghpat,Wheat,2024-25,2657.14,2455.66,2938.07,183.02168371286209,12,1.0,6.887920234269254,100.0,Complete
Uttar Pradesh,Bahraich,Wheat,2021-22,1904.7958333333331,1664.13,2040.35,123.86745881702689,12,3.0,6.502925754528908,100.0,Complete
Uttar Pradesh,Bahraich,Wheat,2022-23,2349.780833333333,2053.43,2684.71,188.7351222051368,12,3.0,8.03203088253139,100.0,Complete
Uttar Pradesh,Bahraich,Wheat,2023-24,2402.4266666666667,2291.72,2543.01,78.1244718188206,12,3.0,3.251898295285625,100.0,Complete
Uttar Pradesh,Bahraich,Wheat,2024-25,2582.85375,2403.12,2778.72,147.39221878938875,12,2.9166666666666665,5.706564639573138,100.0,Complete
Uttar Pradesh,Ballia,Wheat,2021-22,1899.2704166666665,1754.705,2024.8,98.1866332658541,12,2.083333333333333,5.1697026607815815,100.0,Complete
Uttar Pradesh,Ballia,Wheat,2022-23,2338.3595833333334,2056.49,2768.33,234.90672055344496,12,2.25,10.045791170346234,100.0,Complete
Uttar Pradesh,Ballia,Wheat,2023-24,2374.366666666667,2266.41,2517.525,86.22390409787073,12,2.333333333333333,3.631448558824278,100.0,Complete
Uttar Pradesh,Ballia,Wheat,2024-25,2621.0416666666665,2417.39,2891.48,179.59336137929802,12,3.0,6.85198421922447,100.0,Complete
Uttar Pradesh,Balrampur,Wheat,2021-22,1910.6604166666664,1682.09,2020.68,108.73145449932096,12,2.583333333333333,5.690778620358587,100.0,Complete
Uttar Pradesh,Balrampur,Wheat,2022-23,2331.9500000000003,2023.81,2684.855,182.8075235795089,12,2.5,7.839255712151156,100.0,Complete
Uttar Pradesh,Balrampur,Wheat,2023-24,2410.92,2300.46,2579.27,96.3262644019602,12,2.6666666666666665,3.995415210872207,100.0,Complete
Uttar Pradesh,Balrampur,Wheat,2024-25,2660.182916666666,2421.23,2933.29,184.0039463319189,12,2.9166666666666665,6.916965941668571,100.0,Complete
Uttar Pradesh,Banda,Wheat,2021-22,1873.4516666666664,1621.07,2018.3,136.23644385161165,12,3.0,7.271948685711754,100.0,Complete
Uttar Pradesh,Banda,Wheat,2022-23,2296.685833333333,2025.83,2677.25,194.53630366771375,12,3.0,8.470305378484015,100.0,Complete
Uttar Pradesh,Banda,Wheat,2023-24,2331.7408333333333,2162.61,2452.79,78.10878875683967,12,3.0,3.349805760581869,100.0,Complete
Uttar Pradesh,Banda,Wheat,2024-25,2572.8995833333333,2352.03,2835.83,157.53544623437972,12,2.583333333333333,6.1228758111999015,100.0,Complete
Uttar Pradesh,Bara Banki,Wheat,2021-22,1893.4283333333333,1637.3,2041.11,127.08891717886728,12,1.0,6.712106021733097,100.0,Complete
Uttar Pradesh,Bara Banki,Wheat,2022-23,2316.2591666666667,2035.89,2728.25,175.14443366746477,12,1.0,7.561521447512089,100.0,Complete
Uttar Pradesh,Bara Banki,Wheat,2023-24,2427.3191666666667,2295.5,2594.26,106.32738058881532,12,1.0,4.380444980164276,100.0,Complete
Uttar Pradesh,Bara Banki,Wheat,2024-25,2662.6141666666667,2433.32,2932.08,184.3738747248661,12,1.0,6.924543444297986,100.0,Complete
Uttar Pradesh,Barabanki,Wheat,2021-22,2015.0,2015.0,2015.0,,1,0.1666666666666666,,8.333333333333332,Low
Uttar Pradesh,Barabanki,Wheat,2022-23,2300.4675,2021.17,2640.35,191.8553698694076,12,1.0,8.33984265673858,100.0,Complete
Uttar Pradesh,Barabanki,Wheat,2023-24,2425.960833333333,2294.2,2601.85,114.61162478390244,12,1.0,4.724380674622148,100.0,Complete
Uttar Pradesh,Barabanki,Wheat,2024-25,2616.5691666666667,2398.19,2827.22,158.60098305658494,12,1.0,6.061409920939791,100.0,Complete
Uttar Pradesh,Bareilly,Wheat,2021-22,1969.7116666666668,1859.305,2045.715,55.00144462290099,12,1.6666666666666667,2.7923601993981007,100.0,Complete
Uttar Pradesh,Bareilly,Wheat,2022-23,2281.9466666666667,2043.42,2654.02,214.26106955951624,12,1.5,9.389398652006893,100.0,Complete
Uttar Pradesh,Bareilly,Wheat,2023-24,2364.0816666666665,2312.955,2468.24,51.97226324655962,12,1.6666666666666667,2.198412346720663,100.0,Complete
Uttar Pradesh,Bareilly,Wheat,2024-25,2582.8783333333336,2395.2,2795.81,158.0534187363324,12,1.3333333333333333,6.119274636229441,100.0,Complete
Uttar Pradesh,Basti,Wheat,2021-22,1868.4166666666667,1625.48,2015.0,137.00630843692988,12,1.0,7.332749213876092,100.0,Complete
Uttar Pradesh,Basti,Wheat,2022-23,2292.1125,2023.91,2670.52,204.6407983016716,12,1.0,8.928043379270067,100.0,Complete
Uttar Pradesh,Basti,Wheat,2023-24,2378.145833333333,2265.35,2516.84,84.08119068207309,12,1.0,3.5355775707085426,100.0,Complete
Uttar Pradesh,Basti,Wheat,2024-25,2630.3683333333333,2427.62,2860.9,171.01664282824186,12,1.0,6.501623390953809,100.0,Complete
Uttar Pradesh,Bhadohi,Wheat,2021-22,1898.5741666666663,1759.67,2025.49,101.27409436845882,12,1.0,5.334218496518686,100.0,Complete
Uttar Pradesh,Bhadohi,Wheat,2022-23,2324.3683333333333,2058.95,2717.96,231.5978188322999,12,1.0,9.963903547944565,100.0,Complete
Uttar Pradesh,Bhadohi,Wheat,2023-24,2357.8458333333333,2190.32,2493.12,98.84578222098722,12,1.0,4.192207175871502,100.0,Complete
Uttar Pradesh,Bhadohi,Wheat,2024-25,2579.6175,2413.43,2883.25,176.50449188850166,12,1.0,6.842273782392222,100.0,Complete
Uttar Pradesh,Bijnor,Wheat,2021-22,1923.8320833333332,1702.02,2059.13,124.84193243054354,12,2.1666666666666665,6.489232273028517,100.0,Complete
Uttar Pradesh,Bijnor,Wheat,2022-23,2309.7133333333336,2043.4,2674.08,204.10165569162007,12,1.9166666666666667,8.83666612414903,100.0,Complete
Uttar Pradesh,Bijnor,Wheat,2023-24,2400.776666666666,2297.04,2569.1,98.34610491277812,12,1.0,4.096428721515598,100.0,Complete
Uttar Pradesh,Bijnor,Wheat,2024-25,2604.454166666667,2433.59,2846.33,150.67015709871495,12,1.9166666666666667,5.785095358063123,100.0,Complete
Uttar Pradesh,Budaun,Wheat,2021-22,1939.1825,1722.16,2081.44,122.59426274022032,12,5.0,6.321955913908068,100.0,Complete
Uttar Pradesh,Budaun,Wheat,2022-23,2310.3241666666668,2057.17,2637.84,198.09881444775516,12,4.166666666666667,8.574502976938163,100.0,Complete
Uttar Pradesh,Budaun,Wheat,2023-24,2405.9025,2263.13,2523.62,100.69376159921724,12,4.5,4.185280226410557,100.0,Complete
Uttar Pradesh,Budaun,Wheat,2024-25,2617.5241666666666,2399.14,2920.92,183.4160543909211,12,4.666666666666667,7.007234421239196,100.0,Complete
Uttar Pradesh,Bulandshahar,Wheat,2021-22,1973.1666666666667,1797.17,2100.0,101.49839598672878,12,1.5,5.143934250531064,100.0,Complete
Uttar Pradesh,Bulandshahar,Wheat,2022-23,2290.6466666666665,2134.91,2649.825,158.44772051966797,12,3.0,6.917161115478365,100.0,Complete
Uttar Pradesh,Bulandshahar,Wheat,2023-24,2339.1575,2220.54,2453.7200000000003,72.2971851426145,12,3.1666666666666665,3.0907360937694235,100.0,Complete
Uttar Pradesh,Bulandshahar,Wheat,2024-25,2618.0979166666666,2425.56,2864.56,169.76738495068022,12,3.5,6.484378749547541,100.0,Complete
Uttar Pradesh,Bulandshahr,Wheat,2021-22,1987.6016666666667,1804.045,2119.03,107.83869170565764,12,2.5,5.425568589228943,100.0,Complete
Uttar Pradesh,Bulandshahr,Wheat,2022-23,2383.4691666666668,2137.93,2785.79,211.8799710796114,12,2.5,8.889562073753618,100.0,Complete
Uttar Pradesh,Bulandshahr,Wheat,2023-24,2400.4125,2231.25,2684.57,129.77816650836436,12,2.833333333333333,5.406494363296491,100.0,Complete
Uttar Pradesh,Bulandshahr,Wheat,2024-25,2669.9958333333334,2450.29,2944.3,186.21699197238283,12,2.583333333333333,6.974430058937651,100.0,Complete
Uttar Pradesh,Chandauli,Wheat,2021-22,1912.7416666666668,1750.78,2019.36,90.3263166960702,12,1.0,4.722347940141954,100.0,Complete
Uttar Pradesh,Chandauli,Wheat,2022-23,2315.093333333333,2058.29,2722.34,213.9355146399083,12,1.0,9.240902367071232,100.0,Complete
Uttar Pradesh,Chandauli,Wheat,2023-24,2390.874166666667,2289.95,2544.58,89.45924947943762,12,1.0,3.7416962685309705,100.0,Complete
Uttar Pradesh,Chandauli,Wheat,2024-25,2634.9525,2431.56,2937.87,189.37665269005817,12,1.0,7.187099300274225,100.0,Complete
Uttar Pradesh,Chitrakoot,Wheat,2021-22,1873.424166666667,1609.53,2033.52,143.43728274427326,12,1.0,7.656423211380227,100.0,Complete
Uttar Pradesh,Chitrakoot,Wheat,2022-23,2281.42,2021.41,2656.81,190.44928363310703,12,1.0,8.34783966271476,100.0,Complete
Uttar Pradesh,Chitrakoot,Wheat,2023-24,2357.9991666666665,2188.71,2453.14,80.09340892849978,12,1.0,3.396668245719614,100.0,Complete
Uttar Pradesh,Chitrakoot,Wheat,2024-25,2629.556666666667,2417.27,2876.63,166.41189202115504,12,1.0,6.328515149745965,100.0,Complete
Uttar Pradesh,Chitrakut,Wheat,2021-22,1982.5,1982.5,1982.5,,1,0.5,,8.333333333333332,Low
Uttar Pradesh,Chitrakut,Wheat,2022-23,2327.9466666666667,2031.0,2555.0,180.99770050104672,6,0.75,7.774993434888831,50.0,Moderate
Uttar Pradesh,Deoria,Wheat,2021-22,1865.225416666667,1622.73,2018.44,140.8007812552308,12,2.0,7.548727354726649,100.0,Complete
Uttar Pradesh,Deoria,Wheat,2022-23,2285.060833333333,2020.465,2679.4700000000003,203.52581065748865,12,2.0,8.906800540648858,100.0,Complete
Uttar Pradesh,Deoria,Wheat,2023-24,2364.748333333333,2257.17,2456.22,68.2879268023982,12,1.25,2.887746059054834,100.0,Complete
Uttar Pradesh,Deoria,Wheat,2024-25,2615.521111111111,2420.58,2875.0,164.90008667708778,9,0.75,6.304674276057969,75.0,Good
Uttar Pradesh,Etah,Wheat,2021-22,1901.3245833333333,1631.1,2096.81,149.2141505819789,12,2.083333333333333,7.847905186203509,100.0,Complete
Uttar Pradesh,Etah,Wheat,2022-23,2318.7095833333333,2051.05,2677.755,192.2780479062256,12,2.1666666666666665,8.292459275120187,100.0,Complete
Uttar Pradesh,Etah,Wheat,2023-24,2308.125833333333,2191.26,2439.8450000000003,75.09275403348407,12,2.25,3.2534081525805343,100.0,Complete
Uttar Pradesh,Etah,Wheat,2024-25,2569.5575,2367.16,2790.235,147.66229985249203,12,2.083333333333333,5.746604224754341,100.0,Complete
Uttar Pradesh,Etawah,Wheat,2021-22,1921.3208333333328,1622.005,2092.0,145.39082109381368,12,2.1666666666666665,7.567232841668228,100.0,Complete
Uttar Pradesh,Etawah,Wheat,2022-23,2348.57375,2063.945,2761.465,213.34807180163892,12,2.0,9.084154662021533,100.0,Complete
Uttar Pradesh,Etawah,Wheat,2023-24,2390.556666666667,2276.9700000000003,2564.89,98.48641840683428,12,2.4166666666666665,4.119811079155941,100.0,Complete
Uttar Pradesh,Etawah,Wheat,2024-25,2632.9791666666665,2390.36,2918.45,188.975217011906,12,3.0,7.17723935701122,100.0,Complete
Uttar Pradesh,Farrukhabad,Wheat,2021-22,1905.9529166666669,1659.59,2051.69,134.6291169279907,12,3.4166666666666665,7.063611894644513,100.0,Complete
Uttar Pradesh,Farrukhabad,Wheat,2022-23,2357.719583333333,2076.36,2793.82,209.48762799721965,12,3.75,8.885179962794682,100.0,Complete
Uttar Pradesh,Farrukhabad,Wheat,2023-24,2398.535,2303.99,2538.76,91.9603576894067,12,3.25,3.834021921273056,100.0,Complete
Uttar Pradesh,Farrukhabad,Wheat,2024-25,2639.320416666667,2456.215,2870.755,167.83631172634088,12,4.0,6.359072989641399,100.0,Complete
Uttar Pradesh,Fatehpur,Wheat,2021-22,1897.9395833333333,1658.74,2055.02,133.9053719381769,12,3.583333333333333,7.055302134697046,100.0,Complete
Uttar Pradesh,Fatehpur,Wheat,2022-23,2305.2770833333334,2023.135,2686.08,185.14923390530052,12,3.6666666666666665,8.03153925590509,100.0,Complete
Uttar Pradesh,Fatehpur,Wheat,2023-24,2365.975,2251.675,2437.63,68.08540595858584,12,4.0,2.877689153883107,100.0,Complete
Uttar Pradesh,Fatehpur,Wheat,2024-25,2630.562083333333,2412.145,2855.87,169.28652222379867,12,4.0,6.435374526849645,100.0,Complete
Uttar Pradesh,Firozabad,Wheat,2021-22,1965.4566666666667,1690.095,2150.425,152.3451315320418,12,4.0,7.751131536795102,100.0,Complete
Uttar Pradesh,Firozabad,Wheat,2022-23,2389.099583333333,2095.295,2769.8450000000003,214.6465038727876,12,3.75,8.984410083622688,100.0,Complete
Uttar Pradesh,Firozabad,Wheat,2023-24,2438.2425,2263.83,2581.43,120.97735331833432,12,3.1666666666666665,4.9616620708700765,100.0,Complete
Uttar Pradesh,Firozabad,Wheat,2024-25,2719.258333333333,2455.955,3047.7,230.44699194602143,12,2.333333333333333,8.474626670116109,100.0,Complete
Uttar Pradesh,Gautam Buddha Nagar,Wheat,2021-22,1966.2245833333332,1838.085,2088.48,86.89821949892495,12,2.6666666666666665,4.419546995572943,100.0,Complete
Uttar Pradesh,Gautam Buddha Nagar,Wheat,2022-23,2360.6441666666665,2087.75,2728.365,194.9286581947508,12,2.5,8.257435023339358,100.0,Complete
Uttar Pradesh,Gautam Buddha Nagar,Wheat,2023-24,2390.565416666667,2268.875,2519.4,95.62343632609416,12,2.5,4.000034287261991,100.0,Complete
Uttar Pradesh,Gautam Buddha Nagar,Wheat,2024-25,2639.9291666666663,2450.0,2913.35,183.4488011659992,12,3.1666666666666665,6.949004673395565,100.0,Complete
Uttar Pradesh,Ghaziabad,Wheat,2021-22,2002.0925,1842.2,2118.25,96.8170864075888,12,3.0,4.835794869996706,100.0,Complete
Uttar Pradesh,Ghaziabad,Wheat,2022-23,2400.3341666666665,2142.97,2822.11,210.25843502519092,12,3.0,8.759548480584098,100.0,Complete
Uttar Pradesh,Ghaziabad,Wheat,2023-24,2411.668333333333,2265.3,2540.0,107.06934064455888,12,3.0,4.43963787079175,100.0,Complete
Uttar Pradesh,Ghaziabad,Wheat,2024-25,2653.1891666666666,2335.96,2960.0,200.21849721370685,12,2.9166666666666665,7.5463332855851855,100.0,Complete
Uttar Pradesh,Ghazipur,Wheat,2021-22,1906.9575,1757.23,2023.37,90.496623530685,12,2.083333333333333,4.74560253863471,100.0,Complete
Uttar Pradesh,Ghazipur,Wheat,2022-23,2329.082083333333,2015.0,2770.0,246.48217185628744,12,2.583333333333333,10.582803140348208,100.0,Complete
Uttar Pradesh,Ghazipur,Wheat,2023-24,2368.435,2275.0,2580.0,111.44712109336882,8,0.75,4.70551740256198,66.66666666666666,Moderate
Uttar Pradesh,Ghazipur,Wheat,2024-25,2711.25,2462.5,2960.0,351.7856236403074,2,0.3333333333333333,,16.666666666666664,Low
Uttar Pradesh,Gonda,Wheat,2021-22,1899.60125,1632.455,2024.195,126.53023088511664,12,2.083333333333333,6.6608837452131935,100.0,Complete
Uttar Pradesh,Gonda,Wheat,2022-23,2314.684583333333,2036.395,2666.2,168.97525416541092,12,2.333333333333333,7.300141685917001,100.0,Complete
Uttar Pradesh,Gonda,Wheat,2023-24,2410.1766666666667,2303.0550000000003,2560.0,87.41567948427202,12,2.6666666666666665,3.626940742280525,100.0,Complete
Uttar Pradesh,Gonda,Wheat,2024-25,2672.478333333333,2460.16,2930.0,181.66885538019855,12,3.0,6.797767192881461,100.0,Complete
Uttar Pradesh,Gorakhpur,Wheat,2021-22,1862.8608333333332,1621.535,2015.0,144.44575776258046,12,4.0,7.753974702668187,100.0,Complete
Uttar Pradesh,Gorakhpur,Wheat,2022-23,2282.110416666667,2021.02,2597.965,185.2309781358783,12,3.8333333333333335,8.116652760668494,100.0,Complete
Uttar Pradesh,Gorakhpur,Wheat,2023-24,2347.8525,2258.07,2451.3450000000003,60.29547237261162,12,2.6666666666666665,2.568111598689084,100.0,Complete
Uttar Pradesh,Gorakhpur,Wheat,2024-25,2574.2975,2399.71,2821.52,137.06174011106364,12,2.833333333333333,5.324238558716063,100.0,Complete
Uttar Pradesh,Hamirpur,Wheat,2021-22,1881.2558333333332,1596.74,2025.43,138.8449601965074,12,5.0,7.380440115393169,100.0,Complete
Uttar Pradesh,Hamirpur,Wheat,2022-23,2269.940416666667,2039.76,2664.98,186.49753121030275,12,4.166666666666667,8.215965927606517,100.0,Complete
Uttar Pradesh,Hamirpur,Wheat,2023-24,2310.12625,2164.61,2415.54,66.54758018020557,12,3.583333333333333,2.8806901865300905,100.0,Complete
Uttar Pradesh,Hamirpur,Wheat,2024-25,2541.0750000000003,2345.1400000000003,2820.3450000000003,164.89203521478134,12,3.1666666666666665,6.489066053334961,100.0,Complete
Uttar Pradesh,Hardoi,Wheat,2021-22,1897.9558333333332,1620.91,2047.63,138.07932247334125,12,5.083333333333333,7.275159940409989,100.0,Complete
Uttar Pradesh,Hardoi,Wheat,2022-23,2310.3879166666666,2067.915,2627.45,164.3940555281498,12,5.416666666666667,7.115430891160946,100.0,Complete
Uttar Pradesh,Hardoi,Wheat,2023-24,2369.2879166666667,2264.225,2481.5,74.87580545805449,12,5.666666666666667,3.1602662104231167,100.0,Complete
Uttar Pradesh,Hardoi,Wheat,2024-25,2608.0066666666667,2417.06,2857.76,165.54913677781218,12,5.583333333333333,6.347726748313994,100.0,Complete
Uttar Pradesh,Hathras,Wheat,2021-22,1920.7758333333331,1609.02,2070.815,150.36837981850582,12,2.0,7.828523100353416,100.0,Complete
Uttar Pradesh,Hathras,Wheat,2022-23,2354.8879166666666,2076.915,2719.395,205.7603332261981,12,2.0,8.73758499374573,100.0,Complete
Uttar Pradesh,Hathras,Wheat,2023-24,2348.6808333333333,2194.42,2460.715,98.7243443274191,12,2.0,4.203395494453196,100.0,Complete
Uttar Pradesh,Hathras,Wheat,2024-25,2633.968333333333,2402.935,2916.295,179.50393979385294,12,2.0,6.814961953877689,100.0,Complete
Uttar Pradesh,Jalaun,Wheat,2021-22,1886.835,1563.42,2044.755,155.54347699715228,12,5.75,8.243618387254438,100.0,Complete
Uttar Pradesh,Jalaun,Wheat,2022-23,2303.0170833333336,2114.085,2723.86,198.6594270405594,12,6.25,8.626050951954916,100.0,Complete
Uttar Pradesh,Jalaun,Wheat,2023-24,2342.8541666666665,2150.56,2487.42,94.1304232008424,12,5.666666666666667,4.017767069760384,100.0,Complete
Uttar Pradesh,Jalaun,Wheat,2024-25,2603.5141666666664,2393.24,2887.2,180.33710098077853,12,6.333333333333333,6.926680226659489,100.0,Complete
Uttar Pradesh,Jaunpur,Wheat,2021-22,1897.0825,1721.74,2025.57,99.9781435546608,12,5.833333333333333,5.270099932641876,100.0,Complete
Uttar Pradesh,Jaunpur,Wheat,2022-23,2319.1441666666665,2048.45,2717.44,202.1357072706054,12,7.0,8.71596126605348,100.0,Complete
Uttar Pradesh,Jaunpur,Wheat,2023-24,2395.225,2303.54,2536.17,85.58625808345207,12,7.0,3.573203272488057,100.0,Complete
Uttar Pradesh,Jaunpur,Wheat,2024-25,2647.4591666666665,2438.24,2903.19,184.11522762850703,12,7.0,6.954412364377305,100.0,Complete
Uttar Pradesh,Jhansi,Wheat,2021-22,1886.4220833333327,1671.15,2041.88,126.20558944289589,12,4.416666666666667,6.690209500722601,100.0,Complete
Uttar Pradesh,Jhansi,Wheat,2022-23,2321.15625,2042.535,2668.87,196.8651627282561,12,4.916666666666667,8.48134039784078,100.0,Complete
Uttar Pradesh,Jhansi,Wheat,2023-24,2379.9066666666668,2197.56,2460.89,64.62371955240498,12,4.833333333333333,2.71538881997074,100.0,Complete
Uttar Pradesh,Jhansi,Wheat,2024-25,2658.6041666666665,2473.34,2911.88,147.31983952415985,12,4.166666666666667,5.541247597940393,100.0,Complete
Uttar Pradesh,Kannauj,Wheat,2021-22,1900.4008333333331,1661.78,2039.245,129.84533183461943,12,2.0,6.832523410699029,100.0,Complete
Uttar Pradesh,Kannauj,Wheat,2022-23,2329.90875,2097.69,2679.56,183.2542499088605,12,2.0,7.865297295821584,100.0,Complete
Uttar Pradesh,Kannauj,Wheat,2023-24,2335.592916666667,2249.36,2413.955,61.35767898368678,12,2.0,2.62707077701091,100.0,Complete
Uttar Pradesh,Kannauj,Wheat,2024-25,2636.39875,2438.36,2875.935,175.5189756139438,12,2.0,6.657527645009839,100.0,Complete
Uttar Pradesh,Kanpur Dehat,Wheat,2021-22,1916.2241666666664,1679.83,2083.15,130.34875669514338,12,3.0,6.802375158533212,100.0,Complete
Uttar Pradesh,Kanpur Dehat,Wheat,2022-23,2315.145,2051.8,2710.295,196.11401216685607,12,2.75,8.470917034002452,100.0,Complete
Uttar Pradesh,Kanpur Dehat,Wheat,2023-24,2367.46875,2178.18,2496.48,102.51111775902434,12,2.833333333333333,4.329988210362833,100.0,Complete
Uttar Pradesh,Kanpur Dehat,Wheat,2024-25,2616.855833333333,2416.96,2915.21,188.15369102065728,12,1.5833333333333333,7.190067126509922,100.0,Complete
Uttar Pradesh,Kasganj,Wheat,2021-22,1939.2358333333332,1659.61,2159.27,153.56990066465346,12,1.0,7.919093594752923,100.0,Complete
Uttar Pradesh,Kasganj,Wheat,2022-23,2369.1666666666665,2085.06,2738.82,225.87862953096695,12,1.0,9.534096216572648,100.0,Complete
Uttar Pradesh,Kasganj,Wheat,2023-24,2334.710833333333,2238.85,2442.85,66.93221434723507,12,1.0,2.866831017855605,100.0,Complete
Uttar Pradesh,Kasganj,Wheat,2024-25,2603.1841666666664,2408.03,2880.66,162.25434418940313,12,1.0,6.232918372316589,100.0,Complete
Uttar Pradesh,Kaushambi,Wheat,2021-22,1894.1791666666668,1679.66,2048.63,122.7333019531917,12,1.0,6.479498038676825,100.0,Complete
Uttar Pradesh,Kaushambi,Wheat,2022-23,2305.9045454545453,2047.15,2670.95,189.09930705127584,11,0.9166666666666666,8.200656329163014,91.66666666666666,Good
Uttar Pradesh,Kaushambi,Wheat,2023-24,2368.3575,2265.93,2449.93,68.67108709109475,12,1.0833333333333333,2.8995237032878163,100.0,Complete
Uttar Pradesh,Kaushambi,Wheat,2024-25,2631.837916666667,2422.005,2855.745,167.08749224798285,12,1.9166666666666667,6.348699940443376,100.0,Complete
Uttar Pradesh,Kheri,Wheat,2021-22,1881.2795833333328,1608.38,2026.82,132.79214878657572,12,2.583333333333333,7.058607873226838,100.0,Complete
Uttar Pradesh,Kheri,Wheat,2022-23,2294.4454166666665,2016.6,2664.995,178.3843891643489,12,2.0,7.774618993704495,100.0,Complete
Uttar Pradesh,Kheri,Wheat,2023-24,2353.920416666667,2230.59,2477.47,88.41731048268991,12,2.75,3.756172462614333,100.0,Complete
Uttar Pradesh,Kheri,Wheat,2024-25,2583.8595833333334,2384.6450000000004,2865.495,180.63433825446583,12,2.25,6.990872856234577,100.0,Complete
Uttar Pradesh,Kushinagar,Wheat,2021-22,1870.8333333333333,1600.0,2015.0,143.1755650390192,12,1.0,7.65303688404557,100.0,Complete
Uttar Pradesh,Kushinagar,Wheat,2022-23,2292.7272727272725,2025.0,2780.0,208.41501429076115,11,0.9166666666666666,9.090266285481256,91.66666666666666,Good
Uttar Pradesh,Kushinagar,Wheat,2023-24,2351.2470000000003,2260.0,2424.44,54.64127602422508,10,0.8333333333333334,2.3239275169399503,83.33333333333334,Good
Uttar Pradesh,Kushinagar,Wheat,2024-25,2411.575,2300.0,2469.35,58.94908747627673,8,0.6666666666666666,2.444422731048246,66.66666666666666,Moderate
Uttar Pradesh,Lalitpur,Wheat,2021-22,1897.2066666666667,1646.69,2032.93,129.76121462015135,12,3.5,6.839593013244983,100.0,Complete
Uttar Pradesh,Lalitpur,Wheat,2022-23,2267.572083333333,2053.025,2619.655,143.50896171665525,12,4.0,6.328749713027731,100.0,Complete
Uttar Pradesh,Lalitpur,Wheat,2023-24,2377.9933333333333,2218.23,2489.31,81.21204028885614,12,3.8333333333333335,3.415150040602419,100.0,Complete
Uttar Pradesh,Lalitpur,Wheat,2024-25,2592.020833333333,2423.51,2863.93,149.80830142724116,12,4.0,5.779594804976471,100.0,Complete
Uttar Pradesh,Lucknow,Wheat,2021-22,1904.8825,1705.1,2031.11,113.3831746476601,12,1.0833333333333333,5.95223981781869,100.0,Complete
Uttar Pradesh,Lucknow,Wheat,2022-23,2366.155,2061.19,2661.21,193.85609393193047,12,1.0,8.192873836749092,100.0,Complete
Uttar Pradesh,Lucknow,Wheat,2023-24,2426.1425,2310.08,2544.44,92.3823091215864,12,1.75,3.807785780166928,100.0,Complete
Uttar Pradesh,Lucknow,Wheat,2024-25,2662.563333333333,2427.5950000000003,2943.155,194.12305691041053,12,2.0,7.290833404040862,100.0,Complete
Uttar Pradesh,Maharajganj,Wheat,2021-22,1822.287,1605.08,2007.5,153.97455614483852,10,1.3333333333333333,8.449522832837996,83.33333333333334,Good
Uttar Pradesh,Maharajganj,Wheat,2022-23,2165.008181818182,2000.0,2500.0,136.1598299659766,11,0.9166666666666666,6.28911387538633,91.66666666666666,Good
Uttar Pradesh,Maharajganj,Wheat,2023-24,2362.7375,2195.0,2528.26,128.21355004799275,12,1.25,5.426483053999555,100.0,Complete
Uttar Pradesh,Maharajganj,Wheat,2024-25,2479.115,2376.725,2673.33,92.62407107689202,8,1.0,3.736174847753816,66.66666666666666,Moderate
Uttar Pradesh,Mahoba,Wheat,2021-22,1885.435,1584.76,2035.65,148.4753556991865,12,2.5,7.874859419666364,100.0,Complete
Uttar Pradesh,Mahoba,Wheat,2022-23,2286.7875,2081.28,2669.6,181.02063037249252,12,3.0,7.91593579956566,100.0,Complete
Uttar Pradesh,Mahoba,Wheat,2023-24,2345.20375,2194.97,2462.085,82.24469502441531,12,2.833333333333333,3.506931754838585,100.0,Complete
Uttar Pradesh,Mahoba,Wheat,2024-25,2601.3725,2408.79,2848.49,155.42884476213194,12,2.9166666666666665,5.974878444441615,100.0,Complete
Uttar Pradesh,Mahrajganj,Wheat,2021-22,1858.4258333333332,1612.13,2015.0,144.42632988094252,12,2.0,7.771433612817076,100.0,Complete
Uttar Pradesh,Mahrajganj,Wheat,2022-23,2290.414583333333,2021.3,2696.38,204.50731408856677,12,2.0,8.928833914030488,100.0,Complete
Uttar Pradesh,Mahrajganj,Wheat,2023-24,2334.7275,2250.055,2452.27,58.51193757376666,12,2.0,2.506157038616569,100.0,Complete
Uttar Pradesh,Mahrajganj,Wheat,2024-25,2492.1383333333333,2389.105,2609.2200000000003,74.06039907133962,12,2.0,2.971761161118248,100.0,Complete
Uttar Pradesh,Mainpuri,Wheat,2021-22,1926.265,1680.44,2088.4,150.60779549424498,12,3.0,7.818643618310304,100.0,Complete
Uttar Pradesh,Mainpuri,Wheat,2022-23,2320.98,2070.83,2720.06,203.336814759068,12,3.0,8.760817187527167,100.0,Complete
Uttar Pradesh,Mainpuri,Wheat,2023-24,2312.087916666667,2180.03,2428.75,78.41256507202306,12,2.9166666666666665,3.3914179693076,100.0,Complete
Uttar Pradesh,Mainpuri,Wheat,2024-25,2613.681666666667,2390.9,2886.17,179.775824435643,12,3.0,6.878260146535683,100.0,Complete
Uttar Pradesh,Mathura,Wheat,2021-22,1965.6170833333333,1700.48,2155.23,140.27675227690446,12,2.0,7.136524884033888,100.0,Complete
Uttar Pradesh,Mathura,Wheat,2022-23,2374.710416666667,2097.81,2770.635,215.89345182981447,12,2.0,9.09135911118206,100.0,Complete
Uttar Pradesh,Mathura,Wheat,2023-24,2405.259583333333,2227.53,2520.675,108.23993004722784,12,2.0,4.500135070544999,100.0,Complete
Uttar Pradesh,Mathura,Wheat,2024-25,2675.681666666667,2430.1400000000003,2985.71,208.9638555015212,12,2.0,7.809742769656375,100.0,Complete
Uttar Pradesh,Meerut,Wheat,2021-22,1990.35875,1823.645,2150.535,102.580986966064,12,2.25,5.153894340206961,100.0,Complete
Uttar Pradesh,Meerut,Wheat,2022-23,2418.0725,2151.91,2880.5150000000003,220.236793748126,12,1.8333333333333333,9.107948324466118,100.0,Complete
Uttar Pradesh,Meerut,Wheat,2023-24,2429.083333333333,2267.4700000000003,2571.55,108.97051853875904,12,1.4166666666666667,4.486075757196159,100.0,Complete
Uttar Pradesh,Meerut,Wheat,2024-25,2648.435833333333,2453.685,2903.14,184.93128282533556,12,1.3333333333333333,6.982660500880635,100.0,Complete
Uttar Pradesh,Mirzapur,Wheat,2021-22,1920.3075,1780.1950000000002,2029.195,88.954137327767,12,1.9166666666666667,4.632286096251096,100.0,Complete
Uttar Pradesh,Mirzapur,Wheat,2022-23,2341.775416666667,2072.03,2736.05,230.2661697457012,12,2.0,9.832974080557518,100.0,Complete
Uttar Pradesh,Mirzapur,Wheat,2023-24,2396.954166666667,2296.4,2563.35,94.09287526967772,12,2.0,3.9255183339833457,100.0,Complete
Uttar Pradesh,Mirzapur,Wheat,2024-25,2564.8129166666668,2212.955,2904.18,196.62726414876656,12,1.5,7.666339438289762,100.0,Complete
Uttar Pradesh,Muzaffarnagar,Wheat,2021-22,1980.5229166666668,1855.38,2119.6,82.96709726967704,12,1.3333333333333333,4.189151085881672,100.0,Complete
Uttar Pradesh,Muzaffarnagar,Wheat,2022-23,2302.61375,2082.85,2678.13,172.44169348092183,12,1.9166666666666667,7.488954388504013,100.0,Complete
Uttar Pradesh,Muzaffarnagar,Wheat,2023-24,2360.4304166666666,2202.88,2559.02,122.39464793442754,12,1.75,5.185268206604023,100.0,Complete
Uttar Pradesh,Muzaffarnagar,Wheat,2024-25,2575.835,2391.19,2933.43,173.62854520236834,12,2.4166666666666665,6.740670314766603,100.0,Complete
Uttar Pradesh,Pilibhit,Wheat,2021-22,1937.6225,1702.65,2083.64,129.2215566821714,12,2.9166666666666665,6.669078041887488,100.0,Complete
Uttar Pradesh,Pilibhit,Wheat,2022-23,2318.9225,2043.61,2648.12,201.9787959224253,12,3.0,8.710027865201415,100.0,Complete
Uttar Pradesh,Pilibhit,Wheat,2023-24,2437.7608333333333,2331.7,2574.07,93.25183502540884,12,3.0,3.825306968194194,100.0,Complete
Uttar Pradesh,Pilibhit,Wheat,2024-25,2631.1283333333336,2421.34,2915.74,173.01083527988197,12,3.0,6.575537691872952,100.0,Complete
Uttar Pradesh,Pratapgarh,Wheat,2021-22,1900.0408333333332,1651.47,2027.16,132.7953147762193,12,1.0,6.989076889639791,100.0,Complete
Uttar Pradesh,Pratapgarh,Wheat,2022-23,2363.4925,2053.48,2740.53,194.31528462433516,12,1.0,8.221531679255811,100.0,Complete
Uttar Pradesh,Pratapgarh,Wheat,2023-24,2398.6916666666666,2307.14,2481.32,72.13894180151553,12,1.0,3.007428708074145,100.0,Complete
Uttar Pradesh,Pratapgarh,Wheat,2024-25,2643.8083333333334,2442.64,2884.07,171.8720251092408,12,1.0,6.500926067229059,100.0,Complete
Uttar Pradesh,Prayagraj,Wheat,2021-22,1905.159583333333,1740.43,2036.05,108.70760106522488,12,1.25,5.70595775893095,100.0,Complete
Uttar Pradesh,Prayagraj,Wheat,2022-23,2334.6991666666668,2060.1000000000004,2678.93,184.6596159748245,12,2.9166666666666665,7.909353745068133,100.0,Complete
Uttar Pradesh,Prayagraj,Wheat,2023-24,2374.225,2287.27,2467.73,71.97197289096754,12,3.0,3.031388048351253,100.0,Complete
Uttar Pradesh,Prayagraj,Wheat,2024-25,2625.3250000000003,2423.23,2899.795,168.5840495932896,12,3.8333333333333335,6.421454471095562,100.0,Complete
Uttar Pradesh,Rae Bareli,Wheat,2021-22,1877.09,1591.71,2015.0,141.06721309039492,12,4.583333333333333,7.5152077465862,100.0,Complete
Uttar Pradesh,Rae Bareli,Wheat,2022-23,2313.0191666666665,2057.22,2717.65,198.3324042867216,12,5.0,8.574611362712657,100.0,Complete
Uttar Pradesh,Rae Bareli,Wheat,2023-24,2352.8425,2229.92,2474.04,76.55689139753875,12,5.0,3.253804340814939,100.0,Complete
Uttar Pradesh,Rae Bareli,Wheat,2024-25,2590.4108333333334,2412.33,2805.36,148.39120841750037,12,5.0,5.728481617973739,100.0,Complete
Uttar Pradesh,Rampur,Wheat,2021-22,1927.8829166666667,1726.205,2064.17,118.67793565433402,12,2.1666666666666665,6.155868420657497,100.0,Complete
Uttar Pradesh,Rampur,Wheat,2022-23,2310.250833333333,2059.3050000000003,2665.475,203.0027335892226,12,2.1666666666666665,8.787042976468541,100.0,Complete
Uttar Pradesh,Rampur,Wheat,2023-24,2403.25875,2312.42,2560.66,92.12627974009357,12,2.083333333333333,3.833389964359583,100.0,Complete
Uttar Pradesh,Rampur,Wheat,2024-25,2647.6695833333333,2445.48,2930.26,184.8878993343403,12,1.6666666666666667,6.983042767049966,100.0,Complete
Uttar Pradesh,Saharanpur,Wheat,2021-22,1984.986666666667,1838.13,2117.7,97.32358467161666,12,1.0833333333333333,4.902984302410931,100.0,Complete
Uttar Pradesh,Saharanpur,Wheat,2022-23,2373.7875,2134.85,2837.03,225.6283105977215,12,1.1666666666666667,9.504991942106086,100.0,Complete
Uttar Pradesh,Saharanpur,Wheat,2023-24,2412.755833333333,2273.03,2565.43,108.5388167228945,12,1.3333333333333333,4.498541262376439,100.0,Complete
Uttar Pradesh,Saharanpur,Wheat,2024-25,2663.76125,2449.785,2937.05,186.7265544504366,12,1.6666666666666667,7.009883278782459,100.0,Complete
Uttar Pradesh,Sambhal,Wheat,2021-22,1930.0316666666668,1701.265,2068.34,129.11177355182204,12,2.4166666666666665,6.689619438980985,100.0,Complete
Uttar Pradesh,Sambhal,Wheat,2022-23,2318.380833333333,2041.65,2663.825,200.49652104024744,12,2.75,8.648127096184476,100.0,Complete
Uttar Pradesh,Sambhal,Wheat,2023-24,2390.95875,2259.55,2571.655,108.11998970262376,12,2.583333333333333,4.522034924384361,100.0,Complete
Uttar Pradesh,Sambhal,Wheat,2024-25,2631.525416666667,2442.71,2900.0,183.42084217174576,12,2.833333333333333,6.97013378666445,100.0,Complete
Uttar Pradesh,Sant Kabir Nagar,Wheat,2021-22,2015.0,2015.0,2015.0,,1,0.0833333333333333,,8.333333333333332,Low
Uttar Pradesh,Sant Kabir Nagar,Wheat,2023-24,2420.0,2420.0,2420.0,,1,1.0,,8.333333333333332,Low
Uttar Pradesh,Sant Kabir Nagar,Wheat,2024-25,2623.0,2450.0,2900.0,173.01573467301884,10,0.9090909090909092,6.596101207511203,83.33333333333334,Good
Uttar Pradesh,Shahjahanpur,Wheat,2021-22,1931.1895833333333,1714.335,2056.26,118.61049362319469,12,2.6666666666666665,6.141835822170644,100.0,Complete
Uttar Pradesh,Shahjahanpur,Wheat,2022-23,2315.0525,2035.87,2644.395,192.7142588900609,12,2.5,8.32440123453187,100.0,Complete
Uttar Pradesh,Shahjahanpur,Wheat,2023-24,2406.1891666666666,2302.36,2586.245,99.10676036094824,12,2.5,4.118826638150087,100.0,Complete
Uttar Pradesh,Shahjahanpur,Wheat,2024-25,2624.0016666666666,2443.56,2914.3,162.63096355264162,12,3.0,6.1978224182774895,100.0,Complete
Uttar Pradesh,Shamli,Wheat,2021-22,1986.2891666666667,1853.28,2129.06,92.39674693784934,12,1.25,4.651726872825214,100.0,Complete
Uttar Pradesh,Shamli,Wheat,2022-23,2309.1679166666668,2127.885,2782.5,213.4513426293336,12,1.9166666666666667,9.243647509941813,100.0,Complete
Uttar Pradesh,Shamli,Wheat,2023-24,2410.565416666667,2229.945,2556.98,103.44013794677072,12,1.4166666666666667,4.291115156285943,100.0,Complete
Uttar Pradesh,Shamli,Wheat,2024-25,2661.7341666666666,2453.255,2957.0,190.77379850151596,12,1.25,7.167274662158508,100.0,Complete
Uttar Pradesh,Shravasti,Wheat,2023-24,2365.88,2354.28,2377.48,16.404877323527774,2,1.0,,16.666666666666664,Low
Uttar Pradesh,Shravasti,Wheat,2024-25,2626.8566666666666,2439.0,2852.94,155.80257842033356,12,1.0,5.931141215178607,100.0,Complete
Uttar Pradesh,Siddharthnagar,Wheat,2021-22,1870.6883333333333,1645.0,2015.0,139.37535225121934,12,3.0,7.450484924063744,100.0,Complete
Uttar Pradesh,Siddharthnagar,Wheat,2022-23,2302.39375,2028.77,2747.89,218.7783437961914,12,2.9166666666666665,9.502212373369732,100.0,Complete
Uttar Pradesh,Siddharthnagar,Wheat,2023-24,2363.789166666667,2251.95,2512.74,90.32531714543948,12,2.833333333333333,3.8212086940398784,100.0,Complete
Uttar Pradesh,Siddharthnagar,Wheat,2024-25,2625.26375,2430.915,2863.49,157.81884855637202,12,2.25,6.011542594772506,100.0,Complete
Uttar Pradesh,Sitapur,Wheat,2021-22,1886.2258333333327,1575.285,2022.13,141.7485301965378,12,2.333333333333333,7.514928896188437,100.0,Complete
Uttar Pradesh,Sitapur,Wheat,2022-23,2311.7920833333333,2068.29,2630.83,164.89588540897728,12,2.9166666666666665,7.13281642401062,100.0,Complete
Uttar Pradesh,Sitapur,Wheat,2023-24,2352.67125,2248.82,2444.355,61.68905996001237,12,3.75,2.6220858507117124,100.0,Complete
Uttar Pradesh,Sitapur,Wheat,2024-25,2588.318333333333,2414.48,2805.795,154.71052407837692,12,4.0,5.977260296230059,100.0,Complete
Uttar Pradesh,Sonbhadra,Wheat,2021-22,2034.8645833333333,1897.44,2182.48,91.92179856858392,12,1.0833333333333333,4.517342299899183,100.0,Complete
Uttar Pradesh,Sonbhadra,Wheat,2022-23,2403.2983333333336,2171.65,2758.41,190.61472340506097,12,1.0,7.931380002277187,100.0,Complete
Uttar Pradesh,Sonbhadra,Wheat,2023-24,2386.695416666667,2281.6,2557.36,93.14627888576742,12,1.25,3.902730035651487,100.0,Complete
Uttar Pradesh,Sonbhadra,Wheat,2024-25,2521.3725,2411.565,2671.63,86.15139397648147,12,2.0,3.416845149872995,100.0,Complete
Uttar Pradesh,Unnao,Wheat,2021-22,1887.74,1611.13,2030.83,148.60452189375908,12,3.0,7.87208629863006,100.0,Complete
Uttar Pradesh,Unnao,Wheat,2022-23,2307.327083333333,2091.21,2619.08,159.16011578479316,12,2.9166666666666665,6.898030059737298,100.0,Complete
Uttar Pradesh,Unnao,Wheat,2023-24,2381.7937500000003,2279.48,2508.71,84.4596796520791,12,2.9166666666666665,3.546053458746337,100.0,Complete
Uttar Pradesh,Unnao,Wheat,2024-25,2612.3625,2434.34,2825.72,149.9309954081907,12,3.0,5.739287537935135,100.0,Complete
Uttar Pradesh,Varanasi,Wheat,2021-22,1921.055,1771.54,2060.98,100.0043909490525,12,1.0,5.205701604017194,100.0,Complete
Uttar Pradesh,Varanasi,Wheat,2022-23,2372.8925,2092.96,2778.34,232.3359852034433,12,1.0,9.79125624963808,100.0,Complete
Uttar Pradesh,Varanasi,Wheat,2023-24,2409.0075,2306.95,2560.33,83.50745204906723,12,1.0,3.4664670844348646,100.0,Complete
Uttar Pradesh,Varanasi,Wheat,2024-25,2676.4516666666664,2444.57,2957.97,191.9830997217928,12,1.0,7.173045645202865,100.0,Complete
