State,District,Crop,Year,Area,Production,Yield,Years_ Available,Complete_4_year_history,Previous_Yield,Previous_yield_percentage,Previous_area,Previous_Area_Percentage,Previous_Production,Production_Change_Pct,History_avg_yield,Yield_Deviation_Pct,Crop_Year_Rainfall_mm,Rainy_Days,Heavy_Rain_Days,Days_Available,Monsoon_Rainfall_mm,Rabi_Rainfall_mm,Historical_Avg_Rainfall,Rainfall_Deviation_Pct
Haryana,Ambala,Maize,2021-22,0.0,0.01,3945.0,4,True,,,,,,,,,1297.57,97,0,365,981.67,246.72,,
Haryana,Ambala,Maize,2022-23,0.0,0.0,3455.0,4,True,3945.0,-12.420785804816225,0.0,,0.01,-100.0,3945.0,-12.420785804816225,1567.66,110,1,365,1207.36,181.25,1297.57,20.815062000508654
Haryana,Ambala,Maize,2023-24,0.0,0.01,4642.0,4,True,3455.0,34.35600578871201,0.0,,0.0,,3700.0,25.45945945945946,1301.31,84,3,366,1120.44,152.26,1432.615,-9.16540731459604
Haryana,Ambala,Maize,2024-25,0.0,0.0,3714.0,4,True,4642.0,-19.991383024558377,0.0,,0.01,-100.0,4014.0,-7.473841554559043,1447.69,111,1,365,1191.42,133.39,1388.8466666666666,4.2368488002035365
Haryana,Ambala,Rice,2021-22,0.94,3.86,4107.0,4,True,,,,,,,,,1297.57,97,0,365,981.67,246.72,,
Haryana,Ambala,Rice,2022-23,1.05,3.9,3719.0,4,True,4107.0,-9.447285122960798,0.94,11.70212765957448,3.86,1.0362694300518145,4107.0,-9.447285122960798,1567.66,110,1,365,1207.36,181.25,1297.57,20.815062000508654
Haryana,Ambala,Rice,2023-24,0.94,4.01,4275.0,4,True,3719.0,14.9502554450121,1.05,-10.476190476190483,3.9,2.8205128205128176,3913.0,9.251213902376692,1301.31,84,3,366,1120.44,152.26,1432.615,-9.16540731459604
Haryana,Ambala,Rice,2024-25,0.84,3.55,4233.0,4,True,4275.0,-0.9824561403508772,0.94,-10.638297872340424,4.01,-11.4713216957606,4033.6666666666665,4.9417403520370256,1447.69,111,1,365,1191.42,133.39,1388.8466666666666,4.2368488002035365
Haryana,Ambala,Wheat,2021-22,0.88,3.61,4107.0,4,True,,,,,,,,,1297.57,97,0,365,981.67,246.72,,
Haryana,Ambala,Wheat,2022-23,0.89,4.12,4639.0,4,True,4107.0,12.953494034575115,0.88,1.1363636363636374,3.61,14.127423822714688,4107.0,12.953494034575115,1567.66,110,1,365,1207.36,181.25,1297.57,20.815062000508654
Haryana,Ambala,Wheat,2023-24,0.95,4.21,4433.0,4,True,4639.0,-4.440612200905368,0.89,6.741573033707858,4.12,2.1844660194174725,4373.0,1.372055796935742,1301.31,84,3,366,1120.44,152.26,1432.615,-9.16540731459604
Haryana,Ambala,Wheat,2024-25,0.89,4.13,4640.0,4,True,4433.0,4.669524024362734,0.95,-6.315789473684205,4.21,-1.9002375296912133,4393.0,5.622581379467334,1447.69,111,1,365,1191.42,133.39,1388.8466666666666,4.2368488002035365
Haryana,Bhiwani,Maize,2021-22,0.0,0.0,4000.0,3,False,,,,,,,,,724.11,52,0,365,610.61,89.75,,
Haryana,Bhiwani,Maize,2023-24,0.0,0.0,3685.0,3,False,4000.0,-7.875,0.0,,0.0,,4000.0,-7.875,449.71,40,0,366,351.34000000000003,89.54,708.1800000000001,-36.4977830495072
Haryana,Bhiwani,Maize,2024-25,0.0,0.0,3714.0,3,False,3685.0,0.7869742198100407,0.0,,0.0,,3842.5,-3.3441769681197138,803.1,71,0,365,671.88,49.99,622.0233333333333,29.110912238018948
Haryana,Bhiwani,Rice,2021-22,0.22,0.47,2099.0,4,True,,,,,,,,,724.11,52,0,365,610.61,89.75,,
Haryana,Bhiwani,Rice,2022-23,0.26,0.73,2781.0,4,True,2099.0,32.491662696522155,0.22,18.181818181818183,0.47,55.319148936170215,2099.0,32.491662696522155,692.25,63,0,365,484.66,101.48,724.11,-4.399883995525544
Haryana,Bhiwani,Rice,2023-24,0.28,0.8,2808.0,4,True,2781.0,0.9708737864077668,0.26,7.692307692307699,0.73,9.58904109589042,2440.0,15.081967213114757,449.71,40,0,366,351.34000000000003,89.54,708.1800000000001,-36.4977830495072
Haryana,Bhiwani,Rice,2024-25,0.32,1.23,3805.0,4,True,2808.0,35.50569800569801,0.28,14.285714285714276,0.8,53.74999999999999,2562.6666666666665,48.47814776274715,803.1,71,0,365,671.88,49.99,622.0233333333333,29.110912238018948
Haryana,Bhiwani,Wheat,2021-22,0.87,3.71,4271.0,4,True,,,,,,,,,724.11,52,0,365,610.61,89.75,,
Haryana,Bhiwani,Wheat,2022-23,0.91,3.71,4098.0,4,True,4271.0,-4.0505736361507845,0.87,4.597701149425292,3.71,0.0,4271.0,-4.0505736361507845,692.25,63,0,365,484.66,101.48,724.11,-4.399883995525544
Haryana,Bhiwani,Wheat,2023-24,0.93,4.01,4311.0,4,True,4098.0,5.197657393850659,0.91,2.1978021978022,3.71,8.086253369272232,4184.5,3.023061297646075,449.71,40,0,366,351.34000000000003,89.54,708.1800000000001,-36.4977830495072
Haryana,Bhiwani,Wheat,2024-25,1.0,4.76,4735.0,4,True,4311.0,9.835305033634889,0.93,7.526881720430103,4.01,18.703241895261847,4226.666666666667,12.026813880126175,803.1,71,0,365,671.88,49.99,622.0233333333333,29.110912238018948
Haryana,Charkhi Dadri,Maize,2021-22,0.0,0.0,0.0,1,False,,,,,,,,,953.05,59,0,365,782.92,139.18,,
Haryana,Charkhi Dadri,Rice,2021-22,0.05,0.09,1849.0,4,True,,,,,,,,,953.05,59,0,365,782.92,139.18,,
Haryana,Charkhi Dadri,Rice,2022-23,0.08,0.19,2445.0,4,True,1849.0,32.233639805300164,0.05,60.0,0.09,111.11111111111111,1849.0,32.233639805300164,821.2,76,1,365,583.28,139.09,953.05,-13.834531241802624
Haryana,Charkhi Dadri,Rice,2023-24,0.09,0.23,2579.0,4,True,2445.0,5.480572597137014,0.08,12.499999999999991,0.19,21.052631578947373,2147.0,20.121099208197485,483.28,49,0,366,406.18,66.57,887.125,-45.52289699873186
Haryana,Charkhi Dadri,Rice,2024-25,0.1,0.32,3175.0,4,True,2579.0,23.109732454439705,0.09,11.11111111111112,0.23,39.13043478260869,2291.0,38.58577040593627,805.28,72,0,365,649.88,53.05,752.5099999999999,7.012531394931642
Haryana,Charkhi Dadri,Wheat,2021-22,0.33,1.37,4124.0,4,True,,,,,,,,,953.05,59,0,365,782.92,139.18,,
Haryana,Charkhi Dadri,Wheat,2022-23,0.38,1.38,3660.0,4,True,4124.0,-11.251212415130942,0.33,15.151515151515149,1.37,0.7299270072992544,4124.0,-11.251212415130942,821.2,76,1,365,583.28,139.09,953.05,-13.834531241802624
Haryana,Charkhi Dadri,Wheat,2023-24,0.28,1.19,4250.0,4,True,3660.0,16.120218579234972,0.38,-26.315789473684205,1.38,-13.768115942028984,3892.0,9.1983556012333,483.28,49,0,366,406.18,66.57,887.125,-45.52289699873186
Haryana,Charkhi Dadri,Wheat,2024-25,0.43,1.98,4591.0,4,True,4250.0,8.023529411764706,0.28,53.57142857142856,1.19,66.38655462184875,4011.3333333333335,14.450722951637024,805.28,72,0,365,649.88,53.05,752.5099999999999,7.012531394931642
Haryana,Faridabad,Maize,2021-22,0.0,0.0,3000.0,4,True,,,,,,,,,993.13,70,1,365,726.0,225.4,,
Haryana,Faridabad,Maize,2022-23,0.0,0.0,3500.0,4,True,3000.0,16.666666666666664,0.0,,0.0,,3000.0,16.666666666666664,869.97,75,2,365,554.42,227.92,993.13,-12.401196218017779
Haryana,Faridabad,Maize,2023-24,0.0,0.0,3685.0,4,True,3500.0,5.285714285714286,0.0,,0.0,,3250.0,13.384615384615383,742.72,52,1,366,676.36,61.86,931.55,-20.27051688046803
Haryana,Faridabad,Maize,2024-25,0.0,0.0,3714.0,4,True,3685.0,0.7869742198100407,0.0,,0.0,,3395.0,9.396170839469807,916.61,68,0,365,805.27,34.379999999999995,868.6066666666667,5.526475351328948
Haryana,Faridabad,Rice,2021-22,0.15,0.33,2218.0,4,True,,,,,,,,,993.13,70,1,365,726.0,225.4,,
Haryana,Faridabad,Rice,2022-23,0.16,0.43,2659.0,4,True,2218.0,19.88277727682597,0.15,6.666666666666673,0.33,30.30303030303029,2218.0,19.88277727682597,869.97,75,2,365,554.42,227.92,993.13,-12.401196218017779
Haryana,Faridabad,Rice,2023-24,0.14,0.37,2743.0,4,True,2659.0,3.159082361790147,0.16,-12.499999999999991,0.43,-13.953488372093023,2438.5,12.487184744720114,742.72,52,1,366,676.36,61.86,931.55,-20.27051688046803
Haryana,Faridabad,Rice,2024-25,0.15,0.43,2874.0,4,True,2743.0,4.775792927451696,0.14,7.142857142857128,0.37,16.216216216216218,2540.0,13.149606299212598,916.61,68,0,365,805.27,34.379999999999995,868.6066666666667,5.526475351328948
Haryana,Faridabad,Wheat,2021-22,0.29,1.12,3916.0,4,True,,,,,,,,,993.13,70,1,365,726.0,225.4,,
Haryana,Faridabad,Wheat,2022-23,0.28,1.18,4139.0,4,True,3916.0,5.694586312563841,0.29,-3.4482758620689493,1.12,5.357142857142842,3916.0,5.694586312563841,869.97,75,2,365,554.42,227.92,993.13,-12.401196218017779
Haryana,Faridabad,Wheat,2023-24,0.29,1.33,4531.0,4,True,4139.0,9.470886687605702,0.28,3.5714285714285547,1.18,12.711864406779677,4027.5,12.50155183116077,742.72,52,1,366,676.36,61.86,931.55,-20.27051688046803
Haryana,Faridabad,Wheat,2024-25,0.32,1.33,4135.0,4,True,4531.0,-8.739792540278083,0.29,10.344827586206906,1.33,0.0,4195.333333333333,-1.4381058318766813,916.61,68,0,365,805.27,34.379999999999995,868.6066666666667,5.526475351328948
Haryana,Fatehabad,Maize,2021-22,0.0,0.0,1622.0,4,True,,,,,,,,,707.09,55,1,365,550.04,113.95,,
Haryana,Fatehabad,Maize,2022-23,0.0,0.0,2000.0,4,True,1622.0,23.304562268803945,0.0,,0.0,,1622.0,23.304562268803945,764.6700000000001,62,1,365,597.2,72.37,707.09,8.143234948874973
Haryana,Fatehabad,Maize,2023-24,0.0,0.0,3685.0,4,True,2000.0,84.25,0.0,,0.0,,1811.0,103.47874102705688,544.41,49,1,366,362.89,170.38,735.8800000000001,-26.01918791107247
Haryana,Fatehabad,Maize,2024-25,0.0,0.0,3714.0,4,True,3685.0,0.7869742198100407,0.0,,0.0,,2435.6666666666665,52.48391952921857,689.23,66,0,365,537.01,61.66,672.0566666666667,2.555340075489659
Haryana,Fatehabad,Rice,2021-22,1.29,5.24,4057.0,4,True,,,,,,,,,707.09,55,1,365,550.04,113.95,,
Haryana,Fatehabad,Rice,2022-23,1.4,5.86,4190.0,4,True,4057.0,3.278284446635445,1.29,8.527131782945727,5.24,11.832061068702291,4057.0,3.278284446635445,764.6700000000001,62,1,365,597.2,72.37,707.09,8.143234948874973
Haryana,Fatehabad,Rice,2023-24,1.34,5.66,4212.0,4,True,4190.0,0.5250596658711217,1.4,-4.285714285714274,5.86,-3.4129692832764533,4123.5,2.1462349945434704,544.41,49,1,366,362.89,170.38,735.8800000000001,-26.01918791107247
Haryana,Fatehabad,Rice,2024-25,1.4,6.0,4272.0,4,True,4212.0,1.4245014245014245,1.34,4.477611940298495,5.66,6.007067137809185,4153.0,2.865398507103299,689.23,66,0,365,537.01,61.66,672.0566666666667,2.555340075489659
Haryana,Fatehabad,Wheat,2021-22,1.84,8.59,4665.0,4,True,,,,,,,,,707.09,55,1,365,550.04,113.95,,
Haryana,Fatehabad,Wheat,2022-23,1.82,9.37,5139.0,4,True,4665.0,10.160771704180064,1.84,-1.0869565217391313,8.59,9.080325960419083,4665.0,10.160771704180064,764.6700000000001,62,1,365,597.2,72.37,707.09,8.143234948874973
Haryana,Fatehabad,Wheat,2023-24,1.8,8.98,4986.0,4,True,5139.0,-2.9772329246935203,1.82,-1.0989010989011,9.37,-4.162219850586967,4902.0,1.713586291309669,544.41,49,1,366,362.89,170.38,735.8800000000001,-26.01918791107247
Haryana,Fatehabad,Wheat,2024-25,1.83,9.74,5308.0,4,True,4986.0,6.45808263136783,1.8,1.666666666666668,8.98,8.463251670378616,4930.0,7.667342799188641,689.23,66,0,365,537.01,61.66,672.0566666666667,2.555340075489659
Haryana,Gurugram,Maize,2021-22,0.0,0.0,2941.0,3,False,,,,,,,,,1090.13,69,1,365,858.15,190.87,,
Haryana,Gurugram,Maize,2022-23,0.0,0.0,3000.0,3,False,2941.0,2.0061203672220334,0.0,,0.0,,2941.0,2.0061203672220334,876.65,74,1,365,586.31,196.1,1090.13,-19.58298551548899
Haryana,Gurugram,Maize,2024-25,0.0,0.0,3714.0,3,False,3000.0,23.8,0.0,,0.0,,2970.5,25.02945632048477,891.21,69,0,365,736.55,48.88,862.9,3.2807973113918254
Haryana,Gurugram,Rice,2021-22,0.05,0.13,2778.0,4,True,,,,,,,,,1090.13,69,1,365,858.15,190.87,,
Haryana,Gurugram,Rice,2022-23,0.05,0.13,2870.0,4,True,2778.0,3.311735061195104,0.05,0.0,0.13,0.0,2778.0,3.311735061195104,876.65,74,1,365,586.31,196.1,1090.13,-19.58298551548899
Haryana,Gurugram,Rice,2023-24,0.03,0.08,2289.0,4,True,2870.0,-20.243902439024392,0.05,-40.00000000000001,0.13,-38.46153846153847,2824.0,-18.944759206798867,621.92,53,0,366,558.06,55.12,983.3900000000001,-36.75754278566999
Haryana,Gurugram,Rice,2024-25,0.04,0.11,2978.0,4,True,2289.0,30.10048055919616,0.03,33.33333333333334,0.08,37.5,2645.6666666666665,12.56142119188611,891.21,69,0,365,736.55,48.88,862.9,3.2807973113918254
Haryana,Gurugram,Wheat,2021-22,0.36,1.69,4673.0,4,True,,,,,,,,,1090.13,69,1,365,858.15,190.87,,
Haryana,Gurugram,Wheat,2022-23,0.34,1.51,4499.0,4,True,4673.0,-3.723518082602183,0.36,-5.555555555555546,1.69,-10.650887573964493,4673.0,-3.723518082602183,876.65,74,1,365,586.31,196.1,1090.13,-19.58298551548899
Haryana,Gurugram,Wheat,2023-24,0.32,1.42,4403.0,4,True,4499.0,-2.133807512780618,0.34,-5.8823529411764754,1.51,-5.960264900662257,4586.0,-3.990405582206716,621.92,53,0,366,558.06,55.12,983.3900000000001,-36.75754278566999
Haryana,Gurugram,Wheat,2024-25,0.33,1.33,4039.0,4,True,4403.0,-8.267090620031796,0.32,3.1250000000000027,1.42,-6.338028169014074,4525.0,-10.740331491712707,891.21,69,0,365,736.55,48.88,862.9,3.2807973113918254
Haryana,Hisar,Maize,2021-22,0.0,0.0,3913.0,4,True,,,,,,,,,723.02,52,1,365,590.73,98.17,,
Haryana,Hisar,Maize,2022-23,0.0,0.0,3500.0,4,True,3913.0,-10.554561717352415,0.0,,0.0,,3913.0,-10.554561717352415,710.95,63,1,365,536.51,71.94,723.02,-1.6693867389560368
Haryana,Hisar,Maize,2023-24,0.0,0.0,3685.0,4,True,3500.0,5.285714285714286,0.0,,0.0,,3706.5,-0.5800620531498718,473.46,42,1,366,312.56,151.47,716.985,-33.96514571434549
Haryana,Hisar,Maize,2024-25,0.0,0.0,2048.0,4,True,3685.0,-44.42333785617368,0.0,,0.0,,3699.3333333333335,-44.63867363488917,722.5699999999999,63,0,365,571.11,55.74,635.8100000000001,13.645585945486838
Haryana,Hisar,Rice,2021-22,0.83,2.39,2882.0,4,True,,,,,,,,,723.02,52,1,365,590.73,98.17,,
Haryana,Hisar,Rice,2022-23,0.98,3.04,3096.0,4,True,2882.0,7.425399028452463,0.83,18.07228915662651,2.39,27.196652719665263,2882.0,7.425399028452463,710.95,63,1,365,536.51,71.94,723.02,-1.6693867389560368
Haryana,Hisar,Rice,2023-24,1.05,3.31,3156.0,4,True,3096.0,1.937984496124031,0.98,7.1428571428571495,3.04,8.881578947368421,2989.0,5.587152893944463,473.46,42,1,366,312.56,151.47,716.985,-33.96514571434549
Haryana,Hisar,Rice,2024-25,1.11,3.62,3248.0,4,True,3156.0,2.915082382762991,1.05,5.714285714285719,3.31,9.365558912386708,3044.6666666666665,6.678344646376182,722.5699999999999,63,0,365,571.11,55.74,635.8100000000001,13.645585945486838
Haryana,Hisar,Wheat,2021-22,2.07,9.61,4644.0,4,True,,,,,,,,,723.02,52,1,365,590.73,98.17,,
Haryana,Hisar,Wheat,2022-23,2.08,10.39,4990.0,4,True,4644.0,7.450473729543497,2.07,0.4830917874396246,9.61,8.116545265348607,4644.0,7.450473729543497,710.95,63,1,365,536.51,71.94,723.02,-1.6693867389560368
Haryana,Hisar,Wheat,2023-24,2.33,10.6,4546.0,4,True,4990.0,-8.897795591182364,2.08,12.019230769230768,10.39,2.021174205967267,4817.0,-5.6259082416441775,473.46,42,1,366,312.56,151.47,716.985,-33.96514571434549
Haryana,Hisar,Wheat,2024-25,2.24,10.96,4883.0,4,True,4546.0,7.41311042674879,2.33,-3.8626609442060023,10.6,3.3962264150943517,4726.666666666667,3.3074753173483717,722.5699999999999,63,0,365,571.11,55.74,635.8100000000001,13.645585945486838
Haryana,Jhajjar,Maize,2021-22,0.0,0.0,3120.0,4,True,,,,,,,,,1090.13,69,1,365,858.15,190.87,,
Haryana,Jhajjar,Maize,2022-23,0.0,0.0,3333.0,4,True,3120.0,6.826923076923077,0.0,,0.0,,3120.0,6.826923076923077,876.65,74,1,365,586.31,196.1,1090.13,-19.58298551548899
Haryana,Jhajjar,Maize,2023-24,0.0,0.0,3685.0,4,True,3333.0,10.56105610561056,0.0,,0.0,,3226.5,14.21044475437781,621.92,53,0,366,558.06,55.12,983.3900000000001,-36.75754278566999
Haryana,Jhajjar,Maize,2024-25,0.0,0.0,3714.0,4,True,3685.0,0.7869742198100407,0.0,,0.0,,3379.333333333333,9.903333990925226,891.21,69,0,365,736.55,48.88,862.9,3.2807973113918254
Haryana,Jhajjar,Rice,2021-22,0.39,1.04,2685.0,4,True,,,,,,,,,1090.13,69,1,365,858.15,190.87,,
Haryana,Jhajjar,Rice,2022-23,0.53,1.49,2791.0,4,True,2685.0,3.9478584729981376,0.39,35.8974358974359,1.04,43.26923076923077,2685.0,3.9478584729981376,876.65,74,1,365,586.31,196.1,1090.13,-19.58298551548899
Haryana,Jhajjar,Rice,2023-24,0.55,1.52,2781.0,4,True,2791.0,-0.3582945180938731,0.53,3.773584905660381,1.49,2.0134228187919483,2738.0,1.5704894083272465,621.92,53,0,366,558.06,55.12,983.3900000000001,-36.75754278566999
Haryana,Jhajjar,Rice,2024-25,0.58,1.82,3169.0,4,True,2781.0,13.951815893563465,0.55,5.454545454545439,1.52,19.73684210526316,2752.333333333333,15.138670219207938,891.21,69,0,365,736.55,48.88,862.9,3.2807973113918254
Haryana,Jhajjar,Wheat,2021-22,0.8,3.53,4400.0,4,True,,,,,,,,,1090.13,69,1,365,858.15,190.87,,
Haryana,Jhajjar,Wheat,2022-23,0.95,4.12,4355.0,4,True,4400.0,-1.0227272727272727,0.8,18.74999999999999,3.53,16.713881019830037,4400.0,-1.0227272727272727,876.65,74,1,365,586.31,196.1,1090.13,-19.58298551548899
Haryana,Jhajjar,Wheat,2023-24,0.93,4.39,4715.0,4,True,4355.0,8.266360505166476,0.95,-2.105263157894727,4.12,6.553398058252418,4377.5,7.709880068532267,621.92,53,0,366,558.06,55.12,983.3900000000001,-36.75754278566999
Haryana,Jhajjar,Wheat,2024-25,0.98,4.5,4616.0,4,True,4715.0,-2.099681866383881,0.93,5.376344086021498,4.39,2.5056947608200533,4490.0,2.8062360801781736,891.21,69,0,365,736.55,48.88,862.9,3.2807973113918254
Haryana,Jind,Maize,2021-22,0.0,0.0,3333.0,3,False,,,,,,,,,993.4,65,3,365,781.56,158.01,,
Haryana,Jind,Maize,2022-23,0.0,0.0,3000.0,3,False,3333.0,-9.99099909990999,0.0,,0.0,,3333.0,-9.99099909990999,1063.66,79,3,365,840.51,118.07,993.4,7.07267968592713
Haryana,Jind,Maize,2024-25,0.0,0.0,3714.0,3,False,3000.0,23.8,0.0,,0.0,,3166.5,17.290383704405496,777.09,74,0,365,600.7,71.72,879.93,-11.687293307422172
Haryana,Jind,Rice,2021-22,1.51,5.02,3331.0,4,True,,,,,,,,,993.4,65,3,365,781.56,158.01,,
Haryana,Jind,Rice,2022-23,1.74,5.73,3291.0,4,True,3331.0,-1.2008405884118885,1.51,15.2317880794702,5.02,14.143426294820737,3331.0,-1.2008405884118885,1063.66,79,3,365,840.51,118.07,993.4,7.07267968592713
Haryana,Jind,Rice,2023-24,1.66,7.01,4230.0,4,True,3291.0,28.532360984503192,1.74,-4.597701149425292,5.73,22.33856893542756,3311.0,27.75596496526729,582.73,50,0,366,447.69,121.59,1028.53,-43.34341244300117
Haryana,Jind,Rice,2024-25,1.69,5.59,3310.0,4,True,4230.0,-21.749408983451534,1.66,1.807228915662652,7.01,-20.256776034236804,3617.3333333333335,-8.496129745669005,777.09,74,0,365,600.7,71.72,879.93,-11.687293307422172
Haryana,Jind,Wheat,2021-22,2.05,9.57,4660.0,4,True,,,,,,,,,993.4,65,3,365,781.56,158.01,,
Haryana,Jind,Wheat,2022-23,2.02,9.85,4871.0,4,True,4660.0,4.527896995708155,2.05,-1.463414634146332,9.57,2.92580982236154,4660.0,4.527896995708155,1063.66,79,3,365,840.51,118.07,993.4,7.07267968592713
Haryana,Jind,Wheat,2023-24,2.01,9.8,4886.0,4,True,4871.0,0.3079449804968179,2.02,-0.4950495049505065,9.85,-0.5076142131979587,4765.5,2.5285909138600355,582.73,50,0,366,447.69,121.59,1028.53,-43.34341244300117
Haryana,Jind,Wheat,2024-25,2.03,10.01,4922.0,4,True,4886.0,0.7367990176013098,2.01,0.9950248756218916,9.8,2.142857142857133,4805.666666666667,2.420753277380863,777.09,74,0,365,600.7,71.72,879.93,-11.687293307422172
Haryana,Kaithal,Maize,2021-22,0.0,0.0,3333.0,3,False,,,,,,,,,964.2,67,2,365,730.62,175.89,,
Haryana,Kaithal,Maize,2022-23,0.0,0.0,3500.0,3,False,3333.0,5.0105010501050105,0.0,,0.0,,3333.0,5.0105010501050105,1107.44,77,2,365,874.65,123.35,964.2,14.855839037544078
Haryana,Kaithal,Maize,2024-25,0.0,0.0,3714.0,3,False,3500.0,6.114285714285715,0.0,,0.0,,3416.5,8.707741841065419,892.31,78,0,365,718.95,84.78999999999999,959.61,-7.01326580590032
Haryana,Kaithal,Rice,2021-22,1.76,7.1,4033.0,4,True,,,,,,,,,964.2,67,2,365,730.62,175.89,,
Haryana,Kaithal,Rice,2022-23,1.79,7.81,4354.0,4,True,4033.0,7.959335482271262,1.76,1.704545454545456,7.1,10.0,4033.0,7.959335482271262,1107.44,77,2,365,874.65,123.35,964.2,14.855839037544078
Haryana,Kaithal,Rice,2023-24,1.61,6.86,4253.0,4,True,4354.0,-2.3197060174552133,1.79,-10.055865921787706,7.81,-12.163892445582578,4193.5,1.4188625253368308,807.19,65,3,366,664.9,125.79,1035.8200000000002,-22.072367785908757
Haryana,Kaithal,Rice,2024-25,1.62,6.59,4060.0,4,True,4253.0,-4.537973195391489,1.61,0.6211180124223608,6.86,-3.9358600583090446,4213.333333333333,-3.639240506329107,892.31,78,0,365,718.95,84.78999999999999,959.61,-7.01326580590032
Haryana,Kaithal,Wheat,2021-22,1.77,8.16,4623.0,4,True,,,,,,,,,964.2,67,2,365,730.62,175.89,,
Haryana,Kaithal,Wheat,2022-23,1.8,8.48,4707.0,4,True,4623.0,1.8170019467878,1.77,1.6949152542372896,8.16,3.921568627450984,4623.0,1.8170019467878,1107.44,77,2,365,874.65,123.35,964.2,14.855839037544078
Haryana,Kaithal,Wheat,2023-24,1.74,8.93,5135.0,4,True,4707.0,9.092840450393032,1.8,-3.333333333333336,8.48,5.3066037735848965,4665.0,10.07502679528403,807.19,65,3,366,664.9,125.79,1035.8200000000002,-22.072367785908757
Haryana,Kaithal,Wheat,2024-25,1.74,8.44,4865.0,4,True,5135.0,-5.258033106134373,1.74,0.0,8.93,-5.487122060470327,4821.666666666667,0.8987210508122992,892.31,78,0,365,718.95,84.78999999999999,959.61,-7.01326580590032
Haryana,Karnal,Maize,2021-22,0.0,0.01,4815.0,4,True,,,,,,,,,1213.88,79,2,365,949.14,207.35,,
Haryana,Karnal,Maize,2022-23,0.0,0.01,3333.0,4,True,4815.0,-30.778816199376948,0.0,,0.01,0.0,4815.0,-30.778816199376948,1240.21,83,3,365,950.58,182.59,1213.88,2.1690776683032857
Haryana,Karnal,Maize,2023-24,0.0,0.0,3685.0,4,True,3333.0,10.56105610561056,0.0,,0.01,-100.0,4074.0,-9.548355424644084,734.04,59,0,366,640.19,81.92,1227.045,-40.17823307213673
Haryana,Karnal,Maize,2024-25,0.0,0.0,3714.0,4,True,3685.0,0.7869742198100407,0.0,,0.0,,3944.3333333333335,-5.839601115524385,1026.07,85,0,365,837.01,73.23,1062.71,-3.447789142851775
Haryana,Karnal,Rice,2021-22,1.76,6.8,3868.0,4,True,,,,,,,,,1213.88,79,2,365,949.14,207.35,,
Haryana,Karnal,Rice,2022-23,1.81,7.19,3970.0,4,True,3868.0,2.637021716649431,1.76,2.840909090909093,6.8,5.735294117647068,3868.0,2.637021716649431,1240.21,83,3,365,950.58,182.59,1213.88,2.1690776683032857
Haryana,Karnal,Rice,2023-24,1.66,7.06,4242.0,4,True,3970.0,6.851385390428212,1.81,-8.287292817679564,7.19,-1.80806675938805,3919.0,8.24189844348048,734.04,59,0,366,640.19,81.92,1227.045,-40.17823307213673
Haryana,Karnal,Rice,2024-25,1.72,7.38,4292.0,4,True,4242.0,1.178689297501179,1.66,3.614457831325304,7.06,4.532577903682724,4026.6666666666665,6.5894039735099375,1026.07,85,0,365,837.01,73.23,1062.71,-3.447789142851775
Haryana,Karnal,Wheat,2021-22,1.77,9.02,5105.0,4,True,,,,,,,,,1213.88,79,2,365,949.14,207.35,,
Haryana,Karnal,Wheat,2022-23,1.86,10.03,5385.0,4,True,5105.0,5.484818805093046,1.77,5.084745762711869,9.02,11.197339246119732,5105.0,5.484818805093046,1240.21,83,3,365,950.58,182.59,1213.88,2.1690776683032857
Haryana,Karnal,Wheat,2023-24,1.78,8.5,4761.0,4,True,5385.0,-11.587743732590528,1.86,-4.3010752688172085,10.03,-15.254237288135588,5245.0,-9.2278360343184,734.04,59,0,366,640.19,81.92,1227.045,-40.17823307213673
Haryana,Karnal,Wheat,2024-25,1.58,7.75,4896.0,4,True,4761.0,2.835538752362949,1.78,-11.235955056179773,8.5,-8.823529411764707,5083.666666666667,-3.691561209101049,1026.07,85,0,365,837.01,73.23,1062.71,-3.447789142851775
Haryana,Kurukshetra,Maize,2021-22,0.03,0.08,2865.0,4,True,,,,,,,,,1305.16,89,2,365,1021.28,222.06,,
Haryana,Kurukshetra,Maize,2022-23,0.0,0.0,3333.0,4,True,2865.0,16.335078534031414,0.03,-100.0,0.08,-100.0,2865.0,16.335078534031414,1447.9,97,2,365,1138.23,176.62,1305.16,10.936590149866683
Haryana,Kurukshetra,Maize,2023-24,0.0,0.0,3685.0,4,True,3333.0,10.56105610561056,0.0,,0.0,,3099.0,18.909325588899645,1033.57,78,2,366,905.44,110.6,1376.5300000000002,-24.91482205255245
Haryana,Kurukshetra,Maize,2024-25,0.0,0.0,3714.0,4,True,3685.0,0.7869742198100407,0.0,,0.0,,3294.333333333333,12.739046848123031,1273.31,104,0,365,1059.56,98.0,1262.21,0.8794099238636922
Haryana,Kurukshetra,Rice,2021-22,1.25,5.94,4767.0,4,True,,,,,,,,,1305.16,89,2,365,1021.28,222.06,,
Haryana,Kurukshetra,Rice,2022-23,1.3,5.88,4520.0,4,True,4767.0,-5.181455842248794,1.25,4.000000000000004,5.94,-1.0101010101010184,4767.0,-5.181455842248794,1447.9,97,2,365,1138.23,176.62,1305.16,10.936590149866683
Haryana,Kurukshetra,Rice,2023-24,1.13,5.44,4825.0,4,True,4520.0,6.7477876106194685,1.3,-13.076923076923087,5.88,-7.482993197278903,4643.5,3.908689566060084,1033.57,78,2,366,905.44,110.6,1376.5300000000002,-24.91482205255245
Haryana,Kurukshetra,Rice,2024-25,1.1,5.22,4732.0,4,True,4825.0,-1.927461139896373,1.13,-2.654867256637151,5.44,-4.044117647058835,4704.0,0.5952380952380952,1273.31,104,0,365,1059.56,98.0,1262.21,0.8794099238636922
Haryana,Kurukshetra,Wheat,2021-22,1.04,4.43,4256.0,4,True,,,,,,,,,1305.16,89,2,365,1021.28,222.06,,
Haryana,Kurukshetra,Wheat,2022-23,1.06,5.06,4782.0,4,True,4256.0,12.359022556390975,1.04,1.923076923076925,4.43,14.22121896162528,4256.0,12.359022556390975,1447.9,97,2,365,1138.23,176.62,1305.16,10.936590149866683
Haryana,Kurukshetra,Wheat,2023-24,1.04,4.97,4776.0,4,True,4782.0,-0.1254705144291091,1.06,-1.8867924528301905,5.06,-1.7786561264822107,4519.0,5.687098915689312,1033.57,78,2,366,905.44,110.6,1376.5300000000002,-24.91482205255245
Haryana,Kurukshetra,Wheat,2024-25,1.08,4.94,4571.0,4,True,4776.0,-4.292294807370185,1.04,3.84615384615385,4.97,-0.6036217303822808,4604.666666666667,-0.7311423193861365,1273.31,104,0,365,1059.56,98.0,1262.21,0.8794099238636922
Haryana,Mahendragarh,Maize,2021-22,0.0,0.0,0.0,2,False,,,,,,,,,894.84,60,0,365,744.23,129.56,,
Haryana,Mahendragarh,Maize,2024-25,0.0,0.0,3714.0,2,False,0.0,,0.0,,0.0,,0.0,,885.46,77,0,365,768.64,44.7,704.12,25.754132818269614
Haryana,Mahendragarh,Rice,2023-24,0.0,0.0,3822.0,2,False,,,,,,,,,465.95,47,0,366,417.28,39.68,823.2049999999999,-43.39806002150132
Haryana,Mahendragarh,Rice,2024-25,0.0,0.0,3766.0,2,False,3822.0,-1.465201465201465,0.0,,0.0,,3822.0,-1.465201465201465,885.46,77,0,365,768.64,44.7,704.12,25.754132818269614
Haryana,Mahendragarh,Wheat,2021-22,0.26,1.2,4647.0,4,True,,,,,,,,,894.84,60,0,365,744.23,129.56,,
Haryana,Mahendragarh,Wheat,2022-23,0.3,1.33,4428.0,4,True,4647.0,-4.712717882504842,0.26,15.384615384615378,1.2,10.833333333333345,4647.0,-4.712717882504842,751.5699999999999,72,0,365,519.63,149.47,894.84,-16.010683474140638
Haryana,Mahendragarh,Wheat,2023-24,0.28,1.36,4853.0,4,True,4428.0,9.598012646793135,0.3,-6.666666666666654,1.33,2.2556390977443628,4537.5,6.953168044077135,465.95,47,0,366,417.28,39.68,823.2049999999999,-43.39806002150132
Haryana,Mahendragarh,Wheat,2024-25,0.29,1.31,4518.0,4,True,4853.0,-6.902946630949929,0.28,3.5714285714285547,1.36,-3.676470588235297,4642.666666666667,-2.685238368753596,885.46,77,0,365,768.64,44.7,704.12,25.754132818269614
Haryana,Nuh,Maize,2021-22,0.0,0.0,0.0,1,False,,,,,,,,,968.02,62,0,365,769.63,168.39,,
Haryana,Nuh,Rice,2021-22,0.08,0.21,2544.0,4,True,,,,,,,,,968.02,62,0,365,769.63,168.39,,
Haryana,Nuh,Rice,2022-23,0.12,0.25,2149.0,4,True,2544.0,-15.526729559748428,0.08,49.99999999999999,0.21,19.04761904761905,2544.0,-15.526729559748428,789.11,73,1,365,534.01,171.98,968.02,-18.482056155864544
Haryana,Nuh,Rice,2023-24,0.11,0.25,2268.0,4,True,2149.0,5.537459283387622,0.12,-8.33333333333333,0.25,0.0,2346.5,-3.3454080545493285,593.31,47,0,366,536.69,48.83,878.565,-32.46828635331479
Haryana,Nuh,Rice,2024-25,0.1,0.26,2510.0,4,True,2268.0,10.670194003527335,0.11,-9.090909090909086,0.25,4.000000000000004,2320.333333333333,8.174112914811085,884.79,69,0,365,772.15,40.57,783.48,12.9307704089447
Haryana,Nuh,Wheat,2021-22,0.62,2.65,4262.0,4,True,,,,,,,,,968.02,62,0,365,769.63,168.39,,
Haryana,Nuh,Wheat,2022-23,0.69,2.67,3897.0,4,True,4262.0,-8.564054434537775,0.62,11.290322580645157,2.65,0.7547169811320762,4262.0,-8.564054434537775,789.11,73,1,365,534.01,171.98,968.02,-18.482056155864544
Haryana,Nuh,Wheat,2023-24,0.68,2.66,3911.0,4,True,3897.0,0.359250705671029,0.69,-1.449275362318826,2.67,-0.3745318352059845,4079.5,-4.130408138252236,593.31,47,0,366,536.69,48.83,878.565,-32.46828635331479
Haryana,Nuh,Wheat,2024-25,0.69,2.93,4271.0,4,True,3911.0,9.204806954743033,0.68,1.4705882352941024,2.66,10.150375939849624,4023.3333333333335,6.155758077879035,884.79,69,0,365,772.15,40.57,783.48,12.9307704089447
Haryana,Palwal,Maize,2021-22,0.0,0.0,3134.0,2,False,,,,,,,,,886.71,67,2,365,651.23,201.51,,
Haryana,Palwal,Maize,2023-24,0.0,0.0,3685.0,2,False,3134.0,17.581365666879385,0.0,,0.0,,3134.0,17.581365666879385,739.27,48,0,366,672.37,61.88,863.115,-14.34860939735725
Haryana,Palwal,Rice,2021-22,0.34,0.97,2830.0,4,True,,,,,,,,,886.71,67,2,365,651.23,201.51,,
Haryana,Palwal,Rice,2022-23,0.41,1.08,2652.0,4,True,2830.0,-6.289752650176679,0.34,20.58823529411763,0.97,11.340206185567022,2830.0,-6.289752650176679,839.52,69,1,365,558.86,196.08,886.71,-5.321920357275777
Haryana,Palwal,Rice,2023-24,0.36,1.1,3024.0,4,True,2652.0,14.027149321266968,0.41,-12.19512195121951,1.08,1.8518518518518532,2741.0,10.324699014958044,739.27,48,0,366,672.37,61.88,863.115,-14.34860939735725
Haryana,Palwal,Rice,2024-25,0.38,1.08,2820.0,4,True,3024.0,-6.746031746031746,0.36,5.555555555555561,1.1,-1.8181818181818197,2835.333333333333,-0.540794733129561,892.24,71,1,365,803.61,31.39,821.8333333333334,8.567024944230376
Haryana,Palwal,Wheat,2021-22,0.95,4.39,4641.0,4,True,,,,,,,,,886.71,67,2,365,651.23,201.51,,
Haryana,Palwal,Wheat,2022-23,0.98,4.14,4237.0,4,True,4641.0,-8.705020469726351,0.95,3.157894736842108,4.39,-5.694760820045559,4641.0,-8.705020469726351,839.52,69,1,365,558.86,196.08,886.71,-5.321920357275777
Haryana,Palwal,Wheat,2023-24,0.97,4.36,4503.0,4,True,4237.0,6.278026905829597,0.98,-1.020408163265307,4.14,5.314009661835764,4439.0,1.4417661635503491,739.27,48,0,366,672.37,61.88,863.115,-14.34860939735725
Haryana,Palwal,Wheat,2024-25,0.95,4.2,4439.0,4,True,4503.0,-1.421274705751721,0.97,-2.061855670103095,4.36,-3.6697247706422047,4460.333333333333,-0.4782901128465667,892.24,71,1,365,803.61,31.39,821.8333333333334,8.567024944230376
Haryana,Panchkula,Maize,2021-22,0.04,0.11,2962.0,4,True,,,,,,,,,1297.57,97,0,365,981.67,246.72,,
Haryana,Panchkula,Maize,2022-23,0.03,0.11,3328.0,4,True,2962.0,12.35651586765699,0.04,-25.000000000000007,0.11,0.0,2962.0,12.35651586765699,1567.66,110,1,365,1207.36,181.25,1297.57,20.815062000508654
Haryana,Panchkula,Maize,2023-24,0.04,0.13,3627.0,4,True,3328.0,8.984375,0.03,33.33333333333334,0.11,18.181818181818183,3145.0,15.325914149443562,1301.31,84,3,366,1120.44,152.26,1432.615,-9.16540731459604
Haryana,Panchkula,Maize,2024-25,0.03,0.13,3742.0,4,True,3627.0,3.170664460987042,0.04,-25.000000000000007,0.13,0.0,3305.6666666666665,13.199556317434713,1447.69,111,1,365,1191.42,133.39,1388.8466666666666,4.2368488002035365
Haryana,Panchkula,Rice,2021-22,0.14,0.55,4012.0,4,True,,,,,,,,,1297.57,97,0,365,981.67,246.72,,
Haryana,Panchkula,Rice,2022-23,0.13,0.34,2586.0,4,True,4012.0,-35.54336989032901,0.14,-7.142857142857148,0.55,-38.18181818181819,4012.0,-35.54336989032901,1567.66,110,1,365,1207.36,181.25,1297.57,20.815062000508654
Haryana,Panchkula,Rice,2023-24,0.12,0.59,4819.0,4,True,2586.0,86.34957463263729,0.13,-7.692307692307699,0.34,73.52941176470587,3299.0,46.074568050924526,1301.31,84,3,366,1120.44,152.26,1432.615,-9.16540731459604
Haryana,Panchkula,Rice,2024-25,0.13,0.52,4052.0,4,True,4819.0,-15.91616517949782,0.12,8.333333333333341,0.59,-11.864406779661008,3805.6666666666665,6.472803713760186,1447.69,111,1,365,1191.42,133.39,1388.8466666666666,4.2368488002035365
Haryana,Panchkula,Wheat,2021-22,0.19,0.73,3772.0,4,True,,,,,,,,,1297.57,97,0,365,981.67,246.72,,
Haryana,Panchkula,Wheat,2022-23,0.19,0.74,3832.0,4,True,3772.0,1.5906680805938491,0.19,0.0,0.73,1.3698630136986314,3772.0,1.5906680805938491,1567.66,110,1,365,1207.36,181.25,1297.57,20.815062000508654
Haryana,Panchkula,Wheat,2023-24,0.18,0.75,4071.0,4,True,3832.0,6.236951983298539,0.19,-5.263157894736847,0.74,1.3513513513513526,3802.0,7.075223566543924,1301.31,84,3,366,1120.44,152.26,1432.615,-9.16540731459604
Haryana,Panchkula,Wheat,2024-25,0.18,0.68,3710.0,4,True,4071.0,-8.867600098255956,0.18,0.0,0.75,-9.333333333333329,3891.6666666666665,-4.668094218415414,1447.69,111,1,365,1191.42,133.39,1388.8466666666666,4.2368488002035365
Haryana,Panipat,Maize,2021-22,0.0,0.0,2241.0,4,True,,,,,,,,,1213.88,79,2,365,949.14,207.35,,
Haryana,Panipat,Maize,2022-23,0.0,0.0,2765.0,4,True,2241.0,23.382418563141457,0.0,,0.0,,2241.0,23.382418563141457,1240.21,83,3,365,950.58,182.59,1213.88,2.1690776683032857
Haryana,Panipat,Maize,2023-24,0.0,0.01,3685.0,4,True,2765.0,33.273056057866185,0.0,,0.0,,2503.0,47.22333200159808,734.04,59,0,366,640.19,81.92,1227.045,-40.17823307213673
Haryana,Panipat,Maize,2024-25,0.0,0.0,3714.0,4,True,3685.0,0.7869742198100407,0.0,,0.01,-100.0,2897.0,28.20158784949948,1026.07,85,0,365,837.01,73.23,1062.71,-3.447789142851775
Haryana,Panipat,Rice,2021-22,0.83,2.36,2830.0,4,True,,,,,,,,,1213.88,79,2,365,949.14,207.35,,
Haryana,Panipat,Rice,2022-23,0.8,2.45,3061.0,4,True,2830.0,8.162544169611309,0.83,-3.614457831325292,2.36,3.8135593220339112,2830.0,8.162544169611309,1240.21,83,3,365,950.58,182.59,1213.88,2.1690776683032857
Haryana,Panipat,Rice,2023-24,0.73,2.48,3409.0,4,True,3061.0,11.368833714472396,0.8,-8.750000000000007,2.45,1.2244897959183594,2945.5,15.73586827363775,734.04,59,0,366,640.19,81.92,1227.045,-40.17823307213673
Haryana,Panipat,Rice,2024-25,0.71,2.57,3609.0,4,True,3409.0,5.866823115283074,0.73,-2.739726027397263,2.48,3.6290322580645102,3100.0,16.419354838709676,1026.07,85,0,365,837.01,73.23,1062.71,-3.447789142851775
Haryana,Panipat,Wheat,2021-22,0.84,3.89,4632.0,4,True,,,,,,,,,1213.88,79,2,365,949.14,207.35,,
Haryana,Panipat,Wheat,2022-23,0.84,3.75,4473.0,4,True,4632.0,-3.432642487046632,0.84,0.0,3.89,-3.5989717223650417,4632.0,-3.432642487046632,1240.21,83,3,365,950.58,182.59,1213.88,2.1690776683032857
Haryana,Panipat,Wheat,2023-24,0.81,4.12,5060.0,4,True,4473.0,13.123183545718756,0.84,-3.5714285714285614,3.75,9.866666666666667,4552.5,11.14772103239978,734.04,59,0,366,640.19,81.92,1227.045,-40.17823307213673
Haryana,Panipat,Wheat,2024-25,0.79,3.84,4851.0,4,True,5060.0,-4.130434782608695,0.81,-2.469135802469138,4.12,-6.796116504854374,4721.666666666667,2.7391457818566822,1026.07,85,0,365,837.01,73.23,1062.71,-3.447789142851775
Haryana,Rewari,Maize,2021-22,0.0,0.0,3125.0,2,False,,,,,,,,,968.02,62,0,365,769.63,168.39,,
Haryana,Rewari,Maize,2024-25,0.0,0.0,3714.0,2,False,3125.0,18.848000000000003,0.0,,0.0,,3125.0,18.848000000000003,884.79,69,0,365,772.15,40.57,783.48,12.9307704089447
Haryana,Rewari,Rice,2021-22,0.01,0.02,1976.0,4,True,,,,,,,,,968.02,62,0,365,769.63,168.39,,
Haryana,Rewari,Rice,2022-23,0.02,0.05,2449.0,4,True,1976.0,23.937246963562757,0.01,100.0,0.02,150.0,1976.0,23.937246963562757,789.11,73,1,365,534.01,171.98,968.02,-18.482056155864544
Haryana,Rewari,Rice,2023-24,0.02,0.07,2881.0,4,True,2449.0,17.63985300122499,0.02,0.0,0.05,40.00000000000001,2212.5,30.21468926553672,593.31,47,0,366,536.69,48.83,878.565,-32.46828635331479
Haryana,Rewari,Rice,2024-25,0.03,0.08,2667.0,4,True,2881.0,-7.427976397084346,0.02,49.99999999999999,0.07,14.285714285714276,2435.333333333333,9.512729263618937,884.79,69,0,365,772.15,40.57,783.48,12.9307704089447
Haryana,Rewari,Wheat,2021-22,0.28,1.28,4579.0,4,True,,,,,,,,,968.02,62,0,365,769.63,168.39,,
Haryana,Rewari,Wheat,2022-23,0.33,1.39,4153.0,4,True,4579.0,-9.303341340904128,0.28,17.85714285714285,1.28,8.593749999999991,4579.0,-9.303341340904128,789.11,73,1,365,534.01,171.98,968.02,-18.482056155864544
Haryana,Rewari,Wheat,2023-24,0.31,1.45,4750.0,4,True,4153.0,14.37515049361907,0.33,-6.060606060606066,1.39,4.316546762589932,4366.0,8.795235913879981,593.31,47,0,366,536.69,48.83,878.565,-32.46828635331479
Haryana,Rewari,Wheat,2024-25,0.33,1.44,4395.0,4,True,4750.0,-7.473684210526316,0.31,6.451612903225811,1.45,-0.6896551724137937,4494.0,-2.202937249666222,884.79,69,0,365,772.15,40.57,783.48,12.9307704089447
Haryana,Rohtak,Maize,2021-22,0.0,0.0,3152.0,2,False,,,,,,,,,1161.32,70,1,365,908.52,202.4,,
Haryana,Rohtak,Maize,2024-25,0.0,0.0,3714.0,2,False,3152.0,17.829949238578678,0.0,,0.0,,3152.0,17.829949238578678,933.67,76,0,365,753.51,59.06,944.3833333333333,-1.134426345234107
Haryana,Rohtak,Rice,2021-22,0.67,1.91,2850.0,4,True,,,,,,,,,1161.32,70,1,365,908.52,202.4,,
Haryana,Rohtak,Rice,2022-23,0.79,2.3,2926.0,4,True,2850.0,2.666666666666667,0.67,17.91044776119403,1.91,20.418848167539263,2850.0,2.666666666666667,1029.15,76,0,365,734.63,196.67,1161.32,-11.38101470740191
Haryana,Rohtak,Rice,2023-24,0.78,2.45,3126.0,4,True,2926.0,6.83526999316473,0.79,-1.2658227848101276,2.3,6.521739130434799,2888.0,8.240997229916898,642.68,55,0,366,567.97,65.15,1095.2350000000001,-41.32035590535366
Haryana,Rohtak,Rice,2024-25,0.74,2.15,2899.0,4,True,3126.0,-7.26167626359565,0.78,-5.128205128205133,2.45,-12.244897959183684,2967.333333333333,-2.302853291395197,933.67,76,0,365,753.51,59.06,944.3833333333333,-1.134426345234107
Haryana,Rohtak,Wheat,2021-22,1.01,4.42,4373.0,4,True,,,,,,,,,1161.32,70,1,365,908.52,202.4,,
Haryana,Rohtak,Wheat,2022-23,1.03,4.3,4170.0,4,True,4373.0,-4.642122112965928,1.01,1.980198019801982,4.42,-2.714932126696835,4373.0,-4.642122112965928,1029.15,76,0,365,734.63,196.67,1161.32,-11.38101470740191
Haryana,Rohtak,Wheat,2023-24,1.03,4.7,4554.0,4,True,4170.0,9.20863309352518,1.03,0.0,4.3,9.302325581395356,4271.5,6.613601779234461,642.68,55,0,366,567.97,65.15,1095.2350000000001,-41.32035590535366
Haryana,Rohtak,Wheat,2024-25,1.0,4.47,4476.0,4,True,4554.0,-1.7127799736495388,1.03,-2.912621359223304,4.7,-4.893617021276605,4365.666666666667,2.527296327403215,933.67,76,0,365,753.51,59.06,944.3833333333333,-1.134426345234107
Haryana,Sirsa,Maize,2021-22,0.0,0.0,1765.0,4,True,,,,,,,,,514.11,43,0,365,390.24,95.1,,
Haryana,Sirsa,Maize,2022-23,0.0,0.0,3400.0,4,True,1765.0,92.6345609065156,0.0,,0.0,,1765.0,92.6345609065156,695.17,50,1,365,543.65,52.11,514.11,35.2181439769699
Haryana,Sirsa,Maize,2023-24,0.0,0.0,3685.0,4,True,3400.0,8.38235294117647,0.0,,0.0,,2582.5,42.69119070667957,504.72,39,1,366,348.47,146.27,604.64,-16.525535856046567
Haryana,Sirsa,Maize,2024-25,0.0,0.0,3714.0,4,True,3685.0,0.7869742198100407,0.0,,0.0,,2950.0,25.898305084745765,620.72,54,0,365,507.17,49.35,571.3333333333334,8.644107351225202
Haryana,Sirsa,Rice,2021-22,1.06,3.72,3524.0,4,True,,,,,,,,,514.11,43,0,365,390.24,95.1,,
Haryana,Sirsa,Rice,2022-23,1.13,3.95,3510.0,4,True,3524.0,-0.3972758229284903,1.06,6.603773584905645,3.72,6.18279569892473,3524.0,-0.3972758229284903,695.17,50,1,365,543.65,52.11,514.11,35.2181439769699
Haryana,Sirsa,Rice,2023-24,1.11,3.92,3515.0,4,True,3510.0,0.1424501424501424,1.13,-1.7699115044247606,3.95,-0.7594936708860822,3517.0,-0.0568666477111174,504.72,39,1,366,348.47,146.27,604.64,-16.525535856046567
Haryana,Sirsa,Rice,2024-25,1.36,5.01,3676.0,4,True,3515.0,4.5803698435277385,1.11,22.52252252252252,3.92,27.806122448979583,3516.333333333333,4.540714759692857,620.72,54,0,365,507.17,49.35,571.3333333333334,8.644107351225202
Haryana,Sirsa,Wheat,2021-22,2.58,11.06,4293.0,4,True,,,,,,,,,514.11,43,0,365,390.24,95.1,,
Haryana,Sirsa,Wheat,2022-23,2.7,12.05,4463.0,4,True,4293.0,3.9599347775448406,2.58,4.651162790697678,11.06,8.951175406871611,4293.0,3.9599347775448406,695.17,50,1,365,543.65,52.11,514.11,35.2181439769699
Haryana,Sirsa,Wheat,2023-24,2.7,13.53,5005.0,4,True,4463.0,12.144297557696616,2.7,0.0,12.05,12.282157676348536,4378.0,14.321608040201006,504.72,39,1,366,348.47,146.27,604.64,-16.525535856046567
Haryana,Sirsa,Wheat,2024-25,2.81,14.09,5016.0,4,True,5005.0,0.2197802197802197,2.7,4.07407407407407,13.53,4.138950480413899,4587.0,9.352517985611511,620.72,54,0,365,507.17,49.35,571.3333333333334,8.644107351225202
Haryana,Sonipat,Maize,2021-22,0.01,0.02,3310.0,4,True,,,,,,,,,1161.32,70,1,365,908.52,202.4,,
Haryana,Sonipat,Maize,2022-23,0.0,0.02,3333.0,4,True,3310.0,0.6948640483383686,0.01,-100.0,0.02,0.0,3310.0,0.6948640483383686,1029.15,76,0,365,734.63,196.67,1161.32,-11.38101470740191
Haryana,Sonipat,Maize,2023-24,0.0,0.02,3685.0,4,True,3333.0,10.56105610561056,0.0,,0.02,0.0,3321.5,10.943850669878069,642.68,55,0,366,567.97,65.15,1095.2350000000001,-41.32035590535366
Haryana,Sonipat,Maize,2024-25,0.0,0.01,3714.0,4,True,3685.0,0.7869742198100407,0.0,,0.02,-50.0,3442.6666666666665,7.881487219209919,933.67,76,0,365,753.51,59.06,944.3833333333333,-1.134426345234107
Haryana,Sonipat,Rice,2021-22,1.14,3.05,2676.0,4,True,,,,,,,,,1161.32,70,1,365,908.52,202.4,,
Haryana,Sonipat,Rice,2022-23,1.2,3.45,2880.0,4,True,2676.0,7.623318385650224,1.14,5.263157894736848,3.05,13.114754098360669,2676.0,7.623318385650224,1029.15,76,0,365,734.63,196.67,1161.32,-11.38101470740191
Haryana,Sonipat,Rice,2023-24,1.14,3.24,2856.0,4,True,2880.0,-0.8333333333333334,1.2,-5.000000000000004,3.45,-6.086956521739129,2778.0,2.8077753779697625,642.68,55,0,366,567.97,65.15,1095.2350000000001,-41.32035590535366
Haryana,Sonipat,Rice,2024-25,1.18,3.51,2965.0,4,True,2856.0,3.816526610644258,1.14,3.5087719298245648,3.24,8.33333333333332,2804.0,5.741797432239657,933.67,76,0,365,753.51,59.06,944.3833333333333,-1.134426345234107
Haryana,Sonipat,Wheat,2021-22,1.37,6.46,4720.0,4,True,,,,,,,,,1161.32,70,1,365,908.52,202.4,,
Haryana,Sonipat,Wheat,2022-23,1.39,6.3,4530.0,4,True,4720.0,-4.025423728813559,1.37,1.4598540145985253,6.46,-2.4767801857585163,4720.0,-4.025423728813559,1029.15,76,0,365,734.63,196.67,1161.32,-11.38101470740191
Haryana,Sonipat,Wheat,2023-24,1.37,6.12,4479.0,4,True,4530.0,-1.1258278145695364,1.39,-1.4388489208632946,6.3,-2.8571428571428523,4625.0,-3.1567567567567565,642.68,55,0,366,567.97,65.15,1095.2350000000001,-41.32035590535366
Haryana,Sonipat,Wheat,2024-25,1.39,6.21,4458.0,4,True,4479.0,-0.4688546550569323,1.37,1.4598540145985253,6.12,1.4705882352941153,4576.333333333333,-2.5857673537766708,933.67,76,0,365,753.51,59.06,944.3833333333333,-1.134426345234107
Haryana,Yamunanagar,Maize,2021-22,0.01,0.06,4475.0,4,True,,,,,,,,,1466.25,98,1,365,1132.21,271.56,,
Haryana,Yamunanagar,Maize,2022-23,0.0,0.0,4875.0,4,True,4475.0,8.938547486033519,0.01,-100.0,0.06,-100.0,4475.0,8.938547486033519,1542.93,104,1,365,1171.78,237.36,1466.25,5.229667519181589
Haryana,Yamunanagar,Maize,2023-24,0.0,0.0,3685.0,4,True,4875.0,-24.41025641025641,0.0,,0.0,,4675.0,-21.176470588235293,1252.67,80,2,366,1106.63,127.12,1504.5900000000001,-16.743431765464347
Haryana,Yamunanagar,Maize,2024-25,0.0,0.0,3714.0,4,True,3685.0,0.7869742198100407,0.0,,0.0,,4345.0,-14.522439585730726,1556.73,116,2,365,1296.92,120.48,1420.6166666666668,9.581285122657993
Haryana,Yamunanagar,Rice,2021-22,0.89,3.95,4454.0,4,True,,,,,,,,,1466.25,98,1,365,1132.21,271.56,,
Haryana,Yamunanagar,Rice,2022-23,0.87,2.95,3409.0,4,True,4454.0,-23.46205657835653,0.89,-2.247191011235957,3.95,-25.316455696202528,4454.0,-23.46205657835653,1542.93,104,1,365,1171.78,237.36,1466.25,5.229667519181589
Haryana,Yamunanagar,Rice,2023-24,0.77,3.32,4286.0,4,True,3409.0,25.72601936051628,0.87,-11.494252873563216,2.95,12.54237288135592,3931.5,9.016914663614395,1252.67,80,2,366,1106.63,127.12,1504.5900000000001,-16.743431765464347
Haryana,Yamunanagar,Rice,2024-25,0.77,3.55,4621.0,4,True,4286.0,7.816145590293981,0.77,0.0,3.32,6.927710843373494,4049.6666666666665,14.108157049962964,1556.73,116,2,365,1296.92,120.48,1420.6166666666668,9.581285122657993
Haryana,Yamunanagar,Wheat,2021-22,0.94,4.26,4510.0,4,True,,,,,,,,,1466.25,98,1,365,1132.21,271.56,,
Haryana,Yamunanagar,Wheat,2022-23,0.93,4.77,5143.0,4,True,4510.0,14.035476718403547,0.94,-1.063829787234032,4.26,11.971830985915489,4510.0,14.035476718403547,1542.93,104,1,365,1171.78,237.36,1466.25,5.229667519181589
Haryana,Yamunanagar,Wheat,2023-24,0.95,4.52,4769.0,4,True,5143.0,-7.272020221660509,0.93,2.150537634408592,4.77,-5.241090146750524,4826.5,-1.1913394799544184,1252.67,80,2,366,1106.63,127.12,1504.5900000000001,-16.743431765464347
Haryana,Yamunanagar,Wheat,2024-25,0.99,4.96,5002.0,4,True,4769.0,4.885720276787586,0.95,4.210526315789478,4.52,9.734513274336292,4807.333333333333,4.049369019553466,1556.73,116,2,365,1296.92,120.48,1420.6166666666668,9.581285122657993
Punjab,Amritsar,Maize,2021-22,0.01,0.03,3714.0,4,True,,,,,,,,,1191.8,83,1,365,862.78,296.58,,
Punjab,Amritsar,Maize,2022-23,0.02,0.07,4063.0,4,True,3714.0,9.396876682821755,0.01,100.0,0.03,133.33333333333337,3714.0,9.396876682821755,1397.78,108,2,365,1086.75,183.77,1191.8,17.28310119147508
Punjab,Amritsar,Maize,2023-24,0.02,0.03,1832.0,4,True,4063.0,-54.9101649027812,0.02,0.0,0.07,-57.14285714285715,3888.5,-52.886717243152894,1271.93,92,1,366,941.29,248.1,1294.79,-1.7655372685918103
Punjab,Amritsar,Maize,2024-25,0.0,0.01,4600.0,4,True,1832.0,151.09170305676855,0.02,-100.0,0.03,-66.66666666666666,3203.0,43.61536059943803,1158.33,92,0,365,926.78,154.49,1287.17,-10.009555847323986
Punjab,Amritsar,Rice,2021-22,1.83,6.59,3601.0,4,True,,,,,,,,,1191.8,83,1,365,862.78,296.58,,
Punjab,Amritsar,Rice,2022-23,1.81,6.44,3558.0,4,True,3601.0,-1.1941127464593169,1.83,-1.0928961748633887,6.59,-2.276176024279203,3601.0,-1.1941127464593169,1397.78,108,2,365,1086.75,183.77,1191.8,17.28310119147508
Punjab,Amritsar,Rice,2023-24,1.81,5.79,3197.0,4,True,3558.0,-10.146149522203483,1.81,0.0,6.44,-10.09316770186336,3579.5,-10.685849979047353,1271.93,92,1,366,941.29,248.1,1294.79,-1.7655372685918103
Punjab,Amritsar,Rice,2024-25,1.82,6.27,3438.0,4,True,3197.0,7.538317172349076,1.81,0.5524861878453043,5.79,8.2901554404145,3452.0,-0.4055619930475087,1158.33,92,0,365,926.78,154.49,1287.17,-10.009555847323986
Punjab,Amritsar,Wheat,2021-22,1.89,8.43,4453.0,4,True,,,,,,,,,1191.8,83,1,365,862.78,296.58,,
Punjab,Amritsar,Wheat,2022-23,1.89,9.05,4788.0,4,True,4453.0,7.52301818998428,1.89,0.0,8.43,7.354685646500606,4453.0,7.52301818998428,1397.78,108,2,365,1086.75,183.77,1191.8,17.28310119147508
Punjab,Amritsar,Wheat,2023-24,1.89,9.33,4949.0,4,True,4788.0,3.3625730994152043,1.89,0.0,9.05,3.093922651933694,4620.5,7.109620170977167,1271.93,92,1,366,941.29,248.1,1294.79,-1.7655372685918103
Punjab,Amritsar,Wheat,2024-25,1.86,9.67,5188.0,4,True,4949.0,4.829258436047686,1.89,-1.5873015873015772,9.33,3.644158628081456,4730.0,9.682875264270614,1158.33,92,0,365,926.78,154.49,1287.17,-10.009555847323986
Punjab,Barnala,Maize,2024-25,0.0,0.0,4200.0,1,False,,,,,,,,,804.41,71,0,365,675.29,76.85,897.8100000000001,-10.403091968233822
Punjab,Barnala,Rice,2021-22,1.16,5.51,4746.0,4,True,,,,,,,,,768.5,55,0,365,548.1,177.91,,
Punjab,Barnala,Rice,2022-23,1.15,6.01,5249.0,4,True,4746.0,10.598398651495996,1.16,-0.8620689655172422,5.51,9.074410163339383,4746.0,10.598398651495996,928.09,73,0,365,726.61,102.26,768.5,20.76642810670137
Punjab,Barnala,Rice,2023-24,1.15,6.1,5327.0,4,True,5249.0,1.4859973328253,1.15,0.0,6.01,1.4975041597337746,4997.5,6.593296648324162,996.84,61,1,366,847.4200000000001,133.62,848.2950000000001,17.511007373614127
Punjab,Barnala,Rice,2024-25,1.15,5.62,4909.0,4,True,5327.0,-7.846818096489581,1.15,0.0,6.1,-7.868852459016386,5107.333333333333,-3.883305051559842,804.41,71,0,365,675.29,76.85,897.8100000000001,-10.403091968233822
Punjab,Barnala,Wheat,2021-22,1.15,5.25,4573.0,4,True,,,,,,,,,768.5,55,0,365,548.1,177.91,,
Punjab,Barnala,Wheat,2022-23,1.13,5.74,5063.0,4,True,4573.0,10.71506669582331,1.15,-1.7391304347826104,5.25,9.333333333333336,4573.0,10.71506669582331,928.09,73,0,365,726.61,102.26,768.5,20.76642810670137
Punjab,Barnala,Wheat,2023-24,1.13,6.28,5544.0,4,True,5063.0,9.500296267035354,1.13,0.0,5.74,9.40766550522648,4818.0,15.068493150684931,996.84,61,1,366,847.4200000000001,133.62,848.2950000000001,17.511007373614127
Punjab,Barnala,Wheat,2024-25,1.14,6.03,5276.0,4,True,5544.0,-4.834054834054834,1.13,0.8849557522123902,6.28,-3.980891719745223,5060.0,4.2687747035573125,804.41,71,0,365,675.29,76.85,897.8100000000001,-10.403091968233822
Punjab,Bathinda,Maize,2021-22,0.0,0.0,4000.0,4,True,,,,,,,,,542.75,49,0,365,386.46,127.02,,
Punjab,Bathinda,Maize,2022-23,0.0,0.01,4500.0,4,True,4000.0,12.5,0.0,,0.0,,4000.0,12.5,795.59,64,1,365,634.07,66.41,542.75,46.584983878397054
Punjab,Bathinda,Maize,2023-24,0.01,0.02,3827.0,4,True,4500.0,-14.955555555555556,0.0,,0.01,100.0,4250.0,-9.952941176470588,646.88,51,2,366,499.49,135.98999999999998,669.1700000000001,-3.330992124572243
Punjab,Bathinda,Maize,2024-25,0.0,0.0,4200.0,4,True,3827.0,9.746537758035014,0.01,-100.0,0.02,-100.0,4109.0,2.2146507666098807,643.8100000000001,61,0,365,538.7,53.61,661.74,-2.7095233777616508
Punjab,Bathinda,Rice,2021-22,1.8,8.29,4595.0,4,True,,,,,,,,,542.75,49,0,365,386.46,127.02,,
Punjab,Bathinda,Rice,2022-23,1.9,9.01,4747.0,4,True,4595.0,3.3079434167573445,1.8,5.555555555555548,8.29,8.685162846803387,4595.0,3.3079434167573445,795.59,64,1,365,634.07,66.41,542.75,46.584983878397054
Punjab,Bathinda,Rice,2023-24,2.0,9.49,4745.0,4,True,4747.0,-0.0421318727617442,1.9,5.263157894736848,9.01,5.327413984461714,4671.0,1.5842432027403124,646.88,51,2,366,499.49,135.98999999999998,669.1700000000001,-3.330992124572243
Punjab,Bathinda,Rice,2024-25,2.17,9.81,4530.0,4,True,4745.0,-4.531085353003162,2.0,8.499999999999996,9.49,3.3719704952581697,4695.666666666667,-3.5280755306310847,643.8100000000001,61,0,365,538.7,53.61,661.74,-2.7095233777616508
Punjab,Bathinda,Wheat,2021-22,2.61,11.49,4407.0,4,True,,,,,,,,,542.75,49,0,365,386.46,127.02,,
Punjab,Bathinda,Wheat,2022-23,2.54,12.57,4950.0,4,True,4407.0,12.3213070115725,2.61,-2.6819923371647447,11.49,9.39947780678851,4407.0,12.3213070115725,795.59,64,1,365,634.07,66.41,542.75,46.584983878397054
Punjab,Bathinda,Wheat,2023-24,2.54,12.68,4986.0,4,True,4950.0,0.7272727272727273,2.54,0.0,12.57,0.8750994431185316,4678.5,6.572619429304265,646.88,51,2,366,499.49,135.98999999999998,669.1700000000001,-3.330992124572243
Punjab,Bathinda,Wheat,2024-25,2.55,13.66,5350.0,4,True,4986.0,7.300441235459286,2.54,0.3937007874015664,12.68,7.728706624605682,4781.0,11.901275883706337,643.8100000000001,61,0,365,538.7,53.61,661.74,-2.7095233777616508
Punjab,Faridkot,Maize,2021-22,0.0,0.01,4000.0,1,False,,,,,,,,,630.93,52,0,365,435.01,169.97,,
Punjab,Faridkot,Rice,2021-22,1.16,5.03,4347.0,4,True,,,,,,,,,630.93,52,0,365,435.01,169.97,,
Punjab,Faridkot,Rice,2022-23,1.16,5.19,4478.0,4,True,4347.0,3.01357257878997,1.16,0.0,5.03,3.180914512922468,4347.0,3.01357257878997,865.5600000000001,66,1,365,692.84,81.98,630.93,37.18796062954688
Punjab,Faridkot,Rice,2023-24,1.17,5.4,4618.0,4,True,4478.0,3.126395712371594,1.16,0.8620689655172422,5.19,4.046242774566473,4412.5,4.657223796033994,843.99,63,1,366,699.77,129.9,748.245,12.795942505462785
Punjab,Faridkot,Rice,2024-25,1.17,5.14,4388.0,4,True,4618.0,-4.980511043741879,1.17,0.0,5.4,-4.814814814814827,4481.0,-2.075429591609016,708.94,63,0,365,605.97,62.09,780.16,-9.128896636587356
Punjab,Faridkot,Wheat,2021-22,1.16,5.29,4580.0,4,True,,,,,,,,,630.93,52,0,365,435.01,169.97,,
Punjab,Faridkot,Wheat,2022-23,1.15,5.05,4376.0,4,True,4580.0,-4.45414847161572,1.16,-0.8620689655172422,5.29,-4.536862003780722,4580.0,-4.45414847161572,865.5600000000001,66,1,365,692.84,81.98,630.93,37.18796062954688
Punjab,Faridkot,Wheat,2023-24,1.15,6.04,5258.0,4,True,4376.0,20.155393053016454,1.15,0.0,5.05,19.603960396039607,4478.0,17.418490397498886,843.99,63,1,366,699.77,129.9,748.245,12.795942505462785
Punjab,Faridkot,Wheat,2024-25,1.15,6.08,5289.0,4,True,5258.0,0.5895777862305058,1.15,0.0,6.04,0.6622516556291397,4738.0,11.629379485014772,708.94,63,0,365,605.97,62.09,780.16,-9.128896636587356
Punjab,Fatehgarh Sahib,Maize,2022-23,0.0,0.01,4500.0,3,False,,,,,,,,,1202.13,88,2,365,931.57,135.18,968.74,24.092119660590054
Punjab,Fatehgarh Sahib,Maize,2023-24,0.0,0.01,3827.0,3,False,4500.0,-14.955555555555556,0.0,,0.01,0.0,4500.0,-14.955555555555556,1093.66,72,3,366,934.04,137.46,1085.435,0.7577607134466953
Punjab,Fatehgarh Sahib,Maize,2024-25,0.0,0.01,4250.0,3,False,3827.0,11.053044159916384,0.0,,0.01,0.0,4163.5,2.0775789600096077,1047.61,97,0,365,865.21,101.54,1088.1766666666667,-3.7279485867797355
Punjab,Fatehgarh Sahib,Rice,2021-22,0.87,4.12,4719.0,4,True,,,,,,,,,968.74,66,0,365,705.04,206.19,,
Punjab,Fatehgarh Sahib,Rice,2022-23,0.87,3.52,4027.0,4,True,4719.0,-14.664123755032843,0.87,0.0,4.12,-14.563106796116507,4719.0,-14.664123755032843,1202.13,88,2,365,931.57,135.18,968.74,24.092119660590054
Punjab,Fatehgarh Sahib,Rice,2023-24,0.87,4.18,4784.0,4,True,4027.0,18.79811273901167,0.87,0.0,3.52,18.749999999999996,4373.0,9.398582209009833,1093.66,72,3,366,934.04,137.46,1085.435,0.7577607134466953
Punjab,Fatehgarh Sahib,Rice,2024-25,0.88,4.1,4675.0,4,True,4784.0,-2.278428093645485,0.87,1.1494252873563229,4.18,-1.913875598086126,4510.0,3.658536585365853,1047.61,97,0,365,865.21,101.54,1088.1766666666667,-3.7279485867797355
Punjab,Fatehgarh Sahib,Wheat,2021-22,0.85,2.9,3400.0,4,True,,,,,,,,,968.74,66,0,365,705.04,206.19,,
Punjab,Fatehgarh Sahib,Wheat,2022-23,0.85,4.05,4789.0,4,True,3400.0,40.85294117647059,0.85,0.0,2.9,39.655172413793096,3400.0,40.85294117647059,1202.13,88,2,365,931.57,135.18,968.74,24.092119660590054
Punjab,Fatehgarh Sahib,Wheat,2023-24,0.85,4.17,4938.0,4,True,4789.0,3.11129672165379,0.85,0.0,4.05,2.962962962962966,4094.5,20.600805959213577,1093.66,72,3,366,934.04,137.46,1085.435,0.7577607134466953
Punjab,Fatehgarh Sahib,Wheat,2024-25,0.85,4.47,5249.0,4,True,4938.0,6.298096395301742,0.85,0.0,4.17,7.194244604316542,4375.666666666667,19.958863411289705,1047.61,97,0,365,865.21,101.54,1088.1766666666667,-3.7279485867797355
Punjab,Fazilka,Maize,2021-22,0.0,0.01,4000.0,3,False,,,,,,,,,487.25,43,0,365,313.42,158.55,,
Punjab,Fazilka,Maize,2022-23,0.0,0.02,6000.0,3,False,4000.0,50.0,0.0,,0.01,100.0,4000.0,50.0,859.34,62,2,365,690.92,72.92,487.25,76.36531554643408
Punjab,Fazilka,Maize,2024-25,0.0,0.02,5600.0,3,False,6000.0,-6.666666666666667,0.0,,0.02,0.0,5000.0,12.0,633.51,57,0,365,554.6899999999999,49.05,663.36,-4.499819102749641
Punjab,Fazilka,Rice,2021-22,1.13,3.55,3139.0,4,True,,,,,,,,,487.25,43,0,365,313.42,158.55,,
Punjab,Fazilka,Rice,2022-23,1.08,3.79,3503.0,4,True,3139.0,11.596049697355843,1.13,-4.424778761061932,3.55,6.760563380281696,3139.0,11.596049697355843,859.34,62,2,365,690.92,72.92,487.25,76.36531554643408
Punjab,Fazilka,Rice,2023-24,1.16,3.81,3271.0,4,True,3503.0,-6.622894661718528,1.08,7.407407407407393,3.79,0.5277044854881272,3321.0,-1.5055706112616682,643.49,55,0,366,517.6899999999999,111.73,673.2950000000001,-4.426737165729741
Punjab,Fazilka,Rice,2024-25,1.28,4.29,3349.0,4,True,3271.0,2.3845918679302964,1.16,10.344827586206906,3.81,12.598425196850393,3304.333333333333,1.3517603147382178,633.51,57,0,365,554.6899999999999,49.05,663.36,-4.499819102749641
Punjab,Fazilka,Wheat,2021-22,2.04,8.73,4277.0,4,True,,,,,,,,,487.25,43,0,365,313.42,158.55,,
Punjab,Fazilka,Wheat,2022-23,2.0,9.25,4625.0,4,True,4277.0,8.136544306757072,2.04,-1.960784313725492,8.73,5.956471935853374,4277.0,8.136544306757072,859.34,62,2,365,690.92,72.92,487.25,76.36531554643408
Punjab,Fazilka,Wheat,2023-24,1.98,9.98,5041.0,4,True,4625.0,8.994594594594595,2.0,-1.0000000000000009,9.25,7.891891891891896,4451.0,13.255448213884522,643.49,55,0,366,517.6899999999999,111.73,673.2950000000001,-4.426737165729741
Punjab,Fazilka,Wheat,2024-25,1.97,9.73,4947.0,4,True,5041.0,-1.864709383058917,1.98,-0.5050505050505055,9.98,-2.50501002004008,4647.666666666667,6.440507781682559,633.51,57,0,365,554.6899999999999,49.05,663.36,-4.499819102749641
Punjab,Ferozepur,Maize,2021-22,0.01,0.02,2667.0,2,False,,,,,,,,,894.26,70,0,365,635.34,222.9,,
Punjab,Ferozepur,Maize,2024-25,0.0,0.0,4200.0,2,False,2667.0,57.48031496062992,0.01,-100.0,0.02,-100.0,2667.0,57.48031496062992,926.82,81,0,365,776.07,98.12,1053.5933333333332,-12.032472997171572
Punjab,Ferozepur,Rice,2021-22,1.88,8.27,4404.0,4,True,,,,,,,,,894.26,70,0,365,635.34,222.9,,
Punjab,Ferozepur,Rice,2022-23,1.87,8.97,4789.0,4,True,4404.0,8.742052679382379,1.88,-0.5319148936170099,8.27,8.464328899637257,4404.0,8.742052679382379,1060.71,91,0,365,819.01,124.46,894.26,18.613155010846963
Punjab,Ferozepur,Rice,2023-24,1.87,8.53,4553.0,4,True,4789.0,-4.927959908122782,1.87,0.0,8.97,-4.905239687848397,4596.5,-0.946372239747634,1205.81,80,2,366,1035.64,147.34,977.485,23.358414707131047
Punjab,Ferozepur,Rice,2024-25,1.87,8.72,4672.0,4,True,4553.0,2.6136613222051395,1.87,0.0,8.53,2.227432590855818,4582.0,1.9642077695329552,926.82,81,0,365,776.07,98.12,1053.5933333333332,-12.032472997171572
Punjab,Ferozepur,Wheat,2021-22,1.88,8.21,4372.0,4,True,,,,,,,,,894.26,70,0,365,635.34,222.9,,
Punjab,Ferozepur,Wheat,2022-23,1.89,9.06,4801.0,4,True,4372.0,9.812442817932295,1.88,0.5319148936170218,8.21,10.353227771010957,4372.0,9.812442817932295,1060.71,91,0,365,819.01,124.46,894.26,18.613155010846963
Punjab,Ferozepur,Wheat,2023-24,1.89,9.65,5120.0,4,True,4801.0,6.644449073109769,1.89,0.0,9.06,6.512141280353199,4586.5,11.63196337076202,1205.81,80,2,366,1035.64,147.34,977.485,23.358414707131047
Punjab,Ferozepur,Wheat,2024-25,1.87,9.79,5223.0,4,True,5120.0,2.01171875,1.89,-1.0582010582010477,9.65,1.4507772020725265,4764.333333333333,9.627090184006164,926.82,81,0,365,776.07,98.12,1053.5933333333332,-12.032472997171572
Punjab,Gurdaspur,Maize,2021-22,0.0,0.01,2250.0,4,True,,,,,,,,,1191.8,83,1,365,862.78,296.58,,
Punjab,Gurdaspur,Maize,2022-23,0.0,0.02,3750.0,4,True,2250.0,66.66666666666666,0.0,,0.01,100.0,2250.0,66.66666666666666,1397.78,108,2,365,1086.75,183.77,1191.8,17.28310119147508
Punjab,Gurdaspur,Maize,2023-24,0.01,0.03,2972.0,4,True,3750.0,-20.746666666666663,0.0,,0.02,49.99999999999999,3000.0,-0.9333333333333336,1271.93,92,1,366,941.29,248.1,1294.79,-1.7655372685918103
Punjab,Gurdaspur,Maize,2024-25,0.0,0.01,3600.0,4,True,2972.0,21.13055181695828,0.01,-100.0,0.03,-66.66666666666666,2990.6666666666665,20.374498439589843,1158.33,92,0,365,926.78,154.49,1287.17,-10.009555847323986
Punjab,Gurdaspur,Rice,2021-22,1.75,6.71,3843.0,4,True,,,,,,,,,1191.8,83,1,365,862.78,296.58,,
Punjab,Gurdaspur,Rice,2022-23,1.73,6.31,3643.0,4,True,3843.0,-5.204267499349466,1.75,-1.142857142857144,6.71,-5.961251862891213,3843.0,-5.204267499349466,1397.78,108,2,365,1086.75,183.77,1191.8,17.28310119147508
Punjab,Gurdaspur,Rice,2023-24,1.74,6.97,4013.0,4,True,3643.0,10.156464452374417,1.73,0.5780346820809253,6.31,10.459587955625992,3743.0,7.213465134918515,1271.93,92,1,366,941.29,248.1,1294.79,-1.7655372685918103
Punjab,Gurdaspur,Rice,2024-25,1.73,7.04,4072.0,4,True,4013.0,1.470221779217543,1.74,-0.5747126436781614,6.97,1.0043041606886698,3833.0,6.235324810853117,1158.33,92,0,365,926.78,154.49,1287.17,-10.009555847323986
Punjab,Gurdaspur,Wheat,2021-22,1.84,7.77,4221.0,4,True,,,,,,,,,1191.8,83,1,365,862.78,296.58,,
Punjab,Gurdaspur,Wheat,2022-23,1.85,8.2,4432.0,4,True,4221.0,4.99881544657664,1.84,0.5434782608695656,7.77,5.534105534105531,4221.0,4.99881544657664,1397.78,108,2,365,1086.75,183.77,1191.8,17.28310119147508
Punjab,Gurdaspur,Wheat,2023-24,1.85,8.79,4751.0,4,True,4432.0,7.197653429602887,1.85,0.0,8.2,7.195121951219512,4326.5,9.811626025655842,1271.93,92,1,366,941.29,248.1,1294.79,-1.7655372685918103
Punjab,Gurdaspur,Wheat,2024-25,1.86,8.99,4834.0,4,True,4751.0,1.7470006314460114,1.85,0.540540540540541,8.79,2.275312855517646,4468.0,8.19158460161146,1158.33,92,0,365,926.78,154.49,1287.17,-10.009555847323986
Punjab,Hoshiarpur,Maize,2021-22,0.53,2.15,4076.0,4,True,,,,,,,,,1123.34,82,1,365,822.7099999999999,267.03,,
Punjab,Hoshiarpur,Maize,2022-23,0.45,2.23,4914.0,4,True,4076.0,20.559371933267908,0.53,-15.094339622641511,2.15,3.720930232558143,4076.0,20.559371933267908,1365.91,108,0,365,1051.81,173.36,1123.34,21.593640393825574
Punjab,Hoshiarpur,Maize,2023-24,0.45,1.73,3817.0,4,True,4914.0,-22.323972323972324,0.45,0.0,2.23,-22.421524663677133,4495.0,-15.083426028921023,1348.79,86,3,366,1113.02,194.39,1244.625,8.369187506276988
Punjab,Hoshiarpur,Maize,2024-25,0.42,1.57,3765.0,4,True,3817.0,-1.362326434372544,0.45,-6.666666666666672,1.73,-9.248554913294791,4269.0,-11.806043569922698,1146.52,92,0,365,937.61,142.27,1279.3466666666666,-10.382382674490099
Punjab,Hoshiarpur,Rice,2021-22,0.77,2.91,3794.0,4,True,,,,,,,,,1123.34,82,1,365,822.7099999999999,267.03,,
Punjab,Hoshiarpur,Rice,2022-23,0.81,2.55,3148.0,4,True,3794.0,-17.02688455455983,0.77,5.194805194805199,2.91,-12.371134020618566,3794.0,-17.02688455455983,1365.91,108,0,365,1051.81,173.36,1123.34,21.593640393825574
Punjab,Hoshiarpur,Rice,2023-24,0.79,3.14,4003.0,4,True,3148.0,27.16010165184244,0.81,-2.469135802469138,2.55,23.1372549019608,3471.0,15.326995102276,1348.79,86,3,366,1113.02,194.39,1244.625,8.369187506276988
Punjab,Hoshiarpur,Rice,2024-25,0.8,3.44,4319.0,4,True,4003.0,7.894079440419685,0.79,1.2658227848101276,3.14,9.554140127388528,3648.3333333333335,18.382823206943804,1146.52,92,0,365,937.61,142.27,1279.3466666666666,-10.382382674490099
Punjab,Hoshiarpur,Wheat,2021-22,1.42,5.15,3622.0,4,True,,,,,,,,,1123.34,82,1,365,822.7099999999999,267.03,,
Punjab,Hoshiarpur,Wheat,2022-23,1.42,5.71,4028.0,4,True,3622.0,11.209276642738818,1.42,0.0,5.15,10.873786407766982,3622.0,11.209276642738818,1365.91,108,0,365,1051.81,173.36,1123.34,21.593640393825574
Punjab,Hoshiarpur,Wheat,2023-24,1.44,5.97,4146.0,4,True,4028.0,2.929493545183714,1.42,1.4084507042253531,5.71,4.5534150612959685,3825.0,8.392156862745098,1348.79,86,3,366,1113.02,194.39,1244.625,8.369187506276988
Punjab,Hoshiarpur,Wheat,2024-25,1.46,6.33,4345.0,4,True,4146.0,4.799807042932947,1.44,1.3888888888888902,5.97,6.03015075376885,3932.0,10.50356052899288,1146.52,92,0,365,937.61,142.27,1279.3466666666666,-10.382382674490099
Punjab,Jalandhar,Maize,2021-22,0.04,0.16,3659.0,4,True,,,,,,,,,1123.34,82,1,365,822.7099999999999,267.03,,
Punjab,Jalandhar,Maize,2022-23,0.05,0.18,4022.0,4,True,3659.0,9.92074337250615,0.04,25.000000000000007,0.16,12.499999999999991,3659.0,9.92074337250615,1365.91,108,0,365,1051.81,173.36,1123.34,21.593640393825574
Punjab,Jalandhar,Maize,2023-24,0.04,0.18,4508.0,4,True,4022.0,12.083540527100944,0.05,-20.000000000000004,0.18,0.0,3840.5,17.380549407629214,1348.79,86,3,366,1113.02,194.39,1244.625,8.369187506276988
Punjab,Jalandhar,Maize,2024-25,0.04,0.16,4078.0,4,True,4508.0,-9.538598047914816,0.04,0.0,0.18,-11.111111111111107,4063.0,0.3691853310361802,1146.52,92,0,365,937.61,142.27,1279.3466666666666,-10.382382674490099
Punjab,Jalandhar,Rice,2021-22,1.75,7.47,4276.0,4,True,,,,,,,,,1123.34,82,1,365,822.7099999999999,267.03,,
Punjab,Jalandhar,Rice,2022-23,1.76,7.33,4174.0,4,True,4276.0,-2.385406922357343,1.75,0.571428571428572,7.47,-1.8741633199464485,4276.0,-2.385406922357343,1365.91,108,0,365,1051.81,173.36,1123.34,21.593640393825574
Punjab,Jalandhar,Rice,2023-24,1.74,7.8,4491.0,4,True,4174.0,7.59463344513656,1.76,-1.1363636363636374,7.33,6.412005457025917,4225.0,6.295857988165681,1348.79,86,3,366,1113.02,194.39,1244.625,8.369187506276988
Punjab,Jalandhar,Rice,2024-25,1.76,7.91,4507.0,4,True,4491.0,0.3562680917390336,1.74,1.1494252873563229,7.8,1.4102564102564144,4313.666666666667,4.481879298354062,1146.52,92,0,365,937.61,142.27,1279.3466666666666,-10.382382674490099
Punjab,Jalandhar,Wheat,2021-22,1.73,7.32,4224.0,4,True,,,,,,,,,1123.34,82,1,365,822.7099999999999,267.03,,
Punjab,Jalandhar,Wheat,2022-23,1.73,7.54,4350.0,4,True,4224.0,2.9829545454545454,1.73,0.0,7.32,3.005464480874313,4224.0,2.9829545454545454,1365.91,108,0,365,1051.81,173.36,1123.34,21.593640393825574
Punjab,Jalandhar,Wheat,2023-24,1.74,8.2,4728.0,4,True,4350.0,8.689655172413794,1.73,0.5780346820809253,7.54,8.753315649867364,4287.0,10.286913925822256,1348.79,86,3,366,1113.02,194.39,1244.625,8.369187506276988
Punjab,Jalandhar,Wheat,2024-25,1.73,8.69,5012.0,4,True,4728.0,6.006768189509306,1.74,-0.5747126436781614,8.2,5.9756097560975645,4434.0,13.035633739287324,1146.52,92,0,365,937.61,142.27,1279.3466666666666,-10.382382674490099
Punjab,Kapurthala,Maize,2021-22,0.01,0.04,5125.0,4,True,,,,,,,,,967.55,72,0,365,691.05,255.76,,
Punjab,Kapurthala,Maize,2022-23,0.01,0.03,2700.0,4,True,5125.0,-47.3170731707317,0.01,0.0,0.04,-25.000000000000007,5125.0,-47.3170731707317,1106.64,93,1,365,883.05,126.58,967.55,14.37548447108678
Punjab,Kapurthala,Maize,2023-24,0.01,0.03,2553.0,4,True,2700.0,-5.444444444444444,0.01,0.0,0.03,0.0,3912.5,-34.74760383386582,1135.06,80,2,366,916.38,179.38,1037.095,9.4460970306481
Punjab,Kapurthala,Maize,2024-25,0.01,0.05,4091.0,4,True,2553.0,60.24285154719937,0.01,0.0,0.03,66.66666666666669,3459.333333333333,18.259780304490263,963.72,81,0,365,799.17,109.19,1069.75,-9.91166160317831
Punjab,Kapurthala,Rice,2021-22,1.19,5.03,4220.0,4,True,,,,,,,,,967.55,72,0,365,691.05,255.76,,
Punjab,Kapurthala,Rice,2022-23,1.19,5.09,4274.0,4,True,4220.0,1.2796208530805688,1.19,0.0,5.03,1.1928429423459166,4220.0,1.2796208530805688,1106.64,93,1,365,883.05,126.58,967.55,14.37548447108678
Punjab,Kapurthala,Rice,2023-24,1.19,5.52,4634.0,4,True,4274.0,8.423022929340195,1.19,0.0,5.09,8.447937131630642,4247.0,9.112314574994114,1135.06,80,2,366,916.38,179.38,1037.095,9.4460970306481
Punjab,Kapurthala,Rice,2024-25,1.17,5.59,4791.0,4,True,4634.0,3.3880017263703066,1.19,-1.6806722689075646,5.52,1.2681159420289907,4376.0,9.483546617915906,963.72,81,0,365,799.17,109.19,1069.75,-9.91166160317831
Punjab,Kapurthala,Wheat,2021-22,1.1,4.39,3991.0,4,True,,,,,,,,,967.55,72,0,365,691.05,255.76,,
Punjab,Kapurthala,Wheat,2022-23,1.09,4.84,4459.0,4,True,3991.0,11.726384364820849,1.1,-0.9090909090909096,4.39,10.25056947608201,3991.0,11.726384364820849,1106.64,93,1,365,883.05,126.58,967.55,14.37548447108678
Punjab,Kapurthala,Wheat,2023-24,1.06,5.23,4923.0,4,True,4459.0,10.405920610002244,1.09,-2.752293577981653,4.84,8.057851239669434,4225.0,16.5207100591716,1135.06,80,2,366,916.38,179.38,1037.095,9.4460970306481
Punjab,Kapurthala,Wheat,2024-25,1.07,5.49,5111.0,4,True,4923.0,3.818809668901076,1.06,0.9433962264150952,5.23,4.971319311663476,4457.666666666667,14.656397218275622,963.72,81,0,365,799.17,109.19,1069.75,-9.91166160317831
Punjab,Ludhiana,Maize,2021-22,0.01,0.03,2833.0,4,True,,,,,,,,,894.26,70,0,365,635.34,222.9,,
Punjab,Ludhiana,Maize,2022-23,0.01,0.02,2667.0,4,True,2833.0,-5.85951288386869,0.01,0.0,0.03,-33.33333333333333,2833.0,-5.85951288386869,1060.71,91,0,365,819.01,124.46,894.26,18.613155010846963
Punjab,Ludhiana,Maize,2023-24,0.01,0.03,3112.0,4,True,2667.0,16.6854143232096,0.01,0.0,0.02,49.99999999999999,2750.0,13.163636363636364,1205.81,80,2,366,1035.64,147.34,977.485,23.358414707131047
Punjab,Ludhiana,Maize,2024-25,0.01,0.02,3660.0,4,True,3112.0,17.60925449871465,0.01,0.0,0.03,-33.33333333333333,2870.6666666666665,27.496516488620536,926.82,81,0,365,776.07,98.12,1053.5933333333332,-12.032472997171572
Punjab,Ludhiana,Rice,2021-22,2.59,12.46,4816.0,4,True,,,,,,,,,894.26,70,0,365,635.34,222.9,,
Punjab,Ludhiana,Rice,2022-23,2.59,12.36,4776.0,4,True,4816.0,-0.8305647840531563,2.59,0.0,12.46,-0.8025682182985667,4816.0,-0.8305647840531563,1060.71,91,0,365,819.01,124.46,894.26,18.613155010846963
Punjab,Ludhiana,Rice,2023-24,2.59,13.14,5076.0,4,True,4776.0,6.281407035175879,2.59,0.0,12.36,6.310679611650495,4796.0,5.838198498748957,1205.81,80,2,366,1035.64,147.34,977.485,23.358414707131047
Punjab,Ludhiana,Rice,2024-25,2.58,12.42,4812.0,4,True,5076.0,-5.200945626477541,2.59,-0.3861003861003779,13.14,-5.479452054794525,4889.333333333333,-1.5816743932369723,926.82,81,0,365,776.07,98.12,1053.5933333333332,-12.032472997171572
Punjab,Ludhiana,Wheat,2021-22,2.44,10.44,4275.0,4,True,,,,,,,,,894.26,70,0,365,635.34,222.9,,
Punjab,Ludhiana,Wheat,2022-23,2.45,11.23,4591.0,4,True,4275.0,7.391812865497076,2.44,0.4098360655737799,10.44,7.567049808429129,4275.0,7.391812865497076,1060.71,91,0,365,819.01,124.46,894.26,18.613155010846963
Punjab,Ludhiana,Wheat,2023-24,2.44,12.18,4999.0,4,True,4591.0,8.886952733609235,2.45,-0.4081632653061318,11.23,8.459483526268915,4433.0,12.767877284006316,1205.81,80,2,366,1035.64,147.34,977.485,23.358414707131047
Punjab,Ludhiana,Wheat,2024-25,2.4,12.33,5132.0,4,True,4999.0,2.660532106421284,2.44,-1.6393442622950831,12.18,1.231527093596062,4621.666666666667,11.042192571222497,926.82,81,0,365,776.07,98.12,1053.5933333333332,-12.032472997171572
Punjab,Malerkotla,Maize,2021-22,0.0,0.0,4000.0,4,True,,,,,,,,,768.5,55,0,365,548.1,177.91,,
Punjab,Malerkotla,Maize,2022-23,0.0,0.01,4500.0,4,True,4000.0,12.5,0.0,,0.0,,4000.0,12.5,928.09,73,0,365,726.61,102.26,768.5,20.76642810670137
Punjab,Malerkotla,Maize,2023-24,0.0,0.01,3827.0,4,True,4500.0,-14.955555555555556,0.0,,0.01,0.0,4250.0,-9.952941176470588,996.84,61,1,366,847.4200000000001,133.62,848.2950000000001,17.511007373614127
Punjab,Malerkotla,Maize,2024-25,0.0,0.01,4250.0,4,True,3827.0,11.053044159916384,0.0,,0.01,0.0,4109.0,3.4314918471647604,804.41,71,0,365,675.29,76.85,897.8100000000001,-10.403091968233822
Punjab,Malerkotla,Rice,2021-22,0.53,2.79,5254.0,4,True,,,,,,,,,768.5,55,0,365,548.1,177.91,,
Punjab,Malerkotla,Rice,2022-23,0.53,2.77,5236.0,4,True,5254.0,-0.3425961172440045,0.53,0.0,2.79,-0.7168458781362014,5254.0,-0.3425961172440045,928.09,73,0,365,726.61,102.26,768.5,20.76642810670137
Punjab,Malerkotla,Rice,2023-24,0.53,2.98,5642.0,4,True,5236.0,7.754010695187167,0.53,0.0,2.77,7.581227436823103,5245.0,7.569113441372736,996.84,61,1,366,847.4200000000001,133.62,848.2950000000001,17.511007373614127
Punjab,Malerkotla,Rice,2024-25,0.53,2.83,5328.0,4,True,5642.0,-5.565402339595888,0.53,0.0,2.98,-5.033557046979863,5377.333333333333,-0.917431192660545,804.41,71,0,365,675.29,76.85,897.8100000000001,-10.403091968233822
Punjab,Malerkotla,Wheat,2021-22,0.52,2.27,4332.0,4,True,,,,,,,,,768.5,55,0,365,548.1,177.91,,
Punjab,Malerkotla,Wheat,2022-23,0.52,2.59,4962.0,4,True,4332.0,14.542936288088642,0.52,0.0,2.27,14.096916299559464,4332.0,14.542936288088642,928.09,73,0,365,726.61,102.26,768.5,20.76642810670137
Punjab,Malerkotla,Wheat,2023-24,0.52,2.85,5485.0,4,True,4962.0,10.540104796453043,0.52,0.0,2.59,10.038610038610049,4647.0,18.03313965999569,996.84,61,1,366,847.4200000000001,133.62,848.2950000000001,17.511007373614127
Punjab,Malerkotla,Wheat,2024-25,0.52,2.84,5439.0,4,True,5485.0,-0.8386508659981768,0.52,0.0,2.85,-0.3508771929824642,4926.333333333333,10.406658095946955,804.41,71,0,365,675.29,76.85,897.8100000000001,-10.403091968233822
Punjab,Mansa,Maize,2021-22,0.0,0.0,4000.0,4,True,,,,,,,,,711.85,54,0,365,525.18,140.17,,
Punjab,Mansa,Maize,2022-23,0.0,0.0,4000.0,4,True,4000.0,0.0,0.0,,0.0,,4000.0,0.0,835.71,67,1,365,657.51,86.58,711.85,17.399733089836346
Punjab,Mansa,Maize,2023-24,0.0,0.0,3827.0,4,True,4000.0,-4.324999999999999,0.0,,0.0,,4000.0,-4.324999999999999,728.2,59,2,366,565.85,149.09,773.78,-5.890563209180895
Punjab,Mansa,Maize,2024-25,0.0,0.0,4200.0,4,True,3827.0,9.746537758035014,0.0,,0.0,,3942.3333333333335,6.53589244948,721.61,69,0,365,584.47,68.26,758.5866666666667,-4.87441557985025
Punjab,Mansa,Rice,2021-22,1.23,5.61,4572.0,4,True,,,,,,,,,711.85,54,0,365,525.18,140.17,,
Punjab,Mansa,Rice,2022-23,1.26,5.93,4695.0,4,True,4572.0,2.690288713910761,1.23,2.4390243902439046,5.61,5.704099821746869,4572.0,2.690288713910761,835.71,67,1,365,657.51,86.58,711.85,17.399733089836346
Punjab,Mansa,Rice,2023-24,1.34,6.16,4608.0,4,True,4695.0,-1.853035143769968,1.26,6.349206349206354,5.93,3.878583473861728,4633.5,-0.5503399158303658,728.2,59,2,366,565.85,149.09,773.78,-5.890563209180895
Punjab,Mansa,Rice,2024-25,1.44,6.38,4434.0,4,True,4608.0,-3.7760416666666665,1.34,7.462686567164169,6.16,3.571428571428567,4625.0,-4.129729729729729,721.61,69,0,365,584.47,68.26,758.5866666666667,-4.87441557985025
Punjab,Mansa,Wheat,2021-22,1.73,7.68,4452.0,4,True,,,,,,,,,711.85,54,0,365,525.18,140.17,,
Punjab,Mansa,Wheat,2022-23,1.71,8.54,5001.0,4,True,4452.0,12.331536388140162,1.73,-1.156069364161851,7.68,11.19791666666666,4452.0,12.331536388140162,835.71,67,1,365,657.51,86.58,711.85,17.399733089836346
Punjab,Mansa,Wheat,2023-24,1.73,9.57,5537.0,4,True,5001.0,10.717856428714258,1.71,1.1695906432748548,8.54,12.060889929742403,4726.5,17.147995345392996,728.2,59,2,366,565.85,149.09,773.78,-5.890563209180895
Punjab,Mansa,Wheat,2024-25,1.72,9.08,5276.0,4,True,5537.0,-4.713743904641503,1.73,-0.5780346820809253,9.57,-5.120167189132709,4996.666666666667,5.590393595730481,721.61,69,0,365,584.47,68.26,758.5866666666667,-4.87441557985025
Punjab,Moga,Maize,2021-22,0.0,0.02,5000.0,4,True,,,,,,,,,773.82,61,0,365,536.71,216.24,,
Punjab,Moga,Maize,2022-23,0.0,0.01,5500.0,4,True,5000.0,10.0,0.0,,0.02,-50.0,5000.0,10.0,935.08,78,1,365,748.33,98.34,773.82,20.839471711767594
Punjab,Moga,Maize,2023-24,0.0,0.01,3827.0,4,True,5500.0,-30.418181818181814,0.0,,0.01,0.0,5250.0,-27.104761904761904,1010.65,66,2,366,846.42,143.09,854.45,18.280765404646253
Punjab,Moga,Maize,2024-25,0.0,0.01,4250.0,4,True,3827.0,11.053044159916384,0.0,,0.01,0.0,4775.666666666667,-11.007189223145115,809.16,70,0,365,687.26,79.33,906.5166666666668,-10.739644426467628
Punjab,Moga,Rice,2021-22,1.82,8.61,4739.0,4,True,,,,,,,,,773.82,61,0,365,536.71,216.24,,
Punjab,Moga,Rice,2022-23,1.83,9.27,5060.0,4,True,4739.0,6.773580924245621,1.82,0.5494505494505499,8.61,7.665505226480838,4739.0,6.773580924245621,935.08,78,1,365,748.33,98.34,773.82,20.839471711767594
Punjab,Moga,Rice,2023-24,1.83,9.46,5163.0,4,True,5060.0,2.0355731225296445,1.83,0.0,9.27,2.0496224379719665,4899.5,5.378099806102664,1010.65,66,2,366,846.42,143.09,854.45,18.280765404646253
Punjab,Moga,Rice,2024-25,1.85,8.72,4721.0,4,True,5163.0,-8.560914197172186,1.83,1.0928961748633887,9.46,-7.822410147991545,4987.333333333333,-5.340195161074717,809.16,70,0,365,687.26,79.33,906.5166666666668,-10.739644426467628
Punjab,Moga,Wheat,2021-22,1.78,7.78,4373.0,4,True,,,,,,,,,773.82,61,0,365,536.71,216.24,,
Punjab,Moga,Wheat,2022-23,1.78,8.46,4752.0,4,True,4373.0,8.66681911731077,1.78,0.0,7.78,8.740359897172244,4373.0,8.66681911731077,935.08,78,1,365,748.33,98.34,773.82,20.839471711767594
Punjab,Moga,Wheat,2023-24,1.78,9.54,5370.0,4,True,4752.0,13.005050505050503,1.78,0.0,8.46,12.76595744680849,4562.5,17.698630136986303,1010.65,66,2,366,846.42,143.09,854.45,18.280765404646253
Punjab,Moga,Wheat,2024-25,1.76,9.44,5360.0,4,True,5370.0,-0.186219739292365,1.78,-1.1235955056179785,9.54,-1.048218029350101,4831.666666666667,10.934805105208683,809.16,70,0,365,687.26,79.33,906.5166666666668,-10.739644426467628
Punjab,Pathankot,Maize,2021-22,0.06,0.24,4034.0,4,True,,,,,,,,,1420.5,113,1,365,991.02,374.77,,
Punjab,Pathankot,Maize,2022-23,0.07,0.19,2714.0,4,True,4034.0,-32.72186415468518,0.06,16.666666666666682,0.24,-20.83333333333333,4034.0,-32.72186415468518,1913.02,136,0,365,1328.35,354.51,1420.5,34.67229848644843
Punjab,Pathankot,Maize,2023-24,0.07,0.22,3199.0,4,True,2714.0,17.87030213706706,0.07,0.0,0.19,15.789473684210526,3374.0,-5.186721991701245,1534.46,111,1,366,987.11,402.75,1666.76,-7.937555496892171
Punjab,Pathankot,Maize,2024-25,0.06,0.2,3313.0,4,True,3199.0,3.563613629259144,0.07,-14.285714285714295,0.22,-9.090909090909086,3315.6666666666665,-0.0804262591736156,1449.33,109,0,365,1046.6,279.9,1622.6599999999999,-10.68184339294738
Punjab,Pathankot,Rice,2021-22,0.28,0.97,3514.0,4,True,,,,,,,,,1420.5,113,1,365,991.02,374.77,,
Punjab,Pathankot,Rice,2022-23,0.3,0.82,2724.0,4,True,3514.0,-22.481502561183834,0.28,7.142857142857128,0.97,-15.4639175257732,3514.0,-22.481502561183834,1913.02,136,0,365,1328.35,354.51,1420.5,34.67229848644843
Punjab,Pathankot,Rice,2023-24,0.3,1.19,3952.0,4,True,2724.0,45.08076358296623,0.3,0.0,0.82,45.1219512195122,3119.0,26.70727797370952,1534.46,111,1,366,987.11,402.75,1666.76,-7.937555496892171
Punjab,Pathankot,Rice,2024-25,0.27,1.0,3648.0,4,True,3952.0,-7.6923076923076925,0.3,-9.999999999999991,1.19,-15.966386554621844,3396.6666666666665,7.3994111874386705,1449.33,109,0,365,1046.6,279.9,1622.6599999999999,-10.68184339294738
Punjab,Pathankot,Wheat,2021-22,0.39,1.44,3655.0,4,True,,,,,,,,,1420.5,113,1,365,991.02,374.77,,
Punjab,Pathankot,Wheat,2022-23,0.4,1.6,3998.0,4,True,3655.0,9.384404924760602,0.39,2.5641025641025665,1.44,11.11111111111112,3655.0,9.384404924760602,1913.02,136,0,365,1328.35,354.51,1420.5,34.67229848644843
Punjab,Pathankot,Wheat,2023-24,0.41,1.62,3993.0,4,True,3998.0,-0.1250625312656328,0.4,2.4999999999999885,1.6,1.250000000000001,3826.5,4.351234809878479,1534.46,111,1,366,987.11,402.75,1666.76,-7.937555496892171
Punjab,Pathankot,Wheat,2024-25,0.4,1.68,4184.0,4,True,3993.0,4.783370899073378,0.41,-2.4390243902438917,1.62,3.703703703703693,3882.0,7.779495105615662,1449.33,109,0,365,1046.6,279.9,1622.6599999999999,-10.68184339294738
Punjab,Patiala,Maize,2022-23,0.01,0.02,2714.0,3,False,,,,,,,,,1107.44,77,2,365,874.65,123.35,964.2,14.855839037544078
Punjab,Patiala,Maize,2023-24,0.01,0.02,2746.0,3,False,2714.0,1.1790714812085483,0.01,0.0,0.02,0.0,2714.0,1.1790714812085483,807.19,65,3,366,664.9,125.79,1035.8200000000002,-22.072367785908757
Punjab,Patiala,Maize,2024-25,0.01,0.04,5029.0,3,False,2746.0,83.13911143481427,0.01,0.0,0.02,100.0,2730.0,84.21245421245422,892.31,78,0,365,718.95,84.78999999999999,959.61,-7.01326580590032
Punjab,Patiala,Rice,2021-22,2.34,10.08,4313.0,4,True,,,,,,,,,964.2,67,2,365,730.62,175.89,,
Punjab,Patiala,Rice,2022-23,2.34,9.66,4135.0,4,True,4313.0,-4.1270577324368185,2.34,0.0,10.08,-4.166666666666666,4313.0,-4.1270577324368185,1107.44,77,2,365,874.65,123.35,964.2,14.855839037544078
Punjab,Patiala,Rice,2023-24,2.34,10.54,4514.0,4,True,4135.0,9.16565900846433,2.34,0.0,9.66,9.109730848861274,4224.0,6.865530303030303,807.19,65,3,366,664.9,125.79,1035.8200000000002,-22.072367785908757
Punjab,Patiala,Rice,2024-25,2.33,10.45,4483.0,4,True,4514.0,-0.6867523260965884,2.34,-0.4273504273504183,10.54,-0.8538899430740025,4320.666666666667,3.75713624440672,892.31,78,0,365,718.95,84.78999999999999,959.61,-7.01326580590032
Punjab,Patiala,Wheat,2021-22,2.34,9.07,3884.0,4,True,,,,,,,,,964.2,67,2,365,730.62,175.89,,
Punjab,Patiala,Wheat,2022-23,2.33,11.45,4908.0,4,True,3884.0,26.364572605561275,2.34,-0.4273504273504183,9.07,26.24035281146636,3884.0,26.364572605561275,1107.44,77,2,365,874.65,123.35,964.2,14.855839037544078
Punjab,Patiala,Wheat,2023-24,2.33,11.54,4957.0,4,True,4908.0,0.9983700081499592,2.33,0.0,11.45,0.7860262008733613,4396.0,12.76160145586897,807.19,65,3,366,664.9,125.79,1035.8200000000002,-22.072367785908757
Punjab,Patiala,Wheat,2024-25,2.31,11.65,5038.0,4,True,4957.0,1.6340528545491224,2.33,-0.858369098712447,11.54,0.9532062391681214,4583.0,9.92799476325551,892.31,78,0,365,718.95,84.78999999999999,959.61,-7.01326580590032
Punjab,Rupnagar,Maize,2021-22,0.07,0.29,4056.0,4,True,,,,,,,,,1060.59,82,0,365,753.01,246.11,,
Punjab,Rupnagar,Maize,2022-23,0.21,0.82,3980.0,4,True,4056.0,-1.8737672583826428,0.07,199.99999999999997,0.29,182.7586206896552,4056.0,-1.8737672583826428,1359.03,109,1,365,1016.23,161.34,1060.59,28.13905467711369
Punjab,Rupnagar,Maize,2023-24,0.2,0.83,4066.0,4,True,3980.0,2.1608040201005023,0.21,-4.761904761904753,0.82,1.2195121951219523,4018.0,1.1946241911398707,1308.7,84,3,366,1099.77,174.77,1209.81,8.174010795083534
Punjab,Rupnagar,Maize,2024-25,0.2,1.12,5534.0,4,True,4066.0,36.10427939006394,0.2,0.0,0.83,34.93975903614459,4034.0,37.18393653941497,1191.48,107,1,365,972.22,134.83,1242.7733333333333,-4.127328126341084
Punjab,Rupnagar,Rice,2021-22,0.4,1.69,4214.0,4,True,,,,,,,,,1060.59,82,0,365,753.01,246.11,,
Punjab,Rupnagar,Rice,2022-23,0.41,1.49,3652.0,4,True,4214.0,-13.336497389653536,0.4,2.4999999999999885,1.69,-11.834319526627215,4214.0,-13.336497389653536,1359.03,109,1,365,1016.23,161.34,1060.59,28.13905467711369
Punjab,Rupnagar,Rice,2023-24,0.41,1.69,4143.0,4,True,3652.0,13.444687842278205,0.41,0.0,1.49,13.422818791946304,3933.0,5.339435545385203,1308.7,84,3,366,1099.77,174.77,1209.81,8.174010795083534
Punjab,Rupnagar,Rice,2024-25,0.42,1.71,4108.0,4,True,4143.0,-0.8447984552256819,0.41,2.4390243902439046,1.69,1.1834319526627228,4003.0,2.623032725455908,1191.48,107,1,365,972.22,134.83,1242.7733333333333,-4.127328126341084
Punjab,Rupnagar,Wheat,2021-22,0.69,2.48,3615.0,4,True,,,,,,,,,1060.59,82,0,365,753.01,246.11,,
Punjab,Rupnagar,Wheat,2022-23,0.68,3.06,4511.0,4,True,3615.0,24.785615491009683,0.69,-1.449275362318826,2.48,23.38709677419355,3615.0,24.785615491009683,1359.03,109,1,365,1016.23,161.34,1060.59,28.13905467711369
Punjab,Rupnagar,Wheat,2023-24,0.67,3.2,4759.0,4,True,4511.0,5.497672356461982,0.68,-1.4705882352941189,3.06,4.575163398692815,4063.0,17.13019936007876,1308.7,84,3,366,1099.77,174.77,1209.81,8.174010795083534
Punjab,Rupnagar,Wheat,2024-25,0.67,3.12,4630.0,4,True,4759.0,-2.710653498634167,0.67,0.0,3.2,-2.500000000000002,4295.0,7.799767171129219,1191.48,107,1,365,972.22,134.83,1242.7733333333333,-4.127328126341084
Punjab,S.A.S Nagar,Maize,2021-22,0.01,0.02,3000.0,4,True,,,,,,,,,1297.57,97,0,365,981.67,246.72,,
Punjab,S.A.S Nagar,Maize,2022-23,0.03,0.1,2912.0,4,True,3000.0,-2.933333333333333,0.01,199.99999999999997,0.02,400.0,3000.0,-2.933333333333333,1567.66,110,1,365,1207.36,181.25,1297.57,20.815062000508654
Punjab,S.A.S Nagar,Maize,2023-24,0.05,0.16,3531.0,4,True,2912.0,21.25686813186813,0.03,66.66666666666669,0.1,60.0,2956.0,19.45196211096076,1301.31,84,3,366,1120.44,152.26,1432.615,-9.16540731459604
Punjab,S.A.S Nagar,Maize,2024-25,0.05,0.2,4551.0,4,True,3531.0,28.88700084961767,0.05,0.0,0.16,25.000000000000007,3147.6666666666665,44.58328920893784,1447.69,111,1,365,1191.42,133.39,1388.8466666666666,4.2368488002035365
Punjab,S.A.S Nagar,Rice,2021-22,0.32,1.13,3509.0,4,True,,,,,,,,,1297.57,97,0,365,981.67,246.72,,
Punjab,S.A.S Nagar,Rice,2022-23,0.42,1.27,3024.0,4,True,3509.0,-13.821601595896263,0.32,31.249999999999996,1.13,12.389380530973463,3509.0,-13.821601595896263,1567.66,110,1,365,1207.36,181.25,1297.57,20.815062000508654
Punjab,S.A.S Nagar,Rice,2023-24,0.34,1.35,4030.0,4,True,3024.0,33.267195767195766,0.42,-19.04761904761904,1.27,6.2992125984252025,3266.5,23.373641512322056,1301.31,84,3,366,1120.44,152.26,1432.615,-9.16540731459604
Punjab,S.A.S Nagar,Rice,2024-25,0.33,1.27,3884.0,4,True,4030.0,-3.6228287841191062,0.34,-2.9411764705882377,1.35,-5.925925925925931,3521.0,10.309571144561204,1447.69,111,1,365,1191.42,133.39,1388.8466666666666,4.2368488002035365
Punjab,S.A.S Nagar,Wheat,2021-22,0.5,1.86,3713.0,4,True,,,,,,,,,1297.57,97,0,365,981.67,246.72,,
Punjab,S.A.S Nagar,Wheat,2022-23,0.53,2.17,4094.0,4,True,3713.0,10.26124427686507,0.5,6.000000000000005,1.86,16.666666666666657,3713.0,10.26124427686507,1567.66,110,1,365,1207.36,181.25,1297.57,20.815062000508654
Punjab,S.A.S Nagar,Wheat,2023-24,0.52,2.21,4242.0,4,True,4094.0,3.61504640937958,0.53,-1.8867924528301905,2.17,1.843317972350232,3903.5,8.671704880235685,1301.31,84,3,366,1120.44,152.26,1432.615,-9.16540731459604
Punjab,S.A.S Nagar,Wheat,2024-25,0.52,2.41,4680.0,4,True,4242.0,10.325318246110324,0.52,0.0,2.21,9.049773755656116,4016.3333333333335,16.5241928790771,1447.69,111,1,365,1191.42,133.39,1388.8466666666666,4.2368488002035365
Punjab,Sangrur,Maize,2021-22,0.0,0.01,4000.0,4,True,,,,,,,,,711.85,54,0,365,525.18,140.17,,
Punjab,Sangrur,Maize,2022-23,0.0,0.0,4000.0,4,True,4000.0,0.0,0.0,,0.01,-100.0,4000.0,0.0,835.71,67,1,365,657.51,86.58,711.85,17.399733089836346
Punjab,Sangrur,Maize,2023-24,0.0,0.01,3827.0,4,True,4000.0,-4.324999999999999,0.0,,0.0,,4000.0,-4.324999999999999,728.2,59,2,366,565.85,149.09,773.78,-5.890563209180895
Punjab,Sangrur,Maize,2024-25,0.0,0.0,4200.0,4,True,3827.0,9.746537758035014,0.0,,0.01,-100.0,3942.3333333333335,6.53589244948,721.61,69,0,365,584.47,68.26,758.5866666666667,-4.87441557985025
Punjab,Sangrur,Rice,2021-22,2.39,11.95,5006.0,4,True,,,,,,,,,711.85,54,0,365,525.18,140.17,,
Punjab,Sangrur,Rice,2022-23,2.39,12.31,5157.0,4,True,5006.0,3.016380343587695,2.39,0.0,11.95,3.0125523012552406,5006.0,3.016380343587695,835.71,67,1,365,657.51,86.58,711.85,17.399733089836346
Punjab,Sangrur,Rice,2023-24,2.39,12.35,5177.0,4,True,5157.0,0.3878223773511732,2.39,0.0,12.31,0.3249390739236323,5081.5,1.8793663288399092,728.2,59,2,366,565.85,149.09,773.78,-5.890563209180895
Punjab,Sangrur,Rice,2024-25,2.41,11.69,4853.0,4,True,5177.0,-6.258450840254974,2.39,0.836820083682009,12.35,-5.344129554655871,5113.333333333333,-5.091264667535849,721.61,69,0,365,584.47,68.26,758.5866666666667,-4.87441557985025
Punjab,Sangrur,Wheat,2021-22,2.39,9.89,4142.0,4,True,,,,,,,,,711.85,54,0,365,525.18,140.17,,
Punjab,Sangrur,Wheat,2022-23,2.39,12.58,5269.0,4,True,4142.0,27.209077740222117,2.39,0.0,9.89,27.19919110212335,4142.0,27.209077740222117,835.71,67,1,365,657.51,86.58,711.85,17.399733089836346
Punjab,Sangrur,Wheat,2023-24,2.39,13.23,5529.0,4,True,5269.0,4.9345226798253945,2.39,0.0,12.58,5.166931637519875,4705.5,17.500796939751353,728.2,59,2,366,565.85,149.09,773.78,-5.890563209180895
Punjab,Sangrur,Wheat,2024-25,2.4,13.25,5519.0,4,True,5529.0,-0.1808645324651835,2.39,0.4184100418409952,13.23,0.151171579743005,4980.0,10.823293172690764,721.61,69,0,365,584.47,68.26,758.5866666666667,-4.87441557985025
Punjab,Shahid Bhagat Singh Nagar,Maize,2021-22,0.21,0.68,3159.0,4,True,,,,,,,,,1060.59,82,0,365,753.01,246.11,,
Punjab,Shahid Bhagat Singh Nagar,Maize,2022-23,0.07,0.36,5600.0,4,True,3159.0,77.27128838239949,0.21,-66.66666666666666,0.68,-47.05882352941177,3159.0,77.27128838239949,1359.03,109,1,365,1016.23,161.34,1060.59,28.13905467711369
Punjab,Shahid Bhagat Singh Nagar,Maize,2023-24,0.07,0.3,4677.0,4,True,5600.0,-16.482142857142858,0.07,0.0,0.36,-16.666666666666664,4379.5,6.793012901016097,1308.7,84,3,366,1099.77,174.77,1209.81,8.174010795083534
Punjab,Shahid Bhagat Singh Nagar,Maize,2024-25,0.05,0.26,4819.0,4,True,4677.0,3.036134274107334,0.07,-28.571428571428577,0.3,-13.333333333333329,4478.666666666667,7.598987793986297,781.01,69,1,184,739.73,41.28,1242.7733333333333,-37.15587717792464
Punjab,Shahid Bhagat Singh Nagar,Rice,2021-22,0.61,2.75,4516.0,4,True,,,,,,,,,1060.59,82,0,365,753.01,246.11,,
Punjab,Shahid Bhagat Singh Nagar,Rice,2022-23,0.63,2.24,3556.0,4,True,4516.0,-21.257750221434897,0.61,3.2786885245901667,2.75,-18.545454545454536,4516.0,-21.257750221434897,1359.03,109,1,365,1016.23,161.34,1060.59,28.13905467711369
Punjab,Shahid Bhagat Singh Nagar,Rice,2023-24,0.63,2.92,4622.0,4,True,3556.0,29.977502812148483,0.63,0.0,2.24,30.357142857142843,4036.0,14.519326065411295,1308.7,84,3,366,1099.77,174.77,1209.81,8.174010795083534
Punjab,Shahid Bhagat Singh Nagar,Rice,2024-25,0.63,2.87,4538.0,4,True,4622.0,-1.8173950670705323,0.63,0.0,2.92,-1.7123287671232816,4231.333333333333,7.247518512683166,781.01,69,1,184,739.73,41.28,1242.7733333333333,-37.15587717792464
Punjab,Shahid Bhagat Singh Nagar,Wheat,2021-22,0.77,2.99,3868.0,4,True,,,,,,,,,1060.59,82,0,365,753.01,246.11,,
Punjab,Shahid Bhagat Singh Nagar,Wheat,2022-23,0.78,3.86,4946.0,4,True,3868.0,27.86970010341261,0.77,1.2987012987012998,2.99,29.09698996655517,3868.0,27.86970010341261,1359.03,109,1,365,1016.23,161.34,1060.59,28.13905467711369
Punjab,Shahid Bhagat Singh Nagar,Wheat,2023-24,0.78,3.7,4756.0,4,True,4946.0,-3.841488071168621,0.78,0.0,3.86,-4.145077720207246,4407.0,7.919219423644202,1308.7,84,3,366,1099.77,174.77,1209.81,8.174010795083534
Punjab,Shahid Bhagat Singh Nagar,Wheat,2024-25,0.78,3.9,5019.0,4,True,4756.0,5.529857022708158,0.78,0.0,3.7,5.405405405405398,4523.333333333333,10.957995578481954,781.01,69,1,184,739.73,41.28,1242.7733333333333,-37.15587717792464
Punjab,Sri Muktsar Sahib,Maize,2021-22,0.08,0.41,5338.0,2,False,,,,,,,,,487.25,43,0,365,313.42,158.55,,
Punjab,Sri Muktsar Sahib,Maize,2022-23,0.0,0.01,4500.0,2,False,5338.0,-15.698763581865869,0.08,-100.0,0.41,-97.5609756097561,5338.0,-15.698763581865869,859.34,62,2,365,690.92,72.92,487.25,76.36531554643408
Punjab,Sri Muktsar Sahib,Rice,2021-22,1.83,7.66,4177.0,4,True,,,,,,,,,487.25,43,0,365,313.42,158.55,,
Punjab,Sri Muktsar Sahib,Rice,2022-23,1.83,7.54,4120.0,4,True,4177.0,-1.364615752932727,1.83,0.0,7.66,-1.5665796344647531,4177.0,-1.364615752932727,859.34,62,2,365,690.92,72.92,487.25,76.36531554643408
Punjab,Sri Muktsar Sahib,Rice,2023-24,1.88,7.64,4075.0,4,True,4120.0,-1.0922330097087378,1.83,2.73224043715846,7.54,1.3262599469495973,4148.5,-1.771724719778233,643.49,55,0,366,517.6899999999999,111.73,673.2950000000001,-4.426737165729741
Punjab,Sri Muktsar Sahib,Rice,2024-25,2.02,8.41,4173.0,4,True,4075.0,2.4049079754601226,1.88,7.446808510638305,7.64,10.07853403141362,4124.0,1.1881668283220177,633.51,57,0,365,554.6899999999999,49.05,663.36,-4.499819102749641
Punjab,Sri Muktsar Sahib,Wheat,2021-22,2.19,9.92,4526.0,4,True,,,,,,,,,487.25,43,0,365,313.42,158.55,,
Punjab,Sri Muktsar Sahib,Wheat,2022-23,2.17,10.19,4694.0,4,True,4526.0,3.7118868758285455,2.19,-0.9132420091324208,9.92,2.721774193548383,4526.0,3.7118868758285455,859.34,62,2,365,690.92,72.92,487.25,76.36531554643408
Punjab,Sri Muktsar Sahib,Wheat,2023-24,2.17,11.8,5444.0,4,True,4694.0,15.977844056242011,2.17,0.0,10.19,15.799803729146234,4610.0,18.09110629067245,643.49,55,0,366,517.6899999999999,111.73,673.2950000000001,-4.426737165729741
Punjab,Sri Muktsar Sahib,Wheat,2024-25,2.18,11.71,5379.0,4,True,5444.0,-1.1939750183688465,2.17,0.4608294930875682,11.8,-0.7627118644067784,4888.0,10.045008183306056,633.51,57,0,365,554.6899999999999,49.05,663.36,-4.499819102749641
Punjab,Tarn Taran,Maize,2021-22,0.0,0.01,4000.0,4,True,,,,,,,,,967.55,72,0,365,691.05,255.76,,
Punjab,Tarn Taran,Maize,2022-23,0.0,0.01,4333.0,4,True,4000.0,8.325000000000001,0.0,,0.01,0.0,4000.0,8.325000000000001,1106.64,93,1,365,883.05,126.58,967.55,14.37548447108678
Punjab,Tarn Taran,Maize,2023-24,0.0,0.01,3827.0,4,True,4333.0,-11.677821370874684,0.0,,0.01,0.0,4166.5,-8.148325933037322,1135.06,80,2,366,916.38,179.38,1037.095,9.4460970306481
Punjab,Tarn Taran,Maize,2024-25,0.0,0.0,4200.0,4,True,3827.0,9.746537758035014,0.0,,0.01,-100.0,4053.3333333333335,3.618421052631575,963.72,81,0,365,799.17,109.19,1069.75,-9.91166160317831
Punjab,Tarn Taran,Rice,2021-22,1.82,7.24,3978.0,4,True,,,,,,,,,967.55,72,0,365,691.05,255.76,,
Punjab,Tarn Taran,Rice,2022-23,1.82,7.64,4189.0,4,True,3978.0,5.304172951231775,1.82,0.0,7.24,5.524861878453031,3978.0,5.304172951231775,1106.64,93,1,365,883.05,126.58,967.55,14.37548447108678
Punjab,Tarn Taran,Rice,2023-24,1.75,7.43,4247.0,4,True,4189.0,1.3845786583910242,1.82,-3.84615384615385,7.64,-2.7486910994764395,4083.5,4.003918207420106,1135.06,80,2,366,916.38,179.38,1037.095,9.4460970306481
Punjab,Tarn Taran,Rice,2024-25,1.85,7.93,4280.0,4,True,4247.0,0.7770190722863198,1.75,5.71428571428572,7.43,6.729475100942127,4138.0,3.4316094731754467,963.72,81,0,365,799.17,109.19,1069.75,-9.91166160317831
Punjab,Tarn Taran,Wheat,2021-22,1.86,7.96,4291.0,4,True,,,,,,,,,967.55,72,0,365,691.05,255.76,,
Punjab,Tarn Taran,Wheat,2022-23,1.9,8.86,4670.0,4,True,4291.0,8.832439990678163,1.86,2.150537634408592,7.96,11.306532663316576,4291.0,8.832439990678163,1106.64,93,1,365,883.05,126.58,967.55,14.37548447108678
Punjab,Tarn Taran,Wheat,2023-24,1.93,9.61,4992.0,4,True,4670.0,6.895074946466809,1.9,1.578947368421054,8.86,8.465011286681715,4480.5,11.416136591898224,1135.06,80,2,366,916.38,179.38,1037.095,9.4460970306481
Punjab,Tarn Taran,Wheat,2024-25,1.93,9.59,4973.0,4,True,4992.0,-0.3806089743589743,1.93,0.0,9.61,-0.2081165452653441,4651.0,6.923242313480972,963.72,81,0,365,799.17,109.19,1069.75,-9.91166160317831
Uttar Pradesh,Agra,Maize,2021-22,0.0,0.01,2900.0,4,True,,,,,,,,,858.71,64,1,365,704.41,138.73,,
Uttar Pradesh,Agra,Maize,2022-23,0.01,0.02,2800.0,4,True,2900.0,-3.4482758620689653,0.0,,0.01,100.0,2900.0,-3.4482758620689653,822.0,79,0,365,620.16,138.59,858.71,-4.275017176928187
Uttar Pradesh,Agra,Maize,2023-24,0.05,0.15,3189.0,4,True,2800.0,13.892857142857142,0.01,400.0,0.02,650.0,2850.0,11.894736842105264,659.05,61,0,366,587.65,61.72,840.355,-21.574810645501017
Uttar Pradesh,Agra,Maize,2024-25,0.01,0.05,3483.0,4,True,3189.0,9.219190968955786,0.05,-80.0,0.15,-66.66666666666666,2963.0,17.549780627742155,1104.7,79,1,365,1051.62,26.07,779.9200000000001,41.64273258795773
Uttar Pradesh,Agra,Rice,2021-22,0.05,0.13,2561.0,4,True,,,,,,,,,858.71,64,1,365,704.41,138.73,,
Uttar Pradesh,Agra,Rice,2022-23,0.07,0.18,2688.0,4,True,2561.0,4.959000390472472,0.05,40.00000000000001,0.13,38.46153846153845,2561.0,4.959000390472472,822.0,79,0,365,620.16,138.59,858.71,-4.275017176928187
Uttar Pradesh,Agra,Rice,2023-24,0.06,0.14,2616.0,4,True,2688.0,-2.6785714285714284,0.07,-14.285714285714295,0.18,-22.22222222222221,2624.5,-0.3238712135644884,659.05,61,0,366,587.65,61.72,840.355,-21.574810645501017
Uttar Pradesh,Agra,Rice,2024-25,0.17,0.47,2729.0,4,True,2616.0,4.319571865443425,0.06,183.33333333333337,0.14,235.7142857142857,2621.6666666666665,4.094087730451372,1104.7,79,1,365,1051.62,26.07,779.9200000000001,41.64273258795773
Uttar Pradesh,Agra,Wheat,2021-22,1.42,5.73,4050.0,4,True,,,,,,,,,858.71,64,1,365,704.41,138.73,,
Uttar Pradesh,Agra,Wheat,2022-23,1.31,5.53,4222.0,4,True,4050.0,4.246913580246914,1.42,-7.746478873239428,5.73,-3.490401396160561,4050.0,4.246913580246914,822.0,79,0,365,620.16,138.59,858.71,-4.275017176928187
Uttar Pradesh,Agra,Wheat,2023-24,1.21,5.1,4229.0,4,True,4222.0,0.1657981999052581,1.31,-7.633587786259549,5.53,-7.775768535262216,4136.0,2.248549323017408,659.05,61,0,366,587.65,61.72,840.355,-21.574810645501017
Uttar Pradesh,Agra,Wheat,2024-25,1.25,5.22,4165.0,4,True,4229.0,-1.5133601324190116,1.21,3.305785123966945,5.1,2.3529411764705905,4167.0,-0.0479961603071754,1104.7,79,1,365,1051.62,26.07,779.9200000000001,41.64273258795773
Uttar Pradesh,Aligarh,Maize,2021-22,0.21,0.53,2452.0,4,True,,,,,,,,,941.67,65,0,365,719.26,188.68,,
Uttar Pradesh,Aligarh,Maize,2022-23,0.23,0.57,2467.0,4,True,2452.0,0.6117455138662317,0.21,9.523809523809533,0.53,7.547169811320741,2452.0,0.6117455138662317,818.96,70,1,365,545.03,187.43,941.67,-13.031104314674986
Uttar Pradesh,Aligarh,Maize,2023-24,0.3,0.87,2889.0,4,True,2467.0,17.105796513984597,0.23,30.43478260869564,0.57,52.63157894736843,2459.5,17.462898963203905,681.55,48,0,366,617.79,56.94,880.315,-22.57884961633053
Uttar Pradesh,Aligarh,Maize,2024-25,0.16,0.48,2997.0,4,True,2889.0,3.738317757009345,0.3,-46.66666666666666,0.87,-44.82758620689656,2602.6666666666665,15.151127049180335,887.1,68,0,365,783.36,36.24,814.06,8.972311623221886
Uttar Pradesh,Aligarh,Rice,2021-22,0.88,2.2,2494.0,4,True,,,,,,,,,941.67,65,0,365,719.26,188.68,,
Uttar Pradesh,Aligarh,Rice,2022-23,0.89,2.23,2500.0,4,True,2494.0,0.2405773857257417,0.88,1.1363636363636374,2.2,1.3636363636363549,2494.0,0.2405773857257417,818.96,70,1,365,545.03,187.43,941.67,-13.031104314674986
Uttar Pradesh,Aligarh,Rice,2023-24,0.84,2.16,2562.0,4,True,2500.0,2.48,0.89,-5.6179775280898925,2.23,-3.1390134529147917,2497.0,2.6031237484981977,681.55,48,0,366,617.79,56.94,880.315,-22.57884961633053
Uttar Pradesh,Aligarh,Rice,2024-25,1.89,4.91,2600.0,4,True,2562.0,1.483216237314598,0.84,124.99999999999996,2.16,127.3148148148148,2518.6666666666665,3.2292218104817425,887.1,68,0,365,783.36,36.24,814.06,8.972311623221886
Uttar Pradesh,Aligarh,Wheat,2021-22,2.33,9.76,4195.0,4,True,,,,,,,,,941.67,65,0,365,719.26,188.68,,
Uttar Pradesh,Aligarh,Wheat,2022-23,1.82,7.64,4196.0,4,True,4195.0,0.0238379022646007,2.33,-21.888412017167383,9.76,-21.72131147540984,4195.0,0.0238379022646007,818.96,70,1,365,545.03,187.43,941.67,-13.031104314674986
Uttar Pradesh,Aligarh,Wheat,2023-24,1.93,7.69,3976.0,4,True,4196.0,-5.243088655862726,1.82,6.043956043956037,7.64,0.6544502617801141,4195.5,-5.231795971874628,681.55,48,0,366,617.79,56.94,880.315,-22.57884961633053
Uttar Pradesh,Aligarh,Wheat,2024-25,1.84,6.94,3764.0,4,True,3976.0,-5.331991951710262,1.93,-4.663212435233153,7.69,-9.752925877763328,4122.333333333333,-8.692488073097755,887.1,68,0,365,783.36,36.24,814.06,8.972311623221886
Uttar Pradesh,Ambedkar Nagar,Maize,2021-22,0.01,0.02,1925.0,4,True,,,,,,,,,1077.82,88,1,365,866.86,178.26,,
Uttar Pradesh,Ambedkar Nagar,Maize,2022-23,0.01,0.01,1687.0,4,True,1925.0,-12.363636363636363,0.01,0.0,0.02,-50.0,1925.0,-12.363636363636363,1009.66,74,1,365,711.31,220.42,1077.82,-6.32387597186914
Uttar Pradesh,Ambedkar Nagar,Maize,2023-24,0.01,0.02,2053.0,4,True,1687.0,21.69531713100178,0.01,0.0,0.01,100.0,1806.0,13.676633444075303,866.36,69,1,366,773.27,89.39999999999999,1043.74,-16.994653840994882
Uttar Pradesh,Ambedkar Nagar,Maize,2024-25,0.0,0.01,2127.0,4,True,2053.0,3.6044812469556735,0.01,-100.0,0.02,-50.0,1888.3333333333333,12.639011473962936,1058.02,76,1,365,993.94,6.989999999999999,984.6133333333333,7.455380115375237
Uttar Pradesh,Ambedkar Nagar,Rice,2021-22,1.28,3.51,2748.0,4,True,,,,,,,,,1077.82,88,1,365,866.86,178.26,,
Uttar Pradesh,Ambedkar Nagar,Rice,2022-23,1.16,3.17,2725.0,4,True,2748.0,-0.8369723435225619,1.28,-9.375000000000009,3.51,-9.686609686609684,2748.0,-0.8369723435225619,1009.66,74,1,365,711.31,220.42,1077.82,-6.32387597186914
Uttar Pradesh,Ambedkar Nagar,Rice,2023-24,1.07,3.14,2927.0,4,True,2725.0,7.412844036697249,1.16,-7.75862068965516,3.17,-0.946372239747628,2736.5,6.961447103964918,866.36,69,1,366,773.27,89.39999999999999,1043.74,-16.994653840994882
Uttar Pradesh,Ambedkar Nagar,Rice,2024-25,1.52,4.76,3129.0,4,True,2927.0,6.901264092927913,1.07,42.05607476635513,3.14,51.59235668789808,2800.0,11.75,1058.02,76,1,365,993.94,6.989999999999999,984.6133333333333,7.455380115375237
Uttar Pradesh,Ambedkar Nagar,Wheat,2021-22,1.24,4.56,3684.0,4,True,,,,,,,,,1077.82,88,1,365,866.86,178.26,,
Uttar Pradesh,Ambedkar Nagar,Wheat,2022-23,1.18,4.02,3398.0,4,True,3684.0,-7.763300760043432,1.24,-4.838709677419359,4.56,-11.842105263157896,3684.0,-7.763300760043432,1009.66,74,1,365,711.31,220.42,1077.82,-6.32387597186914
Uttar Pradesh,Ambedkar Nagar,Wheat,2023-24,1.12,4.0,3557.0,4,True,3398.0,4.679223072395526,1.18,-5.08474576271185,4.02,-0.4975124378109347,3541.0,0.451849759954815,866.36,69,1,366,773.27,89.39999999999999,1043.74,-16.994653840994882
Uttar Pradesh,Ambedkar Nagar,Wheat,2024-25,1.1,4.26,3890.0,4,True,3557.0,9.361821759910036,1.12,-1.785714285714287,4.0,6.499999999999995,3546.333333333333,9.690760409812947,1058.02,76,1,365,993.94,6.989999999999999,984.6133333333333,7.455380115375237
Uttar Pradesh,Amethi,Maize,2021-22,0.01,0.01,1680.0,4,True,,,,,,,,,1144.48,89,1,365,925.28,191.52,,
Uttar Pradesh,Amethi,Maize,2022-23,0.01,0.01,1637.0,4,True,1680.0,-2.5595238095238093,0.01,0.0,0.01,0.0,1680.0,-2.5595238095238093,994.85,76,1,365,715.01,209.03,1144.48,-13.074059835034252
Uttar Pradesh,Amethi,Maize,2023-24,0.02,0.06,2633.0,4,True,1637.0,60.843005497861945,0.01,100.0,0.01,499.9999999999999,1658.5,58.7579137775098,836.5600000000001,74,0,366,736.52,94.07,1069.665,-21.792336853126905
Uttar Pradesh,Amethi,Maize,2024-25,0.01,0.02,3391.0,4,True,2633.0,28.788454234713257,0.02,-50.0,0.06,-66.66666666666666,1983.3333333333333,70.9747899159664,1111.83,80,1,365,1026.02,5.28,991.9633333333335,12.083779978426598
Uttar Pradesh,Amethi,Rice,2021-22,1.2,2.89,2409.0,4,True,,,,,,,,,1144.48,89,1,365,925.28,191.52,,
Uttar Pradesh,Amethi,Rice,2022-23,1.2,3.23,2690.0,4,True,2409.0,11.664591116645912,1.2,0.0,2.89,11.764705882352937,2409.0,11.664591116645912,994.85,76,1,365,715.01,209.03,1144.48,-13.074059835034252
Uttar Pradesh,Amethi,Rice,2023-24,1.13,3.17,2804.0,4,True,2690.0,4.237918215613383,1.2,-5.833333333333339,3.23,-1.8575851393188871,2549.5,9.982349480290251,836.5600000000001,74,0,366,736.52,94.07,1069.665,-21.792336853126905
Uttar Pradesh,Amethi,Rice,2024-25,0.97,2.73,2796.0,4,True,2804.0,-0.2853067047075606,1.13,-14.159292035398224,3.17,-13.8801261829653,2634.333333333333,6.136910034164235,1111.83,80,1,365,1026.02,5.28,991.9633333333335,12.083779978426598
Uttar Pradesh,Amethi,Wheat,2021-22,1.39,4.45,3215.0,4,True,,,,,,,,,1144.48,89,1,365,925.28,191.52,,
Uttar Pradesh,Amethi,Wheat,2022-23,1.3,3.81,2945.0,4,True,3215.0,-8.398133748055987,1.39,-6.474820143884882,4.45,-14.382022471910114,3215.0,-8.398133748055987,994.85,76,1,365,715.01,209.03,1144.48,-13.074059835034252
Uttar Pradesh,Amethi,Wheat,2023-24,1.2,3.43,2861.0,4,True,2945.0,-2.8522920203735143,1.3,-7.692307692307699,3.81,-9.973753280839892,3080.0,-7.11038961038961,836.5600000000001,74,0,366,736.52,94.07,1069.665,-21.792336853126905
Uttar Pradesh,Amethi,Wheat,2024-25,1.17,3.73,3175.0,4,True,2861.0,10.975183502271934,1.2,-2.500000000000002,3.43,8.746355685131189,3007.0,5.58696375124709,1111.83,80,1,365,1026.02,5.28,991.9633333333335,12.083779978426598
Uttar Pradesh,Amroha,Maize,2021-22,0.03,0.06,2384.0,4,True,,,,,,,,,1145.66,66,0,365,861.91,232.21,,
Uttar Pradesh,Amroha,Maize,2022-23,0.03,0.06,2487.0,4,True,2384.0,4.320469798657718,0.03,0.0,0.06,0.0,2384.0,4.320469798657718,1001.77,70,1,365,679.21,231.66,1145.66,-12.559572648080591
Uttar Pradesh,Amroha,Maize,2023-24,0.05,0.13,2379.0,4,True,2487.0,-4.342581423401689,0.03,66.66666666666669,0.06,116.66666666666669,2435.5,-2.3198521864093617,741.14,52,0,366,670.5,63.86,1073.7150000000001,-30.974234317300226
Uttar Pradesh,Amroha,Maize,2024-25,0.04,0.13,3314.0,4,True,2379.0,39.30222782681799,0.05,-20.000000000000004,0.13,0.0,2416.6666666666665,37.13103448275863,1016.37,80,0,365,853.41,51.79,962.8566666666667,5.557767338163865
Uttar Pradesh,Amroha,Rice,2021-22,0.27,0.74,2760.0,4,True,,,,,,,,,1145.66,66,0,365,861.91,232.21,,
Uttar Pradesh,Amroha,Rice,2022-23,0.29,0.71,2474.0,4,True,2760.0,-10.362318840579707,0.27,7.407407407407393,0.74,-4.054054054054058,2760.0,-10.362318840579707,1001.77,70,1,365,679.21,231.66,1145.66,-12.559572648080591
Uttar Pradesh,Amroha,Rice,2023-24,0.25,0.65,2586.0,4,True,2474.0,4.527081649151172,0.29,-13.793103448275856,0.71,-8.450704225352105,2617.0,-1.184562476117692,741.14,52,0,366,670.5,63.86,1073.7150000000001,-30.974234317300226
Uttar Pradesh,Amroha,Rice,2024-25,0.32,0.81,2526.0,4,True,2586.0,-2.320185614849188,0.25,28.000000000000004,0.65,24.61538461538462,2606.6666666666665,-3.0946291560102246,1016.37,80,0,365,853.41,51.79,962.8566666666667,5.557767338163865
Uttar Pradesh,Amroha,Wheat,2021-22,0.96,3.79,3948.0,4,True,,,,,,,,,1145.66,66,0,365,861.91,232.21,,
Uttar Pradesh,Amroha,Wheat,2022-23,0.93,3.82,4114.0,4,True,3948.0,4.204660587639311,0.96,-3.124999999999991,3.79,0.7915567282321848,3948.0,4.204660587639311,1001.77,70,1,365,679.21,231.66,1145.66,-12.559572648080591
Uttar Pradesh,Amroha,Wheat,2023-24,0.68,2.71,3984.0,4,True,4114.0,-3.1599416626154597,0.93,-26.881720430107524,3.82,-29.05759162303665,4031.0,-1.1659637806995784,741.14,52,0,366,670.5,63.86,1073.7150000000001,-30.974234317300226
Uttar Pradesh,Amroha,Wheat,2024-25,0.87,3.19,3665.0,4,True,3984.0,-8.007028112449799,0.68,27.941176470588225,2.71,17.712177121771216,4015.3333333333335,-8.724887929603192,1016.37,80,0,365,853.41,51.79,962.8566666666667,5.557767338163865
Uttar Pradesh,Auraiya,Maize,2021-22,0.11,0.35,3180.0,4,True,,,,,,,,,906.26,69,0,365,673.58,204.86,,
Uttar Pradesh,Auraiya,Maize,2022-23,0.12,0.34,2928.0,4,True,3180.0,-7.924528301886792,0.11,9.090909090909086,0.35,-2.857142857142844,3180.0,-7.924528301886792,969.62,73,0,365,756.05,156.24,906.26,6.991371129697881
Uttar Pradesh,Auraiya,Maize,2023-24,0.15,0.45,2879.0,4,True,2928.0,-1.673497267759563,0.12,25.0,0.34,32.35294117647059,3054.0,-5.73018991486575,689.94,65,0,366,596.04,89.83,937.94,-26.440923726464376
Uttar Pradesh,Auraiya,Maize,2024-25,0.06,0.13,2222.0,4,True,2879.0,-22.82042375824939,0.15,-60.0,0.45,-71.11111111111111,2995.6666666666665,-25.82619339045287,995.18,73,2,365,963.38,12.42,855.2733333333334,16.35812332899422
Uttar Pradesh,Auraiya,Rice,2021-22,0.5,1.69,3404.0,4,True,,,,,,,,,906.26,69,0,365,673.58,204.86,,
Uttar Pradesh,Auraiya,Rice,2022-23,0.58,2.15,3699.0,4,True,3404.0,8.666274970622796,0.5,15.999999999999991,1.69,27.2189349112426,3404.0,8.666274970622796,969.62,73,0,365,756.05,156.24,906.26,6.991371129697881
Uttar Pradesh,Auraiya,Rice,2023-24,0.46,1.42,3118.0,4,True,3699.0,-15.706947823736146,0.58,-20.689655172413783,2.15,-33.95348837209302,3551.5,-12.20611009432634,689.94,65,0,366,596.04,89.83,937.94,-26.440923726464376
Uttar Pradesh,Auraiya,Rice,2024-25,0.85,2.62,3084.0,4,True,3118.0,-1.0904425914047466,0.46,84.78260869565216,1.42,84.50704225352115,3407.0,-9.480481361901967,995.18,73,2,365,963.38,12.42,855.2733333333334,16.35812332899422
Uttar Pradesh,Auraiya,Wheat,2021-22,1.06,4.2,3968.0,4,True,,,,,,,,,906.26,69,0,365,673.58,204.86,,
Uttar Pradesh,Auraiya,Wheat,2022-23,1.03,4.3,4170.0,4,True,3968.0,5.090725806451613,1.06,-2.830188679245285,4.2,2.3809523809523725,3968.0,5.090725806451613,969.62,73,0,365,756.05,156.24,906.26,6.991371129697881
Uttar Pradesh,Auraiya,Wheat,2023-24,0.88,3.51,3967.0,4,True,4170.0,-4.86810551558753,1.03,-14.563106796116507,4.3,-18.37209302325581,4069.0,-2.5067584173015485,689.94,65,0,366,596.04,89.83,937.94,-26.440923726464376
Uttar Pradesh,Auraiya,Wheat,2024-25,0.97,3.17,3252.0,4,True,3967.0,-18.02369548777413,0.88,10.227272727272725,3.51,-9.686609686609684,4035.0,-19.405204460966544,995.18,73,2,365,963.38,12.42,855.2733333333334,16.35812332899422
Uttar Pradesh,Ayodhya,Maize,2021-22,0.03,0.07,2065.0,4,True,,,,,,,,,1144.48,89,1,365,925.28,191.52,,
Uttar Pradesh,Ayodhya,Maize,2022-23,0.03,0.09,2917.0,4,True,2065.0,41.2590799031477,0.03,0.0,0.07,28.57142857142855,2065.0,41.2590799031477,994.85,76,1,365,715.01,209.03,1144.48,-13.074059835034252
Uttar Pradesh,Ayodhya,Maize,2023-24,0.08,0.21,2709.0,4,True,2917.0,-7.130613644154954,0.03,166.66666666666669,0.09,133.33333333333331,2491.0,8.751505419510238,836.5600000000001,74,0,366,736.52,94.07,1069.665,-21.792336853126905
Uttar Pradesh,Ayodhya,Maize,2024-25,0.04,0.12,3094.0,4,True,2709.0,14.21188630490956,0.08,-50.0,0.21,-42.85714285714285,2563.6666666666665,20.68651670784034,1111.83,80,1,365,1026.02,5.28,991.9633333333335,12.083779978426598
Uttar Pradesh,Ayodhya,Rice,2021-22,1.02,2.59,2539.0,4,True,,,,,,,,,1144.48,89,1,365,925.28,191.52,,
Uttar Pradesh,Ayodhya,Rice,2022-23,0.99,2.55,2575.0,4,True,2539.0,1.4178810555336747,1.02,-2.9411764705882377,2.59,-1.5444015444015458,2539.0,1.4178810555336747,994.85,76,1,365,715.01,209.03,1144.48,-13.074059835034252
Uttar Pradesh,Ayodhya,Rice,2023-24,0.95,2.89,3051.0,4,True,2575.0,18.48543689320388,0.99,-4.040404040404044,2.55,13.333333333333346,2557.0,19.31951505670708,836.5600000000001,74,0,366,736.52,94.07,1069.665,-21.792336853126905
Uttar Pradesh,Ayodhya,Rice,2024-25,0.94,2.81,2987.0,4,True,3051.0,-2.097672894133072,0.95,-1.0526315789473697,2.89,-2.7681660899654004,2721.6666666666665,9.748928352725052,1111.83,80,1,365,1026.02,5.28,991.9633333333335,12.083779978426598
Uttar Pradesh,Ayodhya,Wheat,2021-22,1.16,3.93,3396.0,4,True,,,,,,,,,1144.48,89,1,365,925.28,191.52,,
Uttar Pradesh,Ayodhya,Wheat,2022-23,1.07,3.39,3168.0,4,True,3396.0,-6.713780918727916,1.16,-7.75862068965516,3.93,-13.740458015267176,3396.0,-6.713780918727916,994.85,76,1,365,715.01,209.03,1144.48,-13.074059835034252
Uttar Pradesh,Ayodhya,Wheat,2023-24,0.91,2.74,2992.0,4,True,3168.0,-5.555555555555555,1.07,-14.953271028037385,3.39,-19.174041297935094,3282.0,-8.836075563680684,836.5600000000001,74,0,366,736.52,94.07,1069.665,-21.792336853126905
Uttar Pradesh,Ayodhya,Wheat,2024-25,1.04,3.67,3521.0,4,True,2992.0,17.680481283422463,0.91,14.285714285714285,2.74,33.94160583941604,3185.333333333333,10.537881958978646,1111.83,80,1,365,1026.02,5.28,991.9633333333335,12.083779978426598
Uttar Pradesh,Azamgarh,Maize,2021-22,0.08,0.14,1804.0,4,True,,,,,,,,,1003.89,77,1,365,833.84,157.4,,
Uttar Pradesh,Azamgarh,Maize,2022-23,0.09,0.18,1981.0,4,True,1804.0,9.811529933481152,0.08,12.499999999999991,0.14,28.57142857142855,1804.0,9.811529933481152,886.42,70,0,365,672.65,151.14,1003.89,-11.701481237984245
Uttar Pradesh,Azamgarh,Maize,2023-24,0.08,0.19,2300.0,4,True,1981.0,16.102978293791015,0.09,-11.111111111111107,0.18,5.555555555555561,1892.5,21.532364597093792,707.05,68,0,366,583.8,118.33,945.155,-25.1921642481921
Uttar Pradesh,Azamgarh,Maize,2024-25,0.04,0.11,2617.0,4,True,2300.0,13.782608695652174,0.08,-50.0,0.19,-42.10526315789473,2028.3333333333333,29.02218570254725,994.29,78,0,365,932.62,5.66,865.7866666666665,14.842378415006023
Uttar Pradesh,Azamgarh,Rice,2021-22,2.13,5.1,2390.0,4,True,,,,,,,,,1003.89,77,1,365,833.84,157.4,,
Uttar Pradesh,Azamgarh,Rice,2022-23,2.12,5.2,2448.0,4,True,2390.0,2.426778242677824,2.13,-0.4694835680751074,5.1,1.960784313725501,2390.0,2.426778242677824,886.42,70,0,365,672.65,151.14,1003.89,-11.701481237984245
Uttar Pradesh,Azamgarh,Rice,2023-24,1.97,4.57,2324.0,4,True,2448.0,-5.065359477124183,2.12,-7.075471698113213,5.2,-12.115384615384611,2419.0,-3.927242662257132,707.05,68,0,366,583.8,118.33,945.155,-25.1921642481921
Uttar Pradesh,Azamgarh,Rice,2024-25,1.65,4.02,2434.0,4,True,2324.0,4.733218588640275,1.97,-16.24365482233503,4.57,-12.035010940919053,2387.333333333333,1.9547612398771224,994.29,78,0,365,932.62,5.66,865.7866666666665,14.842378415006023
Uttar Pradesh,Azamgarh,Wheat,2021-22,2.45,8.51,3474.0,4,True,,,,,,,,,1003.89,77,1,365,833.84,157.4,,
Uttar Pradesh,Azamgarh,Wheat,2022-23,2.34,8.41,3589.0,4,True,3474.0,3.310305123776627,2.45,-4.48979591836736,8.51,-1.1750881316098667,3474.0,3.310305123776627,886.42,70,0,365,672.65,151.14,1003.89,-11.701481237984245
Uttar Pradesh,Azamgarh,Wheat,2023-24,2.23,7.73,3471.0,4,True,3589.0,-3.2878239063806074,2.34,-4.700854700854696,8.41,-8.085612366230674,3531.5,-1.7131530511114257,707.05,68,0,366,583.8,118.33,945.155,-25.1921642481921
Uttar Pradesh,Azamgarh,Wheat,2024-25,2.28,8.2,3602.0,4,True,3471.0,3.774128493229617,2.23,2.242152466367705,7.73,6.080206985769713,3511.333333333333,2.582115056009109,994.29,78,0,365,932.62,5.66,865.7866666666665,14.842378415006023
Uttar Pradesh,Baghpat,Maize,2021-22,0.0,0.0,2636.0,4,True,,,,,,,,,1106.73,68,1,365,812.39,246.91,,
Uttar Pradesh,Baghpat,Maize,2022-23,0.0,0.0,2200.0,4,True,2636.0,-16.5402124430956,0.0,,0.0,,2636.0,-16.5402124430956,936.84,71,1,365,604.92,247.36,1106.73,-15.350627524328425
Uttar Pradesh,Baghpat,Maize,2023-24,0.0,0.0,2487.0,4,True,2200.0,13.045454545454549,0.0,,0.0,,2418.0,2.853598014888337,802.46,53,1,366,728.24,69.17,1021.7850000000001,-21.46488742739422
Uttar Pradesh,Baghpat,Maize,2024-25,0.0,0.01,3474.0,4,True,2487.0,39.68636911942099,0.0,,0.0,,2441.0,42.3187218353134,1065.14,80,1,365,923.74,45.47,948.6766666666667,12.276399054121006
Uttar Pradesh,Baghpat,Rice,2021-22,0.05,0.15,2888.0,4,True,,,,,,,,,1106.73,68,1,365,812.39,246.91,,
Uttar Pradesh,Baghpat,Rice,2022-23,0.05,0.13,2791.0,4,True,2888.0,-3.358725761772853,0.05,0.0,0.15,-13.333333333333329,2888.0,-3.358725761772853,936.84,71,1,365,604.92,247.36,1106.73,-15.350627524328425
Uttar Pradesh,Baghpat,Rice,2023-24,0.05,0.14,2793.0,4,True,2791.0,0.0716589036187746,0.05,0.0,0.13,7.692307692307699,2839.5,-1.6376122556788169,802.46,53,1,366,728.24,69.17,1021.7850000000001,-21.46488742739422
Uttar Pradesh,Baghpat,Rice,2024-25,0.13,0.35,2728.0,4,True,2793.0,-2.327246688148944,0.05,160.0,0.14,149.99999999999994,2824.0,-3.39943342776204,1065.14,80,1,365,923.74,45.47,948.6766666666667,12.276399054121006
Uttar Pradesh,Baghpat,Wheat,2021-22,0.57,2.6,4551.0,4,True,,,,,,,,,1106.73,68,1,365,812.39,246.91,,
Uttar Pradesh,Baghpat,Wheat,2022-23,0.55,2.49,4537.0,4,True,4551.0,-0.3076246978686003,0.57,-3.508771929824545,2.6,-4.230769230769226,4551.0,-0.3076246978686003,936.84,71,1,365,604.92,247.36,1106.73,-15.350627524328425
Uttar Pradesh,Baghpat,Wheat,2023-24,0.44,1.88,4263.0,4,True,4537.0,-6.039232973330395,0.55,-20.000000000000007,2.49,-24.497991967871496,4544.0,-6.183978873239437,802.46,53,1,366,728.24,69.17,1021.7850000000001,-21.46488742739422
Uttar Pradesh,Baghpat,Wheat,2024-25,0.48,2.09,4398.0,4,True,4263.0,3.166783954961295,0.44,9.090909090909086,1.88,11.170212765957444,4450.333333333333,-1.175941877012951,1065.14,80,1,365,923.74,45.47,948.6766666666667,12.276399054121006
Uttar Pradesh,Bahraich,Maize,2021-22,0.95,1.33,1404.0,4,True,,,,,,,,,1308.4,92,1,365,956.1,269.1,,
Uttar Pradesh,Bahraich,Maize,2022-23,0.95,1.47,1548.0,4,True,1404.0,10.256410256410255,0.95,0.0,1.33,10.526315789473676,1404.0,10.256410256410255,1096.22,77,4,365,674.63,328.41,1308.4,-16.216753286456743
Uttar Pradesh,Bahraich,Maize,2023-24,1.0,1.78,1781.0,4,True,1548.0,15.051679586563308,0.95,5.263157894736848,1.47,21.088435374149665,1476.0,20.663956639566397,968.09,76,1,366,880.75,74.35,1202.31,-19.480832730327446
Uttar Pradesh,Bahraich,Maize,2024-25,0.51,1.01,1999.0,4,True,1781.0,12.240314430095452,1.0,-49.0,1.78,-43.25842696629213,1577.6666666666667,26.706106063807304,1521.7,82,4,365,1434.23,7.69,1124.2366666666667,35.354062460158154
Uttar Pradesh,Bahraich,Rice,2021-22,1.71,3.98,2329.0,4,True,,,,,,,,,1308.4,92,1,365,956.1,269.1,,
Uttar Pradesh,Bahraich,Rice,2022-23,1.71,3.98,2328.0,4,True,2329.0,-0.04293688278231,1.71,0.0,3.98,0.0,2329.0,-0.04293688278231,1096.22,77,4,365,674.63,328.41,1308.4,-16.216753286456743
Uttar Pradesh,Bahraich,Rice,2023-24,1.6,4.59,2864.0,4,True,2328.0,23.02405498281787,1.71,-6.432748538011689,3.98,15.326633165829143,2328.5,22.99763796435473,968.09,76,1,366,880.75,74.35,1202.31,-19.480832730327446
Uttar Pradesh,Bahraich,Rice,2024-25,1.66,5.09,3066.0,4,True,2864.0,7.0530726256983245,1.6,3.749999999999989,4.59,10.893246187363834,2507.0,22.29756681292381,1521.7,82,4,365,1434.23,7.69,1124.2366666666667,35.354062460158154
Uttar Pradesh,Bahraich,Wheat,2021-22,1.65,5.82,3518.0,4,True,,,,,,,,,1308.4,92,1,365,956.1,269.1,,
Uttar Pradesh,Bahraich,Wheat,2022-23,1.88,6.08,3242.0,4,True,3518.0,-7.845366685616828,1.65,13.93939393939394,5.82,4.46735395189003,3518.0,-7.845366685616828,1096.22,77,4,365,674.63,328.41,1308.4,-16.216753286456743
Uttar Pradesh,Bahraich,Wheat,2023-24,1.86,5.89,3168.0,4,True,3242.0,-2.282541640962369,1.88,-1.063829787234032,6.08,-3.125000000000006,3380.0,-6.272189349112427,968.09,76,1,366,880.75,74.35,1202.31,-19.480832730327446
Uttar Pradesh,Bahraich,Wheat,2024-25,1.9,6.69,3528.0,4,True,3168.0,11.363636363636363,1.86,2.150537634408592,5.89,13.582342954159603,3309.333333333333,6.607574536663975,1521.7,82,4,365,1434.23,7.69,1124.2366666666667,35.354062460158154
Uttar Pradesh,Ballia,Maize,2021-22,0.37,0.45,1195.0,4,True,,,,,,,,,1056.39,94,0,365,835.05,178.18,,
Uttar Pradesh,Ballia,Maize,2022-23,0.36,0.44,1230.0,4,True,1195.0,2.928870292887029,0.37,-2.7027027027027053,0.45,-2.222222222222224,1195.0,2.928870292887029,642.8,68,0,365,491.12,108.26,1056.39,-39.151260424653785
Uttar Pradesh,Ballia,Maize,2023-24,0.36,0.64,1781.0,4,True,1230.0,44.79674796747968,0.36,0.0,0.44,45.45454545454546,1212.5,46.886597938144334,694.58,73,0,366,546.43,115.04,849.595,-18.24575238790247
Uttar Pradesh,Ballia,Maize,2024-25,0.18,0.49,2711.0,4,True,1781.0,52.21785513756316,0.36,-50.0,0.64,-23.437500000000004,1402.0,93.36661911554924,847.26,68,0,365,776.02,5.17,797.9233333333333,6.183133717942831
Uttar Pradesh,Ballia,Rice,2021-22,1.18,3.02,2563.0,4,True,,,,,,,,,1056.39,94,0,365,835.05,178.18,,
Uttar Pradesh,Ballia,Rice,2022-23,1.16,2.85,2459.0,4,True,2563.0,-4.057744830277019,1.18,-1.6949152542372898,3.02,-5.629139072847679,2563.0,-4.057744830277019,642.8,68,0,365,491.12,108.26,1056.39,-39.151260424653785
Uttar Pradesh,Ballia,Rice,2023-24,1.08,2.61,2421.0,4,True,2459.0,-1.5453436356242376,1.16,-6.896551724137918,2.85,-8.421052631578954,2511.0,-3.584229390681003,694.58,73,0,366,546.43,115.04,849.595,-18.24575238790247
Uttar Pradesh,Ballia,Rice,2024-25,0.69,1.75,2527.0,4,True,2421.0,4.378356051218505,1.08,-36.11111111111112,2.61,-32.95019157088122,2481.0,1.8540910923014915,847.26,68,0,365,776.02,5.17,797.9233333333333,6.183133717942831
Uttar Pradesh,Ballia,Wheat,2021-22,1.42,5.37,3772.0,4,True,,,,,,,,,1056.39,94,0,365,835.05,178.18,,
Uttar Pradesh,Ballia,Wheat,2022-23,1.48,5.15,3484.0,4,True,3772.0,-7.635206786850477,1.42,4.2253521126760605,5.37,-4.096834264432025,3772.0,-7.635206786850477,642.8,68,0,365,491.12,108.26,1056.39,-39.151260424653785
Uttar Pradesh,Ballia,Wheat,2023-24,1.24,4.2,3396.0,4,True,3484.0,-2.525832376578645,1.48,-16.216216216216218,5.15,-18.446601941747577,3628.0,-6.39470782800441,694.58,73,0,366,546.43,115.04,849.595,-18.24575238790247
Uttar Pradesh,Ballia,Wheat,2024-25,1.41,5.15,3653.0,4,True,3396.0,7.567726737338044,1.24,13.709677419354833,4.2,22.61904761904762,3550.6666666666665,2.882087870822385,847.26,68,0,365,776.02,5.17,797.9233333333333,6.183133717942831
Uttar Pradesh,Balrampur,Maize,2021-22,0.03,0.04,1302.0,4,True,,,,,,,,,1408.04,96,1,365,1077.96,239.94,,
Uttar Pradesh,Balrampur,Maize,2022-23,0.04,0.07,1764.0,4,True,1302.0,35.483870967741936,0.03,33.33333333333334,0.04,75.00000000000001,1302.0,35.483870967741936,1161.94,80,4,365,729.33,334.2,1408.04,-17.47819664214084
Uttar Pradesh,Balrampur,Maize,2023-24,0.04,0.06,1728.0,4,True,1764.0,-2.0408163265306123,0.04,0.0,0.07,-14.285714285714295,1533.0,12.720156555772991,1040.57,84,0,366,938.99,83.34,1284.99,-19.021159697740845
Uttar Pradesh,Balrampur,Maize,2024-25,0.03,0.07,2414.0,4,True,1728.0,39.69907407407408,0.04,-25.000000000000007,0.06,16.666666666666682,1598.0,51.06382978723404,1740.86,82,6,365,1625.49,7.590000000000001,1203.5166666666667,44.647768345542914
Uttar Pradesh,Balrampur,Rice,2021-22,1.35,3.42,2537.0,4,True,,,,,,,,,1408.04,96,1,365,1077.96,239.94,,
Uttar Pradesh,Balrampur,Rice,2022-23,1.35,2.87,2133.0,4,True,2537.0,-15.924320063066611,1.35,0.0,3.42,-16.081871345029235,2537.0,-15.924320063066611,1161.94,80,4,365,729.33,334.2,1408.04,-17.47819664214084
Uttar Pradesh,Balrampur,Rice,2023-24,1.27,3.78,2972.0,4,True,2133.0,39.3342709798406,1.35,-5.925925925925931,2.87,31.70731707317072,2335.0,27.280513918629552,1040.57,84,0,366,938.99,83.34,1284.99,-19.021159697740845
Uttar Pradesh,Balrampur,Rice,2024-25,1.21,3.32,2743.0,4,True,2972.0,-7.705248990578735,1.27,-4.724409448818902,3.78,-12.16931216931217,2547.333333333333,7.68123527872284,1740.86,82,6,365,1625.49,7.590000000000001,1203.5166666666667,44.647768345542914
Uttar Pradesh,Balrampur,Wheat,2021-22,0.89,2.95,3305.0,4,True,,,,,,,,,1408.04,96,1,365,1077.96,239.94,,
Uttar Pradesh,Balrampur,Wheat,2022-23,1.05,3.21,3049.0,4,True,3305.0,-7.745839636913766,0.89,17.97752808988764,2.95,8.81355932203389,3305.0,-7.745839636913766,1161.94,80,4,365,729.33,334.2,1408.04,-17.47819664214084
Uttar Pradesh,Balrampur,Wheat,2023-24,1.06,3.53,3329.0,4,True,3049.0,9.183338799606428,1.05,0.9523809523809532,3.21,9.968847352024918,3177.0,4.784387787220648,1040.57,84,0,366,938.99,83.34,1284.99,-19.021159697740845
Uttar Pradesh,Balrampur,Wheat,2024-25,1.02,3.21,3135.0,4,True,3329.0,-5.827575848603185,1.06,-3.773584905660381,3.53,-9.065155807365436,3227.6666666666665,-2.871011050294326,1740.86,82,6,365,1625.49,7.590000000000001,1203.5166666666667,44.647768345542914
Uttar Pradesh,Banda,Maize,2022-23,0.0,0.0,2000.0,3,False,,,,,,,,,1033.88,74,0,365,805.72,159.85,882.75,17.120362503540086
Uttar Pradesh,Banda,Maize,2023-24,0.0,0.0,2181.0,3,False,2000.0,9.05,0.0,,0.0,,2000.0,9.05,722.84,62,0,366,631.77,86.33,958.315,-24.571774416554057
Uttar Pradesh,Banda,Maize,2024-25,0.0,0.01,3403.0,3,False,2181.0,56.02934433745988,0.0,,0.0,,2090.5,62.78402296101411,919.74,81,1,365,781.5,21.64,879.8233333333334,4.536895664659946
Uttar Pradesh,Banda,Rice,2021-22,0.49,1.16,2392.0,4,True,,,,,,,,,882.75,67,0,365,728.28,134.63,,
Uttar Pradesh,Banda,Rice,2022-23,0.55,1.28,2321.0,4,True,2392.0,-2.968227424749164,0.49,12.244897959183684,1.16,10.344827586206906,2392.0,-2.968227424749164,1033.88,74,0,365,805.72,159.85,882.75,17.120362503540086
Uttar Pradesh,Banda,Rice,2023-24,0.49,1.18,2402.0,4,True,2321.0,3.4898750538560965,0.55,-10.90909090909092,1.28,-7.812500000000007,2356.5,1.9308296201994484,722.84,62,0,366,631.77,86.33,958.315,-24.571774416554057
Uttar Pradesh,Banda,Rice,2024-25,1.21,2.96,2438.0,4,True,2402.0,1.498751040799334,0.49,146.9387755102041,1.18,150.84745762711867,2371.6666666666665,2.796907940969789,919.74,81,1,365,781.5,21.64,879.8233333333334,4.536895664659946
Uttar Pradesh,Banda,Wheat,2021-22,1.67,5.05,3020.0,4,True,,,,,,,,,882.75,67,0,365,728.28,134.63,,
Uttar Pradesh,Banda,Wheat,2022-23,1.94,6.35,3278.0,4,True,3020.0,8.543046357615895,1.67,16.167664670658684,5.05,25.742574257425737,3020.0,8.543046357615895,1033.88,74,0,365,805.72,159.85,882.75,17.120362503540086
Uttar Pradesh,Banda,Wheat,2023-24,1.77,5.45,3070.0,4,True,3278.0,-6.345332519829164,1.94,-8.762886597938142,6.35,-14.173228346456684,3149.0,-2.5087329310892343,722.84,62,0,366,631.77,86.33,958.315,-24.571774416554057
Uttar Pradesh,Banda,Wheat,2024-25,1.82,5.06,2790.0,4,True,3070.0,-9.120521172638435,1.77,2.8248587570621493,5.45,-7.155963302752304,3122.6666666666665,-10.653287788215197,919.74,81,1,365,781.5,21.64,879.8233333333334,4.536895664659946
Uttar Pradesh,Bara Banki,Maize,2021-22,0.05,0.08,1630.0,4,True,,,,,,,,,1188.55,76,1,365,901.55,231.54,,
Uttar Pradesh,Bara Banki,Maize,2022-23,0.05,0.05,1046.0,4,True,1630.0,-35.828220858895705,0.05,0.0,0.08,-37.5,1630.0,-35.828220858895705,1057.08,76,2,365,689.75,280.42,1188.55,-11.061377308485131
Uttar Pradesh,Bara Banki,Maize,2023-24,0.05,0.07,1400.0,4,True,1046.0,33.84321223709369,0.05,0.0,0.05,40.00000000000001,1338.0,4.633781763826607,981.37,71,1,366,897.28,77.74,1122.815,-12.597355753173947
Uttar Pradesh,Bara Banki,Maize,2024-25,0.05,0.11,2433.0,4,True,1400.0,73.78571428571429,0.05,0.0,0.07,57.14285714285713,1358.6666666666667,79.07262021589793,1278.6,79,2,365,1209.75,8.15,1075.6666666666667,18.865819646730692
Uttar Pradesh,Bara Banki,Rice,2021-22,1.89,4.58,2427.0,4,True,,,,,,,,,1188.55,76,1,365,901.55,231.54,,
Uttar Pradesh,Bara Banki,Rice,2022-23,1.89,4.61,2444.0,4,True,2427.0,0.7004532344458179,1.89,0.0,4.58,0.6550218340611408,2427.0,0.7004532344458179,1057.08,76,2,365,689.75,280.42,1188.55,-11.061377308485131
Uttar Pradesh,Bara Banki,Rice,2023-24,1.76,5.28,3009.0,4,True,2444.0,23.11783960720131,1.89,-6.878306878306873,4.61,14.533622559652926,2435.5,23.54752617532334,981.37,71,1,366,897.28,77.74,1122.815,-12.597355753173947
Uttar Pradesh,Bara Banki,Rice,2024-25,2.08,5.97,2872.0,4,True,3009.0,-4.55300764373546,1.76,18.181818181818183,5.28,13.06818181818181,2626.6666666666665,9.340101522842646,1278.6,79,2,365,1209.75,8.15,1075.6666666666667,18.865819646730692
Uttar Pradesh,Bara Banki,Wheat,2021-22,1.74,7.01,4042.0,4,True,,,,,,,,,1188.55,76,1,365,901.55,231.54,,
Uttar Pradesh,Bara Banki,Wheat,2022-23,1.66,6.3,3794.0,4,True,4042.0,-6.135576447303316,1.74,-4.597701149425292,7.01,-10.128388017118402,4042.0,-6.135576447303316,1057.08,76,2,365,689.75,280.42,1188.55,-11.061377308485131
Uttar Pradesh,Bara Banki,Wheat,2023-24,1.24,5.02,4059.0,4,True,3794.0,6.984712704269899,1.66,-25.301204819277107,6.3,-20.317460317460323,3918.0,3.5987748851454824,981.37,71,1,366,897.28,77.74,1122.815,-12.597355753173947
Uttar Pradesh,Bara Banki,Wheat,2024-25,1.52,6.31,4141.0,4,True,4059.0,2.0202020202020203,1.24,22.580645161290324,5.02,25.69721115537849,3965.0,4.438839848675914,1278.6,79,2,365,1209.75,8.15,1075.6666666666667,18.865819646730692
Uttar Pradesh,Bareilly,Maize,2021-22,0.0,0.01,3020.0,4,True,,,,,,,,,1077.89,75,1,365,653.94,380.15,,
Uttar Pradesh,Bareilly,Maize,2022-23,0.01,0.03,2552.0,4,True,3020.0,-15.496688741721854,0.0,,0.01,199.99999999999997,3020.0,-15.496688741721854,952.94,76,1,365,533.62,323.74,1077.89,-11.592091957435363
Uttar Pradesh,Bareilly,Maize,2023-24,0.03,0.1,3096.0,4,True,2552.0,21.31661442006269,0.01,199.99999999999997,0.03,233.33333333333331,2786.0,11.127063890882988,912.02,67,1,366,830.97,65.26,1015.4150000000001,-10.182536204409043
Uttar Pradesh,Bareilly,Maize,2024-25,0.08,0.27,3474.0,4,True,3096.0,12.209302325581394,0.03,166.66666666666669,0.1,170.0,2889.333333333333,20.235348407937234,1239.27,88,3,365,1121.67,30.23,980.9500000000002,26.333656149650825
Uttar Pradesh,Bareilly,Rice,2021-22,1.64,4.12,2506.0,4,True,,,,,,,,,1077.89,75,1,365,653.94,380.15,,
Uttar Pradesh,Bareilly,Rice,2022-23,1.63,4.9,3000.0,4,True,2506.0,19.71268954509178,1.64,-0.6097560975609762,4.12,18.932038834951463,2506.0,19.71268954509178,952.94,76,1,365,533.62,323.74,1077.89,-11.592091957435363
Uttar Pradesh,Bareilly,Rice,2023-24,1.54,4.45,2893.0,4,True,3000.0,-3.5666666666666664,1.63,-5.521472392638029,4.9,-9.183673469387758,2753.0,5.085361423901199,912.02,67,1,366,830.97,65.26,1015.4150000000001,-10.182536204409043
Uttar Pradesh,Bareilly,Rice,2024-25,1.58,4.46,2825.0,4,True,2893.0,-2.3505012098167994,1.54,2.5974025974026,4.45,0.2247191011235907,2799.6666666666665,0.904869627336593,1239.27,88,3,365,1121.67,30.23,980.9500000000002,26.333656149650825
Uttar Pradesh,Bareilly,Wheat,2021-22,2.08,8.13,3906.0,4,True,,,,,,,,,1077.89,75,1,365,653.94,380.15,,
Uttar Pradesh,Bareilly,Wheat,2022-23,2.07,8.45,4075.0,4,True,3906.0,4.326676907322068,2.08,-0.4807692307692419,8.13,3.936039360393585,3906.0,4.326676907322068,952.94,76,1,365,533.62,323.74,1077.89,-11.592091957435363
Uttar Pradesh,Bareilly,Wheat,2023-24,1.72,6.9,4007.0,4,True,4075.0,-1.6687116564417177,2.07,-16.908212560386467,8.45,-18.34319526627218,3990.5,0.4134820197970179,912.02,67,1,366,830.97,65.26,1015.4150000000001,-10.182536204409043
Uttar Pradesh,Bareilly,Wheat,2024-25,1.67,6.74,4031.0,4,True,4007.0,0.5989518342899924,1.72,-2.906976744186049,6.9,-2.3188405797101472,3996.0,0.8758758758758759,1239.27,88,3,365,1121.67,30.23,980.9500000000002,26.333656149650825
Uttar Pradesh,Basti,Maize,2021-22,0.03,0.03,782.0,4,True,,,,,,,,,1253.77,84,1,365,979.62,216.18,,
Uttar Pradesh,Basti,Maize,2022-23,0.03,0.07,2176.0,4,True,782.0,178.26086956521738,0.03,0.0,0.03,133.33333333333337,782.0,178.26086956521738,1073.15,71,2,365,703.11,282.63,1253.77,-14.406151048437904
Uttar Pradesh,Basti,Maize,2023-24,0.04,0.09,2297.0,4,True,2176.0,5.560661764705882,0.03,33.33333333333334,0.07,28.57142857142855,1479.0,55.30764029749831,1038.36,72,1,366,945.69,83.53,1163.46,-10.752410912278904
Uttar Pradesh,Basti,Maize,2024-25,0.02,0.06,2998.0,4,True,2297.0,30.5180670439704,0.04,-50.0,0.09,-33.33333333333333,1751.6666666666667,71.15128449096099,1459.09,82,3,365,1373.21,5.77,1121.76,30.071494793895305
Uttar Pradesh,Basti,Rice,2021-22,1.46,3.7,2540.0,4,True,,,,,,,,,1253.77,84,1,365,979.62,216.18,,
Uttar Pradesh,Basti,Rice,2022-23,1.31,3.58,2721.0,4,True,2540.0,7.125984251968504,1.46,-10.27397260273972,3.7,-3.243243243243246,2540.0,7.125984251968504,1073.15,71,2,365,703.11,282.63,1253.77,-14.406151048437904
Uttar Pradesh,Basti,Rice,2023-24,1.37,3.48,2543.0,4,True,2721.0,-6.541712605659685,1.31,4.580152671755729,3.58,-2.793296089385477,2630.5,-3.3263638091617564,1038.36,72,1,366,945.69,83.53,1163.46,-10.752410912278904
Uttar Pradesh,Basti,Rice,2024-25,1.39,3.71,2661.0,4,True,2543.0,4.640188753440818,1.37,1.4598540145985253,3.48,6.609195402298849,2601.333333333333,2.2936955407483284,1459.09,82,3,365,1373.21,5.77,1121.76,30.071494793895305
Uttar Pradesh,Basti,Wheat,2021-22,1.24,4.52,3638.0,4,True,,,,,,,,,1253.77,84,1,365,979.62,216.18,,
Uttar Pradesh,Basti,Wheat,2022-23,1.41,4.83,3421.0,4,True,3638.0,-5.964815832875206,1.24,13.709677419354833,4.52,6.85840707964603,3638.0,-5.964815832875206,1073.15,71,2,365,703.11,282.63,1253.77,-14.406151048437904
Uttar Pradesh,Basti,Wheat,2023-24,1.33,4.45,3345.0,4,True,3421.0,-2.2215726395790703,1.41,-5.6737588652482165,4.83,-7.86749482401656,3529.5,-5.227369315767106,1038.36,72,1,366,945.69,83.53,1163.46,-10.752410912278904
Uttar Pradesh,Basti,Wheat,2024-25,1.28,4.46,3476.0,4,True,3345.0,3.9162929745889374,1.33,-3.7593984962406046,4.45,0.2247191011235907,3468.0,0.2306805074971165,1459.09,82,3,365,1373.21,5.77,1121.76,30.071494793895305
Uttar Pradesh,Bhadohi,Maize,2021-22,0.01,0.01,1304.0,4,True,,,,,,,,,821.82,71,0,365,699.89,103.24,,
Uttar Pradesh,Bhadohi,Maize,2022-23,0.01,0.01,1375.0,4,True,1304.0,5.44478527607362,0.01,0.0,0.01,0.0,1304.0,5.44478527607362,922.69,79,0,365,726.8199999999999,137.82999999999998,821.82,12.273977269961792
Uttar Pradesh,Bhadohi,Maize,2023-24,0.01,0.02,2668.0,4,True,1375.0,94.03636363636365,0.01,0.0,0.01,100.0,1339.5,99.17879805897724,698.43,70,0,366,578.54,115.99,872.2550000000001,-19.92823199637722
Uttar Pradesh,Bhadohi,Maize,2024-25,0.0,0.01,3161.0,4,True,2668.0,18.47826086956521,0.01,-100.0,0.02,-50.0,1782.3333333333333,77.35178604825136,899.49,80,0,365,846.68,10.55,814.3133333333334,10.459937616151024
Uttar Pradesh,Bhadohi,Rice,2021-22,0.28,0.85,3069.0,4,True,,,,,,,,,821.82,71,0,365,699.89,103.24,,
Uttar Pradesh,Bhadohi,Rice,2022-23,0.28,0.89,3151.0,4,True,3069.0,2.67188009123493,0.28,0.0,0.85,4.70588235294118,3069.0,2.67188009123493,922.69,79,0,365,726.8199999999999,137.82999999999998,821.82,12.273977269961792
Uttar Pradesh,Bhadohi,Rice,2023-24,0.26,0.84,3252.0,4,True,3151.0,3.2053316407489687,0.28,-7.142857142857148,0.89,-5.6179775280898925,3110.0,4.565916398713826,698.43,70,0,366,578.54,115.99,872.2550000000001,-19.92823199637722
Uttar Pradesh,Bhadohi,Rice,2024-25,0.6,1.9,3179.0,4,True,3252.0,-2.2447724477244773,0.26,130.76923076923077,0.84,126.1904761904762,3157.333333333333,0.6862331081081032,899.49,80,0,365,846.68,10.55,814.3133333333334,10.459937616151024
Uttar Pradesh,Bhadohi,Wheat,2021-22,0.5,1.77,3558.0,4,True,,,,,,,,,821.82,71,0,365,699.89,103.24,,
Uttar Pradesh,Bhadohi,Wheat,2022-23,0.49,1.37,2796.0,4,True,3558.0,-21.41652613827993,0.5,-2.0000000000000018,1.77,-22.59887005649717,3558.0,-21.41652613827993,922.69,79,0,365,726.8199999999999,137.82999999999998,821.82,12.273977269961792
Uttar Pradesh,Bhadohi,Wheat,2023-24,0.57,1.54,2712.0,4,True,2796.0,-3.004291845493562,0.49,16.32653061224489,1.37,12.408759124087585,3177.0,-14.636449480642115,698.43,70,0,366,578.54,115.99,872.2550000000001,-19.92823199637722
Uttar Pradesh,Bhadohi,Wheat,2024-25,0.48,1.66,3471.0,4,True,2712.0,27.98672566371681,0.57,-15.789473684210522,1.54,7.792207792207785,3022.0,14.85771012574454,899.49,80,0,365,846.68,10.55,814.3133333333334,10.459937616151024
Uttar Pradesh,Bijnor,Maize,2022-23,0.0,0.0,2846.0,3,False,,,,,,,,,1165.5,84,1,365,773.52,289.77,1249.18,-6.698794409132396
Uttar Pradesh,Bijnor,Maize,2023-24,0.0,0.0,3159.0,3,False,2846.0,10.997891777933942,0.0,,0.0,,2846.0,10.997891777933942,1047.08,67,1,366,935.81,99.35,1207.3400000000001,-13.27380853777728
Uttar Pradesh,Bijnor,Maize,2024-25,0.0,0.02,3523.0,3,False,3159.0,11.522633744855968,0.0,,0.0,,3002.5,17.33555370524563,1345.3,102,2,365,1161.73,76.28,1153.92,16.585205213532987
Uttar Pradesh,Bijnor,Rice,2021-22,0.57,1.59,2787.0,4,True,,,,,,,,,1249.18,80,2,365,864.37,331.88,,
Uttar Pradesh,Bijnor,Rice,2022-23,0.57,1.43,2525.0,4,True,2787.0,-9.400789379260852,0.57,0.0,1.59,-10.062893081761016,2787.0,-9.400789379260852,1165.5,84,1,365,773.52,289.77,1249.18,-6.698794409132396
Uttar Pradesh,Bijnor,Rice,2023-24,0.53,1.4,2664.0,4,True,2525.0,5.504950495049505,0.57,-7.01754385964911,1.43,-2.0979020979021,2656.0,0.3012048192771084,1047.08,67,1,366,935.81,99.35,1207.3400000000001,-13.27380853777728
Uttar Pradesh,Bijnor,Rice,2024-25,0.29,0.76,2606.0,4,True,2664.0,-2.177177177177177,0.53,-45.28301886792453,1.4,-45.71428571428572,2658.6666666666665,-1.980942828485451,1345.3,102,2,365,1161.73,76.28,1153.92,16.585205213532987
Uttar Pradesh,Bijnor,Wheat,2021-22,1.6,6.02,3753.0,4,True,,,,,,,,,1249.18,80,2,365,864.37,331.88,,
Uttar Pradesh,Bijnor,Wheat,2022-23,1.53,5.78,3789.0,4,True,3753.0,0.9592326139088728,1.6,-4.375000000000004,6.02,-3.9867109634551383,3753.0,0.9592326139088728,1165.5,84,1,365,773.52,289.77,1249.18,-6.698794409132396
Uttar Pradesh,Bijnor,Wheat,2023-24,0.92,3.34,3627.0,4,True,3789.0,-4.275534441805226,1.53,-39.869281045751634,5.78,-42.21453287197232,3771.0,-3.818615751789976,1047.08,67,1,366,935.81,99.35,1207.3400000000001,-13.27380853777728
Uttar Pradesh,Bijnor,Wheat,2024-25,1.28,4.61,3596.0,4,True,3627.0,-0.8547008547008548,0.92,39.13043478260869,3.34,38.0239520958084,3723.0,-3.4112275047005105,1345.3,102,2,365,1161.73,76.28,1153.92,16.585205213532987
Uttar Pradesh,Budaun,Maize,2021-22,0.1,0.31,3280.0,4,True,,,,,,,,,904.18,70,2,365,613.76,254.65,,
Uttar Pradesh,Budaun,Maize,2022-23,0.1,0.22,2317.0,4,True,3280.0,-29.35975609756097,0.1,0.0,0.31,-29.032258064516125,3280.0,-29.35975609756097,830.86,76,2,365,522.7,223.68,904.18,-8.10900484416819
Uttar Pradesh,Budaun,Maize,2023-24,0.35,1.02,2950.0,4,True,2317.0,27.31981009926629,0.1,249.99999999999997,0.22,363.6363636363637,2798.5,5.413614436305164,766.09,52,0,366,695.18,62.39,867.52,-11.691949465142008
Uttar Pradesh,Budaun,Maize,2024-25,0.25,0.85,3353.0,4,True,2950.0,13.661016949152543,0.35,-28.57142857142857,1.02,-16.66666666666667,2849.0,17.69041769041769,956.85,73,1,365,869.43,26.95,833.71,14.77012390399539
Uttar Pradesh,Budaun,Rice,2021-22,1.0,2.53,2540.0,4,True,,,,,,,,,904.18,70,2,365,613.76,254.65,,
Uttar Pradesh,Budaun,Rice,2022-23,0.82,2.1,2555.0,4,True,2540.0,0.5905511811023622,1.0,-18.000000000000004,2.53,-16.996047430830032,2540.0,0.5905511811023622,830.86,76,2,365,522.7,223.68,904.18,-8.10900484416819
Uttar Pradesh,Budaun,Rice,2023-24,0.95,2.08,2197.0,4,True,2555.0,-14.01174168297456,0.82,15.853658536585366,2.1,-0.9523809523809532,2547.5,-13.758586849852795,766.09,52,0,366,695.18,62.39,867.52,-11.691949465142008
Uttar Pradesh,Budaun,Rice,2024-25,1.69,4.41,2620.0,4,True,2197.0,19.253527537551207,0.95,77.89473684210526,2.08,112.01923076923076,2430.6666666666665,7.789358200767972,956.85,73,1,365,869.43,26.95,833.71,14.77012390399539
Uttar Pradesh,Budaun,Wheat,2021-22,2.42,9.39,3886.0,4,True,,,,,,,,,904.18,70,2,365,613.76,254.65,,
Uttar Pradesh,Budaun,Wheat,2022-23,2.15,9.13,4238.0,4,True,3886.0,9.058157488419967,2.42,-11.157024793388432,9.39,-2.768903088391904,3886.0,9.058157488419967,830.86,76,2,365,522.7,223.68,904.18,-8.10900484416819
Uttar Pradesh,Budaun,Wheat,2023-24,2.21,9.65,4376.0,4,True,4238.0,3.256252949504483,2.15,2.7906976744186074,9.13,5.695509309967136,4062.0,7.730182176267848,766.09,52,0,366,695.18,62.39,867.52,-11.691949465142008
Uttar Pradesh,Budaun,Wheat,2024-25,1.91,7.73,4044.0,4,True,4376.0,-7.586837294332724,2.21,-13.574660633484164,9.65,-19.89637305699482,4166.666666666667,-2.944000000000007,956.85,73,1,365,869.43,26.95,833.71,14.77012390399539
Uttar Pradesh,Bulandshahr,Maize,2021-22,0.52,1.38,2632.0,4,True,,,,,,,,,1076.17,67,0,365,815.93,216.11,,
Uttar Pradesh,Bulandshahr,Maize,2022-23,0.53,1.24,2328.0,4,True,2632.0,-11.55015197568389,0.52,1.923076923076925,1.38,-10.144927536231878,2632.0,-11.55015197568389,887.89,71,2,365,573.6800000000001,221.33,1076.17,-17.49537712443202
Uttar Pradesh,Bulandshahr,Maize,2023-24,0.66,1.54,2340.0,4,True,2328.0,0.5154639175257731,0.53,24.52830188679245,1.24,24.19354838709678,2480.0,-5.64516129032258,710.71,50,1,366,645.59,58.6,982.03,-27.628483854872044
Uttar Pradesh,Bulandshahr,Maize,2024-25,0.45,1.3,2888.0,4,True,2340.0,23.418803418803417,0.66,-31.818181818181817,1.54,-15.584415584415584,2433.333333333333,18.68493150684931,923.0,71,0,365,784.26,42.31,891.59,3.5229197276775164
Uttar Pradesh,Bulandshahr,Rice,2021-22,0.93,2.62,2809.0,4,True,,,,,,,,,1076.17,67,0,365,815.93,216.11,,
Uttar Pradesh,Bulandshahr,Rice,2022-23,0.98,2.39,2447.0,4,True,2809.0,-12.887148451406194,0.93,5.376344086021498,2.62,-8.778625954198473,2809.0,-12.887148451406194,887.89,71,2,365,573.6800000000001,221.33,1076.17,-17.49537712443202
Uttar Pradesh,Bulandshahr,Rice,2023-24,0.86,2.37,2754.0,4,True,2447.0,12.54597466285247,0.98,-12.244897959183673,2.39,-0.836820083682009,2628.0,4.794520547945205,710.71,50,1,366,645.59,58.6,982.03,-27.628483854872044
Uttar Pradesh,Bulandshahr,Rice,2024-25,1.43,3.86,2706.0,4,True,2754.0,-1.7429193899782136,0.86,66.27906976744185,2.37,62.86919831223627,2670.0,1.348314606741573,923.0,71,0,365,784.26,42.31,891.59,3.5229197276775164
Uttar Pradesh,Bulandshahr,Wheat,2021-22,2.02,8.96,4437.0,4,True,,,,,,,,,1076.17,67,0,365,815.93,216.11,,
Uttar Pradesh,Bulandshahr,Wheat,2022-23,1.95,8.38,4286.0,4,True,4437.0,-3.403200360604012,2.02,-3.4653465346534684,8.96,-6.473214285714287,4437.0,-3.403200360604012,887.89,71,2,365,573.6800000000001,221.33,1076.17,-17.49537712443202
Uttar Pradesh,Bulandshahr,Wheat,2023-24,1.73,7.49,4324.0,4,True,4286.0,0.8866075594960335,1.95,-11.28205128205128,8.38,-10.620525059665876,4361.5,-0.859795941763155,710.71,50,1,366,645.59,58.6,982.03,-27.628483854872044
Uttar Pradesh,Bulandshahr,Wheat,2024-25,1.78,7.04,3954.0,4,True,4324.0,-8.556891766882515,1.73,2.890173410404627,7.49,-6.008010680907879,4349.0,-9.082547712117728,923.0,71,0,365,784.26,42.31,891.59,3.5229197276775164
Uttar Pradesh,Chandauli,Maize,2021-22,0.0,0.0,1763.0,4,True,,,,,,,,,839.9,67,0,365,726.49,95.67,,
Uttar Pradesh,Chandauli,Maize,2022-23,0.0,0.0,2651.0,4,True,1763.0,50.36868973340896,0.0,,0.0,,1763.0,50.36868973340896,874.13,71,0,365,719.65,112.01,839.9,4.075485176806765
Uttar Pradesh,Chandauli,Maize,2023-24,0.0,0.0,1980.0,4,True,2651.0,-25.311203319502077,0.0,,0.0,,2207.0,-10.285455369279566,691.79,68,0,366,520.65,163.9,857.015,-19.279125802932274
Uttar Pradesh,Chandauli,Maize,2024-25,0.0,0.01,3458.0,4,True,1980.0,74.64646464646465,0.0,,0.0,,2131.333333333333,62.24585548952142,1031.34,76,0,365,986.8,10.38,801.9399999999999,28.605631343990822
Uttar Pradesh,Chandauli,Rice,2021-22,1.18,3.95,3360.0,4,True,,,,,,,,,839.9,67,0,365,726.49,95.67,,
Uttar Pradesh,Chandauli,Rice,2022-23,1.15,3.81,3321.0,4,True,3360.0,-1.1607142857142858,1.18,-2.5423728813559343,3.95,-3.5443037974683573,3360.0,-1.1607142857142858,874.13,71,0,365,719.65,112.01,839.9,4.075485176806765
Uttar Pradesh,Chandauli,Rice,2023-24,1.06,3.8,3570.0,4,True,3321.0,7.497741644083107,1.15,-7.826086956521728,3.81,-0.2624671916010559,3340.5,6.870229007633588,691.79,68,0,366,520.65,163.9,857.015,-19.279125802932274
Uttar Pradesh,Chandauli,Rice,2024-25,1.21,4.17,3434.0,4,True,3570.0,-3.8095238095238098,1.06,14.150943396226406,3.8,9.73684210526316,3417.0,0.4975124378109453,1031.34,76,0,365,986.8,10.38,801.9399999999999,28.605631343990822
Uttar Pradesh,Chandauli,Wheat,2021-22,1.05,3.71,3523.0,4,True,,,,,,,,,839.9,67,0,365,726.49,95.67,,
Uttar Pradesh,Chandauli,Wheat,2022-23,1.15,3.65,3178.0,4,True,3523.0,-9.792790235594664,1.05,9.523809523809511,3.71,-1.617250673854449,3523.0,-9.792790235594664,874.13,71,0,365,719.65,112.01,839.9,4.075485176806765
Uttar Pradesh,Chandauli,Wheat,2023-24,1.13,4.05,3580.0,4,True,3178.0,12.649465072372562,1.15,-1.7391304347826104,3.65,10.95890410958904,3350.5,6.849723921802715,691.79,68,0,366,520.65,163.9,857.015,-19.279125802932274
Uttar Pradesh,Chandauli,Wheat,2024-25,1.06,3.84,3615.0,4,True,3580.0,0.9776536312849162,1.13,-6.194690265486712,4.05,-5.185185185185184,3427.0,5.485847680186752,1031.34,76,0,365,986.8,10.38,801.9399999999999,28.605631343990822
Uttar Pradesh,Chitrakoot,Maize,2021-22,0.0,0.0,2375.0,4,True,,,,,,,,,812.44,68,0,365,693.52,91.14,,
Uttar Pradesh,Chitrakoot,Maize,2022-23,0.0,0.0,2600.0,4,True,2375.0,9.473684210526317,0.0,,0.0,,2375.0,9.473684210526317,971.09,75,0,365,786.79,131.85,812.44,19.527595884003738
Uttar Pradesh,Chitrakoot,Maize,2023-24,0.0,0.0,2344.0,4,True,2600.0,-9.846153846153848,0.0,,0.0,,2487.5,-5.768844221105527,790.81,66,0,366,673.11,107.62,891.7650000000001,-11.320807611870856
Uttar Pradesh,Chitrakoot,Maize,2024-25,0.03,0.09,3479.0,4,True,2344.0,48.42150170648464,0.0,,0.0,,2439.6666666666665,42.60144828528488,1125.46,79,3,365,977.41,17.68,858.1133333333333,31.155169868781908
Uttar Pradesh,Chitrakoot,Rice,2021-22,0.1,0.23,2235.0,4,True,,,,,,,,,812.44,68,0,365,693.52,91.14,,
Uttar Pradesh,Chitrakoot,Rice,2022-23,0.1,0.24,2294.0,4,True,2235.0,2.6398210290827744,0.1,0.0,0.23,4.3478260869565135,2235.0,2.6398210290827744,971.09,75,0,365,786.79,131.85,812.44,19.527595884003738
Uttar Pradesh,Chitrakoot,Rice,2023-24,0.1,0.22,2331.0,4,True,2294.0,1.6129032258064515,0.1,0.0,0.24,-8.33333333333333,2264.5,2.936630602782071,790.81,66,0,366,673.11,107.62,891.7650000000001,-11.320807611870856
Uttar Pradesh,Chitrakoot,Rice,2024-25,0.36,0.83,2282.0,4,True,2331.0,-2.1021021021021022,0.1,260.0,0.22,277.27272727272725,2286.6666666666665,-0.2040816326530546,1125.46,79,3,365,977.41,17.68,858.1133333333333,31.155169868781908
Uttar Pradesh,Chitrakoot,Wheat,2021-22,0.51,1.62,3189.0,4,True,,,,,,,,,812.44,68,0,365,693.52,91.14,,
Uttar Pradesh,Chitrakoot,Wheat,2022-23,0.8,2.51,3140.0,4,True,3189.0,-1.5365318281592977,0.51,56.86274509803923,1.62,54.93827160493825,3189.0,-1.5365318281592977,971.09,75,0,365,786.79,131.85,812.44,19.527595884003738
Uttar Pradesh,Chitrakoot,Wheat,2023-24,0.7,2.11,3029.0,4,True,3140.0,-3.535031847133758,0.8,-12.50000000000001,2.51,-15.936254980079678,3164.5,-4.281877073787328,790.81,66,0,366,673.11,107.62,891.7650000000001,-11.320807611870856
Uttar Pradesh,Chitrakoot,Wheat,2024-25,0.61,1.75,2860.0,4,True,3029.0,-5.579399141630901,0.7,-12.857142857142852,2.11,-17.06161137440758,3119.333333333333,-8.313742252618086,1125.46,79,3,365,977.41,17.68,858.1133333333333,31.155169868781908
Uttar Pradesh,Deoria,Maize,2021-22,0.09,0.12,1428.0,4,True,,,,,,,,,1319.0,94,2,365,1052.31,230.97,,
Uttar Pradesh,Deoria,Maize,2022-23,0.07,0.1,1445.0,4,True,1428.0,1.1904761904761905,0.09,-22.22222222222221,0.12,-16.66666666666666,1428.0,1.1904761904761905,906.85,72,1,365,676.23,181.54,1319.0,-31.24715693707354
Uttar Pradesh,Deoria,Maize,2023-24,0.07,0.16,2236.0,4,True,1445.0,54.74048442906574,0.07,0.0,0.1,60.0,1436.5,55.65610859728507,846.11,79,1,366,723.78,104.53,1112.925,-23.974212098748787
Uttar Pradesh,Deoria,Maize,2024-25,0.05,0.13,2666.0,4,True,2236.0,19.230769230769237,0.07,-28.571428571428577,0.16,-18.75,1703.0,56.54726952436876,1150.39,75,2,365,1032.96,5.39,1023.9866666666667,12.34423625307622
Uttar Pradesh,Deoria,Rice,2021-22,1.36,3.17,2328.0,4,True,,,,,,,,,1319.0,94,2,365,1052.31,230.97,,
Uttar Pradesh,Deoria,Rice,2022-23,1.5,3.59,2387.0,4,True,2328.0,2.5343642611683848,1.36,10.294117647058815,3.17,13.249211356466876,2328.0,2.5343642611683848,906.85,72,1,365,676.23,181.54,1319.0,-31.24715693707354
Uttar Pradesh,Deoria,Rice,2023-24,1.26,2.94,2327.0,4,True,2387.0,-2.5136154168412235,1.5,-16.0,3.59,-18.105849582172706,2357.5,-1.2937433722163307,846.11,79,1,366,723.78,104.53,1112.925,-23.974212098748787
Uttar Pradesh,Deoria,Rice,2024-25,1.4,3.67,2628.0,4,True,2327.0,12.935109583154276,1.26,11.111111111111104,2.94,24.829931972789115,2347.333333333333,11.956830445896044,1150.39,75,2,365,1032.96,5.39,1023.9866666666667,12.34423625307622
Uttar Pradesh,Deoria,Wheat,2021-22,1.6,5.35,3345.0,4,True,,,,,,,,,1319.0,94,2,365,1052.31,230.97,,
Uttar Pradesh,Deoria,Wheat,2022-23,1.73,6.36,3685.0,4,True,3345.0,10.1644245142003,1.6,8.124999999999993,5.35,18.878504672897208,3345.0,10.1644245142003,906.85,72,1,365,676.23,181.54,1319.0,-31.24715693707354
Uttar Pradesh,Deoria,Wheat,2023-24,1.65,5.86,3548.0,4,True,3685.0,-3.7177747625508815,1.73,-4.624277456647403,6.36,-7.861635220125786,3515.0,0.9388335704125178,846.11,79,1,366,723.78,104.53,1112.925,-23.974212098748787
Uttar Pradesh,Deoria,Wheat,2024-25,1.44,5.16,3568.0,4,True,3548.0,0.5636978579481398,1.65,-12.727272727272728,5.86,-11.94539249146758,3526.0,1.191151446398185,1150.39,75,2,365,1032.96,5.39,1023.9866666666667,12.34423625307622
Uttar Pradesh,Etah,Maize,2021-22,0.32,1.29,4077.0,4,True,,,,,,,,,840.23,68,2,365,580.1,230.55,,
Uttar Pradesh,Etah,Maize,2022-23,0.32,1.08,3397.0,4,True,4077.0,-16.678930586215355,0.32,0.0,1.29,-16.279069767441857,4077.0,-16.678930586215355,787.76,70,1,365,533.5,182.32,840.23,-6.24471870797282
Uttar Pradesh,Etah,Maize,2023-24,0.38,1.27,3355.0,4,True,3397.0,-1.2363850456284955,0.32,18.75,1.08,17.592592592592588,3737.0,-10.222103291410225,726.16,56,0,366,652.18,63.72,813.995,-10.790606821909229
Uttar Pradesh,Etah,Maize,2024-25,0.25,0.88,3552.0,4,True,3355.0,5.871833084947839,0.38,-34.21052631578947,1.27,-30.70866141732284,3609.6666666666665,-1.5975621017637782,968.49,77,1,365,903.13,24.72,784.7166666666667,23.419068453581968
Uttar Pradesh,Etah,Rice,2021-22,0.18,0.49,2671.0,4,True,,,,,,,,,840.23,68,2,365,580.1,230.55,,
Uttar Pradesh,Etah,Rice,2022-23,0.18,0.49,2688.0,4,True,2671.0,0.636465743167353,0.18,0.0,0.49,0.0,2671.0,0.636465743167353,787.76,70,1,365,533.5,182.32,840.23,-6.24471870797282
Uttar Pradesh,Etah,Rice,2023-24,0.19,0.49,2649.0,4,True,2688.0,-1.4508928571428572,0.18,5.555555555555561,0.49,0.0,2679.5,-1.1382720656838965,726.16,56,0,366,652.18,63.72,813.995,-10.790606821909229
Uttar Pradesh,Etah,Rice,2024-25,0.88,2.29,2584.0,4,True,2649.0,-2.453756134390336,0.19,363.1578947368421,0.49,367.34693877551024,2669.333333333333,-3.1968031968032022,968.49,77,1,365,903.13,24.72,784.7166666666667,23.419068453581968
Uttar Pradesh,Etah,Wheat,2021-22,1.41,5.47,3890.0,4,True,,,,,,,,,840.23,68,2,365,580.1,230.55,,
Uttar Pradesh,Etah,Wheat,2022-23,1.36,5.62,4139.0,4,True,3890.0,6.401028277634961,1.41,-3.5460992907801296,5.47,2.742230347349184,3890.0,6.401028277634961,787.76,70,1,365,533.5,182.32,840.23,-6.24471870797282
Uttar Pradesh,Etah,Wheat,2023-24,1.02,3.97,3905.0,4,True,4139.0,-5.65353950229524,1.36,-25.000000000000007,5.62,-29.359430604982208,4014.5,-2.72761240503176,726.16,56,0,366,652.18,63.72,813.995,-10.790606821909229
Uttar Pradesh,Etah,Wheat,2024-25,1.15,4.15,3625.0,4,True,3905.0,-7.170294494238156,1.02,12.745098039215677,3.97,4.53400503778338,3978.0,-8.873805932629462,968.49,77,1,365,903.13,24.72,784.7166666666667,23.419068453581968
Uttar Pradesh,Etawah,Maize,2021-22,0.07,0.21,3107.0,4,True,,,,,,,,,906.26,69,0,365,673.58,204.86,,
Uttar Pradesh,Etawah,Maize,2022-23,0.07,0.19,2930.0,4,True,3107.0,-5.696813646604442,0.07,0.0,0.21,-9.523809523809518,3107.0,-5.696813646604442,969.62,73,0,365,756.05,156.24,906.26,6.991371129697881
Uttar Pradesh,Etawah,Maize,2023-24,0.1,0.31,3167.0,4,True,2930.0,8.088737201365188,0.07,42.85714285714285,0.19,63.1578947368421,3018.5,4.9196620838164655,689.94,65,0,366,596.04,89.83,937.94,-26.440923726464376
Uttar Pradesh,Etawah,Maize,2024-25,0.14,0.47,3454.0,4,True,3167.0,9.062203978528576,0.1,40.00000000000001,0.31,51.61290322580644,3068.0,12.58148631029987,995.18,73,2,365,963.38,12.42,855.2733333333334,16.35812332899422
Uttar Pradesh,Etawah,Rice,2021-22,0.51,1.58,3066.0,4,True,,,,,,,,,906.26,69,0,365,673.58,204.86,,
Uttar Pradesh,Etawah,Rice,2022-23,0.51,1.53,3017.0,4,True,3066.0,-1.5981735159817352,0.51,0.0,1.58,-3.16455696202532,3066.0,-1.5981735159817352,969.62,73,0,365,756.05,156.24,906.26,6.991371129697881
Uttar Pradesh,Etawah,Rice,2023-24,0.5,1.6,3220.0,4,True,3017.0,6.728538283062645,0.51,-1.960784313725492,1.53,4.575163398692815,3041.5,5.868814729574224,689.94,65,0,366,596.04,89.83,937.94,-26.440923726464376
Uttar Pradesh,Etawah,Rice,2024-25,0.73,2.32,3166.0,4,True,3220.0,-1.6770186335403725,0.5,46.0,1.6,44.99999999999999,3101.0,2.0960980328926158,995.18,73,2,365,963.38,12.42,855.2733333333334,16.35812332899422
Uttar Pradesh,Etawah,Wheat,2021-22,1.05,4.01,3833.0,4,True,,,,,,,,,906.26,69,0,365,673.58,204.86,,
Uttar Pradesh,Etawah,Wheat,2022-23,1.0,4.06,4052.0,4,True,3833.0,5.713540307852857,1.05,-4.761904761904765,4.01,1.246882793017452,3833.0,5.713540307852857,969.62,73,0,365,756.05,156.24,906.26,6.991371129697881
Uttar Pradesh,Etawah,Wheat,2023-24,0.89,3.65,4107.0,4,True,4052.0,1.3573543928923988,1.0,-10.999999999999998,4.06,-10.098522167487678,3942.5,4.172479391249207,689.94,65,0,366,596.04,89.83,937.94,-26.440923726464376
Uttar Pradesh,Etawah,Wheat,2024-25,0.91,3.73,4083.0,4,True,4107.0,-0.5843681519357196,0.89,2.247191011235957,3.65,2.1917808219178103,3997.3333333333335,2.143095396931284,995.18,73,2,365,963.38,12.42,855.2733333333334,16.35812332899422
Uttar Pradesh,Farrukhabad,Maize,2021-22,0.39,1.24,3175.0,4,True,,,,,,,,,964.23,65,2,365,561.23,365.66,,
Uttar Pradesh,Farrukhabad,Maize,2022-23,0.39,1.15,2949.0,4,True,3175.0,-7.118110236220472,0.39,0.0,1.24,-7.258064516129038,3175.0,-7.118110236220472,748.84,64,1,365,470.56,213.88,964.23,-22.338031382553954
Uttar Pradesh,Farrukhabad,Maize,2023-24,0.61,1.7,2785.0,4,True,2949.0,-5.561207188877586,0.39,56.4102564102564,1.15,47.82608695652175,3062.0,-9.046374918354015,713.0699999999999,61,1,366,637.88,61.59,856.5350000000001,-16.74946149310888
Uttar Pradesh,Farrukhabad,Maize,2024-25,0.53,1.67,3148.0,4,True,2785.0,13.034111310592458,0.61,-13.114754098360647,1.7,-1.764705882352943,2969.6666666666665,6.005163317993046,957.23,74,0,365,900.1800000000001,16.73,808.7133333333333,18.364562638594652
Uttar Pradesh,Farrukhabad,Rice,2021-22,0.14,0.4,2931.0,4,True,,,,,,,,,964.23,65,2,365,561.23,365.66,,
Uttar Pradesh,Farrukhabad,Rice,2022-23,0.14,0.43,3178.0,4,True,2931.0,8.427157966564312,0.14,0.0,0.4,7.499999999999993,2931.0,8.427157966564312,748.84,64,1,365,470.56,213.88,964.23,-22.338031382553954
Uttar Pradesh,Farrukhabad,Rice,2023-24,0.13,0.43,3338.0,4,True,3178.0,5.034612964128383,0.14,-7.142857142857148,0.43,0.0,3054.5,9.28138811589458,713.0699999999999,61,1,366,637.88,61.59,856.5350000000001,-16.74946149310888
Uttar Pradesh,Farrukhabad,Rice,2024-25,1.02,3.27,3196.0,4,True,3338.0,-4.254044337926902,0.13,684.6153846153845,0.43,660.4651162790698,3149.0,1.4925373134328357,957.23,74,0,365,900.1800000000001,16.73,808.7133333333333,18.364562638594652
Uttar Pradesh,Farrukhabad,Wheat,2021-22,0.78,3.03,3877.0,4,True,,,,,,,,,964.23,65,2,365,561.23,365.66,,
Uttar Pradesh,Farrukhabad,Wheat,2022-23,0.75,3.11,4141.0,4,True,3877.0,6.809388702605107,0.78,-3.84615384615385,3.03,2.640264026402643,3877.0,6.809388702605107,748.84,64,1,365,470.56,213.88,964.23,-22.338031382553954
Uttar Pradesh,Farrukhabad,Wheat,2023-24,0.66,2.56,3883.0,4,True,4141.0,-6.230379135474523,0.75,-11.999999999999996,3.11,-17.68488745980707,4009.0,-3.142928411075081,713.0699999999999,61,1,366,637.88,61.59,856.5350000000001,-16.74946149310888
Uttar Pradesh,Farrukhabad,Wheat,2024-25,0.68,3.15,4617.0,4,True,3883.0,18.902910121040435,0.66,3.030303030303033,2.56,23.046874999999996,3967.0,16.385177716158307,957.23,74,0,365,900.1800000000001,16.73,808.7133333333333,18.364562638594652
Uttar Pradesh,Fatehpur,Maize,2021-22,0.0,0.01,2155.0,4,True,,,,,,,,,918.42,66,1,365,741.96,156.58,,
Uttar Pradesh,Fatehpur,Maize,2022-23,0.0,0.01,2851.0,4,True,2155.0,32.2969837587007,0.0,,0.01,0.0,2155.0,32.2969837587007,1071.58,74,1,365,812.05,184.15,918.42,16.676466104832212
Uttar Pradesh,Fatehpur,Maize,2023-24,0.0,0.01,1498.0,4,True,2851.0,-47.45703262013329,0.0,,0.01,0.0,2503.0,-40.15181781861766,705.93,59,0,366,613.22,90.9,995.0,-29.052261306532667
Uttar Pradesh,Fatehpur,Maize,2024-25,0.02,0.07,3270.0,4,True,1498.0,118.29105473965286,0.0,,0.01,600.0,2168.0,50.83025830258303,749.56,78,0,365,687.77,15.13,898.6433333333333,-16.589822436042486
Uttar Pradesh,Fatehpur,Rice,2021-22,0.86,2.41,2815.0,4,True,,,,,,,,,918.42,66,1,365,741.96,156.58,,
Uttar Pradesh,Fatehpur,Rice,2022-23,0.92,2.62,2853.0,4,True,2815.0,1.349911190053286,0.86,6.976744186046519,2.41,8.713692946058089,2815.0,1.349911190053286,1071.58,74,1,365,812.05,184.15,918.42,16.676466104832212
Uttar Pradesh,Fatehpur,Rice,2023-24,0.8,2.17,2712.0,4,True,2853.0,-4.942166140904311,0.92,-13.043478260869565,2.62,-17.175572519083975,2834.0,-4.304869442484121,705.93,59,0,366,613.22,90.9,995.0,-29.052261306532667
Uttar Pradesh,Fatehpur,Rice,2024-25,1.81,4.79,2653.0,4,True,2712.0,-2.17551622418879,0.8,126.25,2.17,120.7373271889401,2793.333333333333,-5.023866348448693,749.56,78,0,365,687.77,15.13,898.6433333333333,-16.589822436042486
Uttar Pradesh,Fatehpur,Wheat,2021-22,1.79,6.56,3660.0,4,True,,,,,,,,,918.42,66,1,365,741.96,156.58,,
Uttar Pradesh,Fatehpur,Wheat,2022-23,1.72,6.46,3759.0,4,True,3660.0,2.7049180327868854,1.79,-3.910614525139669,6.56,-1.5243902439024335,3660.0,2.7049180327868854,1071.58,74,1,365,812.05,184.15,918.42,16.676466104832212
Uttar Pradesh,Fatehpur,Wheat,2023-24,2.07,7.55,3644.0,4,True,3759.0,-3.0593242883745675,1.72,20.34883720930232,6.46,16.873065015479874,3709.5,-1.7657366221862785,705.93,59,0,366,613.22,90.9,995.0,-29.052261306532667
Uttar Pradesh,Fatehpur,Wheat,2024-25,1.71,5.75,3359.0,4,True,3644.0,-7.821075740944019,2.07,-17.391304347826082,7.55,-23.841059602649004,3687.6666666666665,-8.912591521287169,749.56,78,0,365,687.77,15.13,898.6433333333333,-16.589822436042486
Uttar Pradesh,Firozabad,Maize,2021-22,0.1,0.3,3009.0,4,True,,,,,,,,,835.8100000000001,67,0,365,618.13,195.02,,
Uttar Pradesh,Firozabad,Maize,2022-23,0.1,0.22,2182.0,4,True,3009.0,-27.48421402459289,0.1,0.0,0.3,-26.666666666666668,3009.0,-27.48421402459289,846.24,77,0,365,628.04,154.88,835.8100000000001,1.247891267154012
Uttar Pradesh,Firozabad,Maize,2023-24,0.13,0.32,2572.0,4,True,2182.0,17.873510540788267,0.1,30.0,0.22,45.45454545454546,2595.5,-0.9054132151801194,707.54,60,0,366,627.21,70.96,841.0250000000001,-15.87170417050624
Uttar Pradesh,Firozabad,Maize,2024-25,0.05,0.17,3361.0,4,True,2572.0,30.676516329704512,0.13,-61.53846153846154,0.32,-46.875,2587.6666666666665,29.885353600412216,1078.94,74,2,365,1032.79,20.1,796.5300000000001,35.45503621960252
Uttar Pradesh,Firozabad,Rice,2021-22,0.25,0.62,2538.0,4,True,,,,,,,,,835.8100000000001,67,0,365,618.13,195.02,,
Uttar Pradesh,Firozabad,Rice,2022-23,0.23,0.68,2943.0,4,True,2538.0,15.95744680851064,0.25,-7.9999999999999964,0.62,9.677419354838715,2538.0,15.95744680851064,846.24,77,0,365,628.04,154.88,835.8100000000001,1.247891267154012
Uttar Pradesh,Firozabad,Rice,2023-24,0.23,0.68,2890.0,4,True,2943.0,-1.8008834522595991,0.23,0.0,0.68,0.0,2740.5,5.455208903484766,707.54,60,0,366,627.21,70.96,841.0250000000001,-15.87170417050624
Uttar Pradesh,Firozabad,Rice,2024-25,0.49,1.65,3366.0,4,True,2890.0,16.470588235294116,0.23,113.04347826086956,0.68,142.64705882352936,2790.333333333333,20.630749014454658,1078.94,74,2,365,1032.79,20.1,796.5300000000001,35.45503621960252
Uttar Pradesh,Firozabad,Wheat,2021-22,1.04,3.68,3534.0,4,True,,,,,,,,,835.8100000000001,67,0,365,618.13,195.02,,
Uttar Pradesh,Firozabad,Wheat,2022-23,1.01,4.28,4234.0,4,True,3534.0,19.807583474816077,1.04,-2.8846153846153872,3.68,16.30434782608696,3534.0,19.807583474816077,846.24,77,0,365,628.04,154.88,835.8100000000001,1.247891267154012
Uttar Pradesh,Firozabad,Wheat,2023-24,0.86,3.44,3998.0,4,True,4234.0,-5.573925366084081,1.01,-14.851485148514854,4.28,-19.62616822429907,3884.0,2.9351184346035017,707.54,60,0,366,627.21,70.96,841.0250000000001,-15.87170417050624
Uttar Pradesh,Firozabad,Wheat,2024-25,0.93,3.51,3766.0,4,True,3998.0,-5.802901450725362,0.86,8.139534883720938,3.44,2.034883720930228,3922.0,-3.977562468128506,1078.94,74,2,365,1032.79,20.1,796.5300000000001,35.45503621960252
Uttar Pradesh,Gautam Buddha Nagar,Maize,2021-22,0.01,0.02,2612.0,4,True,,,,,,,,,993.13,70,1,365,726.0,225.4,,
Uttar Pradesh,Gautam Buddha Nagar,Maize,2022-23,0.01,0.02,2438.0,4,True,2612.0,-6.66156202143951,0.01,0.0,0.02,0.0,2612.0,-6.66156202143951,869.97,75,2,365,554.42,227.92,993.13,-12.401196218017779
Uttar Pradesh,Gautam Buddha Nagar,Maize,2023-24,0.01,0.02,2129.0,4,True,2438.0,-12.674323215750617,0.01,0.0,0.02,0.0,2525.0,-15.683168316831685,742.72,52,1,366,676.36,61.86,931.55,-20.27051688046803
Uttar Pradesh,Gautam Buddha Nagar,Maize,2024-25,0.01,0.03,2908.0,4,True,2129.0,36.58994833255049,0.01,0.0,0.02,49.99999999999999,2393.0,21.521103217718345,916.61,68,0,365,805.27,34.379999999999995,868.6066666666667,5.526475351328948
Uttar Pradesh,Gautam Buddha Nagar,Rice,2021-22,0.14,0.34,2333.0,4,True,,,,,,,,,993.13,70,1,365,726.0,225.4,,
Uttar Pradesh,Gautam Buddha Nagar,Rice,2022-23,0.2,0.45,2198.0,4,True,2333.0,-5.786540934419203,0.14,42.85714285714285,0.34,32.35294117647059,2333.0,-5.786540934419203,869.97,75,2,365,554.42,227.92,993.13,-12.401196218017779
Uttar Pradesh,Gautam Buddha Nagar,Rice,2023-24,0.14,0.4,2855.0,4,True,2198.0,29.89080982711556,0.2,-30.0,0.45,-11.111111111111107,2265.5,26.02074597219157,742.72,52,1,366,676.36,61.86,931.55,-20.27051688046803
Uttar Pradesh,Gautam Buddha Nagar,Rice,2024-25,0.28,0.78,2803.0,4,True,2855.0,-1.8213660245183887,0.14,100.0,0.4,95.0,2462.0,13.850528025995128,916.61,68,0,365,805.27,34.379999999999995,868.6066666666667,5.526475351328948
Uttar Pradesh,Gautam Buddha Nagar,Wheat,2021-22,0.46,1.77,3849.0,4,True,,,,,,,,,993.13,70,1,365,726.0,225.4,,
Uttar Pradesh,Gautam Buddha Nagar,Wheat,2022-23,0.45,1.81,4058.0,4,True,3849.0,5.429981813458041,0.46,-2.1739130434782625,1.77,2.25988700564972,3849.0,5.429981813458041,869.97,75,2,365,554.42,227.92,993.13,-12.401196218017779
Uttar Pradesh,Gautam Buddha Nagar,Wheat,2023-24,0.32,1.34,4172.0,4,True,4058.0,2.809265648102514,0.45,-28.888888888888893,1.81,-25.96685082872928,3953.5,5.526748450739851,742.72,52,1,366,676.36,61.86,931.55,-20.27051688046803
Uttar Pradesh,Gautam Buddha Nagar,Wheat,2024-25,0.51,2.01,3962.0,4,True,4172.0,-5.033557046979865,0.32,59.375,1.34,49.99999999999998,4026.3333333333335,-1.5978143886083322,916.61,68,0,365,805.27,34.379999999999995,868.6066666666667,5.526475351328948
Uttar Pradesh,Ghaziabad,Maize,2021-22,0.0,0.0,2500.0,4,True,,,,,,,,,1106.73,68,1,365,812.39,246.91,,
Uttar Pradesh,Ghaziabad,Maize,2022-23,0.0,0.0,2440.0,4,True,2500.0,-2.4,0.0,,0.0,,2500.0,-2.4,936.84,71,1,365,604.92,247.36,1106.73,-15.350627524328425
Uttar Pradesh,Ghaziabad,Maize,2023-24,0.0,0.0,2200.0,4,True,2440.0,-9.836065573770492,0.0,,0.0,,2470.0,-10.931174089068826,802.46,53,1,366,728.24,69.17,1021.7850000000001,-21.46488742739422
Uttar Pradesh,Ghaziabad,Maize,2024-25,0.0,0.02,3459.0,4,True,2200.0,57.22727272727273,0.0,,0.0,,2380.0,45.33613445378151,1065.14,80,1,365,923.74,45.47,948.6766666666667,12.276399054121006
Uttar Pradesh,Ghaziabad,Rice,2021-22,0.1,0.27,2700.0,4,True,,,,,,,,,1106.73,68,1,365,812.39,246.91,,
Uttar Pradesh,Ghaziabad,Rice,2022-23,0.1,0.24,2499.0,4,True,2700.0,-7.444444444444444,0.1,0.0,0.27,-11.11111111111112,2700.0,-7.444444444444444,936.84,71,1,365,604.92,247.36,1106.73,-15.350627524328425
Uttar Pradesh,Ghaziabad,Rice,2023-24,0.08,0.21,2717.0,4,True,2499.0,8.723489395758303,0.1,-20.000000000000004,0.24,-12.5,2599.5,4.520100019234468,802.46,53,1,366,728.24,69.17,1021.7850000000001,-21.46488742739422
Uttar Pradesh,Ghaziabad,Rice,2024-25,0.05,0.14,2661.0,4,True,2717.0,-2.0610967979389034,0.08,-37.5,0.21,-33.33333333333333,2638.6666666666665,0.846387064173831,1065.14,80,1,365,923.74,45.47,948.6766666666667,12.276399054121006
Uttar Pradesh,Ghaziabad,Wheat,2021-22,0.3,1.25,4199.0,4,True,,,,,,,,,1106.73,68,1,365,812.39,246.91,,
Uttar Pradesh,Ghaziabad,Wheat,2022-23,0.28,1.13,3975.0,4,True,4199.0,-5.334603477018337,0.3,-6.666666666666654,1.25,-9.600000000000009,4199.0,-5.334603477018337,936.84,71,1,365,604.92,247.36,1106.73,-15.350627524328425
Uttar Pradesh,Ghaziabad,Wheat,2023-24,0.23,1.01,4342.0,4,True,3975.0,9.232704402515724,0.28,-17.85714285714286,1.13,-10.619469026548662,4087.0,6.239295326645461,802.46,53,1,366,728.24,69.17,1021.7850000000001,-21.46488742739422
Uttar Pradesh,Ghaziabad,Wheat,2024-25,0.27,1.02,3773.0,4,True,4342.0,-13.104560110548135,0.23,17.39130434782609,1.01,0.990099009900991,4172.0,-9.563758389261745,1065.14,80,1,365,923.74,45.47,948.6766666666667,12.276399054121006
Uttar Pradesh,Ghazipur,Maize,2021-22,0.01,0.01,1711.0,4,True,,,,,,,,,904.42,76,0,365,748.5,142.42,,
Uttar Pradesh,Ghazipur,Maize,2022-23,0.01,0.02,2680.0,4,True,1711.0,56.63354763296318,0.01,0.0,0.01,100.0,1711.0,56.63354763296318,703.53,69,0,365,551.15,103.03,904.42,-22.212025386435506
Uttar Pradesh,Ghazipur,Maize,2023-24,0.01,0.03,2418.0,4,True,2680.0,-9.776119402985074,0.01,0.0,0.02,49.99999999999999,2195.5,10.134365748121157,613.84,69,0,366,444.36,156.28,803.9749999999999,-23.64936720669174
Uttar Pradesh,Ghazipur,Maize,2024-25,0.01,0.03,3414.0,4,True,2418.0,41.19106699751861,0.01,0.0,0.03,0.0,2269.6666666666665,50.418563665736535,991.84,75,0,365,942.52,6.609999999999999,740.5966666666667,33.92444830519536
Uttar Pradesh,Ghazipur,Rice,2021-22,1.53,4.13,2699.0,4,True,,,,,,,,,904.42,76,0,365,748.5,142.42,,
Uttar Pradesh,Ghazipur,Rice,2022-23,1.5,5.04,3358.0,4,True,2699.0,24.416450537236013,1.53,-1.960784313725492,4.13,22.03389830508475,2699.0,24.416450537236013,703.53,69,0,365,551.15,103.03,904.42,-22.212025386435506
Uttar Pradesh,Ghazipur,Rice,2023-24,1.48,3.96,2672.0,4,True,3358.0,-20.428826682549136,1.5,-1.3333333333333344,5.04,-21.42857142857143,3028.5,-11.77150404490672,613.84,69,0,366,444.36,156.28,803.9749999999999,-23.64936720669174
Uttar Pradesh,Ghazipur,Rice,2024-25,1.8,5.35,2970.0,4,True,2672.0,11.152694610778443,1.48,21.621621621621625,3.96,35.1010101010101,2909.6666666666665,2.073547943636161,991.84,75,0,365,942.52,6.609999999999999,740.5966666666667,33.92444830519536
Uttar Pradesh,Ghazipur,Wheat,2021-22,1.81,7.01,3882.0,4,True,,,,,,,,,904.42,76,0,365,748.5,142.42,,
Uttar Pradesh,Ghazipur,Wheat,2022-23,1.88,6.76,3597.0,4,True,3882.0,-7.341576506955177,1.81,3.867403314917118,7.01,-3.566333808844508,3882.0,-7.341576506955177,703.53,69,0,365,551.15,103.03,904.42,-22.212025386435506
Uttar Pradesh,Ghazipur,Wheat,2023-24,1.95,7.19,3687.0,4,True,3597.0,2.5020850708924103,1.88,3.723404255319152,6.76,6.360946745562139,3739.5,-1.4039310068190936,613.84,69,0,366,444.36,156.28,803.9749999999999,-23.64936720669174
Uttar Pradesh,Ghazipur,Wheat,2024-25,1.71,6.5,3806.0,4,True,3687.0,3.2275562788174663,1.95,-12.307692307692308,7.19,-9.596662030598058,3722.0,2.2568511552928534,991.84,75,0,365,942.52,6.609999999999999,740.5966666666667,33.92444830519536
Uttar Pradesh,Gonda,Maize,2021-22,0.59,0.7,1175.0,4,True,,,,,,,,,1393.18,95,1,365,1104.13,233.09,,
Uttar Pradesh,Gonda,Maize,2022-23,0.59,0.95,1603.0,4,True,1175.0,36.42553191489362,0.59,0.0,0.7,35.714285714285715,1175.0,36.42553191489362,1104.75,71,1,365,749.84,275.08,1393.18,-20.70299602348584
Uttar Pradesh,Gonda,Maize,2023-24,0.7,1.22,1741.0,4,True,1603.0,8.60885839051778,0.59,18.64406779661017,0.95,28.421052631578952,1389.0,25.341972642188622,1027.1,80,1,366,917.78,94.75,1248.9650000000001,-17.763908516251472
Uttar Pradesh,Gonda,Maize,2024-25,0.21,0.33,1593.0,4,True,1741.0,-8.500861573808157,0.7,-70.0,1.22,-72.95081967213115,1506.3333333333333,5.753485284354952,1512.1,84,3,365,1392.12,6.0600000000000005,1175.01,28.688266482838436
Uttar Pradesh,Gonda,Rice,2021-22,1.38,3.2,2327.0,4,True,,,,,,,,,1393.18,95,1,365,1104.13,233.09,,
Uttar Pradesh,Gonda,Rice,2022-23,1.38,3.11,2264.0,4,True,2327.0,-2.7073485174043834,1.38,0.0,3.2,-2.8125000000000093,2327.0,-2.7073485174043834,1104.75,71,1,365,749.84,275.08,1393.18,-20.70299602348584
Uttar Pradesh,Gonda,Rice,2023-24,1.3,3.44,2654.0,4,True,2264.0,17.226148409893995,1.38,-5.797101449275352,3.11,10.610932475884246,2295.5,15.617512524504464,1027.1,80,1,366,917.78,94.75,1248.9650000000001,-17.763908516251472
Uttar Pradesh,Gonda,Rice,2024-25,1.37,3.54,2590.0,4,True,2654.0,-2.41145440844009,1.3,5.3846153846153895,3.44,2.906976744186049,2415.0,7.246376811594203,1512.1,84,3,365,1392.12,6.0600000000000005,1175.01,28.688266482838436
Uttar Pradesh,Gonda,Wheat,2021-22,1.6,5.25,3275.0,4,True,,,,,,,,,1393.18,95,1,365,1104.13,233.09,,
Uttar Pradesh,Gonda,Wheat,2022-23,1.53,4.89,3188.0,4,True,3275.0,-2.6564885496183206,1.6,-4.375000000000004,5.25,-6.857142857142863,3275.0,-2.6564885496183206,1104.75,71,1,365,749.84,275.08,1393.18,-20.70299602348584
Uttar Pradesh,Gonda,Wheat,2023-24,1.37,4.72,3435.0,4,True,3188.0,7.74780426599749,1.53,-10.457516339869276,4.89,-3.476482617586911,3231.5,6.297385115271546,1027.1,80,1,366,917.78,94.75,1248.9650000000001,-17.763908516251472
Uttar Pradesh,Gonda,Wheat,2024-25,1.42,5.25,3688.0,4,True,3435.0,7.365356622998544,1.37,3.649635036496337,4.72,11.22881355932204,3299.333333333333,11.78015760759749,1512.1,84,3,365,1392.12,6.0600000000000005,1175.01,28.688266482838436
Uttar Pradesh,Gorakhpur,Maize,2021-22,0.03,0.01,435.0,4,True,,,,,,,,,1215.79,88,1,365,981.53,208.44,,
Uttar Pradesh,Gorakhpur,Maize,2022-23,0.04,0.05,1339.0,4,True,435.0,207.81609195402297,0.03,33.33333333333334,0.01,400.0,435.0,207.81609195402297,973.92,74,1,365,709.55,201.75,1215.79,-19.894060651921798
Uttar Pradesh,Gorakhpur,Maize,2023-24,0.06,0.15,2469.0,4,True,1339.0,84.3913368185213,0.04,49.99999999999999,0.05,200.0,887.0,178.35400225479142,833.07,79,0,366,724.89,99.7,1094.855,-23.910472162980483
Uttar Pradesh,Gorakhpur,Maize,2024-25,0.03,0.09,2960.0,4,True,2469.0,19.886593762656947,0.06,-50.0,0.15,-40.0,1414.3333333333333,109.28588263021447,1172.31,78,1,365,1071.17,4.32,1007.5933333333332,16.34753438887382
Uttar Pradesh,Gorakhpur,Rice,2021-22,1.56,3.49,2232.0,4,True,,,,,,,,,1215.79,88,1,365,981.53,208.44,,
Uttar Pradesh,Gorakhpur,Rice,2022-23,1.53,3.65,2391.0,4,True,2232.0,7.123655913978495,1.56,-1.923076923076925,3.49,4.584527220630363,2232.0,7.123655913978495,973.92,74,1,365,709.55,201.75,1215.79,-19.894060651921798
Uttar Pradesh,Gorakhpur,Rice,2023-24,1.49,4.27,2871.0,4,True,2391.0,20.075282308657467,1.53,-2.6143790849673225,3.65,16.986301369863003,2311.5,24.20506164828034,833.07,79,0,366,724.89,99.7,1094.855,-23.910472162980483
Uttar Pradesh,Gorakhpur,Rice,2024-25,1.54,4.42,2877.0,4,True,2871.0,0.2089864158829676,1.49,3.35570469798658,4.27,3.5128805620608987,2498.0,15.172137710168135,1172.31,78,1,365,1071.17,4.32,1007.5933333333332,16.34753438887382
Uttar Pradesh,Gorakhpur,Wheat,2021-22,2.02,7.33,3630.0,4,True,,,,,,,,,1215.79,88,1,365,981.53,208.44,,
Uttar Pradesh,Gorakhpur,Wheat,2022-23,1.97,7.42,3775.0,4,True,3630.0,3.994490358126722,2.02,-2.475247524752477,7.33,1.227830832196451,3630.0,3.994490358126722,973.92,74,1,365,709.55,201.75,1215.79,-19.894060651921798
Uttar Pradesh,Gorakhpur,Wheat,2023-24,1.61,6.35,3930.0,4,True,3775.0,4.105960264900662,1.97,-18.274111675126896,7.42,-14.42048517520216,3702.5,6.144496961512492,833.07,79,0,366,724.89,99.7,1094.855,-23.910472162980483
Uttar Pradesh,Gorakhpur,Wheat,2024-25,1.73,6.93,4002.0,4,True,3930.0,1.8320610687022905,1.61,7.453416149068315,6.35,9.133858267716535,3778.3333333333335,5.919717688575205,1172.31,78,1,365,1071.17,4.32,1007.5933333333332,16.34753438887382
Uttar Pradesh,Hamirpur,Maize,2023-24,0.0,0.0,2563.0,2,False,,,,,,,,,695.93,63,0,366,593.49,99.69,989.7099999999999,-29.68344262460721
Uttar Pradesh,Hamirpur,Maize,2024-25,0.01,0.03,3455.0,2,False,2563.0,34.80296527506828,0.0,,0.0,,2563.0,34.80296527506828,844.3,75,0,365,801.88,15.77,891.7833333333333,-5.3245369764703705
Uttar Pradesh,Hamirpur,Rice,2021-22,0.0,0.0,2373.0,4,True,,,,,,,,,914.31,66,0,365,726.79,163.81,,
Uttar Pradesh,Hamirpur,Rice,2022-23,0.01,0.01,2411.0,4,True,2373.0,1.6013485040033713,0.0,,0.0,,2373.0,1.6013485040033713,1065.11,73,0,365,835.62,164.86,914.31,16.493311896402748
Uttar Pradesh,Hamirpur,Rice,2023-24,0.0,0.0,2390.0,4,True,2411.0,-0.8710078805474907,0.01,-100.0,0.01,-100.0,2392.0,-0.0836120401337792,695.93,63,0,366,593.49,99.69,989.7099999999999,-29.68344262460721
Uttar Pradesh,Hamirpur,Rice,2024-25,0.2,0.41,2100.0,4,True,2390.0,-12.133891213389122,0.0,,0.0,,2391.333333333333,-12.182882631725684,844.3,75,0,365,801.88,15.77,891.7833333333333,-5.3245369764703705
Uttar Pradesh,Hamirpur,Wheat,2021-22,1.18,3.78,3214.0,4,True,,,,,,,,,914.31,66,0,365,726.79,163.81,,
Uttar Pradesh,Hamirpur,Wheat,2022-23,1.44,4.62,3217.0,4,True,3214.0,0.0933416303671437,1.18,22.033898305084747,3.78,22.222222222222232,3214.0,0.0933416303671437,1065.11,73,0,365,835.62,164.86,914.31,16.493311896402748
Uttar Pradesh,Hamirpur,Wheat,2023-24,1.29,4.28,3329.0,4,True,3217.0,3.481504507304942,1.44,-10.41666666666666,4.62,-7.359307359307356,3215.5,3.5297776395583886,695.93,63,0,366,593.49,99.69,989.7099999999999,-29.68344262460721
Uttar Pradesh,Hamirpur,Wheat,2024-25,1.36,4.51,3312.0,4,True,3329.0,-0.5106638630219285,1.29,5.426356589147292,4.28,5.373831775700923,3253.333333333333,1.8032786885245853,844.3,75,0,365,801.88,15.77,891.7833333333333,-5.3245369764703705
Uttar Pradesh,Hapur,Maize,2021-22,0.02,0.04,2320.0,4,True,,,,,,,,,1076.17,67,0,365,815.93,216.11,,
Uttar Pradesh,Hapur,Maize,2022-23,0.02,0.04,2334.0,4,True,2320.0,0.603448275862069,0.02,0.0,0.04,0.0,2320.0,0.603448275862069,887.89,71,2,365,573.6800000000001,221.33,1076.17,-17.49537712443202
Uttar Pradesh,Hapur,Maize,2023-24,0.03,0.08,2249.0,4,True,2334.0,-3.641816623821765,0.02,49.99999999999999,0.04,100.0,2327.0,-3.35195530726257,710.71,50,1,366,645.59,58.6,982.03,-27.628483854872044
Uttar Pradesh,Hapur,Maize,2024-25,0.0,0.0,3092.0,4,True,2249.0,37.48332592263228,0.03,-100.0,0.08,-100.0,2301.0,34.37635810517167,923.0,71,0,365,784.26,42.31,891.59,3.5229197276775164
Uttar Pradesh,Hapur,Rice,2021-22,0.21,0.55,2673.0,4,True,,,,,,,,,1076.17,67,0,365,815.93,216.11,,
Uttar Pradesh,Hapur,Rice,2022-23,0.24,0.59,2404.0,4,True,2673.0,-10.063598952487842,0.21,14.285714285714285,0.55,7.272727272727258,2673.0,-10.063598952487842,887.89,71,2,365,573.6800000000001,221.33,1076.17,-17.49537712443202
Uttar Pradesh,Hapur,Rice,2023-24,0.19,0.48,2512.0,4,True,2404.0,4.492512479201332,0.24,-20.83333333333333,0.59,-18.64406779661017,2538.5,-1.0439235769155013,710.71,50,1,366,645.59,58.6,982.03,-27.628483854872044
Uttar Pradesh,Hapur,Rice,2024-25,0.15,0.38,2470.0,4,True,2512.0,-1.6719745222929936,0.19,-21.052631578947373,0.48,-20.83333333333333,2529.6666666666665,-2.358677032547102,923.0,71,0,365,784.26,42.31,891.59,3.5229197276775164
Uttar Pradesh,Hapur,Wheat,2021-22,0.45,1.98,4375.0,4,True,,,,,,,,,1076.17,67,0,365,815.93,216.11,,
Uttar Pradesh,Hapur,Wheat,2022-23,0.41,1.74,4242.0,4,True,4375.0,-3.04,0.45,-8.888888888888896,1.98,-12.12121212121212,4375.0,-3.04,887.89,71,2,365,573.6800000000001,221.33,1076.17,-17.49537712443202
Uttar Pradesh,Hapur,Wheat,2023-24,0.34,1.55,4556.0,4,True,4242.0,7.402168788307402,0.41,-17.073170731707307,1.74,-10.919540229885056,4308.5,5.74445862829291,710.71,50,1,366,645.59,58.6,982.03,-27.628483854872044
Uttar Pradesh,Hapur,Wheat,2024-25,0.41,1.56,3840.0,4,True,4556.0,-15.715539947322211,0.34,20.58823529411763,1.55,0.6451612903225812,4391.0,-12.54839444317923,923.0,71,0,365,784.26,42.31,891.59,3.5229197276775164
Uttar Pradesh,Hardoi,Maize,2021-22,0.42,0.8,1906.0,4,True,,,,,,,,,1136.6,59,1,365,617.55,471.9,,
Uttar Pradesh,Hardoi,Maize,2022-23,0.42,1.01,2404.0,4,True,1906.0,26.12801678908709,0.42,0.0,0.8,26.25,1906.0,26.12801678908709,800.09,66,0,365,495.53,243.93,1136.6,-29.606721801865206
Uttar Pradesh,Hardoi,Maize,2023-24,0.44,1.07,2441.0,4,True,2404.0,1.5391014975041597,0.42,4.761904761904766,1.01,5.940594059405946,2155.0,13.271461716937354,764.21,61,0,366,690.95,61.75,968.345,-21.080813139944958
Uttar Pradesh,Hardoi,Maize,2024-25,0.21,0.49,2291.0,4,True,2441.0,-6.145022531749283,0.44,-52.27272727272727,1.07,-54.20560747663552,2250.333333333333,1.8071396830099176,947.26,72,1,365,901.41,11.45,900.3000000000001,5.21603909807841
Uttar Pradesh,Hardoi,Rice,2021-22,1.52,4.11,2706.0,4,True,,,,,,,,,1136.6,59,1,365,617.55,471.9,,
Uttar Pradesh,Hardoi,Rice,2022-23,1.48,3.95,2677.0,4,True,2706.0,-1.071692535107169,1.52,-2.6315789473684235,4.11,-3.892944038929443,2706.0,-1.071692535107169,800.09,66,0,365,495.53,243.93,1136.6,-29.606721801865206
Uttar Pradesh,Hardoi,Rice,2023-24,1.42,3.92,2764.0,4,True,2677.0,3.249906611878969,1.48,-4.054054054054058,3.95,-0.7594936708860822,2691.5,2.693665242429872,764.21,61,0,366,690.95,61.75,968.345,-21.080813139944958
Uttar Pradesh,Hardoi,Rice,2024-25,1.81,5.01,2765.0,4,True,2764.0,0.0361794500723589,1.42,27.46478873239437,3.92,27.806122448979583,2715.6666666666665,1.8166196145820608,947.26,72,1,365,901.41,11.45,900.3000000000001,5.21603909807841
Uttar Pradesh,Hardoi,Wheat,2021-22,3.29,12.48,3792.0,4,True,,,,,,,,,1136.6,59,1,365,617.55,471.9,,
Uttar Pradesh,Hardoi,Wheat,2022-23,3.06,11.97,3913.0,4,True,3792.0,3.190928270042194,3.29,-6.990881458966565,12.48,-4.08653846153846,3792.0,3.190928270042194,800.09,66,0,365,495.53,243.93,1136.6,-29.606721801865206
Uttar Pradesh,Hardoi,Wheat,2023-24,2.92,10.89,3733.0,4,True,3913.0,-4.600051111679019,3.06,-4.575163398692815,11.97,-9.022556390977442,3852.5,-3.1018818948734586,764.21,61,0,366,690.95,61.75,968.345,-21.080813139944958
Uttar Pradesh,Hardoi,Wheat,2024-25,3.07,11.37,3699.0,4,True,3733.0,-0.9107956067506028,2.92,5.13698630136986,10.89,4.407713498622577,3812.6666666666665,-2.9812904353907985,947.26,72,1,365,901.41,11.45,900.3000000000001,5.21603909807841
Uttar Pradesh,Hathras,Maize,2021-22,0.04,0.11,2654.0,4,True,,,,,,,,,859.58,64,1,365,674.67,161.1,,
Uttar Pradesh,Hathras,Maize,2022-23,0.05,0.13,2857.0,4,True,2654.0,7.648831951770912,0.04,25.000000000000007,0.11,18.181818181818183,2654.0,7.648831951770912,780.06,67,1,365,552.15,156.13,859.58,-9.251029572581968
Uttar Pradesh,Hathras,Maize,2023-24,0.09,0.3,3510.0,4,True,2857.0,22.856142807140355,0.05,79.99999999999999,0.13,130.76923076923077,2755.5,27.38160043549265,659.46,52,0,366,594.34,56.21,819.8199999999999,-19.560391305408494
Uttar Pradesh,Hathras,Maize,2024-25,0.1,0.35,3426.0,4,True,3510.0,-2.393162393162393,0.09,11.11111111111112,0.3,16.666666666666664,3007.0,13.934153641503158,961.4,76,1,365,887.71,31.86,766.3666666666667,25.449088773868034
Uttar Pradesh,Hathras,Rice,2021-22,0.22,0.54,2412.0,4,True,,,,,,,,,859.58,64,1,365,674.67,161.1,,
Uttar Pradesh,Hathras,Rice,2022-23,0.22,0.55,2492.0,4,True,2412.0,3.316749585406302,0.22,0.0,0.54,1.8518518518518532,2412.0,3.316749585406302,780.06,67,1,365,552.15,156.13,859.58,-9.251029572581968
Uttar Pradesh,Hathras,Rice,2023-24,0.22,0.58,2598.0,4,True,2492.0,4.253611556982344,0.22,0.0,0.55,5.454545454545439,2452.0,5.954323001631321,659.46,52,0,366,594.34,56.21,819.8199999999999,-19.560391305408494
Uttar Pradesh,Hathras,Rice,2024-25,0.62,1.61,2604.0,4,True,2598.0,0.23094688221709,0.22,181.81818181818184,0.58,177.58620689655177,2500.6666666666665,4.132231404958684,961.4,76,1,365,887.71,31.86,766.3666666666667,25.449088773868034
Uttar Pradesh,Hathras,Wheat,2021-22,0.86,3.4,3968.0,4,True,,,,,,,,,859.58,64,1,365,674.67,161.1,,
Uttar Pradesh,Hathras,Wheat,2022-23,0.79,3.17,4028.0,4,True,3968.0,1.5120967741935485,0.86,-8.139534883720925,3.4,-6.764705882352941,3968.0,1.5120967741935485,780.06,67,1,365,552.15,156.13,859.58,-9.251029572581968
Uttar Pradesh,Hathras,Wheat,2023-24,0.72,2.84,3921.0,4,True,4028.0,-2.656405163853029,0.79,-8.860759493670892,3.17,-10.410094637223978,3998.0,-1.9259629814907453,659.46,52,0,366,594.34,56.21,819.8199999999999,-19.560391305408494
Uttar Pradesh,Hathras,Wheat,2024-25,0.68,2.69,3958.0,4,True,3921.0,0.9436368273399643,0.72,-5.555555555555546,2.84,-5.281690140845067,3972.3333333333335,-0.3608290677183893,961.4,76,1,365,887.71,31.86,766.3666666666667,25.449088773868034
Uttar Pradesh,Jalaun,Maize,2021-22,0.0,0.0,1909.0,4,True,,,,,,,,,919.19,68,0,365,736.03,153.76,,
Uttar Pradesh,Jalaun,Maize,2022-23,0.0,0.0,1500.0,4,True,1909.0,-21.4248297537978,0.0,,0.0,,1909.0,-21.4248297537978,1042.71,76,0,365,853.63,134.36,919.19,13.437918167081886
Uttar Pradesh,Jalaun,Maize,2023-24,0.0,0.0,2054.0,4,True,1500.0,36.93333333333334,0.0,,0.0,,1704.5,20.504546787914343,719.92,63,0,366,620.52,94.53,980.95,-26.609918956113976
Uttar Pradesh,Jalaun,Maize,2024-25,0.02,0.05,3449.0,4,True,2054.0,67.91626095423564,0.0,,0.0,,1821.0,89.40142778693026,1027.09,78,1,365,992.44,14.21,893.94,14.894735664585973
Uttar Pradesh,Jalaun,Rice,2021-22,0.0,0.0,1846.0,4,True,,,,,,,,,919.19,68,0,365,736.03,153.76,,
Uttar Pradesh,Jalaun,Rice,2022-23,0.0,0.0,1336.0,4,True,1846.0,-27.6273022751896,0.0,,0.0,,1846.0,-27.6273022751896,1042.71,76,0,365,853.63,134.36,919.19,13.437918167081886
Uttar Pradesh,Jalaun,Rice,2023-24,0.0,0.01,2191.0,4,True,1336.0,63.99700598802395,0.0,,0.0,,1591.0,37.71213073538655,719.92,63,0,366,620.52,94.53,980.95,-26.609918956113976
Uttar Pradesh,Jalaun,Rice,2024-25,0.52,1.17,2261.0,4,True,2191.0,3.1948881789137378,0.0,,0.01,11599.999999999998,1791.0,26.242322724734784,1027.09,78,1,365,992.44,14.21,893.94,14.894735664585973
Uttar Pradesh,Jalaun,Wheat,2021-22,1.36,4.65,3425.0,4,True,,,,,,,,,919.19,68,0,365,736.03,153.76,,
Uttar Pradesh,Jalaun,Wheat,2022-23,1.63,5.84,3578.0,4,True,3425.0,4.467153284671533,1.36,19.85294117647057,4.65,25.591397849462357,3425.0,4.467153284671533,1042.71,76,0,365,853.63,134.36,919.19,13.437918167081886
Uttar Pradesh,Jalaun,Wheat,2023-24,1.81,6.86,3792.0,4,True,3578.0,5.980994969256568,1.63,11.042944785276084,5.84,17.465753424657542,3501.5,8.29644438097958,719.92,63,0,366,620.52,94.53,980.95,-26.609918956113976
Uttar Pradesh,Jalaun,Wheat,2024-25,1.59,6.04,3790.0,4,True,3792.0,-0.0527426160337552,1.81,-12.154696132596683,6.86,-11.953352769679304,3598.333333333333,5.326540064844831,1027.09,78,1,365,992.44,14.21,893.94,14.894735664585973
Uttar Pradesh,Jaunpur,Maize,2021-22,0.54,0.85,1571.0,4,True,,,,,,,,,919.08,76,0,365,764.76,135.93,,
Uttar Pradesh,Jaunpur,Maize,2022-23,0.54,1.44,2653.0,4,True,1571.0,68.87332908975175,0.54,0.0,0.85,69.41176470588235,1571.0,68.87332908975175,953.5,77,0,365,715.56,166.69,919.08,3.745049397223306
Uttar Pradesh,Jaunpur,Maize,2023-24,0.55,1.14,2087.0,4,True,2653.0,-21.334338484734264,0.54,1.8518518518518532,1.44,-20.833333333333336,2112.0,-1.183712121212121,725.17,69,0,366,621.25,102.08,936.29,-22.548569353512267
Uttar Pradesh,Jaunpur,Maize,2024-25,0.21,0.49,2308.0,4,True,2087.0,10.589362721609968,0.55,-61.81818181818183,1.14,-57.01754385964912,2103.6666666666665,9.71319917604184,863.9,82,0,365,816.03,8.64,865.9166666666666,-0.2328938504475009
Uttar Pradesh,Jaunpur,Rice,2021-22,1.51,3.97,2633.0,4,True,,,,,,,,,919.08,76,0,365,764.76,135.93,,
Uttar Pradesh,Jaunpur,Rice,2022-23,1.46,4.12,2815.0,4,True,2633.0,6.912267375617167,1.51,-3.3112582781456985,3.97,3.778337531486144,2633.0,6.912267375617167,953.5,77,0,365,715.56,166.69,919.08,3.745049397223306
Uttar Pradesh,Jaunpur,Rice,2023-24,1.41,3.97,2827.0,4,True,2815.0,0.4262877442273534,1.46,-3.424657534246579,4.12,-3.640776699029124,2724.0,3.781204111600588,725.17,69,0,366,621.25,102.08,936.29,-22.548569353512267
Uttar Pradesh,Jaunpur,Rice,2024-25,1.69,4.69,2775.0,4,True,2827.0,-1.839405730456314,1.41,19.8581560283688,3.97,18.136020151133504,2758.333333333333,0.6042296072507497,863.9,82,0,365,816.03,8.64,865.9166666666666,-0.2328938504475009
Uttar Pradesh,Jaunpur,Wheat,2021-22,2.18,8.73,4001.0,4,True,,,,,,,,,919.08,76,0,365,764.76,135.93,,
Uttar Pradesh,Jaunpur,Wheat,2022-23,2.15,8.57,3986.0,4,True,4001.0,-0.3749062734316421,2.18,-1.376146788990837,8.73,-1.832760595647195,4001.0,-0.3749062734316421,953.5,77,0,365,715.56,166.69,919.08,3.745049397223306
Uttar Pradesh,Jaunpur,Wheat,2023-24,1.93,7.86,4068.0,4,True,3986.0,2.0572002007024586,2.15,-10.232558139534884,8.57,-8.284714119019835,3993.5,1.8655314886690872,725.17,69,0,366,621.25,102.08,936.29,-22.548569353512267
Uttar Pradesh,Jaunpur,Wheat,2024-25,2.02,7.92,3922.0,4,True,4068.0,-3.5889872173058017,1.93,4.663212435233165,7.86,0.7633587786259493,4018.3333333333335,-2.3973454997926207,863.9,82,0,365,816.03,8.64,865.9166666666666,-0.2328938504475009
Uttar Pradesh,Jhansi,Maize,2021-22,0.02,0.01,572.0,4,True,,,,,,,,,859.82,66,1,365,704.07,134.01,,
Uttar Pradesh,Jhansi,Maize,2022-23,0.02,0.03,1858.0,4,True,572.0,224.82517482517483,0.02,0.0,0.01,199.99999999999997,572.0,224.82517482517483,1123.49,81,0,365,967.85,103.17,859.82,30.665720732246278
Uttar Pradesh,Jhansi,Maize,2023-24,0.02,0.03,1681.0,4,True,1858.0,-9.526372443487622,0.02,0.0,0.03,0.0,1215.0,38.35390946502058,799.07,72,0,366,709.44,79.96000000000001,991.655,-19.420564611684497
Uttar Pradesh,Jhansi,Maize,2024-25,0.02,0.03,1160.0,4,True,1681.0,-30.993456276026176,0.02,0.0,0.03,0.0,1370.3333333333333,-15.34906348820238,1216.67,82,2,365,1174.5,16.49,927.46,31.183015979125788
Uttar Pradesh,Jhansi,Rice,2021-22,0.09,0.2,2143.0,4,True,,,,,,,,,859.82,66,1,365,704.07,134.01,,
Uttar Pradesh,Jhansi,Rice,2022-23,0.09,0.18,1987.0,4,True,2143.0,-7.279514699020065,0.09,0.0,0.2,-10.000000000000009,2143.0,-7.279514699020065,1123.49,81,0,365,967.85,103.17,859.82,30.665720732246278
Uttar Pradesh,Jhansi,Rice,2023-24,0.09,0.2,2234.0,4,True,1987.0,12.430800201308504,0.09,0.0,0.18,11.11111111111112,2065.0,8.184019370460048,799.07,72,0,366,709.44,79.96000000000001,991.655,-19.420564611684497
Uttar Pradesh,Jhansi,Rice,2024-25,0.63,1.38,2197.0,4,True,2234.0,-1.656222023276634,0.09,600.0000000000001,0.2,590.0,2121.333333333333,3.566939032055304,1216.67,82,2,365,1174.5,16.49,927.46,31.183015979125788
Uttar Pradesh,Jhansi,Wheat,2021-22,1.32,4.48,3385.0,4,True,,,,,,,,,859.82,66,1,365,704.07,134.01,,
Uttar Pradesh,Jhansi,Wheat,2022-23,1.39,4.79,3434.0,4,True,3385.0,1.447562776957164,1.32,5.30303030303029,4.48,6.919642857142848,3385.0,1.447562776957164,1123.49,81,0,365,967.85,103.17,859.82,30.665720732246278
Uttar Pradesh,Jhansi,Wheat,2023-24,1.92,6.34,3307.0,4,True,3434.0,-3.6983110075713457,1.39,38.129496402877706,4.79,32.35908141962421,3409.5,-3.006305909957472,799.07,72,0,366,709.44,79.96000000000001,991.655,-19.420564611684497
Uttar Pradesh,Jhansi,Wheat,2024-25,1.69,5.74,3393.0,4,True,3307.0,2.6005442999697608,1.92,-11.979166666666666,6.34,-9.463722397476335,3375.333333333333,0.5234050957930036,1216.67,82,2,365,1174.5,16.49,927.46,31.183015979125788
Uttar Pradesh,Kannauj,Maize,2021-22,0.63,1.87,2981.0,4,True,,,,,,,,,1076.61,62,1,365,638.37,400.58,,
Uttar Pradesh,Kannauj,Maize,2022-23,0.63,1.92,3044.0,4,True,2981.0,2.113384770211338,0.63,0.0,1.87,2.6737967914438405,2981.0,2.113384770211338,892.72,71,1,365,615.74,212.94,1076.61,-17.080465535337762
Uttar Pradesh,Kannauj,Maize,2023-24,1.0,2.92,2913.0,4,True,3044.0,-4.303547963206308,0.63,58.730158730158735,1.92,52.083333333333336,3012.5,-3.302904564315353,717.16,62,0,366,637.53,75.47,984.665,-27.167107594968847
Uttar Pradesh,Kannauj,Maize,2024-25,0.58,1.86,3232.0,4,True,2913.0,10.950909715070374,1.0,-42.00000000000001,2.92,-36.3013698630137,2979.333333333333,8.480644439471913,866.9,71,0,365,830.74,11.49,895.4966666666666,-3.1933861655915248
Uttar Pradesh,Kannauj,Rice,2021-22,0.2,0.55,2761.0,4,True,,,,,,,,,1076.61,62,1,365,638.37,400.58,,
Uttar Pradesh,Kannauj,Rice,2022-23,0.21,0.61,2979.0,4,True,2761.0,7.895689967403115,0.2,4.99999999999999,0.55,10.909090909090898,2761.0,7.895689967403115,892.72,71,1,365,615.74,212.94,1076.61,-17.080465535337762
Uttar Pradesh,Kannauj,Rice,2023-24,0.19,0.6,3109.0,4,True,2979.0,4.36388049681101,0.21,-9.523809523809518,0.61,-1.6393442622950831,2870.0,8.32752613240418,717.16,62,0,366,637.53,75.47,984.665,-27.167107594968847
Uttar Pradesh,Kannauj,Rice,2024-25,0.43,1.43,3348.0,4,True,3109.0,7.687359279511097,0.19,126.3157894736842,0.6,138.33333333333334,2949.6666666666665,13.504350774098777,866.9,71,0,365,830.74,11.49,895.4966666666666,-3.1933861655915248
Uttar Pradesh,Kannauj,Wheat,2021-22,0.79,3.06,3854.0,4,True,,,,,,,,,1076.61,62,1,365,638.37,400.58,,
Uttar Pradesh,Kannauj,Wheat,2022-23,0.65,2.61,3988.0,4,True,3854.0,3.476907109496627,0.79,-17.72151898734177,3.06,-14.705882352941185,3854.0,3.476907109496627,892.72,71,1,365,615.74,212.94,1076.61,-17.080465535337762
Uttar Pradesh,Kannauj,Wheat,2023-24,0.62,2.54,4130.0,4,True,3988.0,3.560682046138415,0.65,-4.615384615384619,2.61,-2.6819923371647447,3921.0,5.330272889568988,717.16,62,0,366,637.53,75.47,984.665,-27.167107594968847
Uttar Pradesh,Kannauj,Wheat,2024-25,0.6,2.75,4548.0,4,True,4130.0,10.121065375302663,0.62,-3.2258064516129057,2.54,8.267716535433069,3990.6666666666665,13.965920481122623,866.9,71,0,365,830.74,11.49,895.4966666666666,-3.1933861655915248
Uttar Pradesh,Kanpur Dehat,Maize,2021-22,0.15,0.42,2814.0,4,True,,,,,,,,,971.56,68,1,365,702.18,242.92,,
Uttar Pradesh,Kanpur Dehat,Maize,2022-23,0.15,0.43,2838.0,4,True,2814.0,0.8528784648187633,0.15,0.0,0.42,2.380952380952383,2814.0,0.8528784648187633,1037.03,68,1,365,776.88,194.18,971.56,6.73864712421261
Uttar Pradesh,Kanpur Dehat,Maize,2023-24,0.15,0.22,1426.0,4,True,2838.0,-49.75334742776603,0.15,0.0,0.43,-48.837209302325576,2826.0,-49.539985845718334,692.15,64,0,366,596.09,93.74,1004.295,-31.08100707461453
Uttar Pradesh,Kanpur Dehat,Maize,2024-25,0.12,0.34,2759.0,4,True,1426.0,93.47826086956522,0.15,-20.0,0.22,54.54545454545456,2359.333333333333,16.939813506640284,836.71,72,0,365,803.6,12.69,900.2466666666666,-7.057695298325628
Uttar Pradesh,Kanpur Dehat,Rice,2021-22,0.41,1.34,3238.0,4,True,,,,,,,,,971.56,68,1,365,702.18,242.92,,
Uttar Pradesh,Kanpur Dehat,Rice,2022-23,0.57,1.88,3286.0,4,True,3238.0,1.4823965410747375,0.41,39.02439024390244,1.34,40.29850746268655,3238.0,1.4823965410747375,1037.03,68,1,365,776.88,194.18,971.56,6.73864712421261
Uttar Pradesh,Kanpur Dehat,Rice,2023-24,0.39,1.29,3295.0,4,True,3286.0,0.2738892270237371,0.57,-31.578947368421044,1.88,-31.382978723404246,3262.0,1.0116492949110976,692.15,64,0,366,596.09,93.74,1004.295,-31.08100707461453
Uttar Pradesh,Kanpur Dehat,Rice,2024-25,0.73,2.22,3061.0,4,True,3295.0,-7.101669195751138,0.39,87.17948717948717,1.29,72.09302325581396,3273.0,-6.477238007943782,836.71,72,0,365,803.6,12.69,900.2466666666666,-7.057695298325628
Uttar Pradesh,Kanpur Dehat,Wheat,2021-22,1.25,4.76,3794.0,4,True,,,,,,,,,971.56,68,1,365,702.18,242.92,,
Uttar Pradesh,Kanpur Dehat,Wheat,2022-23,1.25,5.04,4042.0,4,True,3794.0,6.536636794939378,1.25,0.0,4.76,5.882352941176476,3794.0,6.536636794939378,1037.03,68,1,365,776.88,194.18,971.56,6.73864712421261
Uttar Pradesh,Kanpur Dehat,Wheat,2023-24,1.56,6.64,4265.0,4,True,4042.0,5.5170707570509645,1.25,24.800000000000004,5.04,31.74603174603174,3918.0,8.856559469116897,692.15,64,0,366,596.09,93.74,1004.295,-31.08100707461453
Uttar Pradesh,Kanpur Dehat,Wheat,2024-25,1.38,6.11,4438.0,4,True,4265.0,4.056271981242673,1.56,-11.538461538461547,6.64,-7.981927710843364,4033.6666666666665,10.023964961573428,836.71,72,0,365,803.6,12.69,900.2466666666666,-7.057695298325628
Uttar Pradesh,Kanpur Nagar,Maize,2021-22,0.27,0.72,2723.0,4,True,,,,,,,,,971.56,68,1,365,702.18,242.92,,
Uttar Pradesh,Kanpur Nagar,Maize,2022-23,0.27,0.7,2624.0,4,True,2723.0,-3.635695923613661,0.27,0.0,0.72,-2.7777777777777803,2723.0,-3.635695923613661,1037.03,68,1,365,776.88,194.18,971.56,6.73864712421261
Uttar Pradesh,Kanpur Nagar,Maize,2023-24,0.35,0.74,2114.0,4,True,2624.0,-19.4359756097561,0.27,29.62962962962961,0.7,5.71428571428572,2673.5,-20.927622966149244,692.15,64,0,366,596.09,93.74,1004.295,-31.08100707461453
Uttar Pradesh,Kanpur Nagar,Maize,2024-25,0.13,0.43,3272.0,4,True,2114.0,54.77767265846736,0.35,-62.85714285714285,0.74,-41.891891891891895,2487.0,31.56413349416968,836.71,72,0,365,803.6,12.69,900.2466666666666,-7.057695298325628
Uttar Pradesh,Kanpur Nagar,Rice,2021-22,0.33,0.96,2932.0,4,True,,,,,,,,,971.56,68,1,365,702.18,242.92,,
Uttar Pradesh,Kanpur Nagar,Rice,2022-23,0.32,0.95,2989.0,4,True,2932.0,1.9440654843110503,0.33,-3.030303030303033,0.96,-1.0416666666666676,2932.0,1.9440654843110503,1037.03,68,1,365,776.88,194.18,971.56,6.73864712421261
Uttar Pradesh,Kanpur Nagar,Rice,2023-24,0.3,0.94,3129.0,4,True,2989.0,4.683840749414521,0.32,-6.250000000000005,0.95,-1.0526315789473697,2960.5,5.691606147610201,692.15,64,0,366,596.09,93.74,1004.295,-31.08100707461453
Uttar Pradesh,Kanpur Nagar,Rice,2024-25,0.52,1.59,3061.0,4,True,3129.0,-2.173218280600831,0.3,73.33333333333336,0.94,69.14893617021278,3016.6666666666665,1.4696132596685134,836.71,72,0,365,803.6,12.69,900.2466666666666,-7.057695298325628
Uttar Pradesh,Kanpur Nagar,Wheat,2021-22,1.07,3.71,3477.0,4,True,,,,,,,,,971.56,68,1,365,702.18,242.92,,
Uttar Pradesh,Kanpur Nagar,Wheat,2022-23,1.04,4.07,3921.0,4,True,3477.0,12.76962899050906,1.07,-2.803738317757012,3.71,9.703504043126692,3477.0,12.76962899050906,1037.03,68,1,365,776.88,194.18,971.56,6.73864712421261
Uttar Pradesh,Kanpur Nagar,Wheat,2023-24,1.02,3.82,3731.0,4,True,3921.0,-4.845702626880898,1.04,-1.923076923076925,4.07,-6.142506142506153,3699.0,0.8650986753176535,692.15,64,0,366,596.09,93.74,1004.295,-31.08100707461453
Uttar Pradesh,Kanpur Nagar,Wheat,2024-25,1.07,4.5,4225.0,4,True,3731.0,13.2404181184669,1.02,4.901960784313729,3.82,17.801047120418854,3709.6666666666665,13.891634468505709,836.71,72,0,365,803.6,12.69,900.2466666666666,-7.057695298325628
Uttar Pradesh,Kasganj,Maize,2021-22,0.42,1.39,3278.0,4,True,,,,,,,,,904.18,70,2,365,613.76,254.65,,
Uttar Pradesh,Kasganj,Maize,2022-23,0.42,1.24,2925.0,4,True,3278.0,-10.76876143990238,0.42,0.0,1.39,-10.791366906474812,3278.0,-10.76876143990238,830.86,76,2,365,522.7,223.68,904.18,-8.10900484416819
Uttar Pradesh,Kasganj,Maize,2023-24,0.55,1.82,3332.0,4,True,2925.0,13.914529914529911,0.42,30.95238095238097,1.24,46.7741935483871,3101.5,7.431887796227632,766.09,52,0,366,695.18,62.39,867.52,-11.691949465142008
Uttar Pradesh,Kasganj,Maize,2024-25,0.34,1.02,2964.0,4,True,3332.0,-11.044417767106845,0.55,-38.18181818181819,1.82,-43.95604395604396,3178.333333333333,-6.743576297850031,956.85,73,1,365,869.43,26.95,833.71,14.77012390399539
Uttar Pradesh,Kasganj,Rice,2021-22,0.17,0.44,2683.0,4,True,,,,,,,,,904.18,70,2,365,613.76,254.65,,
Uttar Pradesh,Kasganj,Rice,2022-23,0.19,0.5,2578.0,4,True,2683.0,-3.9135296310100633,0.17,11.764705882352937,0.44,13.636363636363637,2683.0,-3.9135296310100633,830.86,76,2,365,522.7,223.68,904.18,-8.10900484416819
Uttar Pradesh,Kasganj,Rice,2023-24,0.16,0.43,2673.0,4,True,2578.0,3.685027152831653,0.19,-15.789473684210526,0.5,-14.000000000000002,2630.5,1.615662421592853,766.09,52,0,366,695.18,62.39,867.52,-11.691949465142008
Uttar Pradesh,Kasganj,Rice,2024-25,0.45,1.19,2679.0,4,True,2673.0,0.2244668911335578,0.16,181.25000000000003,0.43,176.74418604651163,2644.6666666666665,1.298210234434087,956.85,73,1,365,869.43,26.95,833.71,14.77012390399539
Uttar Pradesh,Kasganj,Wheat,2021-22,0.97,3.79,3913.0,4,True,,,,,,,,,904.18,70,2,365,613.76,254.65,,
Uttar Pradesh,Kasganj,Wheat,2022-23,0.98,4.07,4142.0,4,True,3913.0,5.852287247636085,0.97,1.0309278350515474,3.79,7.38786279683378,3913.0,5.852287247636085,830.86,76,2,365,522.7,223.68,904.18,-8.10900484416819
Uttar Pradesh,Kasganj,Wheat,2023-24,1.02,3.96,3891.0,4,True,4142.0,-6.059874456784162,0.98,4.081632653061228,4.07,-2.70270270270271,4027.5,-3.3891992551210426,766.09,52,0,366,695.18,62.39,867.52,-11.691949465142008
Uttar Pradesh,Kasganj,Wheat,2024-25,0.94,3.59,3811.0,4,True,3891.0,-2.0560267283474687,1.02,-7.843137254901968,3.96,-9.343434343434346,3982.0,-4.2943244600703165,956.85,73,1,365,869.43,26.95,833.71,14.77012390399539
Uttar Pradesh,Kaushambi,Maize,2021-22,0.0,0.01,2406.0,4,True,,,,,,,,,829.99,73,0,365,699.93,110.64,,
Uttar Pradesh,Kaushambi,Maize,2022-23,0.0,0.0,2854.0,4,True,2406.0,18.62011637572735,0.0,,0.01,-100.0,2406.0,18.62011637572735,956.77,78,0,365,748.64,146.48,829.99,15.274882829913611
Uttar Pradesh,Kaushambi,Maize,2023-24,0.0,0.0,2007.0,4,True,2854.0,-29.677645409950948,0.0,,0.0,,2630.0,-23.688212927756656,706.86,65,0,366,600.96,101.1,893.38,-20.878013835098162
Uttar Pradesh,Kaushambi,Maize,2024-25,0.01,0.03,3447.0,4,True,2007.0,71.74887892376681,0.0,,0.0,,2422.333333333333,42.30081188936287,902.28,80,0,365,805.65,14.32,831.2066666666666,8.550621185264802
Uttar Pradesh,Kaushambi,Rice,2021-22,0.49,1.34,2732.0,4,True,,,,,,,,,829.99,73,0,365,699.93,110.64,,
Uttar Pradesh,Kaushambi,Rice,2022-23,0.64,1.98,3072.0,4,True,2732.0,12.445095168374817,0.49,30.61224489795919,1.34,47.761194029850735,2732.0,12.445095168374817,956.77,78,0,365,748.64,146.48,829.99,15.274882829913611
Uttar Pradesh,Kaushambi,Rice,2023-24,0.46,1.38,3004.0,4,True,3072.0,-2.213541666666667,0.64,-28.125,1.98,-30.303030303030308,2902.0,3.5148173673328738,706.86,65,0,366,600.96,101.1,893.38,-20.878013835098162
Uttar Pradesh,Kaushambi,Rice,2024-25,0.77,2.66,3471.0,4,True,3004.0,15.545938748335551,0.46,67.3913043478261,1.38,92.75362318840584,2936.0,18.222070844686648,902.28,80,0,365,805.65,14.32,831.2066666666666,8.550621185264802
Uttar Pradesh,Kaushambi,Wheat,2021-22,0.78,2.61,3360.0,4,True,,,,,,,,,829.99,73,0,365,699.93,110.64,,
Uttar Pradesh,Kaushambi,Wheat,2022-23,0.8,2.91,3651.0,4,True,3360.0,8.660714285714285,0.78,2.5641025641025665,2.61,11.49425287356323,3360.0,8.660714285714285,956.77,78,0,365,748.64,146.48,829.99,15.274882829913611
Uttar Pradesh,Kaushambi,Wheat,2023-24,0.81,2.77,3423.0,4,True,3651.0,-6.244864420706656,0.8,1.250000000000001,2.91,-4.810996563573887,3505.5,-2.35344458707745,706.86,65,0,366,600.96,101.1,893.38,-20.878013835098162
Uttar Pradesh,Kaushambi,Wheat,2024-25,0.8,3.51,4367.0,4,True,3423.0,27.578147823546598,0.81,-1.234567901234569,2.77,26.714801444043317,3478.0,25.56066705002875,902.28,80,0,365,805.65,14.32,831.2066666666666,8.550621185264802
Uttar Pradesh,Kheri,Maize,2021-22,0.11,0.19,1667.0,4,True,,,,,,,,,1295.82,89,2,365,824.47,387.06,,
Uttar Pradesh,Kheri,Maize,2022-23,0.11,0.18,1587.0,4,True,1667.0,-4.799040191961608,0.11,0.0,0.19,-5.263157894736847,1667.0,-4.799040191961608,1065.29,85,0,365,648.1800000000001,335.47,1295.82,-17.79027951413005
Uttar Pradesh,Kheri,Maize,2023-24,0.15,0.37,2465.0,4,True,1587.0,55.32451165721487,0.11,36.36363636363636,0.18,105.55555555555556,1627.0,51.50583896742471,941.67,85,1,366,860.08,63.65,1180.5549999999998,-20.23497422822316
Uttar Pradesh,Kheri,Maize,2024-25,0.05,0.14,2924.0,4,True,2465.0,18.620689655172416,0.15,-66.66666666666666,0.37,-62.16216216216216,1906.3333333333333,53.38345864661655,1253.71,83,2,365,1166.98,15.97,1100.9266666666665,13.877703025935748
Uttar Pradesh,Kheri,Rice,2021-22,1.87,5.3,2842.0,4,True,,,,,,,,,1295.82,89,2,365,824.47,387.06,,
Uttar Pradesh,Kheri,Rice,2022-23,1.85,5.21,2826.0,4,True,2842.0,-0.5629838142153413,1.87,-1.0695187165775408,5.3,-1.6981132075471674,2842.0,-0.5629838142153413,1065.29,85,0,365,648.1800000000001,335.47,1295.82,-17.79027951413005
Uttar Pradesh,Kheri,Rice,2023-24,1.73,5.25,3030.0,4,True,2826.0,7.218683651804671,1.85,-6.486486486486492,5.21,0.7677543186180429,2834.0,6.916019760056457,941.67,85,1,366,860.08,63.65,1180.5549999999998,-20.23497422822316
Uttar Pradesh,Kheri,Rice,2024-25,1.13,3.8,3352.0,4,True,3030.0,10.627062706270628,1.73,-34.6820809248555,5.25,-27.61904761904762,2899.333333333333,15.612784548171987,1253.71,83,2,365,1166.98,15.97,1100.9266666666665,13.877703025935748
Uttar Pradesh,Kheri,Wheat,2021-22,2.02,8.28,4094.0,4,True,,,,,,,,,1295.82,89,2,365,824.47,387.06,,
Uttar Pradesh,Kheri,Wheat,2022-23,1.94,7.98,4123.0,4,True,4094.0,0.7083536883243771,2.02,-3.960396039603964,8.28,-3.623188405797089,4094.0,0.7083536883243771,1065.29,85,0,365,648.1800000000001,335.47,1295.82,-17.79027951413005
Uttar Pradesh,Kheri,Wheat,2023-24,1.59,6.33,3976.0,4,True,4123.0,-3.5653650254668934,1.94,-18.04123711340205,7.98,-20.676691729323316,4108.5,-3.2250212973104544,941.67,85,1,366,860.08,63.65,1180.5549999999998,-20.23497422822316
Uttar Pradesh,Kheri,Wheat,2024-25,1.82,7.28,3993.0,4,True,3976.0,0.4275653923541248,1.59,14.465408805031444,6.33,15.00789889415482,4064.3333333333335,-1.7551053883375745,1253.71,83,2,365,1166.98,15.97,1100.9266666666665,13.877703025935748
Uttar Pradesh,Kushinagar,Maize,2021-22,0.08,0.14,1767.0,4,True,,,,,,,,,1753.59,107,0,365,1395.73,281.31,,
Uttar Pradesh,Kushinagar,Maize,2022-23,0.06,0.12,2103.0,4,True,1767.0,19.015280135823428,0.08,-25.000000000000007,0.14,-14.285714285714295,1767.0,19.015280135823428,1162.3,76,1,365,850.44,238.47,1753.59,-33.71882823236903
Uttar Pradesh,Kushinagar,Maize,2023-24,0.08,0.25,2964.0,4,True,2103.0,40.94151212553495,0.06,33.33333333333334,0.12,108.33333333333334,1935.0,53.17829457364341,1167.89,93,1,366,1008.63,125.52,1457.945,-19.894783410896835
Uttar Pradesh,Kushinagar,Maize,2024-25,0.05,0.14,3158.0,4,True,2964.0,6.545209176788124,0.08,-37.5,0.25,-43.99999999999999,2278.0,38.63037752414399,1545.58,82,5,365,1357.75,14.49,1361.26,13.540396397455295
Uttar Pradesh,Kushinagar,Rice,2021-22,1.27,3.32,2607.0,4,True,,,,,,,,,1753.59,107,0,365,1395.73,281.31,,
Uttar Pradesh,Kushinagar,Rice,2022-23,1.24,3.14,2525.0,4,True,2607.0,-3.145377828922133,1.27,-2.362204724409451,3.32,-5.421686746987944,2607.0,-3.145377828922133,1162.3,76,1,365,850.44,238.47,1753.59,-33.71882823236903
Uttar Pradesh,Kushinagar,Rice,2023-24,1.19,3.06,2567.0,4,True,2525.0,1.6633663366336635,1.24,-4.032258064516133,3.14,-2.5477707006369448,2566.0,0.0389711613406079,1167.89,93,1,366,1008.63,125.52,1457.945,-19.894783410896835
Uttar Pradesh,Kushinagar,Rice,2024-25,0.87,2.4,2749.0,4,True,2567.0,7.089988313206078,1.19,-26.89075630252101,3.06,-21.5686274509804,2566.333333333333,7.117807507468496,1545.58,82,5,365,1357.75,14.49,1361.26,13.540396397455295
Uttar Pradesh,Kushinagar,Wheat,2021-22,1.21,4.57,3763.0,4,True,,,,,,,,,1753.59,107,0,365,1395.73,281.31,,
Uttar Pradesh,Kushinagar,Wheat,2022-23,1.22,4.5,3697.0,4,True,3763.0,-1.7539197448844006,1.21,0.8264462809917362,4.57,-1.5317286652078836,3763.0,-1.7539197448844006,1162.3,76,1,365,850.44,238.47,1753.59,-33.71882823236903
Uttar Pradesh,Kushinagar,Wheat,2023-24,1.08,3.91,3614.0,4,True,3697.0,-2.245063565052745,1.22,-11.475409836065566,4.5,-13.111111111111107,3730.0,-3.1099195710455763,1167.89,93,1,366,1008.63,125.52,1457.945,-19.894783410896835
Uttar Pradesh,Kushinagar,Wheat,2024-25,1.12,4.3,3839.0,4,True,3614.0,6.225788599889319,1.08,3.703703703703707,3.91,9.974424552429658,3691.3333333333335,4.000361206429471,1545.58,82,5,365,1357.75,14.49,1361.26,13.540396397455295
Uttar Pradesh,Lalitpur,Maize,2021-22,0.31,0.35,1129.0,4,True,,,,,,,,,940.25,74,1,365,802.54,121.38,,
Uttar Pradesh,Lalitpur,Maize,2022-23,0.31,0.39,1231.0,4,True,1129.0,9.03454384410983,0.31,0.0,0.35,11.42857142857144,1129.0,9.03454384410983,1379.59,92,1,365,1195.91,129.64,940.25,46.725870779048115
Uttar Pradesh,Lalitpur,Maize,2023-24,0.3,0.39,1292.0,4,True,1231.0,4.955320877335499,0.31,-3.2258064516129057,0.39,0.0,1180.0,9.491525423728811,886.11,75,0,366,810.58,50.51,1159.92,-23.605938340575218
Uttar Pradesh,Lalitpur,Maize,2024-25,0.11,0.09,856.0,4,True,1292.0,-33.746130030959755,0.3,-63.33333333333334,0.39,-76.92307692307693,1217.3333333333333,-29.68236582694413,1412.13,89,2,365,1346.78,33.33,1068.6499999999999,32.14148692275303
Uttar Pradesh,Lalitpur,Rice,2021-22,0.02,0.01,512.0,4,True,,,,,,,,,940.25,74,1,365,802.54,121.38,,
Uttar Pradesh,Lalitpur,Rice,2022-23,0.02,0.05,2577.0,4,True,512.0,403.3203125,0.02,0.0,0.01,400.0,512.0,403.3203125,1379.59,92,1,365,1195.91,129.64,940.25,46.725870779048115
Uttar Pradesh,Lalitpur,Rice,2023-24,0.01,0.03,2161.0,4,True,2577.0,-16.14280170741172,0.02,-50.0,0.05,-40.00000000000001,1544.5,39.91583036581418,886.11,75,0,366,810.58,50.51,1159.92,-23.605938340575218
Uttar Pradesh,Lalitpur,Rice,2024-25,0.01,0.01,1231.0,4,True,2161.0,-43.03563165201296,0.01,0.0,0.03,-66.66666666666666,1750.0,-29.65714285714286,1412.13,89,2,365,1346.78,33.33,1068.6499999999999,32.14148692275303
Uttar Pradesh,Lalitpur,Wheat,2021-22,1.71,6.21,3619.0,4,True,,,,,,,,,940.25,74,1,365,802.54,121.38,,
Uttar Pradesh,Lalitpur,Wheat,2022-23,1.71,6.24,3650.0,4,True,3619.0,0.8565902182923459,1.71,0.0,6.21,0.4830917874396175,3619.0,0.8565902182923459,1379.59,92,1,365,1195.91,129.64,940.25,46.725870779048115
Uttar Pradesh,Lalitpur,Wheat,2023-24,1.87,6.66,3568.0,4,True,3650.0,-2.246575342465753,1.71,9.35672514619884,6.24,6.730769230769229,3634.5,-1.8296877149539137,886.11,75,0,366,810.58,50.51,1159.92,-23.605938340575218
Uttar Pradesh,Lalitpur,Wheat,2024-25,1.72,5.83,3401.0,4,True,3568.0,-4.680493273542601,1.87,-8.021390374331558,6.66,-12.462462462462463,3612.3333333333335,-5.85032758143398,1412.13,89,2,365,1346.78,33.33,1068.6499999999999,32.14148692275303
Uttar Pradesh,Lucknow,Maize,2021-22,0.02,0.04,2249.0,4,True,,,,,,,,,1126.47,73,3,365,756.0,325.15000000000003,,
Uttar Pradesh,Lucknow,Maize,2022-23,0.02,0.01,728.0,4,True,2249.0,-67.63005780346822,0.02,0.0,0.04,-75.0,2249.0,-67.63005780346822,993.18,75,1,365,661.24,254.34,1126.47,-11.832538815947169
Uttar Pradesh,Lucknow,Maize,2023-24,0.02,0.04,2082.0,4,True,728.0,185.989010989011,0.02,0.0,0.01,300.0,1488.5,39.87235471951629,827.7,62,0,366,750.74,73.9,1059.825,-21.90220083504352
Uttar Pradesh,Lucknow,Maize,2024-25,0.01,0.02,2059.0,4,True,2082.0,-1.1047070124879923,0.02,-50.0,0.04,-50.0,1686.3333333333333,22.099229096659425,957.96,75,0,365,912.2,11.26,982.4499999999999,-2.4927477225303982
Uttar Pradesh,Lucknow,Rice,2021-22,0.55,1.37,2492.0,4,True,,,,,,,,,1126.47,73,3,365,756.0,325.15000000000003,,
Uttar Pradesh,Lucknow,Rice,2022-23,0.52,1.37,2624.0,4,True,2492.0,5.296950240770466,0.55,-5.45454545454546,1.37,0.0,2492.0,5.296950240770466,993.18,75,1,365,661.24,254.34,1126.47,-11.832538815947169
Uttar Pradesh,Lucknow,Rice,2023-24,0.51,1.3,2563.0,4,True,2624.0,-2.3246951219512195,0.52,-1.923076923076925,1.37,-5.109489051094895,2558.0,0.1954652071931196,827.7,62,0,366,750.74,73.9,1059.825,-21.90220083504352
Uttar Pradesh,Lucknow,Rice,2024-25,0.36,1.0,2774.0,4,True,2563.0,8.232539992196644,0.51,-29.41176470588236,1.3,-23.07692307692308,2559.6666666666665,8.373486131006649,957.96,75,0,365,912.2,11.26,982.4499999999999,-2.4927477225303982
Uttar Pradesh,Lucknow,Wheat,2021-22,0.85,3.02,3541.0,4,True,,,,,,,,,1126.47,73,3,365,756.0,325.15000000000003,,
Uttar Pradesh,Lucknow,Wheat,2022-23,0.81,2.83,3498.0,4,True,3541.0,-1.2143462298785652,0.85,-4.705882352941168,3.02,-6.29139072847682,3541.0,-1.2143462298785652,993.18,75,1,365,661.24,254.34,1126.47,-11.832538815947169
Uttar Pradesh,Lucknow,Wheat,2023-24,0.36,1.29,3581.0,4,True,3498.0,2.372784448256146,0.81,-55.55555555555556,2.83,-54.416961130742045,3519.5,1.7474073021736043,827.7,62,0,366,750.74,73.9,1059.825,-21.90220083504352
Uttar Pradesh,Lucknow,Wheat,2024-25,0.72,2.4,3310.0,4,True,3581.0,-7.567718514381458,0.36,100.0,1.29,86.04651162790697,3540.0,-6.497175141242938,957.96,75,0,365,912.2,11.26,982.4499999999999,-2.4927477225303982
Uttar Pradesh,Mahoba,Maize,2021-22,0.0,0.0,2091.0,4,True,,,,,,,,,918.53,68,0,365,744.63,150.1,,
Uttar Pradesh,Mahoba,Maize,2022-23,0.0,0.0,2154.0,4,True,2091.0,3.012912482065997,0.0,,0.0,,2091.0,3.012912482065997,1059.1,77,0,365,845.27,150.66,918.53,15.30380063797589
Uttar Pradesh,Mahoba,Maize,2023-24,0.0,0.0,2181.0,4,True,2154.0,1.2534818941504178,0.0,,0.0,,2122.5,2.756183745583039,747.13,63,0,366,654.84,88.24,988.8149999999999,-24.441882455262103
Uttar Pradesh,Mahoba,Maize,2024-25,0.0,0.0,327.0,4,True,2181.0,-85.00687757909216,0.0,,0.0,,2142.0,-84.73389355742297,970.6,86,0,365,878.02,24.73,908.2533333333332,6.864457787107872
Uttar Pradesh,Mahoba,Rice,2021-22,0.0,0.0,2367.0,4,True,,,,,,,,,918.53,68,0,365,744.63,150.1,,
Uttar Pradesh,Mahoba,Rice,2022-23,0.0,0.0,2413.0,4,True,2367.0,1.9433882551753277,0.0,,0.0,,2367.0,1.9433882551753277,1059.1,77,0,365,845.27,150.66,918.53,15.30380063797589
Uttar Pradesh,Mahoba,Rice,2023-24,0.0,0.01,2390.0,4,True,2413.0,-0.9531703273932864,0.0,,0.0,,2390.0,0.0,747.13,63,0,366,654.84,88.24,988.8149999999999,-24.441882455262103
Uttar Pradesh,Mahoba,Rice,2024-25,0.02,0.05,2100.0,4,True,2390.0,-12.133891213389122,0.0,,0.01,400.0,2390.0,-12.133891213389122,970.6,86,0,365,878.02,24.73,908.2533333333332,6.864457787107872
Uttar Pradesh,Mahoba,Wheat,2021-22,0.8,2.27,2841.0,4,True,,,,,,,,,918.53,68,0,365,744.63,150.1,,
Uttar Pradesh,Mahoba,Wheat,2022-23,0.78,3.09,3940.0,4,True,2841.0,38.68356212601197,0.8,-2.500000000000002,2.27,36.12334801762114,2841.0,38.68356212601197,1059.1,77,0,365,845.27,150.66,918.53,15.30380063797589
Uttar Pradesh,Mahoba,Wheat,2023-24,0.82,3.13,3816.0,4,True,3940.0,-3.1472081218274117,0.78,5.128205128205118,3.09,1.294498381877024,3390.5,12.54977142014452,747.13,63,0,366,654.84,88.24,988.8149999999999,-24.441882455262103
Uttar Pradesh,Mahoba,Wheat,2024-25,0.77,2.43,3160.0,4,True,3816.0,-17.19077568134172,0.82,-6.097560975609748,3.13,-22.36421725239616,3532.333333333333,-10.540719071435316,970.6,86,0,365,878.02,24.73,908.2533333333332,6.864457787107872
Uttar Pradesh,Mahrajganj,Maize,2021-22,0.02,0.05,2688.0,4,True,,,,,,,,,1753.59,107,0,365,1395.73,281.31,,
Uttar Pradesh,Mahrajganj,Maize,2022-23,0.01,0.01,2768.0,4,True,2688.0,2.976190476190476,0.02,-50.0,0.05,-80.0,2688.0,2.976190476190476,1162.3,76,1,365,850.44,238.47,1753.59,-33.71882823236903
Uttar Pradesh,Mahrajganj,Maize,2023-24,0.02,0.05,3151.0,4,True,2768.0,13.83670520231214,0.01,100.0,0.01,400.0,2728.0,15.505865102639296,1167.89,93,1,366,1008.63,125.52,1457.945,-19.894783410896835
Uttar Pradesh,Mahrajganj,Maize,2024-25,0.07,0.25,3475.0,4,True,3151.0,10.28245001586798,0.02,250.0,0.05,400.0,2869.0,21.12234227953991,1545.58,82,5,365,1357.75,14.49,1361.26,13.540396397455295
Uttar Pradesh,Mahrajganj,Rice,2021-22,1.81,4.97,2745.0,4,True,,,,,,,,,1753.59,107,0,365,1395.73,281.31,,
Uttar Pradesh,Mahrajganj,Rice,2022-23,1.66,4.3,2585.0,4,True,2745.0,-5.828779599271402,1.81,-8.287292817679564,4.97,-13.480885311871226,2745.0,-5.828779599271402,1162.3,76,1,365,850.44,238.47,1753.59,-33.71882823236903
Uttar Pradesh,Mahrajganj,Rice,2023-24,1.71,4.76,2788.0,4,True,2585.0,7.852998065764023,1.66,3.012048192771087,4.3,10.69767441860465,2665.0,4.615384615384616,1167.89,93,1,366,1008.63,125.52,1457.945,-19.894783410896835
Uttar Pradesh,Mahrajganj,Rice,2024-25,1.56,4.29,2759.0,4,True,2788.0,-1.0401721664275465,1.71,-8.771929824561399,4.76,-9.873949579831928,2706.0,1.958610495195861,1545.58,82,5,365,1357.75,14.49,1361.26,13.540396397455295
Uttar Pradesh,Mahrajganj,Wheat,2021-22,1.55,5.51,3554.0,4,True,,,,,,,,,1753.59,107,0,365,1395.73,281.31,,
Uttar Pradesh,Mahrajganj,Wheat,2022-23,1.49,5.5,3695.0,4,True,3554.0,3.9673607203151375,1.55,-3.870967741935488,5.51,-0.1814882032667838,3554.0,3.9673607203151375,1162.3,76,1,365,850.44,238.47,1753.59,-33.71882823236903
Uttar Pradesh,Mahrajganj,Wheat,2023-24,1.38,5.16,3754.0,4,True,3695.0,1.596752368064953,1.49,-7.382550335570476,5.5,-6.181818181818179,3624.5,3.572906607807973,1167.89,93,1,366,1008.63,125.52,1457.945,-19.894783410896835
Uttar Pradesh,Mahrajganj,Wheat,2024-25,1.31,4.83,3699.0,4,True,3754.0,-1.4651038891848696,1.38,-5.072463768115931,5.16,-6.395348837209304,3667.6666666666665,0.854312460238121,1545.58,82,5,365,1357.75,14.49,1361.26,13.540396397455295
Uttar Pradesh,Mainpuri,Maize,2021-22,0.5,1.63,3281.0,4,True,,,,,,,,,935.72,67,1,365,591.83,311.81,,
Uttar Pradesh,Mainpuri,Maize,2022-23,0.5,1.07,2155.0,4,True,3281.0,-34.31880524230417,0.5,0.0,1.63,-34.35582822085889,3281.0,-34.31880524230417,834.95,71,1,365,596.77,178.60000000000002,935.72,-10.769247210704053
Uttar Pradesh,Mainpuri,Maize,2023-24,0.58,2.13,3681.0,4,True,2155.0,70.81206496519722,0.5,15.999999999999991,1.07,99.06542056074764,2718.0,35.430463576158935,681.24,61,0,366,600.18,73.83,885.335,-23.052855698690326
Uttar Pradesh,Mainpuri,Maize,2024-25,0.32,1.12,3528.0,4,True,3681.0,-4.156479217603912,0.58,-44.82758620689655,2.13,-47.41784037558684,3039.0,16.090819348469893,949.43,70,1,365,910.48,13.82,817.3033333333333,16.16617249409644
Uttar Pradesh,Mainpuri,Rice,2021-22,0.63,1.68,2688.0,4,True,,,,,,,,,935.72,67,1,365,591.83,311.81,,
Uttar Pradesh,Mainpuri,Rice,2022-23,0.74,1.86,2515.0,4,True,2688.0,-6.436011904761904,0.63,17.46031746031746,1.68,10.714285714285724,2688.0,-6.436011904761904,834.95,71,1,365,596.77,178.60000000000002,935.72,-10.769247210704053
Uttar Pradesh,Mainpuri,Rice,2023-24,0.6,1.78,2949.0,4,True,2515.0,17.256461232604373,0.74,-18.91891891891892,1.86,-4.3010752688172085,2601.5,13.357678262540842,681.24,61,0,366,600.18,73.83,885.335,-23.052855698690326
Uttar Pradesh,Mainpuri,Rice,2024-25,0.66,2.0,3016.0,4,True,2949.0,2.271956595456087,0.6,10.000000000000009,1.78,12.359550561797752,2717.333333333333,10.991167811579974,949.43,70,1,365,910.48,13.82,817.3033333333333,16.16617249409644
Uttar Pradesh,Mainpuri,Wheat,2021-22,1.57,6.05,3857.0,4,True,,,,,,,,,935.72,67,1,365,591.83,311.81,,
Uttar Pradesh,Mainpuri,Wheat,2022-23,1.5,6.01,4010.0,4,True,3857.0,3.9668135856883584,1.57,-4.458598726114653,6.05,-0.661157024793389,3857.0,3.9668135856883584,834.95,71,1,365,596.77,178.60000000000002,935.72,-10.769247210704053
Uttar Pradesh,Mainpuri,Wheat,2023-24,1.48,6.16,4170.0,4,True,4010.0,3.99002493765586,1.5,-1.3333333333333344,6.01,2.495840266222968,3933.5,6.012457099275455,681.24,61,0,366,600.18,73.83,885.335,-23.052855698690326
Uttar Pradesh,Mainpuri,Wheat,2024-25,1.34,4.96,3712.0,4,True,4170.0,-10.983213429256594,1.48,-9.459459459459453,6.16,-19.480519480519483,4012.3333333333335,-7.485253800780929,949.43,70,1,365,910.48,13.82,817.3033333333333,16.16617249409644
Uttar Pradesh,Mathura,Maize,2021-22,0.0,0.01,3134.0,4,True,,,,,,,,,819.76,64,1,365,617.78,176.12,,
Uttar Pradesh,Mathura,Maize,2022-23,0.0,0.01,2577.0,4,True,3134.0,-17.772814294830887,0.0,,0.01,0.0,3134.0,-17.772814294830887,805.29,67,1,365,566.34,165.11,819.76,-1.7651507758368337
Uttar Pradesh,Mathura,Maize,2023-24,0.01,0.04,3274.0,4,True,2577.0,27.046953822273963,0.0,,0.01,300.0,2855.5,14.655927158115915,728.38,52,0,366,657.08,62.77,812.525,-10.355989046490874
Uttar Pradesh,Mathura,Maize,2024-25,0.06,0.21,3483.0,4,True,3274.0,6.383628588882101,0.01,499.9999999999999,0.04,424.9999999999999,2995.0,16.293823038397328,970.68,71,1,365,902.48,29.13,784.4766666666666,23.735993847278237
Uttar Pradesh,Mathura,Rice,2021-22,0.48,0.89,1864.0,4,True,,,,,,,,,819.76,64,1,365,617.78,176.12,,
Uttar Pradesh,Mathura,Rice,2022-23,0.69,1.27,1841.0,4,True,1864.0,-1.2339055793991416,0.48,43.74999999999999,0.89,42.69662921348314,1864.0,-1.2339055793991416,805.29,67,1,365,566.34,165.11,819.76,-1.7651507758368337
Uttar Pradesh,Mathura,Rice,2023-24,0.48,0.99,2047.0,4,True,1841.0,11.189570885388376,0.69,-30.43478260869565,1.27,-22.047244094488192,1852.5,10.49932523616734,728.38,52,0,366,657.08,62.77,812.525,-10.355989046490874
Uttar Pradesh,Mathura,Rice,2024-25,1.14,2.51,2211.0,4,True,2047.0,8.01172447484123,0.48,137.49999999999997,0.99,153.53535353535352,1917.3333333333333,15.31641168289291,970.68,71,1,365,902.48,29.13,784.4766666666666,23.735993847278237
Uttar Pradesh,Mathura,Wheat,2021-22,2.03,7.09,3490.0,4,True,,,,,,,,,819.76,64,1,365,617.78,176.12,,
Uttar Pradesh,Mathura,Wheat,2022-23,1.94,6.96,3583.0,4,True,3490.0,2.664756446991404,2.03,-4.433497536945806,7.09,-1.8335684062059223,3490.0,2.664756446991404,805.29,67,1,365,566.34,165.11,819.76,-1.7651507758368337
Uttar Pradesh,Mathura,Wheat,2023-24,1.76,6.87,3892.0,4,True,3583.0,8.624058051911804,1.94,-9.278350515463917,6.96,-1.29310344827586,3536.5,10.05231160752156,728.38,52,0,366,657.08,62.77,812.525,-10.355989046490874
Uttar Pradesh,Mathura,Wheat,2024-25,1.69,6.27,3717.0,4,True,3892.0,-4.496402877697841,1.76,-3.97727272727273,6.87,-8.73362445414848,3655.0,1.6963064295485637,970.68,71,1,365,902.48,29.13,784.4766666666666,23.735993847278237
Uttar Pradesh,Mau,Maize,2021-22,0.01,0.01,1648.0,4,True,,,,,,,,,1038.24,84,0,365,839.21,179.86,,
Uttar Pradesh,Mau,Maize,2022-23,0.01,0.02,1691.0,4,True,1648.0,2.6092233009708736,0.01,0.0,0.01,100.0,1648.0,2.6092233009708736,760.23,70,0,365,580.73,131.65,1038.24,-26.777045769764214
Uttar Pradesh,Mau,Maize,2023-24,0.01,0.04,2608.0,4,True,1691.0,54.22826729745712,0.01,0.0,0.02,100.0,1669.5,56.21443545971848,669.21,72,0,366,534.22,122.19,899.235,-25.58007639827186
Uttar Pradesh,Mau,Maize,2024-25,0.0,0.0,2249.0,4,True,2608.0,-13.765337423312884,0.01,-100.0,0.04,-100.0,1982.3333333333333,13.452160753321008,996.27,73,0,365,926.5,4.68,822.5600000000001,21.118216300330666
Uttar Pradesh,Mau,Rice,2021-22,0.9,2.15,2375.0,4,True,,,,,,,,,1038.24,84,0,365,839.21,179.86,,
Uttar Pradesh,Mau,Rice,2022-23,0.91,2.33,2558.0,4,True,2375.0,7.705263157894738,0.9,1.111111111111112,2.15,8.372093023255822,2375.0,7.705263157894738,760.23,70,0,365,580.73,131.65,1038.24,-26.777045769764214
Uttar Pradesh,Mau,Rice,2023-24,0.82,1.66,2024.0,4,True,2558.0,-20.87568412822517,0.91,-9.890109890109898,2.33,-28.75536480686696,2466.5,-17.940401378471517,669.21,72,0,366,534.22,122.19,899.235,-25.58007639827186
Uttar Pradesh,Mau,Rice,2024-25,0.9,2.41,2682.0,4,True,2024.0,32.509881422924906,0.82,9.756097560975618,1.66,45.18072289156628,2319.0,15.653298835705046,996.27,73,0,365,926.5,4.68,822.5600000000001,21.118216300330666
Uttar Pradesh,Mau,Wheat,2021-22,0.99,3.65,3700.0,4,True,,,,,,,,,1038.24,84,0,365,839.21,179.86,,
Uttar Pradesh,Mau,Wheat,2022-23,0.94,3.23,3429.0,4,True,3700.0,-7.324324324324325,0.99,-5.050505050505056,3.65,-11.506849315068491,3700.0,-7.324324324324325,760.23,70,0,365,580.73,131.65,1038.24,-26.777045769764214
Uttar Pradesh,Mau,Wheat,2023-24,0.84,2.81,3343.0,4,True,3429.0,-2.5080198308544763,0.94,-10.638297872340424,3.23,-13.003095975232196,3564.5,-6.214055267218404,669.21,72,0,366,534.22,122.19,899.235,-25.58007639827186
Uttar Pradesh,Mau,Wheat,2024-25,0.92,3.24,3505.0,4,True,3343.0,4.845946754412204,0.84,9.523809523809533,2.81,15.302491103202854,3490.6666666666665,0.4106187929717385,996.27,73,0,365,926.5,4.68,822.5600000000001,21.118216300330666
Uttar Pradesh,Meerut,Maize,2021-22,0.0,0.01,2151.0,4,True,,,,,,,,,1106.73,68,1,365,812.39,246.91,,
Uttar Pradesh,Meerut,Maize,2022-23,0.0,0.01,2024.0,4,True,2151.0,-5.904230590423059,0.0,,0.01,0.0,2151.0,-5.904230590423059,936.84,71,1,365,604.92,247.36,1106.73,-15.350627524328425
Uttar Pradesh,Meerut,Maize,2023-24,0.01,0.02,2706.0,4,True,2024.0,33.69565217391305,0.0,,0.01,100.0,2087.5,29.628742514970057,802.46,53,1,366,728.24,69.17,1021.7850000000001,-21.46488742739422
Uttar Pradesh,Meerut,Maize,2024-25,0.03,0.09,3463.0,4,True,2706.0,27.974870657797485,0.01,199.99999999999997,0.02,349.99999999999994,2293.6666666666665,50.98096206946666,1065.14,80,1,365,923.74,45.47,948.6766666666667,12.276399054121006
Uttar Pradesh,Meerut,Rice,2021-22,0.15,0.44,2906.0,4,True,,,,,,,,,1106.73,68,1,365,812.39,246.91,,
Uttar Pradesh,Meerut,Rice,2022-23,0.15,0.38,2470.0,4,True,2906.0,-15.003441156228492,0.15,0.0,0.44,-13.636363636363637,2906.0,-15.003441156228492,936.84,71,1,365,604.92,247.36,1106.73,-15.350627524328425
Uttar Pradesh,Meerut,Rice,2023-24,0.14,0.36,2537.0,4,True,2470.0,2.712550607287449,0.15,-6.666666666666654,0.38,-5.263157894736847,2688.0,-5.617559523809524,802.46,53,1,366,728.24,69.17,1021.7850000000001,-21.46488742739422
Uttar Pradesh,Meerut,Rice,2024-25,0.13,0.33,2560.0,4,True,2537.0,0.9065825778478518,0.14,-7.142857142857148,0.36,-8.333333333333325,2637.6666666666665,-2.944521673196001,1065.14,80,1,365,923.74,45.47,948.6766666666667,12.276399054121006
Uttar Pradesh,Meerut,Wheat,2021-22,0.81,3.39,4180.0,4,True,,,,,,,,,1106.73,68,1,365,812.39,246.91,,
Uttar Pradesh,Meerut,Wheat,2022-23,0.78,3.33,4282.0,4,True,4180.0,2.440191387559808,0.81,-3.703703703703707,3.39,-1.7699115044247802,4180.0,2.440191387559808,936.84,71,1,365,604.92,247.36,1106.73,-15.350627524328425
Uttar Pradesh,Meerut,Wheat,2023-24,0.62,2.59,4210.0,4,True,4282.0,-1.681457262961233,0.78,-20.512820512820515,3.33,-22.22222222222223,4231.0,-0.4963365634601748,802.46,53,1,366,728.24,69.17,1021.7850000000001,-21.46488742739422
Uttar Pradesh,Meerut,Wheat,2024-25,0.72,2.93,4049.0,4,True,4210.0,-3.8242280285035632,0.62,16.129032258064512,2.59,13.12741312741314,4224.0,-4.142992424242424,1065.14,80,1,365,923.74,45.47,948.6766666666667,12.276399054121006
Uttar Pradesh,Mirzapur,Maize,2021-22,0.01,0.02,1260.0,4,True,,,,,,,,,783.5,66,0,365,672.26,80.35,,
Uttar Pradesh,Mirzapur,Maize,2022-23,0.04,0.09,2210.0,4,True,1260.0,75.39682539682539,0.01,300.0,0.02,349.99999999999994,1260.0,75.39682539682539,935.13,75,0,365,769.58,120.01,783.5,19.35290363752393
Uttar Pradesh,Mirzapur,Maize,2023-24,0.01,0.01,829.0,4,True,2210.0,-62.48868778280543,0.04,-75.0,0.09,-88.8888888888889,1735.0,-52.21902017291066,758.49,65,0,366,626.66,124.25,859.315,-11.733182825855483
Uttar Pradesh,Mirzapur,Maize,2024-25,0.02,0.04,2459.0,4,True,829.0,196.6224366706876,0.01,100.0,0.01,300.0,1433.0,71.5980460572226,1052.88,77,1,365,984.83,12.31,825.7066666666666,27.512595271928713
Uttar Pradesh,Mirzapur,Rice,2021-22,0.88,2.74,3125.0,4,True,,,,,,,,,783.5,66,0,365,672.26,80.35,,
Uttar Pradesh,Mirzapur,Rice,2022-23,0.85,2.78,3266.0,4,True,3125.0,4.5120000000000005,0.88,-3.4090909090909123,2.74,1.4598540145985253,3125.0,4.5120000000000005,935.13,75,0,365,769.58,120.01,783.5,19.35290363752393
Uttar Pradesh,Mirzapur,Rice,2023-24,0.8,2.4,3002.0,4,True,3266.0,-8.083282302510716,0.85,-5.882352941176463,2.78,-13.669064748201436,3195.5,-6.05539039273979,758.49,65,0,366,626.66,124.25,859.315,-11.733182825855483
Uttar Pradesh,Mirzapur,Rice,2024-25,1.14,3.52,3081.0,4,True,3002.0,2.631578947368421,0.8,42.49999999999999,2.4,46.66666666666667,3131.0,-1.5969338869370808,1052.88,77,1,365,984.83,12.31,825.7066666666666,27.512595271928713
Uttar Pradesh,Mirzapur,Wheat,2021-22,1.01,3.52,3502.0,4,True,,,,,,,,,783.5,66,0,365,672.26,80.35,,
Uttar Pradesh,Mirzapur,Wheat,2022-23,1.43,4.79,3338.0,4,True,3502.0,-4.683038263849229,1.01,41.58415841584158,3.52,36.07954545454545,3502.0,-4.683038263849229,935.13,75,0,365,769.58,120.01,783.5,19.35290363752393
Uttar Pradesh,Mirzapur,Wheat,2023-24,1.09,3.5,3218.0,4,True,3338.0,-3.59496704613541,1.43,-23.77622377622377,4.79,-26.931106471816285,3420.0,-5.906432748538012,758.49,65,0,366,626.66,124.25,859.315,-11.733182825855483
Uttar Pradesh,Mirzapur,Wheat,2024-25,1.22,4.16,3421.0,4,True,3218.0,6.308266003729024,1.09,11.926605504587146,3.5,18.85714285714286,3352.6666666666665,2.0381785643269086,1052.88,77,1,365,984.83,12.31,825.7066666666666,27.512595271928713
Uttar Pradesh,Moradabad,Maize,2021-22,0.0,0.0,2778.0,4,True,,,,,,,,,1091.79,74,1,365,733.91,310.8,,
Uttar Pradesh,Moradabad,Maize,2022-23,0.0,0.0,2429.0,4,True,2778.0,-12.562994960403168,0.0,,0.0,,2778.0,-12.562994960403168,967.84,80,1,365,594.98,282.11,1091.79,-11.352915853781399
Uttar Pradesh,Moradabad,Maize,2023-24,0.0,0.0,2797.0,4,True,2429.0,15.150267599835324,0.0,,0.0,,2603.5,7.432302669483387,893.04,59,1,366,811.04,74.23,1029.815,-13.28151172783462
Uttar Pradesh,Moradabad,Maize,2024-25,0.0,0.02,3576.0,4,True,2797.0,27.85126921701823,0.0,,0.0,,2668.0,34.03298350824588,1163.71,80,1,365,1028.39,43.28,984.2233333333334,18.236375890295903
Uttar Pradesh,Moradabad,Rice,2021-22,0.95,2.74,2893.0,4,True,,,,,,,,,1091.79,74,1,365,733.91,310.8,,
Uttar Pradesh,Moradabad,Rice,2022-23,0.96,2.71,2823.0,4,True,2893.0,-2.4196335983408224,0.95,1.0526315789473697,2.74,-1.0948905109489142,2893.0,-2.4196335983408224,967.84,80,1,365,594.98,282.11,1091.79,-11.352915853781399
Uttar Pradesh,Moradabad,Rice,2023-24,0.92,2.7,2942.0,4,True,2823.0,4.2153737159050655,0.96,-4.166666666666659,2.71,-0.3690036900368925,2858.0,2.939118264520644,893.04,59,1,366,811.04,74.23,1029.815,-13.28151172783462
Uttar Pradesh,Moradabad,Rice,2024-25,0.91,2.6,2873.0,4,True,2942.0,-2.3453433038749147,0.92,-1.0869565217391313,2.7,-3.703703703703707,2886.0,-0.4504504504504504,1163.71,80,1,365,1028.39,43.28,984.2233333333334,18.236375890295903
Uttar Pradesh,Moradabad,Wheat,2021-22,1.27,5.27,4155.0,4,True,,,,,,,,,1091.79,74,1,365,733.91,310.8,,
Uttar Pradesh,Moradabad,Wheat,2022-23,1.21,5.07,4181.0,4,True,4155.0,0.6257521058965102,1.27,-4.724409448818902,5.27,-3.7950664136622256,4155.0,0.6257521058965102,967.84,80,1,365,594.98,282.11,1091.79,-11.352915853781399
Uttar Pradesh,Moradabad,Wheat,2023-24,1.09,4.46,4081.0,4,True,4181.0,-2.391772303276728,1.21,-9.917355371900817,5.07,-12.031558185404345,4168.0,-2.087332053742802,893.04,59,1,366,811.04,74.23,1029.815,-13.28151172783462
Uttar Pradesh,Moradabad,Wheat,2024-25,1.14,4.54,3987.0,4,True,4081.0,-2.303357020338152,1.09,4.587155963302736,4.46,1.793721973094172,4139.0,-3.6723846339695583,1163.71,80,1,365,1028.39,43.28,984.2233333333334,18.236375890295903
Uttar Pradesh,Muzaffarnagar,Maize,2021-22,0.0,0.0,1891.0,4,True,,,,,,,,,1267.61,81,2,365,954.27,260.53,,
Uttar Pradesh,Muzaffarnagar,Maize,2022-23,0.0,0.0,1864.0,4,True,1891.0,-1.4278159703860391,0.0,,0.0,,1891.0,-1.4278159703860391,1162.93,85,2,365,817.31,250.42,1267.61,-8.258060444458456
Uttar Pradesh,Muzaffarnagar,Maize,2023-24,0.0,0.0,1683.0,4,True,1864.0,-9.71030042918455,0.0,,0.0,,1877.5,-10.359520639147805,975.82,62,0,366,876.15,91.33,1215.27,-19.703440387732762
Uttar Pradesh,Muzaffarnagar,Maize,2024-25,0.02,0.07,3463.0,4,True,1683.0,105.76351752822342,0.0,,0.0,,1812.6666666666667,91.0445016550202,1295.52,96,2,365,1112.33,72.39,1135.4533333333334,14.097159431181666
Uttar Pradesh,Muzaffarnagar,Rice,2021-22,0.13,0.35,2714.0,4,True,,,,,,,,,1267.61,81,2,365,954.27,260.53,,
Uttar Pradesh,Muzaffarnagar,Rice,2022-23,0.13,0.35,2587.0,4,True,2714.0,-4.679439941046426,0.13,0.0,0.35,0.0,2714.0,-4.679439941046426,1162.93,85,2,365,817.31,250.42,1267.61,-8.258060444458456
Uttar Pradesh,Muzaffarnagar,Rice,2023-24,0.12,0.31,2582.0,4,True,2587.0,-0.1932740626207963,0.13,-7.692307692307699,0.35,-11.428571428571423,2650.5,-2.5844180343331447,975.82,62,0,366,876.15,91.33,1215.27,-19.703440387732762
Uttar Pradesh,Muzaffarnagar,Rice,2024-25,0.06,0.15,2540.0,4,True,2582.0,-1.6266460108443066,0.12,-50.0,0.31,-51.61290322580645,2627.6666666666665,-3.3362932893568384,1295.52,96,2,365,1112.33,72.39,1135.4533333333334,14.097159431181666
Uttar Pradesh,Muzaffarnagar,Wheat,2021-22,0.86,3.39,3962.0,4,True,,,,,,,,,1267.61,81,2,365,954.27,260.53,,
Uttar Pradesh,Muzaffarnagar,Wheat,2022-23,0.78,3.43,4395.0,4,True,3962.0,10.928823826350328,0.86,-9.302325581395344,3.39,1.1799410029498536,3962.0,10.928823826350328,1162.93,85,2,365,817.31,250.42,1267.61,-8.258060444458456
Uttar Pradesh,Muzaffarnagar,Wheat,2023-24,0.66,2.78,4208.0,4,True,4395.0,-4.254835039817976,0.78,-15.384615384615383,3.43,-18.950437317784267,4178.5,0.7059949742730645,975.82,62,0,366,876.15,91.33,1215.27,-19.703440387732762
Uttar Pradesh,Muzaffarnagar,Wheat,2024-25,0.71,2.81,3960.0,4,True,4208.0,-5.893536121673003,0.66,7.575757575757565,2.78,1.079136690647491,4188.333333333333,-5.451651412654191,1295.52,96,2,365,1112.33,72.39,1135.4533333333334,14.097159431181666
Uttar Pradesh,Pilibhit,Maize,2021-22,0.0,0.01,3086.0,4,True,,,,,,,,,1238.96,90,1,365,744.11,434.78,,
Uttar Pradesh,Pilibhit,Maize,2022-23,0.0,0.01,2354.0,4,True,3086.0,-23.7200259235256,0.0,,0.01,0.0,3086.0,-23.7200259235256,1108.07,86,2,365,650.04,365.76,1238.96,-10.564505714470208
Uttar Pradesh,Pilibhit,Maize,2023-24,0.01,0.02,2729.0,4,True,2354.0,15.930331350892098,0.0,,0.01,100.0,2720.0,0.3308823529411764,978.89,79,1,366,888.57,66.81,1173.5149999999999,-16.58479013902676
Uttar Pradesh,Pilibhit,Maize,2024-25,0.01,0.03,3462.0,4,True,2729.0,26.859655551484057,0.01,0.0,0.02,49.99999999999999,2723.0,27.13918472273228,1345.94,95,3,365,1214.69,38.86,1108.64,21.404603838937792
Uttar Pradesh,Pilibhit,Rice,2021-22,1.51,5.09,3365.0,4,True,,,,,,,,,1238.96,90,1,365,744.11,434.78,,
Uttar Pradesh,Pilibhit,Rice,2022-23,1.49,4.85,3246.0,4,True,3365.0,-3.536404160475483,1.51,-1.3245033112582794,5.09,-4.71512770137525,3365.0,-3.536404160475483,1108.07,86,2,365,650.04,365.76,1238.96,-10.564505714470208
Uttar Pradesh,Pilibhit,Rice,2023-24,1.4,3.51,2508.0,4,True,3246.0,-22.73567467652495,1.49,-6.040268456375844,4.85,-27.628865979381445,3305.5,-24.126455906821963,978.89,79,1,366,888.57,66.81,1173.5149999999999,-16.58479013902676
Uttar Pradesh,Pilibhit,Rice,2024-25,1.09,3.48,3209.0,4,True,2508.0,27.95055821371611,1.4,-22.14285714285713,3.51,-0.8547008547008492,3039.6666666666665,5.570786270424394,1345.94,95,3,365,1214.69,38.86,1108.64,21.404603838937792
Uttar Pradesh,Pilibhit,Wheat,2021-22,1.47,5.9,4009.0,4,True,,,,,,,,,1238.96,90,1,365,744.11,434.78,,
Uttar Pradesh,Pilibhit,Wheat,2022-23,1.41,5.99,4237.0,4,True,4009.0,5.687203791469194,1.47,-4.081632653061228,5.9,1.5254237288135568,4009.0,5.687203791469194,1108.07,86,2,365,650.04,365.76,1238.96,-10.564505714470208
Uttar Pradesh,Pilibhit,Wheat,2023-24,1.33,5.61,4207.0,4,True,4237.0,-0.7080481472740147,1.41,-5.6737588652482165,5.99,-6.343906510851418,4123.0,2.037351443123939,978.89,79,1,366,888.57,66.81,1173.5149999999999,-16.58479013902676
Uttar Pradesh,Pilibhit,Wheat,2024-25,1.4,6.33,4509.0,4,True,4207.0,7.178512003803185,1.33,5.26315789473683,5.61,12.834224598930478,4151.0,8.624427848711154,1345.94,95,3,365,1214.69,38.86,1108.64,21.404603838937792
Uttar Pradesh,Pratapgarh,Maize,2021-22,0.01,0.02,2145.0,4,True,,,,,,,,,958.93,76,0,365,800.8100000000001,144.13,,
Uttar Pradesh,Pratapgarh,Maize,2022-23,0.01,0.03,2855.0,4,True,2145.0,33.1002331002331,0.01,0.0,0.02,49.99999999999999,2145.0,33.1002331002331,925.23,76,0,365,698.04,158.65,958.93,-3.5143336844190856
Uttar Pradesh,Pratapgarh,Maize,2023-24,0.01,0.02,1655.0,4,True,2855.0,-42.03152364273205,0.01,0.0,0.03,-33.33333333333333,2500.0,-33.800000000000004,715.53,72,0,366,604.25,108.44,942.0799999999999,-24.047851562499996
Uttar Pradesh,Pratapgarh,Maize,2024-25,0.01,0.03,3289.0,4,True,1655.0,98.73111782477342,0.01,0.0,0.02,49.99999999999999,2218.333333333333,48.26446280991735,933.2,81,0,365,875.39,6.890000000000001,866.5633333333334,7.689763010205061
Uttar Pradesh,Pratapgarh,Rice,2021-22,0.99,2.49,2526.0,4,True,,,,,,,,,958.93,76,0,365,800.8100000000001,144.13,,
Uttar Pradesh,Pratapgarh,Rice,2022-23,0.92,2.58,2819.0,4,True,2526.0,11.599366587490104,0.99,-7.0707070707070665,2.49,3.614457831325296,2526.0,11.599366587490104,925.23,76,0,365,698.04,158.65,958.93,-3.5143336844190856
Uttar Pradesh,Pratapgarh,Rice,2023-24,0.93,2.11,2273.0,4,True,2819.0,-19.3685704150408,0.92,1.0869565217391313,2.58,-18.2170542635659,2672.5,-14.948550046772684,715.53,72,0,366,604.25,108.44,942.0799999999999,-24.047851562499996
Uttar Pradesh,Pratapgarh,Rice,2024-25,1.47,3.57,2437.0,4,True,2273.0,7.215134183897932,0.93,58.06451612903225,2.11,69.19431279620854,2539.333333333333,-4.029929115253353,933.2,81,0,365,875.39,6.890000000000001,866.5633333333334,7.689763010205061
Uttar Pradesh,Pratapgarh,Wheat,2021-22,1.54,5.09,3306.0,4,True,,,,,,,,,958.93,76,0,365,800.8100000000001,144.13,,
Uttar Pradesh,Pratapgarh,Wheat,2022-23,1.6,5.4,3367.0,4,True,3306.0,1.8451300665456745,1.54,3.8961038961039,5.09,6.090373280943036,3306.0,1.8451300665456745,925.23,76,0,365,698.04,158.65,958.93,-3.5143336844190856
Uttar Pradesh,Pratapgarh,Wheat,2023-24,1.59,5.16,3245.0,4,True,3367.0,-3.623403623403623,1.6,-0.6250000000000006,5.4,-4.444444444444448,3336.5,-2.7423947250112395,715.53,72,0,366,604.25,108.44,942.0799999999999,-24.047851562499996
Uttar Pradesh,Pratapgarh,Wheat,2024-25,1.49,4.87,3272.0,4,True,3245.0,0.8320493066255779,1.59,-6.289308176100635,5.16,-5.62015503875969,3306.0,-1.02843315184513,933.2,81,0,365,875.39,6.890000000000001,866.5633333333334,7.689763010205061
Uttar Pradesh,Prayagraj,Maize,2021-22,0.0,0.0,2237.0,4,True,,,,,,,,,860.73,66,0,365,739.03,107.46,,
Uttar Pradesh,Prayagraj,Maize,2022-23,0.0,0.01,2848.0,4,True,2237.0,27.31336611533304,0.0,,0.0,,2237.0,27.31336611533304,905.43,76,0,365,713.54,131.37,860.73,5.193266181032372
Uttar Pradesh,Prayagraj,Maize,2023-24,0.0,0.0,1314.0,4,True,2848.0,-53.8623595505618,0.0,,0.01,-100.0,2542.5,-48.31858407079646,705.08,63,0,366,571.96,129.34,883.0799999999999,-20.15672419259862
Uttar Pradesh,Prayagraj,Maize,2024-25,0.02,0.07,3467.0,4,True,1314.0,163.85083713850835,0.0,,0.0,,2133.0,62.54102203469292,940.39,83,0,365,891.67,8.99,823.7466666666666,14.160097764684949
Uttar Pradesh,Prayagraj,Rice,2021-22,1.56,4.65,2980.0,4,True,,,,,,,,,860.73,66,0,365,739.03,107.46,,
Uttar Pradesh,Prayagraj,Rice,2022-23,1.56,4.7,3017.0,4,True,2980.0,1.2416107382550337,1.56,0.0,4.65,1.0752688172042972,2980.0,1.2416107382550337,905.43,76,0,365,713.54,131.37,860.73,5.193266181032372
Uttar Pradesh,Prayagraj,Rice,2023-24,1.46,4.6,3140.0,4,True,3017.0,4.076897580377859,1.56,-6.410256410256415,4.7,-2.1276595744680966,2998.5,4.719026179756545,705.08,63,0,366,571.96,129.34,883.0799999999999,-20.15672419259862
Uttar Pradesh,Prayagraj,Rice,2024-25,1.95,6.15,3157.0,4,True,3140.0,0.5414012738853503,1.46,33.56164383561644,4.6,33.69565217391306,3045.6666666666665,3.655466783408126,940.39,83,0,365,891.67,8.99,823.7466666666666,14.160097764684949
Uttar Pradesh,Prayagraj,Wheat,2021-22,2.22,6.39,2873.0,4,True,,,,,,,,,860.73,66,0,365,739.03,107.46,,
Uttar Pradesh,Prayagraj,Wheat,2022-23,2.45,5.63,2302.0,4,True,2873.0,-19.8746954403063,2.22,10.360360360360358,6.39,-11.893583724569638,2873.0,-19.8746954403063,905.43,76,0,365,713.54,131.37,860.73,5.193266181032372
Uttar Pradesh,Prayagraj,Wheat,2023-24,2.47,6.11,2475.0,4,True,2302.0,7.515204170286707,2.45,0.8163265306122455,5.63,8.525754884547077,2587.5,-4.3478260869565215,705.08,63,0,366,571.96,129.34,883.0799999999999,-20.15672419259862
Uttar Pradesh,Prayagraj,Wheat,2024-25,2.26,6.34,2800.0,4,True,2475.0,13.131313131313131,2.47,-8.502024291497992,6.11,3.7643207855973735,2550.0,9.803921568627452,940.39,83,0,365,891.67,8.99,823.7466666666666,14.160097764684949
Uttar Pradesh,Rae Bareli,Maize,2021-22,0.0,0.0,1700.0,4,True,,,,,,,,,1041.38,80,1,365,828.0,180.42,,
Uttar Pradesh,Rae Bareli,Maize,2022-23,0.0,0.0,1960.0,4,True,1700.0,15.294117647058824,0.0,,0.0,,1700.0,15.294117647058824,1034.43,77,2,365,729.64,226.09,1041.38,-0.6673836639843328
Uttar Pradesh,Rae Bareli,Maize,2023-24,0.0,0.0,2179.0,4,True,1960.0,11.173469387755102,0.0,,0.0,,1830.0,19.07103825136612,835.76,61,0,366,748.85,84.29,1037.9050000000002,-19.476252643546392
Uttar Pradesh,Rae Bareli,Maize,2024-25,0.02,0.05,3195.0,4,True,2179.0,46.626893070215694,0.0,,0.0,,1946.3333333333333,64.15482103099846,944.02,79,0,365,886.23,9.71,970.5233333333334,-2.7308290716005565
Uttar Pradesh,Rae Bareli,Rice,2021-22,0.9,2.47,2750.0,4,True,,,,,,,,,1041.38,80,1,365,828.0,180.42,,
Uttar Pradesh,Rae Bareli,Rice,2022-23,0.88,2.47,2821.0,4,True,2750.0,2.5818181818181816,0.9,-2.222222222222224,2.47,0.0,2750.0,2.5818181818181816,1034.43,77,2,365,729.64,226.09,1041.38,-0.6673836639843328
Uttar Pradesh,Rae Bareli,Rice,2023-24,0.84,2.43,2885.0,4,True,2821.0,2.2686990428925915,0.88,-4.545454545454549,2.47,-1.6194331983805683,2785.5,3.5720696463830555,835.76,61,0,366,748.85,84.29,1037.9050000000002,-19.476252643546392
Uttar Pradesh,Rae Bareli,Rice,2024-25,1.78,5.22,2933.0,4,True,2885.0,1.6637781629116115,0.84,111.90476190476193,2.43,114.8148148148148,2818.6666666666665,4.056291390728482,944.02,79,0,365,886.23,9.71,970.5233333333334,-2.7308290716005565
Uttar Pradesh,Rae Bareli,Wheat,2021-22,1.4,4.51,3230.0,4,True,,,,,,,,,1041.38,80,1,365,828.0,180.42,,
Uttar Pradesh,Rae Bareli,Wheat,2022-23,1.68,5.86,3487.0,4,True,3230.0,7.956656346749226,1.4,20.000000000000004,4.51,29.93348115299336,3230.0,7.956656346749226,1034.43,77,2,365,729.64,226.09,1041.38,-0.6673836639843328
Uttar Pradesh,Rae Bareli,Wheat,2023-24,1.86,6.24,3360.0,4,True,3487.0,-3.64209922569544,1.68,10.714285714285724,5.86,6.484641638225254,3358.5,0.0446627958910227,835.76,61,0,366,748.85,84.29,1037.9050000000002,-19.476252643546392
Uttar Pradesh,Rae Bareli,Wheat,2024-25,1.72,5.52,3212.0,4,True,3360.0,-4.404761904761905,1.86,-7.526881720430113,6.24,-11.538461538461547,3359.0,-4.376302470973504,944.02,79,0,365,886.23,9.71,970.5233333333334,-2.7308290716005565
Uttar Pradesh,Rampur,Maize,2021-22,0.0,0.0,2802.0,4,True,,,,,,,,,1187.93,86,1,365,688.32,447.09,,
Uttar Pradesh,Rampur,Maize,2022-23,0.0,0.01,2854.0,4,True,2802.0,1.85581727337616,0.0,,0.0,,2802.0,1.85581727337616,1112.7,82,1,365,651.49,353.62,1187.93,-6.3328647310868496
Uttar Pradesh,Rampur,Maize,2023-24,0.01,0.03,3021.0,4,True,2854.0,5.8514365802382615,0.0,,0.01,199.99999999999997,2828.0,6.824611032531824,1022.78,69,1,366,925.26,80.21,1150.315,-11.086963136184442
Uttar Pradesh,Rampur,Maize,2024-25,0.04,0.14,3561.0,4,True,3021.0,17.874875868917577,0.01,300.0,0.03,366.66666666666674,2892.333333333333,23.11858937420767,1359.38,94,3,365,1200.5,54.54,1107.8033333333333,22.70950619995729
Uttar Pradesh,Rampur,Rice,2021-22,1.54,4.4,2847.0,4,True,,,,,,,,,1187.93,86,1,365,688.32,447.09,,
Uttar Pradesh,Rampur,Rice,2022-23,1.5,4.12,2755.0,4,True,2847.0,-3.2314717246224096,1.54,-2.5974025974026,4.4,-6.363636363636369,2847.0,-3.2314717246224096,1112.7,82,1,365,651.49,353.62,1187.93,-6.3328647310868496
Uttar Pradesh,Rampur,Rice,2023-24,1.39,4.12,2963.0,4,True,2755.0,7.549909255898367,1.5,-7.33333333333334,4.12,0.0,2801.0,5.783648696893966,1022.78,69,1,366,925.26,80.21,1150.315,-11.086963136184442
Uttar Pradesh,Rampur,Rice,2024-25,1.22,3.52,2883.0,4,True,2963.0,-2.6999662504218698,1.39,-12.230215827338126,4.12,-14.563106796116507,2855.0,0.9807355516637478,1359.38,94,3,365,1200.5,54.54,1107.8033333333333,22.70950619995729
Uttar Pradesh,Rampur,Wheat,2021-22,1.59,6.64,4185.0,4,True,,,,,,,,,1187.93,86,1,365,688.32,447.09,,
Uttar Pradesh,Rampur,Wheat,2022-23,1.5,6.2,4122.0,4,True,4185.0,-1.5053763440860215,1.59,-5.660377358490571,6.64,-6.626506024096377,4185.0,-1.5053763440860215,1112.7,82,1,365,651.49,353.62,1187.93,-6.3328647310868496
Uttar Pradesh,Rampur,Wheat,2023-24,1.37,5.8,4237.0,4,True,4122.0,2.7899078117418727,1.5,-8.66666666666666,6.2,-6.451612903225811,4153.5,2.010352714578066,1022.78,69,1,366,925.26,80.21,1150.315,-11.086963136184442
Uttar Pradesh,Rampur,Wheat,2024-25,1.38,5.92,4281.0,4,True,4237.0,1.038470616001888,1.37,0.7299270072992544,5.8,2.068965517241381,4181.333333333333,2.383609693877559,1359.38,94,3,365,1200.5,54.54,1107.8033333333333,22.70950619995729
Uttar Pradesh,Saharanpur,Maize,2021-22,0.09,0.17,1849.0,4,True,,,,,,,,,1466.25,98,1,365,1132.21,271.56,,
Uttar Pradesh,Saharanpur,Maize,2022-23,0.09,0.17,1848.0,4,True,1849.0,-0.0540832882639264,0.09,0.0,0.17,0.0,1849.0,-0.0540832882639264,1542.93,104,1,365,1171.78,237.36,1466.25,5.229667519181589
Uttar Pradesh,Saharanpur,Maize,2023-24,0.09,0.11,1237.0,4,True,1848.0,-33.06277056277056,0.09,0.0,0.17,-35.294117647058826,1848.5,-33.08087638625913,1252.67,80,2,366,1106.63,127.12,1504.5900000000001,-16.743431765464347
Uttar Pradesh,Saharanpur,Maize,2024-25,0.03,0.08,2351.0,4,True,1237.0,90.05658852061438,0.09,-66.66666666666666,0.11,-27.27272727272727,1644.6666666666667,42.94689906769355,1556.73,116,2,365,1296.92,120.48,1420.6166666666668,9.581285122657993
Uttar Pradesh,Saharanpur,Rice,2021-22,0.58,1.61,2772.0,4,True,,,,,,,,,1466.25,98,1,365,1132.21,271.56,,
Uttar Pradesh,Saharanpur,Rice,2022-23,0.58,1.43,2463.0,4,True,2772.0,-11.147186147186147,0.58,0.0,1.61,-11.180124223602492,2772.0,-11.147186147186147,1542.93,104,1,365,1171.78,237.36,1466.25,5.229667519181589
Uttar Pradesh,Saharanpur,Rice,2023-24,0.54,1.33,2465.0,4,True,2463.0,0.0812017864393016,0.58,-6.896551724137918,1.43,-6.993006993006984,2617.5,-5.826170009551098,1252.67,80,2,366,1106.63,127.12,1504.5900000000001,-16.743431765464347
Uttar Pradesh,Saharanpur,Rice,2024-25,0.53,1.34,2514.0,4,True,2465.0,1.9878296146044625,0.54,-1.8518518518518532,1.33,0.7518796992481209,2566.6666666666665,-2.051948051948046,1556.73,116,2,365,1296.92,120.48,1420.6166666666668,9.581285122657993
Uttar Pradesh,Saharanpur,Wheat,2021-22,1.17,4.74,4067.0,4,True,,,,,,,,,1466.25,98,1,365,1132.21,271.56,,
Uttar Pradesh,Saharanpur,Wheat,2022-23,1.12,4.66,4167.0,4,True,4067.0,2.4588148512417014,1.17,-4.273504273504258,4.74,-1.6877637130801704,4067.0,2.4588148512417014,1542.93,104,1,365,1171.78,237.36,1466.25,5.229667519181589
Uttar Pradesh,Saharanpur,Wheat,2023-24,1.28,5.0,3921.0,4,True,4167.0,-5.903527717782577,1.12,14.285714285714276,4.66,7.29613733905579,4117.0,-4.760748117561331,1252.67,80,2,366,1106.63,127.12,1504.5900000000001,-16.743431765464347
Uttar Pradesh,Saharanpur,Wheat,2024-25,1.14,4.93,4322.0,4,True,3921.0,10.226982912522317,1.28,-10.937500000000009,5.0,-1.4000000000000057,4051.6666666666665,6.672151378033735,1556.73,116,2,365,1296.92,120.48,1420.6166666666668,9.581285122657993
Uttar Pradesh,Sambhal,Maize,2021-22,0.06,0.19,2953.0,4,True,,,,,,,,,987.85,76,2,365,668.73,277.49,,
Uttar Pradesh,Sambhal,Maize,2022-23,0.07,0.15,2315.0,4,True,2953.0,-21.605147307822552,0.06,16.666666666666682,0.19,-21.052631578947373,2953.0,-21.605147307822552,881.36,75,1,365,531.25,259.82,987.85,-10.779976717112923
Uttar Pradesh,Sambhal,Maize,2023-24,0.12,0.34,2729.0,4,True,2315.0,17.883369330453565,0.07,71.4285714285714,0.15,126.66666666666669,2634.0,3.60668185269552,806.85,59,1,366,735.39,63.93,934.605,-13.669411141605275
Uttar Pradesh,Sambhal,Maize,2024-25,0.15,0.48,3292.0,4,True,2729.0,20.630267497251744,0.12,25.0,0.34,41.17647058823528,2665.6666666666665,23.49631111666876,1019.86,78,1,365,912.3,29.85,892.02,14.331517230555372
Uttar Pradesh,Sambhal,Rice,2021-22,0.41,1.12,2715.0,4,True,,,,,,,,,987.85,76,2,365,668.73,277.49,,
Uttar Pradesh,Sambhal,Rice,2022-23,0.49,1.36,2777.0,4,True,2715.0,2.283609576427256,0.41,19.512195121951223,1.12,21.428571428571423,2715.0,2.283609576427256,881.36,75,1,365,531.25,259.82,987.85,-10.779976717112923
Uttar Pradesh,Sambhal,Rice,2023-24,0.41,1.12,2760.0,4,True,2777.0,-0.6121714079942384,0.49,-16.326530612244902,1.36,-17.64705882352941,2746.0,0.5098324836125273,806.85,59,1,366,735.39,63.93,934.605,-13.669411141605275
Uttar Pradesh,Sambhal,Rice,2024-25,1.02,2.75,2695.0,4,True,2760.0,-2.355072463768116,0.41,148.78048780487808,1.12,145.53571428571425,2750.6666666666665,-2.0237518177411484,1019.86,78,1,365,912.3,29.85,892.02,14.331517230555372
Uttar Pradesh,Sambhal,Wheat,2021-22,1.45,5.79,3997.0,4,True,,,,,,,,,987.85,76,2,365,668.73,277.49,,
Uttar Pradesh,Sambhal,Wheat,2022-23,1.38,5.68,4114.0,4,True,3997.0,2.9271953965474107,1.45,-4.827586206896556,5.79,-1.8998272884283305,3997.0,2.9271953965474107,881.36,75,1,365,531.25,259.82,987.85,-10.779976717112923
Uttar Pradesh,Sambhal,Wheat,2023-24,1.09,4.32,3979.0,4,True,4114.0,-3.281477880408361,1.38,-21.014492753623177,5.68,-23.943661971830977,4055.5,-1.8863272099617805,806.85,59,1,366,735.39,63.93,934.605,-13.669411141605275
Uttar Pradesh,Sambhal,Wheat,2024-25,1.33,5.19,3912.0,4,True,3979.0,-1.683840160844433,1.09,22.01834862385321,4.32,20.13888888888889,4030.0,-2.9280397022332507,1019.86,78,1,365,912.3,29.85,892.02,14.331517230555372
Uttar Pradesh,Sant Kabir Nagar,Maize,2021-22,0.02,0.01,679.0,4,True,,,,,,,,,1522.57,96,1,365,1213.27,253.98,,
Uttar Pradesh,Sant Kabir Nagar,Maize,2022-23,0.02,0.04,2154.0,4,True,679.0,217.23122238586157,0.02,0.0,0.01,300.0,679.0,217.23122238586157,1125.97,76,1,365,785.73,266.14,1522.57,-26.0480634716302
Uttar Pradesh,Sant Kabir Nagar,Maize,2023-24,0.02,0.05,2234.0,4,True,2154.0,3.7140204271123487,0.02,0.0,0.04,25.000000000000007,1416.5,57.71267207906813,1043.93,79,0,366,919.89,104.7,1324.27,-21.16939898963202
Uttar Pradesh,Sant Kabir Nagar,Maize,2024-25,0.02,0.06,2987.0,4,True,2234.0,33.70635631154879,0.02,0.0,0.05,19.99999999999999,1689.0,76.850207223209,1559.12,83,4,365,1410.56,6.8,1230.8233333333335,26.672931669045358
Uttar Pradesh,Sant Kabir Nagar,Rice,2021-22,0.92,2.73,2970.0,4,True,,,,,,,,,1522.57,96,1,365,1213.27,253.98,,
Uttar Pradesh,Sant Kabir Nagar,Rice,2022-23,0.92,2.63,2869.0,4,True,2970.0,-3.4006734006734005,0.92,0.0,2.73,-3.663003663003666,2970.0,-3.4006734006734005,1125.97,76,1,365,785.73,266.14,1522.57,-26.0480634716302
Uttar Pradesh,Sant Kabir Nagar,Rice,2023-24,0.86,2.45,2837.0,4,True,2869.0,-1.1153712094806554,0.92,-6.521739130434788,2.63,-6.844106463878316,2919.5,-2.825826340126734,1043.93,79,0,366,919.89,104.7,1324.27,-21.16939898963202
Uttar Pradesh,Sant Kabir Nagar,Rice,2024-25,0.85,2.37,2776.0,4,True,2837.0,-2.150158618258724,0.86,-1.1627906976744196,2.45,-3.265306122448982,2892.0,-4.011065006915629,1559.12,83,4,365,1410.56,6.8,1230.8233333333335,26.672931669045358
Uttar Pradesh,Sant Kabir Nagar,Wheat,2021-22,0.95,3.95,4140.0,4,True,,,,,,,,,1522.57,96,1,365,1213.27,253.98,,
Uttar Pradesh,Sant Kabir Nagar,Wheat,2022-23,1.05,4.23,4036.0,4,True,4140.0,-2.5120772946859904,0.95,10.526315789473696,3.95,7.088607594936715,4140.0,-2.5120772946859904,1125.97,76,1,365,785.73,266.14,1522.57,-26.0480634716302
Uttar Pradesh,Sant Kabir Nagar,Wheat,2023-24,0.92,3.49,3808.0,4,True,4036.0,-5.649157581764123,1.05,-12.38095238095238,4.23,-17.49408983451537,4088.0,-6.849315068493151,1043.93,79,0,366,919.89,104.7,1324.27,-21.16939898963202
Uttar Pradesh,Sant Kabir Nagar,Wheat,2024-25,1.01,3.79,3754.0,4,True,3808.0,-1.4180672268907564,0.92,9.78260869565217,3.49,8.595988538681942,3994.6666666666665,-6.024699599465952,1559.12,83,4,365,1410.56,6.8,1230.8233333333335,26.672931669045358
Uttar Pradesh,Shahjahanpur,Maize,2021-22,0.03,0.07,2516.0,4,True,,,,,,,,,1172.5,72,2,365,689.73,430.55,,
Uttar Pradesh,Shahjahanpur,Maize,2022-23,0.03,0.06,2256.0,4,True,2516.0,-10.333863275039745,0.03,0.0,0.07,-14.285714285714295,2516.0,-10.333863275039745,891.25,67,1,365,515.13,303.47,1172.5,-23.98720682302772
Uttar Pradesh,Shahjahanpur,Maize,2023-24,0.03,0.05,1770.0,4,True,2256.0,-21.54255319148936,0.03,0.0,0.06,-16.66666666666666,2386.0,-25.81726739312657,852.06,70,0,366,773.83,58.92,1031.875,-17.426044821320417
Uttar Pradesh,Shahjahanpur,Maize,2024-25,0.16,0.55,3406.0,4,True,1770.0,92.42937853107344,0.03,433.33333333333337,0.05,1000.0,2180.6666666666665,56.19076734943443,1129.67,72,1,365,1053.71,18.4,971.9366666666666,16.228766620596005
Uttar Pradesh,Shahjahanpur,Rice,2021-22,2.23,7.37,3302.0,4,True,,,,,,,,,1172.5,72,2,365,689.73,430.55,,
Uttar Pradesh,Shahjahanpur,Rice,2022-23,2.12,7.05,3332.0,4,True,3302.0,0.9085402786190186,2.23,-4.932735426008963,7.37,-4.341926729986436,3302.0,0.9085402786190186,891.25,67,1,365,515.13,303.47,1172.5,-23.98720682302772
Uttar Pradesh,Shahjahanpur,Rice,2023-24,2.04,6.41,3139.0,4,True,3332.0,-5.792316926770709,2.12,-3.773584905660381,7.05,-9.078014184397158,3317.0,-5.366294844739223,852.06,70,0,366,773.83,58.92,1031.875,-17.426044821320417
Uttar Pradesh,Shahjahanpur,Rice,2024-25,1.61,5.18,3219.0,4,True,3139.0,2.548582351067219,2.04,-21.078431372549016,6.41,-19.188767550702035,3257.6666666666665,-1.186943620178037,1129.67,72,1,365,1053.71,18.4,971.9366666666666,16.228766620596005
Uttar Pradesh,Shahjahanpur,Wheat,2021-22,2.67,11.93,4469.0,4,True,,,,,,,,,1172.5,72,2,365,689.73,430.55,,
Uttar Pradesh,Shahjahanpur,Wheat,2022-23,2.32,10.07,4349.0,4,True,4469.0,-2.6851644663235623,2.67,-13.108614232209742,11.93,-15.590947191953056,4469.0,-2.6851644663235623,891.25,67,1,365,515.13,303.47,1172.5,-23.98720682302772
Uttar Pradesh,Shahjahanpur,Wheat,2023-24,2.35,10.38,4425.0,4,True,4349.0,1.7475281673948035,2.32,1.2931034482758728,10.07,3.0784508440913654,4409.0,0.3628940802903153,852.06,70,0,366,773.83,58.92,1031.875,-17.426044821320417
Uttar Pradesh,Shahjahanpur,Wheat,2024-25,2.26,10.06,4459.0,4,True,4425.0,0.768361581920904,2.35,-3.829787234042566,10.38,-3.082851637764935,4414.333333333333,1.011855319791595,1129.67,72,1,365,1053.71,18.4,971.9366666666666,16.228766620596005
Uttar Pradesh,Shamli,Maize,2021-22,0.0,0.0,1843.0,4,True,,,,,,,,,1267.61,81,2,365,954.27,260.53,,
Uttar Pradesh,Shamli,Maize,2022-23,0.0,0.0,2204.0,4,True,1843.0,19.587628865979383,0.0,,0.0,,1843.0,19.587628865979383,1162.93,85,2,365,817.31,250.42,1267.61,-8.258060444458456
Uttar Pradesh,Shamli,Maize,2023-24,0.09,0.1,1152.0,4,True,2204.0,-47.73139745916515,0.0,,0.0,,2023.5,-43.06893995552261,975.82,62,0,366,876.15,91.33,1215.27,-19.703440387732762
Uttar Pradesh,Shamli,Maize,2024-25,0.01,0.03,3429.0,4,True,1152.0,197.65625,0.09,-88.8888888888889,0.1,-70.0,1733.0,97.86497403346796,1295.52,96,2,365,1112.33,72.39,1135.4533333333334,14.097159431181666
Uttar Pradesh,Shamli,Rice,2021-22,0.21,0.61,2911.0,4,True,,,,,,,,,1267.61,81,2,365,954.27,260.53,,
Uttar Pradesh,Shamli,Rice,2022-23,0.21,0.55,2604.0,4,True,2911.0,-10.546204053589832,0.21,0.0,0.61,-9.83606557377048,2911.0,-10.546204053589832,1162.93,85,2,365,817.31,250.42,1267.61,-8.258060444458456
Uttar Pradesh,Shamli,Rice,2023-24,0.2,0.55,2798.0,4,True,2604.0,7.450076804915515,0.21,-4.761904761904753,0.55,0.0,2757.5,1.4687216681776971,975.82,62,0,366,876.15,91.33,1215.27,-19.703440387732762
Uttar Pradesh,Shamli,Rice,2024-25,0.23,0.63,2778.0,4,True,2798.0,-0.7147962830593281,0.2,15.0,0.55,14.545454545454536,2771.0,0.2526163839769036,1295.52,96,2,365,1112.33,72.39,1135.4533333333334,14.097159431181666
Uttar Pradesh,Shamli,Wheat,2021-22,0.52,2.26,4354.0,4,True,,,,,,,,,1267.61,81,2,365,954.27,260.53,,
Uttar Pradesh,Shamli,Wheat,2022-23,0.55,2.69,4888.0,4,True,4354.0,12.264584290307765,0.52,5.769230769230775,2.26,19.02654867256638,4354.0,12.264584290307765,1162.93,85,2,365,817.31,250.42,1267.61,-8.258060444458456
Uttar Pradesh,Shamli,Wheat,2023-24,0.51,2.36,4599.0,4,True,4888.0,-5.912438625204583,0.55,-7.272727272727278,2.69,-12.26765799256506,4621.0,-0.4760874269638606,975.82,62,0,366,876.15,91.33,1215.27,-19.703440387732762
Uttar Pradesh,Shamli,Wheat,2024-25,0.53,2.27,4306.0,4,True,4599.0,-6.370950206566644,0.51,3.921568627450984,2.36,-3.813559322033892,4613.666666666667,-6.668593309731961,1295.52,96,2,365,1112.33,72.39,1135.4533333333334,14.097159431181666
Uttar Pradesh,Shrawasti,Maize,2021-22,0.16,0.13,848.0,4,True,,,,,,,,,1615.69,110,2,365,1261.9,260.11,,
Uttar Pradesh,Shrawasti,Maize,2022-23,0.16,0.21,1358.0,4,True,848.0,60.141509433962256,0.16,0.0,0.13,61.53846153846153,848.0,60.141509433962256,1294.03,86,3,365,862.84,331.26,1615.69,-19.90852205559235
Uttar Pradesh,Shrawasti,Maize,2023-24,0.16,0.27,1625.0,4,True,1358.0,19.661266568483065,0.16,0.0,0.21,28.571428571428587,1103.0,47.32547597461469,1141.14,91,0,366,1008.96,104.56,1454.8600000000001,-21.563586874338426
Uttar Pradesh,Shrawasti,Maize,2024-25,0.05,0.12,2436.0,4,True,1625.0,49.90769230769231,0.16,-68.75,0.27,-55.55555555555556,1277.0,90.75959279561472,1220.8,52,4,184,1214.76,6.04,1350.2866666666666,-9.589568634808412
Uttar Pradesh,Shrawasti,Rice,2021-22,0.85,1.65,1947.0,4,True,,,,,,,,,1615.69,110,2,365,1261.9,260.11,,
Uttar Pradesh,Shrawasti,Rice,2022-23,0.85,1.83,2164.0,4,True,1947.0,11.145351823317926,0.85,0.0,1.65,10.90909090909092,1947.0,11.145351823317926,1294.03,86,3,365,862.84,331.26,1615.69,-19.90852205559235
Uttar Pradesh,Shrawasti,Rice,2023-24,0.8,2.01,2515.0,4,True,2164.0,16.21996303142329,0.85,-5.882352941176463,1.83,9.836065573770476,2055.5,22.35465823400633,1141.14,91,0,366,1008.96,104.56,1454.8600000000001,-21.563586874338426
Uttar Pradesh,Shrawasti,Rice,2024-25,1.01,2.96,2924.0,4,True,2515.0,16.262425447316105,0.8,26.25,2.01,47.263681592039816,2208.6666666666665,32.387564141261706,1220.8,52,4,184,1214.76,6.04,1350.2866666666666,-9.589568634808412
Uttar Pradesh,Shrawasti,Wheat,2021-22,0.73,2.64,3602.0,4,True,,,,,,,,,1615.69,110,2,365,1261.9,260.11,,
Uttar Pradesh,Shrawasti,Wheat,2022-23,0.98,3.29,3350.0,4,True,3602.0,-6.9961132704053295,0.73,34.24657534246575,2.64,24.62121212121212,3602.0,-6.9961132704053295,1294.03,86,3,365,862.84,331.26,1615.69,-19.90852205559235
Uttar Pradesh,Shrawasti,Wheat,2023-24,0.96,3.46,3620.0,4,True,3350.0,8.059701492537313,0.98,-2.040816326530614,3.29,5.167173252279634,3476.0,4.142692750287687,1141.14,91,0,366,1008.96,104.56,1454.8600000000001,-21.563586874338426
Uttar Pradesh,Shrawasti,Wheat,2024-25,0.92,3.48,3780.0,4,True,3620.0,4.41988950276243,0.96,-4.166666666666659,3.46,0.5780346820809253,3524.0,7.264472190692395,1220.8,52,4,184,1214.76,6.04,1350.2866666666666,-9.589568634808412
Uttar Pradesh,Siddharthnagar,Maize,2021-22,0.01,0.0,677.0,4,True,,,,,,,,,1830.83,110,2,365,1444.97,285.87,,
Uttar Pradesh,Siddharthnagar,Maize,2022-23,0.01,0.01,2229.0,4,True,677.0,229.2466765140325,0.01,0.0,0.0,,677.0,229.2466765140325,1376.17,84,4,365,953.03,323.4,1830.83,-24.83354544113871
Uttar Pradesh,Siddharthnagar,Maize,2023-24,0.01,0.02,2406.0,4,True,2229.0,7.94078061911171,0.01,0.0,0.01,100.0,1453.0,65.58843771507227,1252.42,96,0,366,1087.9,126.81,1603.5,-21.894605550358587
Uttar Pradesh,Siddharthnagar,Maize,2024-25,0.0,0.01,3325.0,4,True,2406.0,38.19617622610141,0.01,-100.0,0.02,-50.0,1770.6666666666667,87.78237951807229,1875.46,87,6,365,1670.75,18.14,1486.4733333333334,26.168425490310398
Uttar Pradesh,Siddharthnagar,Rice,2021-22,1.74,4.58,2628.0,4,True,,,,,,,,,1830.83,110,2,365,1444.97,285.87,,
Uttar Pradesh,Siddharthnagar,Rice,2022-23,1.74,4.05,2325.0,4,True,2628.0,-11.529680365296803,1.74,0.0,4.58,-11.57205240174673,2628.0,-11.529680365296803,1376.17,84,4,365,953.03,323.4,1830.83,-24.83354544113871
Uttar Pradesh,Siddharthnagar,Rice,2023-24,1.61,4.53,2804.0,4,True,2325.0,20.602150537634408,1.74,-7.471264367816086,4.05,11.851851851851864,2476.5,13.22430849989905,1252.42,96,0,366,1087.9,126.81,1603.5,-21.894605550358587
Uttar Pradesh,Siddharthnagar,Rice,2024-25,1.37,3.81,2776.0,4,True,2804.0,-0.9985734664764622,1.61,-14.906832298136644,4.53,-15.89403973509934,2585.6666666666665,7.361093206136399,1875.46,87,6,365,1670.75,18.14,1486.4733333333334,26.168425490310398
Uttar Pradesh,Siddharthnagar,Wheat,2021-22,1.64,6.73,4106.0,4,True,,,,,,,,,1830.83,110,2,365,1444.97,285.87,,
Uttar Pradesh,Siddharthnagar,Wheat,2022-23,1.81,7.24,4003.0,4,True,4106.0,-2.50852411105699,1.64,10.365853658536594,6.73,7.578008915304603,4106.0,-2.50852411105699,1376.17,84,4,365,953.03,323.4,1830.83,-24.83354544113871
Uttar Pradesh,Siddharthnagar,Wheat,2023-24,1.84,7.06,3838.0,4,True,4003.0,-4.12190856857357,1.81,1.657458563535913,7.24,-2.4861878453038755,4054.5,-5.339745961277593,1252.42,96,0,366,1087.9,126.81,1603.5,-21.894605550358587
Uttar Pradesh,Siddharthnagar,Wheat,2024-25,1.81,6.41,3531.0,4,True,3838.0,-7.998957790515894,1.84,-1.630434782608697,7.06,-9.206798866855518,3982.3333333333335,-11.333389135347788,1875.46,87,6,365,1670.75,18.14,1486.4733333333334,26.168425490310398
Uttar Pradesh,Sitapur,Maize,2021-22,0.14,0.15,1122.0,4,True,,,,,,,,,1216.18,79,1,365,756.17,396.45,,
Uttar Pradesh,Sitapur,Maize,2022-23,0.14,0.15,1138.0,4,True,1122.0,1.42602495543672,0.14,0.0,0.15,0.0,1122.0,1.42602495543672,950.05,71,0,365,583.83,292.38,1216.18,-21.882451610781306
Uttar Pradesh,Sitapur,Maize,2023-24,0.14,0.29,2118.0,4,True,1138.0,86.11599297012302,0.14,0.0,0.15,93.33333333333331,1130.0,87.43362831858407,843.27,71,1,366,770.11,65.15,1083.115,-22.144001329498717
Uttar Pradesh,Sitapur,Maize,2024-25,0.1,0.38,3748.0,4,True,2118.0,76.95939565627951,0.14,-28.571428571428577,0.29,31.0344827586207,1459.3333333333333,156.8296025582458,1103.51,78,1,365,1050.58,8.88,1003.1666666666666,10.002658248878554
Uttar Pradesh,Sitapur,Rice,2021-22,1.67,4.6,2755.0,4,True,,,,,,,,,1216.18,79,1,365,756.17,396.45,,
Uttar Pradesh,Sitapur,Rice,2022-23,1.65,3.49,2118.0,4,True,2755.0,-23.121597096188747,1.67,-1.197604790419163,4.6,-24.130434782608685,2755.0,-23.121597096188747,950.05,71,0,365,583.83,292.38,1216.18,-21.882451610781306
Uttar Pradesh,Sitapur,Rice,2023-24,1.55,4.49,2906.0,4,True,2118.0,37.20491029272899,1.65,-6.060606060606053,3.49,28.653295128939828,2436.5,19.269443874410012,843.27,71,1,366,770.11,65.15,1083.115,-22.144001329498717
Uttar Pradesh,Sitapur,Rice,2024-25,2.05,6.08,2964.0,4,True,2906.0,1.9958706125258088,1.55,32.25806451612902,4.49,35.4120267260579,2593.0,14.307751639028153,1103.51,78,1,365,1050.58,8.88,1003.1666666666666,10.002658248878554
Uttar Pradesh,Sitapur,Wheat,2021-22,2.19,8.32,3791.0,4,True,,,,,,,,,1216.18,79,1,365,756.17,396.45,,
Uttar Pradesh,Sitapur,Wheat,2022-23,2.1,7.93,3780.0,4,True,3791.0,-0.2901609074122923,2.19,-4.109589041095884,8.32,-4.687500000000007,3791.0,-0.2901609074122923,950.05,71,0,365,583.83,292.38,1216.18,-21.882451610781306
Uttar Pradesh,Sitapur,Wheat,2023-24,1.77,6.61,3738.0,4,True,3780.0,-1.1111111111111112,2.1,-15.714285714285715,7.93,-16.64564943253467,3785.5,-1.2547880068683133,843.27,71,1,366,770.11,65.15,1083.115,-22.144001329498717
Uttar Pradesh,Sitapur,Wheat,2024-25,2.01,7.42,3693.0,4,True,3738.0,-1.2038523274478332,1.77,13.55932203389829,6.61,12.254160363086228,3769.6666666666665,-2.033778406578828,1103.51,78,1,365,1050.58,8.88,1003.1666666666666,10.002658248878554
Uttar Pradesh,Sonbhadra,Maize,2021-22,0.16,0.21,1310.0,4,True,,,,,,,,,824.43,67,0,365,708.7,86.8,,
Uttar Pradesh,Sonbhadra,Maize,2022-23,0.16,0.2,1239.0,4,True,1310.0,-5.419847328244274,0.16,0.0,0.21,-4.761904761904753,1310.0,-5.419847328244274,882.15,76,0,365,740.93,105.17,824.43,7.0012008296641355
Uttar Pradesh,Sonbhadra,Maize,2023-24,0.16,0.25,1614.0,4,True,1239.0,30.26634382566586,0.16,0.0,0.2,24.999999999999996,1274.5,26.63789721459396,745.98,68,0,366,564.81,171.19,853.29,-12.576029251485421
Uttar Pradesh,Sonbhadra,Maize,2024-25,0.16,0.27,1695.0,4,True,1614.0,5.018587360594796,0.16,0.0,0.25,8.000000000000007,1387.6666666666667,22.14748979101609,1161.54,83,0,365,1096.65,15.72,817.52,42.080927683726394
Uttar Pradesh,Sonbhadra,Rice,2021-22,0.32,1.0,3125.0,4,True,,,,,,,,,824.43,67,0,365,708.7,86.8,,
Uttar Pradesh,Sonbhadra,Rice,2022-23,0.32,0.87,2738.0,4,True,3125.0,-12.384,0.32,0.0,1.0,-13.0,3125.0,-12.384,882.15,76,0,365,740.93,105.17,824.43,7.0012008296641355
Uttar Pradesh,Sonbhadra,Rice,2023-24,0.31,0.77,2452.0,4,True,2738.0,-10.445580715850983,0.32,-3.1250000000000027,0.87,-11.494252873563216,2931.5,-16.356813917789527,745.98,68,0,366,564.81,171.19,853.29,-12.576029251485421
Uttar Pradesh,Sonbhadra,Rice,2024-25,1.18,2.93,2473.0,4,True,2452.0,0.8564437194127243,0.31,280.64516129032256,0.77,280.5194805194805,2771.6666666666665,-10.77570655441972,1161.54,83,0,365,1096.65,15.72,817.52,42.080927683726394
Uttar Pradesh,Sonbhadra,Wheat,2021-22,0.63,1.76,2775.0,4,True,,,,,,,,,824.43,67,0,365,708.7,86.8,,
Uttar Pradesh,Sonbhadra,Wheat,2022-23,0.81,2.31,2848.0,4,True,2775.0,2.6306306306306304,0.63,28.57142857142858,1.76,31.25,2775.0,2.6306306306306304,882.15,76,0,365,740.93,105.17,824.43,7.0012008296641355
Uttar Pradesh,Sonbhadra,Wheat,2023-24,0.75,2.03,2702.0,4,True,2848.0,-5.126404494382022,0.81,-7.407407407407414,2.31,-12.121212121212132,2811.5,-3.894718121998933,745.98,68,0,366,564.81,171.19,853.29,-12.576029251485421
Uttar Pradesh,Sonbhadra,Wheat,2024-25,0.67,2.01,3019.0,4,True,2702.0,11.732050333086605,0.75,-10.666666666666664,2.03,-0.9852216748768484,2775.0,8.792792792792794,1161.54,83,0,365,1096.65,15.72,817.52,42.080927683726394
Uttar Pradesh,Sultanpur,Maize,2021-22,0.06,0.09,1596.0,4,True,,,,,,,,,1077.82,88,1,365,866.86,178.26,,
Uttar Pradesh,Sultanpur,Maize,2022-23,0.06,0.09,1538.0,4,True,1596.0,-3.634085213032581,0.06,0.0,0.09,0.0,1596.0,-3.634085213032581,1009.66,74,1,365,711.31,220.42,1077.82,-6.32387597186914
Uttar Pradesh,Sultanpur,Maize,2023-24,0.07,0.11,1612.0,4,True,1538.0,4.811443433029909,0.06,16.666666666666682,0.09,22.222222222222225,1567.0,2.871729419272495,866.36,69,1,366,773.27,89.39999999999999,1043.74,-16.994653840994882
Uttar Pradesh,Sultanpur,Maize,2024-25,0.03,0.05,1825.0,4,True,1612.0,13.213399503722083,0.07,-57.14285714285715,0.11,-54.54545454545454,1582.0,15.36030341340076,1058.02,76,1,365,993.94,6.989999999999999,984.6133333333333,7.455380115375237
Uttar Pradesh,Sultanpur,Rice,2021-22,0.95,2.77,2925.0,4,True,,,,,,,,,1077.82,88,1,365,866.86,178.26,,
Uttar Pradesh,Sultanpur,Rice,2022-23,0.95,2.63,2778.0,4,True,2925.0,-5.0256410256410255,0.95,0.0,2.77,-5.054151624548741,2925.0,-5.0256410256410255,1009.66,74,1,365,711.31,220.42,1077.82,-6.32387597186914
Uttar Pradesh,Sultanpur,Rice,2023-24,0.84,2.73,3246.0,4,True,2778.0,16.846652267818573,0.95,-11.578947368421051,2.63,3.802281368821296,2851.5,13.834823776959496,866.36,69,1,366,773.27,89.39999999999999,1043.74,-16.994653840994882
Uttar Pradesh,Sultanpur,Rice,2024-25,1.4,4.6,3281.0,4,True,3246.0,1.0782501540357363,0.84,66.66666666666666,2.73,68.49816849816848,2983.0,9.989943010392222,1058.02,76,1,365,993.94,6.989999999999999,984.6133333333333,7.455380115375237
Uttar Pradesh,Sultanpur,Wheat,2021-22,1.1,4.48,4070.0,4,True,,,,,,,,,1077.82,88,1,365,866.86,178.26,,
Uttar Pradesh,Sultanpur,Wheat,2022-23,1.17,4.5,3857.0,4,True,4070.0,-5.233415233415233,1.1,6.363636363636349,4.48,0.4464285714285618,4070.0,-5.233415233415233,1009.66,74,1,365,711.31,220.42,1077.82,-6.32387597186914
Uttar Pradesh,Sultanpur,Wheat,2023-24,1.16,4.86,4194.0,4,True,3857.0,8.737360642986777,1.17,-0.8547008547008554,4.5,8.000000000000007,3963.5,5.815567049325091,866.36,69,1,366,773.27,89.39999999999999,1043.74,-16.994653840994882
Uttar Pradesh,Sultanpur,Wheat,2024-25,1.17,4.72,4030.0,4,True,4194.0,-3.9103481163567,1.16,0.8620689655172422,4.86,-2.880658436214003,4040.3333333333335,-0.2557544757033285,1058.02,76,1,365,993.94,6.989999999999999,984.6133333333333,7.455380115375237
Uttar Pradesh,Unnao,Maize,2021-22,0.36,0.63,1746.0,4,True,,,,,,,,,1006.03,67,2,365,764.71,212.95,,
Uttar Pradesh,Unnao,Maize,2022-23,0.36,0.73,2012.0,4,True,1746.0,15.234822451317298,0.36,0.0,0.63,15.87301587301587,1746.0,15.234822451317298,1073.51,71,1,365,772.36,224.27,1006.03,6.70755345268034
Uttar Pradesh,Unnao,Maize,2023-24,0.37,0.76,2063.0,4,True,2012.0,2.534791252485089,0.36,2.7777777777777803,0.73,4.109589041095894,1879.0,9.792442788717402,755.61,55,0,366,668.16,85.84,1039.77,-27.329120863267836
Uttar Pradesh,Unnao,Maize,2024-25,0.23,0.65,2816.0,4,True,2063.0,36.50024236548715,0.37,-37.83783783783783,0.76,-14.473684210526311,1940.3333333333333,45.12970280020616,804.49,74,0,365,760.1800000000001,13.36,945.0500000000001,-14.873287127665208
Uttar Pradesh,Unnao,Rice,2021-22,0.98,2.21,2255.0,4,True,,,,,,,,,1006.03,67,2,365,764.71,212.95,,
Uttar Pradesh,Unnao,Rice,2022-23,0.96,2.28,2363.0,4,True,2255.0,4.789356984478936,0.98,-2.040816326530614,2.21,3.1674208144796308,2255.0,4.789356984478936,1073.51,71,1,365,772.36,224.27,1006.03,6.70755345268034
Uttar Pradesh,Unnao,Rice,2023-24,0.92,1.95,2126.0,4,True,2363.0,-10.02962336013542,0.96,-4.166666666666659,2.28,-14.473684210526311,2309.0,-7.925508878302296,755.61,55,0,366,668.16,85.84,1039.77,-27.329120863267836
Uttar Pradesh,Unnao,Rice,2024-25,1.37,2.97,2173.0,4,True,2126.0,2.210724365004704,0.92,48.91304347826088,1.95,52.30769230769232,2248.0,-3.336298932384341,804.49,74,0,365,760.1800000000001,13.36,945.0500000000001,-14.873287127665208
Uttar Pradesh,Unnao,Wheat,2021-22,2.53,8.62,3410.0,4,True,,,,,,,,,1006.03,67,2,365,764.71,212.95,,
Uttar Pradesh,Unnao,Wheat,2022-23,2.42,8.47,3504.0,4,True,3410.0,2.756598240469208,2.53,-4.347826086956517,8.62,-1.7401392111368743,3410.0,2.756598240469208,1073.51,71,1,365,772.36,224.27,1006.03,6.70755345268034
Uttar Pradesh,Unnao,Wheat,2023-24,2.16,7.11,3293.0,4,True,3504.0,-6.021689497716895,2.42,-10.743801652892554,8.47,-16.056670602125152,3457.0,-4.743997685854787,755.61,55,0,366,668.16,85.84,1039.77,-27.329120863267836
Uttar Pradesh,Unnao,Wheat,2024-25,2.23,6.89,3094.0,4,True,3293.0,-6.043121773458853,2.16,3.240740740740733,7.11,-3.094233473980318,3402.333333333333,-9.06240815126874,804.49,74,0,365,760.1800000000001,13.36,945.0500000000001,-14.873287127665208
Uttar Pradesh,Varanasi,Maize,2021-22,0.04,0.06,1530.0,4,True,,,,,,,,,889.4399999999999,70,0,365,760.0,118.32,,
Uttar Pradesh,Varanasi,Maize,2022-23,0.04,0.1,2653.0,4,True,1530.0,73.3986928104575,0.04,0.0,0.06,66.66666666666669,1530.0,73.3986928104575,855.6,70,0,365,674.8199999999999,122.69,889.4399999999999,-3.8046411225040386
Uttar Pradesh,Varanasi,Maize,2023-24,0.04,0.02,583.0,4,True,2653.0,-78.02487749717301,0.04,0.0,0.1,-80.0,2091.5,-72.12526894573273,674.73,65,0,366,524.33,145.02,872.52,-22.66882134506945
Uttar Pradesh,Varanasi,Maize,2024-25,0.02,0.05,2662.0,4,True,583.0,356.60377358490564,0.04,-50.0,0.02,150.0,1588.6666666666667,67.56189676877884,968.52,78,0,365,926.38,7.729999999999999,806.59,20.07587497985345
Uttar Pradesh,Varanasi,Rice,2021-22,0.48,1.32,2741.0,4,True,,,,,,,,,889.4399999999999,70,0,365,760.0,118.32,,
Uttar Pradesh,Varanasi,Rice,2022-23,0.48,1.36,2823.0,4,True,2741.0,2.991608901860635,0.48,0.0,1.32,3.030303030303033,2741.0,2.991608901860635,855.6,70,0,365,674.8199999999999,122.69,889.4399999999999,-3.8046411225040386
Uttar Pradesh,Varanasi,Rice,2023-24,0.47,1.43,3026.0,4,True,2823.0,7.190931633014523,0.48,-2.0833333333333357,1.36,5.1470588235294,2782.0,8.770668583752697,674.73,65,0,366,524.33,145.02,872.52,-22.66882134506945
Uttar Pradesh,Varanasi,Rice,2024-25,0.77,2.35,3069.0,4,True,3026.0,1.4210178453403834,0.47,63.82978723404257,1.43,64.33566433566435,2863.333333333333,7.182770663562275,968.52,78,0,365,926.38,7.729999999999999,806.59,20.07587497985345
Uttar Pradesh,Varanasi,Wheat,2021-22,0.72,2.59,3595.0,4,True,,,,,,,,,889.4399999999999,70,0,365,760.0,118.32,,
Uttar Pradesh,Varanasi,Wheat,2022-23,0.71,1.74,2454.0,4,True,3595.0,-31.738525730180804,0.72,-1.3888888888888902,2.59,-32.818532818532816,3595.0,-31.738525730180804,855.6,70,0,365,674.8199999999999,122.69,889.4399999999999,-3.8046411225040386
Uttar Pradesh,Varanasi,Wheat,2023-24,0.62,1.77,2836.0,4,True,2454.0,15.56642216788916,0.71,-12.676056338028166,1.74,1.7241379310344844,3024.5,-6.232435113241858,674.73,65,0,366,524.33,145.02,872.52,-22.66882134506945
Uttar Pradesh,Varanasi,Wheat,2024-25,0.63,2.23,3561.0,4,True,2836.0,25.564174894217206,0.62,1.6129032258064528,1.77,25.98870056497175,2961.6666666666665,20.236353404614523,968.52,78,0,365,926.38,7.729999999999999,806.59,20.07587497985345
