State,District,Crop,Year,Area,Production,Yield,Year_Order,Years_ Available,Complete_4_year_history,Previous_Yield,Previous_yield_percentage,Previous_area,Previous_Area_Percentage,Previous_Production,Production_Change_Pct,History_avg_yield,Yield_Deviation_Pct
Haryana,Ambala,Maize,2021-22,0.0,0.01,3945.0,2021,4,True,,,,,,,,
Haryana,Ambala,Maize,2022-23,0.0,0.0,3455.0,2022,4,True,3945.0,-12.420785804816223,0.0,,0.01,-100.0,3945.0,-12.420785804816223
Haryana,Ambala,Maize,2023-24,0.0,0.01,4642.0,2023,4,True,3455.0,34.35600578871201,0.0,,0.0,,3700.0,25.45945945945946
Haryana,Ambala,Maize,2024-25,0.0,0.0,3714.0,2024,4,True,4642.0,-19.991383024558377,0.0,,0.01,-100.0,4014.0,-7.473841554559043
Haryana,Ambala,Rice,2021-22,0.94,3.86,4107.0,2021,4,True,,,,,,,,
Haryana,Ambala,Rice,2022-23,1.05,3.9,3719.0,2022,4,True,4107.0,-9.447285122960798,0.94,11.70212765957448,3.86,1.0362694300518145,4107.0,-9.447285122960798
Haryana,Ambala,Rice,2023-24,0.94,4.01,4275.0,2023,4,True,3719.0,14.9502554450121,1.05,-10.476190476190485,3.9,2.8205128205128176,3913.0,9.251213902376692
Haryana,Ambala,Rice,2024-25,0.84,3.55,4233.0,2024,4,True,4275.0,-0.9824561403508772,0.94,-10.638297872340424,4.01,-11.471321695760599,4033.6666666666665,4.9417403520370256
Haryana,Ambala,Wheat,2021-22,0.88,3.61,4107.0,2021,4,True,,,,,,,,
Haryana,Ambala,Wheat,2022-23,0.89,4.12,4639.0,2022,4,True,4107.0,12.953494034575117,0.88,1.1363636363636374,3.61,14.127423822714688,4107.0,12.953494034575117
Haryana,Ambala,Wheat,2023-24,0.95,4.21,4433.0,2023,4,True,4639.0,-4.440612200905368,0.89,6.741573033707858,4.12,2.1844660194174725,4373.0,1.372055796935742
Haryana,Ambala,Wheat,2024-25,0.89,4.13,4640.0,2024,4,True,4433.0,4.669524024362734,0.95,-6.315789473684205,4.21,-1.9002375296912133,4393.0,5.622581379467334
Haryana,Bhiwani,Maize,2021-22,0.0,0.0,4000.0,2021,3,False,,,,,,,,
Haryana,Bhiwani,Maize,2023-24,0.0,0.0,3685.0,2023,3,False,4000.0,-7.875,0.0,,0.0,,4000.0,-7.875
Haryana,Bhiwani,Maize,2024-25,0.0,0.0,3714.0,2024,3,False,3685.0,0.7869742198100407,0.0,,0.0,,3842.5,-3.3441769681197138
Haryana,Bhiwani,Rice,2021-22,0.22,0.47,2099.0,2021,4,True,,,,,,,,
Haryana,Bhiwani,Rice,2022-23,0.26,0.73,2781.0,2022,4,True,2099.0,32.491662696522155,0.22,18.181818181818183,0.47,55.319148936170215,2099.0,32.491662696522155
Haryana,Bhiwani,Rice,2023-24,0.28,0.8,2808.0,2023,4,True,2781.0,0.9708737864077669,0.26,7.692307692307699,0.73,9.58904109589042,2440.0,15.081967213114755
Haryana,Bhiwani,Rice,2024-25,0.32,1.23,3805.0,2024,4,True,2808.0,35.50569800569801,0.28,14.285714285714276,0.8,53.749999999999986,2562.6666666666665,48.47814776274715
Haryana,Bhiwani,Wheat,2021-22,0.87,3.71,4271.0,2021,4,True,,,,,,,,
Haryana,Bhiwani,Wheat,2022-23,0.91,3.71,4098.0,2022,4,True,4271.0,-4.0505736361507845,0.87,4.5977011494252915,3.71,0.0,4271.0,-4.0505736361507845
Haryana,Bhiwani,Wheat,2023-24,0.93,4.01,4311.0,2023,4,True,4098.0,5.197657393850659,0.91,2.1978021978021998,3.71,8.086253369272232,4184.5,3.023061297646075
Haryana,Bhiwani,Wheat,2024-25,1.0,4.76,4735.0,2024,4,True,4311.0,9.835305033634887,0.93,7.526881720430103,4.01,18.703241895261847,4226.666666666667,12.026813880126175
Haryana,Charkhi Dadri,Maize,2021-22,0.0,0.0,0.0,2021,1,False,,,,,,,,
Haryana,Charkhi Dadri,Rice,2021-22,0.05,0.09,1849.0,2021,4,True,,,,,,,,
Haryana,Charkhi Dadri,Rice,2022-23,0.08,0.19,2445.0,2022,4,True,1849.0,32.233639805300164,0.05,60.0,0.09,111.11111111111111,1849.0,32.233639805300164
Haryana,Charkhi Dadri,Rice,2023-24,0.09,0.23,2579.0,2023,4,True,2445.0,5.480572597137014,0.08,12.499999999999993,0.19,21.052631578947373,2147.0,20.121099208197485
Haryana,Charkhi Dadri,Rice,2024-25,0.1,0.32,3175.0,2024,4,True,2579.0,23.109732454439705,0.09,11.111111111111121,0.23,39.13043478260869,2291.0,38.58577040593627
Haryana,Charkhi Dadri,Wheat,2021-22,0.33,1.37,4124.0,2021,4,True,,,,,,,,
Haryana,Charkhi Dadri,Wheat,2022-23,0.38,1.38,3660.0,2022,4,True,4124.0,-11.251212415130942,0.33,15.151515151515147,1.37,0.7299270072992544,4124.0,-11.251212415130942
Haryana,Charkhi Dadri,Wheat,2023-24,0.28,1.19,4250.0,2023,4,True,3660.0,16.120218579234972,0.38,-26.315789473684205,1.38,-13.768115942028983,3892.0,9.198355601233299
Haryana,Charkhi Dadri,Wheat,2024-25,0.43,1.98,4591.0,2024,4,True,4250.0,8.023529411764706,0.28,53.571428571428555,1.19,66.38655462184875,4011.3333333333335,14.450722951637024
Haryana,Faridabad,Maize,2021-22,0.0,0.0,3000.0,2021,4,True,,,,,,,,
Haryana,Faridabad,Maize,2022-23,0.0,0.0,3500.0,2022,4,True,3000.0,16.666666666666664,0.0,,0.0,,3000.0,16.666666666666664
Haryana,Faridabad,Maize,2023-24,0.0,0.0,3685.0,2023,4,True,3500.0,5.285714285714286,0.0,,0.0,,3250.0,13.384615384615383
Haryana,Faridabad,Maize,2024-25,0.0,0.0,3714.0,2024,4,True,3685.0,0.7869742198100407,0.0,,0.0,,3395.0,9.396170839469809
Haryana,Faridabad,Rice,2021-22,0.15,0.33,2218.0,2021,4,True,,,,,,,,
Haryana,Faridabad,Rice,2022-23,0.16,0.43,2659.0,2022,4,True,2218.0,19.88277727682597,0.15,6.666666666666673,0.33,30.303030303030294,2218.0,19.88277727682597
Haryana,Faridabad,Rice,2023-24,0.14,0.37,2743.0,2023,4,True,2659.0,3.159082361790147,0.16,-12.499999999999993,0.43,-13.953488372093023,2438.5,12.487184744720114
Haryana,Faridabad,Rice,2024-25,0.15,0.43,2874.0,2024,4,True,2743.0,4.775792927451696,0.14,7.142857142857128,0.37,16.216216216216218,2540.0,13.149606299212598
Haryana,Faridabad,Wheat,2021-22,0.29,1.12,3916.0,2021,4,True,,,,,,,,
Haryana,Faridabad,Wheat,2022-23,0.28,1.18,4139.0,2022,4,True,3916.0,5.694586312563841,0.29,-3.4482758620689493,1.12,5.357142857142842,3916.0,5.694586312563841
Haryana,Faridabad,Wheat,2023-24,0.29,1.33,4531.0,2023,4,True,4139.0,9.470886687605702,0.28,3.5714285714285547,1.18,12.711864406779675,4027.5,12.50155183116077
Haryana,Faridabad,Wheat,2024-25,0.32,1.33,4135.0,2024,4,True,4531.0,-8.739792540278083,0.29,10.344827586206906,1.33,0.0,4195.333333333333,-1.4381058318766813
Haryana,Fatehabad,Maize,2021-22,0.0,0.0,1622.0,2021,4,True,,,,,,,,
Haryana,Fatehabad,Maize,2022-23,0.0,0.0,2000.0,2022,4,True,1622.0,23.304562268803945,0.0,,0.0,,1622.0,23.304562268803945
Haryana,Fatehabad,Maize,2023-24,0.0,0.0,3685.0,2023,4,True,2000.0,84.25,0.0,,0.0,,1811.0,103.47874102705687
Haryana,Fatehabad,Maize,2024-25,0.0,0.0,3714.0,2024,4,True,3685.0,0.7869742198100407,0.0,,0.0,,2435.6666666666665,52.48391952921857
Haryana,Fatehabad,Rice,2021-22,1.29,5.24,4057.0,2021,4,True,,,,,,,,
Haryana,Fatehabad,Rice,2022-23,1.4,5.86,4190.0,2022,4,True,4057.0,3.278284446635445,1.29,8.527131782945727,5.24,11.832061068702291,4057.0,3.278284446635445
Haryana,Fatehabad,Rice,2023-24,1.34,5.66,4212.0,2023,4,True,4190.0,0.5250596658711217,1.4,-4.285714285714274,5.86,-3.4129692832764533,4123.5,2.1462349945434704
Haryana,Fatehabad,Rice,2024-25,1.4,6.0,4272.0,2024,4,True,4212.0,1.4245014245014245,1.34,4.477611940298495,5.66,6.007067137809185,4153.0,2.865398507103299
Haryana,Fatehabad,Wheat,2021-22,1.84,8.59,4665.0,2021,4,True,,,,,,,,
Haryana,Fatehabad,Wheat,2022-23,1.82,9.37,5139.0,2022,4,True,4665.0,10.160771704180064,1.84,-1.0869565217391313,8.59,9.080325960419085,4665.0,10.160771704180064
Haryana,Fatehabad,Wheat,2023-24,1.8,8.98,4986.0,2023,4,True,5139.0,-2.9772329246935203,1.82,-1.0989010989010999,9.37,-4.162219850586967,4902.0,1.7135862913096693
Haryana,Fatehabad,Wheat,2024-25,1.83,9.74,5308.0,2024,4,True,4986.0,6.45808263136783,1.8,1.666666666666668,8.98,8.463251670378616,4930.0,7.667342799188641
Haryana,Gurugram,Maize,2021-22,0.0,0.0,2941.0,2021,3,False,,,,,,,,
Haryana,Gurugram,Maize,2022-23,0.0,0.0,3000.0,2022,3,False,2941.0,2.0061203672220334,0.0,,0.0,,2941.0,2.0061203672220334
Haryana,Gurugram,Maize,2024-25,0.0,0.0,3714.0,2024,3,False,3000.0,23.799999999999997,0.0,,0.0,,2970.5,25.029456320484766
Haryana,Gurugram,Rice,2021-22,0.05,0.13,2778.0,2021,4,True,,,,,,,,
Haryana,Gurugram,Rice,2022-23,0.05,0.13,2870.0,2022,4,True,2778.0,3.311735061195104,0.05,0.0,0.13,0.0,2778.0,3.311735061195104
Haryana,Gurugram,Rice,2023-24,0.03,0.08,2289.0,2023,4,True,2870.0,-20.243902439024392,0.05,-40.00000000000001,0.13,-38.46153846153847,2824.0,-18.944759206798867
Haryana,Gurugram,Rice,2024-25,0.04,0.11,2978.0,2024,4,True,2289.0,30.100480559196157,0.03,33.33333333333334,0.08,37.5,2645.6666666666665,12.56142119188611
Haryana,Gurugram,Wheat,2021-22,0.36,1.69,4673.0,2021,4,True,,,,,,,,
Haryana,Gurugram,Wheat,2022-23,0.34,1.51,4499.0,2022,4,True,4673.0,-3.7235180826021828,0.36,-5.555555555555546,1.69,-10.650887573964493,4673.0,-3.7235180826021828
Haryana,Gurugram,Wheat,2023-24,0.32,1.42,4403.0,2023,4,True,4499.0,-2.133807512780618,0.34,-5.8823529411764754,1.51,-5.960264900662257,4586.0,-3.9904055822067157
Haryana,Gurugram,Wheat,2024-25,0.33,1.33,4039.0,2024,4,True,4403.0,-8.267090620031796,0.32,3.1250000000000027,1.42,-6.338028169014074,4525.0,-10.740331491712707
Haryana,Hisar,Maize,2021-22,0.0,0.0,3913.0,2021,4,True,,,,,,,,
Haryana,Hisar,Maize,2022-23,0.0,0.0,3500.0,2022,4,True,3913.0,-10.554561717352415,0.0,,0.0,,3913.0,-10.554561717352415
Haryana,Hisar,Maize,2023-24,0.0,0.0,3685.0,2023,4,True,3500.0,5.285714285714286,0.0,,0.0,,3706.5,-0.5800620531498718
Haryana,Hisar,Maize,2024-25,0.0,0.0,2048.0,2024,4,True,3685.0,-44.42333785617368,0.0,,0.0,,3699.3333333333335,-44.63867363488917
Haryana,Hisar,Rice,2021-22,0.83,2.39,2882.0,2021,4,True,,,,,,,,
Haryana,Hisar,Rice,2022-23,0.98,3.04,3096.0,2022,4,True,2882.0,7.425399028452463,0.83,18.07228915662651,2.39,27.196652719665266,2882.0,7.425399028452463
Haryana,Hisar,Rice,2023-24,1.05,3.31,3156.0,2023,4,True,3096.0,1.937984496124031,0.98,7.1428571428571495,3.04,8.881578947368421,2989.0,5.587152893944463
Haryana,Hisar,Rice,2024-25,1.11,3.62,3248.0,2024,4,True,3156.0,2.915082382762991,1.05,5.714285714285719,3.31,9.365558912386708,3044.6666666666665,6.678344646376182
Haryana,Hisar,Wheat,2021-22,2.07,9.61,4644.0,2021,4,True,,,,,,,,
Haryana,Hisar,Wheat,2022-23,2.08,10.39,4990.0,2022,4,True,4644.0,7.450473729543497,2.07,0.48309178743962466,9.61,8.116545265348607,4644.0,7.450473729543497
Haryana,Hisar,Wheat,2023-24,2.33,10.6,4546.0,2023,4,True,4990.0,-8.897795591182364,2.08,12.019230769230768,10.39,2.021174205967267,4817.0,-5.6259082416441775
Haryana,Hisar,Wheat,2024-25,2.24,10.96,4883.0,2024,4,True,4546.0,7.41311042674879,2.33,-3.8626609442060027,10.6,3.3962264150943513,4726.666666666667,3.3074753173483713
Haryana,Jhajjar,Maize,2021-22,0.0,0.0,3120.0,2021,4,True,,,,,,,,
Haryana,Jhajjar,Maize,2022-23,0.0,0.0,3333.0,2022,4,True,3120.0,6.826923076923077,0.0,,0.0,,3120.0,6.826923076923077
Haryana,Jhajjar,Maize,2023-24,0.0,0.0,3685.0,2023,4,True,3333.0,10.561056105610561,0.0,,0.0,,3226.5,14.21044475437781
Haryana,Jhajjar,Maize,2024-25,0.0,0.0,3714.0,2024,4,True,3685.0,0.7869742198100407,0.0,,0.0,,3379.3333333333335,9.903333990925226
Haryana,Jhajjar,Rice,2021-22,0.39,1.04,2685.0,2021,4,True,,,,,,,,
Haryana,Jhajjar,Rice,2022-23,0.53,1.49,2791.0,2022,4,True,2685.0,3.9478584729981376,0.39,35.8974358974359,1.04,43.26923076923077,2685.0,3.9478584729981376
Haryana,Jhajjar,Rice,2023-24,0.55,1.52,2781.0,2023,4,True,2791.0,-0.35829451809387314,0.53,3.7735849056603805,1.49,2.0134228187919483,2738.0,1.5704894083272463
Haryana,Jhajjar,Rice,2024-25,0.58,1.82,3169.0,2024,4,True,2781.0,13.951815893563465,0.55,5.454545454545439,1.52,19.73684210526316,2752.3333333333335,15.138670219207938
Haryana,Jhajjar,Wheat,2021-22,0.8,3.53,4400.0,2021,4,True,,,,,,,,
Haryana,Jhajjar,Wheat,2022-23,0.95,4.12,4355.0,2022,4,True,4400.0,-1.0227272727272727,0.8,18.74999999999999,3.53,16.713881019830037,4400.0,-1.0227272727272727
Haryana,Jhajjar,Wheat,2023-24,0.93,4.39,4715.0,2023,4,True,4355.0,8.266360505166476,0.95,-2.105263157894727,4.12,6.553398058252418,4377.5,7.709880068532267
Haryana,Jhajjar,Wheat,2024-25,0.98,4.5,4616.0,2024,4,True,4715.0,-2.099681866383881,0.93,5.376344086021498,4.39,2.5056947608200533,4490.0,2.8062360801781736
Haryana,Jind,Maize,2021-22,0.0,0.0,3333.0,2021,3,False,,,,,,,,
Haryana,Jind,Maize,2022-23,0.0,0.0,3000.0,2022,3,False,3333.0,-9.99099909990999,0.0,,0.0,,3333.0,-9.99099909990999
Haryana,Jind,Maize,2024-25,0.0,0.0,3714.0,2024,3,False,3000.0,23.799999999999997,0.0,,0.0,,3166.5,17.290383704405496
Haryana,Jind,Rice,2021-22,1.51,5.02,3331.0,2021,4,True,,,,,,,,
Haryana,Jind,Rice,2022-23,1.74,5.73,3291.0,2022,4,True,3331.0,-1.2008405884118885,1.51,15.2317880794702,5.02,14.143426294820735,3331.0,-1.2008405884118885
Haryana,Jind,Rice,2023-24,1.66,7.01,4230.0,2023,4,True,3291.0,28.532360984503192,1.74,-4.5977011494252915,5.73,22.33856893542756,3311.0,27.755964965267292
Haryana,Jind,Rice,2024-25,1.69,5.59,3310.0,2024,4,True,4230.0,-21.749408983451538,1.66,1.8072289156626522,7.01,-20.256776034236804,3617.3333333333335,-8.496129745669005
Haryana,Jind,Wheat,2021-22,2.05,9.57,4660.0,2021,4,True,,,,,,,,
Haryana,Jind,Wheat,2022-23,2.02,9.85,4871.0,2022,4,True,4660.0,4.527896995708155,2.05,-1.463414634146332,9.57,2.92580982236154,4660.0,4.527896995708155
Haryana,Jind,Wheat,2023-24,2.01,9.8,4886.0,2023,4,True,4871.0,0.3079449804968179,2.02,-0.4950495049505065,9.85,-0.5076142131979587,4765.5,2.5285909138600355
Haryana,Jind,Wheat,2024-25,2.03,10.01,4922.0,2024,4,True,4886.0,0.7367990176013098,2.01,0.9950248756218916,9.8,2.142857142857133,4805.666666666667,2.420753277380863
Haryana,Kaithal,Maize,2021-22,0.0,0.0,3333.0,2021,3,False,,,,,,,,
Haryana,Kaithal,Maize,2022-23,0.0,0.0,3500.0,2022,3,False,3333.0,5.0105010501050105,0.0,,0.0,,3333.0,5.0105010501050105
Haryana,Kaithal,Maize,2024-25,0.0,0.0,3714.0,2024,3,False,3500.0,6.114285714285715,0.0,,0.0,,3416.5,8.707741841065419
Haryana,Kaithal,Rice,2021-22,1.76,7.1,4033.0,2021,4,True,,,,,,,,
Haryana,Kaithal,Rice,2022-23,1.79,7.81,4354.0,2022,4,True,4033.0,7.959335482271262,1.76,1.7045454545454561,7.1,10.0,4033.0,7.959335482271262
Haryana,Kaithal,Rice,2023-24,1.61,6.86,4253.0,2023,4,True,4354.0,-2.3197060174552133,1.79,-10.055865921787706,7.81,-12.163892445582578,4193.5,1.4188625253368308
Haryana,Kaithal,Rice,2024-25,1.62,6.59,4060.0,2024,4,True,4253.0,-4.537973195391489,1.61,0.6211180124223608,6.86,-3.9358600583090446,4213.333333333333,-3.639240506329107
Haryana,Kaithal,Wheat,2021-22,1.77,8.16,4623.0,2021,4,True,,,,,,,,
Haryana,Kaithal,Wheat,2022-23,1.8,8.48,4707.0,2022,4,True,4623.0,1.8170019467878002,1.77,1.6949152542372896,8.16,3.921568627450984,4623.0,1.8170019467878002
Haryana,Kaithal,Wheat,2023-24,1.74,8.93,5135.0,2023,4,True,4707.0,9.092840450393032,1.8,-3.333333333333336,8.48,5.3066037735848965,4665.0,10.07502679528403
Haryana,Kaithal,Wheat,2024-25,1.74,8.44,4865.0,2024,4,True,5135.0,-5.258033106134373,1.74,0.0,8.93,-5.487122060470327,4821.666666666667,0.8987210508122992
Haryana,Karnal,Maize,2021-22,0.0,0.01,4815.0,2021,4,True,,,,,,,,
Haryana,Karnal,Maize,2022-23,0.0,0.01,3333.0,2022,4,True,4815.0,-30.778816199376948,0.0,,0.01,0.0,4815.0,-30.778816199376948
Haryana,Karnal,Maize,2023-24,0.0,0.0,3685.0,2023,4,True,3333.0,10.561056105610561,0.0,,0.01,-100.0,4074.0,-9.548355424644084
Haryana,Karnal,Maize,2024-25,0.0,0.0,3714.0,2024,4,True,3685.0,0.7869742198100407,0.0,,0.0,,3944.3333333333335,-5.839601115524385
Haryana,Karnal,Rice,2021-22,1.76,6.8,3868.0,2021,4,True,,,,,,,,
Haryana,Karnal,Rice,2022-23,1.81,7.19,3970.0,2022,4,True,3868.0,2.637021716649431,1.76,2.8409090909090935,6.8,5.735294117647068,3868.0,2.637021716649431
Haryana,Karnal,Rice,2023-24,1.66,7.06,4242.0,2023,4,True,3970.0,6.851385390428212,1.81,-8.287292817679564,7.19,-1.80806675938805,3919.0,8.24189844348048
Haryana,Karnal,Rice,2024-25,1.72,7.38,4292.0,2024,4,True,4242.0,1.1786892975011787,1.66,3.6144578313253044,7.06,4.532577903682724,4026.6666666666665,6.5894039735099375
Haryana,Karnal,Wheat,2021-22,1.77,9.02,5105.0,2021,4,True,,,,,,,,
Haryana,Karnal,Wheat,2022-23,1.86,10.03,5385.0,2022,4,True,5105.0,5.484818805093046,1.77,5.084745762711869,9.02,11.197339246119732,5105.0,5.484818805093046
Haryana,Karnal,Wheat,2023-24,1.78,8.5,4761.0,2023,4,True,5385.0,-11.587743732590528,1.86,-4.3010752688172085,10.03,-15.254237288135588,5245.0,-9.227836034318399
Haryana,Karnal,Wheat,2024-25,1.58,7.75,4896.0,2024,4,True,4761.0,2.835538752362949,1.78,-11.235955056179773,8.5,-8.823529411764707,5083.666666666667,-3.6915612091010486
Haryana,Kurukshetra,Maize,2021-22,0.03,0.08,2865.0,2021,4,True,,,,,,,,
Haryana,Kurukshetra,Maize,2022-23,0.0,0.0,3333.0,2022,4,True,2865.0,16.335078534031414,0.03,-100.0,0.08,-100.0,2865.0,16.335078534031414
Haryana,Kurukshetra,Maize,2023-24,0.0,0.0,3685.0,2023,4,True,3333.0,10.561056105610561,0.0,,0.0,,3099.0,18.909325588899645
Haryana,Kurukshetra,Maize,2024-25,0.0,0.0,3714.0,2024,4,True,3685.0,0.7869742198100407,0.0,,0.0,,3294.3333333333335,12.739046848123033
Haryana,Kurukshetra,Rice,2021-22,1.25,5.94,4767.0,2021,4,True,,,,,,,,
Haryana,Kurukshetra,Rice,2022-23,1.3,5.88,4520.0,2022,4,True,4767.0,-5.181455842248794,1.25,4.0000000000000036,5.94,-1.0101010101010184,4767.0,-5.181455842248794
Haryana,Kurukshetra,Rice,2023-24,1.13,5.44,4825.0,2023,4,True,4520.0,6.7477876106194685,1.3,-13.076923076923089,5.88,-7.482993197278903,4643.5,3.908689566060084
Haryana,Kurukshetra,Rice,2024-25,1.1,5.22,4732.0,2024,4,True,4825.0,-1.927461139896373,1.13,-2.654867256637151,5.44,-4.044117647058835,4704.0,0.5952380952380952
Haryana,Kurukshetra,Wheat,2021-22,1.04,4.43,4256.0,2021,4,True,,,,,,,,
Haryana,Kurukshetra,Wheat,2022-23,1.06,5.06,4782.0,2022,4,True,4256.0,12.359022556390977,1.04,1.9230769230769247,4.43,14.221218961625281,4256.0,12.359022556390977
Haryana,Kurukshetra,Wheat,2023-24,1.04,4.97,4776.0,2023,4,True,4782.0,-0.12547051442910914,1.06,-1.8867924528301903,5.06,-1.7786561264822107,4519.0,5.687098915689312
Haryana,Kurukshetra,Wheat,2024-25,1.08,4.94,4571.0,2024,4,True,4776.0,-4.292294807370185,1.04,3.8461538461538494,4.97,-0.6036217303822808,4604.666666666667,-0.7311423193861365
Haryana,Mahendragarh,Maize,2021-22,0.0,0.0,0.0,2021,2,False,,,,,,,,
Haryana,Mahendragarh,Maize,2024-25,0.0,0.0,3714.0,2024,2,False,0.0,,0.0,,0.0,,0.0,
Haryana,Mahendragarh,Rice,2023-24,0.0,0.0,3822.0,2023,2,False,,,,,,,,
Haryana,Mahendragarh,Rice,2024-25,0.0,0.0,3766.0,2024,2,False,3822.0,-1.465201465201465,0.0,,0.0,,3822.0,-1.465201465201465
Haryana,Mahendragarh,Wheat,2021-22,0.26,1.2,4647.0,2021,4,True,,,,,,,,
Haryana,Mahendragarh,Wheat,2022-23,0.3,1.33,4428.0,2022,4,True,4647.0,-4.712717882504842,0.26,15.384615384615378,1.2,10.833333333333343,4647.0,-4.712717882504842
Haryana,Mahendragarh,Wheat,2023-24,0.28,1.36,4853.0,2023,4,True,4428.0,9.598012646793135,0.3,-6.666666666666654,1.33,2.2556390977443628,4537.5,6.953168044077135
Haryana,Mahendragarh,Wheat,2024-25,0.29,1.31,4518.0,2024,4,True,4853.0,-6.902946630949929,0.28,3.5714285714285547,1.36,-3.676470588235297,4642.666666666667,-2.685238368753596
Haryana,Nuh,Maize,2021-22,0.0,0.0,0.0,2021,1,False,,,,,,,,
Haryana,Nuh,Rice,2021-22,0.08,0.21,2544.0,2021,4,True,,,,,,,,
Haryana,Nuh,Rice,2022-23,0.12,0.25,2149.0,2022,4,True,2544.0,-15.526729559748428,0.08,49.999999999999986,0.21,19.04761904761905,2544.0,-15.526729559748428
Haryana,Nuh,Rice,2023-24,0.11,0.25,2268.0,2023,4,True,2149.0,5.537459283387622,0.12,-8.33333333333333,0.25,0.0,2346.5,-3.3454080545493285
Haryana,Nuh,Rice,2024-25,0.1,0.26,2510.0,2024,4,True,2268.0,10.670194003527337,0.11,-9.090909090909086,0.25,4.0000000000000036,2320.3333333333335,8.174112914811085
Haryana,Nuh,Wheat,2021-22,0.62,2.65,4262.0,2021,4,True,,,,,,,,
Haryana,Nuh,Wheat,2022-23,0.69,2.67,3897.0,2022,4,True,4262.0,-8.564054434537775,0.62,11.290322580645155,2.65,0.7547169811320762,4262.0,-8.564054434537775
Haryana,Nuh,Wheat,2023-24,0.68,2.66,3911.0,2023,4,True,3897.0,0.359250705671029,0.69,-1.449275362318826,2.67,-0.37453183520598454,4079.5,-4.130408138252236
Haryana,Nuh,Wheat,2024-25,0.69,2.93,4271.0,2024,4,True,3911.0,9.204806954743033,0.68,1.4705882352941024,2.66,10.150375939849624,4023.3333333333335,6.155758077879035
Haryana,Palwal,Maize,2021-22,0.0,0.0,3134.0,2021,2,False,,,,,,,,
Haryana,Palwal,Maize,2023-24,0.0,0.0,3685.0,2023,2,False,3134.0,17.581365666879385,0.0,,0.0,,3134.0,17.581365666879385
Haryana,Palwal,Rice,2021-22,0.34,0.97,2830.0,2021,4,True,,,,,,,,
Haryana,Palwal,Rice,2022-23,0.41,1.08,2652.0,2022,4,True,2830.0,-6.289752650176679,0.34,20.58823529411763,0.97,11.340206185567022,2830.0,-6.289752650176679
Haryana,Palwal,Rice,2023-24,0.36,1.1,3024.0,2023,4,True,2652.0,14.027149321266968,0.41,-12.19512195121951,1.08,1.8518518518518534,2741.0,10.324699014958044
Haryana,Palwal,Rice,2024-25,0.38,1.08,2820.0,2024,4,True,3024.0,-6.746031746031746,0.36,5.555555555555561,1.1,-1.8181818181818195,2835.3333333333335,-0.540794733129561
Haryana,Palwal,Wheat,2021-22,0.95,4.39,4641.0,2021,4,True,,,,,,,,
Haryana,Palwal,Wheat,2022-23,0.98,4.14,4237.0,2022,4,True,4641.0,-8.705020469726351,0.95,3.157894736842108,4.39,-5.694760820045559,4641.0,-8.705020469726351
Haryana,Palwal,Wheat,2023-24,0.97,4.36,4503.0,2023,4,True,4237.0,6.278026905829597,0.98,-1.020408163265307,4.14,5.314009661835764,4439.0,1.4417661635503491
Haryana,Palwal,Wheat,2024-25,0.95,4.2,4439.0,2024,4,True,4503.0,-1.421274705751721,0.97,-2.061855670103095,4.36,-3.6697247706422047,4460.333333333333,-0.47829011284656675
Haryana,Panchkula,Maize,2021-22,0.04,0.11,2962.0,2021,4,True,,,,,,,,
Haryana,Panchkula,Maize,2022-23,0.03,0.11,3328.0,2022,4,True,2962.0,12.35651586765699,0.04,-25.000000000000007,0.11,0.0,2962.0,12.35651586765699
Haryana,Panchkula,Maize,2023-24,0.04,0.13,3627.0,2023,4,True,3328.0,8.984375,0.03,33.33333333333334,0.11,18.181818181818183,3145.0,15.325914149443562
Haryana,Panchkula,Maize,2024-25,0.03,0.13,3742.0,2024,4,True,3627.0,3.170664460987042,0.04,-25.000000000000007,0.13,0.0,3305.6666666666665,13.199556317434713
Haryana,Panchkula,Rice,2021-22,0.14,0.55,4012.0,2021,4,True,,,,,,,,
Haryana,Panchkula,Rice,2022-23,0.13,0.34,2586.0,2022,4,True,4012.0,-35.54336989032901,0.14,-7.142857142857148,0.55,-38.18181818181819,4012.0,-35.54336989032901
Haryana,Panchkula,Rice,2023-24,0.12,0.59,4819.0,2023,4,True,2586.0,86.34957463263729,0.13,-7.692307692307699,0.34,73.52941176470587,3299.0,46.074568050924526
Haryana,Panchkula,Rice,2024-25,0.13,0.52,4052.0,2024,4,True,4819.0,-15.91616517949782,0.12,8.333333333333341,0.59,-11.864406779661008,3805.6666666666665,6.472803713760186
Haryana,Panchkula,Wheat,2021-22,0.19,0.73,3772.0,2021,4,True,,,,,,,,
Haryana,Panchkula,Wheat,2022-23,0.19,0.74,3832.0,2022,4,True,3772.0,1.5906680805938493,0.19,0.0,0.73,1.3698630136986314,3772.0,1.5906680805938493
Haryana,Panchkula,Wheat,2023-24,0.18,0.75,4071.0,2023,4,True,3832.0,6.236951983298539,0.19,-5.263157894736847,0.74,1.3513513513513526,3802.0,7.075223566543924
Haryana,Panchkula,Wheat,2024-25,0.18,0.68,3710.0,2024,4,True,4071.0,-8.867600098255956,0.18,0.0,0.75,-9.333333333333327,3891.6666666666665,-4.668094218415414
Haryana,Panipat,Maize,2021-22,0.0,0.0,2241.0,2021,4,True,,,,,,,,
Haryana,Panipat,Maize,2022-23,0.0,0.0,2765.0,2022,4,True,2241.0,23.382418563141457,0.0,,0.0,,2241.0,23.382418563141457
Haryana,Panipat,Maize,2023-24,0.0,0.01,3685.0,2023,4,True,2765.0,33.273056057866185,0.0,,0.0,,2503.0,47.22333200159808
Haryana,Panipat,Maize,2024-25,0.0,0.0,3714.0,2024,4,True,3685.0,0.7869742198100407,0.0,,0.01,-100.0,2897.0,28.201587849499482
Haryana,Panipat,Rice,2021-22,0.83,2.36,2830.0,2021,4,True,,,,,,,,
Haryana,Panipat,Rice,2022-23,0.8,2.45,3061.0,2022,4,True,2830.0,8.162544169611309,0.83,-3.6144578313252915,2.36,3.8135593220339112,2830.0,8.162544169611309
Haryana,Panipat,Rice,2023-24,0.73,2.48,3409.0,2023,4,True,3061.0,11.368833714472395,0.8,-8.750000000000007,2.45,1.2244897959183594,2945.5,15.73586827363775
Haryana,Panipat,Rice,2024-25,0.71,2.57,3609.0,2024,4,True,3409.0,5.866823115283074,0.73,-2.739726027397263,2.48,3.6290322580645102,3100.0,16.419354838709676
Haryana,Panipat,Wheat,2021-22,0.84,3.89,4632.0,2021,4,True,,,,,,,,
Haryana,Panipat,Wheat,2022-23,0.84,3.75,4473.0,2022,4,True,4632.0,-3.432642487046632,0.84,0.0,3.89,-3.5989717223650417,4632.0,-3.432642487046632
Haryana,Panipat,Wheat,2023-24,0.81,4.12,5060.0,2023,4,True,4473.0,13.123183545718756,0.84,-3.5714285714285614,3.75,9.866666666666669,4552.5,11.147721032399781
Haryana,Panipat,Wheat,2024-25,0.79,3.84,4851.0,2024,4,True,5060.0,-4.130434782608695,0.81,-2.469135802469138,4.12,-6.796116504854374,4721.666666666667,2.7391457818566822
Haryana,Rewari,Maize,2021-22,0.0,0.0,3125.0,2021,2,False,,,,,,,,
Haryana,Rewari,Maize,2024-25,0.0,0.0,3714.0,2024,2,False,3125.0,18.848000000000003,0.0,,0.0,,3125.0,18.848000000000003
Haryana,Rewari,Rice,2021-22,0.01,0.02,1976.0,2021,4,True,,,,,,,,
Haryana,Rewari,Rice,2022-23,0.02,0.05,2449.0,2022,4,True,1976.0,23.937246963562753,0.01,100.0,0.02,150.0,1976.0,23.937246963562753
Haryana,Rewari,Rice,2023-24,0.02,0.07,2881.0,2023,4,True,2449.0,17.63985300122499,0.02,0.0,0.05,40.00000000000001,2212.5,30.21468926553672
Haryana,Rewari,Rice,2024-25,0.03,0.08,2667.0,2024,4,True,2881.0,-7.427976397084346,0.02,49.999999999999986,0.07,14.285714285714276,2435.3333333333335,9.512729263618937
Haryana,Rewari,Wheat,2021-22,0.28,1.28,4579.0,2021,4,True,,,,,,,,
Haryana,Rewari,Wheat,2022-23,0.33,1.39,4153.0,2022,4,True,4579.0,-9.303341340904128,0.28,17.85714285714285,1.28,8.593749999999991,4579.0,-9.303341340904128
Haryana,Rewari,Wheat,2023-24,0.31,1.45,4750.0,2023,4,True,4153.0,14.37515049361907,0.33,-6.060606060606066,1.39,4.316546762589932,4366.0,8.795235913879981
Haryana,Rewari,Wheat,2024-25,0.33,1.44,4395.0,2024,4,True,4750.0,-7.473684210526316,0.31,6.451612903225811,1.45,-0.6896551724137937,4494.0,-2.202937249666222
Haryana,Rohtak,Maize,2021-22,0.0,0.0,3152.0,2021,2,False,,,,,,,,
Haryana,Rohtak,Maize,2024-25,0.0,0.0,3714.0,2024,2,False,3152.0,17.829949238578678,0.0,,0.0,,3152.0,17.829949238578678
Haryana,Rohtak,Rice,2021-22,0.67,1.91,2850.0,2021,4,True,,,,,,,,
Haryana,Rohtak,Rice,2022-23,0.79,2.3,2926.0,2022,4,True,2850.0,2.666666666666667,0.67,17.91044776119403,1.91,20.418848167539263,2850.0,2.666666666666667
Haryana,Rohtak,Rice,2023-24,0.78,2.45,3126.0,2023,4,True,2926.0,6.83526999316473,0.79,-1.2658227848101276,2.3,6.521739130434799,2888.0,8.240997229916898
Haryana,Rohtak,Rice,2024-25,0.74,2.15,2899.0,2024,4,True,3126.0,-7.26167626359565,0.78,-5.128205128205133,2.45,-12.244897959183684,2967.3333333333335,-2.302853291395197
Haryana,Rohtak,Wheat,2021-22,1.01,4.42,4373.0,2021,4,True,,,,,,,,
Haryana,Rohtak,Wheat,2022-23,1.03,4.3,4170.0,2022,4,True,4373.0,-4.642122112965928,1.01,1.980198019801982,4.42,-2.714932126696835,4373.0,-4.642122112965928
Haryana,Rohtak,Wheat,2023-24,1.03,4.7,4554.0,2023,4,True,4170.0,9.20863309352518,1.03,0.0,4.3,9.302325581395356,4271.5,6.613601779234461
Haryana,Rohtak,Wheat,2024-25,1.0,4.47,4476.0,2024,4,True,4554.0,-1.7127799736495388,1.03,-2.9126213592233037,4.7,-4.893617021276605,4365.666666666667,2.527296327403215
Haryana,Sirsa,Maize,2021-22,0.0,0.0,1765.0,2021,4,True,,,,,,,,
Haryana,Sirsa,Maize,2022-23,0.0,0.0,3400.0,2022,4,True,1765.0,92.63456090651559,0.0,,0.0,,1765.0,92.63456090651559
Haryana,Sirsa,Maize,2023-24,0.0,0.0,3685.0,2023,4,True,3400.0,8.38235294117647,0.0,,0.0,,2582.5,42.69119070667957
Haryana,Sirsa,Maize,2024-25,0.0,0.0,3714.0,2024,4,True,3685.0,0.7869742198100407,0.0,,0.0,,2950.0,25.898305084745765
Haryana,Sirsa,Rice,2021-22,1.06,3.72,3524.0,2021,4,True,,,,,,,,
Haryana,Sirsa,Rice,2022-23,1.13,3.95,3510.0,2022,4,True,3524.0,-0.39727582292849034,1.06,6.603773584905645,3.72,6.18279569892473,3524.0,-0.39727582292849034
Haryana,Sirsa,Rice,2023-24,1.11,3.92,3515.0,2023,4,True,3510.0,0.14245014245014245,1.13,-1.7699115044247606,3.95,-0.7594936708860822,3517.0,-0.05686664771111743
Haryana,Sirsa,Rice,2024-25,1.36,5.01,3676.0,2024,4,True,3515.0,4.5803698435277385,1.11,22.52252252252252,3.92,27.806122448979586,3516.3333333333335,4.540714759692857
Haryana,Sirsa,Wheat,2021-22,2.58,11.06,4293.0,2021,4,True,,,,,,,,
Haryana,Sirsa,Wheat,2022-23,2.7,12.05,4463.0,2022,4,True,4293.0,3.9599347775448406,2.58,4.651162790697678,11.06,8.951175406871611,4293.0,3.9599347775448406
Haryana,Sirsa,Wheat,2023-24,2.7,13.53,5005.0,2023,4,True,4463.0,12.144297557696616,2.7,0.0,12.05,12.282157676348536,4378.0,14.321608040201006
Haryana,Sirsa,Wheat,2024-25,2.81,14.09,5016.0,2024,4,True,5005.0,0.21978021978021978,2.7,4.07407407407407,13.53,4.138950480413899,4587.0,9.352517985611511
Haryana,Sonipat,Maize,2021-22,0.01,0.02,3310.0,2021,4,True,,,,,,,,
Haryana,Sonipat,Maize,2022-23,0.0,0.02,3333.0,2022,4,True,3310.0,0.6948640483383686,0.01,-100.0,0.02,0.0,3310.0,0.6948640483383686
Haryana,Sonipat,Maize,2023-24,0.0,0.02,3685.0,2023,4,True,3333.0,10.561056105610561,0.0,,0.02,0.0,3321.5,10.943850669878067
Haryana,Sonipat,Maize,2024-25,0.0,0.01,3714.0,2024,4,True,3685.0,0.7869742198100407,0.0,,0.02,-50.0,3442.6666666666665,7.8814872192099195
Haryana,Sonipat,Rice,2021-22,1.14,3.05,2676.0,2021,4,True,,,,,,,,
Haryana,Sonipat,Rice,2022-23,1.2,3.45,2880.0,2022,4,True,2676.0,7.623318385650224,1.14,5.263157894736848,3.05,13.114754098360667,2676.0,7.623318385650224
Haryana,Sonipat,Rice,2023-24,1.14,3.24,2856.0,2023,4,True,2880.0,-0.8333333333333334,1.2,-5.000000000000004,3.45,-6.086956521739129,2778.0,2.8077753779697625
Haryana,Sonipat,Rice,2024-25,1.18,3.51,2965.0,2024,4,True,2856.0,3.816526610644258,1.14,3.5087719298245648,3.24,8.33333333333332,2804.0,5.741797432239657
Haryana,Sonipat,Wheat,2021-22,1.37,6.46,4720.0,2021,4,True,,,,,,,,
Haryana,Sonipat,Wheat,2022-23,1.39,6.3,4530.0,2022,4,True,4720.0,-4.025423728813559,1.37,1.4598540145985253,6.46,-2.4767801857585163,4720.0,-4.025423728813559
Haryana,Sonipat,Wheat,2023-24,1.37,6.12,4479.0,2023,4,True,4530.0,-1.1258278145695364,1.39,-1.4388489208632946,6.3,-2.8571428571428523,4625.0,-3.1567567567567565
Haryana,Sonipat,Wheat,2024-25,1.39,6.21,4458.0,2024,4,True,4479.0,-0.46885465505693236,1.37,1.4598540145985253,6.12,1.4705882352941153,4576.333333333333,-2.5857673537766708
Haryana,Yamunanagar,Maize,2021-22,0.01,0.06,4475.0,2021,4,True,,,,,,,,
Haryana,Yamunanagar,Maize,2022-23,0.0,0.0,4875.0,2022,4,True,4475.0,8.938547486033519,0.01,-100.0,0.06,-100.0,4475.0,8.938547486033519
Haryana,Yamunanagar,Maize,2023-24,0.0,0.0,3685.0,2023,4,True,4875.0,-24.41025641025641,0.0,,0.0,,4675.0,-21.176470588235293
Haryana,Yamunanagar,Maize,2024-25,0.0,0.0,3714.0,2024,4,True,3685.0,0.7869742198100407,0.0,,0.0,,4345.0,-14.522439585730726
Haryana,Yamunanagar,Rice,2021-22,0.89,3.95,4454.0,2021,4,True,,,,,,,,
Haryana,Yamunanagar,Rice,2022-23,0.87,2.95,3409.0,2022,4,True,4454.0,-23.46205657835653,0.89,-2.247191011235957,3.95,-25.316455696202528,4454.0,-23.46205657835653
Haryana,Yamunanagar,Rice,2023-24,0.77,3.32,4286.0,2023,4,True,3409.0,25.72601936051628,0.87,-11.494252873563216,2.95,12.54237288135592,3931.5,9.016914663614397
Haryana,Yamunanagar,Rice,2024-25,0.77,3.55,4621.0,2024,4,True,4286.0,7.816145590293981,0.77,0.0,3.32,6.927710843373494,4049.6666666666665,14.108157049962964
Haryana,Yamunanagar,Wheat,2021-22,0.94,4.26,4510.0,2021,4,True,,,,,,,,
Haryana,Yamunanagar,Wheat,2022-23,0.93,4.77,5143.0,2022,4,True,4510.0,14.035476718403547,0.94,-1.0638297872340319,4.26,11.971830985915489,4510.0,14.035476718403547
Haryana,Yamunanagar,Wheat,2023-24,0.95,4.52,4769.0,2023,4,True,5143.0,-7.272020221660509,0.93,2.150537634408592,4.77,-5.241090146750524,4826.5,-1.1913394799544184
Haryana,Yamunanagar,Wheat,2024-25,0.99,4.96,5002.0,2024,4,True,4769.0,4.885720276787586,0.95,4.210526315789478,4.52,9.734513274336292,4807.333333333333,4.049369019553466
Punjab,Amritsar,Maize,2021-22,0.01,0.03,3714.0,2021,4,True,,,,,,,,
Punjab,Amritsar,Maize,2022-23,0.02,0.07,4063.0,2022,4,True,3714.0,9.396876682821755,0.01,100.0,0.03,133.33333333333337,3714.0,9.396876682821755
Punjab,Amritsar,Maize,2023-24,0.02,0.03,1832.0,2023,4,True,4063.0,-54.9101649027812,0.02,0.0,0.07,-57.14285714285715,3888.5,-52.886717243152894
Punjab,Amritsar,Maize,2024-25,0.0,0.01,4600.0,2024,4,True,1832.0,151.09170305676855,0.02,-100.0,0.03,-66.66666666666666,3203.0,43.61536059943803
Punjab,Amritsar,Rice,2021-22,1.83,6.59,3601.0,2021,4,True,,,,,,,,
Punjab,Amritsar,Rice,2022-23,1.81,6.44,3558.0,2022,4,True,3601.0,-1.1941127464593169,1.83,-1.0928961748633887,6.59,-2.276176024279203,3601.0,-1.1941127464593169
Punjab,Amritsar,Rice,2023-24,1.81,5.79,3197.0,2023,4,True,3558.0,-10.146149522203485,1.81,0.0,6.44,-10.09316770186336,3579.5,-10.685849979047353
Punjab,Amritsar,Rice,2024-25,1.82,6.27,3438.0,2024,4,True,3197.0,7.5383171723490765,1.81,0.5524861878453043,5.79,8.2901554404145,3452.0,-0.4055619930475087
Punjab,Amritsar,Wheat,2021-22,1.89,8.43,4453.0,2021,4,True,,,,,,,,
Punjab,Amritsar,Wheat,2022-23,1.89,9.05,4788.0,2022,4,True,4453.0,7.52301818998428,1.89,0.0,8.43,7.354685646500606,4453.0,7.52301818998428
Punjab,Amritsar,Wheat,2023-24,1.89,9.33,4949.0,2023,4,True,4788.0,3.3625730994152043,1.89,0.0,9.05,3.0939226519336946,4620.5,7.109620170977167
Punjab,Amritsar,Wheat,2024-25,1.86,9.67,5188.0,2024,4,True,4949.0,4.829258436047686,1.89,-1.5873015873015772,9.33,3.644158628081456,4730.0,9.682875264270614
Punjab,Barnala,Maize,2024-25,0.0,0.0,4200.0,2024,1,False,,,,,,,,
Punjab,Barnala,Rice,2021-22,1.16,5.51,4746.0,2021,4,True,,,,,,,,
Punjab,Barnala,Rice,2022-23,1.15,6.01,5249.0,2022,4,True,4746.0,10.598398651495996,1.16,-0.8620689655172422,5.51,9.074410163339383,4746.0,10.598398651495996
Punjab,Barnala,Rice,2023-24,1.15,6.1,5327.0,2023,4,True,5249.0,1.4859973328253,1.15,0.0,6.01,1.4975041597337746,4997.5,6.593296648324162
Punjab,Barnala,Rice,2024-25,1.15,5.62,4909.0,2024,4,True,5327.0,-7.8468180964895815,1.15,0.0,6.1,-7.868852459016386,5107.333333333333,-3.8833050515598426
Punjab,Barnala,Wheat,2021-22,1.15,5.25,4573.0,2021,4,True,,,,,,,,
Punjab,Barnala,Wheat,2022-23,1.13,5.74,5063.0,2022,4,True,4573.0,10.71506669582331,1.15,-1.7391304347826104,5.25,9.333333333333337,4573.0,10.71506669582331
Punjab,Barnala,Wheat,2023-24,1.13,6.28,5544.0,2023,4,True,5063.0,9.500296267035354,1.13,0.0,5.74,9.40766550522648,4818.0,15.068493150684931
Punjab,Barnala,Wheat,2024-25,1.14,6.03,5276.0,2024,4,True,5544.0,-4.834054834054834,1.13,0.8849557522123902,6.28,-3.9808917197452227,5060.0,4.2687747035573125
Punjab,Bathinda,Maize,2021-22,0.0,0.0,4000.0,2021,4,True,,,,,,,,
Punjab,Bathinda,Maize,2022-23,0.0,0.01,4500.0,2022,4,True,4000.0,12.5,0.0,,0.0,,4000.0,12.5
Punjab,Bathinda,Maize,2023-24,0.01,0.02,3827.0,2023,4,True,4500.0,-14.955555555555556,0.0,,0.01,100.0,4250.0,-9.952941176470588
Punjab,Bathinda,Maize,2024-25,0.0,0.0,4200.0,2024,4,True,3827.0,9.746537758035014,0.01,-100.0,0.02,-100.0,4109.0,2.2146507666098807
Punjab,Bathinda,Rice,2021-22,1.8,8.29,4595.0,2021,4,True,,,,,,,,
Punjab,Bathinda,Rice,2022-23,1.9,9.01,4747.0,2022,4,True,4595.0,3.3079434167573445,1.8,5.555555555555548,8.29,8.685162846803387,4595.0,3.3079434167573445
Punjab,Bathinda,Rice,2023-24,2.0,9.49,4745.0,2023,4,True,4747.0,-0.04213187276174426,1.9,5.263157894736848,9.01,5.327413984461714,4671.0,1.5842432027403124
Punjab,Bathinda,Rice,2024-25,2.17,9.81,4530.0,2024,4,True,4745.0,-4.531085353003162,2.0,8.499999999999996,9.49,3.3719704952581697,4695.666666666667,-3.5280755306310847
Punjab,Bathinda,Wheat,2021-22,2.61,11.49,4407.0,2021,4,True,,,,,,,,
Punjab,Bathinda,Wheat,2022-23,2.54,12.57,4950.0,2022,4,True,4407.0,12.321307011572499,2.61,-2.6819923371647447,11.49,9.39947780678851,4407.0,12.321307011572499
Punjab,Bathinda,Wheat,2023-24,2.54,12.68,4986.0,2023,4,True,4950.0,0.7272727272727273,2.54,0.0,12.57,0.8750994431185316,4678.5,6.572619429304265
Punjab,Bathinda,Wheat,2024-25,2.55,13.66,5350.0,2024,4,True,4986.0,7.300441235459286,2.54,0.3937007874015664,12.68,7.728706624605682,4781.0,11.901275883706337
Punjab,Faridkot,Maize,2021-22,0.0,0.01,4000.0,2021,1,False,,,,,,,,
Punjab,Faridkot,Rice,2021-22,1.16,5.03,4347.0,2021,4,True,,,,,,,,
Punjab,Faridkot,Rice,2022-23,1.16,5.19,4478.0,2022,4,True,4347.0,3.01357257878997,1.16,0.0,5.03,3.1809145129224676,4347.0,3.01357257878997
Punjab,Faridkot,Rice,2023-24,1.17,5.4,4618.0,2023,4,True,4478.0,3.126395712371594,1.16,0.8620689655172422,5.19,4.046242774566473,4412.5,4.657223796033994
Punjab,Faridkot,Rice,2024-25,1.17,5.14,4388.0,2024,4,True,4618.0,-4.980511043741879,1.17,0.0,5.4,-4.814814814814827,4481.0,-2.0754295916090157
Punjab,Faridkot,Wheat,2021-22,1.16,5.29,4580.0,2021,4,True,,,,,,,,
Punjab,Faridkot,Wheat,2022-23,1.15,5.05,4376.0,2022,4,True,4580.0,-4.45414847161572,1.16,-0.8620689655172422,5.29,-4.536862003780722,4580.0,-4.45414847161572
Punjab,Faridkot,Wheat,2023-24,1.15,6.04,5258.0,2023,4,True,4376.0,20.155393053016454,1.15,0.0,5.05,19.603960396039607,4478.0,17.418490397498886
Punjab,Faridkot,Wheat,2024-25,1.15,6.08,5289.0,2024,4,True,5258.0,0.5895777862305058,1.15,0.0,6.04,0.6622516556291397,4738.0,11.629379485014773
Punjab,Fatehgarh Sahib,Maize,2022-23,0.0,0.01,4500.0,2022,3,False,,,,,,,,
Punjab,Fatehgarh Sahib,Maize,2023-24,0.0,0.01,3827.0,2023,3,False,4500.0,-14.955555555555556,0.0,,0.01,0.0,4500.0,-14.955555555555556
Punjab,Fatehgarh Sahib,Maize,2024-25,0.0,0.01,4250.0,2024,3,False,3827.0,11.053044159916384,0.0,,0.01,0.0,4163.5,2.0775789600096073
Punjab,Fatehgarh Sahib,Rice,2021-22,0.87,4.12,4719.0,2021,4,True,,,,,,,,
Punjab,Fatehgarh Sahib,Rice,2022-23,0.87,3.52,4027.0,2022,4,True,4719.0,-14.664123755032845,0.87,0.0,4.12,-14.563106796116507,4719.0,-14.664123755032845
Punjab,Fatehgarh Sahib,Rice,2023-24,0.87,4.18,4784.0,2023,4,True,4027.0,18.79811273901167,0.87,0.0,3.52,18.749999999999993,4373.0,9.398582209009833
Punjab,Fatehgarh Sahib,Rice,2024-25,0.88,4.1,4675.0,2024,4,True,4784.0,-2.278428093645485,0.87,1.1494252873563229,4.18,-1.913875598086126,4510.0,3.6585365853658534
Punjab,Fatehgarh Sahib,Wheat,2021-22,0.85,2.9,3400.0,2021,4,True,,,,,,,,
Punjab,Fatehgarh Sahib,Wheat,2022-23,0.85,4.05,4789.0,2022,4,True,3400.0,40.85294117647059,0.85,0.0,2.9,39.655172413793096,3400.0,40.85294117647059
Punjab,Fatehgarh Sahib,Wheat,2023-24,0.85,4.17,4938.0,2023,4,True,4789.0,3.11129672165379,0.85,0.0,4.05,2.962962962962966,4094.5,20.600805959213577
Punjab,Fatehgarh Sahib,Wheat,2024-25,0.85,4.47,5249.0,2024,4,True,4938.0,6.298096395301742,0.85,0.0,4.17,7.194244604316542,4375.666666666667,19.958863411289702
Punjab,Fazilka,Maize,2021-22,0.0,0.01,4000.0,2021,3,False,,,,,,,,
Punjab,Fazilka,Maize,2022-23,0.0,0.02,6000.0,2022,3,False,4000.0,50.0,0.0,,0.01,100.0,4000.0,50.0
Punjab,Fazilka,Maize,2024-25,0.0,0.02,5600.0,2024,3,False,6000.0,-6.666666666666667,0.0,,0.02,0.0,5000.0,12.0
Punjab,Fazilka,Rice,2021-22,1.13,3.55,3139.0,2021,4,True,,,,,,,,
Punjab,Fazilka,Rice,2022-23,1.08,3.79,3503.0,2022,4,True,3139.0,11.596049697355845,1.13,-4.424778761061932,3.55,6.760563380281696,3139.0,11.596049697355845
Punjab,Fazilka,Rice,2023-24,1.16,3.81,3271.0,2023,4,True,3503.0,-6.622894661718528,1.08,7.407407407407393,3.79,0.5277044854881272,3321.0,-1.5055706112616682
Punjab,Fazilka,Rice,2024-25,1.28,4.29,3349.0,2024,4,True,3271.0,2.3845918679302964,1.16,10.344827586206906,3.81,12.598425196850393,3304.3333333333335,1.3517603147382178
Punjab,Fazilka,Wheat,2021-22,2.04,8.73,4277.0,2021,4,True,,,,,,,,
Punjab,Fazilka,Wheat,2022-23,2.0,9.25,4625.0,2022,4,True,4277.0,8.136544306757072,2.04,-1.960784313725492,8.73,5.956471935853374,4277.0,8.136544306757072
Punjab,Fazilka,Wheat,2023-24,1.98,9.98,5041.0,2023,4,True,4625.0,8.994594594594595,2.0,-1.0000000000000009,9.25,7.891891891891896,4451.0,13.255448213884522
Punjab,Fazilka,Wheat,2024-25,1.97,9.73,4947.0,2024,4,True,5041.0,-1.864709383058917,1.98,-0.5050505050505055,9.98,-2.5050100200400798,4647.666666666667,6.440507781682559
Punjab,Ferozepur,Maize,2021-22,0.01,0.02,2667.0,2021,2,False,,,,,,,,
Punjab,Ferozepur,Maize,2024-25,0.0,0.0,4200.0,2024,2,False,2667.0,57.48031496062992,0.01,-100.0,0.02,-100.0,2667.0,57.48031496062992
Punjab,Ferozepur,Rice,2021-22,1.88,8.27,4404.0,2021,4,True,,,,,,,,
Punjab,Ferozepur,Rice,2022-23,1.87,8.97,4789.0,2022,4,True,4404.0,8.742052679382379,1.88,-0.5319148936170099,8.27,8.464328899637257,4404.0,8.742052679382379
Punjab,Ferozepur,Rice,2023-24,1.87,8.53,4553.0,2023,4,True,4789.0,-4.927959908122782,1.87,0.0,8.97,-4.905239687848397,4596.5,-0.9463722397476341
Punjab,Ferozepur,Rice,2024-25,1.87,8.72,4672.0,2024,4,True,4553.0,2.6136613222051395,1.87,0.0,8.53,2.227432590855818,4582.0,1.9642077695329552
Punjab,Ferozepur,Wheat,2021-22,1.88,8.21,4372.0,2021,4,True,,,,,,,,
Punjab,Ferozepur,Wheat,2022-23,1.89,9.06,4801.0,2022,4,True,4372.0,9.812442817932295,1.88,0.5319148936170218,8.21,10.353227771010957,4372.0,9.812442817932295
Punjab,Ferozepur,Wheat,2023-24,1.89,9.65,5120.0,2023,4,True,4801.0,6.644449073109769,1.89,0.0,9.06,6.512141280353199,4586.5,11.63196337076202
Punjab,Ferozepur,Wheat,2024-25,1.87,9.79,5223.0,2024,4,True,5120.0,2.01171875,1.89,-1.0582010582010475,9.65,1.4507772020725263,4764.333333333333,9.627090184006164
Punjab,Gurdaspur,Maize,2021-22,0.0,0.01,2250.0,2021,4,True,,,,,,,,
Punjab,Gurdaspur,Maize,2022-23,0.0,0.02,3750.0,2022,4,True,2250.0,66.66666666666666,0.0,,0.01,100.0,2250.0,66.66666666666666
Punjab,Gurdaspur,Maize,2023-24,0.01,0.03,2972.0,2023,4,True,3750.0,-20.746666666666666,0.0,,0.02,49.999999999999986,3000.0,-0.9333333333333335
Punjab,Gurdaspur,Maize,2024-25,0.0,0.01,3600.0,2024,4,True,2972.0,21.130551816958278,0.01,-100.0,0.03,-66.66666666666666,2990.6666666666665,20.374498439589843
Punjab,Gurdaspur,Rice,2021-22,1.75,6.71,3843.0,2021,4,True,,,,,,,,
Punjab,Gurdaspur,Rice,2022-23,1.73,6.31,3643.0,2022,4,True,3843.0,-5.204267499349466,1.75,-1.142857142857144,6.71,-5.961251862891213,3843.0,-5.204267499349466
Punjab,Gurdaspur,Rice,2023-24,1.74,6.97,4013.0,2023,4,True,3643.0,10.156464452374417,1.73,0.5780346820809253,6.31,10.459587955625993,3743.0,7.213465134918515
Punjab,Gurdaspur,Rice,2024-25,1.73,7.04,4072.0,2024,4,True,4013.0,1.470221779217543,1.74,-0.5747126436781614,6.97,1.0043041606886698,3833.0,6.235324810853117
Punjab,Gurdaspur,Wheat,2021-22,1.84,7.77,4221.0,2021,4,True,,,,,,,,
Punjab,Gurdaspur,Wheat,2022-23,1.85,8.2,4432.0,2022,4,True,4221.0,4.99881544657664,1.84,0.5434782608695656,7.77,5.534105534105531,4221.0,4.99881544657664
Punjab,Gurdaspur,Wheat,2023-24,1.85,8.79,4751.0,2023,4,True,4432.0,7.197653429602887,1.85,0.0,8.2,7.1951219512195115,4326.5,9.811626025655842
Punjab,Gurdaspur,Wheat,2024-25,1.86,8.99,4834.0,2024,4,True,4751.0,1.7470006314460114,1.85,0.540540540540541,8.79,2.275312855517646,4468.0,8.19158460161146
Punjab,Hoshiarpur,Maize,2021-22,0.53,2.15,4076.0,2021,4,True,,,,,,,,
Punjab,Hoshiarpur,Maize,2022-23,0.45,2.23,4914.0,2022,4,True,4076.0,20.559371933267908,0.53,-15.094339622641511,2.15,3.720930232558143,4076.0,20.559371933267908
Punjab,Hoshiarpur,Maize,2023-24,0.45,1.73,3817.0,2023,4,True,4914.0,-22.323972323972324,0.45,0.0,2.23,-22.421524663677133,4495.0,-15.083426028921023
Punjab,Hoshiarpur,Maize,2024-25,0.42,1.57,3765.0,2024,4,True,3817.0,-1.3623264343725439,0.45,-6.666666666666672,1.73,-9.248554913294793,4269.0,-11.806043569922698
Punjab,Hoshiarpur,Rice,2021-22,0.77,2.91,3794.0,2021,4,True,,,,,,,,
Punjab,Hoshiarpur,Rice,2022-23,0.81,2.55,3148.0,2022,4,True,3794.0,-17.02688455455983,0.77,5.194805194805199,2.91,-12.371134020618566,3794.0,-17.02688455455983
Punjab,Hoshiarpur,Rice,2023-24,0.79,3.14,4003.0,2023,4,True,3148.0,27.16010165184244,0.81,-2.469135802469138,2.55,23.137254901960798,3471.0,15.326995102276001
Punjab,Hoshiarpur,Rice,2024-25,0.8,3.44,4319.0,2024,4,True,4003.0,7.894079440419685,0.79,1.2658227848101276,3.14,9.554140127388528,3648.3333333333335,18.382823206943804
Punjab,Hoshiarpur,Wheat,2021-22,1.42,5.15,3622.0,2021,4,True,,,,,,,,
Punjab,Hoshiarpur,Wheat,2022-23,1.42,5.71,4028.0,2022,4,True,3622.0,11.209276642738818,1.42,0.0,5.15,10.873786407766982,3622.0,11.209276642738818
Punjab,Hoshiarpur,Wheat,2023-24,1.44,5.97,4146.0,2023,4,True,4028.0,2.929493545183714,1.42,1.4084507042253533,5.71,4.5534150612959685,3825.0,8.392156862745098
Punjab,Hoshiarpur,Wheat,2024-25,1.46,6.33,4345.0,2024,4,True,4146.0,4.799807042932947,1.44,1.3888888888888902,5.97,6.03015075376885,3932.0,10.50356052899288
Punjab,Jalandhar,Maize,2021-22,0.04,0.16,3659.0,2021,4,True,,,,,,,,
Punjab,Jalandhar,Maize,2022-23,0.05,0.18,4022.0,2022,4,True,3659.0,9.92074337250615,0.04,25.000000000000007,0.16,12.499999999999993,3659.0,9.92074337250615
Punjab,Jalandhar,Maize,2023-24,0.04,0.18,4508.0,2023,4,True,4022.0,12.083540527100944,0.05,-20.000000000000004,0.18,0.0,3840.5,17.380549407629214
Punjab,Jalandhar,Maize,2024-25,0.04,0.16,4078.0,2024,4,True,4508.0,-9.538598047914817,0.04,0.0,0.18,-11.111111111111107,4063.0,0.3691853310361802
Punjab,Jalandhar,Rice,2021-22,1.75,7.47,4276.0,2021,4,True,,,,,,,,
Punjab,Jalandhar,Rice,2022-23,1.76,7.33,4174.0,2022,4,True,4276.0,-2.385406922357343,1.75,0.571428571428572,7.47,-1.8741633199464485,4276.0,-2.385406922357343
Punjab,Jalandhar,Rice,2023-24,1.74,7.8,4491.0,2023,4,True,4174.0,7.5946334451365605,1.76,-1.1363636363636374,7.33,6.412005457025917,4225.0,6.295857988165681
Punjab,Jalandhar,Rice,2024-25,1.76,7.91,4507.0,2024,4,True,4491.0,0.3562680917390336,1.74,1.1494252873563229,7.8,1.4102564102564144,4313.666666666667,4.481879298354062
Punjab,Jalandhar,Wheat,2021-22,1.73,7.32,4224.0,2021,4,True,,,,,,,,
Punjab,Jalandhar,Wheat,2022-23,1.73,7.54,4350.0,2022,4,True,4224.0,2.9829545454545454,1.73,0.0,7.32,3.005464480874313,4224.0,2.9829545454545454
Punjab,Jalandhar,Wheat,2023-24,1.74,8.2,4728.0,2023,4,True,4350.0,8.689655172413794,1.73,0.5780346820809253,7.54,8.753315649867364,4287.0,10.286913925822255
Punjab,Jalandhar,Wheat,2024-25,1.73,8.69,5012.0,2024,4,True,4728.0,6.006768189509306,1.74,-0.5747126436781614,8.2,5.9756097560975645,4434.0,13.035633739287325
Punjab,Kapurthala,Maize,2021-22,0.01,0.04,5125.0,2021,4,True,,,,,,,,
Punjab,Kapurthala,Maize,2022-23,0.01,0.03,2700.0,2022,4,True,5125.0,-47.3170731707317,0.01,0.0,0.04,-25.000000000000007,5125.0,-47.3170731707317
Punjab,Kapurthala,Maize,2023-24,0.01,0.03,2553.0,2023,4,True,2700.0,-5.444444444444444,0.01,0.0,0.03,0.0,3912.5,-34.74760383386582
Punjab,Kapurthala,Maize,2024-25,0.01,0.05,4091.0,2024,4,True,2553.0,60.24285154719937,0.01,0.0,0.03,66.66666666666669,3459.3333333333335,18.259780304490263
Punjab,Kapurthala,Rice,2021-22,1.19,5.03,4220.0,2021,4,True,,,,,,,,
Punjab,Kapurthala,Rice,2022-23,1.19,5.09,4274.0,2022,4,True,4220.0,1.2796208530805688,1.19,0.0,5.03,1.1928429423459166,4220.0,1.2796208530805688
Punjab,Kapurthala,Rice,2023-24,1.19,5.52,4634.0,2023,4,True,4274.0,8.423022929340195,1.19,0.0,5.09,8.447937131630642,4247.0,9.112314574994114
Punjab,Kapurthala,Rice,2024-25,1.17,5.59,4791.0,2024,4,True,4634.0,3.3880017263703066,1.19,-1.6806722689075646,5.52,1.2681159420289907,4376.0,9.483546617915906
Punjab,Kapurthala,Wheat,2021-22,1.1,4.39,3991.0,2021,4,True,,,,,,,,
Punjab,Kapurthala,Wheat,2022-23,1.09,4.84,4459.0,2022,4,True,3991.0,11.726384364820847,1.1,-0.9090909090909097,4.39,10.25056947608201,3991.0,11.726384364820847
Punjab,Kapurthala,Wheat,2023-24,1.06,5.23,4923.0,2023,4,True,4459.0,10.405920610002243,1.09,-2.7522935779816535,4.84,8.057851239669434,4225.0,16.5207100591716
Punjab,Kapurthala,Wheat,2024-25,1.07,5.49,5111.0,2024,4,True,4923.0,3.818809668901076,1.06,0.9433962264150951,5.23,4.971319311663476,4457.666666666667,14.656397218275622
Punjab,Ludhiana,Maize,2021-22,0.01,0.03,2833.0,2021,4,True,,,,,,,,
Punjab,Ludhiana,Maize,2022-23,0.01,0.02,2667.0,2022,4,True,2833.0,-5.85951288386869,0.01,0.0,0.03,-33.33333333333333,2833.0,-5.85951288386869
Punjab,Ludhiana,Maize,2023-24,0.01,0.03,3112.0,2023,4,True,2667.0,16.6854143232096,0.01,0.0,0.02,49.999999999999986,2750.0,13.163636363636364
Punjab,Ludhiana,Maize,2024-25,0.01,0.02,3660.0,2024,4,True,3112.0,17.60925449871465,0.01,0.0,0.03,-33.33333333333333,2870.6666666666665,27.496516488620536
Punjab,Ludhiana,Rice,2021-22,2.59,12.46,4816.0,2021,4,True,,,,,,,,
Punjab,Ludhiana,Rice,2022-23,2.59,12.36,4776.0,2022,4,True,4816.0,-0.8305647840531563,2.59,0.0,12.46,-0.8025682182985667,4816.0,-0.8305647840531563
Punjab,Ludhiana,Rice,2023-24,2.59,13.14,5076.0,2023,4,True,4776.0,6.281407035175879,2.59,0.0,12.36,6.310679611650495,4796.0,5.838198498748957
Punjab,Ludhiana,Rice,2024-25,2.58,12.42,4812.0,2024,4,True,5076.0,-5.200945626477541,2.59,-0.3861003861003779,13.14,-5.479452054794525,4889.333333333333,-1.5816743932369723
Punjab,Ludhiana,Wheat,2021-22,2.44,10.44,4275.0,2021,4,True,,,,,,,,
Punjab,Ludhiana,Wheat,2022-23,2.45,11.23,4591.0,2022,4,True,4275.0,7.391812865497076,2.44,0.40983606557377994,10.44,7.567049808429129,4275.0,7.391812865497076
Punjab,Ludhiana,Wheat,2023-24,2.44,12.18,4999.0,2023,4,True,4591.0,8.886952733609235,2.45,-0.40816326530613184,11.23,8.459483526268915,4433.0,12.767877284006316
Punjab,Ludhiana,Wheat,2024-25,2.4,12.33,5132.0,2024,4,True,4999.0,2.660532106421284,2.44,-1.6393442622950833,12.18,1.231527093596062,4621.666666666667,11.042192571222495
Punjab,Malerkotla,Maize,2021-22,0.0,0.0,4000.0,2021,4,True,,,,,,,,
Punjab,Malerkotla,Maize,2022-23,0.0,0.01,4500.0,2022,4,True,4000.0,12.5,0.0,,0.0,,4000.0,12.5
Punjab,Malerkotla,Maize,2023-24,0.0,0.01,3827.0,2023,4,True,4500.0,-14.955555555555556,0.0,,0.01,0.0,4250.0,-9.952941176470588
Punjab,Malerkotla,Maize,2024-25,0.0,0.01,4250.0,2024,4,True,3827.0,11.053044159916384,0.0,,0.01,0.0,4109.0,3.4314918471647604
Punjab,Malerkotla,Rice,2021-22,0.53,2.79,5254.0,2021,4,True,,,,,,,,
Punjab,Malerkotla,Rice,2022-23,0.53,2.77,5236.0,2022,4,True,5254.0,-0.34259611724400457,0.53,0.0,2.79,-0.7168458781362014,5254.0,-0.34259611724400457
Punjab,Malerkotla,Rice,2023-24,0.53,2.98,5642.0,2023,4,True,5236.0,7.754010695187167,0.53,0.0,2.77,7.581227436823103,5245.0,7.569113441372736
Punjab,Malerkotla,Rice,2024-25,0.53,2.83,5328.0,2024,4,True,5642.0,-5.565402339595888,0.53,0.0,2.98,-5.033557046979863,5377.333333333333,-0.917431192660545
Punjab,Malerkotla,Wheat,2021-22,0.52,2.27,4332.0,2021,4,True,,,,,,,,
Punjab,Malerkotla,Wheat,2022-23,0.52,2.59,4962.0,2022,4,True,4332.0,14.542936288088642,0.52,0.0,2.27,14.096916299559464,4332.0,14.542936288088642
Punjab,Malerkotla,Wheat,2023-24,0.52,2.85,5485.0,2023,4,True,4962.0,10.540104796453043,0.52,0.0,2.59,10.038610038610047,4647.0,18.033139659995694
Punjab,Malerkotla,Wheat,2024-25,0.52,2.84,5439.0,2024,4,True,5485.0,-0.8386508659981768,0.52,0.0,2.85,-0.3508771929824642,4926.333333333333,10.406658095946957
Punjab,Mansa,Maize,2021-22,0.0,0.0,4000.0,2021,4,True,,,,,,,,
Punjab,Mansa,Maize,2022-23,0.0,0.0,4000.0,2022,4,True,4000.0,0.0,0.0,,0.0,,4000.0,0.0
Punjab,Mansa,Maize,2023-24,0.0,0.0,3827.0,2023,4,True,4000.0,-4.324999999999999,0.0,,0.0,,4000.0,-4.324999999999999
Punjab,Mansa,Maize,2024-25,0.0,0.0,4200.0,2024,4,True,3827.0,9.746537758035014,0.0,,0.0,,3942.3333333333335,6.5358924494799995
Punjab,Mansa,Rice,2021-22,1.23,5.61,4572.0,2021,4,True,,,,,,,,
Punjab,Mansa,Rice,2022-23,1.26,5.93,4695.0,2022,4,True,4572.0,2.690288713910761,1.23,2.4390243902439046,5.61,5.704099821746869,4572.0,2.690288713910761
Punjab,Mansa,Rice,2023-24,1.34,6.16,4608.0,2023,4,True,4695.0,-1.853035143769968,1.26,6.349206349206354,5.93,3.8785834738617275,4633.5,-0.5503399158303658
Punjab,Mansa,Rice,2024-25,1.44,6.38,4434.0,2024,4,True,4608.0,-3.7760416666666665,1.34,7.462686567164169,6.16,3.571428571428567,4625.0,-4.129729729729729
Punjab,Mansa,Wheat,2021-22,1.73,7.68,4452.0,2021,4,True,,,,,,,,
Punjab,Mansa,Wheat,2022-23,1.71,8.54,5001.0,2022,4,True,4452.0,12.331536388140162,1.73,-1.1560693641618507,7.68,11.19791666666666,4452.0,12.331536388140162
Punjab,Mansa,Wheat,2023-24,1.73,9.57,5537.0,2023,4,True,5001.0,10.717856428714258,1.71,1.1695906432748548,8.54,12.060889929742403,4726.5,17.147995345392996
Punjab,Mansa,Wheat,2024-25,1.72,9.08,5276.0,2024,4,True,5537.0,-4.713743904641503,1.73,-0.5780346820809253,9.57,-5.120167189132709,4996.666666666667,5.590393595730481
Punjab,Moga,Maize,2021-22,0.0,0.02,5000.0,2021,4,True,,,,,,,,
Punjab,Moga,Maize,2022-23,0.0,0.01,5500.0,2022,4,True,5000.0,10.0,0.0,,0.02,-50.0,5000.0,10.0
Punjab,Moga,Maize,2023-24,0.0,0.01,3827.0,2023,4,True,5500.0,-30.418181818181818,0.0,,0.01,0.0,5250.0,-27.104761904761904
Punjab,Moga,Maize,2024-25,0.0,0.01,4250.0,2024,4,True,3827.0,11.053044159916384,0.0,,0.01,0.0,4775.666666666667,-11.007189223145117
Punjab,Moga,Rice,2021-22,1.82,8.61,4739.0,2021,4,True,,,,,,,,
Punjab,Moga,Rice,2022-23,1.83,9.27,5060.0,2022,4,True,4739.0,6.773580924245621,1.82,0.5494505494505499,8.61,7.665505226480838,4739.0,6.773580924245621
Punjab,Moga,Rice,2023-24,1.83,9.46,5163.0,2023,4,True,5060.0,2.0355731225296445,1.83,0.0,9.27,2.0496224379719665,4899.5,5.3780998061026635
Punjab,Moga,Rice,2024-25,1.85,8.72,4721.0,2024,4,True,5163.0,-8.560914197172186,1.83,1.0928961748633887,9.46,-7.822410147991545,4987.333333333333,-5.340195161074717
Punjab,Moga,Wheat,2021-22,1.78,7.78,4373.0,2021,4,True,,,,,,,,
Punjab,Moga,Wheat,2022-23,1.78,8.46,4752.0,2022,4,True,4373.0,8.66681911731077,1.78,0.0,7.78,8.740359897172244,4373.0,8.66681911731077
Punjab,Moga,Wheat,2023-24,1.78,9.54,5370.0,2023,4,True,4752.0,13.005050505050505,1.78,0.0,8.46,12.76595744680849,4562.5,17.698630136986303
Punjab,Moga,Wheat,2024-25,1.76,9.44,5360.0,2024,4,True,5370.0,-0.186219739292365,1.78,-1.1235955056179785,9.54,-1.0482180293501013,4831.666666666667,10.934805105208685
Punjab,Pathankot,Maize,2021-22,0.06,0.24,4034.0,2021,4,True,,,,,,,,
Punjab,Pathankot,Maize,2022-23,0.07,0.19,2714.0,2022,4,True,4034.0,-32.72186415468518,0.06,16.666666666666682,0.24,-20.83333333333333,4034.0,-32.72186415468518
Punjab,Pathankot,Maize,2023-24,0.07,0.22,3199.0,2023,4,True,2714.0,17.87030213706706,0.07,0.0,0.19,15.789473684210526,3374.0,-5.186721991701245
Punjab,Pathankot,Maize,2024-25,0.06,0.2,3313.0,2024,4,True,3199.0,3.5636136292591436,0.07,-14.285714285714295,0.22,-9.090909090909086,3315.6666666666665,-0.08042625917361562
Punjab,Pathankot,Rice,2021-22,0.28,0.97,3514.0,2021,4,True,,,,,,,,
Punjab,Pathankot,Rice,2022-23,0.3,0.82,2724.0,2022,4,True,3514.0,-22.481502561183834,0.28,7.142857142857128,0.97,-15.4639175257732,3514.0,-22.481502561183834
Punjab,Pathankot,Rice,2023-24,0.3,1.19,3952.0,2023,4,True,2724.0,45.08076358296623,0.3,0.0,0.82,45.1219512195122,3119.0,26.70727797370952
Punjab,Pathankot,Rice,2024-25,0.27,1.0,3648.0,2024,4,True,3952.0,-7.6923076923076925,0.3,-9.999999999999991,1.19,-15.966386554621845,3396.6666666666665,7.3994111874386705
Punjab,Pathankot,Wheat,2021-22,0.39,1.44,3655.0,2021,4,True,,,,,,,,
Punjab,Pathankot,Wheat,2022-23,0.4,1.6,3998.0,2022,4,True,3655.0,9.384404924760602,0.39,2.5641025641025665,1.44,11.111111111111121,3655.0,9.384404924760602
Punjab,Pathankot,Wheat,2023-24,0.41,1.62,3993.0,2023,4,True,3998.0,-0.12506253126563283,0.4,2.4999999999999885,1.6,1.250000000000001,3826.5,4.351234809878479
Punjab,Pathankot,Wheat,2024-25,0.4,1.68,4184.0,2024,4,True,3993.0,4.783370899073378,0.41,-2.4390243902438913,1.62,3.703703703703693,3882.0,7.779495105615662
Punjab,Patiala,Maize,2022-23,0.01,0.02,2714.0,2022,3,False,,,,,,,,
Punjab,Patiala,Maize,2023-24,0.01,0.02,2746.0,2023,3,False,2714.0,1.1790714812085483,0.01,0.0,0.02,0.0,2714.0,1.1790714812085483
Punjab,Patiala,Maize,2024-25,0.01,0.04,5029.0,2024,3,False,2746.0,83.13911143481427,0.01,0.0,0.02,100.0,2730.0,84.21245421245422
Punjab,Patiala,Rice,2021-22,2.34,10.08,4313.0,2021,4,True,,,,,,,,
Punjab,Patiala,Rice,2022-23,2.34,9.66,4135.0,2022,4,True,4313.0,-4.1270577324368185,2.34,0.0,10.08,-4.166666666666666,4313.0,-4.1270577324368185
Punjab,Patiala,Rice,2023-24,2.34,10.54,4514.0,2023,4,True,4135.0,9.16565900846433,2.34,0.0,9.66,9.109730848861274,4224.0,6.865530303030303
Punjab,Patiala,Rice,2024-25,2.33,10.45,4483.0,2024,4,True,4514.0,-0.6867523260965884,2.34,-0.4273504273504183,10.54,-0.8538899430740025,4320.666666666667,3.7571362444067202
Punjab,Patiala,Wheat,2021-22,2.34,9.07,3884.0,2021,4,True,,,,,,,,
Punjab,Patiala,Wheat,2022-23,2.33,11.45,4908.0,2022,4,True,3884.0,26.364572605561275,2.34,-0.4273504273504183,9.07,26.240352811466362,3884.0,26.364572605561275
Punjab,Patiala,Wheat,2023-24,2.33,11.54,4957.0,2023,4,True,4908.0,0.9983700081499591,2.33,0.0,11.45,0.7860262008733613,4396.0,12.76160145586897
Punjab,Patiala,Wheat,2024-25,2.31,11.65,5038.0,2024,4,True,4957.0,1.6340528545491224,2.33,-0.858369098712447,11.54,0.9532062391681214,4583.0,9.92799476325551
Punjab,Rupnagar,Maize,2021-22,0.07,0.29,4056.0,2021,4,True,,,,,,,,
Punjab,Rupnagar,Maize,2022-23,0.21,0.82,3980.0,2022,4,True,4056.0,-1.8737672583826428,0.07,199.99999999999994,0.29,182.7586206896552,4056.0,-1.8737672583826428
Punjab,Rupnagar,Maize,2023-24,0.2,0.83,4066.0,2023,4,True,3980.0,2.1608040201005023,0.21,-4.761904761904753,0.82,1.2195121951219523,4018.0,1.1946241911398707
Punjab,Rupnagar,Maize,2024-25,0.2,1.12,5534.0,2024,4,True,4066.0,36.104279390063944,0.2,0.0,0.83,34.93975903614459,4034.0,37.18393653941497
Punjab,Rupnagar,Rice,2021-22,0.4,1.69,4214.0,2021,4,True,,,,,,,,
Punjab,Rupnagar,Rice,2022-23,0.41,1.49,3652.0,2022,4,True,4214.0,-13.336497389653537,0.4,2.4999999999999885,1.69,-11.834319526627217,4214.0,-13.336497389653537
Punjab,Rupnagar,Rice,2023-24,0.41,1.69,4143.0,2023,4,True,3652.0,13.444687842278203,0.41,0.0,1.49,13.422818791946305,3933.0,5.339435545385203
Punjab,Rupnagar,Rice,2024-25,0.42,1.71,4108.0,2024,4,True,4143.0,-0.8447984552256819,0.41,2.4390243902439046,1.69,1.1834319526627228,4003.0,2.623032725455908
Punjab,Rupnagar,Wheat,2021-22,0.69,2.48,3615.0,2021,4,True,,,,,,,,
Punjab,Rupnagar,Wheat,2022-23,0.68,3.06,4511.0,2022,4,True,3615.0,24.785615491009683,0.69,-1.449275362318826,2.48,23.38709677419355,3615.0,24.785615491009683
Punjab,Rupnagar,Wheat,2023-24,0.67,3.2,4759.0,2023,4,True,4511.0,5.497672356461982,0.68,-1.4705882352941189,3.06,4.575163398692815,4063.0,17.13019936007876
Punjab,Rupnagar,Wheat,2024-25,0.67,3.12,4630.0,2024,4,True,4759.0,-2.710653498634167,0.67,0.0,3.2,-2.500000000000002,4295.0,7.799767171129219
Punjab,S.A.S Nagar,Maize,2021-22,0.01,0.02,3000.0,2021,4,True,,,,,,,,
Punjab,S.A.S Nagar,Maize,2022-23,0.03,0.1,2912.0,2022,4,True,3000.0,-2.933333333333333,0.01,199.99999999999994,0.02,400.0,3000.0,-2.933333333333333
Punjab,S.A.S Nagar,Maize,2023-24,0.05,0.16,3531.0,2023,4,True,2912.0,21.25686813186813,0.03,66.66666666666669,0.1,60.0,2956.0,19.451962110960757
Punjab,S.A.S Nagar,Maize,2024-25,0.05,0.2,4551.0,2024,4,True,3531.0,28.88700084961767,0.05,0.0,0.16,25.000000000000007,3147.6666666666665,44.58328920893784
Punjab,S.A.S Nagar,Rice,2021-22,0.32,1.13,3509.0,2021,4,True,,,,,,,,
Punjab,S.A.S Nagar,Rice,2022-23,0.42,1.27,3024.0,2022,4,True,3509.0,-13.821601595896265,0.32,31.249999999999993,1.13,12.389380530973463,3509.0,-13.821601595896265
Punjab,S.A.S Nagar,Rice,2023-24,0.34,1.35,4030.0,2023,4,True,3024.0,33.267195767195766,0.42,-19.047619047619037,1.27,6.2992125984252025,3266.5,23.373641512322056
Punjab,S.A.S Nagar,Rice,2024-25,0.33,1.27,3884.0,2024,4,True,4030.0,-3.6228287841191067,0.34,-2.9411764705882377,1.35,-5.925925925925931,3521.0,10.309571144561204
Punjab,S.A.S Nagar,Wheat,2021-22,0.5,1.86,3713.0,2021,4,True,,,,,,,,
Punjab,S.A.S Nagar,Wheat,2022-23,0.53,2.17,4094.0,2022,4,True,3713.0,10.26124427686507,0.5,6.000000000000005,1.86,16.666666666666657,3713.0,10.26124427686507
Punjab,S.A.S Nagar,Wheat,2023-24,0.52,2.21,4242.0,2023,4,True,4094.0,3.6150464093795796,0.53,-1.8867924528301903,2.17,1.8433179723502322,3903.5,8.671704880235685
Punjab,S.A.S Nagar,Wheat,2024-25,0.52,2.41,4680.0,2024,4,True,4242.0,10.325318246110324,0.52,0.0,2.21,9.049773755656117,4016.3333333333335,16.5241928790771
Punjab,Sangrur,Maize,2021-22,0.0,0.01,4000.0,2021,4,True,,,,,,,,
Punjab,Sangrur,Maize,2022-23,0.0,0.0,4000.0,2022,4,True,4000.0,0.0,0.0,,0.01,-100.0,4000.0,0.0
Punjab,Sangrur,Maize,2023-24,0.0,0.01,3827.0,2023,4,True,4000.0,-4.324999999999999,0.0,,0.0,,4000.0,-4.324999999999999
Punjab,Sangrur,Maize,2024-25,0.0,0.0,4200.0,2024,4,True,3827.0,9.746537758035014,0.0,,0.01,-100.0,3942.3333333333335,6.5358924494799995
Punjab,Sangrur,Rice,2021-22,2.39,11.95,5006.0,2021,4,True,,,,,,,,
Punjab,Sangrur,Rice,2022-23,2.39,12.31,5157.0,2022,4,True,5006.0,3.016380343587695,2.39,0.0,11.95,3.0125523012552406,5006.0,3.016380343587695
Punjab,Sangrur,Rice,2023-24,2.39,12.35,5177.0,2023,4,True,5157.0,0.3878223773511732,2.39,0.0,12.31,0.32493907392363236,5081.5,1.8793663288399094
Punjab,Sangrur,Rice,2024-25,2.41,11.69,4853.0,2024,4,True,5177.0,-6.258450840254974,2.39,0.836820083682009,12.35,-5.344129554655871,5113.333333333333,-5.091264667535849
Punjab,Sangrur,Wheat,2021-22,2.39,9.89,4142.0,2021,4,True,,,,,,,,
Punjab,Sangrur,Wheat,2022-23,2.39,12.58,5269.0,2022,4,True,4142.0,27.209077740222114,2.39,0.0,9.89,27.19919110212335,4142.0,27.209077740222114
Punjab,Sangrur,Wheat,2023-24,2.39,13.23,5529.0,2023,4,True,5269.0,4.9345226798253945,2.39,0.0,12.58,5.166931637519875,4705.5,17.500796939751353
Punjab,Sangrur,Wheat,2024-25,2.4,13.25,5519.0,2024,4,True,5529.0,-0.18086453246518358,2.39,0.41841004184099523,13.23,0.15117157974300507,4980.0,10.823293172690764
Punjab,Shahid Bhagat Singh Nagar,Maize,2021-22,0.21,0.68,3159.0,2021,4,True,,,,,,,,
Punjab,Shahid Bhagat Singh Nagar,Maize,2022-23,0.07,0.36,5600.0,2022,4,True,3159.0,77.27128838239949,0.21,-66.66666666666666,0.68,-47.05882352941177,3159.0,77.27128838239949
Punjab,Shahid Bhagat Singh Nagar,Maize,2023-24,0.07,0.3,4677.0,2023,4,True,5600.0,-16.482142857142858,0.07,0.0,0.36,-16.666666666666664,4379.5,6.793012901016097
Punjab,Shahid Bhagat Singh Nagar,Maize,2024-25,0.05,0.26,4819.0,2024,4,True,4677.0,3.036134274107334,0.07,-28.571428571428577,0.3,-13.333333333333327,4478.666666666667,7.598987793986297
Punjab,Shahid Bhagat Singh Nagar,Rice,2021-22,0.61,2.75,4516.0,2021,4,True,,,,,,,,
Punjab,Shahid Bhagat Singh Nagar,Rice,2022-23,0.63,2.24,3556.0,2022,4,True,4516.0,-21.257750221434897,0.61,3.2786885245901667,2.75,-18.545454545454536,4516.0,-21.257750221434897
Punjab,Shahid Bhagat Singh Nagar,Rice,2023-24,0.63,2.92,4622.0,2023,4,True,3556.0,29.977502812148483,0.63,0.0,2.24,30.357142857142843,4036.0,14.519326065411297
Punjab,Shahid Bhagat Singh Nagar,Rice,2024-25,0.63,2.87,4538.0,2024,4,True,4622.0,-1.8173950670705323,0.63,0.0,2.92,-1.7123287671232816,4231.333333333333,7.247518512683166
Punjab,Shahid Bhagat Singh Nagar,Wheat,2021-22,0.77,2.99,3868.0,2021,4,True,,,,,,,,
Punjab,Shahid Bhagat Singh Nagar,Wheat,2022-23,0.78,3.86,4946.0,2022,4,True,3868.0,27.869700103412615,0.77,1.2987012987012998,2.99,29.09698996655517,3868.0,27.869700103412615
Punjab,Shahid Bhagat Singh Nagar,Wheat,2023-24,0.78,3.7,4756.0,2023,4,True,4946.0,-3.841488071168621,0.78,0.0,3.86,-4.145077720207246,4407.0,7.919219423644202
Punjab,Shahid Bhagat Singh Nagar,Wheat,2024-25,0.78,3.9,5019.0,2024,4,True,4756.0,5.529857022708158,0.78,0.0,3.7,5.405405405405398,4523.333333333333,10.957995578481954
Punjab,Sri Muktsar Sahib,Maize,2021-22,0.08,0.41,5338.0,2021,2,False,,,,,,,,
Punjab,Sri Muktsar Sahib,Maize,2022-23,0.0,0.01,4500.0,2022,2,False,5338.0,-15.698763581865869,0.08,-100.0,0.41,-97.5609756097561,5338.0,-15.698763581865869
Punjab,Sri Muktsar Sahib,Rice,2021-22,1.83,7.66,4177.0,2021,4,True,,,,,,,,
Punjab,Sri Muktsar Sahib,Rice,2022-23,1.83,7.54,4120.0,2022,4,True,4177.0,-1.364615752932727,1.83,0.0,7.66,-1.5665796344647531,4177.0,-1.364615752932727
Punjab,Sri Muktsar Sahib,Rice,2023-24,1.88,7.64,4075.0,2023,4,True,4120.0,-1.0922330097087378,1.83,2.73224043715846,7.54,1.3262599469495973,4148.5,-1.771724719778233
Punjab,Sri Muktsar Sahib,Rice,2024-25,2.02,8.41,4173.0,2024,4,True,4075.0,2.4049079754601226,1.88,7.446808510638305,7.64,10.07853403141362,4124.0,1.1881668283220175
Punjab,Sri Muktsar Sahib,Wheat,2021-22,2.19,9.92,4526.0,2021,4,True,,,,,,,,
Punjab,Sri Muktsar Sahib,Wheat,2022-23,2.17,10.19,4694.0,2022,4,True,4526.0,3.7118868758285464,2.19,-0.9132420091324209,9.92,2.721774193548383,4526.0,3.7118868758285464
Punjab,Sri Muktsar Sahib,Wheat,2023-24,2.17,11.8,5444.0,2023,4,True,4694.0,15.977844056242011,2.17,0.0,10.19,15.799803729146234,4610.0,18.09110629067245
Punjab,Sri Muktsar Sahib,Wheat,2024-25,2.18,11.71,5379.0,2024,4,True,5444.0,-1.1939750183688465,2.17,0.46082949308756826,11.8,-0.7627118644067784,4888.0,10.045008183306056
Punjab,Tarn Taran,Maize,2021-22,0.0,0.01,4000.0,2021,4,True,,,,,,,,
Punjab,Tarn Taran,Maize,2022-23,0.0,0.01,4333.0,2022,4,True,4000.0,8.325000000000001,0.0,,0.01,0.0,4000.0,8.325000000000001
Punjab,Tarn Taran,Maize,2023-24,0.0,0.01,3827.0,2023,4,True,4333.0,-11.677821370874684,0.0,,0.01,0.0,4166.5,-8.148325933037322
Punjab,Tarn Taran,Maize,2024-25,0.0,0.0,4200.0,2024,4,True,3827.0,9.746537758035014,0.0,,0.01,-100.0,4053.3333333333335,3.6184210526315748
Punjab,Tarn Taran,Rice,2021-22,1.82,7.24,3978.0,2021,4,True,,,,,,,,
Punjab,Tarn Taran,Rice,2022-23,1.82,7.64,4189.0,2022,4,True,3978.0,5.304172951231775,1.82,0.0,7.24,5.524861878453031,3978.0,5.304172951231775
Punjab,Tarn Taran,Rice,2023-24,1.75,7.43,4247.0,2023,4,True,4189.0,1.3845786583910242,1.82,-3.8461538461538494,7.64,-2.7486910994764395,4083.5,4.003918207420106
Punjab,Tarn Taran,Rice,2024-25,1.85,7.93,4280.0,2024,4,True,4247.0,0.7770190722863198,1.75,5.71428571428572,7.43,6.7294751009421265,4138.0,3.4316094731754467
Punjab,Tarn Taran,Wheat,2021-22,1.86,7.96,4291.0,2021,4,True,,,,,,,,
Punjab,Tarn Taran,Wheat,2022-23,1.9,8.86,4670.0,2022,4,True,4291.0,8.832439990678163,1.86,2.150537634408592,7.96,11.306532663316576,4291.0,8.832439990678163
Punjab,Tarn Taran,Wheat,2023-24,1.93,9.61,4992.0,2023,4,True,4670.0,6.895074946466809,1.9,1.578947368421054,8.86,8.465011286681715,4480.5,11.416136591898224
Punjab,Tarn Taran,Wheat,2024-25,1.93,9.59,4973.0,2024,4,True,4992.0,-0.38060897435897434,1.93,0.0,9.61,-0.20811654526534418,4651.0,6.923242313480972
Uttar Pradesh,Agra,Maize,2021-22,0.0,0.01,2900.0,2021,4,True,,,,,,,,
Uttar Pradesh,Agra,Maize,2022-23,0.01,0.02,2800.0,2022,4,True,2900.0,-3.4482758620689653,0.0,,0.01,100.0,2900.0,-3.4482758620689653
Uttar Pradesh,Agra,Maize,2023-24,0.05,0.15,3189.0,2023,4,True,2800.0,13.892857142857142,0.01,400.0,0.02,650.0,2850.0,11.894736842105264
Uttar Pradesh,Agra,Maize,2024-25,0.01,0.05,3483.0,2024,4,True,3189.0,9.219190968955786,0.05,-80.0,0.15,-66.66666666666666,2963.0,17.549780627742155
Uttar Pradesh,Agra,Rice,2021-22,0.05,0.13,2561.0,2021,4,True,,,,,,,,
Uttar Pradesh,Agra,Rice,2022-23,0.07,0.18,2688.0,2022,4,True,2561.0,4.959000390472472,0.05,40.00000000000001,0.13,38.46153846153845,2561.0,4.959000390472472
Uttar Pradesh,Agra,Rice,2023-24,0.06,0.14,2616.0,2023,4,True,2688.0,-2.6785714285714284,0.07,-14.285714285714295,0.18,-22.222222222222214,2624.5,-0.32387121356448845
Uttar Pradesh,Agra,Rice,2024-25,0.17,0.47,2729.0,2024,4,True,2616.0,4.319571865443425,0.06,183.33333333333337,0.14,235.71428571428567,2621.6666666666665,4.094087730451372
Uttar Pradesh,Agra,Wheat,2021-22,1.42,5.73,4050.0,2021,4,True,,,,,,,,
Uttar Pradesh,Agra,Wheat,2022-23,1.31,5.53,4222.0,2022,4,True,4050.0,4.246913580246914,1.42,-7.746478873239428,5.73,-3.490401396160561,4050.0,4.246913580246914
Uttar Pradesh,Agra,Wheat,2023-24,1.21,5.1,4229.0,2023,4,True,4222.0,0.16579819990525818,1.31,-7.633587786259549,5.53,-7.775768535262216,4136.0,2.248549323017408
Uttar Pradesh,Agra,Wheat,2024-25,1.25,5.22,4165.0,2024,4,True,4229.0,-1.5133601324190116,1.21,3.305785123966945,5.1,2.3529411764705905,4167.0,-0.04799616030717543
Uttar Pradesh,Aligarh,Maize,2021-22,0.21,0.53,2452.0,2021,4,True,,,,,,,,
Uttar Pradesh,Aligarh,Maize,2022-23,0.23,0.57,2467.0,2022,4,True,2452.0,0.6117455138662317,0.21,9.523809523809533,0.53,7.547169811320741,2452.0,0.6117455138662317
Uttar Pradesh,Aligarh,Maize,2023-24,0.3,0.87,2889.0,2023,4,True,2467.0,17.105796513984597,0.23,30.43478260869564,0.57,52.63157894736843,2459.5,17.462898963203905
Uttar Pradesh,Aligarh,Maize,2024-25,0.16,0.48,2997.0,2024,4,True,2889.0,3.7383177570093453,0.3,-46.666666666666664,0.87,-44.827586206896555,2602.6666666666665,15.151127049180335
Uttar Pradesh,Aligarh,Rice,2021-22,0.88,2.2,2494.0,2021,4,True,,,,,,,,
Uttar Pradesh,Aligarh,Rice,2022-23,0.89,2.23,2500.0,2022,4,True,2494.0,0.24057738572574178,0.88,1.1363636363636374,2.2,1.3636363636363547,2494.0,0.24057738572574178
Uttar Pradesh,Aligarh,Rice,2023-24,0.84,2.16,2562.0,2023,4,True,2500.0,2.48,0.89,-5.6179775280898925,2.23,-3.1390134529147913,2497.0,2.6031237484981977
Uttar Pradesh,Aligarh,Rice,2024-25,1.89,4.91,2600.0,2024,4,True,2562.0,1.483216237314598,0.84,124.99999999999997,2.16,127.31481481481481,2518.6666666666665,3.2292218104817425
Uttar Pradesh,Aligarh,Wheat,2021-22,2.33,9.76,4195.0,2021,4,True,,,,,,,,
Uttar Pradesh,Aligarh,Wheat,2022-23,1.82,7.64,4196.0,2022,4,True,4195.0,0.023837902264600714,2.33,-21.888412017167383,9.76,-21.721311475409838,4195.0,0.023837902264600714
Uttar Pradesh,Aligarh,Wheat,2023-24,1.93,7.69,3976.0,2023,4,True,4196.0,-5.243088655862726,1.82,6.043956043956037,7.64,0.6544502617801141,4195.5,-5.231795971874628
Uttar Pradesh,Aligarh,Wheat,2024-25,1.84,6.94,3764.0,2024,4,True,3976.0,-5.331991951710262,1.93,-4.663212435233153,7.69,-9.752925877763328,4122.333333333333,-8.692488073097755
Uttar Pradesh,Ambedkar Nagar,Maize,2021-22,0.01,0.02,1925.0,2021,4,True,,,,,,,,
Uttar Pradesh,Ambedkar Nagar,Maize,2022-23,0.01,0.01,1687.0,2022,4,True,1925.0,-12.363636363636363,0.01,0.0,0.02,-50.0,1925.0,-12.363636363636363
Uttar Pradesh,Ambedkar Nagar,Maize,2023-24,0.01,0.02,2053.0,2023,4,True,1687.0,21.69531713100178,0.01,0.0,0.01,100.0,1806.0,13.676633444075303
Uttar Pradesh,Ambedkar Nagar,Maize,2024-25,0.0,0.01,2127.0,2024,4,True,2053.0,3.6044812469556744,0.01,-100.0,0.02,-50.0,1888.3333333333333,12.639011473962935
Uttar Pradesh,Ambedkar Nagar,Rice,2021-22,1.28,3.51,2748.0,2021,4,True,,,,,,,,
Uttar Pradesh,Ambedkar Nagar,Rice,2022-23,1.16,3.17,2725.0,2022,4,True,2748.0,-0.8369723435225619,1.28,-9.375000000000009,3.51,-9.686609686609684,2748.0,-0.8369723435225619
Uttar Pradesh,Ambedkar Nagar,Rice,2023-24,1.07,3.14,2927.0,2023,4,True,2725.0,7.412844036697249,1.16,-7.75862068965516,3.17,-0.946372239747628,2736.5,6.961447103964918
Uttar Pradesh,Ambedkar Nagar,Rice,2024-25,1.52,4.76,3129.0,2024,4,True,2927.0,6.901264092927913,1.07,42.05607476635513,3.14,51.592356687898075,2800.0,11.75
Uttar Pradesh,Ambedkar Nagar,Wheat,2021-22,1.24,4.56,3684.0,2021,4,True,,,,,,,,
Uttar Pradesh,Ambedkar Nagar,Wheat,2022-23,1.18,4.02,3398.0,2022,4,True,3684.0,-7.763300760043432,1.24,-4.8387096774193585,4.56,-11.842105263157897,3684.0,-7.763300760043432
Uttar Pradesh,Ambedkar Nagar,Wheat,2023-24,1.12,4.0,3557.0,2023,4,True,3398.0,4.679223072395526,1.18,-5.08474576271185,4.02,-0.4975124378109347,3541.0,0.451849759954815
Uttar Pradesh,Ambedkar Nagar,Wheat,2024-25,1.1,4.26,3890.0,2024,4,True,3557.0,9.361821759910036,1.12,-1.785714285714287,4.0,6.499999999999995,3546.3333333333335,9.690760409812947
Uttar Pradesh,Amethi,Maize,2021-22,0.01,0.01,1680.0,2021,4,True,,,,,,,,
Uttar Pradesh,Amethi,Maize,2022-23,0.01,0.01,1637.0,2022,4,True,1680.0,-2.5595238095238093,0.01,0.0,0.01,0.0,1680.0,-2.5595238095238093
Uttar Pradesh,Amethi,Maize,2023-24,0.02,0.06,2633.0,2023,4,True,1637.0,60.843005497861945,0.01,100.0,0.01,499.9999999999999,1658.5,58.7579137775098
Uttar Pradesh,Amethi,Maize,2024-25,0.01,0.02,3391.0,2024,4,True,2633.0,28.788454234713257,0.02,-50.0,0.06,-66.66666666666666,1983.3333333333333,70.9747899159664
Uttar Pradesh,Amethi,Rice,2021-22,1.2,2.89,2409.0,2021,4,True,,,,,,,,
Uttar Pradesh,Amethi,Rice,2022-23,1.2,3.23,2690.0,2022,4,True,2409.0,11.664591116645912,1.2,0.0,2.89,11.764705882352935,2409.0,11.664591116645912
Uttar Pradesh,Amethi,Rice,2023-24,1.13,3.17,2804.0,2023,4,True,2690.0,4.237918215613383,1.2,-5.833333333333339,3.23,-1.8575851393188871,2549.5,9.982349480290253
Uttar Pradesh,Amethi,Rice,2024-25,0.97,2.73,2796.0,2024,4,True,2804.0,-0.28530670470756064,1.13,-14.159292035398224,3.17,-13.880126182965299,2634.3333333333335,6.136910034164235
Uttar Pradesh,Amethi,Wheat,2021-22,1.39,4.45,3215.0,2021,4,True,,,,,,,,
Uttar Pradesh,Amethi,Wheat,2022-23,1.3,3.81,2945.0,2022,4,True,3215.0,-8.398133748055987,1.39,-6.474820143884882,4.45,-14.382022471910114,3215.0,-8.398133748055987
Uttar Pradesh,Amethi,Wheat,2023-24,1.2,3.43,2861.0,2023,4,True,2945.0,-2.8522920203735143,1.3,-7.692307692307699,3.81,-9.973753280839892,3080.0,-7.11038961038961
Uttar Pradesh,Amethi,Wheat,2024-25,1.17,3.73,3175.0,2024,4,True,2861.0,10.975183502271934,1.2,-2.500000000000002,3.43,8.746355685131189,3007.0,5.58696375124709
Uttar Pradesh,Amroha,Maize,2021-22,0.03,0.06,2384.0,2021,4,True,,,,,,,,
Uttar Pradesh,Amroha,Maize,2022-23,0.03,0.06,2487.0,2022,4,True,2384.0,4.320469798657718,0.03,0.0,0.06,0.0,2384.0,4.320469798657718
Uttar Pradesh,Amroha,Maize,2023-24,0.05,0.13,2379.0,2023,4,True,2487.0,-4.342581423401689,0.03,66.66666666666669,0.06,116.66666666666667,2435.5,-2.3198521864093617
Uttar Pradesh,Amroha,Maize,2024-25,0.04,0.13,3314.0,2024,4,True,2379.0,39.30222782681799,0.05,-20.000000000000004,0.13,0.0,2416.6666666666665,37.13103448275863
Uttar Pradesh,Amroha,Rice,2021-22,0.27,0.74,2760.0,2021,4,True,,,,,,,,
Uttar Pradesh,Amroha,Rice,2022-23,0.29,0.71,2474.0,2022,4,True,2760.0,-10.362318840579709,0.27,7.407407407407393,0.74,-4.054054054054058,2760.0,-10.362318840579709
Uttar Pradesh,Amroha,Rice,2023-24,0.25,0.65,2586.0,2023,4,True,2474.0,4.527081649151172,0.29,-13.793103448275856,0.71,-8.450704225352105,2617.0,-1.184562476117692
Uttar Pradesh,Amroha,Rice,2024-25,0.32,0.81,2526.0,2024,4,True,2586.0,-2.320185614849188,0.25,28.000000000000004,0.65,24.61538461538462,2606.6666666666665,-3.0946291560102246
Uttar Pradesh,Amroha,Wheat,2021-22,0.96,3.79,3948.0,2021,4,True,,,,,,,,
Uttar Pradesh,Amroha,Wheat,2022-23,0.93,3.82,4114.0,2022,4,True,3948.0,4.204660587639311,0.96,-3.124999999999991,3.79,0.7915567282321848,3948.0,4.204660587639311
Uttar Pradesh,Amroha,Wheat,2023-24,0.68,2.71,3984.0,2023,4,True,4114.0,-3.1599416626154593,0.93,-26.881720430107524,3.82,-29.05759162303665,4031.0,-1.1659637806995784
Uttar Pradesh,Amroha,Wheat,2024-25,0.87,3.19,3665.0,2024,4,True,3984.0,-8.007028112449799,0.68,27.941176470588225,2.71,17.712177121771216,4015.3333333333335,-8.724887929603192
Uttar Pradesh,Auraiya,Maize,2021-22,0.11,0.35,3180.0,2021,4,True,,,,,,,,
Uttar Pradesh,Auraiya,Maize,2022-23,0.12,0.34,2928.0,2022,4,True,3180.0,-7.9245283018867925,0.11,9.090909090909086,0.35,-2.857142857142844,3180.0,-7.9245283018867925
Uttar Pradesh,Auraiya,Maize,2023-24,0.15,0.45,2879.0,2023,4,True,2928.0,-1.673497267759563,0.12,25.0,0.34,32.35294117647059,3054.0,-5.73018991486575
Uttar Pradesh,Auraiya,Maize,2024-25,0.06,0.13,2222.0,2024,4,True,2879.0,-22.82042375824939,0.15,-60.0,0.45,-71.11111111111111,2995.6666666666665,-25.82619339045287
Uttar Pradesh,Auraiya,Rice,2021-22,0.5,1.69,3404.0,2021,4,True,,,,,,,,
Uttar Pradesh,Auraiya,Rice,2022-23,0.58,2.15,3699.0,2022,4,True,3404.0,8.666274970622796,0.5,15.999999999999993,1.69,27.218934911242602,3404.0,8.666274970622796
Uttar Pradesh,Auraiya,Rice,2023-24,0.46,1.42,3118.0,2023,4,True,3699.0,-15.706947823736146,0.58,-20.689655172413783,2.15,-33.95348837209302,3551.5,-12.206110094326341
Uttar Pradesh,Auraiya,Rice,2024-25,0.85,2.62,3084.0,2024,4,True,3118.0,-1.0904425914047466,0.46,84.78260869565216,1.42,84.50704225352115,3407.0,-9.480481361901967
Uttar Pradesh,Auraiya,Wheat,2021-22,1.06,4.2,3968.0,2021,4,True,,,,,,,,
Uttar Pradesh,Auraiya,Wheat,2022-23,1.03,4.3,4170.0,2022,4,True,3968.0,5.090725806451613,1.06,-2.8301886792452855,4.2,2.3809523809523725,3968.0,5.090725806451613
Uttar Pradesh,Auraiya,Wheat,2023-24,0.88,3.51,3967.0,2023,4,True,4170.0,-4.86810551558753,1.03,-14.563106796116507,4.3,-18.372093023255815,4069.0,-2.5067584173015485
Uttar Pradesh,Auraiya,Wheat,2024-25,0.97,3.17,3252.0,2024,4,True,3967.0,-18.023695487774134,0.88,10.227272727272723,3.51,-9.686609686609684,4035.0,-19.405204460966544
Uttar Pradesh,Ayodhya,Maize,2021-22,0.03,0.07,2065.0,2021,4,True,,,,,,,,
Uttar Pradesh,Ayodhya,Maize,2022-23,0.03,0.09,2917.0,2022,4,True,2065.0,41.2590799031477,0.03,0.0,0.07,28.57142857142855,2065.0,41.2590799031477
Uttar Pradesh,Ayodhya,Maize,2023-24,0.08,0.21,2709.0,2023,4,True,2917.0,-7.130613644154954,0.03,166.66666666666669,0.09,133.33333333333331,2491.0,8.751505419510238
Uttar Pradesh,Ayodhya,Maize,2024-25,0.04,0.12,3094.0,2024,4,True,2709.0,14.21188630490956,0.08,-50.0,0.21,-42.857142857142854,2563.6666666666665,20.68651670784034
Uttar Pradesh,Ayodhya,Rice,2021-22,1.02,2.59,2539.0,2021,4,True,,,,,,,,
Uttar Pradesh,Ayodhya,Rice,2022-23,0.99,2.55,2575.0,2022,4,True,2539.0,1.4178810555336747,1.02,-2.9411764705882377,2.59,-1.5444015444015458,2539.0,1.4178810555336747
Uttar Pradesh,Ayodhya,Rice,2023-24,0.95,2.89,3051.0,2023,4,True,2575.0,18.485436893203882,0.99,-4.040404040404044,2.55,13.333333333333346,2557.0,19.31951505670708
Uttar Pradesh,Ayodhya,Rice,2024-25,0.94,2.81,2987.0,2024,4,True,3051.0,-2.0976728941330713,0.95,-1.0526315789473695,2.89,-2.7681660899654004,2721.6666666666665,9.748928352725052
Uttar Pradesh,Ayodhya,Wheat,2021-22,1.16,3.93,3396.0,2021,4,True,,,,,,,,
Uttar Pradesh,Ayodhya,Wheat,2022-23,1.07,3.39,3168.0,2022,4,True,3396.0,-6.713780918727916,1.16,-7.75862068965516,3.93,-13.740458015267176,3396.0,-6.713780918727916
Uttar Pradesh,Ayodhya,Wheat,2023-24,0.91,2.74,2992.0,2023,4,True,3168.0,-5.555555555555555,1.07,-14.953271028037385,3.39,-19.174041297935098,3282.0,-8.836075563680684
Uttar Pradesh,Ayodhya,Wheat,2024-25,1.04,3.67,3521.0,2024,4,True,2992.0,17.680481283422463,0.91,14.285714285714285,2.74,33.94160583941604,3185.3333333333335,10.537881958978646
Uttar Pradesh,Azamgarh,Maize,2021-22,0.08,0.14,1804.0,2021,4,True,,,,,,,,
Uttar Pradesh,Azamgarh,Maize,2022-23,0.09,0.18,1981.0,2022,4,True,1804.0,9.811529933481152,0.08,12.499999999999993,0.14,28.57142857142855,1804.0,9.811529933481152
Uttar Pradesh,Azamgarh,Maize,2023-24,0.08,0.19,2300.0,2023,4,True,1981.0,16.102978293791015,0.09,-11.111111111111107,0.18,5.555555555555561,1892.5,21.532364597093792
Uttar Pradesh,Azamgarh,Maize,2024-25,0.04,0.11,2617.0,2024,4,True,2300.0,13.782608695652174,0.08,-50.0,0.19,-42.10526315789473,2028.3333333333333,29.022185702547254
Uttar Pradesh,Azamgarh,Rice,2021-22,2.13,5.1,2390.0,2021,4,True,,,,,,,,
Uttar Pradesh,Azamgarh,Rice,2022-23,2.12,5.2,2448.0,2022,4,True,2390.0,2.426778242677824,2.13,-0.4694835680751074,5.1,1.960784313725501,2390.0,2.426778242677824
Uttar Pradesh,Azamgarh,Rice,2023-24,1.97,4.57,2324.0,2023,4,True,2448.0,-5.065359477124183,2.12,-7.075471698113213,5.2,-12.115384615384613,2419.0,-3.9272426622571315
Uttar Pradesh,Azamgarh,Rice,2024-25,1.65,4.02,2434.0,2024,4,True,2324.0,4.733218588640275,1.97,-16.24365482233503,4.57,-12.035010940919053,2387.3333333333335,1.9547612398771226
Uttar Pradesh,Azamgarh,Wheat,2021-22,2.45,8.51,3474.0,2021,4,True,,,,,,,,
Uttar Pradesh,Azamgarh,Wheat,2022-23,2.34,8.41,3589.0,2022,4,True,3474.0,3.310305123776627,2.45,-4.48979591836736,8.51,-1.1750881316098667,3474.0,3.310305123776627
Uttar Pradesh,Azamgarh,Wheat,2023-24,2.23,7.73,3471.0,2023,4,True,3589.0,-3.2878239063806074,2.34,-4.700854700854696,8.41,-8.085612366230674,3531.5,-1.7131530511114257
Uttar Pradesh,Azamgarh,Wheat,2024-25,2.28,8.2,3602.0,2024,4,True,3471.0,3.7741284932296173,2.23,2.242152466367705,7.73,6.080206985769713,3511.3333333333335,2.582115056009109
Uttar Pradesh,Baghpat,Maize,2021-22,0.0,0.0,2636.0,2021,4,True,,,,,,,,
Uttar Pradesh,Baghpat,Maize,2022-23,0.0,0.0,2200.0,2022,4,True,2636.0,-16.5402124430956,0.0,,0.0,,2636.0,-16.5402124430956
Uttar Pradesh,Baghpat,Maize,2023-24,0.0,0.0,2487.0,2023,4,True,2200.0,13.045454545454547,0.0,,0.0,,2418.0,2.8535980148883375
Uttar Pradesh,Baghpat,Maize,2024-25,0.0,0.01,3474.0,2024,4,True,2487.0,39.68636911942099,0.0,,0.0,,2441.0,42.3187218353134
Uttar Pradesh,Baghpat,Rice,2021-22,0.05,0.15,2888.0,2021,4,True,,,,,,,,
Uttar Pradesh,Baghpat,Rice,2022-23,0.05,0.13,2791.0,2022,4,True,2888.0,-3.358725761772853,0.05,0.0,0.15,-13.333333333333327,2888.0,-3.358725761772853
Uttar Pradesh,Baghpat,Rice,2023-24,0.05,0.14,2793.0,2023,4,True,2791.0,0.07165890361877462,0.05,0.0,0.13,7.692307692307699,2839.5,-1.6376122556788169
Uttar Pradesh,Baghpat,Rice,2024-25,0.13,0.35,2728.0,2024,4,True,2793.0,-2.3272466881489438,0.05,160.0,0.14,149.99999999999994,2824.0,-3.39943342776204
Uttar Pradesh,Baghpat,Wheat,2021-22,0.57,2.6,4551.0,2021,4,True,,,,,,,,
Uttar Pradesh,Baghpat,Wheat,2022-23,0.55,2.49,4537.0,2022,4,True,4551.0,-0.3076246978686003,0.57,-3.508771929824545,2.6,-4.230769230769226,4551.0,-0.3076246978686003
Uttar Pradesh,Baghpat,Wheat,2023-24,0.44,1.88,4263.0,2023,4,True,4537.0,-6.039232973330395,0.55,-20.000000000000007,2.49,-24.497991967871496,4544.0,-6.183978873239437
Uttar Pradesh,Baghpat,Wheat,2024-25,0.48,2.09,4398.0,2024,4,True,4263.0,3.166783954961295,0.44,9.090909090909086,1.88,11.170212765957444,4450.333333333333,-1.175941877012951
Uttar Pradesh,Bahraich,Maize,2021-22,0.95,1.33,1404.0,2021,4,True,,,,,,,,
Uttar Pradesh,Bahraich,Maize,2022-23,0.95,1.47,1548.0,2022,4,True,1404.0,10.256410256410255,0.95,0.0,1.33,10.526315789473676,1404.0,10.256410256410255
Uttar Pradesh,Bahraich,Maize,2023-24,1.0,1.78,1781.0,2023,4,True,1548.0,15.051679586563308,0.95,5.263157894736848,1.47,21.088435374149665,1476.0,20.663956639566393
Uttar Pradesh,Bahraich,Maize,2024-25,0.51,1.01,1999.0,2024,4,True,1781.0,12.240314430095452,1.0,-49.0,1.78,-43.258426966292134,1577.6666666666667,26.706106063807304
Uttar Pradesh,Bahraich,Rice,2021-22,1.71,3.98,2329.0,2021,4,True,,,,,,,,
Uttar Pradesh,Bahraich,Rice,2022-23,1.71,3.98,2328.0,2022,4,True,2329.0,-0.042936882782310004,1.71,0.0,3.98,0.0,2329.0,-0.042936882782310004
Uttar Pradesh,Bahraich,Rice,2023-24,1.6,4.59,2864.0,2023,4,True,2328.0,23.02405498281787,1.71,-6.432748538011689,3.98,15.326633165829143,2328.5,22.997637964354734
Uttar Pradesh,Bahraich,Rice,2024-25,1.66,5.09,3066.0,2024,4,True,2864.0,7.0530726256983245,1.6,3.7499999999999893,4.59,10.893246187363834,2507.0,22.297566812923815
Uttar Pradesh,Bahraich,Wheat,2021-22,1.65,5.82,3518.0,2021,4,True,,,,,,,,
Uttar Pradesh,Bahraich,Wheat,2022-23,1.88,6.08,3242.0,2022,4,True,3518.0,-7.845366685616828,1.65,13.939393939393941,5.82,4.46735395189003,3518.0,-7.845366685616828
Uttar Pradesh,Bahraich,Wheat,2023-24,1.86,5.89,3168.0,2023,4,True,3242.0,-2.282541640962369,1.88,-1.0638297872340319,6.08,-3.125000000000006,3380.0,-6.272189349112427
Uttar Pradesh,Bahraich,Wheat,2024-25,1.9,6.69,3528.0,2024,4,True,3168.0,11.363636363636363,1.86,2.150537634408592,5.89,13.582342954159603,3309.3333333333335,6.607574536663975
Uttar Pradesh,Ballia,Maize,2021-22,0.37,0.45,1195.0,2021,4,True,,,,,,,,
Uttar Pradesh,Ballia,Maize,2022-23,0.36,0.44,1230.0,2022,4,True,1195.0,2.928870292887029,0.37,-2.7027027027027053,0.45,-2.222222222222224,1195.0,2.928870292887029
Uttar Pradesh,Ballia,Maize,2023-24,0.36,0.64,1781.0,2023,4,True,1230.0,44.796747967479675,0.36,0.0,0.44,45.45454545454546,1212.5,46.886597938144334
Uttar Pradesh,Ballia,Maize,2024-25,0.18,0.49,2711.0,2024,4,True,1781.0,52.21785513756316,0.36,-50.0,0.64,-23.437500000000004,1402.0,93.36661911554923
Uttar Pradesh,Ballia,Rice,2021-22,1.18,3.02,2563.0,2021,4,True,,,,,,,,
Uttar Pradesh,Ballia,Rice,2022-23,1.16,2.85,2459.0,2022,4,True,2563.0,-4.057744830277019,1.18,-1.6949152542372898,3.02,-5.629139072847679,2563.0,-4.057744830277019
Uttar Pradesh,Ballia,Rice,2023-24,1.08,2.61,2421.0,2023,4,True,2459.0,-1.5453436356242376,1.16,-6.896551724137918,2.85,-8.421052631578954,2511.0,-3.584229390681003
Uttar Pradesh,Ballia,Rice,2024-25,0.69,1.75,2527.0,2024,4,True,2421.0,4.378356051218505,1.08,-36.11111111111112,2.61,-32.95019157088122,2481.0,1.8540910923014913
Uttar Pradesh,Ballia,Wheat,2021-22,1.42,5.37,3772.0,2021,4,True,,,,,,,,
Uttar Pradesh,Ballia,Wheat,2022-23,1.48,5.15,3484.0,2022,4,True,3772.0,-7.635206786850477,1.42,4.2253521126760605,5.37,-4.096834264432025,3772.0,-7.635206786850477
Uttar Pradesh,Ballia,Wheat,2023-24,1.24,4.2,3396.0,2023,4,True,3484.0,-2.525832376578645,1.48,-16.216216216216218,5.15,-18.446601941747577,3628.0,-6.39470782800441
Uttar Pradesh,Ballia,Wheat,2024-25,1.41,5.15,3653.0,2024,4,True,3396.0,7.567726737338044,1.24,13.709677419354833,4.2,22.61904761904762,3550.6666666666665,2.882087870822385
Uttar Pradesh,Balrampur,Maize,2021-22,0.03,0.04,1302.0,2021,4,True,,,,,,,,
Uttar Pradesh,Balrampur,Maize,2022-23,0.04,0.07,1764.0,2022,4,True,1302.0,35.483870967741936,0.03,33.33333333333334,0.04,75.00000000000001,1302.0,35.483870967741936
Uttar Pradesh,Balrampur,Maize,2023-24,0.04,0.06,1728.0,2023,4,True,1764.0,-2.0408163265306123,0.04,0.0,0.07,-14.285714285714295,1533.0,12.720156555772993
Uttar Pradesh,Balrampur,Maize,2024-25,0.03,0.07,2414.0,2024,4,True,1728.0,39.699074074074076,0.04,-25.000000000000007,0.06,16.666666666666682,1598.0,51.06382978723404
Uttar Pradesh,Balrampur,Rice,2021-22,1.35,3.42,2537.0,2021,4,True,,,,,,,,
Uttar Pradesh,Balrampur,Rice,2022-23,1.35,2.87,2133.0,2022,4,True,2537.0,-15.924320063066613,1.35,0.0,3.42,-16.081871345029235,2537.0,-15.924320063066613
Uttar Pradesh,Balrampur,Rice,2023-24,1.27,3.78,2972.0,2023,4,True,2133.0,39.3342709798406,1.35,-5.925925925925931,2.87,31.70731707317072,2335.0,27.280513918629552
Uttar Pradesh,Balrampur,Rice,2024-25,1.21,3.32,2743.0,2024,4,True,2972.0,-7.705248990578735,1.27,-4.724409448818902,3.78,-12.16931216931217,2547.3333333333335,7.68123527872284
Uttar Pradesh,Balrampur,Wheat,2021-22,0.89,2.95,3305.0,2021,4,True,,,,,,,,
Uttar Pradesh,Balrampur,Wheat,2022-23,1.05,3.21,3049.0,2022,4,True,3305.0,-7.745839636913766,0.89,17.97752808988764,2.95,8.81355932203389,3305.0,-7.745839636913766
Uttar Pradesh,Balrampur,Wheat,2023-24,1.06,3.53,3329.0,2023,4,True,3049.0,9.183338799606428,1.05,0.9523809523809532,3.21,9.968847352024918,3177.0,4.784387787220648
Uttar Pradesh,Balrampur,Wheat,2024-25,1.02,3.21,3135.0,2024,4,True,3329.0,-5.827575848603185,1.06,-3.7735849056603805,3.53,-9.065155807365436,3227.6666666666665,-2.871011050294326
Uttar Pradesh,Banda,Maize,2022-23,0.0,0.0,2000.0,2022,3,False,,,,,,,,
Uttar Pradesh,Banda,Maize,2023-24,0.0,0.0,2181.0,2023,3,False,2000.0,9.049999999999999,0.0,,0.0,,2000.0,9.049999999999999
Uttar Pradesh,Banda,Maize,2024-25,0.0,0.01,3403.0,2024,3,False,2181.0,56.02934433745988,0.0,,0.0,,2090.5,62.78402296101411
Uttar Pradesh,Banda,Rice,2021-22,0.49,1.16,2392.0,2021,4,True,,,,,,,,
Uttar Pradesh,Banda,Rice,2022-23,0.55,1.28,2321.0,2022,4,True,2392.0,-2.968227424749164,0.49,12.244897959183684,1.16,10.344827586206906,2392.0,-2.968227424749164
Uttar Pradesh,Banda,Rice,2023-24,0.49,1.18,2402.0,2023,4,True,2321.0,3.4898750538560965,0.55,-10.909090909090919,1.28,-7.812500000000007,2356.5,1.9308296201994484
Uttar Pradesh,Banda,Rice,2024-25,1.21,2.96,2438.0,2024,4,True,2402.0,1.4987510407993339,0.49,146.9387755102041,1.18,150.84745762711867,2371.6666666666665,2.796907940969789
Uttar Pradesh,Banda,Wheat,2021-22,1.67,5.05,3020.0,2021,4,True,,,,,,,,
Uttar Pradesh,Banda,Wheat,2022-23,1.94,6.35,3278.0,2022,4,True,3020.0,8.543046357615895,1.67,16.167664670658684,5.05,25.742574257425737,3020.0,8.543046357615895
Uttar Pradesh,Banda,Wheat,2023-24,1.77,5.45,3070.0,2023,4,True,3278.0,-6.345332519829164,1.94,-8.762886597938142,6.35,-14.173228346456684,3149.0,-2.5087329310892343
Uttar Pradesh,Banda,Wheat,2024-25,1.82,5.06,2790.0,2024,4,True,3070.0,-9.120521172638437,1.77,2.8248587570621493,5.45,-7.155963302752304,3122.6666666666665,-10.653287788215197
Uttar Pradesh,Bara Banki,Maize,2021-22,0.05,0.08,1630.0,2021,4,True,,,,,,,,
Uttar Pradesh,Bara Banki,Maize,2022-23,0.05,0.05,1046.0,2022,4,True,1630.0,-35.828220858895705,0.05,0.0,0.08,-37.5,1630.0,-35.828220858895705
Uttar Pradesh,Bara Banki,Maize,2023-24,0.05,0.07,1400.0,2023,4,True,1046.0,33.84321223709369,0.05,0.0,0.05,40.00000000000001,1338.0,4.633781763826607
Uttar Pradesh,Bara Banki,Maize,2024-25,0.05,0.11,2433.0,2024,4,True,1400.0,73.78571428571429,0.05,0.0,0.07,57.14285714285713,1358.6666666666667,79.07262021589793
Uttar Pradesh,Bara Banki,Rice,2021-22,1.89,4.58,2427.0,2021,4,True,,,,,,,,
Uttar Pradesh,Bara Banki,Rice,2022-23,1.89,4.61,2444.0,2022,4,True,2427.0,0.7004532344458179,1.89,0.0,4.58,0.6550218340611408,2427.0,0.7004532344458179
Uttar Pradesh,Bara Banki,Rice,2023-24,1.76,5.28,3009.0,2023,4,True,2444.0,23.11783960720131,1.89,-6.878306878306873,4.61,14.533622559652926,2435.5,23.54752617532334
Uttar Pradesh,Bara Banki,Rice,2024-25,2.08,5.97,2872.0,2024,4,True,3009.0,-4.55300764373546,1.76,18.181818181818183,5.28,13.06818181818181,2626.6666666666665,9.340101522842646
Uttar Pradesh,Bara Banki,Wheat,2021-22,1.74,7.01,4042.0,2021,4,True,,,,,,,,
Uttar Pradesh,Bara Banki,Wheat,2022-23,1.66,6.3,3794.0,2022,4,True,4042.0,-6.135576447303316,1.74,-4.5977011494252915,7.01,-10.128388017118402,4042.0,-6.135576447303316
Uttar Pradesh,Bara Banki,Wheat,2023-24,1.24,5.02,4059.0,2023,4,True,3794.0,6.984712704269899,1.66,-25.301204819277107,6.3,-20.317460317460323,3918.0,3.5987748851454824
Uttar Pradesh,Bara Banki,Wheat,2024-25,1.52,6.31,4141.0,2024,4,True,4059.0,2.0202020202020203,1.24,22.580645161290324,5.02,25.69721115537849,3965.0,4.438839848675914
Uttar Pradesh,Bareilly,Maize,2021-22,0.0,0.01,3020.0,2021,4,True,,,,,,,,
Uttar Pradesh,Bareilly,Maize,2022-23,0.01,0.03,2552.0,2022,4,True,3020.0,-15.496688741721854,0.0,,0.01,199.99999999999994,3020.0,-15.496688741721854
Uttar Pradesh,Bareilly,Maize,2023-24,0.03,0.1,3096.0,2023,4,True,2552.0,21.316614420062695,0.01,199.99999999999994,0.03,233.33333333333334,2786.0,11.127063890882987
Uttar Pradesh,Bareilly,Maize,2024-25,0.08,0.27,3474.0,2024,4,True,3096.0,12.209302325581394,0.03,166.66666666666669,0.1,170.0,2889.3333333333335,20.235348407937234
Uttar Pradesh,Bareilly,Rice,2021-22,1.64,4.12,2506.0,2021,4,True,,,,,,,,
Uttar Pradesh,Bareilly,Rice,2022-23,1.63,4.9,3000.0,2022,4,True,2506.0,19.71268954509178,1.64,-0.6097560975609762,4.12,18.932038834951463,2506.0,19.71268954509178
Uttar Pradesh,Bareilly,Rice,2023-24,1.54,4.45,2893.0,2023,4,True,3000.0,-3.5666666666666664,1.63,-5.521472392638029,4.9,-9.183673469387758,2753.0,5.085361423901199
Uttar Pradesh,Bareilly,Rice,2024-25,1.58,4.46,2825.0,2024,4,True,2893.0,-2.3505012098167994,1.54,2.5974025974025996,4.45,0.22471910112359073,2799.6666666666665,0.904869627336593
Uttar Pradesh,Bareilly,Wheat,2021-22,2.08,8.13,3906.0,2021,4,True,,,,,,,,
Uttar Pradesh,Bareilly,Wheat,2022-23,2.07,8.45,4075.0,2022,4,True,3906.0,4.326676907322068,2.08,-0.4807692307692419,8.13,3.9360393603935853,3906.0,4.326676907322068
Uttar Pradesh,Bareilly,Wheat,2023-24,1.72,6.9,4007.0,2023,4,True,4075.0,-1.6687116564417177,2.07,-16.908212560386467,8.45,-18.34319526627218,3990.5,0.41348201979701793
Uttar Pradesh,Bareilly,Wheat,2024-25,1.67,6.74,4031.0,2024,4,True,4007.0,0.5989518342899924,1.72,-2.9069767441860495,6.9,-2.3188405797101472,3996.0,0.8758758758758759
Uttar Pradesh,Basti,Maize,2021-22,0.03,0.03,782.0,2021,4,True,,,,,,,,
Uttar Pradesh,Basti,Maize,2022-23,0.03,0.07,2176.0,2022,4,True,782.0,178.26086956521738,0.03,0.0,0.03,133.33333333333337,782.0,178.26086956521738
Uttar Pradesh,Basti,Maize,2023-24,0.04,0.09,2297.0,2023,4,True,2176.0,5.560661764705882,0.03,33.33333333333334,0.07,28.57142857142855,1479.0,55.30764029749831
Uttar Pradesh,Basti,Maize,2024-25,0.02,0.06,2998.0,2024,4,True,2297.0,30.518067043970397,0.04,-50.0,0.09,-33.33333333333333,1751.6666666666667,71.15128449096099
Uttar Pradesh,Basti,Rice,2021-22,1.46,3.7,2540.0,2021,4,True,,,,,,,,
Uttar Pradesh,Basti,Rice,2022-23,1.31,3.58,2721.0,2022,4,True,2540.0,7.125984251968504,1.46,-10.27397260273972,3.7,-3.243243243243246,2540.0,7.125984251968504
Uttar Pradesh,Basti,Rice,2023-24,1.37,3.48,2543.0,2023,4,True,2721.0,-6.541712605659685,1.31,4.580152671755729,3.58,-2.793296089385477,2630.5,-3.3263638091617564
Uttar Pradesh,Basti,Rice,2024-25,1.39,3.71,2661.0,2024,4,True,2543.0,4.640188753440818,1.37,1.4598540145985253,3.48,6.609195402298849,2601.3333333333335,2.2936955407483284
Uttar Pradesh,Basti,Wheat,2021-22,1.24,4.52,3638.0,2021,4,True,,,,,,,,
Uttar Pradesh,Basti,Wheat,2022-23,1.41,4.83,3421.0,2022,4,True,3638.0,-5.964815832875206,1.24,13.709677419354833,4.52,6.85840707964603,3638.0,-5.964815832875206
Uttar Pradesh,Basti,Wheat,2023-24,1.33,4.45,3345.0,2023,4,True,3421.0,-2.2215726395790703,1.41,-5.6737588652482165,4.83,-7.8674948240165605,3529.5,-5.227369315767106
Uttar Pradesh,Basti,Wheat,2024-25,1.28,4.46,3476.0,2024,4,True,3345.0,3.9162929745889383,1.33,-3.7593984962406046,4.45,0.22471910112359073,3468.0,0.2306805074971165
Uttar Pradesh,Bhadohi,Maize,2021-22,0.01,0.01,1304.0,2021,4,True,,,,,,,,
Uttar Pradesh,Bhadohi,Maize,2022-23,0.01,0.01,1375.0,2022,4,True,1304.0,5.4447852760736195,0.01,0.0,0.01,0.0,1304.0,5.4447852760736195
Uttar Pradesh,Bhadohi,Maize,2023-24,0.01,0.02,2668.0,2023,4,True,1375.0,94.03636363636365,0.01,0.0,0.01,100.0,1339.5,99.17879805897724
Uttar Pradesh,Bhadohi,Maize,2024-25,0.0,0.01,3161.0,2024,4,True,2668.0,18.478260869565215,0.01,-100.0,0.02,-50.0,1782.3333333333333,77.35178604825136
Uttar Pradesh,Bhadohi,Rice,2021-22,0.28,0.85,3069.0,2021,4,True,,,,,,,,
Uttar Pradesh,Bhadohi,Rice,2022-23,0.28,0.89,3151.0,2022,4,True,3069.0,2.67188009123493,0.28,0.0,0.85,4.70588235294118,3069.0,2.67188009123493
Uttar Pradesh,Bhadohi,Rice,2023-24,0.26,0.84,3252.0,2023,4,True,3151.0,3.2053316407489687,0.28,-7.142857142857148,0.89,-5.6179775280898925,3110.0,4.565916398713826
Uttar Pradesh,Bhadohi,Rice,2024-25,0.6,1.9,3179.0,2024,4,True,3252.0,-2.2447724477244773,0.26,130.76923076923075,0.84,126.1904761904762,3157.3333333333335,0.6862331081081032
Uttar Pradesh,Bhadohi,Wheat,2021-22,0.5,1.77,3558.0,2021,4,True,,,,,,,,
Uttar Pradesh,Bhadohi,Wheat,2022-23,0.49,1.37,2796.0,2022,4,True,3558.0,-21.41652613827993,0.5,-2.0000000000000018,1.77,-22.59887005649717,3558.0,-21.41652613827993
Uttar Pradesh,Bhadohi,Wheat,2023-24,0.57,1.54,2712.0,2023,4,True,2796.0,-3.004291845493562,0.49,16.32653061224489,1.37,12.408759124087585,3177.0,-14.636449480642117
Uttar Pradesh,Bhadohi,Wheat,2024-25,0.48,1.66,3471.0,2024,4,True,2712.0,27.986725663716815,0.57,-15.789473684210522,1.54,7.792207792207785,3022.0,14.85771012574454
Uttar Pradesh,Bijnor,Maize,2022-23,0.0,0.0,2846.0,2022,3,False,,,,,,,,
Uttar Pradesh,Bijnor,Maize,2023-24,0.0,0.0,3159.0,2023,3,False,2846.0,10.997891777933942,0.0,,0.0,,2846.0,10.997891777933942
Uttar Pradesh,Bijnor,Maize,2024-25,0.0,0.02,3523.0,2024,3,False,3159.0,11.522633744855968,0.0,,0.0,,3002.5,17.33555370524563
Uttar Pradesh,Bijnor,Rice,2021-22,0.57,1.59,2787.0,2021,4,True,,,,,,,,
Uttar Pradesh,Bijnor,Rice,2022-23,0.57,1.43,2525.0,2022,4,True,2787.0,-9.400789379260853,0.57,0.0,1.59,-10.062893081761015,2787.0,-9.400789379260853
Uttar Pradesh,Bijnor,Rice,2023-24,0.53,1.4,2664.0,2023,4,True,2525.0,5.504950495049505,0.57,-7.01754385964911,1.43,-2.0979020979020997,2656.0,0.30120481927710846
Uttar Pradesh,Bijnor,Rice,2024-25,0.29,0.76,2606.0,2024,4,True,2664.0,-2.177177177177177,0.53,-45.28301886792453,1.4,-45.714285714285715,2658.6666666666665,-1.980942828485451
Uttar Pradesh,Bijnor,Wheat,2021-22,1.6,6.02,3753.0,2021,4,True,,,,,,,,
Uttar Pradesh,Bijnor,Wheat,2022-23,1.53,5.78,3789.0,2022,4,True,3753.0,0.9592326139088728,1.6,-4.3750000000000036,6.02,-3.9867109634551388,3753.0,0.9592326139088728
Uttar Pradesh,Bijnor,Wheat,2023-24,0.92,3.34,3627.0,2023,4,True,3789.0,-4.275534441805226,1.53,-39.869281045751634,5.78,-42.214532871972324,3771.0,-3.8186157517899764
Uttar Pradesh,Bijnor,Wheat,2024-25,1.28,4.61,3596.0,2024,4,True,3627.0,-0.8547008547008548,0.92,39.13043478260869,3.34,38.0239520958084,3723.0,-3.4112275047005105
Uttar Pradesh,Budaun,Maize,2021-22,0.1,0.31,3280.0,2021,4,True,,,,,,,,
Uttar Pradesh,Budaun,Maize,2022-23,0.1,0.22,2317.0,2022,4,True,3280.0,-29.359756097560975,0.1,0.0,0.31,-29.032258064516125,3280.0,-29.359756097560975
Uttar Pradesh,Budaun,Maize,2023-24,0.35,1.02,2950.0,2023,4,True,2317.0,27.319810099266295,0.1,249.99999999999994,0.22,363.6363636363637,2798.5,5.4136144363051635
Uttar Pradesh,Budaun,Maize,2024-25,0.25,0.85,3353.0,2024,4,True,2950.0,13.661016949152543,0.35,-28.571428571428566,1.02,-16.66666666666667,2849.0,17.69041769041769
Uttar Pradesh,Budaun,Rice,2021-22,1.0,2.53,2540.0,2021,4,True,,,,,,,,
Uttar Pradesh,Budaun,Rice,2022-23,0.82,2.1,2555.0,2022,4,True,2540.0,0.5905511811023622,1.0,-18.000000000000004,2.53,-16.996047430830032,2540.0,0.5905511811023622
Uttar Pradesh,Budaun,Rice,2023-24,0.95,2.08,2197.0,2023,4,True,2555.0,-14.01174168297456,0.82,15.853658536585366,2.1,-0.9523809523809532,2547.5,-13.758586849852797
Uttar Pradesh,Budaun,Rice,2024-25,1.69,4.41,2620.0,2024,4,True,2197.0,19.253527537551207,0.95,77.89473684210526,2.08,112.01923076923077,2430.6666666666665,7.789358200767972
Uttar Pradesh,Budaun,Wheat,2021-22,2.42,9.39,3886.0,2021,4,True,,,,,,,,
Uttar Pradesh,Budaun,Wheat,2022-23,2.15,9.13,4238.0,2022,4,True,3886.0,9.058157488419969,2.42,-11.157024793388432,9.39,-2.768903088391904,3886.0,9.058157488419969
Uttar Pradesh,Budaun,Wheat,2023-24,2.21,9.65,4376.0,2023,4,True,4238.0,3.256252949504483,2.15,2.7906976744186074,9.13,5.695509309967136,4062.0,7.730182176267848
Uttar Pradesh,Budaun,Wheat,2024-25,1.91,7.73,4044.0,2024,4,True,4376.0,-7.586837294332724,2.21,-13.574660633484164,9.65,-19.89637305699482,4166.666666666667,-2.944000000000007
Uttar Pradesh,Bulandshahr,Maize,2021-22,0.52,1.38,2632.0,2021,4,True,,,,,,,,
Uttar Pradesh,Bulandshahr,Maize,2022-23,0.53,1.24,2328.0,2022,4,True,2632.0,-11.55015197568389,0.52,1.9230769230769247,1.38,-10.144927536231878,2632.0,-11.55015197568389
Uttar Pradesh,Bulandshahr,Maize,2023-24,0.66,1.54,2340.0,2023,4,True,2328.0,0.5154639175257731,0.53,24.528301886792452,1.24,24.19354838709678,2480.0,-5.64516129032258
Uttar Pradesh,Bulandshahr,Maize,2024-25,0.45,1.3,2888.0,2024,4,True,2340.0,23.418803418803417,0.66,-31.818181818181817,1.54,-15.584415584415584,2433.3333333333335,18.68493150684931
Uttar Pradesh,Bulandshahr,Rice,2021-22,0.93,2.62,2809.0,2021,4,True,,,,,,,,
Uttar Pradesh,Bulandshahr,Rice,2022-23,0.98,2.39,2447.0,2022,4,True,2809.0,-12.887148451406194,0.93,5.376344086021498,2.62,-8.778625954198473,2809.0,-12.887148451406194
Uttar Pradesh,Bulandshahr,Rice,2023-24,0.86,2.37,2754.0,2023,4,True,2447.0,12.54597466285247,0.98,-12.244897959183673,2.39,-0.836820083682009,2628.0,4.794520547945205
Uttar Pradesh,Bulandshahr,Rice,2024-25,1.43,3.86,2706.0,2024,4,True,2754.0,-1.7429193899782136,0.86,66.27906976744185,2.37,62.86919831223627,2670.0,1.348314606741573
Uttar Pradesh,Bulandshahr,Wheat,2021-22,2.02,8.96,4437.0,2021,4,True,,,,,,,,
Uttar Pradesh,Bulandshahr,Wheat,2022-23,1.95,8.38,4286.0,2022,4,True,4437.0,-3.403200360604012,2.02,-3.4653465346534684,8.96,-6.4732142857142865,4437.0,-3.403200360604012
Uttar Pradesh,Bulandshahr,Wheat,2023-24,1.73,7.49,4324.0,2023,4,True,4286.0,0.8866075594960335,1.95,-11.282051282051281,8.38,-10.620525059665876,4361.5,-0.859795941763155
Uttar Pradesh,Bulandshahr,Wheat,2024-25,1.78,7.04,3954.0,2024,4,True,4324.0,-8.556891766882515,1.73,2.890173410404627,7.49,-6.008010680907879,4349.0,-9.082547712117728
Uttar Pradesh,Chandauli,Maize,2021-22,0.0,0.0,1763.0,2021,4,True,,,,,,,,
Uttar Pradesh,Chandauli,Maize,2022-23,0.0,0.0,2651.0,2022,4,True,1763.0,50.368689733408964,0.0,,0.0,,1763.0,50.368689733408964
Uttar Pradesh,Chandauli,Maize,2023-24,0.0,0.0,1980.0,2023,4,True,2651.0,-25.311203319502074,0.0,,0.0,,2207.0,-10.285455369279566
Uttar Pradesh,Chandauli,Maize,2024-25,0.0,0.01,3458.0,2024,4,True,1980.0,74.64646464646465,0.0,,0.0,,2131.3333333333335,62.24585548952142
Uttar Pradesh,Chandauli,Rice,2021-22,1.18,3.95,3360.0,2021,4,True,,,,,,,,
Uttar Pradesh,Chandauli,Rice,2022-23,1.15,3.81,3321.0,2022,4,True,3360.0,-1.1607142857142858,1.18,-2.5423728813559343,3.95,-3.5443037974683573,3360.0,-1.1607142857142858
Uttar Pradesh,Chandauli,Rice,2023-24,1.06,3.8,3570.0,2023,4,True,3321.0,7.497741644083107,1.15,-7.826086956521728,3.81,-0.2624671916010559,3340.5,6.870229007633588
Uttar Pradesh,Chandauli,Rice,2024-25,1.21,4.17,3434.0,2024,4,True,3570.0,-3.8095238095238098,1.06,14.150943396226406,3.8,9.736842105263161,3417.0,0.4975124378109453
Uttar Pradesh,Chandauli,Wheat,2021-22,1.05,3.71,3523.0,2021,4,True,,,,,,,,
Uttar Pradesh,Chandauli,Wheat,2022-23,1.15,3.65,3178.0,2022,4,True,3523.0,-9.792790235594664,1.05,9.523809523809511,3.71,-1.617250673854449,3523.0,-9.792790235594664
Uttar Pradesh,Chandauli,Wheat,2023-24,1.13,4.05,3580.0,2023,4,True,3178.0,12.649465072372562,1.15,-1.7391304347826104,3.65,10.958904109589039,3350.5,6.849723921802715
Uttar Pradesh,Chandauli,Wheat,2024-25,1.06,3.84,3615.0,2024,4,True,3580.0,0.9776536312849162,1.13,-6.194690265486712,4.05,-5.185185185185184,3427.0,5.485847680186752
Uttar Pradesh,Chitrakoot,Maize,2021-22,0.0,0.0,2375.0,2021,4,True,,,,,,,,
Uttar Pradesh,Chitrakoot,Maize,2022-23,0.0,0.0,2600.0,2022,4,True,2375.0,9.473684210526317,0.0,,0.0,,2375.0,9.473684210526317
Uttar Pradesh,Chitrakoot,Maize,2023-24,0.0,0.0,2344.0,2023,4,True,2600.0,-9.846153846153847,0.0,,0.0,,2487.5,-5.768844221105527
Uttar Pradesh,Chitrakoot,Maize,2024-25,0.03,0.09,3479.0,2024,4,True,2344.0,48.42150170648464,0.0,,0.0,,2439.6666666666665,42.60144828528488
Uttar Pradesh,Chitrakoot,Rice,2021-22,0.1,0.23,2235.0,2021,4,True,,,,,,,,
Uttar Pradesh,Chitrakoot,Rice,2022-23,0.1,0.24,2294.0,2022,4,True,2235.0,2.6398210290827744,0.1,0.0,0.23,4.3478260869565135,2235.0,2.6398210290827744
Uttar Pradesh,Chitrakoot,Rice,2023-24,0.1,0.22,2331.0,2023,4,True,2294.0,1.6129032258064515,0.1,0.0,0.24,-8.33333333333333,2264.5,2.936630602782071
Uttar Pradesh,Chitrakoot,Rice,2024-25,0.36,0.83,2282.0,2024,4,True,2331.0,-2.1021021021021022,0.1,260.0,0.22,277.27272727272725,2286.6666666666665,-0.2040816326530546
Uttar Pradesh,Chitrakoot,Wheat,2021-22,0.51,1.62,3189.0,2021,4,True,,,,,,,,
Uttar Pradesh,Chitrakoot,Wheat,2022-23,0.8,2.51,3140.0,2022,4,True,3189.0,-1.5365318281592977,0.51,56.86274509803923,1.62,54.93827160493825,3189.0,-1.5365318281592977
Uttar Pradesh,Chitrakoot,Wheat,2023-24,0.7,2.11,3029.0,2023,4,True,3140.0,-3.535031847133758,0.8,-12.50000000000001,2.51,-15.936254980079678,3164.5,-4.281877073787328
Uttar Pradesh,Chitrakoot,Wheat,2024-25,0.61,1.75,2860.0,2024,4,True,3029.0,-5.579399141630901,0.7,-12.857142857142852,2.11,-17.06161137440758,3119.3333333333335,-8.313742252618086
Uttar Pradesh,Deoria,Maize,2021-22,0.09,0.12,1428.0,2021,4,True,,,,,,,,
Uttar Pradesh,Deoria,Maize,2022-23,0.07,0.1,1445.0,2022,4,True,1428.0,1.1904761904761905,0.09,-22.222222222222214,0.12,-16.66666666666666,1428.0,1.1904761904761905
Uttar Pradesh,Deoria,Maize,2023-24,0.07,0.16,2236.0,2023,4,True,1445.0,54.74048442906574,0.07,0.0,0.1,60.0,1436.5,55.65610859728507
Uttar Pradesh,Deoria,Maize,2024-25,0.05,0.13,2666.0,2024,4,True,2236.0,19.230769230769234,0.07,-28.571428571428577,0.16,-18.75,1703.0,56.54726952436876
Uttar Pradesh,Deoria,Rice,2021-22,1.36,3.17,2328.0,2021,4,True,,,,,,,,
Uttar Pradesh,Deoria,Rice,2022-23,1.5,3.59,2387.0,2022,4,True,2328.0,2.5343642611683848,1.36,10.294117647058815,3.17,13.249211356466875,2328.0,2.5343642611683848
Uttar Pradesh,Deoria,Rice,2023-24,1.26,2.94,2327.0,2023,4,True,2387.0,-2.5136154168412235,1.5,-16.0,3.59,-18.105849582172702,2357.5,-1.2937433722163307
Uttar Pradesh,Deoria,Rice,2024-25,1.4,3.67,2628.0,2024,4,True,2327.0,12.935109583154276,1.26,11.111111111111104,2.94,24.829931972789115,2347.3333333333335,11.956830445896045
Uttar Pradesh,Deoria,Wheat,2021-22,1.6,5.35,3345.0,2021,4,True,,,,,,,,
Uttar Pradesh,Deoria,Wheat,2022-23,1.73,6.36,3685.0,2022,4,True,3345.0,10.164424514200299,1.6,8.124999999999993,5.35,18.878504672897208,3345.0,10.164424514200299
Uttar Pradesh,Deoria,Wheat,2023-24,1.65,5.86,3548.0,2023,4,True,3685.0,-3.7177747625508824,1.73,-4.624277456647403,6.36,-7.861635220125786,3515.0,0.9388335704125178
Uttar Pradesh,Deoria,Wheat,2024-25,1.44,5.16,3568.0,2024,4,True,3548.0,0.5636978579481398,1.65,-12.727272727272727,5.86,-11.94539249146758,3526.0,1.191151446398185
Uttar Pradesh,Etah,Maize,2021-22,0.32,1.29,4077.0,2021,4,True,,,,,,,,
Uttar Pradesh,Etah,Maize,2022-23,0.32,1.08,3397.0,2022,4,True,4077.0,-16.678930586215355,0.32,0.0,1.29,-16.279069767441857,4077.0,-16.678930586215355
Uttar Pradesh,Etah,Maize,2023-24,0.38,1.27,3355.0,2023,4,True,3397.0,-1.2363850456284957,0.32,18.75,1.08,17.592592592592588,3737.0,-10.222103291410223
Uttar Pradesh,Etah,Maize,2024-25,0.25,0.88,3552.0,2024,4,True,3355.0,5.871833084947839,0.38,-34.21052631578947,1.27,-30.708661417322837,3609.6666666666665,-1.5975621017637782
Uttar Pradesh,Etah,Rice,2021-22,0.18,0.49,2671.0,2021,4,True,,,,,,,,
Uttar Pradesh,Etah,Rice,2022-23,0.18,0.49,2688.0,2022,4,True,2671.0,0.636465743167353,0.18,0.0,0.49,0.0,2671.0,0.636465743167353
Uttar Pradesh,Etah,Rice,2023-24,0.19,0.49,2649.0,2023,4,True,2688.0,-1.4508928571428572,0.18,5.555555555555561,0.49,0.0,2679.5,-1.1382720656838963
Uttar Pradesh,Etah,Rice,2024-25,0.88,2.29,2584.0,2024,4,True,2649.0,-2.453756134390336,0.19,363.1578947368421,0.49,367.34693877551024,2669.3333333333335,-3.1968031968032022
Uttar Pradesh,Etah,Wheat,2021-22,1.41,5.47,3890.0,2021,4,True,,,,,,,,
Uttar Pradesh,Etah,Wheat,2022-23,1.36,5.62,4139.0,2022,4,True,3890.0,6.401028277634961,1.41,-3.5460992907801296,5.47,2.742230347349184,3890.0,6.401028277634961
Uttar Pradesh,Etah,Wheat,2023-24,1.02,3.97,3905.0,2023,4,True,4139.0,-5.65353950229524,1.36,-25.000000000000007,5.62,-29.359430604982208,4014.5,-2.72761240503176
Uttar Pradesh,Etah,Wheat,2024-25,1.15,4.15,3625.0,2024,4,True,3905.0,-7.170294494238156,1.02,12.745098039215675,3.97,4.53400503778338,3978.0,-8.873805932629462
Uttar Pradesh,Etawah,Maize,2021-22,0.07,0.21,3107.0,2021,4,True,,,,,,,,
Uttar Pradesh,Etawah,Maize,2022-23,0.07,0.19,2930.0,2022,4,True,3107.0,-5.696813646604442,0.07,0.0,0.21,-9.523809523809518,3107.0,-5.696813646604442
Uttar Pradesh,Etawah,Maize,2023-24,0.1,0.31,3167.0,2023,4,True,2930.0,8.088737201365188,0.07,42.85714285714285,0.19,63.1578947368421,3018.5,4.9196620838164655
Uttar Pradesh,Etawah,Maize,2024-25,0.14,0.47,3454.0,2024,4,True,3167.0,9.062203978528576,0.1,40.00000000000001,0.31,51.61290322580644,3068.0,12.58148631029987
Uttar Pradesh,Etawah,Rice,2021-22,0.51,1.58,3066.0,2021,4,True,,,,,,,,
Uttar Pradesh,Etawah,Rice,2022-23,0.51,1.53,3017.0,2022,4,True,3066.0,-1.5981735159817352,0.51,0.0,1.58,-3.1645569620253196,3066.0,-1.5981735159817352
Uttar Pradesh,Etawah,Rice,2023-24,0.5,1.6,3220.0,2023,4,True,3017.0,6.728538283062645,0.51,-1.960784313725492,1.53,4.575163398692815,3041.5,5.868814729574224
Uttar Pradesh,Etawah,Rice,2024-25,0.73,2.32,3166.0,2024,4,True,3220.0,-1.6770186335403725,0.5,46.0,1.6,44.999999999999986,3101.0,2.0960980328926153
Uttar Pradesh,Etawah,Wheat,2021-22,1.05,4.01,3833.0,2021,4,True,,,,,,,,
Uttar Pradesh,Etawah,Wheat,2022-23,1.0,4.06,4052.0,2022,4,True,3833.0,5.713540307852857,1.05,-4.761904761904765,4.01,1.246882793017452,3833.0,5.713540307852857
Uttar Pradesh,Etawah,Wheat,2023-24,0.89,3.65,4107.0,2023,4,True,4052.0,1.3573543928923988,1.0,-10.999999999999998,4.06,-10.098522167487678,3942.5,4.172479391249207
Uttar Pradesh,Etawah,Wheat,2024-25,0.91,3.73,4083.0,2024,4,True,4107.0,-0.5843681519357196,0.89,2.247191011235957,3.65,2.1917808219178103,3997.3333333333335,2.1430953969312836
Uttar Pradesh,Farrukhabad,Maize,2021-22,0.39,1.24,3175.0,2021,4,True,,,,,,,,
Uttar Pradesh,Farrukhabad,Maize,2022-23,0.39,1.15,2949.0,2022,4,True,3175.0,-7.118110236220472,0.39,0.0,1.24,-7.258064516129038,3175.0,-7.118110236220472
Uttar Pradesh,Farrukhabad,Maize,2023-24,0.61,1.7,2785.0,2023,4,True,2949.0,-5.561207188877586,0.39,56.4102564102564,1.15,47.82608695652175,3062.0,-9.046374918354017
Uttar Pradesh,Farrukhabad,Maize,2024-25,0.53,1.67,3148.0,2024,4,True,2785.0,13.034111310592458,0.61,-13.114754098360649,1.7,-1.764705882352943,2969.6666666666665,6.005163317993046
Uttar Pradesh,Farrukhabad,Rice,2021-22,0.14,0.4,2931.0,2021,4,True,,,,,,,,
Uttar Pradesh,Farrukhabad,Rice,2022-23,0.14,0.43,3178.0,2022,4,True,2931.0,8.427157966564312,0.14,0.0,0.4,7.499999999999993,2931.0,8.427157966564312
Uttar Pradesh,Farrukhabad,Rice,2023-24,0.13,0.43,3338.0,2023,4,True,3178.0,5.0346129641283826,0.14,-7.142857142857148,0.43,0.0,3054.5,9.28138811589458
Uttar Pradesh,Farrukhabad,Rice,2024-25,1.02,3.27,3196.0,2024,4,True,3338.0,-4.254044337926902,0.13,684.6153846153845,0.43,660.4651162790698,3149.0,1.4925373134328357
Uttar Pradesh,Farrukhabad,Wheat,2021-22,0.78,3.03,3877.0,2021,4,True,,,,,,,,
Uttar Pradesh,Farrukhabad,Wheat,2022-23,0.75,3.11,4141.0,2022,4,True,3877.0,6.809388702605107,0.78,-3.8461538461538494,3.03,2.640264026402643,3877.0,6.809388702605107
Uttar Pradesh,Farrukhabad,Wheat,2023-24,0.66,2.56,3883.0,2023,4,True,4141.0,-6.230379135474523,0.75,-11.999999999999995,3.11,-17.68488745980707,4009.0,-3.1429284110750815
Uttar Pradesh,Farrukhabad,Wheat,2024-25,0.68,3.15,4617.0,2024,4,True,3883.0,18.902910121040435,0.66,3.030303030303033,2.56,23.046874999999993,3967.0,16.385177716158307
Uttar Pradesh,Fatehpur,Maize,2021-22,0.0,0.01,2155.0,2021,4,True,,,,,,,,
Uttar Pradesh,Fatehpur,Maize,2022-23,0.0,0.01,2851.0,2022,4,True,2155.0,32.2969837587007,0.0,,0.01,0.0,2155.0,32.2969837587007
Uttar Pradesh,Fatehpur,Maize,2023-24,0.0,0.01,1498.0,2023,4,True,2851.0,-47.45703262013329,0.0,,0.01,0.0,2503.0,-40.15181781861766
Uttar Pradesh,Fatehpur,Maize,2024-25,0.02,0.07,3270.0,2024,4,True,1498.0,118.29105473965286,0.0,,0.01,600.0,2168.0,50.83025830258303
Uttar Pradesh,Fatehpur,Rice,2021-22,0.86,2.41,2815.0,2021,4,True,,,,,,,,
Uttar Pradesh,Fatehpur,Rice,2022-23,0.92,2.62,2853.0,2022,4,True,2815.0,1.3499111900532859,0.86,6.976744186046519,2.41,8.713692946058089,2815.0,1.3499111900532859
Uttar Pradesh,Fatehpur,Rice,2023-24,0.8,2.17,2712.0,2023,4,True,2853.0,-4.942166140904311,0.92,-13.043478260869565,2.62,-17.175572519083975,2834.0,-4.304869442484121
Uttar Pradesh,Fatehpur,Rice,2024-25,1.81,4.79,2653.0,2024,4,True,2712.0,-2.1755162241887906,0.8,126.25,2.17,120.7373271889401,2793.3333333333335,-5.023866348448693
Uttar Pradesh,Fatehpur,Wheat,2021-22,1.79,6.56,3660.0,2021,4,True,,,,,,,,
Uttar Pradesh,Fatehpur,Wheat,2022-23,1.72,6.46,3759.0,2022,4,True,3660.0,2.7049180327868854,1.79,-3.9106145251396685,6.56,-1.5243902439024337,3660.0,2.7049180327868854
Uttar Pradesh,Fatehpur,Wheat,2023-24,2.07,7.55,3644.0,2023,4,True,3759.0,-3.0593242883745675,1.72,20.348837209302317,6.46,16.873065015479874,3709.5,-1.7657366221862785
Uttar Pradesh,Fatehpur,Wheat,2024-25,1.71,5.75,3359.0,2024,4,True,3644.0,-7.821075740944019,2.07,-17.391304347826082,7.55,-23.841059602649004,3687.6666666666665,-8.912591521287169
Uttar Pradesh,Firozabad,Maize,2021-22,0.1,0.3,3009.0,2021,4,True,,,,,,,,
Uttar Pradesh,Firozabad,Maize,2022-23,0.1,0.22,2182.0,2022,4,True,3009.0,-27.48421402459289,0.1,0.0,0.3,-26.666666666666668,3009.0,-27.48421402459289
Uttar Pradesh,Firozabad,Maize,2023-24,0.13,0.32,2572.0,2023,4,True,2182.0,17.873510540788267,0.1,30.0,0.22,45.45454545454546,2595.5,-0.9054132151801194
Uttar Pradesh,Firozabad,Maize,2024-25,0.05,0.17,3361.0,2024,4,True,2572.0,30.676516329704512,0.13,-61.53846153846154,0.32,-46.875,2587.6666666666665,29.885353600412216
Uttar Pradesh,Firozabad,Rice,2021-22,0.25,0.62,2538.0,2021,4,True,,,,,,,,
Uttar Pradesh,Firozabad,Rice,2022-23,0.23,0.68,2943.0,2022,4,True,2538.0,15.957446808510639,0.25,-7.9999999999999964,0.62,9.677419354838717,2538.0,15.957446808510639
Uttar Pradesh,Firozabad,Rice,2023-24,0.23,0.68,2890.0,2023,4,True,2943.0,-1.8008834522595991,0.23,0.0,0.68,0.0,2740.5,5.455208903484766
Uttar Pradesh,Firozabad,Rice,2024-25,0.49,1.65,3366.0,2024,4,True,2890.0,16.470588235294116,0.23,113.04347826086956,0.68,142.64705882352936,2790.3333333333335,20.630749014454658
Uttar Pradesh,Firozabad,Wheat,2021-22,1.04,3.68,3534.0,2021,4,True,,,,,,,,
Uttar Pradesh,Firozabad,Wheat,2022-23,1.01,4.28,4234.0,2022,4,True,3534.0,19.807583474816074,1.04,-2.8846153846153872,3.68,16.30434782608696,3534.0,19.807583474816074
Uttar Pradesh,Firozabad,Wheat,2023-24,0.86,3.44,3998.0,2023,4,True,4234.0,-5.573925366084081,1.01,-14.851485148514854,4.28,-19.62616822429907,3884.0,2.9351184346035017
Uttar Pradesh,Firozabad,Wheat,2024-25,0.93,3.51,3766.0,2024,4,True,3998.0,-5.802901450725362,0.86,8.139534883720938,3.44,2.0348837209302277,3922.0,-3.977562468128506
Uttar Pradesh,Gautam Buddha Nagar,Maize,2021-22,0.01,0.02,2612.0,2021,4,True,,,,,,,,
Uttar Pradesh,Gautam Buddha Nagar,Maize,2022-23,0.01,0.02,2438.0,2022,4,True,2612.0,-6.66156202143951,0.01,0.0,0.02,0.0,2612.0,-6.66156202143951
Uttar Pradesh,Gautam Buddha Nagar,Maize,2023-24,0.01,0.02,2129.0,2023,4,True,2438.0,-12.674323215750615,0.01,0.0,0.02,0.0,2525.0,-15.683168316831683
Uttar Pradesh,Gautam Buddha Nagar,Maize,2024-25,0.01,0.03,2908.0,2024,4,True,2129.0,36.58994833255049,0.01,0.0,0.02,49.999999999999986,2393.0,21.521103217718345
Uttar Pradesh,Gautam Buddha Nagar,Rice,2021-22,0.14,0.34,2333.0,2021,4,True,,,,,,,,
Uttar Pradesh,Gautam Buddha Nagar,Rice,2022-23,0.2,0.45,2198.0,2022,4,True,2333.0,-5.786540934419203,0.14,42.85714285714285,0.34,32.35294117647059,2333.0,-5.786540934419203
Uttar Pradesh,Gautam Buddha Nagar,Rice,2023-24,0.14,0.4,2855.0,2023,4,True,2198.0,29.89080982711556,0.2,-30.0,0.45,-11.111111111111107,2265.5,26.020745972191566
Uttar Pradesh,Gautam Buddha Nagar,Rice,2024-25,0.28,0.78,2803.0,2024,4,True,2855.0,-1.8213660245183887,0.14,100.0,0.4,95.0,2462.0,13.850528025995127
Uttar Pradesh,Gautam Buddha Nagar,Wheat,2021-22,0.46,1.77,3849.0,2021,4,True,,,,,,,,
Uttar Pradesh,Gautam Buddha Nagar,Wheat,2022-23,0.45,1.81,4058.0,2022,4,True,3849.0,5.429981813458041,0.46,-2.1739130434782625,1.77,2.25988700564972,3849.0,5.429981813458041
Uttar Pradesh,Gautam Buddha Nagar,Wheat,2023-24,0.32,1.34,4172.0,2023,4,True,4058.0,2.809265648102514,0.45,-28.888888888888893,1.81,-25.96685082872928,3953.5,5.526748450739851
Uttar Pradesh,Gautam Buddha Nagar,Wheat,2024-25,0.51,2.01,3962.0,2024,4,True,4172.0,-5.033557046979865,0.32,59.375,1.34,49.99999999999998,4026.3333333333335,-1.5978143886083322
Uttar Pradesh,Ghaziabad,Maize,2021-22,0.0,0.0,2500.0,2021,4,True,,,,,,,,
Uttar Pradesh,Ghaziabad,Maize,2022-23,0.0,0.0,2440.0,2022,4,True,2500.0,-2.4,0.0,,0.0,,2500.0,-2.4
Uttar Pradesh,Ghaziabad,Maize,2023-24,0.0,0.0,2200.0,2023,4,True,2440.0,-9.836065573770492,0.0,,0.0,,2470.0,-10.931174089068826
Uttar Pradesh,Ghaziabad,Maize,2024-25,0.0,0.02,3459.0,2024,4,True,2200.0,57.22727272727273,0.0,,0.0,,2380.0,45.33613445378151
Uttar Pradesh,Ghaziabad,Rice,2021-22,0.1,0.27,2700.0,2021,4,True,,,,,,,,
Uttar Pradesh,Ghaziabad,Rice,2022-23,0.1,0.24,2499.0,2022,4,True,2700.0,-7.444444444444444,0.1,0.0,0.27,-11.11111111111112,2700.0,-7.444444444444444
Uttar Pradesh,Ghaziabad,Rice,2023-24,0.08,0.21,2717.0,2023,4,True,2499.0,8.723489395758303,0.1,-20.000000000000004,0.24,-12.5,2599.5,4.520100019234468
Uttar Pradesh,Ghaziabad,Rice,2024-25,0.05,0.14,2661.0,2024,4,True,2717.0,-2.0610967979389034,0.08,-37.5,0.21,-33.33333333333333,2638.6666666666665,0.846387064173831
Uttar Pradesh,Ghaziabad,Wheat,2021-22,0.3,1.25,4199.0,2021,4,True,,,,,,,,
Uttar Pradesh,Ghaziabad,Wheat,2022-23,0.28,1.13,3975.0,2022,4,True,4199.0,-5.334603477018337,0.3,-6.666666666666654,1.25,-9.600000000000009,4199.0,-5.334603477018337
Uttar Pradesh,Ghaziabad,Wheat,2023-24,0.23,1.01,4342.0,2023,4,True,3975.0,9.232704402515724,0.28,-17.85714285714286,1.13,-10.619469026548662,4087.0,6.239295326645461
Uttar Pradesh,Ghaziabad,Wheat,2024-25,0.27,1.02,3773.0,2024,4,True,4342.0,-13.104560110548135,0.23,17.39130434782609,1.01,0.990099009900991,4172.0,-9.563758389261745
Uttar Pradesh,Ghazipur,Maize,2021-22,0.01,0.01,1711.0,2021,4,True,,,,,,,,
Uttar Pradesh,Ghazipur,Maize,2022-23,0.01,0.02,2680.0,2022,4,True,1711.0,56.63354763296318,0.01,0.0,0.01,100.0,1711.0,56.63354763296318
Uttar Pradesh,Ghazipur,Maize,2023-24,0.01,0.03,2418.0,2023,4,True,2680.0,-9.776119402985074,0.01,0.0,0.02,49.999999999999986,2195.5,10.134365748121157
Uttar Pradesh,Ghazipur,Maize,2024-25,0.01,0.03,3414.0,2024,4,True,2418.0,41.19106699751861,0.01,0.0,0.03,0.0,2269.6666666666665,50.418563665736535
Uttar Pradesh,Ghazipur,Rice,2021-22,1.53,4.13,2699.0,2021,4,True,,,,,,,,
Uttar Pradesh,Ghazipur,Rice,2022-23,1.5,5.04,3358.0,2022,4,True,2699.0,24.416450537236013,1.53,-1.960784313725492,4.13,22.03389830508475,2699.0,24.416450537236013
Uttar Pradesh,Ghazipur,Rice,2023-24,1.48,3.96,2672.0,2023,4,True,3358.0,-20.428826682549136,1.5,-1.3333333333333344,5.04,-21.42857142857143,3028.5,-11.771504044906719
Uttar Pradesh,Ghazipur,Rice,2024-25,1.8,5.35,2970.0,2024,4,True,2672.0,11.152694610778443,1.48,21.621621621621625,3.96,35.1010101010101,2909.6666666666665,2.073547943636161
Uttar Pradesh,Ghazipur,Wheat,2021-22,1.81,7.01,3882.0,2021,4,True,,,,,,,,
Uttar Pradesh,Ghazipur,Wheat,2022-23,1.88,6.76,3597.0,2022,4,True,3882.0,-7.341576506955177,1.81,3.867403314917118,7.01,-3.566333808844508,3882.0,-7.341576506955177
Uttar Pradesh,Ghazipur,Wheat,2023-24,1.95,7.19,3687.0,2023,4,True,3597.0,2.5020850708924103,1.88,3.7234042553191524,6.76,6.360946745562139,3739.5,-1.4039310068190936
Uttar Pradesh,Ghazipur,Wheat,2024-25,1.71,6.5,3806.0,2024,4,True,3687.0,3.2275562788174663,1.95,-12.307692307692307,7.19,-9.596662030598058,3722.0,2.2568511552928534
Uttar Pradesh,Gonda,Maize,2021-22,0.59,0.7,1175.0,2021,4,True,,,,,,,,
Uttar Pradesh,Gonda,Maize,2022-23,0.59,0.95,1603.0,2022,4,True,1175.0,36.42553191489362,0.59,0.0,0.7,35.714285714285715,1175.0,36.42553191489362
Uttar Pradesh,Gonda,Maize,2023-24,0.7,1.22,1741.0,2023,4,True,1603.0,8.60885839051778,0.59,18.644067796610166,0.95,28.421052631578952,1389.0,25.341972642188626
Uttar Pradesh,Gonda,Maize,2024-25,0.21,0.33,1593.0,2024,4,True,1741.0,-8.500861573808157,0.7,-70.0,1.22,-72.95081967213115,1506.3333333333333,5.7534852843549515
Uttar Pradesh,Gonda,Rice,2021-22,1.38,3.2,2327.0,2021,4,True,,,,,,,,
Uttar Pradesh,Gonda,Rice,2022-23,1.38,3.11,2264.0,2022,4,True,2327.0,-2.7073485174043834,1.38,0.0,3.2,-2.8125000000000093,2327.0,-2.7073485174043834
Uttar Pradesh,Gonda,Rice,2023-24,1.3,3.44,2654.0,2023,4,True,2264.0,17.226148409893995,1.38,-5.797101449275352,3.11,10.610932475884246,2295.5,15.617512524504464
Uttar Pradesh,Gonda,Rice,2024-25,1.37,3.54,2590.0,2024,4,True,2654.0,-2.4114544084400906,1.3,5.3846153846153895,3.44,2.9069767441860495,2415.0,7.246376811594203
Uttar Pradesh,Gonda,Wheat,2021-22,1.6,5.25,3275.0,2021,4,True,,,,,,,,
Uttar Pradesh,Gonda,Wheat,2022-23,1.53,4.89,3188.0,2022,4,True,3275.0,-2.6564885496183206,1.6,-4.3750000000000036,5.25,-6.857142857142863,3275.0,-2.6564885496183206
Uttar Pradesh,Gonda,Wheat,2023-24,1.37,4.72,3435.0,2023,4,True,3188.0,7.74780426599749,1.53,-10.457516339869276,4.89,-3.476482617586911,3231.5,6.297385115271546
Uttar Pradesh,Gonda,Wheat,2024-25,1.42,5.25,3688.0,2024,4,True,3435.0,7.365356622998544,1.37,3.649635036496337,4.72,11.22881355932204,3299.3333333333335,11.78015760759749
Uttar Pradesh,Gorakhpur,Maize,2021-22,0.03,0.01,435.0,2021,4,True,,,,,,,,
Uttar Pradesh,Gorakhpur,Maize,2022-23,0.04,0.05,1339.0,2022,4,True,435.0,207.81609195402297,0.03,33.33333333333334,0.01,400.0,435.0,207.81609195402297
Uttar Pradesh,Gorakhpur,Maize,2023-24,0.06,0.15,2469.0,2023,4,True,1339.0,84.3913368185213,0.04,49.999999999999986,0.05,199.99999999999997,887.0,178.35400225479142
Uttar Pradesh,Gorakhpur,Maize,2024-25,0.03,0.09,2960.0,2024,4,True,2469.0,19.886593762656947,0.06,-50.0,0.15,-40.0,1414.3333333333333,109.28588263021449
Uttar Pradesh,Gorakhpur,Rice,2021-22,1.56,3.49,2232.0,2021,4,True,,,,,,,,
Uttar Pradesh,Gorakhpur,Rice,2022-23,1.53,3.65,2391.0,2022,4,True,2232.0,7.123655913978495,1.56,-1.9230769230769247,3.49,4.584527220630363,2232.0,7.123655913978495
Uttar Pradesh,Gorakhpur,Rice,2023-24,1.49,4.27,2871.0,2023,4,True,2391.0,20.075282308657467,1.53,-2.6143790849673225,3.65,16.986301369863003,2311.5,24.20506164828034
Uttar Pradesh,Gorakhpur,Rice,2024-25,1.54,4.42,2877.0,2024,4,True,2871.0,0.20898641588296762,1.49,3.35570469798658,4.27,3.5128805620608987,2498.0,15.172137710168135
Uttar Pradesh,Gorakhpur,Wheat,2021-22,2.02,7.33,3630.0,2021,4,True,,,,,,,,
Uttar Pradesh,Gorakhpur,Wheat,2022-23,1.97,7.42,3775.0,2022,4,True,3630.0,3.994490358126722,2.02,-2.4752475247524774,7.33,1.227830832196451,3630.0,3.994490358126722
Uttar Pradesh,Gorakhpur,Wheat,2023-24,1.61,6.35,3930.0,2023,4,True,3775.0,4.105960264900662,1.97,-18.274111675126896,7.42,-14.420485175202161,3702.5,6.144496961512492
Uttar Pradesh,Gorakhpur,Wheat,2024-25,1.73,6.93,4002.0,2024,4,True,3930.0,1.8320610687022902,1.61,7.453416149068315,6.35,9.133858267716537,3778.3333333333335,5.919717688575205
Uttar Pradesh,Hamirpur,Maize,2023-24,0.0,0.0,2563.0,2023,2,False,,,,,,,,
Uttar Pradesh,Hamirpur,Maize,2024-25,0.01,0.03,3455.0,2024,2,False,2563.0,34.80296527506828,0.0,,0.0,,2563.0,34.80296527506828
Uttar Pradesh,Hamirpur,Rice,2021-22,0.0,0.0,2373.0,2021,4,True,,,,,,,,
Uttar Pradesh,Hamirpur,Rice,2022-23,0.01,0.01,2411.0,2022,4,True,2373.0,1.6013485040033713,0.0,,0.0,,2373.0,1.6013485040033713
Uttar Pradesh,Hamirpur,Rice,2023-24,0.0,0.0,2390.0,2023,4,True,2411.0,-0.8710078805474907,0.01,-100.0,0.01,-100.0,2392.0,-0.08361204013377926
Uttar Pradesh,Hamirpur,Rice,2024-25,0.2,0.41,2100.0,2024,4,True,2390.0,-12.133891213389122,0.0,,0.0,,2391.3333333333335,-12.182882631725683
Uttar Pradesh,Hamirpur,Wheat,2021-22,1.18,3.78,3214.0,2021,4,True,,,,,,,,
Uttar Pradesh,Hamirpur,Wheat,2022-23,1.44,4.62,3217.0,2022,4,True,3214.0,0.09334163036714374,1.18,22.033898305084747,3.78,22.222222222222232,3214.0,0.09334163036714374
Uttar Pradesh,Hamirpur,Wheat,2023-24,1.29,4.28,3329.0,2023,4,True,3217.0,3.481504507304942,1.44,-10.41666666666666,4.62,-7.359307359307356,3215.5,3.5297776395583886
Uttar Pradesh,Hamirpur,Wheat,2024-25,1.36,4.51,3312.0,2024,4,True,3329.0,-0.5106638630219285,1.29,5.426356589147292,4.28,5.373831775700923,3253.3333333333335,1.8032786885245855
Uttar Pradesh,Hapur,Maize,2021-22,0.02,0.04,2320.0,2021,4,True,,,,,,,,
Uttar Pradesh,Hapur,Maize,2022-23,0.02,0.04,2334.0,2022,4,True,2320.0,0.603448275862069,0.02,0.0,0.04,0.0,2320.0,0.603448275862069
Uttar Pradesh,Hapur,Maize,2023-24,0.03,0.08,2249.0,2023,4,True,2334.0,-3.641816623821765,0.02,49.999999999999986,0.04,100.0,2327.0,-3.35195530726257
Uttar Pradesh,Hapur,Maize,2024-25,0.0,0.0,3092.0,2024,4,True,2249.0,37.48332592263228,0.03,-100.0,0.08,-100.0,2301.0,34.37635810517167
Uttar Pradesh,Hapur,Rice,2021-22,0.21,0.55,2673.0,2021,4,True,,,,,,,,
Uttar Pradesh,Hapur,Rice,2022-23,0.24,0.59,2404.0,2022,4,True,2673.0,-10.063598952487842,0.21,14.285714285714285,0.55,7.272727272727258,2673.0,-10.063598952487842
Uttar Pradesh,Hapur,Rice,2023-24,0.19,0.48,2512.0,2023,4,True,2404.0,4.492512479201332,0.24,-20.83333333333333,0.59,-18.644067796610166,2538.5,-1.0439235769155013
Uttar Pradesh,Hapur,Rice,2024-25,0.15,0.38,2470.0,2024,4,True,2512.0,-1.6719745222929936,0.19,-21.052631578947373,0.48,-20.83333333333333,2529.6666666666665,-2.358677032547102
Uttar Pradesh,Hapur,Wheat,2021-22,0.45,1.98,4375.0,2021,4,True,,,,,,,,
Uttar Pradesh,Hapur,Wheat,2022-23,0.41,1.74,4242.0,2022,4,True,4375.0,-3.04,0.45,-8.888888888888896,1.98,-12.121212121212121,4375.0,-3.04
Uttar Pradesh,Hapur,Wheat,2023-24,0.34,1.55,4556.0,2023,4,True,4242.0,7.402168788307402,0.41,-17.073170731707307,1.74,-10.919540229885055,4308.5,5.74445862829291
Uttar Pradesh,Hapur,Wheat,2024-25,0.41,1.56,3840.0,2024,4,True,4556.0,-15.715539947322213,0.34,20.58823529411763,1.55,0.6451612903225812,4391.0,-12.54839444317923
Uttar Pradesh,Hardoi,Maize,2021-22,0.42,0.8,1906.0,2021,4,True,,,,,,,,
Uttar Pradesh,Hardoi,Maize,2022-23,0.42,1.01,2404.0,2022,4,True,1906.0,26.128016789087095,0.42,0.0,0.8,26.249999999999996,1906.0,26.128016789087095
Uttar Pradesh,Hardoi,Maize,2023-24,0.44,1.07,2441.0,2023,4,True,2404.0,1.5391014975041597,0.42,4.761904761904766,1.01,5.940594059405946,2155.0,13.271461716937354
Uttar Pradesh,Hardoi,Maize,2024-25,0.21,0.49,2291.0,2024,4,True,2441.0,-6.145022531749283,0.44,-52.27272727272727,1.07,-54.20560747663552,2250.3333333333335,1.8071396830099178
Uttar Pradesh,Hardoi,Rice,2021-22,1.52,4.11,2706.0,2021,4,True,,,,,,,,
Uttar Pradesh,Hardoi,Rice,2022-23,1.48,3.95,2677.0,2022,4,True,2706.0,-1.0716925351071693,1.52,-2.6315789473684235,4.11,-3.892944038929443,2706.0,-1.0716925351071693
Uttar Pradesh,Hardoi,Rice,2023-24,1.42,3.92,2764.0,2023,4,True,2677.0,3.2499066118789686,1.48,-4.054054054054058,3.95,-0.7594936708860822,2691.5,2.693665242429872
Uttar Pradesh,Hardoi,Rice,2024-25,1.81,5.01,2765.0,2024,4,True,2764.0,0.0361794500723589,1.42,27.464788732394375,3.92,27.806122448979586,2715.6666666666665,1.8166196145820606
Uttar Pradesh,Hardoi,Wheat,2021-22,3.29,12.48,3792.0,2021,4,True,,,,,,,,
Uttar Pradesh,Hardoi,Wheat,2022-23,3.06,11.97,3913.0,2022,4,True,3792.0,3.190928270042194,3.29,-6.990881458966565,12.48,-4.08653846153846,3792.0,3.190928270042194
Uttar Pradesh,Hardoi,Wheat,2023-24,2.92,10.89,3733.0,2023,4,True,3913.0,-4.600051111679019,3.06,-4.575163398692815,11.97,-9.022556390977442,3852.5,-3.1018818948734586
Uttar Pradesh,Hardoi,Wheat,2024-25,3.07,11.37,3699.0,2024,4,True,3733.0,-0.9107956067506027,2.92,5.13698630136986,10.89,4.407713498622577,3812.6666666666665,-2.9812904353907985
Uttar Pradesh,Hathras,Maize,2021-22,0.04,0.11,2654.0,2021,4,True,,,,,,,,
Uttar Pradesh,Hathras,Maize,2022-23,0.05,0.13,2857.0,2022,4,True,2654.0,7.648831951770912,0.04,25.000000000000007,0.11,18.181818181818183,2654.0,7.648831951770912
Uttar Pradesh,Hathras,Maize,2023-24,0.09,0.3,3510.0,2023,4,True,2857.0,22.856142807140355,0.05,79.99999999999999,0.13,130.76923076923075,2755.5,27.381600435492654
Uttar Pradesh,Hathras,Maize,2024-25,0.1,0.35,3426.0,2024,4,True,3510.0,-2.3931623931623935,0.09,11.111111111111121,0.3,16.666666666666664,3007.0,13.934153641503158
Uttar Pradesh,Hathras,Rice,2021-22,0.22,0.54,2412.0,2021,4,True,,,,,,,,
Uttar Pradesh,Hathras,Rice,2022-23,0.22,0.55,2492.0,2022,4,True,2412.0,3.316749585406302,0.22,0.0,0.54,1.8518518518518534,2412.0,3.316749585406302
Uttar Pradesh,Hathras,Rice,2023-24,0.22,0.58,2598.0,2023,4,True,2492.0,4.253611556982344,0.22,0.0,0.55,5.454545454545439,2452.0,5.954323001631321
Uttar Pradesh,Hathras,Rice,2024-25,0.62,1.61,2604.0,2024,4,True,2598.0,0.23094688221709006,0.22,181.81818181818184,0.58,177.58620689655177,2500.6666666666665,4.132231404958684
Uttar Pradesh,Hathras,Wheat,2021-22,0.86,3.4,3968.0,2021,4,True,,,,,,,,
Uttar Pradesh,Hathras,Wheat,2022-23,0.79,3.17,4028.0,2022,4,True,3968.0,1.5120967741935485,0.86,-8.139534883720925,3.4,-6.764705882352941,3968.0,1.5120967741935485
Uttar Pradesh,Hathras,Wheat,2023-24,0.72,2.84,3921.0,2023,4,True,4028.0,-2.656405163853029,0.79,-8.860759493670892,3.17,-10.410094637223978,3998.0,-1.9259629814907455
Uttar Pradesh,Hathras,Wheat,2024-25,0.68,2.69,3958.0,2024,4,True,3921.0,0.9436368273399643,0.72,-5.555555555555546,2.84,-5.281690140845067,3972.3333333333335,-0.3608290677183893
Uttar Pradesh,Jalaun,Maize,2021-22,0.0,0.0,1909.0,2021,4,True,,,,,,,,
Uttar Pradesh,Jalaun,Maize,2022-23,0.0,0.0,1500.0,2022,4,True,1909.0,-21.4248297537978,0.0,,0.0,,1909.0,-21.4248297537978
Uttar Pradesh,Jalaun,Maize,2023-24,0.0,0.0,2054.0,2023,4,True,1500.0,36.93333333333334,0.0,,0.0,,1704.5,20.504546787914343
Uttar Pradesh,Jalaun,Maize,2024-25,0.02,0.05,3449.0,2024,4,True,2054.0,67.91626095423564,0.0,,0.0,,1821.0,89.40142778693026
Uttar Pradesh,Jalaun,Rice,2021-22,0.0,0.0,1846.0,2021,4,True,,,,,,,,
Uttar Pradesh,Jalaun,Rice,2022-23,0.0,0.0,1336.0,2022,4,True,1846.0,-27.627302275189596,0.0,,0.0,,1846.0,-27.627302275189596
Uttar Pradesh,Jalaun,Rice,2023-24,0.0,0.01,2191.0,2023,4,True,1336.0,63.99700598802395,0.0,,0.0,,1591.0,37.71213073538655
Uttar Pradesh,Jalaun,Rice,2024-25,0.52,1.17,2261.0,2024,4,True,2191.0,3.1948881789137378,0.0,,0.01,11599.999999999998,1791.0,26.242322724734784
Uttar Pradesh,Jalaun,Wheat,2021-22,1.36,4.65,3425.0,2021,4,True,,,,,,,,
Uttar Pradesh,Jalaun,Wheat,2022-23,1.63,5.84,3578.0,2022,4,True,3425.0,4.467153284671533,1.36,19.85294117647057,4.65,25.591397849462354,3425.0,4.467153284671533
Uttar Pradesh,Jalaun,Wheat,2023-24,1.81,6.86,3792.0,2023,4,True,3578.0,5.980994969256568,1.63,11.042944785276084,5.84,17.465753424657542,3501.5,8.29644438097958
Uttar Pradesh,Jalaun,Wheat,2024-25,1.59,6.04,3790.0,2024,4,True,3792.0,-0.05274261603375527,1.81,-12.154696132596683,6.86,-11.953352769679304,3598.3333333333335,5.326540064844831
Uttar Pradesh,Jaunpur,Maize,2021-22,0.54,0.85,1571.0,2021,4,True,,,,,,,,
Uttar Pradesh,Jaunpur,Maize,2022-23,0.54,1.44,2653.0,2022,4,True,1571.0,68.87332908975175,0.54,0.0,0.85,69.41176470588235,1571.0,68.87332908975175
Uttar Pradesh,Jaunpur,Maize,2023-24,0.55,1.14,2087.0,2023,4,True,2653.0,-21.334338484734264,0.54,1.8518518518518534,1.44,-20.833333333333336,2112.0,-1.183712121212121
Uttar Pradesh,Jaunpur,Maize,2024-25,0.21,0.49,2308.0,2024,4,True,2087.0,10.589362721609968,0.55,-61.81818181818183,1.14,-57.01754385964912,2103.6666666666665,9.71319917604184
Uttar Pradesh,Jaunpur,Rice,2021-22,1.51,3.97,2633.0,2021,4,True,,,,,,,,
Uttar Pradesh,Jaunpur,Rice,2022-23,1.46,4.12,2815.0,2022,4,True,2633.0,6.912267375617167,1.51,-3.3112582781456985,3.97,3.7783375314861436,2633.0,6.912267375617167
Uttar Pradesh,Jaunpur,Rice,2023-24,1.41,3.97,2827.0,2023,4,True,2815.0,0.42628774422735344,1.46,-3.424657534246579,4.12,-3.6407766990291237,2724.0,3.7812041116005877
Uttar Pradesh,Jaunpur,Rice,2024-25,1.69,4.69,2775.0,2024,4,True,2827.0,-1.839405730456314,1.41,19.858156028368796,3.97,18.136020151133504,2758.3333333333335,0.6042296072507497
Uttar Pradesh,Jaunpur,Wheat,2021-22,2.18,8.73,4001.0,2021,4,True,,,,,,,,
Uttar Pradesh,Jaunpur,Wheat,2022-23,2.15,8.57,3986.0,2022,4,True,4001.0,-0.3749062734316421,2.18,-1.376146788990837,8.73,-1.832760595647195,4001.0,-0.3749062734316421
Uttar Pradesh,Jaunpur,Wheat,2023-24,1.93,7.86,4068.0,2023,4,True,3986.0,2.0572002007024586,2.15,-10.232558139534884,8.57,-8.284714119019835,3993.5,1.8655314886690872
Uttar Pradesh,Jaunpur,Wheat,2024-25,2.02,7.92,3922.0,2024,4,True,4068.0,-3.5889872173058017,1.93,4.663212435233165,7.86,0.7633587786259493,4018.3333333333335,-2.3973454997926207
Uttar Pradesh,Jhansi,Maize,2021-22,0.02,0.01,572.0,2021,4,True,,,,,,,,
Uttar Pradesh,Jhansi,Maize,2022-23,0.02,0.03,1858.0,2022,4,True,572.0,224.82517482517483,0.02,0.0,0.01,199.99999999999994,572.0,224.82517482517483
Uttar Pradesh,Jhansi,Maize,2023-24,0.02,0.03,1681.0,2023,4,True,1858.0,-9.526372443487622,0.02,0.0,0.03,0.0,1215.0,38.35390946502058
Uttar Pradesh,Jhansi,Maize,2024-25,0.02,0.03,1160.0,2024,4,True,1681.0,-30.993456276026176,0.02,0.0,0.03,0.0,1370.3333333333333,-15.34906348820238
Uttar Pradesh,Jhansi,Rice,2021-22,0.09,0.2,2143.0,2021,4,True,,,,,,,,
Uttar Pradesh,Jhansi,Rice,2022-23,0.09,0.18,1987.0,2022,4,True,2143.0,-7.279514699020065,0.09,0.0,0.2,-10.000000000000009,2143.0,-7.279514699020065
Uttar Pradesh,Jhansi,Rice,2023-24,0.09,0.2,2234.0,2023,4,True,1987.0,12.430800201308505,0.09,0.0,0.18,11.111111111111121,2065.0,8.184019370460048
Uttar Pradesh,Jhansi,Rice,2024-25,0.63,1.38,2197.0,2024,4,True,2234.0,-1.656222023276634,0.09,600.0000000000001,0.2,590.0,2121.3333333333335,3.566939032055304
Uttar Pradesh,Jhansi,Wheat,2021-22,1.32,4.48,3385.0,2021,4,True,,,,,,,,
Uttar Pradesh,Jhansi,Wheat,2022-23,1.39,4.79,3434.0,2022,4,True,3385.0,1.447562776957164,1.32,5.30303030303029,4.48,6.919642857142848,3385.0,1.447562776957164
Uttar Pradesh,Jhansi,Wheat,2023-24,1.92,6.34,3307.0,2023,4,True,3434.0,-3.6983110075713457,1.39,38.129496402877706,4.79,32.35908141962421,3409.5,-3.006305909957472
Uttar Pradesh,Jhansi,Wheat,2024-25,1.69,5.74,3393.0,2024,4,True,3307.0,2.6005442999697608,1.92,-11.979166666666666,6.34,-9.463722397476335,3375.3333333333335,0.5234050957930036
Uttar Pradesh,Kannauj,Maize,2021-22,0.63,1.87,2981.0,2021,4,True,,,,,,,,
Uttar Pradesh,Kannauj,Maize,2022-23,0.63,1.92,3044.0,2022,4,True,2981.0,2.1133847702113386,0.63,0.0,1.87,2.6737967914438405,2981.0,2.1133847702113386
Uttar Pradesh,Kannauj,Maize,2023-24,1.0,2.92,2913.0,2023,4,True,3044.0,-4.303547963206308,0.63,58.730158730158735,1.92,52.083333333333336,3012.5,-3.302904564315353
Uttar Pradesh,Kannauj,Maize,2024-25,0.58,1.86,3232.0,2024,4,True,2913.0,10.950909715070374,1.0,-42.00000000000001,2.92,-36.3013698630137,2979.3333333333335,8.480644439471913
Uttar Pradesh,Kannauj,Rice,2021-22,0.2,0.55,2761.0,2021,4,True,,,,,,,,
Uttar Pradesh,Kannauj,Rice,2022-23,0.21,0.61,2979.0,2022,4,True,2761.0,7.895689967403115,0.2,4.99999999999999,0.55,10.909090909090898,2761.0,7.895689967403115
Uttar Pradesh,Kannauj,Rice,2023-24,0.19,0.6,3109.0,2023,4,True,2979.0,4.36388049681101,0.21,-9.523809523809518,0.61,-1.6393442622950833,2870.0,8.32752613240418
Uttar Pradesh,Kannauj,Rice,2024-25,0.43,1.43,3348.0,2024,4,True,3109.0,7.687359279511097,0.19,126.3157894736842,0.6,138.33333333333334,2949.6666666666665,13.504350774098775
Uttar Pradesh,Kannauj,Wheat,2021-22,0.79,3.06,3854.0,2021,4,True,,,,,,,,
Uttar Pradesh,Kannauj,Wheat,2022-23,0.65,2.61,3988.0,2022,4,True,3854.0,3.476907109496627,0.79,-17.72151898734177,3.06,-14.705882352941183,3854.0,3.476907109496627
Uttar Pradesh,Kannauj,Wheat,2023-24,0.62,2.54,4130.0,2023,4,True,3988.0,3.560682046138415,0.65,-4.615384615384619,2.61,-2.6819923371647447,3921.0,5.330272889568988
Uttar Pradesh,Kannauj,Wheat,2024-25,0.6,2.75,4548.0,2024,4,True,4130.0,10.121065375302663,0.62,-3.2258064516129057,2.54,8.267716535433069,3990.6666666666665,13.965920481122623
Uttar Pradesh,Kanpur Dehat,Maize,2021-22,0.15,0.42,2814.0,2021,4,True,,,,,,,,
Uttar Pradesh,Kanpur Dehat,Maize,2022-23,0.15,0.43,2838.0,2022,4,True,2814.0,0.8528784648187633,0.15,0.0,0.42,2.380952380952383,2814.0,0.8528784648187633
Uttar Pradesh,Kanpur Dehat,Maize,2023-24,0.15,0.22,1426.0,2023,4,True,2838.0,-49.75334742776603,0.15,0.0,0.43,-48.837209302325576,2826.0,-49.539985845718334
Uttar Pradesh,Kanpur Dehat,Maize,2024-25,0.12,0.34,2759.0,2024,4,True,1426.0,93.47826086956522,0.15,-20.0,0.22,54.545454545454554,2359.3333333333335,16.939813506640284
Uttar Pradesh,Kanpur Dehat,Rice,2021-22,0.41,1.34,3238.0,2021,4,True,,,,,,,,
Uttar Pradesh,Kanpur Dehat,Rice,2022-23,0.57,1.88,3286.0,2022,4,True,3238.0,1.4823965410747375,0.41,39.02439024390244,1.34,40.29850746268655,3238.0,1.4823965410747375
Uttar Pradesh,Kanpur Dehat,Rice,2023-24,0.39,1.29,3295.0,2023,4,True,3286.0,0.2738892270237371,0.57,-31.578947368421044,1.88,-31.382978723404246,3262.0,1.0116492949110976
Uttar Pradesh,Kanpur Dehat,Rice,2024-25,0.73,2.22,3061.0,2024,4,True,3295.0,-7.101669195751138,0.39,87.17948717948717,1.29,72.09302325581396,3273.0,-6.477238007943782
Uttar Pradesh,Kanpur Dehat,Wheat,2021-22,1.25,4.76,3794.0,2021,4,True,,,,,,,,
Uttar Pradesh,Kanpur Dehat,Wheat,2022-23,1.25,5.04,4042.0,2022,4,True,3794.0,6.536636794939378,1.25,0.0,4.76,5.882352941176476,3794.0,6.536636794939378
Uttar Pradesh,Kanpur Dehat,Wheat,2023-24,1.56,6.64,4265.0,2023,4,True,4042.0,5.5170707570509645,1.25,24.800000000000004,5.04,31.74603174603174,3918.0,8.856559469116897
Uttar Pradesh,Kanpur Dehat,Wheat,2024-25,1.38,6.11,4438.0,2024,4,True,4265.0,4.056271981242673,1.56,-11.538461538461549,6.64,-7.981927710843364,4033.6666666666665,10.023964961573428
Uttar Pradesh,Kanpur Nagar,Maize,2021-22,0.27,0.72,2723.0,2021,4,True,,,,,,,,
Uttar Pradesh,Kanpur Nagar,Maize,2022-23,0.27,0.7,2624.0,2022,4,True,2723.0,-3.6356959236136612,0.27,0.0,0.72,-2.7777777777777803,2723.0,-3.6356959236136612
Uttar Pradesh,Kanpur Nagar,Maize,2023-24,0.35,0.74,2114.0,2023,4,True,2624.0,-19.4359756097561,0.27,29.629629629629612,0.7,5.71428571428572,2673.5,-20.927622966149244
Uttar Pradesh,Kanpur Nagar,Maize,2024-25,0.13,0.43,3272.0,2024,4,True,2114.0,54.77767265846736,0.35,-62.857142857142854,0.74,-41.891891891891895,2487.0,31.56413349416968
Uttar Pradesh,Kanpur Nagar,Rice,2021-22,0.33,0.96,2932.0,2021,4,True,,,,,,,,
Uttar Pradesh,Kanpur Nagar,Rice,2022-23,0.32,0.95,2989.0,2022,4,True,2932.0,1.9440654843110503,0.33,-3.030303030303033,0.96,-1.0416666666666676,2932.0,1.9440654843110503
Uttar Pradesh,Kanpur Nagar,Rice,2023-24,0.3,0.94,3129.0,2023,4,True,2989.0,4.683840749414521,0.32,-6.250000000000005,0.95,-1.0526315789473695,2960.5,5.691606147610201
Uttar Pradesh,Kanpur Nagar,Rice,2024-25,0.52,1.59,3061.0,2024,4,True,3129.0,-2.173218280600831,0.3,73.33333333333336,0.94,69.14893617021278,3016.6666666666665,1.4696132596685134
Uttar Pradesh,Kanpur Nagar,Wheat,2021-22,1.07,3.71,3477.0,2021,4,True,,,,,,,,
Uttar Pradesh,Kanpur Nagar,Wheat,2022-23,1.04,4.07,3921.0,2022,4,True,3477.0,12.76962899050906,1.07,-2.803738317757012,3.71,9.703504043126692,3477.0,12.76962899050906
Uttar Pradesh,Kanpur Nagar,Wheat,2023-24,1.02,3.82,3731.0,2023,4,True,3921.0,-4.845702626880898,1.04,-1.9230769230769247,4.07,-6.142506142506153,3699.0,0.8650986753176535
Uttar Pradesh,Kanpur Nagar,Wheat,2024-25,1.07,4.5,4225.0,2024,4,True,3731.0,13.240418118466899,1.02,4.901960784313729,3.82,17.801047120418854,3709.6666666666665,13.891634468505709
Uttar Pradesh,Kasganj,Maize,2021-22,0.42,1.39,3278.0,2021,4,True,,,,,,,,
Uttar Pradesh,Kasganj,Maize,2022-23,0.42,1.24,2925.0,2022,4,True,3278.0,-10.76876143990238,0.42,0.0,1.39,-10.791366906474813,3278.0,-10.76876143990238
Uttar Pradesh,Kasganj,Maize,2023-24,0.55,1.82,3332.0,2023,4,True,2925.0,13.914529914529913,0.42,30.95238095238097,1.24,46.7741935483871,3101.5,7.431887796227632
Uttar Pradesh,Kasganj,Maize,2024-25,0.34,1.02,2964.0,2024,4,True,3332.0,-11.044417767106843,0.55,-38.18181818181819,1.82,-43.956043956043956,3178.3333333333335,-6.743576297850031
Uttar Pradesh,Kasganj,Rice,2021-22,0.17,0.44,2683.0,2021,4,True,,,,,,,,
Uttar Pradesh,Kasganj,Rice,2022-23,0.19,0.5,2578.0,2022,4,True,2683.0,-3.9135296310100633,0.17,11.764705882352935,0.44,13.636363636363635,2683.0,-3.9135296310100633
Uttar Pradesh,Kasganj,Rice,2023-24,0.16,0.43,2673.0,2023,4,True,2578.0,3.6850271528316525,0.19,-15.789473684210526,0.5,-14.000000000000002,2630.5,1.615662421592853
Uttar Pradesh,Kasganj,Rice,2024-25,0.45,1.19,2679.0,2024,4,True,2673.0,0.22446689113355783,0.16,181.25000000000003,0.43,176.74418604651163,2644.6666666666665,1.298210234434087
Uttar Pradesh,Kasganj,Wheat,2021-22,0.97,3.79,3913.0,2021,4,True,,,,,,,,
Uttar Pradesh,Kasganj,Wheat,2022-23,0.98,4.07,4142.0,2022,4,True,3913.0,5.852287247636085,0.97,1.0309278350515474,3.79,7.38786279683378,3913.0,5.852287247636085
Uttar Pradesh,Kasganj,Wheat,2023-24,1.02,3.96,3891.0,2023,4,True,4142.0,-6.059874456784162,0.98,4.081632653061228,4.07,-2.7027027027027106,4027.5,-3.3891992551210426
Uttar Pradesh,Kasganj,Wheat,2024-25,0.94,3.59,3811.0,2024,4,True,3891.0,-2.0560267283474687,1.02,-7.843137254901968,3.96,-9.343434343434346,3982.0,-4.2943244600703165
Uttar Pradesh,Kaushambi,Maize,2021-22,0.0,0.01,2406.0,2021,4,True,,,,,,,,
Uttar Pradesh,Kaushambi,Maize,2022-23,0.0,0.0,2854.0,2022,4,True,2406.0,18.62011637572735,0.0,,0.01,-100.0,2406.0,18.62011637572735
Uttar Pradesh,Kaushambi,Maize,2023-24,0.0,0.0,2007.0,2023,4,True,2854.0,-29.677645409950948,0.0,,0.0,,2630.0,-23.688212927756656
Uttar Pradesh,Kaushambi,Maize,2024-25,0.01,0.03,3447.0,2024,4,True,2007.0,71.74887892376681,0.0,,0.0,,2422.3333333333335,42.30081188936287
Uttar Pradesh,Kaushambi,Rice,2021-22,0.49,1.34,2732.0,2021,4,True,,,,,,,,
Uttar Pradesh,Kaushambi,Rice,2022-23,0.64,1.98,3072.0,2022,4,True,2732.0,12.445095168374817,0.49,30.61224489795919,1.34,47.761194029850735,2732.0,12.445095168374817
Uttar Pradesh,Kaushambi,Rice,2023-24,0.46,1.38,3004.0,2023,4,True,3072.0,-2.213541666666667,0.64,-28.125,1.98,-30.303030303030308,2902.0,3.5148173673328738
Uttar Pradesh,Kaushambi,Rice,2024-25,0.77,2.66,3471.0,2024,4,True,3004.0,15.545938748335553,0.46,67.3913043478261,1.38,92.75362318840583,2936.0,18.222070844686648
Uttar Pradesh,Kaushambi,Wheat,2021-22,0.78,2.61,3360.0,2021,4,True,,,,,,,,
Uttar Pradesh,Kaushambi,Wheat,2022-23,0.8,2.91,3651.0,2022,4,True,3360.0,8.660714285714285,0.78,2.5641025641025665,2.61,11.49425287356323,3360.0,8.660714285714285
Uttar Pradesh,Kaushambi,Wheat,2023-24,0.81,2.77,3423.0,2023,4,True,3651.0,-6.244864420706656,0.8,1.250000000000001,2.91,-4.8109965635738865,3505.5,-2.35344458707745
Uttar Pradesh,Kaushambi,Wheat,2024-25,0.8,3.51,4367.0,2024,4,True,3423.0,27.578147823546594,0.81,-1.234567901234569,2.77,26.714801444043314,3478.0,25.56066705002875
Uttar Pradesh,Kheri,Maize,2021-22,0.11,0.19,1667.0,2021,4,True,,,,,,,,
Uttar Pradesh,Kheri,Maize,2022-23,0.11,0.18,1587.0,2022,4,True,1667.0,-4.799040191961608,0.11,0.0,0.19,-5.263157894736847,1667.0,-4.799040191961608
Uttar Pradesh,Kheri,Maize,2023-24,0.15,0.37,2465.0,2023,4,True,1587.0,55.32451165721487,0.11,36.36363636363636,0.18,105.55555555555556,1627.0,51.50583896742471
Uttar Pradesh,Kheri,Maize,2024-25,0.05,0.14,2924.0,2024,4,True,2465.0,18.620689655172416,0.15,-66.66666666666666,0.37,-62.16216216216216,1906.3333333333333,53.383458646616546
Uttar Pradesh,Kheri,Rice,2021-22,1.87,5.3,2842.0,2021,4,True,,,,,,,,
Uttar Pradesh,Kheri,Rice,2022-23,1.85,5.21,2826.0,2022,4,True,2842.0,-0.5629838142153413,1.87,-1.0695187165775408,5.3,-1.6981132075471674,2842.0,-0.5629838142153413
Uttar Pradesh,Kheri,Rice,2023-24,1.73,5.25,3030.0,2023,4,True,2826.0,7.218683651804671,1.85,-6.486486486486492,5.21,0.7677543186180429,2834.0,6.916019760056457
Uttar Pradesh,Kheri,Rice,2024-25,1.13,3.8,3352.0,2024,4,True,3030.0,10.627062706270628,1.73,-34.6820809248555,5.25,-27.61904761904762,2899.3333333333335,15.612784548171987
Uttar Pradesh,Kheri,Wheat,2021-22,2.02,8.28,4094.0,2021,4,True,,,,,,,,
Uttar Pradesh,Kheri,Wheat,2022-23,1.94,7.98,4123.0,2022,4,True,4094.0,0.7083536883243771,2.02,-3.960396039603964,8.28,-3.623188405797089,4094.0,0.7083536883243771
Uttar Pradesh,Kheri,Wheat,2023-24,1.59,6.33,3976.0,2023,4,True,4123.0,-3.5653650254668934,1.94,-18.041237113402055,7.98,-20.676691729323313,4108.5,-3.2250212973104544
Uttar Pradesh,Kheri,Wheat,2024-25,1.82,7.28,3993.0,2024,4,True,3976.0,0.4275653923541248,1.59,14.465408805031444,6.33,15.00789889415482,4064.3333333333335,-1.7551053883375745
Uttar Pradesh,Kushinagar,Maize,2021-22,0.08,0.14,1767.0,2021,4,True,,,,,,,,
Uttar Pradesh,Kushinagar,Maize,2022-23,0.06,0.12,2103.0,2022,4,True,1767.0,19.015280135823428,0.08,-25.000000000000007,0.14,-14.285714285714295,1767.0,19.015280135823428
Uttar Pradesh,Kushinagar,Maize,2023-24,0.08,0.25,2964.0,2023,4,True,2103.0,40.94151212553495,0.06,33.33333333333334,0.12,108.33333333333334,1935.0,53.17829457364341
Uttar Pradesh,Kushinagar,Maize,2024-25,0.05,0.14,3158.0,2024,4,True,2964.0,6.5452091767881235,0.08,-37.5,0.25,-43.99999999999999,2278.0,38.63037752414399
Uttar Pradesh,Kushinagar,Rice,2021-22,1.27,3.32,2607.0,2021,4,True,,,,,,,,
Uttar Pradesh,Kushinagar,Rice,2022-23,1.24,3.14,2525.0,2022,4,True,2607.0,-3.145377828922133,1.27,-2.362204724409451,3.32,-5.421686746987944,2607.0,-3.145377828922133
Uttar Pradesh,Kushinagar,Rice,2023-24,1.19,3.06,2567.0,2023,4,True,2525.0,1.6633663366336635,1.24,-4.032258064516133,3.14,-2.5477707006369448,2566.0,0.03897116134060795
Uttar Pradesh,Kushinagar,Rice,2024-25,0.87,2.4,2749.0,2024,4,True,2567.0,7.089988313206078,1.19,-26.89075630252101,3.06,-21.568627450980397,2566.3333333333335,7.117807507468496
Uttar Pradesh,Kushinagar,Wheat,2021-22,1.21,4.57,3763.0,2021,4,True,,,,,,,,
Uttar Pradesh,Kushinagar,Wheat,2022-23,1.22,4.5,3697.0,2022,4,True,3763.0,-1.7539197448844006,1.21,0.8264462809917362,4.57,-1.5317286652078836,3763.0,-1.7539197448844006
Uttar Pradesh,Kushinagar,Wheat,2023-24,1.08,3.91,3614.0,2023,4,True,3697.0,-2.2450635650527455,1.22,-11.475409836065566,4.5,-13.111111111111107,3730.0,-3.1099195710455763
Uttar Pradesh,Kushinagar,Wheat,2024-25,1.12,4.3,3839.0,2024,4,True,3614.0,6.225788599889319,1.08,3.703703703703707,3.91,9.974424552429658,3691.3333333333335,4.000361206429471
Uttar Pradesh,Lalitpur,Maize,2021-22,0.31,0.35,1129.0,2021,4,True,,,,,,,,
Uttar Pradesh,Lalitpur,Maize,2022-23,0.31,0.39,1231.0,2022,4,True,1129.0,9.03454384410983,0.31,0.0,0.35,11.42857142857144,1129.0,9.03454384410983
Uttar Pradesh,Lalitpur,Maize,2023-24,0.3,0.39,1292.0,2023,4,True,1231.0,4.955320877335499,0.31,-3.2258064516129057,0.39,0.0,1180.0,9.491525423728813
Uttar Pradesh,Lalitpur,Maize,2024-25,0.11,0.09,856.0,2024,4,True,1292.0,-33.746130030959755,0.3,-63.33333333333334,0.39,-76.92307692307693,1217.3333333333333,-29.682365826944135
Uttar Pradesh,Lalitpur,Rice,2021-22,0.02,0.01,512.0,2021,4,True,,,,,,,,
Uttar Pradesh,Lalitpur,Rice,2022-23,0.02,0.05,2577.0,2022,4,True,512.0,403.3203125,0.02,0.0,0.01,400.0,512.0,403.3203125
Uttar Pradesh,Lalitpur,Rice,2023-24,0.01,0.03,2161.0,2023,4,True,2577.0,-16.14280170741172,0.02,-50.0,0.05,-40.00000000000001,1544.5,39.91583036581418
Uttar Pradesh,Lalitpur,Rice,2024-25,0.01,0.01,1231.0,2024,4,True,2161.0,-43.03563165201296,0.01,0.0,0.03,-66.66666666666666,1750.0,-29.65714285714286
Uttar Pradesh,Lalitpur,Wheat,2021-22,1.71,6.21,3619.0,2021,4,True,,,,,,,,
Uttar Pradesh,Lalitpur,Wheat,2022-23,1.71,6.24,3650.0,2022,4,True,3619.0,0.8565902182923459,1.71,0.0,6.21,0.4830917874396175,3619.0,0.8565902182923459
Uttar Pradesh,Lalitpur,Wheat,2023-24,1.87,6.66,3568.0,2023,4,True,3650.0,-2.246575342465753,1.71,9.356725146198839,6.24,6.730769230769229,3634.5,-1.8296877149539137
Uttar Pradesh,Lalitpur,Wheat,2024-25,1.72,5.83,3401.0,2024,4,True,3568.0,-4.680493273542601,1.87,-8.021390374331558,6.66,-12.462462462462463,3612.3333333333335,-5.85032758143398
Uttar Pradesh,Lucknow,Maize,2021-22,0.02,0.04,2249.0,2021,4,True,,,,,,,,
Uttar Pradesh,Lucknow,Maize,2022-23,0.02,0.01,728.0,2022,4,True,2249.0,-67.63005780346822,0.02,0.0,0.04,-75.0,2249.0,-67.63005780346822
Uttar Pradesh,Lucknow,Maize,2023-24,0.02,0.04,2082.0,2023,4,True,728.0,185.989010989011,0.02,0.0,0.01,300.0,1488.5,39.87235471951629
Uttar Pradesh,Lucknow,Maize,2024-25,0.01,0.02,2059.0,2024,4,True,2082.0,-1.1047070124879923,0.02,-50.0,0.04,-50.0,1686.3333333333333,22.099229096659425
Uttar Pradesh,Lucknow,Rice,2021-22,0.55,1.37,2492.0,2021,4,True,,,,,,,,
Uttar Pradesh,Lucknow,Rice,2022-23,0.52,1.37,2624.0,2022,4,True,2492.0,5.296950240770466,0.55,-5.4545454545454595,1.37,0.0,2492.0,5.296950240770466
Uttar Pradesh,Lucknow,Rice,2023-24,0.51,1.3,2563.0,2023,4,True,2624.0,-2.3246951219512195,0.52,-1.9230769230769247,1.37,-5.1094890510948945,2558.0,0.1954652071931196
Uttar Pradesh,Lucknow,Rice,2024-25,0.36,1.0,2774.0,2024,4,True,2563.0,8.232539992196644,0.51,-29.41176470588236,1.3,-23.076923076923077,2559.6666666666665,8.373486131006649
Uttar Pradesh,Lucknow,Wheat,2021-22,0.85,3.02,3541.0,2021,4,True,,,,,,,,
Uttar Pradesh,Lucknow,Wheat,2022-23,0.81,2.83,3498.0,2022,4,True,3541.0,-1.2143462298785652,0.85,-4.705882352941168,3.02,-6.29139072847682,3541.0,-1.2143462298785652
Uttar Pradesh,Lucknow,Wheat,2023-24,0.36,1.29,3581.0,2023,4,True,3498.0,2.3727844482561466,0.81,-55.55555555555556,2.83,-54.416961130742045,3519.5,1.7474073021736043
Uttar Pradesh,Lucknow,Wheat,2024-25,0.72,2.4,3310.0,2024,4,True,3581.0,-7.567718514381458,0.36,100.0,1.29,86.04651162790697,3540.0,-6.497175141242938
Uttar Pradesh,Mahoba,Maize,2021-22,0.0,0.0,2091.0,2021,4,True,,,,,,,,
Uttar Pradesh,Mahoba,Maize,2022-23,0.0,0.0,2154.0,2022,4,True,2091.0,3.012912482065997,0.0,,0.0,,2091.0,3.012912482065997
Uttar Pradesh,Mahoba,Maize,2023-24,0.0,0.0,2181.0,2023,4,True,2154.0,1.2534818941504178,0.0,,0.0,,2122.5,2.756183745583039
Uttar Pradesh,Mahoba,Maize,2024-25,0.0,0.0,327.0,2024,4,True,2181.0,-85.00687757909216,0.0,,0.0,,2142.0,-84.73389355742297
Uttar Pradesh,Mahoba,Rice,2021-22,0.0,0.0,2367.0,2021,4,True,,,,,,,,
Uttar Pradesh,Mahoba,Rice,2022-23,0.0,0.0,2413.0,2022,4,True,2367.0,1.9433882551753274,0.0,,0.0,,2367.0,1.9433882551753274
Uttar Pradesh,Mahoba,Rice,2023-24,0.0,0.01,2390.0,2023,4,True,2413.0,-0.9531703273932863,0.0,,0.0,,2390.0,0.0
Uttar Pradesh,Mahoba,Rice,2024-25,0.02,0.05,2100.0,2024,4,True,2390.0,-12.133891213389122,0.0,,0.01,400.0,2390.0,-12.133891213389122
Uttar Pradesh,Mahoba,Wheat,2021-22,0.8,2.27,2841.0,2021,4,True,,,,,,,,
Uttar Pradesh,Mahoba,Wheat,2022-23,0.78,3.09,3940.0,2022,4,True,2841.0,38.683562126011964,0.8,-2.500000000000002,2.27,36.12334801762114,2841.0,38.683562126011964
Uttar Pradesh,Mahoba,Wheat,2023-24,0.82,3.13,3816.0,2023,4,True,3940.0,-3.1472081218274113,0.78,5.128205128205118,3.09,1.294498381877024,3390.5,12.54977142014452
Uttar Pradesh,Mahoba,Wheat,2024-25,0.77,2.43,3160.0,2024,4,True,3816.0,-17.19077568134172,0.82,-6.097560975609748,3.13,-22.36421725239616,3532.3333333333335,-10.540719071435316
Uttar Pradesh,Mahrajganj,Maize,2021-22,0.02,0.05,2688.0,2021,4,True,,,,,,,,
Uttar Pradesh,Mahrajganj,Maize,2022-23,0.01,0.01,2768.0,2022,4,True,2688.0,2.976190476190476,0.02,-50.0,0.05,-80.0,2688.0,2.976190476190476
Uttar Pradesh,Mahrajganj,Maize,2023-24,0.02,0.05,3151.0,2023,4,True,2768.0,13.836705202312139,0.01,100.0,0.01,400.0,2728.0,15.505865102639296
Uttar Pradesh,Mahrajganj,Maize,2024-25,0.07,0.25,3475.0,2024,4,True,3151.0,10.28245001586798,0.02,250.0,0.05,400.0,2869.0,21.12234227953991
Uttar Pradesh,Mahrajganj,Rice,2021-22,1.81,4.97,2745.0,2021,4,True,,,,,,,,
Uttar Pradesh,Mahrajganj,Rice,2022-23,1.66,4.3,2585.0,2022,4,True,2745.0,-5.828779599271402,1.81,-8.287292817679564,4.97,-13.480885311871226,2745.0,-5.828779599271402
Uttar Pradesh,Mahrajganj,Rice,2023-24,1.71,4.76,2788.0,2023,4,True,2585.0,7.852998065764023,1.66,3.012048192771087,4.3,10.69767441860465,2665.0,4.615384615384616
Uttar Pradesh,Mahrajganj,Rice,2024-25,1.56,4.29,2759.0,2024,4,True,2788.0,-1.0401721664275465,1.71,-8.771929824561399,4.76,-9.873949579831928,2706.0,1.958610495195861
Uttar Pradesh,Mahrajganj,Wheat,2021-22,1.55,5.51,3554.0,2021,4,True,,,,,,,,
Uttar Pradesh,Mahrajganj,Wheat,2022-23,1.49,5.5,3695.0,2022,4,True,3554.0,3.9673607203151375,1.55,-3.8709677419354875,5.51,-0.1814882032667838,3554.0,3.9673607203151375
Uttar Pradesh,Mahrajganj,Wheat,2023-24,1.38,5.16,3754.0,2023,4,True,3695.0,1.5967523680649527,1.49,-7.382550335570476,5.5,-6.181818181818179,3624.5,3.5729066078079734
Uttar Pradesh,Mahrajganj,Wheat,2024-25,1.31,4.83,3699.0,2024,4,True,3754.0,-1.4651038891848696,1.38,-5.072463768115931,5.16,-6.395348837209304,3667.6666666666665,0.854312460238121
Uttar Pradesh,Mainpuri,Maize,2021-22,0.5,1.63,3281.0,2021,4,True,,,,,,,,
Uttar Pradesh,Mainpuri,Maize,2022-23,0.5,1.07,2155.0,2022,4,True,3281.0,-34.31880524230417,0.5,0.0,1.63,-34.35582822085889,3281.0,-34.31880524230417
Uttar Pradesh,Mainpuri,Maize,2023-24,0.58,2.13,3681.0,2023,4,True,2155.0,70.81206496519722,0.5,15.999999999999993,1.07,99.06542056074764,2718.0,35.430463576158935
Uttar Pradesh,Mainpuri,Maize,2024-25,0.32,1.12,3528.0,2024,4,True,3681.0,-4.156479217603912,0.58,-44.82758620689655,2.13,-47.41784037558684,3039.0,16.090819348469893
Uttar Pradesh,Mainpuri,Rice,2021-22,0.63,1.68,2688.0,2021,4,True,,,,,,,,
Uttar Pradesh,Mainpuri,Rice,2022-23,0.74,1.86,2515.0,2022,4,True,2688.0,-6.436011904761904,0.63,17.46031746031746,1.68,10.714285714285724,2688.0,-6.436011904761904
Uttar Pradesh,Mainpuri,Rice,2023-24,0.6,1.78,2949.0,2023,4,True,2515.0,17.256461232604373,0.74,-18.91891891891892,1.86,-4.3010752688172085,2601.5,13.357678262540842
Uttar Pradesh,Mainpuri,Rice,2024-25,0.66,2.0,3016.0,2024,4,True,2949.0,2.271956595456087,0.6,10.000000000000009,1.78,12.359550561797752,2717.3333333333335,10.991167811579974
Uttar Pradesh,Mainpuri,Wheat,2021-22,1.57,6.05,3857.0,2021,4,True,,,,,,,,
Uttar Pradesh,Mainpuri,Wheat,2022-23,1.5,6.01,4010.0,2022,4,True,3857.0,3.9668135856883584,1.57,-4.458598726114653,6.05,-0.661157024793389,3857.0,3.9668135856883584
Uttar Pradesh,Mainpuri,Wheat,2023-24,1.48,6.16,4170.0,2023,4,True,4010.0,3.99002493765586,1.5,-1.3333333333333344,6.01,2.495840266222968,3933.5,6.012457099275455
Uttar Pradesh,Mainpuri,Wheat,2024-25,1.34,4.96,3712.0,2024,4,True,4170.0,-10.983213429256594,1.48,-9.459459459459453,6.16,-19.480519480519483,4012.3333333333335,-7.485253800780929
Uttar Pradesh,Mathura,Maize,2021-22,0.0,0.01,3134.0,2021,4,True,,,,,,,,
Uttar Pradesh,Mathura,Maize,2022-23,0.0,0.01,2577.0,2022,4,True,3134.0,-17.772814294830887,0.0,,0.01,0.0,3134.0,-17.772814294830887
Uttar Pradesh,Mathura,Maize,2023-24,0.01,0.04,3274.0,2023,4,True,2577.0,27.046953822273963,0.0,,0.01,300.0,2855.5,14.655927158115917
Uttar Pradesh,Mathura,Maize,2024-25,0.06,0.21,3483.0,2024,4,True,3274.0,6.383628588882101,0.01,499.9999999999999,0.04,424.9999999999999,2995.0,16.293823038397328
Uttar Pradesh,Mathura,Rice,2021-22,0.48,0.89,1864.0,2021,4,True,,,,,,,,
Uttar Pradesh,Mathura,Rice,2022-23,0.69,1.27,1841.0,2022,4,True,1864.0,-1.2339055793991416,0.48,43.74999999999999,0.89,42.69662921348314,1864.0,-1.2339055793991416
Uttar Pradesh,Mathura,Rice,2023-24,0.48,0.99,2047.0,2023,4,True,1841.0,11.189570885388376,0.69,-30.43478260869565,1.27,-22.047244094488192,1852.5,10.49932523616734
Uttar Pradesh,Mathura,Rice,2024-25,1.14,2.51,2211.0,2024,4,True,2047.0,8.01172447484123,0.48,137.49999999999997,0.99,153.53535353535352,1917.3333333333333,15.31641168289291
Uttar Pradesh,Mathura,Wheat,2021-22,2.03,7.09,3490.0,2021,4,True,,,,,,,,
Uttar Pradesh,Mathura,Wheat,2022-23,1.94,6.96,3583.0,2022,4,True,3490.0,2.664756446991404,2.03,-4.433497536945806,7.09,-1.8335684062059223,3490.0,2.664756446991404
Uttar Pradesh,Mathura,Wheat,2023-24,1.76,6.87,3892.0,2023,4,True,3583.0,8.624058051911804,1.94,-9.278350515463915,6.96,-1.2931034482758599,3536.5,10.052311607521561
Uttar Pradesh,Mathura,Wheat,2024-25,1.69,6.27,3717.0,2024,4,True,3892.0,-4.496402877697841,1.76,-3.9772727272727306,6.87,-8.73362445414848,3655.0,1.6963064295485637
Uttar Pradesh,Mau,Maize,2021-22,0.01,0.01,1648.0,2021,4,True,,,,,,,,
Uttar Pradesh,Mau,Maize,2022-23,0.01,0.02,1691.0,2022,4,True,1648.0,2.6092233009708736,0.01,0.0,0.01,100.0,1648.0,2.6092233009708736
Uttar Pradesh,Mau,Maize,2023-24,0.01,0.04,2608.0,2023,4,True,1691.0,54.22826729745712,0.01,0.0,0.02,100.0,1669.5,56.21443545971848
Uttar Pradesh,Mau,Maize,2024-25,0.0,0.0,2249.0,2024,4,True,2608.0,-13.765337423312884,0.01,-100.0,0.04,-100.0,1982.3333333333333,13.452160753321007
Uttar Pradesh,Mau,Rice,2021-22,0.9,2.15,2375.0,2021,4,True,,,,,,,,
Uttar Pradesh,Mau,Rice,2022-23,0.91,2.33,2558.0,2022,4,True,2375.0,7.705263157894738,0.9,1.111111111111112,2.15,8.372093023255822,2375.0,7.705263157894738
Uttar Pradesh,Mau,Rice,2023-24,0.82,1.66,2024.0,2023,4,True,2558.0,-20.875684128225174,0.91,-9.890109890109898,2.33,-28.755364806866957,2466.5,-17.940401378471517
Uttar Pradesh,Mau,Rice,2024-25,0.9,2.41,2682.0,2024,4,True,2024.0,32.509881422924906,0.82,9.756097560975618,1.66,45.18072289156628,2319.0,15.653298835705046
Uttar Pradesh,Mau,Wheat,2021-22,0.99,3.65,3700.0,2021,4,True,,,,,,,,
Uttar Pradesh,Mau,Wheat,2022-23,0.94,3.23,3429.0,2022,4,True,3700.0,-7.324324324324325,0.99,-5.0505050505050555,3.65,-11.506849315068491,3700.0,-7.324324324324325
Uttar Pradesh,Mau,Wheat,2023-24,0.84,2.81,3343.0,2023,4,True,3429.0,-2.5080198308544763,0.94,-10.638297872340424,3.23,-13.003095975232196,3564.5,-6.214055267218404
Uttar Pradesh,Mau,Wheat,2024-25,0.92,3.24,3505.0,2024,4,True,3343.0,4.845946754412204,0.84,9.523809523809533,2.81,15.302491103202854,3490.6666666666665,0.41061879297173853
Uttar Pradesh,Meerut,Maize,2021-22,0.0,0.01,2151.0,2021,4,True,,,,,,,,
Uttar Pradesh,Meerut,Maize,2022-23,0.0,0.01,2024.0,2022,4,True,2151.0,-5.904230590423059,0.0,,0.01,0.0,2151.0,-5.904230590423059
Uttar Pradesh,Meerut,Maize,2023-24,0.01,0.02,2706.0,2023,4,True,2024.0,33.69565217391305,0.0,,0.01,100.0,2087.5,29.628742514970057
Uttar Pradesh,Meerut,Maize,2024-25,0.03,0.09,3463.0,2024,4,True,2706.0,27.974870657797485,0.01,199.99999999999994,0.02,349.99999999999994,2293.6666666666665,50.98096206946666
Uttar Pradesh,Meerut,Rice,2021-22,0.15,0.44,2906.0,2021,4,True,,,,,,,,
Uttar Pradesh,Meerut,Rice,2022-23,0.15,0.38,2470.0,2022,4,True,2906.0,-15.003441156228492,0.15,0.0,0.44,-13.636363636363635,2906.0,-15.003441156228492
Uttar Pradesh,Meerut,Rice,2023-24,0.14,0.36,2537.0,2023,4,True,2470.0,2.7125506072874495,0.15,-6.666666666666654,0.38,-5.263157894736847,2688.0,-5.617559523809524
Uttar Pradesh,Meerut,Rice,2024-25,0.13,0.33,2560.0,2024,4,True,2537.0,0.9065825778478518,0.14,-7.142857142857148,0.36,-8.333333333333325,2637.6666666666665,-2.944521673196001
Uttar Pradesh,Meerut,Wheat,2021-22,0.81,3.39,4180.0,2021,4,True,,,,,,,,
Uttar Pradesh,Meerut,Wheat,2022-23,0.78,3.33,4282.0,2022,4,True,4180.0,2.4401913875598082,0.81,-3.703703703703707,3.39,-1.7699115044247802,4180.0,2.4401913875598082
Uttar Pradesh,Meerut,Wheat,2023-24,0.62,2.59,4210.0,2023,4,True,4282.0,-1.681457262961233,0.78,-20.512820512820515,3.33,-22.22222222222223,4231.0,-0.49633656346017485
Uttar Pradesh,Meerut,Wheat,2024-25,0.72,2.93,4049.0,2024,4,True,4210.0,-3.8242280285035632,0.62,16.129032258064512,2.59,13.12741312741314,4224.0,-4.142992424242424
Uttar Pradesh,Mirzapur,Maize,2021-22,0.01,0.02,1260.0,2021,4,True,,,,,,,,
Uttar Pradesh,Mirzapur,Maize,2022-23,0.04,0.09,2210.0,2022,4,True,1260.0,75.39682539682539,0.01,300.0,0.02,349.99999999999994,1260.0,75.39682539682539
Uttar Pradesh,Mirzapur,Maize,2023-24,0.01,0.01,829.0,2023,4,True,2210.0,-62.48868778280543,0.04,-75.0,0.09,-88.8888888888889,1735.0,-52.21902017291066
Uttar Pradesh,Mirzapur,Maize,2024-25,0.02,0.04,2459.0,2024,4,True,829.0,196.62243667068756,0.01,100.0,0.01,300.0,1433.0,71.5980460572226
Uttar Pradesh,Mirzapur,Rice,2021-22,0.88,2.74,3125.0,2021,4,True,,,,,,,,
Uttar Pradesh,Mirzapur,Rice,2022-23,0.85,2.78,3266.0,2022,4,True,3125.0,4.5120000000000005,0.88,-3.4090909090909123,2.74,1.4598540145985253,3125.0,4.5120000000000005
Uttar Pradesh,Mirzapur,Rice,2023-24,0.8,2.4,3002.0,2023,4,True,3266.0,-8.083282302510716,0.85,-5.882352941176463,2.78,-13.669064748201437,3195.5,-6.05539039273979
Uttar Pradesh,Mirzapur,Rice,2024-25,1.14,3.52,3081.0,2024,4,True,3002.0,2.631578947368421,0.8,42.499999999999986,2.4,46.66666666666667,3131.0,-1.5969338869370808
Uttar Pradesh,Mirzapur,Wheat,2021-22,1.01,3.52,3502.0,2021,4,True,,,,,,,,
Uttar Pradesh,Mirzapur,Wheat,2022-23,1.43,4.79,3338.0,2022,4,True,3502.0,-4.683038263849229,1.01,41.58415841584158,3.52,36.07954545454545,3502.0,-4.683038263849229
Uttar Pradesh,Mirzapur,Wheat,2023-24,1.09,3.5,3218.0,2023,4,True,3338.0,-3.59496704613541,1.43,-23.776223776223766,4.79,-26.931106471816285,3420.0,-5.906432748538012
Uttar Pradesh,Mirzapur,Wheat,2024-25,1.22,4.16,3421.0,2024,4,True,3218.0,6.308266003729024,1.09,11.926605504587146,3.5,18.85714285714286,3352.6666666666665,2.0381785643269086
Uttar Pradesh,Moradabad,Maize,2021-22,0.0,0.0,2778.0,2021,4,True,,,,,,,,
Uttar Pradesh,Moradabad,Maize,2022-23,0.0,0.0,2429.0,2022,4,True,2778.0,-12.562994960403168,0.0,,0.0,,2778.0,-12.562994960403168
Uttar Pradesh,Moradabad,Maize,2023-24,0.0,0.0,2797.0,2023,4,True,2429.0,15.150267599835324,0.0,,0.0,,2603.5,7.432302669483387
Uttar Pradesh,Moradabad,Maize,2024-25,0.0,0.02,3576.0,2024,4,True,2797.0,27.85126921701823,0.0,,0.0,,2668.0,34.03298350824588
Uttar Pradesh,Moradabad,Rice,2021-22,0.95,2.74,2893.0,2021,4,True,,,,,,,,
Uttar Pradesh,Moradabad,Rice,2022-23,0.96,2.71,2823.0,2022,4,True,2893.0,-2.4196335983408224,0.95,1.0526315789473695,2.74,-1.0948905109489142,2893.0,-2.4196335983408224
Uttar Pradesh,Moradabad,Rice,2023-24,0.92,2.7,2942.0,2023,4,True,2823.0,4.2153737159050655,0.96,-4.166666666666659,2.71,-0.3690036900368925,2858.0,2.9391182645206437
Uttar Pradesh,Moradabad,Rice,2024-25,0.91,2.6,2873.0,2024,4,True,2942.0,-2.3453433038749147,0.92,-1.0869565217391313,2.7,-3.703703703703707,2886.0,-0.45045045045045046
Uttar Pradesh,Moradabad,Wheat,2021-22,1.27,5.27,4155.0,2021,4,True,,,,,,,,
Uttar Pradesh,Moradabad,Wheat,2022-23,1.21,5.07,4181.0,2022,4,True,4155.0,0.6257521058965102,1.27,-4.724409448818902,5.27,-3.7950664136622256,4155.0,0.6257521058965102
Uttar Pradesh,Moradabad,Wheat,2023-24,1.09,4.46,4081.0,2023,4,True,4181.0,-2.391772303276728,1.21,-9.917355371900817,5.07,-12.031558185404345,4168.0,-2.087332053742802
Uttar Pradesh,Moradabad,Wheat,2024-25,1.14,4.54,3987.0,2024,4,True,4081.0,-2.303357020338152,1.09,4.587155963302736,4.46,1.793721973094172,4139.0,-3.6723846339695583
Uttar Pradesh,Muzaffarnagar,Maize,2021-22,0.0,0.0,1891.0,2021,4,True,,,,,,,,
Uttar Pradesh,Muzaffarnagar,Maize,2022-23,0.0,0.0,1864.0,2022,4,True,1891.0,-1.4278159703860391,0.0,,0.0,,1891.0,-1.4278159703860391
Uttar Pradesh,Muzaffarnagar,Maize,2023-24,0.0,0.0,1683.0,2023,4,True,1864.0,-9.71030042918455,0.0,,0.0,,1877.5,-10.359520639147803
Uttar Pradesh,Muzaffarnagar,Maize,2024-25,0.02,0.07,3463.0,2024,4,True,1683.0,105.76351752822342,0.0,,0.0,,1812.6666666666667,91.04450165502021
Uttar Pradesh,Muzaffarnagar,Rice,2021-22,0.13,0.35,2714.0,2021,4,True,,,,,,,,
Uttar Pradesh,Muzaffarnagar,Rice,2022-23,0.13,0.35,2587.0,2022,4,True,2714.0,-4.679439941046426,0.13,0.0,0.35,0.0,2714.0,-4.679439941046426
Uttar Pradesh,Muzaffarnagar,Rice,2023-24,0.12,0.31,2582.0,2023,4,True,2587.0,-0.1932740626207963,0.13,-7.692307692307699,0.35,-11.428571428571423,2650.5,-2.5844180343331447
Uttar Pradesh,Muzaffarnagar,Rice,2024-25,0.06,0.15,2540.0,2024,4,True,2582.0,-1.6266460108443066,0.12,-50.0,0.31,-51.61290322580645,2627.6666666666665,-3.3362932893568384
Uttar Pradesh,Muzaffarnagar,Wheat,2021-22,0.86,3.39,3962.0,2021,4,True,,,,,,,,
Uttar Pradesh,Muzaffarnagar,Wheat,2022-23,0.78,3.43,4395.0,2022,4,True,3962.0,10.928823826350328,0.86,-9.302325581395344,3.39,1.1799410029498536,3962.0,10.928823826350328
Uttar Pradesh,Muzaffarnagar,Wheat,2023-24,0.66,2.78,4208.0,2023,4,True,4395.0,-4.2548350398179755,0.78,-15.384615384615383,3.43,-18.950437317784267,4178.5,0.7059949742730645
Uttar Pradesh,Muzaffarnagar,Wheat,2024-25,0.71,2.81,3960.0,2024,4,True,4208.0,-5.893536121673003,0.66,7.575757575757565,2.78,1.079136690647491,4188.333333333333,-5.451651412654191
Uttar Pradesh,Pilibhit,Maize,2021-22,0.0,0.01,3086.0,2021,4,True,,,,,,,,
Uttar Pradesh,Pilibhit,Maize,2022-23,0.0,0.01,2354.0,2022,4,True,3086.0,-23.7200259235256,0.0,,0.01,0.0,3086.0,-23.7200259235256
Uttar Pradesh,Pilibhit,Maize,2023-24,0.01,0.02,2729.0,2023,4,True,2354.0,15.930331350892098,0.0,,0.01,100.0,2720.0,0.33088235294117646
Uttar Pradesh,Pilibhit,Maize,2024-25,0.01,0.03,3462.0,2024,4,True,2729.0,26.859655551484057,0.01,0.0,0.02,49.999999999999986,2723.0,27.139184722732278
Uttar Pradesh,Pilibhit,Rice,2021-22,1.51,5.09,3365.0,2021,4,True,,,,,,,,
Uttar Pradesh,Pilibhit,Rice,2022-23,1.49,4.85,3246.0,2022,4,True,3365.0,-3.536404160475483,1.51,-1.3245033112582794,5.09,-4.71512770137525,3365.0,-3.536404160475483
Uttar Pradesh,Pilibhit,Rice,2023-24,1.4,3.51,2508.0,2023,4,True,3246.0,-22.73567467652495,1.49,-6.040268456375844,4.85,-27.628865979381445,3305.5,-24.126455906821963
Uttar Pradesh,Pilibhit,Rice,2024-25,1.09,3.48,3209.0,2024,4,True,2508.0,27.95055821371611,1.4,-22.142857142857135,3.51,-0.8547008547008492,3039.6666666666665,5.570786270424394
Uttar Pradesh,Pilibhit,Wheat,2021-22,1.47,5.9,4009.0,2021,4,True,,,,,,,,
Uttar Pradesh,Pilibhit,Wheat,2022-23,1.41,5.99,4237.0,2022,4,True,4009.0,5.687203791469194,1.47,-4.081632653061228,5.9,1.5254237288135568,4009.0,5.687203791469194
Uttar Pradesh,Pilibhit,Wheat,2023-24,1.33,5.61,4207.0,2023,4,True,4237.0,-0.7080481472740147,1.41,-5.6737588652482165,5.99,-6.343906510851418,4123.0,2.037351443123939
Uttar Pradesh,Pilibhit,Wheat,2024-25,1.4,6.33,4509.0,2024,4,True,4207.0,7.178512003803185,1.33,5.26315789473683,5.61,12.834224598930478,4151.0,8.624427848711154
Uttar Pradesh,Pratapgarh,Maize,2021-22,0.01,0.02,2145.0,2021,4,True,,,,,,,,
Uttar Pradesh,Pratapgarh,Maize,2022-23,0.01,0.03,2855.0,2022,4,True,2145.0,33.1002331002331,0.01,0.0,0.02,49.999999999999986,2145.0,33.1002331002331
Uttar Pradesh,Pratapgarh,Maize,2023-24,0.01,0.02,1655.0,2023,4,True,2855.0,-42.03152364273205,0.01,0.0,0.03,-33.33333333333333,2500.0,-33.800000000000004
Uttar Pradesh,Pratapgarh,Maize,2024-25,0.01,0.03,3289.0,2024,4,True,1655.0,98.73111782477342,0.01,0.0,0.02,49.999999999999986,2218.3333333333335,48.26446280991735
Uttar Pradesh,Pratapgarh,Rice,2021-22,0.99,2.49,2526.0,2021,4,True,,,,,,,,
Uttar Pradesh,Pratapgarh,Rice,2022-23,0.92,2.58,2819.0,2022,4,True,2526.0,11.599366587490103,0.99,-7.0707070707070665,2.49,3.6144578313252955,2526.0,11.599366587490103
Uttar Pradesh,Pratapgarh,Rice,2023-24,0.93,2.11,2273.0,2023,4,True,2819.0,-19.368570415040796,0.92,1.0869565217391313,2.58,-18.2170542635659,2672.5,-14.948550046772684
Uttar Pradesh,Pratapgarh,Rice,2024-25,1.47,3.57,2437.0,2024,4,True,2273.0,7.215134183897932,0.93,58.06451612903225,2.11,69.19431279620854,2539.3333333333335,-4.029929115253353
Uttar Pradesh,Pratapgarh,Wheat,2021-22,1.54,5.09,3306.0,2021,4,True,,,,,,,,
Uttar Pradesh,Pratapgarh,Wheat,2022-23,1.6,5.4,3367.0,2022,4,True,3306.0,1.8451300665456745,1.54,3.8961038961038996,5.09,6.0903732809430355,3306.0,1.8451300665456745
Uttar Pradesh,Pratapgarh,Wheat,2023-24,1.59,5.16,3245.0,2023,4,True,3367.0,-3.623403623403623,1.6,-0.6250000000000006,5.4,-4.444444444444448,3336.5,-2.7423947250112395
Uttar Pradesh,Pratapgarh,Wheat,2024-25,1.49,4.87,3272.0,2024,4,True,3245.0,0.8320493066255779,1.59,-6.289308176100635,5.16,-5.62015503875969,3306.0,-1.02843315184513
Uttar Pradesh,Prayagraj,Maize,2021-22,0.0,0.0,2237.0,2021,4,True,,,,,,,,
Uttar Pradesh,Prayagraj,Maize,2022-23,0.0,0.01,2848.0,2022,4,True,2237.0,27.31336611533304,0.0,,0.0,,2237.0,27.31336611533304
Uttar Pradesh,Prayagraj,Maize,2023-24,0.0,0.0,1314.0,2023,4,True,2848.0,-53.8623595505618,0.0,,0.01,-100.0,2542.5,-48.31858407079646
Uttar Pradesh,Prayagraj,Maize,2024-25,0.02,0.07,3467.0,2024,4,True,1314.0,163.85083713850835,0.0,,0.0,,2133.0,62.541022034692915
Uttar Pradesh,Prayagraj,Rice,2021-22,1.56,4.65,2980.0,2021,4,True,,,,,,,,
Uttar Pradesh,Prayagraj,Rice,2022-23,1.56,4.7,3017.0,2022,4,True,2980.0,1.2416107382550337,1.56,0.0,4.65,1.0752688172042972,2980.0,1.2416107382550337
Uttar Pradesh,Prayagraj,Rice,2023-24,1.46,4.6,3140.0,2023,4,True,3017.0,4.076897580377859,1.56,-6.410256410256415,4.7,-2.1276595744680966,2998.5,4.719026179756545
Uttar Pradesh,Prayagraj,Rice,2024-25,1.95,6.15,3157.0,2024,4,True,3140.0,0.5414012738853503,1.46,33.56164383561644,4.6,33.69565217391306,3045.6666666666665,3.655466783408126
Uttar Pradesh,Prayagraj,Wheat,2021-22,2.22,6.39,2873.0,2021,4,True,,,,,,,,
Uttar Pradesh,Prayagraj,Wheat,2022-23,2.45,5.63,2302.0,2022,4,True,2873.0,-19.8746954403063,2.22,10.360360360360358,6.39,-11.893583724569638,2873.0,-19.8746954403063
Uttar Pradesh,Prayagraj,Wheat,2023-24,2.47,6.11,2475.0,2023,4,True,2302.0,7.515204170286707,2.45,0.8163265306122455,5.63,8.525754884547077,2587.5,-4.3478260869565215
Uttar Pradesh,Prayagraj,Wheat,2024-25,2.26,6.34,2800.0,2024,4,True,2475.0,13.131313131313133,2.47,-8.502024291497992,6.11,3.7643207855973735,2550.0,9.803921568627452
Uttar Pradesh,Rae Bareli,Maize,2021-22,0.0,0.0,1700.0,2021,4,True,,,,,,,,
Uttar Pradesh,Rae Bareli,Maize,2022-23,0.0,0.0,1960.0,2022,4,True,1700.0,15.294117647058824,0.0,,0.0,,1700.0,15.294117647058824
Uttar Pradesh,Rae Bareli,Maize,2023-24,0.0,0.0,2179.0,2023,4,True,1960.0,11.173469387755102,0.0,,0.0,,1830.0,19.071038251366122
Uttar Pradesh,Rae Bareli,Maize,2024-25,0.02,0.05,3195.0,2024,4,True,2179.0,46.626893070215694,0.0,,0.0,,1946.3333333333333,64.15482103099846
Uttar Pradesh,Rae Bareli,Rice,2021-22,0.9,2.47,2750.0,2021,4,True,,,,,,,,
Uttar Pradesh,Rae Bareli,Rice,2022-23,0.88,2.47,2821.0,2022,4,True,2750.0,2.5818181818181816,0.9,-2.222222222222224,2.47,0.0,2750.0,2.5818181818181816
Uttar Pradesh,Rae Bareli,Rice,2023-24,0.84,2.43,2885.0,2023,4,True,2821.0,2.2686990428925915,0.88,-4.545454545454549,2.47,-1.6194331983805683,2785.5,3.5720696463830555
Uttar Pradesh,Rae Bareli,Rice,2024-25,1.78,5.22,2933.0,2024,4,True,2885.0,1.6637781629116117,0.84,111.90476190476191,2.43,114.8148148148148,2818.6666666666665,4.056291390728482
Uttar Pradesh,Rae Bareli,Wheat,2021-22,1.4,4.51,3230.0,2021,4,True,,,,,,,,
Uttar Pradesh,Rae Bareli,Wheat,2022-23,1.68,5.86,3487.0,2022,4,True,3230.0,7.956656346749226,1.4,20.000000000000004,4.51,29.933481152993362,3230.0,7.956656346749226
Uttar Pradesh,Rae Bareli,Wheat,2023-24,1.86,6.24,3360.0,2023,4,True,3487.0,-3.64209922569544,1.68,10.714285714285724,5.86,6.484641638225254,3358.5,0.044662795891022775
Uttar Pradesh,Rae Bareli,Wheat,2024-25,1.72,5.52,3212.0,2024,4,True,3360.0,-4.404761904761905,1.86,-7.526881720430113,6.24,-11.538461538461549,3359.0,-4.376302470973504
Uttar Pradesh,Rampur,Maize,2021-22,0.0,0.0,2802.0,2021,4,True,,,,,,,,
Uttar Pradesh,Rampur,Maize,2022-23,0.0,0.01,2854.0,2022,4,True,2802.0,1.8558172733761598,0.0,,0.0,,2802.0,1.8558172733761598
Uttar Pradesh,Rampur,Maize,2023-24,0.01,0.03,3021.0,2023,4,True,2854.0,5.8514365802382615,0.0,,0.01,199.99999999999994,2828.0,6.824611032531824
Uttar Pradesh,Rampur,Maize,2024-25,0.04,0.14,3561.0,2024,4,True,3021.0,17.874875868917577,0.01,300.0,0.03,366.66666666666674,2892.3333333333335,23.11858937420767
Uttar Pradesh,Rampur,Rice,2021-22,1.54,4.4,2847.0,2021,4,True,,,,,,,,
Uttar Pradesh,Rampur,Rice,2022-23,1.5,4.12,2755.0,2022,4,True,2847.0,-3.2314717246224096,1.54,-2.5974025974025996,4.4,-6.363636363636369,2847.0,-3.2314717246224096
Uttar Pradesh,Rampur,Rice,2023-24,1.39,4.12,2963.0,2023,4,True,2755.0,7.549909255898367,1.5,-7.33333333333334,4.12,0.0,2801.0,5.783648696893966
Uttar Pradesh,Rampur,Rice,2024-25,1.22,3.52,2883.0,2024,4,True,2963.0,-2.6999662504218698,1.39,-12.230215827338126,4.12,-14.563106796116507,2855.0,0.9807355516637478
Uttar Pradesh,Rampur,Wheat,2021-22,1.59,6.64,4185.0,2021,4,True,,,,,,,,
Uttar Pradesh,Rampur,Wheat,2022-23,1.5,6.2,4122.0,2022,4,True,4185.0,-1.5053763440860215,1.59,-5.660377358490571,6.64,-6.626506024096377,4185.0,-1.5053763440860215
Uttar Pradesh,Rampur,Wheat,2023-24,1.37,5.8,4237.0,2023,4,True,4122.0,2.7899078117418727,1.5,-8.66666666666666,6.2,-6.451612903225811,4153.5,2.0103527145780666
Uttar Pradesh,Rampur,Wheat,2024-25,1.38,5.92,4281.0,2024,4,True,4237.0,1.038470616001888,1.37,0.7299270072992544,5.8,2.0689655172413812,4181.333333333333,2.383609693877559
Uttar Pradesh,Saharanpur,Maize,2021-22,0.09,0.17,1849.0,2021,4,True,,,,,,,,
Uttar Pradesh,Saharanpur,Maize,2022-23,0.09,0.17,1848.0,2022,4,True,1849.0,-0.05408328826392645,0.09,0.0,0.17,0.0,1849.0,-0.05408328826392645
Uttar Pradesh,Saharanpur,Maize,2023-24,0.09,0.11,1237.0,2023,4,True,1848.0,-33.06277056277056,0.09,0.0,0.17,-35.294117647058826,1848.5,-33.08087638625913
Uttar Pradesh,Saharanpur,Maize,2024-25,0.03,0.08,2351.0,2024,4,True,1237.0,90.05658852061438,0.09,-66.66666666666666,0.11,-27.27272727272727,1644.6666666666667,42.94689906769355
Uttar Pradesh,Saharanpur,Rice,2021-22,0.58,1.61,2772.0,2021,4,True,,,,,,,,
Uttar Pradesh,Saharanpur,Rice,2022-23,0.58,1.43,2463.0,2022,4,True,2772.0,-11.147186147186147,0.58,0.0,1.61,-11.180124223602492,2772.0,-11.147186147186147
Uttar Pradesh,Saharanpur,Rice,2023-24,0.54,1.33,2465.0,2023,4,True,2463.0,0.08120178643930166,0.58,-6.896551724137918,1.43,-6.993006993006984,2617.5,-5.826170009551098
Uttar Pradesh,Saharanpur,Rice,2024-25,0.53,1.34,2514.0,2024,4,True,2465.0,1.9878296146044625,0.54,-1.8518518518518534,1.33,0.7518796992481209,2566.6666666666665,-2.051948051948046
Uttar Pradesh,Saharanpur,Wheat,2021-22,1.17,4.74,4067.0,2021,4,True,,,,,,,,
Uttar Pradesh,Saharanpur,Wheat,2022-23,1.12,4.66,4167.0,2022,4,True,4067.0,2.4588148512417014,1.17,-4.273504273504258,4.74,-1.6877637130801704,4067.0,2.4588148512417014
Uttar Pradesh,Saharanpur,Wheat,2023-24,1.28,5.0,3921.0,2023,4,True,4167.0,-5.903527717782577,1.12,14.285714285714276,4.66,7.29613733905579,4117.0,-4.760748117561331
Uttar Pradesh,Saharanpur,Wheat,2024-25,1.14,4.93,4322.0,2024,4,True,3921.0,10.226982912522315,1.28,-10.937500000000009,5.0,-1.4000000000000057,4051.6666666666665,6.6721513780337345
Uttar Pradesh,Sambhal,Maize,2021-22,0.06,0.19,2953.0,2021,4,True,,,,,,,,
Uttar Pradesh,Sambhal,Maize,2022-23,0.07,0.15,2315.0,2022,4,True,2953.0,-21.605147307822552,0.06,16.666666666666682,0.19,-21.052631578947373,2953.0,-21.605147307822552
Uttar Pradesh,Sambhal,Maize,2023-24,0.12,0.34,2729.0,2023,4,True,2315.0,17.883369330453565,0.07,71.4285714285714,0.15,126.66666666666669,2634.0,3.6066818526955204
Uttar Pradesh,Sambhal,Maize,2024-25,0.15,0.48,3292.0,2024,4,True,2729.0,20.630267497251744,0.12,25.0,0.34,41.17647058823528,2665.6666666666665,23.496311116668757
Uttar Pradesh,Sambhal,Rice,2021-22,0.41,1.12,2715.0,2021,4,True,,,,,,,,
Uttar Pradesh,Sambhal,Rice,2022-23,0.49,1.36,2777.0,2022,4,True,2715.0,2.283609576427256,0.41,19.512195121951226,1.12,21.428571428571423,2715.0,2.283609576427256
Uttar Pradesh,Sambhal,Rice,2023-24,0.41,1.12,2760.0,2023,4,True,2777.0,-0.6121714079942384,0.49,-16.326530612244902,1.36,-17.64705882352941,2746.0,0.5098324836125273
Uttar Pradesh,Sambhal,Rice,2024-25,1.02,2.75,2695.0,2024,4,True,2760.0,-2.355072463768116,0.41,148.78048780487808,1.12,145.53571428571425,2750.6666666666665,-2.0237518177411484
Uttar Pradesh,Sambhal,Wheat,2021-22,1.45,5.79,3997.0,2021,4,True,,,,,,,,
Uttar Pradesh,Sambhal,Wheat,2022-23,1.38,5.68,4114.0,2022,4,True,3997.0,2.9271953965474107,1.45,-4.827586206896556,5.79,-1.8998272884283303,3997.0,2.9271953965474107
Uttar Pradesh,Sambhal,Wheat,2023-24,1.09,4.32,3979.0,2023,4,True,4114.0,-3.2814778804083615,1.38,-21.014492753623177,5.68,-23.943661971830977,4055.5,-1.8863272099617805
Uttar Pradesh,Sambhal,Wheat,2024-25,1.33,5.19,3912.0,2024,4,True,3979.0,-1.6838401608444333,1.09,22.01834862385321,4.32,20.13888888888889,4030.0,-2.9280397022332507
Uttar Pradesh,Sant Kabir Nagar,Maize,2021-22,0.02,0.01,679.0,2021,4,True,,,,,,,,
Uttar Pradesh,Sant Kabir Nagar,Maize,2022-23,0.02,0.04,2154.0,2022,4,True,679.0,217.23122238586154,0.02,0.0,0.01,300.0,679.0,217.23122238586154
Uttar Pradesh,Sant Kabir Nagar,Maize,2023-24,0.02,0.05,2234.0,2023,4,True,2154.0,3.7140204271123487,0.02,0.0,0.04,25.000000000000007,1416.5,57.71267207906813
Uttar Pradesh,Sant Kabir Nagar,Maize,2024-25,0.02,0.06,2987.0,2024,4,True,2234.0,33.70635631154879,0.02,0.0,0.05,19.99999999999999,1689.0,76.850207223209
Uttar Pradesh,Sant Kabir Nagar,Rice,2021-22,0.92,2.73,2970.0,2021,4,True,,,,,,,,
Uttar Pradesh,Sant Kabir Nagar,Rice,2022-23,0.92,2.63,2869.0,2022,4,True,2970.0,-3.4006734006734005,0.92,0.0,2.73,-3.663003663003666,2970.0,-3.4006734006734005
Uttar Pradesh,Sant Kabir Nagar,Rice,2023-24,0.86,2.45,2837.0,2023,4,True,2869.0,-1.1153712094806554,0.92,-6.521739130434788,2.63,-6.844106463878316,2919.5,-2.825826340126734
Uttar Pradesh,Sant Kabir Nagar,Rice,2024-25,0.85,2.37,2776.0,2024,4,True,2837.0,-2.150158618258724,0.86,-1.1627906976744196,2.45,-3.265306122448982,2892.0,-4.011065006915629
Uttar Pradesh,Sant Kabir Nagar,Wheat,2021-22,0.95,3.95,4140.0,2021,4,True,,,,,,,,
Uttar Pradesh,Sant Kabir Nagar,Wheat,2022-23,1.05,4.23,4036.0,2022,4,True,4140.0,-2.5120772946859904,0.95,10.526315789473696,3.95,7.088607594936715,4140.0,-2.5120772946859904
Uttar Pradesh,Sant Kabir Nagar,Wheat,2023-24,0.92,3.49,3808.0,2023,4,True,4036.0,-5.649157581764123,1.05,-12.380952380952381,4.23,-17.49408983451537,4088.0,-6.8493150684931505
Uttar Pradesh,Sant Kabir Nagar,Wheat,2024-25,1.01,3.79,3754.0,2024,4,True,3808.0,-1.4180672268907564,0.92,9.78260869565217,3.49,8.595988538681942,3994.6666666666665,-6.024699599465952
Uttar Pradesh,Shahjahanpur,Maize,2021-22,0.03,0.07,2516.0,2021,4,True,,,,,,,,
Uttar Pradesh,Shahjahanpur,Maize,2022-23,0.03,0.06,2256.0,2022,4,True,2516.0,-10.333863275039745,0.03,0.0,0.07,-14.285714285714295,2516.0,-10.333863275039745
Uttar Pradesh,Shahjahanpur,Maize,2023-24,0.03,0.05,1770.0,2023,4,True,2256.0,-21.54255319148936,0.03,0.0,0.06,-16.66666666666666,2386.0,-25.81726739312657
Uttar Pradesh,Shahjahanpur,Maize,2024-25,0.16,0.55,3406.0,2024,4,True,1770.0,92.42937853107345,0.03,433.33333333333337,0.05,1000.0,2180.6666666666665,56.19076734943443
Uttar Pradesh,Shahjahanpur,Rice,2021-22,2.23,7.37,3302.0,2021,4,True,,,,,,,,
Uttar Pradesh,Shahjahanpur,Rice,2022-23,2.12,7.05,3332.0,2022,4,True,3302.0,0.9085402786190186,2.23,-4.932735426008963,7.37,-4.341926729986436,3302.0,0.9085402786190186
Uttar Pradesh,Shahjahanpur,Rice,2023-24,2.04,6.41,3139.0,2023,4,True,3332.0,-5.792316926770709,2.12,-3.7735849056603805,7.05,-9.078014184397158,3317.0,-5.3662948447392225
Uttar Pradesh,Shahjahanpur,Rice,2024-25,1.61,5.18,3219.0,2024,4,True,3139.0,2.548582351067219,2.04,-21.078431372549016,6.41,-19.188767550702035,3257.6666666666665,-1.186943620178037
Uttar Pradesh,Shahjahanpur,Wheat,2021-22,2.67,11.93,4469.0,2021,4,True,,,,,,,,
Uttar Pradesh,Shahjahanpur,Wheat,2022-23,2.32,10.07,4349.0,2022,4,True,4469.0,-2.6851644663235623,2.67,-13.108614232209742,11.93,-15.590947191953056,4469.0,-2.6851644663235623
Uttar Pradesh,Shahjahanpur,Wheat,2023-24,2.35,10.38,4425.0,2023,4,True,4349.0,1.7475281673948035,2.32,1.2931034482758728,10.07,3.0784508440913654,4409.0,0.3628940802903153
Uttar Pradesh,Shahjahanpur,Wheat,2024-25,2.26,10.06,4459.0,2024,4,True,4425.0,0.768361581920904,2.35,-3.829787234042566,10.38,-3.082851637764935,4414.333333333333,1.011855319791595
Uttar Pradesh,Shamli,Maize,2021-22,0.0,0.0,1843.0,2021,4,True,,,,,,,,
Uttar Pradesh,Shamli,Maize,2022-23,0.0,0.0,2204.0,2022,4,True,1843.0,19.587628865979383,0.0,,0.0,,1843.0,19.587628865979383
Uttar Pradesh,Shamli,Maize,2023-24,0.09,0.1,1152.0,2023,4,True,2204.0,-47.73139745916515,0.0,,0.0,,2023.5,-43.06893995552261
Uttar Pradesh,Shamli,Maize,2024-25,0.01,0.03,3429.0,2024,4,True,1152.0,197.65625,0.09,-88.8888888888889,0.1,-70.0,1733.0,97.86497403346797
Uttar Pradesh,Shamli,Rice,2021-22,0.21,0.61,2911.0,2021,4,True,,,,,,,,
Uttar Pradesh,Shamli,Rice,2022-23,0.21,0.55,2604.0,2022,4,True,2911.0,-10.546204053589832,0.21,0.0,0.61,-9.836065573770481,2911.0,-10.546204053589832
Uttar Pradesh,Shamli,Rice,2023-24,0.2,0.55,2798.0,2023,4,True,2604.0,7.450076804915515,0.21,-4.761904761904753,0.55,0.0,2757.5,1.4687216681776971
Uttar Pradesh,Shamli,Rice,2024-25,0.23,0.63,2778.0,2024,4,True,2798.0,-0.7147962830593281,0.2,15.0,0.55,14.545454545454536,2771.0,0.25261638397690367
Uttar Pradesh,Shamli,Wheat,2021-22,0.52,2.26,4354.0,2021,4,True,,,,,,,,
Uttar Pradesh,Shamli,Wheat,2022-23,0.55,2.69,4888.0,2022,4,True,4354.0,12.264584290307763,0.52,5.7692307692307745,2.26,19.02654867256638,4354.0,12.264584290307763
Uttar Pradesh,Shamli,Wheat,2023-24,0.51,2.36,4599.0,2023,4,True,4888.0,-5.912438625204583,0.55,-7.272727272727278,2.69,-12.26765799256506,4621.0,-0.47608742696386064
Uttar Pradesh,Shamli,Wheat,2024-25,0.53,2.27,4306.0,2024,4,True,4599.0,-6.370950206566644,0.51,3.921568627450984,2.36,-3.813559322033892,4613.666666666667,-6.668593309731961
Uttar Pradesh,Shrawasti,Maize,2021-22,0.16,0.13,848.0,2021,4,True,,,,,,,,
Uttar Pradesh,Shrawasti,Maize,2022-23,0.16,0.21,1358.0,2022,4,True,848.0,60.141509433962256,0.16,0.0,0.13,61.53846153846153,848.0,60.141509433962256
Uttar Pradesh,Shrawasti,Maize,2023-24,0.16,0.27,1625.0,2023,4,True,1358.0,19.661266568483065,0.16,0.0,0.21,28.571428571428587,1103.0,47.32547597461469
Uttar Pradesh,Shrawasti,Maize,2024-25,0.05,0.12,2436.0,2024,4,True,1625.0,49.90769230769231,0.16,-68.75,0.27,-55.55555555555556,1277.0,90.75959279561472
Uttar Pradesh,Shrawasti,Rice,2021-22,0.85,1.65,1947.0,2021,4,True,,,,,,,,
Uttar Pradesh,Shrawasti,Rice,2022-23,0.85,1.83,2164.0,2022,4,True,1947.0,11.145351823317926,0.85,0.0,1.65,10.909090909090919,1947.0,11.145351823317926
Uttar Pradesh,Shrawasti,Rice,2023-24,0.8,2.01,2515.0,2023,4,True,2164.0,16.21996303142329,0.85,-5.882352941176463,1.83,9.836065573770476,2055.5,22.354658234006326
Uttar Pradesh,Shrawasti,Rice,2024-25,1.01,2.96,2924.0,2024,4,True,2515.0,16.262425447316105,0.8,26.249999999999996,2.01,47.263681592039816,2208.6666666666665,32.387564141261706
Uttar Pradesh,Shrawasti,Wheat,2021-22,0.73,2.64,3602.0,2021,4,True,,,,,,,,
Uttar Pradesh,Shrawasti,Wheat,2022-23,0.98,3.29,3350.0,2022,4,True,3602.0,-6.9961132704053295,0.73,34.24657534246575,2.64,24.621212121212118,3602.0,-6.9961132704053295
Uttar Pradesh,Shrawasti,Wheat,2023-24,0.96,3.46,3620.0,2023,4,True,3350.0,8.059701492537313,0.98,-2.040816326530614,3.29,5.167173252279634,3476.0,4.1426927502876865
Uttar Pradesh,Shrawasti,Wheat,2024-25,0.92,3.48,3780.0,2024,4,True,3620.0,4.41988950276243,0.96,-4.166666666666659,3.46,0.5780346820809253,3524.0,7.264472190692395
Uttar Pradesh,Siddharthnagar,Maize,2021-22,0.01,0.0,677.0,2021,4,True,,,,,,,,
Uttar Pradesh,Siddharthnagar,Maize,2022-23,0.01,0.01,2229.0,2022,4,True,677.0,229.2466765140325,0.01,0.0,0.0,,677.0,229.2466765140325
Uttar Pradesh,Siddharthnagar,Maize,2023-24,0.01,0.02,2406.0,2023,4,True,2229.0,7.94078061911171,0.01,0.0,0.01,100.0,1453.0,65.58843771507227
Uttar Pradesh,Siddharthnagar,Maize,2024-25,0.0,0.01,3325.0,2024,4,True,2406.0,38.196176226101414,0.01,-100.0,0.02,-50.0,1770.6666666666667,87.78237951807229
Uttar Pradesh,Siddharthnagar,Rice,2021-22,1.74,4.58,2628.0,2021,4,True,,,,,,,,
Uttar Pradesh,Siddharthnagar,Rice,2022-23,1.74,4.05,2325.0,2022,4,True,2628.0,-11.529680365296803,1.74,0.0,4.58,-11.57205240174673,2628.0,-11.529680365296803
Uttar Pradesh,Siddharthnagar,Rice,2023-24,1.61,4.53,2804.0,2023,4,True,2325.0,20.602150537634408,1.74,-7.471264367816086,4.05,11.851851851851864,2476.5,13.22430849989905
Uttar Pradesh,Siddharthnagar,Rice,2024-25,1.37,3.81,2776.0,2024,4,True,2804.0,-0.9985734664764622,1.61,-14.906832298136644,4.53,-15.89403973509934,2585.6666666666665,7.361093206136399
Uttar Pradesh,Siddharthnagar,Wheat,2021-22,1.64,6.73,4106.0,2021,4,True,,,,,,,,
Uttar Pradesh,Siddharthnagar,Wheat,2022-23,1.81,7.24,4003.0,2022,4,True,4106.0,-2.50852411105699,1.64,10.365853658536594,6.73,7.578008915304603,4106.0,-2.50852411105699
Uttar Pradesh,Siddharthnagar,Wheat,2023-24,1.84,7.06,3838.0,2023,4,True,4003.0,-4.12190856857357,1.81,1.657458563535913,7.24,-2.4861878453038755,4054.5,-5.339745961277593
Uttar Pradesh,Siddharthnagar,Wheat,2024-25,1.81,6.41,3531.0,2024,4,True,3838.0,-7.998957790515894,1.84,-1.630434782608697,7.06,-9.206798866855518,3982.3333333333335,-11.333389135347788
Uttar Pradesh,Sitapur,Maize,2021-22,0.14,0.15,1122.0,2021,4,True,,,,,,,,
Uttar Pradesh,Sitapur,Maize,2022-23,0.14,0.15,1138.0,2022,4,True,1122.0,1.4260249554367201,0.14,0.0,0.15,0.0,1122.0,1.4260249554367201
Uttar Pradesh,Sitapur,Maize,2023-24,0.14,0.29,2118.0,2023,4,True,1138.0,86.11599297012302,0.14,0.0,0.15,93.33333333333333,1130.0,87.43362831858407
Uttar Pradesh,Sitapur,Maize,2024-25,0.1,0.38,3748.0,2024,4,True,2118.0,76.95939565627951,0.14,-28.571428571428577,0.29,31.0344827586207,1459.3333333333333,156.8296025582458
Uttar Pradesh,Sitapur,Rice,2021-22,1.67,4.6,2755.0,2021,4,True,,,,,,,,
Uttar Pradesh,Sitapur,Rice,2022-23,1.65,3.49,2118.0,2022,4,True,2755.0,-23.121597096188747,1.67,-1.1976047904191627,4.6,-24.130434782608685,2755.0,-23.121597096188747
Uttar Pradesh,Sitapur,Rice,2023-24,1.55,4.49,2906.0,2023,4,True,2118.0,37.20491029272899,1.65,-6.0606060606060534,3.49,28.653295128939828,2436.5,19.269443874410015
Uttar Pradesh,Sitapur,Rice,2024-25,2.05,6.08,2964.0,2024,4,True,2906.0,1.9958706125258088,1.55,32.25806451612902,4.49,35.4120267260579,2593.0,14.307751639028151
Uttar Pradesh,Sitapur,Wheat,2021-22,2.19,8.32,3791.0,2021,4,True,,,,,,,,
Uttar Pradesh,Sitapur,Wheat,2022-23,2.1,7.93,3780.0,2022,4,True,3791.0,-0.2901609074122923,2.19,-4.109589041095884,8.32,-4.687500000000007,3791.0,-0.2901609074122923
Uttar Pradesh,Sitapur,Wheat,2023-24,1.77,6.61,3738.0,2023,4,True,3780.0,-1.1111111111111112,2.1,-15.714285714285717,7.93,-16.64564943253467,3785.5,-1.2547880068683133
Uttar Pradesh,Sitapur,Wheat,2024-25,2.01,7.42,3693.0,2024,4,True,3738.0,-1.2038523274478332,1.77,13.55932203389829,6.61,12.254160363086227,3769.6666666666665,-2.0337784065788274
Uttar Pradesh,Sonbhadra,Maize,2021-22,0.16,0.21,1310.0,2021,4,True,,,,,,,,
Uttar Pradesh,Sonbhadra,Maize,2022-23,0.16,0.2,1239.0,2022,4,True,1310.0,-5.419847328244274,0.16,0.0,0.21,-4.761904761904753,1310.0,-5.419847328244274
Uttar Pradesh,Sonbhadra,Maize,2023-24,0.16,0.25,1614.0,2023,4,True,1239.0,30.26634382566586,0.16,0.0,0.2,24.999999999999993,1274.5,26.63789721459396
Uttar Pradesh,Sonbhadra,Maize,2024-25,0.16,0.27,1695.0,2024,4,True,1614.0,5.018587360594796,0.16,0.0,0.25,8.000000000000007,1387.6666666666667,22.14748979101609
Uttar Pradesh,Sonbhadra,Rice,2021-22,0.32,1.0,3125.0,2021,4,True,,,,,,,,
Uttar Pradesh,Sonbhadra,Rice,2022-23,0.32,0.87,2738.0,2022,4,True,3125.0,-12.384,0.32,0.0,1.0,-13.0,3125.0,-12.384
Uttar Pradesh,Sonbhadra,Rice,2023-24,0.31,0.77,2452.0,2023,4,True,2738.0,-10.445580715850985,0.32,-3.1250000000000027,0.87,-11.494252873563216,2931.5,-16.356813917789527
Uttar Pradesh,Sonbhadra,Rice,2024-25,1.18,2.93,2473.0,2024,4,True,2452.0,0.8564437194127243,0.31,280.64516129032256,0.77,280.5194805194805,2771.6666666666665,-10.775706554419719
Uttar Pradesh,Sonbhadra,Wheat,2021-22,0.63,1.76,2775.0,2021,4,True,,,,,,,,
Uttar Pradesh,Sonbhadra,Wheat,2022-23,0.81,2.31,2848.0,2022,4,True,2775.0,2.6306306306306304,0.63,28.57142857142858,1.76,31.25,2775.0,2.6306306306306304
Uttar Pradesh,Sonbhadra,Wheat,2023-24,0.75,2.03,2702.0,2023,4,True,2848.0,-5.126404494382022,0.81,-7.407407407407414,2.31,-12.121212121212132,2811.5,-3.894718121998933
Uttar Pradesh,Sonbhadra,Wheat,2024-25,0.67,2.01,3019.0,2024,4,True,2702.0,11.732050333086603,0.75,-10.666666666666663,2.03,-0.9852216748768483,2775.0,8.792792792792794
Uttar Pradesh,Sultanpur,Maize,2021-22,0.06,0.09,1596.0,2021,4,True,,,,,,,,
Uttar Pradesh,Sultanpur,Maize,2022-23,0.06,0.09,1538.0,2022,4,True,1596.0,-3.634085213032581,0.06,0.0,0.09,0.0,1596.0,-3.634085213032581
Uttar Pradesh,Sultanpur,Maize,2023-24,0.07,0.11,1612.0,2023,4,True,1538.0,4.811443433029909,0.06,16.666666666666682,0.09,22.222222222222225,1567.0,2.871729419272495
Uttar Pradesh,Sultanpur,Maize,2024-25,0.03,0.05,1825.0,2024,4,True,1612.0,13.213399503722083,0.07,-57.14285714285715,0.11,-54.54545454545454,1582.0,15.360303413400759
Uttar Pradesh,Sultanpur,Rice,2021-22,0.95,2.77,2925.0,2021,4,True,,,,,,,,
Uttar Pradesh,Sultanpur,Rice,2022-23,0.95,2.63,2778.0,2022,4,True,2925.0,-5.0256410256410255,0.95,0.0,2.77,-5.054151624548741,2925.0,-5.0256410256410255
Uttar Pradesh,Sultanpur,Rice,2023-24,0.84,2.73,3246.0,2023,4,True,2778.0,16.846652267818573,0.95,-11.578947368421051,2.63,3.802281368821296,2851.5,13.834823776959496
Uttar Pradesh,Sultanpur,Rice,2024-25,1.4,4.6,3281.0,2024,4,True,3246.0,1.0782501540357363,0.84,66.66666666666666,2.73,68.49816849816848,2983.0,9.989943010392222
Uttar Pradesh,Sultanpur,Wheat,2021-22,1.1,4.48,4070.0,2021,4,True,,,,,,,,
Uttar Pradesh,Sultanpur,Wheat,2022-23,1.17,4.5,3857.0,2022,4,True,4070.0,-5.233415233415233,1.1,6.363636363636349,4.48,0.44642857142856185,4070.0,-5.233415233415233
Uttar Pradesh,Sultanpur,Wheat,2023-24,1.16,4.86,4194.0,2023,4,True,3857.0,8.737360642986777,1.17,-0.8547008547008554,4.5,8.000000000000007,3963.5,5.815567049325091
Uttar Pradesh,Sultanpur,Wheat,2024-25,1.17,4.72,4030.0,2024,4,True,4194.0,-3.9103481163567,1.16,0.8620689655172422,4.86,-2.880658436214003,4040.3333333333335,-0.25575447570332854
Uttar Pradesh,Unnao,Maize,2021-22,0.36,0.63,1746.0,2021,4,True,,,,,,,,
Uttar Pradesh,Unnao,Maize,2022-23,0.36,0.73,2012.0,2022,4,True,1746.0,15.234822451317298,0.36,0.0,0.63,15.87301587301587,1746.0,15.234822451317298
Uttar Pradesh,Unnao,Maize,2023-24,0.37,0.76,2063.0,2023,4,True,2012.0,2.5347912524850895,0.36,2.7777777777777803,0.73,4.109589041095894,1879.0,9.792442788717402
Uttar Pradesh,Unnao,Maize,2024-25,0.23,0.65,2816.0,2024,4,True,2063.0,36.50024236548715,0.37,-37.83783783783783,0.76,-14.473684210526313,1940.3333333333333,45.129702800206154
Uttar Pradesh,Unnao,Rice,2021-22,0.98,2.21,2255.0,2021,4,True,,,,,,,,
Uttar Pradesh,Unnao,Rice,2022-23,0.96,2.28,2363.0,2022,4,True,2255.0,4.789356984478936,0.98,-2.040816326530614,2.21,3.1674208144796308,2255.0,4.789356984478936
Uttar Pradesh,Unnao,Rice,2023-24,0.92,1.95,2126.0,2023,4,True,2363.0,-10.029623360135421,0.96,-4.166666666666659,2.28,-14.473684210526311,2309.0,-7.925508878302296
Uttar Pradesh,Unnao,Rice,2024-25,1.37,2.97,2173.0,2024,4,True,2126.0,2.2107243650047037,0.92,48.913043478260875,1.95,52.30769230769232,2248.0,-3.3362989323843415
Uttar Pradesh,Unnao,Wheat,2021-22,2.53,8.62,3410.0,2021,4,True,,,,,,,,
Uttar Pradesh,Unnao,Wheat,2022-23,2.42,8.47,3504.0,2022,4,True,3410.0,2.756598240469208,2.53,-4.347826086956517,8.62,-1.7401392111368745,3410.0,2.756598240469208
Uttar Pradesh,Unnao,Wheat,2023-24,2.16,7.11,3293.0,2023,4,True,3504.0,-6.021689497716895,2.42,-10.743801652892554,8.47,-16.056670602125152,3457.0,-4.743997685854787
Uttar Pradesh,Unnao,Wheat,2024-25,2.23,6.89,3094.0,2024,4,True,3293.0,-6.043121773458853,2.16,3.240740740740733,7.11,-3.094233473980318,3402.3333333333335,-9.062408151268741
Uttar Pradesh,Varanasi,Maize,2021-22,0.04,0.06,1530.0,2021,4,True,,,,,,,,
Uttar Pradesh,Varanasi,Maize,2022-23,0.04,0.1,2653.0,2022,4,True,1530.0,73.3986928104575,0.04,0.0,0.06,66.66666666666669,1530.0,73.3986928104575
Uttar Pradesh,Varanasi,Maize,2023-24,0.04,0.02,583.0,2023,4,True,2653.0,-78.02487749717301,0.04,0.0,0.1,-80.0,2091.5,-72.12526894573273
Uttar Pradesh,Varanasi,Maize,2024-25,0.02,0.05,2662.0,2024,4,True,583.0,356.60377358490564,0.04,-50.0,0.02,150.0,1588.6666666666667,67.56189676877884
Uttar Pradesh,Varanasi,Rice,2021-22,0.48,1.32,2741.0,2021,4,True,,,,,,,,
Uttar Pradesh,Varanasi,Rice,2022-23,0.48,1.36,2823.0,2022,4,True,2741.0,2.991608901860635,0.48,0.0,1.32,3.030303030303033,2741.0,2.991608901860635
Uttar Pradesh,Varanasi,Rice,2023-24,0.47,1.43,3026.0,2023,4,True,2823.0,7.190931633014523,0.48,-2.0833333333333353,1.36,5.1470588235294,2782.0,8.770668583752697
Uttar Pradesh,Varanasi,Rice,2024-25,0.77,2.35,3069.0,2024,4,True,3026.0,1.4210178453403834,0.47,63.82978723404257,1.43,64.33566433566435,2863.3333333333335,7.182770663562275
Uttar Pradesh,Varanasi,Wheat,2021-22,0.72,2.59,3595.0,2021,4,True,,,,,,,,
Uttar Pradesh,Varanasi,Wheat,2022-23,0.71,1.74,2454.0,2022,4,True,3595.0,-31.738525730180804,0.72,-1.3888888888888902,2.59,-32.818532818532816,3595.0,-31.738525730180804
Uttar Pradesh,Varanasi,Wheat,2023-24,0.62,1.77,2836.0,2023,4,True,2454.0,15.56642216788916,0.71,-12.676056338028166,1.74,1.7241379310344844,3024.5,-6.232435113241858
Uttar Pradesh,Varanasi,Wheat,2024-25,0.63,2.23,3561.0,2024,4,True,2836.0,25.564174894217206,0.62,1.6129032258064528,1.77,25.98870056497175,2961.6666666666665,20.236353404614523
