State,Crop,Calendar_Year,Month,Month_Date,Market,Monthly_Price,Market_Key,District
Uttar Pradesh,Maize,2021,1,2021-01-01,Achalda APMC,,achalda,Auraiya
Uttar Pradesh,Maize,2021,1,2021-01-01,Agra APMC,1451.6,agra,Agra
Uttar Pradesh,Maize,2021,1,2021-01-01,Ajuha APMC,1776.66,ajuha,Prayagraj
Uttar Pradesh,Maize,2021,1,2021-01-01,Aliganj APMC,1267.72,aliganj,Etah
Uttar Pradesh,Maize,2021,1,2021-01-01,Aligarh APMC,1710.33,aligarh,Aligarh
Uttar Pradesh,Maize,2021,1,2021-01-01,Atrauli APMC,1417.26,atrauli,Aligarh
Uttar Pradesh,Maize,2021,1,2021-01-01,Auraiya APMC,,auraiya,Auraiya
Uttar Pradesh,Maize,2021,1,2021-01-01,Ayodhya APMC,1620.26,ayodhya,Ayodhya
Uttar Pradesh,Maize,2021,1,2021-01-01,Badayoun APMC,,badayoun,Budaun
Uttar Pradesh,Maize,2021,1,2021-01-01,Bahraich APMC,1632.48,bahraich,Bahraich
Uttar Pradesh,Maize,2021,1,2021-01-01,Ballia APMC,1759.41,ballia,Ballia
Uttar Pradesh,Maize,2021,1,2021-01-01,Balrampur APMC,1644.2,balrampur,Balrampur
Uttar Pradesh,Maize,2021,1,2021-01-01,Bangarmau APMC,1850.0,bangarmau,Unnao
Uttar Pradesh,Maize,2021,1,2021-01-01,Bewar APMC,1353.71,bewar,Mainpuri
Uttar Pradesh,Maize,2021,1,2021-01-01,Bilsi APMC,1400.0,bilsi,Budaun
Uttar Pradesh,Maize,2021,1,2021-01-01,Buland Shahr APMC,1850.0,buland shahr,Bulandshahr
Uttar Pradesh,Maize,2021,1,2021-01-01,Charra APMC,1850.0,charra,Aligarh
Uttar Pradesh,Maize,2021,1,2021-01-01,Chhibramau APMC,1538.66,chhibramau,Kannauj
Uttar Pradesh,Maize,2021,1,2021-01-01,Choubepur APMC,1819.29,choubepur,Jaunpur
Uttar Pradesh,Maize,2021,1,2021-01-01,Devariya APMC,,devariya,Deoria
Uttar Pradesh,Maize,2021,1,2021-01-01,Dibiapur APMC,,dibiapur,Auraiya
Uttar Pradesh,Maize,2021,1,2021-01-01,Divai APMC,1600.0,divai,Bulandshahar
Uttar Pradesh,Maize,2021,1,2021-01-01,Etah APMC,1439.87,etah,Etah
Uttar Pradesh,Maize,2021,1,2021-01-01,Farukhabad APMC,1718.39,farukhabad,Farrukhabad
Uttar Pradesh,Maize,2021,1,2021-01-01,Firozabad APMC,1850.23,firozabad,Firozabad
Uttar Pradesh,Maize,2021,1,2021-01-01,Ghaziabad APMC,1821.05,ghaziabad,Ghaziabad
Uttar Pradesh,Maize,2021,1,2021-01-01,Gonda APMC,1614.09,gonda,Gonda
Uttar Pradesh,Maize,2021,1,2021-01-01,Gorakhpur APMC,1734.07,gorakhpur,Gorakhpur
Uttar Pradesh,Maize,2021,1,2021-01-01,Haathras APMC,,haathras,Hathras
Uttar Pradesh,Maize,2021,1,2021-01-01,Hapur APMC,1815.35,hapur,Ghaziabad
Uttar Pradesh,Maize,2021,1,2021-01-01,Hardoi APMC,1878.46,hardoi,Hardoi
Uttar Pradesh,Maize,2021,1,2021-01-01,Hasanpur APMC,1750.0,hasanpur,Amroha
Uttar Pradesh,Maize,2021,1,2021-01-01,Jahangirabad APMC,,jahangirabad,Bulandshahar
Uttar Pradesh,Maize,2021,1,2021-01-01,Jaunpur APMC,1788.75,jaunpur,Jaunpur
Uttar Pradesh,Maize,2021,1,2021-01-01,Jhijhank APMC,1850.0,jhijhank,Kanpur Dehat
Uttar Pradesh,Maize,2021,1,2021-01-01,Kamlaganj APMC,1241.24,kamlaganj,Farrukhabad
Uttar Pradesh,Maize,2021,1,2021-01-01,Kannauj APMC,1514.99,kannauj,Kannauj
Uttar Pradesh,Maize,2021,1,2021-01-01,Kanpur(Grain) APMC,1809.47,kanpur(grain),Jaunpur
Uttar Pradesh,Maize,2021,1,2021-01-01,Kasganj APMC,1455.37,kasganj,Kasganj
Uttar Pradesh,Maize,2021,1,2021-01-01,Kayamganj APMC,,kayamganj,Farrukhabad
Uttar Pradesh,Maize,2021,1,2021-01-01,Khurja APMC,1850.0,khurja,Bulandshahr
Uttar Pradesh,Maize,2021,1,2021-01-01,Lakhimpur APMC,1575.18,lakhimpur,Lalitpur
Uttar Pradesh,Maize,2021,1,2021-01-01,Lalitpur APMC,1816.87,lalitpur,Lalitpur
Uttar Pradesh,Maize,2021,1,2021-01-01,Lucknow APMC,1566.33,lucknow,Lucknow
Uttar Pradesh,Maize,2021,1,2021-01-01,Madhoganj APMC,1850.0,madhoganj,Hardoi
Uttar Pradesh,Maize,2021,1,2021-01-01,Mainpuri APMC,1464.33,mainpuri,Mainpuri
Uttar Pradesh,Maize,2021,1,2021-01-01,Meerut APMC,1733.17,meerut,Meerut
Uttar Pradesh,Maize,2021,1,2021-01-01,Mohamadabad APMC,1538.17,mohamadabad,Farrukhabad
Uttar Pradesh,Maize,2021,1,2021-01-01,Muradabad APMC,,muradabad,Sambhal
Uttar Pradesh,Maize,2021,1,2021-01-01,Muzzafarnagar APMC,,muzzafarnagar,Muzaffarnagar
Uttar Pradesh,Maize,2021,1,2021-01-01,Naanpara APMC,1625.43,naanpara,Bahraich
Uttar Pradesh,Maize,2021,1,2021-01-01,Nawabganj APMC,1621.2,nawabganj,Gonda
Uttar Pradesh,Maize,2021,1,2021-01-01,Payagpur APMC,,payagpur,Bahraich
Uttar Pradesh,Maize,2021,1,2021-01-01,Pratapgarh APMC,1700.84,pratapgarh,Pratapgarh
Uttar Pradesh,Maize,2021,1,2021-01-01,Prayagraj APMC,,prayagraj,Prayagraj
Uttar Pradesh,Maize,2021,1,2021-01-01,Pukharayan APMC,1850.0,pukharayan,Kanpur Dehat
Uttar Pradesh,Maize,2021,1,2021-01-01,Rura APMC,1295.55,rura,Kanpur Dehat
Uttar Pradesh,Maize,2021,1,2021-01-01,Saharanpur APMC,1745.26,saharanpur,Saharanpur
Uttar Pradesh,Maize,2021,1,2021-01-01,Sandila APMC,1850.0,sandila,Hardoi
Uttar Pradesh,Maize,2021,1,2021-01-01,Sehjanwa APMC,,sehjanwa,Gorakhpur
Uttar Pradesh,Maize,2021,1,2021-01-01,Shahabad(New Mandi) APMC,1850.0,shahabad(new mandi),Hardoi
Uttar Pradesh,Maize,2021,1,2021-01-01,Shahpur APMC,,shahpur,Muzaffarnagar
Uttar Pradesh,Maize,2021,1,2021-01-01,Shamli APMC,1744.89,shamli,Shamli
Uttar Pradesh,Maize,2021,1,2021-01-01,Shikohabad APMC,1504.5,shikohabad,Firozabad
Uttar Pradesh,Maize,2021,1,2021-01-01,Sikandraraau APMC,1259.2,sikandraraau,Hathras
Uttar Pradesh,Maize,2021,1,2021-01-01,Sirsaganj APMC,1793.67,sirsaganj,Firozabad
Uttar Pradesh,Maize,2021,1,2021-01-01,Siyana APMC,1823.06,siyana,Bulandshahar
Uttar Pradesh,Maize,2021,1,2021-01-01,Unnao APMC,1850.0,unnao,Unnao
Uttar Pradesh,Maize,2021,1,2021-01-01,Uttaripura APMC,1200.0,uttaripura,Jaunpur
Uttar Pradesh,Maize,2021,1,2021-01-01,Varanasi APMC,1745.0,varanasi,Varanasi
Uttar Pradesh,Maize,2021,2,2021-02-01,Agra APMC,1369.46,agra,Agra
Uttar Pradesh,Maize,2021,2,2021-02-01,Ajuha APMC,1559.24,ajuha,Prayagraj
Uttar Pradesh,Maize,2021,2,2021-02-01,Aliganj APMC,1254.89,aliganj,Etah
Uttar Pradesh,Maize,2021,2,2021-02-01,Aligarh APMC,1336.97,aligarh,Aligarh
Uttar Pradesh,Maize,2021,2,2021-02-01,Atrauli APMC,,atrauli,Aligarh
Uttar Pradesh,Maize,2021,2,2021-02-01,Ayodhya APMC,,ayodhya,Ayodhya
Uttar Pradesh,Maize,2021,2,2021-02-01,Badayoun APMC,,badayoun,Budaun
Uttar Pradesh,Maize,2021,2,2021-02-01,Bahraich APMC,1621.7,bahraich,Bahraich
Uttar Pradesh,Maize,2021,2,2021-02-01,Ballia APMC,1800.0,ballia,Ballia
Uttar Pradesh,Maize,2021,2,2021-02-01,Balrampur APMC,1664.74,balrampur,Balrampur
Uttar Pradesh,Maize,2021,2,2021-02-01,Bangarmau APMC,1452.16,bangarmau,Unnao
Uttar Pradesh,Maize,2021,2,2021-02-01,Bewar APMC,1276.74,bewar,Mainpuri
Uttar Pradesh,Maize,2021,2,2021-02-01,Bilsi APMC,,bilsi,Budaun
Uttar Pradesh,Maize,2021,2,2021-02-01,Buland Shahr APMC,1850.0,buland shahr,Bulandshahr
Uttar Pradesh,Maize,2021,2,2021-02-01,Charra APMC,,charra,Aligarh
Uttar Pradesh,Maize,2021,2,2021-02-01,Chhibramau APMC,1345.66,chhibramau,Kannauj
Uttar Pradesh,Maize,2021,2,2021-02-01,Choubepur APMC,1405.95,choubepur,Jaunpur
Uttar Pradesh,Maize,2021,2,2021-02-01,Divai APMC,1600.0,divai,Bulandshahar
Uttar Pradesh,Maize,2021,2,2021-02-01,Etah APMC,1336.17,etah,Etah
Uttar Pradesh,Maize,2021,2,2021-02-01,Farukhabad APMC,1360.6,farukhabad,Farrukhabad
Uttar Pradesh,Maize,2021,2,2021-02-01,Firozabad APMC,,firozabad,Firozabad
Uttar Pradesh,Maize,2021,2,2021-02-01,Ghaziabad APMC,1827.96,ghaziabad,Ghaziabad
Uttar Pradesh,Maize,2021,2,2021-02-01,Gonda APMC,1615.95,gonda,Gonda
Uttar Pradesh,Maize,2021,2,2021-02-01,Gorakhpur APMC,1730.0,gorakhpur,Gorakhpur
Uttar Pradesh,Maize,2021,2,2021-02-01,Haathras APMC,,haathras,Hathras
Uttar Pradesh,Maize,2021,2,2021-02-01,Hapur APMC,,hapur,Ghaziabad
Uttar Pradesh,Maize,2021,2,2021-02-01,Hardoi APMC,1471.44,hardoi,Hardoi
Uttar Pradesh,Maize,2021,2,2021-02-01,Hasanpur APMC,1750.0,hasanpur,Amroha
Uttar Pradesh,Maize,2021,2,2021-02-01,Jahangirabad APMC,1850.0,jahangirabad,Bulandshahar
Uttar Pradesh,Maize,2021,2,2021-02-01,Jasra APMC,,jasra,Prayagraj
Uttar Pradesh,Maize,2021,2,2021-02-01,Jaunpur APMC,1864.29,jaunpur,Jaunpur
Uttar Pradesh,Maize,2021,2,2021-02-01,Jhijhank APMC,,jhijhank,Kanpur Dehat
Uttar Pradesh,Maize,2021,2,2021-02-01,Kamlaganj APMC,1246.33,kamlaganj,Farrukhabad
Uttar Pradesh,Maize,2021,2,2021-02-01,Kannauj APMC,1367.97,kannauj,Kannauj
Uttar Pradesh,Maize,2021,2,2021-02-01,Kanpur(Grain) APMC,1464.31,kanpur(grain),Jaunpur
Uttar Pradesh,Maize,2021,2,2021-02-01,Kasganj APMC,1343.89,kasganj,Kasganj
Uttar Pradesh,Maize,2021,2,2021-02-01,Kayamganj APMC,,kayamganj,Farrukhabad
Uttar Pradesh,Maize,2021,2,2021-02-01,Khurja APMC,1850.0,khurja,Bulandshahr
Uttar Pradesh,Maize,2021,2,2021-02-01,Lakhimpur APMC,1547.81,lakhimpur,Lalitpur
Uttar Pradesh,Maize,2021,2,2021-02-01,Lalitpur APMC,1465.86,lalitpur,Lalitpur
Uttar Pradesh,Maize,2021,2,2021-02-01,Lucknow APMC,,lucknow,Lucknow
Uttar Pradesh,Maize,2021,2,2021-02-01,Madhoganj APMC,1472.55,madhoganj,Hardoi
Uttar Pradesh,Maize,2021,2,2021-02-01,Mainpuri APMC,,mainpuri,Mainpuri
Uttar Pradesh,Maize,2021,2,2021-02-01,Meerut APMC,1726.21,meerut,Meerut
Uttar Pradesh,Maize,2021,2,2021-02-01,Mohamadabad APMC,1353.91,mohamadabad,Farrukhabad
Uttar Pradesh,Maize,2021,2,2021-02-01,Muradabad APMC,,muradabad,Sambhal
Uttar Pradesh,Maize,2021,2,2021-02-01,Muzzafarnagar APMC,,muzzafarnagar,Muzaffarnagar
Uttar Pradesh,Maize,2021,2,2021-02-01,Naanpara APMC,1623.09,naanpara,Bahraich
Uttar Pradesh,Maize,2021,2,2021-02-01,Nawabganj APMC,1616.9,nawabganj,Gonda
Uttar Pradesh,Maize,2021,2,2021-02-01,Payagpur APMC,,payagpur,Bahraich
Uttar Pradesh,Maize,2021,2,2021-02-01,Pratapgarh APMC,1699.33,pratapgarh,Pratapgarh
Uttar Pradesh,Maize,2021,2,2021-02-01,Prayagraj APMC,,prayagraj,Prayagraj
Uttar Pradesh,Maize,2021,2,2021-02-01,Pukharayan APMC,,pukharayan,Kanpur Dehat
Uttar Pradesh,Maize,2021,2,2021-02-01,Rura APMC,1270.36,rura,Kanpur Dehat
Uttar Pradesh,Maize,2021,2,2021-02-01,Saharanpur APMC,1734.13,saharanpur,Saharanpur
Uttar Pradesh,Maize,2021,2,2021-02-01,Sandi APMC,1215.86,sandi,Hardoi
Uttar Pradesh,Maize,2021,2,2021-02-01,Sandila APMC,1446.39,sandila,Hardoi
Uttar Pradesh,Maize,2021,2,2021-02-01,Sehjanwa APMC,,sehjanwa,Gorakhpur
Uttar Pradesh,Maize,2021,2,2021-02-01,Shahabad(New Mandi) APMC,1509.8,shahabad(new mandi),Hardoi
Uttar Pradesh,Maize,2021,2,2021-02-01,Shamli APMC,1726.04,shamli,Shamli
Uttar Pradesh,Maize,2021,2,2021-02-01,Shikohabad APMC,1243.1,shikohabad,Firozabad
Uttar Pradesh,Maize,2021,2,2021-02-01,Sikandraraau APMC,1246.77,sikandraraau,Hathras
Uttar Pradesh,Maize,2021,2,2021-02-01,Sirsaganj APMC,1304.08,sirsaganj,Firozabad
Uttar Pradesh,Maize,2021,2,2021-02-01,Siyana APMC,,siyana,Bulandshahar
Uttar Pradesh,Maize,2021,2,2021-02-01,Unnao APMC,,unnao,Unnao
Uttar Pradesh,Maize,2021,2,2021-02-01,Uttaripura APMC,,uttaripura,Jaunpur
Uttar Pradesh,Maize,2021,2,2021-02-01,Varanasi APMC,1760.0,varanasi,Varanasi
Uttar Pradesh,Maize,2021,3,2021-03-01,Agra APMC,1324.86,agra,Agra
Uttar Pradesh,Maize,2021,3,2021-03-01,Ajuha APMC,1539.5,ajuha,Prayagraj
Uttar Pradesh,Maize,2021,3,2021-03-01,Aliganj APMC,1245.16,aliganj,Etah
Uttar Pradesh,Maize,2021,3,2021-03-01,Aligarh APMC,1304.43,aligarh,Aligarh
Uttar Pradesh,Maize,2021,3,2021-03-01,Atrauli APMC,,atrauli,Aligarh
Uttar Pradesh,Maize,2021,3,2021-03-01,Ayodhya APMC,,ayodhya,Ayodhya
Uttar Pradesh,Maize,2021,3,2021-03-01,Badayoun APMC,,badayoun,Budaun
Uttar Pradesh,Maize,2021,3,2021-03-01,Bahraich APMC,1624.43,bahraich,Bahraich
Uttar Pradesh,Maize,2021,3,2021-03-01,Ballia APMC,,ballia,Ballia
Uttar Pradesh,Maize,2021,3,2021-03-01,Balrampur APMC,1650.95,balrampur,Balrampur
Uttar Pradesh,Maize,2021,3,2021-03-01,Bangarmau APMC,1367.36,bangarmau,Unnao
Uttar Pradesh,Maize,2021,3,2021-03-01,Bewar APMC,,bewar,Mainpuri
Uttar Pradesh,Maize,2021,3,2021-03-01,Bhehjoi APMC,4500.0,bhehjoi,Sambhal
Uttar Pradesh,Maize,2021,3,2021-03-01,Buland Shahr APMC,,buland shahr,Bulandshahr
Uttar Pradesh,Maize,2021,3,2021-03-01,Charra APMC,,charra,Aligarh
Uttar Pradesh,Maize,2021,3,2021-03-01,Chhibramau APMC,1276.54,chhibramau,Kannauj
Uttar Pradesh,Maize,2021,3,2021-03-01,Choubepur APMC,1329.26,choubepur,Jaunpur
Uttar Pradesh,Maize,2021,3,2021-03-01,Divai APMC,1600.0,divai,Bulandshahar
Uttar Pradesh,Maize,2021,3,2021-03-01,Etah APMC,1321.25,etah,Etah
Uttar Pradesh,Maize,2021,3,2021-03-01,Farukhabad APMC,1256.3,farukhabad,Farrukhabad
Uttar Pradesh,Maize,2021,3,2021-03-01,Ghaziabad APMC,1772.44,ghaziabad,Ghaziabad
Uttar Pradesh,Maize,2021,3,2021-03-01,Gonda APMC,1617.83,gonda,Gonda
Uttar Pradesh,Maize,2021,3,2021-03-01,Gorakhpur APMC,,gorakhpur,Gorakhpur
Uttar Pradesh,Maize,2021,3,2021-03-01,Haathras APMC,,haathras,Hathras
Uttar Pradesh,Maize,2021,3,2021-03-01,Hardoi APMC,1355.06,hardoi,Hardoi
Uttar Pradesh,Maize,2021,3,2021-03-01,Hasanpur APMC,,hasanpur,Amroha
Uttar Pradesh,Maize,2021,3,2021-03-01,Jahangirabad APMC,,jahangirabad,Bulandshahar
Uttar Pradesh,Maize,2021,3,2021-03-01,Jasra APMC,,jasra,Prayagraj
Uttar Pradesh,Maize,2021,3,2021-03-01,Jaunpur APMC,1767.36,jaunpur,Jaunpur
Uttar Pradesh,Maize,2021,3,2021-03-01,Kamlaganj APMC,1278.18,kamlaganj,Farrukhabad
Uttar Pradesh,Maize,2021,3,2021-03-01,Kannauj APMC,1297.46,kannauj,Kannauj
Uttar Pradesh,Maize,2021,3,2021-03-01,Kanpur(Grain) APMC,1469.63,kanpur(grain),Jaunpur
Uttar Pradesh,Maize,2021,3,2021-03-01,Kasganj APMC,1313.66,kasganj,Kasganj
Uttar Pradesh,Maize,2021,3,2021-03-01,Kayamganj APMC,1281.35,kayamganj,Farrukhabad
Uttar Pradesh,Maize,2021,3,2021-03-01,Khurja APMC,,khurja,Bulandshahr
Uttar Pradesh,Maize,2021,3,2021-03-01,Lakhimpur APMC,1495.65,lakhimpur,Lalitpur
Uttar Pradesh,Maize,2021,3,2021-03-01,Lalitpur APMC,1433.5,lalitpur,Lalitpur
Uttar Pradesh,Maize,2021,3,2021-03-01,Lucknow APMC,,lucknow,Lucknow
Uttar Pradesh,Maize,2021,3,2021-03-01,Madhoganj APMC,1375.03,madhoganj,Hardoi
Uttar Pradesh,Maize,2021,3,2021-03-01,Meerut APMC,1729.26,meerut,Meerut
Uttar Pradesh,Maize,2021,3,2021-03-01,Mohamadabad APMC,1290.54,mohamadabad,Farrukhabad
Uttar Pradesh,Maize,2021,3,2021-03-01,Muradabad APMC,,muradabad,Sambhal
Uttar Pradesh,Maize,2021,3,2021-03-01,Muzzafarnagar APMC,,muzzafarnagar,Muzaffarnagar
Uttar Pradesh,Maize,2021,3,2021-03-01,Naanpara APMC,1623.46,naanpara,Bahraich
Uttar Pradesh,Maize,2021,3,2021-03-01,Nawabganj APMC,1619.4,nawabganj,Gonda
Uttar Pradesh,Maize,2021,3,2021-03-01,Payagpur APMC,,payagpur,Bahraich
Uttar Pradesh,Maize,2021,3,2021-03-01,Pratapgarh APMC,1707.3,pratapgarh,Pratapgarh
Uttar Pradesh,Maize,2021,3,2021-03-01,Prayagraj APMC,,prayagraj,Prayagraj
Uttar Pradesh,Maize,2021,3,2021-03-01,Rura APMC,1250.0,rura,Kanpur Dehat
Uttar Pradesh,Maize,2021,3,2021-03-01,Saharanpur APMC,1742.61,saharanpur,Saharanpur
Uttar Pradesh,Maize,2021,3,2021-03-01,Sandi APMC,1227.64,sandi,Hardoi
Uttar Pradesh,Maize,2021,3,2021-03-01,Sandila APMC,1358.85,sandila,Hardoi
Uttar Pradesh,Maize,2021,3,2021-03-01,Sehjanwa APMC,,sehjanwa,Gorakhpur
Uttar Pradesh,Maize,2021,3,2021-03-01,Shahabad(New Mandi) APMC,1385.0,shahabad(new mandi),Hardoi
Uttar Pradesh,Maize,2021,3,2021-03-01,Shamli APMC,1744.4,shamli,Shamli
Uttar Pradesh,Maize,2021,3,2021-03-01,Shikohabad APMC,1201.46,shikohabad,Firozabad
Uttar Pradesh,Maize,2021,3,2021-03-01,Sikandraraau APMC,1192.03,sikandraraau,Hathras
Uttar Pradesh,Maize,2021,3,2021-03-01,Sirsaganj APMC,1265.13,sirsaganj,Firozabad
Uttar Pradesh,Maize,2021,3,2021-03-01,Unnao APMC,1371.67,unnao,Unnao
Uttar Pradesh,Maize,2021,3,2021-03-01,Varanasi APMC,1777.31,varanasi,Varanasi
Uttar Pradesh,Maize,2021,4,2021-04-01,Agra APMC,1324.18,agra,Agra
Uttar Pradesh,Maize,2021,4,2021-04-01,Ajuha APMC,1468.09,ajuha,Prayagraj
Uttar Pradesh,Maize,2021,4,2021-04-01,Aliganj APMC,1247.16,aliganj,Etah
Uttar Pradesh,Maize,2021,4,2021-04-01,Aligarh APMC,1306.8,aligarh,Aligarh
Uttar Pradesh,Maize,2021,4,2021-04-01,Ayodhya APMC,,ayodhya,Ayodhya
Uttar Pradesh,Maize,2021,4,2021-04-01,Badayoun APMC,,badayoun,Budaun
Uttar Pradesh,Maize,2021,4,2021-04-01,Bahraich APMC,1631.82,bahraich,Bahraich
Uttar Pradesh,Maize,2021,4,2021-04-01,Balrampur APMC,1668.61,balrampur,Balrampur
Uttar Pradesh,Maize,2021,4,2021-04-01,Bangarmau APMC,1483.52,bangarmau,Unnao
Uttar Pradesh,Maize,2021,4,2021-04-01,Bhehjoi APMC,,bhehjoi,Sambhal
Uttar Pradesh,Maize,2021,4,2021-04-01,Chhibramau APMC,1360.34,chhibramau,Kannauj
Uttar Pradesh,Maize,2021,4,2021-04-01,Choubepur APMC,1415.64,choubepur,Jaunpur
Uttar Pradesh,Maize,2021,4,2021-04-01,Divai APMC,,divai,Bulandshahar
Uttar Pradesh,Maize,2021,4,2021-04-01,Etah APMC,1332.95,etah,Etah
Uttar Pradesh,Maize,2021,4,2021-04-01,Farukhabad APMC,1353.89,farukhabad,Farrukhabad
Uttar Pradesh,Maize,2021,4,2021-04-01,Ghaziabad APMC,1717.64,ghaziabad,Ghaziabad
Uttar Pradesh,Maize,2021,4,2021-04-01,Gonda APMC,1625.0,gonda,Gonda
Uttar Pradesh,Maize,2021,4,2021-04-01,Haathras APMC,,haathras,Hathras
Uttar Pradesh,Maize,2021,4,2021-04-01,Hardoi APMC,1597.43,hardoi,Hardoi
Uttar Pradesh,Maize,2021,4,2021-04-01,Jaunpur APMC,1743.33,jaunpur,Jaunpur
Uttar Pradesh,Maize,2021,4,2021-04-01,Kamlaganj APMC,,kamlaganj,Farrukhabad
Uttar Pradesh,Maize,2021,4,2021-04-01,Kannauj APMC,1373.86,kannauj,Kannauj
Uttar Pradesh,Maize,2021,4,2021-04-01,Kanpur(Grain) APMC,1602.74,kanpur(grain),Jaunpur
Uttar Pradesh,Maize,2021,4,2021-04-01,Kasganj APMC,1322.01,kasganj,Kasganj
Uttar Pradesh,Maize,2021,4,2021-04-01,Kayamganj APMC,1353.27,kayamganj,Farrukhabad
Uttar Pradesh,Maize,2021,4,2021-04-01,Lakhimpur APMC,1474.86,lakhimpur,Lalitpur
Uttar Pradesh,Maize,2021,4,2021-04-01,Lalitpur APMC,1544.31,lalitpur,Lalitpur
Uttar Pradesh,Maize,2021,4,2021-04-01,Lucknow APMC,,lucknow,Lucknow
Uttar Pradesh,Maize,2021,4,2021-04-01,Madhoganj APMC,1516.61,madhoganj,Hardoi
Uttar Pradesh,Maize,2021,4,2021-04-01,Meerut APMC,1728.71,meerut,Meerut
Uttar Pradesh,Maize,2021,4,2021-04-01,Mohamadabad APMC,1339.71,mohamadabad,Farrukhabad
Uttar Pradesh,Maize,2021,4,2021-04-01,Muradabad APMC,,muradabad,Sambhal
Uttar Pradesh,Maize,2021,4,2021-04-01,Muzzafarnagar APMC,,muzzafarnagar,Muzaffarnagar
Uttar Pradesh,Maize,2021,4,2021-04-01,Naanpara APMC,1631.98,naanpara,Bahraich
Uttar Pradesh,Maize,2021,4,2021-04-01,Nawabganj APMC,1626.1,nawabganj,Gonda
Uttar Pradesh,Maize,2021,4,2021-04-01,Pratapgarh APMC,,pratapgarh,Pratapgarh
Uttar Pradesh,Maize,2021,4,2021-04-01,Prayagraj APMC,,prayagraj,Prayagraj
Uttar Pradesh,Maize,2021,4,2021-04-01,Rura APMC,,rura,Kanpur Dehat
Uttar Pradesh,Maize,2021,4,2021-04-01,Saharanpur APMC,1720.69,saharanpur,Saharanpur
Uttar Pradesh,Maize,2021,4,2021-04-01,Sandi APMC,,sandi,Hardoi
Uttar Pradesh,Maize,2021,4,2021-04-01,Sandila APMC,1535.6,sandila,Hardoi
Uttar Pradesh,Maize,2021,4,2021-04-01,Sehjanwa APMC,,sehjanwa,Gorakhpur
Uttar Pradesh,Maize,2021,4,2021-04-01,Shahabad(New Mandi) APMC,,shahabad(new mandi),Hardoi
Uttar Pradesh,Maize,2021,4,2021-04-01,Shamli APMC,1725.12,shamli,Shamli
Uttar Pradesh,Maize,2021,4,2021-04-01,Shikohabad APMC,1409.64,shikohabad,Firozabad
Uttar Pradesh,Maize,2021,4,2021-04-01,Sikandraraau APMC,1188.06,sikandraraau,Hathras
Uttar Pradesh,Maize,2021,4,2021-04-01,Sirsaganj APMC,1331.23,sirsaganj,Firozabad
Uttar Pradesh,Maize,2021,4,2021-04-01,Unnao APMC,1535.62,unnao,Unnao
Uttar Pradesh,Maize,2021,4,2021-04-01,Varanasi APMC,,varanasi,Varanasi
Uttar Pradesh,Maize,2021,5,2021-05-01,Agra APMC,1393.28,agra,Agra
Uttar Pradesh,Maize,2021,5,2021-05-01,Ajuha APMC,1603.45,ajuha,Prayagraj
Uttar Pradesh,Maize,2021,5,2021-05-01,Aliganj APMC,1253.0,aliganj,Etah
Uttar Pradesh,Maize,2021,5,2021-05-01,Aligarh APMC,1308.33,aligarh,Aligarh
Uttar Pradesh,Maize,2021,5,2021-05-01,Ayodhya APMC,,ayodhya,Ayodhya
Uttar Pradesh,Maize,2021,5,2021-05-01,Bahraich APMC,,bahraich,Bahraich
Uttar Pradesh,Maize,2021,5,2021-05-01,Balrampur APMC,,balrampur,Balrampur
Uttar Pradesh,Maize,2021,5,2021-05-01,Bangarmau APMC,1522.35,bangarmau,Unnao
Uttar Pradesh,Maize,2021,5,2021-05-01,Chhibramau APMC,1459.52,chhibramau,Kannauj
Uttar Pradesh,Maize,2021,5,2021-05-01,Choubepur APMC,1496.55,choubepur,Jaunpur
Uttar Pradesh,Maize,2021,5,2021-05-01,Etah APMC,1448.47,etah,Etah
Uttar Pradesh,Maize,2021,5,2021-05-01,Farukhabad APMC,1387.83,farukhabad,Farrukhabad
Uttar Pradesh,Maize,2021,5,2021-05-01,Ghaziabad APMC,1747.44,ghaziabad,Ghaziabad
Uttar Pradesh,Maize,2021,5,2021-05-01,Gonda APMC,1626.54,gonda,Gonda
Uttar Pradesh,Maize,2021,5,2021-05-01,Haathras APMC,,haathras,Hathras
Uttar Pradesh,Maize,2021,5,2021-05-01,Hardoi APMC,1530.12,hardoi,Hardoi
Uttar Pradesh,Maize,2021,5,2021-05-01,Jaunpur APMC,1748.46,jaunpur,Jaunpur
Uttar Pradesh,Maize,2021,5,2021-05-01,Kannauj APMC,1475.89,kannauj,Kannauj
Uttar Pradesh,Maize,2021,5,2021-05-01,Kanpur(Grain) APMC,1652.13,kanpur(grain),Jaunpur
Uttar Pradesh,Maize,2021,5,2021-05-01,Kasganj APMC,1456.11,kasganj,Kasganj
Uttar Pradesh,Maize,2021,5,2021-05-01,Kayamganj APMC,1436.06,kayamganj,Farrukhabad
Uttar Pradesh,Maize,2021,5,2021-05-01,Lakhimpur APMC,1524.1,lakhimpur,Lalitpur
Uttar Pradesh,Maize,2021,5,2021-05-01,Lalitpur APMC,,lalitpur,Lalitpur
Uttar Pradesh,Maize,2021,5,2021-05-01,Lucknow APMC,,lucknow,Lucknow
Uttar Pradesh,Maize,2021,5,2021-05-01,Madhoganj APMC,1522.23,madhoganj,Hardoi
Uttar Pradesh,Maize,2021,5,2021-05-01,Meerut APMC,1745.64,meerut,Meerut
Uttar Pradesh,Maize,2021,5,2021-05-01,Mohamadabad APMC,,mohamadabad,Farrukhabad
Uttar Pradesh,Maize,2021,5,2021-05-01,Muradabad APMC,,muradabad,Sambhal
Uttar Pradesh,Maize,2021,5,2021-05-01,Muzzafarnagar APMC,,muzzafarnagar,Muzaffarnagar
Uttar Pradesh,Maize,2021,5,2021-05-01,Naanpara APMC,,naanpara,Bahraich
Uttar Pradesh,Maize,2021,5,2021-05-01,Nawabganj APMC,1637.78,nawabganj,Gonda
Uttar Pradesh,Maize,2021,5,2021-05-01,Pratapgarh APMC,,pratapgarh,Pratapgarh
Uttar Pradesh,Maize,2021,5,2021-05-01,Prayagraj APMC,,prayagraj,Prayagraj
Uttar Pradesh,Maize,2021,5,2021-05-01,Saharanpur APMC,1745.41,saharanpur,Saharanpur
Uttar Pradesh,Maize,2021,5,2021-05-01,Sandila APMC,,sandila,Hardoi
Uttar Pradesh,Maize,2021,5,2021-05-01,Shahabad(New Mandi) APMC,,shahabad(new mandi),Hardoi
Uttar Pradesh,Maize,2021,5,2021-05-01,Shamli APMC,1749.66,shamli,Shamli
Uttar Pradesh,Maize,2021,5,2021-05-01,Shikohabad APMC,1453.33,shikohabad,Firozabad
Uttar Pradesh,Maize,2021,5,2021-05-01,Sikandraraau APMC,1227.5,sikandraraau,Hathras
Uttar Pradesh,Maize,2021,5,2021-05-01,Sirsaganj APMC,,sirsaganj,Firozabad
Uttar Pradesh,Maize,2021,5,2021-05-01,Unnao APMC,1526.23,unnao,Unnao
Uttar Pradesh,Maize,2021,5,2021-05-01,Varanasi APMC,1739.81,varanasi,Varanasi
Uttar Pradesh,Maize,2021,6,2021-06-01,Agra APMC,1447.0,agra,Agra
Uttar Pradesh,Maize,2021,6,2021-06-01,Ajuha APMC,1556.35,ajuha,Prayagraj
Uttar Pradesh,Maize,2021,6,2021-06-01,Aliganj APMC,1281.3,aliganj,Etah
Uttar Pradesh,Maize,2021,6,2021-06-01,Aligarh APMC,1459.86,aligarh,Aligarh
Uttar Pradesh,Maize,2021,6,2021-06-01,Ayodhya APMC,,ayodhya,Ayodhya
Uttar Pradesh,Maize,2021,6,2021-06-01,Babrala APMC,1234.62,babrala,Budaun
Uttar Pradesh,Maize,2021,6,2021-06-01,Bahraich APMC,,bahraich,Bahraich
Uttar Pradesh,Maize,2021,6,2021-06-01,Balrampur APMC,1746.78,balrampur,Balrampur
Uttar Pradesh,Maize,2021,6,2021-06-01,Bangarmau APMC,1507.21,bangarmau,Unnao
Uttar Pradesh,Maize,2021,6,2021-06-01,Baripaal APMC,1186.0,baripaal,Jaunpur
Uttar Pradesh,Maize,2021,6,2021-06-01,Bewar APMC,1338.81,bewar,Mainpuri
Uttar Pradesh,Maize,2021,6,2021-06-01,Bhehjoi APMC,1429.04,bhehjoi,Sambhal
Uttar Pradesh,Maize,2021,6,2021-06-01,Bilsi APMC,1566.4,bilsi,Budaun
Uttar Pradesh,Maize,2021,6,2021-06-01,Buland Shahr APMC,1873.94,buland shahr,Bulandshahr
Uttar Pradesh,Maize,2021,6,2021-06-01,Charra APMC,1458.73,charra,Aligarh
Uttar Pradesh,Maize,2021,6,2021-06-01,Chhibramau APMC,1499.57,chhibramau,Kannauj
Uttar Pradesh,Maize,2021,6,2021-06-01,Choubepur APMC,1539.84,choubepur,Jaunpur
Uttar Pradesh,Maize,2021,6,2021-06-01,Divai APMC,1600.0,divai,Bulandshahar
Uttar Pradesh,Maize,2021,6,2021-06-01,Etah APMC,1528.74,etah,Etah
Uttar Pradesh,Maize,2021,6,2021-06-01,Farukhabad APMC,1458.95,farukhabad,Farrukhabad
Uttar Pradesh,Maize,2021,6,2021-06-01,Ghaziabad APMC,1944.17,ghaziabad,Ghaziabad
Uttar Pradesh,Maize,2021,6,2021-06-01,Gonda APMC,1630.63,gonda,Gonda
Uttar Pradesh,Maize,2021,6,2021-06-01,Haathras APMC,1426.4,haathras,Hathras
Uttar Pradesh,Maize,2021,6,2021-06-01,Hardoi APMC,1494.39,hardoi,Hardoi
Uttar Pradesh,Maize,2021,6,2021-06-01,Hasanpur APMC,,hasanpur,Amroha
Uttar Pradesh,Maize,2021,6,2021-06-01,Jahangirabad APMC,1615.76,jahangirabad,Bulandshahar
Uttar Pradesh,Maize,2021,6,2021-06-01,Jasvantnagar APMC,1519.17,jasvantnagar,Etawah
Uttar Pradesh,Maize,2021,6,2021-06-01,Jaunpur APMC,1724.77,jaunpur,Jaunpur
Uttar Pradesh,Maize,2021,6,2021-06-01,Kamlaganj APMC,1479.67,kamlaganj,Farrukhabad
Uttar Pradesh,Maize,2021,6,2021-06-01,Kannauj APMC,1510.11,kannauj,Kannauj
Uttar Pradesh,Maize,2021,6,2021-06-01,Kanpur(Grain) APMC,1545.17,kanpur(grain),Jaunpur
Uttar Pradesh,Maize,2021,6,2021-06-01,Kasganj APMC,1526.97,kasganj,Kasganj
Uttar Pradesh,Maize,2021,6,2021-06-01,Kayamganj APMC,1487.01,kayamganj,Farrukhabad
Uttar Pradesh,Maize,2021,6,2021-06-01,Khair APMC,1520.71,khair,Aligarh
Uttar Pradesh,Maize,2021,6,2021-06-01,Khurja APMC,1873.95,khurja,Bulandshahr
Uttar Pradesh,Maize,2021,6,2021-06-01,Lakhimpur APMC,1516.76,lakhimpur,Lalitpur
Uttar Pradesh,Maize,2021,6,2021-06-01,Lalitpur APMC,,lalitpur,Lalitpur
Uttar Pradesh,Maize,2021,6,2021-06-01,Lucknow APMC,,lucknow,Lucknow
Uttar Pradesh,Maize,2021,6,2021-06-01,Madhoganj APMC,1515.86,madhoganj,Hardoi
Uttar Pradesh,Maize,2021,6,2021-06-01,Mainpuri APMC,1467.71,mainpuri,Mainpuri
Uttar Pradesh,Maize,2021,6,2021-06-01,Meerut APMC,1922.6,meerut,Meerut
Uttar Pradesh,Maize,2021,6,2021-06-01,Mohamadabad APMC,1499.9,mohamadabad,Farrukhabad
Uttar Pradesh,Maize,2021,6,2021-06-01,Muradabad APMC,,muradabad,Sambhal
Uttar Pradesh,Maize,2021,6,2021-06-01,Muzzafarnagar APMC,,muzzafarnagar,Muzaffarnagar
Uttar Pradesh,Maize,2021,6,2021-06-01,Naanpara APMC,,naanpara,Bahraich
Uttar Pradesh,Maize,2021,6,2021-06-01,Nawabganj APMC,1632.49,nawabganj,Gonda
Uttar Pradesh,Maize,2021,6,2021-06-01,Pratapgarh APMC,,pratapgarh,Pratapgarh
Uttar Pradesh,Maize,2021,6,2021-06-01,Prayagraj APMC,,prayagraj,Prayagraj
Uttar Pradesh,Maize,2021,6,2021-06-01,Saharanpur APMC,1835.63,saharanpur,Saharanpur
Uttar Pradesh,Maize,2021,6,2021-06-01,Sambhal APMC,,sambhal,Sambhal
Uttar Pradesh,Maize,2021,6,2021-06-01,Sandila APMC,1499.28,sandila,Hardoi
Uttar Pradesh,Maize,2021,6,2021-06-01,Shahabad(New Mandi) APMC,,shahabad(new mandi),Hardoi
Uttar Pradesh,Maize,2021,6,2021-06-01,Shamli APMC,1863.98,shamli,Shamli
Uttar Pradesh,Maize,2021,6,2021-06-01,Shikohabad APMC,1399.71,shikohabad,Firozabad
Uttar Pradesh,Maize,2021,6,2021-06-01,Sikandraraau APMC,1342.43,sikandraraau,Hathras
Uttar Pradesh,Maize,2021,6,2021-06-01,Sirsaganj APMC,1642.89,sirsaganj,Firozabad
Uttar Pradesh,Maize,2021,6,2021-06-01,Siyana APMC,1490.0,siyana,Bulandshahar
Uttar Pradesh,Maize,2021,6,2021-06-01,Ujhani APMC,1590.59,ujhani,Budaun
Uttar Pradesh,Maize,2021,6,2021-06-01,Unnao APMC,1505.64,unnao,Unnao
Uttar Pradesh,Maize,2021,6,2021-06-01,Varanasi APMC,1722.86,varanasi,Varanasi
Uttar Pradesh,Maize,2021,6,2021-06-01,Wazirganj APMC,1555.23,wazirganj,Budaun
Uttar Pradesh,Maize,2021,7,2021-07-01,Agra APMC,1528.72,agra,Agra
Uttar Pradesh,Maize,2021,7,2021-07-01,Ajuha APMC,1544.29,ajuha,Prayagraj
Uttar Pradesh,Maize,2021,7,2021-07-01,Aliganj APMC,1378.56,aliganj,Etah
Uttar Pradesh,Maize,2021,7,2021-07-01,Aligarh APMC,1545.66,aligarh,Aligarh
Uttar Pradesh,Maize,2021,7,2021-07-01,Anoop Shahar APMC,1559.23,anoop shahar,Bulandshahr
Uttar Pradesh,Maize,2021,7,2021-07-01,Atrauli APMC,1511.76,atrauli,Aligarh
Uttar Pradesh,Maize,2021,7,2021-07-01,Ayodhya APMC,,ayodhya,Ayodhya
Uttar Pradesh,Maize,2021,7,2021-07-01,Babrala APMC,1339.19,babrala,Budaun
Uttar Pradesh,Maize,2021,7,2021-07-01,Badayoun APMC,,badayoun,Budaun
Uttar Pradesh,Maize,2021,7,2021-07-01,Bahraich APMC,,bahraich,Bahraich
Uttar Pradesh,Maize,2021,7,2021-07-01,Balrampur APMC,1737.4,balrampur,Balrampur
Uttar Pradesh,Maize,2021,7,2021-07-01,Bangarmau APMC,1511.54,bangarmau,Unnao
Uttar Pradesh,Maize,2021,7,2021-07-01,Baripaal APMC,1210.0,baripaal,Jaunpur
Uttar Pradesh,Maize,2021,7,2021-07-01,Bewar APMC,1364.71,bewar,Mainpuri
Uttar Pradesh,Maize,2021,7,2021-07-01,Bharthna APMC,1554.8,bharthna,Etawah
Uttar Pradesh,Maize,2021,7,2021-07-01,Bhehjoi APMC,1502.1,bhehjoi,Sambhal
Uttar Pradesh,Maize,2021,7,2021-07-01,Bilsi APMC,1555.4,bilsi,Budaun
Uttar Pradesh,Maize,2021,7,2021-07-01,Bisoli APMC,,bisoli,Badaun
Uttar Pradesh,Maize,2021,7,2021-07-01,Buland Shahr APMC,1811.89,buland shahr,Bulandshahr
Uttar Pradesh,Maize,2021,7,2021-07-01,Charra APMC,1520.2,charra,Aligarh
Uttar Pradesh,Maize,2021,7,2021-07-01,Chhibramau APMC,1589.48,chhibramau,Kannauj
Uttar Pradesh,Maize,2021,7,2021-07-01,Choubepur APMC,1625.17,choubepur,Jaunpur
Uttar Pradesh,Maize,2021,7,2021-07-01,Dibiapur APMC,1550.82,dibiapur,Auraiya
Uttar Pradesh,Maize,2021,7,2021-07-01,Divai APMC,1600.0,divai,Bulandshahar
Uttar Pradesh,Maize,2021,7,2021-07-01,Etah APMC,1551.05,etah,Etah
Uttar Pradesh,Maize,2021,7,2021-07-01,Farukhabad APMC,1558.32,farukhabad,Farrukhabad
Uttar Pradesh,Maize,2021,7,2021-07-01,Ghaziabad APMC,1953.36,ghaziabad,Ghaziabad
Uttar Pradesh,Maize,2021,7,2021-07-01,Ghiraur APMC,1530.03,ghiraur,Mainpuri
Uttar Pradesh,Maize,2021,7,2021-07-01,Gonda APMC,1648.51,gonda,Gonda
Uttar Pradesh,Maize,2021,7,2021-07-01,Gorakhpur APMC,,gorakhpur,Gorakhpur
Uttar Pradesh,Maize,2021,7,2021-07-01,Haathras APMC,1541.43,haathras,Hathras
Uttar Pradesh,Maize,2021,7,2021-07-01,Hapur APMC,,hapur,Ghaziabad
Uttar Pradesh,Maize,2021,7,2021-07-01,Hardoi APMC,1493.47,hardoi,Hardoi
Uttar Pradesh,Maize,2021,7,2021-07-01,Hasanpur APMC,,hasanpur,Amroha
Uttar Pradesh,Maize,2021,7,2021-07-01,Jahangirabad APMC,1646.34,jahangirabad,Bulandshahar
Uttar Pradesh,Maize,2021,7,2021-07-01,Jasvantnagar APMC,1561.96,jasvantnagar,Etawah
Uttar Pradesh,Maize,2021,7,2021-07-01,Jaunpur APMC,1713.22,jaunpur,Jaunpur
Uttar Pradesh,Maize,2021,7,2021-07-01,Kamlaganj APMC,1544.42,kamlaganj,Farrukhabad
Uttar Pradesh,Maize,2021,7,2021-07-01,Kannauj APMC,1581.73,kannauj,Kannauj
Uttar Pradesh,Maize,2021,7,2021-07-01,Kanpur(Grain) APMC,1588.33,kanpur(grain),Jaunpur
Uttar Pradesh,Maize,2021,7,2021-07-01,Kasganj APMC,1540.95,kasganj,Kasganj
Uttar Pradesh,Maize,2021,7,2021-07-01,Kayamganj APMC,1568.91,kayamganj,Farrukhabad
Uttar Pradesh,Maize,2021,7,2021-07-01,Khair APMC,1527.29,khair,Aligarh
Uttar Pradesh,Maize,2021,7,2021-07-01,Khurja APMC,1803.03,khurja,Bulandshahr
Uttar Pradesh,Maize,2021,7,2021-07-01,Lakhimpur APMC,1513.42,lakhimpur,Lalitpur
Uttar Pradesh,Maize,2021,7,2021-07-01,Lalitpur APMC,,lalitpur,Lalitpur
Uttar Pradesh,Maize,2021,7,2021-07-01,Lucknow APMC,2500.0,lucknow,Lucknow
Uttar Pradesh,Maize,2021,7,2021-07-01,Madhoganj APMC,1513.77,madhoganj,Hardoi
Uttar Pradesh,Maize,2021,7,2021-07-01,Mainpuri APMC,1553.91,mainpuri,Mainpuri
Uttar Pradesh,Maize,2021,7,2021-07-01,Meerut APMC,,meerut,Meerut
Uttar Pradesh,Maize,2021,7,2021-07-01,Mohamadabad APMC,1574.96,mohamadabad,Farrukhabad
Uttar Pradesh,Maize,2021,7,2021-07-01,Muradabad APMC,,muradabad,Sambhal
Uttar Pradesh,Maize,2021,7,2021-07-01,Naanpara APMC,,naanpara,Bahraich
Uttar Pradesh,Maize,2021,7,2021-07-01,Nawabganj APMC,1641.24,nawabganj,Gonda
Uttar Pradesh,Maize,2021,7,2021-07-01,Pratapgarh APMC,,pratapgarh,Pratapgarh
Uttar Pradesh,Maize,2021,7,2021-07-01,Prayagraj APMC,,prayagraj,Prayagraj
Uttar Pradesh,Maize,2021,7,2021-07-01,Rura APMC,,rura,Kanpur Dehat
Uttar Pradesh,Maize,2021,7,2021-07-01,Saharanpur APMC,1900.03,saharanpur,Saharanpur
Uttar Pradesh,Maize,2021,7,2021-07-01,Sambhal APMC,,sambhal,Sambhal
Uttar Pradesh,Maize,2021,7,2021-07-01,Sandila APMC,1498.68,sandila,Hardoi
Uttar Pradesh,Maize,2021,7,2021-07-01,Shahabad(New Mandi) APMC,,shahabad(new mandi),Hardoi
Uttar Pradesh,Maize,2021,7,2021-07-01,Shamli APMC,1883.35,shamli,Shamli
Uttar Pradesh,Maize,2021,7,2021-07-01,Shikohabad APMC,1580.62,shikohabad,Firozabad
Uttar Pradesh,Maize,2021,7,2021-07-01,Sikandraraau APMC,1402.53,sikandraraau,Hathras
Uttar Pradesh,Maize,2021,7,2021-07-01,Sirsaganj APMC,1612.37,sirsaganj,Firozabad
Uttar Pradesh,Maize,2021,7,2021-07-01,Siyana APMC,1573.54,siyana,Bulandshahar
Uttar Pradesh,Maize,2021,7,2021-07-01,Ujhani APMC,1586.37,ujhani,Budaun
Uttar Pradesh,Maize,2021,7,2021-07-01,Unnao APMC,1506.84,unnao,Unnao
Uttar Pradesh,Maize,2021,7,2021-07-01,Varanasi APMC,1727.38,varanasi,Varanasi
Uttar Pradesh,Maize,2021,7,2021-07-01,Wazirganj APMC,1551.26,wazirganj,Budaun
Uttar Pradesh,Maize,2021,8,2021-08-01,Agra APMC,1702.07,agra,Agra
Uttar Pradesh,Maize,2021,8,2021-08-01,Ajuha APMC,1639.54,ajuha,Prayagraj
Uttar Pradesh,Maize,2021,8,2021-08-01,Aliganj APMC,1489.92,aliganj,Etah
Uttar Pradesh,Maize,2021,8,2021-08-01,Aligarh APMC,1706.81,aligarh,Aligarh
Uttar Pradesh,Maize,2021,8,2021-08-01,Anoop Shahar APMC,,anoop shahar,Bulandshahr
Uttar Pradesh,Maize,2021,8,2021-08-01,Atrauli APMC,1621.01,atrauli,Aligarh
Uttar Pradesh,Maize,2021,8,2021-08-01,Ayodhya APMC,,ayodhya,Ayodhya
Uttar Pradesh,Maize,2021,8,2021-08-01,Babrala APMC,1562.5,babrala,Budaun
Uttar Pradesh,Maize,2021,8,2021-08-01,Badayoun APMC,1567.92,badayoun,Budaun
Uttar Pradesh,Maize,2021,8,2021-08-01,Bahraich APMC,1700.32,bahraich,Bahraich
Uttar Pradesh,Maize,2021,8,2021-08-01,Ballia APMC,,ballia,Ballia
Uttar Pradesh,Maize,2021,8,2021-08-01,Balrampur APMC,1726.97,balrampur,Balrampur
Uttar Pradesh,Maize,2021,8,2021-08-01,Bangarmau APMC,1518.87,bangarmau,Unnao
Uttar Pradesh,Maize,2021,8,2021-08-01,Baripaal APMC,1000.0,baripaal,Jaunpur
Uttar Pradesh,Maize,2021,8,2021-08-01,Bewar APMC,1460.56,bewar,Mainpuri
Uttar Pradesh,Maize,2021,8,2021-08-01,Bharthna APMC,1650.35,bharthna,Etawah
Uttar Pradesh,Maize,2021,8,2021-08-01,Bhehjoi APMC,1562.63,bhehjoi,Sambhal
Uttar Pradesh,Maize,2021,8,2021-08-01,Bilsi APMC,1615.67,bilsi,Budaun
Uttar Pradesh,Maize,2021,8,2021-08-01,Buland Shahr APMC,1795.31,buland shahr,Bulandshahr
Uttar Pradesh,Maize,2021,8,2021-08-01,Charra APMC,1699.7,charra,Aligarh
Uttar Pradesh,Maize,2021,8,2021-08-01,Chhibramau APMC,1674.76,chhibramau,Kannauj
Uttar Pradesh,Maize,2021,8,2021-08-01,Choubepur APMC,1687.67,choubepur,Jaunpur
Uttar Pradesh,Maize,2021,8,2021-08-01,Dibiapur APMC,1650.0,dibiapur,Auraiya
Uttar Pradesh,Maize,2021,8,2021-08-01,Divai APMC,1800.0,divai,Bulandshahar
Uttar Pradesh,Maize,2021,8,2021-08-01,Etah APMC,1698.71,etah,Etah
Uttar Pradesh,Maize,2021,8,2021-08-01,Farukhabad APMC,1652.37,farukhabad,Farrukhabad
Uttar Pradesh,Maize,2021,8,2021-08-01,Firozabad APMC,,firozabad,Firozabad
Uttar Pradesh,Maize,2021,8,2021-08-01,Ghaziabad APMC,1842.83,ghaziabad,Ghaziabad
Uttar Pradesh,Maize,2021,8,2021-08-01,Ghiraur APMC,1633.23,ghiraur,Mainpuri
Uttar Pradesh,Maize,2021,8,2021-08-01,Gonda APMC,1688.41,gonda,Gonda
Uttar Pradesh,Maize,2021,8,2021-08-01,Gorakhpur APMC,,gorakhpur,Gorakhpur
Uttar Pradesh,Maize,2021,8,2021-08-01,Haathras APMC,1664.8,haathras,Hathras
Uttar Pradesh,Maize,2021,8,2021-08-01,Hapur APMC,2145.81,hapur,Ghaziabad
Uttar Pradesh,Maize,2021,8,2021-08-01,Hardoi APMC,1545.29,hardoi,Hardoi
Uttar Pradesh,Maize,2021,8,2021-08-01,Hasanpur APMC,,hasanpur,Amroha
Uttar Pradesh,Maize,2021,8,2021-08-01,Jahangirabad APMC,1767.55,jahangirabad,Bulandshahar
Uttar Pradesh,Maize,2021,8,2021-08-01,Jasvantnagar APMC,1700.0,jasvantnagar,Etawah
Uttar Pradesh,Maize,2021,8,2021-08-01,Jaunpur APMC,1721.17,jaunpur,Jaunpur
Uttar Pradesh,Maize,2021,8,2021-08-01,Kamlaganj APMC,1660.26,kamlaganj,Farrukhabad
Uttar Pradesh,Maize,2021,8,2021-08-01,Kannauj APMC,1649.98,kannauj,Kannauj
Uttar Pradesh,Maize,2021,8,2021-08-01,Kanpur(Grain) APMC,1671.93,kanpur(grain),Jaunpur
Uttar Pradesh,Maize,2021,8,2021-08-01,Kasganj APMC,1692.3,kasganj,Kasganj
Uttar Pradesh,Maize,2021,8,2021-08-01,Kayamganj APMC,1653.3,kayamganj,Farrukhabad
Uttar Pradesh,Maize,2021,8,2021-08-01,Khair APMC,1644.26,khair,Aligarh
Uttar Pradesh,Maize,2021,8,2021-08-01,Khurja APMC,1796.6,khurja,Bulandshahr
Uttar Pradesh,Maize,2021,8,2021-08-01,Lakhimpur APMC,1514.72,lakhimpur,Lalitpur
Uttar Pradesh,Maize,2021,8,2021-08-01,Lucknow APMC,,lucknow,Lucknow
Uttar Pradesh,Maize,2021,8,2021-08-01,Madhoganj APMC,1530.14,madhoganj,Hardoi
Uttar Pradesh,Maize,2021,8,2021-08-01,Mainpuri APMC,1588.19,mainpuri,Mainpuri
Uttar Pradesh,Maize,2021,8,2021-08-01,Meerut APMC,1943.3,meerut,Meerut
Uttar Pradesh,Maize,2021,8,2021-08-01,Mohamadabad APMC,1677.53,mohamadabad,Farrukhabad
Uttar Pradesh,Maize,2021,8,2021-08-01,Muradabad APMC,,muradabad,Sambhal
Uttar Pradesh,Maize,2021,8,2021-08-01,Naanpara APMC,1680.49,naanpara,Bahraich
Uttar Pradesh,Maize,2021,8,2021-08-01,Nawabganj APMC,,nawabganj,Gonda
Uttar Pradesh,Maize,2021,8,2021-08-01,Pratapgarh APMC,,pratapgarh,Pratapgarh
Uttar Pradesh,Maize,2021,8,2021-08-01,Rura APMC,,rura,Kanpur Dehat
Uttar Pradesh,Maize,2021,8,2021-08-01,Saharanpur APMC,1841.8,saharanpur,Saharanpur
Uttar Pradesh,Maize,2021,8,2021-08-01,Sambhal APMC,,sambhal,Sambhal
Uttar Pradesh,Maize,2021,8,2021-08-01,Sandila APMC,1541.43,sandila,Hardoi
Uttar Pradesh,Maize,2021,8,2021-08-01,Shahabad(New Mandi) APMC,,shahabad(new mandi),Hardoi
Uttar Pradesh,Maize,2021,8,2021-08-01,Shamli APMC,1837.67,shamli,Shamli
Uttar Pradesh,Maize,2021,8,2021-08-01,Shikohabad APMC,1663.74,shikohabad,Firozabad
Uttar Pradesh,Maize,2021,8,2021-08-01,Sikandraraau APMC,1573.41,sikandraraau,Hathras
Uttar Pradesh,Maize,2021,8,2021-08-01,Sirsaganj APMC,1726.73,sirsaganj,Firozabad
Uttar Pradesh,Maize,2021,8,2021-08-01,Siyana APMC,1647.91,siyana,Bulandshahar
Uttar Pradesh,Maize,2021,8,2021-08-01,Ujhani APMC,1565.3,ujhani,Budaun
Uttar Pradesh,Maize,2021,8,2021-08-01,Unnao APMC,1581.33,unnao,Unnao
Uttar Pradesh,Maize,2021,8,2021-08-01,Varanasi APMC,1726.96,varanasi,Varanasi
Uttar Pradesh,Maize,2021,8,2021-08-01,Wazirganj APMC,1574.24,wazirganj,Budaun
Uttar Pradesh,Maize,2021,9,2021-09-01,Agra APMC,1742.68,agra,Agra
Uttar Pradesh,Maize,2021,9,2021-09-01,Ajuha APMC,1634.29,ajuha,Prayagraj
Uttar Pradesh,Maize,2021,9,2021-09-01,Aliganj APMC,1566.5,aliganj,Etah
Uttar Pradesh,Maize,2021,9,2021-09-01,Aligarh APMC,1667.92,aligarh,Aligarh
Uttar Pradesh,Maize,2021,9,2021-09-01,Atrauli APMC,1691.35,atrauli,Aligarh
Uttar Pradesh,Maize,2021,9,2021-09-01,Ayodhya APMC,,ayodhya,Ayodhya
Uttar Pradesh,Maize,2021,9,2021-09-01,Babrala APMC,,babrala,Budaun
Uttar Pradesh,Maize,2021,9,2021-09-01,Badayoun APMC,1676.87,badayoun,Budaun
Uttar Pradesh,Maize,2021,9,2021-09-01,Bahraich APMC,1736.0,bahraich,Bahraich
Uttar Pradesh,Maize,2021,9,2021-09-01,Ballia APMC,,ballia,Ballia
Uttar Pradesh,Maize,2021,9,2021-09-01,Balrampur APMC,1752.15,balrampur,Balrampur
Uttar Pradesh,Maize,2021,9,2021-09-01,Bangarmau APMC,1597.22,bangarmau,Unnao
Uttar Pradesh,Maize,2021,9,2021-09-01,Baripaal APMC,,baripaal,Jaunpur
Uttar Pradesh,Maize,2021,9,2021-09-01,Bewar APMC,1644.19,bewar,Mainpuri
Uttar Pradesh,Maize,2021,9,2021-09-01,Bharthna APMC,1638.91,bharthna,Etawah
Uttar Pradesh,Maize,2021,9,2021-09-01,Bhehjoi APMC,1626.82,bhehjoi,Sambhal
Uttar Pradesh,Maize,2021,9,2021-09-01,Bilsi APMC,1700.95,bilsi,Budaun
Uttar Pradesh,Maize,2021,9,2021-09-01,Buland Shahr APMC,1827.19,buland shahr,Bulandshahr
Uttar Pradesh,Maize,2021,9,2021-09-01,Charra APMC,1676.07,charra,Aligarh
Uttar Pradesh,Maize,2021,9,2021-09-01,Chhibramau APMC,1648.87,chhibramau,Kannauj
Uttar Pradesh,Maize,2021,9,2021-09-01,Choubepur APMC,1695.83,choubepur,Jaunpur
Uttar Pradesh,Maize,2021,9,2021-09-01,Dataganj APMC,,dataganj,Badaun
Uttar Pradesh,Maize,2021,9,2021-09-01,Dibiapur APMC,1650.0,dibiapur,Auraiya
Uttar Pradesh,Maize,2021,9,2021-09-01,Divai APMC,,divai,Bulandshahar
Uttar Pradesh,Maize,2021,9,2021-09-01,Etah APMC,1746.49,etah,Etah
Uttar Pradesh,Maize,2021,9,2021-09-01,Farukhabad APMC,1640.51,farukhabad,Farrukhabad
Uttar Pradesh,Maize,2021,9,2021-09-01,Firozabad APMC,,firozabad,Firozabad
Uttar Pradesh,Maize,2021,9,2021-09-01,Ghaziabad APMC,1845.64,ghaziabad,Ghaziabad
Uttar Pradesh,Maize,2021,9,2021-09-01,Ghiraur APMC,1669.33,ghiraur,Mainpuri
Uttar Pradesh,Maize,2021,9,2021-09-01,Gonda APMC,1727.32,gonda,Gonda
Uttar Pradesh,Maize,2021,9,2021-09-01,Gorakhpur APMC,,gorakhpur,Gorakhpur
Uttar Pradesh,Maize,2021,9,2021-09-01,Haathras APMC,1737.3,haathras,Hathras
Uttar Pradesh,Maize,2021,9,2021-09-01,Hapur APMC,1817.1,hapur,Ghaziabad
Uttar Pradesh,Maize,2021,9,2021-09-01,Hardoi APMC,1601.79,hardoi,Hardoi
Uttar Pradesh,Maize,2021,9,2021-09-01,Jahangirabad APMC,1794.07,jahangirabad,Bulandshahar
Uttar Pradesh,Maize,2021,9,2021-09-01,Jasvantnagar APMC,1650.0,jasvantnagar,Etawah
Uttar Pradesh,Maize,2021,9,2021-09-01,Jaunpur APMC,1779.61,jaunpur,Jaunpur
Uttar Pradesh,Maize,2021,9,2021-09-01,Kamlaganj APMC,1655.64,kamlaganj,Farrukhabad
Uttar Pradesh,Maize,2021,9,2021-09-01,Kannauj APMC,1647.24,kannauj,Kannauj
Uttar Pradesh,Maize,2021,9,2021-09-01,Kanpur(Grain) APMC,1697.03,kanpur(grain),Jaunpur
Uttar Pradesh,Maize,2021,9,2021-09-01,Kasganj APMC,1737.13,kasganj,Kasganj
Uttar Pradesh,Maize,2021,9,2021-09-01,Kayamganj APMC,1647.59,kayamganj,Farrukhabad
Uttar Pradesh,Maize,2021,9,2021-09-01,Khair APMC,1680.0,khair,Aligarh
Uttar Pradesh,Maize,2021,9,2021-09-01,Khurja APMC,1812.86,khurja,Bulandshahr
Uttar Pradesh,Maize,2021,9,2021-09-01,Lakhimpur APMC,1567.33,lakhimpur,Lalitpur
Uttar Pradesh,Maize,2021,9,2021-09-01,Lalitpur APMC,1657.9,lalitpur,Lalitpur
Uttar Pradesh,Maize,2021,9,2021-09-01,Lucknow APMC,,lucknow,Lucknow
Uttar Pradesh,Maize,2021,9,2021-09-01,Madhoganj APMC,1598.21,madhoganj,Hardoi
Uttar Pradesh,Maize,2021,9,2021-09-01,Mainpuri APMC,1687.49,mainpuri,Mainpuri
Uttar Pradesh,Maize,2021,9,2021-09-01,Meerut APMC,1833.54,meerut,Meerut
Uttar Pradesh,Maize,2021,9,2021-09-01,Mohamadabad APMC,1649.65,mohamadabad,Farrukhabad
Uttar Pradesh,Maize,2021,9,2021-09-01,Muradabad APMC,,muradabad,Sambhal
Uttar Pradesh,Maize,2021,9,2021-09-01,Naanpara APMC,1731.35,naanpara,Bahraich
Uttar Pradesh,Maize,2021,9,2021-09-01,Nawabganj APMC,,nawabganj,Gonda
Uttar Pradesh,Maize,2021,9,2021-09-01,Pratapgarh APMC,,pratapgarh,Pratapgarh
Uttar Pradesh,Maize,2021,9,2021-09-01,Saharanpur APMC,1841.89,saharanpur,Saharanpur
Uttar Pradesh,Maize,2021,9,2021-09-01,Sambhal APMC,,sambhal,Sambhal
Uttar Pradesh,Maize,2021,9,2021-09-01,Sandila APMC,1589.35,sandila,Hardoi
Uttar Pradesh,Maize,2021,9,2021-09-01,Shahabad(New Mandi) APMC,1600.0,shahabad(new mandi),Hardoi
Uttar Pradesh,Maize,2021,9,2021-09-01,Shamli APMC,1857.25,shamli,Shamli
Uttar Pradesh,Maize,2021,9,2021-09-01,Shikohabad APMC,1583.72,shikohabad,Firozabad
Uttar Pradesh,Maize,2021,9,2021-09-01,Sikandraraau APMC,1646.77,sikandraraau,Hathras
Uttar Pradesh,Maize,2021,9,2021-09-01,Sirsaganj APMC,1695.3,sirsaganj,Firozabad
Uttar Pradesh,Maize,2021,9,2021-09-01,Siyana APMC,1692.78,siyana,Bulandshahar
Uttar Pradesh,Maize,2021,9,2021-09-01,Ujhani APMC,1689.05,ujhani,Budaun
Uttar Pradesh,Maize,2021,9,2021-09-01,Unnao APMC,1589.6,unnao,Unnao
Uttar Pradesh,Maize,2021,9,2021-09-01,Varanasi APMC,1776.88,varanasi,Varanasi
Uttar Pradesh,Maize,2021,9,2021-09-01,Wazirganj APMC,1686.19,wazirganj,Budaun
Uttar Pradesh,Maize,2021,10,2021-10-01,Achalda APMC,1617.18,achalda,Auraiya
Uttar Pradesh,Maize,2021,10,2021-10-01,Agra APMC,1737.42,agra,Agra
Uttar Pradesh,Maize,2021,10,2021-10-01,Ajuha APMC,,ajuha,Prayagraj
Uttar Pradesh,Maize,2021,10,2021-10-01,Aliganj APMC,1625.53,aliganj,Etah
Uttar Pradesh,Maize,2021,10,2021-10-01,Aligarh APMC,1709.31,aligarh,Aligarh
Uttar Pradesh,Maize,2021,10,2021-10-01,Atrauli APMC,1661.67,atrauli,Aligarh
Uttar Pradesh,Maize,2021,10,2021-10-01,Ayodhya APMC,,ayodhya,Ayodhya
Uttar Pradesh,Maize,2021,10,2021-10-01,Badayoun APMC,1738.3,badayoun,Budaun
Uttar Pradesh,Maize,2021,10,2021-10-01,Bahraich APMC,1744.76,bahraich,Bahraich
Uttar Pradesh,Maize,2021,10,2021-10-01,Ballia APMC,,ballia,Ballia
Uttar Pradesh,Maize,2021,10,2021-10-01,Balrampur APMC,1742.38,balrampur,Balrampur
Uttar Pradesh,Maize,2021,10,2021-10-01,Bangarmau APMC,1600.55,bangarmau,Unnao
Uttar Pradesh,Maize,2021,10,2021-10-01,Baripaal APMC,,baripaal,Jaunpur
Uttar Pradesh,Maize,2021,10,2021-10-01,Bewar APMC,1675.92,bewar,Mainpuri
Uttar Pradesh,Maize,2021,10,2021-10-01,Bharthna APMC,,bharthna,Etawah
Uttar Pradesh,Maize,2021,10,2021-10-01,Bhehjoi APMC,1676.67,bhehjoi,Sambhal
Uttar Pradesh,Maize,2021,10,2021-10-01,Bilsi APMC,1757.18,bilsi,Budaun
Uttar Pradesh,Maize,2021,10,2021-10-01,Buland Shahr APMC,1811.1,buland shahr,Bulandshahr
Uttar Pradesh,Maize,2021,10,2021-10-01,Charra APMC,1710.2,charra,Aligarh
Uttar Pradesh,Maize,2021,10,2021-10-01,Chhibramau APMC,1653.49,chhibramau,Kannauj
Uttar Pradesh,Maize,2021,10,2021-10-01,Choubepur APMC,1691.16,choubepur,Jaunpur
Uttar Pradesh,Maize,2021,10,2021-10-01,Devariya APMC,,devariya,Deoria
Uttar Pradesh,Maize,2021,10,2021-10-01,Dibiapur APMC,1559.53,dibiapur,Auraiya
Uttar Pradesh,Maize,2021,10,2021-10-01,Divai APMC,1800.0,divai,Bulandshahar
Uttar Pradesh,Maize,2021,10,2021-10-01,Etah APMC,1737.12,etah,Etah
Uttar Pradesh,Maize,2021,10,2021-10-01,Farukhabad APMC,1641.97,farukhabad,Farrukhabad
Uttar Pradesh,Maize,2021,10,2021-10-01,Firozabad APMC,,firozabad,Firozabad
Uttar Pradesh,Maize,2021,10,2021-10-01,Ghaziabad APMC,1891.38,ghaziabad,Ghaziabad
Uttar Pradesh,Maize,2021,10,2021-10-01,Ghiraur APMC,1703.6,ghiraur,Mainpuri
Uttar Pradesh,Maize,2021,10,2021-10-01,Gonda APMC,1769.52,gonda,Gonda
Uttar Pradesh,Maize,2021,10,2021-10-01,Gorakhpur APMC,,gorakhpur,Gorakhpur
Uttar Pradesh,Maize,2021,10,2021-10-01,Haathras APMC,1711.12,haathras,Hathras
Uttar Pradesh,Maize,2021,10,2021-10-01,Hapur APMC,1856.03,hapur,Ghaziabad
Uttar Pradesh,Maize,2021,10,2021-10-01,Hardoi APMC,1617.96,hardoi,Hardoi
Uttar Pradesh,Maize,2021,10,2021-10-01,Hasanpur APMC,,hasanpur,Amroha
Uttar Pradesh,Maize,2021,10,2021-10-01,Jahangirabad APMC,1805.09,jahangirabad,Bulandshahar
Uttar Pradesh,Maize,2021,10,2021-10-01,Jasvantnagar APMC,,jasvantnagar,Etawah
Uttar Pradesh,Maize,2021,10,2021-10-01,Jaunpur APMC,1796.07,jaunpur,Jaunpur
Uttar Pradesh,Maize,2021,10,2021-10-01,Jhijhank APMC,,jhijhank,Kanpur Dehat
Uttar Pradesh,Maize,2021,10,2021-10-01,Kamlaganj APMC,1650.81,kamlaganj,Farrukhabad
Uttar Pradesh,Maize,2021,10,2021-10-01,Kannauj APMC,1634.05,kannauj,Kannauj
Uttar Pradesh,Maize,2021,10,2021-10-01,Kanpur(Grain) APMC,1656.06,kanpur(grain),Jaunpur
Uttar Pradesh,Maize,2021,10,2021-10-01,Kasganj APMC,1735.2,kasganj,Kasganj
Uttar Pradesh,Maize,2021,10,2021-10-01,Kayamganj APMC,1644.55,kayamganj,Farrukhabad
Uttar Pradesh,Maize,2021,10,2021-10-01,Khair APMC,,khair,Aligarh
Uttar Pradesh,Maize,2021,10,2021-10-01,Khurja APMC,1818.24,khurja,Bulandshahr
Uttar Pradesh,Maize,2021,10,2021-10-01,Lakhimpur APMC,1605.78,lakhimpur,Lalitpur
Uttar Pradesh,Maize,2021,10,2021-10-01,Lalitpur APMC,1684.13,lalitpur,Lalitpur
Uttar Pradesh,Maize,2021,10,2021-10-01,Lucknow APMC,,lucknow,Lucknow
Uttar Pradesh,Maize,2021,10,2021-10-01,Madhoganj APMC,1606.69,madhoganj,Hardoi
Uttar Pradesh,Maize,2021,10,2021-10-01,Mainpuri APMC,1714.34,mainpuri,Mainpuri
Uttar Pradesh,Maize,2021,10,2021-10-01,Meerut APMC,1879.45,meerut,Meerut
Uttar Pradesh,Maize,2021,10,2021-10-01,Mohamadabad APMC,1647.18,mohamadabad,Farrukhabad
Uttar Pradesh,Maize,2021,10,2021-10-01,Muradabad APMC,,muradabad,Sambhal
Uttar Pradesh,Maize,2021,10,2021-10-01,Naanpara APMC,1739.79,naanpara,Bahraich
Uttar Pradesh,Maize,2021,10,2021-10-01,Nawabganj APMC,,nawabganj,Gonda
Uttar Pradesh,Maize,2021,10,2021-10-01,Pratapgarh APMC,,pratapgarh,Pratapgarh
Uttar Pradesh,Maize,2021,10,2021-10-01,Pukharayan APMC,1621.84,pukharayan,Kanpur Dehat
Uttar Pradesh,Maize,2021,10,2021-10-01,Rura APMC,,rura,Kanpur Dehat
Uttar Pradesh,Maize,2021,10,2021-10-01,Saharanpur APMC,1875.72,saharanpur,Saharanpur
Uttar Pradesh,Maize,2021,10,2021-10-01,Sandila APMC,1609.87,sandila,Hardoi
Uttar Pradesh,Maize,2021,10,2021-10-01,Shahabad(New Mandi) APMC,1604.71,shahabad(new mandi),Hardoi
Uttar Pradesh,Maize,2021,10,2021-10-01,Shamli APMC,1898.06,shamli,Shamli
Uttar Pradesh,Maize,2021,10,2021-10-01,Shikohabad APMC,1567.3,shikohabad,Firozabad
Uttar Pradesh,Maize,2021,10,2021-10-01,Sikandraraau APMC,1578.15,sikandraraau,Hathras
Uttar Pradesh,Maize,2021,10,2021-10-01,Sirsaganj APMC,1703.45,sirsaganj,Firozabad
Uttar Pradesh,Maize,2021,10,2021-10-01,Siyana APMC,1750.0,siyana,Bulandshahar
Uttar Pradesh,Maize,2021,10,2021-10-01,Ujhani APMC,1748.91,ujhani,Budaun
Uttar Pradesh,Maize,2021,10,2021-10-01,Unnao APMC,1601.28,unnao,Unnao
Uttar Pradesh,Maize,2021,10,2021-10-01,Uttaripura APMC,1700.0,uttaripura,Jaunpur
Uttar Pradesh,Maize,2021,10,2021-10-01,Varanasi APMC,1796.03,varanasi,Varanasi
Uttar Pradesh,Maize,2021,10,2021-10-01,Wazirganj APMC,1717.97,wazirganj,Budaun
Uttar Pradesh,Maize,2021,11,2021-11-01,Achalda APMC,,achalda,Auraiya
Uttar Pradesh,Maize,2021,11,2021-11-01,Agra APMC,1740.7,agra,Agra
Uttar Pradesh,Maize,2021,11,2021-11-01,Ajuha APMC,,ajuha,Prayagraj
Uttar Pradesh,Maize,2021,11,2021-11-01,Aliganj APMC,1683.33,aliganj,Etah
Uttar Pradesh,Maize,2021,11,2021-11-01,Aligarh APMC,1752.0,aligarh,Aligarh
Uttar Pradesh,Maize,2021,11,2021-11-01,Atrauli APMC,,atrauli,Aligarh
Uttar Pradesh,Maize,2021,11,2021-11-01,Ayodhya APMC,,ayodhya,Ayodhya
Uttar Pradesh,Maize,2021,11,2021-11-01,Badayoun APMC,1836.99,badayoun,Budaun
Uttar Pradesh,Maize,2021,11,2021-11-01,Bahraich APMC,1751.18,bahraich,Bahraich
Uttar Pradesh,Maize,2021,11,2021-11-01,Ballia APMC,,ballia,Ballia
Uttar Pradesh,Maize,2021,11,2021-11-01,Balrampur APMC,1770.19,balrampur,Balrampur
Uttar Pradesh,Maize,2021,11,2021-11-01,Bangarmau APMC,1605.97,bangarmau,Unnao
Uttar Pradesh,Maize,2021,11,2021-11-01,Baripaal APMC,,baripaal,Jaunpur
Uttar Pradesh,Maize,2021,11,2021-11-01,Bewar APMC,1697.98,bewar,Mainpuri
Uttar Pradesh,Maize,2021,11,2021-11-01,Bhehjoi APMC,,bhehjoi,Sambhal
Uttar Pradesh,Maize,2021,11,2021-11-01,Bilsi APMC,1837.98,bilsi,Budaun
Uttar Pradesh,Maize,2021,11,2021-11-01,Buland Shahr APMC,1858.41,buland shahr,Bulandshahr
Uttar Pradesh,Maize,2021,11,2021-11-01,Charra APMC,1766.62,charra,Aligarh
Uttar Pradesh,Maize,2021,11,2021-11-01,Chhibramau APMC,1650.0,chhibramau,Kannauj
Uttar Pradesh,Maize,2021,11,2021-11-01,Choubepur APMC,1700.22,choubepur,Jaunpur
Uttar Pradesh,Maize,2021,11,2021-11-01,Devariya APMC,,devariya,Deoria
Uttar Pradesh,Maize,2021,11,2021-11-01,Dibiapur APMC,1600.0,dibiapur,Auraiya
Uttar Pradesh,Maize,2021,11,2021-11-01,Divai APMC,,divai,Bulandshahar
Uttar Pradesh,Maize,2021,11,2021-11-01,Etah APMC,1735.99,etah,Etah
Uttar Pradesh,Maize,2021,11,2021-11-01,Farukhabad APMC,1646.52,farukhabad,Farrukhabad
Uttar Pradesh,Maize,2021,11,2021-11-01,Firozabad APMC,,firozabad,Firozabad
Uttar Pradesh,Maize,2021,11,2021-11-01,Ghaziabad APMC,1864.46,ghaziabad,Ghaziabad
Uttar Pradesh,Maize,2021,11,2021-11-01,Ghiraur APMC,1713.52,ghiraur,Mainpuri
Uttar Pradesh,Maize,2021,11,2021-11-01,Gonda APMC,1751.62,gonda,Gonda
Uttar Pradesh,Maize,2021,11,2021-11-01,Gorakhpur APMC,,gorakhpur,Gorakhpur
Uttar Pradesh,Maize,2021,11,2021-11-01,Haathras APMC,1745.08,haathras,Hathras
Uttar Pradesh,Maize,2021,11,2021-11-01,Hapur APMC,1864.68,hapur,Ghaziabad
Uttar Pradesh,Maize,2021,11,2021-11-01,Hardoi APMC,1607.75,hardoi,Hardoi
Uttar Pradesh,Maize,2021,11,2021-11-01,Hasanpur APMC,,hasanpur,Amroha
Uttar Pradesh,Maize,2021,11,2021-11-01,Jahangirabad APMC,1852.42,jahangirabad,Bulandshahar
Uttar Pradesh,Maize,2021,11,2021-11-01,Jalalabad APMC,1650.0,jalalabad,Bijnor
Uttar Pradesh,Maize,2021,11,2021-11-01,Jasvantnagar APMC,,jasvantnagar,Etawah
Uttar Pradesh,Maize,2021,11,2021-11-01,Jaunpur APMC,1898.19,jaunpur,Jaunpur
Uttar Pradesh,Maize,2021,11,2021-11-01,Jhijhank APMC,,jhijhank,Kanpur Dehat
Uttar Pradesh,Maize,2021,11,2021-11-01,Kamlaganj APMC,1653.46,kamlaganj,Farrukhabad
Uttar Pradesh,Maize,2021,11,2021-11-01,Kannauj APMC,1670.99,kannauj,Kannauj
Uttar Pradesh,Maize,2021,11,2021-11-01,Kanpur(Grain) APMC,1692.54,kanpur(grain),Jaunpur
Uttar Pradesh,Maize,2021,11,2021-11-01,Kasganj APMC,1741.76,kasganj,Kasganj
Uttar Pradesh,Maize,2021,11,2021-11-01,Kayamganj APMC,1658.35,kayamganj,Farrukhabad
Uttar Pradesh,Maize,2021,11,2021-11-01,Khurja APMC,1850.86,khurja,Bulandshahr
Uttar Pradesh,Maize,2021,11,2021-11-01,Lakhimpur APMC,1627.74,lakhimpur,Lalitpur
Uttar Pradesh,Maize,2021,11,2021-11-01,Lalitpur APMC,1867.95,lalitpur,Lalitpur
Uttar Pradesh,Maize,2021,11,2021-11-01,Lucknow APMC,,lucknow,Lucknow
Uttar Pradesh,Maize,2021,11,2021-11-01,Madhoganj APMC,1612.56,madhoganj,Hardoi
Uttar Pradesh,Maize,2021,11,2021-11-01,Mainpuri APMC,1712.89,mainpuri,Mainpuri
Uttar Pradesh,Maize,2021,11,2021-11-01,Meerut APMC,1868.5,meerut,Meerut
Uttar Pradesh,Maize,2021,11,2021-11-01,Mohamadabad APMC,1673.11,mohamadabad,Farrukhabad
Uttar Pradesh,Maize,2021,11,2021-11-01,Muradabad APMC,,muradabad,Sambhal
Uttar Pradesh,Maize,2021,11,2021-11-01,Naanpara APMC,1747.98,naanpara,Bahraich
Uttar Pradesh,Maize,2021,11,2021-11-01,Nawabganj APMC,,nawabganj,Gonda
Uttar Pradesh,Maize,2021,11,2021-11-01,Pratapgarh APMC,,pratapgarh,Pratapgarh
Uttar Pradesh,Maize,2021,11,2021-11-01,Pukharayan APMC,1833.37,pukharayan,Kanpur Dehat
Uttar Pradesh,Maize,2021,11,2021-11-01,Rura APMC,1870.0,rura,Kanpur Dehat
Uttar Pradesh,Maize,2021,11,2021-11-01,Saharanpur APMC,1859.48,saharanpur,Saharanpur
Uttar Pradesh,Maize,2021,11,2021-11-01,Sandi APMC,1600.0,sandi,Hardoi
Uttar Pradesh,Maize,2021,11,2021-11-01,Sandila APMC,1613.61,sandila,Hardoi
Uttar Pradesh,Maize,2021,11,2021-11-01,Shahabad(New Mandi) APMC,1455.67,shahabad(new mandi),Hardoi
Uttar Pradesh,Maize,2021,11,2021-11-01,Shamli APMC,1873.01,shamli,Shamli
Uttar Pradesh,Maize,2021,11,2021-11-01,Shikohabad APMC,,shikohabad,Firozabad
Uttar Pradesh,Maize,2021,11,2021-11-01,Sikandraraau APMC,1575.0,sikandraraau,Hathras
Uttar Pradesh,Maize,2021,11,2021-11-01,Sirsaganj APMC,1749.21,sirsaganj,Firozabad
Uttar Pradesh,Maize,2021,11,2021-11-01,Siyana APMC,,siyana,Bulandshahar
Uttar Pradesh,Maize,2021,11,2021-11-01,Ujhani APMC,,ujhani,Budaun
Uttar Pradesh,Maize,2021,11,2021-11-01,Unnao APMC,1614.23,unnao,Unnao
Uttar Pradesh,Maize,2021,11,2021-11-01,Uttaripura APMC,,uttaripura,Jaunpur
Uttar Pradesh,Maize,2021,11,2021-11-01,Varanasi APMC,1864.08,varanasi,Varanasi
Uttar Pradesh,Maize,2021,11,2021-11-01,Wazirganj APMC,1815.68,wazirganj,Budaun
Uttar Pradesh,Maize,2021,12,2021-12-01,Agra APMC,1748.49,agra,Agra
Uttar Pradesh,Maize,2021,12,2021-12-01,Ajuha APMC,,ajuha,Prayagraj
Uttar Pradesh,Maize,2021,12,2021-12-01,Aliganj APMC,1728.33,aliganj,Etah
Uttar Pradesh,Maize,2021,12,2021-12-01,Aligarh APMC,1755.54,aligarh,Aligarh
Uttar Pradesh,Maize,2021,12,2021-12-01,Atrauli APMC,1553.57,atrauli,Aligarh
Uttar Pradesh,Maize,2021,12,2021-12-01,Ayodhya APMC,,ayodhya,Ayodhya
Uttar Pradesh,Maize,2021,12,2021-12-01,Badayoun APMC,,badayoun,Budaun
Uttar Pradesh,Maize,2021,12,2021-12-01,Bahraich APMC,1742.13,bahraich,Bahraich
Uttar Pradesh,Maize,2021,12,2021-12-01,Ballia APMC,,ballia,Ballia
Uttar Pradesh,Maize,2021,12,2021-12-01,Balrampur APMC,1754.09,balrampur,Balrampur
Uttar Pradesh,Maize,2021,12,2021-12-01,Bangarmau APMC,1601.23,bangarmau,Unnao
Uttar Pradesh,Maize,2021,12,2021-12-01,Bewar APMC,1628.54,bewar,Mainpuri
Uttar Pradesh,Maize,2021,12,2021-12-01,Bilsi APMC,,bilsi,Budaun
Uttar Pradesh,Maize,2021,12,2021-12-01,Buland Shahr APMC,1835.0,buland shahr,Bulandshahr
Uttar Pradesh,Maize,2021,12,2021-12-01,Charra APMC,1769.68,charra,Aligarh
Uttar Pradesh,Maize,2021,12,2021-12-01,Chhibramau APMC,1716.7,chhibramau,Kannauj
Uttar Pradesh,Maize,2021,12,2021-12-01,Choubepur APMC,1678.04,choubepur,Jaunpur
Uttar Pradesh,Maize,2021,12,2021-12-01,Dankaur APMC,1852.93,dankaur,Gautam Buddha Nagar
Uttar Pradesh,Maize,2021,12,2021-12-01,Devariya APMC,,devariya,Deoria
Uttar Pradesh,Maize,2021,12,2021-12-01,Dibiapur APMC,,dibiapur,Auraiya
Uttar Pradesh,Maize,2021,12,2021-12-01,Divai APMC,,divai,Bulandshahar
Uttar Pradesh,Maize,2021,12,2021-12-01,Etah APMC,1762.36,etah,Etah
Uttar Pradesh,Maize,2021,12,2021-12-01,Farukhabad APMC,1690.46,farukhabad,Farrukhabad
Uttar Pradesh,Maize,2021,12,2021-12-01,Firozabad APMC,,firozabad,Firozabad
Uttar Pradesh,Maize,2021,12,2021-12-01,Ghaziabad APMC,1881.53,ghaziabad,Ghaziabad
Uttar Pradesh,Maize,2021,12,2021-12-01,Ghiraur APMC,1728.09,ghiraur,Mainpuri
Uttar Pradesh,Maize,2021,12,2021-12-01,Gonda APMC,1760.61,gonda,Gonda
Uttar Pradesh,Maize,2021,12,2021-12-01,Gorakhpur APMC,,gorakhpur,Gorakhpur
Uttar Pradesh,Maize,2021,12,2021-12-01,Haathras APMC,,haathras,Hathras
Uttar Pradesh,Maize,2021,12,2021-12-01,Hapur APMC,1874.94,hapur,Ghaziabad
Uttar Pradesh,Maize,2021,12,2021-12-01,Hardoi APMC,1707.74,hardoi,Hardoi
Uttar Pradesh,Maize,2021,12,2021-12-01,Hasanpur APMC,,hasanpur,Amroha
Uttar Pradesh,Maize,2021,12,2021-12-01,Jahangirabad APMC,1863.05,jahangirabad,Bulandshahar
Uttar Pradesh,Maize,2021,12,2021-12-01,Jalalabad APMC,,jalalabad,Bijnor
Uttar Pradesh,Maize,2021,12,2021-12-01,Jaunpur APMC,1909.75,jaunpur,Jaunpur
Uttar Pradesh,Maize,2021,12,2021-12-01,Jhijhank APMC,1726.5,jhijhank,Kanpur Dehat
Uttar Pradesh,Maize,2021,12,2021-12-01,Kamlaganj APMC,1665.36,kamlaganj,Farrukhabad
Uttar Pradesh,Maize,2021,12,2021-12-01,Kannauj APMC,1712.33,kannauj,Kannauj
Uttar Pradesh,Maize,2021,12,2021-12-01,Kanpur(Grain) APMC,1676.54,kanpur(grain),Jaunpur
Uttar Pradesh,Maize,2021,12,2021-12-01,Kasganj APMC,1740.4,kasganj,Kasganj
Uttar Pradesh,Maize,2021,12,2021-12-01,Kayamganj APMC,1684.18,kayamganj,Farrukhabad
Uttar Pradesh,Maize,2021,12,2021-12-01,Khair APMC,1780.0,khair,Aligarh
Uttar Pradesh,Maize,2021,12,2021-12-01,Khurja APMC,1853.46,khurja,Bulandshahr
Uttar Pradesh,Maize,2021,12,2021-12-01,Lakhimpur APMC,1647.47,lakhimpur,Lalitpur
Uttar Pradesh,Maize,2021,12,2021-12-01,Lalitpur APMC,1870.0,lalitpur,Lalitpur
Uttar Pradesh,Maize,2021,12,2021-12-01,Lucknow APMC,,lucknow,Lucknow
Uttar Pradesh,Maize,2021,12,2021-12-01,Madhoganj APMC,1654.57,madhoganj,Hardoi
Uttar Pradesh,Maize,2021,12,2021-12-01,Mainpuri APMC,1729.43,mainpuri,Mainpuri
Uttar Pradesh,Maize,2021,12,2021-12-01,Meerut APMC,1885.05,meerut,Meerut
Uttar Pradesh,Maize,2021,12,2021-12-01,Mohamadabad APMC,1672.6,mohamadabad,Farrukhabad
Uttar Pradesh,Maize,2021,12,2021-12-01,Naanpara APMC,1743.85,naanpara,Bahraich
Uttar Pradesh,Maize,2021,12,2021-12-01,Nawabganj APMC,,nawabganj,Gonda
Uttar Pradesh,Maize,2021,12,2021-12-01,Payagpur APMC,,payagpur,Bahraich
Uttar Pradesh,Maize,2021,12,2021-12-01,Pratapgarh APMC,,pratapgarh,Pratapgarh
Uttar Pradesh,Maize,2021,12,2021-12-01,Pukharayan APMC,1825.76,pukharayan,Kanpur Dehat
Uttar Pradesh,Maize,2021,12,2021-12-01,Rura APMC,,rura,Kanpur Dehat
Uttar Pradesh,Maize,2021,12,2021-12-01,Saharanpur APMC,1871.36,saharanpur,Saharanpur
Uttar Pradesh,Maize,2021,12,2021-12-01,Sandi APMC,,sandi,Hardoi
Uttar Pradesh,Maize,2021,12,2021-12-01,Sandila APMC,1650.23,sandila,Hardoi
Uttar Pradesh,Maize,2021,12,2021-12-01,Shahabad(New Mandi) APMC,1651.34,shahabad(new mandi),Hardoi
Uttar Pradesh,Maize,2021,12,2021-12-01,Shamli APMC,1886.54,shamli,Shamli
Uttar Pradesh,Maize,2021,12,2021-12-01,Shikohabad APMC,1675.64,shikohabad,Firozabad
Uttar Pradesh,Maize,2021,12,2021-12-01,Sikandraraau APMC,,sikandraraau,Hathras
Uttar Pradesh,Maize,2021,12,2021-12-01,Sirsaganj APMC,1772.98,sirsaganj,Firozabad
Uttar Pradesh,Maize,2021,12,2021-12-01,Siyana APMC,,siyana,Bulandshahar
Uttar Pradesh,Maize,2021,12,2021-12-01,Unnao APMC,1672.96,unnao,Unnao
Uttar Pradesh,Maize,2021,12,2021-12-01,Uttaripura APMC,,uttaripura,Jaunpur
Uttar Pradesh,Maize,2021,12,2021-12-01,Varanasi APMC,1876.55,varanasi,Varanasi
Uttar Pradesh,Maize,2021,12,2021-12-01,Wazirganj APMC,,wazirganj,Budaun
Uttar Pradesh,Maize,2022,1,2022-01-01,Achalda APMC,1702.94,achalda,Auraiya
Uttar Pradesh,Maize,2022,1,2022-01-01,Agra APMC,1736.82,agra,Agra
Uttar Pradesh,Maize,2022,1,2022-01-01,Ajuha APMC,,ajuha,Prayagraj
Uttar Pradesh,Maize,2022,1,2022-01-01,Aliganj APMC,1737.22,aliganj,Etah
Uttar Pradesh,Maize,2022,1,2022-01-01,Aligarh APMC,1765.35,aligarh,Aligarh
Uttar Pradesh,Maize,2022,1,2022-01-01,Atrauli APMC,1500.0,atrauli,Aligarh
Uttar Pradesh,Maize,2022,1,2022-01-01,Ayodhya APMC,,ayodhya,Ayodhya
Uttar Pradesh,Maize,2022,1,2022-01-01,Bahraich APMC,1729.64,bahraich,Bahraich
Uttar Pradesh,Maize,2022,1,2022-01-01,Ballia APMC,,ballia,Ballia
Uttar Pradesh,Maize,2022,1,2022-01-01,Balrampur APMC,1765.35,balrampur,Balrampur
Uttar Pradesh,Maize,2022,1,2022-01-01,Bangarmau APMC,1661.59,bangarmau,Unnao
Uttar Pradesh,Maize,2022,1,2022-01-01,Bewar APMC,1691.62,bewar,Mainpuri
Uttar Pradesh,Maize,2022,1,2022-01-01,Bilsi APMC,,bilsi,Budaun
Uttar Pradesh,Maize,2022,1,2022-01-01,Buland Shahr APMC,,buland shahr,Bulandshahr
Uttar Pradesh,Maize,2022,1,2022-01-01,Charra APMC,1767.07,charra,Aligarh
Uttar Pradesh,Maize,2022,1,2022-01-01,Chhibramau APMC,1767.92,chhibramau,Kannauj
Uttar Pradesh,Maize,2022,1,2022-01-01,Choubepur APMC,1700.57,choubepur,Jaunpur
Uttar Pradesh,Maize,2022,1,2022-01-01,Dankaur APMC,1909.11,dankaur,Gautam Buddha Nagar
Uttar Pradesh,Maize,2022,1,2022-01-01,Divai APMC,,divai,Bulandshahar
Uttar Pradesh,Maize,2022,1,2022-01-01,Etah APMC,1750.55,etah,Etah
Uttar Pradesh,Maize,2022,1,2022-01-01,Farukhabad APMC,1704.99,farukhabad,Farrukhabad
Uttar Pradesh,Maize,2022,1,2022-01-01,Firozabad APMC,,firozabad,Firozabad
Uttar Pradesh,Maize,2022,1,2022-01-01,Ghaziabad APMC,1889.84,ghaziabad,Ghaziabad
Uttar Pradesh,Maize,2022,1,2022-01-01,Ghiraur APMC,1721.21,ghiraur,Mainpuri
Uttar Pradesh,Maize,2022,1,2022-01-01,Gonda APMC,1759.84,gonda,Gonda
Uttar Pradesh,Maize,2022,1,2022-01-01,Gorakhpur APMC,,gorakhpur,Gorakhpur
Uttar Pradesh,Maize,2022,1,2022-01-01,Hapur APMC,1883.18,hapur,Ghaziabad
Uttar Pradesh,Maize,2022,1,2022-01-01,Hardoi APMC,1681.88,hardoi,Hardoi
Uttar Pradesh,Maize,2022,1,2022-01-01,Hasanpur APMC,,hasanpur,Amroha
Uttar Pradesh,Maize,2022,1,2022-01-01,Jahangirabad APMC,1827.76,jahangirabad,Bulandshahar
Uttar Pradesh,Maize,2022,1,2022-01-01,Jaunpur APMC,1900.0,jaunpur,Jaunpur
Uttar Pradesh,Maize,2022,1,2022-01-01,Jhijhank APMC,,jhijhank,Kanpur Dehat
Uttar Pradesh,Maize,2022,1,2022-01-01,Kamlaganj APMC,1663.18,kamlaganj,Farrukhabad
Uttar Pradesh,Maize,2022,1,2022-01-01,Kannauj APMC,1705.1,kannauj,Kannauj
Uttar Pradesh,Maize,2022,1,2022-01-01,Kanpur(Grain) APMC,1672.31,kanpur(grain),Jaunpur
Uttar Pradesh,Maize,2022,1,2022-01-01,Kasganj APMC,1736.28,kasganj,Kasganj
Uttar Pradesh,Maize,2022,1,2022-01-01,Kayamganj APMC,1700.0,kayamganj,Farrukhabad
Uttar Pradesh,Maize,2022,1,2022-01-01,Khair APMC,1750.0,khair,Aligarh
Uttar Pradesh,Maize,2022,1,2022-01-01,Khurja APMC,1854.33,khurja,Bulandshahr
Uttar Pradesh,Maize,2022,1,2022-01-01,Lakhimpur APMC,1660.05,lakhimpur,Lalitpur
Uttar Pradesh,Maize,2022,1,2022-01-01,Lalitpur APMC,1870.0,lalitpur,Lalitpur
Uttar Pradesh,Maize,2022,1,2022-01-01,Lucknow APMC,,lucknow,Lucknow
Uttar Pradesh,Maize,2022,1,2022-01-01,Madhoganj APMC,1685.14,madhoganj,Hardoi
Uttar Pradesh,Maize,2022,1,2022-01-01,Mainpuri APMC,1722.52,mainpuri,Mainpuri
Uttar Pradesh,Maize,2022,1,2022-01-01,Meerut APMC,1888.16,meerut,Meerut
Uttar Pradesh,Maize,2022,1,2022-01-01,Mohamadabad APMC,1728.24,mohamadabad,Farrukhabad
Uttar Pradesh,Maize,2022,1,2022-01-01,Naanpara APMC,1727.74,naanpara,Bahraich
Uttar Pradesh,Maize,2022,1,2022-01-01,Nawabganj APMC,,nawabganj,Gonda
Uttar Pradesh,Maize,2022,1,2022-01-01,Pratapgarh APMC,,pratapgarh,Pratapgarh
Uttar Pradesh,Maize,2022,1,2022-01-01,Pukharayan APMC,,pukharayan,Kanpur Dehat
Uttar Pradesh,Maize,2022,1,2022-01-01,Rura APMC,1870.0,rura,Kanpur Dehat
Uttar Pradesh,Maize,2022,1,2022-01-01,Saharanpur APMC,1890.95,saharanpur,Saharanpur
Uttar Pradesh,Maize,2022,1,2022-01-01,Sandila APMC,1698.38,sandila,Hardoi
Uttar Pradesh,Maize,2022,1,2022-01-01,Shahabad(New Mandi) APMC,1692.97,shahabad(new mandi),Hardoi
Uttar Pradesh,Maize,2022,1,2022-01-01,Shamli APMC,1897.35,shamli,Shamli
Uttar Pradesh,Maize,2022,1,2022-01-01,Shikohabad APMC,1669.93,shikohabad,Firozabad
Uttar Pradesh,Maize,2022,1,2022-01-01,Sikandraraau APMC,,sikandraraau,Hathras
Uttar Pradesh,Maize,2022,1,2022-01-01,Sirsaganj APMC,1757.3,sirsaganj,Firozabad
Uttar Pradesh,Maize,2022,1,2022-01-01,Siyana APMC,,siyana,Bulandshahar
Uttar Pradesh,Maize,2022,1,2022-01-01,Ujhani APMC,1700.0,ujhani,Budaun
Uttar Pradesh,Maize,2022,1,2022-01-01,Unnao APMC,1728.72,unnao,Unnao
Uttar Pradesh,Maize,2022,1,2022-01-01,Uttaripura APMC,,uttaripura,Jaunpur
Uttar Pradesh,Maize,2022,1,2022-01-01,Varanasi APMC,1883.47,varanasi,Varanasi
Uttar Pradesh,Maize,2022,2,2022-02-01,Achalda APMC,1736.37,achalda,Auraiya
Uttar Pradesh,Maize,2022,2,2022-02-01,Agra APMC,1760.65,agra,Agra
Uttar Pradesh,Maize,2022,2,2022-02-01,Ajuha APMC,,ajuha,Prayagraj
Uttar Pradesh,Maize,2022,2,2022-02-01,Aliganj APMC,1720.75,aliganj,Etah
Uttar Pradesh,Maize,2022,2,2022-02-01,Aligarh APMC,1787.24,aligarh,Aligarh
Uttar Pradesh,Maize,2022,2,2022-02-01,Atrauli APMC,,atrauli,Aligarh
Uttar Pradesh,Maize,2022,2,2022-02-01,Bahraich APMC,1768.55,bahraich,Bahraich
Uttar Pradesh,Maize,2022,2,2022-02-01,Ballia APMC,,ballia,Ballia
Uttar Pradesh,Maize,2022,2,2022-02-01,Balrampur APMC,1772.71,balrampur,Balrampur
Uttar Pradesh,Maize,2022,2,2022-02-01,Bangarmau APMC,1765.89,bangarmau,Unnao
Uttar Pradesh,Maize,2022,2,2022-02-01,Bewar APMC,1700.45,bewar,Mainpuri
Uttar Pradesh,Maize,2022,2,2022-02-01,Bhehjoi APMC,1832.45,bhehjoi,Sambhal
Uttar Pradesh,Maize,2022,2,2022-02-01,Buland Shahr APMC,2000.0,buland shahr,Bulandshahr
Uttar Pradesh,Maize,2022,2,2022-02-01,Charra APMC,1782.88,charra,Aligarh
Uttar Pradesh,Maize,2022,2,2022-02-01,Chhibramau APMC,1851.12,chhibramau,Kannauj
Uttar Pradesh,Maize,2022,2,2022-02-01,Choubepur APMC,1757.26,choubepur,Jaunpur
Uttar Pradesh,Maize,2022,2,2022-02-01,Dankaur APMC,1916.77,dankaur,Gautam Buddha Nagar
Uttar Pradesh,Maize,2022,2,2022-02-01,Divai APMC,,divai,Bulandshahar
Uttar Pradesh,Maize,2022,2,2022-02-01,Etah APMC,1760.87,etah,Etah
Uttar Pradesh,Maize,2022,2,2022-02-01,Farukhabad APMC,1707.33,farukhabad,Farrukhabad
Uttar Pradesh,Maize,2022,2,2022-02-01,Ghaziabad APMC,1888.35,ghaziabad,Ghaziabad
Uttar Pradesh,Maize,2022,2,2022-02-01,Ghiraur APMC,1739.24,ghiraur,Mainpuri
Uttar Pradesh,Maize,2022,2,2022-02-01,Gonda APMC,1770.18,gonda,Gonda
Uttar Pradesh,Maize,2022,2,2022-02-01,Gorakhpur APMC,,gorakhpur,Gorakhpur
Uttar Pradesh,Maize,2022,2,2022-02-01,Hapur APMC,1924.5,hapur,Ghaziabad
Uttar Pradesh,Maize,2022,2,2022-02-01,Hardoi APMC,1812.79,hardoi,Hardoi
Uttar Pradesh,Maize,2022,2,2022-02-01,Hasanpur APMC,,hasanpur,Amroha
Uttar Pradesh,Maize,2022,2,2022-02-01,Jahangirabad APMC,2131.21,jahangirabad,Bulandshahar
Uttar Pradesh,Maize,2022,2,2022-02-01,Jaunpur APMC,1916.41,jaunpur,Jaunpur
Uttar Pradesh,Maize,2022,2,2022-02-01,Kamlaganj APMC,1886.73,kamlaganj,Farrukhabad
Uttar Pradesh,Maize,2022,2,2022-02-01,Kannauj APMC,1738.51,kannauj,Kannauj
Uttar Pradesh,Maize,2022,2,2022-02-01,Kanpur(Grain) APMC,1755.34,kanpur(grain),Jaunpur
Uttar Pradesh,Maize,2022,2,2022-02-01,Kasganj APMC,1757.07,kasganj,Kasganj
Uttar Pradesh,Maize,2022,2,2022-02-01,Kayamganj APMC,1748.51,kayamganj,Farrukhabad
Uttar Pradesh,Maize,2022,2,2022-02-01,Khair APMC,1790.0,khair,Aligarh
Uttar Pradesh,Maize,2022,2,2022-02-01,Khurja APMC,,khurja,Bulandshahr
Uttar Pradesh,Maize,2022,2,2022-02-01,Lakhimpur APMC,1695.47,lakhimpur,Lalitpur
Uttar Pradesh,Maize,2022,2,2022-02-01,Lalitpur APMC,1848.44,lalitpur,Lalitpur
Uttar Pradesh,Maize,2022,2,2022-02-01,Madhoganj APMC,1803.97,madhoganj,Hardoi
Uttar Pradesh,Maize,2022,2,2022-02-01,Mainpuri APMC,1745.69,mainpuri,Mainpuri
Uttar Pradesh,Maize,2022,2,2022-02-01,Meerut APMC,1894.8,meerut,Meerut
Uttar Pradesh,Maize,2022,2,2022-02-01,Mohamadabad APMC,1779.44,mohamadabad,Farrukhabad
Uttar Pradesh,Maize,2022,2,2022-02-01,Naanpara APMC,1768.24,naanpara,Bahraich
Uttar Pradesh,Maize,2022,2,2022-02-01,Nawabganj APMC,1748.54,nawabganj,Gonda
Uttar Pradesh,Maize,2022,2,2022-02-01,Pratapgarh APMC,,pratapgarh,Pratapgarh
Uttar Pradesh,Maize,2022,2,2022-02-01,Rura APMC,1870.0,rura,Kanpur Dehat
Uttar Pradesh,Maize,2022,2,2022-02-01,Saharanpur APMC,1904.35,saharanpur,Saharanpur
Uttar Pradesh,Maize,2022,2,2022-02-01,Sandi APMC,,sandi,Hardoi
Uttar Pradesh,Maize,2022,2,2022-02-01,Sandila APMC,1796.22,sandila,Hardoi
Uttar Pradesh,Maize,2022,2,2022-02-01,Shahabad(New Mandi) APMC,1767.32,shahabad(new mandi),Hardoi
Uttar Pradesh,Maize,2022,2,2022-02-01,Shamli APMC,1900.07,shamli,Shamli
Uttar Pradesh,Maize,2022,2,2022-02-01,Shikohabad APMC,1639.48,shikohabad,Firozabad
Uttar Pradesh,Maize,2022,2,2022-02-01,Sikandraraau APMC,,sikandraraau,Hathras
Uttar Pradesh,Maize,2022,2,2022-02-01,Sirsaganj APMC,1890.08,sirsaganj,Firozabad
Uttar Pradesh,Maize,2022,2,2022-02-01,Ujhani APMC,1700.0,ujhani,Budaun
Uttar Pradesh,Maize,2022,2,2022-02-01,Unnao APMC,1761.95,unnao,Unnao
Uttar Pradesh,Maize,2022,2,2022-02-01,Varanasi APMC,1913.11,varanasi,Varanasi
Uttar Pradesh,Maize,2022,3,2022-03-01,Achalda APMC,1839.75,achalda,Auraiya
Uttar Pradesh,Maize,2022,3,2022-03-01,Agra APMC,1759.14,agra,Agra
Uttar Pradesh,Maize,2022,3,2022-03-01,Ajuha APMC,,ajuha,Prayagraj
Uttar Pradesh,Maize,2022,3,2022-03-01,Aliganj APMC,1784.74,aliganj,Etah
Uttar Pradesh,Maize,2022,3,2022-03-01,Aligarh APMC,1802.3,aligarh,Aligarh
Uttar Pradesh,Maize,2022,3,2022-03-01,Bahraich APMC,1759.43,bahraich,Bahraich
Uttar Pradesh,Maize,2022,3,2022-03-01,Balrampur APMC,1777.11,balrampur,Balrampur
Uttar Pradesh,Maize,2022,3,2022-03-01,Bangarmau APMC,1826.95,bangarmau,Unnao
Uttar Pradesh,Maize,2022,3,2022-03-01,Bewar APMC,1799.84,bewar,Mainpuri
Uttar Pradesh,Maize,2022,3,2022-03-01,Bhehjoi APMC,1775.98,bhehjoi,Sambhal
Uttar Pradesh,Maize,2022,3,2022-03-01,Bilsi APMC,1902.22,bilsi,Budaun
Uttar Pradesh,Maize,2022,3,2022-03-01,Buland Shahr APMC,2057.25,buland shahr,Bulandshahr
Uttar Pradesh,Maize,2022,3,2022-03-01,Charra APMC,1791.89,charra,Aligarh
Uttar Pradesh,Maize,2022,3,2022-03-01,Chhibramau APMC,1848.8,chhibramau,Kannauj
Uttar Pradesh,Maize,2022,3,2022-03-01,Choubepur APMC,1804.04,choubepur,Jaunpur
Uttar Pradesh,Maize,2022,3,2022-03-01,Dankaur APMC,,dankaur,Gautam Buddha Nagar
Uttar Pradesh,Maize,2022,3,2022-03-01,Divai APMC,,divai,Bulandshahar
Uttar Pradesh,Maize,2022,3,2022-03-01,Etah APMC,1756.02,etah,Etah
Uttar Pradesh,Maize,2022,3,2022-03-01,Farukhabad APMC,1817.79,farukhabad,Farrukhabad
Uttar Pradesh,Maize,2022,3,2022-03-01,Ghaziabad APMC,1924.9,ghaziabad,Ghaziabad
Uttar Pradesh,Maize,2022,3,2022-03-01,Ghiraur APMC,1758.5,ghiraur,Mainpuri
Uttar Pradesh,Maize,2022,3,2022-03-01,Gonda APMC,1770.36,gonda,Gonda
Uttar Pradesh,Maize,2022,3,2022-03-01,Hapur APMC,,hapur,Ghaziabad
Uttar Pradesh,Maize,2022,3,2022-03-01,Hardoi APMC,1843.1,hardoi,Hardoi
Uttar Pradesh,Maize,2022,3,2022-03-01,Jahangirabad APMC,2152.84,jahangirabad,Bulandshahar
Uttar Pradesh,Maize,2022,3,2022-03-01,Jasvantnagar APMC,1846.57,jasvantnagar,Etawah
Uttar Pradesh,Maize,2022,3,2022-03-01,Jaunpur APMC,1934.13,jaunpur,Jaunpur
Uttar Pradesh,Maize,2022,3,2022-03-01,Kamlaganj APMC,2063.15,kamlaganj,Farrukhabad
Uttar Pradesh,Maize,2022,3,2022-03-01,Kannauj APMC,1796.77,kannauj,Kannauj
Uttar Pradesh,Maize,2022,3,2022-03-01,Kanpur(Grain) APMC,1780.36,kanpur(grain),Jaunpur
Uttar Pradesh,Maize,2022,3,2022-03-01,Kasganj APMC,1774.41,kasganj,Kasganj
Uttar Pradesh,Maize,2022,3,2022-03-01,Kayamganj APMC,1824.78,kayamganj,Farrukhabad
Uttar Pradesh,Maize,2022,3,2022-03-01,Khair APMC,1800.0,khair,Aligarh
Uttar Pradesh,Maize,2022,3,2022-03-01,Lakhimpur APMC,1781.61,lakhimpur,Lalitpur
Uttar Pradesh,Maize,2022,3,2022-03-01,Lalitpur APMC,1847.49,lalitpur,Lalitpur
Uttar Pradesh,Maize,2022,3,2022-03-01,Madhoganj APMC,1836.94,madhoganj,Hardoi
Uttar Pradesh,Maize,2022,3,2022-03-01,Mainpuri APMC,1758.34,mainpuri,Mainpuri
Uttar Pradesh,Maize,2022,3,2022-03-01,Meerut APMC,1968.11,meerut,Meerut
Uttar Pradesh,Maize,2022,3,2022-03-01,Mohamadabad APMC,1812.53,mohamadabad,Farrukhabad
Uttar Pradesh,Maize,2022,3,2022-03-01,Naanpara APMC,1759.84,naanpara,Bahraich
Uttar Pradesh,Maize,2022,3,2022-03-01,Nawabganj APMC,1749.73,nawabganj,Gonda
Uttar Pradesh,Maize,2022,3,2022-03-01,Pratapgarh APMC,,pratapgarh,Pratapgarh
Uttar Pradesh,Maize,2022,3,2022-03-01,Rura APMC,1766.75,rura,Kanpur Dehat
Uttar Pradesh,Maize,2022,3,2022-03-01,Saharanpur APMC,1957.5,saharanpur,Saharanpur
Uttar Pradesh,Maize,2022,3,2022-03-01,Sandi APMC,,sandi,Hardoi
Uttar Pradesh,Maize,2022,3,2022-03-01,Sandila APMC,1833.1,sandila,Hardoi
Uttar Pradesh,Maize,2022,3,2022-03-01,Shahabad(New Mandi) APMC,1825.81,shahabad(new mandi),Hardoi
Uttar Pradesh,Maize,2022,3,2022-03-01,Shamli APMC,1988.44,shamli,Shamli
Uttar Pradesh,Maize,2022,3,2022-03-01,Shikohabad APMC,,shikohabad,Firozabad
Uttar Pradesh,Maize,2022,3,2022-03-01,Sikandraraau APMC,,sikandraraau,Hathras
Uttar Pradesh,Maize,2022,3,2022-03-01,Sirsaganj APMC,1776.12,sirsaganj,Firozabad
Uttar Pradesh,Maize,2022,3,2022-03-01,Ujhani APMC,1700.0,ujhani,Budaun
Uttar Pradesh,Maize,2022,3,2022-03-01,Unnao APMC,1835.75,unnao,Unnao
Uttar Pradesh,Maize,2022,3,2022-03-01,Varanasi APMC,1951.93,varanasi,Varanasi
Uttar Pradesh,Maize,2022,4,2022-04-01,Achalda APMC,1941.46,achalda,Auraiya
Uttar Pradesh,Maize,2022,4,2022-04-01,Agra APMC,,agra,Agra
Uttar Pradesh,Maize,2022,4,2022-04-01,Ajuha APMC,,ajuha,Prayagraj
Uttar Pradesh,Maize,2022,4,2022-04-01,Aliganj APMC,1946.01,aliganj,Etah
Uttar Pradesh,Maize,2022,4,2022-04-01,Aligarh APMC,1856.03,aligarh,Aligarh
Uttar Pradesh,Maize,2022,4,2022-04-01,Bahraich APMC,1768.57,bahraich,Bahraich
Uttar Pradesh,Maize,2022,4,2022-04-01,Balrampur APMC,1783.18,balrampur,Balrampur
Uttar Pradesh,Maize,2022,4,2022-04-01,Bangarmau APMC,1890.6,bangarmau,Unnao
Uttar Pradesh,Maize,2022,4,2022-04-01,Bewar APMC,1817.86,bewar,Mainpuri
Uttar Pradesh,Maize,2022,4,2022-04-01,Bhehjoi APMC,1732.86,bhehjoi,Sambhal
Uttar Pradesh,Maize,2022,4,2022-04-01,Bilsi APMC,,bilsi,Budaun
Uttar Pradesh,Maize,2022,4,2022-04-01,Buland Shahr APMC,2062.08,buland shahr,Bulandshahr
Uttar Pradesh,Maize,2022,4,2022-04-01,Charra APMC,1839.62,charra,Aligarh
Uttar Pradesh,Maize,2022,4,2022-04-01,Chhibramau APMC,1859.91,chhibramau,Kannauj
Uttar Pradesh,Maize,2022,4,2022-04-01,Choubepur APMC,1946.62,choubepur,Jaunpur
Uttar Pradesh,Maize,2022,4,2022-04-01,Etah APMC,1831.28,etah,Etah
Uttar Pradesh,Maize,2022,4,2022-04-01,Farukhabad APMC,1903.67,farukhabad,Farrukhabad
Uttar Pradesh,Maize,2022,4,2022-04-01,Ghaziabad APMC,1969.14,ghaziabad,Ghaziabad
Uttar Pradesh,Maize,2022,4,2022-04-01,Ghiraur APMC,1828.12,ghiraur,Mainpuri
Uttar Pradesh,Maize,2022,4,2022-04-01,Gonda APMC,1782.76,gonda,Gonda
Uttar Pradesh,Maize,2022,4,2022-04-01,Hapur APMC,2015.29,hapur,Ghaziabad
Uttar Pradesh,Maize,2022,4,2022-04-01,Hardoi APMC,1874.3,hardoi,Hardoi
Uttar Pradesh,Maize,2022,4,2022-04-01,Jahangirabad APMC,2180.42,jahangirabad,Bulandshahar
Uttar Pradesh,Maize,2022,4,2022-04-01,Jasvantnagar APMC,,jasvantnagar,Etawah
Uttar Pradesh,Maize,2022,4,2022-04-01,Jaunpur APMC,1963.35,jaunpur,Jaunpur
Uttar Pradesh,Maize,2022,4,2022-04-01,Kamlaganj APMC,2300.89,kamlaganj,Farrukhabad
Uttar Pradesh,Maize,2022,4,2022-04-01,Kannauj APMC,1906.94,kannauj,Kannauj
Uttar Pradesh,Maize,2022,4,2022-04-01,Kanpur(Grain) APMC,2076.06,kanpur(grain),Jaunpur
Uttar Pradesh,Maize,2022,4,2022-04-01,Kasganj APMC,1892.94,kasganj,Kasganj
Uttar Pradesh,Maize,2022,4,2022-04-01,Kayamganj APMC,1952.34,kayamganj,Farrukhabad
Uttar Pradesh,Maize,2022,4,2022-04-01,Khair APMC,,khair,Aligarh
Uttar Pradesh,Maize,2022,4,2022-04-01,Lakhimpur APMC,1772.32,lakhimpur,Lalitpur
Uttar Pradesh,Maize,2022,4,2022-04-01,Lalitpur APMC,1819.46,lalitpur,Lalitpur
Uttar Pradesh,Maize,2022,4,2022-04-01,Madhoganj APMC,1876.9,madhoganj,Hardoi
Uttar Pradesh,Maize,2022,4,2022-04-01,Mainpuri APMC,1855.17,mainpuri,Mainpuri
Uttar Pradesh,Maize,2022,4,2022-04-01,Meerut APMC,1987.37,meerut,Meerut
Uttar Pradesh,Maize,2022,4,2022-04-01,Mohamadabad APMC,1833.33,mohamadabad,Farrukhabad
Uttar Pradesh,Maize,2022,4,2022-04-01,Naanpara APMC,1768.25,naanpara,Bahraich
Uttar Pradesh,Maize,2022,4,2022-04-01,Nawabganj APMC,,nawabganj,Gonda
Uttar Pradesh,Maize,2022,4,2022-04-01,Rura APMC,,rura,Kanpur Dehat
Uttar Pradesh,Maize,2022,4,2022-04-01,Saharanpur APMC,1981.99,saharanpur,Saharanpur
Uttar Pradesh,Maize,2022,4,2022-04-01,Sandila APMC,1862.92,sandila,Hardoi
Uttar Pradesh,Maize,2022,4,2022-04-01,Shahabad(New Mandi) APMC,,shahabad(new mandi),Hardoi
Uttar Pradesh,Maize,2022,4,2022-04-01,Shamli APMC,1980.97,shamli,Shamli
Uttar Pradesh,Maize,2022,4,2022-04-01,Shikohabad APMC,,shikohabad,Firozabad
Uttar Pradesh,Maize,2022,4,2022-04-01,Sikandraraau APMC,,sikandraraau,Hathras
Uttar Pradesh,Maize,2022,4,2022-04-01,Sirsaganj APMC,1829.55,sirsaganj,Firozabad
Uttar Pradesh,Maize,2022,4,2022-04-01,Ujhani APMC,,ujhani,Budaun
Uttar Pradesh,Maize,2022,4,2022-04-01,Unnao APMC,1874.46,unnao,Unnao
Uttar Pradesh,Maize,2022,4,2022-04-01,Varanasi APMC,1980.46,varanasi,Varanasi
Uttar Pradesh,Maize,2022,5,2022-05-01,Achalda APMC,2033.27,achalda,Auraiya
Uttar Pradesh,Maize,2022,5,2022-05-01,Agra APMC,,agra,Agra
Uttar Pradesh,Maize,2022,5,2022-05-01,Ajuha APMC,,ajuha,Prayagraj
Uttar Pradesh,Maize,2022,5,2022-05-01,Aliganj APMC,1951.56,aliganj,Etah
Uttar Pradesh,Maize,2022,5,2022-05-01,Aligarh APMC,1914.81,aligarh,Aligarh
Uttar Pradesh,Maize,2022,5,2022-05-01,Bahraich APMC,1997.67,bahraich,Bahraich
Uttar Pradesh,Maize,2022,5,2022-05-01,Balrampur APMC,1875.78,balrampur,Balrampur
Uttar Pradesh,Maize,2022,5,2022-05-01,Bangarmau APMC,1900.0,bangarmau,Unnao
Uttar Pradesh,Maize,2022,5,2022-05-01,Bewar APMC,1812.73,bewar,Mainpuri
Uttar Pradesh,Maize,2022,5,2022-05-01,Bhehjoi APMC,,bhehjoi,Sambhal
Uttar Pradesh,Maize,2022,5,2022-05-01,Buland Shahr APMC,2073.56,buland shahr,Bulandshahr
Uttar Pradesh,Maize,2022,5,2022-05-01,Charra APMC,1907.24,charra,Aligarh
Uttar Pradesh,Maize,2022,5,2022-05-01,Chhibramau APMC,1947.45,chhibramau,Kannauj
Uttar Pradesh,Maize,2022,5,2022-05-01,Choubepur APMC,2062.94,choubepur,Jaunpur
Uttar Pradesh,Maize,2022,5,2022-05-01,DADRI APMC,1975.81,dadri,Gautam Buddha Nagar
Uttar Pradesh,Maize,2022,5,2022-05-01,Etah APMC,1921.39,etah,Etah
Uttar Pradesh,Maize,2022,5,2022-05-01,Farukhabad APMC,1991.23,farukhabad,Farrukhabad
Uttar Pradesh,Maize,2022,5,2022-05-01,Ghaziabad APMC,1979.21,ghaziabad,Ghaziabad
Uttar Pradesh,Maize,2022,5,2022-05-01,Ghiraur APMC,1872.08,ghiraur,Mainpuri
Uttar Pradesh,Maize,2022,5,2022-05-01,Gonda APMC,1872.03,gonda,Gonda
Uttar Pradesh,Maize,2022,5,2022-05-01,Hapur APMC,1974.59,hapur,Ghaziabad
Uttar Pradesh,Maize,2022,5,2022-05-01,Hardoi APMC,1909.96,hardoi,Hardoi
Uttar Pradesh,Maize,2022,5,2022-05-01,Jahangirabad APMC,,jahangirabad,Bulandshahar
Uttar Pradesh,Maize,2022,5,2022-05-01,Jaunpur APMC,2037.44,jaunpur,Jaunpur
Uttar Pradesh,Maize,2022,5,2022-05-01,Kamlaganj APMC,,kamlaganj,Farrukhabad
Uttar Pradesh,Maize,2022,5,2022-05-01,Kannauj APMC,2046.54,kannauj,Kannauj
Uttar Pradesh,Maize,2022,5,2022-05-01,Kanpur(Grain) APMC,2350.96,kanpur(grain),Jaunpur
Uttar Pradesh,Maize,2022,5,2022-05-01,Kasganj APMC,1960.82,kasganj,Kasganj
Uttar Pradesh,Maize,2022,5,2022-05-01,Kayamganj APMC,2051.78,kayamganj,Farrukhabad
Uttar Pradesh,Maize,2022,5,2022-05-01,Lakhimpur APMC,1783.35,lakhimpur,Lalitpur
Uttar Pradesh,Maize,2022,5,2022-05-01,Lalitpur APMC,1770.68,lalitpur,Lalitpur
Uttar Pradesh,Maize,2022,5,2022-05-01,Madhoganj APMC,1897.05,madhoganj,Hardoi
Uttar Pradesh,Maize,2022,5,2022-05-01,Mainpuri APMC,1869.98,mainpuri,Mainpuri
Uttar Pradesh,Maize,2022,5,2022-05-01,Meerut APMC,2017.94,meerut,Meerut
Uttar Pradesh,Maize,2022,5,2022-05-01,Mohamadabad APMC,,mohamadabad,Farrukhabad
Uttar Pradesh,Maize,2022,5,2022-05-01,Naanpara APMC,1880.26,naanpara,Bahraich
Uttar Pradesh,Maize,2022,5,2022-05-01,Nawabganj APMC,,nawabganj,Gonda
Uttar Pradesh,Maize,2022,5,2022-05-01,Saharanpur APMC,2002.45,saharanpur,Saharanpur
Uttar Pradesh,Maize,2022,5,2022-05-01,Sandila APMC,1883.71,sandila,Hardoi
Uttar Pradesh,Maize,2022,5,2022-05-01,Shamli APMC,2320.72,shamli,Shamli
Uttar Pradesh,Maize,2022,5,2022-05-01,Shikohabad APMC,1850.0,shikohabad,Firozabad
Uttar Pradesh,Maize,2022,5,2022-05-01,Sikandraraau APMC,,sikandraraau,Hathras
Uttar Pradesh,Maize,2022,5,2022-05-01,Sirsaganj APMC,1874.98,sirsaganj,Firozabad
Uttar Pradesh,Maize,2022,5,2022-05-01,Unnao APMC,1897.94,unnao,Unnao
Uttar Pradesh,Maize,2022,5,2022-05-01,Varanasi APMC,2083.56,varanasi,Varanasi
Uttar Pradesh,Maize,2022,6,2022-06-01,Achalda APMC,1937.66,achalda,Auraiya
Uttar Pradesh,Maize,2022,6,2022-06-01,Agra APMC,1965.19,agra,Agra
Uttar Pradesh,Maize,2022,6,2022-06-01,Ajuha APMC,,ajuha,Prayagraj
Uttar Pradesh,Maize,2022,6,2022-06-01,Aliganj APMC,1903.83,aliganj,Etah
Uttar Pradesh,Maize,2022,6,2022-06-01,Aligarh APMC,1960.45,aligarh,Aligarh
Uttar Pradesh,Maize,2022,6,2022-06-01,Anoop Shahar APMC,1953.6,anoop shahar,Bulandshahr
Uttar Pradesh,Maize,2022,6,2022-06-01,Atrauli APMC,1891.67,atrauli,Aligarh
Uttar Pradesh,Maize,2022,6,2022-06-01,Babrala APMC,,babrala,Budaun
Uttar Pradesh,Maize,2022,6,2022-06-01,Bahraich APMC,2028.69,bahraich,Bahraich
Uttar Pradesh,Maize,2022,6,2022-06-01,Balrampur APMC,1948.7,balrampur,Balrampur
Uttar Pradesh,Maize,2022,6,2022-06-01,Bangarmau APMC,1969.02,bangarmau,Unnao
Uttar Pradesh,Maize,2022,6,2022-06-01,Baripaal APMC,,baripaal,Jaunpur
Uttar Pradesh,Maize,2022,6,2022-06-01,Bewar APMC,1923.66,bewar,Mainpuri
Uttar Pradesh,Maize,2022,6,2022-06-01,Bhehjoi APMC,1861.61,bhehjoi,Sambhal
Uttar Pradesh,Maize,2022,6,2022-06-01,Bilsi APMC,2012.42,bilsi,Budaun
Uttar Pradesh,Maize,2022,6,2022-06-01,Buland Shahr APMC,2051.64,buland shahr,Bulandshahr
Uttar Pradesh,Maize,2022,6,2022-06-01,Charra APMC,1952.96,charra,Aligarh
Uttar Pradesh,Maize,2022,6,2022-06-01,Chhibramau APMC,1955.05,chhibramau,Kannauj
Uttar Pradesh,Maize,2022,6,2022-06-01,Choubepur APMC,2011.84,choubepur,Jaunpur
Uttar Pradesh,Maize,2022,6,2022-06-01,DADRI APMC,2030.83,dadri,Gautam Buddha Nagar
Uttar Pradesh,Maize,2022,6,2022-06-01,Divai APMC,,divai,Bulandshahar
Uttar Pradesh,Maize,2022,6,2022-06-01,Etah APMC,2032.36,etah,Etah
Uttar Pradesh,Maize,2022,6,2022-06-01,Farukhabad APMC,1998.3,farukhabad,Farrukhabad
Uttar Pradesh,Maize,2022,6,2022-06-01,Ghaziabad APMC,2009.2,ghaziabad,Ghaziabad
Uttar Pradesh,Maize,2022,6,2022-06-01,Ghiraur APMC,1961.29,ghiraur,Mainpuri
Uttar Pradesh,Maize,2022,6,2022-06-01,Gonda APMC,1932.3,gonda,Gonda
Uttar Pradesh,Maize,2022,6,2022-06-01,Haathras APMC,1937.54,haathras,Hathras
Uttar Pradesh,Maize,2022,6,2022-06-01,Hapur APMC,2014.92,hapur,Ghaziabad
Uttar Pradesh,Maize,2022,6,2022-06-01,Hardoi APMC,1932.73,hardoi,Hardoi
Uttar Pradesh,Maize,2022,6,2022-06-01,Jahanabad APMC,1650.0,jahanabad,Fatehpur
Uttar Pradesh,Maize,2022,6,2022-06-01,Jahangirabad APMC,2046.29,jahangirabad,Bulandshahar
Uttar Pradesh,Maize,2022,6,2022-06-01,Jasvantnagar APMC,1983.72,jasvantnagar,Etawah
Uttar Pradesh,Maize,2022,6,2022-06-01,Jaunpur APMC,2067.03,jaunpur,Jaunpur
Uttar Pradesh,Maize,2022,6,2022-06-01,Kamlaganj APMC,1947.62,kamlaganj,Farrukhabad
Uttar Pradesh,Maize,2022,6,2022-06-01,Kannauj APMC,1995.09,kannauj,Kannauj
Uttar Pradesh,Maize,2022,6,2022-06-01,Kanpur(Grain) APMC,2324.38,kanpur(grain),Jaunpur
Uttar Pradesh,Maize,2022,6,2022-06-01,Kasganj APMC,1949.32,kasganj,Kasganj
Uttar Pradesh,Maize,2022,6,2022-06-01,Kayamganj APMC,1981.91,kayamganj,Farrukhabad
Uttar Pradesh,Maize,2022,6,2022-06-01,Khair APMC,1800.89,khair,Aligarh
Uttar Pradesh,Maize,2022,6,2022-06-01,Khurja APMC,2037.96,khurja,Bulandshahr
Uttar Pradesh,Maize,2022,6,2022-06-01,Lakhimpur APMC,1793.45,lakhimpur,Lalitpur
Uttar Pradesh,Maize,2022,6,2022-06-01,Lalitpur APMC,1716.11,lalitpur,Lalitpur
Uttar Pradesh,Maize,2022,6,2022-06-01,Madhoganj APMC,1929.05,madhoganj,Hardoi
Uttar Pradesh,Maize,2022,6,2022-06-01,Mainpuri APMC,1975.52,mainpuri,Mainpuri
Uttar Pradesh,Maize,2022,6,2022-06-01,Meerut APMC,2029.73,meerut,Meerut
Uttar Pradesh,Maize,2022,6,2022-06-01,Mohamadabad APMC,1956.39,mohamadabad,Farrukhabad
Uttar Pradesh,Maize,2022,6,2022-06-01,Naanpara APMC,2029.25,naanpara,Bahraich
Uttar Pradesh,Maize,2022,6,2022-06-01,Nawabganj APMC,,nawabganj,Gonda
Uttar Pradesh,Maize,2022,6,2022-06-01,Saharanpur APMC,2024.33,saharanpur,Saharanpur
Uttar Pradesh,Maize,2022,6,2022-06-01,Sandila APMC,1897.26,sandila,Hardoi
Uttar Pradesh,Maize,2022,6,2022-06-01,Shamli APMC,2030.08,shamli,Shamli
Uttar Pradesh,Maize,2022,6,2022-06-01,Shikohabad APMC,1879.28,shikohabad,Firozabad
Uttar Pradesh,Maize,2022,6,2022-06-01,Sikandraraau APMC,1947.5,sikandraraau,Hathras
Uttar Pradesh,Maize,2022,6,2022-06-01,Sirsaganj APMC,2004.37,sirsaganj,Firozabad
Uttar Pradesh,Maize,2022,6,2022-06-01,Siyana APMC,1950.0,siyana,Bulandshahar
Uttar Pradesh,Maize,2022,6,2022-06-01,Ujhani APMC,2050.93,ujhani,Budaun
Uttar Pradesh,Maize,2022,6,2022-06-01,Unnao APMC,1982.12,unnao,Unnao
Uttar Pradesh,Maize,2022,6,2022-06-01,Varanasi APMC,2103.91,varanasi,Varanasi
Uttar Pradesh,Maize,2022,6,2022-06-01,Wazirganj APMC,2024.53,wazirganj,Budaun
Uttar Pradesh,Maize,2022,7,2022-07-01,Achalda APMC,1978.3,achalda,Auraiya
Uttar Pradesh,Maize,2022,7,2022-07-01,Agra APMC,2011.23,agra,Agra
Uttar Pradesh,Maize,2022,7,2022-07-01,Ajuha APMC,,ajuha,Prayagraj
Uttar Pradesh,Maize,2022,7,2022-07-01,Aliganj APMC,1873.08,aliganj,Etah
Uttar Pradesh,Maize,2022,7,2022-07-01,Aligarh APMC,1943.3,aligarh,Aligarh
Uttar Pradesh,Maize,2022,7,2022-07-01,Anoop Shahar APMC,1938.01,anoop shahar,Bulandshahr
Uttar Pradesh,Maize,2022,7,2022-07-01,Atrauli APMC,1882.18,atrauli,Aligarh
Uttar Pradesh,Maize,2022,7,2022-07-01,Babrala APMC,1952.62,babrala,Budaun
Uttar Pradesh,Maize,2022,7,2022-07-01,Bahraich APMC,2000.86,bahraich,Bahraich
Uttar Pradesh,Maize,2022,7,2022-07-01,Balrampur APMC,1962.65,balrampur,Balrampur
Uttar Pradesh,Maize,2022,7,2022-07-01,Bangarmau APMC,1993.93,bangarmau,Unnao
Uttar Pradesh,Maize,2022,7,2022-07-01,Baripaal APMC,,baripaal,Jaunpur
Uttar Pradesh,Maize,2022,7,2022-07-01,Bewar APMC,1991.26,bewar,Mainpuri
Uttar Pradesh,Maize,2022,7,2022-07-01,Bharthna APMC,1998.2,bharthna,Etawah
Uttar Pradesh,Maize,2022,7,2022-07-01,Bhehjoi APMC,1892.26,bhehjoi,Sambhal
Uttar Pradesh,Maize,2022,7,2022-07-01,Bilsi APMC,1996.46,bilsi,Budaun
Uttar Pradesh,Maize,2022,7,2022-07-01,Buland Shahr APMC,2046.96,buland shahr,Bulandshahr
Uttar Pradesh,Maize,2022,7,2022-07-01,Charra APMC,1966.77,charra,Aligarh
Uttar Pradesh,Maize,2022,7,2022-07-01,Chhibramau APMC,1982.46,chhibramau,Kannauj
Uttar Pradesh,Maize,2022,7,2022-07-01,Choubepur APMC,2003.19,choubepur,Jaunpur
Uttar Pradesh,Maize,2022,7,2022-07-01,DADRI APMC,2038.75,dadri,Gautam Buddha Nagar
Uttar Pradesh,Maize,2022,7,2022-07-01,Dibiapur APMC,1974.9,dibiapur,Auraiya
Uttar Pradesh,Maize,2022,7,2022-07-01,Divai APMC,1865.96,divai,Bulandshahar
Uttar Pradesh,Maize,2022,7,2022-07-01,Etah APMC,2026.28,etah,Etah
Uttar Pradesh,Maize,2022,7,2022-07-01,Farukhabad APMC,1963.04,farukhabad,Farrukhabad
Uttar Pradesh,Maize,2022,7,2022-07-01,Ghaziabad APMC,2027.4,ghaziabad,Ghaziabad
Uttar Pradesh,Maize,2022,7,2022-07-01,Ghiraur APMC,2008.49,ghiraur,Mainpuri
Uttar Pradesh,Maize,2022,7,2022-07-01,Gonda APMC,1956.59,gonda,Gonda
Uttar Pradesh,Maize,2022,7,2022-07-01,Haathras APMC,1879.43,haathras,Hathras
Uttar Pradesh,Maize,2022,7,2022-07-01,Hapur APMC,2032.22,hapur,Ghaziabad
Uttar Pradesh,Maize,2022,7,2022-07-01,Hardoi APMC,1950.82,hardoi,Hardoi
Uttar Pradesh,Maize,2022,7,2022-07-01,Jahanabad APMC,,jahanabad,Fatehpur
Uttar Pradesh,Maize,2022,7,2022-07-01,Jahangirabad APMC,2055.6,jahangirabad,Bulandshahar
Uttar Pradesh,Maize,2022,7,2022-07-01,Jasvantnagar APMC,1998.69,jasvantnagar,Etawah
Uttar Pradesh,Maize,2022,7,2022-07-01,Jaunpur APMC,2027.54,jaunpur,Jaunpur
Uttar Pradesh,Maize,2022,7,2022-07-01,Kamlaganj APMC,1959.95,kamlaganj,Farrukhabad
Uttar Pradesh,Maize,2022,7,2022-07-01,Kannauj APMC,2015.89,kannauj,Kannauj
Uttar Pradesh,Maize,2022,7,2022-07-01,Kanpur(Grain) APMC,2124.07,kanpur(grain),Jaunpur
Uttar Pradesh,Maize,2022,7,2022-07-01,Kasganj APMC,1963.68,kasganj,Kasganj
Uttar Pradesh,Maize,2022,7,2022-07-01,Kayamganj APMC,1979.98,kayamganj,Farrukhabad
Uttar Pradesh,Maize,2022,7,2022-07-01,Khair APMC,1721.37,khair,Aligarh
Uttar Pradesh,Maize,2022,7,2022-07-01,Khurja APMC,2041.09,khurja,Bulandshahr
Uttar Pradesh,Maize,2022,7,2022-07-01,Lakhimpur APMC,1805.95,lakhimpur,Lalitpur
Uttar Pradesh,Maize,2022,7,2022-07-01,Lalitpur APMC,1737.46,lalitpur,Lalitpur
Uttar Pradesh,Maize,2022,7,2022-07-01,Lucknow APMC,,lucknow,Lucknow
Uttar Pradesh,Maize,2022,7,2022-07-01,Madhoganj APMC,1966.6,madhoganj,Hardoi
Uttar Pradesh,Maize,2022,7,2022-07-01,Mainpuri APMC,2017.79,mainpuri,Mainpuri
Uttar Pradesh,Maize,2022,7,2022-07-01,Meerut APMC,2042.38,meerut,Meerut
Uttar Pradesh,Maize,2022,7,2022-07-01,Mohamadabad APMC,1965.58,mohamadabad,Farrukhabad
Uttar Pradesh,Maize,2022,7,2022-07-01,Naanpara APMC,1991.3,naanpara,Bahraich
Uttar Pradesh,Maize,2022,7,2022-07-01,Nawabganj APMC,,nawabganj,Gonda
Uttar Pradesh,Maize,2022,7,2022-07-01,Rura APMC,1784.73,rura,Kanpur Dehat
Uttar Pradesh,Maize,2022,7,2022-07-01,Saharanpur APMC,2038.98,saharanpur,Saharanpur
Uttar Pradesh,Maize,2022,7,2022-07-01,Sandila APMC,1966.42,sandila,Hardoi
Uttar Pradesh,Maize,2022,7,2022-07-01,Shamli APMC,2040.38,shamli,Shamli
Uttar Pradesh,Maize,2022,7,2022-07-01,Shikohabad APMC,1865.32,shikohabad,Firozabad
Uttar Pradesh,Maize,2022,7,2022-07-01,Sikandraraau APMC,1771.29,sikandraraau,Hathras
Uttar Pradesh,Maize,2022,7,2022-07-01,Sirsaganj APMC,2013.36,sirsaganj,Firozabad
Uttar Pradesh,Maize,2022,7,2022-07-01,Siyana APMC,1928.37,siyana,Bulandshahar
Uttar Pradesh,Maize,2022,7,2022-07-01,Ujhani APMC,2044.9,ujhani,Budaun
Uttar Pradesh,Maize,2022,7,2022-07-01,Unnao APMC,2003.96,unnao,Unnao
Uttar Pradesh,Maize,2022,7,2022-07-01,Varanasi APMC,2043.82,varanasi,Varanasi
Uttar Pradesh,Maize,2022,7,2022-07-01,Wazirganj APMC,1991.07,wazirganj,Budaun
Uttar Pradesh,Maize,2022,8,2022-08-01,Achalda APMC,2060.08,achalda,Auraiya
Uttar Pradesh,Maize,2022,8,2022-08-01,Agra APMC,2095.76,agra,Agra
Uttar Pradesh,Maize,2022,8,2022-08-01,Ajuha APMC,,ajuha,Prayagraj
Uttar Pradesh,Maize,2022,8,2022-08-01,Aliganj APMC,2046.82,aliganj,Etah
Uttar Pradesh,Maize,2022,8,2022-08-01,Aligarh APMC,2095.13,aligarh,Aligarh
Uttar Pradesh,Maize,2022,8,2022-08-01,Anoop Shahar APMC,2113.56,anoop shahar,Bulandshahr
Uttar Pradesh,Maize,2022,8,2022-08-01,Atrauli APMC,1933.48,atrauli,Aligarh
Uttar Pradesh,Maize,2022,8,2022-08-01,Babrala APMC,1970.0,babrala,Budaun
Uttar Pradesh,Maize,2022,8,2022-08-01,Badayoun APMC,,badayoun,Budaun
Uttar Pradesh,Maize,2022,8,2022-08-01,Bahraich APMC,1982.78,bahraich,Bahraich
Uttar Pradesh,Maize,2022,8,2022-08-01,Balrampur APMC,1976.55,balrampur,Balrampur
Uttar Pradesh,Maize,2022,8,2022-08-01,Bangarmau APMC,1998.34,bangarmau,Unnao
Uttar Pradesh,Maize,2022,8,2022-08-01,Baripaal APMC,1716.19,baripaal,Jaunpur
Uttar Pradesh,Maize,2022,8,2022-08-01,Bewar APMC,2021.63,bewar,Mainpuri
Uttar Pradesh,Maize,2022,8,2022-08-01,Bharthna APMC,2045.61,bharthna,Etawah
Uttar Pradesh,Maize,2022,8,2022-08-01,Bhehjoi APMC,1910.47,bhehjoi,Sambhal
Uttar Pradesh,Maize,2022,8,2022-08-01,Bilsi APMC,2106.13,bilsi,Budaun
Uttar Pradesh,Maize,2022,8,2022-08-01,Bindki APMC,2196.13,bindki,Fatehpur
Uttar Pradesh,Maize,2022,8,2022-08-01,Bisoli APMC,2162.94,bisoli,Badaun
Uttar Pradesh,Maize,2022,8,2022-08-01,Buland Shahr APMC,2236.41,buland shahr,Bulandshahr
Uttar Pradesh,Maize,2022,8,2022-08-01,Charra APMC,2101.11,charra,Aligarh
Uttar Pradesh,Maize,2022,8,2022-08-01,Chhibramau APMC,2139.91,chhibramau,Kannauj
Uttar Pradesh,Maize,2022,8,2022-08-01,Choubepur APMC,2113.83,choubepur,Jaunpur
Uttar Pradesh,Maize,2022,8,2022-08-01,DADRI APMC,2116.96,dadri,Gautam Buddha Nagar
Uttar Pradesh,Maize,2022,8,2022-08-01,Dibiapur APMC,2000.0,dibiapur,Auraiya
Uttar Pradesh,Maize,2022,8,2022-08-01,Divai APMC,1909.98,divai,Bulandshahar
Uttar Pradesh,Maize,2022,8,2022-08-01,Etah APMC,2069.61,etah,Etah
Uttar Pradesh,Maize,2022,8,2022-08-01,Farukhabad APMC,2123.69,farukhabad,Farrukhabad
Uttar Pradesh,Maize,2022,8,2022-08-01,Ghaziabad APMC,2108.87,ghaziabad,Ghaziabad
Uttar Pradesh,Maize,2022,8,2022-08-01,Ghiraur APMC,2048.5,ghiraur,Mainpuri
Uttar Pradesh,Maize,2022,8,2022-08-01,Gonda APMC,1969.58,gonda,Gonda
Uttar Pradesh,Maize,2022,8,2022-08-01,Gorakhpur APMC,2030.36,gorakhpur,Gorakhpur
Uttar Pradesh,Maize,2022,8,2022-08-01,Haathras APMC,2022.45,haathras,Hathras
Uttar Pradesh,Maize,2022,8,2022-08-01,Hapur APMC,2138.64,hapur,Ghaziabad
Uttar Pradesh,Maize,2022,8,2022-08-01,Hardoi APMC,1964.43,hardoi,Hardoi
Uttar Pradesh,Maize,2022,8,2022-08-01,Jahangirabad APMC,2341.89,jahangirabad,Bulandshahar
Uttar Pradesh,Maize,2022,8,2022-08-01,Jasvantnagar APMC,2027.31,jasvantnagar,Etawah
Uttar Pradesh,Maize,2022,8,2022-08-01,Jaunpur APMC,2126.19,jaunpur,Jaunpur
Uttar Pradesh,Maize,2022,8,2022-08-01,Kamlaganj APMC,2127.35,kamlaganj,Farrukhabad
Uttar Pradesh,Maize,2022,8,2022-08-01,Kannauj APMC,2152.59,kannauj,Kannauj
Uttar Pradesh,Maize,2022,8,2022-08-01,Kanpur(Grain) APMC,2291.46,kanpur(grain),Jaunpur
Uttar Pradesh,Maize,2022,8,2022-08-01,Kasganj APMC,2090.18,kasganj,Kasganj
Uttar Pradesh,Maize,2022,8,2022-08-01,Kayamganj APMC,2137.97,kayamganj,Farrukhabad
Uttar Pradesh,Maize,2022,8,2022-08-01,Khair APMC,1883.66,khair,Aligarh
Uttar Pradesh,Maize,2022,8,2022-08-01,Khurja APMC,2160.38,khurja,Bulandshahr
Uttar Pradesh,Maize,2022,8,2022-08-01,Lakhimpur APMC,1900.86,lakhimpur,Lalitpur
Uttar Pradesh,Maize,2022,8,2022-08-01,Lalitpur APMC,1779.69,lalitpur,Lalitpur
Uttar Pradesh,Maize,2022,8,2022-08-01,Madhoganj APMC,1993.44,madhoganj,Hardoi
Uttar Pradesh,Maize,2022,8,2022-08-01,Mainpuri APMC,2062.8,mainpuri,Mainpuri
Uttar Pradesh,Maize,2022,8,2022-08-01,Meerut APMC,2177.42,meerut,Meerut
Uttar Pradesh,Maize,2022,8,2022-08-01,Mohamadabad APMC,2154.53,mohamadabad,Farrukhabad
Uttar Pradesh,Maize,2022,8,2022-08-01,Naanpara APMC,1982.4,naanpara,Bahraich
Uttar Pradesh,Maize,2022,8,2022-08-01,Rura APMC,1774.03,rura,Kanpur Dehat
Uttar Pradesh,Maize,2022,8,2022-08-01,Saharanpur APMC,2094.59,saharanpur,Saharanpur
Uttar Pradesh,Maize,2022,8,2022-08-01,Sandila APMC,1985.59,sandila,Hardoi
Uttar Pradesh,Maize,2022,8,2022-08-01,Shamli APMC,2140.73,shamli,Shamli
Uttar Pradesh,Maize,2022,8,2022-08-01,Shikohabad APMC,2089.38,shikohabad,Firozabad
Uttar Pradesh,Maize,2022,8,2022-08-01,Sikandraraau APMC,2100.98,sikandraraau,Hathras
Uttar Pradesh,Maize,2022,8,2022-08-01,Sikarpur APMC,2123.04,sikarpur,Bulandshahar
Uttar Pradesh,Maize,2022,8,2022-08-01,Sirsaganj APMC,2143.51,sirsaganj,Firozabad
Uttar Pradesh,Maize,2022,8,2022-08-01,Siyana APMC,2021.05,siyana,Bulandshahar
Uttar Pradesh,Maize,2022,8,2022-08-01,Ujhani APMC,2196.05,ujhani,Budaun
Uttar Pradesh,Maize,2022,8,2022-08-01,Unnao APMC,1995.43,unnao,Unnao
Uttar Pradesh,Maize,2022,8,2022-08-01,Varanasi APMC,2165.05,varanasi,Varanasi
Uttar Pradesh,Maize,2022,8,2022-08-01,Wazirganj APMC,2063.93,wazirganj,Budaun
Uttar Pradesh,Maize,2022,9,2022-09-01,Achalda APMC,2174.53,achalda,Auraiya
Uttar Pradesh,Maize,2022,9,2022-09-01,Agra APMC,2233.78,agra,Agra
Uttar Pradesh,Maize,2022,9,2022-09-01,Ajuha APMC,,ajuha,Prayagraj
Uttar Pradesh,Maize,2022,9,2022-09-01,Aliganj APMC,2124.92,aliganj,Etah
Uttar Pradesh,Maize,2022,9,2022-09-01,Aligarh APMC,2226.82,aligarh,Aligarh
Uttar Pradesh,Maize,2022,9,2022-09-01,Anoop Shahar APMC,2257.6,anoop shahar,Bulandshahr
Uttar Pradesh,Maize,2022,9,2022-09-01,Atrauli APMC,2064.02,atrauli,Aligarh
Uttar Pradesh,Maize,2022,9,2022-09-01,Babrala APMC,,babrala,Budaun
Uttar Pradesh,Maize,2022,9,2022-09-01,Badayoun APMC,2199.93,badayoun,Budaun
Uttar Pradesh,Maize,2022,9,2022-09-01,Bahraich APMC,1974.79,bahraich,Bahraich
Uttar Pradesh,Maize,2022,9,2022-09-01,Balrampur APMC,1979.31,balrampur,Balrampur
Uttar Pradesh,Maize,2022,9,2022-09-01,Bangarmau APMC,2004.75,bangarmau,Unnao
Uttar Pradesh,Maize,2022,9,2022-09-01,Baripaal APMC,1648.0,baripaal,Jaunpur
Uttar Pradesh,Maize,2022,9,2022-09-01,Bewar APMC,2023.12,bewar,Mainpuri
Uttar Pradesh,Maize,2022,9,2022-09-01,Bharthna APMC,2196.78,bharthna,Etawah
Uttar Pradesh,Maize,2022,9,2022-09-01,Bhehjoi APMC,2001.55,bhehjoi,Sambhal
Uttar Pradesh,Maize,2022,9,2022-09-01,Bilsi APMC,2310.18,bilsi,Budaun
Uttar Pradesh,Maize,2022,9,2022-09-01,Bindki APMC,2218.54,bindki,Fatehpur
Uttar Pradesh,Maize,2022,9,2022-09-01,Bisoli APMC,2143.67,bisoli,Badaun
Uttar Pradesh,Maize,2022,9,2022-09-01,Buland Shahr APMC,2273.6,buland shahr,Bulandshahr
Uttar Pradesh,Maize,2022,9,2022-09-01,Charra APMC,2235.65,charra,Aligarh
Uttar Pradesh,Maize,2022,9,2022-09-01,Chhibramau APMC,2172.56,chhibramau,Kannauj
Uttar Pradesh,Maize,2022,9,2022-09-01,Choubepur APMC,2201.69,choubepur,Jaunpur
Uttar Pradesh,Maize,2022,9,2022-09-01,DADRI APMC,2257.69,dadri,Gautam Buddha Nagar
Uttar Pradesh,Maize,2022,9,2022-09-01,Dibiapur APMC,,dibiapur,Auraiya
Uttar Pradesh,Maize,2022,9,2022-09-01,Divai APMC,1974.73,divai,Bulandshahar
Uttar Pradesh,Maize,2022,9,2022-09-01,Etah APMC,2169.06,etah,Etah
Uttar Pradesh,Maize,2022,9,2022-09-01,Farukhabad APMC,2163.46,farukhabad,Farrukhabad
Uttar Pradesh,Maize,2022,9,2022-09-01,Ghaziabad APMC,2287.72,ghaziabad,Ghaziabad
Uttar Pradesh,Maize,2022,9,2022-09-01,Ghiraur APMC,2109.32,ghiraur,Mainpuri
Uttar Pradesh,Maize,2022,9,2022-09-01,Gonda APMC,1970.0,gonda,Gonda
Uttar Pradesh,Maize,2022,9,2022-09-01,Gorakhpur APMC,2045.79,gorakhpur,Gorakhpur
Uttar Pradesh,Maize,2022,9,2022-09-01,Haathras APMC,2171.23,haathras,Hathras
Uttar Pradesh,Maize,2022,9,2022-09-01,Hapur APMC,2245.23,hapur,Ghaziabad
Uttar Pradesh,Maize,2022,9,2022-09-01,Hardoi APMC,1982.8,hardoi,Hardoi
Uttar Pradesh,Maize,2022,9,2022-09-01,Jahangirabad APMC,2295.71,jahangirabad,Bulandshahar
Uttar Pradesh,Maize,2022,9,2022-09-01,Jasvantnagar APMC,2229.7,jasvantnagar,Etawah
Uttar Pradesh,Maize,2022,9,2022-09-01,Jaunpur APMC,2213.06,jaunpur,Jaunpur
Uttar Pradesh,Maize,2022,9,2022-09-01,Kamlaganj APMC,2227.92,kamlaganj,Farrukhabad
Uttar Pradesh,Maize,2022,9,2022-09-01,Kannauj APMC,2219.17,kannauj,Kannauj
Uttar Pradesh,Maize,2022,9,2022-09-01,Kanpur(Grain) APMC,2353.32,kanpur(grain),Jaunpur
Uttar Pradesh,Maize,2022,9,2022-09-01,Kasganj APMC,2160.78,kasganj,Kasganj
Uttar Pradesh,Maize,2022,9,2022-09-01,Kayamganj APMC,2151.54,kayamganj,Farrukhabad
Uttar Pradesh,Maize,2022,9,2022-09-01,Khair APMC,,khair,Aligarh
Uttar Pradesh,Maize,2022,9,2022-09-01,Khurja APMC,2264.64,khurja,Bulandshahr
Uttar Pradesh,Maize,2022,9,2022-09-01,Lakhimpur APMC,1880.77,lakhimpur,Lalitpur
Uttar Pradesh,Maize,2022,9,2022-09-01,Lalitpur APMC,1906.08,lalitpur,Lalitpur
Uttar Pradesh,Maize,2022,9,2022-09-01,Madhoganj APMC,1990.83,madhoganj,Hardoi
Uttar Pradesh,Maize,2022,9,2022-09-01,Mainpuri APMC,2382.79,mainpuri,Mainpuri
Uttar Pradesh,Maize,2022,9,2022-09-01,Meerut APMC,2280.29,meerut,Meerut
Uttar Pradesh,Maize,2022,9,2022-09-01,Mohamadabad APMC,2207.29,mohamadabad,Farrukhabad
Uttar Pradesh,Maize,2022,9,2022-09-01,Naanpara APMC,1974.34,naanpara,Bahraich
Uttar Pradesh,Maize,2022,9,2022-09-01,Prayagraj APMC,2250.92,prayagraj,Prayagraj
Uttar Pradesh,Maize,2022,9,2022-09-01,Rura APMC,1870.16,rura,Kanpur Dehat
Uttar Pradesh,Maize,2022,9,2022-09-01,Saharanpur APMC,2269.15,saharanpur,Saharanpur
Uttar Pradesh,Maize,2022,9,2022-09-01,Sandila APMC,1983.65,sandila,Hardoi
Uttar Pradesh,Maize,2022,9,2022-09-01,Shahabad(New Mandi) APMC,1987.01,shahabad(new mandi),Hardoi
Uttar Pradesh,Maize,2022,9,2022-09-01,Shamli APMC,2263.42,shamli,Shamli
Uttar Pradesh,Maize,2022,9,2022-09-01,Shikohabad APMC,2057.04,shikohabad,Firozabad
Uttar Pradesh,Maize,2022,9,2022-09-01,Sikandraraau APMC,2220.19,sikandraraau,Hathras
Uttar Pradesh,Maize,2022,9,2022-09-01,Sikarpur APMC,2195.76,sikarpur,Bulandshahar
Uttar Pradesh,Maize,2022,9,2022-09-01,Sirsaganj APMC,2162.59,sirsaganj,Firozabad
Uttar Pradesh,Maize,2022,9,2022-09-01,Siyana APMC,2144.98,siyana,Bulandshahar
Uttar Pradesh,Maize,2022,9,2022-09-01,Ujhani APMC,2300.0,ujhani,Budaun
Uttar Pradesh,Maize,2022,9,2022-09-01,Unnao APMC,1993.5,unnao,Unnao
Uttar Pradesh,Maize,2022,9,2022-09-01,Varanasi APMC,2253.8,varanasi,Varanasi
Uttar Pradesh,Maize,2022,9,2022-09-01,Wazirganj APMC,2225.41,wazirganj,Budaun
Uttar Pradesh,Maize,2022,10,2022-10-01,Achalda APMC,2073.04,achalda,Auraiya
Uttar Pradesh,Maize,2022,10,2022-10-01,Agra APMC,2222.99,agra,Agra
Uttar Pradesh,Maize,2022,10,2022-10-01,Aliganj APMC,2064.11,aliganj,Etah
Uttar Pradesh,Maize,2022,10,2022-10-01,Aligarh APMC,2204.61,aligarh,Aligarh
Uttar Pradesh,Maize,2022,10,2022-10-01,Anoop Shahar APMC,,anoop shahar,Bulandshahr
Uttar Pradesh,Maize,2022,10,2022-10-01,Atrauli APMC,2068.0,atrauli,Aligarh
Uttar Pradesh,Maize,2022,10,2022-10-01,Badayoun APMC,,badayoun,Budaun
Uttar Pradesh,Maize,2022,10,2022-10-01,Bahraich APMC,2030.97,bahraich,Bahraich
Uttar Pradesh,Maize,2022,10,2022-10-01,Balrampur APMC,2048.11,balrampur,Balrampur
Uttar Pradesh,Maize,2022,10,2022-10-01,Bangarmau APMC,1988.4,bangarmau,Unnao
Uttar Pradesh,Maize,2022,10,2022-10-01,Baripaal APMC,,baripaal,Jaunpur
Uttar Pradesh,Maize,2022,10,2022-10-01,Bewar APMC,2026.35,bewar,Mainpuri
Uttar Pradesh,Maize,2022,10,2022-10-01,Bharthna APMC,2103.53,bharthna,Etawah
Uttar Pradesh,Maize,2022,10,2022-10-01,Bhehjoi APMC,,bhehjoi,Sambhal
Uttar Pradesh,Maize,2022,10,2022-10-01,Bilsi APMC,2271.44,bilsi,Budaun
Uttar Pradesh,Maize,2022,10,2022-10-01,Bindki APMC,,bindki,Fatehpur
Uttar Pradesh,Maize,2022,10,2022-10-01,Bisoli APMC,2170.41,bisoli,Badaun
Uttar Pradesh,Maize,2022,10,2022-10-01,Buland Shahr APMC,2290.99,buland shahr,Bulandshahr
Uttar Pradesh,Maize,2022,10,2022-10-01,Charra APMC,2217.7,charra,Aligarh
Uttar Pradesh,Maize,2022,10,2022-10-01,Chhibramau APMC,2127.33,chhibramau,Kannauj
Uttar Pradesh,Maize,2022,10,2022-10-01,Choubepur APMC,2124.64,choubepur,Jaunpur
Uttar Pradesh,Maize,2022,10,2022-10-01,DADRI APMC,2259.36,dadri,Gautam Buddha Nagar
Uttar Pradesh,Maize,2022,10,2022-10-01,Devariya APMC,2150.56,devariya,Deoria
Uttar Pradesh,Maize,2022,10,2022-10-01,Dibiapur APMC,1954.17,dibiapur,Auraiya
Uttar Pradesh,Maize,2022,10,2022-10-01,Divai APMC,1995.12,divai,Bulandshahar
Uttar Pradesh,Maize,2022,10,2022-10-01,Etah APMC,2252.96,etah,Etah
Uttar Pradesh,Maize,2022,10,2022-10-01,Farukhabad APMC,2104.34,farukhabad,Farrukhabad
Uttar Pradesh,Maize,2022,10,2022-10-01,Firozabad APMC,2213.88,firozabad,Firozabad
Uttar Pradesh,Maize,2022,10,2022-10-01,Ghaziabad APMC,2260.32,ghaziabad,Ghaziabad
Uttar Pradesh,Maize,2022,10,2022-10-01,Ghiraur APMC,2169.4,ghiraur,Mainpuri
Uttar Pradesh,Maize,2022,10,2022-10-01,Gonda APMC,2066.08,gonda,Gonda
Uttar Pradesh,Maize,2022,10,2022-10-01,Gorakhpur APMC,2146.34,gorakhpur,Gorakhpur
Uttar Pradesh,Maize,2022,10,2022-10-01,Haathras APMC,2189.91,haathras,Hathras
Uttar Pradesh,Maize,2022,10,2022-10-01,Hapur APMC,2242.29,hapur,Ghaziabad
Uttar Pradesh,Maize,2022,10,2022-10-01,Hardoi APMC,1974.99,hardoi,Hardoi
Uttar Pradesh,Maize,2022,10,2022-10-01,Jahangirabad APMC,2210.24,jahangirabad,Bulandshahar
Uttar Pradesh,Maize,2022,10,2022-10-01,Jasvantnagar APMC,2129.83,jasvantnagar,Etawah
Uttar Pradesh,Maize,2022,10,2022-10-01,Jaunpur APMC,2237.84,jaunpur,Jaunpur
Uttar Pradesh,Maize,2022,10,2022-10-01,Kamlaganj APMC,2139.12,kamlaganj,Farrukhabad
Uttar Pradesh,Maize,2022,10,2022-10-01,Kannauj APMC,2190.15,kannauj,Kannauj
Uttar Pradesh,Maize,2022,10,2022-10-01,Kanpur(Grain) APMC,2301.41,kanpur(grain),Jaunpur
Uttar Pradesh,Maize,2022,10,2022-10-01,Kasganj APMC,2228.89,kasganj,Kasganj
Uttar Pradesh,Maize,2022,10,2022-10-01,Kayamganj APMC,2090.19,kayamganj,Farrukhabad
Uttar Pradesh,Maize,2022,10,2022-10-01,Khurja APMC,2295.79,khurja,Bulandshahr
Uttar Pradesh,Maize,2022,10,2022-10-01,Lakhimpur APMC,1871.58,lakhimpur,Lalitpur
Uttar Pradesh,Maize,2022,10,2022-10-01,Lalitpur APMC,2010.15,lalitpur,Lalitpur
Uttar Pradesh,Maize,2022,10,2022-10-01,Madhoganj APMC,1983.65,madhoganj,Hardoi
Uttar Pradesh,Maize,2022,10,2022-10-01,Mainpuri APMC,2181.5,mainpuri,Mainpuri
Uttar Pradesh,Maize,2022,10,2022-10-01,Meerut APMC,2271.34,meerut,Meerut
Uttar Pradesh,Maize,2022,10,2022-10-01,Mohamadabad APMC,2264.76,mohamadabad,Farrukhabad
Uttar Pradesh,Maize,2022,10,2022-10-01,Naanpara APMC,2017.44,naanpara,Bahraich
Uttar Pradesh,Maize,2022,10,2022-10-01,Prayagraj APMC,,prayagraj,Prayagraj
Uttar Pradesh,Maize,2022,10,2022-10-01,Pukharayan APMC,,pukharayan,Kanpur Dehat
Uttar Pradesh,Maize,2022,10,2022-10-01,Rura APMC,1927.82,rura,Kanpur Dehat
Uttar Pradesh,Maize,2022,10,2022-10-01,Saharanpur APMC,2270.34,saharanpur,Saharanpur
Uttar Pradesh,Maize,2022,10,2022-10-01,Sandila APMC,2003.89,sandila,Hardoi
Uttar Pradesh,Maize,2022,10,2022-10-01,Shahabad(New Mandi) APMC,,shahabad(new mandi),Hardoi
Uttar Pradesh,Maize,2022,10,2022-10-01,Shahaswan APMC,2150.0,shahaswan,Badaun
Uttar Pradesh,Maize,2022,10,2022-10-01,Shamli APMC,2256.5,shamli,Shamli
Uttar Pradesh,Maize,2022,10,2022-10-01,Shikohabad APMC,1913.17,shikohabad,Firozabad
Uttar Pradesh,Maize,2022,10,2022-10-01,Sikandraraau APMC,2194.88,sikandraraau,Hathras
Uttar Pradesh,Maize,2022,10,2022-10-01,Sikarpur APMC,2245.99,sikarpur,Bulandshahar
Uttar Pradesh,Maize,2022,10,2022-10-01,Sirsaganj APMC,2208.43,sirsaganj,Firozabad
Uttar Pradesh,Maize,2022,10,2022-10-01,Siyana APMC,2114.08,siyana,Bulandshahar
Uttar Pradesh,Maize,2022,10,2022-10-01,Ujhani APMC,,ujhani,Budaun
Uttar Pradesh,Maize,2022,10,2022-10-01,Unnao APMC,1988.15,unnao,Unnao
Uttar Pradesh,Maize,2022,10,2022-10-01,Uttaripura APMC,,uttaripura,Jaunpur
Uttar Pradesh,Maize,2022,10,2022-10-01,Varanasi APMC,2242.96,varanasi,Varanasi
Uttar Pradesh,Maize,2022,10,2022-10-01,Wazirganj APMC,2226.28,wazirganj,Budaun
Uttar Pradesh,Maize,2022,11,2022-11-01,Achalda APMC,2005.79,achalda,Auraiya
Uttar Pradesh,Maize,2022,11,2022-11-01,Agra APMC,2307.88,agra,Agra
Uttar Pradesh,Maize,2022,11,2022-11-01,Aliganj APMC,2043.11,aliganj,Etah
Uttar Pradesh,Maize,2022,11,2022-11-01,Aligarh APMC,2298.2,aligarh,Aligarh
Uttar Pradesh,Maize,2022,11,2022-11-01,Atrauli APMC,,atrauli,Aligarh
Uttar Pradesh,Maize,2022,11,2022-11-01,Babrala APMC,1980.0,babrala,Budaun
Uttar Pradesh,Maize,2022,11,2022-11-01,Badayoun APMC,,badayoun,Budaun
Uttar Pradesh,Maize,2022,11,2022-11-01,Bahraich APMC,2058.22,bahraich,Bahraich
Uttar Pradesh,Maize,2022,11,2022-11-01,Balrampur APMC,2073.0,balrampur,Balrampur
Uttar Pradesh,Maize,2022,11,2022-11-01,Bangarmau APMC,1979.38,bangarmau,Unnao
Uttar Pradesh,Maize,2022,11,2022-11-01,Bewar APMC,2007.03,bewar,Mainpuri
Uttar Pradesh,Maize,2022,11,2022-11-01,Bharthna APMC,2087.02,bharthna,Etawah
Uttar Pradesh,Maize,2022,11,2022-11-01,Bilsi APMC,2336.8,bilsi,Budaun
Uttar Pradesh,Maize,2022,11,2022-11-01,Bisoli APMC,,bisoli,Badaun
Uttar Pradesh,Maize,2022,11,2022-11-01,Buland Shahr APMC,2325.28,buland shahr,Bulandshahr
Uttar Pradesh,Maize,2022,11,2022-11-01,Charra APMC,2297.4,charra,Aligarh
Uttar Pradesh,Maize,2022,11,2022-11-01,Chhibramau APMC,2156.07,chhibramau,Kannauj
Uttar Pradesh,Maize,2022,11,2022-11-01,Choubepur APMC,1991.88,choubepur,Jaunpur
Uttar Pradesh,Maize,2022,11,2022-11-01,DADRI APMC,2315.51,dadri,Gautam Buddha Nagar
Uttar Pradesh,Maize,2022,11,2022-11-01,Devariya APMC,2152.88,devariya,Deoria
Uttar Pradesh,Maize,2022,11,2022-11-01,Dibiapur APMC,1872.73,dibiapur,Auraiya
Uttar Pradesh,Maize,2022,11,2022-11-01,Divai APMC,2013.02,divai,Bulandshahar
Uttar Pradesh,Maize,2022,11,2022-11-01,Etah APMC,2282.25,etah,Etah
Uttar Pradesh,Maize,2022,11,2022-11-01,Farukhabad APMC,2072.15,farukhabad,Farrukhabad
Uttar Pradesh,Maize,2022,11,2022-11-01,Firozabad APMC,2282.41,firozabad,Firozabad
Uttar Pradesh,Maize,2022,11,2022-11-01,Ghaziabad APMC,2320.5,ghaziabad,Ghaziabad
Uttar Pradesh,Maize,2022,11,2022-11-01,Ghiraur APMC,2273.34,ghiraur,Mainpuri
Uttar Pradesh,Maize,2022,11,2022-11-01,Gonda APMC,2071.26,gonda,Gonda
Uttar Pradesh,Maize,2022,11,2022-11-01,Gorakhpur APMC,2159.54,gorakhpur,Gorakhpur
Uttar Pradesh,Maize,2022,11,2022-11-01,Haathras APMC,2267.56,haathras,Hathras
Uttar Pradesh,Maize,2022,11,2022-11-01,Hapur APMC,2281.85,hapur,Ghaziabad
Uttar Pradesh,Maize,2022,11,2022-11-01,Hardoi APMC,1986.75,hardoi,Hardoi
Uttar Pradesh,Maize,2022,11,2022-11-01,Jahangirabad APMC,2229.27,jahangirabad,Bulandshahar
Uttar Pradesh,Maize,2022,11,2022-11-01,Jalalabad APMC,,jalalabad,Bijnor
Uttar Pradesh,Maize,2022,11,2022-11-01,Jasvantnagar APMC,2102.45,jasvantnagar,Etawah
Uttar Pradesh,Maize,2022,11,2022-11-01,Jaunpur APMC,2257.32,jaunpur,Jaunpur
Uttar Pradesh,Maize,2022,11,2022-11-01,Jhijhank APMC,2004.06,jhijhank,Kanpur Dehat
Uttar Pradesh,Maize,2022,11,2022-11-01,Kamlaganj APMC,1997.92,kamlaganj,Farrukhabad
Uttar Pradesh,Maize,2022,11,2022-11-01,Kannauj APMC,2034.37,kannauj,Kannauj
Uttar Pradesh,Maize,2022,11,2022-11-01,Kanpur(Grain) APMC,2075.87,kanpur(grain),Jaunpur
Uttar Pradesh,Maize,2022,11,2022-11-01,Kasganj APMC,2285.33,kasganj,Kasganj
Uttar Pradesh,Maize,2022,11,2022-11-01,Kayamganj APMC,2049.45,kayamganj,Farrukhabad
Uttar Pradesh,Maize,2022,11,2022-11-01,Khair APMC,2276.22,khair,Aligarh
Uttar Pradesh,Maize,2022,11,2022-11-01,Khurja APMC,2273.06,khurja,Bulandshahr
Uttar Pradesh,Maize,2022,11,2022-11-01,Lakhimpur APMC,1864.38,lakhimpur,Lalitpur
Uttar Pradesh,Maize,2022,11,2022-11-01,Lalitpur APMC,2013.87,lalitpur,Lalitpur
Uttar Pradesh,Maize,2022,11,2022-11-01,Madhoganj APMC,1989.4,madhoganj,Hardoi
Uttar Pradesh,Maize,2022,11,2022-11-01,Mainpuri APMC,2273.61,mainpuri,Mainpuri
Uttar Pradesh,Maize,2022,11,2022-11-01,Meerut APMC,2312.97,meerut,Meerut
Uttar Pradesh,Maize,2022,11,2022-11-01,Mohamadabad APMC,2146.37,mohamadabad,Farrukhabad
Uttar Pradesh,Maize,2022,11,2022-11-01,Naanpara APMC,2058.4,naanpara,Bahraich
Uttar Pradesh,Maize,2022,11,2022-11-01,Pukharayan APMC,2161.02,pukharayan,Kanpur Dehat
Uttar Pradesh,Maize,2022,11,2022-11-01,Rura APMC,1971.88,rura,Kanpur Dehat
Uttar Pradesh,Maize,2022,11,2022-11-01,Saharanpur APMC,2295.31,saharanpur,Saharanpur
Uttar Pradesh,Maize,2022,11,2022-11-01,Sandi APMC,,sandi,Hardoi
Uttar Pradesh,Maize,2022,11,2022-11-01,Sandila APMC,1988.76,sandila,Hardoi
Uttar Pradesh,Maize,2022,11,2022-11-01,Shahabad(New Mandi) APMC,,shahabad(new mandi),Hardoi
Uttar Pradesh,Maize,2022,11,2022-11-01,Shahaswan APMC,2129.87,shahaswan,Badaun
Uttar Pradesh,Maize,2022,11,2022-11-01,Shamli APMC,2329.36,shamli,Shamli
Uttar Pradesh,Maize,2022,11,2022-11-01,Shikohabad APMC,1921.57,shikohabad,Firozabad
Uttar Pradesh,Maize,2022,11,2022-11-01,Sikandraraau APMC,2152.59,sikandraraau,Hathras
Uttar Pradesh,Maize,2022,11,2022-11-01,Sikarpur APMC,2292.88,sikarpur,Bulandshahar
Uttar Pradesh,Maize,2022,11,2022-11-01,Sirsaganj APMC,2258.42,sirsaganj,Firozabad
Uttar Pradesh,Maize,2022,11,2022-11-01,Siyana APMC,,siyana,Bulandshahar
Uttar Pradesh,Maize,2022,11,2022-11-01,Unnao APMC,1998.5,unnao,Unnao
Uttar Pradesh,Maize,2022,11,2022-11-01,Varanasi APMC,2272.36,varanasi,Varanasi
Uttar Pradesh,Maize,2022,11,2022-11-01,Wazirganj APMC,2250.0,wazirganj,Budaun
Uttar Pradesh,Maize,2022,12,2022-12-01,Achalda APMC,2078.75,achalda,Auraiya
Uttar Pradesh,Maize,2022,12,2022-12-01,Agra APMC,2347.14,agra,Agra
Uttar Pradesh,Maize,2022,12,2022-12-01,Aliganj APMC,2011.05,aliganj,Etah
Uttar Pradesh,Maize,2022,12,2022-12-01,Aligarh APMC,2337.52,aligarh,Aligarh
Uttar Pradesh,Maize,2022,12,2022-12-01,Atrauli APMC,,atrauli,Aligarh
Uttar Pradesh,Maize,2022,12,2022-12-01,Babrala APMC,,babrala,Budaun
Uttar Pradesh,Maize,2022,12,2022-12-01,Bahraich APMC,2065.88,bahraich,Bahraich
Uttar Pradesh,Maize,2022,12,2022-12-01,Balrampur APMC,2069.63,balrampur,Balrampur
Uttar Pradesh,Maize,2022,12,2022-12-01,Bangarmau APMC,2053.99,bangarmau,Unnao
Uttar Pradesh,Maize,2022,12,2022-12-01,Baripaal APMC,1900.0,baripaal,Jaunpur
Uttar Pradesh,Maize,2022,12,2022-12-01,Bewar APMC,2011.05,bewar,Mainpuri
Uttar Pradesh,Maize,2022,12,2022-12-01,Bharthna APMC,2093.86,bharthna,Etawah
Uttar Pradesh,Maize,2022,12,2022-12-01,Bilsi APMC,2209.82,bilsi,Budaun
Uttar Pradesh,Maize,2022,12,2022-12-01,Buland Shahr APMC,2378.98,buland shahr,Bulandshahr
Uttar Pradesh,Maize,2022,12,2022-12-01,Charra APMC,2347.44,charra,Aligarh
Uttar Pradesh,Maize,2022,12,2022-12-01,Chhibramau APMC,2139.13,chhibramau,Kannauj
Uttar Pradesh,Maize,2022,12,2022-12-01,Choubepur APMC,2085.36,choubepur,Jaunpur
Uttar Pradesh,Maize,2022,12,2022-12-01,DADRI APMC,2370.14,dadri,Gautam Buddha Nagar
Uttar Pradesh,Maize,2022,12,2022-12-01,Dankaur APMC,,dankaur,Gautam Buddha Nagar
Uttar Pradesh,Maize,2022,12,2022-12-01,Devariya APMC,2162.56,devariya,Deoria
Uttar Pradesh,Maize,2022,12,2022-12-01,Dibiapur APMC,,dibiapur,Auraiya
Uttar Pradesh,Maize,2022,12,2022-12-01,Divai APMC,2004.94,divai,Bulandshahar
Uttar Pradesh,Maize,2022,12,2022-12-01,Etah APMC,2408.87,etah,Etah
Uttar Pradesh,Maize,2022,12,2022-12-01,Farukhabad APMC,2077.92,farukhabad,Farrukhabad
Uttar Pradesh,Maize,2022,12,2022-12-01,Firozabad APMC,2311.29,firozabad,Firozabad
Uttar Pradesh,Maize,2022,12,2022-12-01,Ghaziabad APMC,2385.2,ghaziabad,Ghaziabad
Uttar Pradesh,Maize,2022,12,2022-12-01,Ghiraur APMC,2346.43,ghiraur,Mainpuri
Uttar Pradesh,Maize,2022,12,2022-12-01,Gonda APMC,2065.94,gonda,Gonda
Uttar Pradesh,Maize,2022,12,2022-12-01,Gorakhpur APMC,2159.89,gorakhpur,Gorakhpur
Uttar Pradesh,Maize,2022,12,2022-12-01,Haathras APMC,2322.39,haathras,Hathras
Uttar Pradesh,Maize,2022,12,2022-12-01,Hapur APMC,2367.05,hapur,Ghaziabad
Uttar Pradesh,Maize,2022,12,2022-12-01,Hardoi APMC,2015.65,hardoi,Hardoi
Uttar Pradesh,Maize,2022,12,2022-12-01,Jahangirabad APMC,2351.74,jahangirabad,Bulandshahar
Uttar Pradesh,Maize,2022,12,2022-12-01,Jasvantnagar APMC,2105.8,jasvantnagar,Etawah
Uttar Pradesh,Maize,2022,12,2022-12-01,Jaunpur APMC,2321.34,jaunpur,Jaunpur
Uttar Pradesh,Maize,2022,12,2022-12-01,Jhijhank APMC,2006.75,jhijhank,Kanpur Dehat
Uttar Pradesh,Maize,2022,12,2022-12-01,Kamlaganj APMC,2022.58,kamlaganj,Farrukhabad
Uttar Pradesh,Maize,2022,12,2022-12-01,Kannauj APMC,2064.84,kannauj,Kannauj
Uttar Pradesh,Maize,2022,12,2022-12-01,Kanpur(Grain) APMC,2179.41,kanpur(grain),Jaunpur
Uttar Pradesh,Maize,2022,12,2022-12-01,Kasganj APMC,2334.48,kasganj,Kasganj
Uttar Pradesh,Maize,2022,12,2022-12-01,Kayamganj APMC,2089.28,kayamganj,Farrukhabad
Uttar Pradesh,Maize,2022,12,2022-12-01,Khair APMC,2336.35,khair,Aligarh
Uttar Pradesh,Maize,2022,12,2022-12-01,Khurja APMC,,khurja,Bulandshahr
Uttar Pradesh,Maize,2022,12,2022-12-01,Lakhimpur APMC,1946.49,lakhimpur,Lalitpur
Uttar Pradesh,Maize,2022,12,2022-12-01,Lalitpur APMC,2011.9,lalitpur,Lalitpur
Uttar Pradesh,Maize,2022,12,2022-12-01,Madhoganj APMC,2010.67,madhoganj,Hardoi
Uttar Pradesh,Maize,2022,12,2022-12-01,Mainpuri APMC,2334.81,mainpuri,Mainpuri
Uttar Pradesh,Maize,2022,12,2022-12-01,Meerut APMC,2372.66,meerut,Meerut
Uttar Pradesh,Maize,2022,12,2022-12-01,Mohamadabad APMC,2153.3,mohamadabad,Farrukhabad
Uttar Pradesh,Maize,2022,12,2022-12-01,Naanpara APMC,2065.85,naanpara,Bahraich
Uttar Pradesh,Maize,2022,12,2022-12-01,Prayagraj APMC,2150.0,prayagraj,Prayagraj
Uttar Pradesh,Maize,2022,12,2022-12-01,Pukharayan APMC,2015.48,pukharayan,Kanpur Dehat
Uttar Pradesh,Maize,2022,12,2022-12-01,Rura APMC,1966.47,rura,Kanpur Dehat
Uttar Pradesh,Maize,2022,12,2022-12-01,Saharanpur APMC,2364.85,saharanpur,Saharanpur
Uttar Pradesh,Maize,2022,12,2022-12-01,Sandila APMC,2003.26,sandila,Hardoi
Uttar Pradesh,Maize,2022,12,2022-12-01,Shahabad(New Mandi) APMC,,shahabad(new mandi),Hardoi
Uttar Pradesh,Maize,2022,12,2022-12-01,Shahaswan APMC,,shahaswan,Badaun
Uttar Pradesh,Maize,2022,12,2022-12-01,Shamli APMC,2405.77,shamli,Shamli
Uttar Pradesh,Maize,2022,12,2022-12-01,Shikohabad APMC,2026.74,shikohabad,Firozabad
Uttar Pradesh,Maize,2022,12,2022-12-01,Sikandraraau APMC,1985.0,sikandraraau,Hathras
Uttar Pradesh,Maize,2022,12,2022-12-01,Sikarpur APMC,2300.0,sikarpur,Bulandshahar
Uttar Pradesh,Maize,2022,12,2022-12-01,Sirsaganj APMC,2328.48,sirsaganj,Firozabad
Uttar Pradesh,Maize,2022,12,2022-12-01,Unnao APMC,2023.52,unnao,Unnao
Uttar Pradesh,Maize,2022,12,2022-12-01,Varanasi APMC,2329.12,varanasi,Varanasi
Uttar Pradesh,Maize,2022,12,2022-12-01,Wazirganj APMC,,wazirganj,Budaun
Uttar Pradesh,Maize,2023,1,2023-01-01,Achalda APMC,2171.41,achalda,Auraiya
Uttar Pradesh,Maize,2023,1,2023-01-01,Agra APMC,2362.12,agra,Agra
Uttar Pradesh,Maize,2023,1,2023-01-01,Aliganj APMC,2027.88,aliganj,Etah
Uttar Pradesh,Maize,2023,1,2023-01-01,Aligarh APMC,2345.7,aligarh,Aligarh
Uttar Pradesh,Maize,2023,1,2023-01-01,Atrauli APMC,,atrauli,Aligarh
Uttar Pradesh,Maize,2023,1,2023-01-01,Bahraich APMC,2073.78,bahraich,Bahraich
Uttar Pradesh,Maize,2023,1,2023-01-01,Balrampur APMC,2066.98,balrampur,Balrampur
Uttar Pradesh,Maize,2023,1,2023-01-01,Bangarmau APMC,2071.14,bangarmau,Unnao
Uttar Pradesh,Maize,2023,1,2023-01-01,Baripaal APMC,,baripaal,Jaunpur
Uttar Pradesh,Maize,2023,1,2023-01-01,Bewar APMC,2016.38,bewar,Mainpuri
Uttar Pradesh,Maize,2023,1,2023-01-01,Bharthna APMC,2197.92,bharthna,Etawah
Uttar Pradesh,Maize,2023,1,2023-01-01,Bilsi APMC,2246.3,bilsi,Budaun
Uttar Pradesh,Maize,2023,1,2023-01-01,Buland Shahr APMC,2336.82,buland shahr,Bulandshahr
Uttar Pradesh,Maize,2023,1,2023-01-01,Charra APMC,2353.25,charra,Aligarh
Uttar Pradesh,Maize,2023,1,2023-01-01,Chhibramau APMC,2125.26,chhibramau,Kannauj
Uttar Pradesh,Maize,2023,1,2023-01-01,Choubepur APMC,2213.2,choubepur,Jaunpur
Uttar Pradesh,Maize,2023,1,2023-01-01,DADRI APMC,2367.94,dadri,Gautam Buddha Nagar
Uttar Pradesh,Maize,2023,1,2023-01-01,Dankaur APMC,,dankaur,Gautam Buddha Nagar
Uttar Pradesh,Maize,2023,1,2023-01-01,Devariya APMC,2164.04,devariya,Deoria
Uttar Pradesh,Maize,2023,1,2023-01-01,Dibiapur APMC,2150.0,dibiapur,Auraiya
Uttar Pradesh,Maize,2023,1,2023-01-01,Divai APMC,2012.22,divai,Bulandshahar
Uttar Pradesh,Maize,2023,1,2023-01-01,Etah APMC,2375.27,etah,Etah
Uttar Pradesh,Maize,2023,1,2023-01-01,Farukhabad APMC,2167.75,farukhabad,Farrukhabad
Uttar Pradesh,Maize,2023,1,2023-01-01,Firozabad APMC,2274.73,firozabad,Firozabad
Uttar Pradesh,Maize,2023,1,2023-01-01,Ghaziabad APMC,2376.86,ghaziabad,Ghaziabad
Uttar Pradesh,Maize,2023,1,2023-01-01,Ghiraur APMC,2345.32,ghiraur,Mainpuri
Uttar Pradesh,Maize,2023,1,2023-01-01,Gonda APMC,2087.32,gonda,Gonda
Uttar Pradesh,Maize,2023,1,2023-01-01,Gorakhpur APMC,2160.67,gorakhpur,Gorakhpur
Uttar Pradesh,Maize,2023,1,2023-01-01,Haathras APMC,2352.98,haathras,Hathras
Uttar Pradesh,Maize,2023,1,2023-01-01,Hapur APMC,2368.49,hapur,Ghaziabad
Uttar Pradesh,Maize,2023,1,2023-01-01,Hardoi APMC,2038.32,hardoi,Hardoi
Uttar Pradesh,Maize,2023,1,2023-01-01,Jahangirabad APMC,2361.41,jahangirabad,Bulandshahar
Uttar Pradesh,Maize,2023,1,2023-01-01,Jasvantnagar APMC,,jasvantnagar,Etawah
Uttar Pradesh,Maize,2023,1,2023-01-01,Jaunpur APMC,2352.36,jaunpur,Jaunpur
Uttar Pradesh,Maize,2023,1,2023-01-01,Jhijhank APMC,2237.52,jhijhank,Kanpur Dehat
Uttar Pradesh,Maize,2023,1,2023-01-01,Kamlaganj APMC,2079.8,kamlaganj,Farrukhabad
Uttar Pradesh,Maize,2023,1,2023-01-01,Kannauj APMC,2155.51,kannauj,Kannauj
Uttar Pradesh,Maize,2023,1,2023-01-01,Kanpur(Grain) APMC,2403.97,kanpur(grain),Jaunpur
Uttar Pradesh,Maize,2023,1,2023-01-01,Kasganj APMC,2385.21,kasganj,Kasganj
Uttar Pradesh,Maize,2023,1,2023-01-01,Kayamganj APMC,2150.15,kayamganj,Farrukhabad
Uttar Pradesh,Maize,2023,1,2023-01-01,Khair APMC,2345.29,khair,Aligarh
Uttar Pradesh,Maize,2023,1,2023-01-01,Khurja APMC,,khurja,Bulandshahr
Uttar Pradesh,Maize,2023,1,2023-01-01,Lakhimpur APMC,2002.09,lakhimpur,Lalitpur
Uttar Pradesh,Maize,2023,1,2023-01-01,Lalitpur APMC,2125.34,lalitpur,Lalitpur
Uttar Pradesh,Maize,2023,1,2023-01-01,Madhoganj APMC,2026.98,madhoganj,Hardoi
Uttar Pradesh,Maize,2023,1,2023-01-01,Mainpuri APMC,2341.54,mainpuri,Mainpuri
Uttar Pradesh,Maize,2023,1,2023-01-01,Meerut APMC,2378.65,meerut,Meerut
Uttar Pradesh,Maize,2023,1,2023-01-01,Mohamadabad APMC,2214.19,mohamadabad,Farrukhabad
Uttar Pradesh,Maize,2023,1,2023-01-01,Naanpara APMC,2072.49,naanpara,Bahraich
Uttar Pradesh,Maize,2023,1,2023-01-01,Prayagraj APMC,2200.0,prayagraj,Prayagraj
Uttar Pradesh,Maize,2023,1,2023-01-01,Pukharayan APMC,2100.39,pukharayan,Kanpur Dehat
Uttar Pradesh,Maize,2023,1,2023-01-01,Rura APMC,,rura,Kanpur Dehat
Uttar Pradesh,Maize,2023,1,2023-01-01,Saharanpur APMC,2373.69,saharanpur,Saharanpur
Uttar Pradesh,Maize,2023,1,2023-01-01,Sandila APMC,2025.33,sandila,Hardoi
Uttar Pradesh,Maize,2023,1,2023-01-01,Shahabad(New Mandi) APMC,2029.88,shahabad(new mandi),Hardoi
Uttar Pradesh,Maize,2023,1,2023-01-01,Shamli APMC,2374.7,shamli,Shamli
Uttar Pradesh,Maize,2023,1,2023-01-01,Shikohabad APMC,2348.84,shikohabad,Firozabad
Uttar Pradesh,Maize,2023,1,2023-01-01,Sikandraraau APMC,,sikandraraau,Hathras
Uttar Pradesh,Maize,2023,1,2023-01-01,Sikarpur APMC,,sikarpur,Bulandshahar
Uttar Pradesh,Maize,2023,1,2023-01-01,Sirsaganj APMC,2349.73,sirsaganj,Firozabad
Uttar Pradesh,Maize,2023,1,2023-01-01,Ujhani APMC,,ujhani,Budaun
Uttar Pradesh,Maize,2023,1,2023-01-01,Unnao APMC,2023.01,unnao,Unnao
Uttar Pradesh,Maize,2023,1,2023-01-01,Varanasi APMC,2351.53,varanasi,Varanasi
Uttar Pradesh,Maize,2023,2,2023-02-01,Achalda APMC,2183.41,achalda,Auraiya
Uttar Pradesh,Maize,2023,2,2023-02-01,Agra APMC,2366.54,agra,Agra
Uttar Pradesh,Maize,2023,2,2023-02-01,Aliganj APMC,2008.86,aliganj,Etah
Uttar Pradesh,Maize,2023,2,2023-02-01,Aligarh APMC,2362.95,aligarh,Aligarh
Uttar Pradesh,Maize,2023,2,2023-02-01,Atrauli APMC,2050.0,atrauli,Aligarh
Uttar Pradesh,Maize,2023,2,2023-02-01,Bahraich APMC,2110.8,bahraich,Bahraich
Uttar Pradesh,Maize,2023,2,2023-02-01,Balrampur APMC,2105.43,balrampur,Balrampur
Uttar Pradesh,Maize,2023,2,2023-02-01,Bangarmau APMC,2077.23,bangarmau,Unnao
Uttar Pradesh,Maize,2023,2,2023-02-01,Bewar APMC,2017.48,bewar,Mainpuri
Uttar Pradesh,Maize,2023,2,2023-02-01,Bharthna APMC,2180.57,bharthna,Etawah
Uttar Pradesh,Maize,2023,2,2023-02-01,Bhehjoi APMC,,bhehjoi,Sambhal
Uttar Pradesh,Maize,2023,2,2023-02-01,Bilsi APMC,,bilsi,Budaun
Uttar Pradesh,Maize,2023,2,2023-02-01,Bisoli APMC,2400.0,bisoli,Badaun
Uttar Pradesh,Maize,2023,2,2023-02-01,Buland Shahr APMC,2365.09,buland shahr,Bulandshahr
Uttar Pradesh,Maize,2023,2,2023-02-01,Charra APMC,2364.37,charra,Aligarh
Uttar Pradesh,Maize,2023,2,2023-02-01,Chhibramau APMC,2106.36,chhibramau,Kannauj
Uttar Pradesh,Maize,2023,2,2023-02-01,Choubepur APMC,2187.8,choubepur,Jaunpur
Uttar Pradesh,Maize,2023,2,2023-02-01,DADRI APMC,2376.18,dadri,Gautam Buddha Nagar
Uttar Pradesh,Maize,2023,2,2023-02-01,Dankaur APMC,,dankaur,Gautam Buddha Nagar
Uttar Pradesh,Maize,2023,2,2023-02-01,Devariya APMC,2169.96,devariya,Deoria
Uttar Pradesh,Maize,2023,2,2023-02-01,Dibiapur APMC,,dibiapur,Auraiya
Uttar Pradesh,Maize,2023,2,2023-02-01,Divai APMC,2053.23,divai,Bulandshahar
Uttar Pradesh,Maize,2023,2,2023-02-01,Etah APMC,2373.6,etah,Etah
Uttar Pradesh,Maize,2023,2,2023-02-01,Farukhabad APMC,2136.06,farukhabad,Farrukhabad
Uttar Pradesh,Maize,2023,2,2023-02-01,Firozabad APMC,2285.17,firozabad,Firozabad
Uttar Pradesh,Maize,2023,2,2023-02-01,Ghaziabad APMC,2376.98,ghaziabad,Ghaziabad
Uttar Pradesh,Maize,2023,2,2023-02-01,Ghiraur APMC,2337.38,ghiraur,Mainpuri
Uttar Pradesh,Maize,2023,2,2023-02-01,Gonda APMC,2126.83,gonda,Gonda
Uttar Pradesh,Maize,2023,2,2023-02-01,Gorakhpur APMC,2166.67,gorakhpur,Gorakhpur
Uttar Pradesh,Maize,2023,2,2023-02-01,Haathras APMC,2361.07,haathras,Hathras
Uttar Pradesh,Maize,2023,2,2023-02-01,Hapur APMC,2361.3,hapur,Ghaziabad
Uttar Pradesh,Maize,2023,2,2023-02-01,Hardoi APMC,2045.04,hardoi,Hardoi
Uttar Pradesh,Maize,2023,2,2023-02-01,Jahangirabad APMC,2393.85,jahangirabad,Bulandshahar
Uttar Pradesh,Maize,2023,2,2023-02-01,Jaunpur APMC,2350.21,jaunpur,Jaunpur
Uttar Pradesh,Maize,2023,2,2023-02-01,Jhijhank APMC,2181.26,jhijhank,Kanpur Dehat
Uttar Pradesh,Maize,2023,2,2023-02-01,Kamlaganj APMC,2043.49,kamlaganj,Farrukhabad
Uttar Pradesh,Maize,2023,2,2023-02-01,Kannauj APMC,2176.47,kannauj,Kannauj
Uttar Pradesh,Maize,2023,2,2023-02-01,Kanpur(Grain) APMC,2372.93,kanpur(grain),Jaunpur
Uttar Pradesh,Maize,2023,2,2023-02-01,Kasganj APMC,2345.57,kasganj,Kasganj
Uttar Pradesh,Maize,2023,2,2023-02-01,Kayamganj APMC,2125.04,kayamganj,Farrukhabad
Uttar Pradesh,Maize,2023,2,2023-02-01,Khair APMC,2359.23,khair,Aligarh
Uttar Pradesh,Maize,2023,2,2023-02-01,Lakhimpur APMC,2007.39,lakhimpur,Lalitpur
Uttar Pradesh,Maize,2023,2,2023-02-01,Lalitpur APMC,2114.0,lalitpur,Lalitpur
Uttar Pradesh,Maize,2023,2,2023-02-01,Madhoganj APMC,2024.41,madhoganj,Hardoi
Uttar Pradesh,Maize,2023,2,2023-02-01,Mainpuri APMC,2333.41,mainpuri,Mainpuri
Uttar Pradesh,Maize,2023,2,2023-02-01,Meerut APMC,2385.78,meerut,Meerut
Uttar Pradesh,Maize,2023,2,2023-02-01,Mohamadabad APMC,2169.07,mohamadabad,Farrukhabad
Uttar Pradesh,Maize,2023,2,2023-02-01,Naanpara APMC,2109.03,naanpara,Bahraich
Uttar Pradesh,Maize,2023,2,2023-02-01,Nawabganj APMC,,nawabganj,Gonda
Uttar Pradesh,Maize,2023,2,2023-02-01,Prayagraj APMC,,prayagraj,Prayagraj
Uttar Pradesh,Maize,2023,2,2023-02-01,Pukharayan APMC,2185.52,pukharayan,Kanpur Dehat
Uttar Pradesh,Maize,2023,2,2023-02-01,Rura APMC,,rura,Kanpur Dehat
Uttar Pradesh,Maize,2023,2,2023-02-01,Saharanpur APMC,2377.69,saharanpur,Saharanpur
Uttar Pradesh,Maize,2023,2,2023-02-01,Sandila APMC,2019.62,sandila,Hardoi
Uttar Pradesh,Maize,2023,2,2023-02-01,Shahabad(New Mandi) APMC,2035.2,shahabad(new mandi),Hardoi
Uttar Pradesh,Maize,2023,2,2023-02-01,Shahaswan APMC,2150.0,shahaswan,Badaun
Uttar Pradesh,Maize,2023,2,2023-02-01,Shamli APMC,2376.76,shamli,Shamli
Uttar Pradesh,Maize,2023,2,2023-02-01,Shikohabad APMC,2345.51,shikohabad,Firozabad
Uttar Pradesh,Maize,2023,2,2023-02-01,Sikandraraau APMC,2343.08,sikandraraau,Hathras
Uttar Pradesh,Maize,2023,2,2023-02-01,Sirsaganj APMC,2338.57,sirsaganj,Firozabad
Uttar Pradesh,Maize,2023,2,2023-02-01,Ujhani APMC,,ujhani,Budaun
Uttar Pradesh,Maize,2023,2,2023-02-01,Unnao APMC,2005.16,unnao,Unnao
Uttar Pradesh,Maize,2023,2,2023-02-01,Varanasi APMC,2349.93,varanasi,Varanasi
Uttar Pradesh,Maize,2023,3,2023-03-01,Achalda APMC,2141.62,achalda,Auraiya
Uttar Pradesh,Maize,2023,3,2023-03-01,Agra APMC,,agra,Agra
Uttar Pradesh,Maize,2023,3,2023-03-01,Aliganj APMC,2011.36,aliganj,Etah
Uttar Pradesh,Maize,2023,3,2023-03-01,Aligarh APMC,2371.39,aligarh,Aligarh
Uttar Pradesh,Maize,2023,3,2023-03-01,Atrauli APMC,,atrauli,Aligarh
Uttar Pradesh,Maize,2023,3,2023-03-01,Bahraich APMC,2121.22,bahraich,Bahraich
Uttar Pradesh,Maize,2023,3,2023-03-01,Balrampur APMC,2118.16,balrampur,Balrampur
Uttar Pradesh,Maize,2023,3,2023-03-01,Bangarmau APMC,2039.47,bangarmau,Unnao
Uttar Pradesh,Maize,2023,3,2023-03-01,Bewar APMC,2008.77,bewar,Mainpuri
Uttar Pradesh,Maize,2023,3,2023-03-01,Bharthna APMC,2117.91,bharthna,Etawah
Uttar Pradesh,Maize,2023,3,2023-03-01,Bhehjoi APMC,,bhehjoi,Sambhal
Uttar Pradesh,Maize,2023,3,2023-03-01,Bilsi APMC,,bilsi,Budaun
Uttar Pradesh,Maize,2023,3,2023-03-01,Bisoli APMC,,bisoli,Badaun
Uttar Pradesh,Maize,2023,3,2023-03-01,Buland Shahr APMC,,buland shahr,Bulandshahr
Uttar Pradesh,Maize,2023,3,2023-03-01,Charra APMC,2386.11,charra,Aligarh
Uttar Pradesh,Maize,2023,3,2023-03-01,Chhibramau APMC,2118.23,chhibramau,Kannauj
Uttar Pradesh,Maize,2023,3,2023-03-01,Choubepur APMC,2122.85,choubepur,Jaunpur
Uttar Pradesh,Maize,2023,3,2023-03-01,DADRI APMC,2373.44,dadri,Gautam Buddha Nagar
Uttar Pradesh,Maize,2023,3,2023-03-01,Devariya APMC,,devariya,Deoria
Uttar Pradesh,Maize,2023,3,2023-03-01,Divai APMC,2044.44,divai,Bulandshahar
Uttar Pradesh,Maize,2023,3,2023-03-01,Etah APMC,2364.6,etah,Etah
Uttar Pradesh,Maize,2023,3,2023-03-01,Farukhabad APMC,2119.71,farukhabad,Farrukhabad
Uttar Pradesh,Maize,2023,3,2023-03-01,Firozabad APMC,2279.97,firozabad,Firozabad
Uttar Pradesh,Maize,2023,3,2023-03-01,Ghaziabad APMC,2378.6,ghaziabad,Ghaziabad
Uttar Pradesh,Maize,2023,3,2023-03-01,Ghiraur APMC,2348.95,ghiraur,Mainpuri
Uttar Pradesh,Maize,2023,3,2023-03-01,Gonda APMC,2202.23,gonda,Gonda
Uttar Pradesh,Maize,2023,3,2023-03-01,Gorakhpur APMC,2114.99,gorakhpur,Gorakhpur
Uttar Pradesh,Maize,2023,3,2023-03-01,Haathras APMC,2350.45,haathras,Hathras
Uttar Pradesh,Maize,2023,3,2023-03-01,Hapur APMC,2361.78,hapur,Ghaziabad
Uttar Pradesh,Maize,2023,3,2023-03-01,Hardoi APMC,2041.9,hardoi,Hardoi
Uttar Pradesh,Maize,2023,3,2023-03-01,Jahangirabad APMC,2345.01,jahangirabad,Bulandshahar
Uttar Pradesh,Maize,2023,3,2023-03-01,Jasvantnagar APMC,,jasvantnagar,Etawah
Uttar Pradesh,Maize,2023,3,2023-03-01,Jaunpur APMC,2283.68,jaunpur,Jaunpur
Uttar Pradesh,Maize,2023,3,2023-03-01,Jhijhank APMC,2006.11,jhijhank,Kanpur Dehat
Uttar Pradesh,Maize,2023,3,2023-03-01,Kamlaganj APMC,2029.34,kamlaganj,Farrukhabad
Uttar Pradesh,Maize,2023,3,2023-03-01,Kannauj APMC,2158.58,kannauj,Kannauj
Uttar Pradesh,Maize,2023,3,2023-03-01,Kanpur(Grain) APMC,2275.64,kanpur(grain),Jaunpur
Uttar Pradesh,Maize,2023,3,2023-03-01,Kasganj APMC,2353.25,kasganj,Kasganj
Uttar Pradesh,Maize,2023,3,2023-03-01,Kayamganj APMC,2148.23,kayamganj,Farrukhabad
Uttar Pradesh,Maize,2023,3,2023-03-01,Khair APMC,2319.3,khair,Aligarh
Uttar Pradesh,Maize,2023,3,2023-03-01,Lakhimpur APMC,2025.84,lakhimpur,Lalitpur
Uttar Pradesh,Maize,2023,3,2023-03-01,Lalitpur APMC,2123.19,lalitpur,Lalitpur
Uttar Pradesh,Maize,2023,3,2023-03-01,Madhoganj APMC,2032.83,madhoganj,Hardoi
Uttar Pradesh,Maize,2023,3,2023-03-01,Mainpuri APMC,2338.43,mainpuri,Mainpuri
Uttar Pradesh,Maize,2023,3,2023-03-01,Meerut APMC,2375.78,meerut,Meerut
Uttar Pradesh,Maize,2023,3,2023-03-01,Mohamadabad APMC,2103.39,mohamadabad,Farrukhabad
Uttar Pradesh,Maize,2023,3,2023-03-01,Naanpara APMC,2120.86,naanpara,Bahraich
Uttar Pradesh,Maize,2023,3,2023-03-01,Nawabganj APMC,,nawabganj,Gonda
Uttar Pradesh,Maize,2023,3,2023-03-01,Pukharayan APMC,2115.28,pukharayan,Kanpur Dehat
Uttar Pradesh,Maize,2023,3,2023-03-01,Rura APMC,,rura,Kanpur Dehat
Uttar Pradesh,Maize,2023,3,2023-03-01,Saharanpur APMC,2371.88,saharanpur,Saharanpur
Uttar Pradesh,Maize,2023,3,2023-03-01,Sandila APMC,2015.29,sandila,Hardoi
Uttar Pradesh,Maize,2023,3,2023-03-01,Shahabad(New Mandi) APMC,2029.84,shahabad(new mandi),Hardoi
Uttar Pradesh,Maize,2023,3,2023-03-01,Shahaswan APMC,2150.0,shahaswan,Badaun
Uttar Pradesh,Maize,2023,3,2023-03-01,Shamli APMC,2376.15,shamli,Shamli
Uttar Pradesh,Maize,2023,3,2023-03-01,Shikohabad APMC,2282.68,shikohabad,Firozabad
Uttar Pradesh,Maize,2023,3,2023-03-01,Sikandraraau APMC,,sikandraraau,Hathras
Uttar Pradesh,Maize,2023,3,2023-03-01,Sirsaganj APMC,2298.95,sirsaganj,Firozabad
Uttar Pradesh,Maize,2023,3,2023-03-01,Ujhani APMC,,ujhani,Budaun
Uttar Pradesh,Maize,2023,3,2023-03-01,Unnao APMC,2001.53,unnao,Unnao
Uttar Pradesh,Maize,2023,3,2023-03-01,Varanasi APMC,2281.28,varanasi,Varanasi
Uttar Pradesh,Maize,2023,4,2023-04-01,Achalda APMC,2080.64,achalda,Auraiya
Uttar Pradesh,Maize,2023,4,2023-04-01,Aliganj APMC,2010.43,aliganj,Etah
Uttar Pradesh,Maize,2023,4,2023-04-01,Aligarh APMC,2348.64,aligarh,Aligarh
Uttar Pradesh,Maize,2023,4,2023-04-01,Bahraich APMC,2200.91,bahraich,Bahraich
Uttar Pradesh,Maize,2023,4,2023-04-01,Balrampur APMC,2196.47,balrampur,Balrampur
Uttar Pradesh,Maize,2023,4,2023-04-01,Bangarmau APMC,2031.17,bangarmau,Unnao
Uttar Pradesh,Maize,2023,4,2023-04-01,Bewar APMC,2009.62,bewar,Mainpuri
Uttar Pradesh,Maize,2023,4,2023-04-01,Bharthna APMC,2091.86,bharthna,Etawah
Uttar Pradesh,Maize,2023,4,2023-04-01,Bhehjoi APMC,,bhehjoi,Sambhal
Uttar Pradesh,Maize,2023,4,2023-04-01,Bilsi APMC,2103.28,bilsi,Budaun
Uttar Pradesh,Maize,2023,4,2023-04-01,Buland Shahr APMC,2349.0,buland shahr,Bulandshahr
Uttar Pradesh,Maize,2023,4,2023-04-01,Charra APMC,2348.06,charra,Aligarh
Uttar Pradesh,Maize,2023,4,2023-04-01,Chhibramau APMC,2138.42,chhibramau,Kannauj
Uttar Pradesh,Maize,2023,4,2023-04-01,Choubepur APMC,2089.73,choubepur,Jaunpur
Uttar Pradesh,Maize,2023,4,2023-04-01,DADRI APMC,2376.96,dadri,Gautam Buddha Nagar
Uttar Pradesh,Maize,2023,4,2023-04-01,Divai APMC,,divai,Bulandshahar
Uttar Pradesh,Maize,2023,4,2023-04-01,Etah APMC,2339.1,etah,Etah
Uttar Pradesh,Maize,2023,4,2023-04-01,Farukhabad APMC,2128.01,farukhabad,Farrukhabad
Uttar Pradesh,Maize,2023,4,2023-04-01,Firozabad APMC,2313.99,firozabad,Firozabad
Uttar Pradesh,Maize,2023,4,2023-04-01,Ghaziabad APMC,2375.77,ghaziabad,Ghaziabad
Uttar Pradesh,Maize,2023,4,2023-04-01,Ghiraur APMC,2345.68,ghiraur,Mainpuri
Uttar Pradesh,Maize,2023,4,2023-04-01,Gonda APMC,2239.46,gonda,Gonda
Uttar Pradesh,Maize,2023,4,2023-04-01,Gorakhpur APMC,2164.15,gorakhpur,Gorakhpur
Uttar Pradesh,Maize,2023,4,2023-04-01,Haathras APMC,2347.89,haathras,Hathras
Uttar Pradesh,Maize,2023,4,2023-04-01,Hapur APMC,2358.11,hapur,Ghaziabad
Uttar Pradesh,Maize,2023,4,2023-04-01,Hardoi APMC,2026.24,hardoi,Hardoi
Uttar Pradesh,Maize,2023,4,2023-04-01,Jahangirabad APMC,2342.93,jahangirabad,Bulandshahar
Uttar Pradesh,Maize,2023,4,2023-04-01,Jaunpur APMC,2272.94,jaunpur,Jaunpur
Uttar Pradesh,Maize,2023,4,2023-04-01,Jhijhank APMC,2003.76,jhijhank,Kanpur Dehat
Uttar Pradesh,Maize,2023,4,2023-04-01,Kamlaganj APMC,1450.0,kamlaganj,Farrukhabad
Uttar Pradesh,Maize,2023,4,2023-04-01,Kannauj APMC,2130.31,kannauj,Kannauj
Uttar Pradesh,Maize,2023,4,2023-04-01,Kanpur(Grain) APMC,2338.91,kanpur(grain),Jaunpur
Uttar Pradesh,Maize,2023,4,2023-04-01,Kasganj APMC,2362.21,kasganj,Kasganj
Uttar Pradesh,Maize,2023,4,2023-04-01,Kayamganj APMC,2147.11,kayamganj,Farrukhabad
Uttar Pradesh,Maize,2023,4,2023-04-01,Khair APMC,2347.12,khair,Aligarh
Uttar Pradesh,Maize,2023,4,2023-04-01,Lakhimpur APMC,2061.95,lakhimpur,Lalitpur
Uttar Pradesh,Maize,2023,4,2023-04-01,Lalitpur APMC,1980.0,lalitpur,Lalitpur
Uttar Pradesh,Maize,2023,4,2023-04-01,Madhoganj APMC,2023.44,madhoganj,Hardoi
Uttar Pradesh,Maize,2023,4,2023-04-01,Mainpuri APMC,2360.83,mainpuri,Mainpuri
Uttar Pradesh,Maize,2023,4,2023-04-01,Meerut APMC,2371.03,meerut,Meerut
Uttar Pradesh,Maize,2023,4,2023-04-01,Mohamadabad APMC,2070.98,mohamadabad,Farrukhabad
Uttar Pradesh,Maize,2023,4,2023-04-01,Naanpara APMC,2211.37,naanpara,Bahraich
Uttar Pradesh,Maize,2023,4,2023-04-01,Pukharayan APMC,2060.0,pukharayan,Kanpur Dehat
Uttar Pradesh,Maize,2023,4,2023-04-01,Rura APMC,2039.58,rura,Kanpur Dehat
Uttar Pradesh,Maize,2023,4,2023-04-01,Saharanpur APMC,2361.05,saharanpur,Saharanpur
Uttar Pradesh,Maize,2023,4,2023-04-01,Sandila APMC,2014.32,sandila,Hardoi
Uttar Pradesh,Maize,2023,4,2023-04-01,Shahabad(New Mandi) APMC,2021.43,shahabad(new mandi),Hardoi
Uttar Pradesh,Maize,2023,4,2023-04-01,Shahaswan APMC,2200.0,shahaswan,Badaun
Uttar Pradesh,Maize,2023,4,2023-04-01,Shamli APMC,2361.51,shamli,Shamli
Uttar Pradesh,Maize,2023,4,2023-04-01,Shikohabad APMC,2342.17,shikohabad,Firozabad
Uttar Pradesh,Maize,2023,4,2023-04-01,Sirsaganj APMC,2340.68,sirsaganj,Firozabad
Uttar Pradesh,Maize,2023,4,2023-04-01,Unnao APMC,2010.46,unnao,Unnao
Uttar Pradesh,Maize,2023,4,2023-04-01,Varanasi APMC,2287.85,varanasi,Varanasi
Uttar Pradesh,Maize,2023,5,2023-05-01,Achalda APMC,2112.51,achalda,Auraiya
Uttar Pradesh,Maize,2023,5,2023-05-01,Aliganj APMC,2010.57,aliganj,Etah
Uttar Pradesh,Maize,2023,5,2023-05-01,Aligarh APMC,2314.72,aligarh,Aligarh
Uttar Pradesh,Maize,2023,5,2023-05-01,Bahraich APMC,2202.06,bahraich,Bahraich
Uttar Pradesh,Maize,2023,5,2023-05-01,Balrampur APMC,2222.66,balrampur,Balrampur
Uttar Pradesh,Maize,2023,5,2023-05-01,Bangarmau APMC,2011.28,bangarmau,Unnao
Uttar Pradesh,Maize,2023,5,2023-05-01,Bewar APMC,1910.38,bewar,Mainpuri
Uttar Pradesh,Maize,2023,5,2023-05-01,Bharthna APMC,2116.54,bharthna,Etawah
Uttar Pradesh,Maize,2023,5,2023-05-01,Bhehjoi APMC,1750.0,bhehjoi,Sambhal
Uttar Pradesh,Maize,2023,5,2023-05-01,Bilsi APMC,,bilsi,Budaun
Uttar Pradesh,Maize,2023,5,2023-05-01,Buland Shahr APMC,,buland shahr,Bulandshahr
Uttar Pradesh,Maize,2023,5,2023-05-01,Charra APMC,2296.94,charra,Aligarh
Uttar Pradesh,Maize,2023,5,2023-05-01,Chhibramau APMC,2043.41,chhibramau,Kannauj
Uttar Pradesh,Maize,2023,5,2023-05-01,Choubepur APMC,2121.24,choubepur,Jaunpur
Uttar Pradesh,Maize,2023,5,2023-05-01,DADRI APMC,2368.2,dadri,Gautam Buddha Nagar
Uttar Pradesh,Maize,2023,5,2023-05-01,Etah APMC,2356.49,etah,Etah
Uttar Pradesh,Maize,2023,5,2023-05-01,Farukhabad APMC,2090.59,farukhabad,Farrukhabad
Uttar Pradesh,Maize,2023,5,2023-05-01,Firozabad APMC,2286.19,firozabad,Firozabad
Uttar Pradesh,Maize,2023,5,2023-05-01,Ghaziabad APMC,2375.92,ghaziabad,Ghaziabad
Uttar Pradesh,Maize,2023,5,2023-05-01,Ghiraur APMC,2336.0,ghiraur,Mainpuri
Uttar Pradesh,Maize,2023,5,2023-05-01,Gonda APMC,2243.47,gonda,Gonda
Uttar Pradesh,Maize,2023,5,2023-05-01,Gorakhpur APMC,2182.73,gorakhpur,Gorakhpur
Uttar Pradesh,Maize,2023,5,2023-05-01,Haathras APMC,2343.44,haathras,Hathras
Uttar Pradesh,Maize,2023,5,2023-05-01,Hapur APMC,2357.22,hapur,Ghaziabad
Uttar Pradesh,Maize,2023,5,2023-05-01,Hardoi APMC,2026.96,hardoi,Hardoi
Uttar Pradesh,Maize,2023,5,2023-05-01,Jahangirabad APMC,,jahangirabad,Bulandshahar
Uttar Pradesh,Maize,2023,5,2023-05-01,Jaunpur APMC,2323.95,jaunpur,Jaunpur
Uttar Pradesh,Maize,2023,5,2023-05-01,Jhijhank APMC,2035.0,jhijhank,Kanpur Dehat
Uttar Pradesh,Maize,2023,5,2023-05-01,Kamlaganj APMC,,kamlaganj,Farrukhabad
Uttar Pradesh,Maize,2023,5,2023-05-01,Kannauj APMC,2125.77,kannauj,Kannauj
Uttar Pradesh,Maize,2023,5,2023-05-01,Kanpur(Grain) APMC,2220.28,kanpur(grain),Jaunpur
Uttar Pradesh,Maize,2023,5,2023-05-01,Kasganj APMC,2365.42,kasganj,Kasganj
Uttar Pradesh,Maize,2023,5,2023-05-01,Kayamganj APMC,2140.18,kayamganj,Farrukhabad
Uttar Pradesh,Maize,2023,5,2023-05-01,Khair APMC,2350.19,khair,Aligarh
Uttar Pradesh,Maize,2023,5,2023-05-01,Lakhimpur APMC,2102.35,lakhimpur,Lalitpur
Uttar Pradesh,Maize,2023,5,2023-05-01,Lalitpur APMC,1984.12,lalitpur,Lalitpur
Uttar Pradesh,Maize,2023,5,2023-05-01,Madhoganj APMC,2033.73,madhoganj,Hardoi
Uttar Pradesh,Maize,2023,5,2023-05-01,Mainpuri APMC,2335.41,mainpuri,Mainpuri
Uttar Pradesh,Maize,2023,5,2023-05-01,Meerut APMC,,meerut,Meerut
Uttar Pradesh,Maize,2023,5,2023-05-01,Mohamadabad APMC,2065.06,mohamadabad,Farrukhabad
Uttar Pradesh,Maize,2023,5,2023-05-01,Naanpara APMC,2200.99,naanpara,Bahraich
Uttar Pradesh,Maize,2023,5,2023-05-01,Pukharayan APMC,,pukharayan,Kanpur Dehat
Uttar Pradesh,Maize,2023,5,2023-05-01,Rura APMC,2107.16,rura,Kanpur Dehat
Uttar Pradesh,Maize,2023,5,2023-05-01,Saharanpur APMC,2363.0,saharanpur,Saharanpur
Uttar Pradesh,Maize,2023,5,2023-05-01,Sandila APMC,2022.74,sandila,Hardoi
Uttar Pradesh,Maize,2023,5,2023-05-01,Shahabad(New Mandi) APMC,2060.0,shahabad(new mandi),Hardoi
Uttar Pradesh,Maize,2023,5,2023-05-01,Shahaswan APMC,,shahaswan,Badaun
Uttar Pradesh,Maize,2023,5,2023-05-01,Shamli APMC,2361.16,shamli,Shamli
Uttar Pradesh,Maize,2023,5,2023-05-01,Shikohabad APMC,2333.07,shikohabad,Firozabad
Uttar Pradesh,Maize,2023,5,2023-05-01,Sirsaganj APMC,2339.31,sirsaganj,Firozabad
Uttar Pradesh,Maize,2023,5,2023-05-01,Unnao APMC,2028.9,unnao,Unnao
Uttar Pradesh,Maize,2023,5,2023-05-01,Varanasi APMC,2330.93,varanasi,Varanasi
Uttar Pradesh,Maize,2023,6,2023-06-01,Achalda APMC,1940.32,achalda,Auraiya
Uttar Pradesh,Maize,2023,6,2023-06-01,Agra APMC,,agra,Agra
Uttar Pradesh,Maize,2023,6,2023-06-01,Aliganj APMC,1673.44,aliganj,Etah
Uttar Pradesh,Maize,2023,6,2023-06-01,Aligarh APMC,2001.0,aligarh,Aligarh
Uttar Pradesh,Maize,2023,6,2023-06-01,Anoop Shahar APMC,,anoop shahar,Bulandshahr
Uttar Pradesh,Maize,2023,6,2023-06-01,Atrauli APMC,,atrauli,Aligarh
Uttar Pradesh,Maize,2023,6,2023-06-01,Babrala APMC,1957.72,babrala,Budaun
Uttar Pradesh,Maize,2023,6,2023-06-01,Badayoun APMC,1705.13,badayoun,Budaun
Uttar Pradesh,Maize,2023,6,2023-06-01,Bahraich APMC,2043.58,bahraich,Bahraich
Uttar Pradesh,Maize,2023,6,2023-06-01,Balrampur APMC,2104.57,balrampur,Balrampur
Uttar Pradesh,Maize,2023,6,2023-06-01,Bangarmau APMC,1973.26,bangarmau,Unnao
Uttar Pradesh,Maize,2023,6,2023-06-01,Baripaal APMC,1000.0,baripaal,Jaunpur
Uttar Pradesh,Maize,2023,6,2023-06-01,Bewar APMC,1715.28,bewar,Mainpuri
Uttar Pradesh,Maize,2023,6,2023-06-01,Bharthna APMC,1892.56,bharthna,Etawah
Uttar Pradesh,Maize,2023,6,2023-06-01,Bhehjoi APMC,1758.57,bhehjoi,Sambhal
Uttar Pradesh,Maize,2023,6,2023-06-01,Bilsi APMC,1726.07,bilsi,Budaun
Uttar Pradesh,Maize,2023,6,2023-06-01,Bisoli APMC,1667.81,bisoli,Badaun
Uttar Pradesh,Maize,2023,6,2023-06-01,Buland Shahr APMC,2106.58,buland shahr,Bulandshahr
Uttar Pradesh,Maize,2023,6,2023-06-01,Charra APMC,1999.53,charra,Aligarh
Uttar Pradesh,Maize,2023,6,2023-06-01,Chhibramau APMC,1747.16,chhibramau,Kannauj
Uttar Pradesh,Maize,2023,6,2023-06-01,Choubepur APMC,1897.34,choubepur,Jaunpur
Uttar Pradesh,Maize,2023,6,2023-06-01,DADRI APMC,2235.4,dadri,Gautam Buddha Nagar
Uttar Pradesh,Maize,2023,6,2023-06-01,Dibiapur APMC,1654.78,dibiapur,Auraiya
Uttar Pradesh,Maize,2023,6,2023-06-01,Divai APMC,1810.02,divai,Bulandshahar
Uttar Pradesh,Maize,2023,6,2023-06-01,Etah APMC,2166.95,etah,Etah
Uttar Pradesh,Maize,2023,6,2023-06-01,Farukhabad APMC,1769.83,farukhabad,Farrukhabad
Uttar Pradesh,Maize,2023,6,2023-06-01,Firozabad APMC,2143.09,firozabad,Firozabad
Uttar Pradesh,Maize,2023,6,2023-06-01,Ghaziabad APMC,2145.45,ghaziabad,Ghaziabad
Uttar Pradesh,Maize,2023,6,2023-06-01,Ghiraur APMC,2124.21,ghiraur,Mainpuri
Uttar Pradesh,Maize,2023,6,2023-06-01,Golagokarnath APMC,2095.84,golagokarnath,Lalitpur
Uttar Pradesh,Maize,2023,6,2023-06-01,Gonda APMC,2259.96,gonda,Gonda
Uttar Pradesh,Maize,2023,6,2023-06-01,Gorakhpur APMC,2229.47,gorakhpur,Gorakhpur
Uttar Pradesh,Maize,2023,6,2023-06-01,Haathras APMC,1993.38,haathras,Hathras
Uttar Pradesh,Maize,2023,6,2023-06-01,Hapur APMC,2107.7,hapur,Ghaziabad
Uttar Pradesh,Maize,2023,6,2023-06-01,Hardoi APMC,2030.81,hardoi,Hardoi
Uttar Pradesh,Maize,2023,6,2023-06-01,Jahanabad APMC,,jahanabad,Fatehpur
Uttar Pradesh,Maize,2023,6,2023-06-01,Jahangirabad APMC,2102.17,jahangirabad,Bulandshahar
Uttar Pradesh,Maize,2023,6,2023-06-01,Jasvantnagar APMC,1905.91,jasvantnagar,Etawah
Uttar Pradesh,Maize,2023,6,2023-06-01,Jaunpur APMC,2272.34,jaunpur,Jaunpur
Uttar Pradesh,Maize,2023,6,2023-06-01,Jhijhank APMC,,jhijhank,Kanpur Dehat
Uttar Pradesh,Maize,2023,6,2023-06-01,Kamlaganj APMC,1780.0,kamlaganj,Farrukhabad
Uttar Pradesh,Maize,2023,6,2023-06-01,Kannauj APMC,1843.87,kannauj,Kannauj
Uttar Pradesh,Maize,2023,6,2023-06-01,Kanpur(Grain) APMC,1980.76,kanpur(grain),Jaunpur
Uttar Pradesh,Maize,2023,6,2023-06-01,Kasganj APMC,1966.38,kasganj,Kasganj
Uttar Pradesh,Maize,2023,6,2023-06-01,Kayamganj APMC,1828.45,kayamganj,Farrukhabad
Uttar Pradesh,Maize,2023,6,2023-06-01,Khair APMC,2033.01,khair,Aligarh
Uttar Pradesh,Maize,2023,6,2023-06-01,Khurja APMC,2118.89,khurja,Bulandshahr
Uttar Pradesh,Maize,2023,6,2023-06-01,Lakhimpur APMC,2091.99,lakhimpur,Lalitpur
Uttar Pradesh,Maize,2023,6,2023-06-01,Lalitpur APMC,,lalitpur,Lalitpur
Uttar Pradesh,Maize,2023,6,2023-06-01,Madhoganj APMC,2021.42,madhoganj,Hardoi
Uttar Pradesh,Maize,2023,6,2023-06-01,Mainpuri APMC,2080.5,mainpuri,Mainpuri
Uttar Pradesh,Maize,2023,6,2023-06-01,Meerut APMC,,meerut,Meerut
Uttar Pradesh,Maize,2023,6,2023-06-01,Mohamadabad APMC,1797.93,mohamadabad,Farrukhabad
Uttar Pradesh,Maize,2023,6,2023-06-01,Naanpara APMC,2038.37,naanpara,Bahraich
Uttar Pradesh,Maize,2023,6,2023-06-01,Rura APMC,2019.23,rura,Kanpur Dehat
Uttar Pradesh,Maize,2023,6,2023-06-01,Saharanpur APMC,2187.76,saharanpur,Saharanpur
Uttar Pradesh,Maize,2023,6,2023-06-01,Sandila APMC,2040.99,sandila,Hardoi
Uttar Pradesh,Maize,2023,6,2023-06-01,Shahabad(New Mandi) APMC,2023.18,shahabad(new mandi),Hardoi
Uttar Pradesh,Maize,2023,6,2023-06-01,Shahaswan APMC,1706.79,shahaswan,Badaun
Uttar Pradesh,Maize,2023,6,2023-06-01,Shamli APMC,2220.6,shamli,Shamli
Uttar Pradesh,Maize,2023,6,2023-06-01,Shikohabad APMC,2084.95,shikohabad,Firozabad
Uttar Pradesh,Maize,2023,6,2023-06-01,Sikandraraau APMC,1669.12,sikandraraau,Hathras
Uttar Pradesh,Maize,2023,6,2023-06-01,Sirsaganj APMC,2170.31,sirsaganj,Firozabad
Uttar Pradesh,Maize,2023,6,2023-06-01,Siyana APMC,1687.67,siyana,Bulandshahar
Uttar Pradesh,Maize,2023,6,2023-06-01,Tundla APMC,1753.82,tundla,Firozabad
Uttar Pradesh,Maize,2023,6,2023-06-01,Ujhani APMC,,ujhani,Budaun
Uttar Pradesh,Maize,2023,6,2023-06-01,Unnao APMC,2013.92,unnao,Unnao
Uttar Pradesh,Maize,2023,6,2023-06-01,Varanasi APMC,2238.2,varanasi,Varanasi
Uttar Pradesh,Maize,2023,6,2023-06-01,Wazirganj APMC,1675.93,wazirganj,Budaun
Uttar Pradesh,Maize,2023,7,2023-07-01,Achalda APMC,1758.82,achalda,Auraiya
Uttar Pradesh,Maize,2023,7,2023-07-01,Agra APMC,2180.0,agra,Agra
Uttar Pradesh,Maize,2023,7,2023-07-01,Aliganj APMC,1634.5,aliganj,Etah
Uttar Pradesh,Maize,2023,7,2023-07-01,Aligarh APMC,2006.63,aligarh,Aligarh
Uttar Pradesh,Maize,2023,7,2023-07-01,Anoop Shahar APMC,1776.03,anoop shahar,Bulandshahr
Uttar Pradesh,Maize,2023,7,2023-07-01,Atrauli APMC,1686.19,atrauli,Aligarh
Uttar Pradesh,Maize,2023,7,2023-07-01,Ayodhya APMC,2038.6,ayodhya,Ayodhya
Uttar Pradesh,Maize,2023,7,2023-07-01,Babrala APMC,1724.87,babrala,Budaun
Uttar Pradesh,Maize,2023,7,2023-07-01,Badayoun APMC,1755.01,badayoun,Budaun
Uttar Pradesh,Maize,2023,7,2023-07-01,Bahraich APMC,2017.17,bahraich,Bahraich
Uttar Pradesh,Maize,2023,7,2023-07-01,Balrampur APMC,2031.27,balrampur,Balrampur
Uttar Pradesh,Maize,2023,7,2023-07-01,Bangarmau APMC,1982.04,bangarmau,Unnao
Uttar Pradesh,Maize,2023,7,2023-07-01,Barabanki APMC,4400.0,barabanki,Bara Banki
Uttar Pradesh,Maize,2023,7,2023-07-01,Baripaal APMC,1800.0,baripaal,Jaunpur
Uttar Pradesh,Maize,2023,7,2023-07-01,Bewar APMC,1733.5,bewar,Mainpuri
Uttar Pradesh,Maize,2023,7,2023-07-01,Bharthna APMC,1738.74,bharthna,Etawah
Uttar Pradesh,Maize,2023,7,2023-07-01,Bhehjoi APMC,1774.29,bhehjoi,Sambhal
Uttar Pradesh,Maize,2023,7,2023-07-01,Bilsi APMC,1764.93,bilsi,Budaun
Uttar Pradesh,Maize,2023,7,2023-07-01,Bisoli APMC,1714.28,bisoli,Badaun
Uttar Pradesh,Maize,2023,7,2023-07-01,Buland Shahr APMC,2103.26,buland shahr,Bulandshahr
Uttar Pradesh,Maize,2023,7,2023-07-01,Charra APMC,2005.21,charra,Aligarh
Uttar Pradesh,Maize,2023,7,2023-07-01,Chhibramau APMC,1755.4,chhibramau,Kannauj
Uttar Pradesh,Maize,2023,7,2023-07-01,Choubepur APMC,1772.59,choubepur,Jaunpur
Uttar Pradesh,Maize,2023,7,2023-07-01,DADRI APMC,2133.1,dadri,Gautam Buddha Nagar
Uttar Pradesh,Maize,2023,7,2023-07-01,Dataganj APMC,1708.23,dataganj,Badaun
Uttar Pradesh,Maize,2023,7,2023-07-01,Dibiapur APMC,1734.46,dibiapur,Auraiya
Uttar Pradesh,Maize,2023,7,2023-07-01,Divai APMC,1736.67,divai,Bulandshahar
Uttar Pradesh,Maize,2023,7,2023-07-01,Etah APMC,2081.3,etah,Etah
Uttar Pradesh,Maize,2023,7,2023-07-01,Farukhabad APMC,1773.62,farukhabad,Farrukhabad
Uttar Pradesh,Maize,2023,7,2023-07-01,Firozabad APMC,2017.52,firozabad,Firozabad
Uttar Pradesh,Maize,2023,7,2023-07-01,Ghaziabad APMC,2157.5,ghaziabad,Ghaziabad
Uttar Pradesh,Maize,2023,7,2023-07-01,Ghiraur APMC,1982.51,ghiraur,Mainpuri
Uttar Pradesh,Maize,2023,7,2023-07-01,Golagokarnath APMC,2056.73,golagokarnath,Lalitpur
Uttar Pradesh,Maize,2023,7,2023-07-01,Gonda APMC,2050.9,gonda,Gonda
Uttar Pradesh,Maize,2023,7,2023-07-01,Gorakhpur APMC,2237.62,gorakhpur,Gorakhpur
Uttar Pradesh,Maize,2023,7,2023-07-01,Haathras APMC,2004.17,haathras,Hathras
Uttar Pradesh,Maize,2023,7,2023-07-01,Hapur APMC,2127.71,hapur,Ghaziabad
Uttar Pradesh,Maize,2023,7,2023-07-01,Hardoi APMC,2009.58,hardoi,Hardoi
Uttar Pradesh,Maize,2023,7,2023-07-01,Jahangirabad APMC,2101.97,jahangirabad,Bulandshahar
Uttar Pradesh,Maize,2023,7,2023-07-01,Jasvantnagar APMC,1778.99,jasvantnagar,Etawah
Uttar Pradesh,Maize,2023,7,2023-07-01,Jaunpur APMC,2181.27,jaunpur,Jaunpur
Uttar Pradesh,Maize,2023,7,2023-07-01,Jhijhank APMC,1883.97,jhijhank,Kanpur Dehat
Uttar Pradesh,Maize,2023,7,2023-07-01,Kamlaganj APMC,1766.17,kamlaganj,Farrukhabad
Uttar Pradesh,Maize,2023,7,2023-07-01,Kannauj APMC,1819.54,kannauj,Kannauj
Uttar Pradesh,Maize,2023,7,2023-07-01,Kanpur(Grain) APMC,1981.7,kanpur(grain),Jaunpur
Uttar Pradesh,Maize,2023,7,2023-07-01,Kasganj APMC,1888.57,kasganj,Kasganj
Uttar Pradesh,Maize,2023,7,2023-07-01,Kayamganj APMC,1793.42,kayamganj,Farrukhabad
Uttar Pradesh,Maize,2023,7,2023-07-01,Khair APMC,2023.87,khair,Aligarh
Uttar Pradesh,Maize,2023,7,2023-07-01,Khurja APMC,2101.42,khurja,Bulandshahr
Uttar Pradesh,Maize,2023,7,2023-07-01,Lakhimpur APMC,2056.01,lakhimpur,Lalitpur
Uttar Pradesh,Maize,2023,7,2023-07-01,Lalitpur APMC,,lalitpur,Lalitpur
Uttar Pradesh,Maize,2023,7,2023-07-01,Madhoganj APMC,2023.76,madhoganj,Hardoi
Uttar Pradesh,Maize,2023,7,2023-07-01,Mainpuri APMC,1988.09,mainpuri,Mainpuri
Uttar Pradesh,Maize,2023,7,2023-07-01,Meerut APMC,2163.33,meerut,Meerut
Uttar Pradesh,Maize,2023,7,2023-07-01,Mohamadabad APMC,1794.27,mohamadabad,Farrukhabad
Uttar Pradesh,Maize,2023,7,2023-07-01,Naanpara APMC,2021.66,naanpara,Bahraich
Uttar Pradesh,Maize,2023,7,2023-07-01,Powayan APMC,1761.11,powayan,Shahjahanpur
Uttar Pradesh,Maize,2023,7,2023-07-01,Rura APMC,,rura,Kanpur Dehat
Uttar Pradesh,Maize,2023,7,2023-07-01,Saharanpur APMC,2138.79,saharanpur,Saharanpur
Uttar Pradesh,Maize,2023,7,2023-07-01,Sandila APMC,2065.78,sandila,Hardoi
Uttar Pradesh,Maize,2023,7,2023-07-01,Shahabad(New Mandi) APMC,2025.25,shahabad(new mandi),Hardoi
Uttar Pradesh,Maize,2023,7,2023-07-01,Shahaswan APMC,1808.59,shahaswan,Badaun
Uttar Pradesh,Maize,2023,7,2023-07-01,Shamli APMC,2134.66,shamli,Shamli
Uttar Pradesh,Maize,2023,7,2023-07-01,Shikohabad APMC,1725.65,shikohabad,Firozabad
Uttar Pradesh,Maize,2023,7,2023-07-01,Sikandraraau APMC,1530.53,sikandraraau,Hathras
Uttar Pradesh,Maize,2023,7,2023-07-01,Sirsaganj APMC,2039.22,sirsaganj,Firozabad
Uttar Pradesh,Maize,2023,7,2023-07-01,Siyana APMC,1648.61,siyana,Bulandshahar
Uttar Pradesh,Maize,2023,7,2023-07-01,Tundla APMC,2534.08,tundla,Firozabad
Uttar Pradesh,Maize,2023,7,2023-07-01,Ujhani APMC,1759.01,ujhani,Budaun
Uttar Pradesh,Maize,2023,7,2023-07-01,Unnao APMC,2000.0,unnao,Unnao
Uttar Pradesh,Maize,2023,7,2023-07-01,Uttaripura APMC,1767.44,uttaripura,Jaunpur
Uttar Pradesh,Maize,2023,7,2023-07-01,Varanasi APMC,2156.2,varanasi,Varanasi
Uttar Pradesh,Maize,2023,7,2023-07-01,Wazirganj APMC,1724.15,wazirganj,Budaun
Uttar Pradesh,Maize,2023,8,2023-08-01,Achalda APMC,1782.83,achalda,Auraiya
Uttar Pradesh,Maize,2023,8,2023-08-01,Agra APMC,,agra,Agra
Uttar Pradesh,Maize,2023,8,2023-08-01,Aliganj APMC,1610.39,aliganj,Etah
Uttar Pradesh,Maize,2023,8,2023-08-01,Aligarh APMC,1959.03,aligarh,Aligarh
Uttar Pradesh,Maize,2023,8,2023-08-01,Anoop Shahar APMC,1700.4,anoop shahar,Bulandshahr
Uttar Pradesh,Maize,2023,8,2023-08-01,Atrauli APMC,1697.02,atrauli,Aligarh
Uttar Pradesh,Maize,2023,8,2023-08-01,Ayodhya APMC,2050.1,ayodhya,Ayodhya
Uttar Pradesh,Maize,2023,8,2023-08-01,Babrala APMC,1737.42,babrala,Budaun
Uttar Pradesh,Maize,2023,8,2023-08-01,Badayoun APMC,1757.13,badayoun,Budaun
Uttar Pradesh,Maize,2023,8,2023-08-01,Bahraich APMC,2009.54,bahraich,Bahraich
Uttar Pradesh,Maize,2023,8,2023-08-01,Balrampur APMC,2009.66,balrampur,Balrampur
Uttar Pradesh,Maize,2023,8,2023-08-01,Bangarmau APMC,2005.9,bangarmau,Unnao
Uttar Pradesh,Maize,2023,8,2023-08-01,Barabanki APMC,,barabanki,Bara Banki
Uttar Pradesh,Maize,2023,8,2023-08-01,Bareilly APMC,1800.0,bareilly,Bareilly
Uttar Pradesh,Maize,2023,8,2023-08-01,Baripaal APMC,2068.32,baripaal,Jaunpur
Uttar Pradesh,Maize,2023,8,2023-08-01,Bewar APMC,1739.16,bewar,Mainpuri
Uttar Pradesh,Maize,2023,8,2023-08-01,Bharthna APMC,1769.58,bharthna,Etawah
Uttar Pradesh,Maize,2023,8,2023-08-01,Bhehjoi APMC,1764.73,bhehjoi,Sambhal
Uttar Pradesh,Maize,2023,8,2023-08-01,Bilsi APMC,1752.01,bilsi,Budaun
Uttar Pradesh,Maize,2023,8,2023-08-01,Bindki APMC,,bindki,Fatehpur
Uttar Pradesh,Maize,2023,8,2023-08-01,Bisoli APMC,1695.0,bisoli,Badaun
Uttar Pradesh,Maize,2023,8,2023-08-01,Buland Shahr APMC,2086.17,buland shahr,Bulandshahr
Uttar Pradesh,Maize,2023,8,2023-08-01,Charra APMC,1959.82,charra,Aligarh
Uttar Pradesh,Maize,2023,8,2023-08-01,Chhibramau APMC,1757.23,chhibramau,Kannauj
Uttar Pradesh,Maize,2023,8,2023-08-01,Choubepur APMC,1835.18,choubepur,Jaunpur
Uttar Pradesh,Maize,2023,8,2023-08-01,DADRI APMC,2078.71,dadri,Gautam Buddha Nagar
Uttar Pradesh,Maize,2023,8,2023-08-01,Dataganj APMC,1680.0,dataganj,Badaun
Uttar Pradesh,Maize,2023,8,2023-08-01,Dibiapur APMC,1763.62,dibiapur,Auraiya
Uttar Pradesh,Maize,2023,8,2023-08-01,Divai APMC,1843.37,divai,Bulandshahar
Uttar Pradesh,Maize,2023,8,2023-08-01,Etah APMC,1959.55,etah,Etah
Uttar Pradesh,Maize,2023,8,2023-08-01,Farukhabad APMC,1707.88,farukhabad,Farrukhabad
Uttar Pradesh,Maize,2023,8,2023-08-01,Firozabad APMC,1997.42,firozabad,Firozabad
Uttar Pradesh,Maize,2023,8,2023-08-01,Ghaziabad APMC,2054.49,ghaziabad,Ghaziabad
Uttar Pradesh,Maize,2023,8,2023-08-01,Ghiraur APMC,1963.45,ghiraur,Mainpuri
Uttar Pradesh,Maize,2023,8,2023-08-01,Golagokarnath APMC,,golagokarnath,Lalitpur
Uttar Pradesh,Maize,2023,8,2023-08-01,Gonda APMC,1995.67,gonda,Gonda
Uttar Pradesh,Maize,2023,8,2023-08-01,Gorakhpur APMC,2113.96,gorakhpur,Gorakhpur
Uttar Pradesh,Maize,2023,8,2023-08-01,Haathras APMC,1975.68,haathras,Hathras
Uttar Pradesh,Maize,2023,8,2023-08-01,Hapur APMC,2083.59,hapur,Ghaziabad
Uttar Pradesh,Maize,2023,8,2023-08-01,Hardoi APMC,2029.87,hardoi,Hardoi
Uttar Pradesh,Maize,2023,8,2023-08-01,Jahangirabad APMC,2099.15,jahangirabad,Bulandshahar
Uttar Pradesh,Maize,2023,8,2023-08-01,Jasvantnagar APMC,1789.25,jasvantnagar,Etawah
Uttar Pradesh,Maize,2023,8,2023-08-01,Jaunpur APMC,2159.84,jaunpur,Jaunpur
Uttar Pradesh,Maize,2023,8,2023-08-01,Jayas APMC,2090.69,jayas,Rae Bareli
Uttar Pradesh,Maize,2023,8,2023-08-01,Jhijhank APMC,1877.01,jhijhank,Kanpur Dehat
Uttar Pradesh,Maize,2023,8,2023-08-01,Kamlaganj APMC,1754.7,kamlaganj,Farrukhabad
Uttar Pradesh,Maize,2023,8,2023-08-01,Kannauj APMC,1812.82,kannauj,Kannauj
Uttar Pradesh,Maize,2023,8,2023-08-01,Kanpur(Grain) APMC,1887.88,kanpur(grain),Jaunpur
Uttar Pradesh,Maize,2023,8,2023-08-01,Kasganj APMC,1862.47,kasganj,Kasganj
Uttar Pradesh,Maize,2023,8,2023-08-01,Kayamganj APMC,1735.8,kayamganj,Farrukhabad
Uttar Pradesh,Maize,2023,8,2023-08-01,Khair APMC,1949.8,khair,Aligarh
Uttar Pradesh,Maize,2023,8,2023-08-01,Khurja APMC,2097.95,khurja,Bulandshahr
Uttar Pradesh,Maize,2023,8,2023-08-01,Lakhimpur APMC,2032.58,lakhimpur,Lalitpur
Uttar Pradesh,Maize,2023,8,2023-08-01,Lalitpur APMC,,lalitpur,Lalitpur
Uttar Pradesh,Maize,2023,8,2023-08-01,Madhoganj APMC,2034.65,madhoganj,Hardoi
Uttar Pradesh,Maize,2023,8,2023-08-01,Mainpuri APMC,1965.87,mainpuri,Mainpuri
Uttar Pradesh,Maize,2023,8,2023-08-01,Meerut APMC,2060.0,meerut,Meerut
Uttar Pradesh,Maize,2023,8,2023-08-01,Mohamadabad APMC,1725.84,mohamadabad,Farrukhabad
Uttar Pradesh,Maize,2023,8,2023-08-01,Naanpara APMC,2009.38,naanpara,Bahraich
Uttar Pradesh,Maize,2023,8,2023-08-01,Powayan APMC,,powayan,Shahjahanpur
Uttar Pradesh,Maize,2023,8,2023-08-01,Prayagraj APMC,2025.0,prayagraj,Prayagraj
Uttar Pradesh,Maize,2023,8,2023-08-01,Rura APMC,1984.23,rura,Kanpur Dehat
Uttar Pradesh,Maize,2023,8,2023-08-01,Saharanpur APMC,2096.49,saharanpur,Saharanpur
Uttar Pradesh,Maize,2023,8,2023-08-01,Sandi APMC,2017.07,sandi,Hardoi
Uttar Pradesh,Maize,2023,8,2023-08-01,Sandila APMC,2030.23,sandila,Hardoi
Uttar Pradesh,Maize,2023,8,2023-08-01,Shahabad(New Mandi) APMC,2035.13,shahabad(new mandi),Hardoi
Uttar Pradesh,Maize,2023,8,2023-08-01,Shahaswan APMC,1676.72,shahaswan,Badaun
Uttar Pradesh,Maize,2023,8,2023-08-01,Shamli APMC,2102.22,shamli,Shamli
Uttar Pradesh,Maize,2023,8,2023-08-01,Shikohabad APMC,1910.52,shikohabad,Firozabad
Uttar Pradesh,Maize,2023,8,2023-08-01,Sikandraraau APMC,1472.93,sikandraraau,Hathras
Uttar Pradesh,Maize,2023,8,2023-08-01,Sikarpur APMC,2000.0,sikarpur,Bulandshahar
Uttar Pradesh,Maize,2023,8,2023-08-01,Sirsaganj APMC,2020.79,sirsaganj,Firozabad
Uttar Pradesh,Maize,2023,8,2023-08-01,Siyana APMC,1740.02,siyana,Bulandshahar
Uttar Pradesh,Maize,2023,8,2023-08-01,Tundla APMC,1792.49,tundla,Firozabad
Uttar Pradesh,Maize,2023,8,2023-08-01,Ujhani APMC,1756.72,ujhani,Budaun
Uttar Pradesh,Maize,2023,8,2023-08-01,Unnao APMC,,unnao,Unnao
Uttar Pradesh,Maize,2023,8,2023-08-01,Uttaripura APMC,1810.81,uttaripura,Jaunpur
Uttar Pradesh,Maize,2023,8,2023-08-01,Varanasi APMC,2104.91,varanasi,Varanasi
Uttar Pradesh,Maize,2023,8,2023-08-01,Wazirganj APMC,1708.54,wazirganj,Budaun
Uttar Pradesh,Maize,2023,9,2023-09-01,Achalda APMC,1905.95,achalda,Auraiya
Uttar Pradesh,Maize,2023,9,2023-09-01,Agra APMC,,agra,Agra
Uttar Pradesh,Maize,2023,9,2023-09-01,Aliganj APMC,1715.11,aliganj,Etah
Uttar Pradesh,Maize,2023,9,2023-09-01,Aligarh APMC,1967.89,aligarh,Aligarh
Uttar Pradesh,Maize,2023,9,2023-09-01,Anoop Shahar APMC,1744.87,anoop shahar,Bulandshahr
Uttar Pradesh,Maize,2023,9,2023-09-01,Atrauli APMC,1732.48,atrauli,Aligarh
Uttar Pradesh,Maize,2023,9,2023-09-01,Ayodhya APMC,2060.21,ayodhya,Ayodhya
Uttar Pradesh,Maize,2023,9,2023-09-01,Babrala APMC,1777.59,babrala,Budaun
Uttar Pradesh,Maize,2023,9,2023-09-01,Badayoun APMC,1873.77,badayoun,Budaun
Uttar Pradesh,Maize,2023,9,2023-09-01,Bahraich APMC,1998.92,bahraich,Bahraich
Uttar Pradesh,Maize,2023,9,2023-09-01,Balrampur APMC,1998.88,balrampur,Balrampur
Uttar Pradesh,Maize,2023,9,2023-09-01,Bangarmau APMC,2018.67,bangarmau,Unnao
Uttar Pradesh,Maize,2023,9,2023-09-01,Bareilly APMC,1991.58,bareilly,Bareilly
Uttar Pradesh,Maize,2023,9,2023-09-01,Baripaal APMC,1826.32,baripaal,Jaunpur
Uttar Pradesh,Maize,2023,9,2023-09-01,Bewar APMC,1754.65,bewar,Mainpuri
Uttar Pradesh,Maize,2023,9,2023-09-01,Bharthna APMC,1921.97,bharthna,Etawah
Uttar Pradesh,Maize,2023,9,2023-09-01,Bhehjoi APMC,1765.28,bhehjoi,Sambhal
Uttar Pradesh,Maize,2023,9,2023-09-01,Bijnaur APMC,1860.0,bijnaur,Bijnor
Uttar Pradesh,Maize,2023,9,2023-09-01,Bilsi APMC,1807.33,bilsi,Budaun
Uttar Pradesh,Maize,2023,9,2023-09-01,Bindki APMC,,bindki,Fatehpur
Uttar Pradesh,Maize,2023,9,2023-09-01,Bisoli APMC,1786.53,bisoli,Badaun
Uttar Pradesh,Maize,2023,9,2023-09-01,Buland Shahr APMC,2055.1,buland shahr,Bulandshahr
Uttar Pradesh,Maize,2023,9,2023-09-01,Charra APMC,1975.32,charra,Aligarh
Uttar Pradesh,Maize,2023,9,2023-09-01,Chhibramau APMC,1958.14,chhibramau,Kannauj
Uttar Pradesh,Maize,2023,9,2023-09-01,Choubepur APMC,1883.7,choubepur,Jaunpur
Uttar Pradesh,Maize,2023,9,2023-09-01,DADRI APMC,2051.72,dadri,Gautam Buddha Nagar
Uttar Pradesh,Maize,2023,9,2023-09-01,Dataganj APMC,1679.31,dataganj,Badaun
Uttar Pradesh,Maize,2023,9,2023-09-01,Dibiapur APMC,1769.09,dibiapur,Auraiya
Uttar Pradesh,Maize,2023,9,2023-09-01,Divai APMC,1894.44,divai,Bulandshahar
Uttar Pradesh,Maize,2023,9,2023-09-01,Etah APMC,1953.78,etah,Etah
Uttar Pradesh,Maize,2023,9,2023-09-01,Farukhabad APMC,1855.55,farukhabad,Farrukhabad
Uttar Pradesh,Maize,2023,9,2023-09-01,Firozabad APMC,2001.26,firozabad,Firozabad
Uttar Pradesh,Maize,2023,9,2023-09-01,Ghaziabad APMC,2047.83,ghaziabad,Ghaziabad
Uttar Pradesh,Maize,2023,9,2023-09-01,Ghiraur APMC,2001.67,ghiraur,Mainpuri
Uttar Pradesh,Maize,2023,9,2023-09-01,Gonda APMC,1982.06,gonda,Gonda
Uttar Pradesh,Maize,2023,9,2023-09-01,Gorakhpur APMC,2035.12,gorakhpur,Gorakhpur
Uttar Pradesh,Maize,2023,9,2023-09-01,Haathras APMC,1970.98,haathras,Hathras
Uttar Pradesh,Maize,2023,9,2023-09-01,Hapur APMC,2057.29,hapur,Ghaziabad
Uttar Pradesh,Maize,2023,9,2023-09-01,Hardoi APMC,2027.73,hardoi,Hardoi
Uttar Pradesh,Maize,2023,9,2023-09-01,Jahangirabad APMC,2094.86,jahangirabad,Bulandshahar
Uttar Pradesh,Maize,2023,9,2023-09-01,Jasvantnagar APMC,1901.73,jasvantnagar,Etawah
Uttar Pradesh,Maize,2023,9,2023-09-01,Jaunpur APMC,2126.62,jaunpur,Jaunpur
Uttar Pradesh,Maize,2023,9,2023-09-01,Jayas APMC,2063.28,jayas,Rae Bareli
Uttar Pradesh,Maize,2023,9,2023-09-01,Jhijhank APMC,1983.5,jhijhank,Kanpur Dehat
Uttar Pradesh,Maize,2023,9,2023-09-01,Kamlaganj APMC,1845.14,kamlaganj,Farrukhabad
Uttar Pradesh,Maize,2023,9,2023-09-01,Kannauj APMC,1867.06,kannauj,Kannauj
Uttar Pradesh,Maize,2023,9,2023-09-01,Kanpur(Grain) APMC,2008.27,kanpur(grain),Jaunpur
Uttar Pradesh,Maize,2023,9,2023-09-01,Kasganj APMC,1903.67,kasganj,Kasganj
Uttar Pradesh,Maize,2023,9,2023-09-01,Kayamganj APMC,1902.59,kayamganj,Farrukhabad
Uttar Pradesh,Maize,2023,9,2023-09-01,Khair APMC,1955.48,khair,Aligarh
Uttar Pradesh,Maize,2023,9,2023-09-01,Khurja APMC,2069.52,khurja,Bulandshahr
Uttar Pradesh,Maize,2023,9,2023-09-01,Lakhimpur APMC,2015.09,lakhimpur,Lalitpur
Uttar Pradesh,Maize,2023,9,2023-09-01,Lalitpur APMC,,lalitpur,Lalitpur
Uttar Pradesh,Maize,2023,9,2023-09-01,Madhoganj APMC,2027.47,madhoganj,Hardoi
Uttar Pradesh,Maize,2023,9,2023-09-01,Mainpuri APMC,2001.6,mainpuri,Mainpuri
Uttar Pradesh,Maize,2023,9,2023-09-01,Meerut APMC,2062.18,meerut,Meerut
Uttar Pradesh,Maize,2023,9,2023-09-01,Mohamadabad APMC,1858.62,mohamadabad,Farrukhabad
Uttar Pradesh,Maize,2023,9,2023-09-01,Naanpara APMC,1997.96,naanpara,Bahraich
Uttar Pradesh,Maize,2023,9,2023-09-01,Prayagraj APMC,,prayagraj,Prayagraj
Uttar Pradesh,Maize,2023,9,2023-09-01,Rura APMC,2037.8,rura,Kanpur Dehat
Uttar Pradesh,Maize,2023,9,2023-09-01,Saharanpur APMC,2064.92,saharanpur,Saharanpur
Uttar Pradesh,Maize,2023,9,2023-09-01,Sandi APMC,2024.7,sandi,Hardoi
Uttar Pradesh,Maize,2023,9,2023-09-01,Sandila APMC,2024.71,sandila,Hardoi
Uttar Pradesh,Maize,2023,9,2023-09-01,Shahabad(New Mandi) APMC,2023.83,shahabad(new mandi),Hardoi
Uttar Pradesh,Maize,2023,9,2023-09-01,Shahaswan APMC,1802.92,shahaswan,Badaun
Uttar Pradesh,Maize,2023,9,2023-09-01,Shamli APMC,2062.63,shamli,Shamli
Uttar Pradesh,Maize,2023,9,2023-09-01,Shikohabad APMC,2000.61,shikohabad,Firozabad
Uttar Pradesh,Maize,2023,9,2023-09-01,Sikandraraau APMC,1537.82,sikandraraau,Hathras
Uttar Pradesh,Maize,2023,9,2023-09-01,Sikarpur APMC,,sikarpur,Bulandshahar
Uttar Pradesh,Maize,2023,9,2023-09-01,Sirsaganj APMC,2025.71,sirsaganj,Firozabad
Uttar Pradesh,Maize,2023,9,2023-09-01,Siyana APMC,1849.45,siyana,Bulandshahar
Uttar Pradesh,Maize,2023,9,2023-09-01,Tundla APMC,1880.89,tundla,Firozabad
Uttar Pradesh,Maize,2023,9,2023-09-01,Ujhani APMC,1813.81,ujhani,Budaun
Uttar Pradesh,Maize,2023,9,2023-09-01,Unnao APMC,,unnao,Unnao
Uttar Pradesh,Maize,2023,9,2023-09-01,Uttaripura APMC,1902.1,uttaripura,Jaunpur
Uttar Pradesh,Maize,2023,9,2023-09-01,Varanasi APMC,2082.67,varanasi,Varanasi
Uttar Pradesh,Maize,2023,9,2023-09-01,Wazirganj APMC,1861.62,wazirganj,Budaun
Uttar Pradesh,Maize,2023,10,2023-10-01,Achalda APMC,2090.0,achalda,Auraiya
Uttar Pradesh,Maize,2023,10,2023-10-01,Agra APMC,,agra,Agra
Uttar Pradesh,Maize,2023,10,2023-10-01,Aliganj APMC,1938.61,aliganj,Etah
Uttar Pradesh,Maize,2023,10,2023-10-01,Aligarh APMC,2051.48,aligarh,Aligarh
Uttar Pradesh,Maize,2023,10,2023-10-01,Anoop Shahar APMC,,anoop shahar,Bulandshahr
Uttar Pradesh,Maize,2023,10,2023-10-01,Atrauli APMC,1800.0,atrauli,Aligarh
Uttar Pradesh,Maize,2023,10,2023-10-01,Ayodhya APMC,2077.59,ayodhya,Ayodhya
Uttar Pradesh,Maize,2023,10,2023-10-01,Babrala APMC,1985.85,babrala,Budaun
Uttar Pradesh,Maize,2023,10,2023-10-01,Badayoun APMC,2004.1,badayoun,Budaun
Uttar Pradesh,Maize,2023,10,2023-10-01,Bahraich APMC,2092.51,bahraich,Bahraich
Uttar Pradesh,Maize,2023,10,2023-10-01,Balrampur APMC,2093.56,balrampur,Balrampur
Uttar Pradesh,Maize,2023,10,2023-10-01,Bangarmau APMC,2054.49,bangarmau,Unnao
Uttar Pradesh,Maize,2023,10,2023-10-01,Bareilly APMC,,bareilly,Bareilly
Uttar Pradesh,Maize,2023,10,2023-10-01,Baripaal APMC,1850.0,baripaal,Jaunpur
Uttar Pradesh,Maize,2023,10,2023-10-01,Bewar APMC,1769.95,bewar,Mainpuri
Uttar Pradesh,Maize,2023,10,2023-10-01,Bharthna APMC,1979.34,bharthna,Etawah
Uttar Pradesh,Maize,2023,10,2023-10-01,Bhehjoi APMC,1750.0,bhehjoi,Sambhal
Uttar Pradesh,Maize,2023,10,2023-10-01,Bijnaur APMC,,bijnaur,Bijnor
Uttar Pradesh,Maize,2023,10,2023-10-01,Bilsi APMC,2034.14,bilsi,Budaun
Uttar Pradesh,Maize,2023,10,2023-10-01,Bisoli APMC,1798.16,bisoli,Badaun
Uttar Pradesh,Maize,2023,10,2023-10-01,Buland Shahr APMC,2124.93,buland shahr,Bulandshahr
Uttar Pradesh,Maize,2023,10,2023-10-01,Charra APMC,2057.19,charra,Aligarh
Uttar Pradesh,Maize,2023,10,2023-10-01,Chhibramau APMC,1958.98,chhibramau,Kannauj
Uttar Pradesh,Maize,2023,10,2023-10-01,Choubepur APMC,2045.56,choubepur,Jaunpur
Uttar Pradesh,Maize,2023,10,2023-10-01,DADRI APMC,2126.76,dadri,Gautam Buddha Nagar
Uttar Pradesh,Maize,2023,10,2023-10-01,Dataganj APMC,,dataganj,Badaun
Uttar Pradesh,Maize,2023,10,2023-10-01,Devariya APMC,,devariya,Deoria
Uttar Pradesh,Maize,2023,10,2023-10-01,Dibiapur APMC,1768.86,dibiapur,Auraiya
Uttar Pradesh,Maize,2023,10,2023-10-01,Divai APMC,1907.69,divai,Bulandshahar
Uttar Pradesh,Maize,2023,10,2023-10-01,Etah APMC,1977.0,etah,Etah
Uttar Pradesh,Maize,2023,10,2023-10-01,Farukhabad APMC,2025.19,farukhabad,Farrukhabad
Uttar Pradesh,Maize,2023,10,2023-10-01,Firozabad APMC,2107.9,firozabad,Firozabad
Uttar Pradesh,Maize,2023,10,2023-10-01,Ghaziabad APMC,2120.26,ghaziabad,Ghaziabad
Uttar Pradesh,Maize,2023,10,2023-10-01,Ghiraur APMC,2085.83,ghiraur,Mainpuri
Uttar Pradesh,Maize,2023,10,2023-10-01,Gonda APMC,1971.97,gonda,Gonda
Uttar Pradesh,Maize,2023,10,2023-10-01,Gorakhpur APMC,2099.85,gorakhpur,Gorakhpur
Uttar Pradesh,Maize,2023,10,2023-10-01,Haathras APMC,2048.95,haathras,Hathras
Uttar Pradesh,Maize,2023,10,2023-10-01,Hapur APMC,2103.32,hapur,Ghaziabad
Uttar Pradesh,Maize,2023,10,2023-10-01,Hardoi APMC,2025.71,hardoi,Hardoi
Uttar Pradesh,Maize,2023,10,2023-10-01,Jahangirabad APMC,2096.66,jahangirabad,Bulandshahar
Uttar Pradesh,Maize,2023,10,2023-10-01,Jasvantnagar APMC,2004.53,jasvantnagar,Etawah
Uttar Pradesh,Maize,2023,10,2023-10-01,Jaunpur APMC,2941.03,jaunpur,Jaunpur
Uttar Pradesh,Maize,2023,10,2023-10-01,Jayas APMC,2071.1,jayas,Rae Bareli
Uttar Pradesh,Maize,2023,10,2023-10-01,Jhijhank APMC,2063.79,jhijhank,Kanpur Dehat
Uttar Pradesh,Maize,2023,10,2023-10-01,Kamlaganj APMC,1851.29,kamlaganj,Farrukhabad
Uttar Pradesh,Maize,2023,10,2023-10-01,Kannauj APMC,2041.05,kannauj,Kannauj
Uttar Pradesh,Maize,2023,10,2023-10-01,Kanpur(Grain) APMC,2048.96,kanpur(grain),Jaunpur
Uttar Pradesh,Maize,2023,10,2023-10-01,Kasganj APMC,1932.21,kasganj,Kasganj
Uttar Pradesh,Maize,2023,10,2023-10-01,Kayamganj APMC,2069.49,kayamganj,Farrukhabad
Uttar Pradesh,Maize,2023,10,2023-10-01,Khair APMC,2038.44,khair,Aligarh
Uttar Pradesh,Maize,2023,10,2023-10-01,Khurja APMC,2110.7,khurja,Bulandshahr
Uttar Pradesh,Maize,2023,10,2023-10-01,Lakhimpur APMC,2029.49,lakhimpur,Lalitpur
Uttar Pradesh,Maize,2023,10,2023-10-01,Lalitpur APMC,1804.44,lalitpur,Lalitpur
Uttar Pradesh,Maize,2023,10,2023-10-01,Madhoganj APMC,2034.21,madhoganj,Hardoi
Uttar Pradesh,Maize,2023,10,2023-10-01,Mainpuri APMC,2088.12,mainpuri,Mainpuri
Uttar Pradesh,Maize,2023,10,2023-10-01,Meerut APMC,2112.15,meerut,Meerut
Uttar Pradesh,Maize,2023,10,2023-10-01,Mohamadabad APMC,2034.87,mohamadabad,Farrukhabad
Uttar Pradesh,Maize,2023,10,2023-10-01,Naanpara APMC,2093.49,naanpara,Bahraich
Uttar Pradesh,Maize,2023,10,2023-10-01,Pukharayan APMC,2095.2,pukharayan,Kanpur Dehat
Uttar Pradesh,Maize,2023,10,2023-10-01,Rura APMC,2109.71,rura,Kanpur Dehat
Uttar Pradesh,Maize,2023,10,2023-10-01,Saharanpur APMC,2111.45,saharanpur,Saharanpur
Uttar Pradesh,Maize,2023,10,2023-10-01,Sandi APMC,2025.55,sandi,Hardoi
Uttar Pradesh,Maize,2023,10,2023-10-01,Sandila APMC,2041.3,sandila,Hardoi
Uttar Pradesh,Maize,2023,10,2023-10-01,Shahabad(New Mandi) APMC,2034.79,shahabad(new mandi),Hardoi
Uttar Pradesh,Maize,2023,10,2023-10-01,Shahaswan APMC,2003.33,shahaswan,Badaun
Uttar Pradesh,Maize,2023,10,2023-10-01,Shamli APMC,2111.82,shamli,Shamli
Uttar Pradesh,Maize,2023,10,2023-10-01,Shikohabad APMC,1806.1,shikohabad,Firozabad
Uttar Pradesh,Maize,2023,10,2023-10-01,Sikandraraau APMC,1714.48,sikandraraau,Hathras
Uttar Pradesh,Maize,2023,10,2023-10-01,Sikarpur APMC,2200.0,sikarpur,Bulandshahar
Uttar Pradesh,Maize,2023,10,2023-10-01,Sirsaganj APMC,2025.45,sirsaganj,Firozabad
Uttar Pradesh,Maize,2023,10,2023-10-01,Siyana APMC,1968.36,siyana,Bulandshahar
Uttar Pradesh,Maize,2023,10,2023-10-01,Tundla APMC,2073.41,tundla,Firozabad
Uttar Pradesh,Maize,2023,10,2023-10-01,Ujhani APMC,2033.59,ujhani,Budaun
Uttar Pradesh,Maize,2023,10,2023-10-01,Unnao APMC,2085.31,unnao,Unnao
Uttar Pradesh,Maize,2023,10,2023-10-01,Uttaripura APMC,2071.74,uttaripura,Jaunpur
Uttar Pradesh,Maize,2023,10,2023-10-01,Varanasi APMC,2105.88,varanasi,Varanasi
Uttar Pradesh,Maize,2023,10,2023-10-01,Wazirganj APMC,1904.09,wazirganj,Budaun
Uttar Pradesh,Maize,2023,11,2023-11-01,Achalda APMC,2090.0,achalda,Auraiya
Uttar Pradesh,Maize,2023,11,2023-11-01,Agra APMC,,agra,Agra
Uttar Pradesh,Maize,2023,11,2023-11-01,Aliganj APMC,2070.51,aliganj,Etah
Uttar Pradesh,Maize,2023,11,2023-11-01,Aligarh APMC,2093.66,aligarh,Aligarh
Uttar Pradesh,Maize,2023,11,2023-11-01,Atrauli APMC,,atrauli,Aligarh
Uttar Pradesh,Maize,2023,11,2023-11-01,Ayodhya APMC,2090.95,ayodhya,Ayodhya
Uttar Pradesh,Maize,2023,11,2023-11-01,Babrala APMC,1990.0,babrala,Budaun
Uttar Pradesh,Maize,2023,11,2023-11-01,Badayoun APMC,2120.55,badayoun,Budaun
Uttar Pradesh,Maize,2023,11,2023-11-01,Bahraich APMC,2134.58,bahraich,Bahraich
Uttar Pradesh,Maize,2023,11,2023-11-01,Balrampur APMC,2262.49,balrampur,Balrampur
Uttar Pradesh,Maize,2023,11,2023-11-01,Bangarmau APMC,2090.0,bangarmau,Unnao
Uttar Pradesh,Maize,2023,11,2023-11-01,Baripaal APMC,2103.27,baripaal,Jaunpur
Uttar Pradesh,Maize,2023,11,2023-11-01,Bewar APMC,1779.87,bewar,Mainpuri
Uttar Pradesh,Maize,2023,11,2023-11-01,Bharthna APMC,,bharthna,Etawah
Uttar Pradesh,Maize,2023,11,2023-11-01,Bhehjoi APMC,1900.0,bhehjoi,Sambhal
Uttar Pradesh,Maize,2023,11,2023-11-01,Bilsi APMC,2106.59,bilsi,Budaun
Uttar Pradesh,Maize,2023,11,2023-11-01,Bisoli APMC,1765.95,bisoli,Badaun
Uttar Pradesh,Maize,2023,11,2023-11-01,Buland Shahr APMC,2140.91,buland shahr,Bulandshahr
Uttar Pradesh,Maize,2023,11,2023-11-01,Charra APMC,2091.48,charra,Aligarh
Uttar Pradesh,Maize,2023,11,2023-11-01,Chhibramau APMC,1987.45,chhibramau,Kannauj
Uttar Pradesh,Maize,2023,11,2023-11-01,Choubepur APMC,2104.45,choubepur,Jaunpur
Uttar Pradesh,Maize,2023,11,2023-11-01,Colonelganj APMC,2090.0,colonelganj,Gonda
Uttar Pradesh,Maize,2023,11,2023-11-01,DADRI APMC,2166.9,dadri,Gautam Buddha Nagar
Uttar Pradesh,Maize,2023,11,2023-11-01,Devariya APMC,,devariya,Deoria
Uttar Pradesh,Maize,2023,11,2023-11-01,Dibiapur APMC,,dibiapur,Auraiya
Uttar Pradesh,Maize,2023,11,2023-11-01,Divai APMC,,divai,Bulandshahar
Uttar Pradesh,Maize,2023,11,2023-11-01,Etah APMC,2124.09,etah,Etah
Uttar Pradesh,Maize,2023,11,2023-11-01,Farukhabad APMC,2072.85,farukhabad,Farrukhabad
Uttar Pradesh,Maize,2023,11,2023-11-01,Fatehabad APMC,2140.0,fatehabad,Agra
Uttar Pradesh,Maize,2023,11,2023-11-01,Firozabad APMC,2124.67,firozabad,Firozabad
Uttar Pradesh,Maize,2023,11,2023-11-01,Ghaziabad APMC,2253.69,ghaziabad,Ghaziabad
Uttar Pradesh,Maize,2023,11,2023-11-01,Ghiraur APMC,2102.26,ghiraur,Mainpuri
Uttar Pradesh,Maize,2023,11,2023-11-01,Gonda APMC,2097.14,gonda,Gonda
Uttar Pradesh,Maize,2023,11,2023-11-01,Gorakhpur APMC,2110.32,gorakhpur,Gorakhpur
Uttar Pradesh,Maize,2023,11,2023-11-01,Haathras APMC,2085.42,haathras,Hathras
Uttar Pradesh,Maize,2023,11,2023-11-01,Hapur APMC,2162.08,hapur,Ghaziabad
Uttar Pradesh,Maize,2023,11,2023-11-01,Hardoi APMC,2094.19,hardoi,Hardoi
Uttar Pradesh,Maize,2023,11,2023-11-01,Jahangirabad APMC,2109.36,jahangirabad,Bulandshahar
Uttar Pradesh,Maize,2023,11,2023-11-01,Jasvantnagar APMC,,jasvantnagar,Etawah
Uttar Pradesh,Maize,2023,11,2023-11-01,Jaunpur APMC,2135.03,jaunpur,Jaunpur
Uttar Pradesh,Maize,2023,11,2023-11-01,Jayas APMC,,jayas,Rae Bareli
Uttar Pradesh,Maize,2023,11,2023-11-01,Jhijhank APMC,2090.95,jhijhank,Kanpur Dehat
Uttar Pradesh,Maize,2023,11,2023-11-01,Kamlaganj APMC,1912.09,kamlaganj,Farrukhabad
Uttar Pradesh,Maize,2023,11,2023-11-01,Kannauj APMC,2087.16,kannauj,Kannauj
Uttar Pradesh,Maize,2023,11,2023-11-01,Kanpur(Grain) APMC,2108.96,kanpur(grain),Jaunpur
Uttar Pradesh,Maize,2023,11,2023-11-01,Kasganj APMC,2122.4,kasganj,Kasganj
Uttar Pradesh,Maize,2023,11,2023-11-01,Kayamganj APMC,2091.48,kayamganj,Farrukhabad
Uttar Pradesh,Maize,2023,11,2023-11-01,Khair APMC,2113.75,khair,Aligarh
Uttar Pradesh,Maize,2023,11,2023-11-01,Khurja APMC,2120.45,khurja,Bulandshahr
Uttar Pradesh,Maize,2023,11,2023-11-01,Lakhimpur APMC,2072.13,lakhimpur,Lalitpur
Uttar Pradesh,Maize,2023,11,2023-11-01,Lalitpur APMC,2034.19,lalitpur,Lalitpur
Uttar Pradesh,Maize,2023,11,2023-11-01,Madhoganj APMC,2092.28,madhoganj,Hardoi
Uttar Pradesh,Maize,2023,11,2023-11-01,Mainpuri APMC,2100.38,mainpuri,Mainpuri
Uttar Pradesh,Maize,2023,11,2023-11-01,Meerut APMC,2215.43,meerut,Meerut
Uttar Pradesh,Maize,2023,11,2023-11-01,Mohamadabad APMC,2090.36,mohamadabad,Farrukhabad
Uttar Pradesh,Maize,2023,11,2023-11-01,Naanpara APMC,2144.51,naanpara,Bahraich
Uttar Pradesh,Maize,2023,11,2023-11-01,Nawabganj APMC,2090.73,nawabganj,Gonda
Uttar Pradesh,Maize,2023,11,2023-11-01,Pukharayan APMC,2095.19,pukharayan,Kanpur Dehat
Uttar Pradesh,Maize,2023,11,2023-11-01,Rura APMC,2108.92,rura,Kanpur Dehat
Uttar Pradesh,Maize,2023,11,2023-11-01,Saharanpur APMC,2168.92,saharanpur,Saharanpur
Uttar Pradesh,Maize,2023,11,2023-11-01,Sandi APMC,2089.16,sandi,Hardoi
Uttar Pradesh,Maize,2023,11,2023-11-01,Sandila APMC,2090.0,sandila,Hardoi
Uttar Pradesh,Maize,2023,11,2023-11-01,Shahabad(New Mandi) APMC,2090.0,shahabad(new mandi),Hardoi
Uttar Pradesh,Maize,2023,11,2023-11-01,Shahaswan APMC,2068.57,shahaswan,Badaun
Uttar Pradesh,Maize,2023,11,2023-11-01,Shamli APMC,2153.6,shamli,Shamli
Uttar Pradesh,Maize,2023,11,2023-11-01,Shikohabad APMC,2050.0,shikohabad,Firozabad
Uttar Pradesh,Maize,2023,11,2023-11-01,Sikandraraau APMC,,sikandraraau,Hathras
Uttar Pradesh,Maize,2023,11,2023-11-01,Sikarpur APMC,2250.69,sikarpur,Bulandshahar
Uttar Pradesh,Maize,2023,11,2023-11-01,Sirsaganj APMC,,sirsaganj,Firozabad
Uttar Pradesh,Maize,2023,11,2023-11-01,Siyana APMC,2112.28,siyana,Bulandshahar
Uttar Pradesh,Maize,2023,11,2023-11-01,Tundla APMC,2098.75,tundla,Firozabad
Uttar Pradesh,Maize,2023,11,2023-11-01,Ujhani APMC,2125.81,ujhani,Budaun
Uttar Pradesh,Maize,2023,11,2023-11-01,Unnao APMC,2090.0,unnao,Unnao
Uttar Pradesh,Maize,2023,11,2023-11-01,Uttaripura APMC,2090.0,uttaripura,Jaunpur
Uttar Pradesh,Maize,2023,11,2023-11-01,Varanasi APMC,2125.35,varanasi,Varanasi
Uttar Pradesh,Maize,2023,11,2023-11-01,Wazirganj APMC,1961.22,wazirganj,Budaun
Uttar Pradesh,Maize,2023,12,2023-12-01,Achalda APMC,2134.51,achalda,Auraiya
Uttar Pradesh,Maize,2023,12,2023-12-01,Agra APMC,,agra,Agra
Uttar Pradesh,Maize,2023,12,2023-12-01,Aliganj APMC,2065.61,aliganj,Etah
Uttar Pradesh,Maize,2023,12,2023-12-01,Aligarh APMC,2051.85,aligarh,Aligarh
Uttar Pradesh,Maize,2023,12,2023-12-01,Auraiya APMC,2131.46,auraiya,Auraiya
Uttar Pradesh,Maize,2023,12,2023-12-01,Ayodhya APMC,2129.24,ayodhya,Ayodhya
Uttar Pradesh,Maize,2023,12,2023-12-01,Babrala APMC,2020.0,babrala,Budaun
Uttar Pradesh,Maize,2023,12,2023-12-01,Badayoun APMC,2005.26,badayoun,Budaun
Uttar Pradesh,Maize,2023,12,2023-12-01,Bahraich APMC,2149.41,bahraich,Bahraich
Uttar Pradesh,Maize,2023,12,2023-12-01,Balrampur APMC,2165.0,balrampur,Balrampur
Uttar Pradesh,Maize,2023,12,2023-12-01,Bangarmau APMC,2093.61,bangarmau,Unnao
Uttar Pradesh,Maize,2023,12,2023-12-01,Baripaal APMC,,baripaal,Jaunpur
Uttar Pradesh,Maize,2023,12,2023-12-01,Bewar APMC,1835.32,bewar,Mainpuri
Uttar Pradesh,Maize,2023,12,2023-12-01,Bharthna APMC,,bharthna,Etawah
Uttar Pradesh,Maize,2023,12,2023-12-01,Bhehjoi APMC,,bhehjoi,Sambhal
Uttar Pradesh,Maize,2023,12,2023-12-01,Bilsi APMC,2156.4,bilsi,Budaun
Uttar Pradesh,Maize,2023,12,2023-12-01,Bisoli APMC,1790.13,bisoli,Badaun
Uttar Pradesh,Maize,2023,12,2023-12-01,Buland Shahr APMC,2127.56,buland shahr,Bulandshahr
Uttar Pradesh,Maize,2023,12,2023-12-01,Charra APMC,2051.84,charra,Aligarh
Uttar Pradesh,Maize,2023,12,2023-12-01,Chhibramau APMC,2038.02,chhibramau,Kannauj
Uttar Pradesh,Maize,2023,12,2023-12-01,Choubepur APMC,2140.09,choubepur,Jaunpur
Uttar Pradesh,Maize,2023,12,2023-12-01,Colonelganj APMC,2200.0,colonelganj,Gonda
Uttar Pradesh,Maize,2023,12,2023-12-01,DADRI APMC,,dadri,Gautam Buddha Nagar
Uttar Pradesh,Maize,2023,12,2023-12-01,Devariya APMC,2116.66,devariya,Deoria
Uttar Pradesh,Maize,2023,12,2023-12-01,Divai APMC,,divai,Bulandshahar
Uttar Pradesh,Maize,2023,12,2023-12-01,Etah APMC,2156.2,etah,Etah
Uttar Pradesh,Maize,2023,12,2023-12-01,Farukhabad APMC,2131.51,farukhabad,Farrukhabad
Uttar Pradesh,Maize,2023,12,2023-12-01,Fatehabad APMC,,fatehabad,Agra
Uttar Pradesh,Maize,2023,12,2023-12-01,Firozabad APMC,2141.85,firozabad,Firozabad
Uttar Pradesh,Maize,2023,12,2023-12-01,Ghaziabad APMC,2251.07,ghaziabad,Ghaziabad
Uttar Pradesh,Maize,2023,12,2023-12-01,Ghiraur APMC,2096.07,ghiraur,Mainpuri
Uttar Pradesh,Maize,2023,12,2023-12-01,Gonda APMC,2122.16,gonda,Gonda
Uttar Pradesh,Maize,2023,12,2023-12-01,Gorakhpur APMC,2116.98,gorakhpur,Gorakhpur
Uttar Pradesh,Maize,2023,12,2023-12-01,Haathras APMC,2065.01,haathras,Hathras
Uttar Pradesh,Maize,2023,12,2023-12-01,Hapur APMC,2135.68,hapur,Ghaziabad
Uttar Pradesh,Maize,2023,12,2023-12-01,Hardoi APMC,2116.58,hardoi,Hardoi
Uttar Pradesh,Maize,2023,12,2023-12-01,Jahangirabad APMC,2139.41,jahangirabad,Bulandshahar
Uttar Pradesh,Maize,2023,12,2023-12-01,Jasvantnagar APMC,,jasvantnagar,Etawah
Uttar Pradesh,Maize,2023,12,2023-12-01,Jaunpur APMC,2158.99,jaunpur,Jaunpur
Uttar Pradesh,Maize,2023,12,2023-12-01,Jhijhank APMC,2096.37,jhijhank,Kanpur Dehat
Uttar Pradesh,Maize,2023,12,2023-12-01,Kamlaganj APMC,2027.66,kamlaganj,Farrukhabad
Uttar Pradesh,Maize,2023,12,2023-12-01,Kannauj APMC,2119.9,kannauj,Kannauj
Uttar Pradesh,Maize,2023,12,2023-12-01,Kanpur(Grain) APMC,2190.81,kanpur(grain),Jaunpur
Uttar Pradesh,Maize,2023,12,2023-12-01,Kasganj APMC,2135.0,kasganj,Kasganj
Uttar Pradesh,Maize,2023,12,2023-12-01,Kayamganj APMC,2122.2,kayamganj,Farrukhabad
Uttar Pradesh,Maize,2023,12,2023-12-01,Khair APMC,2043.57,khair,Aligarh
Uttar Pradesh,Maize,2023,12,2023-12-01,Khurja APMC,2133.42,khurja,Bulandshahr
Uttar Pradesh,Maize,2023,12,2023-12-01,Lakhimpur APMC,2012.76,lakhimpur,Lalitpur
Uttar Pradesh,Maize,2023,12,2023-12-01,Lalitpur APMC,2031.82,lalitpur,Lalitpur
Uttar Pradesh,Maize,2023,12,2023-12-01,Madhoganj APMC,2109.89,madhoganj,Hardoi
Uttar Pradesh,Maize,2023,12,2023-12-01,Mainpuri APMC,2091.82,mainpuri,Mainpuri
Uttar Pradesh,Maize,2023,12,2023-12-01,Meerut APMC,2225.99,meerut,Meerut
Uttar Pradesh,Maize,2023,12,2023-12-01,Mohamadabad APMC,2074.52,mohamadabad,Farrukhabad
Uttar Pradesh,Maize,2023,12,2023-12-01,Naanpara APMC,2168.19,naanpara,Bahraich
Uttar Pradesh,Maize,2023,12,2023-12-01,Nawabganj APMC,2145.83,nawabganj,Gonda
Uttar Pradesh,Maize,2023,12,2023-12-01,Prayagraj APMC,,prayagraj,Prayagraj
Uttar Pradesh,Maize,2023,12,2023-12-01,Pukharayan APMC,2106.07,pukharayan,Kanpur Dehat
Uttar Pradesh,Maize,2023,12,2023-12-01,Rura APMC,2106.8,rura,Kanpur Dehat
Uttar Pradesh,Maize,2023,12,2023-12-01,Saharanpur APMC,2231.97,saharanpur,Saharanpur
Uttar Pradesh,Maize,2023,12,2023-12-01,Sandi APMC,2104.44,sandi,Hardoi
Uttar Pradesh,Maize,2023,12,2023-12-01,Sandila APMC,2106.59,sandila,Hardoi
Uttar Pradesh,Maize,2023,12,2023-12-01,Shahabad(New Mandi) APMC,2106.06,shahabad(new mandi),Hardoi
Uttar Pradesh,Maize,2023,12,2023-12-01,Shahaswan APMC,,shahaswan,Badaun
Uttar Pradesh,Maize,2023,12,2023-12-01,Shamli APMC,2235.98,shamli,Shamli
Uttar Pradesh,Maize,2023,12,2023-12-01,Shikohabad APMC,,shikohabad,Firozabad
Uttar Pradesh,Maize,2023,12,2023-12-01,Sikandraraau APMC,,sikandraraau,Hathras
Uttar Pradesh,Maize,2023,12,2023-12-01,Sikarpur APMC,,sikarpur,Bulandshahar
Uttar Pradesh,Maize,2023,12,2023-12-01,Sirsaganj APMC,1806.0,sirsaganj,Firozabad
Uttar Pradesh,Maize,2023,12,2023-12-01,Siyana APMC,2188.57,siyana,Bulandshahar
Uttar Pradesh,Maize,2023,12,2023-12-01,Tundla APMC,2115.0,tundla,Firozabad
Uttar Pradesh,Maize,2023,12,2023-12-01,Ujhani APMC,2122.91,ujhani,Budaun
Uttar Pradesh,Maize,2023,12,2023-12-01,Unnao APMC,2127.89,unnao,Unnao
Uttar Pradesh,Maize,2023,12,2023-12-01,Uttaripura APMC,2127.18,uttaripura,Jaunpur
Uttar Pradesh,Maize,2023,12,2023-12-01,Varanasi APMC,2157.07,varanasi,Varanasi
Uttar Pradesh,Maize,2023,12,2023-12-01,Wazirganj APMC,,wazirganj,Budaun
Uttar Pradesh,Maize,2024,1,2024-01-01,Achalda APMC,2189.46,achalda,Auraiya
Uttar Pradesh,Maize,2024,1,2024-01-01,Agra APMC,,agra,Agra
Uttar Pradesh,Maize,2024,1,2024-01-01,Aliganj APMC,2072.88,aliganj,Etah
Uttar Pradesh,Maize,2024,1,2024-01-01,Aligarh APMC,2094.34,aligarh,Aligarh
Uttar Pradesh,Maize,2024,1,2024-01-01,Auraiya APMC,2182.86,auraiya,Auraiya
Uttar Pradesh,Maize,2024,1,2024-01-01,Ayodhya APMC,2179.08,ayodhya,Ayodhya
Uttar Pradesh,Maize,2024,1,2024-01-01,Babrala APMC,,babrala,Budaun
Uttar Pradesh,Maize,2024,1,2024-01-01,Badayoun APMC,,badayoun,Budaun
Uttar Pradesh,Maize,2024,1,2024-01-01,Bahraich APMC,2195.18,bahraich,Bahraich
Uttar Pradesh,Maize,2024,1,2024-01-01,Balrampur APMC,,balrampur,Balrampur
Uttar Pradesh,Maize,2024,1,2024-01-01,Bangarmau APMC,2100.0,bangarmau,Unnao
Uttar Pradesh,Maize,2024,1,2024-01-01,Bewar APMC,1893.22,bewar,Mainpuri
Uttar Pradesh,Maize,2024,1,2024-01-01,Bharthna APMC,,bharthna,Etawah
Uttar Pradesh,Maize,2024,1,2024-01-01,Bilsi APMC,2137.16,bilsi,Budaun
Uttar Pradesh,Maize,2024,1,2024-01-01,Bisoli APMC,,bisoli,Badaun
Uttar Pradesh,Maize,2024,1,2024-01-01,Buland Shahr APMC,2192.2,buland shahr,Bulandshahr
Uttar Pradesh,Maize,2024,1,2024-01-01,Charra APMC,2088.38,charra,Aligarh
Uttar Pradesh,Maize,2024,1,2024-01-01,Chhibramau APMC,2098.56,chhibramau,Kannauj
Uttar Pradesh,Maize,2024,1,2024-01-01,Choubepur APMC,2191.75,choubepur,Jaunpur
Uttar Pradesh,Maize,2024,1,2024-01-01,Colonelganj APMC,,colonelganj,Gonda
Uttar Pradesh,Maize,2024,1,2024-01-01,DADRI APMC,2196.43,dadri,Gautam Buddha Nagar
Uttar Pradesh,Maize,2024,1,2024-01-01,Devariya APMC,2128.01,devariya,Deoria
Uttar Pradesh,Maize,2024,1,2024-01-01,Dibiapur APMC,,dibiapur,Auraiya
Uttar Pradesh,Maize,2024,1,2024-01-01,Divai APMC,,divai,Bulandshahar
Uttar Pradesh,Maize,2024,1,2024-01-01,Etah APMC,2105.9,etah,Etah
Uttar Pradesh,Maize,2024,1,2024-01-01,Farukhabad APMC,2149.78,farukhabad,Farrukhabad
Uttar Pradesh,Maize,2024,1,2024-01-01,Firozabad APMC,2175.0,firozabad,Firozabad
Uttar Pradesh,Maize,2024,1,2024-01-01,Ghaziabad APMC,2256.96,ghaziabad,Ghaziabad
Uttar Pradesh,Maize,2024,1,2024-01-01,Ghiraur APMC,,ghiraur,Mainpuri
Uttar Pradesh,Maize,2024,1,2024-01-01,Gonda APMC,2232.0,gonda,Gonda
Uttar Pradesh,Maize,2024,1,2024-01-01,Gorakhpur APMC,2146.43,gorakhpur,Gorakhpur
Uttar Pradesh,Maize,2024,1,2024-01-01,Haathras APMC,2069.11,haathras,Hathras
Uttar Pradesh,Maize,2024,1,2024-01-01,Hapur APMC,2229.53,hapur,Ghaziabad
Uttar Pradesh,Maize,2024,1,2024-01-01,Hardoi APMC,2110.4,hardoi,Hardoi
Uttar Pradesh,Maize,2024,1,2024-01-01,Jahangirabad APMC,2154.5,jahangirabad,Bulandshahar
Uttar Pradesh,Maize,2024,1,2024-01-01,Jaunpur APMC,2163.68,jaunpur,Jaunpur
Uttar Pradesh,Maize,2024,1,2024-01-01,Jhijhank APMC,2111.34,jhijhank,Kanpur Dehat
Uttar Pradesh,Maize,2024,1,2024-01-01,Kamlaganj APMC,2050.0,kamlaganj,Farrukhabad
Uttar Pradesh,Maize,2024,1,2024-01-01,Kannauj APMC,2163.86,kannauj,Kannauj
Uttar Pradesh,Maize,2024,1,2024-01-01,Kanpur(Grain) APMC,2265.71,kanpur(grain),Jaunpur
Uttar Pradesh,Maize,2024,1,2024-01-01,Kasganj APMC,2107.78,kasganj,Kasganj
Uttar Pradesh,Maize,2024,1,2024-01-01,Kayamganj APMC,2159.33,kayamganj,Farrukhabad
Uttar Pradesh,Maize,2024,1,2024-01-01,Khair APMC,2076.23,khair,Aligarh
Uttar Pradesh,Maize,2024,1,2024-01-01,Khurja APMC,2160.0,khurja,Bulandshahr
Uttar Pradesh,Maize,2024,1,2024-01-01,Lakhimpur APMC,2039.21,lakhimpur,Lalitpur
Uttar Pradesh,Maize,2024,1,2024-01-01,Lalitpur APMC,1991.88,lalitpur,Lalitpur
Uttar Pradesh,Maize,2024,1,2024-01-01,Madhoganj APMC,2107.89,madhoganj,Hardoi
Uttar Pradesh,Maize,2024,1,2024-01-01,Mainpuri APMC,2100.0,mainpuri,Mainpuri
Uttar Pradesh,Maize,2024,1,2024-01-01,Meerut APMC,2221.08,meerut,Meerut
Uttar Pradesh,Maize,2024,1,2024-01-01,Mohamadabad APMC,2151.53,mohamadabad,Farrukhabad
Uttar Pradesh,Maize,2024,1,2024-01-01,Naanpara APMC,2244.14,naanpara,Bahraich
Uttar Pradesh,Maize,2024,1,2024-01-01,Nawabganj APMC,2200.05,nawabganj,Gonda
Uttar Pradesh,Maize,2024,1,2024-01-01,Prayagraj APMC,,prayagraj,Prayagraj
Uttar Pradesh,Maize,2024,1,2024-01-01,Pukharayan APMC,2136.08,pukharayan,Kanpur Dehat
Uttar Pradesh,Maize,2024,1,2024-01-01,Rura APMC,2121.09,rura,Kanpur Dehat
Uttar Pradesh,Maize,2024,1,2024-01-01,Saharanpur APMC,2210.39,saharanpur,Saharanpur
Uttar Pradesh,Maize,2024,1,2024-01-01,Sandi APMC,2109.83,sandi,Hardoi
Uttar Pradesh,Maize,2024,1,2024-01-01,Sandila APMC,2109.1,sandila,Hardoi
Uttar Pradesh,Maize,2024,1,2024-01-01,Shahabad(New Mandi) APMC,2112.12,shahabad(new mandi),Hardoi
Uttar Pradesh,Maize,2024,1,2024-01-01,Shahaswan APMC,2200.0,shahaswan,Badaun
Uttar Pradesh,Maize,2024,1,2024-01-01,Shamli APMC,2213.8,shamli,Shamli
Uttar Pradesh,Maize,2024,1,2024-01-01,Shikohabad APMC,1800.0,shikohabad,Firozabad
Uttar Pradesh,Maize,2024,1,2024-01-01,Sirsaganj APMC,1800.0,sirsaganj,Firozabad
Uttar Pradesh,Maize,2024,1,2024-01-01,Siyana APMC,2177.57,siyana,Bulandshahar
Uttar Pradesh,Maize,2024,1,2024-01-01,Tundla APMC,,tundla,Firozabad
Uttar Pradesh,Maize,2024,1,2024-01-01,Ujhani APMC,2152.85,ujhani,Budaun
Uttar Pradesh,Maize,2024,1,2024-01-01,Unnao APMC,2105.35,unnao,Unnao
Uttar Pradesh,Maize,2024,1,2024-01-01,Uttaripura APMC,2178.29,uttaripura,Jaunpur
Uttar Pradesh,Maize,2024,1,2024-01-01,Varanasi APMC,2155.25,varanasi,Varanasi
Uttar Pradesh,Maize,2024,2,2024-02-01,Achalda APMC,2263.41,achalda,Auraiya
Uttar Pradesh,Maize,2024,2,2024-02-01,Agra APMC,,agra,Agra
Uttar Pradesh,Maize,2024,2,2024-02-01,Aliganj APMC,2056.52,aliganj,Etah
Uttar Pradesh,Maize,2024,2,2024-02-01,Aligarh APMC,2163.8,aligarh,Aligarh
Uttar Pradesh,Maize,2024,2,2024-02-01,Atrauli APMC,2278.57,atrauli,Aligarh
Uttar Pradesh,Maize,2024,2,2024-02-01,Auraiya APMC,2252.65,auraiya,Auraiya
Uttar Pradesh,Maize,2024,2,2024-02-01,Ayodhya APMC,2221.23,ayodhya,Ayodhya
Uttar Pradesh,Maize,2024,2,2024-02-01,Bahraich APMC,2319.37,bahraich,Bahraich
Uttar Pradesh,Maize,2024,2,2024-02-01,Balrampur APMC,2250.0,balrampur,Balrampur
Uttar Pradesh,Maize,2024,2,2024-02-01,Bangarmau APMC,2135.74,bangarmau,Unnao
Uttar Pradesh,Maize,2024,2,2024-02-01,Bewar APMC,1911.9,bewar,Mainpuri
Uttar Pradesh,Maize,2024,2,2024-02-01,Bharthna APMC,,bharthna,Etawah
Uttar Pradesh,Maize,2024,2,2024-02-01,Bhehjoi APMC,1854.13,bhehjoi,Sambhal
Uttar Pradesh,Maize,2024,2,2024-02-01,Bilsi APMC,2231.82,bilsi,Budaun
Uttar Pradesh,Maize,2024,2,2024-02-01,Bisoli APMC,,bisoli,Badaun
Uttar Pradesh,Maize,2024,2,2024-02-01,Buland Shahr APMC,2257.14,buland shahr,Bulandshahr
Uttar Pradesh,Maize,2024,2,2024-02-01,Charra APMC,2201.27,charra,Aligarh
Uttar Pradesh,Maize,2024,2,2024-02-01,Chhibramau APMC,2143.17,chhibramau,Kannauj
Uttar Pradesh,Maize,2024,2,2024-02-01,Choubepur APMC,2260.78,choubepur,Jaunpur
Uttar Pradesh,Maize,2024,2,2024-02-01,Colonelganj APMC,2275.0,colonelganj,Gonda
Uttar Pradesh,Maize,2024,2,2024-02-01,DADRI APMC,2210.0,dadri,Gautam Buddha Nagar
Uttar Pradesh,Maize,2024,2,2024-02-01,Devariya APMC,2174.96,devariya,Deoria
Uttar Pradesh,Maize,2024,2,2024-02-01,Divai APMC,,divai,Bulandshahar
Uttar Pradesh,Maize,2024,2,2024-02-01,Etah APMC,2098.09,etah,Etah
Uttar Pradesh,Maize,2024,2,2024-02-01,Farukhabad APMC,2141.47,farukhabad,Farrukhabad
Uttar Pradesh,Maize,2024,2,2024-02-01,Firozabad APMC,2229.41,firozabad,Firozabad
Uttar Pradesh,Maize,2024,2,2024-02-01,Ghaziabad APMC,2247.81,ghaziabad,Ghaziabad
Uttar Pradesh,Maize,2024,2,2024-02-01,Ghiraur APMC,,ghiraur,Mainpuri
Uttar Pradesh,Maize,2024,2,2024-02-01,Gonda APMC,2307.73,gonda,Gonda
Uttar Pradesh,Maize,2024,2,2024-02-01,Gorakhpur APMC,2176.1,gorakhpur,Gorakhpur
Uttar Pradesh,Maize,2024,2,2024-02-01,Haathras APMC,2145.96,haathras,Hathras
Uttar Pradesh,Maize,2024,2,2024-02-01,Hapur APMC,2327.32,hapur,Ghaziabad
Uttar Pradesh,Maize,2024,2,2024-02-01,Hardoi APMC,2117.73,hardoi,Hardoi
Uttar Pradesh,Maize,2024,2,2024-02-01,Jahangirabad APMC,2298.17,jahangirabad,Bulandshahar
Uttar Pradesh,Maize,2024,2,2024-02-01,Jaunpur APMC,2217.49,jaunpur,Jaunpur
Uttar Pradesh,Maize,2024,2,2024-02-01,Jhijhank APMC,2122.03,jhijhank,Kanpur Dehat
Uttar Pradesh,Maize,2024,2,2024-02-01,Kamlaganj APMC,,kamlaganj,Farrukhabad
Uttar Pradesh,Maize,2024,2,2024-02-01,Kannauj APMC,2221.02,kannauj,Kannauj
Uttar Pradesh,Maize,2024,2,2024-02-01,Kanpur(Grain) APMC,2365.19,kanpur(grain),Jaunpur
Uttar Pradesh,Maize,2024,2,2024-02-01,Kasganj APMC,2107.24,kasganj,Kasganj
Uttar Pradesh,Maize,2024,2,2024-02-01,Kayamganj APMC,2186.94,kayamganj,Farrukhabad
Uttar Pradesh,Maize,2024,2,2024-02-01,Khair APMC,2180.0,khair,Aligarh
Uttar Pradesh,Maize,2024,2,2024-02-01,Khurja APMC,,khurja,Bulandshahr
Uttar Pradesh,Maize,2024,2,2024-02-01,Lakhimpur APMC,2044.88,lakhimpur,Lalitpur
Uttar Pradesh,Maize,2024,2,2024-02-01,Lalitpur APMC,2110.0,lalitpur,Lalitpur
Uttar Pradesh,Maize,2024,2,2024-02-01,Madhoganj APMC,2118.48,madhoganj,Hardoi
Uttar Pradesh,Maize,2024,2,2024-02-01,Mainpuri APMC,2142.22,mainpuri,Mainpuri
Uttar Pradesh,Maize,2024,2,2024-02-01,Meerut APMC,2269.09,meerut,Meerut
Uttar Pradesh,Maize,2024,2,2024-02-01,Mohamadabad APMC,2186.43,mohamadabad,Farrukhabad
Uttar Pradesh,Maize,2024,2,2024-02-01,Naanpara APMC,2278.67,naanpara,Bahraich
Uttar Pradesh,Maize,2024,2,2024-02-01,Nawabganj APMC,2252.9,nawabganj,Gonda
Uttar Pradesh,Maize,2024,2,2024-02-01,Pukharayan APMC,2164.77,pukharayan,Kanpur Dehat
Uttar Pradesh,Maize,2024,2,2024-02-01,Rura APMC,2111.69,rura,Kanpur Dehat
Uttar Pradesh,Maize,2024,2,2024-02-01,Saharanpur APMC,2287.86,saharanpur,Saharanpur
Uttar Pradesh,Maize,2024,2,2024-02-01,Sandi APMC,2112.93,sandi,Hardoi
Uttar Pradesh,Maize,2024,2,2024-02-01,Sandila APMC,2111.95,sandila,Hardoi
Uttar Pradesh,Maize,2024,2,2024-02-01,Shahabad(New Mandi) APMC,2120.0,shahabad(new mandi),Hardoi
Uttar Pradesh,Maize,2024,2,2024-02-01,Shahaswan APMC,,shahaswan,Badaun
Uttar Pradesh,Maize,2024,2,2024-02-01,Shamli APMC,2307.55,shamli,Shamli
Uttar Pradesh,Maize,2024,2,2024-02-01,Shikohabad APMC,,shikohabad,Firozabad
Uttar Pradesh,Maize,2024,2,2024-02-01,Sikandraraau APMC,,sikandraraau,Hathras
Uttar Pradesh,Maize,2024,2,2024-02-01,Sirsaganj APMC,,sirsaganj,Firozabad
Uttar Pradesh,Maize,2024,2,2024-02-01,Siyana APMC,2154.43,siyana,Bulandshahar
Uttar Pradesh,Maize,2024,2,2024-02-01,Ujhani APMC,2233.66,ujhani,Budaun
Uttar Pradesh,Maize,2024,2,2024-02-01,Unnao APMC,2117.03,unnao,Unnao
Uttar Pradesh,Maize,2024,2,2024-02-01,Uttaripura APMC,2300.2,uttaripura,Jaunpur
Uttar Pradesh,Maize,2024,2,2024-02-01,Varanasi APMC,2215.62,varanasi,Varanasi
Uttar Pradesh,Maize,2024,3,2024-03-01,Achalda APMC,2251.29,achalda,Auraiya
Uttar Pradesh,Maize,2024,3,2024-03-01,Aliganj APMC,2121.23,aliganj,Etah
Uttar Pradesh,Maize,2024,3,2024-03-01,Aligarh APMC,2177.44,aligarh,Aligarh
Uttar Pradesh,Maize,2024,3,2024-03-01,Atrauli APMC,2300.0,atrauli,Aligarh
Uttar Pradesh,Maize,2024,3,2024-03-01,Auraiya APMC,2250.0,auraiya,Auraiya
Uttar Pradesh,Maize,2024,3,2024-03-01,Ayodhya APMC,2227.83,ayodhya,Ayodhya
Uttar Pradesh,Maize,2024,3,2024-03-01,Bahraich APMC,2282.25,bahraich,Bahraich
Uttar Pradesh,Maize,2024,3,2024-03-01,Balrampur APMC,2265.15,balrampur,Balrampur
Uttar Pradesh,Maize,2024,3,2024-03-01,Bangarmau APMC,2142.72,bangarmau,Unnao
Uttar Pradesh,Maize,2024,3,2024-03-01,Bareilly APMC,2200.0,bareilly,Bareilly
Uttar Pradesh,Maize,2024,3,2024-03-01,Bewar APMC,1944.66,bewar,Mainpuri
Uttar Pradesh,Maize,2024,3,2024-03-01,Bharthna APMC,,bharthna,Etawah
Uttar Pradesh,Maize,2024,3,2024-03-01,Bhehjoi APMC,,bhehjoi,Sambhal
Uttar Pradesh,Maize,2024,3,2024-03-01,Bilsi APMC,2141.42,bilsi,Budaun
Uttar Pradesh,Maize,2024,3,2024-03-01,Buland Shahr APMC,,buland shahr,Bulandshahr
Uttar Pradesh,Maize,2024,3,2024-03-01,Charra APMC,2182.42,charra,Aligarh
Uttar Pradesh,Maize,2024,3,2024-03-01,Chhibramau APMC,2160.03,chhibramau,Kannauj
Uttar Pradesh,Maize,2024,3,2024-03-01,Choubepur APMC,2335.39,choubepur,Jaunpur
Uttar Pradesh,Maize,2024,3,2024-03-01,Colonelganj APMC,,colonelganj,Gonda
Uttar Pradesh,Maize,2024,3,2024-03-01,DADRI APMC,,dadri,Gautam Buddha Nagar
Uttar Pradesh,Maize,2024,3,2024-03-01,Devariya APMC,2186.0,devariya,Deoria
Uttar Pradesh,Maize,2024,3,2024-03-01,Divai APMC,,divai,Bulandshahar
Uttar Pradesh,Maize,2024,3,2024-03-01,Etah APMC,2137.47,etah,Etah
Uttar Pradesh,Maize,2024,3,2024-03-01,Farukhabad APMC,2200.0,farukhabad,Farrukhabad
Uttar Pradesh,Maize,2024,3,2024-03-01,Firozabad APMC,2262.58,firozabad,Firozabad
Uttar Pradesh,Maize,2024,3,2024-03-01,Ghaziabad APMC,2247.52,ghaziabad,Ghaziabad
Uttar Pradesh,Maize,2024,3,2024-03-01,Ghiraur APMC,,ghiraur,Mainpuri
Uttar Pradesh,Maize,2024,3,2024-03-01,Gonda APMC,2314.74,gonda,Gonda
Uttar Pradesh,Maize,2024,3,2024-03-01,Gorakhpur APMC,2192.1,gorakhpur,Gorakhpur
Uttar Pradesh,Maize,2024,3,2024-03-01,Haathras APMC,2197.3,haathras,Hathras
Uttar Pradesh,Maize,2024,3,2024-03-01,Hapur APMC,2281.19,hapur,Ghaziabad
Uttar Pradesh,Maize,2024,3,2024-03-01,Hardoi APMC,2135.74,hardoi,Hardoi
Uttar Pradesh,Maize,2024,3,2024-03-01,Jahangirabad APMC,2300.92,jahangirabad,Bulandshahar
Uttar Pradesh,Maize,2024,3,2024-03-01,Jaunpur APMC,2224.54,jaunpur,Jaunpur
Uttar Pradesh,Maize,2024,3,2024-03-01,Jhijhank APMC,,jhijhank,Kanpur Dehat
Uttar Pradesh,Maize,2024,3,2024-03-01,Kamlaganj APMC,,kamlaganj,Farrukhabad
Uttar Pradesh,Maize,2024,3,2024-03-01,Kannauj APMC,2284.52,kannauj,Kannauj
Uttar Pradesh,Maize,2024,3,2024-03-01,Kanpur(Grain) APMC,2378.99,kanpur(grain),Jaunpur
Uttar Pradesh,Maize,2024,3,2024-03-01,Kasganj APMC,2120.48,kasganj,Kasganj
Uttar Pradesh,Maize,2024,3,2024-03-01,Kayamganj APMC,2187.41,kayamganj,Farrukhabad
Uttar Pradesh,Maize,2024,3,2024-03-01,Khair APMC,2150.0,khair,Aligarh
Uttar Pradesh,Maize,2024,3,2024-03-01,Lakhimpur APMC,2069.48,lakhimpur,Lalitpur
Uttar Pradesh,Maize,2024,3,2024-03-01,Lalitpur APMC,,lalitpur,Lalitpur
Uttar Pradesh,Maize,2024,3,2024-03-01,Madhoganj APMC,2132.79,madhoganj,Hardoi
Uttar Pradesh,Maize,2024,3,2024-03-01,Mainpuri APMC,2184.07,mainpuri,Mainpuri
Uttar Pradesh,Maize,2024,3,2024-03-01,Meerut APMC,2294.09,meerut,Meerut
Uttar Pradesh,Maize,2024,3,2024-03-01,Mohamadabad APMC,2186.42,mohamadabad,Farrukhabad
Uttar Pradesh,Maize,2024,3,2024-03-01,Naanpara APMC,2310.39,naanpara,Bahraich
Uttar Pradesh,Maize,2024,3,2024-03-01,Nawabganj APMC,2300.0,nawabganj,Gonda
Uttar Pradesh,Maize,2024,3,2024-03-01,Pukharayan APMC,2169.78,pukharayan,Kanpur Dehat
Uttar Pradesh,Maize,2024,3,2024-03-01,Rura APMC,2196.63,rura,Kanpur Dehat
Uttar Pradesh,Maize,2024,3,2024-03-01,Saharanpur APMC,2295.11,saharanpur,Saharanpur
Uttar Pradesh,Maize,2024,3,2024-03-01,Sandi APMC,2131.71,sandi,Hardoi
Uttar Pradesh,Maize,2024,3,2024-03-01,Sandila APMC,2129.04,sandila,Hardoi
Uttar Pradesh,Maize,2024,3,2024-03-01,Shahabad(New Mandi) APMC,2133.57,shahabad(new mandi),Hardoi
Uttar Pradesh,Maize,2024,3,2024-03-01,Shahaswan APMC,,shahaswan,Badaun
Uttar Pradesh,Maize,2024,3,2024-03-01,Shamli APMC,2294.99,shamli,Shamli
Uttar Pradesh,Maize,2024,3,2024-03-01,Shikohabad APMC,,shikohabad,Firozabad
Uttar Pradesh,Maize,2024,3,2024-03-01,Sirsaganj APMC,,sirsaganj,Firozabad
Uttar Pradesh,Maize,2024,3,2024-03-01,Siyana APMC,2200.0,siyana,Bulandshahar
Uttar Pradesh,Maize,2024,3,2024-03-01,Ujhani APMC,2145.0,ujhani,Budaun
Uttar Pradesh,Maize,2024,3,2024-03-01,Unnao APMC,2135.6,unnao,Unnao
Uttar Pradesh,Maize,2024,3,2024-03-01,Uttaripura APMC,2343.65,uttaripura,Jaunpur
Uttar Pradesh,Maize,2024,3,2024-03-01,Varanasi APMC,2228.09,varanasi,Varanasi
Uttar Pradesh,Maize,2024,3,2024-03-01,Wazirganj APMC,2300.0,wazirganj,Budaun
Uttar Pradesh,Maize,2024,4,2024-04-01,Achalda APMC,2289.87,achalda,Auraiya
Uttar Pradesh,Maize,2024,4,2024-04-01,Aliganj APMC,2064.04,aliganj,Etah
Uttar Pradesh,Maize,2024,4,2024-04-01,Aligarh APMC,2152.3,aligarh,Aligarh
Uttar Pradesh,Maize,2024,4,2024-04-01,Atrauli APMC,,atrauli,Aligarh
Uttar Pradesh,Maize,2024,4,2024-04-01,Auraiya APMC,,auraiya,Auraiya
Uttar Pradesh,Maize,2024,4,2024-04-01,Ayodhya APMC,2269.09,ayodhya,Ayodhya
Uttar Pradesh,Maize,2024,4,2024-04-01,Bahraich APMC,2304.3,bahraich,Bahraich
Uttar Pradesh,Maize,2024,4,2024-04-01,Balrampur APMC,2301.85,balrampur,Balrampur
Uttar Pradesh,Maize,2024,4,2024-04-01,Bangarmau APMC,2134.91,bangarmau,Unnao
Uttar Pradesh,Maize,2024,4,2024-04-01,Bareilly APMC,,bareilly,Bareilly
Uttar Pradesh,Maize,2024,4,2024-04-01,Bewar APMC,1983.67,bewar,Mainpuri
Uttar Pradesh,Maize,2024,4,2024-04-01,Bharthna APMC,,bharthna,Etawah
Uttar Pradesh,Maize,2024,4,2024-04-01,Bilsi APMC,2200.0,bilsi,Budaun
Uttar Pradesh,Maize,2024,4,2024-04-01,Buland Shahr APMC,2300.0,buland shahr,Bulandshahr
Uttar Pradesh,Maize,2024,4,2024-04-01,Charra APMC,2208.12,charra,Aligarh
Uttar Pradesh,Maize,2024,4,2024-04-01,Chhibramau APMC,2150.0,chhibramau,Kannauj
Uttar Pradesh,Maize,2024,4,2024-04-01,Choubepur APMC,2317.86,choubepur,Jaunpur
Uttar Pradesh,Maize,2024,4,2024-04-01,DADRI APMC,,dadri,Gautam Buddha Nagar
Uttar Pradesh,Maize,2024,4,2024-04-01,Devariya APMC,2223.04,devariya,Deoria
Uttar Pradesh,Maize,2024,4,2024-04-01,Divai APMC,2132.27,divai,Bulandshahar
Uttar Pradesh,Maize,2024,4,2024-04-01,Etah APMC,2160.62,etah,Etah
Uttar Pradesh,Maize,2024,4,2024-04-01,Farukhabad APMC,,farukhabad,Farrukhabad
Uttar Pradesh,Maize,2024,4,2024-04-01,Firozabad APMC,2245.8,firozabad,Firozabad
Uttar Pradesh,Maize,2024,4,2024-04-01,Ghaziabad APMC,2228.54,ghaziabad,Ghaziabad
Uttar Pradesh,Maize,2024,4,2024-04-01,Ghiraur APMC,,ghiraur,Mainpuri
Uttar Pradesh,Maize,2024,4,2024-04-01,Gonda APMC,2314.12,gonda,Gonda
Uttar Pradesh,Maize,2024,4,2024-04-01,Gorakhpur APMC,2250.24,gorakhpur,Gorakhpur
Uttar Pradesh,Maize,2024,4,2024-04-01,Haathras APMC,2134.55,haathras,Hathras
Uttar Pradesh,Maize,2024,4,2024-04-01,Hapur APMC,2294.47,hapur,Ghaziabad
Uttar Pradesh,Maize,2024,4,2024-04-01,Hardoi APMC,2133.08,hardoi,Hardoi
Uttar Pradesh,Maize,2024,4,2024-04-01,Jahangirabad APMC,2287.78,jahangirabad,Bulandshahar
Uttar Pradesh,Maize,2024,4,2024-04-01,Jaunpur APMC,2250.6,jaunpur,Jaunpur
Uttar Pradesh,Maize,2024,4,2024-04-01,Jhijhank APMC,,jhijhank,Kanpur Dehat
Uttar Pradesh,Maize,2024,4,2024-04-01,Kamlaganj APMC,2097.18,kamlaganj,Farrukhabad
Uttar Pradesh,Maize,2024,4,2024-04-01,Kannauj APMC,2275.84,kannauj,Kannauj
Uttar Pradesh,Maize,2024,4,2024-04-01,Kanpur(Grain) APMC,2345.68,kanpur(grain),Jaunpur
Uttar Pradesh,Maize,2024,4,2024-04-01,Kasganj APMC,2183.9,kasganj,Kasganj
Uttar Pradesh,Maize,2024,4,2024-04-01,Kayamganj APMC,2207.17,kayamganj,Farrukhabad
Uttar Pradesh,Maize,2024,4,2024-04-01,Khair APMC,,khair,Aligarh
Uttar Pradesh,Maize,2024,4,2024-04-01,Lakhimpur APMC,2094.64,lakhimpur,Lalitpur
Uttar Pradesh,Maize,2024,4,2024-04-01,Lalitpur APMC,,lalitpur,Lalitpur
Uttar Pradesh,Maize,2024,4,2024-04-01,Madhoganj APMC,2133.94,madhoganj,Hardoi
Uttar Pradesh,Maize,2024,4,2024-04-01,Mainpuri APMC,2223.16,mainpuri,Mainpuri
Uttar Pradesh,Maize,2024,4,2024-04-01,Meerut APMC,2563.06,meerut,Meerut
Uttar Pradesh,Maize,2024,4,2024-04-01,Mohamadabad APMC,2206.24,mohamadabad,Farrukhabad
Uttar Pradesh,Maize,2024,4,2024-04-01,Naanpara APMC,2323.67,naanpara,Bahraich
Uttar Pradesh,Maize,2024,4,2024-04-01,Nawabganj APMC,,nawabganj,Gonda
Uttar Pradesh,Maize,2024,4,2024-04-01,Pukharayan APMC,,pukharayan,Kanpur Dehat
Uttar Pradesh,Maize,2024,4,2024-04-01,Rura APMC,2192.93,rura,Kanpur Dehat
Uttar Pradesh,Maize,2024,4,2024-04-01,Saharanpur APMC,2249.27,saharanpur,Saharanpur
Uttar Pradesh,Maize,2024,4,2024-04-01,Sandi APMC,2130.67,sandi,Hardoi
Uttar Pradesh,Maize,2024,4,2024-04-01,Sandila APMC,2133.13,sandila,Hardoi
Uttar Pradesh,Maize,2024,4,2024-04-01,Shahabad(New Mandi) APMC,2134.34,shahabad(new mandi),Hardoi
Uttar Pradesh,Maize,2024,4,2024-04-01,Shahaswan APMC,,shahaswan,Badaun
Uttar Pradesh,Maize,2024,4,2024-04-01,Shamli APMC,2284.75,shamli,Shamli
Uttar Pradesh,Maize,2024,4,2024-04-01,Shikohabad APMC,,shikohabad,Firozabad
Uttar Pradesh,Maize,2024,4,2024-04-01,Sirsaganj APMC,,sirsaganj,Firozabad
Uttar Pradesh,Maize,2024,4,2024-04-01,Siyana APMC,2172.61,siyana,Bulandshahar
Uttar Pradesh,Maize,2024,4,2024-04-01,Ujhani APMC,2171.72,ujhani,Budaun
Uttar Pradesh,Maize,2024,4,2024-04-01,Unnao APMC,2137.58,unnao,Unnao
Uttar Pradesh,Maize,2024,4,2024-04-01,Uttaripura APMC,2315.28,uttaripura,Jaunpur
Uttar Pradesh,Maize,2024,4,2024-04-01,Varanasi APMC,2237.25,varanasi,Varanasi
Uttar Pradesh,Maize,2024,4,2024-04-01,Wazirganj APMC,,wazirganj,Budaun
Uttar Pradesh,Maize,2024,5,2024-05-01,Achalda APMC,2269.59,achalda,Auraiya
Uttar Pradesh,Maize,2024,5,2024-05-01,Aliganj APMC,2048.91,aliganj,Etah
Uttar Pradesh,Maize,2024,5,2024-05-01,Aligarh APMC,2143.35,aligarh,Aligarh
Uttar Pradesh,Maize,2024,5,2024-05-01,Ayodhya APMC,2271.52,ayodhya,Ayodhya
Uttar Pradesh,Maize,2024,5,2024-05-01,Bahraich APMC,2079.08,bahraich,Bahraich
Uttar Pradesh,Maize,2024,5,2024-05-01,Balrampur APMC,2113.87,balrampur,Balrampur
Uttar Pradesh,Maize,2024,5,2024-05-01,Bangarmau APMC,2133.85,bangarmau,Unnao
Uttar Pradesh,Maize,2024,5,2024-05-01,Bewar APMC,,bewar,Mainpuri
Uttar Pradesh,Maize,2024,5,2024-05-01,Bharthna APMC,,bharthna,Etawah
Uttar Pradesh,Maize,2024,5,2024-05-01,Bhehjoi APMC,,bhehjoi,Sambhal
Uttar Pradesh,Maize,2024,5,2024-05-01,Bhinga APMC,2052.41,bhinga,Shravasti
Uttar Pradesh,Maize,2024,5,2024-05-01,Bilsi APMC,,bilsi,Budaun
Uttar Pradesh,Maize,2024,5,2024-05-01,Buland Shahr APMC,,buland shahr,Bulandshahr
Uttar Pradesh,Maize,2024,5,2024-05-01,Charra APMC,2205.24,charra,Aligarh
Uttar Pradesh,Maize,2024,5,2024-05-01,Chhibramau APMC,2275.0,chhibramau,Kannauj
Uttar Pradesh,Maize,2024,5,2024-05-01,Choubepur APMC,2314.35,choubepur,Jaunpur
Uttar Pradesh,Maize,2024,5,2024-05-01,Colonelganj APMC,2100.0,colonelganj,Gonda
Uttar Pradesh,Maize,2024,5,2024-05-01,DADRI APMC,,dadri,Gautam Buddha Nagar
Uttar Pradesh,Maize,2024,5,2024-05-01,Devariya APMC,2275.0,devariya,Deoria
Uttar Pradesh,Maize,2024,5,2024-05-01,Divai APMC,,divai,Bulandshahar
Uttar Pradesh,Maize,2024,5,2024-05-01,Etah APMC,2129.75,etah,Etah
Uttar Pradesh,Maize,2024,5,2024-05-01,Farukhabad APMC,,farukhabad,Farrukhabad
Uttar Pradesh,Maize,2024,5,2024-05-01,Firozabad APMC,2194.4,firozabad,Firozabad
Uttar Pradesh,Maize,2024,5,2024-05-01,Ghaziabad APMC,2256.34,ghaziabad,Ghaziabad
Uttar Pradesh,Maize,2024,5,2024-05-01,Ghiraur APMC,,ghiraur,Mainpuri
Uttar Pradesh,Maize,2024,5,2024-05-01,Gonda APMC,2121.21,gonda,Gonda
Uttar Pradesh,Maize,2024,5,2024-05-01,Gorakhpur APMC,2271.73,gorakhpur,Gorakhpur
Uttar Pradesh,Maize,2024,5,2024-05-01,Haathras APMC,2130.72,haathras,Hathras
Uttar Pradesh,Maize,2024,5,2024-05-01,Hapur APMC,2337.66,hapur,Ghaziabad
Uttar Pradesh,Maize,2024,5,2024-05-01,Hardoi APMC,2127.96,hardoi,Hardoi
Uttar Pradesh,Maize,2024,5,2024-05-01,Jahangirabad APMC,,jahangirabad,Bulandshahar
Uttar Pradesh,Maize,2024,5,2024-05-01,Jaunpur APMC,2261.88,jaunpur,Jaunpur
Uttar Pradesh,Maize,2024,5,2024-05-01,Jhijhank APMC,,jhijhank,Kanpur Dehat
Uttar Pradesh,Maize,2024,5,2024-05-01,Kamlaganj APMC,2290.0,kamlaganj,Farrukhabad
Uttar Pradesh,Maize,2024,5,2024-05-01,Kannauj APMC,2307.19,kannauj,Kannauj
Uttar Pradesh,Maize,2024,5,2024-05-01,Kanpur(Grain) APMC,2368.92,kanpur(grain),Jaunpur
Uttar Pradesh,Maize,2024,5,2024-05-01,Kasganj APMC,2176.87,kasganj,Kasganj
Uttar Pradesh,Maize,2024,5,2024-05-01,Kayamganj APMC,2258.24,kayamganj,Farrukhabad
Uttar Pradesh,Maize,2024,5,2024-05-01,Khair APMC,2152.86,khair,Aligarh
Uttar Pradesh,Maize,2024,5,2024-05-01,Lakhimpur APMC,2143.7,lakhimpur,Lalitpur
Uttar Pradesh,Maize,2024,5,2024-05-01,Lalitpur APMC,,lalitpur,Lalitpur
Uttar Pradesh,Maize,2024,5,2024-05-01,Madhoganj APMC,2130.36,madhoganj,Hardoi
Uttar Pradesh,Maize,2024,5,2024-05-01,Mainpuri APMC,2186.81,mainpuri,Mainpuri
Uttar Pradesh,Maize,2024,5,2024-05-01,Meerut APMC,2299.35,meerut,Meerut
Uttar Pradesh,Maize,2024,5,2024-05-01,Mohamadabad APMC,2277.99,mohamadabad,Farrukhabad
Uttar Pradesh,Maize,2024,5,2024-05-01,Naanpara APMC,2183.72,naanpara,Bahraich
Uttar Pradesh,Maize,2024,5,2024-05-01,Nawabganj APMC,2118.13,nawabganj,Gonda
Uttar Pradesh,Maize,2024,5,2024-05-01,Rura APMC,2161.47,rura,Kanpur Dehat
Uttar Pradesh,Maize,2024,5,2024-05-01,Saharanpur APMC,2269.84,saharanpur,Saharanpur
Uttar Pradesh,Maize,2024,5,2024-05-01,Sandi APMC,2125.27,sandi,Hardoi
Uttar Pradesh,Maize,2024,5,2024-05-01,Sandila APMC,2126.55,sandila,Hardoi
Uttar Pradesh,Maize,2024,5,2024-05-01,Shahabad(New Mandi) APMC,2131.09,shahabad(new mandi),Hardoi
Uttar Pradesh,Maize,2024,5,2024-05-01,Shamli APMC,2268.04,shamli,Shamli
Uttar Pradesh,Maize,2024,5,2024-05-01,Shikohabad APMC,,shikohabad,Firozabad
Uttar Pradesh,Maize,2024,5,2024-05-01,Sirsaganj APMC,,sirsaganj,Firozabad
Uttar Pradesh,Maize,2024,5,2024-05-01,Siyana APMC,2177.72,siyana,Bulandshahar
Uttar Pradesh,Maize,2024,5,2024-05-01,Ujhani APMC,,ujhani,Budaun
Uttar Pradesh,Maize,2024,5,2024-05-01,Unnao APMC,,unnao,Unnao
Uttar Pradesh,Maize,2024,5,2024-05-01,Uttaripura APMC,2317.01,uttaripura,Jaunpur
Uttar Pradesh,Maize,2024,5,2024-05-01,Varanasi APMC,2271.29,varanasi,Varanasi
Uttar Pradesh,Maize,2024,6,2024-06-01,Achalda APMC,2068.01,achalda,Auraiya
Uttar Pradesh,Maize,2024,6,2024-06-01,Aliganj APMC,2063.03,aliganj,Etah
Uttar Pradesh,Maize,2024,6,2024-06-01,Aligarh APMC,2101.13,aligarh,Aligarh
Uttar Pradesh,Maize,2024,6,2024-06-01,Atrauli APMC,2101.37,atrauli,Aligarh
Uttar Pradesh,Maize,2024,6,2024-06-01,Ayodhya APMC,2281.87,ayodhya,Ayodhya
Uttar Pradesh,Maize,2024,6,2024-06-01,Babrala APMC,1998.87,babrala,Budaun
Uttar Pradesh,Maize,2024,6,2024-06-01,Badayoun APMC,2100.0,badayoun,Budaun
Uttar Pradesh,Maize,2024,6,2024-06-01,Bahraich APMC,2095.92,bahraich,Bahraich
Uttar Pradesh,Maize,2024,6,2024-06-01,Balrampur APMC,2157.09,balrampur,Balrampur
Uttar Pradesh,Maize,2024,6,2024-06-01,Bangarmau APMC,2100.7,bangarmau,Unnao
Uttar Pradesh,Maize,2024,6,2024-06-01,Baripaal APMC,,baripaal,Jaunpur
Uttar Pradesh,Maize,2024,6,2024-06-01,Bewar APMC,2037.74,bewar,Mainpuri
Uttar Pradesh,Maize,2024,6,2024-06-01,Bharthna APMC,2169.0,bharthna,Etawah
Uttar Pradesh,Maize,2024,6,2024-06-01,Bhehjoi APMC,2065.59,bhehjoi,Sambhal
Uttar Pradesh,Maize,2024,6,2024-06-01,Bhinga APMC,2092.4,bhinga,Shravasti
Uttar Pradesh,Maize,2024,6,2024-06-01,Bilsi APMC,2100.0,bilsi,Budaun
Uttar Pradesh,Maize,2024,6,2024-06-01,Bisoli APMC,2098.42,bisoli,Badaun
Uttar Pradesh,Maize,2024,6,2024-06-01,Buland Shahr APMC,2202.68,buland shahr,Bulandshahr
Uttar Pradesh,Maize,2024,6,2024-06-01,Charra APMC,2079.62,charra,Aligarh
Uttar Pradesh,Maize,2024,6,2024-06-01,Chhibramau APMC,2149.14,chhibramau,Kannauj
Uttar Pradesh,Maize,2024,6,2024-06-01,Choubepur APMC,2186.55,choubepur,Jaunpur
Uttar Pradesh,Maize,2024,6,2024-06-01,Colonelganj APMC,,colonelganj,Gonda
Uttar Pradesh,Maize,2024,6,2024-06-01,DADRI APMC,2270.0,dadri,Gautam Buddha Nagar
Uttar Pradesh,Maize,2024,6,2024-06-01,Dataganj APMC,2030.0,dataganj,Badaun
Uttar Pradesh,Maize,2024,6,2024-06-01,Devariya APMC,,devariya,Deoria
Uttar Pradesh,Maize,2024,6,2024-06-01,Dibiapur APMC,,dibiapur,Auraiya
Uttar Pradesh,Maize,2024,6,2024-06-01,Divai APMC,2054.81,divai,Bulandshahar
Uttar Pradesh,Maize,2024,6,2024-06-01,Etah APMC,2134.28,etah,Etah
Uttar Pradesh,Maize,2024,6,2024-06-01,Farukhabad APMC,2143.53,farukhabad,Farrukhabad
Uttar Pradesh,Maize,2024,6,2024-06-01,Firozabad APMC,2120.91,firozabad,Firozabad
Uttar Pradesh,Maize,2024,6,2024-06-01,Ghaziabad APMC,2296.74,ghaziabad,Ghaziabad
Uttar Pradesh,Maize,2024,6,2024-06-01,Ghiraur APMC,2099.34,ghiraur,Mainpuri
Uttar Pradesh,Maize,2024,6,2024-06-01,Golagokarnath APMC,,golagokarnath,Lalitpur
Uttar Pradesh,Maize,2024,6,2024-06-01,Gonda APMC,2141.38,gonda,Gonda
Uttar Pradesh,Maize,2024,6,2024-06-01,Gorakhpur APMC,2264.77,gorakhpur,Gorakhpur
Uttar Pradesh,Maize,2024,6,2024-06-01,Haathras APMC,2103.66,haathras,Hathras
Uttar Pradesh,Maize,2024,6,2024-06-01,Hapur APMC,2125.17,hapur,Ghaziabad
Uttar Pradesh,Maize,2024,6,2024-06-01,Hardoi APMC,2128.03,hardoi,Hardoi
Uttar Pradesh,Maize,2024,6,2024-06-01,Jahangirabad APMC,2193.83,jahangirabad,Bulandshahar
Uttar Pradesh,Maize,2024,6,2024-06-01,Jasvantnagar APMC,2172.44,jasvantnagar,Etawah
Uttar Pradesh,Maize,2024,6,2024-06-01,Jaunpur APMC,2270.67,jaunpur,Jaunpur
Uttar Pradesh,Maize,2024,6,2024-06-01,Jhijhank APMC,2094.59,jhijhank,Kanpur Dehat
Uttar Pradesh,Maize,2024,6,2024-06-01,Kamlaganj APMC,2135.33,kamlaganj,Farrukhabad
Uttar Pradesh,Maize,2024,6,2024-06-01,Kannauj APMC,2134.84,kannauj,Kannauj
Uttar Pradesh,Maize,2024,6,2024-06-01,Kanpur(Grain) APMC,2372.06,kanpur(grain),Jaunpur
Uttar Pradesh,Maize,2024,6,2024-06-01,Kasganj APMC,2113.95,kasganj,Kasganj
Uttar Pradesh,Maize,2024,6,2024-06-01,Kayamganj APMC,2124.11,kayamganj,Farrukhabad
Uttar Pradesh,Maize,2024,6,2024-06-01,Khair APMC,2088.26,khair,Aligarh
Uttar Pradesh,Maize,2024,6,2024-06-01,Khurja APMC,2179.0,khurja,Bulandshahr
Uttar Pradesh,Maize,2024,6,2024-06-01,Lakhimpur APMC,2145.74,lakhimpur,Lalitpur
Uttar Pradesh,Maize,2024,6,2024-06-01,Madhoganj APMC,2129.08,madhoganj,Hardoi
Uttar Pradesh,Maize,2024,6,2024-06-01,Mainpuri APMC,2115.0,mainpuri,Mainpuri
Uttar Pradesh,Maize,2024,6,2024-06-01,Meerut APMC,2229.16,meerut,Meerut
Uttar Pradesh,Maize,2024,6,2024-06-01,Mohamadabad APMC,2132.09,mohamadabad,Farrukhabad
Uttar Pradesh,Maize,2024,6,2024-06-01,Naanpara APMC,2231.68,naanpara,Bahraich
Uttar Pradesh,Maize,2024,6,2024-06-01,Nawabganj APMC,2145.86,nawabganj,Gonda
Uttar Pradesh,Maize,2024,6,2024-06-01,Powayan APMC,2110.1,powayan,Shahjahanpur
Uttar Pradesh,Maize,2024,6,2024-06-01,Rura APMC,2100.0,rura,Kanpur Dehat
Uttar Pradesh,Maize,2024,6,2024-06-01,Saharanpur APMC,2297.77,saharanpur,Saharanpur
Uttar Pradesh,Maize,2024,6,2024-06-01,Sandi APMC,2130.48,sandi,Hardoi
Uttar Pradesh,Maize,2024,6,2024-06-01,Sandila APMC,2135.29,sandila,Hardoi
Uttar Pradesh,Maize,2024,6,2024-06-01,Shahabad(New Mandi) APMC,2134.26,shahabad(new mandi),Hardoi
Uttar Pradesh,Maize,2024,6,2024-06-01,Shahaswan APMC,2040.0,shahaswan,Badaun
Uttar Pradesh,Maize,2024,6,2024-06-01,Shahjahanpur APMC,2102.86,shahjahanpur,Shahjahanpur
Uttar Pradesh,Maize,2024,6,2024-06-01,Shamli APMC,2305.66,shamli,Shamli
Uttar Pradesh,Maize,2024,6,2024-06-01,Shikohabad APMC,2065.25,shikohabad,Firozabad
Uttar Pradesh,Maize,2024,6,2024-06-01,Sikandraraau APMC,1971.61,sikandraraau,Hathras
Uttar Pradesh,Maize,2024,6,2024-06-01,Sikarpur APMC,2146.83,sikarpur,Bulandshahar
Uttar Pradesh,Maize,2024,6,2024-06-01,Sirsaganj APMC,,sirsaganj,Firozabad
Uttar Pradesh,Maize,2024,6,2024-06-01,Siyana APMC,2172.04,siyana,Bulandshahar
Uttar Pradesh,Maize,2024,6,2024-06-01,Tundla APMC,2086.61,tundla,Firozabad
Uttar Pradesh,Maize,2024,6,2024-06-01,Ujhani APMC,2100.0,ujhani,Budaun
Uttar Pradesh,Maize,2024,6,2024-06-01,Unnao APMC,,unnao,Unnao
Uttar Pradesh,Maize,2024,6,2024-06-01,Uttaripura APMC,2143.28,uttaripura,Jaunpur
Uttar Pradesh,Maize,2024,6,2024-06-01,Varanasi APMC,2267.06,varanasi,Varanasi
Uttar Pradesh,Maize,2024,6,2024-06-01,Wazirganj APMC,2051.92,wazirganj,Budaun
Uttar Pradesh,Maize,2024,7,2024-07-01,Achalda APMC,2156.48,achalda,Auraiya
Uttar Pradesh,Maize,2024,7,2024-07-01,Agra APMC,,agra,Agra
Uttar Pradesh,Maize,2024,7,2024-07-01,Aliganj APMC,2058.14,aliganj,Etah
Uttar Pradesh,Maize,2024,7,2024-07-01,Aligarh APMC,2249.48,aligarh,Aligarh
Uttar Pradesh,Maize,2024,7,2024-07-01,Anoop Shahar APMC,2318.77,anoop shahar,Bulandshahr
Uttar Pradesh,Maize,2024,7,2024-07-01,Atrauli APMC,2157.64,atrauli,Aligarh
Uttar Pradesh,Maize,2024,7,2024-07-01,Ayodhya APMC,2379.64,ayodhya,Ayodhya
Uttar Pradesh,Maize,2024,7,2024-07-01,Babrala APMC,2048.16,babrala,Budaun
Uttar Pradesh,Maize,2024,7,2024-07-01,Badayoun APMC,2112.31,badayoun,Budaun
Uttar Pradesh,Maize,2024,7,2024-07-01,Bahraich APMC,2097.1,bahraich,Bahraich
Uttar Pradesh,Maize,2024,7,2024-07-01,Balrampur APMC,2134.11,balrampur,Balrampur
Uttar Pradesh,Maize,2024,7,2024-07-01,Bangarmau APMC,2110.0,bangarmau,Unnao
Uttar Pradesh,Maize,2024,7,2024-07-01,Barabanki APMC,,barabanki,Bara Banki
Uttar Pradesh,Maize,2024,7,2024-07-01,Bareilly APMC,2250.0,bareilly,Bareilly
Uttar Pradesh,Maize,2024,7,2024-07-01,Baripaal APMC,,baripaal,Jaunpur
Uttar Pradesh,Maize,2024,7,2024-07-01,Bewar APMC,2113.04,bewar,Mainpuri
Uttar Pradesh,Maize,2024,7,2024-07-01,Bharthna APMC,2188.23,bharthna,Etawah
Uttar Pradesh,Maize,2024,7,2024-07-01,Bhehjoi APMC,2108.55,bhehjoi,Sambhal
Uttar Pradesh,Maize,2024,7,2024-07-01,Bhinga APMC,2114.85,bhinga,Shravasti
Uttar Pradesh,Maize,2024,7,2024-07-01,Bilsi APMC,2100.0,bilsi,Budaun
Uttar Pradesh,Maize,2024,7,2024-07-01,Bisoli APMC,2102.56,bisoli,Badaun
Uttar Pradesh,Maize,2024,7,2024-07-01,Buland Shahr APMC,2307.46,buland shahr,Bulandshahr
Uttar Pradesh,Maize,2024,7,2024-07-01,Charra APMC,2187.12,charra,Aligarh
Uttar Pradesh,Maize,2024,7,2024-07-01,Chhibramau APMC,2216.63,chhibramau,Kannauj
Uttar Pradesh,Maize,2024,7,2024-07-01,Choubepur APMC,2195.25,choubepur,Jaunpur
Uttar Pradesh,Maize,2024,7,2024-07-01,DADRI APMC,,dadri,Gautam Buddha Nagar
Uttar Pradesh,Maize,2024,7,2024-07-01,Dataganj APMC,2045.23,dataganj,Badaun
Uttar Pradesh,Maize,2024,7,2024-07-01,Dibiapur APMC,,dibiapur,Auraiya
Uttar Pradesh,Maize,2024,7,2024-07-01,Divai APMC,2100.0,divai,Bulandshahar
Uttar Pradesh,Maize,2024,7,2024-07-01,Etah APMC,2113.78,etah,Etah
Uttar Pradesh,Maize,2024,7,2024-07-01,Farukhabad APMC,2199.93,farukhabad,Farrukhabad
Uttar Pradesh,Maize,2024,7,2024-07-01,Fatehpur Sikri APMC,2230.82,fatehpur sikri,Agra
Uttar Pradesh,Maize,2024,7,2024-07-01,Firozabad APMC,2207.1,firozabad,Firozabad
Uttar Pradesh,Maize,2024,7,2024-07-01,Ghaziabad APMC,2309.38,ghaziabad,Ghaziabad
Uttar Pradesh,Maize,2024,7,2024-07-01,Ghiraur APMC,2189.02,ghiraur,Mainpuri
Uttar Pradesh,Maize,2024,7,2024-07-01,Golagokarnath APMC,2190.22,golagokarnath,Lalitpur
Uttar Pradesh,Maize,2024,7,2024-07-01,Gonda APMC,2283.69,gonda,Gonda
Uttar Pradesh,Maize,2024,7,2024-07-01,Gorakhpur APMC,2267.22,gorakhpur,Gorakhpur
Uttar Pradesh,Maize,2024,7,2024-07-01,Haathras APMC,2223.11,haathras,Hathras
Uttar Pradesh,Maize,2024,7,2024-07-01,Hapur APMC,2185.36,hapur,Ghaziabad
Uttar Pradesh,Maize,2024,7,2024-07-01,Hardoi APMC,2129.01,hardoi,Hardoi
Uttar Pradesh,Maize,2024,7,2024-07-01,Jahangirabad APMC,2355.4,jahangirabad,Bulandshahar
Uttar Pradesh,Maize,2024,7,2024-07-01,Jasvantnagar APMC,2199.88,jasvantnagar,Etawah
Uttar Pradesh,Maize,2024,7,2024-07-01,Jaunpur APMC,2273.79,jaunpur,Jaunpur
Uttar Pradesh,Maize,2024,7,2024-07-01,Jhijhank APMC,2110.28,jhijhank,Kanpur Dehat
Uttar Pradesh,Maize,2024,7,2024-07-01,Kamlaganj APMC,2215.49,kamlaganj,Farrukhabad
Uttar Pradesh,Maize,2024,7,2024-07-01,Kannauj APMC,2206.91,kannauj,Kannauj
Uttar Pradesh,Maize,2024,7,2024-07-01,Kanpur(Grain) APMC,2271.72,kanpur(grain),Jaunpur
Uttar Pradesh,Maize,2024,7,2024-07-01,Kasganj APMC,2127.63,kasganj,Kasganj
Uttar Pradesh,Maize,2024,7,2024-07-01,Kayamganj APMC,2195.03,kayamganj,Farrukhabad
Uttar Pradesh,Maize,2024,7,2024-07-01,Khair APMC,1951.62,khair,Aligarh
Uttar Pradesh,Maize,2024,7,2024-07-01,Khurja APMC,2282.63,khurja,Bulandshahr
Uttar Pradesh,Maize,2024,7,2024-07-01,Lakhimpur APMC,2144.44,lakhimpur,Lalitpur
Uttar Pradesh,Maize,2024,7,2024-07-01,Madhoganj APMC,2126.51,madhoganj,Hardoi
Uttar Pradesh,Maize,2024,7,2024-07-01,Mainpuri APMC,2186.13,mainpuri,Mainpuri
Uttar Pradesh,Maize,2024,7,2024-07-01,Mathura APMC,2212.15,mathura,Mathura
Uttar Pradesh,Maize,2024,7,2024-07-01,Meerut APMC,2259.51,meerut,Meerut
Uttar Pradesh,Maize,2024,7,2024-07-01,Mohamadabad APMC,2207.74,mohamadabad,Farrukhabad
Uttar Pradesh,Maize,2024,7,2024-07-01,Mohammdi APMC,2152.92,mohammdi,Kheri
Uttar Pradesh,Maize,2024,7,2024-07-01,Naanpara APMC,2234.6,naanpara,Bahraich
Uttar Pradesh,Maize,2024,7,2024-07-01,Nawabganj APMC,2165.46,nawabganj,Gonda
Uttar Pradesh,Maize,2024,7,2024-07-01,Powayan APMC,,powayan,Shahjahanpur
Uttar Pradesh,Maize,2024,7,2024-07-01,Rura APMC,2178.82,rura,Kanpur Dehat
Uttar Pradesh,Maize,2024,7,2024-07-01,Saharanpur APMC,2311.17,saharanpur,Saharanpur
Uttar Pradesh,Maize,2024,7,2024-07-01,Sandi APMC,2128.01,sandi,Hardoi
Uttar Pradesh,Maize,2024,7,2024-07-01,Sandila APMC,2159.01,sandila,Hardoi
Uttar Pradesh,Maize,2024,7,2024-07-01,Shahabad(New Mandi) APMC,2135.81,shahabad(new mandi),Hardoi
Uttar Pradesh,Maize,2024,7,2024-07-01,Shahaswan APMC,2100.0,shahaswan,Badaun
Uttar Pradesh,Maize,2024,7,2024-07-01,Shahjahanpur APMC,2147.27,shahjahanpur,Shahjahanpur
Uttar Pradesh,Maize,2024,7,2024-07-01,Shamli APMC,2354.62,shamli,Shamli
Uttar Pradesh,Maize,2024,7,2024-07-01,Shikohabad APMC,2138.73,shikohabad,Firozabad
Uttar Pradesh,Maize,2024,7,2024-07-01,Sikandraraau APMC,1907.3,sikandraraau,Hathras
Uttar Pradesh,Maize,2024,7,2024-07-01,Sikarpur APMC,2191.32,sikarpur,Bulandshahar
Uttar Pradesh,Maize,2024,7,2024-07-01,Sirsaganj APMC,2190.04,sirsaganj,Firozabad
Uttar Pradesh,Maize,2024,7,2024-07-01,Siyana APMC,2195.26,siyana,Bulandshahar
Uttar Pradesh,Maize,2024,7,2024-07-01,Tilhar APMC,2134.08,tilhar,Shahjahanpur
Uttar Pradesh,Maize,2024,7,2024-07-01,Tundla APMC,2076.74,tundla,Firozabad
Uttar Pradesh,Maize,2024,7,2024-07-01,Ujhani APMC,2109.05,ujhani,Budaun
Uttar Pradesh,Maize,2024,7,2024-07-01,Unnao APMC,,unnao,Unnao
Uttar Pradesh,Maize,2024,7,2024-07-01,Uttaripura APMC,2153.75,uttaripura,Jaunpur
Uttar Pradesh,Maize,2024,7,2024-07-01,Varanasi APMC,2283.1,varanasi,Varanasi
Uttar Pradesh,Maize,2024,7,2024-07-01,Wazirganj APMC,2102.35,wazirganj,Budaun
Uttar Pradesh,Maize,2024,8,2024-08-01,Achalda APMC,2254.86,achalda,Auraiya
Uttar Pradesh,Maize,2024,8,2024-08-01,Aliganj APMC,2111.48,aliganj,Etah
Uttar Pradesh,Maize,2024,8,2024-08-01,Aligarh APMC,2296.26,aligarh,Aligarh
Uttar Pradesh,Maize,2024,8,2024-08-01,Anoop Shahar APMC,2262.69,anoop shahar,Bulandshahr
Uttar Pradesh,Maize,2024,8,2024-08-01,Atrauli APMC,2260.23,atrauli,Aligarh
Uttar Pradesh,Maize,2024,8,2024-08-01,Ayodhya APMC,2385.09,ayodhya,Ayodhya
Uttar Pradesh,Maize,2024,8,2024-08-01,Babrala APMC,2135.09,babrala,Budaun
Uttar Pradesh,Maize,2024,8,2024-08-01,Badayoun APMC,2163.83,badayoun,Budaun
Uttar Pradesh,Maize,2024,8,2024-08-01,Bahraich APMC,2249.89,bahraich,Bahraich
Uttar Pradesh,Maize,2024,8,2024-08-01,Balrampur APMC,2257.44,balrampur,Balrampur
Uttar Pradesh,Maize,2024,8,2024-08-01,Bangarmau APMC,2196.77,bangarmau,Unnao
Uttar Pradesh,Maize,2024,8,2024-08-01,Bareilly APMC,,bareilly,Bareilly
Uttar Pradesh,Maize,2024,8,2024-08-01,Baripaal APMC,,baripaal,Jaunpur
Uttar Pradesh,Maize,2024,8,2024-08-01,Bewar APMC,2159.25,bewar,Mainpuri
Uttar Pradesh,Maize,2024,8,2024-08-01,Bharthna APMC,2302.32,bharthna,Etawah
Uttar Pradesh,Maize,2024,8,2024-08-01,Bhehjoi APMC,2135.93,bhehjoi,Sambhal
Uttar Pradesh,Maize,2024,8,2024-08-01,Bhinga APMC,2257.12,bhinga,Shravasti
Uttar Pradesh,Maize,2024,8,2024-08-01,Bilsi APMC,2100.0,bilsi,Budaun
Uttar Pradesh,Maize,2024,8,2024-08-01,Bisoli APMC,2134.51,bisoli,Badaun
Uttar Pradesh,Maize,2024,8,2024-08-01,Buland Shahr APMC,2388.45,buland shahr,Bulandshahr
Uttar Pradesh,Maize,2024,8,2024-08-01,Charra APMC,2240.0,charra,Aligarh
Uttar Pradesh,Maize,2024,8,2024-08-01,Chhibramau APMC,2302.4,chhibramau,Kannauj
Uttar Pradesh,Maize,2024,8,2024-08-01,Choubepur APMC,2335.31,choubepur,Jaunpur
Uttar Pradesh,Maize,2024,8,2024-08-01,Colonelganj APMC,2350.0,colonelganj,Gonda
Uttar Pradesh,Maize,2024,8,2024-08-01,DADRI APMC,2320.0,dadri,Gautam Buddha Nagar
Uttar Pradesh,Maize,2024,8,2024-08-01,Dataganj APMC,,dataganj,Badaun
Uttar Pradesh,Maize,2024,8,2024-08-01,Dibiapur APMC,,dibiapur,Auraiya
Uttar Pradesh,Maize,2024,8,2024-08-01,Divai APMC,2172.73,divai,Bulandshahar
Uttar Pradesh,Maize,2024,8,2024-08-01,Etah APMC,2125.31,etah,Etah
Uttar Pradesh,Maize,2024,8,2024-08-01,Farukhabad APMC,2280.56,farukhabad,Farrukhabad
Uttar Pradesh,Maize,2024,8,2024-08-01,Fatehpur Sikri APMC,2332.26,fatehpur sikri,Agra
Uttar Pradesh,Maize,2024,8,2024-08-01,Firozabad APMC,2318.67,firozabad,Firozabad
Uttar Pradesh,Maize,2024,8,2024-08-01,Ghaziabad APMC,2360.74,ghaziabad,Ghaziabad
Uttar Pradesh,Maize,2024,8,2024-08-01,Ghiraur APMC,2261.55,ghiraur,Mainpuri
Uttar Pradesh,Maize,2024,8,2024-08-01,Golagokarnath APMC,2120.21,golagokarnath,Lalitpur
Uttar Pradesh,Maize,2024,8,2024-08-01,Gonda APMC,2454.91,gonda,Gonda
Uttar Pradesh,Maize,2024,8,2024-08-01,Gorakhpur APMC,2356.07,gorakhpur,Gorakhpur
Uttar Pradesh,Maize,2024,8,2024-08-01,Haathras APMC,2289.56,haathras,Hathras
Uttar Pradesh,Maize,2024,8,2024-08-01,Hapur APMC,2399.93,hapur,Ghaziabad
Uttar Pradesh,Maize,2024,8,2024-08-01,Hardoi APMC,2158.98,hardoi,Hardoi
Uttar Pradesh,Maize,2024,8,2024-08-01,Jahangirabad APMC,2458.17,jahangirabad,Bulandshahar
Uttar Pradesh,Maize,2024,8,2024-08-01,Jalalabad APMC,2206.98,jalalabad,Bijnor
Uttar Pradesh,Maize,2024,8,2024-08-01,Jasvantnagar APMC,2229.63,jasvantnagar,Etawah
Uttar Pradesh,Maize,2024,8,2024-08-01,Jaunpur APMC,2338.78,jaunpur,Jaunpur
Uttar Pradesh,Maize,2024,8,2024-08-01,Jayas APMC,,jayas,Rae Bareli
Uttar Pradesh,Maize,2024,8,2024-08-01,Jhijhank APMC,,jhijhank,Kanpur Dehat
Uttar Pradesh,Maize,2024,8,2024-08-01,Kamlaganj APMC,2293.65,kamlaganj,Farrukhabad
Uttar Pradesh,Maize,2024,8,2024-08-01,Kannauj APMC,2296.12,kannauj,Kannauj
Uttar Pradesh,Maize,2024,8,2024-08-01,Kanpur(Grain) APMC,2406.77,kanpur(grain),Jaunpur
Uttar Pradesh,Maize,2024,8,2024-08-01,Kasganj APMC,2198.81,kasganj,Kasganj
Uttar Pradesh,Maize,2024,8,2024-08-01,Kayamganj APMC,2291.31,kayamganj,Farrukhabad
Uttar Pradesh,Maize,2024,8,2024-08-01,Khair APMC,2283.33,khair,Aligarh
Uttar Pradesh,Maize,2024,8,2024-08-01,Khurja APMC,2371.27,khurja,Bulandshahr
Uttar Pradesh,Maize,2024,8,2024-08-01,Lakhimpur APMC,2097.09,lakhimpur,Lalitpur
Uttar Pradesh,Maize,2024,8,2024-08-01,Madhoganj APMC,2164.86,madhoganj,Hardoi
Uttar Pradesh,Maize,2024,8,2024-08-01,Mainpuri APMC,2320.21,mainpuri,Mainpuri
Uttar Pradesh,Maize,2024,8,2024-08-01,Mathura APMC,2204.16,mathura,Mathura
Uttar Pradesh,Maize,2024,8,2024-08-01,Meerut APMC,2308.24,meerut,Meerut
Uttar Pradesh,Maize,2024,8,2024-08-01,Mohamadabad APMC,2298.77,mohamadabad,Farrukhabad
Uttar Pradesh,Maize,2024,8,2024-08-01,Mohammdi APMC,2119.42,mohammdi,Kheri
Uttar Pradesh,Maize,2024,8,2024-08-01,Naanpara APMC,2415.53,naanpara,Bahraich
Uttar Pradesh,Maize,2024,8,2024-08-01,Nawabganj APMC,2336.17,nawabganj,Gonda
Uttar Pradesh,Maize,2024,8,2024-08-01,Powayan APMC,2169.27,powayan,Shahjahanpur
Uttar Pradesh,Maize,2024,8,2024-08-01,Prayagraj APMC,,prayagraj,Prayagraj
Uttar Pradesh,Maize,2024,8,2024-08-01,Pukharayan APMC,2241.83,pukharayan,Kanpur Dehat
Uttar Pradesh,Maize,2024,8,2024-08-01,Rura APMC,,rura,Kanpur Dehat
Uttar Pradesh,Maize,2024,8,2024-08-01,Saharanpur APMC,2382.65,saharanpur,Saharanpur
Uttar Pradesh,Maize,2024,8,2024-08-01,Sandi APMC,2154.82,sandi,Hardoi
Uttar Pradesh,Maize,2024,8,2024-08-01,Sandila APMC,2153.49,sandila,Hardoi
Uttar Pradesh,Maize,2024,8,2024-08-01,Shahabad(New Mandi) APMC,2154.29,shahabad(new mandi),Hardoi
Uttar Pradesh,Maize,2024,8,2024-08-01,Shahaswan APMC,2150.0,shahaswan,Badaun
Uttar Pradesh,Maize,2024,8,2024-08-01,Shahjahanpur APMC,2180.0,shahjahanpur,Shahjahanpur
Uttar Pradesh,Maize,2024,8,2024-08-01,Shamli APMC,2374.82,shamli,Shamli
Uttar Pradesh,Maize,2024,8,2024-08-01,Shikohabad APMC,2235.2,shikohabad,Firozabad
Uttar Pradesh,Maize,2024,8,2024-08-01,Sikandraraau APMC,1931.95,sikandraraau,Hathras
Uttar Pradesh,Maize,2024,8,2024-08-01,Sikarpur APMC,2228.72,sikarpur,Bulandshahar
Uttar Pradesh,Maize,2024,8,2024-08-01,Sirsaganj APMC,2100.0,sirsaganj,Firozabad
Uttar Pradesh,Maize,2024,8,2024-08-01,Siyana APMC,2175.85,siyana,Bulandshahar
Uttar Pradesh,Maize,2024,8,2024-08-01,Tilhar APMC,2147.16,tilhar,Shahjahanpur
Uttar Pradesh,Maize,2024,8,2024-08-01,Tundla APMC,2235.65,tundla,Firozabad
Uttar Pradesh,Maize,2024,8,2024-08-01,Ujhani APMC,2100.0,ujhani,Budaun
Uttar Pradesh,Maize,2024,8,2024-08-01,Uttaripura APMC,2310.65,uttaripura,Jaunpur
Uttar Pradesh,Maize,2024,8,2024-08-01,Varanasi APMC,2353.51,varanasi,Varanasi
Uttar Pradesh,Maize,2024,8,2024-08-01,Wazirganj APMC,2204.36,wazirganj,Budaun
Uttar Pradesh,Maize,2024,9,2024-09-01,Achalda APMC,2407.25,achalda,Auraiya
Uttar Pradesh,Maize,2024,9,2024-09-01,Aliganj APMC,2169.29,aliganj,Etah
Uttar Pradesh,Maize,2024,9,2024-09-01,Aligarh APMC,2427.54,aligarh,Aligarh
Uttar Pradesh,Maize,2024,9,2024-09-01,Anoop Shahar APMC,2364.98,anoop shahar,Bulandshahr
Uttar Pradesh,Maize,2024,9,2024-09-01,Atrauli APMC,2345.3,atrauli,Aligarh
Uttar Pradesh,Maize,2024,9,2024-09-01,Ayodhya APMC,2279.02,ayodhya,Ayodhya
Uttar Pradesh,Maize,2024,9,2024-09-01,Babrala APMC,2255.26,babrala,Budaun
Uttar Pradesh,Maize,2024,9,2024-09-01,Badayoun APMC,2211.89,badayoun,Budaun
Uttar Pradesh,Maize,2024,9,2024-09-01,Bahraich APMC,2203.2,bahraich,Bahraich
Uttar Pradesh,Maize,2024,9,2024-09-01,Balrampur APMC,2209.58,balrampur,Balrampur
Uttar Pradesh,Maize,2024,9,2024-09-01,Bangarmau APMC,2160.76,bangarmau,Unnao
Uttar Pradesh,Maize,2024,9,2024-09-01,Bareilly APMC,2300.0,bareilly,Bareilly
Uttar Pradesh,Maize,2024,9,2024-09-01,Baripaal APMC,2100.0,baripaal,Jaunpur
Uttar Pradesh,Maize,2024,9,2024-09-01,Bewar APMC,2284.71,bewar,Mainpuri
Uttar Pradesh,Maize,2024,9,2024-09-01,Bharthna APMC,2385.66,bharthna,Etawah
Uttar Pradesh,Maize,2024,9,2024-09-01,Bhehjoi APMC,2333.14,bhehjoi,Sambhal
Uttar Pradesh,Maize,2024,9,2024-09-01,Bhinga APMC,2218.37,bhinga,Shravasti
Uttar Pradesh,Maize,2024,9,2024-09-01,Bijnaur APMC,,bijnaur,Bijnor
Uttar Pradesh,Maize,2024,9,2024-09-01,Bilsi APMC,,bilsi,Budaun
Uttar Pradesh,Maize,2024,9,2024-09-01,Bisoli APMC,2273.98,bisoli,Badaun
Uttar Pradesh,Maize,2024,9,2024-09-01,Buland Shahr APMC,2484.78,buland shahr,Bulandshahr
Uttar Pradesh,Maize,2024,9,2024-09-01,Charra APMC,2255.01,charra,Aligarh
Uttar Pradesh,Maize,2024,9,2024-09-01,Chhibramau APMC,2373.15,chhibramau,Kannauj
Uttar Pradesh,Maize,2024,9,2024-09-01,Choubepur APMC,2376.36,choubepur,Jaunpur
Uttar Pradesh,Maize,2024,9,2024-09-01,Colonelganj APMC,2300.0,colonelganj,Gonda
Uttar Pradesh,Maize,2024,9,2024-09-01,DADRI APMC,2442.5,dadri,Gautam Buddha Nagar
Uttar Pradesh,Maize,2024,9,2024-09-01,Dataganj APMC,,dataganj,Badaun
Uttar Pradesh,Maize,2024,9,2024-09-01,Dibiapur APMC,,dibiapur,Auraiya
Uttar Pradesh,Maize,2024,9,2024-09-01,Divai APMC,2283.24,divai,Bulandshahar
Uttar Pradesh,Maize,2024,9,2024-09-01,Etah APMC,2199.0,etah,Etah
Uttar Pradesh,Maize,2024,9,2024-09-01,Farukhabad APMC,2404.03,farukhabad,Farrukhabad
Uttar Pradesh,Maize,2024,9,2024-09-01,Fatehpur Sikri APMC,,fatehpur sikri,Agra
Uttar Pradesh,Maize,2024,9,2024-09-01,Firozabad APMC,2407.77,firozabad,Firozabad
Uttar Pradesh,Maize,2024,9,2024-09-01,Ghaziabad APMC,2460.05,ghaziabad,Ghaziabad
Uttar Pradesh,Maize,2024,9,2024-09-01,Ghiraur APMC,2397.88,ghiraur,Mainpuri
Uttar Pradesh,Maize,2024,9,2024-09-01,Golagokarnath APMC,2163.68,golagokarnath,Lalitpur
Uttar Pradesh,Maize,2024,9,2024-09-01,Gonda APMC,2529.88,gonda,Gonda
Uttar Pradesh,Maize,2024,9,2024-09-01,Gorakhpur APMC,2437.76,gorakhpur,Gorakhpur
Uttar Pradesh,Maize,2024,9,2024-09-01,Haathras APMC,2340.2,haathras,Hathras
Uttar Pradesh,Maize,2024,9,2024-09-01,Hapur APMC,2504.16,hapur,Ghaziabad
Uttar Pradesh,Maize,2024,9,2024-09-01,Hardoi APMC,2163.74,hardoi,Hardoi
Uttar Pradesh,Maize,2024,9,2024-09-01,Jahangirabad APMC,2507.45,jahangirabad,Bulandshahar
Uttar Pradesh,Maize,2024,9,2024-09-01,Jalalabad APMC,2340.28,jalalabad,Bijnor
Uttar Pradesh,Maize,2024,9,2024-09-01,Jasvantnagar APMC,2438.13,jasvantnagar,Etawah
Uttar Pradesh,Maize,2024,9,2024-09-01,Jaunpur APMC,2420.62,jaunpur,Jaunpur
Uttar Pradesh,Maize,2024,9,2024-09-01,Jayas APMC,,jayas,Rae Bareli
Uttar Pradesh,Maize,2024,9,2024-09-01,Jhijhank APMC,,jhijhank,Kanpur Dehat
Uttar Pradesh,Maize,2024,9,2024-09-01,Kamlaganj APMC,2399.52,kamlaganj,Farrukhabad
Uttar Pradesh,Maize,2024,9,2024-09-01,Kannauj APMC,2401.57,kannauj,Kannauj
Uttar Pradesh,Maize,2024,9,2024-09-01,Kanpur(Grain) APMC,2436.95,kanpur(grain),Jaunpur
Uttar Pradesh,Maize,2024,9,2024-09-01,Kasganj APMC,2336.37,kasganj,Kasganj
Uttar Pradesh,Maize,2024,9,2024-09-01,Kayamganj APMC,2404.98,kayamganj,Farrukhabad
Uttar Pradesh,Maize,2024,9,2024-09-01,Khair APMC,2300.0,khair,Aligarh
Uttar Pradesh,Maize,2024,9,2024-09-01,Khurja APMC,2488.01,khurja,Bulandshahr
Uttar Pradesh,Maize,2024,9,2024-09-01,Lakhimpur APMC,2166.11,lakhimpur,Lalitpur
Uttar Pradesh,Maize,2024,9,2024-09-01,Madhoganj APMC,2173.6,madhoganj,Hardoi
Uttar Pradesh,Maize,2024,9,2024-09-01,Mainpuri APMC,2414.0,mainpuri,Mainpuri
Uttar Pradesh,Maize,2024,9,2024-09-01,Mathura APMC,,mathura,Mathura
Uttar Pradesh,Maize,2024,9,2024-09-01,Meerut APMC,2348.99,meerut,Meerut
Uttar Pradesh,Maize,2024,9,2024-09-01,Mohamadabad APMC,2425.37,mohamadabad,Farrukhabad
Uttar Pradesh,Maize,2024,9,2024-09-01,Mohammdi APMC,2148.61,mohammdi,Kheri
Uttar Pradesh,Maize,2024,9,2024-09-01,Naanpara APMC,2602.92,naanpara,Bahraich
Uttar Pradesh,Maize,2024,9,2024-09-01,Nawabganj APMC,2317.85,nawabganj,Gonda
Uttar Pradesh,Maize,2024,9,2024-09-01,Powayan APMC,2296.28,powayan,Shahjahanpur
Uttar Pradesh,Maize,2024,9,2024-09-01,Prayagraj APMC,2518.59,prayagraj,Prayagraj
Uttar Pradesh,Maize,2024,9,2024-09-01,Pukharayan APMC,2344.55,pukharayan,Kanpur Dehat
Uttar Pradesh,Maize,2024,9,2024-09-01,Rura APMC,,rura,Kanpur Dehat
Uttar Pradesh,Maize,2024,9,2024-09-01,Saharanpur APMC,2452.71,saharanpur,Saharanpur
Uttar Pradesh,Maize,2024,9,2024-09-01,Sandi APMC,2164.19,sandi,Hardoi
Uttar Pradesh,Maize,2024,9,2024-09-01,Sandila APMC,2171.12,sandila,Hardoi
Uttar Pradesh,Maize,2024,9,2024-09-01,Shahabad(New Mandi) APMC,2154.21,shahabad(new mandi),Hardoi
Uttar Pradesh,Maize,2024,9,2024-09-01,Shahaswan APMC,,shahaswan,Badaun
Uttar Pradesh,Maize,2024,9,2024-09-01,Shahjahanpur APMC,,shahjahanpur,Shahjahanpur
Uttar Pradesh,Maize,2024,9,2024-09-01,Shamli APMC,2446.9,shamli,Shamli
Uttar Pradesh,Maize,2024,9,2024-09-01,Shikohabad APMC,2316.62,shikohabad,Firozabad
Uttar Pradesh,Maize,2024,9,2024-09-01,Sikandraraau APMC,2099.21,sikandraraau,Hathras
Uttar Pradesh,Maize,2024,9,2024-09-01,Sikarpur APMC,2361.7,sikarpur,Bulandshahar
Uttar Pradesh,Maize,2024,9,2024-09-01,Sirsaganj APMC,,sirsaganj,Firozabad
Uttar Pradesh,Maize,2024,9,2024-09-01,Siyana APMC,2284.39,siyana,Bulandshahar
Uttar Pradesh,Maize,2024,9,2024-09-01,Tilhar APMC,2232.57,tilhar,Shahjahanpur
Uttar Pradesh,Maize,2024,9,2024-09-01,Tundla APMC,2331.89,tundla,Firozabad
Uttar Pradesh,Maize,2024,9,2024-09-01,Ujhani APMC,,ujhani,Budaun
Uttar Pradesh,Maize,2024,9,2024-09-01,Unnao APMC,2182.28,unnao,Unnao
Uttar Pradesh,Maize,2024,9,2024-09-01,Uttaripura APMC,2363.57,uttaripura,Jaunpur
Uttar Pradesh,Maize,2024,9,2024-09-01,Varanasi APMC,2450.53,varanasi,Varanasi
Uttar Pradesh,Maize,2024,9,2024-09-01,Wazirganj APMC,2260.51,wazirganj,Budaun
Uttar Pradesh,Maize,2024,10,2024-10-01,Achalda APMC,2372.96,achalda,Auraiya
Uttar Pradesh,Maize,2024,10,2024-10-01,Aliganj APMC,2259.24,aliganj,Etah
Uttar Pradesh,Maize,2024,10,2024-10-01,Aligarh APMC,2395.72,aligarh,Aligarh
Uttar Pradesh,Maize,2024,10,2024-10-01,Anoop Shahar APMC,2427.4,anoop shahar,Bulandshahr
Uttar Pradesh,Maize,2024,10,2024-10-01,Atrauli APMC,,atrauli,Aligarh
Uttar Pradesh,Maize,2024,10,2024-10-01,Ayodhya APMC,2565.95,ayodhya,Ayodhya
Uttar Pradesh,Maize,2024,10,2024-10-01,Babrala APMC,2353.71,babrala,Budaun
Uttar Pradesh,Maize,2024,10,2024-10-01,Badayoun APMC,2355.83,badayoun,Budaun
Uttar Pradesh,Maize,2024,10,2024-10-01,Bahraich APMC,2359.29,bahraich,Bahraich
Uttar Pradesh,Maize,2024,10,2024-10-01,Balrampur APMC,2310.01,balrampur,Balrampur
Uttar Pradesh,Maize,2024,10,2024-10-01,Bangarmau APMC,2257.33,bangarmau,Unnao
Uttar Pradesh,Maize,2024,10,2024-10-01,Bareilly APMC,,bareilly,Bareilly
Uttar Pradesh,Maize,2024,10,2024-10-01,Baripaal APMC,,baripaal,Jaunpur
Uttar Pradesh,Maize,2024,10,2024-10-01,Bewar APMC,2338.95,bewar,Mainpuri
Uttar Pradesh,Maize,2024,10,2024-10-01,Bharthna APMC,2379.98,bharthna,Etawah
Uttar Pradesh,Maize,2024,10,2024-10-01,Bhehjoi APMC,2250.0,bhehjoi,Sambhal
Uttar Pradesh,Maize,2024,10,2024-10-01,Bhinga APMC,2255.94,bhinga,Shravasti
Uttar Pradesh,Maize,2024,10,2024-10-01,Bilsi APMC,,bilsi,Budaun
Uttar Pradesh,Maize,2024,10,2024-10-01,Bisoli APMC,2387.35,bisoli,Badaun
Uttar Pradesh,Maize,2024,10,2024-10-01,Buland Shahr APMC,2513.29,buland shahr,Bulandshahr
Uttar Pradesh,Maize,2024,10,2024-10-01,Charra APMC,2350.0,charra,Aligarh
Uttar Pradesh,Maize,2024,10,2024-10-01,Chhibramau APMC,2403.08,chhibramau,Kannauj
Uttar Pradesh,Maize,2024,10,2024-10-01,Choubepur APMC,2395.31,choubepur,Jaunpur
Uttar Pradesh,Maize,2024,10,2024-10-01,Colonelganj APMC,,colonelganj,Gonda
Uttar Pradesh,Maize,2024,10,2024-10-01,DADRI APMC,2466.36,dadri,Gautam Buddha Nagar
Uttar Pradesh,Maize,2024,10,2024-10-01,Dibiapur APMC,,dibiapur,Auraiya
Uttar Pradesh,Maize,2024,10,2024-10-01,Divai APMC,2212.82,divai,Bulandshahar
Uttar Pradesh,Maize,2024,10,2024-10-01,Etah APMC,2330.57,etah,Etah
Uttar Pradesh,Maize,2024,10,2024-10-01,Farukhabad APMC,2464.59,farukhabad,Farrukhabad
Uttar Pradesh,Maize,2024,10,2024-10-01,Firozabad APMC,2454.62,firozabad,Firozabad
Uttar Pradesh,Maize,2024,10,2024-10-01,Ghaziabad APMC,2501.18,ghaziabad,Ghaziabad
Uttar Pradesh,Maize,2024,10,2024-10-01,Ghiraur APMC,2439.87,ghiraur,Mainpuri
Uttar Pradesh,Maize,2024,10,2024-10-01,Golagokarnath APMC,2223.65,golagokarnath,Lalitpur
Uttar Pradesh,Maize,2024,10,2024-10-01,Gonda APMC,2491.97,gonda,Gonda
Uttar Pradesh,Maize,2024,10,2024-10-01,Gorakhpur APMC,2467.76,gorakhpur,Gorakhpur
Uttar Pradesh,Maize,2024,10,2024-10-01,Haathras APMC,2428.3,haathras,Hathras
Uttar Pradesh,Maize,2024,10,2024-10-01,Hapur APMC,2493.54,hapur,Ghaziabad
Uttar Pradesh,Maize,2024,10,2024-10-01,Hardoi APMC,2265.87,hardoi,Hardoi
Uttar Pradesh,Maize,2024,10,2024-10-01,Jahangirabad APMC,2486.56,jahangirabad,Bulandshahar
Uttar Pradesh,Maize,2024,10,2024-10-01,Jalalabad APMC,2269.03,jalalabad,Bijnor
Uttar Pradesh,Maize,2024,10,2024-10-01,Jasvantnagar APMC,2400.0,jasvantnagar,Etawah
Uttar Pradesh,Maize,2024,10,2024-10-01,Jaunpur APMC,2469.69,jaunpur,Jaunpur
Uttar Pradesh,Maize,2024,10,2024-10-01,Jayas APMC,,jayas,Rae Bareli
Uttar Pradesh,Maize,2024,10,2024-10-01,Jhijhank APMC,,jhijhank,Kanpur Dehat
Uttar Pradesh,Maize,2024,10,2024-10-01,Kamlaganj APMC,2468.84,kamlaganj,Farrukhabad
Uttar Pradesh,Maize,2024,10,2024-10-01,Kannauj APMC,2391.37,kannauj,Kannauj
Uttar Pradesh,Maize,2024,10,2024-10-01,Kanpur(Grain) APMC,2389.0,kanpur(grain),Jaunpur
Uttar Pradesh,Maize,2024,10,2024-10-01,Kasganj APMC,2395.86,kasganj,Kasganj
Uttar Pradesh,Maize,2024,10,2024-10-01,Kayamganj APMC,2431.46,kayamganj,Farrukhabad
Uttar Pradesh,Maize,2024,10,2024-10-01,Khair APMC,,khair,Aligarh
Uttar Pradesh,Maize,2024,10,2024-10-01,Khurja APMC,2517.43,khurja,Bulandshahr
Uttar Pradesh,Maize,2024,10,2024-10-01,Lakhimpur APMC,2205.75,lakhimpur,Lalitpur
Uttar Pradesh,Maize,2024,10,2024-10-01,Lalitpur APMC,1997.14,lalitpur,Lalitpur
Uttar Pradesh,Maize,2024,10,2024-10-01,Madhoganj APMC,2253.41,madhoganj,Hardoi
Uttar Pradesh,Maize,2024,10,2024-10-01,Mainpuri APMC,2406.04,mainpuri,Mainpuri
Uttar Pradesh,Maize,2024,10,2024-10-01,Meerut APMC,2427.64,meerut,Meerut
Uttar Pradesh,Maize,2024,10,2024-10-01,Mohamadabad APMC,2465.68,mohamadabad,Farrukhabad
Uttar Pradesh,Maize,2024,10,2024-10-01,Mohammdi APMC,2210.44,mohammdi,Kheri
Uttar Pradesh,Maize,2024,10,2024-10-01,Naanpara APMC,2497.91,naanpara,Bahraich
Uttar Pradesh,Maize,2024,10,2024-10-01,Nawabganj APMC,2320.49,nawabganj,Gonda
Uttar Pradesh,Maize,2024,10,2024-10-01,Powayan APMC,2343.75,powayan,Shahjahanpur
Uttar Pradesh,Maize,2024,10,2024-10-01,Prayagraj APMC,2544.79,prayagraj,Prayagraj
Uttar Pradesh,Maize,2024,10,2024-10-01,Pukharayan APMC,,pukharayan,Kanpur Dehat
Uttar Pradesh,Maize,2024,10,2024-10-01,Rura APMC,,rura,Kanpur Dehat
Uttar Pradesh,Maize,2024,10,2024-10-01,Saharanpur APMC,2479.6,saharanpur,Saharanpur
Uttar Pradesh,Maize,2024,10,2024-10-01,Sandi APMC,2268.04,sandi,Hardoi
Uttar Pradesh,Maize,2024,10,2024-10-01,Sandila APMC,2303.81,sandila,Hardoi
Uttar Pradesh,Maize,2024,10,2024-10-01,Shahabad(New Mandi) APMC,2219.38,shahabad(new mandi),Hardoi
Uttar Pradesh,Maize,2024,10,2024-10-01,Shahaswan APMC,,shahaswan,Badaun
Uttar Pradesh,Maize,2024,10,2024-10-01,Shamli APMC,2480.76,shamli,Shamli
Uttar Pradesh,Maize,2024,10,2024-10-01,Shikohabad APMC,,shikohabad,Firozabad
Uttar Pradesh,Maize,2024,10,2024-10-01,Sikandraraau APMC,2105.64,sikandraraau,Hathras
Uttar Pradesh,Maize,2024,10,2024-10-01,Sikarpur APMC,,sikarpur,Bulandshahar
Uttar Pradesh,Maize,2024,10,2024-10-01,Sirsaganj APMC,,sirsaganj,Firozabad
Uttar Pradesh,Maize,2024,10,2024-10-01,Siyana APMC,2432.41,siyana,Bulandshahar
Uttar Pradesh,Maize,2024,10,2024-10-01,Tilhar APMC,2310.0,tilhar,Shahjahanpur
Uttar Pradesh,Maize,2024,10,2024-10-01,Tundla APMC,2377.09,tundla,Firozabad
Uttar Pradesh,Maize,2024,10,2024-10-01,Ujhani APMC,,ujhani,Budaun
Uttar Pradesh,Maize,2024,10,2024-10-01,Unnao APMC,,unnao,Unnao
Uttar Pradesh,Maize,2024,10,2024-10-01,Uttaripura APMC,2388.51,uttaripura,Jaunpur
Uttar Pradesh,Maize,2024,10,2024-10-01,Varanasi APMC,2454.18,varanasi,Varanasi
Uttar Pradesh,Maize,2024,10,2024-10-01,Wazirganj APMC,2280.88,wazirganj,Budaun
Uttar Pradesh,Maize,2024,11,2024-11-01,Achalda APMC,2394.75,achalda,Auraiya
Uttar Pradesh,Maize,2024,11,2024-11-01,Aliganj APMC,2264.79,aliganj,Etah
Uttar Pradesh,Maize,2024,11,2024-11-01,Aligarh APMC,2371.49,aligarh,Aligarh
Uttar Pradesh,Maize,2024,11,2024-11-01,Anoop Shahar APMC,,anoop shahar,Bulandshahr
Uttar Pradesh,Maize,2024,11,2024-11-01,Atrauli APMC,2250.0,atrauli,Aligarh
Uttar Pradesh,Maize,2024,11,2024-11-01,Ayodhya APMC,2622.77,ayodhya,Ayodhya
Uttar Pradesh,Maize,2024,11,2024-11-01,Babrala APMC,,babrala,Budaun
Uttar Pradesh,Maize,2024,11,2024-11-01,Badayoun APMC,2350.0,badayoun,Budaun
Uttar Pradesh,Maize,2024,11,2024-11-01,Bahraich APMC,2363.18,bahraich,Bahraich
Uttar Pradesh,Maize,2024,11,2024-11-01,Balrampur APMC,2379.37,balrampur,Balrampur
Uttar Pradesh,Maize,2024,11,2024-11-01,Bangarmau APMC,2277.14,bangarmau,Unnao
Uttar Pradesh,Maize,2024,11,2024-11-01,Baripaal APMC,2362.67,baripaal,Jaunpur
Uttar Pradesh,Maize,2024,11,2024-11-01,Bewar APMC,2350.2,bewar,Mainpuri
Uttar Pradesh,Maize,2024,11,2024-11-01,Bharthna APMC,,bharthna,Etawah
Uttar Pradesh,Maize,2024,11,2024-11-01,Bhehjoi APMC,,bhehjoi,Sambhal
Uttar Pradesh,Maize,2024,11,2024-11-01,Bhinga APMC,2336.19,bhinga,Shravasti
Uttar Pradesh,Maize,2024,11,2024-11-01,Bilsi APMC,,bilsi,Budaun
Uttar Pradesh,Maize,2024,11,2024-11-01,Bisoli APMC,,bisoli,Badaun
Uttar Pradesh,Maize,2024,11,2024-11-01,Buland Shahr APMC,2488.91,buland shahr,Bulandshahr
Uttar Pradesh,Maize,2024,11,2024-11-01,Charra APMC,2350.67,charra,Aligarh
Uttar Pradesh,Maize,2024,11,2024-11-01,Chhibramau APMC,2367.48,chhibramau,Kannauj
Uttar Pradesh,Maize,2024,11,2024-11-01,Choubepur APMC,2381.19,choubepur,Jaunpur
Uttar Pradesh,Maize,2024,11,2024-11-01,Colonelganj APMC,2350.0,colonelganj,Gonda
Uttar Pradesh,Maize,2024,11,2024-11-01,DADRI APMC,,dadri,Gautam Buddha Nagar
Uttar Pradesh,Maize,2024,11,2024-11-01,Divai APMC,,divai,Bulandshahar
Uttar Pradesh,Maize,2024,11,2024-11-01,Etah APMC,2365.15,etah,Etah
Uttar Pradesh,Maize,2024,11,2024-11-01,Farukhabad APMC,2356.59,farukhabad,Farrukhabad
Uttar Pradesh,Maize,2024,11,2024-11-01,Fatehabad APMC,,fatehabad,Agra
Uttar Pradesh,Maize,2024,11,2024-11-01,Firozabad APMC,2449.65,firozabad,Firozabad
Uttar Pradesh,Maize,2024,11,2024-11-01,Ghaziabad APMC,2500.0,ghaziabad,Ghaziabad
Uttar Pradesh,Maize,2024,11,2024-11-01,Ghiraur APMC,,ghiraur,Mainpuri
Uttar Pradesh,Maize,2024,11,2024-11-01,Golagokarnath APMC,2250.83,golagokarnath,Lalitpur
Uttar Pradesh,Maize,2024,11,2024-11-01,Gonda APMC,2307.55,gonda,Gonda
Uttar Pradesh,Maize,2024,11,2024-11-01,Gorakhpur APMC,2457.99,gorakhpur,Gorakhpur
Uttar Pradesh,Maize,2024,11,2024-11-01,Haathras APMC,2372.98,haathras,Hathras
Uttar Pradesh,Maize,2024,11,2024-11-01,Hapur APMC,2511.41,hapur,Ghaziabad
Uttar Pradesh,Maize,2024,11,2024-11-01,Hardoi APMC,2269.57,hardoi,Hardoi
Uttar Pradesh,Maize,2024,11,2024-11-01,Jahangirabad APMC,2480.65,jahangirabad,Bulandshahar
Uttar Pradesh,Maize,2024,11,2024-11-01,Jalalabad APMC,2339.49,jalalabad,Bijnor
Uttar Pradesh,Maize,2024,11,2024-11-01,Jasvantnagar APMC,,jasvantnagar,Etawah
Uttar Pradesh,Maize,2024,11,2024-11-01,Jaunpur APMC,2436.94,jaunpur,Jaunpur
Uttar Pradesh,Maize,2024,11,2024-11-01,Jhijhank APMC,,jhijhank,Kanpur Dehat
Uttar Pradesh,Maize,2024,11,2024-11-01,Kamlaganj APMC,2354.38,kamlaganj,Farrukhabad
Uttar Pradesh,Maize,2024,11,2024-11-01,Kannauj APMC,2371.2,kannauj,Kannauj
Uttar Pradesh,Maize,2024,11,2024-11-01,Kanpur(Grain) APMC,2361.5,kanpur(grain),Jaunpur
Uttar Pradesh,Maize,2024,11,2024-11-01,Kasganj APMC,2410.7,kasganj,Kasganj
Uttar Pradesh,Maize,2024,11,2024-11-01,Kayamganj APMC,2362.52,kayamganj,Farrukhabad
Uttar Pradesh,Maize,2024,11,2024-11-01,Khair APMC,,khair,Aligarh
Uttar Pradesh,Maize,2024,11,2024-11-01,Khurja APMC,,khurja,Bulandshahr
Uttar Pradesh,Maize,2024,11,2024-11-01,Lakhimpur APMC,2252.33,lakhimpur,Lalitpur
Uttar Pradesh,Maize,2024,11,2024-11-01,Lalitpur APMC,2198.08,lalitpur,Lalitpur
Uttar Pradesh,Maize,2024,11,2024-11-01,Madhoganj APMC,2262.23,madhoganj,Hardoi
Uttar Pradesh,Maize,2024,11,2024-11-01,Mainpuri APMC,2450.84,mainpuri,Mainpuri
Uttar Pradesh,Maize,2024,11,2024-11-01,Meerut APMC,2471.5,meerut,Meerut
Uttar Pradesh,Maize,2024,11,2024-11-01,Mohamadabad APMC,2362.78,mohamadabad,Farrukhabad
Uttar Pradesh,Maize,2024,11,2024-11-01,Mohammdi APMC,,mohammdi,Kheri
Uttar Pradesh,Maize,2024,11,2024-11-01,Naanpara APMC,,naanpara,Bahraich
Uttar Pradesh,Maize,2024,11,2024-11-01,Nawabganj APMC,2349.65,nawabganj,Gonda
Uttar Pradesh,Maize,2024,11,2024-11-01,Powayan APMC,2354.24,powayan,Shahjahanpur
Uttar Pradesh,Maize,2024,11,2024-11-01,Prayagraj APMC,2517.45,prayagraj,Prayagraj
Uttar Pradesh,Maize,2024,11,2024-11-01,Pukharayan APMC,2357.28,pukharayan,Kanpur Dehat
Uttar Pradesh,Maize,2024,11,2024-11-01,Rura APMC,,rura,Kanpur Dehat
Uttar Pradesh,Maize,2024,11,2024-11-01,Saharanpur APMC,2502.69,saharanpur,Saharanpur
Uttar Pradesh,Maize,2024,11,2024-11-01,Sandi APMC,2260.63,sandi,Hardoi
Uttar Pradesh,Maize,2024,11,2024-11-01,Sandila APMC,2262.91,sandila,Hardoi
Uttar Pradesh,Maize,2024,11,2024-11-01,Shahabad(New Mandi) APMC,2280.84,shahabad(new mandi),Hardoi
Uttar Pradesh,Maize,2024,11,2024-11-01,Shahaswan APMC,,shahaswan,Badaun
Uttar Pradesh,Maize,2024,11,2024-11-01,Shahjahanpur APMC,2250.0,shahjahanpur,Shahjahanpur
Uttar Pradesh,Maize,2024,11,2024-11-01,Shamli APMC,2500.09,shamli,Shamli
Uttar Pradesh,Maize,2024,11,2024-11-01,Shikohabad APMC,,shikohabad,Firozabad
Uttar Pradesh,Maize,2024,11,2024-11-01,Sikandraraau APMC,2100.0,sikandraraau,Hathras
Uttar Pradesh,Maize,2024,11,2024-11-01,Sikarpur APMC,,sikarpur,Bulandshahar
Uttar Pradesh,Maize,2024,11,2024-11-01,Siyana APMC,2467.54,siyana,Bulandshahar
Uttar Pradesh,Maize,2024,11,2024-11-01,Tilhar APMC,,tilhar,Shahjahanpur
Uttar Pradesh,Maize,2024,11,2024-11-01,Tundla APMC,,tundla,Firozabad
Uttar Pradesh,Maize,2024,11,2024-11-01,Ujhani APMC,2450.0,ujhani,Budaun
Uttar Pradesh,Maize,2024,11,2024-11-01,Unnao APMC,,unnao,Unnao
Uttar Pradesh,Maize,2024,11,2024-11-01,Uttaripura APMC,2377.75,uttaripura,Jaunpur
Uttar Pradesh,Maize,2024,11,2024-11-01,Varanasi APMC,2453.11,varanasi,Varanasi
Uttar Pradesh,Maize,2024,11,2024-11-01,Wazirganj APMC,,wazirganj,Budaun
Uttar Pradesh,Maize,2024,12,2024-12-01,Achalda APMC,2400.61,achalda,Auraiya
Uttar Pradesh,Maize,2024,12,2024-12-01,Aliganj APMC,2261.75,aliganj,Etah
Uttar Pradesh,Maize,2024,12,2024-12-01,Aligarh APMC,2356.4,aligarh,Aligarh
Uttar Pradesh,Maize,2024,12,2024-12-01,Atrauli APMC,,atrauli,Aligarh
Uttar Pradesh,Maize,2024,12,2024-12-01,Auraiya APMC,,auraiya,Auraiya
Uttar Pradesh,Maize,2024,12,2024-12-01,Ayodhya APMC,2630.44,ayodhya,Ayodhya
Uttar Pradesh,Maize,2024,12,2024-12-01,Babrala APMC,,babrala,Budaun
Uttar Pradesh,Maize,2024,12,2024-12-01,Badayoun APMC,2350.0,badayoun,Budaun
Uttar Pradesh,Maize,2024,12,2024-12-01,Bahraich APMC,2367.9,bahraich,Bahraich
Uttar Pradesh,Maize,2024,12,2024-12-01,Balrampur APMC,2355.76,balrampur,Balrampur
Uttar Pradesh,Maize,2024,12,2024-12-01,Bangarmau APMC,2277.47,bangarmau,Unnao
Uttar Pradesh,Maize,2024,12,2024-12-01,Baripaal APMC,2265.69,baripaal,Jaunpur
Uttar Pradesh,Maize,2024,12,2024-12-01,Bewar APMC,2333.82,bewar,Mainpuri
Uttar Pradesh,Maize,2024,12,2024-12-01,Bhinga APMC,2350.04,bhinga,Shravasti
Uttar Pradesh,Maize,2024,12,2024-12-01,Bilsi APMC,,bilsi,Budaun
Uttar Pradesh,Maize,2024,12,2024-12-01,Bisoli APMC,,bisoli,Badaun
Uttar Pradesh,Maize,2024,12,2024-12-01,Buland Shahr APMC,2366.19,buland shahr,Bulandshahr
Uttar Pradesh,Maize,2024,12,2024-12-01,Charra APMC,2346.91,charra,Aligarh
Uttar Pradesh,Maize,2024,12,2024-12-01,Chhibramau APMC,2367.81,chhibramau,Kannauj
Uttar Pradesh,Maize,2024,12,2024-12-01,Choubepur APMC,2359.54,choubepur,Jaunpur
Uttar Pradesh,Maize,2024,12,2024-12-01,Colonelganj APMC,2400.0,colonelganj,Gonda
Uttar Pradesh,Maize,2024,12,2024-12-01,Devariya APMC,,devariya,Deoria
Uttar Pradesh,Maize,2024,12,2024-12-01,Etah APMC,2295.0,etah,Etah
Uttar Pradesh,Maize,2024,12,2024-12-01,Farukhabad APMC,2349.9,farukhabad,Farrukhabad
Uttar Pradesh,Maize,2024,12,2024-12-01,Firozabad APMC,2443.88,firozabad,Firozabad
Uttar Pradesh,Maize,2024,12,2024-12-01,Ghaziabad APMC,2558.63,ghaziabad,Ghaziabad
Uttar Pradesh,Maize,2024,12,2024-12-01,Ghiraur APMC,,ghiraur,Mainpuri
Uttar Pradesh,Maize,2024,12,2024-12-01,Golagokarnath APMC,2307.61,golagokarnath,Lalitpur
Uttar Pradesh,Maize,2024,12,2024-12-01,Gonda APMC,2345.85,gonda,Gonda
Uttar Pradesh,Maize,2024,12,2024-12-01,Gorakhpur APMC,2460.53,gorakhpur,Gorakhpur
Uttar Pradesh,Maize,2024,12,2024-12-01,Haathras APMC,2364.17,haathras,Hathras
Uttar Pradesh,Maize,2024,12,2024-12-01,Hapur APMC,2486.78,hapur,Ghaziabad
Uttar Pradesh,Maize,2024,12,2024-12-01,Hardoi APMC,2291.05,hardoi,Hardoi
Uttar Pradesh,Maize,2024,12,2024-12-01,Jahangirabad APMC,2373.69,jahangirabad,Bulandshahar
Uttar Pradesh,Maize,2024,12,2024-12-01,Jalalabad APMC,2379.99,jalalabad,Bijnor
Uttar Pradesh,Maize,2024,12,2024-12-01,Jaunpur APMC,2500.0,jaunpur,Jaunpur
Uttar Pradesh,Maize,2024,12,2024-12-01,Jhijhank APMC,,jhijhank,Kanpur Dehat
Uttar Pradesh,Maize,2024,12,2024-12-01,Kamlaganj APMC,2349.43,kamlaganj,Farrukhabad
Uttar Pradesh,Maize,2024,12,2024-12-01,Kannauj APMC,2358.8,kannauj,Kannauj
Uttar Pradesh,Maize,2024,12,2024-12-01,Kanpur(Grain) APMC,2355.84,kanpur(grain),Jaunpur
Uttar Pradesh,Maize,2024,12,2024-12-01,Kasganj APMC,2455.42,kasganj,Kasganj
Uttar Pradesh,Maize,2024,12,2024-12-01,Kayamganj APMC,2356.76,kayamganj,Farrukhabad
Uttar Pradesh,Maize,2024,12,2024-12-01,Khair APMC,,khair,Aligarh
Uttar Pradesh,Maize,2024,12,2024-12-01,Khurja APMC,,khurja,Bulandshahr
Uttar Pradesh,Maize,2024,12,2024-12-01,Lakhimpur APMC,2307.8,lakhimpur,Lalitpur
Uttar Pradesh,Maize,2024,12,2024-12-01,Lalitpur APMC,2210.77,lalitpur,Lalitpur
Uttar Pradesh,Maize,2024,12,2024-12-01,Madhoganj APMC,2289.14,madhoganj,Hardoi
Uttar Pradesh,Maize,2024,12,2024-12-01,Mainpuri APMC,2488.8,mainpuri,Mainpuri
Uttar Pradesh,Maize,2024,12,2024-12-01,Meerut APMC,2461.99,meerut,Meerut
Uttar Pradesh,Maize,2024,12,2024-12-01,Mohamadabad APMC,2352.27,mohamadabad,Farrukhabad
Uttar Pradesh,Maize,2024,12,2024-12-01,Naanpara APMC,2262.24,naanpara,Bahraich
Uttar Pradesh,Maize,2024,12,2024-12-01,Nawabganj APMC,2358.44,nawabganj,Gonda
Uttar Pradesh,Maize,2024,12,2024-12-01,Powayan APMC,2402.84,powayan,Shahjahanpur
Uttar Pradesh,Maize,2024,12,2024-12-01,Pratapgarh APMC,2400.0,pratapgarh,Pratapgarh
Uttar Pradesh,Maize,2024,12,2024-12-01,Prayagraj APMC,2529.06,prayagraj,Prayagraj
Uttar Pradesh,Maize,2024,12,2024-12-01,Pukharayan APMC,2352.72,pukharayan,Kanpur Dehat
Uttar Pradesh,Maize,2024,12,2024-12-01,Rura APMC,2325.0,rura,Kanpur Dehat
Uttar Pradesh,Maize,2024,12,2024-12-01,Saharanpur APMC,2572.23,saharanpur,Saharanpur
Uttar Pradesh,Maize,2024,12,2024-12-01,Sandi APMC,2274.4,sandi,Hardoi
Uttar Pradesh,Maize,2024,12,2024-12-01,Sandila APMC,2287.04,sandila,Hardoi
Uttar Pradesh,Maize,2024,12,2024-12-01,Shahabad(New Mandi) APMC,2285.15,shahabad(new mandi),Hardoi
Uttar Pradesh,Maize,2024,12,2024-12-01,Shahjahanpur APMC,,shahjahanpur,Shahjahanpur
Uttar Pradesh,Maize,2024,12,2024-12-01,Shamli APMC,2584.07,shamli,Shamli
Uttar Pradesh,Maize,2024,12,2024-12-01,Sikandraraau APMC,,sikandraraau,Hathras
Uttar Pradesh,Maize,2024,12,2024-12-01,Sirsaganj APMC,,sirsaganj,Firozabad
Uttar Pradesh,Maize,2024,12,2024-12-01,Siyana APMC,2518.81,siyana,Bulandshahar
Uttar Pradesh,Maize,2024,12,2024-12-01,Tundla APMC,,tundla,Firozabad
Uttar Pradesh,Maize,2024,12,2024-12-01,Ujhani APMC,2498.38,ujhani,Budaun
Uttar Pradesh,Maize,2024,12,2024-12-01,Unnao APMC,,unnao,Unnao
Uttar Pradesh,Maize,2024,12,2024-12-01,Uttaripura APMC,2360.61,uttaripura,Jaunpur
Uttar Pradesh,Maize,2024,12,2024-12-01,Varanasi APMC,2515.0,varanasi,Varanasi
Uttar Pradesh,Maize,2025,1,2025-01-01,Achalda APMC,2471.74,achalda,Auraiya
Uttar Pradesh,Maize,2025,1,2025-01-01,Aliganj APMC,2262.46,aliganj,Etah
Uttar Pradesh,Maize,2025,1,2025-01-01,Aligarh APMC,2370.66,aligarh,Aligarh
Uttar Pradesh,Maize,2025,1,2025-01-01,Auraiya APMC,,auraiya,Auraiya
Uttar Pradesh,Maize,2025,1,2025-01-01,Ayodhya APMC,2626.47,ayodhya,Ayodhya
Uttar Pradesh,Maize,2025,1,2025-01-01,Badayoun APMC,2354.4,badayoun,Budaun
Uttar Pradesh,Maize,2025,1,2025-01-01,Bahraich APMC,2415.1,bahraich,Bahraich
Uttar Pradesh,Maize,2025,1,2025-01-01,Balrampur APMC,2416.83,balrampur,Balrampur
Uttar Pradesh,Maize,2025,1,2025-01-01,Bangarmau APMC,2315.28,bangarmau,Unnao
Uttar Pradesh,Maize,2025,1,2025-01-01,Baripaal APMC,2375.4,baripaal,Jaunpur
Uttar Pradesh,Maize,2025,1,2025-01-01,Bewar APMC,2323.43,bewar,Mainpuri
Uttar Pradesh,Maize,2025,1,2025-01-01,Bhinga APMC,2393.6,bhinga,Shravasti
Uttar Pradesh,Maize,2025,1,2025-01-01,Bilsi APMC,2350.0,bilsi,Budaun
Uttar Pradesh,Maize,2025,1,2025-01-01,Buland Shahr APMC,2412.86,buland shahr,Bulandshahr
Uttar Pradesh,Maize,2025,1,2025-01-01,Charra APMC,,charra,Aligarh
Uttar Pradesh,Maize,2025,1,2025-01-01,Chhibramau APMC,2398.46,chhibramau,Kannauj
Uttar Pradesh,Maize,2025,1,2025-01-01,Choubepur APMC,2393.76,choubepur,Jaunpur
Uttar Pradesh,Maize,2025,1,2025-01-01,Colonelganj APMC,,colonelganj,Gonda
Uttar Pradesh,Maize,2025,1,2025-01-01,DADRI APMC,2424.48,dadri,Gautam Buddha Nagar
Uttar Pradesh,Maize,2025,1,2025-01-01,Devariya APMC,,devariya,Deoria
Uttar Pradesh,Maize,2025,1,2025-01-01,Etah APMC,2288.45,etah,Etah
Uttar Pradesh,Maize,2025,1,2025-01-01,Farukhabad APMC,2364.69,farukhabad,Farrukhabad
Uttar Pradesh,Maize,2025,1,2025-01-01,Firozabad APMC,2467.13,firozabad,Firozabad
Uttar Pradesh,Maize,2025,1,2025-01-01,Ghaziabad APMC,2558.35,ghaziabad,Ghaziabad
Uttar Pradesh,Maize,2025,1,2025-01-01,Golagokarnath APMC,2295.33,golagokarnath,Lalitpur
Uttar Pradesh,Maize,2025,1,2025-01-01,Gonda APMC,2428.04,gonda,Gonda
Uttar Pradesh,Maize,2025,1,2025-01-01,Gorakhpur APMC,2502.22,gorakhpur,Gorakhpur
Uttar Pradesh,Maize,2025,1,2025-01-01,Haathras APMC,2385.0,haathras,Hathras
Uttar Pradesh,Maize,2025,1,2025-01-01,Hapur APMC,2565.03,hapur,Ghaziabad
Uttar Pradesh,Maize,2025,1,2025-01-01,Hardoi APMC,2316.94,hardoi,Hardoi
Uttar Pradesh,Maize,2025,1,2025-01-01,Jahangirabad APMC,2411.17,jahangirabad,Bulandshahar
Uttar Pradesh,Maize,2025,1,2025-01-01,Jalalabad APMC,2368.2,jalalabad,Bijnor
Uttar Pradesh,Maize,2025,1,2025-01-01,Jaunpur APMC,2530.21,jaunpur,Jaunpur
Uttar Pradesh,Maize,2025,1,2025-01-01,Jhijhank APMC,,jhijhank,Kanpur Dehat
Uttar Pradesh,Maize,2025,1,2025-01-01,Kamlaganj APMC,2365.94,kamlaganj,Farrukhabad
Uttar Pradesh,Maize,2025,1,2025-01-01,Kannauj APMC,2377.06,kannauj,Kannauj
Uttar Pradesh,Maize,2025,1,2025-01-01,Kanpur(Grain) APMC,2365.24,kanpur(grain),Jaunpur
Uttar Pradesh,Maize,2025,1,2025-01-01,Kasganj APMC,2428.26,kasganj,Kasganj
Uttar Pradesh,Maize,2025,1,2025-01-01,Kayamganj APMC,2375.83,kayamganj,Farrukhabad
Uttar Pradesh,Maize,2025,1,2025-01-01,Khair APMC,,khair,Aligarh
Uttar Pradesh,Maize,2025,1,2025-01-01,Khurja APMC,2440.0,khurja,Bulandshahr
Uttar Pradesh,Maize,2025,1,2025-01-01,Lakhimpur APMC,2295.7,lakhimpur,Lalitpur
Uttar Pradesh,Maize,2025,1,2025-01-01,Lalitpur APMC,2196.96,lalitpur,Lalitpur
Uttar Pradesh,Maize,2025,1,2025-01-01,Madhoganj APMC,2317.43,madhoganj,Hardoi
Uttar Pradesh,Maize,2025,1,2025-01-01,Mainpuri APMC,2399.01,mainpuri,Mainpuri
Uttar Pradesh,Maize,2025,1,2025-01-01,Meerut APMC,2475.76,meerut,Meerut
Uttar Pradesh,Maize,2025,1,2025-01-01,Mohamadabad APMC,2369.36,mohamadabad,Farrukhabad
Uttar Pradesh,Maize,2025,1,2025-01-01,Muzzafarnagar APMC,2550.0,muzzafarnagar,Muzaffarnagar
Uttar Pradesh,Maize,2025,1,2025-01-01,Naanpara APMC,2300.0,naanpara,Bahraich
Uttar Pradesh,Maize,2025,1,2025-01-01,Nawabganj APMC,2434.48,nawabganj,Gonda
Uttar Pradesh,Maize,2025,1,2025-01-01,Powayan APMC,2421.5,powayan,Shahjahanpur
Uttar Pradesh,Maize,2025,1,2025-01-01,Pratapgarh APMC,2446.67,pratapgarh,Pratapgarh
Uttar Pradesh,Maize,2025,1,2025-01-01,Prayagraj APMC,2566.96,prayagraj,Prayagraj
Uttar Pradesh,Maize,2025,1,2025-01-01,Pukharayan APMC,2342.16,pukharayan,Kanpur Dehat
Uttar Pradesh,Maize,2025,1,2025-01-01,Rura APMC,,rura,Kanpur Dehat
Uttar Pradesh,Maize,2025,1,2025-01-01,Saharanpur APMC,2620.92,saharanpur,Saharanpur
Uttar Pradesh,Maize,2025,1,2025-01-01,Sandi APMC,2307.76,sandi,Hardoi
Uttar Pradesh,Maize,2025,1,2025-01-01,Sandila APMC,2313.05,sandila,Hardoi
Uttar Pradesh,Maize,2025,1,2025-01-01,Shahabad(New Mandi) APMC,2302.56,shahabad(new mandi),Hardoi
Uttar Pradesh,Maize,2025,1,2025-01-01,Shahaswan APMC,,shahaswan,Badaun
Uttar Pradesh,Maize,2025,1,2025-01-01,Shamli APMC,2634.14,shamli,Shamli
Uttar Pradesh,Maize,2025,1,2025-01-01,Shikohabad APMC,,shikohabad,Firozabad
Uttar Pradesh,Maize,2025,1,2025-01-01,Sirsaganj APMC,,sirsaganj,Firozabad
Uttar Pradesh,Maize,2025,1,2025-01-01,Siyana APMC,2466.97,siyana,Bulandshahar
Uttar Pradesh,Maize,2025,1,2025-01-01,Tilhar APMC,2300.0,tilhar,Shahjahanpur
Uttar Pradesh,Maize,2025,1,2025-01-01,Ujhani APMC,2450.0,ujhani,Budaun
Uttar Pradesh,Maize,2025,1,2025-01-01,Unnao APMC,,unnao,Unnao
Uttar Pradesh,Maize,2025,1,2025-01-01,Uttaripura APMC,2382.64,uttaripura,Jaunpur
Uttar Pradesh,Maize,2025,1,2025-01-01,Varanasi APMC,,varanasi,Varanasi
Uttar Pradesh,Maize,2025,2,2025-02-01,Achalda APMC,2425.86,achalda,Auraiya
Uttar Pradesh,Maize,2025,2,2025-02-01,Aliganj APMC,2261.51,aliganj,Etah
Uttar Pradesh,Maize,2025,2,2025-02-01,Aligarh APMC,2375.9,aligarh,Aligarh
Uttar Pradesh,Maize,2025,2,2025-02-01,Atrauli APMC,,atrauli,Aligarh
Uttar Pradesh,Maize,2025,2,2025-02-01,Auraiya APMC,,auraiya,Auraiya
Uttar Pradesh,Maize,2025,2,2025-02-01,Ayodhya APMC,2622.55,ayodhya,Ayodhya
Uttar Pradesh,Maize,2025,2,2025-02-01,Badayoun APMC,2387.15,badayoun,Budaun
Uttar Pradesh,Maize,2025,2,2025-02-01,Bahraich APMC,2387.74,bahraich,Bahraich
Uttar Pradesh,Maize,2025,2,2025-02-01,Balrampur APMC,2464.23,balrampur,Balrampur
Uttar Pradesh,Maize,2025,2,2025-02-01,Bangarmau APMC,2316.74,bangarmau,Unnao
Uttar Pradesh,Maize,2025,2,2025-02-01,Baripaal APMC,2492.31,baripaal,Jaunpur
Uttar Pradesh,Maize,2025,2,2025-02-01,Bewar APMC,2308.84,bewar,Mainpuri
Uttar Pradesh,Maize,2025,2,2025-02-01,Bhehjoi APMC,,bhehjoi,Sambhal
Uttar Pradesh,Maize,2025,2,2025-02-01,Bhinga APMC,2343.93,bhinga,Shravasti
Uttar Pradesh,Maize,2025,2,2025-02-01,Bilsi APMC,2391.33,bilsi,Budaun
Uttar Pradesh,Maize,2025,2,2025-02-01,Buland Shahr APMC,2440.0,buland shahr,Bulandshahr
Uttar Pradesh,Maize,2025,2,2025-02-01,Charra APMC,,charra,Aligarh
Uttar Pradesh,Maize,2025,2,2025-02-01,Chhibramau APMC,2394.48,chhibramau,Kannauj
Uttar Pradesh,Maize,2025,2,2025-02-01,Choubepur APMC,2349.17,choubepur,Jaunpur
Uttar Pradesh,Maize,2025,2,2025-02-01,Colonelganj APMC,,colonelganj,Gonda
Uttar Pradesh,Maize,2025,2,2025-02-01,DADRI APMC,2396.01,dadri,Gautam Buddha Nagar
Uttar Pradesh,Maize,2025,2,2025-02-01,Devariya APMC,,devariya,Deoria
Uttar Pradesh,Maize,2025,2,2025-02-01,Etah APMC,2347.13,etah,Etah
Uttar Pradesh,Maize,2025,2,2025-02-01,Farukhabad APMC,2391.06,farukhabad,Farrukhabad
Uttar Pradesh,Maize,2025,2,2025-02-01,Firozabad APMC,2490.11,firozabad,Firozabad
Uttar Pradesh,Maize,2025,2,2025-02-01,Ghaziabad APMC,2457.0,ghaziabad,Ghaziabad
Uttar Pradesh,Maize,2025,2,2025-02-01,Golagokarnath APMC,2189.61,golagokarnath,Lalitpur
Uttar Pradesh,Maize,2025,2,2025-02-01,Gonda APMC,2453.63,gonda,Gonda
Uttar Pradesh,Maize,2025,2,2025-02-01,Gorakhpur APMC,2625.61,gorakhpur,Gorakhpur
Uttar Pradesh,Maize,2025,2,2025-02-01,Haathras APMC,2415.88,haathras,Hathras
Uttar Pradesh,Maize,2025,2,2025-02-01,Hapur APMC,2467.5,hapur,Ghaziabad
Uttar Pradesh,Maize,2025,2,2025-02-01,Hardoi APMC,2323.41,hardoi,Hardoi
Uttar Pradesh,Maize,2025,2,2025-02-01,Jahangirabad APMC,2445.81,jahangirabad,Bulandshahar
Uttar Pradesh,Maize,2025,2,2025-02-01,Jalalabad APMC,2209.95,jalalabad,Bijnor
Uttar Pradesh,Maize,2025,2,2025-02-01,Jaunpur APMC,2518.81,jaunpur,Jaunpur
Uttar Pradesh,Maize,2025,2,2025-02-01,Jhijhank APMC,,jhijhank,Kanpur Dehat
Uttar Pradesh,Maize,2025,2,2025-02-01,Kamlaganj APMC,2408.66,kamlaganj,Farrukhabad
Uttar Pradesh,Maize,2025,2,2025-02-01,Kannauj APMC,2386.6,kannauj,Kannauj
Uttar Pradesh,Maize,2025,2,2025-02-01,Kanpur(Grain) APMC,2385.99,kanpur(grain),Jaunpur
Uttar Pradesh,Maize,2025,2,2025-02-01,Kasganj APMC,2431.14,kasganj,Kasganj
Uttar Pradesh,Maize,2025,2,2025-02-01,Kayamganj APMC,2397.05,kayamganj,Farrukhabad
Uttar Pradesh,Maize,2025,2,2025-02-01,Khair APMC,,khair,Aligarh
Uttar Pradesh,Maize,2025,2,2025-02-01,Khurja APMC,,khurja,Bulandshahr
Uttar Pradesh,Maize,2025,2,2025-02-01,Lakhimpur APMC,2212.97,lakhimpur,Lalitpur
Uttar Pradesh,Maize,2025,2,2025-02-01,Lalitpur APMC,2194.31,lalitpur,Lalitpur
Uttar Pradesh,Maize,2025,2,2025-02-01,Madhoganj APMC,2322.96,madhoganj,Hardoi
Uttar Pradesh,Maize,2025,2,2025-02-01,Mainpuri APMC,2436.95,mainpuri,Mainpuri
Uttar Pradesh,Maize,2025,2,2025-02-01,Meerut APMC,2447.08,meerut,Meerut
Uttar Pradesh,Maize,2025,2,2025-02-01,Mohamadabad APMC,2396.22,mohamadabad,Farrukhabad
Uttar Pradesh,Maize,2025,2,2025-02-01,Muzzafarnagar APMC,2607.69,muzzafarnagar,Muzaffarnagar
Uttar Pradesh,Maize,2025,2,2025-02-01,Naanpara APMC,2204.17,naanpara,Bahraich
Uttar Pradesh,Maize,2025,2,2025-02-01,Nawabganj APMC,2452.01,nawabganj,Gonda
Uttar Pradesh,Maize,2025,2,2025-02-01,Powayan APMC,,powayan,Shahjahanpur
Uttar Pradesh,Maize,2025,2,2025-02-01,Pratapgarh APMC,2392.73,pratapgarh,Pratapgarh
Uttar Pradesh,Maize,2025,2,2025-02-01,Prayagraj APMC,2591.82,prayagraj,Prayagraj
Uttar Pradesh,Maize,2025,2,2025-02-01,Pukharayan APMC,2342.0,pukharayan,Kanpur Dehat
Uttar Pradesh,Maize,2025,2,2025-02-01,Rura APMC,,rura,Kanpur Dehat
Uttar Pradesh,Maize,2025,2,2025-02-01,Saharanpur APMC,2680.28,saharanpur,Saharanpur
Uttar Pradesh,Maize,2025,2,2025-02-01,Sandi APMC,2317.29,sandi,Hardoi
Uttar Pradesh,Maize,2025,2,2025-02-01,Sandila APMC,2320.03,sandila,Hardoi
Uttar Pradesh,Maize,2025,2,2025-02-01,Shahabad(New Mandi) APMC,2309.15,shahabad(new mandi),Hardoi
Uttar Pradesh,Maize,2025,2,2025-02-01,Shahjahanpur APMC,2341.76,shahjahanpur,Shahjahanpur
Uttar Pradesh,Maize,2025,2,2025-02-01,Shamli APMC,2701.97,shamli,Shamli
Uttar Pradesh,Maize,2025,2,2025-02-01,Siyana APMC,2339.44,siyana,Bulandshahar
Uttar Pradesh,Maize,2025,2,2025-02-01,Tilhar APMC,,tilhar,Shahjahanpur
Uttar Pradesh,Maize,2025,2,2025-02-01,Ujhani APMC,2414.32,ujhani,Budaun
Uttar Pradesh,Maize,2025,2,2025-02-01,Unnao APMC,,unnao,Unnao
Uttar Pradesh,Maize,2025,2,2025-02-01,Uttaripura APMC,2366.47,uttaripura,Jaunpur
Uttar Pradesh,Maize,2025,2,2025-02-01,Varanasi APMC,,varanasi,Varanasi
Uttar Pradesh,Maize,2025,3,2025-03-01,Achalda APMC,2389.58,achalda,Auraiya
Uttar Pradesh,Maize,2025,3,2025-03-01,Aliganj APMC,2265.59,aliganj,Etah
Uttar Pradesh,Maize,2025,3,2025-03-01,Aligarh APMC,2316.97,aligarh,Aligarh
Uttar Pradesh,Maize,2025,3,2025-03-01,Atrauli APMC,,atrauli,Aligarh
Uttar Pradesh,Maize,2025,3,2025-03-01,Auraiya APMC,,auraiya,Auraiya
Uttar Pradesh,Maize,2025,3,2025-03-01,Ayodhya APMC,2608.71,ayodhya,Ayodhya
Uttar Pradesh,Maize,2025,3,2025-03-01,Badayoun APMC,2351.8,badayoun,Budaun
Uttar Pradesh,Maize,2025,3,2025-03-01,Bahraich APMC,2350.13,bahraich,Bahraich
Uttar Pradesh,Maize,2025,3,2025-03-01,Balrampur APMC,2427.38,balrampur,Balrampur
Uttar Pradesh,Maize,2025,3,2025-03-01,Bangarmau APMC,2320.0,bangarmau,Unnao
Uttar Pradesh,Maize,2025,3,2025-03-01,Bareilly APMC,,bareilly,Bareilly
Uttar Pradesh,Maize,2025,3,2025-03-01,Baripaal APMC,,baripaal,Jaunpur
Uttar Pradesh,Maize,2025,3,2025-03-01,Bewar APMC,2247.15,bewar,Mainpuri
Uttar Pradesh,Maize,2025,3,2025-03-01,Bhinga APMC,2363.46,bhinga,Shravasti
Uttar Pradesh,Maize,2025,3,2025-03-01,Bilsi APMC,2271.67,bilsi,Budaun
Uttar Pradesh,Maize,2025,3,2025-03-01,Buland Shahr APMC,2450.0,buland shahr,Bulandshahr
Uttar Pradesh,Maize,2025,3,2025-03-01,Charra APMC,,charra,Aligarh
Uttar Pradesh,Maize,2025,3,2025-03-01,Chhibramau APMC,2408.0,chhibramau,Kannauj
Uttar Pradesh,Maize,2025,3,2025-03-01,Choubepur APMC,2394.45,choubepur,Jaunpur
Uttar Pradesh,Maize,2025,3,2025-03-01,Colonelganj APMC,2400.0,colonelganj,Gonda
Uttar Pradesh,Maize,2025,3,2025-03-01,DADRI APMC,2400.0,dadri,Gautam Buddha Nagar
Uttar Pradesh,Maize,2025,3,2025-03-01,Devariya APMC,,devariya,Deoria
Uttar Pradesh,Maize,2025,3,2025-03-01,Etah APMC,2289.6,etah,Etah
Uttar Pradesh,Maize,2025,3,2025-03-01,Farukhabad APMC,2408.32,farukhabad,Farrukhabad
Uttar Pradesh,Maize,2025,3,2025-03-01,Firozabad APMC,2495.38,firozabad,Firozabad
Uttar Pradesh,Maize,2025,3,2025-03-01,Ghaziabad APMC,2334.75,ghaziabad,Ghaziabad
Uttar Pradesh,Maize,2025,3,2025-03-01,Golagokarnath APMC,2194.7,golagokarnath,Lalitpur
Uttar Pradesh,Maize,2025,3,2025-03-01,Gonda APMC,2521.93,gonda,Gonda
Uttar Pradesh,Maize,2025,3,2025-03-01,Gorakhpur APMC,2569.17,gorakhpur,Gorakhpur
Uttar Pradesh,Maize,2025,3,2025-03-01,Haathras APMC,2329.49,haathras,Hathras
Uttar Pradesh,Maize,2025,3,2025-03-01,Hapur APMC,2492.2,hapur,Ghaziabad
Uttar Pradesh,Maize,2025,3,2025-03-01,Hardoi APMC,2328.94,hardoi,Hardoi
Uttar Pradesh,Maize,2025,3,2025-03-01,Jahangirabad APMC,2435.04,jahangirabad,Bulandshahar
Uttar Pradesh,Maize,2025,3,2025-03-01,Jalalabad APMC,2138.01,jalalabad,Bijnor
Uttar Pradesh,Maize,2025,3,2025-03-01,Jaunpur APMC,2594.3,jaunpur,Jaunpur
Uttar Pradesh,Maize,2025,3,2025-03-01,Kamlaganj APMC,2391.06,kamlaganj,Farrukhabad
Uttar Pradesh,Maize,2025,3,2025-03-01,Kannauj APMC,2412.21,kannauj,Kannauj
Uttar Pradesh,Maize,2025,3,2025-03-01,Kanpur(Grain) APMC,2405.45,kanpur(grain),Jaunpur
Uttar Pradesh,Maize,2025,3,2025-03-01,Kasganj APMC,2357.81,kasganj,Kasganj
Uttar Pradesh,Maize,2025,3,2025-03-01,Kayamganj APMC,2391.93,kayamganj,Farrukhabad
Uttar Pradesh,Maize,2025,3,2025-03-01,Khair APMC,,khair,Aligarh
Uttar Pradesh,Maize,2025,3,2025-03-01,Lakhimpur APMC,2193.73,lakhimpur,Lalitpur
Uttar Pradesh,Maize,2025,3,2025-03-01,Lalitpur APMC,2240.0,lalitpur,Lalitpur
Uttar Pradesh,Maize,2025,3,2025-03-01,Madhoganj APMC,2324.34,madhoganj,Hardoi
Uttar Pradesh,Maize,2025,3,2025-03-01,Mainpuri APMC,2554.35,mainpuri,Mainpuri
Uttar Pradesh,Maize,2025,3,2025-03-01,Meerut APMC,2443.22,meerut,Meerut
Uttar Pradesh,Maize,2025,3,2025-03-01,Mohamadabad APMC,2414.15,mohamadabad,Farrukhabad
Uttar Pradesh,Maize,2025,3,2025-03-01,Muzzafarnagar APMC,2609.96,muzzafarnagar,Muzaffarnagar
Uttar Pradesh,Maize,2025,3,2025-03-01,Naanpara APMC,2212.0,naanpara,Bahraich
Uttar Pradesh,Maize,2025,3,2025-03-01,Nawabganj APMC,2468.97,nawabganj,Gonda
Uttar Pradesh,Maize,2025,3,2025-03-01,Pratapgarh APMC,,pratapgarh,Pratapgarh
Uttar Pradesh,Maize,2025,3,2025-03-01,Prayagraj APMC,2644.35,prayagraj,Prayagraj
Uttar Pradesh,Maize,2025,3,2025-03-01,Pukharayan APMC,2329.44,pukharayan,Kanpur Dehat
Uttar Pradesh,Maize,2025,3,2025-03-01,Rura APMC,,rura,Kanpur Dehat
Uttar Pradesh,Maize,2025,3,2025-03-01,Saharanpur APMC,2624.61,saharanpur,Saharanpur
Uttar Pradesh,Maize,2025,3,2025-03-01,Sandi APMC,2320.63,sandi,Hardoi
Uttar Pradesh,Maize,2025,3,2025-03-01,Sandila APMC,2320.73,sandila,Hardoi
Uttar Pradesh,Maize,2025,3,2025-03-01,Shahabad(New Mandi) APMC,2338.32,shahabad(new mandi),Hardoi
Uttar Pradesh,Maize,2025,3,2025-03-01,Shahjahanpur APMC,,shahjahanpur,Shahjahanpur
Uttar Pradesh,Maize,2025,3,2025-03-01,Shamli APMC,2637.0,shamli,Shamli
Uttar Pradesh,Maize,2025,3,2025-03-01,Sikandraraau APMC,2140.0,sikandraraau,Hathras
Uttar Pradesh,Maize,2025,3,2025-03-01,Siyana APMC,2362.66,siyana,Bulandshahar
Uttar Pradesh,Maize,2025,3,2025-03-01,Ujhani APMC,2258.42,ujhani,Budaun
Uttar Pradesh,Maize,2025,3,2025-03-01,Unnao APMC,,unnao,Unnao
Uttar Pradesh,Maize,2025,3,2025-03-01,Uttaripura APMC,2408.45,uttaripura,Jaunpur
Uttar Pradesh,Maize,2025,3,2025-03-01,Varanasi APMC,,varanasi,Varanasi
Uttar Pradesh,Maize,2025,3,2025-03-01,Wazirganj APMC,2150.0,wazirganj,Budaun
Uttar Pradesh,Maize,2025,4,2025-04-01,Achalda APMC,2399.57,achalda,Auraiya
Uttar Pradesh,Maize,2025,4,2025-04-01,Aliganj APMC,2260.76,aliganj,Etah
Uttar Pradesh,Maize,2025,4,2025-04-01,Aligarh APMC,2278.43,aligarh,Aligarh
Uttar Pradesh,Maize,2025,4,2025-04-01,Ayodhya APMC,2626.15,ayodhya,Ayodhya
Uttar Pradesh,Maize,2025,4,2025-04-01,Badayoun APMC,2350.0,badayoun,Budaun
Uttar Pradesh,Maize,2025,4,2025-04-01,Bahraich APMC,2267.37,bahraich,Bahraich
Uttar Pradesh,Maize,2025,4,2025-04-01,Balrampur APMC,2286.6,balrampur,Balrampur
Uttar Pradesh,Maize,2025,4,2025-04-01,Bangarmau APMC,2325.82,bangarmau,Unnao
Uttar Pradesh,Maize,2025,4,2025-04-01,Bewar APMC,2228.0,bewar,Mainpuri
Uttar Pradesh,Maize,2025,4,2025-04-01,Bhinga APMC,2286.47,bhinga,Shravasti
Uttar Pradesh,Maize,2025,4,2025-04-01,Bilsi APMC,2250.0,bilsi,Budaun
Uttar Pradesh,Maize,2025,4,2025-04-01,Buland Shahr APMC,,buland shahr,Bulandshahr
Uttar Pradesh,Maize,2025,4,2025-04-01,Charra APMC,,charra,Aligarh
Uttar Pradesh,Maize,2025,4,2025-04-01,Chhibramau APMC,2371.77,chhibramau,Kannauj
Uttar Pradesh,Maize,2025,4,2025-04-01,Choubepur APMC,2330.21,choubepur,Jaunpur
Uttar Pradesh,Maize,2025,4,2025-04-01,Colonelganj APMC,,colonelganj,Gonda
Uttar Pradesh,Maize,2025,4,2025-04-01,DADRI APMC,,dadri,Gautam Buddha Nagar
Uttar Pradesh,Maize,2025,4,2025-04-01,Devariya APMC,,devariya,Deoria
Uttar Pradesh,Maize,2025,4,2025-04-01,Divai APMC,,divai,Bulandshahar
Uttar Pradesh,Maize,2025,4,2025-04-01,Etah APMC,2257.12,etah,Etah
Uttar Pradesh,Maize,2025,4,2025-04-01,Farukhabad APMC,2436.1,farukhabad,Farrukhabad
Uttar Pradesh,Maize,2025,4,2025-04-01,Firozabad APMC,2438.64,firozabad,Firozabad
Uttar Pradesh,Maize,2025,4,2025-04-01,Ghaziabad APMC,2338.71,ghaziabad,Ghaziabad
Uttar Pradesh,Maize,2025,4,2025-04-01,Golagokarnath APMC,2188.3,golagokarnath,Lalitpur
Uttar Pradesh,Maize,2025,4,2025-04-01,Gonda APMC,2486.48,gonda,Gonda
Uttar Pradesh,Maize,2025,4,2025-04-01,Gorakhpur APMC,2332.36,gorakhpur,Gorakhpur
Uttar Pradesh,Maize,2025,4,2025-04-01,Haathras APMC,2275.6,haathras,Hathras
Uttar Pradesh,Maize,2025,4,2025-04-01,Hapur APMC,2448.02,hapur,Ghaziabad
Uttar Pradesh,Maize,2025,4,2025-04-01,Hardoi APMC,2326.87,hardoi,Hardoi
Uttar Pradesh,Maize,2025,4,2025-04-01,Jahangirabad APMC,2435.62,jahangirabad,Bulandshahar
Uttar Pradesh,Maize,2025,4,2025-04-01,Jalalabad APMC,2082.47,jalalabad,Bijnor
Uttar Pradesh,Maize,2025,4,2025-04-01,Jaunpur APMC,2486.52,jaunpur,Jaunpur
Uttar Pradesh,Maize,2025,4,2025-04-01,Kamlaganj APMC,2410.28,kamlaganj,Farrukhabad
Uttar Pradesh,Maize,2025,4,2025-04-01,Kannauj APMC,2349.97,kannauj,Kannauj
Uttar Pradesh,Maize,2025,4,2025-04-01,Kanpur(Grain) APMC,2347.49,kanpur(grain),Jaunpur
Uttar Pradesh,Maize,2025,4,2025-04-01,Kasganj APMC,2380.25,kasganj,Kasganj
Uttar Pradesh,Maize,2025,4,2025-04-01,Kayamganj APMC,2373.49,kayamganj,Farrukhabad
Uttar Pradesh,Maize,2025,4,2025-04-01,Lakhimpur APMC,2206.27,lakhimpur,Lalitpur
Uttar Pradesh,Maize,2025,4,2025-04-01,Lalitpur APMC,,lalitpur,Lalitpur
Uttar Pradesh,Maize,2025,4,2025-04-01,Madhoganj APMC,2326.98,madhoganj,Hardoi
Uttar Pradesh,Maize,2025,4,2025-04-01,Mainpuri APMC,2456.84,mainpuri,Mainpuri
Uttar Pradesh,Maize,2025,4,2025-04-01,Meerut APMC,2442.0,meerut,Meerut
Uttar Pradesh,Maize,2025,4,2025-04-01,Mohamadabad APMC,2412.76,mohamadabad,Farrukhabad
Uttar Pradesh,Maize,2025,4,2025-04-01,Muzzafarnagar APMC,2517.06,muzzafarnagar,Muzaffarnagar
Uttar Pradesh,Maize,2025,4,2025-04-01,Naanpara APMC,2194.23,naanpara,Bahraich
Uttar Pradesh,Maize,2025,4,2025-04-01,Nawabganj APMC,,nawabganj,Gonda
Uttar Pradesh,Maize,2025,4,2025-04-01,Prayagraj APMC,2307.13,prayagraj,Prayagraj
Uttar Pradesh,Maize,2025,4,2025-04-01,Pukharayan APMC,2310.42,pukharayan,Kanpur Dehat
Uttar Pradesh,Maize,2025,4,2025-04-01,Rura APMC,,rura,Kanpur Dehat
Uttar Pradesh,Maize,2025,4,2025-04-01,Saharanpur APMC,2515.64,saharanpur,Saharanpur
Uttar Pradesh,Maize,2025,4,2025-04-01,Sandi APMC,2326.63,sandi,Hardoi
Uttar Pradesh,Maize,2025,4,2025-04-01,Sandila APMC,2325.32,sandila,Hardoi
Uttar Pradesh,Maize,2025,4,2025-04-01,Shahabad(New Mandi) APMC,2325.35,shahabad(new mandi),Hardoi
Uttar Pradesh,Maize,2025,4,2025-04-01,Shamli APMC,2516.37,shamli,Shamli
Uttar Pradesh,Maize,2025,4,2025-04-01,Sikandraraau APMC,,sikandraraau,Hathras
Uttar Pradesh,Maize,2025,4,2025-04-01,Siyana APMC,2392.07,siyana,Bulandshahar
Uttar Pradesh,Maize,2025,4,2025-04-01,Ujhani APMC,2264.04,ujhani,Budaun
Uttar Pradesh,Maize,2025,4,2025-04-01,Unnao APMC,,unnao,Unnao
Uttar Pradesh,Maize,2025,4,2025-04-01,Uttaripura APMC,2332.45,uttaripura,Jaunpur
Uttar Pradesh,Maize,2025,4,2025-04-01,Varanasi APMC,,varanasi,Varanasi
Uttar Pradesh,Maize,2025,4,2025-04-01,Wazirganj APMC,,wazirganj,Budaun
Uttar Pradesh,Maize,2025,5,2025-05-01,Achalda APMC,2366.94,achalda,Auraiya
Uttar Pradesh,Maize,2025,5,2025-05-01,Aliganj APMC,2245.75,aliganj,Etah
Uttar Pradesh,Maize,2025,5,2025-05-01,Aligarh APMC,2329.27,aligarh,Aligarh
Uttar Pradesh,Maize,2025,5,2025-05-01,Ayodhya APMC,2605.72,ayodhya,Ayodhya
Uttar Pradesh,Maize,2025,5,2025-05-01,Badayoun APMC,2348.86,badayoun,Budaun
Uttar Pradesh,Maize,2025,5,2025-05-01,Bahraich APMC,2145.73,bahraich,Bahraich
Uttar Pradesh,Maize,2025,5,2025-05-01,Balrampur APMC,2295.35,balrampur,Balrampur
Uttar Pradesh,Maize,2025,5,2025-05-01,Bangarmau APMC,2329.04,bangarmau,Unnao
Uttar Pradesh,Maize,2025,5,2025-05-01,Bareilly APMC,2302.5,bareilly,Bareilly
Uttar Pradesh,Maize,2025,5,2025-05-01,Bewar APMC,,bewar,Mainpuri
Uttar Pradesh,Maize,2025,5,2025-05-01,Bhehjoi APMC,1810.28,bhehjoi,Sambhal
Uttar Pradesh,Maize,2025,5,2025-05-01,Bhinga APMC,2196.77,bhinga,Shravasti
Uttar Pradesh,Maize,2025,5,2025-05-01,Bilsi APMC,,bilsi,Budaun
Uttar Pradesh,Maize,2025,5,2025-05-01,Charra APMC,,charra,Aligarh
Uttar Pradesh,Maize,2025,5,2025-05-01,Chhibramau APMC,2367.04,chhibramau,Kannauj
Uttar Pradesh,Maize,2025,5,2025-05-01,Choubepur APMC,2357.53,choubepur,Jaunpur
Uttar Pradesh,Maize,2025,5,2025-05-01,Colonelganj APMC,,colonelganj,Gonda
Uttar Pradesh,Maize,2025,5,2025-05-01,Devariya APMC,,devariya,Deoria
Uttar Pradesh,Maize,2025,5,2025-05-01,Etah APMC,2249.9,etah,Etah
Uttar Pradesh,Maize,2025,5,2025-05-01,Farukhabad APMC,2392.24,farukhabad,Farrukhabad
Uttar Pradesh,Maize,2025,5,2025-05-01,Firozabad APMC,2395.7,firozabad,Firozabad
Uttar Pradesh,Maize,2025,5,2025-05-01,Ghaziabad APMC,2326.45,ghaziabad,Ghaziabad
Uttar Pradesh,Maize,2025,5,2025-05-01,Golagokarnath APMC,2191.26,golagokarnath,Lalitpur
Uttar Pradesh,Maize,2025,5,2025-05-01,Gonda APMC,2130.97,gonda,Gonda
Uttar Pradesh,Maize,2025,5,2025-05-01,Gorakhpur APMC,2307.03,gorakhpur,Gorakhpur
Uttar Pradesh,Maize,2025,5,2025-05-01,Haathras APMC,2379.07,haathras,Hathras
Uttar Pradesh,Maize,2025,5,2025-05-01,Hapur APMC,2441.64,hapur,Ghaziabad
Uttar Pradesh,Maize,2025,5,2025-05-01,Hardoi APMC,2321.55,hardoi,Hardoi
Uttar Pradesh,Maize,2025,5,2025-05-01,Jahangirabad APMC,2373.81,jahangirabad,Bulandshahar
Uttar Pradesh,Maize,2025,5,2025-05-01,Jalalabad APMC,2059.73,jalalabad,Bijnor
Uttar Pradesh,Maize,2025,5,2025-05-01,Jaunpur APMC,2427.99,jaunpur,Jaunpur
Uttar Pradesh,Maize,2025,5,2025-05-01,Jhijhank APMC,2375.0,jhijhank,Kanpur Dehat
Uttar Pradesh,Maize,2025,5,2025-05-01,Kamlaganj APMC,2355.09,kamlaganj,Farrukhabad
Uttar Pradesh,Maize,2025,5,2025-05-01,Kannauj APMC,2365.96,kannauj,Kannauj
Uttar Pradesh,Maize,2025,5,2025-05-01,Kanpur(Grain) APMC,2350.93,kanpur(grain),Jaunpur
Uttar Pradesh,Maize,2025,5,2025-05-01,Kasganj APMC,2424.72,kasganj,Kasganj
Uttar Pradesh,Maize,2025,5,2025-05-01,Kayamganj APMC,2391.12,kayamganj,Farrukhabad
Uttar Pradesh,Maize,2025,5,2025-05-01,Khair APMC,,khair,Aligarh
Uttar Pradesh,Maize,2025,5,2025-05-01,Lakhimpur APMC,2187.86,lakhimpur,Lalitpur
Uttar Pradesh,Maize,2025,5,2025-05-01,Madhoganj APMC,2328.45,madhoganj,Hardoi
Uttar Pradesh,Maize,2025,5,2025-05-01,Mainpuri APMC,2404.04,mainpuri,Mainpuri
Uttar Pradesh,Maize,2025,5,2025-05-01,Meerut APMC,2438.88,meerut,Meerut
Uttar Pradesh,Maize,2025,5,2025-05-01,Mohamadabad APMC,2395.87,mohamadabad,Farrukhabad
Uttar Pradesh,Maize,2025,5,2025-05-01,Muzzafarnagar APMC,2475.26,muzzafarnagar,Muzaffarnagar
Uttar Pradesh,Maize,2025,5,2025-05-01,Naanpara APMC,2212.39,naanpara,Bahraich
Uttar Pradesh,Maize,2025,5,2025-05-01,Nawabganj APMC,2237.63,nawabganj,Gonda
Uttar Pradesh,Maize,2025,5,2025-05-01,Prayagraj APMC,2381.06,prayagraj,Prayagraj
Uttar Pradesh,Maize,2025,5,2025-05-01,Pukharayan APMC,2321.32,pukharayan,Kanpur Dehat
Uttar Pradesh,Maize,2025,5,2025-05-01,Rudauli APMC,2493.85,rudauli,Ayodhya
Uttar Pradesh,Maize,2025,5,2025-05-01,Rura APMC,2364.19,rura,Kanpur Dehat
Uttar Pradesh,Maize,2025,5,2025-05-01,Saharanpur APMC,2472.27,saharanpur,Saharanpur
Uttar Pradesh,Maize,2025,5,2025-05-01,Sandi APMC,2322.0,sandi,Hardoi
Uttar Pradesh,Maize,2025,5,2025-05-01,Sandila APMC,2320.61,sandila,Hardoi
Uttar Pradesh,Maize,2025,5,2025-05-01,Shahabad(New Mandi) APMC,2324.44,shahabad(new mandi),Hardoi
Uttar Pradesh,Maize,2025,5,2025-05-01,Shamli APMC,2468.19,shamli,Shamli
Uttar Pradesh,Maize,2025,5,2025-05-01,Sikandraraau APMC,1800.0,sikandraraau,Hathras
Uttar Pradesh,Maize,2025,5,2025-05-01,Siyana APMC,2375.72,siyana,Bulandshahar
Uttar Pradesh,Maize,2025,5,2025-05-01,Ujhani APMC,,ujhani,Budaun
Uttar Pradesh,Maize,2025,5,2025-05-01,Uttaripura APMC,2352.62,uttaripura,Jaunpur
Uttar Pradesh,Maize,2025,5,2025-05-01,Varanasi APMC,,varanasi,Varanasi
Uttar Pradesh,Maize,2025,6,2025-06-01,Achalda APMC,2326.72,achalda,Auraiya
Uttar Pradesh,Maize,2025,6,2025-06-01,Aliganj APMC,2085.54,aliganj,Etah
Uttar Pradesh,Maize,2025,6,2025-06-01,Aligarh APMC,1985.25,aligarh,Aligarh
Uttar Pradesh,Maize,2025,6,2025-06-01,Atrauli APMC,2048.56,atrauli,Aligarh
Uttar Pradesh,Maize,2025,6,2025-06-01,Ayodhya APMC,2381.54,ayodhya,Ayodhya
Uttar Pradesh,Maize,2025,6,2025-06-01,Babrala APMC,1988.18,babrala,Budaun
Uttar Pradesh,Maize,2025,6,2025-06-01,Badayoun APMC,2107.47,badayoun,Budaun
Uttar Pradesh,Maize,2025,6,2025-06-01,Bahraich APMC,2050.27,bahraich,Bahraich
Uttar Pradesh,Maize,2025,6,2025-06-01,Balrampur APMC,2122.11,balrampur,Balrampur
Uttar Pradesh,Maize,2025,6,2025-06-01,Bangarmau APMC,2235.07,bangarmau,Unnao
Uttar Pradesh,Maize,2025,6,2025-06-01,Bareilly APMC,,bareilly,Bareilly
Uttar Pradesh,Maize,2025,6,2025-06-01,Bewar APMC,2125.96,bewar,Mainpuri
Uttar Pradesh,Maize,2025,6,2025-06-01,Bharthna APMC,,bharthna,Etawah
Uttar Pradesh,Maize,2025,6,2025-06-01,Bhehjoi APMC,1835.48,bhehjoi,Sambhal
Uttar Pradesh,Maize,2025,6,2025-06-01,Bhinga APMC,2081.73,bhinga,Shravasti
Uttar Pradesh,Maize,2025,6,2025-06-01,Bilaspur APMC,1872.29,bilaspur,Rampur
Uttar Pradesh,Maize,2025,6,2025-06-01,Bilsi APMC,2095.51,bilsi,Budaun
Uttar Pradesh,Maize,2025,6,2025-06-01,Bindki APMC,1950.0,bindki,Fatehpur
Uttar Pradesh,Maize,2025,6,2025-06-01,Bisoli APMC,2000.0,bisoli,Badaun
Uttar Pradesh,Maize,2025,6,2025-06-01,Buland Shahr APMC,2321.48,buland shahr,Bulandshahr
Uttar Pradesh,Maize,2025,6,2025-06-01,Chandausi APMC,2075.0,chandausi,Sambhal
Uttar Pradesh,Maize,2025,6,2025-06-01,Charra APMC,2008.12,charra,Aligarh
Uttar Pradesh,Maize,2025,6,2025-06-01,Chhibramau APMC,2147.3,chhibramau,Kannauj
Uttar Pradesh,Maize,2025,6,2025-06-01,Choubepur APMC,2142.72,choubepur,Jaunpur
Uttar Pradesh,Maize,2025,6,2025-06-01,DADRI APMC,2400.0,dadri,Gautam Buddha Nagar
Uttar Pradesh,Maize,2025,6,2025-06-01,Dataganj APMC,1950.0,dataganj,Badaun
Uttar Pradesh,Maize,2025,6,2025-06-01,Divai APMC,,divai,Bulandshahar
Uttar Pradesh,Maize,2025,6,2025-06-01,Etah APMC,2064.75,etah,Etah
Uttar Pradesh,Maize,2025,6,2025-06-01,Etawah APMC,2211.16,etawah,Etawah
Uttar Pradesh,Maize,2025,6,2025-06-01,Farukhabad APMC,2088.58,farukhabad,Farrukhabad
Uttar Pradesh,Maize,2025,6,2025-06-01,Firozabad APMC,2375.0,firozabad,Firozabad
Uttar Pradesh,Maize,2025,6,2025-06-01,Ghaziabad APMC,2323.07,ghaziabad,Ghaziabad
Uttar Pradesh,Maize,2025,6,2025-06-01,Ghiraur APMC,2142.56,ghiraur,Mainpuri
Uttar Pradesh,Maize,2025,6,2025-06-01,Golagokarnath APMC,2076.66,golagokarnath,Lalitpur
Uttar Pradesh,Maize,2025,6,2025-06-01,Gonda APMC,2050.59,gonda,Gonda
Uttar Pradesh,Maize,2025,6,2025-06-01,Gorakhpur APMC,2329.44,gorakhpur,Gorakhpur
Uttar Pradesh,Maize,2025,6,2025-06-01,Haathras APMC,1956.35,haathras,Hathras
Uttar Pradesh,Maize,2025,6,2025-06-01,Hapur APMC,2400.0,hapur,Ghaziabad
Uttar Pradesh,Maize,2025,6,2025-06-01,Hardoi APMC,2254.11,hardoi,Hardoi
Uttar Pradesh,Maize,2025,6,2025-06-01,Jahangirabad APMC,2334.72,jahangirabad,Bulandshahar
Uttar Pradesh,Maize,2025,6,2025-06-01,Jalalabad APMC,2056.99,jalalabad,Bijnor
Uttar Pradesh,Maize,2025,6,2025-06-01,Jasvantnagar APMC,2141.2,jasvantnagar,Etawah
Uttar Pradesh,Maize,2025,6,2025-06-01,Jaunpur APMC,2374.32,jaunpur,Jaunpur
Uttar Pradesh,Maize,2025,6,2025-06-01,Jhijhank APMC,2296.13,jhijhank,Kanpur Dehat
Uttar Pradesh,Maize,2025,6,2025-06-01,Kamlaganj APMC,2121.67,kamlaganj,Farrukhabad
Uttar Pradesh,Maize,2025,6,2025-06-01,Kannauj APMC,2195.95,kannauj,Kannauj
Uttar Pradesh,Maize,2025,6,2025-06-01,Kanpur(Grain) APMC,2256.7,kanpur(grain),Jaunpur
Uttar Pradesh,Maize,2025,6,2025-06-01,Kasganj APMC,1948.77,kasganj,Kasganj
Uttar Pradesh,Maize,2025,6,2025-06-01,Kayamganj APMC,2219.97,kayamganj,Farrukhabad
Uttar Pradesh,Maize,2025,6,2025-06-01,Khair APMC,1909.41,khair,Aligarh
Uttar Pradesh,Maize,2025,6,2025-06-01,Khurja APMC,2344.34,khurja,Bulandshahr
Uttar Pradesh,Maize,2025,6,2025-06-01,Lakhimpur APMC,2104.19,lakhimpur,Lalitpur
Uttar Pradesh,Maize,2025,6,2025-06-01,Madhoganj APMC,2247.21,madhoganj,Hardoi
Uttar Pradesh,Maize,2025,6,2025-06-01,Mainpuri APMC,2188.03,mainpuri,Mainpuri
Uttar Pradesh,Maize,2025,6,2025-06-01,Meerut APMC,2405.31,meerut,Meerut
Uttar Pradesh,Maize,2025,6,2025-06-01,Mohamadabad APMC,2165.74,mohamadabad,Farrukhabad
Uttar Pradesh,Maize,2025,6,2025-06-01,Muzzafarnagar APMC,2436.42,muzzafarnagar,Muzaffarnagar
Uttar Pradesh,Maize,2025,6,2025-06-01,Naanpara APMC,2107.13,naanpara,Bahraich
Uttar Pradesh,Maize,2025,6,2025-06-01,Nawabganj APMC,2116.44,nawabganj,Gonda
Uttar Pradesh,Maize,2025,6,2025-06-01,Powayan APMC,1960.17,powayan,Shahjahanpur
Uttar Pradesh,Maize,2025,6,2025-06-01,Pratapgarh APMC,2300.0,pratapgarh,Pratapgarh
Uttar Pradesh,Maize,2025,6,2025-06-01,Prayagraj APMC,2318.06,prayagraj,Prayagraj
Uttar Pradesh,Maize,2025,6,2025-06-01,Pukharayan APMC,2307.92,pukharayan,Kanpur Dehat
Uttar Pradesh,Maize,2025,6,2025-06-01,Rudauli APMC,2351.67,rudauli,Ayodhya
Uttar Pradesh,Maize,2025,6,2025-06-01,Rura APMC,2308.85,rura,Kanpur Dehat
Uttar Pradesh,Maize,2025,6,2025-06-01,Saharanpur APMC,2416.67,saharanpur,Saharanpur
Uttar Pradesh,Maize,2025,6,2025-06-01,Sandi APMC,2235.65,sandi,Hardoi
Uttar Pradesh,Maize,2025,6,2025-06-01,Sandila APMC,2241.69,sandila,Hardoi
Uttar Pradesh,Maize,2025,6,2025-06-01,Shahabad(New Mandi) APMC,2270.97,shahabad(new mandi),Hardoi
Uttar Pradesh,Maize,2025,6,2025-06-01,Shahaswan APMC,,shahaswan,Badaun
Uttar Pradesh,Maize,2025,6,2025-06-01,Shahjahanpur APMC,2015.0,shahjahanpur,Shahjahanpur
Uttar Pradesh,Maize,2025,6,2025-06-01,Shamli APMC,2402.61,shamli,Shamli
Uttar Pradesh,Maize,2025,6,2025-06-01,Shikohabad APMC,1970.91,shikohabad,Firozabad
Uttar Pradesh,Maize,2025,6,2025-06-01,Sikandraraau APMC,1571.0,sikandraraau,Hathras
Uttar Pradesh,Maize,2025,6,2025-06-01,Sikarpur APMC,,sikarpur,Bulandshahar
Uttar Pradesh,Maize,2025,6,2025-06-01,Siyana APMC,2272.3,siyana,Bulandshahar
Uttar Pradesh,Maize,2025,6,2025-06-01,Tilhar APMC,1964.72,tilhar,Shahjahanpur
Uttar Pradesh,Maize,2025,6,2025-06-01,Tundla APMC,2084.86,tundla,Firozabad
Uttar Pradesh,Maize,2025,6,2025-06-01,Ujhani APMC,2117.84,ujhani,Budaun
Uttar Pradesh,Maize,2025,6,2025-06-01,Uttaripura APMC,2214.15,uttaripura,Jaunpur
Uttar Pradesh,Maize,2025,6,2025-06-01,Varanasi APMC,,varanasi,Varanasi
Uttar Pradesh,Maize,2025,6,2025-06-01,Wazirganj APMC,2142.79,wazirganj,Budaun
