State,Crop,Calendar_Year,Month,Month_Date,Market,Monthly_Price,Market_Key,District
Uttar Pradesh,Rice,2021,1,2021-01-01,Achalda APMC,1868.0,achalda,Auraiya
Uttar Pradesh,Rice,2021,1,2021-01-01,Ajuha APMC,1868.0,ajuha,Prayagraj
Uttar Pradesh,Rice,2021,1,2021-01-01,Akbarpur APMC,1868.0,akbarpur,Ambedkarnagar
Uttar Pradesh,Rice,2021,1,2021-01-01,Amroha APMC,,amroha,Amroha
Uttar Pradesh,Rice,2021,1,2021-01-01,Anandnagar APMC,1868.0,anandnagar,Mahrajganj
Uttar Pradesh,Rice,2021,1,2021-01-01,Atarra APMC,1868.0,atarra,Banda
Uttar Pradesh,Rice,2021,1,2021-01-01,Auraiya APMC,1868.0,auraiya,Auraiya
Uttar Pradesh,Rice,2021,1,2021-01-01,Ayodhya APMC,1868.0,ayodhya,Ayodhya
Uttar Pradesh,Rice,2021,1,2021-01-01,Azamgarh APMC,1868.0,azamgarh,Azamgarh
Uttar Pradesh,Rice,2021,1,2021-01-01,Baberu APMC,1868.0,baberu,Banda
Uttar Pradesh,Rice,2021,1,2021-01-01,Babrala APMC,,babrala,Budaun
Uttar Pradesh,Rice,2021,1,2021-01-01,Bachranwa APMC,1868.0,bachranwa,Rae Bareli
Uttar Pradesh,Rice,2021,1,2021-01-01,Badayoun APMC,1878.38,badayoun,Budaun
Uttar Pradesh,Rice,2021,1,2021-01-01,Badda APMC,1866.54,badda,Shahjahanpur
Uttar Pradesh,Rice,2021,1,2021-01-01,Baheri APMC,186.8,baheri,Bareilly
Uttar Pradesh,Rice,2021,1,2021-01-01,Bahraich APMC,1868.0,bahraich,Bahraich
Uttar Pradesh,Rice,2021,1,2021-01-01,Ballia APMC,1868.0,ballia,Ballia
Uttar Pradesh,Rice,2021,1,2021-01-01,Balrampur APMC,1875.05,balrampur,Balrampur
Uttar Pradesh,Rice,2021,1,2021-01-01,Banda APMC,1868.0,banda,Banda
Uttar Pradesh,Rice,2021,1,2021-01-01,Bangarmau APMC,1868.41,bangarmau,Unnao
Uttar Pradesh,Rice,2021,1,2021-01-01,Bansi APMC,1868.0,bansi,Siddharthnagar
Uttar Pradesh,Rice,2021,1,2021-01-01,Banthara APMC,1868.0,banthara,Lucknow
Uttar Pradesh,Rice,2021,1,2021-01-01,Barabanki APMC,1871.59,barabanki,Bara Banki
Uttar Pradesh,Rice,2021,1,2021-01-01,Bareilly APMC,1868.0,bareilly,Bareilly
Uttar Pradesh,Rice,2021,1,2021-01-01,Barhaj APMC,1868.0,barhaj,Deoria
Uttar Pradesh,Rice,2021,1,2021-01-01,Baripaal APMC,1809.95,baripaal,Jaunpur
Uttar Pradesh,Rice,2021,1,2021-01-01,Basti APMC,1868.0,basti,Basti
Uttar Pradesh,Rice,2021,1,2021-01-01,Bewar APMC,,bewar,Mainpuri
Uttar Pradesh,Rice,2021,1,2021-01-01,Bharthna APMC,2059.75,bharthna,Etawah
Uttar Pradesh,Rice,2021,1,2021-01-01,Bharuasumerpur APMC,1943.58,bharuasumerpur,Hamirpur
Uttar Pradesh,Rice,2021,1,2021-01-01,Bharwari APMC,,bharwari,Kaushambi
Uttar Pradesh,Rice,2021,1,2021-01-01,Bilaspur APMC,1900.3,bilaspur,Rampur
Uttar Pradesh,Rice,2021,1,2021-01-01,Billsadda APMC,,billsadda,Pilibhit
Uttar Pradesh,Rice,2021,1,2021-01-01,Bilsi APMC,1866.51,bilsi,Budaun
Uttar Pradesh,Rice,2021,1,2021-01-01,Bindki APMC,1906.07,bindki,Fatehpur
Uttar Pradesh,Rice,2021,1,2021-01-01,Bishalpur APMC,1868.0,bishalpur,Pilibhit
Uttar Pradesh,Rice,2021,1,2021-01-01,Bisoli APMC,,bisoli,Badaun
Uttar Pradesh,Rice,2021,1,2021-01-01,Chandoli APMC,1867.94,chandoli,Chandauli
Uttar Pradesh,Rice,2021,1,2021-01-01,Chhibramau APMC,1868.0,chhibramau,Kannauj
Uttar Pradesh,Rice,2021,1,2021-01-01,Chorichora APMC,1868.0,chorichora,Gorakhpur
Uttar Pradesh,Rice,2021,1,2021-01-01,Choubepur APMC,1901.68,choubepur,Jaunpur
Uttar Pradesh,Rice,2021,1,2021-01-01,Colonelganj APMC,,colonelganj,Gonda
Uttar Pradesh,Rice,2021,1,2021-01-01,Dankaur APMC,,dankaur,Gautam Buddha Nagar
Uttar Pradesh,Rice,2021,1,2021-01-01,Dataganj APMC,1621.81,dataganj,Badaun
Uttar Pradesh,Rice,2021,1,2021-01-01,Devariya APMC,1865.71,devariya,Deoria
Uttar Pradesh,Rice,2021,1,2021-01-01,Dibiapur APMC,,dibiapur,Auraiya
Uttar Pradesh,Rice,2021,1,2021-01-01,Etawah APMC,2055.6,etawah,Etawah
Uttar Pradesh,Rice,2021,1,2021-01-01,Farukhabad APMC,1868.0,farukhabad,Farrukhabad
Uttar Pradesh,Rice,2021,1,2021-01-01,Fatehpur APMC,1868.0,fatehpur,Fatehpur
Uttar Pradesh,Rice,2021,1,2021-01-01,Gadaura APMC,1513.33,gadaura,Maharajganj
Uttar Pradesh,Rice,2021,1,2021-01-01,Golagokarnath APMC,1698.9,golagokarnath,Lalitpur
Uttar Pradesh,Rice,2021,1,2021-01-01,Gonda APMC,1868.0,gonda,Gonda
Uttar Pradesh,Rice,2021,1,2021-01-01,Gorakhpur APMC,1868.0,gorakhpur,Gorakhpur
Uttar Pradesh,Rice,2021,1,2021-01-01,Hardoi APMC,1867.33,hardoi,Hardoi
Uttar Pradesh,Rice,2021,1,2021-01-01,Hargaon (Laharpur) APMC,1868.0,hargaon (laharpur),Sitapur
Uttar Pradesh,Rice,2021,1,2021-01-01,Jafarganj APMC,1868.0,jafarganj,Amethi
Uttar Pradesh,Rice,2021,1,2021-01-01,Jamanian APMC,,jamanian,Ghazipur
Uttar Pradesh,Rice,2021,1,2021-01-01,Jangipura APMC,,jangipura,Ghazipur
Uttar Pradesh,Rice,2021,1,2021-01-01,Jasra APMC,1868.0,jasra,Prayagraj
Uttar Pradesh,Rice,2021,1,2021-01-01,Jasvantnagar APMC,1400.0,jasvantnagar,Etawah
Uttar Pradesh,Rice,2021,1,2021-01-01,Jaunpur APMC,1867.44,jaunpur,Jaunpur
Uttar Pradesh,Rice,2021,1,2021-01-01,Jayas APMC,1868.0,jayas,Rae Bareli
Uttar Pradesh,Rice,2021,1,2021-01-01,Jhijhank APMC,1868.0,jhijhank,Kanpur Dehat
Uttar Pradesh,Rice,2021,1,2021-01-01,Kamlaganj APMC,,kamlaganj,Farrukhabad
Uttar Pradesh,Rice,2021,1,2021-01-01,Kannauj APMC,1868.0,kannauj,Kannauj
Uttar Pradesh,Rice,2021,1,2021-01-01,Kanpur(Grain) APMC,1868.0,kanpur(grain),Jaunpur
Uttar Pradesh,Rice,2021,1,2021-01-01,Karvi APMC,1868.0,karvi,Chitrakoot
Uttar Pradesh,Rice,2021,1,2021-01-01,Kayamganj APMC,1977.1,kayamganj,Farrukhabad
Uttar Pradesh,Rice,2021,1,2021-01-01,Khaga APMC,1750.0,khaga,Fatehpur
Uttar Pradesh,Rice,2021,1,2021-01-01,Khalilabad APMC,1868.48,khalilabad,Sant Kabir Nagar
Uttar Pradesh,Rice,2021,1,2021-01-01,Kishunpur APMC,1400.0,kishunpur,Bahraich
Uttar Pradesh,Rice,2021,1,2021-01-01,Kopaganj APMC,1868.0,kopaganj,
Uttar Pradesh,Rice,2021,1,2021-01-01,Kurara APMC,1865.88,kurara,Hamirpur
Uttar Pradesh,Rice,2021,1,2021-01-01,Lakhimpur APMC,1684.21,lakhimpur,Lalitpur
Uttar Pradesh,Rice,2021,1,2021-01-01,Lalganj APMC,1868.0,lalganj,Rae Bareli
Uttar Pradesh,Rice,2021,1,2021-01-01,Lucknow APMC,1867.98,lucknow,Lucknow
Uttar Pradesh,Rice,2021,1,2021-01-01,Madhoganj APMC,1868.0,madhoganj,Hardoi
Uttar Pradesh,Rice,2021,1,2021-01-01,Maharajganj APMC,1851.63,maharajganj,Rae Bareli
Uttar Pradesh,Rice,2021,1,2021-01-01,Maigalganj APMC,1675.88,maigalganj,Gorakhpur
Uttar Pradesh,Rice,2021,1,2021-01-01,Mawana APMC,,mawana,Meerut
Uttar Pradesh,Rice,2021,1,2021-01-01,Mehmoodabad APMC,1652.1,mehmoodabad,Sitapur
Uttar Pradesh,Rice,2021,1,2021-01-01,Milak APMC,1904.06,milak,Rampur
Uttar Pradesh,Rice,2021,1,2021-01-01,Mirzapur APMC,1868.0,mirzapur,Mirzapur
Uttar Pradesh,Rice,2021,1,2021-01-01,Mohamadabad APMC,1868.0,mohamadabad,Farrukhabad
Uttar Pradesh,Rice,2021,1,2021-01-01,Mohammdi APMC,,mohammdi,Kheri
Uttar Pradesh,Rice,2021,1,2021-01-01,Mugrabaadshahpur APMC,1868.0,mugrabaadshahpur,Jaunpur
Uttar Pradesh,Rice,2021,1,2021-01-01,Naanpara APMC,1868.0,naanpara,Bahraich
Uttar Pradesh,Rice,2021,1,2021-01-01,Naugarh APMC,1868.0,naugarh,Siddharthnagar
Uttar Pradesh,Rice,2021,1,2021-01-01,Nautnava APMC,1849.28,nautnava,Maharajganj
Uttar Pradesh,Rice,2021,1,2021-01-01,Nawabganj APMC,1868.0,nawabganj,Gonda
Uttar Pradesh,Rice,2021,1,2021-01-01,Paliakala APMC,1661.04,paliakala,Lakhimpur Kheri
Uttar Pradesh,Rice,2021,1,2021-01-01,Panchpedwa APMC,1859.64,panchpedwa,Balrampur
Uttar Pradesh,Rice,2021,1,2021-01-01,Partaval APMC,1868.0,partaval,Mahrajganj
Uttar Pradesh,Rice,2021,1,2021-01-01,Payagpur APMC,,payagpur,Bahraich
Uttar Pradesh,Rice,2021,1,2021-01-01,Pilibhit APMC,1868.0,pilibhit,Pilibhit
Uttar Pradesh,Rice,2021,1,2021-01-01,Powayan APMC,1868.0,powayan,Shahjahanpur
Uttar Pradesh,Rice,2021,1,2021-01-01,Pratapgarh APMC,1868.0,pratapgarh,Pratapgarh
Uttar Pradesh,Rice,2021,1,2021-01-01,Prayagraj APMC,1868.0,prayagraj,Prayagraj
Uttar Pradesh,Rice,2021,1,2021-01-01,Pukharayan APMC,1868.0,pukharayan,Kanpur Dehat
Uttar Pradesh,Rice,2021,1,2021-01-01,Puranpur APMC,1868.0,puranpur,Pilibhit
Uttar Pradesh,Rice,2021,1,2021-01-01,Purwa APMC,1868.0,purwa,Unnao
Uttar Pradesh,Rice,2021,1,2021-01-01,Raath APMC,1868.0,raath,Hamirpur
Uttar Pradesh,Rice,2021,1,2021-01-01,Raibareilly APMC,1868.0,raibareilly,Rae Bareli
Uttar Pradesh,Rice,2021,1,2021-01-01,Rampur APMC,1902.73,rampur,Rampur
Uttar Pradesh,Rice,2021,1,2021-01-01,Rasda APMC,1849.03,rasda,Ballia
Uttar Pradesh,Rice,2021,1,2021-01-01,Richha APMC,1868.0,richha,Bareilly
Uttar Pradesh,Rice,2021,1,2021-01-01,Rudauli APMC,1868.0,rudauli,Ayodhya
Uttar Pradesh,Rice,2021,1,2021-01-01,Rura APMC,1868.0,rura,Kanpur Dehat
Uttar Pradesh,Rice,2021,1,2021-01-01,Safdarganj APMC,1869.33,safdarganj,Barabanki
Uttar Pradesh,Rice,2021,1,2021-01-01,Sahiyapur APMC,1868.0,sahiyapur,Siddharthnagar
Uttar Pradesh,Rice,2021,1,2021-01-01,Salon APMC,1868.0,salon,Rae Bareli
Uttar Pradesh,Rice,2021,1,2021-01-01,Sambhal APMC,,sambhal,Sambhal
Uttar Pradesh,Rice,2021,1,2021-01-01,Sandi APMC,,sandi,Hardoi
Uttar Pradesh,Rice,2021,1,2021-01-01,Sandila APMC,1868.0,sandila,Hardoi
Uttar Pradesh,Rice,2021,1,2021-01-01,Sehjanwa APMC,1868.0,sehjanwa,Gorakhpur
Uttar Pradesh,Rice,2021,1,2021-01-01,Shahabad APMC,1865.13,shahabad,Hardoi
Uttar Pradesh,Rice,2021,1,2021-01-01,Shahabad(New Mandi) APMC,1868.0,shahabad(new mandi),Hardoi
Uttar Pradesh,Rice,2021,1,2021-01-01,Shahganj APMC,1867.71,shahganj,Jaunpur
Uttar Pradesh,Rice,2021,1,2021-01-01,Shahjahanpur APMC,1868.0,shahjahanpur,Shahjahanpur
Uttar Pradesh,Rice,2021,1,2021-01-01,Shikohabad APMC,,shikohabad,Firozabad
Uttar Pradesh,Rice,2021,1,2021-01-01,Sikandraraau APMC,,sikandraraau,Hathras
Uttar Pradesh,Rice,2021,1,2021-01-01,Sikarpur APMC,,sikarpur,Bulandshahar
Uttar Pradesh,Rice,2021,1,2021-01-01,Sirsa APMC,,sirsa,Gautam Buddha Nagar
Uttar Pradesh,Rice,2021,1,2021-01-01,Sitapur APMC,1651.05,sitapur,Sitapur
Uttar Pradesh,Rice,2021,1,2021-01-01,Sultanpur APMC,1868.0,sultanpur,Amethi
Uttar Pradesh,Rice,2021,1,2021-01-01,Tamkuhi road APMC,,tamkuhi road,Kushinagar
Uttar Pradesh,Rice,2021,1,2021-01-01,Tikonia APMC,,tikonia,Lakhimpur Kheri
Uttar Pradesh,Rice,2021,1,2021-01-01,Tulsipur APMC,1868.0,tulsipur,Balrampur
Uttar Pradesh,Rice,2021,1,2021-01-01,Unnao APMC,1888.03,unnao,Unnao
Uttar Pradesh,Rice,2021,1,2021-01-01,Uttaripura APMC,1599.05,uttaripura,Jaunpur
Uttar Pradesh,Rice,2021,1,2021-01-01,Viswan APMC,1868.0,viswan,Sitapur
Uttar Pradesh,Rice,2021,1,2021-01-01,Wazirganj APMC,1875.19,wazirganj,Budaun
Uttar Pradesh,Rice,2021,1,2021-01-01,Yusufpur APMC,,yusufpur,Ghazipur
Uttar Pradesh,Rice,2021,2,2021-02-01,Achalda APMC,1868.0,achalda,Auraiya
Uttar Pradesh,Rice,2021,2,2021-02-01,Ajuha APMC,1868.0,ajuha,Prayagraj
Uttar Pradesh,Rice,2021,2,2021-02-01,Akbarpur APMC,1868.0,akbarpur,Ambedkarnagar
Uttar Pradesh,Rice,2021,2,2021-02-01,Anandnagar APMC,1868.0,anandnagar,Mahrajganj
Uttar Pradesh,Rice,2021,2,2021-02-01,Atarra APMC,1868.0,atarra,Banda
Uttar Pradesh,Rice,2021,2,2021-02-01,Auraiya APMC,1868.0,auraiya,Auraiya
Uttar Pradesh,Rice,2021,2,2021-02-01,Ayodhya APMC,1868.0,ayodhya,Ayodhya
Uttar Pradesh,Rice,2021,2,2021-02-01,Azamgarh APMC,1868.0,azamgarh,Azamgarh
Uttar Pradesh,Rice,2021,2,2021-02-01,Baberu APMC,1868.0,baberu,Banda
Uttar Pradesh,Rice,2021,2,2021-02-01,Bachranwa APMC,1868.0,bachranwa,Rae Bareli
Uttar Pradesh,Rice,2021,2,2021-02-01,Badayoun APMC,,badayoun,Budaun
Uttar Pradesh,Rice,2021,2,2021-02-01,Badda APMC,,badda,Shahjahanpur
Uttar Pradesh,Rice,2021,2,2021-02-01,Baheri APMC,,baheri,Bareilly
Uttar Pradesh,Rice,2021,2,2021-02-01,Bahraich APMC,1868.0,bahraich,Bahraich
Uttar Pradesh,Rice,2021,2,2021-02-01,Ballia APMC,1868.0,ballia,Ballia
Uttar Pradesh,Rice,2021,2,2021-02-01,Balrampur APMC,1868.0,balrampur,Balrampur
Uttar Pradesh,Rice,2021,2,2021-02-01,Banda APMC,1868.0,banda,Banda
Uttar Pradesh,Rice,2021,2,2021-02-01,Bangarmau APMC,1748.36,bangarmau,Unnao
Uttar Pradesh,Rice,2021,2,2021-02-01,Bansi APMC,1868.0,bansi,Siddharthnagar
Uttar Pradesh,Rice,2021,2,2021-02-01,Banthara APMC,1868.0,banthara,Lucknow
Uttar Pradesh,Rice,2021,2,2021-02-01,Barabanki APMC,1868.0,barabanki,Bara Banki
Uttar Pradesh,Rice,2021,2,2021-02-01,Bareilly APMC,,bareilly,Bareilly
Uttar Pradesh,Rice,2021,2,2021-02-01,Barhaj APMC,1868.0,barhaj,Deoria
Uttar Pradesh,Rice,2021,2,2021-02-01,Baripaal APMC,1868.0,baripaal,Jaunpur
Uttar Pradesh,Rice,2021,2,2021-02-01,Basti APMC,1868.0,basti,Basti
Uttar Pradesh,Rice,2021,2,2021-02-01,Bewar APMC,,bewar,Mainpuri
Uttar Pradesh,Rice,2021,2,2021-02-01,Bharthna APMC,2023.71,bharthna,Etawah
Uttar Pradesh,Rice,2021,2,2021-02-01,Bharuasumerpur APMC,1868.0,bharuasumerpur,Hamirpur
Uttar Pradesh,Rice,2021,2,2021-02-01,Bharwari APMC,,bharwari,Kaushambi
Uttar Pradesh,Rice,2021,2,2021-02-01,Bilaspur APMC,,bilaspur,Rampur
Uttar Pradesh,Rice,2021,2,2021-02-01,Bilsi APMC,,bilsi,Budaun
Uttar Pradesh,Rice,2021,2,2021-02-01,Bindki APMC,1896.86,bindki,Fatehpur
Uttar Pradesh,Rice,2021,2,2021-02-01,Bishalpur APMC,1868.0,bishalpur,Pilibhit
Uttar Pradesh,Rice,2021,2,2021-02-01,Bisoli APMC,,bisoli,Badaun
Uttar Pradesh,Rice,2021,2,2021-02-01,Chandoli APMC,1868.0,chandoli,Chandauli
Uttar Pradesh,Rice,2021,2,2021-02-01,Chhibramau APMC,1868.0,chhibramau,Kannauj
Uttar Pradesh,Rice,2021,2,2021-02-01,Chorichora APMC,1868.0,chorichora,Gorakhpur
Uttar Pradesh,Rice,2021,2,2021-02-01,Choubepur APMC,1900.53,choubepur,Jaunpur
Uttar Pradesh,Rice,2021,2,2021-02-01,Colonelganj APMC,,colonelganj,Gonda
Uttar Pradesh,Rice,2021,2,2021-02-01,Dataganj APMC,1639.33,dataganj,Badaun
Uttar Pradesh,Rice,2021,2,2021-02-01,Devariya APMC,1868.0,devariya,Deoria
Uttar Pradesh,Rice,2021,2,2021-02-01,Dibiapur APMC,1342.97,dibiapur,Auraiya
Uttar Pradesh,Rice,2021,2,2021-02-01,Doharighat APMC,,doharighat,Azamgarh
Uttar Pradesh,Rice,2021,2,2021-02-01,Etawah APMC,2025.43,etawah,Etawah
Uttar Pradesh,Rice,2021,2,2021-02-01,Farukhabad APMC,1878.77,farukhabad,Farrukhabad
Uttar Pradesh,Rice,2021,2,2021-02-01,Fatehpur APMC,1868.0,fatehpur,Fatehpur
Uttar Pradesh,Rice,2021,2,2021-02-01,Gadaura APMC,1526.23,gadaura,Maharajganj
Uttar Pradesh,Rice,2021,2,2021-02-01,Golagokarnath APMC,1656.16,golagokarnath,Lalitpur
Uttar Pradesh,Rice,2021,2,2021-02-01,Gonda APMC,1868.0,gonda,Gonda
Uttar Pradesh,Rice,2021,2,2021-02-01,Gopiganj APMC,,gopiganj,Bhadohi
Uttar Pradesh,Rice,2021,2,2021-02-01,Gorakhpur APMC,1868.0,gorakhpur,Gorakhpur
Uttar Pradesh,Rice,2021,2,2021-02-01,Hardoi APMC,1599.64,hardoi,Hardoi
Uttar Pradesh,Rice,2021,2,2021-02-01,Hargaon (Laharpur) APMC,1868.0,hargaon (laharpur),Sitapur
Uttar Pradesh,Rice,2021,2,2021-02-01,Jafarganj APMC,1868.0,jafarganj,Amethi
Uttar Pradesh,Rice,2021,2,2021-02-01,Jahanabad APMC,,jahanabad,Fatehpur
Uttar Pradesh,Rice,2021,2,2021-02-01,Jangipura APMC,,jangipura,Ghazipur
Uttar Pradesh,Rice,2021,2,2021-02-01,Jasra APMC,,jasra,Prayagraj
Uttar Pradesh,Rice,2021,2,2021-02-01,Jasvantnagar APMC,,jasvantnagar,Etawah
Uttar Pradesh,Rice,2021,2,2021-02-01,Jaunpur APMC,,jaunpur,Jaunpur
Uttar Pradesh,Rice,2021,2,2021-02-01,Jayas APMC,1795.41,jayas,Rae Bareli
Uttar Pradesh,Rice,2021,2,2021-02-01,Jhijhank APMC,1868.0,jhijhank,Kanpur Dehat
Uttar Pradesh,Rice,2021,2,2021-02-01,Kamlaganj APMC,,kamlaganj,Farrukhabad
Uttar Pradesh,Rice,2021,2,2021-02-01,Kannauj APMC,1868.0,kannauj,Kannauj
Uttar Pradesh,Rice,2021,2,2021-02-01,Kanpur(Grain) APMC,1868.0,kanpur(grain),Jaunpur
Uttar Pradesh,Rice,2021,2,2021-02-01,Karvi APMC,1868.0,karvi,Chitrakoot
Uttar Pradesh,Rice,2021,2,2021-02-01,Kayamganj APMC,1990.2,kayamganj,Farrukhabad
Uttar Pradesh,Rice,2021,2,2021-02-01,Khaga APMC,1750.0,khaga,Fatehpur
Uttar Pradesh,Rice,2021,2,2021-02-01,Khalilabad APMC,1868.0,khalilabad,Sant Kabir Nagar
Uttar Pradesh,Rice,2021,2,2021-02-01,Kishunpur APMC,1400.0,kishunpur,Bahraich
Uttar Pradesh,Rice,2021,2,2021-02-01,Kopaganj APMC,1868.0,kopaganj,
Uttar Pradesh,Rice,2021,2,2021-02-01,Kurara APMC,1900.0,kurara,Hamirpur
Uttar Pradesh,Rice,2021,2,2021-02-01,Lakhimpur APMC,1655.79,lakhimpur,Lalitpur
Uttar Pradesh,Rice,2021,2,2021-02-01,Lalganj APMC,1868.0,lalganj,Rae Bareli
Uttar Pradesh,Rice,2021,2,2021-02-01,Lucknow APMC,1867.36,lucknow,Lucknow
Uttar Pradesh,Rice,2021,2,2021-02-01,Madhoganj APMC,1592.84,madhoganj,Hardoi
Uttar Pradesh,Rice,2021,2,2021-02-01,Maharajganj APMC,1855.95,maharajganj,Rae Bareli
Uttar Pradesh,Rice,2021,2,2021-02-01,Maigalganj APMC,1621.54,maigalganj,Gorakhpur
Uttar Pradesh,Rice,2021,2,2021-02-01,Mau(Chitrakut) APMC,,mau(chitrakut),Chitrakut
Uttar Pradesh,Rice,2021,2,2021-02-01,Mehmoodabad APMC,1409.67,mehmoodabad,Sitapur
Uttar Pradesh,Rice,2021,2,2021-02-01,Milak APMC,1905.2,milak,Rampur
Uttar Pradesh,Rice,2021,2,2021-02-01,Mirzapur APMC,1868.0,mirzapur,Mirzapur
Uttar Pradesh,Rice,2021,2,2021-02-01,Mohamadabad APMC,1868.0,mohamadabad,Farrukhabad
Uttar Pradesh,Rice,2021,2,2021-02-01,Mugrabaadshahpur APMC,1868.0,mugrabaadshahpur,Jaunpur
Uttar Pradesh,Rice,2021,2,2021-02-01,Naanpara APMC,1868.0,naanpara,Bahraich
Uttar Pradesh,Rice,2021,2,2021-02-01,Naugarh APMC,1868.0,naugarh,Siddharthnagar
Uttar Pradesh,Rice,2021,2,2021-02-01,Nautnava APMC,,nautnava,Maharajganj
Uttar Pradesh,Rice,2021,2,2021-02-01,Nawabganj APMC,1868.0,nawabganj,Gonda
Uttar Pradesh,Rice,2021,2,2021-02-01,Paliakala APMC,1613.37,paliakala,Lakhimpur Kheri
Uttar Pradesh,Rice,2021,2,2021-02-01,Panchpedwa APMC,1750.83,panchpedwa,Balrampur
Uttar Pradesh,Rice,2021,2,2021-02-01,Partaval APMC,1868.0,partaval,Mahrajganj
Uttar Pradesh,Rice,2021,2,2021-02-01,Payagpur APMC,,payagpur,Bahraich
Uttar Pradesh,Rice,2021,2,2021-02-01,Pilibhit APMC,1868.0,pilibhit,Pilibhit
Uttar Pradesh,Rice,2021,2,2021-02-01,Powayan APMC,1854.54,powayan,Shahjahanpur
Uttar Pradesh,Rice,2021,2,2021-02-01,Pratapgarh APMC,1868.0,pratapgarh,Pratapgarh
Uttar Pradesh,Rice,2021,2,2021-02-01,Prayagraj APMC,,prayagraj,Prayagraj
Uttar Pradesh,Rice,2021,2,2021-02-01,Pukharayan APMC,1868.0,pukharayan,Kanpur Dehat
Uttar Pradesh,Rice,2021,2,2021-02-01,Puranpur APMC,1868.0,puranpur,Pilibhit
Uttar Pradesh,Rice,2021,2,2021-02-01,Purwa APMC,1756.73,purwa,Unnao
Uttar Pradesh,Rice,2021,2,2021-02-01,Raath APMC,1868.0,raath,Hamirpur
Uttar Pradesh,Rice,2021,2,2021-02-01,Raibareilly APMC,1816.12,raibareilly,Rae Bareli
Uttar Pradesh,Rice,2021,2,2021-02-01,Rampur APMC,1903.33,rampur,Rampur
Uttar Pradesh,Rice,2021,2,2021-02-01,Rasda APMC,1868.0,rasda,Ballia
Uttar Pradesh,Rice,2021,2,2021-02-01,Richha APMC,1868.0,richha,Bareilly
Uttar Pradesh,Rice,2021,2,2021-02-01,Rudauli APMC,1868.0,rudauli,Ayodhya
Uttar Pradesh,Rice,2021,2,2021-02-01,Rura APMC,1830.5,rura,Kanpur Dehat
Uttar Pradesh,Rice,2021,2,2021-02-01,Safdarganj APMC,1868.0,safdarganj,Barabanki
Uttar Pradesh,Rice,2021,2,2021-02-01,Sahiyapur APMC,1868.0,sahiyapur,Siddharthnagar
Uttar Pradesh,Rice,2021,2,2021-02-01,Salon APMC,1868.0,salon,Rae Bareli
Uttar Pradesh,Rice,2021,2,2021-02-01,Sandi APMC,,sandi,Hardoi
Uttar Pradesh,Rice,2021,2,2021-02-01,Sandila APMC,1599.69,sandila,Hardoi
Uttar Pradesh,Rice,2021,2,2021-02-01,Sehjanwa APMC,1868.0,sehjanwa,Gorakhpur
Uttar Pradesh,Rice,2021,2,2021-02-01,Shahabad APMC,,shahabad,Hardoi
Uttar Pradesh,Rice,2021,2,2021-02-01,Shahabad(New Mandi) APMC,1616.48,shahabad(new mandi),Hardoi
Uttar Pradesh,Rice,2021,2,2021-02-01,Shahganj APMC,1868.0,shahganj,Jaunpur
Uttar Pradesh,Rice,2021,2,2021-02-01,Shahjahanpur APMC,,shahjahanpur,Shahjahanpur
Uttar Pradesh,Rice,2021,2,2021-02-01,Sirsa APMC,,sirsa,Gautam Buddha Nagar
Uttar Pradesh,Rice,2021,2,2021-02-01,Sitapur APMC,1452.66,sitapur,Sitapur
Uttar Pradesh,Rice,2021,2,2021-02-01,Sultanpur APMC,1868.0,sultanpur,Amethi
Uttar Pradesh,Rice,2021,2,2021-02-01,Tamkuhi road APMC,,tamkuhi road,Kushinagar
Uttar Pradesh,Rice,2021,2,2021-02-01,Tikonia APMC,,tikonia,Lakhimpur Kheri
Uttar Pradesh,Rice,2021,2,2021-02-01,Tulsipur APMC,1868.0,tulsipur,Balrampur
Uttar Pradesh,Rice,2021,2,2021-02-01,Unnao APMC,1784.39,unnao,Unnao
Uttar Pradesh,Rice,2021,2,2021-02-01,Uttaripura APMC,1692.41,uttaripura,Jaunpur
Uttar Pradesh,Rice,2021,2,2021-02-01,Viswan APMC,1868.0,viswan,Sitapur
Uttar Pradesh,Rice,2021,2,2021-02-01,Wazirganj APMC,1875.33,wazirganj,Budaun
Uttar Pradesh,Rice,2021,2,2021-02-01,Yusufpur APMC,,yusufpur,Ghazipur
Uttar Pradesh,Rice,2021,3,2021-03-01,Achalda APMC,,achalda,Auraiya
Uttar Pradesh,Rice,2021,3,2021-03-01,Ajuha APMC,1868.0,ajuha,Prayagraj
Uttar Pradesh,Rice,2021,3,2021-03-01,Akbarpur APMC,,akbarpur,Ambedkarnagar
Uttar Pradesh,Rice,2021,3,2021-03-01,Anandnagar APMC,1618.15,anandnagar,Mahrajganj
Uttar Pradesh,Rice,2021,3,2021-03-01,Atarra APMC,,atarra,Banda
Uttar Pradesh,Rice,2021,3,2021-03-01,Auraiya APMC,,auraiya,Auraiya
Uttar Pradesh,Rice,2021,3,2021-03-01,Ayodhya APMC,,ayodhya,Ayodhya
Uttar Pradesh,Rice,2021,3,2021-03-01,Azamgarh APMC,1666.83,azamgarh,Azamgarh
Uttar Pradesh,Rice,2021,3,2021-03-01,Baberu APMC,,baberu,Banda
Uttar Pradesh,Rice,2021,3,2021-03-01,Bachranwa APMC,1450.0,bachranwa,Rae Bareli
Uttar Pradesh,Rice,2021,3,2021-03-01,Bahraich APMC,1455.63,bahraich,Bahraich
Uttar Pradesh,Rice,2021,3,2021-03-01,Ballia APMC,1868.0,ballia,Ballia
Uttar Pradesh,Rice,2021,3,2021-03-01,Balrampur APMC,1425.12,balrampur,Balrampur
Uttar Pradesh,Rice,2021,3,2021-03-01,Banda APMC,,banda,Banda
Uttar Pradesh,Rice,2021,3,2021-03-01,Bangarmau APMC,1433.33,bangarmau,Unnao
Uttar Pradesh,Rice,2021,3,2021-03-01,Bansi APMC,1600.0,bansi,Siddharthnagar
Uttar Pradesh,Rice,2021,3,2021-03-01,Banthara APMC,,banthara,Lucknow
Uttar Pradesh,Rice,2021,3,2021-03-01,Barabanki APMC,,barabanki,Bara Banki
Uttar Pradesh,Rice,2021,3,2021-03-01,Bareilly APMC,,bareilly,Bareilly
Uttar Pradesh,Rice,2021,3,2021-03-01,Barhaj APMC,1652.62,barhaj,Deoria
Uttar Pradesh,Rice,2021,3,2021-03-01,Baripaal APMC,1475.8,baripaal,Jaunpur
Uttar Pradesh,Rice,2021,3,2021-03-01,Basti APMC,1646.24,basti,Basti
Uttar Pradesh,Rice,2021,3,2021-03-01,Bharthna APMC,2197.68,bharthna,Etawah
Uttar Pradesh,Rice,2021,3,2021-03-01,Bharuasumerpur APMC,,bharuasumerpur,Hamirpur
Uttar Pradesh,Rice,2021,3,2021-03-01,Bharwari APMC,1400.0,bharwari,Kaushambi
Uttar Pradesh,Rice,2021,3,2021-03-01,Bindki APMC,1755.94,bindki,Fatehpur
Uttar Pradesh,Rice,2021,3,2021-03-01,Bishalpur APMC,,bishalpur,Pilibhit
Uttar Pradesh,Rice,2021,3,2021-03-01,Chandoli APMC,1869.27,chandoli,Chandauli
Uttar Pradesh,Rice,2021,3,2021-03-01,Chhibramau APMC,,chhibramau,Kannauj
Uttar Pradesh,Rice,2021,3,2021-03-01,Chorichora APMC,1669.19,chorichora,Gorakhpur
Uttar Pradesh,Rice,2021,3,2021-03-01,Choubepur APMC,1900.0,choubepur,Jaunpur
Uttar Pradesh,Rice,2021,3,2021-03-01,Dataganj APMC,1639.32,dataganj,Badaun
Uttar Pradesh,Rice,2021,3,2021-03-01,Devariya APMC,1648.07,devariya,Deoria
Uttar Pradesh,Rice,2021,3,2021-03-01,Dibiapur APMC,1320.43,dibiapur,Auraiya
Uttar Pradesh,Rice,2021,3,2021-03-01,Etawah APMC,,etawah,Etawah
Uttar Pradesh,Rice,2021,3,2021-03-01,Farukhabad APMC,,farukhabad,Farrukhabad
Uttar Pradesh,Rice,2021,3,2021-03-01,Fatehpur APMC,1621.52,fatehpur,Fatehpur
Uttar Pradesh,Rice,2021,3,2021-03-01,Gadaura APMC,,gadaura,Maharajganj
Uttar Pradesh,Rice,2021,3,2021-03-01,Golagokarnath APMC,1630.0,golagokarnath,Lalitpur
Uttar Pradesh,Rice,2021,3,2021-03-01,Gonda APMC,1527.21,gonda,Gonda
Uttar Pradesh,Rice,2021,3,2021-03-01,Gorakhpur APMC,1665.81,gorakhpur,Gorakhpur
Uttar Pradesh,Rice,2021,3,2021-03-01,Hardoi APMC,1490.73,hardoi,Hardoi
Uttar Pradesh,Rice,2021,3,2021-03-01,Hargaon (Laharpur) APMC,,hargaon (laharpur),Sitapur
Uttar Pradesh,Rice,2021,3,2021-03-01,Jafarganj APMC,1313.73,jafarganj,Amethi
Uttar Pradesh,Rice,2021,3,2021-03-01,Jasra APMC,,jasra,Prayagraj
Uttar Pradesh,Rice,2021,3,2021-03-01,Jaunpur APMC,,jaunpur,Jaunpur
Uttar Pradesh,Rice,2021,3,2021-03-01,Jayas APMC,1486.21,jayas,Rae Bareli
Uttar Pradesh,Rice,2021,3,2021-03-01,Jhijhank APMC,,jhijhank,Kanpur Dehat
Uttar Pradesh,Rice,2021,3,2021-03-01,Kamlaganj APMC,,kamlaganj,Farrukhabad
Uttar Pradesh,Rice,2021,3,2021-03-01,Kannauj APMC,,kannauj,Kannauj
Uttar Pradesh,Rice,2021,3,2021-03-01,Kanpur(Grain) APMC,,kanpur(grain),Jaunpur
Uttar Pradesh,Rice,2021,3,2021-03-01,Karvi APMC,,karvi,Chitrakoot
Uttar Pradesh,Rice,2021,3,2021-03-01,Kayamganj APMC,,kayamganj,Farrukhabad
Uttar Pradesh,Rice,2021,3,2021-03-01,Khaga APMC,,khaga,Fatehpur
Uttar Pradesh,Rice,2021,3,2021-03-01,Khalilabad APMC,1635.66,khalilabad,Sant Kabir Nagar
Uttar Pradesh,Rice,2021,3,2021-03-01,Kishunpur APMC,1400.0,kishunpur,Bahraich
Uttar Pradesh,Rice,2021,3,2021-03-01,Kopaganj APMC,1675.3,kopaganj,
Uttar Pradesh,Rice,2021,3,2021-03-01,Kurara APMC,,kurara,Hamirpur
Uttar Pradesh,Rice,2021,3,2021-03-01,Lakhimpur APMC,1645.03,lakhimpur,Lalitpur
Uttar Pradesh,Rice,2021,3,2021-03-01,Lalganj APMC,1472.87,lalganj,Rae Bareli
Uttar Pradesh,Rice,2021,3,2021-03-01,Lucknow APMC,,lucknow,Lucknow
Uttar Pradesh,Rice,2021,3,2021-03-01,Madhoganj APMC,1483.67,madhoganj,Hardoi
Uttar Pradesh,Rice,2021,3,2021-03-01,Maharajganj APMC,1847.63,maharajganj,Rae Bareli
Uttar Pradesh,Rice,2021,3,2021-03-01,Maigalganj APMC,1531.41,maigalganj,Gorakhpur
Uttar Pradesh,Rice,2021,3,2021-03-01,Mehmoodabad APMC,1293.24,mehmoodabad,Sitapur
Uttar Pradesh,Rice,2021,3,2021-03-01,Milak APMC,1944.85,milak,Rampur
Uttar Pradesh,Rice,2021,3,2021-03-01,Mirzapur APMC,,mirzapur,Mirzapur
Uttar Pradesh,Rice,2021,3,2021-03-01,Mohamadabad APMC,1523.68,mohamadabad,Farrukhabad
Uttar Pradesh,Rice,2021,3,2021-03-01,Mugrabaadshahpur APMC,,mugrabaadshahpur,Jaunpur
Uttar Pradesh,Rice,2021,3,2021-03-01,Naanpara APMC,1447.66,naanpara,Bahraich
Uttar Pradesh,Rice,2021,3,2021-03-01,Naugarh APMC,1638.95,naugarh,Siddharthnagar
Uttar Pradesh,Rice,2021,3,2021-03-01,Nautnava APMC,,nautnava,Maharajganj
Uttar Pradesh,Rice,2021,3,2021-03-01,Nawabganj APMC,1587.69,nawabganj,Gonda
Uttar Pradesh,Rice,2021,3,2021-03-01,Paliakala APMC,1593.19,paliakala,Lakhimpur Kheri
Uttar Pradesh,Rice,2021,3,2021-03-01,Panchpedwa APMC,1180.0,panchpedwa,Balrampur
Uttar Pradesh,Rice,2021,3,2021-03-01,Partaval APMC,1637.22,partaval,Mahrajganj
Uttar Pradesh,Rice,2021,3,2021-03-01,Payagpur APMC,,payagpur,Bahraich
Uttar Pradesh,Rice,2021,3,2021-03-01,Pilibhit APMC,,pilibhit,Pilibhit
Uttar Pradesh,Rice,2021,3,2021-03-01,Powayan APMC,,powayan,Shahjahanpur
Uttar Pradesh,Rice,2021,3,2021-03-01,Pratapgarh APMC,,pratapgarh,Pratapgarh
Uttar Pradesh,Rice,2021,3,2021-03-01,Prayagraj APMC,,prayagraj,Prayagraj
Uttar Pradesh,Rice,2021,3,2021-03-01,Pukharayan APMC,,pukharayan,Kanpur Dehat
Uttar Pradesh,Rice,2021,3,2021-03-01,Puranpur APMC,,puranpur,Pilibhit
Uttar Pradesh,Rice,2021,3,2021-03-01,Purwa APMC,1441.82,purwa,Unnao
Uttar Pradesh,Rice,2021,3,2021-03-01,Raath APMC,,raath,Hamirpur
Uttar Pradesh,Rice,2021,3,2021-03-01,Raibareilly APMC,1481.97,raibareilly,Rae Bareli
Uttar Pradesh,Rice,2021,3,2021-03-01,Rampur APMC,,rampur,Rampur
Uttar Pradesh,Rice,2021,3,2021-03-01,Rasda APMC,,rasda,Ballia
Uttar Pradesh,Rice,2021,3,2021-03-01,Richha APMC,1868.0,richha,Bareilly
Uttar Pradesh,Rice,2021,3,2021-03-01,Rudauli APMC,,rudauli,Ayodhya
Uttar Pradesh,Rice,2021,3,2021-03-01,Rura APMC,1357.39,rura,Kanpur Dehat
Uttar Pradesh,Rice,2021,3,2021-03-01,Safdarganj APMC,,safdarganj,Barabanki
Uttar Pradesh,Rice,2021,3,2021-03-01,Sahiyapur APMC,1660.44,sahiyapur,Siddharthnagar
Uttar Pradesh,Rice,2021,3,2021-03-01,Salon APMC,1844.99,salon,Rae Bareli
Uttar Pradesh,Rice,2021,3,2021-03-01,Sandila APMC,1477.48,sandila,Hardoi
Uttar Pradesh,Rice,2021,3,2021-03-01,Sehjanwa APMC,1623.14,sehjanwa,Gorakhpur
Uttar Pradesh,Rice,2021,3,2021-03-01,Shahabad(New Mandi) APMC,1483.41,shahabad(new mandi),Hardoi
Uttar Pradesh,Rice,2021,3,2021-03-01,Shahganj APMC,,shahganj,Jaunpur
Uttar Pradesh,Rice,2021,3,2021-03-01,Shahjahanpur APMC,,shahjahanpur,Shahjahanpur
Uttar Pradesh,Rice,2021,3,2021-03-01,Sirsa APMC,,sirsa,Gautam Buddha Nagar
Uttar Pradesh,Rice,2021,3,2021-03-01,Sitapur APMC,1293.73,sitapur,Sitapur
Uttar Pradesh,Rice,2021,3,2021-03-01,Sultanpur APMC,1543.24,sultanpur,Amethi
Uttar Pradesh,Rice,2021,3,2021-03-01,Tikonia APMC,,tikonia,Lakhimpur Kheri
Uttar Pradesh,Rice,2021,3,2021-03-01,Tulsipur APMC,1464.17,tulsipur,Balrampur
Uttar Pradesh,Rice,2021,3,2021-03-01,Unnao APMC,1412.96,unnao,Unnao
Uttar Pradesh,Rice,2021,3,2021-03-01,Uttaripura APMC,,uttaripura,Jaunpur
Uttar Pradesh,Rice,2021,3,2021-03-01,Viswan APMC,,viswan,Sitapur
Uttar Pradesh,Rice,2021,3,2021-03-01,Wazirganj APMC,1782.39,wazirganj,Budaun
Uttar Pradesh,Rice,2021,4,2021-04-01,Ajuha APMC,,ajuha,Prayagraj
Uttar Pradesh,Rice,2021,4,2021-04-01,Anandnagar APMC,,anandnagar,Mahrajganj
Uttar Pradesh,Rice,2021,4,2021-04-01,Ayodhya APMC,,ayodhya,Ayodhya
Uttar Pradesh,Rice,2021,4,2021-04-01,Azamgarh APMC,,azamgarh,Azamgarh
Uttar Pradesh,Rice,2021,4,2021-04-01,Bachranwa APMC,1470.0,bachranwa,Rae Bareli
Uttar Pradesh,Rice,2021,4,2021-04-01,Baheri APMC,,baheri,Bareilly
Uttar Pradesh,Rice,2021,4,2021-04-01,Bahraich APMC,1515.5,bahraich,Bahraich
Uttar Pradesh,Rice,2021,4,2021-04-01,Ballia APMC,,ballia,Ballia
Uttar Pradesh,Rice,2021,4,2021-04-01,Balrampur APMC,1551.16,balrampur,Balrampur
Uttar Pradesh,Rice,2021,4,2021-04-01,Bangarmau APMC,,bangarmau,Unnao
Uttar Pradesh,Rice,2021,4,2021-04-01,Bansi APMC,,bansi,Siddharthnagar
Uttar Pradesh,Rice,2021,4,2021-04-01,Barhaj APMC,,barhaj,Deoria
Uttar Pradesh,Rice,2021,4,2021-04-01,Baripaal APMC,,baripaal,Jaunpur
Uttar Pradesh,Rice,2021,4,2021-04-01,Basti APMC,1551.71,basti,Basti
Uttar Pradesh,Rice,2021,4,2021-04-01,Bharthna APMC,2234.62,bharthna,Etawah
Uttar Pradesh,Rice,2021,4,2021-04-01,Bharwari APMC,1400.0,bharwari,Kaushambi
Uttar Pradesh,Rice,2021,4,2021-04-01,Bindki APMC,1540.12,bindki,Fatehpur
Uttar Pradesh,Rice,2021,4,2021-04-01,Chandoli APMC,,chandoli,Chandauli
Uttar Pradesh,Rice,2021,4,2021-04-01,Chorichora APMC,,chorichora,Gorakhpur
Uttar Pradesh,Rice,2021,4,2021-04-01,Choubepur APMC,,choubepur,Jaunpur
Uttar Pradesh,Rice,2021,4,2021-04-01,Dataganj APMC,1639.31,dataganj,Badaun
Uttar Pradesh,Rice,2021,4,2021-04-01,Devariya APMC,,devariya,Deoria
Uttar Pradesh,Rice,2021,4,2021-04-01,Dibiapur APMC,,dibiapur,Auraiya
Uttar Pradesh,Rice,2021,4,2021-04-01,Fatehpur APMC,1535.0,fatehpur,Fatehpur
Uttar Pradesh,Rice,2021,4,2021-04-01,Gadaura APMC,,gadaura,Maharajganj
Uttar Pradesh,Rice,2021,4,2021-04-01,Golagokarnath APMC,1539.88,golagokarnath,Lalitpur
Uttar Pradesh,Rice,2021,4,2021-04-01,Gonda APMC,1500.0,gonda,Gonda
Uttar Pradesh,Rice,2021,4,2021-04-01,Gorakhpur APMC,,gorakhpur,Gorakhpur
Uttar Pradesh,Rice,2021,4,2021-04-01,Hardoi APMC,1584.24,hardoi,Hardoi
Uttar Pradesh,Rice,2021,4,2021-04-01,Jafarganj APMC,1352.11,jafarganj,Amethi
Uttar Pradesh,Rice,2021,4,2021-04-01,Jayas APMC,1492.83,jayas,Rae Bareli
Uttar Pradesh,Rice,2021,4,2021-04-01,Khalilabad APMC,1648.62,khalilabad,Sant Kabir Nagar
Uttar Pradesh,Rice,2021,4,2021-04-01,Kishunpur APMC,,kishunpur,Bahraich
Uttar Pradesh,Rice,2021,4,2021-04-01,Kopaganj APMC,,kopaganj,
Uttar Pradesh,Rice,2021,4,2021-04-01,Lakhimpur APMC,1576.32,lakhimpur,Lalitpur
Uttar Pradesh,Rice,2021,4,2021-04-01,Lalganj APMC,1475.79,lalganj,Rae Bareli
Uttar Pradesh,Rice,2021,4,2021-04-01,Madhoganj APMC,1527.5,madhoganj,Hardoi
Uttar Pradesh,Rice,2021,4,2021-04-01,Maharajganj APMC,1748.29,maharajganj,Rae Bareli
Uttar Pradesh,Rice,2021,4,2021-04-01,Maigalganj APMC,1479.04,maigalganj,Gorakhpur
Uttar Pradesh,Rice,2021,4,2021-04-01,Mehmoodabad APMC,,mehmoodabad,Sitapur
Uttar Pradesh,Rice,2021,4,2021-04-01,Milak APMC,1900.0,milak,Rampur
Uttar Pradesh,Rice,2021,4,2021-04-01,Mohamadabad APMC,,mohamadabad,Farrukhabad
Uttar Pradesh,Rice,2021,4,2021-04-01,Naanpara APMC,1510.69,naanpara,Bahraich
Uttar Pradesh,Rice,2021,4,2021-04-01,Naugarh APMC,,naugarh,Siddharthnagar
Uttar Pradesh,Rice,2021,4,2021-04-01,Nautnava APMC,,nautnava,Maharajganj
Uttar Pradesh,Rice,2021,4,2021-04-01,Nawabganj APMC,,nawabganj,Gonda
Uttar Pradesh,Rice,2021,4,2021-04-01,Paliakala APMC,1515.46,paliakala,Lakhimpur Kheri
Uttar Pradesh,Rice,2021,4,2021-04-01,Panchpedwa APMC,,panchpedwa,Balrampur
Uttar Pradesh,Rice,2021,4,2021-04-01,Partaval APMC,1630.01,partaval,Mahrajganj
Uttar Pradesh,Rice,2021,4,2021-04-01,Payagpur APMC,,payagpur,Bahraich
Uttar Pradesh,Rice,2021,4,2021-04-01,Pilibhit APMC,,pilibhit,Pilibhit
Uttar Pradesh,Rice,2021,4,2021-04-01,Pratapgarh APMC,,pratapgarh,Pratapgarh
Uttar Pradesh,Rice,2021,4,2021-04-01,Puranpur APMC,,puranpur,Pilibhit
Uttar Pradesh,Rice,2021,4,2021-04-01,Purwa APMC,,purwa,Unnao
Uttar Pradesh,Rice,2021,4,2021-04-01,Raibareilly APMC,1485.04,raibareilly,Rae Bareli
Uttar Pradesh,Rice,2021,4,2021-04-01,Richha APMC,1868.0,richha,Bareilly
Uttar Pradesh,Rice,2021,4,2021-04-01,Rudauli APMC,,rudauli,Ayodhya
Uttar Pradesh,Rice,2021,4,2021-04-01,Rura APMC,,rura,Kanpur Dehat
Uttar Pradesh,Rice,2021,4,2021-04-01,Sahiyapur APMC,,sahiyapur,Siddharthnagar
Uttar Pradesh,Rice,2021,4,2021-04-01,Salon APMC,1718.72,salon,Rae Bareli
Uttar Pradesh,Rice,2021,4,2021-04-01,Sandila APMC,1538.06,sandila,Hardoi
Uttar Pradesh,Rice,2021,4,2021-04-01,Sehjanwa APMC,1579.86,sehjanwa,Gorakhpur
Uttar Pradesh,Rice,2021,4,2021-04-01,Shahabad(New Mandi) APMC,1585.56,shahabad(new mandi),Hardoi
Uttar Pradesh,Rice,2021,4,2021-04-01,Sirsa APMC,,sirsa,Gautam Buddha Nagar
Uttar Pradesh,Rice,2021,4,2021-04-01,Sitapur APMC,1320.58,sitapur,Sitapur
Uttar Pradesh,Rice,2021,4,2021-04-01,Sultanpur APMC,1450.0,sultanpur,Amethi
Uttar Pradesh,Rice,2021,4,2021-04-01,Tulsipur APMC,1525.94,tulsipur,Balrampur
Uttar Pradesh,Rice,2021,4,2021-04-01,Unnao APMC,,unnao,Unnao
Uttar Pradesh,Rice,2021,4,2021-04-01,Uttaripura APMC,,uttaripura,Jaunpur
Uttar Pradesh,Rice,2021,4,2021-04-01,Wazirganj APMC,1716.67,wazirganj,Budaun
Uttar Pradesh,Rice,2021,5,2021-05-01,Atarra APMC,,atarra,Banda
Uttar Pradesh,Rice,2021,5,2021-05-01,Ayodhya APMC,,ayodhya,Ayodhya
Uttar Pradesh,Rice,2021,5,2021-05-01,Bachranwa APMC,1500.0,bachranwa,Rae Bareli
Uttar Pradesh,Rice,2021,5,2021-05-01,Bahraich APMC,,bahraich,Bahraich
Uttar Pradesh,Rice,2021,5,2021-05-01,Balrampur APMC,,balrampur,Balrampur
Uttar Pradesh,Rice,2021,5,2021-05-01,Baripaal APMC,,baripaal,Jaunpur
Uttar Pradesh,Rice,2021,5,2021-05-01,Basti APMC,1530.63,basti,Basti
Uttar Pradesh,Rice,2021,5,2021-05-01,Bharthna APMC,,bharthna,Etawah
Uttar Pradesh,Rice,2021,5,2021-05-01,Bharwari APMC,,bharwari,Kaushambi
Uttar Pradesh,Rice,2021,5,2021-05-01,Bindki APMC,,bindki,Fatehpur
Uttar Pradesh,Rice,2021,5,2021-05-01,Chorichora APMC,,chorichora,Gorakhpur
Uttar Pradesh,Rice,2021,5,2021-05-01,Choubepur APMC,,choubepur,Jaunpur
Uttar Pradesh,Rice,2021,5,2021-05-01,Dataganj APMC,,dataganj,Badaun
Uttar Pradesh,Rice,2021,5,2021-05-01,Devariya APMC,,devariya,Deoria
Uttar Pradesh,Rice,2021,5,2021-05-01,Fatehpur APMC,,fatehpur,Fatehpur
Uttar Pradesh,Rice,2021,5,2021-05-01,Gadaura APMC,,gadaura,Maharajganj
Uttar Pradesh,Rice,2021,5,2021-05-01,Golagokarnath APMC,1453.81,golagokarnath,Lalitpur
Uttar Pradesh,Rice,2021,5,2021-05-01,Gonda APMC,1481.41,gonda,Gonda
Uttar Pradesh,Rice,2021,5,2021-05-01,Gorakhpur APMC,,gorakhpur,Gorakhpur
Uttar Pradesh,Rice,2021,5,2021-05-01,Hardoi APMC,1572.27,hardoi,Hardoi
Uttar Pradesh,Rice,2021,5,2021-05-01,Jafarganj APMC,,jafarganj,Amethi
Uttar Pradesh,Rice,2021,5,2021-05-01,Jayas APMC,1500.0,jayas,Rae Bareli
Uttar Pradesh,Rice,2021,5,2021-05-01,Khalilabad APMC,1725.0,khalilabad,Sant Kabir Nagar
Uttar Pradesh,Rice,2021,5,2021-05-01,Lakhimpur APMC,1461.53,lakhimpur,Lalitpur
Uttar Pradesh,Rice,2021,5,2021-05-01,Lalganj APMC,,lalganj,Rae Bareli
Uttar Pradesh,Rice,2021,5,2021-05-01,Madhoganj APMC,1510.04,madhoganj,Hardoi
Uttar Pradesh,Rice,2021,5,2021-05-01,Maharajganj APMC,,maharajganj,Rae Bareli
Uttar Pradesh,Rice,2021,5,2021-05-01,Maigalganj APMC,1399.95,maigalganj,Gorakhpur
Uttar Pradesh,Rice,2021,5,2021-05-01,Milak APMC,,milak,Rampur
Uttar Pradesh,Rice,2021,5,2021-05-01,Naanpara APMC,,naanpara,Bahraich
Uttar Pradesh,Rice,2021,5,2021-05-01,Naugarh APMC,1750.0,naugarh,Siddharthnagar
Uttar Pradesh,Rice,2021,5,2021-05-01,Nautnava APMC,1950.0,nautnava,Maharajganj
Uttar Pradesh,Rice,2021,5,2021-05-01,Paliakala APMC,1436.94,paliakala,Lakhimpur Kheri
Uttar Pradesh,Rice,2021,5,2021-05-01,Partaval APMC,1150.0,partaval,Mahrajganj
Uttar Pradesh,Rice,2021,5,2021-05-01,Payagpur APMC,,payagpur,Bahraich
Uttar Pradesh,Rice,2021,5,2021-05-01,Pratapgarh APMC,,pratapgarh,Pratapgarh
Uttar Pradesh,Rice,2021,5,2021-05-01,Raibareilly APMC,1480.0,raibareilly,Rae Bareli
Uttar Pradesh,Rice,2021,5,2021-05-01,Richha APMC,,richha,Bareilly
Uttar Pradesh,Rice,2021,5,2021-05-01,Safdarganj APMC,,safdarganj,Barabanki
Uttar Pradesh,Rice,2021,5,2021-05-01,Sahiyapur APMC,,sahiyapur,Siddharthnagar
Uttar Pradesh,Rice,2021,5,2021-05-01,Salon APMC,1662.84,salon,Rae Bareli
Uttar Pradesh,Rice,2021,5,2021-05-01,Sandila APMC,1591.28,sandila,Hardoi
Uttar Pradesh,Rice,2021,5,2021-05-01,Sehjanwa APMC,1535.0,sehjanwa,Gorakhpur
Uttar Pradesh,Rice,2021,5,2021-05-01,Shahabad(New Mandi) APMC,1562.0,shahabad(new mandi),Hardoi
Uttar Pradesh,Rice,2021,5,2021-05-01,Sirsa APMC,,sirsa,Gautam Buddha Nagar
Uttar Pradesh,Rice,2021,5,2021-05-01,Sitapur APMC,1455.93,sitapur,Sitapur
Uttar Pradesh,Rice,2021,5,2021-05-01,Sultanpur APMC,1458.4,sultanpur,Amethi
Uttar Pradesh,Rice,2021,5,2021-05-01,Tulsipur APMC,,tulsipur,Balrampur
Uttar Pradesh,Rice,2021,5,2021-05-01,Wazirganj APMC,,wazirganj,Budaun
Uttar Pradesh,Rice,2021,5,2021-05-01,Yusufpur APMC,,yusufpur,Ghazipur
Uttar Pradesh,Rice,2021,6,2021-06-01,Atarra APMC,,atarra,Banda
Uttar Pradesh,Rice,2021,6,2021-06-01,Ayodhya APMC,,ayodhya,Ayodhya
Uttar Pradesh,Rice,2021,6,2021-06-01,Bachranwa APMC,,bachranwa,Rae Bareli
Uttar Pradesh,Rice,2021,6,2021-06-01,Balrampur APMC,,balrampur,Balrampur
Uttar Pradesh,Rice,2021,6,2021-06-01,Bansi APMC,,bansi,Siddharthnagar
Uttar Pradesh,Rice,2021,6,2021-06-01,Baripaal APMC,,baripaal,Jaunpur
Uttar Pradesh,Rice,2021,6,2021-06-01,Basti APMC,1593.57,basti,Basti
Uttar Pradesh,Rice,2021,6,2021-06-01,Chorichora APMC,,chorichora,Gorakhpur
Uttar Pradesh,Rice,2021,6,2021-06-01,Choubepur APMC,,choubepur,Jaunpur
Uttar Pradesh,Rice,2021,6,2021-06-01,Devariya APMC,,devariya,Deoria
Uttar Pradesh,Rice,2021,6,2021-06-01,Gadaura APMC,,gadaura,Maharajganj
Uttar Pradesh,Rice,2021,6,2021-06-01,Golagokarnath APMC,1464.54,golagokarnath,Lalitpur
Uttar Pradesh,Rice,2021,6,2021-06-01,Gonda APMC,1470.71,gonda,Gonda
Uttar Pradesh,Rice,2021,6,2021-06-01,Gorakhpur APMC,,gorakhpur,Gorakhpur
Uttar Pradesh,Rice,2021,6,2021-06-01,Hardoi APMC,1522.43,hardoi,Hardoi
Uttar Pradesh,Rice,2021,6,2021-06-01,Jafarganj APMC,1400.0,jafarganj,Amethi
Uttar Pradesh,Rice,2021,6,2021-06-01,Jayas APMC,1504.33,jayas,Rae Bareli
Uttar Pradesh,Rice,2021,6,2021-06-01,Khalilabad APMC,,khalilabad,Sant Kabir Nagar
Uttar Pradesh,Rice,2021,6,2021-06-01,Lakhimpur APMC,1473.09,lakhimpur,Lalitpur
Uttar Pradesh,Rice,2021,6,2021-06-01,Lalganj APMC,,lalganj,Rae Bareli
Uttar Pradesh,Rice,2021,6,2021-06-01,Madhoganj APMC,1525.09,madhoganj,Hardoi
Uttar Pradesh,Rice,2021,6,2021-06-01,Maigalganj APMC,1402.35,maigalganj,Gorakhpur
Uttar Pradesh,Rice,2021,6,2021-06-01,Naanpara APMC,,naanpara,Bahraich
Uttar Pradesh,Rice,2021,6,2021-06-01,Naugarh APMC,1750.0,naugarh,Siddharthnagar
Uttar Pradesh,Rice,2021,6,2021-06-01,Nautnava APMC,,nautnava,Maharajganj
Uttar Pradesh,Rice,2021,6,2021-06-01,Paliakala APMC,1444.06,paliakala,Lakhimpur Kheri
Uttar Pradesh,Rice,2021,6,2021-06-01,Partaval APMC,1727.73,partaval,Mahrajganj
Uttar Pradesh,Rice,2021,6,2021-06-01,Pratapgarh APMC,,pratapgarh,Pratapgarh
Uttar Pradesh,Rice,2021,6,2021-06-01,Raibareilly APMC,,raibareilly,Rae Bareli
Uttar Pradesh,Rice,2021,6,2021-06-01,Richha APMC,,richha,Bareilly
Uttar Pradesh,Rice,2021,6,2021-06-01,Safdarganj APMC,,safdarganj,Barabanki
Uttar Pradesh,Rice,2021,6,2021-06-01,Sahiyapur APMC,,sahiyapur,Siddharthnagar
Uttar Pradesh,Rice,2021,6,2021-06-01,Salon APMC,1647.0,salon,Rae Bareli
Uttar Pradesh,Rice,2021,6,2021-06-01,Sandila APMC,1514.82,sandila,Hardoi
Uttar Pradesh,Rice,2021,6,2021-06-01,Sehjanwa APMC,,sehjanwa,Gorakhpur
Uttar Pradesh,Rice,2021,6,2021-06-01,Shahabad(New Mandi) APMC,,shahabad(new mandi),Hardoi
Uttar Pradesh,Rice,2021,6,2021-06-01,Sirsa APMC,,sirsa,Gautam Buddha Nagar
Uttar Pradesh,Rice,2021,6,2021-06-01,Sitapur APMC,1442.52,sitapur,Sitapur
Uttar Pradesh,Rice,2021,6,2021-06-01,Sultanpur APMC,1481.58,sultanpur,Amethi
Uttar Pradesh,Rice,2021,6,2021-06-01,Tulsipur APMC,,tulsipur,Balrampur
Uttar Pradesh,Rice,2021,7,2021-07-01,Akbarpur APMC,,akbarpur,Ambedkarnagar
Uttar Pradesh,Rice,2021,7,2021-07-01,Ayodhya APMC,,ayodhya,Ayodhya
Uttar Pradesh,Rice,2021,7,2021-07-01,Bachranwa APMC,,bachranwa,Rae Bareli
Uttar Pradesh,Rice,2021,7,2021-07-01,Bansi APMC,,bansi,Siddharthnagar
Uttar Pradesh,Rice,2021,7,2021-07-01,Basti APMC,1648.29,basti,Basti
Uttar Pradesh,Rice,2021,7,2021-07-01,Chorichora APMC,,chorichora,Gorakhpur
Uttar Pradesh,Rice,2021,7,2021-07-01,Choubepur APMC,,choubepur,Jaunpur
Uttar Pradesh,Rice,2021,7,2021-07-01,Devariya APMC,,devariya,Deoria
Uttar Pradesh,Rice,2021,7,2021-07-01,Golagokarnath APMC,1493.34,golagokarnath,Lalitpur
Uttar Pradesh,Rice,2021,7,2021-07-01,Gonda APMC,1462.9,gonda,Gonda
Uttar Pradesh,Rice,2021,7,2021-07-01,Gorakhpur APMC,,gorakhpur,Gorakhpur
Uttar Pradesh,Rice,2021,7,2021-07-01,Hardoi APMC,1461.3,hardoi,Hardoi
Uttar Pradesh,Rice,2021,7,2021-07-01,Jafarganj APMC,1450.0,jafarganj,Amethi
Uttar Pradesh,Rice,2021,7,2021-07-01,Jayas APMC,1497.16,jayas,Rae Bareli
Uttar Pradesh,Rice,2021,7,2021-07-01,Khalilabad APMC,,khalilabad,Sant Kabir Nagar
Uttar Pradesh,Rice,2021,7,2021-07-01,Lakhimpur APMC,1493.72,lakhimpur,Lalitpur
Uttar Pradesh,Rice,2021,7,2021-07-01,Lalganj APMC,,lalganj,Rae Bareli
Uttar Pradesh,Rice,2021,7,2021-07-01,Madhoganj APMC,1483.45,madhoganj,Hardoi
Uttar Pradesh,Rice,2021,7,2021-07-01,Maharajganj APMC,,maharajganj,Rae Bareli
Uttar Pradesh,Rice,2021,7,2021-07-01,Maigalganj APMC,1437.92,maigalganj,Gorakhpur
Uttar Pradesh,Rice,2021,7,2021-07-01,Naugarh APMC,1752.15,naugarh,Siddharthnagar
Uttar Pradesh,Rice,2021,7,2021-07-01,Nautnava APMC,,nautnava,Maharajganj
Uttar Pradesh,Rice,2021,7,2021-07-01,Paliakala APMC,1465.59,paliakala,Lakhimpur Kheri
Uttar Pradesh,Rice,2021,7,2021-07-01,Partaval APMC,,partaval,Mahrajganj
Uttar Pradesh,Rice,2021,7,2021-07-01,Pratapgarh APMC,,pratapgarh,Pratapgarh
Uttar Pradesh,Rice,2021,7,2021-07-01,Raibareilly APMC,,raibareilly,Rae Bareli
Uttar Pradesh,Rice,2021,7,2021-07-01,Richha APMC,,richha,Bareilly
Uttar Pradesh,Rice,2021,7,2021-07-01,Rura APMC,,rura,Kanpur Dehat
Uttar Pradesh,Rice,2021,7,2021-07-01,Safdarganj APMC,,safdarganj,Barabanki
Uttar Pradesh,Rice,2021,7,2021-07-01,Sahiyapur APMC,,sahiyapur,Siddharthnagar
Uttar Pradesh,Rice,2021,7,2021-07-01,Salon APMC,1628.83,salon,Rae Bareli
Uttar Pradesh,Rice,2021,7,2021-07-01,Sandila APMC,1474.56,sandila,Hardoi
Uttar Pradesh,Rice,2021,7,2021-07-01,Sehjanwa APMC,,sehjanwa,Gorakhpur
Uttar Pradesh,Rice,2021,7,2021-07-01,Shahabad(New Mandi) APMC,1480.0,shahabad(new mandi),Hardoi
Uttar Pradesh,Rice,2021,7,2021-07-01,Sitapur APMC,1339.57,sitapur,Sitapur
Uttar Pradesh,Rice,2021,7,2021-07-01,Sultanpur APMC,1470.17,sultanpur,Amethi
Uttar Pradesh,Rice,2021,7,2021-07-01,Tulsipur APMC,,tulsipur,Balrampur
Uttar Pradesh,Rice,2021,8,2021-08-01,Ayodhya APMC,,ayodhya,Ayodhya
Uttar Pradesh,Rice,2021,8,2021-08-01,Bachranwa APMC,,bachranwa,Rae Bareli
Uttar Pradesh,Rice,2021,8,2021-08-01,Bangarmau APMC,1436.09,bangarmau,Unnao
Uttar Pradesh,Rice,2021,8,2021-08-01,Bansi APMC,,bansi,Siddharthnagar
Uttar Pradesh,Rice,2021,8,2021-08-01,Basti APMC,1571.14,basti,Basti
Uttar Pradesh,Rice,2021,8,2021-08-01,Chorichora APMC,,chorichora,Gorakhpur
Uttar Pradesh,Rice,2021,8,2021-08-01,Choubepur APMC,,choubepur,Jaunpur
Uttar Pradesh,Rice,2021,8,2021-08-01,Devariya APMC,,devariya,Deoria
Uttar Pradesh,Rice,2021,8,2021-08-01,Gadaura APMC,,gadaura,Maharajganj
Uttar Pradesh,Rice,2021,8,2021-08-01,Golagokarnath APMC,1449.47,golagokarnath,Lalitpur
Uttar Pradesh,Rice,2021,8,2021-08-01,Gonda APMC,1554.12,gonda,Gonda
Uttar Pradesh,Rice,2021,8,2021-08-01,Gorakhpur APMC,,gorakhpur,Gorakhpur
Uttar Pradesh,Rice,2021,8,2021-08-01,Hardoi APMC,1444.75,hardoi,Hardoi
Uttar Pradesh,Rice,2021,8,2021-08-01,Jafarganj APMC,1452.27,jafarganj,Amethi
Uttar Pradesh,Rice,2021,8,2021-08-01,Jayas APMC,1554.69,jayas,Rae Bareli
Uttar Pradesh,Rice,2021,8,2021-08-01,Khalilabad APMC,,khalilabad,Sant Kabir Nagar
Uttar Pradesh,Rice,2021,8,2021-08-01,Lakhimpur APMC,1452.95,lakhimpur,Lalitpur
Uttar Pradesh,Rice,2021,8,2021-08-01,Lalganj APMC,,lalganj,Rae Bareli
Uttar Pradesh,Rice,2021,8,2021-08-01,Madhoganj APMC,1453.53,madhoganj,Hardoi
Uttar Pradesh,Rice,2021,8,2021-08-01,Maigalganj APMC,1387.17,maigalganj,Gorakhpur
Uttar Pradesh,Rice,2021,8,2021-08-01,Mohammdi APMC,1431.52,mohammdi,Kheri
Uttar Pradesh,Rice,2021,8,2021-08-01,Naugarh APMC,1754.65,naugarh,Siddharthnagar
Uttar Pradesh,Rice,2021,8,2021-08-01,Paliakala APMC,1426.09,paliakala,Lakhimpur Kheri
Uttar Pradesh,Rice,2021,8,2021-08-01,Partaval APMC,,partaval,Mahrajganj
Uttar Pradesh,Rice,2021,8,2021-08-01,Pratapgarh APMC,,pratapgarh,Pratapgarh
Uttar Pradesh,Rice,2021,8,2021-08-01,Puranpur APMC,,puranpur,Pilibhit
Uttar Pradesh,Rice,2021,8,2021-08-01,Raibareilly APMC,,raibareilly,Rae Bareli
Uttar Pradesh,Rice,2021,8,2021-08-01,Rura APMC,,rura,Kanpur Dehat
Uttar Pradesh,Rice,2021,8,2021-08-01,Safdarganj APMC,,safdarganj,Barabanki
Uttar Pradesh,Rice,2021,8,2021-08-01,Sahiyapur APMC,,sahiyapur,Siddharthnagar
Uttar Pradesh,Rice,2021,8,2021-08-01,Salon APMC,1617.3,salon,Rae Bareli
Uttar Pradesh,Rice,2021,8,2021-08-01,Sandila APMC,1448.58,sandila,Hardoi
Uttar Pradesh,Rice,2021,8,2021-08-01,Sehjanwa APMC,,sehjanwa,Gorakhpur
Uttar Pradesh,Rice,2021,8,2021-08-01,Shahabad(New Mandi) APMC,,shahabad(new mandi),Hardoi
Uttar Pradesh,Rice,2021,8,2021-08-01,Sitapur APMC,1340.16,sitapur,Sitapur
Uttar Pradesh,Rice,2021,8,2021-08-01,Sultanpur APMC,1474.5,sultanpur,Amethi
Uttar Pradesh,Rice,2021,8,2021-08-01,Tulsipur APMC,,tulsipur,Balrampur
Uttar Pradesh,Rice,2021,9,2021-09-01,Ayodhya APMC,,ayodhya,Ayodhya
Uttar Pradesh,Rice,2021,9,2021-09-01,Bachranwa APMC,,bachranwa,Rae Bareli
Uttar Pradesh,Rice,2021,9,2021-09-01,Bahraich APMC,,bahraich,Bahraich
Uttar Pradesh,Rice,2021,9,2021-09-01,Balrampur APMC,,balrampur,Balrampur
Uttar Pradesh,Rice,2021,9,2021-09-01,Bangarmau APMC,,bangarmau,Unnao
Uttar Pradesh,Rice,2021,9,2021-09-01,Bansi APMC,,bansi,Siddharthnagar
Uttar Pradesh,Rice,2021,9,2021-09-01,Basti APMC,1580.57,basti,Basti
Uttar Pradesh,Rice,2021,9,2021-09-01,Bindki APMC,1719.16,bindki,Fatehpur
Uttar Pradesh,Rice,2021,9,2021-09-01,Chorichora APMC,,chorichora,Gorakhpur
Uttar Pradesh,Rice,2021,9,2021-09-01,Devariya APMC,,devariya,Deoria
Uttar Pradesh,Rice,2021,9,2021-09-01,Golagokarnath APMC,1450.87,golagokarnath,Lalitpur
Uttar Pradesh,Rice,2021,9,2021-09-01,Gonda APMC,1525.61,gonda,Gonda
Uttar Pradesh,Rice,2021,9,2021-09-01,Gorakhpur APMC,,gorakhpur,Gorakhpur
Uttar Pradesh,Rice,2021,9,2021-09-01,Hardoi APMC,1483.35,hardoi,Hardoi
Uttar Pradesh,Rice,2021,9,2021-09-01,Jafarganj APMC,1501.25,jafarganj,Amethi
Uttar Pradesh,Rice,2021,9,2021-09-01,Jayas APMC,1750.06,jayas,Rae Bareli
Uttar Pradesh,Rice,2021,9,2021-09-01,Khalilabad APMC,,khalilabad,Sant Kabir Nagar
Uttar Pradesh,Rice,2021,9,2021-09-01,Lakhimpur APMC,1457.12,lakhimpur,Lalitpur
Uttar Pradesh,Rice,2021,9,2021-09-01,Lalganj APMC,,lalganj,Rae Bareli
Uttar Pradesh,Rice,2021,9,2021-09-01,Lucknow APMC,,lucknow,Lucknow
Uttar Pradesh,Rice,2021,9,2021-09-01,Madhoganj APMC,1466.95,madhoganj,Hardoi
Uttar Pradesh,Rice,2021,9,2021-09-01,Maigalganj APMC,1395.83,maigalganj,Gorakhpur
Uttar Pradesh,Rice,2021,9,2021-09-01,Mohammdi APMC,1452.0,mohammdi,Kheri
Uttar Pradesh,Rice,2021,9,2021-09-01,Naanpara APMC,,naanpara,Bahraich
Uttar Pradesh,Rice,2021,9,2021-09-01,Naugarh APMC,1674.78,naugarh,Siddharthnagar
Uttar Pradesh,Rice,2021,9,2021-09-01,Paliakala APMC,1429.32,paliakala,Lakhimpur Kheri
Uttar Pradesh,Rice,2021,9,2021-09-01,Partaval APMC,,partaval,Mahrajganj
Uttar Pradesh,Rice,2021,9,2021-09-01,Pilibhit APMC,,pilibhit,Pilibhit
Uttar Pradesh,Rice,2021,9,2021-09-01,Powayan APMC,1440.64,powayan,Shahjahanpur
Uttar Pradesh,Rice,2021,9,2021-09-01,Pratapgarh APMC,,pratapgarh,Pratapgarh
Uttar Pradesh,Rice,2021,9,2021-09-01,Puranpur APMC,,puranpur,Pilibhit
Uttar Pradesh,Rice,2021,9,2021-09-01,Raibareilly APMC,,raibareilly,Rae Bareli
Uttar Pradesh,Rice,2021,9,2021-09-01,Rura APMC,,rura,Kanpur Dehat
Uttar Pradesh,Rice,2021,9,2021-09-01,Sahiyapur APMC,,sahiyapur,Siddharthnagar
Uttar Pradesh,Rice,2021,9,2021-09-01,Salon APMC,1688.52,salon,Rae Bareli
Uttar Pradesh,Rice,2021,9,2021-09-01,Sandila APMC,1485.6,sandila,Hardoi
Uttar Pradesh,Rice,2021,9,2021-09-01,Sehjanwa APMC,,sehjanwa,Gorakhpur
Uttar Pradesh,Rice,2021,9,2021-09-01,Shahabad(New Mandi) APMC,1489.72,shahabad(new mandi),Hardoi
Uttar Pradesh,Rice,2021,9,2021-09-01,Sitapur APMC,1391.91,sitapur,Sitapur
Uttar Pradesh,Rice,2021,9,2021-09-01,Sultanpur APMC,1483.77,sultanpur,Amethi
Uttar Pradesh,Rice,2021,9,2021-09-01,Tamkuhi road APMC,,tamkuhi road,Kushinagar
Uttar Pradesh,Rice,2021,10,2021-10-01,Akbarpur APMC,,akbarpur,Ambedkarnagar
Uttar Pradesh,Rice,2021,10,2021-10-01,Aligarh APMC,2130.78,aligarh,Aligarh
Uttar Pradesh,Rice,2021,10,2021-10-01,Amroha APMC,,amroha,Amroha
Uttar Pradesh,Rice,2021,10,2021-10-01,Atarra APMC,1100.0,atarra,Banda
Uttar Pradesh,Rice,2021,10,2021-10-01,Ayodhya APMC,,ayodhya,Ayodhya
Uttar Pradesh,Rice,2021,10,2021-10-01,Badayoun APMC,1965.24,badayoun,Budaun
Uttar Pradesh,Rice,2021,10,2021-10-01,Baheri APMC,194.0,baheri,Bareilly
Uttar Pradesh,Rice,2021,10,2021-10-01,Bahraich APMC,1500.0,bahraich,Bahraich
Uttar Pradesh,Rice,2021,10,2021-10-01,Ballia APMC,,ballia,Ballia
Uttar Pradesh,Rice,2021,10,2021-10-01,Balrampur APMC,1533.1,balrampur,Balrampur
Uttar Pradesh,Rice,2021,10,2021-10-01,Barabanki APMC,,barabanki,Bara Banki
Uttar Pradesh,Rice,2021,10,2021-10-01,Bareilly APMC,1940.0,bareilly,Bareilly
Uttar Pradesh,Rice,2021,10,2021-10-01,Baripaal APMC,1940.0,baripaal,Jaunpur
Uttar Pradesh,Rice,2021,10,2021-10-01,Basti APMC,1595.76,basti,Basti
Uttar Pradesh,Rice,2021,10,2021-10-01,Bharthna APMC,,bharthna,Etawah
Uttar Pradesh,Rice,2021,10,2021-10-01,Bijnaur APMC,1940.0,bijnaur,Bijnor
Uttar Pradesh,Rice,2021,10,2021-10-01,Bilaspur APMC,,bilaspur,Rampur
Uttar Pradesh,Rice,2021,10,2021-10-01,Bilsi APMC,2014.73,bilsi,Budaun
Uttar Pradesh,Rice,2021,10,2021-10-01,Bindki APMC,1677.85,bindki,Fatehpur
Uttar Pradesh,Rice,2021,10,2021-10-01,Bishalpur APMC,1940.0,bishalpur,Pilibhit
Uttar Pradesh,Rice,2021,10,2021-10-01,Bisoli APMC,1942.59,bisoli,Badaun
Uttar Pradesh,Rice,2021,10,2021-10-01,Chandausi APMC,1940.0,chandausi,Sambhal
Uttar Pradesh,Rice,2021,10,2021-10-01,Chorichora APMC,,chorichora,Gorakhpur
Uttar Pradesh,Rice,2021,10,2021-10-01,Dankaur APMC,2090.79,dankaur,Gautam Buddha Nagar
Uttar Pradesh,Rice,2021,10,2021-10-01,Dataganj APMC,1887.57,dataganj,Badaun
Uttar Pradesh,Rice,2021,10,2021-10-01,Devariya APMC,,devariya,Deoria
Uttar Pradesh,Rice,2021,10,2021-10-01,Etawah APMC,,etawah,Etawah
Uttar Pradesh,Rice,2021,10,2021-10-01,Gadaura APMC,,gadaura,Maharajganj
Uttar Pradesh,Rice,2021,10,2021-10-01,Golagokarnath APMC,1492.48,golagokarnath,Lalitpur
Uttar Pradesh,Rice,2021,10,2021-10-01,Gonda APMC,1538.77,gonda,Gonda
Uttar Pradesh,Rice,2021,10,2021-10-01,Gorakhpur APMC,,gorakhpur,Gorakhpur
Uttar Pradesh,Rice,2021,10,2021-10-01,Hardoi APMC,1466.62,hardoi,Hardoi
Uttar Pradesh,Rice,2021,10,2021-10-01,Hasanpur APMC,1950.0,hasanpur,Amroha
Uttar Pradesh,Rice,2021,10,2021-10-01,Jafarganj APMC,1511.88,jafarganj,Amethi
Uttar Pradesh,Rice,2021,10,2021-10-01,Jasvantnagar APMC,1493.97,jasvantnagar,Etawah
Uttar Pradesh,Rice,2021,10,2021-10-01,Jayas APMC,1680.94,jayas,Rae Bareli
Uttar Pradesh,Rice,2021,10,2021-10-01,Jhijhank APMC,,jhijhank,Kanpur Dehat
Uttar Pradesh,Rice,2021,10,2021-10-01,Kayamganj APMC,2075.56,kayamganj,Farrukhabad
Uttar Pradesh,Rice,2021,10,2021-10-01,Khaga APMC,1716.67,khaga,Fatehpur
Uttar Pradesh,Rice,2021,10,2021-10-01,Khair APMC,,khair,Aligarh
Uttar Pradesh,Rice,2021,10,2021-10-01,Khalilabad APMC,,khalilabad,Sant Kabir Nagar
Uttar Pradesh,Rice,2021,10,2021-10-01,Kishunpur APMC,1400.0,kishunpur,Bahraich
Uttar Pradesh,Rice,2021,10,2021-10-01,Lakhimpur APMC,1376.45,lakhimpur,Lalitpur
Uttar Pradesh,Rice,2021,10,2021-10-01,Lalganj APMC,,lalganj,Rae Bareli
Uttar Pradesh,Rice,2021,10,2021-10-01,Lucknow APMC,,lucknow,Lucknow
Uttar Pradesh,Rice,2021,10,2021-10-01,Madhoganj APMC,1455.46,madhoganj,Hardoi
Uttar Pradesh,Rice,2021,10,2021-10-01,Maigalganj APMC,1350.05,maigalganj,Gorakhpur
Uttar Pradesh,Rice,2021,10,2021-10-01,Mawana APMC,1940.0,mawana,Meerut
Uttar Pradesh,Rice,2021,10,2021-10-01,Mehmoodabad APMC,,mehmoodabad,Sitapur
Uttar Pradesh,Rice,2021,10,2021-10-01,Milak APMC,2060.44,milak,Rampur
Uttar Pradesh,Rice,2021,10,2021-10-01,Mohammdi APMC,1606.96,mohammdi,Kheri
Uttar Pradesh,Rice,2021,10,2021-10-01,Muradabad APMC,1940.0,muradabad,Sambhal
Uttar Pradesh,Rice,2021,10,2021-10-01,Muzzafarnagar APMC,1940.0,muzzafarnagar,Muzaffarnagar
Uttar Pradesh,Rice,2021,10,2021-10-01,Naanpara APMC,,naanpara,Bahraich
Uttar Pradesh,Rice,2021,10,2021-10-01,Naugarh APMC,1750.0,naugarh,Siddharthnagar
Uttar Pradesh,Rice,2021,10,2021-10-01,Paliakala APMC,1330.15,paliakala,Lakhimpur Kheri
Uttar Pradesh,Rice,2021,10,2021-10-01,Partaval APMC,,partaval,Mahrajganj
Uttar Pradesh,Rice,2021,10,2021-10-01,Pilibhit APMC,1627.77,pilibhit,Pilibhit
Uttar Pradesh,Rice,2021,10,2021-10-01,Powayan APMC,1713.75,powayan,Shahjahanpur
Uttar Pradesh,Rice,2021,10,2021-10-01,Pratapgarh APMC,,pratapgarh,Pratapgarh
Uttar Pradesh,Rice,2021,10,2021-10-01,Pukharayan APMC,,pukharayan,Kanpur Dehat
Uttar Pradesh,Rice,2021,10,2021-10-01,Puranpur APMC,1889.93,puranpur,Pilibhit
Uttar Pradesh,Rice,2021,10,2021-10-01,Raibareilly APMC,,raibareilly,Rae Bareli
Uttar Pradesh,Rice,2021,10,2021-10-01,Rampur APMC,2144.83,rampur,Rampur
Uttar Pradesh,Rice,2021,10,2021-10-01,Richha APMC,1940.0,richha,Bareilly
Uttar Pradesh,Rice,2021,10,2021-10-01,Rura APMC,1498.39,rura,Kanpur Dehat
Uttar Pradesh,Rice,2021,10,2021-10-01,Saharanpur APMC,1969.22,saharanpur,Saharanpur
Uttar Pradesh,Rice,2021,10,2021-10-01,Sahiyapur APMC,,sahiyapur,Siddharthnagar
Uttar Pradesh,Rice,2021,10,2021-10-01,Salon APMC,1713.53,salon,Rae Bareli
Uttar Pradesh,Rice,2021,10,2021-10-01,Sambhal APMC,1932.71,sambhal,Sambhal
Uttar Pradesh,Rice,2021,10,2021-10-01,Sandi APMC,1475.0,sandi,Hardoi
Uttar Pradesh,Rice,2021,10,2021-10-01,Sandila APMC,1444.08,sandila,Hardoi
Uttar Pradesh,Rice,2021,10,2021-10-01,Sehjanwa APMC,,sehjanwa,Gorakhpur
Uttar Pradesh,Rice,2021,10,2021-10-01,Shahabad(New Mandi) APMC,1501.36,shahabad(new mandi),Hardoi
Uttar Pradesh,Rice,2021,10,2021-10-01,Shahjahanpur APMC,1384.96,shahjahanpur,Shahjahanpur
Uttar Pradesh,Rice,2021,10,2021-10-01,Sitapur APMC,1371.39,sitapur,Sitapur
Uttar Pradesh,Rice,2021,10,2021-10-01,Sultanpur APMC,1515.16,sultanpur,Amethi
Uttar Pradesh,Rice,2021,10,2021-10-01,Tikonia APMC,1940.0,tikonia,Lakhimpur Kheri
Uttar Pradesh,Rice,2021,10,2021-10-01,Tilhar APMC,1307.41,tilhar,Shahjahanpur
Uttar Pradesh,Rice,2021,10,2021-10-01,Tulsipur APMC,1511.25,tulsipur,Balrampur
Uttar Pradesh,Rice,2021,10,2021-10-01,Ujhani APMC,1999.89,ujhani,Budaun
Uttar Pradesh,Rice,2021,10,2021-10-01,Uttaripura APMC,1200.0,uttaripura,Jaunpur
Uttar Pradesh,Rice,2021,10,2021-10-01,Wazirganj APMC,1982.95,wazirganj,Budaun
Uttar Pradesh,Rice,2021,11,2021-11-01,Achalda APMC,,achalda,Auraiya
Uttar Pradesh,Rice,2021,11,2021-11-01,Ahirora APMC,1940.0,ahirora,Mirzapur
Uttar Pradesh,Rice,2021,11,2021-11-01,Ajuha APMC,1940.0,ajuha,Prayagraj
Uttar Pradesh,Rice,2021,11,2021-11-01,Akbarpur APMC,1940.0,akbarpur,Ambedkarnagar
Uttar Pradesh,Rice,2021,11,2021-11-01,Aligarh APMC,2289.77,aligarh,Aligarh
Uttar Pradesh,Rice,2021,11,2021-11-01,Amroha APMC,1945.82,amroha,Amroha
Uttar Pradesh,Rice,2021,11,2021-11-01,Anandnagar APMC,1940.0,anandnagar,Mahrajganj
Uttar Pradesh,Rice,2021,11,2021-11-01,Atarra APMC,1940.0,atarra,Banda
Uttar Pradesh,Rice,2021,11,2021-11-01,Auraiya APMC,,auraiya,Auraiya
Uttar Pradesh,Rice,2021,11,2021-11-01,Ayodhya APMC,1940.0,ayodhya,Ayodhya
Uttar Pradesh,Rice,2021,11,2021-11-01,Azamgarh APMC,1940.0,azamgarh,Azamgarh
Uttar Pradesh,Rice,2021,11,2021-11-01,Baberu APMC,1940.0,baberu,Banda
Uttar Pradesh,Rice,2021,11,2021-11-01,Bachranwa APMC,,bachranwa,Rae Bareli
Uttar Pradesh,Rice,2021,11,2021-11-01,Badayoun APMC,1994.92,badayoun,Budaun
Uttar Pradesh,Rice,2021,11,2021-11-01,Badda APMC,,badda,Shahjahanpur
Uttar Pradesh,Rice,2021,11,2021-11-01,Baheri APMC,,baheri,Bareilly
Uttar Pradesh,Rice,2021,11,2021-11-01,Bahraich APMC,1940.0,bahraich,Bahraich
Uttar Pradesh,Rice,2021,11,2021-11-01,Ballia APMC,1940.0,ballia,Ballia
Uttar Pradesh,Rice,2021,11,2021-11-01,Balrampur APMC,1940.0,balrampur,Balrampur
Uttar Pradesh,Rice,2021,11,2021-11-01,Banda APMC,1940.0,banda,Banda
Uttar Pradesh,Rice,2021,11,2021-11-01,Bangarmau APMC,1940.0,bangarmau,Unnao
Uttar Pradesh,Rice,2021,11,2021-11-01,Bansi APMC,1940.0,bansi,Siddharthnagar
Uttar Pradesh,Rice,2021,11,2021-11-01,Barabanki APMC,1940.0,barabanki,Bara Banki
Uttar Pradesh,Rice,2021,11,2021-11-01,Bareilly APMC,1940.0,bareilly,Bareilly
Uttar Pradesh,Rice,2021,11,2021-11-01,Barhaj APMC,1940.0,barhaj,Deoria
Uttar Pradesh,Rice,2021,11,2021-11-01,Baripaal APMC,1941.3,baripaal,Jaunpur
Uttar Pradesh,Rice,2021,11,2021-11-01,Basti APMC,1940.0,basti,Basti
Uttar Pradesh,Rice,2021,11,2021-11-01,Bharthna APMC,,bharthna,Etawah
Uttar Pradesh,Rice,2021,11,2021-11-01,Bharuasumerpur APMC,1940.0,bharuasumerpur,Hamirpur
Uttar Pradesh,Rice,2021,11,2021-11-01,Bharwari APMC,1940.0,bharwari,Kaushambi
Uttar Pradesh,Rice,2021,11,2021-11-01,Bijnaur APMC,1940.0,bijnaur,Bijnor
Uttar Pradesh,Rice,2021,11,2021-11-01,Bilaspur APMC,,bilaspur,Rampur
Uttar Pradesh,Rice,2021,11,2021-11-01,Bilsi APMC,2109.28,bilsi,Budaun
Uttar Pradesh,Rice,2021,11,2021-11-01,Bindki APMC,2053.74,bindki,Fatehpur
Uttar Pradesh,Rice,2021,11,2021-11-01,Bishalpur APMC,1940.0,bishalpur,Pilibhit
Uttar Pradesh,Rice,2021,11,2021-11-01,Bisoli APMC,2140.84,bisoli,Badaun
Uttar Pradesh,Rice,2021,11,2021-11-01,Chandausi APMC,1948.15,chandausi,Sambhal
Uttar Pradesh,Rice,2021,11,2021-11-01,Chandoli APMC,1940.0,chandoli,Chandauli
Uttar Pradesh,Rice,2021,11,2021-11-01,Chhibramau APMC,,chhibramau,Kannauj
Uttar Pradesh,Rice,2021,11,2021-11-01,Chirgaon APMC,1940.0,chirgaon,Jhansi
Uttar Pradesh,Rice,2021,11,2021-11-01,Chorichora APMC,1940.0,chorichora,Gorakhpur
Uttar Pradesh,Rice,2021,11,2021-11-01,Choubepur APMC,1940.0,choubepur,Jaunpur
Uttar Pradesh,Rice,2021,11,2021-11-01,DADRI APMC,2106.21,dadri,Gautam Buddha Nagar
Uttar Pradesh,Rice,2021,11,2021-11-01,Dankaur APMC,2042.68,dankaur,Gautam Buddha Nagar
Uttar Pradesh,Rice,2021,11,2021-11-01,Dataganj APMC,1964.03,dataganj,Badaun
Uttar Pradesh,Rice,2021,11,2021-11-01,Devariya APMC,1940.0,devariya,Deoria
Uttar Pradesh,Rice,2021,11,2021-11-01,Dibiapur APMC,1278.64,dibiapur,Auraiya
Uttar Pradesh,Rice,2021,11,2021-11-01,Doharighat APMC,,doharighat,Azamgarh
Uttar Pradesh,Rice,2021,11,2021-11-01,Etawah APMC,,etawah,Etawah
Uttar Pradesh,Rice,2021,11,2021-11-01,Farukhabad APMC,,farukhabad,Farrukhabad
Uttar Pradesh,Rice,2021,11,2021-11-01,Fatehpur APMC,1940.0,fatehpur,Fatehpur
Uttar Pradesh,Rice,2021,11,2021-11-01,Gadaura APMC,1774.51,gadaura,Maharajganj
Uttar Pradesh,Rice,2021,11,2021-11-01,Golagokarnath APMC,,golagokarnath,Lalitpur
Uttar Pradesh,Rice,2021,11,2021-11-01,Gonda APMC,,gonda,Gonda
Uttar Pradesh,Rice,2021,11,2021-11-01,Gorakhpur APMC,1941.48,gorakhpur,Gorakhpur
Uttar Pradesh,Rice,2021,11,2021-11-01,Haathras APMC,2315.77,haathras,Hathras
Uttar Pradesh,Rice,2021,11,2021-11-01,Hardoi APMC,,hardoi,Hardoi
Uttar Pradesh,Rice,2021,11,2021-11-01,Hargaon (Laharpur) APMC,,hargaon (laharpur),Sitapur
Uttar Pradesh,Rice,2021,11,2021-11-01,Hasanpur APMC,2059.45,hasanpur,Amroha
Uttar Pradesh,Rice,2021,11,2021-11-01,Jafarganj APMC,,jafarganj,Amethi
Uttar Pradesh,Rice,2021,11,2021-11-01,Jamanian APMC,1940.0,jamanian,Ghazipur
Uttar Pradesh,Rice,2021,11,2021-11-01,Jasra APMC,1940.0,jasra,Prayagraj
Uttar Pradesh,Rice,2021,11,2021-11-01,Jasvantnagar APMC,,jasvantnagar,Etawah
Uttar Pradesh,Rice,2021,11,2021-11-01,Jaunpur APMC,1940.0,jaunpur,Jaunpur
Uttar Pradesh,Rice,2021,11,2021-11-01,Jayas APMC,1940.0,jayas,Rae Bareli
Uttar Pradesh,Rice,2021,11,2021-11-01,Jhijhank APMC,1940.0,jhijhank,Kanpur Dehat
Uttar Pradesh,Rice,2021,11,2021-11-01,Kannauj APMC,,kannauj,Kannauj
Uttar Pradesh,Rice,2021,11,2021-11-01,Kanpur(Grain) APMC,,kanpur(grain),Jaunpur
Uttar Pradesh,Rice,2021,11,2021-11-01,Karvi APMC,1940.0,karvi,Chitrakoot
Uttar Pradesh,Rice,2021,11,2021-11-01,Kayamganj APMC,2107.26,kayamganj,Farrukhabad
Uttar Pradesh,Rice,2021,11,2021-11-01,Khaga APMC,2018.67,khaga,Fatehpur
Uttar Pradesh,Rice,2021,11,2021-11-01,Khalilabad APMC,,khalilabad,Sant Kabir Nagar
Uttar Pradesh,Rice,2021,11,2021-11-01,Kishunpur APMC,1940.0,kishunpur,Bahraich
Uttar Pradesh,Rice,2021,11,2021-11-01,Kopaganj APMC,1940.0,kopaganj,
Uttar Pradesh,Rice,2021,11,2021-11-01,Kurara APMC,,kurara,Hamirpur
Uttar Pradesh,Rice,2021,11,2021-11-01,Lakhimpur APMC,1940.0,lakhimpur,Lalitpur
Uttar Pradesh,Rice,2021,11,2021-11-01,Lalganj APMC,1940.0,lalganj,Rae Bareli
Uttar Pradesh,Rice,2021,11,2021-11-01,Lucknow APMC,1940.0,lucknow,Lucknow
Uttar Pradesh,Rice,2021,11,2021-11-01,Madhoganj APMC,,madhoganj,Hardoi
Uttar Pradesh,Rice,2021,11,2021-11-01,Maigalganj APMC,,maigalganj,Gorakhpur
Uttar Pradesh,Rice,2021,11,2021-11-01,Mathura APMC,1940.0,mathura,Mathura
Uttar Pradesh,Rice,2021,11,2021-11-01,Mawana APMC,,mawana,Meerut
Uttar Pradesh,Rice,2021,11,2021-11-01,Mehmoodabad APMC,,mehmoodabad,Sitapur
Uttar Pradesh,Rice,2021,11,2021-11-01,Milak APMC,1960.0,milak,Rampur
Uttar Pradesh,Rice,2021,11,2021-11-01,Mirzapur APMC,1940.0,mirzapur,Mirzapur
Uttar Pradesh,Rice,2021,11,2021-11-01,Mohamadabad APMC,,mohamadabad,Farrukhabad
Uttar Pradesh,Rice,2021,11,2021-11-01,Mohammdi APMC,,mohammdi,Kheri
Uttar Pradesh,Rice,2021,11,2021-11-01,Moth APMC,1940.0,moth,Jhansi
Uttar Pradesh,Rice,2021,11,2021-11-01,Muradabad APMC,1940.0,muradabad,Sambhal
Uttar Pradesh,Rice,2021,11,2021-11-01,Muskara APMC,1940.0,muskara,Mahoba
Uttar Pradesh,Rice,2021,11,2021-11-01,Muzzafarnagar APMC,1940.0,muzzafarnagar,Muzaffarnagar
Uttar Pradesh,Rice,2021,11,2021-11-01,Naanpara APMC,,naanpara,Bahraich
Uttar Pradesh,Rice,2021,11,2021-11-01,Naugarh APMC,1936.0,naugarh,Siddharthnagar
Uttar Pradesh,Rice,2021,11,2021-11-01,Nautnava APMC,1940.0,nautnava,Maharajganj
Uttar Pradesh,Rice,2021,11,2021-11-01,Nawabganj APMC,1940.0,nawabganj,Gonda
Uttar Pradesh,Rice,2021,11,2021-11-01,Paliakala APMC,,paliakala,Lakhimpur Kheri
Uttar Pradesh,Rice,2021,11,2021-11-01,Panchpedwa APMC,1918.75,panchpedwa,Balrampur
Uttar Pradesh,Rice,2021,11,2021-11-01,Partaval APMC,1940.0,partaval,Mahrajganj
Uttar Pradesh,Rice,2021,11,2021-11-01,Pilibhit APMC,1940.31,pilibhit,Pilibhit
Uttar Pradesh,Rice,2021,11,2021-11-01,Powayan APMC,1940.0,powayan,Shahjahanpur
Uttar Pradesh,Rice,2021,11,2021-11-01,Pratapgarh APMC,1940.0,pratapgarh,Pratapgarh
Uttar Pradesh,Rice,2021,11,2021-11-01,Pukharayan APMC,1940.0,pukharayan,Kanpur Dehat
Uttar Pradesh,Rice,2021,11,2021-11-01,Puranpur APMC,1940.0,puranpur,Pilibhit
Uttar Pradesh,Rice,2021,11,2021-11-01,Purwa APMC,,purwa,Unnao
Uttar Pradesh,Rice,2021,11,2021-11-01,Raath APMC,,raath,Hamirpur
Uttar Pradesh,Rice,2021,11,2021-11-01,Raibareilly APMC,1940.0,raibareilly,Rae Bareli
Uttar Pradesh,Rice,2021,11,2021-11-01,Rampur APMC,2089.13,rampur,Rampur
Uttar Pradesh,Rice,2021,11,2021-11-01,Rasda APMC,1940.0,rasda,Ballia
Uttar Pradesh,Rice,2021,11,2021-11-01,Richha APMC,1940.0,richha,Bareilly
Uttar Pradesh,Rice,2021,11,2021-11-01,Rudauli APMC,1940.0,rudauli,Ayodhya
Uttar Pradesh,Rice,2021,11,2021-11-01,Rura APMC,1915.46,rura,Kanpur Dehat
Uttar Pradesh,Rice,2021,11,2021-11-01,Safdarganj APMC,1940.0,safdarganj,Barabanki
Uttar Pradesh,Rice,2021,11,2021-11-01,Saharanpur APMC,2061.92,saharanpur,Saharanpur
Uttar Pradesh,Rice,2021,11,2021-11-01,Sahiyapur APMC,1940.0,sahiyapur,Siddharthnagar
Uttar Pradesh,Rice,2021,11,2021-11-01,Salon APMC,1940.0,salon,Rae Bareli
Uttar Pradesh,Rice,2021,11,2021-11-01,Sambhal APMC,1931.37,sambhal,Sambhal
Uttar Pradesh,Rice,2021,11,2021-11-01,Sandi APMC,1418.23,sandi,Hardoi
Uttar Pradesh,Rice,2021,11,2021-11-01,Sandila APMC,,sandila,Hardoi
Uttar Pradesh,Rice,2021,11,2021-11-01,Sehjanwa APMC,1940.0,sehjanwa,Gorakhpur
Uttar Pradesh,Rice,2021,11,2021-11-01,Shahabad(New Mandi) APMC,,shahabad(new mandi),Hardoi
Uttar Pradesh,Rice,2021,11,2021-11-01,Shahganj APMC,1940.0,shahganj,Jaunpur
Uttar Pradesh,Rice,2021,11,2021-11-01,Shahjahanpur APMC,1940.0,shahjahanpur,Shahjahanpur
Uttar Pradesh,Rice,2021,11,2021-11-01,Shamli APMC,1940.0,shamli,Shamli
Uttar Pradesh,Rice,2021,11,2021-11-01,Shikohabad APMC,,shikohabad,Firozabad
Uttar Pradesh,Rice,2021,11,2021-11-01,Sirsa APMC,1940.0,sirsa,Gautam Buddha Nagar
Uttar Pradesh,Rice,2021,11,2021-11-01,Sitapur APMC,,sitapur,Sitapur
Uttar Pradesh,Rice,2021,11,2021-11-01,Sultanpur APMC,,sultanpur,Amethi
Uttar Pradesh,Rice,2021,11,2021-11-01,Tikonia APMC,1940.0,tikonia,Lakhimpur Kheri
Uttar Pradesh,Rice,2021,11,2021-11-01,Tilhar APMC,1401.72,tilhar,Shahjahanpur
Uttar Pradesh,Rice,2021,11,2021-11-01,Tulsipur APMC,1940.0,tulsipur,Balrampur
Uttar Pradesh,Rice,2021,11,2021-11-01,Ujhani APMC,2084.51,ujhani,Budaun
Uttar Pradesh,Rice,2021,11,2021-11-01,Unnao APMC,1940.0,unnao,Unnao
Uttar Pradesh,Rice,2021,11,2021-11-01,Uttaripura APMC,,uttaripura,Jaunpur
Uttar Pradesh,Rice,2021,11,2021-11-01,Varanasi APMC,1940.0,varanasi,Varanasi
Uttar Pradesh,Rice,2021,11,2021-11-01,Viswan APMC,,viswan,Sitapur
Uttar Pradesh,Rice,2021,11,2021-11-01,Wazirganj APMC,2054.87,wazirganj,Budaun
Uttar Pradesh,Rice,2021,11,2021-11-01,Yusufpur APMC,1940.0,yusufpur,Ghazipur
Uttar Pradesh,Rice,2021,12,2021-12-01,Achalda APMC,,achalda,Auraiya
Uttar Pradesh,Rice,2021,12,2021-12-01,Ahirora APMC,1940.0,ahirora,Mirzapur
Uttar Pradesh,Rice,2021,12,2021-12-01,Ajuha APMC,1940.0,ajuha,Prayagraj
Uttar Pradesh,Rice,2021,12,2021-12-01,Akbarpur APMC,1940.0,akbarpur,Ambedkarnagar
Uttar Pradesh,Rice,2021,12,2021-12-01,Aligarh APMC,2346.83,aligarh,Aligarh
Uttar Pradesh,Rice,2021,12,2021-12-01,Amroha APMC,1940.0,amroha,Amroha
Uttar Pradesh,Rice,2021,12,2021-12-01,Anandnagar APMC,1940.0,anandnagar,Mahrajganj
Uttar Pradesh,Rice,2021,12,2021-12-01,Atarra APMC,1940.0,atarra,Banda
Uttar Pradesh,Rice,2021,12,2021-12-01,Auraiya APMC,,auraiya,Auraiya
Uttar Pradesh,Rice,2021,12,2021-12-01,Ayodhya APMC,1940.0,ayodhya,Ayodhya
Uttar Pradesh,Rice,2021,12,2021-12-01,Azamgarh APMC,1940.0,azamgarh,Azamgarh
Uttar Pradesh,Rice,2021,12,2021-12-01,Baberu APMC,1940.0,baberu,Banda
Uttar Pradesh,Rice,2021,12,2021-12-01,Babrala APMC,,babrala,Budaun
Uttar Pradesh,Rice,2021,12,2021-12-01,Bachranwa APMC,,bachranwa,Rae Bareli
Uttar Pradesh,Rice,2021,12,2021-12-01,Badayoun APMC,2042.38,badayoun,Budaun
Uttar Pradesh,Rice,2021,12,2021-12-01,Badda APMC,,badda,Shahjahanpur
Uttar Pradesh,Rice,2021,12,2021-12-01,Baheri APMC,,baheri,Bareilly
Uttar Pradesh,Rice,2021,12,2021-12-01,Bahraich APMC,1940.0,bahraich,Bahraich
Uttar Pradesh,Rice,2021,12,2021-12-01,Ballia APMC,1940.0,ballia,Ballia
Uttar Pradesh,Rice,2021,12,2021-12-01,Balrampur APMC,1940.0,balrampur,Balrampur
Uttar Pradesh,Rice,2021,12,2021-12-01,Banda APMC,1940.0,banda,Banda
Uttar Pradesh,Rice,2021,12,2021-12-01,Bangarmau APMC,1940.0,bangarmau,Unnao
Uttar Pradesh,Rice,2021,12,2021-12-01,Bansi APMC,1940.0,bansi,Siddharthnagar
Uttar Pradesh,Rice,2021,12,2021-12-01,Banthara APMC,,banthara,Lucknow
Uttar Pradesh,Rice,2021,12,2021-12-01,Barabanki APMC,,barabanki,Bara Banki
Uttar Pradesh,Rice,2021,12,2021-12-01,Bareilly APMC,1940.0,bareilly,Bareilly
Uttar Pradesh,Rice,2021,12,2021-12-01,Barhaj APMC,1940.0,barhaj,Deoria
Uttar Pradesh,Rice,2021,12,2021-12-01,Baripaal APMC,1946.1,baripaal,Jaunpur
Uttar Pradesh,Rice,2021,12,2021-12-01,Basti APMC,1940.0,basti,Basti
Uttar Pradesh,Rice,2021,12,2021-12-01,Bharthna APMC,,bharthna,Etawah
Uttar Pradesh,Rice,2021,12,2021-12-01,Bharuasumerpur APMC,1940.0,bharuasumerpur,Hamirpur
Uttar Pradesh,Rice,2021,12,2021-12-01,Bharwari APMC,1940.0,bharwari,Kaushambi
Uttar Pradesh,Rice,2021,12,2021-12-01,Bijnaur APMC,1940.0,bijnaur,Bijnor
Uttar Pradesh,Rice,2021,12,2021-12-01,Bilaspur APMC,,bilaspur,Rampur
Uttar Pradesh,Rice,2021,12,2021-12-01,Bilsi APMC,2068.36,bilsi,Budaun
Uttar Pradesh,Rice,2021,12,2021-12-01,Bindki APMC,2107.18,bindki,Fatehpur
Uttar Pradesh,Rice,2021,12,2021-12-01,Bishalpur APMC,1940.0,bishalpur,Pilibhit
Uttar Pradesh,Rice,2021,12,2021-12-01,Bisoli APMC,2347.7,bisoli,Badaun
Uttar Pradesh,Rice,2021,12,2021-12-01,Chandausi APMC,1990.65,chandausi,Sambhal
Uttar Pradesh,Rice,2021,12,2021-12-01,Chandoli APMC,1940.0,chandoli,Chandauli
Uttar Pradesh,Rice,2021,12,2021-12-01,Chhibramau APMC,,chhibramau,Kannauj
Uttar Pradesh,Rice,2021,12,2021-12-01,Chirgaon APMC,1940.0,chirgaon,Jhansi
Uttar Pradesh,Rice,2021,12,2021-12-01,Chorichora APMC,1940.0,chorichora,Gorakhpur
Uttar Pradesh,Rice,2021,12,2021-12-01,Choubepur APMC,1940.66,choubepur,Jaunpur
Uttar Pradesh,Rice,2021,12,2021-12-01,Colonelganj APMC,,colonelganj,Gonda
Uttar Pradesh,Rice,2021,12,2021-12-01,DADRI APMC,1940.0,dadri,Gautam Buddha Nagar
Uttar Pradesh,Rice,2021,12,2021-12-01,Dankaur APMC,,dankaur,Gautam Buddha Nagar
Uttar Pradesh,Rice,2021,12,2021-12-01,Dataganj APMC,1957.83,dataganj,Badaun
Uttar Pradesh,Rice,2021,12,2021-12-01,Devariya APMC,1940.0,devariya,Deoria
Uttar Pradesh,Rice,2021,12,2021-12-01,Dibiapur APMC,,dibiapur,Auraiya
Uttar Pradesh,Rice,2021,12,2021-12-01,Etawah APMC,,etawah,Etawah
Uttar Pradesh,Rice,2021,12,2021-12-01,Farukhabad APMC,,farukhabad,Farrukhabad
Uttar Pradesh,Rice,2021,12,2021-12-01,Fatehpur APMC,1940.0,fatehpur,Fatehpur
Uttar Pradesh,Rice,2021,12,2021-12-01,Gadaura APMC,1626.23,gadaura,Maharajganj
Uttar Pradesh,Rice,2021,12,2021-12-01,Golagokarnath APMC,,golagokarnath,Lalitpur
Uttar Pradesh,Rice,2021,12,2021-12-01,Gonda APMC,1940.0,gonda,Gonda
Uttar Pradesh,Rice,2021,12,2021-12-01,Gopiganj APMC,1940.0,gopiganj,Bhadohi
Uttar Pradesh,Rice,2021,12,2021-12-01,Gorakhpur APMC,1940.0,gorakhpur,Gorakhpur
Uttar Pradesh,Rice,2021,12,2021-12-01,Haathras APMC,2338.85,haathras,Hathras
Uttar Pradesh,Rice,2021,12,2021-12-01,Hardoi APMC,,hardoi,Hardoi
Uttar Pradesh,Rice,2021,12,2021-12-01,Hargaon (Laharpur) APMC,1940.0,hargaon (laharpur),Sitapur
Uttar Pradesh,Rice,2021,12,2021-12-01,Hasanpur APMC,2111.66,hasanpur,Amroha
Uttar Pradesh,Rice,2021,12,2021-12-01,Jafarganj APMC,,jafarganj,Amethi
Uttar Pradesh,Rice,2021,12,2021-12-01,Jahanabad APMC,1869.19,jahanabad,Fatehpur
Uttar Pradesh,Rice,2021,12,2021-12-01,Jamanian APMC,,jamanian,Ghazipur
Uttar Pradesh,Rice,2021,12,2021-12-01,Jasra APMC,1940.0,jasra,Prayagraj
Uttar Pradesh,Rice,2021,12,2021-12-01,Jasvantnagar APMC,1940.0,jasvantnagar,Etawah
Uttar Pradesh,Rice,2021,12,2021-12-01,Jaunpur APMC,1940.0,jaunpur,Jaunpur
Uttar Pradesh,Rice,2021,12,2021-12-01,Jayas APMC,1940.0,jayas,Rae Bareli
Uttar Pradesh,Rice,2021,12,2021-12-01,Jhijhank APMC,1940.0,jhijhank,Kanpur Dehat
Uttar Pradesh,Rice,2021,12,2021-12-01,Kannauj APMC,1940.0,kannauj,Kannauj
Uttar Pradesh,Rice,2021,12,2021-12-01,Kanpur(Grain) APMC,,kanpur(grain),Jaunpur
Uttar Pradesh,Rice,2021,12,2021-12-01,Karvi APMC,,karvi,Chitrakoot
Uttar Pradesh,Rice,2021,12,2021-12-01,Kayamganj APMC,2133.02,kayamganj,Farrukhabad
Uttar Pradesh,Rice,2021,12,2021-12-01,Khaga APMC,2062.19,khaga,Fatehpur
Uttar Pradesh,Rice,2021,12,2021-12-01,Khalilabad APMC,,khalilabad,Sant Kabir Nagar
Uttar Pradesh,Rice,2021,12,2021-12-01,Kishunpur APMC,,kishunpur,Bahraich
Uttar Pradesh,Rice,2021,12,2021-12-01,Kopaganj APMC,1940.0,kopaganj,
Uttar Pradesh,Rice,2021,12,2021-12-01,Kurara APMC,,kurara,Hamirpur
Uttar Pradesh,Rice,2021,12,2021-12-01,Lakhimpur APMC,,lakhimpur,Lalitpur
Uttar Pradesh,Rice,2021,12,2021-12-01,Lalganj APMC,1940.0,lalganj,Rae Bareli
Uttar Pradesh,Rice,2021,12,2021-12-01,Lucknow APMC,1940.0,lucknow,Lucknow
Uttar Pradesh,Rice,2021,12,2021-12-01,Madhoganj APMC,,madhoganj,Hardoi
Uttar Pradesh,Rice,2021,12,2021-12-01,Maharajganj APMC,,maharajganj,Rae Bareli
Uttar Pradesh,Rice,2021,12,2021-12-01,Maigalganj APMC,,maigalganj,Gorakhpur
Uttar Pradesh,Rice,2021,12,2021-12-01,Mathura APMC,1940.0,mathura,Mathura
Uttar Pradesh,Rice,2021,12,2021-12-01,Mehmoodabad APMC,,mehmoodabad,Sitapur
Uttar Pradesh,Rice,2021,12,2021-12-01,Milak APMC,1960.0,milak,Rampur
Uttar Pradesh,Rice,2021,12,2021-12-01,Mirzapur APMC,1940.0,mirzapur,Mirzapur
Uttar Pradesh,Rice,2021,12,2021-12-01,Mohamadabad APMC,1940.0,mohamadabad,Farrukhabad
Uttar Pradesh,Rice,2021,12,2021-12-01,Mohammdi APMC,,mohammdi,Kheri
Uttar Pradesh,Rice,2021,12,2021-12-01,Moth APMC,1940.0,moth,Jhansi
Uttar Pradesh,Rice,2021,12,2021-12-01,Mugrabaadshahpur APMC,,mugrabaadshahpur,Jaunpur
Uttar Pradesh,Rice,2021,12,2021-12-01,Muradabad APMC,1941.83,muradabad,Sambhal
Uttar Pradesh,Rice,2021,12,2021-12-01,Muskara APMC,1940.0,muskara,Mahoba
Uttar Pradesh,Rice,2021,12,2021-12-01,Muzzafarnagar APMC,,muzzafarnagar,Muzaffarnagar
Uttar Pradesh,Rice,2021,12,2021-12-01,Naanpara APMC,,naanpara,Bahraich
Uttar Pradesh,Rice,2021,12,2021-12-01,Naugarh APMC,1906.54,naugarh,Siddharthnagar
Uttar Pradesh,Rice,2021,12,2021-12-01,Nautnava APMC,1940.0,nautnava,Maharajganj
Uttar Pradesh,Rice,2021,12,2021-12-01,Nawabganj APMC,1940.0,nawabganj,Gonda
Uttar Pradesh,Rice,2021,12,2021-12-01,Paliakala APMC,,paliakala,Lakhimpur Kheri
Uttar Pradesh,Rice,2021,12,2021-12-01,Panchpedwa APMC,1528.87,panchpedwa,Balrampur
Uttar Pradesh,Rice,2021,12,2021-12-01,Partaval APMC,1940.0,partaval,Mahrajganj
Uttar Pradesh,Rice,2021,12,2021-12-01,Payagpur APMC,,payagpur,Bahraich
Uttar Pradesh,Rice,2021,12,2021-12-01,Pilibhit APMC,1940.0,pilibhit,Pilibhit
Uttar Pradesh,Rice,2021,12,2021-12-01,Powayan APMC,1940.0,powayan,Shahjahanpur
Uttar Pradesh,Rice,2021,12,2021-12-01,Pratapgarh APMC,1940.0,pratapgarh,Pratapgarh
Uttar Pradesh,Rice,2021,12,2021-12-01,Prayagraj APMC,,prayagraj,Prayagraj
Uttar Pradesh,Rice,2021,12,2021-12-01,Pukharayan APMC,1940.0,pukharayan,Kanpur Dehat
Uttar Pradesh,Rice,2021,12,2021-12-01,Puranpur APMC,1940.0,puranpur,Pilibhit
Uttar Pradesh,Rice,2021,12,2021-12-01,Purwa APMC,,purwa,Unnao
Uttar Pradesh,Rice,2021,12,2021-12-01,Raath APMC,,raath,Hamirpur
Uttar Pradesh,Rice,2021,12,2021-12-01,Raibareilly APMC,1940.0,raibareilly,Rae Bareli
Uttar Pradesh,Rice,2021,12,2021-12-01,Rampur APMC,2150.0,rampur,Rampur
Uttar Pradesh,Rice,2021,12,2021-12-01,Rasda APMC,1940.0,rasda,Ballia
Uttar Pradesh,Rice,2021,12,2021-12-01,Richha APMC,1940.0,richha,Bareilly
Uttar Pradesh,Rice,2021,12,2021-12-01,Rudauli APMC,1940.0,rudauli,Ayodhya
Uttar Pradesh,Rice,2021,12,2021-12-01,Rura APMC,1940.38,rura,Kanpur Dehat
Uttar Pradesh,Rice,2021,12,2021-12-01,Safdarganj APMC,1940.0,safdarganj,Barabanki
Uttar Pradesh,Rice,2021,12,2021-12-01,Saharanpur APMC,2071.16,saharanpur,Saharanpur
Uttar Pradesh,Rice,2021,12,2021-12-01,Sahiyapur APMC,1940.0,sahiyapur,Siddharthnagar
Uttar Pradesh,Rice,2021,12,2021-12-01,Salon APMC,1940.0,salon,Rae Bareli
Uttar Pradesh,Rice,2021,12,2021-12-01,Sambhal APMC,1940.0,sambhal,Sambhal
Uttar Pradesh,Rice,2021,12,2021-12-01,Sandi APMC,1923.46,sandi,Hardoi
Uttar Pradesh,Rice,2021,12,2021-12-01,Sandila APMC,,sandila,Hardoi
Uttar Pradesh,Rice,2021,12,2021-12-01,Sehjanwa APMC,1940.0,sehjanwa,Gorakhpur
Uttar Pradesh,Rice,2021,12,2021-12-01,Shahabad APMC,,shahabad,Hardoi
Uttar Pradesh,Rice,2021,12,2021-12-01,Shahabad(New Mandi) APMC,,shahabad(new mandi),Hardoi
Uttar Pradesh,Rice,2021,12,2021-12-01,Shahganj APMC,1940.0,shahganj,Jaunpur
Uttar Pradesh,Rice,2021,12,2021-12-01,Shahjahanpur APMC,1940.0,shahjahanpur,Shahjahanpur
Uttar Pradesh,Rice,2021,12,2021-12-01,Shamli APMC,,shamli,Shamli
Uttar Pradesh,Rice,2021,12,2021-12-01,Shikohabad APMC,,shikohabad,Firozabad
Uttar Pradesh,Rice,2021,12,2021-12-01,Sirsa APMC,1940.0,sirsa,Gautam Buddha Nagar
Uttar Pradesh,Rice,2021,12,2021-12-01,Sitapur APMC,,sitapur,Sitapur
Uttar Pradesh,Rice,2021,12,2021-12-01,Sultanpur APMC,,sultanpur,Amethi
Uttar Pradesh,Rice,2021,12,2021-12-01,Tikonia APMC,1940.0,tikonia,Lakhimpur Kheri
Uttar Pradesh,Rice,2021,12,2021-12-01,Tilhar APMC,1411.08,tilhar,Shahjahanpur
Uttar Pradesh,Rice,2021,12,2021-12-01,Tulsipur APMC,1940.0,tulsipur,Balrampur
Uttar Pradesh,Rice,2021,12,2021-12-01,Ujhani APMC,2149.58,ujhani,Budaun
Uttar Pradesh,Rice,2021,12,2021-12-01,Unnao APMC,1940.0,unnao,Unnao
Uttar Pradesh,Rice,2021,12,2021-12-01,Uttaripura APMC,1528.98,uttaripura,Jaunpur
Uttar Pradesh,Rice,2021,12,2021-12-01,Varanasi APMC,1940.0,varanasi,Varanasi
Uttar Pradesh,Rice,2021,12,2021-12-01,Viswan APMC,,viswan,Sitapur
Uttar Pradesh,Rice,2021,12,2021-12-01,Wazirganj APMC,2057.67,wazirganj,Budaun
Uttar Pradesh,Rice,2021,12,2021-12-01,Yusufpur APMC,,yusufpur,Ghazipur
Uttar Pradesh,Rice,2022,1,2022-01-01,Achalda APMC,,achalda,Auraiya
Uttar Pradesh,Rice,2022,1,2022-01-01,Ahirora APMC,1940.0,ahirora,Mirzapur
Uttar Pradesh,Rice,2022,1,2022-01-01,Ajuha APMC,1940.0,ajuha,Prayagraj
Uttar Pradesh,Rice,2022,1,2022-01-01,Akbarpur APMC,1940.0,akbarpur,Ambedkarnagar
Uttar Pradesh,Rice,2022,1,2022-01-01,Aligarh APMC,2196.59,aligarh,Aligarh
Uttar Pradesh,Rice,2022,1,2022-01-01,Amroha APMC,1940.0,amroha,Amroha
Uttar Pradesh,Rice,2022,1,2022-01-01,Anandnagar APMC,1940.0,anandnagar,Mahrajganj
Uttar Pradesh,Rice,2022,1,2022-01-01,Atarra APMC,1940.0,atarra,Banda
Uttar Pradesh,Rice,2022,1,2022-01-01,Auraiya APMC,,auraiya,Auraiya
Uttar Pradesh,Rice,2022,1,2022-01-01,Ayodhya APMC,1940.0,ayodhya,Ayodhya
Uttar Pradesh,Rice,2022,1,2022-01-01,Azamgarh APMC,1940.0,azamgarh,Azamgarh
Uttar Pradesh,Rice,2022,1,2022-01-01,Baberu APMC,1940.0,baberu,Banda
Uttar Pradesh,Rice,2022,1,2022-01-01,Bachranwa APMC,,bachranwa,Rae Bareli
Uttar Pradesh,Rice,2022,1,2022-01-01,Badayoun APMC,2057.81,badayoun,Budaun
Uttar Pradesh,Rice,2022,1,2022-01-01,Badda APMC,,badda,Shahjahanpur
Uttar Pradesh,Rice,2022,1,2022-01-01,Baheri APMC,,baheri,Bareilly
Uttar Pradesh,Rice,2022,1,2022-01-01,Bahraich APMC,1940.0,bahraich,Bahraich
Uttar Pradesh,Rice,2022,1,2022-01-01,Ballia APMC,1940.0,ballia,Ballia
Uttar Pradesh,Rice,2022,1,2022-01-01,Balrampur APMC,1940.0,balrampur,Balrampur
Uttar Pradesh,Rice,2022,1,2022-01-01,Banda APMC,1940.0,banda,Banda
Uttar Pradesh,Rice,2022,1,2022-01-01,Bangarmau APMC,1940.0,bangarmau,Unnao
Uttar Pradesh,Rice,2022,1,2022-01-01,Bansi APMC,1940.0,bansi,Siddharthnagar
Uttar Pradesh,Rice,2022,1,2022-01-01,Banthara APMC,,banthara,Lucknow
Uttar Pradesh,Rice,2022,1,2022-01-01,Barabanki APMC,1940.14,barabanki,Bara Banki
Uttar Pradesh,Rice,2022,1,2022-01-01,Bareilly APMC,1940.0,bareilly,Bareilly
Uttar Pradesh,Rice,2022,1,2022-01-01,Barhaj APMC,1940.0,barhaj,Deoria
Uttar Pradesh,Rice,2022,1,2022-01-01,Baripaal APMC,1944.04,baripaal,Jaunpur
Uttar Pradesh,Rice,2022,1,2022-01-01,Basti APMC,1940.0,basti,Basti
Uttar Pradesh,Rice,2022,1,2022-01-01,Bharthna APMC,,bharthna,Etawah
Uttar Pradesh,Rice,2022,1,2022-01-01,Bharuasumerpur APMC,1940.0,bharuasumerpur,Hamirpur
Uttar Pradesh,Rice,2022,1,2022-01-01,Bharwari APMC,1940.0,bharwari,Kaushambi
Uttar Pradesh,Rice,2022,1,2022-01-01,Bijnaur APMC,1940.0,bijnaur,Bijnor
Uttar Pradesh,Rice,2022,1,2022-01-01,Bilaspur APMC,,bilaspur,Rampur
Uttar Pradesh,Rice,2022,1,2022-01-01,Bilsi APMC,2191.4,bilsi,Budaun
Uttar Pradesh,Rice,2022,1,2022-01-01,Bindki APMC,2108.63,bindki,Fatehpur
Uttar Pradesh,Rice,2022,1,2022-01-01,Bishalpur APMC,1940.0,bishalpur,Pilibhit
Uttar Pradesh,Rice,2022,1,2022-01-01,Bisoli APMC,2220.39,bisoli,Badaun
Uttar Pradesh,Rice,2022,1,2022-01-01,Chandausi APMC,1946.43,chandausi,Sambhal
Uttar Pradesh,Rice,2022,1,2022-01-01,Chandoli APMC,1940.0,chandoli,Chandauli
Uttar Pradesh,Rice,2022,1,2022-01-01,Chhibramau APMC,,chhibramau,Kannauj
Uttar Pradesh,Rice,2022,1,2022-01-01,Chirgaon APMC,1940.0,chirgaon,Jhansi
Uttar Pradesh,Rice,2022,1,2022-01-01,Chorichora APMC,1940.0,chorichora,Gorakhpur
Uttar Pradesh,Rice,2022,1,2022-01-01,Choubepur APMC,1940.33,choubepur,Jaunpur
Uttar Pradesh,Rice,2022,1,2022-01-01,DADRI APMC,1940.0,dadri,Gautam Buddha Nagar
Uttar Pradesh,Rice,2022,1,2022-01-01,Dataganj APMC,1940.0,dataganj,Badaun
Uttar Pradesh,Rice,2022,1,2022-01-01,Devariya APMC,1940.0,devariya,Deoria
Uttar Pradesh,Rice,2022,1,2022-01-01,Doharighat APMC,1933.02,doharighat,Azamgarh
Uttar Pradesh,Rice,2022,1,2022-01-01,Etawah APMC,,etawah,Etawah
Uttar Pradesh,Rice,2022,1,2022-01-01,Farukhabad APMC,,farukhabad,Farrukhabad
Uttar Pradesh,Rice,2022,1,2022-01-01,Fatehpur APMC,1945.52,fatehpur,Fatehpur
Uttar Pradesh,Rice,2022,1,2022-01-01,Gadaura APMC,1768.98,gadaura,Maharajganj
Uttar Pradesh,Rice,2022,1,2022-01-01,Golagokarnath APMC,,golagokarnath,Lalitpur
Uttar Pradesh,Rice,2022,1,2022-01-01,Gonda APMC,1940.0,gonda,Gonda
Uttar Pradesh,Rice,2022,1,2022-01-01,Gopiganj APMC,1940.0,gopiganj,Bhadohi
Uttar Pradesh,Rice,2022,1,2022-01-01,Gorakhpur APMC,1940.0,gorakhpur,Gorakhpur
Uttar Pradesh,Rice,2022,1,2022-01-01,Haathras APMC,,haathras,Hathras
Uttar Pradesh,Rice,2022,1,2022-01-01,Hardoi APMC,,hardoi,Hardoi
Uttar Pradesh,Rice,2022,1,2022-01-01,Hargaon (Laharpur) APMC,1940.0,hargaon (laharpur),Sitapur
Uttar Pradesh,Rice,2022,1,2022-01-01,Hasanpur APMC,,hasanpur,Amroha
Uttar Pradesh,Rice,2022,1,2022-01-01,Jafarganj APMC,,jafarganj,Amethi
Uttar Pradesh,Rice,2022,1,2022-01-01,Jahanabad APMC,1914.78,jahanabad,Fatehpur
Uttar Pradesh,Rice,2022,1,2022-01-01,Jasra APMC,1940.0,jasra,Prayagraj
Uttar Pradesh,Rice,2022,1,2022-01-01,Jasvantnagar APMC,,jasvantnagar,Etawah
Uttar Pradesh,Rice,2022,1,2022-01-01,Jaunpur APMC,1940.0,jaunpur,Jaunpur
Uttar Pradesh,Rice,2022,1,2022-01-01,Jayas APMC,1940.0,jayas,Rae Bareli
Uttar Pradesh,Rice,2022,1,2022-01-01,Jhijhank APMC,1940.0,jhijhank,Kanpur Dehat
Uttar Pradesh,Rice,2022,1,2022-01-01,Kannauj APMC,1940.0,kannauj,Kannauj
Uttar Pradesh,Rice,2022,1,2022-01-01,Kanpur(Grain) APMC,,kanpur(grain),Jaunpur
Uttar Pradesh,Rice,2022,1,2022-01-01,Karvi APMC,,karvi,Chitrakoot
Uttar Pradesh,Rice,2022,1,2022-01-01,Kayamganj APMC,2130.97,kayamganj,Farrukhabad
Uttar Pradesh,Rice,2022,1,2022-01-01,Khaga APMC,1962.74,khaga,Fatehpur
Uttar Pradesh,Rice,2022,1,2022-01-01,Khalilabad APMC,,khalilabad,Sant Kabir Nagar
Uttar Pradesh,Rice,2022,1,2022-01-01,Kishunpur APMC,,kishunpur,Bahraich
Uttar Pradesh,Rice,2022,1,2022-01-01,Kopaganj APMC,1940.0,kopaganj,
Uttar Pradesh,Rice,2022,1,2022-01-01,Kurara APMC,1900.0,kurara,Hamirpur
Uttar Pradesh,Rice,2022,1,2022-01-01,Lakhimpur APMC,1940.0,lakhimpur,Lalitpur
Uttar Pradesh,Rice,2022,1,2022-01-01,Lalganj APMC,1940.0,lalganj,Rae Bareli
Uttar Pradesh,Rice,2022,1,2022-01-01,Lucknow APMC,1940.0,lucknow,Lucknow
Uttar Pradesh,Rice,2022,1,2022-01-01,Madhoganj APMC,,madhoganj,Hardoi
Uttar Pradesh,Rice,2022,1,2022-01-01,Maharajganj APMC,,maharajganj,Rae Bareli
Uttar Pradesh,Rice,2022,1,2022-01-01,Maigalganj APMC,,maigalganj,Gorakhpur
Uttar Pradesh,Rice,2022,1,2022-01-01,Mathura APMC,,mathura,Mathura
Uttar Pradesh,Rice,2022,1,2022-01-01,Mehmoodabad APMC,,mehmoodabad,Sitapur
Uttar Pradesh,Rice,2022,1,2022-01-01,Milak APMC,1960.0,milak,Rampur
Uttar Pradesh,Rice,2022,1,2022-01-01,Mirzapur APMC,1940.0,mirzapur,Mirzapur
Uttar Pradesh,Rice,2022,1,2022-01-01,Mohamadabad APMC,,mohamadabad,Farrukhabad
Uttar Pradesh,Rice,2022,1,2022-01-01,Moth APMC,1940.0,moth,Jhansi
Uttar Pradesh,Rice,2022,1,2022-01-01,Mugrabaadshahpur APMC,,mugrabaadshahpur,Jaunpur
Uttar Pradesh,Rice,2022,1,2022-01-01,Muradabad APMC,1940.0,muradabad,Sambhal
Uttar Pradesh,Rice,2022,1,2022-01-01,Muskara APMC,1940.0,muskara,Mahoba
Uttar Pradesh,Rice,2022,1,2022-01-01,Naanpara APMC,,naanpara,Bahraich
Uttar Pradesh,Rice,2022,1,2022-01-01,Naugarh APMC,1903.09,naugarh,Siddharthnagar
Uttar Pradesh,Rice,2022,1,2022-01-01,Nautnava APMC,,nautnava,Maharajganj
Uttar Pradesh,Rice,2022,1,2022-01-01,Nawabganj APMC,1940.0,nawabganj,Gonda
Uttar Pradesh,Rice,2022,1,2022-01-01,Paliakala APMC,,paliakala,Lakhimpur Kheri
Uttar Pradesh,Rice,2022,1,2022-01-01,Panchpedwa APMC,1385.71,panchpedwa,Balrampur
Uttar Pradesh,Rice,2022,1,2022-01-01,Partaval APMC,1940.0,partaval,Mahrajganj
Uttar Pradesh,Rice,2022,1,2022-01-01,Pilibhit APMC,1940.0,pilibhit,Pilibhit
Uttar Pradesh,Rice,2022,1,2022-01-01,Powayan APMC,1940.0,powayan,Shahjahanpur
Uttar Pradesh,Rice,2022,1,2022-01-01,Pratapgarh APMC,1940.0,pratapgarh,Pratapgarh
Uttar Pradesh,Rice,2022,1,2022-01-01,Prayagraj APMC,,prayagraj,Prayagraj
Uttar Pradesh,Rice,2022,1,2022-01-01,Pukharayan APMC,1940.0,pukharayan,Kanpur Dehat
Uttar Pradesh,Rice,2022,1,2022-01-01,Puranpur APMC,1940.0,puranpur,Pilibhit
Uttar Pradesh,Rice,2022,1,2022-01-01,Purwa APMC,,purwa,Unnao
Uttar Pradesh,Rice,2022,1,2022-01-01,Raath APMC,,raath,Hamirpur
Uttar Pradesh,Rice,2022,1,2022-01-01,Raibareilly APMC,1940.0,raibareilly,Rae Bareli
Uttar Pradesh,Rice,2022,1,2022-01-01,Rampur APMC,2151.21,rampur,Rampur
Uttar Pradesh,Rice,2022,1,2022-01-01,Rasda APMC,1940.0,rasda,Ballia
Uttar Pradesh,Rice,2022,1,2022-01-01,Richha APMC,1940.0,richha,Bareilly
Uttar Pradesh,Rice,2022,1,2022-01-01,Rudauli APMC,1940.0,rudauli,Ayodhya
Uttar Pradesh,Rice,2022,1,2022-01-01,Rura APMC,1940.0,rura,Kanpur Dehat
Uttar Pradesh,Rice,2022,1,2022-01-01,Safdarganj APMC,2022.63,safdarganj,Barabanki
Uttar Pradesh,Rice,2022,1,2022-01-01,Saharanpur APMC,1940.0,saharanpur,Saharanpur
Uttar Pradesh,Rice,2022,1,2022-01-01,Sahiyapur APMC,1940.0,sahiyapur,Siddharthnagar
Uttar Pradesh,Rice,2022,1,2022-01-01,Salon APMC,1940.0,salon,Rae Bareli
Uttar Pradesh,Rice,2022,1,2022-01-01,Sambhal APMC,1940.0,sambhal,Sambhal
Uttar Pradesh,Rice,2022,1,2022-01-01,Sandi APMC,1940.0,sandi,Hardoi
Uttar Pradesh,Rice,2022,1,2022-01-01,Sandila APMC,,sandila,Hardoi
Uttar Pradesh,Rice,2022,1,2022-01-01,Sehjanwa APMC,1940.0,sehjanwa,Gorakhpur
Uttar Pradesh,Rice,2022,1,2022-01-01,Shahabad APMC,,shahabad,Hardoi
Uttar Pradesh,Rice,2022,1,2022-01-01,Shahabad(New Mandi) APMC,,shahabad(new mandi),Hardoi
Uttar Pradesh,Rice,2022,1,2022-01-01,Shahganj APMC,1940.0,shahganj,Jaunpur
Uttar Pradesh,Rice,2022,1,2022-01-01,Shahjahanpur APMC,1940.0,shahjahanpur,Shahjahanpur
Uttar Pradesh,Rice,2022,1,2022-01-01,Sirsa APMC,1940.0,sirsa,Gautam Buddha Nagar
Uttar Pradesh,Rice,2022,1,2022-01-01,Sitapur APMC,,sitapur,Sitapur
Uttar Pradesh,Rice,2022,1,2022-01-01,Sultanpur APMC,,sultanpur,Amethi
Uttar Pradesh,Rice,2022,1,2022-01-01,Tamkuhi road APMC,1940.0,tamkuhi road,Kushinagar
Uttar Pradesh,Rice,2022,1,2022-01-01,Tikonia APMC,1940.0,tikonia,Lakhimpur Kheri
Uttar Pradesh,Rice,2022,1,2022-01-01,Tilhar APMC,1430.35,tilhar,Shahjahanpur
Uttar Pradesh,Rice,2022,1,2022-01-01,Tulsipur APMC,1940.0,tulsipur,Balrampur
Uttar Pradesh,Rice,2022,1,2022-01-01,Ujhani APMC,2178.24,ujhani,Budaun
Uttar Pradesh,Rice,2022,1,2022-01-01,Unnao APMC,1940.0,unnao,Unnao
Uttar Pradesh,Rice,2022,1,2022-01-01,Uttaripura APMC,1852.77,uttaripura,Jaunpur
Uttar Pradesh,Rice,2022,1,2022-01-01,Varanasi APMC,,varanasi,Varanasi
Uttar Pradesh,Rice,2022,1,2022-01-01,Viswan APMC,,viswan,Sitapur
Uttar Pradesh,Rice,2022,1,2022-01-01,Wazirganj APMC,2063.25,wazirganj,Budaun
Uttar Pradesh,Rice,2022,2,2022-02-01,Achalda APMC,,achalda,Auraiya
Uttar Pradesh,Rice,2022,2,2022-02-01,Ahirora APMC,1940.0,ahirora,Mirzapur
Uttar Pradesh,Rice,2022,2,2022-02-01,Ajuha APMC,1940.0,ajuha,Prayagraj
Uttar Pradesh,Rice,2022,2,2022-02-01,Akbarpur APMC,1940.0,akbarpur,Ambedkarnagar
Uttar Pradesh,Rice,2022,2,2022-02-01,Aligarh APMC,2213.85,aligarh,Aligarh
Uttar Pradesh,Rice,2022,2,2022-02-01,Amroha APMC,,amroha,Amroha
Uttar Pradesh,Rice,2022,2,2022-02-01,Anandnagar APMC,1940.0,anandnagar,Mahrajganj
Uttar Pradesh,Rice,2022,2,2022-02-01,Atarra APMC,1940.0,atarra,Banda
Uttar Pradesh,Rice,2022,2,2022-02-01,Auraiya APMC,,auraiya,Auraiya
Uttar Pradesh,Rice,2022,2,2022-02-01,Ayodhya APMC,1940.0,ayodhya,Ayodhya
Uttar Pradesh,Rice,2022,2,2022-02-01,Azamgarh APMC,1940.0,azamgarh,Azamgarh
Uttar Pradesh,Rice,2022,2,2022-02-01,Baberu APMC,1940.0,baberu,Banda
Uttar Pradesh,Rice,2022,2,2022-02-01,Bachranwa APMC,1940.0,bachranwa,Rae Bareli
Uttar Pradesh,Rice,2022,2,2022-02-01,Badayoun APMC,2207.31,badayoun,Budaun
Uttar Pradesh,Rice,2022,2,2022-02-01,Bahraich APMC,1940.0,bahraich,Bahraich
Uttar Pradesh,Rice,2022,2,2022-02-01,Ballia APMC,1940.0,ballia,Ballia
Uttar Pradesh,Rice,2022,2,2022-02-01,Balrampur APMC,1940.0,balrampur,Balrampur
Uttar Pradesh,Rice,2022,2,2022-02-01,Banda APMC,1940.0,banda,Banda
Uttar Pradesh,Rice,2022,2,2022-02-01,Bangarmau APMC,1940.0,bangarmau,Unnao
Uttar Pradesh,Rice,2022,2,2022-02-01,Bansi APMC,1940.0,bansi,Siddharthnagar
Uttar Pradesh,Rice,2022,2,2022-02-01,Banthara APMC,,banthara,Lucknow
Uttar Pradesh,Rice,2022,2,2022-02-01,Barabanki APMC,1940.0,barabanki,Bara Banki
Uttar Pradesh,Rice,2022,2,2022-02-01,Bareilly APMC,1940.0,bareilly,Bareilly
Uttar Pradesh,Rice,2022,2,2022-02-01,Barhaj APMC,1940.0,barhaj,Deoria
Uttar Pradesh,Rice,2022,2,2022-02-01,Baripaal APMC,1971.15,baripaal,Jaunpur
Uttar Pradesh,Rice,2022,2,2022-02-01,Basti APMC,1940.0,basti,Basti
Uttar Pradesh,Rice,2022,2,2022-02-01,Bharthna APMC,,bharthna,Etawah
Uttar Pradesh,Rice,2022,2,2022-02-01,Bharuasumerpur APMC,1940.0,bharuasumerpur,Hamirpur
Uttar Pradesh,Rice,2022,2,2022-02-01,Bharwari APMC,1940.0,bharwari,Kaushambi
Uttar Pradesh,Rice,2022,2,2022-02-01,Bijnaur APMC,,bijnaur,Bijnor
Uttar Pradesh,Rice,2022,2,2022-02-01,Bilsi APMC,2225.7,bilsi,Budaun
Uttar Pradesh,Rice,2022,2,2022-02-01,Bindki APMC,2107.68,bindki,Fatehpur
Uttar Pradesh,Rice,2022,2,2022-02-01,Bishalpur APMC,1544.52,bishalpur,Pilibhit
Uttar Pradesh,Rice,2022,2,2022-02-01,Bisoli APMC,2297.36,bisoli,Badaun
Uttar Pradesh,Rice,2022,2,2022-02-01,Chandausi APMC,2220.0,chandausi,Sambhal
Uttar Pradesh,Rice,2022,2,2022-02-01,Chandoli APMC,1940.0,chandoli,Chandauli
Uttar Pradesh,Rice,2022,2,2022-02-01,Chhibramau APMC,,chhibramau,Kannauj
Uttar Pradesh,Rice,2022,2,2022-02-01,Chirgaon APMC,,chirgaon,Jhansi
Uttar Pradesh,Rice,2022,2,2022-02-01,Chorichora APMC,1940.0,chorichora,Gorakhpur
Uttar Pradesh,Rice,2022,2,2022-02-01,Choubepur APMC,1940.0,choubepur,Jaunpur
Uttar Pradesh,Rice,2022,2,2022-02-01,DADRI APMC,,dadri,Gautam Buddha Nagar
Uttar Pradesh,Rice,2022,2,2022-02-01,Dataganj APMC,1982.78,dataganj,Badaun
Uttar Pradesh,Rice,2022,2,2022-02-01,Devariya APMC,1940.0,devariya,Deoria
Uttar Pradesh,Rice,2022,2,2022-02-01,Dibiapur APMC,,dibiapur,Auraiya
Uttar Pradesh,Rice,2022,2,2022-02-01,Doharighat APMC,1929.67,doharighat,Azamgarh
Uttar Pradesh,Rice,2022,2,2022-02-01,Etawah APMC,,etawah,Etawah
Uttar Pradesh,Rice,2022,2,2022-02-01,Farukhabad APMC,,farukhabad,Farrukhabad
Uttar Pradesh,Rice,2022,2,2022-02-01,Fatehpur APMC,1940.0,fatehpur,Fatehpur
Uttar Pradesh,Rice,2022,2,2022-02-01,Gadaura APMC,1932.49,gadaura,Maharajganj
Uttar Pradesh,Rice,2022,2,2022-02-01,Golagokarnath APMC,1601.9,golagokarnath,Lalitpur
Uttar Pradesh,Rice,2022,2,2022-02-01,Gonda APMC,1940.0,gonda,Gonda
Uttar Pradesh,Rice,2022,2,2022-02-01,Gopiganj APMC,1940.0,gopiganj,Bhadohi
Uttar Pradesh,Rice,2022,2,2022-02-01,Gorakhpur APMC,1940.0,gorakhpur,Gorakhpur
Uttar Pradesh,Rice,2022,2,2022-02-01,Hardoi APMC,,hardoi,Hardoi
Uttar Pradesh,Rice,2022,2,2022-02-01,Hargaon (Laharpur) APMC,1940.0,hargaon (laharpur),Sitapur
Uttar Pradesh,Rice,2022,2,2022-02-01,Jafarganj APMC,,jafarganj,Amethi
Uttar Pradesh,Rice,2022,2,2022-02-01,Jahanabad APMC,1831.52,jahanabad,Fatehpur
Uttar Pradesh,Rice,2022,2,2022-02-01,Jasra APMC,1940.0,jasra,Prayagraj
Uttar Pradesh,Rice,2022,2,2022-02-01,Jaunpur APMC,1940.96,jaunpur,Jaunpur
Uttar Pradesh,Rice,2022,2,2022-02-01,Jayas APMC,1940.0,jayas,Rae Bareli
Uttar Pradesh,Rice,2022,2,2022-02-01,Jhijhank APMC,1940.0,jhijhank,Kanpur Dehat
Uttar Pradesh,Rice,2022,2,2022-02-01,Kannauj APMC,1940.0,kannauj,Kannauj
Uttar Pradesh,Rice,2022,2,2022-02-01,Kanpur(Grain) APMC,,kanpur(grain),Jaunpur
Uttar Pradesh,Rice,2022,2,2022-02-01,Karvi APMC,,karvi,Chitrakoot
Uttar Pradesh,Rice,2022,2,2022-02-01,Kayamganj APMC,2209.77,kayamganj,Farrukhabad
Uttar Pradesh,Rice,2022,2,2022-02-01,Khaga APMC,1940.0,khaga,Fatehpur
Uttar Pradesh,Rice,2022,2,2022-02-01,Khalilabad APMC,,khalilabad,Sant Kabir Nagar
Uttar Pradesh,Rice,2022,2,2022-02-01,Kishunpur APMC,,kishunpur,Bahraich
Uttar Pradesh,Rice,2022,2,2022-02-01,Kopaganj APMC,1940.0,kopaganj,
Uttar Pradesh,Rice,2022,2,2022-02-01,Kurara APMC,,kurara,Hamirpur
Uttar Pradesh,Rice,2022,2,2022-02-01,Lakhimpur APMC,1605.06,lakhimpur,Lalitpur
Uttar Pradesh,Rice,2022,2,2022-02-01,Lalganj APMC,1940.0,lalganj,Rae Bareli
Uttar Pradesh,Rice,2022,2,2022-02-01,Lucknow APMC,1940.0,lucknow,Lucknow
Uttar Pradesh,Rice,2022,2,2022-02-01,Madhoganj APMC,,madhoganj,Hardoi
Uttar Pradesh,Rice,2022,2,2022-02-01,Maharajganj APMC,,maharajganj,Rae Bareli
Uttar Pradesh,Rice,2022,2,2022-02-01,Maigalganj APMC,1535.97,maigalganj,Gorakhpur
Uttar Pradesh,Rice,2022,2,2022-02-01,Mehmoodabad APMC,,mehmoodabad,Sitapur
Uttar Pradesh,Rice,2022,2,2022-02-01,Milak APMC,2209.71,milak,Rampur
Uttar Pradesh,Rice,2022,2,2022-02-01,Mirzapur APMC,1940.0,mirzapur,Mirzapur
Uttar Pradesh,Rice,2022,2,2022-02-01,Mohamadabad APMC,,mohamadabad,Farrukhabad
Uttar Pradesh,Rice,2022,2,2022-02-01,Mohammdi APMC,1604.83,mohammdi,Kheri
Uttar Pradesh,Rice,2022,2,2022-02-01,Moth APMC,,moth,Jhansi
Uttar Pradesh,Rice,2022,2,2022-02-01,Mugrabaadshahpur APMC,,mugrabaadshahpur,Jaunpur
Uttar Pradesh,Rice,2022,2,2022-02-01,Muradabad APMC,,muradabad,Sambhal
Uttar Pradesh,Rice,2022,2,2022-02-01,Muskara APMC,1940.0,muskara,Mahoba
Uttar Pradesh,Rice,2022,2,2022-02-01,Naanpara APMC,,naanpara,Bahraich
Uttar Pradesh,Rice,2022,2,2022-02-01,Naugarh APMC,1928.77,naugarh,Siddharthnagar
Uttar Pradesh,Rice,2022,2,2022-02-01,Nawabganj APMC,1940.0,nawabganj,Gonda
Uttar Pradesh,Rice,2022,2,2022-02-01,Paliakala APMC,1589.47,paliakala,Lakhimpur Kheri
Uttar Pradesh,Rice,2022,2,2022-02-01,Panchpedwa APMC,,panchpedwa,Balrampur
Uttar Pradesh,Rice,2022,2,2022-02-01,Partaval APMC,1940.0,partaval,Mahrajganj
Uttar Pradesh,Rice,2022,2,2022-02-01,Pilibhit APMC,1495.72,pilibhit,Pilibhit
Uttar Pradesh,Rice,2022,2,2022-02-01,Powayan APMC,1532.38,powayan,Shahjahanpur
Uttar Pradesh,Rice,2022,2,2022-02-01,Pratapgarh APMC,1940.0,pratapgarh,Pratapgarh
Uttar Pradesh,Rice,2022,2,2022-02-01,Pukharayan APMC,1940.0,pukharayan,Kanpur Dehat
Uttar Pradesh,Rice,2022,2,2022-02-01,Puranpur APMC,1585.04,puranpur,Pilibhit
Uttar Pradesh,Rice,2022,2,2022-02-01,Purwa APMC,,purwa,Unnao
Uttar Pradesh,Rice,2022,2,2022-02-01,Raath APMC,,raath,Hamirpur
Uttar Pradesh,Rice,2022,2,2022-02-01,Raibareilly APMC,1940.0,raibareilly,Rae Bareli
Uttar Pradesh,Rice,2022,2,2022-02-01,Rampur APMC,,rampur,Rampur
Uttar Pradesh,Rice,2022,2,2022-02-01,Rasda APMC,1940.0,rasda,Ballia
Uttar Pradesh,Rice,2022,2,2022-02-01,Richha APMC,1940.0,richha,Bareilly
Uttar Pradesh,Rice,2022,2,2022-02-01,Rudauli APMC,1940.0,rudauli,Ayodhya
Uttar Pradesh,Rice,2022,2,2022-02-01,Rura APMC,1941.22,rura,Kanpur Dehat
Uttar Pradesh,Rice,2022,2,2022-02-01,Safdarganj APMC,1949.17,safdarganj,Barabanki
Uttar Pradesh,Rice,2022,2,2022-02-01,Saharanpur APMC,1940.0,saharanpur,Saharanpur
Uttar Pradesh,Rice,2022,2,2022-02-01,Sahiyapur APMC,1940.0,sahiyapur,Siddharthnagar
Uttar Pradesh,Rice,2022,2,2022-02-01,Salon APMC,1940.0,salon,Rae Bareli
Uttar Pradesh,Rice,2022,2,2022-02-01,Sambhal APMC,,sambhal,Sambhal
Uttar Pradesh,Rice,2022,2,2022-02-01,Sandi APMC,1940.0,sandi,Hardoi
Uttar Pradesh,Rice,2022,2,2022-02-01,Sandila APMC,,sandila,Hardoi
Uttar Pradesh,Rice,2022,2,2022-02-01,Sehjanwa APMC,1940.0,sehjanwa,Gorakhpur
Uttar Pradesh,Rice,2022,2,2022-02-01,Shahabad(New Mandi) APMC,,shahabad(new mandi),Hardoi
Uttar Pradesh,Rice,2022,2,2022-02-01,Shahganj APMC,1940.0,shahganj,Jaunpur
Uttar Pradesh,Rice,2022,2,2022-02-01,Shahjahanpur APMC,1500.0,shahjahanpur,Shahjahanpur
Uttar Pradesh,Rice,2022,2,2022-02-01,Sirsa APMC,1940.0,sirsa,Gautam Buddha Nagar
Uttar Pradesh,Rice,2022,2,2022-02-01,Sitapur APMC,,sitapur,Sitapur
Uttar Pradesh,Rice,2022,2,2022-02-01,Sultanpur APMC,,sultanpur,Amethi
Uttar Pradesh,Rice,2022,2,2022-02-01,Tamkuhi road APMC,1940.0,tamkuhi road,Kushinagar
Uttar Pradesh,Rice,2022,2,2022-02-01,Tikonia APMC,,tikonia,Lakhimpur Kheri
Uttar Pradesh,Rice,2022,2,2022-02-01,Tilhar APMC,1394.18,tilhar,Shahjahanpur
Uttar Pradesh,Rice,2022,2,2022-02-01,Tulsipur APMC,1940.0,tulsipur,Balrampur
Uttar Pradesh,Rice,2022,2,2022-02-01,Ujhani APMC,2200.0,ujhani,Budaun
Uttar Pradesh,Rice,2022,2,2022-02-01,Unnao APMC,1940.0,unnao,Unnao
Uttar Pradesh,Rice,2022,2,2022-02-01,Uttaripura APMC,1855.89,uttaripura,Jaunpur
Uttar Pradesh,Rice,2022,2,2022-02-01,Viswan APMC,,viswan,Sitapur
Uttar Pradesh,Rice,2022,2,2022-02-01,Wazirganj APMC,2208.97,wazirganj,Budaun
Uttar Pradesh,Rice,2022,3,2022-03-01,Ahirora APMC,,ahirora,Mirzapur
Uttar Pradesh,Rice,2022,3,2022-03-01,Ajuha APMC,,ajuha,Prayagraj
Uttar Pradesh,Rice,2022,3,2022-03-01,Akbarpur APMC,1940.0,akbarpur,Ambedkarnagar
Uttar Pradesh,Rice,2022,3,2022-03-01,Aligarh APMC,,aligarh,Aligarh
Uttar Pradesh,Rice,2022,3,2022-03-01,Anandnagar APMC,1641.59,anandnagar,Mahrajganj
Uttar Pradesh,Rice,2022,3,2022-03-01,Atarra APMC,1940.0,atarra,Banda
Uttar Pradesh,Rice,2022,3,2022-03-01,Ayodhya APMC,1722.97,ayodhya,Ayodhya
Uttar Pradesh,Rice,2022,3,2022-03-01,Azamgarh APMC,1940.0,azamgarh,Azamgarh
Uttar Pradesh,Rice,2022,3,2022-03-01,Baberu APMC,,baberu,Banda
Uttar Pradesh,Rice,2022,3,2022-03-01,Bachranwa APMC,1830.0,bachranwa,Rae Bareli
Uttar Pradesh,Rice,2022,3,2022-03-01,Badayoun APMC,,badayoun,Budaun
Uttar Pradesh,Rice,2022,3,2022-03-01,Bahraich APMC,1940.0,bahraich,Bahraich
Uttar Pradesh,Rice,2022,3,2022-03-01,Ballia APMC,,ballia,Ballia
Uttar Pradesh,Rice,2022,3,2022-03-01,Balrampur APMC,1940.0,balrampur,Balrampur
Uttar Pradesh,Rice,2022,3,2022-03-01,Banda APMC,1940.0,banda,Banda
Uttar Pradesh,Rice,2022,3,2022-03-01,Bangarmau APMC,1847.51,bangarmau,Unnao
Uttar Pradesh,Rice,2022,3,2022-03-01,Bansi APMC,1630.0,bansi,Siddharthnagar
Uttar Pradesh,Rice,2022,3,2022-03-01,Barabanki APMC,1940.0,barabanki,Bara Banki
Uttar Pradesh,Rice,2022,3,2022-03-01,Bareilly APMC,,bareilly,Bareilly
Uttar Pradesh,Rice,2022,3,2022-03-01,Barhaj APMC,1940.0,barhaj,Deoria
Uttar Pradesh,Rice,2022,3,2022-03-01,Baripaal APMC,2248.0,baripaal,Jaunpur
Uttar Pradesh,Rice,2022,3,2022-03-01,Basti APMC,1669.7,basti,Basti
Uttar Pradesh,Rice,2022,3,2022-03-01,Bharthna APMC,,bharthna,Etawah
Uttar Pradesh,Rice,2022,3,2022-03-01,Bharuasumerpur APMC,,bharuasumerpur,Hamirpur
Uttar Pradesh,Rice,2022,3,2022-03-01,Bharwari APMC,,bharwari,Kaushambi
Uttar Pradesh,Rice,2022,3,2022-03-01,Bilsi APMC,,bilsi,Budaun
Uttar Pradesh,Rice,2022,3,2022-03-01,Bindki APMC,2062.13,bindki,Fatehpur
Uttar Pradesh,Rice,2022,3,2022-03-01,Bishalpur APMC,,bishalpur,Pilibhit
Uttar Pradesh,Rice,2022,3,2022-03-01,Bisoli APMC,2448.32,bisoli,Badaun
Uttar Pradesh,Rice,2022,3,2022-03-01,Chandausi APMC,,chandausi,Sambhal
Uttar Pradesh,Rice,2022,3,2022-03-01,Chandoli APMC,1929.25,chandoli,Chandauli
Uttar Pradesh,Rice,2022,3,2022-03-01,Chorichora APMC,1645.67,chorichora,Gorakhpur
Uttar Pradesh,Rice,2022,3,2022-03-01,Choubepur APMC,1940.0,choubepur,Jaunpur
Uttar Pradesh,Rice,2022,3,2022-03-01,Dataganj APMC,2122.09,dataganj,Badaun
Uttar Pradesh,Rice,2022,3,2022-03-01,Devariya APMC,1679.14,devariya,Deoria
Uttar Pradesh,Rice,2022,3,2022-03-01,Dibiapur APMC,,dibiapur,Auraiya
Uttar Pradesh,Rice,2022,3,2022-03-01,Doharighat APMC,1925.0,doharighat,Azamgarh
Uttar Pradesh,Rice,2022,3,2022-03-01,Fatehpur APMC,1925.95,fatehpur,Fatehpur
Uttar Pradesh,Rice,2022,3,2022-03-01,Gadaura APMC,1930.0,gadaura,Maharajganj
Uttar Pradesh,Rice,2022,3,2022-03-01,Golagokarnath APMC,1657.96,golagokarnath,Lalitpur
Uttar Pradesh,Rice,2022,3,2022-03-01,Gonda APMC,1618.37,gonda,Gonda
Uttar Pradesh,Rice,2022,3,2022-03-01,Gopiganj APMC,,gopiganj,Bhadohi
Uttar Pradesh,Rice,2022,3,2022-03-01,Gorakhpur APMC,1636.83,gorakhpur,Gorakhpur
Uttar Pradesh,Rice,2022,3,2022-03-01,Hardoi APMC,1759.12,hardoi,Hardoi
Uttar Pradesh,Rice,2022,3,2022-03-01,Hargaon (Laharpur) APMC,,hargaon (laharpur),Sitapur
Uttar Pradesh,Rice,2022,3,2022-03-01,Jafarganj APMC,1498.21,jafarganj,Amethi
Uttar Pradesh,Rice,2022,3,2022-03-01,Jahanabad APMC,1953.65,jahanabad,Fatehpur
Uttar Pradesh,Rice,2022,3,2022-03-01,Jasra APMC,,jasra,Prayagraj
Uttar Pradesh,Rice,2022,3,2022-03-01,Jaunpur APMC,,jaunpur,Jaunpur
Uttar Pradesh,Rice,2022,3,2022-03-01,Jayas APMC,1819.38,jayas,Rae Bareli
Uttar Pradesh,Rice,2022,3,2022-03-01,Jhijhank APMC,,jhijhank,Kanpur Dehat
Uttar Pradesh,Rice,2022,3,2022-03-01,Kannauj APMC,,kannauj,Kannauj
Uttar Pradesh,Rice,2022,3,2022-03-01,Kayamganj APMC,,kayamganj,Farrukhabad
Uttar Pradesh,Rice,2022,3,2022-03-01,Khaga APMC,1912.78,khaga,Fatehpur
Uttar Pradesh,Rice,2022,3,2022-03-01,Khalilabad APMC,,khalilabad,Sant Kabir Nagar
Uttar Pradesh,Rice,2022,3,2022-03-01,Kishunpur APMC,,kishunpur,Bahraich
Uttar Pradesh,Rice,2022,3,2022-03-01,Kopaganj APMC,,kopaganj,
Uttar Pradesh,Rice,2022,3,2022-03-01,Kurara APMC,1402.7,kurara,Hamirpur
Uttar Pradesh,Rice,2022,3,2022-03-01,Lakhimpur APMC,1671.42,lakhimpur,Lalitpur
Uttar Pradesh,Rice,2022,3,2022-03-01,Lalganj APMC,1816.54,lalganj,Rae Bareli
Uttar Pradesh,Rice,2022,3,2022-03-01,Lucknow APMC,1940.0,lucknow,Lucknow
Uttar Pradesh,Rice,2022,3,2022-03-01,Madhoganj APMC,,madhoganj,Hardoi
Uttar Pradesh,Rice,2022,3,2022-03-01,Maharajganj APMC,,maharajganj,Rae Bareli
Uttar Pradesh,Rice,2022,3,2022-03-01,Maigalganj APMC,1589.69,maigalganj,Gorakhpur
Uttar Pradesh,Rice,2022,3,2022-03-01,Mehmoodabad APMC,,mehmoodabad,Sitapur
Uttar Pradesh,Rice,2022,3,2022-03-01,Milak APMC,2234.84,milak,Rampur
Uttar Pradesh,Rice,2022,3,2022-03-01,Mirzapur APMC,,mirzapur,Mirzapur
Uttar Pradesh,Rice,2022,3,2022-03-01,Mohamadabad APMC,,mohamadabad,Farrukhabad
Uttar Pradesh,Rice,2022,3,2022-03-01,Mohammdi APMC,1661.14,mohammdi,Kheri
Uttar Pradesh,Rice,2022,3,2022-03-01,Muskara APMC,1940.0,muskara,Mahoba
Uttar Pradesh,Rice,2022,3,2022-03-01,Naanpara APMC,,naanpara,Bahraich
Uttar Pradesh,Rice,2022,3,2022-03-01,Naugarh APMC,1687.74,naugarh,Siddharthnagar
Uttar Pradesh,Rice,2022,3,2022-03-01,Nawabganj APMC,1885.98,nawabganj,Gonda
Uttar Pradesh,Rice,2022,3,2022-03-01,Paliakala APMC,1647.47,paliakala,Lakhimpur Kheri
Uttar Pradesh,Rice,2022,3,2022-03-01,Panchpedwa APMC,1590.28,panchpedwa,Balrampur
Uttar Pradesh,Rice,2022,3,2022-03-01,Partaval APMC,1663.21,partaval,Mahrajganj
Uttar Pradesh,Rice,2022,3,2022-03-01,Pilibhit APMC,1544.97,pilibhit,Pilibhit
Uttar Pradesh,Rice,2022,3,2022-03-01,Powayan APMC,1550.0,powayan,Shahjahanpur
Uttar Pradesh,Rice,2022,3,2022-03-01,Pratapgarh APMC,1940.0,pratapgarh,Pratapgarh
Uttar Pradesh,Rice,2022,3,2022-03-01,Pukharayan APMC,,pukharayan,Kanpur Dehat
Uttar Pradesh,Rice,2022,3,2022-03-01,Puranpur APMC,3249.18,puranpur,Pilibhit
Uttar Pradesh,Rice,2022,3,2022-03-01,Purwa APMC,,purwa,Unnao
Uttar Pradesh,Rice,2022,3,2022-03-01,Raibareilly APMC,1826.34,raibareilly,Rae Bareli
Uttar Pradesh,Rice,2022,3,2022-03-01,Rasda APMC,,rasda,Ballia
Uttar Pradesh,Rice,2022,3,2022-03-01,Richha APMC,1940.0,richha,Bareilly
Uttar Pradesh,Rice,2022,3,2022-03-01,Rudauli APMC,1940.0,rudauli,Ayodhya
Uttar Pradesh,Rice,2022,3,2022-03-01,Rura APMC,1715.62,rura,Kanpur Dehat
Uttar Pradesh,Rice,2022,3,2022-03-01,Safdarganj APMC,1940.0,safdarganj,Barabanki
Uttar Pradesh,Rice,2022,3,2022-03-01,Saharanpur APMC,,saharanpur,Saharanpur
Uttar Pradesh,Rice,2022,3,2022-03-01,Sahiyapur APMC,1646.0,sahiyapur,Siddharthnagar
Uttar Pradesh,Rice,2022,3,2022-03-01,Salon APMC,1855.19,salon,Rae Bareli
Uttar Pradesh,Rice,2022,3,2022-03-01,Sandi APMC,,sandi,Hardoi
Uttar Pradesh,Rice,2022,3,2022-03-01,Sandila APMC,1720.35,sandila,Hardoi
Uttar Pradesh,Rice,2022,3,2022-03-01,Sehjanwa APMC,1629.51,sehjanwa,Gorakhpur
Uttar Pradesh,Rice,2022,3,2022-03-01,Shahabad(New Mandi) APMC,1650.0,shahabad(new mandi),Hardoi
Uttar Pradesh,Rice,2022,3,2022-03-01,Shahganj APMC,,shahganj,Jaunpur
Uttar Pradesh,Rice,2022,3,2022-03-01,Shahjahanpur APMC,1521.58,shahjahanpur,Shahjahanpur
Uttar Pradesh,Rice,2022,3,2022-03-01,Sirsa APMC,1940.0,sirsa,Gautam Buddha Nagar
Uttar Pradesh,Rice,2022,3,2022-03-01,Sitapur APMC,1589.55,sitapur,Sitapur
Uttar Pradesh,Rice,2022,3,2022-03-01,Sultanpur APMC,1483.49,sultanpur,Amethi
Uttar Pradesh,Rice,2022,3,2022-03-01,Tamkuhi road APMC,1600.0,tamkuhi road,Kushinagar
Uttar Pradesh,Rice,2022,3,2022-03-01,Tilhar APMC,1447.73,tilhar,Shahjahanpur
Uttar Pradesh,Rice,2022,3,2022-03-01,Tulsipur APMC,1672.48,tulsipur,Balrampur
Uttar Pradesh,Rice,2022,3,2022-03-01,Ujhani APMC,2200.0,ujhani,Budaun
Uttar Pradesh,Rice,2022,3,2022-03-01,Unnao APMC,1940.33,unnao,Unnao
Uttar Pradesh,Rice,2022,3,2022-03-01,Uttaripura APMC,1858.45,uttaripura,Jaunpur
Uttar Pradesh,Rice,2022,3,2022-03-01,Wazirganj APMC,2230.1,wazirganj,Budaun
Uttar Pradesh,Rice,2022,4,2022-04-01,Akbarpur APMC,,akbarpur,Ambedkarnagar
Uttar Pradesh,Rice,2022,4,2022-04-01,Anandnagar APMC,,anandnagar,Mahrajganj
Uttar Pradesh,Rice,2022,4,2022-04-01,Atarra APMC,,atarra,Banda
Uttar Pradesh,Rice,2022,4,2022-04-01,Ayodhya APMC,1800.0,ayodhya,Ayodhya
Uttar Pradesh,Rice,2022,4,2022-04-01,Azamgarh APMC,,azamgarh,Azamgarh
Uttar Pradesh,Rice,2022,4,2022-04-01,Bachranwa APMC,1830.0,bachranwa,Rae Bareli
Uttar Pradesh,Rice,2022,4,2022-04-01,Bahraich APMC,,bahraich,Bahraich
Uttar Pradesh,Rice,2022,4,2022-04-01,Balrampur APMC,,balrampur,Balrampur
Uttar Pradesh,Rice,2022,4,2022-04-01,Banda APMC,,banda,Banda
Uttar Pradesh,Rice,2022,4,2022-04-01,Bangarmau APMC,1812.46,bangarmau,Unnao
Uttar Pradesh,Rice,2022,4,2022-04-01,Bansi APMC,1530.0,bansi,Siddharthnagar
Uttar Pradesh,Rice,2022,4,2022-04-01,Barabanki APMC,,barabanki,Bara Banki
Uttar Pradesh,Rice,2022,4,2022-04-01,Bareilly APMC,1750.0,bareilly,Bareilly
Uttar Pradesh,Rice,2022,4,2022-04-01,Barhaj APMC,,barhaj,Deoria
Uttar Pradesh,Rice,2022,4,2022-04-01,Baripaal APMC,1550.0,baripaal,Jaunpur
Uttar Pradesh,Rice,2022,4,2022-04-01,Basti APMC,1550.64,basti,Basti
Uttar Pradesh,Rice,2022,4,2022-04-01,Bharthna APMC,,bharthna,Etawah
Uttar Pradesh,Rice,2022,4,2022-04-01,Bharwari APMC,,bharwari,Kaushambi
Uttar Pradesh,Rice,2022,4,2022-04-01,Bindki APMC,2124.83,bindki,Fatehpur
Uttar Pradesh,Rice,2022,4,2022-04-01,Bisoli APMC,2696.67,bisoli,Badaun
Uttar Pradesh,Rice,2022,4,2022-04-01,Chandoli APMC,1940.0,chandoli,Chandauli
Uttar Pradesh,Rice,2022,4,2022-04-01,Chorichora APMC,1527.7,chorichora,Gorakhpur
Uttar Pradesh,Rice,2022,4,2022-04-01,Choubepur APMC,,choubepur,Jaunpur
Uttar Pradesh,Rice,2022,4,2022-04-01,Dataganj APMC,2114.29,dataganj,Badaun
Uttar Pradesh,Rice,2022,4,2022-04-01,Devariya APMC,1539.14,devariya,Deoria
Uttar Pradesh,Rice,2022,4,2022-04-01,Dibiapur APMC,1600.0,dibiapur,Auraiya
Uttar Pradesh,Rice,2022,4,2022-04-01,Doharighat APMC,,doharighat,Azamgarh
Uttar Pradesh,Rice,2022,4,2022-04-01,Fatehpur APMC,1793.5,fatehpur,Fatehpur
Uttar Pradesh,Rice,2022,4,2022-04-01,Gadaura APMC,1832.98,gadaura,Maharajganj
Uttar Pradesh,Rice,2022,4,2022-04-01,Golagokarnath APMC,1746.85,golagokarnath,Lalitpur
Uttar Pradesh,Rice,2022,4,2022-04-01,Gonda APMC,1486.38,gonda,Gonda
Uttar Pradesh,Rice,2022,4,2022-04-01,Gorakhpur APMC,1515.03,gorakhpur,Gorakhpur
Uttar Pradesh,Rice,2022,4,2022-04-01,Hardoi APMC,1838.76,hardoi,Hardoi
Uttar Pradesh,Rice,2022,4,2022-04-01,Jafarganj APMC,1488.89,jafarganj,Amethi
Uttar Pradesh,Rice,2022,4,2022-04-01,Jahanabad APMC,1862.83,jahanabad,Fatehpur
Uttar Pradesh,Rice,2022,4,2022-04-01,Jayas APMC,1773.84,jayas,Rae Bareli
Uttar Pradesh,Rice,2022,4,2022-04-01,Khaga APMC,,khaga,Fatehpur
Uttar Pradesh,Rice,2022,4,2022-04-01,Khalilabad APMC,,khalilabad,Sant Kabir Nagar
Uttar Pradesh,Rice,2022,4,2022-04-01,Kurara APMC,1488.79,kurara,Hamirpur
Uttar Pradesh,Rice,2022,4,2022-04-01,Lakhimpur APMC,1761.34,lakhimpur,Lalitpur
Uttar Pradesh,Rice,2022,4,2022-04-01,Lalganj APMC,1806.45,lalganj,Rae Bareli
Uttar Pradesh,Rice,2022,4,2022-04-01,Lucknow APMC,,lucknow,Lucknow
Uttar Pradesh,Rice,2022,4,2022-04-01,Madhoganj APMC,,madhoganj,Hardoi
Uttar Pradesh,Rice,2022,4,2022-04-01,Maharajganj APMC,,maharajganj,Rae Bareli
Uttar Pradesh,Rice,2022,4,2022-04-01,Maigalganj APMC,1742.3,maigalganj,Gorakhpur
Uttar Pradesh,Rice,2022,4,2022-04-01,Milak APMC,,milak,Rampur
Uttar Pradesh,Rice,2022,4,2022-04-01,Mohammdi APMC,1753.32,mohammdi,Kheri
Uttar Pradesh,Rice,2022,4,2022-04-01,Muskara APMC,,muskara,Mahoba
Uttar Pradesh,Rice,2022,4,2022-04-01,Naanpara APMC,,naanpara,Bahraich
Uttar Pradesh,Rice,2022,4,2022-04-01,Naugarh APMC,1585.87,naugarh,Siddharthnagar
Uttar Pradesh,Rice,2022,4,2022-04-01,Nawabganj APMC,,nawabganj,Gonda
Uttar Pradesh,Rice,2022,4,2022-04-01,Paliakala APMC,1731.54,paliakala,Lakhimpur Kheri
Uttar Pradesh,Rice,2022,4,2022-04-01,Panchpedwa APMC,1608.05,panchpedwa,Balrampur
Uttar Pradesh,Rice,2022,4,2022-04-01,Partaval APMC,1579.03,partaval,Mahrajganj
Uttar Pradesh,Rice,2022,4,2022-04-01,Pilibhit APMC,1491.13,pilibhit,Pilibhit
Uttar Pradesh,Rice,2022,4,2022-04-01,Powayan APMC,,powayan,Shahjahanpur
Uttar Pradesh,Rice,2022,4,2022-04-01,Pratapgarh APMC,,pratapgarh,Pratapgarh
Uttar Pradesh,Rice,2022,4,2022-04-01,Puranpur APMC,2348.81,puranpur,Pilibhit
Uttar Pradesh,Rice,2022,4,2022-04-01,Raibareilly APMC,1825.36,raibareilly,Rae Bareli
Uttar Pradesh,Rice,2022,4,2022-04-01,Richha APMC,,richha,Bareilly
Uttar Pradesh,Rice,2022,4,2022-04-01,Rudauli APMC,,rudauli,Ayodhya
Uttar Pradesh,Rice,2022,4,2022-04-01,Rura APMC,,rura,Kanpur Dehat
Uttar Pradesh,Rice,2022,4,2022-04-01,Safdarganj APMC,,safdarganj,Barabanki
Uttar Pradesh,Rice,2022,4,2022-04-01,Sahiyapur APMC,1514.55,sahiyapur,Siddharthnagar
Uttar Pradesh,Rice,2022,4,2022-04-01,Salon APMC,1847.74,salon,Rae Bareli
Uttar Pradesh,Rice,2022,4,2022-04-01,Sandila APMC,1803.76,sandila,Hardoi
Uttar Pradesh,Rice,2022,4,2022-04-01,Sehjanwa APMC,1555.0,sehjanwa,Gorakhpur
Uttar Pradesh,Rice,2022,4,2022-04-01,Shahabad(New Mandi) APMC,,shahabad(new mandi),Hardoi
Uttar Pradesh,Rice,2022,4,2022-04-01,Shahjahanpur APMC,1490.0,shahjahanpur,Shahjahanpur
Uttar Pradesh,Rice,2022,4,2022-04-01,Sirsa APMC,,sirsa,Gautam Buddha Nagar
Uttar Pradesh,Rice,2022,4,2022-04-01,Sitapur APMC,1616.16,sitapur,Sitapur
Uttar Pradesh,Rice,2022,4,2022-04-01,Sultanpur APMC,1500.57,sultanpur,Amethi
Uttar Pradesh,Rice,2022,4,2022-04-01,Tamkuhi road APMC,1525.0,tamkuhi road,Kushinagar
Uttar Pradesh,Rice,2022,4,2022-04-01,Tilhar APMC,1475.0,tilhar,Shahjahanpur
Uttar Pradesh,Rice,2022,4,2022-04-01,Tulsipur APMC,1470.59,tulsipur,Balrampur
Uttar Pradesh,Rice,2022,4,2022-04-01,Ujhani APMC,,ujhani,Budaun
Uttar Pradesh,Rice,2022,4,2022-04-01,Unnao APMC,1940.0,unnao,Unnao
Uttar Pradesh,Rice,2022,4,2022-04-01,Uttaripura APMC,1853.02,uttaripura,Jaunpur
Uttar Pradesh,Rice,2022,4,2022-04-01,Wazirganj APMC,,wazirganj,Budaun
Uttar Pradesh,Rice,2022,5,2022-05-01,Ayodhya APMC,1650.0,ayodhya,Ayodhya
Uttar Pradesh,Rice,2022,5,2022-05-01,Bachranwa APMC,1798.56,bachranwa,Rae Bareli
Uttar Pradesh,Rice,2022,5,2022-05-01,Bangarmau APMC,1753.09,bangarmau,Unnao
Uttar Pradesh,Rice,2022,5,2022-05-01,Bansi APMC,1490.0,bansi,Siddharthnagar
Uttar Pradesh,Rice,2022,5,2022-05-01,Bareilly APMC,,bareilly,Bareilly
Uttar Pradesh,Rice,2022,5,2022-05-01,Baripaal APMC,2004.35,baripaal,Jaunpur
Uttar Pradesh,Rice,2022,5,2022-05-01,Basti APMC,1495.93,basti,Basti
Uttar Pradesh,Rice,2022,5,2022-05-01,Bindki APMC,2185.64,bindki,Fatehpur
Uttar Pradesh,Rice,2022,5,2022-05-01,Bisoli APMC,,bisoli,Badaun
Uttar Pradesh,Rice,2022,5,2022-05-01,Chandoli APMC,1937.96,chandoli,Chandauli
Uttar Pradesh,Rice,2022,5,2022-05-01,Chorichora APMC,1484.43,chorichora,Gorakhpur
Uttar Pradesh,Rice,2022,5,2022-05-01,Dataganj APMC,,dataganj,Badaun
Uttar Pradesh,Rice,2022,5,2022-05-01,Devariya APMC,1489.58,devariya,Deoria
Uttar Pradesh,Rice,2022,5,2022-05-01,Dibiapur APMC,,dibiapur,Auraiya
Uttar Pradesh,Rice,2022,5,2022-05-01,Fatehpur APMC,,fatehpur,Fatehpur
Uttar Pradesh,Rice,2022,5,2022-05-01,Gadaura APMC,1810.0,gadaura,Maharajganj
Uttar Pradesh,Rice,2022,5,2022-05-01,Golagokarnath APMC,1775.27,golagokarnath,Lalitpur
Uttar Pradesh,Rice,2022,5,2022-05-01,Gonda APMC,1482.86,gonda,Gonda
Uttar Pradesh,Rice,2022,5,2022-05-01,Gorakhpur APMC,1476.97,gorakhpur,Gorakhpur
Uttar Pradesh,Rice,2022,5,2022-05-01,Hardoi APMC,1836.74,hardoi,Hardoi
Uttar Pradesh,Rice,2022,5,2022-05-01,Jafarganj APMC,,jafarganj,Amethi
Uttar Pradesh,Rice,2022,5,2022-05-01,Jahanabad APMC,,jahanabad,Fatehpur
Uttar Pradesh,Rice,2022,5,2022-05-01,Jayas APMC,1768.71,jayas,Rae Bareli
Uttar Pradesh,Rice,2022,5,2022-05-01,Khalilabad APMC,,khalilabad,Sant Kabir Nagar
Uttar Pradesh,Rice,2022,5,2022-05-01,Kurara APMC,1500.0,kurara,Hamirpur
Uttar Pradesh,Rice,2022,5,2022-05-01,Lakhimpur APMC,1782.09,lakhimpur,Lalitpur
Uttar Pradesh,Rice,2022,5,2022-05-01,Lalganj APMC,1808.46,lalganj,Rae Bareli
Uttar Pradesh,Rice,2022,5,2022-05-01,Madhoganj APMC,1810.22,madhoganj,Hardoi
Uttar Pradesh,Rice,2022,5,2022-05-01,Maigalganj APMC,1706.5,maigalganj,Gorakhpur
Uttar Pradesh,Rice,2022,5,2022-05-01,Mohammdi APMC,1776.78,mohammdi,Kheri
Uttar Pradesh,Rice,2022,5,2022-05-01,Naugarh APMC,,naugarh,Siddharthnagar
Uttar Pradesh,Rice,2022,5,2022-05-01,Nautnava APMC,,nautnava,Maharajganj
Uttar Pradesh,Rice,2022,5,2022-05-01,Paliakala APMC,1754.3,paliakala,Lakhimpur Kheri
Uttar Pradesh,Rice,2022,5,2022-05-01,Panchpedwa APMC,,panchpedwa,Balrampur
Uttar Pradesh,Rice,2022,5,2022-05-01,Partaval APMC,1500.0,partaval,Mahrajganj
Uttar Pradesh,Rice,2022,5,2022-05-01,Pilibhit APMC,1476.25,pilibhit,Pilibhit
Uttar Pradesh,Rice,2022,5,2022-05-01,Puranpur APMC,1480.0,puranpur,Pilibhit
Uttar Pradesh,Rice,2022,5,2022-05-01,Raibareilly APMC,1845.09,raibareilly,Rae Bareli
Uttar Pradesh,Rice,2022,5,2022-05-01,Sahiyapur APMC,1490.05,sahiyapur,Siddharthnagar
Uttar Pradesh,Rice,2022,5,2022-05-01,Salon APMC,1863.09,salon,Rae Bareli
Uttar Pradesh,Rice,2022,5,2022-05-01,Sandila APMC,1804.57,sandila,Hardoi
Uttar Pradesh,Rice,2022,5,2022-05-01,Sehjanwa APMC,1495.49,sehjanwa,Gorakhpur
Uttar Pradesh,Rice,2022,5,2022-05-01,Shahabad(New Mandi) APMC,,shahabad(new mandi),Hardoi
Uttar Pradesh,Rice,2022,5,2022-05-01,Shahjahanpur APMC,1490.0,shahjahanpur,Shahjahanpur
Uttar Pradesh,Rice,2022,5,2022-05-01,Sitapur APMC,1553.79,sitapur,Sitapur
Uttar Pradesh,Rice,2022,5,2022-05-01,Sultanpur APMC,1490.78,sultanpur,Amethi
Uttar Pradesh,Rice,2022,5,2022-05-01,Tamkuhi road APMC,1480.0,tamkuhi road,Kushinagar
Uttar Pradesh,Rice,2022,5,2022-05-01,Tilhar APMC,,tilhar,Shahjahanpur
Uttar Pradesh,Rice,2022,5,2022-05-01,Tulsipur APMC,1469.55,tulsipur,Balrampur
Uttar Pradesh,Rice,2022,5,2022-05-01,Unnao APMC,,unnao,Unnao
Uttar Pradesh,Rice,2022,5,2022-05-01,Uttaripura APMC,1943.64,uttaripura,Jaunpur
Uttar Pradesh,Rice,2022,6,2022-06-01,Anandnagar APMC,1489.28,anandnagar,Mahrajganj
Uttar Pradesh,Rice,2022,6,2022-06-01,Ayodhya APMC,1713.23,ayodhya,Ayodhya
Uttar Pradesh,Rice,2022,6,2022-06-01,Bachranwa APMC,1932.28,bachranwa,Rae Bareli
Uttar Pradesh,Rice,2022,6,2022-06-01,Bangarmau APMC,1800.0,bangarmau,Unnao
Uttar Pradesh,Rice,2022,6,2022-06-01,Bansi APMC,1520.0,bansi,Siddharthnagar
Uttar Pradesh,Rice,2022,6,2022-06-01,Baripaal APMC,,baripaal,Jaunpur
Uttar Pradesh,Rice,2022,6,2022-06-01,Basti APMC,1520.4,basti,Basti
Uttar Pradesh,Rice,2022,6,2022-06-01,Bindki APMC,2150.29,bindki,Fatehpur
Uttar Pradesh,Rice,2022,6,2022-06-01,Chandoli APMC,1941.72,chandoli,Chandauli
Uttar Pradesh,Rice,2022,6,2022-06-01,Chorichora APMC,1487.01,chorichora,Gorakhpur
Uttar Pradesh,Rice,2022,6,2022-06-01,Devariya APMC,1497.8,devariya,Deoria
Uttar Pradesh,Rice,2022,6,2022-06-01,Gadaura APMC,,gadaura,Maharajganj
Uttar Pradesh,Rice,2022,6,2022-06-01,Golagokarnath APMC,1788.81,golagokarnath,Lalitpur
Uttar Pradesh,Rice,2022,6,2022-06-01,Gonda APMC,1751.27,gonda,Gonda
Uttar Pradesh,Rice,2022,6,2022-06-01,Gorakhpur APMC,1499.86,gorakhpur,Gorakhpur
Uttar Pradesh,Rice,2022,6,2022-06-01,Hardoi APMC,1807.75,hardoi,Hardoi
Uttar Pradesh,Rice,2022,6,2022-06-01,Jafarganj APMC,,jafarganj,Amethi
Uttar Pradesh,Rice,2022,6,2022-06-01,Jahanabad APMC,1850.0,jahanabad,Fatehpur
Uttar Pradesh,Rice,2022,6,2022-06-01,Jayas APMC,1894.62,jayas,Rae Bareli
Uttar Pradesh,Rice,2022,6,2022-06-01,Kurara APMC,,kurara,Hamirpur
Uttar Pradesh,Rice,2022,6,2022-06-01,Lakhimpur APMC,1792.63,lakhimpur,Lalitpur
Uttar Pradesh,Rice,2022,6,2022-06-01,Lalganj APMC,1877.49,lalganj,Rae Bareli
Uttar Pradesh,Rice,2022,6,2022-06-01,Madhoganj APMC,1819.35,madhoganj,Hardoi
Uttar Pradesh,Rice,2022,6,2022-06-01,Maigalganj APMC,1741.81,maigalganj,Gorakhpur
Uttar Pradesh,Rice,2022,6,2022-06-01,Mohammdi APMC,1784.91,mohammdi,Kheri
Uttar Pradesh,Rice,2022,6,2022-06-01,Naugarh APMC,1495.52,naugarh,Siddharthnagar
Uttar Pradesh,Rice,2022,6,2022-06-01,Paliakala APMC,1765.58,paliakala,Lakhimpur Kheri
Uttar Pradesh,Rice,2022,6,2022-06-01,Partaval APMC,1500.0,partaval,Mahrajganj
Uttar Pradesh,Rice,2022,6,2022-06-01,Pilibhit APMC,1527.6,pilibhit,Pilibhit
Uttar Pradesh,Rice,2022,6,2022-06-01,Puranpur APMC,1474.2,puranpur,Pilibhit
Uttar Pradesh,Rice,2022,6,2022-06-01,Raibareilly APMC,1886.01,raibareilly,Rae Bareli
Uttar Pradesh,Rice,2022,6,2022-06-01,Sahiyapur APMC,1731.25,sahiyapur,Siddharthnagar
Uttar Pradesh,Rice,2022,6,2022-06-01,Salon APMC,1830.35,salon,Rae Bareli
Uttar Pradesh,Rice,2022,6,2022-06-01,Sandila APMC,1792.93,sandila,Hardoi
Uttar Pradesh,Rice,2022,6,2022-06-01,Sehjanwa APMC,1492.37,sehjanwa,Gorakhpur
Uttar Pradesh,Rice,2022,6,2022-06-01,Shahjahanpur APMC,1493.1,shahjahanpur,Shahjahanpur
Uttar Pradesh,Rice,2022,6,2022-06-01,Sitapur APMC,1578.78,sitapur,Sitapur
Uttar Pradesh,Rice,2022,6,2022-06-01,Sultanpur APMC,1480.41,sultanpur,Amethi
Uttar Pradesh,Rice,2022,6,2022-06-01,Tamkuhi road APMC,,tamkuhi road,Kushinagar
Uttar Pradesh,Rice,2022,6,2022-06-01,Tulsipur APMC,1471.67,tulsipur,Balrampur
Uttar Pradesh,Rice,2022,6,2022-06-01,Uttaripura APMC,1995.71,uttaripura,Jaunpur
Uttar Pradesh,Rice,2022,7,2022-07-01,Anandnagar APMC,1510.11,anandnagar,Mahrajganj
Uttar Pradesh,Rice,2022,7,2022-07-01,Ayodhya APMC,1786.0,ayodhya,Ayodhya
Uttar Pradesh,Rice,2022,7,2022-07-01,Bachranwa APMC,1968.49,bachranwa,Rae Bareli
Uttar Pradesh,Rice,2022,7,2022-07-01,Bangarmau APMC,1813.19,bangarmau,Unnao
Uttar Pradesh,Rice,2022,7,2022-07-01,Bansi APMC,1530.0,bansi,Siddharthnagar
Uttar Pradesh,Rice,2022,7,2022-07-01,Basti APMC,1532.96,basti,Basti
Uttar Pradesh,Rice,2022,7,2022-07-01,Bindki APMC,1996.93,bindki,Fatehpur
Uttar Pradesh,Rice,2022,7,2022-07-01,Chandoli APMC,,chandoli,Chandauli
Uttar Pradesh,Rice,2022,7,2022-07-01,Chorichora APMC,1584.9,chorichora,Gorakhpur
Uttar Pradesh,Rice,2022,7,2022-07-01,Devariya APMC,1514.12,devariya,Deoria
Uttar Pradesh,Rice,2022,7,2022-07-01,Golagokarnath APMC,1791.75,golagokarnath,Lalitpur
Uttar Pradesh,Rice,2022,7,2022-07-01,Gonda APMC,1504.84,gonda,Gonda
Uttar Pradesh,Rice,2022,7,2022-07-01,Gorakhpur APMC,1513.92,gorakhpur,Gorakhpur
Uttar Pradesh,Rice,2022,7,2022-07-01,Hardoi APMC,1751.98,hardoi,Hardoi
Uttar Pradesh,Rice,2022,7,2022-07-01,Jafarganj APMC,,jafarganj,Amethi
Uttar Pradesh,Rice,2022,7,2022-07-01,Jahanabad APMC,,jahanabad,Fatehpur
Uttar Pradesh,Rice,2022,7,2022-07-01,Jayas APMC,2392.13,jayas,Rae Bareli
Uttar Pradesh,Rice,2022,7,2022-07-01,Lakhimpur APMC,1795.63,lakhimpur,Lalitpur
Uttar Pradesh,Rice,2022,7,2022-07-01,Lalganj APMC,2153.73,lalganj,Rae Bareli
Uttar Pradesh,Rice,2022,7,2022-07-01,Madhoganj APMC,1781.15,madhoganj,Hardoi
Uttar Pradesh,Rice,2022,7,2022-07-01,Maigalganj APMC,1745.6,maigalganj,Gorakhpur
Uttar Pradesh,Rice,2022,7,2022-07-01,Mohammdi APMC,1789.74,mohammdi,Kheri
Uttar Pradesh,Rice,2022,7,2022-07-01,Naugarh APMC,1506.79,naugarh,Siddharthnagar
Uttar Pradesh,Rice,2022,7,2022-07-01,Paliakala APMC,1764.85,paliakala,Lakhimpur Kheri
Uttar Pradesh,Rice,2022,7,2022-07-01,Partaval APMC,1520.0,partaval,Mahrajganj
Uttar Pradesh,Rice,2022,7,2022-07-01,Pilibhit APMC,1530.0,pilibhit,Pilibhit
Uttar Pradesh,Rice,2022,7,2022-07-01,Puranpur APMC,,puranpur,Pilibhit
Uttar Pradesh,Rice,2022,7,2022-07-01,Raibareilly APMC,2058.95,raibareilly,Rae Bareli
Uttar Pradesh,Rice,2022,7,2022-07-01,Richha APMC,2020.0,richha,Bareilly
Uttar Pradesh,Rice,2022,7,2022-07-01,Sahiyapur APMC,1553.41,sahiyapur,Siddharthnagar
Uttar Pradesh,Rice,2022,7,2022-07-01,Salon APMC,1845.48,salon,Rae Bareli
Uttar Pradesh,Rice,2022,7,2022-07-01,Sandila APMC,1769.83,sandila,Hardoi
Uttar Pradesh,Rice,2022,7,2022-07-01,Sehjanwa APMC,1504.9,sehjanwa,Gorakhpur
Uttar Pradesh,Rice,2022,7,2022-07-01,Shahabad(New Mandi) APMC,1780.0,shahabad(new mandi),Hardoi
Uttar Pradesh,Rice,2022,7,2022-07-01,Shahjahanpur APMC,1515.0,shahjahanpur,Shahjahanpur
Uttar Pradesh,Rice,2022,7,2022-07-01,Sitapur APMC,1569.37,sitapur,Sitapur
Uttar Pradesh,Rice,2022,7,2022-07-01,Sultanpur APMC,1542.48,sultanpur,Amethi
Uttar Pradesh,Rice,2022,7,2022-07-01,Tamkuhi road APMC,1520.0,tamkuhi road,Kushinagar
Uttar Pradesh,Rice,2022,7,2022-07-01,Tulsipur APMC,1473.71,tulsipur,Balrampur
Uttar Pradesh,Rice,2022,7,2022-07-01,Uttaripura APMC,2000.0,uttaripura,Jaunpur
Uttar Pradesh,Rice,2022,7,2022-07-01,Viswan APMC,1536.72,viswan,Sitapur
Uttar Pradesh,Rice,2022,8,2022-08-01,Anandnagar APMC,1542.8,anandnagar,Mahrajganj
Uttar Pradesh,Rice,2022,8,2022-08-01,Ayodhya APMC,1804.46,ayodhya,Ayodhya
Uttar Pradesh,Rice,2022,8,2022-08-01,Bachranwa APMC,2312.79,bachranwa,Rae Bareli
Uttar Pradesh,Rice,2022,8,2022-08-01,Bangarmau APMC,1775.36,bangarmau,Unnao
Uttar Pradesh,Rice,2022,8,2022-08-01,Bansi APMC,1585.0,bansi,Siddharthnagar
Uttar Pradesh,Rice,2022,8,2022-08-01,Basti APMC,1549.68,basti,Basti
Uttar Pradesh,Rice,2022,8,2022-08-01,Bindki APMC,1830.0,bindki,Fatehpur
Uttar Pradesh,Rice,2022,8,2022-08-01,Chorichora APMC,1550.05,chorichora,Gorakhpur
Uttar Pradesh,Rice,2022,8,2022-08-01,Devariya APMC,1547.68,devariya,Deoria
Uttar Pradesh,Rice,2022,8,2022-08-01,Golagokarnath APMC,1858.71,golagokarnath,Lalitpur
Uttar Pradesh,Rice,2022,8,2022-08-01,Gonda APMC,1557.86,gonda,Gonda
Uttar Pradesh,Rice,2022,8,2022-08-01,Gorakhpur APMC,1550.16,gorakhpur,Gorakhpur
Uttar Pradesh,Rice,2022,8,2022-08-01,Hardoi APMC,1783.0,hardoi,Hardoi
Uttar Pradesh,Rice,2022,8,2022-08-01,Jafarganj APMC,1582.27,jafarganj,Amethi
Uttar Pradesh,Rice,2022,8,2022-08-01,Jayas APMC,2239.8,jayas,Rae Bareli
Uttar Pradesh,Rice,2022,8,2022-08-01,Lakhimpur APMC,1865.74,lakhimpur,Lalitpur
Uttar Pradesh,Rice,2022,8,2022-08-01,Lalganj APMC,2209.91,lalganj,Rae Bareli
Uttar Pradesh,Rice,2022,8,2022-08-01,Madhoganj APMC,1809.82,madhoganj,Hardoi
Uttar Pradesh,Rice,2022,8,2022-08-01,Maigalganj APMC,1811.84,maigalganj,Gorakhpur
Uttar Pradesh,Rice,2022,8,2022-08-01,Mohammdi APMC,1857.62,mohammdi,Kheri
Uttar Pradesh,Rice,2022,8,2022-08-01,Naugarh APMC,1563.42,naugarh,Siddharthnagar
Uttar Pradesh,Rice,2022,8,2022-08-01,Paliakala APMC,,paliakala,Lakhimpur Kheri
Uttar Pradesh,Rice,2022,8,2022-08-01,Partaval APMC,1530.0,partaval,Mahrajganj
Uttar Pradesh,Rice,2022,8,2022-08-01,Pilibhit APMC,,pilibhit,Pilibhit
Uttar Pradesh,Rice,2022,8,2022-08-01,Raibareilly APMC,2158.09,raibareilly,Rae Bareli
Uttar Pradesh,Rice,2022,8,2022-08-01,Richha APMC,,richha,Bareilly
Uttar Pradesh,Rice,2022,8,2022-08-01,Sahiyapur APMC,1607.99,sahiyapur,Siddharthnagar
Uttar Pradesh,Rice,2022,8,2022-08-01,Salon APMC,1863.59,salon,Rae Bareli
Uttar Pradesh,Rice,2022,8,2022-08-01,Sandila APMC,1806.45,sandila,Hardoi
Uttar Pradesh,Rice,2022,8,2022-08-01,Sehjanwa APMC,1551.98,sehjanwa,Gorakhpur
Uttar Pradesh,Rice,2022,8,2022-08-01,Shahabad(New Mandi) APMC,1780.7,shahabad(new mandi),Hardoi
Uttar Pradesh,Rice,2022,8,2022-08-01,Shahjahanpur APMC,,shahjahanpur,Shahjahanpur
Uttar Pradesh,Rice,2022,8,2022-08-01,Sitapur APMC,1592.44,sitapur,Sitapur
Uttar Pradesh,Rice,2022,8,2022-08-01,Sultanpur APMC,1588.12,sultanpur,Amethi
Uttar Pradesh,Rice,2022,8,2022-08-01,Tamkuhi road APMC,1580.0,tamkuhi road,Kushinagar
Uttar Pradesh,Rice,2022,8,2022-08-01,Tulsipur APMC,1540.08,tulsipur,Balrampur
Uttar Pradesh,Rice,2022,8,2022-08-01,Uttaripura APMC,1900.0,uttaripura,Jaunpur
Uttar Pradesh,Rice,2022,8,2022-08-01,Viswan APMC,1545.1,viswan,Sitapur
Uttar Pradesh,Rice,2022,9,2022-09-01,Anandnagar APMC,1582.03,anandnagar,Mahrajganj
Uttar Pradesh,Rice,2022,9,2022-09-01,Ayodhya APMC,1716.67,ayodhya,Ayodhya
Uttar Pradesh,Rice,2022,9,2022-09-01,Bachranwa APMC,2168.78,bachranwa,Rae Bareli
Uttar Pradesh,Rice,2022,9,2022-09-01,Bangarmau APMC,1760.84,bangarmau,Unnao
Uttar Pradesh,Rice,2022,9,2022-09-01,Bansi APMC,,bansi,Siddharthnagar
Uttar Pradesh,Rice,2022,9,2022-09-01,Basti APMC,1595.58,basti,Basti
Uttar Pradesh,Rice,2022,9,2022-09-01,Bindki APMC,2270.19,bindki,Fatehpur
Uttar Pradesh,Rice,2022,9,2022-09-01,Chorichora APMC,1573.31,chorichora,Gorakhpur
Uttar Pradesh,Rice,2022,9,2022-09-01,Devariya APMC,1591.54,devariya,Deoria
Uttar Pradesh,Rice,2022,9,2022-09-01,Golagokarnath APMC,1868.51,golagokarnath,Lalitpur
Uttar Pradesh,Rice,2022,9,2022-09-01,Gonda APMC,1558.67,gonda,Gonda
Uttar Pradesh,Rice,2022,9,2022-09-01,Gorakhpur APMC,1592.33,gorakhpur,Gorakhpur
Uttar Pradesh,Rice,2022,9,2022-09-01,Hardoi APMC,1809.68,hardoi,Hardoi
Uttar Pradesh,Rice,2022,9,2022-09-01,Jafarganj APMC,1584.06,jafarganj,Amethi
Uttar Pradesh,Rice,2022,9,2022-09-01,Jayas APMC,2187.44,jayas,Rae Bareli
Uttar Pradesh,Rice,2022,9,2022-09-01,Lakhimpur APMC,1871.77,lakhimpur,Lalitpur
Uttar Pradesh,Rice,2022,9,2022-09-01,Lalganj APMC,2169.55,lalganj,Rae Bareli
Uttar Pradesh,Rice,2022,9,2022-09-01,Madhoganj APMC,1819.81,madhoganj,Hardoi
Uttar Pradesh,Rice,2022,9,2022-09-01,Maigalganj APMC,1831.05,maigalganj,Gorakhpur
Uttar Pradesh,Rice,2022,9,2022-09-01,Mohammdi APMC,1870.7,mohammdi,Kheri
Uttar Pradesh,Rice,2022,9,2022-09-01,Naugarh APMC,1609.34,naugarh,Siddharthnagar
Uttar Pradesh,Rice,2022,9,2022-09-01,Paliakala APMC,,paliakala,Lakhimpur Kheri
Uttar Pradesh,Rice,2022,9,2022-09-01,Panchpedwa APMC,1640.37,panchpedwa,Balrampur
Uttar Pradesh,Rice,2022,9,2022-09-01,Partaval APMC,,partaval,Mahrajganj
Uttar Pradesh,Rice,2022,9,2022-09-01,Pilibhit APMC,1544.41,pilibhit,Pilibhit
Uttar Pradesh,Rice,2022,9,2022-09-01,Powayan APMC,,powayan,Shahjahanpur
Uttar Pradesh,Rice,2022,9,2022-09-01,Puranpur APMC,1540.91,puranpur,Pilibhit
Uttar Pradesh,Rice,2022,9,2022-09-01,Raibareilly APMC,2106.42,raibareilly,Rae Bareli
Uttar Pradesh,Rice,2022,9,2022-09-01,Sahiyapur APMC,1639.72,sahiyapur,Siddharthnagar
Uttar Pradesh,Rice,2022,9,2022-09-01,Salon APMC,1859.1,salon,Rae Bareli
Uttar Pradesh,Rice,2022,9,2022-09-01,Sandila APMC,1797.24,sandila,Hardoi
Uttar Pradesh,Rice,2022,9,2022-09-01,Sehjanwa APMC,1605.88,sehjanwa,Gorakhpur
Uttar Pradesh,Rice,2022,9,2022-09-01,Shahabad(New Mandi) APMC,1831.63,shahabad(new mandi),Hardoi
Uttar Pradesh,Rice,2022,9,2022-09-01,Shahjahanpur APMC,1510.0,shahjahanpur,Shahjahanpur
Uttar Pradesh,Rice,2022,9,2022-09-01,Sitapur APMC,1620.79,sitapur,Sitapur
Uttar Pradesh,Rice,2022,9,2022-09-01,Sultanpur APMC,1582.29,sultanpur,Amethi
Uttar Pradesh,Rice,2022,9,2022-09-01,Tamkuhi road APMC,1635.0,tamkuhi road,Kushinagar
Uttar Pradesh,Rice,2022,9,2022-09-01,Tulsipur APMC,1554.55,tulsipur,Balrampur
Uttar Pradesh,Rice,2022,9,2022-09-01,Uttaripura APMC,1923.67,uttaripura,Jaunpur
Uttar Pradesh,Rice,2022,9,2022-09-01,Viswan APMC,1575.66,viswan,Sitapur
Uttar Pradesh,Rice,2022,10,2022-10-01,Aligarh APMC,2471.98,aligarh,Aligarh
Uttar Pradesh,Rice,2022,10,2022-10-01,Anandnagar APMC,1655.91,anandnagar,Mahrajganj
Uttar Pradesh,Rice,2022,10,2022-10-01,Atarra APMC,,atarra,Banda
Uttar Pradesh,Rice,2022,10,2022-10-01,Ayodhya APMC,2040.0,ayodhya,Ayodhya
Uttar Pradesh,Rice,2022,10,2022-10-01,Bachranwa APMC,1852.62,bachranwa,Rae Bareli
Uttar Pradesh,Rice,2022,10,2022-10-01,Badayoun APMC,2448.76,badayoun,Budaun
Uttar Pradesh,Rice,2022,10,2022-10-01,Baheri APMC,,baheri,Bareilly
Uttar Pradesh,Rice,2022,10,2022-10-01,Bahraich APMC,2040.0,bahraich,Bahraich
Uttar Pradesh,Rice,2022,10,2022-10-01,Balrampur APMC,,balrampur,Balrampur
Uttar Pradesh,Rice,2022,10,2022-10-01,Bangarmau APMC,1800.0,bangarmau,Unnao
Uttar Pradesh,Rice,2022,10,2022-10-01,Bansi APMC,1810.0,bansi,Siddharthnagar
Uttar Pradesh,Rice,2022,10,2022-10-01,Bareilly APMC,2040.0,bareilly,Bareilly
Uttar Pradesh,Rice,2022,10,2022-10-01,Baripaal APMC,2030.6,baripaal,Jaunpur
Uttar Pradesh,Rice,2022,10,2022-10-01,Basti APMC,1709.51,basti,Basti
Uttar Pradesh,Rice,2022,10,2022-10-01,Bijnaur APMC,,bijnaur,Bijnor
Uttar Pradesh,Rice,2022,10,2022-10-01,Bilsi APMC,2305.47,bilsi,Budaun
Uttar Pradesh,Rice,2022,10,2022-10-01,Bindki APMC,2184.32,bindki,Fatehpur
Uttar Pradesh,Rice,2022,10,2022-10-01,Bishalpur APMC,2040.0,bishalpur,Pilibhit
Uttar Pradesh,Rice,2022,10,2022-10-01,Bisoli APMC,2245.95,bisoli,Badaun
Uttar Pradesh,Rice,2022,10,2022-10-01,Chandausi APMC,2387.48,chandausi,Sambhal
Uttar Pradesh,Rice,2022,10,2022-10-01,Chorichora APMC,1650.0,chorichora,Gorakhpur
Uttar Pradesh,Rice,2022,10,2022-10-01,Dankaur APMC,,dankaur,Gautam Buddha Nagar
Uttar Pradesh,Rice,2022,10,2022-10-01,Dataganj APMC,2272.32,dataganj,Badaun
Uttar Pradesh,Rice,2022,10,2022-10-01,Devariya APMC,1687.35,devariya,Deoria
Uttar Pradesh,Rice,2022,10,2022-10-01,Golagokarnath APMC,1848.68,golagokarnath,Lalitpur
Uttar Pradesh,Rice,2022,10,2022-10-01,Gonda APMC,2040.0,gonda,Gonda
Uttar Pradesh,Rice,2022,10,2022-10-01,Gorakhpur APMC,1698.79,gorakhpur,Gorakhpur
Uttar Pradesh,Rice,2022,10,2022-10-01,Hardoi APMC,1673.42,hardoi,Hardoi
Uttar Pradesh,Rice,2022,10,2022-10-01,Hasanpur APMC,,hasanpur,Amroha
Uttar Pradesh,Rice,2022,10,2022-10-01,Jafarganj APMC,1721.75,jafarganj,Amethi
Uttar Pradesh,Rice,2022,10,2022-10-01,Jasvantnagar APMC,,jasvantnagar,Etawah
Uttar Pradesh,Rice,2022,10,2022-10-01,Jayas APMC,1934.94,jayas,Rae Bareli
Uttar Pradesh,Rice,2022,10,2022-10-01,Kayamganj APMC,,kayamganj,Farrukhabad
Uttar Pradesh,Rice,2022,10,2022-10-01,Khaga APMC,2136.02,khaga,Fatehpur
Uttar Pradesh,Rice,2022,10,2022-10-01,Kishunpur APMC,1896.26,kishunpur,Bahraich
Uttar Pradesh,Rice,2022,10,2022-10-01,Lakhimpur APMC,1845.35,lakhimpur,Lalitpur
Uttar Pradesh,Rice,2022,10,2022-10-01,Lalganj APMC,1913.74,lalganj,Rae Bareli
Uttar Pradesh,Rice,2022,10,2022-10-01,Madhoganj APMC,1768.78,madhoganj,Hardoi
Uttar Pradesh,Rice,2022,10,2022-10-01,Maigalganj APMC,1784.92,maigalganj,Gorakhpur
Uttar Pradesh,Rice,2022,10,2022-10-01,Mawana APMC,,mawana,Meerut
Uttar Pradesh,Rice,2022,10,2022-10-01,Milak APMC,,milak,Rampur
Uttar Pradesh,Rice,2022,10,2022-10-01,Mohammdi APMC,1853.44,mohammdi,Kheri
Uttar Pradesh,Rice,2022,10,2022-10-01,Muradabad APMC,,muradabad,Sambhal
Uttar Pradesh,Rice,2022,10,2022-10-01,Muzzafarnagar APMC,,muzzafarnagar,Muzaffarnagar
Uttar Pradesh,Rice,2022,10,2022-10-01,Naugarh APMC,1644.67,naugarh,Siddharthnagar
Uttar Pradesh,Rice,2022,10,2022-10-01,Paliakala APMC,,paliakala,Lakhimpur Kheri
Uttar Pradesh,Rice,2022,10,2022-10-01,Panchpedwa APMC,1501.17,panchpedwa,Balrampur
Uttar Pradesh,Rice,2022,10,2022-10-01,Pilibhit APMC,1788.43,pilibhit,Pilibhit
Uttar Pradesh,Rice,2022,10,2022-10-01,Powayan APMC,1988.52,powayan,Shahjahanpur
Uttar Pradesh,Rice,2022,10,2022-10-01,Puranpur APMC,1821.17,puranpur,Pilibhit
Uttar Pradesh,Rice,2022,10,2022-10-01,Raibareilly APMC,2047.62,raibareilly,Rae Bareli
Uttar Pradesh,Rice,2022,10,2022-10-01,Rampur APMC,,rampur,Rampur
Uttar Pradesh,Rice,2022,10,2022-10-01,Richha APMC,1948.5,richha,Bareilly
Uttar Pradesh,Rice,2022,10,2022-10-01,Rura APMC,2080.0,rura,Kanpur Dehat
Uttar Pradesh,Rice,2022,10,2022-10-01,Saharanpur APMC,2330.79,saharanpur,Saharanpur
Uttar Pradesh,Rice,2022,10,2022-10-01,Sahiyapur APMC,1690.15,sahiyapur,Siddharthnagar
Uttar Pradesh,Rice,2022,10,2022-10-01,Salon APMC,1780.88,salon,Rae Bareli
Uttar Pradesh,Rice,2022,10,2022-10-01,Sambhal APMC,,sambhal,Sambhal
Uttar Pradesh,Rice,2022,10,2022-10-01,Sandi APMC,,sandi,Hardoi
Uttar Pradesh,Rice,2022,10,2022-10-01,Sandila APMC,1784.89,sandila,Hardoi
Uttar Pradesh,Rice,2022,10,2022-10-01,Sehjanwa APMC,1672.11,sehjanwa,Gorakhpur
Uttar Pradesh,Rice,2022,10,2022-10-01,Shahabad APMC,2150.0,shahabad,Hardoi
Uttar Pradesh,Rice,2022,10,2022-10-01,Shahabad(New Mandi) APMC,1788.44,shahabad(new mandi),Hardoi
Uttar Pradesh,Rice,2022,10,2022-10-01,Shahjahanpur APMC,2040.0,shahjahanpur,Shahjahanpur
Uttar Pradesh,Rice,2022,10,2022-10-01,Shikohabad APMC,2180.49,shikohabad,Firozabad
Uttar Pradesh,Rice,2022,10,2022-10-01,Sikandraraau APMC,2040.0,sikandraraau,Hathras
Uttar Pradesh,Rice,2022,10,2022-10-01,Sitapur APMC,1575.71,sitapur,Sitapur
Uttar Pradesh,Rice,2022,10,2022-10-01,Sultanpur APMC,1712.52,sultanpur,Amethi
Uttar Pradesh,Rice,2022,10,2022-10-01,Tamkuhi road APMC,1765.0,tamkuhi road,Kushinagar
Uttar Pradesh,Rice,2022,10,2022-10-01,Tikonia APMC,,tikonia,Lakhimpur Kheri
Uttar Pradesh,Rice,2022,10,2022-10-01,Tilhar APMC,1535.85,tilhar,Shahjahanpur
Uttar Pradesh,Rice,2022,10,2022-10-01,Tulsipur APMC,1558.25,tulsipur,Balrampur
Uttar Pradesh,Rice,2022,10,2022-10-01,Ujhani APMC,,ujhani,Budaun
Uttar Pradesh,Rice,2022,10,2022-10-01,Uttaripura APMC,1904.5,uttaripura,Jaunpur
Uttar Pradesh,Rice,2022,10,2022-10-01,Viswan APMC,1574.21,viswan,Sitapur
Uttar Pradesh,Rice,2022,10,2022-10-01,Wazirganj APMC,2331.71,wazirganj,Budaun
Uttar Pradesh,Rice,2022,11,2022-11-01,Achalda APMC,2040.0,achalda,Auraiya
Uttar Pradesh,Rice,2022,11,2022-11-01,Ahirora APMC,2040.0,ahirora,Mirzapur
Uttar Pradesh,Rice,2022,11,2022-11-01,Ajuha APMC,2040.0,ajuha,Prayagraj
Uttar Pradesh,Rice,2022,11,2022-11-01,Akbarpur APMC,2040.0,akbarpur,Ambedkarnagar
Uttar Pradesh,Rice,2022,11,2022-11-01,Aligarh APMC,2762.18,aligarh,Aligarh
Uttar Pradesh,Rice,2022,11,2022-11-01,Amroha APMC,2040.0,amroha,Amroha
Uttar Pradesh,Rice,2022,11,2022-11-01,Anandnagar APMC,2016.57,anandnagar,Mahrajganj
Uttar Pradesh,Rice,2022,11,2022-11-01,Atarra APMC,2040.0,atarra,Banda
Uttar Pradesh,Rice,2022,11,2022-11-01,Auraiya APMC,2040.0,auraiya,Auraiya
Uttar Pradesh,Rice,2022,11,2022-11-01,Ayodhya APMC,2040.0,ayodhya,Ayodhya
Uttar Pradesh,Rice,2022,11,2022-11-01,Azamgarh APMC,2032.74,azamgarh,Azamgarh
Uttar Pradesh,Rice,2022,11,2022-11-01,Baberu APMC,2040.0,baberu,Banda
Uttar Pradesh,Rice,2022,11,2022-11-01,Babrala APMC,2302.76,babrala,Budaun
Uttar Pradesh,Rice,2022,11,2022-11-01,Bachranwa APMC,1891.82,bachranwa,Rae Bareli
Uttar Pradesh,Rice,2022,11,2022-11-01,Badayoun APMC,2252.11,badayoun,Budaun
Uttar Pradesh,Rice,2022,11,2022-11-01,Baheri APMC,204.0,baheri,Bareilly
Uttar Pradesh,Rice,2022,11,2022-11-01,Bahraich APMC,2040.0,bahraich,Bahraich
Uttar Pradesh,Rice,2022,11,2022-11-01,Ballia APMC,2040.0,ballia,Ballia
Uttar Pradesh,Rice,2022,11,2022-11-01,Balrampur APMC,2040.0,balrampur,Balrampur
Uttar Pradesh,Rice,2022,11,2022-11-01,Banda APMC,2040.0,banda,Banda
Uttar Pradesh,Rice,2022,11,2022-11-01,Bangarmau APMC,1970.96,bangarmau,Unnao
Uttar Pradesh,Rice,2022,11,2022-11-01,Bansi APMC,2040.0,bansi,Siddharthnagar
Uttar Pradesh,Rice,2022,11,2022-11-01,Barabanki APMC,2040.0,barabanki,Bara Banki
Uttar Pradesh,Rice,2022,11,2022-11-01,Bareilly APMC,2040.0,bareilly,Bareilly
Uttar Pradesh,Rice,2022,11,2022-11-01,Barhaj APMC,2024.33,barhaj,Deoria
Uttar Pradesh,Rice,2022,11,2022-11-01,Baripaal APMC,2161.37,baripaal,Jaunpur
Uttar Pradesh,Rice,2022,11,2022-11-01,Basti APMC,2040.0,basti,Basti
Uttar Pradesh,Rice,2022,11,2022-11-01,Bharuasumerpur APMC,2441.23,bharuasumerpur,Hamirpur
Uttar Pradesh,Rice,2022,11,2022-11-01,Bharwari APMC,2040.0,bharwari,Kaushambi
Uttar Pradesh,Rice,2022,11,2022-11-01,Bijnaur APMC,,bijnaur,Bijnor
Uttar Pradesh,Rice,2022,11,2022-11-01,Bilsi APMC,2448.13,bilsi,Budaun
Uttar Pradesh,Rice,2022,11,2022-11-01,Bindki APMC,2266.52,bindki,Fatehpur
Uttar Pradesh,Rice,2022,11,2022-11-01,Bishalpur APMC,2040.0,bishalpur,Pilibhit
Uttar Pradesh,Rice,2022,11,2022-11-01,Bisoli APMC,2406.29,bisoli,Badaun
Uttar Pradesh,Rice,2022,11,2022-11-01,Chandausi APMC,2326.67,chandausi,Sambhal
Uttar Pradesh,Rice,2022,11,2022-11-01,Chandoli APMC,2040.0,chandoli,Chandauli
Uttar Pradesh,Rice,2022,11,2022-11-01,Chirgaon APMC,,chirgaon,Jhansi
Uttar Pradesh,Rice,2022,11,2022-11-01,Chorichora APMC,2040.0,chorichora,Gorakhpur
Uttar Pradesh,Rice,2022,11,2022-11-01,Choubepur APMC,2041.26,choubepur,Jaunpur
Uttar Pradesh,Rice,2022,11,2022-11-01,DADRI APMC,,dadri,Gautam Buddha Nagar
Uttar Pradesh,Rice,2022,11,2022-11-01,Dankaur APMC,,dankaur,Gautam Buddha Nagar
Uttar Pradesh,Rice,2022,11,2022-11-01,Dataganj APMC,2303.14,dataganj,Badaun
Uttar Pradesh,Rice,2022,11,2022-11-01,Devariya APMC,2036.97,devariya,Deoria
Uttar Pradesh,Rice,2022,11,2022-11-01,Dibiapur APMC,,dibiapur,Auraiya
Uttar Pradesh,Rice,2022,11,2022-11-01,Doharighat APMC,1975.84,doharighat,Azamgarh
Uttar Pradesh,Rice,2022,11,2022-11-01,Etawah APMC,2040.0,etawah,Etawah
Uttar Pradesh,Rice,2022,11,2022-11-01,Farukhabad APMC,2041.27,farukhabad,Farrukhabad
Uttar Pradesh,Rice,2022,11,2022-11-01,Fatehpur APMC,2171.38,fatehpur,Fatehpur
Uttar Pradesh,Rice,2022,11,2022-11-01,Gadaura APMC,,gadaura,Maharajganj
Uttar Pradesh,Rice,2022,11,2022-11-01,Golagokarnath APMC,1891.74,golagokarnath,Lalitpur
Uttar Pradesh,Rice,2022,11,2022-11-01,Gonda APMC,2040.55,gonda,Gonda
Uttar Pradesh,Rice,2022,11,2022-11-01,Gopiganj APMC,2040.0,gopiganj,Bhadohi
Uttar Pradesh,Rice,2022,11,2022-11-01,Gorakhpur APMC,2040.0,gorakhpur,Gorakhpur
Uttar Pradesh,Rice,2022,11,2022-11-01,Haathras APMC,,haathras,Hathras
Uttar Pradesh,Rice,2022,11,2022-11-01,Hardoi APMC,1858.87,hardoi,Hardoi
Uttar Pradesh,Rice,2022,11,2022-11-01,Hargaon (Laharpur) APMC,2040.18,hargaon (laharpur),Sitapur
Uttar Pradesh,Rice,2022,11,2022-11-01,Hasanpur APMC,,hasanpur,Amroha
Uttar Pradesh,Rice,2022,11,2022-11-01,Jafarganj APMC,2040.0,jafarganj,Amethi
Uttar Pradesh,Rice,2022,11,2022-11-01,Jamanian APMC,,jamanian,Ghazipur
Uttar Pradesh,Rice,2022,11,2022-11-01,Jasra APMC,,jasra,Prayagraj
Uttar Pradesh,Rice,2022,11,2022-11-01,Jasvantnagar APMC,1821.87,jasvantnagar,Etawah
Uttar Pradesh,Rice,2022,11,2022-11-01,Jaunpur APMC,2040.0,jaunpur,Jaunpur
Uttar Pradesh,Rice,2022,11,2022-11-01,Jayas APMC,2040.47,jayas,Rae Bareli
Uttar Pradesh,Rice,2022,11,2022-11-01,Jhijhank APMC,2040.0,jhijhank,Kanpur Dehat
Uttar Pradesh,Rice,2022,11,2022-11-01,Kannauj APMC,2040.0,kannauj,Kannauj
Uttar Pradesh,Rice,2022,11,2022-11-01,Karvi APMC,2040.0,karvi,Chitrakoot
Uttar Pradesh,Rice,2022,11,2022-11-01,Kayamganj APMC,2214.87,kayamganj,Farrukhabad
Uttar Pradesh,Rice,2022,11,2022-11-01,Khaga APMC,2150.95,khaga,Fatehpur
Uttar Pradesh,Rice,2022,11,2022-11-01,Kishunpur APMC,2000.0,kishunpur,Bahraich
Uttar Pradesh,Rice,2022,11,2022-11-01,Kopaganj APMC,2033.49,kopaganj,
Uttar Pradesh,Rice,2022,11,2022-11-01,Kurara APMC,2147.59,kurara,Hamirpur
Uttar Pradesh,Rice,2022,11,2022-11-01,Lakhimpur APMC,1891.86,lakhimpur,Lalitpur
Uttar Pradesh,Rice,2022,11,2022-11-01,Lalganj APMC,2041.63,lalganj,Rae Bareli
Uttar Pradesh,Rice,2022,11,2022-11-01,Lucknow APMC,2040.0,lucknow,Lucknow
Uttar Pradesh,Rice,2022,11,2022-11-01,Madhoganj APMC,1867.7,madhoganj,Hardoi
Uttar Pradesh,Rice,2022,11,2022-11-01,Maigalganj APMC,1820.71,maigalganj,Gorakhpur
Uttar Pradesh,Rice,2022,11,2022-11-01,Mainpuri APMC,2040.36,mainpuri,Mainpuri
Uttar Pradesh,Rice,2022,11,2022-11-01,Mathura APMC,2040.0,mathura,Mathura
Uttar Pradesh,Rice,2022,11,2022-11-01,Milak APMC,,milak,Rampur
Uttar Pradesh,Rice,2022,11,2022-11-01,Mirzapur APMC,2040.0,mirzapur,Mirzapur
Uttar Pradesh,Rice,2022,11,2022-11-01,Mohammdi APMC,1903.22,mohammdi,Kheri
Uttar Pradesh,Rice,2022,11,2022-11-01,Moth APMC,,moth,Jhansi
Uttar Pradesh,Rice,2022,11,2022-11-01,Mugrabaadshahpur APMC,2040.0,mugrabaadshahpur,Jaunpur
Uttar Pradesh,Rice,2022,11,2022-11-01,Muradabad APMC,2056.24,muradabad,Sambhal
Uttar Pradesh,Rice,2022,11,2022-11-01,Muskara APMC,2040.0,muskara,Mahoba
Uttar Pradesh,Rice,2022,11,2022-11-01,Muzzafarnagar APMC,,muzzafarnagar,Muzaffarnagar
Uttar Pradesh,Rice,2022,11,2022-11-01,Naugarh APMC,2041.16,naugarh,Siddharthnagar
Uttar Pradesh,Rice,2022,11,2022-11-01,Nautnava APMC,1982.94,nautnava,Maharajganj
Uttar Pradesh,Rice,2022,11,2022-11-01,Nawabganj APMC,2040.0,nawabganj,Gonda
Uttar Pradesh,Rice,2022,11,2022-11-01,Panchpedwa APMC,1606.75,panchpedwa,Balrampur
Uttar Pradesh,Rice,2022,11,2022-11-01,Partaval APMC,2040.0,partaval,Mahrajganj
Uttar Pradesh,Rice,2022,11,2022-11-01,Pilibhit APMC,2040.0,pilibhit,Pilibhit
Uttar Pradesh,Rice,2022,11,2022-11-01,Powayan APMC,2040.0,powayan,Shahjahanpur
Uttar Pradesh,Rice,2022,11,2022-11-01,Pratapgarh APMC,2040.0,pratapgarh,Pratapgarh
Uttar Pradesh,Rice,2022,11,2022-11-01,Prayagraj APMC,2040.0,prayagraj,Prayagraj
Uttar Pradesh,Rice,2022,11,2022-11-01,Pukharayan APMC,2053.89,pukharayan,Kanpur Dehat
Uttar Pradesh,Rice,2022,11,2022-11-01,Puranpur APMC,2042.52,puranpur,Pilibhit
Uttar Pradesh,Rice,2022,11,2022-11-01,Raibareilly APMC,2040.0,raibareilly,Rae Bareli
Uttar Pradesh,Rice,2022,11,2022-11-01,Rampur APMC,2040.0,rampur,Rampur
Uttar Pradesh,Rice,2022,11,2022-11-01,Rasda APMC,2039.02,rasda,Ballia
Uttar Pradesh,Rice,2022,11,2022-11-01,Richha APMC,2032.17,richha,Bareilly
Uttar Pradesh,Rice,2022,11,2022-11-01,Rudauli APMC,2040.0,rudauli,Ayodhya
Uttar Pradesh,Rice,2022,11,2022-11-01,Rura APMC,2078.38,rura,Kanpur Dehat
Uttar Pradesh,Rice,2022,11,2022-11-01,Safdarganj APMC,2040.0,safdarganj,Barabanki
Uttar Pradesh,Rice,2022,11,2022-11-01,Saharanpur APMC,2322.88,saharanpur,Saharanpur
Uttar Pradesh,Rice,2022,11,2022-11-01,Sahiyapur APMC,2038.02,sahiyapur,Siddharthnagar
Uttar Pradesh,Rice,2022,11,2022-11-01,Salon APMC,1987.81,salon,Rae Bareli
Uttar Pradesh,Rice,2022,11,2022-11-01,Sambhal APMC,,sambhal,Sambhal
Uttar Pradesh,Rice,2022,11,2022-11-01,Sandi APMC,1650.0,sandi,Hardoi
Uttar Pradesh,Rice,2022,11,2022-11-01,Sandila APMC,1842.41,sandila,Hardoi
Uttar Pradesh,Rice,2022,11,2022-11-01,Sehjanwa APMC,2040.0,sehjanwa,Gorakhpur
Uttar Pradesh,Rice,2022,11,2022-11-01,Shahabad APMC,,shahabad,Hardoi
Uttar Pradesh,Rice,2022,11,2022-11-01,Shahabad(New Mandi) APMC,1868.2,shahabad(new mandi),Hardoi
Uttar Pradesh,Rice,2022,11,2022-11-01,Shahganj APMC,2040.0,shahganj,Jaunpur
Uttar Pradesh,Rice,2022,11,2022-11-01,Shahjahanpur APMC,2040.0,shahjahanpur,Shahjahanpur
Uttar Pradesh,Rice,2022,11,2022-11-01,Shamli APMC,,shamli,Shamli
Uttar Pradesh,Rice,2022,11,2022-11-01,Shikohabad APMC,2169.1,shikohabad,Firozabad
Uttar Pradesh,Rice,2022,11,2022-11-01,Sikandraraau APMC,,sikandraraau,Hathras
Uttar Pradesh,Rice,2022,11,2022-11-01,Sirsa APMC,2040.0,sirsa,Gautam Buddha Nagar
Uttar Pradesh,Rice,2022,11,2022-11-01,Sirsaganj APMC,2040.15,sirsaganj,Firozabad
Uttar Pradesh,Rice,2022,11,2022-11-01,Sitapur APMC,1832.74,sitapur,Sitapur
Uttar Pradesh,Rice,2022,11,2022-11-01,Sultanpur APMC,2040.0,sultanpur,Amethi
Uttar Pradesh,Rice,2022,11,2022-11-01,Tamkuhi road APMC,2040.0,tamkuhi road,Kushinagar
Uttar Pradesh,Rice,2022,11,2022-11-01,Tikonia APMC,2040.0,tikonia,Lakhimpur Kheri
Uttar Pradesh,Rice,2022,11,2022-11-01,Tilhar APMC,1605.82,tilhar,Shahjahanpur
Uttar Pradesh,Rice,2022,11,2022-11-01,Tulsipur APMC,2040.0,tulsipur,Balrampur
Uttar Pradesh,Rice,2022,11,2022-11-01,Ujhani APMC,,ujhani,Budaun
Uttar Pradesh,Rice,2022,11,2022-11-01,Unnao APMC,2040.0,unnao,Unnao
Uttar Pradesh,Rice,2022,11,2022-11-01,Uttaripura APMC,1901.03,uttaripura,Jaunpur
Uttar Pradesh,Rice,2022,11,2022-11-01,Varanasi APMC,,varanasi,Varanasi
Uttar Pradesh,Rice,2022,11,2022-11-01,Viswan APMC,1795.25,viswan,Sitapur
Uttar Pradesh,Rice,2022,11,2022-11-01,Wazirganj APMC,2280.72,wazirganj,Budaun
Uttar Pradesh,Rice,2022,11,2022-11-01,Yusufpur APMC,2050.0,yusufpur,Ghazipur
Uttar Pradesh,Rice,2022,12,2022-12-01,Achalda APMC,2040.0,achalda,Auraiya
Uttar Pradesh,Rice,2022,12,2022-12-01,Ahirora APMC,2040.0,ahirora,Mirzapur
Uttar Pradesh,Rice,2022,12,2022-12-01,Ajuha APMC,2040.0,ajuha,Prayagraj
Uttar Pradesh,Rice,2022,12,2022-12-01,Akbarpur APMC,2040.0,akbarpur,Ambedkarnagar
Uttar Pradesh,Rice,2022,12,2022-12-01,Aligarh APMC,2547.12,aligarh,Aligarh
Uttar Pradesh,Rice,2022,12,2022-12-01,Amroha APMC,2040.0,amroha,Amroha
Uttar Pradesh,Rice,2022,12,2022-12-01,Anandnagar APMC,2040.0,anandnagar,Mahrajganj
Uttar Pradesh,Rice,2022,12,2022-12-01,Atarra APMC,2040.0,atarra,Banda
Uttar Pradesh,Rice,2022,12,2022-12-01,Auraiya APMC,2040.0,auraiya,Auraiya
Uttar Pradesh,Rice,2022,12,2022-12-01,Ayodhya APMC,2040.0,ayodhya,Ayodhya
Uttar Pradesh,Rice,2022,12,2022-12-01,Azamgarh APMC,2040.0,azamgarh,Azamgarh
Uttar Pradesh,Rice,2022,12,2022-12-01,Baberu APMC,2040.0,baberu,Banda
Uttar Pradesh,Rice,2022,12,2022-12-01,Babrala APMC,2336.32,babrala,Budaun
Uttar Pradesh,Rice,2022,12,2022-12-01,Bachranwa APMC,1971.76,bachranwa,Rae Bareli
Uttar Pradesh,Rice,2022,12,2022-12-01,Badayoun APMC,2287.02,badayoun,Budaun
Uttar Pradesh,Rice,2022,12,2022-12-01,Baheri APMC,,baheri,Bareilly
Uttar Pradesh,Rice,2022,12,2022-12-01,Bahraich APMC,2040.0,bahraich,Bahraich
Uttar Pradesh,Rice,2022,12,2022-12-01,Ballia APMC,2040.0,ballia,Ballia
Uttar Pradesh,Rice,2022,12,2022-12-01,Balrampur APMC,2040.0,balrampur,Balrampur
Uttar Pradesh,Rice,2022,12,2022-12-01,Banda APMC,2040.0,banda,Banda
Uttar Pradesh,Rice,2022,12,2022-12-01,Bangarmau APMC,2040.0,bangarmau,Unnao
Uttar Pradesh,Rice,2022,12,2022-12-01,Bansi APMC,2040.0,bansi,Siddharthnagar
Uttar Pradesh,Rice,2022,12,2022-12-01,Barabanki APMC,2040.0,barabanki,Bara Banki
Uttar Pradesh,Rice,2022,12,2022-12-01,Bareilly APMC,2040.0,bareilly,Bareilly
Uttar Pradesh,Rice,2022,12,2022-12-01,Barhaj APMC,2040.0,barhaj,Deoria
Uttar Pradesh,Rice,2022,12,2022-12-01,Baripaal APMC,2224.88,baripaal,Jaunpur
Uttar Pradesh,Rice,2022,12,2022-12-01,Basti APMC,2040.0,basti,Basti
Uttar Pradesh,Rice,2022,12,2022-12-01,Bharuasumerpur APMC,2113.89,bharuasumerpur,Hamirpur
Uttar Pradesh,Rice,2022,12,2022-12-01,Bharwari APMC,2040.0,bharwari,Kaushambi
Uttar Pradesh,Rice,2022,12,2022-12-01,Bijnaur APMC,,bijnaur,Bijnor
Uttar Pradesh,Rice,2022,12,2022-12-01,Bilsi APMC,2583.4,bilsi,Budaun
Uttar Pradesh,Rice,2022,12,2022-12-01,Bindki APMC,2292.98,bindki,Fatehpur
Uttar Pradesh,Rice,2022,12,2022-12-01,Bishalpur APMC,2040.0,bishalpur,Pilibhit
Uttar Pradesh,Rice,2022,12,2022-12-01,Bisoli APMC,2604.29,bisoli,Badaun
Uttar Pradesh,Rice,2022,12,2022-12-01,Chandausi APMC,2417.57,chandausi,Sambhal
Uttar Pradesh,Rice,2022,12,2022-12-01,Chandoli APMC,2040.0,chandoli,Chandauli
Uttar Pradesh,Rice,2022,12,2022-12-01,Chirgaon APMC,,chirgaon,Jhansi
Uttar Pradesh,Rice,2022,12,2022-12-01,Chorichora APMC,2040.0,chorichora,Gorakhpur
Uttar Pradesh,Rice,2022,12,2022-12-01,Choubepur APMC,2044.36,choubepur,Jaunpur
Uttar Pradesh,Rice,2022,12,2022-12-01,DADRI APMC,2040.0,dadri,Gautam Buddha Nagar
Uttar Pradesh,Rice,2022,12,2022-12-01,Dataganj APMC,2357.98,dataganj,Badaun
Uttar Pradesh,Rice,2022,12,2022-12-01,Devariya APMC,2040.0,devariya,Deoria
Uttar Pradesh,Rice,2022,12,2022-12-01,Doharighat APMC,1969.4,doharighat,Azamgarh
Uttar Pradesh,Rice,2022,12,2022-12-01,Etawah APMC,2040.0,etawah,Etawah
Uttar Pradesh,Rice,2022,12,2022-12-01,Farukhabad APMC,2051.5,farukhabad,Farrukhabad
Uttar Pradesh,Rice,2022,12,2022-12-01,Fatehpur APMC,2268.01,fatehpur,Fatehpur
Uttar Pradesh,Rice,2022,12,2022-12-01,Gadaura APMC,,gadaura,Maharajganj
Uttar Pradesh,Rice,2022,12,2022-12-01,Golagokarnath APMC,2040.0,golagokarnath,Lalitpur
Uttar Pradesh,Rice,2022,12,2022-12-01,Gonda APMC,2040.0,gonda,Gonda
Uttar Pradesh,Rice,2022,12,2022-12-01,Gopiganj APMC,2040.0,gopiganj,Bhadohi
Uttar Pradesh,Rice,2022,12,2022-12-01,Gorakhpur APMC,2040.0,gorakhpur,Gorakhpur
Uttar Pradesh,Rice,2022,12,2022-12-01,Haathras APMC,,haathras,Hathras
Uttar Pradesh,Rice,2022,12,2022-12-01,Hardoi APMC,2040.0,hardoi,Hardoi
Uttar Pradesh,Rice,2022,12,2022-12-01,Hargaon (Laharpur) APMC,2040.0,hargaon (laharpur),Sitapur
Uttar Pradesh,Rice,2022,12,2022-12-01,Hasanpur APMC,,hasanpur,Amroha
Uttar Pradesh,Rice,2022,12,2022-12-01,Jafarganj APMC,2040.0,jafarganj,Amethi
Uttar Pradesh,Rice,2022,12,2022-12-01,Jahanabad APMC,,jahanabad,Fatehpur
Uttar Pradesh,Rice,2022,12,2022-12-01,Jasra APMC,,jasra,Prayagraj
Uttar Pradesh,Rice,2022,12,2022-12-01,Jasvantnagar APMC,2027.05,jasvantnagar,Etawah
Uttar Pradesh,Rice,2022,12,2022-12-01,Jaunpur APMC,2040.0,jaunpur,Jaunpur
Uttar Pradesh,Rice,2022,12,2022-12-01,Jayas APMC,2040.0,jayas,Rae Bareli
Uttar Pradesh,Rice,2022,12,2022-12-01,Jhijhank APMC,2040.0,jhijhank,Kanpur Dehat
Uttar Pradesh,Rice,2022,12,2022-12-01,Kannauj APMC,2040.0,kannauj,Kannauj
Uttar Pradesh,Rice,2022,12,2022-12-01,Karvi APMC,2040.0,karvi,Chitrakoot
Uttar Pradesh,Rice,2022,12,2022-12-01,Kayamganj APMC,2287.22,kayamganj,Farrukhabad
Uttar Pradesh,Rice,2022,12,2022-12-01,Khaga APMC,2145.72,khaga,Fatehpur
Uttar Pradesh,Rice,2022,12,2022-12-01,Kishunpur APMC,2000.0,kishunpur,Bahraich
Uttar Pradesh,Rice,2022,12,2022-12-01,Kopaganj APMC,2019.76,kopaganj,
Uttar Pradesh,Rice,2022,12,2022-12-01,Kurara APMC,2040.6,kurara,Hamirpur
Uttar Pradesh,Rice,2022,12,2022-12-01,Lakhimpur APMC,2028.84,lakhimpur,Lalitpur
Uttar Pradesh,Rice,2022,12,2022-12-01,Lalganj APMC,2040.0,lalganj,Rae Bareli
Uttar Pradesh,Rice,2022,12,2022-12-01,Lucknow APMC,2040.0,lucknow,Lucknow
Uttar Pradesh,Rice,2022,12,2022-12-01,Madhoganj APMC,2040.0,madhoganj,Hardoi
Uttar Pradesh,Rice,2022,12,2022-12-01,Maigalganj APMC,1999.02,maigalganj,Gorakhpur
Uttar Pradesh,Rice,2022,12,2022-12-01,Mainpuri APMC,2111.04,mainpuri,Mainpuri
Uttar Pradesh,Rice,2022,12,2022-12-01,Mathura APMC,2040.0,mathura,Mathura
Uttar Pradesh,Rice,2022,12,2022-12-01,Milak APMC,,milak,Rampur
Uttar Pradesh,Rice,2022,12,2022-12-01,Mirzapur APMC,2040.0,mirzapur,Mirzapur
Uttar Pradesh,Rice,2022,12,2022-12-01,Mohamadabad APMC,,mohamadabad,Farrukhabad
Uttar Pradesh,Rice,2022,12,2022-12-01,Mohammdi APMC,2040.0,mohammdi,Kheri
Uttar Pradesh,Rice,2022,12,2022-12-01,Moth APMC,,moth,Jhansi
Uttar Pradesh,Rice,2022,12,2022-12-01,Mugrabaadshahpur APMC,2040.0,mugrabaadshahpur,Jaunpur
Uttar Pradesh,Rice,2022,12,2022-12-01,Muradabad APMC,2040.0,muradabad,Sambhal
Uttar Pradesh,Rice,2022,12,2022-12-01,Muskara APMC,2040.0,muskara,Mahoba
Uttar Pradesh,Rice,2022,12,2022-12-01,Naugarh APMC,2040.0,naugarh,Siddharthnagar
Uttar Pradesh,Rice,2022,12,2022-12-01,Nautnava APMC,2007.03,nautnava,Maharajganj
Uttar Pradesh,Rice,2022,12,2022-12-01,Nawabganj APMC,2048.78,nawabganj,Gonda
Uttar Pradesh,Rice,2022,12,2022-12-01,Panchpedwa APMC,1961.53,panchpedwa,Balrampur
Uttar Pradesh,Rice,2022,12,2022-12-01,Partaval APMC,2040.0,partaval,Mahrajganj
Uttar Pradesh,Rice,2022,12,2022-12-01,Pilibhit APMC,2040.0,pilibhit,Pilibhit
Uttar Pradesh,Rice,2022,12,2022-12-01,Powayan APMC,2040.0,powayan,Shahjahanpur
Uttar Pradesh,Rice,2022,12,2022-12-01,Pratapgarh APMC,2040.0,pratapgarh,Pratapgarh
Uttar Pradesh,Rice,2022,12,2022-12-01,Prayagraj APMC,2043.56,prayagraj,Prayagraj
Uttar Pradesh,Rice,2022,12,2022-12-01,Pukharayan APMC,2055.54,pukharayan,Kanpur Dehat
Uttar Pradesh,Rice,2022,12,2022-12-01,Puranpur APMC,2040.0,puranpur,Pilibhit
Uttar Pradesh,Rice,2022,12,2022-12-01,Raibareilly APMC,2040.0,raibareilly,Rae Bareli
Uttar Pradesh,Rice,2022,12,2022-12-01,Rampur APMC,2040.0,rampur,Rampur
Uttar Pradesh,Rice,2022,12,2022-12-01,Rasda APMC,2040.0,rasda,Ballia
Uttar Pradesh,Rice,2022,12,2022-12-01,Richha APMC,2040.62,richha,Bareilly
Uttar Pradesh,Rice,2022,12,2022-12-01,Rudauli APMC,2040.0,rudauli,Ayodhya
Uttar Pradesh,Rice,2022,12,2022-12-01,Rura APMC,2074.5,rura,Kanpur Dehat
Uttar Pradesh,Rice,2022,12,2022-12-01,Safdarganj APMC,2040.0,safdarganj,Barabanki
Uttar Pradesh,Rice,2022,12,2022-12-01,Saharanpur APMC,2313.01,saharanpur,Saharanpur
Uttar Pradesh,Rice,2022,12,2022-12-01,Sahiyapur APMC,2039.38,sahiyapur,Siddharthnagar
Uttar Pradesh,Rice,2022,12,2022-12-01,Salon APMC,1939.37,salon,Rae Bareli
Uttar Pradesh,Rice,2022,12,2022-12-01,Sambhal APMC,,sambhal,Sambhal
Uttar Pradesh,Rice,2022,12,2022-12-01,Sandi APMC,1651.35,sandi,Hardoi
Uttar Pradesh,Rice,2022,12,2022-12-01,Sandila APMC,2040.0,sandila,Hardoi
Uttar Pradesh,Rice,2022,12,2022-12-01,Sehjanwa APMC,2040.0,sehjanwa,Gorakhpur
Uttar Pradesh,Rice,2022,12,2022-12-01,Shahabad(New Mandi) APMC,2040.0,shahabad(new mandi),Hardoi
Uttar Pradesh,Rice,2022,12,2022-12-01,Shahganj APMC,2040.0,shahganj,Jaunpur
Uttar Pradesh,Rice,2022,12,2022-12-01,Shahjahanpur APMC,2040.0,shahjahanpur,Shahjahanpur
Uttar Pradesh,Rice,2022,12,2022-12-01,Shikohabad APMC,,shikohabad,Firozabad
Uttar Pradesh,Rice,2022,12,2022-12-01,Sirsa APMC,2040.0,sirsa,Gautam Buddha Nagar
Uttar Pradesh,Rice,2022,12,2022-12-01,Sirsaganj APMC,2040.0,sirsaganj,Firozabad
Uttar Pradesh,Rice,2022,12,2022-12-01,Sitapur APMC,2040.0,sitapur,Sitapur
Uttar Pradesh,Rice,2022,12,2022-12-01,Sultanpur APMC,2040.0,sultanpur,Amethi
Uttar Pradesh,Rice,2022,12,2022-12-01,Tamkuhi road APMC,2040.0,tamkuhi road,Kushinagar
Uttar Pradesh,Rice,2022,12,2022-12-01,Tikonia APMC,,tikonia,Lakhimpur Kheri
Uttar Pradesh,Rice,2022,12,2022-12-01,Tilhar APMC,1660.91,tilhar,Shahjahanpur
Uttar Pradesh,Rice,2022,12,2022-12-01,Tulsipur APMC,2040.0,tulsipur,Balrampur
Uttar Pradesh,Rice,2022,12,2022-12-01,Ujhani APMC,,ujhani,Budaun
Uttar Pradesh,Rice,2022,12,2022-12-01,Unnao APMC,2040.0,unnao,Unnao
Uttar Pradesh,Rice,2022,12,2022-12-01,Uttaripura APMC,1892.57,uttaripura,Jaunpur
Uttar Pradesh,Rice,2022,12,2022-12-01,Varanasi APMC,,varanasi,Varanasi
Uttar Pradesh,Rice,2022,12,2022-12-01,Viswan APMC,2040.0,viswan,Sitapur
Uttar Pradesh,Rice,2022,12,2022-12-01,Wazirganj APMC,2309.87,wazirganj,Budaun
Uttar Pradesh,Rice,2022,12,2022-12-01,Yusufpur APMC,2050.0,yusufpur,Ghazipur
Uttar Pradesh,Rice,2023,1,2023-01-01,Achalda APMC,2040.0,achalda,Auraiya
Uttar Pradesh,Rice,2023,1,2023-01-01,Ahirora APMC,2040.0,ahirora,Mirzapur
Uttar Pradesh,Rice,2023,1,2023-01-01,Ajuha APMC,2040.0,ajuha,Prayagraj
Uttar Pradesh,Rice,2023,1,2023-01-01,Akbarpur APMC,2040.0,akbarpur,Ambedkarnagar
Uttar Pradesh,Rice,2023,1,2023-01-01,Aligarh APMC,2557.76,aligarh,Aligarh
Uttar Pradesh,Rice,2023,1,2023-01-01,Amroha APMC,2040.0,amroha,Amroha
Uttar Pradesh,Rice,2023,1,2023-01-01,Anandnagar APMC,2040.0,anandnagar,Mahrajganj
Uttar Pradesh,Rice,2023,1,2023-01-01,Atarra APMC,2040.0,atarra,Banda
Uttar Pradesh,Rice,2023,1,2023-01-01,Auraiya APMC,2040.0,auraiya,Auraiya
Uttar Pradesh,Rice,2023,1,2023-01-01,Ayodhya APMC,2040.0,ayodhya,Ayodhya
Uttar Pradesh,Rice,2023,1,2023-01-01,Azamgarh APMC,2040.0,azamgarh,Azamgarh
Uttar Pradesh,Rice,2023,1,2023-01-01,Baberu APMC,2040.0,baberu,Banda
Uttar Pradesh,Rice,2023,1,2023-01-01,Babrala APMC,,babrala,Budaun
Uttar Pradesh,Rice,2023,1,2023-01-01,Bachranwa APMC,2124.47,bachranwa,Rae Bareli
Uttar Pradesh,Rice,2023,1,2023-01-01,Badayoun APMC,2524.49,badayoun,Budaun
Uttar Pradesh,Rice,2023,1,2023-01-01,Bahraich APMC,2040.0,bahraich,Bahraich
Uttar Pradesh,Rice,2023,1,2023-01-01,Ballia APMC,2040.0,ballia,Ballia
Uttar Pradesh,Rice,2023,1,2023-01-01,Balrampur APMC,2040.0,balrampur,Balrampur
Uttar Pradesh,Rice,2023,1,2023-01-01,Banda APMC,2040.0,banda,Banda
Uttar Pradesh,Rice,2023,1,2023-01-01,Bangarmau APMC,2041.02,bangarmau,Unnao
Uttar Pradesh,Rice,2023,1,2023-01-01,Bansi APMC,2040.0,bansi,Siddharthnagar
Uttar Pradesh,Rice,2023,1,2023-01-01,Barabanki APMC,2040.0,barabanki,Bara Banki
Uttar Pradesh,Rice,2023,1,2023-01-01,Bareilly APMC,2040.0,bareilly,Bareilly
Uttar Pradesh,Rice,2023,1,2023-01-01,Barhaj APMC,2040.0,barhaj,Deoria
Uttar Pradesh,Rice,2023,1,2023-01-01,Baripaal APMC,2228.94,baripaal,Jaunpur
Uttar Pradesh,Rice,2023,1,2023-01-01,Basti APMC,2040.0,basti,Basti
Uttar Pradesh,Rice,2023,1,2023-01-01,Bharuasumerpur APMC,2040.0,bharuasumerpur,Hamirpur
Uttar Pradesh,Rice,2023,1,2023-01-01,Bharwari APMC,2040.0,bharwari,Kaushambi
Uttar Pradesh,Rice,2023,1,2023-01-01,Bijnaur APMC,,bijnaur,Bijnor
Uttar Pradesh,Rice,2023,1,2023-01-01,Bilsi APMC,2674.08,bilsi,Budaun
Uttar Pradesh,Rice,2023,1,2023-01-01,Bindki APMC,2421.61,bindki,Fatehpur
Uttar Pradesh,Rice,2023,1,2023-01-01,Bishalpur APMC,2040.0,bishalpur,Pilibhit
Uttar Pradesh,Rice,2023,1,2023-01-01,Bisoli APMC,2976.0,bisoli,Badaun
Uttar Pradesh,Rice,2023,1,2023-01-01,Chandausi APMC,2269.82,chandausi,Sambhal
Uttar Pradesh,Rice,2023,1,2023-01-01,Chandoli APMC,2040.0,chandoli,Chandauli
Uttar Pradesh,Rice,2023,1,2023-01-01,Chirgaon APMC,,chirgaon,Jhansi
Uttar Pradesh,Rice,2023,1,2023-01-01,Chorichora APMC,2040.0,chorichora,Gorakhpur
Uttar Pradesh,Rice,2023,1,2023-01-01,Choubepur APMC,2045.16,choubepur,Jaunpur
Uttar Pradesh,Rice,2023,1,2023-01-01,DADRI APMC,,dadri,Gautam Buddha Nagar
Uttar Pradesh,Rice,2023,1,2023-01-01,Dataganj APMC,2607.46,dataganj,Badaun
Uttar Pradesh,Rice,2023,1,2023-01-01,Devariya APMC,2040.0,devariya,Deoria
Uttar Pradesh,Rice,2023,1,2023-01-01,Doharighat APMC,1936.67,doharighat,Azamgarh
Uttar Pradesh,Rice,2023,1,2023-01-01,Etawah APMC,2040.0,etawah,Etawah
Uttar Pradesh,Rice,2023,1,2023-01-01,Farukhabad APMC,2040.21,farukhabad,Farrukhabad
Uttar Pradesh,Rice,2023,1,2023-01-01,Fatehpur APMC,2366.87,fatehpur,Fatehpur
Uttar Pradesh,Rice,2023,1,2023-01-01,Gadaura APMC,,gadaura,Maharajganj
Uttar Pradesh,Rice,2023,1,2023-01-01,Golagokarnath APMC,2040.0,golagokarnath,Lalitpur
Uttar Pradesh,Rice,2023,1,2023-01-01,Gonda APMC,2040.0,gonda,Gonda
Uttar Pradesh,Rice,2023,1,2023-01-01,Gopiganj APMC,2040.0,gopiganj,Bhadohi
Uttar Pradesh,Rice,2023,1,2023-01-01,Gorakhpur APMC,2040.0,gorakhpur,Gorakhpur
Uttar Pradesh,Rice,2023,1,2023-01-01,Hardoi APMC,2040.0,hardoi,Hardoi
Uttar Pradesh,Rice,2023,1,2023-01-01,Hargaon (Laharpur) APMC,2040.0,hargaon (laharpur),Sitapur
Uttar Pradesh,Rice,2023,1,2023-01-01,Jafarganj APMC,2040.0,jafarganj,Amethi
Uttar Pradesh,Rice,2023,1,2023-01-01,Jahanabad APMC,,jahanabad,Fatehpur
Uttar Pradesh,Rice,2023,1,2023-01-01,Jasra APMC,,jasra,Prayagraj
Uttar Pradesh,Rice,2023,1,2023-01-01,Jasvantnagar APMC,,jasvantnagar,Etawah
Uttar Pradesh,Rice,2023,1,2023-01-01,Jaunpur APMC,2040.0,jaunpur,Jaunpur
Uttar Pradesh,Rice,2023,1,2023-01-01,Jayas APMC,2040.0,jayas,Rae Bareli
Uttar Pradesh,Rice,2023,1,2023-01-01,Jhijhank APMC,2040.0,jhijhank,Kanpur Dehat
Uttar Pradesh,Rice,2023,1,2023-01-01,Kannauj APMC,2040.0,kannauj,Kannauj
Uttar Pradesh,Rice,2023,1,2023-01-01,Karvi APMC,,karvi,Chitrakoot
Uttar Pradesh,Rice,2023,1,2023-01-01,Kayamganj APMC,2373.66,kayamganj,Farrukhabad
Uttar Pradesh,Rice,2023,1,2023-01-01,Khaga APMC,2103.01,khaga,Fatehpur
Uttar Pradesh,Rice,2023,1,2023-01-01,Kishunpur APMC,1992.05,kishunpur,Bahraich
Uttar Pradesh,Rice,2023,1,2023-01-01,Kopaganj APMC,2037.41,kopaganj,
Uttar Pradesh,Rice,2023,1,2023-01-01,Kurara APMC,2040.0,kurara,Hamirpur
Uttar Pradesh,Rice,2023,1,2023-01-01,Lakhimpur APMC,1917.78,lakhimpur,Lalitpur
Uttar Pradesh,Rice,2023,1,2023-01-01,Lalganj APMC,2040.0,lalganj,Rae Bareli
Uttar Pradesh,Rice,2023,1,2023-01-01,Lucknow APMC,2040.0,lucknow,Lucknow
Uttar Pradesh,Rice,2023,1,2023-01-01,Madhoganj APMC,2040.0,madhoganj,Hardoi
Uttar Pradesh,Rice,2023,1,2023-01-01,Maigalganj APMC,1998.11,maigalganj,Gorakhpur
Uttar Pradesh,Rice,2023,1,2023-01-01,Mainpuri APMC,2040.68,mainpuri,Mainpuri
Uttar Pradesh,Rice,2023,1,2023-01-01,Mathura APMC,,mathura,Mathura
Uttar Pradesh,Rice,2023,1,2023-01-01,Milak APMC,,milak,Rampur
Uttar Pradesh,Rice,2023,1,2023-01-01,Mirzapur APMC,2040.0,mirzapur,Mirzapur
Uttar Pradesh,Rice,2023,1,2023-01-01,Mohammdi APMC,2040.0,mohammdi,Kheri
Uttar Pradesh,Rice,2023,1,2023-01-01,Moth APMC,2040.0,moth,Jhansi
Uttar Pradesh,Rice,2023,1,2023-01-01,Mugrabaadshahpur APMC,2040.0,mugrabaadshahpur,Jaunpur
Uttar Pradesh,Rice,2023,1,2023-01-01,Muradabad APMC,2050.19,muradabad,Sambhal
Uttar Pradesh,Rice,2023,1,2023-01-01,Muskara APMC,2040.0,muskara,Mahoba
Uttar Pradesh,Rice,2023,1,2023-01-01,Naugarh APMC,2040.0,naugarh,Siddharthnagar
Uttar Pradesh,Rice,2023,1,2023-01-01,Nautnava APMC,2040.0,nautnava,Maharajganj
Uttar Pradesh,Rice,2023,1,2023-01-01,Nawabganj APMC,2040.0,nawabganj,Gonda
Uttar Pradesh,Rice,2023,1,2023-01-01,Panchpedwa APMC,,panchpedwa,Balrampur
Uttar Pradesh,Rice,2023,1,2023-01-01,Partaval APMC,2040.0,partaval,Mahrajganj
Uttar Pradesh,Rice,2023,1,2023-01-01,Pilibhit APMC,2040.0,pilibhit,Pilibhit
Uttar Pradesh,Rice,2023,1,2023-01-01,Powayan APMC,2040.0,powayan,Shahjahanpur
Uttar Pradesh,Rice,2023,1,2023-01-01,Pratapgarh APMC,2040.0,pratapgarh,Pratapgarh
Uttar Pradesh,Rice,2023,1,2023-01-01,Prayagraj APMC,2050.0,prayagraj,Prayagraj
Uttar Pradesh,Rice,2023,1,2023-01-01,Pukharayan APMC,2051.58,pukharayan,Kanpur Dehat
Uttar Pradesh,Rice,2023,1,2023-01-01,Puranpur APMC,2040.0,puranpur,Pilibhit
Uttar Pradesh,Rice,2023,1,2023-01-01,Raibareilly APMC,2040.0,raibareilly,Rae Bareli
Uttar Pradesh,Rice,2023,1,2023-01-01,Rampur APMC,2040.0,rampur,Rampur
Uttar Pradesh,Rice,2023,1,2023-01-01,Rasda APMC,2040.0,rasda,Ballia
Uttar Pradesh,Rice,2023,1,2023-01-01,Richha APMC,2040.51,richha,Bareilly
Uttar Pradesh,Rice,2023,1,2023-01-01,Rudauli APMC,2040.0,rudauli,Ayodhya
Uttar Pradesh,Rice,2023,1,2023-01-01,Rura APMC,,rura,Kanpur Dehat
Uttar Pradesh,Rice,2023,1,2023-01-01,Safdarganj APMC,2040.0,safdarganj,Barabanki
Uttar Pradesh,Rice,2023,1,2023-01-01,Saharanpur APMC,2040.0,saharanpur,Saharanpur
Uttar Pradesh,Rice,2023,1,2023-01-01,Sahiyapur APMC,2040.0,sahiyapur,Siddharthnagar
Uttar Pradesh,Rice,2023,1,2023-01-01,Salon APMC,2040.0,salon,Rae Bareli
Uttar Pradesh,Rice,2023,1,2023-01-01,Sambhal APMC,,sambhal,Sambhal
Uttar Pradesh,Rice,2023,1,2023-01-01,Sandi APMC,1737.49,sandi,Hardoi
Uttar Pradesh,Rice,2023,1,2023-01-01,Sandila APMC,2040.0,sandila,Hardoi
Uttar Pradesh,Rice,2023,1,2023-01-01,Sehjanwa APMC,2040.0,sehjanwa,Gorakhpur
Uttar Pradesh,Rice,2023,1,2023-01-01,Shahabad(New Mandi) APMC,2040.0,shahabad(new mandi),Hardoi
Uttar Pradesh,Rice,2023,1,2023-01-01,Shahganj APMC,2040.0,shahganj,Jaunpur
Uttar Pradesh,Rice,2023,1,2023-01-01,Shahjahanpur APMC,2040.0,shahjahanpur,Shahjahanpur
Uttar Pradesh,Rice,2023,1,2023-01-01,Shikohabad APMC,2040.12,shikohabad,Firozabad
Uttar Pradesh,Rice,2023,1,2023-01-01,Sirsa APMC,2040.22,sirsa,Gautam Buddha Nagar
Uttar Pradesh,Rice,2023,1,2023-01-01,Sirsaganj APMC,2040.41,sirsaganj,Firozabad
Uttar Pradesh,Rice,2023,1,2023-01-01,Sitapur APMC,2040.0,sitapur,Sitapur
Uttar Pradesh,Rice,2023,1,2023-01-01,Sultanpur APMC,2040.0,sultanpur,Amethi
Uttar Pradesh,Rice,2023,1,2023-01-01,Tamkuhi road APMC,2040.0,tamkuhi road,Kushinagar
Uttar Pradesh,Rice,2023,1,2023-01-01,Tikonia APMC,,tikonia,Lakhimpur Kheri
Uttar Pradesh,Rice,2023,1,2023-01-01,Tilhar APMC,1667.9,tilhar,Shahjahanpur
Uttar Pradesh,Rice,2023,1,2023-01-01,Tulsipur APMC,2040.0,tulsipur,Balrampur
Uttar Pradesh,Rice,2023,1,2023-01-01,Ujhani APMC,,ujhani,Budaun
Uttar Pradesh,Rice,2023,1,2023-01-01,Unnao APMC,2040.0,unnao,Unnao
Uttar Pradesh,Rice,2023,1,2023-01-01,Uttaripura APMC,1891.97,uttaripura,Jaunpur
Uttar Pradesh,Rice,2023,1,2023-01-01,Viswan APMC,2040.0,viswan,Sitapur
Uttar Pradesh,Rice,2023,1,2023-01-01,Wazirganj APMC,2612.18,wazirganj,Budaun
Uttar Pradesh,Rice,2023,1,2023-01-01,Yusufpur APMC,2051.53,yusufpur,Ghazipur
Uttar Pradesh,Rice,2023,2,2023-02-01,Achalda APMC,2040.0,achalda,Auraiya
Uttar Pradesh,Rice,2023,2,2023-02-01,Ahirora APMC,2040.0,ahirora,Mirzapur
Uttar Pradesh,Rice,2023,2,2023-02-01,Ajuha APMC,2040.0,ajuha,Prayagraj
Uttar Pradesh,Rice,2023,2,2023-02-01,Akbarpur APMC,2040.0,akbarpur,Ambedkarnagar
Uttar Pradesh,Rice,2023,2,2023-02-01,Aligarh APMC,2672.71,aligarh,Aligarh
Uttar Pradesh,Rice,2023,2,2023-02-01,Amroha APMC,,amroha,Amroha
Uttar Pradesh,Rice,2023,2,2023-02-01,Anandnagar APMC,2040.0,anandnagar,Mahrajganj
Uttar Pradesh,Rice,2023,2,2023-02-01,Atarra APMC,2040.0,atarra,Banda
Uttar Pradesh,Rice,2023,2,2023-02-01,Auraiya APMC,2040.0,auraiya,Auraiya
Uttar Pradesh,Rice,2023,2,2023-02-01,Ayodhya APMC,2040.0,ayodhya,Ayodhya
Uttar Pradesh,Rice,2023,2,2023-02-01,Azamgarh APMC,2040.0,azamgarh,Azamgarh
Uttar Pradesh,Rice,2023,2,2023-02-01,Baberu APMC,2040.0,baberu,Banda
Uttar Pradesh,Rice,2023,2,2023-02-01,Bachranwa APMC,1896.43,bachranwa,Rae Bareli
Uttar Pradesh,Rice,2023,2,2023-02-01,Badayoun APMC,2803.06,badayoun,Budaun
Uttar Pradesh,Rice,2023,2,2023-02-01,Bahraich APMC,2040.0,bahraich,Bahraich
Uttar Pradesh,Rice,2023,2,2023-02-01,Ballia APMC,2040.0,ballia,Ballia
Uttar Pradesh,Rice,2023,2,2023-02-01,Balrampur APMC,2040.0,balrampur,Balrampur
Uttar Pradesh,Rice,2023,2,2023-02-01,Banda APMC,2040.0,banda,Banda
Uttar Pradesh,Rice,2023,2,2023-02-01,Bangarmau APMC,2040.75,bangarmau,Unnao
Uttar Pradesh,Rice,2023,2,2023-02-01,Bansi APMC,2040.0,bansi,Siddharthnagar
Uttar Pradesh,Rice,2023,2,2023-02-01,Barabanki APMC,2040.0,barabanki,Bara Banki
Uttar Pradesh,Rice,2023,2,2023-02-01,Bareilly APMC,,bareilly,Bareilly
Uttar Pradesh,Rice,2023,2,2023-02-01,Barhaj APMC,2040.0,barhaj,Deoria
Uttar Pradesh,Rice,2023,2,2023-02-01,Baripaal APMC,2360.48,baripaal,Jaunpur
Uttar Pradesh,Rice,2023,2,2023-02-01,Basti APMC,2040.0,basti,Basti
Uttar Pradesh,Rice,2023,2,2023-02-01,Bharuasumerpur APMC,2040.0,bharuasumerpur,Hamirpur
Uttar Pradesh,Rice,2023,2,2023-02-01,Bharwari APMC,2040.0,bharwari,Kaushambi
Uttar Pradesh,Rice,2023,2,2023-02-01,Bilsi APMC,2800.0,bilsi,Budaun
Uttar Pradesh,Rice,2023,2,2023-02-01,Bindki APMC,2421.47,bindki,Fatehpur
Uttar Pradesh,Rice,2023,2,2023-02-01,Bishalpur APMC,2040.0,bishalpur,Pilibhit
Uttar Pradesh,Rice,2023,2,2023-02-01,Bisoli APMC,3018.58,bisoli,Badaun
Uttar Pradesh,Rice,2023,2,2023-02-01,Chandausi APMC,2790.0,chandausi,Sambhal
Uttar Pradesh,Rice,2023,2,2023-02-01,Chandoli APMC,2040.0,chandoli,Chandauli
Uttar Pradesh,Rice,2023,2,2023-02-01,Chorichora APMC,2040.0,chorichora,Gorakhpur
Uttar Pradesh,Rice,2023,2,2023-02-01,Choubepur APMC,2043.33,choubepur,Jaunpur
Uttar Pradesh,Rice,2023,2,2023-02-01,Dataganj APMC,2570.45,dataganj,Badaun
Uttar Pradesh,Rice,2023,2,2023-02-01,Devariya APMC,2040.51,devariya,Deoria
Uttar Pradesh,Rice,2023,2,2023-02-01,Doharighat APMC,1958.17,doharighat,Azamgarh
Uttar Pradesh,Rice,2023,2,2023-02-01,Etawah APMC,2042.14,etawah,Etawah
Uttar Pradesh,Rice,2023,2,2023-02-01,Farukhabad APMC,2040.0,farukhabad,Farrukhabad
Uttar Pradesh,Rice,2023,2,2023-02-01,Fatehpur APMC,2435.2,fatehpur,Fatehpur
Uttar Pradesh,Rice,2023,2,2023-02-01,Gadaura APMC,,gadaura,Maharajganj
Uttar Pradesh,Rice,2023,2,2023-02-01,Golagokarnath APMC,1924.55,golagokarnath,Lalitpur
Uttar Pradesh,Rice,2023,2,2023-02-01,Gonda APMC,2040.0,gonda,Gonda
Uttar Pradesh,Rice,2023,2,2023-02-01,Gopiganj APMC,2040.0,gopiganj,Bhadohi
Uttar Pradesh,Rice,2023,2,2023-02-01,Gorakhpur APMC,2040.0,gorakhpur,Gorakhpur
Uttar Pradesh,Rice,2023,2,2023-02-01,Hardoi APMC,1955.59,hardoi,Hardoi
Uttar Pradesh,Rice,2023,2,2023-02-01,Hargaon (Laharpur) APMC,2040.0,hargaon (laharpur),Sitapur
Uttar Pradesh,Rice,2023,2,2023-02-01,Jafarganj APMC,2040.0,jafarganj,Amethi
Uttar Pradesh,Rice,2023,2,2023-02-01,Jahanabad APMC,,jahanabad,Fatehpur
Uttar Pradesh,Rice,2023,2,2023-02-01,Jasra APMC,,jasra,Prayagraj
Uttar Pradesh,Rice,2023,2,2023-02-01,Jaunpur APMC,2040.0,jaunpur,Jaunpur
Uttar Pradesh,Rice,2023,2,2023-02-01,Jayas APMC,2040.0,jayas,Rae Bareli
Uttar Pradesh,Rice,2023,2,2023-02-01,Jhijhank APMC,2040.0,jhijhank,Kanpur Dehat
Uttar Pradesh,Rice,2023,2,2023-02-01,Kannauj APMC,2040.0,kannauj,Kannauj
Uttar Pradesh,Rice,2023,2,2023-02-01,Kayamganj APMC,2040.0,kayamganj,Farrukhabad
Uttar Pradesh,Rice,2023,2,2023-02-01,Khaga APMC,2064.56,khaga,Fatehpur
Uttar Pradesh,Rice,2023,2,2023-02-01,Kishunpur APMC,2000.0,kishunpur,Bahraich
Uttar Pradesh,Rice,2023,2,2023-02-01,Kopaganj APMC,2036.31,kopaganj,
Uttar Pradesh,Rice,2023,2,2023-02-01,Kurara APMC,2040.0,kurara,Hamirpur
Uttar Pradesh,Rice,2023,2,2023-02-01,Lakhimpur APMC,1933.58,lakhimpur,Lalitpur
Uttar Pradesh,Rice,2023,2,2023-02-01,Lalganj APMC,2040.0,lalganj,Rae Bareli
Uttar Pradesh,Rice,2023,2,2023-02-01,Lucknow APMC,2040.0,lucknow,Lucknow
Uttar Pradesh,Rice,2023,2,2023-02-01,Madhoganj APMC,1946.23,madhoganj,Hardoi
Uttar Pradesh,Rice,2023,2,2023-02-01,Maigalganj APMC,1863.14,maigalganj,Gorakhpur
Uttar Pradesh,Rice,2023,2,2023-02-01,Mainpuri APMC,2040.07,mainpuri,Mainpuri
Uttar Pradesh,Rice,2023,2,2023-02-01,Milak APMC,,milak,Rampur
Uttar Pradesh,Rice,2023,2,2023-02-01,Mirzapur APMC,2040.0,mirzapur,Mirzapur
Uttar Pradesh,Rice,2023,2,2023-02-01,Mohammdi APMC,1928.3,mohammdi,Kheri
Uttar Pradesh,Rice,2023,2,2023-02-01,Moth APMC,,moth,Jhansi
Uttar Pradesh,Rice,2023,2,2023-02-01,Mugrabaadshahpur APMC,2040.0,mugrabaadshahpur,Jaunpur
Uttar Pradesh,Rice,2023,2,2023-02-01,Muradabad APMC,,muradabad,Sambhal
Uttar Pradesh,Rice,2023,2,2023-02-01,Muskara APMC,2040.0,muskara,Mahoba
Uttar Pradesh,Rice,2023,2,2023-02-01,Naugarh APMC,2040.0,naugarh,Siddharthnagar
Uttar Pradesh,Rice,2023,2,2023-02-01,Nautnava APMC,2040.0,nautnava,Maharajganj
Uttar Pradesh,Rice,2023,2,2023-02-01,Nawabganj APMC,2040.0,nawabganj,Gonda
Uttar Pradesh,Rice,2023,2,2023-02-01,Paliakala APMC,,paliakala,Lakhimpur Kheri
Uttar Pradesh,Rice,2023,2,2023-02-01,Partaval APMC,2040.0,partaval,Mahrajganj
Uttar Pradesh,Rice,2023,2,2023-02-01,Pilibhit APMC,1858.06,pilibhit,Pilibhit
Uttar Pradesh,Rice,2023,2,2023-02-01,Powayan APMC,1870.0,powayan,Shahjahanpur
Uttar Pradesh,Rice,2023,2,2023-02-01,Pratapgarh APMC,2040.0,pratapgarh,Pratapgarh
Uttar Pradesh,Rice,2023,2,2023-02-01,Prayagraj APMC,,prayagraj,Prayagraj
Uttar Pradesh,Rice,2023,2,2023-02-01,Pukharayan APMC,2054.12,pukharayan,Kanpur Dehat
Uttar Pradesh,Rice,2023,2,2023-02-01,Puranpur APMC,1850.82,puranpur,Pilibhit
Uttar Pradesh,Rice,2023,2,2023-02-01,Raibareilly APMC,2040.0,raibareilly,Rae Bareli
Uttar Pradesh,Rice,2023,2,2023-02-01,Rampur APMC,,rampur,Rampur
Uttar Pradesh,Rice,2023,2,2023-02-01,Rasda APMC,2040.0,rasda,Ballia
Uttar Pradesh,Rice,2023,2,2023-02-01,Richha APMC,2040.73,richha,Bareilly
Uttar Pradesh,Rice,2023,2,2023-02-01,Rudauli APMC,2040.0,rudauli,Ayodhya
Uttar Pradesh,Rice,2023,2,2023-02-01,Rura APMC,,rura,Kanpur Dehat
Uttar Pradesh,Rice,2023,2,2023-02-01,Safdarganj APMC,2040.0,safdarganj,Barabanki
Uttar Pradesh,Rice,2023,2,2023-02-01,Saharanpur APMC,2040.0,saharanpur,Saharanpur
Uttar Pradesh,Rice,2023,2,2023-02-01,Sahiyapur APMC,2040.0,sahiyapur,Siddharthnagar
Uttar Pradesh,Rice,2023,2,2023-02-01,Salon APMC,2040.0,salon,Rae Bareli
Uttar Pradesh,Rice,2023,2,2023-02-01,Sandi APMC,1737.92,sandi,Hardoi
Uttar Pradesh,Rice,2023,2,2023-02-01,Sandila APMC,1952.07,sandila,Hardoi
Uttar Pradesh,Rice,2023,2,2023-02-01,Sehjanwa APMC,2040.0,sehjanwa,Gorakhpur
Uttar Pradesh,Rice,2023,2,2023-02-01,Shahabad(New Mandi) APMC,2035.91,shahabad(new mandi),Hardoi
Uttar Pradesh,Rice,2023,2,2023-02-01,Shahganj APMC,2040.0,shahganj,Jaunpur
Uttar Pradesh,Rice,2023,2,2023-02-01,Shahjahanpur APMC,,shahjahanpur,Shahjahanpur
Uttar Pradesh,Rice,2023,2,2023-02-01,Shikohabad APMC,3040.0,shikohabad,Firozabad
Uttar Pradesh,Rice,2023,2,2023-02-01,Sirsa APMC,2040.0,sirsa,Gautam Buddha Nagar
Uttar Pradesh,Rice,2023,2,2023-02-01,Sirsaganj APMC,2040.0,sirsaganj,Firozabad
Uttar Pradesh,Rice,2023,2,2023-02-01,Sitapur APMC,1868.45,sitapur,Sitapur
Uttar Pradesh,Rice,2023,2,2023-02-01,Sultanpur APMC,2040.0,sultanpur,Amethi
Uttar Pradesh,Rice,2023,2,2023-02-01,Tamkuhi road APMC,,tamkuhi road,Kushinagar
Uttar Pradesh,Rice,2023,2,2023-02-01,Tilhar APMC,1600.0,tilhar,Shahjahanpur
Uttar Pradesh,Rice,2023,2,2023-02-01,Tulsipur APMC,2040.0,tulsipur,Balrampur
Uttar Pradesh,Rice,2023,2,2023-02-01,Ujhani APMC,,ujhani,Budaun
Uttar Pradesh,Rice,2023,2,2023-02-01,Unnao APMC,2040.0,unnao,Unnao
Uttar Pradesh,Rice,2023,2,2023-02-01,Uttaripura APMC,1864.24,uttaripura,Jaunpur
Uttar Pradesh,Rice,2023,2,2023-02-01,Viswan APMC,1841.46,viswan,Sitapur
Uttar Pradesh,Rice,2023,2,2023-02-01,Wazirganj APMC,2718.58,wazirganj,Budaun
Uttar Pradesh,Rice,2023,2,2023-02-01,Yusufpur APMC,,yusufpur,Ghazipur
Uttar Pradesh,Rice,2023,3,2023-03-01,Achalda APMC,2101.43,achalda,Auraiya
Uttar Pradesh,Rice,2023,3,2023-03-01,Ahirora APMC,,ahirora,Mirzapur
Uttar Pradesh,Rice,2023,3,2023-03-01,Ajuha APMC,,ajuha,Prayagraj
Uttar Pradesh,Rice,2023,3,2023-03-01,Akbarpur APMC,1912.9,akbarpur,Ambedkarnagar
Uttar Pradesh,Rice,2023,3,2023-03-01,Aligarh APMC,,aligarh,Aligarh
Uttar Pradesh,Rice,2023,3,2023-03-01,Anandnagar APMC,1889.78,anandnagar,Mahrajganj
Uttar Pradesh,Rice,2023,3,2023-03-01,Atarra APMC,2050.0,atarra,Banda
Uttar Pradesh,Rice,2023,3,2023-03-01,Auraiya APMC,1957.14,auraiya,Auraiya
Uttar Pradesh,Rice,2023,3,2023-03-01,Ayodhya APMC,1896.6,ayodhya,Ayodhya
Uttar Pradesh,Rice,2023,3,2023-03-01,Azamgarh APMC,1928.62,azamgarh,Azamgarh
Uttar Pradesh,Rice,2023,3,2023-03-01,Baberu APMC,,baberu,Banda
Uttar Pradesh,Rice,2023,3,2023-03-01,Bachranwa APMC,2117.66,bachranwa,Rae Bareli
Uttar Pradesh,Rice,2023,3,2023-03-01,Badayoun APMC,,badayoun,Budaun
Uttar Pradesh,Rice,2023,3,2023-03-01,Bahraich APMC,1911.28,bahraich,Bahraich
Uttar Pradesh,Rice,2023,3,2023-03-01,Ballia APMC,,ballia,Ballia
Uttar Pradesh,Rice,2023,3,2023-03-01,Balrampur APMC,2040.0,balrampur,Balrampur
Uttar Pradesh,Rice,2023,3,2023-03-01,Banda APMC,,banda,Banda
Uttar Pradesh,Rice,2023,3,2023-03-01,Bangarmau APMC,1921.8,bangarmau,Unnao
Uttar Pradesh,Rice,2023,3,2023-03-01,Bansi APMC,1870.0,bansi,Siddharthnagar
Uttar Pradesh,Rice,2023,3,2023-03-01,Barabanki APMC,,barabanki,Bara Banki
Uttar Pradesh,Rice,2023,3,2023-03-01,Barhaj APMC,1917.28,barhaj,Deoria
Uttar Pradesh,Rice,2023,3,2023-03-01,Baripaal APMC,2740.0,baripaal,Jaunpur
Uttar Pradesh,Rice,2023,3,2023-03-01,Basti APMC,1896.05,basti,Basti
Uttar Pradesh,Rice,2023,3,2023-03-01,Bharuasumerpur APMC,2040.0,bharuasumerpur,Hamirpur
Uttar Pradesh,Rice,2023,3,2023-03-01,Bharwari APMC,,bharwari,Kaushambi
Uttar Pradesh,Rice,2023,3,2023-03-01,Bilsi APMC,,bilsi,Budaun
Uttar Pradesh,Rice,2023,3,2023-03-01,Bindki APMC,2457.82,bindki,Fatehpur
Uttar Pradesh,Rice,2023,3,2023-03-01,Bishalpur APMC,,bishalpur,Pilibhit
Uttar Pradesh,Rice,2023,3,2023-03-01,Bisoli APMC,2915.66,bisoli,Badaun
Uttar Pradesh,Rice,2023,3,2023-03-01,Chandausi APMC,,chandausi,Sambhal
Uttar Pradesh,Rice,2023,3,2023-03-01,Chandoli APMC,2047.37,chandoli,Chandauli
Uttar Pradesh,Rice,2023,3,2023-03-01,Chorichora APMC,1894.94,chorichora,Gorakhpur
Uttar Pradesh,Rice,2023,3,2023-03-01,Choubepur APMC,,choubepur,Jaunpur
Uttar Pradesh,Rice,2023,3,2023-03-01,Dataganj APMC,2547.84,dataganj,Badaun
Uttar Pradesh,Rice,2023,3,2023-03-01,Devariya APMC,1905.54,devariya,Deoria
Uttar Pradesh,Rice,2023,3,2023-03-01,Doharighat APMC,1960.0,doharighat,Azamgarh
Uttar Pradesh,Rice,2023,3,2023-03-01,Etawah APMC,2042.42,etawah,Etawah
Uttar Pradesh,Rice,2023,3,2023-03-01,Farukhabad APMC,,farukhabad,Farrukhabad
Uttar Pradesh,Rice,2023,3,2023-03-01,Fatehpur APMC,2234.26,fatehpur,Fatehpur
Uttar Pradesh,Rice,2023,3,2023-03-01,Gadaura APMC,,gadaura,Maharajganj
Uttar Pradesh,Rice,2023,3,2023-03-01,Golagokarnath APMC,1937.42,golagokarnath,Lalitpur
Uttar Pradesh,Rice,2023,3,2023-03-01,Gonda APMC,1944.21,gonda,Gonda
Uttar Pradesh,Rice,2023,3,2023-03-01,Gopiganj APMC,2040.0,gopiganj,Bhadohi
Uttar Pradesh,Rice,2023,3,2023-03-01,Gorakhpur APMC,1897.28,gorakhpur,Gorakhpur
Uttar Pradesh,Rice,2023,3,2023-03-01,Hardoi APMC,1928.73,hardoi,Hardoi
Uttar Pradesh,Rice,2023,3,2023-03-01,Hargaon (Laharpur) APMC,,hargaon (laharpur),Sitapur
Uttar Pradesh,Rice,2023,3,2023-03-01,Jafarganj APMC,1893.07,jafarganj,Amethi
Uttar Pradesh,Rice,2023,3,2023-03-01,Jahanabad APMC,,jahanabad,Fatehpur
Uttar Pradesh,Rice,2023,3,2023-03-01,Jaunpur APMC,,jaunpur,Jaunpur
Uttar Pradesh,Rice,2023,3,2023-03-01,Jayas APMC,2092.96,jayas,Rae Bareli
Uttar Pradesh,Rice,2023,3,2023-03-01,Jhijhank APMC,2045.8,jhijhank,Kanpur Dehat
Uttar Pradesh,Rice,2023,3,2023-03-01,Kannauj APMC,1985.36,kannauj,Kannauj
Uttar Pradesh,Rice,2023,3,2023-03-01,Kayamganj APMC,2040.0,kayamganj,Farrukhabad
Uttar Pradesh,Rice,2023,3,2023-03-01,Khaga APMC,2056.67,khaga,Fatehpur
Uttar Pradesh,Rice,2023,3,2023-03-01,Kishunpur APMC,2247.37,kishunpur,Bahraich
Uttar Pradesh,Rice,2023,3,2023-03-01,Kopaganj APMC,1925.0,kopaganj,
Uttar Pradesh,Rice,2023,3,2023-03-01,Kurara APMC,1900.0,kurara,Hamirpur
Uttar Pradesh,Rice,2023,3,2023-03-01,Lakhimpur APMC,1945.38,lakhimpur,Lalitpur
Uttar Pradesh,Rice,2023,3,2023-03-01,Lalganj APMC,2121.87,lalganj,Rae Bareli
Uttar Pradesh,Rice,2023,3,2023-03-01,Lucknow APMC,,lucknow,Lucknow
Uttar Pradesh,Rice,2023,3,2023-03-01,Madhoganj APMC,1923.12,madhoganj,Hardoi
Uttar Pradesh,Rice,2023,3,2023-03-01,Maigalganj APMC,1893.14,maigalganj,Gorakhpur
Uttar Pradesh,Rice,2023,3,2023-03-01,Mainpuri APMC,2040.0,mainpuri,Mainpuri
Uttar Pradesh,Rice,2023,3,2023-03-01,Milak APMC,,milak,Rampur
Uttar Pradesh,Rice,2023,3,2023-03-01,Mirzapur APMC,,mirzapur,Mirzapur
Uttar Pradesh,Rice,2023,3,2023-03-01,Mohammdi APMC,1932.79,mohammdi,Kheri
Uttar Pradesh,Rice,2023,3,2023-03-01,Mugrabaadshahpur APMC,,mugrabaadshahpur,Jaunpur
Uttar Pradesh,Rice,2023,3,2023-03-01,Muskara APMC,,muskara,Mahoba
Uttar Pradesh,Rice,2023,3,2023-03-01,Naugarh APMC,1898.87,naugarh,Siddharthnagar
Uttar Pradesh,Rice,2023,3,2023-03-01,Nautnava APMC,1924.17,nautnava,Maharajganj
Uttar Pradesh,Rice,2023,3,2023-03-01,Nawabganj APMC,1957.88,nawabganj,Gonda
Uttar Pradesh,Rice,2023,3,2023-03-01,Paliakala APMC,,paliakala,Lakhimpur Kheri
Uttar Pradesh,Rice,2023,3,2023-03-01,Panchpedwa APMC,,panchpedwa,Balrampur
Uttar Pradesh,Rice,2023,3,2023-03-01,Partaval APMC,1915.0,partaval,Mahrajganj
Uttar Pradesh,Rice,2023,3,2023-03-01,Pilibhit APMC,,pilibhit,Pilibhit
Uttar Pradesh,Rice,2023,3,2023-03-01,Powayan APMC,,powayan,Shahjahanpur
Uttar Pradesh,Rice,2023,3,2023-03-01,Pratapgarh APMC,,pratapgarh,Pratapgarh
Uttar Pradesh,Rice,2023,3,2023-03-01,Pukharayan APMC,2052.37,pukharayan,Kanpur Dehat
Uttar Pradesh,Rice,2023,3,2023-03-01,Puranpur APMC,,puranpur,Pilibhit
Uttar Pradesh,Rice,2023,3,2023-03-01,Raibareilly APMC,2063.41,raibareilly,Rae Bareli
Uttar Pradesh,Rice,2023,3,2023-03-01,Rasda APMC,2040.0,rasda,Ballia
Uttar Pradesh,Rice,2023,3,2023-03-01,Richha APMC,2040.14,richha,Bareilly
Uttar Pradesh,Rice,2023,3,2023-03-01,Rudauli APMC,,rudauli,Ayodhya
Uttar Pradesh,Rice,2023,3,2023-03-01,Rura APMC,,rura,Kanpur Dehat
Uttar Pradesh,Rice,2023,3,2023-03-01,Safdarganj APMC,,safdarganj,Barabanki
Uttar Pradesh,Rice,2023,3,2023-03-01,Saharanpur APMC,2040.0,saharanpur,Saharanpur
Uttar Pradesh,Rice,2023,3,2023-03-01,Sahiyapur APMC,1906.23,sahiyapur,Siddharthnagar
Uttar Pradesh,Rice,2023,3,2023-03-01,Salon APMC,1925.6,salon,Rae Bareli
Uttar Pradesh,Rice,2023,3,2023-03-01,Sandi APMC,1654.59,sandi,Hardoi
Uttar Pradesh,Rice,2023,3,2023-03-01,Sandila APMC,1925.49,sandila,Hardoi
Uttar Pradesh,Rice,2023,3,2023-03-01,Sehjanwa APMC,1889.96,sehjanwa,Gorakhpur
Uttar Pradesh,Rice,2023,3,2023-03-01,Shahabad(New Mandi) APMC,1949.96,shahabad(new mandi),Hardoi
Uttar Pradesh,Rice,2023,3,2023-03-01,Shahganj APMC,,shahganj,Jaunpur
Uttar Pradesh,Rice,2023,3,2023-03-01,Shahjahanpur APMC,,shahjahanpur,Shahjahanpur
Uttar Pradesh,Rice,2023,3,2023-03-01,Shikohabad APMC,,shikohabad,Firozabad
Uttar Pradesh,Rice,2023,3,2023-03-01,Sirsa APMC,2040.0,sirsa,Gautam Buddha Nagar
Uttar Pradesh,Rice,2023,3,2023-03-01,Sirsaganj APMC,,sirsaganj,Firozabad
Uttar Pradesh,Rice,2023,3,2023-03-01,Sitapur APMC,1882.27,sitapur,Sitapur
Uttar Pradesh,Rice,2023,3,2023-03-01,Sultanpur APMC,1908.18,sultanpur,Amethi
Uttar Pradesh,Rice,2023,3,2023-03-01,Tamkuhi road APMC,1870.0,tamkuhi road,Kushinagar
Uttar Pradesh,Rice,2023,3,2023-03-01,Tilhar APMC,,tilhar,Shahjahanpur
Uttar Pradesh,Rice,2023,3,2023-03-01,Tulsipur APMC,1912.63,tulsipur,Balrampur
Uttar Pradesh,Rice,2023,3,2023-03-01,Ujhani APMC,,ujhani,Budaun
Uttar Pradesh,Rice,2023,3,2023-03-01,Unnao APMC,,unnao,Unnao
Uttar Pradesh,Rice,2023,3,2023-03-01,Uttaripura APMC,1788.46,uttaripura,Jaunpur
Uttar Pradesh,Rice,2023,3,2023-03-01,Viswan APMC,1867.29,viswan,Sitapur
Uttar Pradesh,Rice,2023,3,2023-03-01,Wazirganj APMC,2555.99,wazirganj,Budaun
Uttar Pradesh,Rice,2023,4,2023-04-01,Achalda APMC,,achalda,Auraiya
Uttar Pradesh,Rice,2023,4,2023-04-01,Ahirora APMC,2040.0,ahirora,Mirzapur
Uttar Pradesh,Rice,2023,4,2023-04-01,Akbarpur APMC,,akbarpur,Ambedkarnagar
Uttar Pradesh,Rice,2023,4,2023-04-01,Anandnagar APMC,1856.41,anandnagar,Mahrajganj
Uttar Pradesh,Rice,2023,4,2023-04-01,Atarra APMC,2116.52,atarra,Banda
Uttar Pradesh,Rice,2023,4,2023-04-01,Auraiya APMC,,auraiya,Auraiya
Uttar Pradesh,Rice,2023,4,2023-04-01,Ayodhya APMC,1862.49,ayodhya,Ayodhya
Uttar Pradesh,Rice,2023,4,2023-04-01,Azamgarh APMC,,azamgarh,Azamgarh
Uttar Pradesh,Rice,2023,4,2023-04-01,Bachranwa APMC,2155.12,bachranwa,Rae Bareli
Uttar Pradesh,Rice,2023,4,2023-04-01,Bahraich APMC,1847.4,bahraich,Bahraich
Uttar Pradesh,Rice,2023,4,2023-04-01,Balrampur APMC,,balrampur,Balrampur
Uttar Pradesh,Rice,2023,4,2023-04-01,Bangarmau APMC,1912.59,bangarmau,Unnao
Uttar Pradesh,Rice,2023,4,2023-04-01,Bansi APMC,1860.0,bansi,Siddharthnagar
Uttar Pradesh,Rice,2023,4,2023-04-01,Bareilly APMC,,bareilly,Bareilly
Uttar Pradesh,Rice,2023,4,2023-04-01,Barhaj APMC,1860.0,barhaj,Deoria
Uttar Pradesh,Rice,2023,4,2023-04-01,Baripaal APMC,,baripaal,Jaunpur
Uttar Pradesh,Rice,2023,4,2023-04-01,Basti APMC,1863.41,basti,Basti
Uttar Pradesh,Rice,2023,4,2023-04-01,Bharuasumerpur APMC,,bharuasumerpur,Hamirpur
Uttar Pradesh,Rice,2023,4,2023-04-01,Bindki APMC,2263.1,bindki,Fatehpur
Uttar Pradesh,Rice,2023,4,2023-04-01,Bisoli APMC,2958.38,bisoli,Badaun
Uttar Pradesh,Rice,2023,4,2023-04-01,Chandoli APMC,2058.5,chandoli,Chandauli
Uttar Pradesh,Rice,2023,4,2023-04-01,Chorichora APMC,1866.03,chorichora,Gorakhpur
Uttar Pradesh,Rice,2023,4,2023-04-01,Dataganj APMC,2500.0,dataganj,Badaun
Uttar Pradesh,Rice,2023,4,2023-04-01,Devariya APMC,1852.15,devariya,Deoria
Uttar Pradesh,Rice,2023,4,2023-04-01,Dibiapur APMC,,dibiapur,Auraiya
Uttar Pradesh,Rice,2023,4,2023-04-01,Doharighat APMC,,doharighat,Azamgarh
Uttar Pradesh,Rice,2023,4,2023-04-01,Etawah APMC,,etawah,Etawah
Uttar Pradesh,Rice,2023,4,2023-04-01,Fatehpur APMC,2046.38,fatehpur,Fatehpur
Uttar Pradesh,Rice,2023,4,2023-04-01,Gadaura APMC,,gadaura,Maharajganj
Uttar Pradesh,Rice,2023,4,2023-04-01,Golagokarnath APMC,1953.22,golagokarnath,Lalitpur
Uttar Pradesh,Rice,2023,4,2023-04-01,Gonda APMC,1844.36,gonda,Gonda
Uttar Pradesh,Rice,2023,4,2023-04-01,Gopiganj APMC,,gopiganj,Bhadohi
Uttar Pradesh,Rice,2023,4,2023-04-01,Gorakhpur APMC,1861.85,gorakhpur,Gorakhpur
Uttar Pradesh,Rice,2023,4,2023-04-01,Hardoi APMC,1954.05,hardoi,Hardoi
Uttar Pradesh,Rice,2023,4,2023-04-01,Jafarganj APMC,1886.26,jafarganj,Amethi
Uttar Pradesh,Rice,2023,4,2023-04-01,Jahanabad APMC,,jahanabad,Fatehpur
Uttar Pradesh,Rice,2023,4,2023-04-01,Jayas APMC,2157.82,jayas,Rae Bareli
Uttar Pradesh,Rice,2023,4,2023-04-01,Jhijhank APMC,,jhijhank,Kanpur Dehat
Uttar Pradesh,Rice,2023,4,2023-04-01,Kannauj APMC,,kannauj,Kannauj
Uttar Pradesh,Rice,2023,4,2023-04-01,Kayamganj APMC,,kayamganj,Farrukhabad
Uttar Pradesh,Rice,2023,4,2023-04-01,Khaga APMC,2255.16,khaga,Fatehpur
Uttar Pradesh,Rice,2023,4,2023-04-01,Kishunpur APMC,,kishunpur,Bahraich
Uttar Pradesh,Rice,2023,4,2023-04-01,Kopaganj APMC,,kopaganj,
Uttar Pradesh,Rice,2023,4,2023-04-01,Kurara APMC,1900.0,kurara,Hamirpur
Uttar Pradesh,Rice,2023,4,2023-04-01,Lakhimpur APMC,1957.75,lakhimpur,Lalitpur
Uttar Pradesh,Rice,2023,4,2023-04-01,Lalganj APMC,2159.06,lalganj,Rae Bareli
Uttar Pradesh,Rice,2023,4,2023-04-01,Madhoganj APMC,1945.78,madhoganj,Hardoi
Uttar Pradesh,Rice,2023,4,2023-04-01,Maigalganj APMC,1910.46,maigalganj,Gorakhpur
Uttar Pradesh,Rice,2023,4,2023-04-01,Mainpuri APMC,,mainpuri,Mainpuri
Uttar Pradesh,Rice,2023,4,2023-04-01,Mohammdi APMC,1946.44,mohammdi,Kheri
Uttar Pradesh,Rice,2023,4,2023-04-01,Naugarh APMC,1853.94,naugarh,Siddharthnagar
Uttar Pradesh,Rice,2023,4,2023-04-01,Nautnava APMC,1895.07,nautnava,Maharajganj
Uttar Pradesh,Rice,2023,4,2023-04-01,Nawabganj APMC,1851.43,nawabganj,Gonda
Uttar Pradesh,Rice,2023,4,2023-04-01,Paliakala APMC,,paliakala,Lakhimpur Kheri
Uttar Pradesh,Rice,2023,4,2023-04-01,Panchpedwa APMC,,panchpedwa,Balrampur
Uttar Pradesh,Rice,2023,4,2023-04-01,Partaval APMC,,partaval,Mahrajganj
Uttar Pradesh,Rice,2023,4,2023-04-01,Pilibhit APMC,,pilibhit,Pilibhit
Uttar Pradesh,Rice,2023,4,2023-04-01,Pukharayan APMC,,pukharayan,Kanpur Dehat
Uttar Pradesh,Rice,2023,4,2023-04-01,Puranpur APMC,,puranpur,Pilibhit
Uttar Pradesh,Rice,2023,4,2023-04-01,Raibareilly APMC,2165.36,raibareilly,Rae Bareli
Uttar Pradesh,Rice,2023,4,2023-04-01,Rasda APMC,,rasda,Ballia
Uttar Pradesh,Rice,2023,4,2023-04-01,Richha APMC,2056.36,richha,Bareilly
Uttar Pradesh,Rice,2023,4,2023-04-01,Rura APMC,2040.0,rura,Kanpur Dehat
Uttar Pradesh,Rice,2023,4,2023-04-01,Saharanpur APMC,,saharanpur,Saharanpur
Uttar Pradesh,Rice,2023,4,2023-04-01,Sahiyapur APMC,1872.27,sahiyapur,Siddharthnagar
Uttar Pradesh,Rice,2023,4,2023-04-01,Salon APMC,1907.73,salon,Rae Bareli
Uttar Pradesh,Rice,2023,4,2023-04-01,Sandi APMC,,sandi,Hardoi
Uttar Pradesh,Rice,2023,4,2023-04-01,Sandila APMC,1937.24,sandila,Hardoi
Uttar Pradesh,Rice,2023,4,2023-04-01,Sehjanwa APMC,,sehjanwa,Gorakhpur
Uttar Pradesh,Rice,2023,4,2023-04-01,Shahabad(New Mandi) APMC,1945.04,shahabad(new mandi),Hardoi
Uttar Pradesh,Rice,2023,4,2023-04-01,Shahjahanpur APMC,,shahjahanpur,Shahjahanpur
Uttar Pradesh,Rice,2023,4,2023-04-01,Shikohabad APMC,3404.57,shikohabad,Firozabad
Uttar Pradesh,Rice,2023,4,2023-04-01,Sirsa APMC,,sirsa,Gautam Buddha Nagar
Uttar Pradesh,Rice,2023,4,2023-04-01,Sitapur APMC,1929.72,sitapur,Sitapur
Uttar Pradesh,Rice,2023,4,2023-04-01,Sultanpur APMC,1883.86,sultanpur,Amethi
Uttar Pradesh,Rice,2023,4,2023-04-01,Tamkuhi road APMC,1860.0,tamkuhi road,Kushinagar
Uttar Pradesh,Rice,2023,4,2023-04-01,Tilhar APMC,,tilhar,Shahjahanpur
Uttar Pradesh,Rice,2023,4,2023-04-01,Tulsipur APMC,1848.57,tulsipur,Balrampur
Uttar Pradesh,Rice,2023,4,2023-04-01,Unnao APMC,,unnao,Unnao
Uttar Pradesh,Rice,2023,4,2023-04-01,Uttaripura APMC,1713.58,uttaripura,Jaunpur
Uttar Pradesh,Rice,2023,4,2023-04-01,Viswan APMC,1912.07,viswan,Sitapur
Uttar Pradesh,Rice,2023,4,2023-04-01,Wazirganj APMC,2700.0,wazirganj,Budaun
Uttar Pradesh,Rice,2023,5,2023-05-01,Ahirora APMC,,ahirora,Mirzapur
Uttar Pradesh,Rice,2023,5,2023-05-01,Anandnagar APMC,1852.91,anandnagar,Mahrajganj
Uttar Pradesh,Rice,2023,5,2023-05-01,Atarra APMC,2063.38,atarra,Banda
Uttar Pradesh,Rice,2023,5,2023-05-01,Ayodhya APMC,1879.11,ayodhya,Ayodhya
Uttar Pradesh,Rice,2023,5,2023-05-01,Bachranwa APMC,2185.08,bachranwa,Rae Bareli
Uttar Pradesh,Rice,2023,5,2023-05-01,Bahraich APMC,1830.0,bahraich,Bahraich
Uttar Pradesh,Rice,2023,5,2023-05-01,Bangarmau APMC,1995.74,bangarmau,Unnao
Uttar Pradesh,Rice,2023,5,2023-05-01,Bansi APMC,1850.0,bansi,Siddharthnagar
Uttar Pradesh,Rice,2023,5,2023-05-01,Barhaj APMC,1860.0,barhaj,Deoria
Uttar Pradesh,Rice,2023,5,2023-05-01,Baripaal APMC,,baripaal,Jaunpur
Uttar Pradesh,Rice,2023,5,2023-05-01,Basti APMC,1859.53,basti,Basti
Uttar Pradesh,Rice,2023,5,2023-05-01,Bindki APMC,2178.05,bindki,Fatehpur
Uttar Pradesh,Rice,2023,5,2023-05-01,Bisoli APMC,,bisoli,Badaun
Uttar Pradesh,Rice,2023,5,2023-05-01,Chandoli APMC,2088.9,chandoli,Chandauli
Uttar Pradesh,Rice,2023,5,2023-05-01,Chorichora APMC,1871.17,chorichora,Gorakhpur
Uttar Pradesh,Rice,2023,5,2023-05-01,Dataganj APMC,,dataganj,Badaun
Uttar Pradesh,Rice,2023,5,2023-05-01,Devariya APMC,1857.96,devariya,Deoria
Uttar Pradesh,Rice,2023,5,2023-05-01,Fatehpur APMC,,fatehpur,Fatehpur
Uttar Pradesh,Rice,2023,5,2023-05-01,Gadaura APMC,,gadaura,Maharajganj
Uttar Pradesh,Rice,2023,5,2023-05-01,Golagokarnath APMC,2012.15,golagokarnath,Lalitpur
Uttar Pradesh,Rice,2023,5,2023-05-01,Gonda APMC,1863.69,gonda,Gonda
Uttar Pradesh,Rice,2023,5,2023-05-01,Gorakhpur APMC,1864.51,gorakhpur,Gorakhpur
Uttar Pradesh,Rice,2023,5,2023-05-01,Hardoi APMC,2001.95,hardoi,Hardoi
Uttar Pradesh,Rice,2023,5,2023-05-01,Jafarganj APMC,1876.97,jafarganj,Amethi
Uttar Pradesh,Rice,2023,5,2023-05-01,Jayas APMC,2202.84,jayas,Rae Bareli
Uttar Pradesh,Rice,2023,5,2023-05-01,Khaga APMC,,khaga,Fatehpur
Uttar Pradesh,Rice,2023,5,2023-05-01,Kurara APMC,1850.0,kurara,Hamirpur
Uttar Pradesh,Rice,2023,5,2023-05-01,Lakhimpur APMC,2001.72,lakhimpur,Lalitpur
Uttar Pradesh,Rice,2023,5,2023-05-01,Lalganj APMC,2196.69,lalganj,Rae Bareli
Uttar Pradesh,Rice,2023,5,2023-05-01,Madhoganj APMC,1989.49,madhoganj,Hardoi
Uttar Pradesh,Rice,2023,5,2023-05-01,Maigalganj APMC,1968.66,maigalganj,Gorakhpur
Uttar Pradesh,Rice,2023,5,2023-05-01,Mohammdi APMC,1998.16,mohammdi,Kheri
Uttar Pradesh,Rice,2023,5,2023-05-01,Naugarh APMC,1855.59,naugarh,Siddharthnagar
Uttar Pradesh,Rice,2023,5,2023-05-01,Nautnava APMC,2102.12,nautnava,Maharajganj
Uttar Pradesh,Rice,2023,5,2023-05-01,Nawabganj APMC,1849.1,nawabganj,Gonda
Uttar Pradesh,Rice,2023,5,2023-05-01,Paliakala APMC,,paliakala,Lakhimpur Kheri
Uttar Pradesh,Rice,2023,5,2023-05-01,Partaval APMC,,partaval,Mahrajganj
Uttar Pradesh,Rice,2023,5,2023-05-01,Pilibhit APMC,,pilibhit,Pilibhit
Uttar Pradesh,Rice,2023,5,2023-05-01,Puranpur APMC,,puranpur,Pilibhit
Uttar Pradesh,Rice,2023,5,2023-05-01,Raibareilly APMC,2164.92,raibareilly,Rae Bareli
Uttar Pradesh,Rice,2023,5,2023-05-01,Richha APMC,2130.56,richha,Bareilly
Uttar Pradesh,Rice,2023,5,2023-05-01,Rura APMC,2090.0,rura,Kanpur Dehat
Uttar Pradesh,Rice,2023,5,2023-05-01,Sahiyapur APMC,1858.43,sahiyapur,Siddharthnagar
Uttar Pradesh,Rice,2023,5,2023-05-01,Salon APMC,1884.84,salon,Rae Bareli
Uttar Pradesh,Rice,2023,5,2023-05-01,Sandila APMC,1988.46,sandila,Hardoi
Uttar Pradesh,Rice,2023,5,2023-05-01,Sehjanwa APMC,,sehjanwa,Gorakhpur
Uttar Pradesh,Rice,2023,5,2023-05-01,Shahabad(New Mandi) APMC,1995.63,shahabad(new mandi),Hardoi
Uttar Pradesh,Rice,2023,5,2023-05-01,Shahjahanpur APMC,,shahjahanpur,Shahjahanpur
Uttar Pradesh,Rice,2023,5,2023-05-01,Shikohabad APMC,,shikohabad,Firozabad
Uttar Pradesh,Rice,2023,5,2023-05-01,Sitapur APMC,1950.24,sitapur,Sitapur
Uttar Pradesh,Rice,2023,5,2023-05-01,Sultanpur APMC,1870.72,sultanpur,Amethi
Uttar Pradesh,Rice,2023,5,2023-05-01,Tamkuhi road APMC,1860.0,tamkuhi road,Kushinagar
Uttar Pradesh,Rice,2023,5,2023-05-01,Tulsipur APMC,1847.0,tulsipur,Balrampur
Uttar Pradesh,Rice,2023,5,2023-05-01,Uttaripura APMC,1698.2,uttaripura,Jaunpur
Uttar Pradesh,Rice,2023,5,2023-05-01,Viswan APMC,1930.52,viswan,Sitapur
Uttar Pradesh,Rice,2023,5,2023-05-01,Wazirganj APMC,,wazirganj,Budaun
Uttar Pradesh,Rice,2023,6,2023-06-01,Anandnagar APMC,1867.04,anandnagar,Mahrajganj
Uttar Pradesh,Rice,2023,6,2023-06-01,Atarra APMC,2100.0,atarra,Banda
Uttar Pradesh,Rice,2023,6,2023-06-01,Ayodhya APMC,1861.42,ayodhya,Ayodhya
Uttar Pradesh,Rice,2023,6,2023-06-01,Bachranwa APMC,2246.25,bachranwa,Rae Bareli
Uttar Pradesh,Rice,2023,6,2023-06-01,Bahraich APMC,1860.0,bahraich,Bahraich
Uttar Pradesh,Rice,2023,6,2023-06-01,Balrampur APMC,1858.63,balrampur,Balrampur
Uttar Pradesh,Rice,2023,6,2023-06-01,Bangarmau APMC,2049.9,bangarmau,Unnao
Uttar Pradesh,Rice,2023,6,2023-06-01,Bansi APMC,1883.0,bansi,Siddharthnagar
Uttar Pradesh,Rice,2023,6,2023-06-01,Barhaj APMC,1875.0,barhaj,Deoria
Uttar Pradesh,Rice,2023,6,2023-06-01,Baripaal APMC,2150.0,baripaal,Jaunpur
Uttar Pradesh,Rice,2023,6,2023-06-01,Basti APMC,1873.68,basti,Basti
Uttar Pradesh,Rice,2023,6,2023-06-01,Bilaspur APMC,1988.45,bilaspur,Rampur
Uttar Pradesh,Rice,2023,6,2023-06-01,Bindki APMC,2323.8,bindki,Fatehpur
Uttar Pradesh,Rice,2023,6,2023-06-01,Bisoli APMC,2728.0,bisoli,Badaun
Uttar Pradesh,Rice,2023,6,2023-06-01,Chandoli APMC,2149.13,chandoli,Chandauli
Uttar Pradesh,Rice,2023,6,2023-06-01,Chorichora APMC,1870.94,chorichora,Gorakhpur
Uttar Pradesh,Rice,2023,6,2023-06-01,Devariya APMC,1872.16,devariya,Deoria
Uttar Pradesh,Rice,2023,6,2023-06-01,Golagokarnath APMC,2088.54,golagokarnath,Lalitpur
Uttar Pradesh,Rice,2023,6,2023-06-01,Gonda APMC,1830.95,gonda,Gonda
Uttar Pradesh,Rice,2023,6,2023-06-01,Gorakhpur APMC,1875.64,gorakhpur,Gorakhpur
Uttar Pradesh,Rice,2023,6,2023-06-01,Hardoi APMC,1998.42,hardoi,Hardoi
Uttar Pradesh,Rice,2023,6,2023-06-01,Jafarganj APMC,1857.15,jafarganj,Amethi
Uttar Pradesh,Rice,2023,6,2023-06-01,Jahanabad APMC,2264.51,jahanabad,Fatehpur
Uttar Pradesh,Rice,2023,6,2023-06-01,Jayas APMC,2186.52,jayas,Rae Bareli
Uttar Pradesh,Rice,2023,6,2023-06-01,Kurara APMC,1900.0,kurara,Hamirpur
Uttar Pradesh,Rice,2023,6,2023-06-01,Lakhimpur APMC,2077.28,lakhimpur,Lalitpur
Uttar Pradesh,Rice,2023,6,2023-06-01,Lalganj APMC,2209.87,lalganj,Rae Bareli
Uttar Pradesh,Rice,2023,6,2023-06-01,Madhoganj APMC,2049.5,madhoganj,Hardoi
Uttar Pradesh,Rice,2023,6,2023-06-01,Maigalganj APMC,2048.24,maigalganj,Gorakhpur
Uttar Pradesh,Rice,2023,6,2023-06-01,Mohammdi APMC,2065.02,mohammdi,Kheri
Uttar Pradesh,Rice,2023,6,2023-06-01,Naugarh APMC,1901.2,naugarh,Siddharthnagar
Uttar Pradesh,Rice,2023,6,2023-06-01,Nautnava APMC,2223.71,nautnava,Maharajganj
Uttar Pradesh,Rice,2023,6,2023-06-01,Nawabganj APMC,1855.57,nawabganj,Gonda
Uttar Pradesh,Rice,2023,6,2023-06-01,Paliakala APMC,,paliakala,Lakhimpur Kheri
Uttar Pradesh,Rice,2023,6,2023-06-01,Partaval APMC,,partaval,Mahrajganj
Uttar Pradesh,Rice,2023,6,2023-06-01,Pilibhit APMC,,pilibhit,Pilibhit
Uttar Pradesh,Rice,2023,6,2023-06-01,Puranpur APMC,,puranpur,Pilibhit
Uttar Pradesh,Rice,2023,6,2023-06-01,Raibareilly APMC,2111.33,raibareilly,Rae Bareli
Uttar Pradesh,Rice,2023,6,2023-06-01,Richha APMC,2212.21,richha,Bareilly
Uttar Pradesh,Rice,2023,6,2023-06-01,Rura APMC,,rura,Kanpur Dehat
Uttar Pradesh,Rice,2023,6,2023-06-01,Sahiyapur APMC,1889.96,sahiyapur,Siddharthnagar
Uttar Pradesh,Rice,2023,6,2023-06-01,Salon APMC,1885.11,salon,Rae Bareli
Uttar Pradesh,Rice,2023,6,2023-06-01,Sandila APMC,2053.01,sandila,Hardoi
Uttar Pradesh,Rice,2023,6,2023-06-01,Sehjanwa APMC,,sehjanwa,Gorakhpur
Uttar Pradesh,Rice,2023,6,2023-06-01,Shahabad(New Mandi) APMC,2051.11,shahabad(new mandi),Hardoi
Uttar Pradesh,Rice,2023,6,2023-06-01,Shahjahanpur APMC,,shahjahanpur,Shahjahanpur
Uttar Pradesh,Rice,2023,6,2023-06-01,Sikarpur APMC,2850.0,sikarpur,Bulandshahar
Uttar Pradesh,Rice,2023,6,2023-06-01,Sitapur APMC,2005.27,sitapur,Sitapur
Uttar Pradesh,Rice,2023,6,2023-06-01,Sultanpur APMC,1851.92,sultanpur,Amethi
Uttar Pradesh,Rice,2023,6,2023-06-01,Tamkuhi road APMC,1870.0,tamkuhi road,Kushinagar
Uttar Pradesh,Rice,2023,6,2023-06-01,Tikonia APMC,2040.0,tikonia,Lakhimpur Kheri
Uttar Pradesh,Rice,2023,6,2023-06-01,Tulsipur APMC,1853.04,tulsipur,Balrampur
Uttar Pradesh,Rice,2023,6,2023-06-01,Uttaripura APMC,1700.0,uttaripura,Jaunpur
Uttar Pradesh,Rice,2023,6,2023-06-01,Viswan APMC,1980.77,viswan,Sitapur
Uttar Pradesh,Rice,2023,7,2023-07-01,Anandnagar APMC,1890.35,anandnagar,Mahrajganj
Uttar Pradesh,Rice,2023,7,2023-07-01,Atarra APMC,2066.67,atarra,Banda
Uttar Pradesh,Rice,2023,7,2023-07-01,Ayodhya APMC,1927.45,ayodhya,Ayodhya
Uttar Pradesh,Rice,2023,7,2023-07-01,Bachranwa APMC,2296.12,bachranwa,Rae Bareli
Uttar Pradesh,Rice,2023,7,2023-07-01,Bahraich APMC,1820.0,bahraich,Bahraich
Uttar Pradesh,Rice,2023,7,2023-07-01,Balrampur APMC,,balrampur,Balrampur
Uttar Pradesh,Rice,2023,7,2023-07-01,Bangarmau APMC,2008.62,bangarmau,Unnao
Uttar Pradesh,Rice,2023,7,2023-07-01,Bansi APMC,1915.0,bansi,Siddharthnagar
Uttar Pradesh,Rice,2023,7,2023-07-01,Barhaj APMC,1915.0,barhaj,Deoria
Uttar Pradesh,Rice,2023,7,2023-07-01,Baripaal APMC,2400.0,baripaal,Jaunpur
Uttar Pradesh,Rice,2023,7,2023-07-01,Basti APMC,1895.25,basti,Basti
Uttar Pradesh,Rice,2023,7,2023-07-01,Bilaspur APMC,1876.84,bilaspur,Rampur
Uttar Pradesh,Rice,2023,7,2023-07-01,Bindki APMC,2336.68,bindki,Fatehpur
Uttar Pradesh,Rice,2023,7,2023-07-01,Bisoli APMC,,bisoli,Badaun
Uttar Pradesh,Rice,2023,7,2023-07-01,Chandoli APMC,,chandoli,Chandauli
Uttar Pradesh,Rice,2023,7,2023-07-01,Chorichora APMC,,chorichora,Gorakhpur
Uttar Pradesh,Rice,2023,7,2023-07-01,Devariya APMC,1887.42,devariya,Deoria
Uttar Pradesh,Rice,2023,7,2023-07-01,Golagokarnath APMC,2024.21,golagokarnath,Lalitpur
Uttar Pradesh,Rice,2023,7,2023-07-01,Gonda APMC,1794.86,gonda,Gonda
Uttar Pradesh,Rice,2023,7,2023-07-01,Gorakhpur APMC,1906.01,gorakhpur,Gorakhpur
Uttar Pradesh,Rice,2023,7,2023-07-01,Hardoi APMC,2060.96,hardoi,Hardoi
Uttar Pradesh,Rice,2023,7,2023-07-01,Jafarganj APMC,1860.64,jafarganj,Amethi
Uttar Pradesh,Rice,2023,7,2023-07-01,Jahanabad APMC,2150.0,jahanabad,Fatehpur
Uttar Pradesh,Rice,2023,7,2023-07-01,Jayas APMC,2074.37,jayas,Rae Bareli
Uttar Pradesh,Rice,2023,7,2023-07-01,Kurara APMC,1900.0,kurara,Hamirpur
Uttar Pradesh,Rice,2023,7,2023-07-01,Lakhimpur APMC,2010.74,lakhimpur,Lalitpur
Uttar Pradesh,Rice,2023,7,2023-07-01,Lalganj APMC,2249.85,lalganj,Rae Bareli
Uttar Pradesh,Rice,2023,7,2023-07-01,Madhoganj APMC,2075.25,madhoganj,Hardoi
Uttar Pradesh,Rice,2023,7,2023-07-01,Maigalganj APMC,2000.49,maigalganj,Gorakhpur
Uttar Pradesh,Rice,2023,7,2023-07-01,Mohammdi APMC,2055.27,mohammdi,Kheri
Uttar Pradesh,Rice,2023,7,2023-07-01,Naugarh APMC,1922.41,naugarh,Siddharthnagar
Uttar Pradesh,Rice,2023,7,2023-07-01,Nautnava APMC,2410.64,nautnava,Maharajganj
Uttar Pradesh,Rice,2023,7,2023-07-01,Nawabganj APMC,1853.57,nawabganj,Gonda
Uttar Pradesh,Rice,2023,7,2023-07-01,Paliakala APMC,2040.0,paliakala,Lakhimpur Kheri
Uttar Pradesh,Rice,2023,7,2023-07-01,Partaval APMC,1920.0,partaval,Mahrajganj
Uttar Pradesh,Rice,2023,7,2023-07-01,Pilibhit APMC,,pilibhit,Pilibhit
Uttar Pradesh,Rice,2023,7,2023-07-01,Raibareilly APMC,2092.3,raibareilly,Rae Bareli
Uttar Pradesh,Rice,2023,7,2023-07-01,Richha APMC,2468.42,richha,Bareilly
Uttar Pradesh,Rice,2023,7,2023-07-01,Sahiyapur APMC,1931.83,sahiyapur,Siddharthnagar
Uttar Pradesh,Rice,2023,7,2023-07-01,Salon APMC,2029.02,salon,Rae Bareli
Uttar Pradesh,Rice,2023,7,2023-07-01,Sandila APMC,2061.51,sandila,Hardoi
Uttar Pradesh,Rice,2023,7,2023-07-01,Sehjanwa APMC,,sehjanwa,Gorakhpur
Uttar Pradesh,Rice,2023,7,2023-07-01,Shahabad(New Mandi) APMC,2084.6,shahabad(new mandi),Hardoi
Uttar Pradesh,Rice,2023,7,2023-07-01,Shahjahanpur APMC,,shahjahanpur,Shahjahanpur
Uttar Pradesh,Rice,2023,7,2023-07-01,Sikarpur APMC,,sikarpur,Bulandshahar
Uttar Pradesh,Rice,2023,7,2023-07-01,Sitapur APMC,2000.47,sitapur,Sitapur
Uttar Pradesh,Rice,2023,7,2023-07-01,Sultanpur APMC,1857.68,sultanpur,Amethi
Uttar Pradesh,Rice,2023,7,2023-07-01,Tamkuhi road APMC,1870.0,tamkuhi road,Kushinagar
Uttar Pradesh,Rice,2023,7,2023-07-01,Tikonia APMC,,tikonia,Lakhimpur Kheri
Uttar Pradesh,Rice,2023,7,2023-07-01,Tulsipur APMC,1843.65,tulsipur,Balrampur
Uttar Pradesh,Rice,2023,7,2023-07-01,Uttaripura APMC,1700.0,uttaripura,Jaunpur
Uttar Pradesh,Rice,2023,7,2023-07-01,Viswan APMC,1972.86,viswan,Sitapur
Uttar Pradesh,Rice,2023,8,2023-08-01,Anandnagar APMC,1938.47,anandnagar,Mahrajganj
Uttar Pradesh,Rice,2023,8,2023-08-01,Atarra APMC,2380.0,atarra,Banda
Uttar Pradesh,Rice,2023,8,2023-08-01,Ayodhya APMC,1968.78,ayodhya,Ayodhya
Uttar Pradesh,Rice,2023,8,2023-08-01,Bachranwa APMC,2320.68,bachranwa,Rae Bareli
Uttar Pradesh,Rice,2023,8,2023-08-01,Bahraich APMC,,bahraich,Bahraich
Uttar Pradesh,Rice,2023,8,2023-08-01,Bangarmau APMC,2095.18,bangarmau,Unnao
Uttar Pradesh,Rice,2023,8,2023-08-01,Bansi APMC,1970.0,bansi,Siddharthnagar
Uttar Pradesh,Rice,2023,8,2023-08-01,Barhaj APMC,,barhaj,Deoria
Uttar Pradesh,Rice,2023,8,2023-08-01,Baripaal APMC,,baripaal,Jaunpur
Uttar Pradesh,Rice,2023,8,2023-08-01,Basti APMC,1962.8,basti,Basti
Uttar Pradesh,Rice,2023,8,2023-08-01,Bilaspur APMC,,bilaspur,Rampur
Uttar Pradesh,Rice,2023,8,2023-08-01,Bindki APMC,2149.88,bindki,Fatehpur
Uttar Pradesh,Rice,2023,8,2023-08-01,Chorichora APMC,,chorichora,Gorakhpur
Uttar Pradesh,Rice,2023,8,2023-08-01,Devariya APMC,1949.31,devariya,Deoria
Uttar Pradesh,Rice,2023,8,2023-08-01,Golagokarnath APMC,2000.59,golagokarnath,Lalitpur
Uttar Pradesh,Rice,2023,8,2023-08-01,Gonda APMC,1993.92,gonda,Gonda
Uttar Pradesh,Rice,2023,8,2023-08-01,Gorakhpur APMC,1954.57,gorakhpur,Gorakhpur
Uttar Pradesh,Rice,2023,8,2023-08-01,Hardoi APMC,2035.44,hardoi,Hardoi
Uttar Pradesh,Rice,2023,8,2023-08-01,Jafarganj APMC,2000.16,jafarganj,Amethi
Uttar Pradesh,Rice,2023,8,2023-08-01,Jahanabad APMC,,jahanabad,Fatehpur
Uttar Pradesh,Rice,2023,8,2023-08-01,Jayas APMC,2074.94,jayas,Rae Bareli
Uttar Pradesh,Rice,2023,8,2023-08-01,Kurara APMC,1900.0,kurara,Hamirpur
Uttar Pradesh,Rice,2023,8,2023-08-01,Lakhimpur APMC,1993.99,lakhimpur,Lalitpur
Uttar Pradesh,Rice,2023,8,2023-08-01,Lalganj APMC,2229.61,lalganj,Rae Bareli
Uttar Pradesh,Rice,2023,8,2023-08-01,Madhoganj APMC,2045.14,madhoganj,Hardoi
Uttar Pradesh,Rice,2023,8,2023-08-01,Maigalganj APMC,1962.34,maigalganj,Gorakhpur
Uttar Pradesh,Rice,2023,8,2023-08-01,Mohammdi APMC,1992.15,mohammdi,Kheri
Uttar Pradesh,Rice,2023,8,2023-08-01,Naugarh APMC,1968.58,naugarh,Siddharthnagar
Uttar Pradesh,Rice,2023,8,2023-08-01,Nautnava APMC,2445.56,nautnava,Maharajganj
Uttar Pradesh,Rice,2023,8,2023-08-01,Nawabganj APMC,1938.96,nawabganj,Gonda
Uttar Pradesh,Rice,2023,8,2023-08-01,Paliakala APMC,2074.28,paliakala,Lakhimpur Kheri
Uttar Pradesh,Rice,2023,8,2023-08-01,Partaval APMC,,partaval,Mahrajganj
Uttar Pradesh,Rice,2023,8,2023-08-01,Raibareilly APMC,2075.94,raibareilly,Rae Bareli
Uttar Pradesh,Rice,2023,8,2023-08-01,Richha APMC,2436.18,richha,Bareilly
Uttar Pradesh,Rice,2023,8,2023-08-01,Sahiyapur APMC,2003.69,sahiyapur,Siddharthnagar
Uttar Pradesh,Rice,2023,8,2023-08-01,Salon APMC,1935.62,salon,Rae Bareli
Uttar Pradesh,Rice,2023,8,2023-08-01,Sandi APMC,2021.66,sandi,Hardoi
Uttar Pradesh,Rice,2023,8,2023-08-01,Sandila APMC,2043.89,sandila,Hardoi
Uttar Pradesh,Rice,2023,8,2023-08-01,Sehjanwa APMC,,sehjanwa,Gorakhpur
Uttar Pradesh,Rice,2023,8,2023-08-01,Shahabad(New Mandi) APMC,2036.75,shahabad(new mandi),Hardoi
Uttar Pradesh,Rice,2023,8,2023-08-01,Sitapur APMC,2017.75,sitapur,Sitapur
Uttar Pradesh,Rice,2023,8,2023-08-01,Sultanpur APMC,1952.46,sultanpur,Amethi
Uttar Pradesh,Rice,2023,8,2023-08-01,Tamkuhi road APMC,,tamkuhi road,Kushinagar
Uttar Pradesh,Rice,2023,8,2023-08-01,Tulsipur APMC,1830.18,tulsipur,Balrampur
Uttar Pradesh,Rice,2023,8,2023-08-01,Uttaripura APMC,,uttaripura,Jaunpur
Uttar Pradesh,Rice,2023,8,2023-08-01,Viswan APMC,1988.41,viswan,Sitapur
Uttar Pradesh,Rice,2023,9,2023-09-01,Anandnagar APMC,1970.09,anandnagar,Mahrajganj
Uttar Pradesh,Rice,2023,9,2023-09-01,Atarra APMC,2303.09,atarra,Banda
Uttar Pradesh,Rice,2023,9,2023-09-01,Ayodhya APMC,1984.67,ayodhya,Ayodhya
Uttar Pradesh,Rice,2023,9,2023-09-01,Babrala APMC,2350.34,babrala,Budaun
Uttar Pradesh,Rice,2023,9,2023-09-01,Bachranwa APMC,2247.93,bachranwa,Rae Bareli
Uttar Pradesh,Rice,2023,9,2023-09-01,Bangarmau APMC,2035.22,bangarmau,Unnao
Uttar Pradesh,Rice,2023,9,2023-09-01,Bansi APMC,1985.0,bansi,Siddharthnagar
Uttar Pradesh,Rice,2023,9,2023-09-01,Baripaal APMC,2040.0,baripaal,Jaunpur
Uttar Pradesh,Rice,2023,9,2023-09-01,Basti APMC,1984.45,basti,Basti
Uttar Pradesh,Rice,2023,9,2023-09-01,Bilaspur APMC,1985.53,bilaspur,Rampur
Uttar Pradesh,Rice,2023,9,2023-09-01,Bindki APMC,2293.42,bindki,Fatehpur
Uttar Pradesh,Rice,2023,9,2023-09-01,Chorichora APMC,,chorichora,Gorakhpur
Uttar Pradesh,Rice,2023,9,2023-09-01,Devariya APMC,1980.84,devariya,Deoria
Uttar Pradesh,Rice,2023,9,2023-09-01,Golagokarnath APMC,1993.05,golagokarnath,Lalitpur
Uttar Pradesh,Rice,2023,9,2023-09-01,Gonda APMC,2001.61,gonda,Gonda
Uttar Pradesh,Rice,2023,9,2023-09-01,Gorakhpur APMC,1982.78,gorakhpur,Gorakhpur
Uttar Pradesh,Rice,2023,9,2023-09-01,Hardoi APMC,2044.28,hardoi,Hardoi
Uttar Pradesh,Rice,2023,9,2023-09-01,Jafarganj APMC,1987.34,jafarganj,Amethi
Uttar Pradesh,Rice,2023,9,2023-09-01,Jayas APMC,2088.49,jayas,Rae Bareli
Uttar Pradesh,Rice,2023,9,2023-09-01,Kurara APMC,1900.0,kurara,Hamirpur
Uttar Pradesh,Rice,2023,9,2023-09-01,Lakhimpur APMC,1985.83,lakhimpur,Lalitpur
Uttar Pradesh,Rice,2023,9,2023-09-01,Lalganj APMC,2224.34,lalganj,Rae Bareli
Uttar Pradesh,Rice,2023,9,2023-09-01,Madhoganj APMC,2044.17,madhoganj,Hardoi
Uttar Pradesh,Rice,2023,9,2023-09-01,Maigalganj APMC,,maigalganj,Gorakhpur
Uttar Pradesh,Rice,2023,9,2023-09-01,Mohammdi APMC,1986.31,mohammdi,Kheri
Uttar Pradesh,Rice,2023,9,2023-09-01,Muskara APMC,2040.0,muskara,Mahoba
Uttar Pradesh,Rice,2023,9,2023-09-01,Naugarh APMC,1980.09,naugarh,Siddharthnagar
Uttar Pradesh,Rice,2023,9,2023-09-01,Nautnava APMC,2443.33,nautnava,Maharajganj
Uttar Pradesh,Rice,2023,9,2023-09-01,Nawabganj APMC,1989.08,nawabganj,Gonda
Uttar Pradesh,Rice,2023,9,2023-09-01,Paliakala APMC,2050.0,paliakala,Lakhimpur Kheri
Uttar Pradesh,Rice,2023,9,2023-09-01,Panchpedwa APMC,,panchpedwa,Balrampur
Uttar Pradesh,Rice,2023,9,2023-09-01,Pilibhit APMC,2017.9,pilibhit,Pilibhit
Uttar Pradesh,Rice,2023,9,2023-09-01,Powayan APMC,1979.12,powayan,Shahjahanpur
Uttar Pradesh,Rice,2023,9,2023-09-01,Puranpur APMC,2015.66,puranpur,Pilibhit
Uttar Pradesh,Rice,2023,9,2023-09-01,Raibareilly APMC,2108.5,raibareilly,Rae Bareli
Uttar Pradesh,Rice,2023,9,2023-09-01,Richha APMC,2389.4,richha,Bareilly
Uttar Pradesh,Rice,2023,9,2023-09-01,Rura APMC,2137.84,rura,Kanpur Dehat
Uttar Pradesh,Rice,2023,9,2023-09-01,Sahiyapur APMC,2011.78,sahiyapur,Siddharthnagar
Uttar Pradesh,Rice,2023,9,2023-09-01,Salon APMC,2148.19,salon,Rae Bareli
Uttar Pradesh,Rice,2023,9,2023-09-01,Sandi APMC,2035.62,sandi,Hardoi
Uttar Pradesh,Rice,2023,9,2023-09-01,Sandila APMC,2045.62,sandila,Hardoi
Uttar Pradesh,Rice,2023,9,2023-09-01,Sehjanwa APMC,,sehjanwa,Gorakhpur
Uttar Pradesh,Rice,2023,9,2023-09-01,Shahabad(New Mandi) APMC,2039.64,shahabad(new mandi),Hardoi
Uttar Pradesh,Rice,2023,9,2023-09-01,Shahjahanpur APMC,,shahjahanpur,Shahjahanpur
Uttar Pradesh,Rice,2023,9,2023-09-01,Sikarpur APMC,3200.0,sikarpur,Bulandshahar
Uttar Pradesh,Rice,2023,9,2023-09-01,Sitapur APMC,2057.81,sitapur,Sitapur
Uttar Pradesh,Rice,2023,9,2023-09-01,Sultanpur APMC,1993.46,sultanpur,Amethi
Uttar Pradesh,Rice,2023,9,2023-09-01,Tamkuhi road APMC,2040.0,tamkuhi road,Kushinagar
Uttar Pradesh,Rice,2023,9,2023-09-01,Tilhar APMC,2162.52,tilhar,Shahjahanpur
Uttar Pradesh,Rice,2023,9,2023-09-01,Tulsipur APMC,1929.96,tulsipur,Balrampur
Uttar Pradesh,Rice,2023,9,2023-09-01,Uttaripura APMC,,uttaripura,Jaunpur
Uttar Pradesh,Rice,2023,9,2023-09-01,Viswan APMC,2012.04,viswan,Sitapur
Uttar Pradesh,Rice,2023,10,2023-10-01,Aligarh APMC,2576.57,aligarh,Aligarh
Uttar Pradesh,Rice,2023,10,2023-10-01,Amroha APMC,2183.0,amroha,Amroha
Uttar Pradesh,Rice,2023,10,2023-10-01,Anandnagar APMC,2004.2,anandnagar,Mahrajganj
Uttar Pradesh,Rice,2023,10,2023-10-01,Atarra APMC,2000.0,atarra,Banda
Uttar Pradesh,Rice,2023,10,2023-10-01,Ayodhya APMC,2022.74,ayodhya,Ayodhya
Uttar Pradesh,Rice,2023,10,2023-10-01,Babrala APMC,2484.36,babrala,Budaun
Uttar Pradesh,Rice,2023,10,2023-10-01,Bachranwa APMC,2139.76,bachranwa,Rae Bareli
Uttar Pradesh,Rice,2023,10,2023-10-01,Badayoun APMC,2359.71,badayoun,Budaun
Uttar Pradesh,Rice,2023,10,2023-10-01,Badda APMC,2177.18,badda,Shahjahanpur
Uttar Pradesh,Rice,2023,10,2023-10-01,Bahraich APMC,,bahraich,Bahraich
Uttar Pradesh,Rice,2023,10,2023-10-01,Bangarmau APMC,2199.41,bangarmau,Unnao
Uttar Pradesh,Rice,2023,10,2023-10-01,Bansi APMC,2015.0,bansi,Siddharthnagar
Uttar Pradesh,Rice,2023,10,2023-10-01,Banthara APMC,2184.58,banthara,Lucknow
Uttar Pradesh,Rice,2023,10,2023-10-01,Barabanki APMC,2185.0,barabanki,Bara Banki
Uttar Pradesh,Rice,2023,10,2023-10-01,Bareilly APMC,2183.0,bareilly,Bareilly
Uttar Pradesh,Rice,2023,10,2023-10-01,Baripaal APMC,2222.52,baripaal,Jaunpur
Uttar Pradesh,Rice,2023,10,2023-10-01,Basti APMC,2020.56,basti,Basti
Uttar Pradesh,Rice,2023,10,2023-10-01,Bijnaur APMC,2183.0,bijnaur,Bijnor
Uttar Pradesh,Rice,2023,10,2023-10-01,Bilaspur APMC,2223.2,bilaspur,Rampur
Uttar Pradesh,Rice,2023,10,2023-10-01,Bilsi APMC,,bilsi,Budaun
Uttar Pradesh,Rice,2023,10,2023-10-01,Bindki APMC,2303.22,bindki,Fatehpur
Uttar Pradesh,Rice,2023,10,2023-10-01,Bishalpur APMC,,bishalpur,Pilibhit
Uttar Pradesh,Rice,2023,10,2023-10-01,Bisoli APMC,2439.52,bisoli,Badaun
Uttar Pradesh,Rice,2023,10,2023-10-01,Chandausi APMC,2400.31,chandausi,Sambhal
Uttar Pradesh,Rice,2023,10,2023-10-01,Chorichora APMC,,chorichora,Gorakhpur
Uttar Pradesh,Rice,2023,10,2023-10-01,Choubepur APMC,2031.54,choubepur,Jaunpur
Uttar Pradesh,Rice,2023,10,2023-10-01,Colonelganj APMC,2000.0,colonelganj,Gonda
Uttar Pradesh,Rice,2023,10,2023-10-01,Dataganj APMC,2356.81,dataganj,Badaun
Uttar Pradesh,Rice,2023,10,2023-10-01,Devariya APMC,1991.28,devariya,Deoria
Uttar Pradesh,Rice,2023,10,2023-10-01,Etawah APMC,2992.56,etawah,Etawah
Uttar Pradesh,Rice,2023,10,2023-10-01,Fatehpur APMC,2195.51,fatehpur,Fatehpur
Uttar Pradesh,Rice,2023,10,2023-10-01,Golagokarnath APMC,2053.6,golagokarnath,Lalitpur
Uttar Pradesh,Rice,2023,10,2023-10-01,Gonda APMC,1848.36,gonda,Gonda
Uttar Pradesh,Rice,2023,10,2023-10-01,Gorakhpur APMC,2009.9,gorakhpur,Gorakhpur
Uttar Pradesh,Rice,2023,10,2023-10-01,Haathras APMC,2643.23,haathras,Hathras
Uttar Pradesh,Rice,2023,10,2023-10-01,Hardoi APMC,2164.65,hardoi,Hardoi
Uttar Pradesh,Rice,2023,10,2023-10-01,Jafarganj APMC,2030.25,jafarganj,Amethi
Uttar Pradesh,Rice,2023,10,2023-10-01,Jayas APMC,2173.15,jayas,Rae Bareli
Uttar Pradesh,Rice,2023,10,2023-10-01,Khaga APMC,2185.96,khaga,Fatehpur
Uttar Pradesh,Rice,2023,10,2023-10-01,Kishunpur APMC,2102.67,kishunpur,Bahraich
Uttar Pradesh,Rice,2023,10,2023-10-01,Kurara APMC,2621.74,kurara,Hamirpur
Uttar Pradesh,Rice,2023,10,2023-10-01,Lakhimpur APMC,2057.34,lakhimpur,Lalitpur
Uttar Pradesh,Rice,2023,10,2023-10-01,Lalganj APMC,2205.32,lalganj,Rae Bareli
Uttar Pradesh,Rice,2023,10,2023-10-01,Madhoganj APMC,2166.08,madhoganj,Hardoi
Uttar Pradesh,Rice,2023,10,2023-10-01,Maigalganj APMC,,maigalganj,Gorakhpur
Uttar Pradesh,Rice,2023,10,2023-10-01,Mehmoodabad APMC,2072.44,mehmoodabad,Sitapur
Uttar Pradesh,Rice,2023,10,2023-10-01,Mohammdi APMC,2047.98,mohammdi,Kheri
Uttar Pradesh,Rice,2023,10,2023-10-01,Moth APMC,2183.0,moth,Jhansi
Uttar Pradesh,Rice,2023,10,2023-10-01,Muradabad APMC,2319.28,muradabad,Sambhal
Uttar Pradesh,Rice,2023,10,2023-10-01,Muskara APMC,,muskara,Mahoba
Uttar Pradesh,Rice,2023,10,2023-10-01,Naugarh APMC,2012.48,naugarh,Siddharthnagar
Uttar Pradesh,Rice,2023,10,2023-10-01,Nautnava APMC,2360.69,nautnava,Maharajganj
Uttar Pradesh,Rice,2023,10,2023-10-01,Nawabganj APMC,2015.59,nawabganj,Gonda
Uttar Pradesh,Rice,2023,10,2023-10-01,Paliakala APMC,2195.68,paliakala,Lakhimpur Kheri
Uttar Pradesh,Rice,2023,10,2023-10-01,Panchpedwa APMC,1980.83,panchpedwa,Balrampur
Uttar Pradesh,Rice,2023,10,2023-10-01,Pilibhit APMC,2004.26,pilibhit,Pilibhit
Uttar Pradesh,Rice,2023,10,2023-10-01,Powayan APMC,2100.78,powayan,Shahjahanpur
Uttar Pradesh,Rice,2023,10,2023-10-01,Pratapgarh APMC,2183.0,pratapgarh,Pratapgarh
Uttar Pradesh,Rice,2023,10,2023-10-01,Puranpur APMC,2019.97,puranpur,Pilibhit
Uttar Pradesh,Rice,2023,10,2023-10-01,Raibareilly APMC,2182.88,raibareilly,Rae Bareli
Uttar Pradesh,Rice,2023,10,2023-10-01,Rampur APMC,2183.0,rampur,Rampur
Uttar Pradesh,Rice,2023,10,2023-10-01,Richha APMC,2220.23,richha,Bareilly
Uttar Pradesh,Rice,2023,10,2023-10-01,Rura APMC,2200.23,rura,Kanpur Dehat
Uttar Pradesh,Rice,2023,10,2023-10-01,Safdarganj APMC,2185.0,safdarganj,Barabanki
Uttar Pradesh,Rice,2023,10,2023-10-01,Saharanpur APMC,2408.75,saharanpur,Saharanpur
Uttar Pradesh,Rice,2023,10,2023-10-01,Sahiyapur APMC,2110.3,sahiyapur,Siddharthnagar
Uttar Pradesh,Rice,2023,10,2023-10-01,Salon APMC,2157.08,salon,Rae Bareli
Uttar Pradesh,Rice,2023,10,2023-10-01,Sandi APMC,2150.27,sandi,Hardoi
Uttar Pradesh,Rice,2023,10,2023-10-01,Sandila APMC,2166.81,sandila,Hardoi
Uttar Pradesh,Rice,2023,10,2023-10-01,Sehjanwa APMC,,sehjanwa,Gorakhpur
Uttar Pradesh,Rice,2023,10,2023-10-01,Shahabad APMC,,shahabad,Hardoi
Uttar Pradesh,Rice,2023,10,2023-10-01,Shahabad(New Mandi) APMC,2129.89,shahabad(new mandi),Hardoi
Uttar Pradesh,Rice,2023,10,2023-10-01,Shahjahanpur APMC,2047.32,shahjahanpur,Shahjahanpur
Uttar Pradesh,Rice,2023,10,2023-10-01,Shikohabad APMC,,shikohabad,Firozabad
Uttar Pradesh,Rice,2023,10,2023-10-01,Sikandraraau APMC,,sikandraraau,Hathras
Uttar Pradesh,Rice,2023,10,2023-10-01,Sikarpur APMC,,sikarpur,Bulandshahar
Uttar Pradesh,Rice,2023,10,2023-10-01,Sitapur APMC,2079.62,sitapur,Sitapur
Uttar Pradesh,Rice,2023,10,2023-10-01,Sultanpur APMC,2069.48,sultanpur,Amethi
Uttar Pradesh,Rice,2023,10,2023-10-01,Tamkuhi road APMC,2183.0,tamkuhi road,Kushinagar
Uttar Pradesh,Rice,2023,10,2023-10-01,Tilhar APMC,2052.73,tilhar,Shahjahanpur
Uttar Pradesh,Rice,2023,10,2023-10-01,Tulsipur APMC,1951.98,tulsipur,Balrampur
Uttar Pradesh,Rice,2023,10,2023-10-01,Uttaripura APMC,,uttaripura,Jaunpur
Uttar Pradesh,Rice,2023,10,2023-10-01,Viswan APMC,2070.3,viswan,Sitapur
Uttar Pradesh,Rice,2023,10,2023-10-01,Wazirganj APMC,2415.67,wazirganj,Budaun
Uttar Pradesh,Rice,2023,11,2023-11-01,Achalda APMC,,achalda,Auraiya
Uttar Pradesh,Rice,2023,11,2023-11-01,Ahirora APMC,2183.0,ahirora,Mirzapur
Uttar Pradesh,Rice,2023,11,2023-11-01,Ajuha APMC,,ajuha,Prayagraj
Uttar Pradesh,Rice,2023,11,2023-11-01,Akbarpur APMC,2183.07,akbarpur,Ambedkarnagar
Uttar Pradesh,Rice,2023,11,2023-11-01,Aligarh APMC,2760.89,aligarh,Aligarh
Uttar Pradesh,Rice,2023,11,2023-11-01,Amroha APMC,2183.0,amroha,Amroha
Uttar Pradesh,Rice,2023,11,2023-11-01,Anandnagar APMC,2183.0,anandnagar,Mahrajganj
Uttar Pradesh,Rice,2023,11,2023-11-01,Atarra APMC,,atarra,Banda
Uttar Pradesh,Rice,2023,11,2023-11-01,Auraiya APMC,,auraiya,Auraiya
Uttar Pradesh,Rice,2023,11,2023-11-01,Ayodhya APMC,2164.45,ayodhya,Ayodhya
Uttar Pradesh,Rice,2023,11,2023-11-01,Azamgarh APMC,2183.0,azamgarh,Azamgarh
Uttar Pradesh,Rice,2023,11,2023-11-01,Baberu APMC,,baberu,Banda
Uttar Pradesh,Rice,2023,11,2023-11-01,Babrala APMC,2686.94,babrala,Budaun
Uttar Pradesh,Rice,2023,11,2023-11-01,Bachranwa APMC,2197.72,bachranwa,Rae Bareli
Uttar Pradesh,Rice,2023,11,2023-11-01,Badayoun APMC,2465.88,badayoun,Budaun
Uttar Pradesh,Rice,2023,11,2023-11-01,Badda APMC,2183.0,badda,Shahjahanpur
Uttar Pradesh,Rice,2023,11,2023-11-01,Baheri APMC,219.0,baheri,Bareilly
Uttar Pradesh,Rice,2023,11,2023-11-01,Bahraich APMC,2171.61,bahraich,Bahraich
Uttar Pradesh,Rice,2023,11,2023-11-01,Ballia APMC,2183.0,ballia,Ballia
Uttar Pradesh,Rice,2023,11,2023-11-01,Balrampur APMC,2183.0,balrampur,Balrampur
Uttar Pradesh,Rice,2023,11,2023-11-01,Banda APMC,2209.76,banda,Banda
Uttar Pradesh,Rice,2023,11,2023-11-01,Bangarmau APMC,2183.28,bangarmau,Unnao
Uttar Pradesh,Rice,2023,11,2023-11-01,Bansi APMC,,bansi,Siddharthnagar
Uttar Pradesh,Rice,2023,11,2023-11-01,Banthara APMC,2239.65,banthara,Lucknow
Uttar Pradesh,Rice,2023,11,2023-11-01,Barabanki APMC,2166.45,barabanki,Bara Banki
Uttar Pradesh,Rice,2023,11,2023-11-01,Bareilly APMC,2183.0,bareilly,Bareilly
Uttar Pradesh,Rice,2023,11,2023-11-01,Barhaj APMC,,barhaj,Deoria
Uttar Pradesh,Rice,2023,11,2023-11-01,Baripaal APMC,2378.79,baripaal,Jaunpur
Uttar Pradesh,Rice,2023,11,2023-11-01,Basti APMC,2183.0,basti,Basti
Uttar Pradesh,Rice,2023,11,2023-11-01,Bharuasumerpur APMC,2183.0,bharuasumerpur,Hamirpur
Uttar Pradesh,Rice,2023,11,2023-11-01,Bharwari APMC,,bharwari,Kaushambi
Uttar Pradesh,Rice,2023,11,2023-11-01,Bijnaur APMC,2183.0,bijnaur,Bijnor
Uttar Pradesh,Rice,2023,11,2023-11-01,Bilaspur APMC,2466.73,bilaspur,Rampur
Uttar Pradesh,Rice,2023,11,2023-11-01,Bilsi APMC,,bilsi,Budaun
Uttar Pradesh,Rice,2023,11,2023-11-01,Bindki APMC,2371.89,bindki,Fatehpur
Uttar Pradesh,Rice,2023,11,2023-11-01,Bishalpur APMC,,bishalpur,Pilibhit
Uttar Pradesh,Rice,2023,11,2023-11-01,Bisoli APMC,2570.07,bisoli,Badaun
Uttar Pradesh,Rice,2023,11,2023-11-01,Chandausi APMC,2183.0,chandausi,Sambhal
Uttar Pradesh,Rice,2023,11,2023-11-01,Chandoli APMC,2183.0,chandoli,Chandauli
Uttar Pradesh,Rice,2023,11,2023-11-01,Chorichora APMC,,chorichora,Gorakhpur
Uttar Pradesh,Rice,2023,11,2023-11-01,Choubepur APMC,2189.04,choubepur,Jaunpur
Uttar Pradesh,Rice,2023,11,2023-11-01,Colonelganj APMC,2183.0,colonelganj,Gonda
Uttar Pradesh,Rice,2023,11,2023-11-01,Dataganj APMC,2505.75,dataganj,Badaun
Uttar Pradesh,Rice,2023,11,2023-11-01,Devariya APMC,2183.0,devariya,Deoria
Uttar Pradesh,Rice,2023,11,2023-11-01,Doharighat APMC,2087.48,doharighat,Azamgarh
Uttar Pradesh,Rice,2023,11,2023-11-01,Etawah APMC,,etawah,Etawah
Uttar Pradesh,Rice,2023,11,2023-11-01,Farukhabad APMC,2183.45,farukhabad,Farrukhabad
Uttar Pradesh,Rice,2023,11,2023-11-01,Fatehpur APMC,2190.81,fatehpur,Fatehpur
Uttar Pradesh,Rice,2023,11,2023-11-01,Golagokarnath APMC,2157.06,golagokarnath,Lalitpur
Uttar Pradesh,Rice,2023,11,2023-11-01,Gonda APMC,2176.59,gonda,Gonda
Uttar Pradesh,Rice,2023,11,2023-11-01,Gopiganj APMC,,gopiganj,Bhadohi
Uttar Pradesh,Rice,2023,11,2023-11-01,Gorakhpur APMC,2183.01,gorakhpur,Gorakhpur
Uttar Pradesh,Rice,2023,11,2023-11-01,Haathras APMC,2804.68,haathras,Hathras
Uttar Pradesh,Rice,2023,11,2023-11-01,Hardoi APMC,2183.0,hardoi,Hardoi
Uttar Pradesh,Rice,2023,11,2023-11-01,Hargaon (Laharpur) APMC,,hargaon (laharpur),Sitapur
Uttar Pradesh,Rice,2023,11,2023-11-01,Jafarganj APMC,2183.0,jafarganj,Amethi
Uttar Pradesh,Rice,2023,11,2023-11-01,Jahanabad APMC,2212.8,jahanabad,Fatehpur
Uttar Pradesh,Rice,2023,11,2023-11-01,Jasvantnagar APMC,1999.23,jasvantnagar,Etawah
Uttar Pradesh,Rice,2023,11,2023-11-01,Jaunpur APMC,2183.0,jaunpur,Jaunpur
Uttar Pradesh,Rice,2023,11,2023-11-01,Jayas APMC,2184.37,jayas,Rae Bareli
Uttar Pradesh,Rice,2023,11,2023-11-01,Jhijhank APMC,2183.84,jhijhank,Kanpur Dehat
Uttar Pradesh,Rice,2023,11,2023-11-01,Kannauj APMC,2183.24,kannauj,Kannauj
Uttar Pradesh,Rice,2023,11,2023-11-01,Karvi APMC,,karvi,Chitrakoot
Uttar Pradesh,Rice,2023,11,2023-11-01,Kayamganj APMC,2344.25,kayamganj,Farrukhabad
Uttar Pradesh,Rice,2023,11,2023-11-01,Khaga APMC,2191.37,khaga,Fatehpur
Uttar Pradesh,Rice,2023,11,2023-11-01,Kishunpur APMC,2222.12,kishunpur,Bahraich
Uttar Pradesh,Rice,2023,11,2023-11-01,Kopaganj APMC,2183.0,kopaganj,
Uttar Pradesh,Rice,2023,11,2023-11-01,Kurara APMC,2546.51,kurara,Hamirpur
Uttar Pradesh,Rice,2023,11,2023-11-01,Lakhimpur APMC,2143.41,lakhimpur,Lalitpur
Uttar Pradesh,Rice,2023,11,2023-11-01,Lalganj APMC,2185.68,lalganj,Rae Bareli
Uttar Pradesh,Rice,2023,11,2023-11-01,Lucknow APMC,2169.28,lucknow,Lucknow
Uttar Pradesh,Rice,2023,11,2023-11-01,Madhoganj APMC,2183.0,madhoganj,Hardoi
Uttar Pradesh,Rice,2023,11,2023-11-01,Maigalganj APMC,,maigalganj,Gorakhpur
Uttar Pradesh,Rice,2023,11,2023-11-01,Mainpuri APMC,,mainpuri,Mainpuri
Uttar Pradesh,Rice,2023,11,2023-11-01,Mathura APMC,2183.0,mathura,Mathura
Uttar Pradesh,Rice,2023,11,2023-11-01,Mehmoodabad APMC,2167.97,mehmoodabad,Sitapur
Uttar Pradesh,Rice,2023,11,2023-11-01,Mirzapur APMC,2183.0,mirzapur,Mirzapur
Uttar Pradesh,Rice,2023,11,2023-11-01,Mohamadabad APMC,2183.0,mohamadabad,Farrukhabad
Uttar Pradesh,Rice,2023,11,2023-11-01,Mohammdi APMC,2173.05,mohammdi,Kheri
Uttar Pradesh,Rice,2023,11,2023-11-01,Moth APMC,2183.0,moth,Jhansi
Uttar Pradesh,Rice,2023,11,2023-11-01,Mugrabaadshahpur APMC,2183.0,mugrabaadshahpur,Jaunpur
Uttar Pradesh,Rice,2023,11,2023-11-01,Muradabad APMC,2183.0,muradabad,Sambhal
Uttar Pradesh,Rice,2023,11,2023-11-01,Muskara APMC,,muskara,Mahoba
Uttar Pradesh,Rice,2023,11,2023-11-01,Naanpara APMC,2183.0,naanpara,Bahraich
Uttar Pradesh,Rice,2023,11,2023-11-01,Naugarh APMC,2183.0,naugarh,Siddharthnagar
Uttar Pradesh,Rice,2023,11,2023-11-01,Nautnava APMC,2108.16,nautnava,Maharajganj
Uttar Pradesh,Rice,2023,11,2023-11-01,Nawabganj APMC,2171.21,nawabganj,Gonda
Uttar Pradesh,Rice,2023,11,2023-11-01,Paliakala APMC,2192.51,paliakala,Lakhimpur Kheri
Uttar Pradesh,Rice,2023,11,2023-11-01,Panchpedwa APMC,2025.46,panchpedwa,Balrampur
Uttar Pradesh,Rice,2023,11,2023-11-01,Partaval APMC,2183.0,partaval,Mahrajganj
Uttar Pradesh,Rice,2023,11,2023-11-01,Pilibhit APMC,2183.0,pilibhit,Pilibhit
Uttar Pradesh,Rice,2023,11,2023-11-01,Powayan APMC,2183.0,powayan,Shahjahanpur
Uttar Pradesh,Rice,2023,11,2023-11-01,Pratapgarh APMC,2187.8,pratapgarh,Pratapgarh
Uttar Pradesh,Rice,2023,11,2023-11-01,Prayagraj APMC,,prayagraj,Prayagraj
Uttar Pradesh,Rice,2023,11,2023-11-01,Pukharayan APMC,2184.48,pukharayan,Kanpur Dehat
Uttar Pradesh,Rice,2023,11,2023-11-01,Puranpur APMC,2183.0,puranpur,Pilibhit
Uttar Pradesh,Rice,2023,11,2023-11-01,Raibareilly APMC,2184.43,raibareilly,Rae Bareli
Uttar Pradesh,Rice,2023,11,2023-11-01,Rampur APMC,2183.0,rampur,Rampur
Uttar Pradesh,Rice,2023,11,2023-11-01,Rasda APMC,,rasda,Ballia
Uttar Pradesh,Rice,2023,11,2023-11-01,Richha APMC,2191.82,richha,Bareilly
Uttar Pradesh,Rice,2023,11,2023-11-01,Rudauli APMC,,rudauli,Ayodhya
Uttar Pradesh,Rice,2023,11,2023-11-01,Rura APMC,2230.62,rura,Kanpur Dehat
Uttar Pradesh,Rice,2023,11,2023-11-01,Safdarganj APMC,2185.0,safdarganj,Barabanki
Uttar Pradesh,Rice,2023,11,2023-11-01,Saharanpur APMC,2425.57,saharanpur,Saharanpur
Uttar Pradesh,Rice,2023,11,2023-11-01,Sahiyapur APMC,2183.29,sahiyapur,Siddharthnagar
Uttar Pradesh,Rice,2023,11,2023-11-01,Salon APMC,2183.0,salon,Rae Bareli
Uttar Pradesh,Rice,2023,11,2023-11-01,Sandi APMC,2183.0,sandi,Hardoi
Uttar Pradesh,Rice,2023,11,2023-11-01,Sandila APMC,2183.0,sandila,Hardoi
Uttar Pradesh,Rice,2023,11,2023-11-01,Sehjanwa APMC,,sehjanwa,Gorakhpur
Uttar Pradesh,Rice,2023,11,2023-11-01,Shahabad(New Mandi) APMC,2183.0,shahabad(new mandi),Hardoi
Uttar Pradesh,Rice,2023,11,2023-11-01,Shahganj APMC,2183.0,shahganj,Jaunpur
Uttar Pradesh,Rice,2023,11,2023-11-01,Shahjahanpur APMC,2183.18,shahjahanpur,Shahjahanpur
Uttar Pradesh,Rice,2023,11,2023-11-01,Shikohabad APMC,,shikohabad,Firozabad
Uttar Pradesh,Rice,2023,11,2023-11-01,Sirsa APMC,,sirsa,Gautam Buddha Nagar
Uttar Pradesh,Rice,2023,11,2023-11-01,Sirsaganj APMC,,sirsaganj,Firozabad
Uttar Pradesh,Rice,2023,11,2023-11-01,Sitapur APMC,2149.93,sitapur,Sitapur
Uttar Pradesh,Rice,2023,11,2023-11-01,Sultanpur APMC,2183.0,sultanpur,Amethi
Uttar Pradesh,Rice,2023,11,2023-11-01,Tamkuhi road APMC,2177.62,tamkuhi road,Kushinagar
Uttar Pradesh,Rice,2023,11,2023-11-01,Tikonia APMC,2200.0,tikonia,Lakhimpur Kheri
Uttar Pradesh,Rice,2023,11,2023-11-01,Tilhar APMC,2064.85,tilhar,Shahjahanpur
Uttar Pradesh,Rice,2023,11,2023-11-01,Tulsipur APMC,2104.19,tulsipur,Balrampur
Uttar Pradesh,Rice,2023,11,2023-11-01,Unnao APMC,2183.0,unnao,Unnao
Uttar Pradesh,Rice,2023,11,2023-11-01,Uttaripura APMC,2183.0,uttaripura,Jaunpur
Uttar Pradesh,Rice,2023,11,2023-11-01,Varanasi APMC,2183.0,varanasi,Varanasi
Uttar Pradesh,Rice,2023,11,2023-11-01,Viswan APMC,2148.46,viswan,Sitapur
Uttar Pradesh,Rice,2023,11,2023-11-01,Wazirganj APMC,2548.31,wazirganj,Budaun
Uttar Pradesh,Rice,2023,11,2023-11-01,Yusufpur APMC,,yusufpur,Ghazipur
Uttar Pradesh,Rice,2023,12,2023-12-01,Achalda APMC,2084.24,achalda,Auraiya
Uttar Pradesh,Rice,2023,12,2023-12-01,Ahirora APMC,2217.45,ahirora,Mirzapur
Uttar Pradesh,Rice,2023,12,2023-12-01,Ajuha APMC,,ajuha,Prayagraj
Uttar Pradesh,Rice,2023,12,2023-12-01,Akbarpur APMC,2148.8,akbarpur,Ambedkarnagar
Uttar Pradesh,Rice,2023,12,2023-12-01,Aligarh APMC,2764.17,aligarh,Aligarh
Uttar Pradesh,Rice,2023,12,2023-12-01,Amroha APMC,2183.0,amroha,Amroha
Uttar Pradesh,Rice,2023,12,2023-12-01,Anandnagar APMC,2183.51,anandnagar,Mahrajganj
Uttar Pradesh,Rice,2023,12,2023-12-01,Atarra APMC,,atarra,Banda
Uttar Pradesh,Rice,2023,12,2023-12-01,Auraiya APMC,2082.78,auraiya,Auraiya
Uttar Pradesh,Rice,2023,12,2023-12-01,Ayodhya APMC,2006.48,ayodhya,Ayodhya
Uttar Pradesh,Rice,2023,12,2023-12-01,Azamgarh APMC,2183.0,azamgarh,Azamgarh
Uttar Pradesh,Rice,2023,12,2023-12-01,Baberu APMC,,baberu,Banda
Uttar Pradesh,Rice,2023,12,2023-12-01,Babrala APMC,,babrala,Budaun
Uttar Pradesh,Rice,2023,12,2023-12-01,Bachranwa APMC,2270.21,bachranwa,Rae Bareli
Uttar Pradesh,Rice,2023,12,2023-12-01,Badayoun APMC,2531.23,badayoun,Budaun
Uttar Pradesh,Rice,2023,12,2023-12-01,Badda APMC,,badda,Shahjahanpur
Uttar Pradesh,Rice,2023,12,2023-12-01,Baheri APMC,,baheri,Bareilly
Uttar Pradesh,Rice,2023,12,2023-12-01,Bahraich APMC,2025.92,bahraich,Bahraich
Uttar Pradesh,Rice,2023,12,2023-12-01,Ballia APMC,2183.38,ballia,Ballia
Uttar Pradesh,Rice,2023,12,2023-12-01,Balrampur APMC,1963.58,balrampur,Balrampur
Uttar Pradesh,Rice,2023,12,2023-12-01,Banda APMC,2183.52,banda,Banda
Uttar Pradesh,Rice,2023,12,2023-12-01,Bangarmau APMC,2185.48,bangarmau,Unnao
Uttar Pradesh,Rice,2023,12,2023-12-01,Bansi APMC,2190.0,bansi,Siddharthnagar
Uttar Pradesh,Rice,2023,12,2023-12-01,Banthara APMC,2440.89,banthara,Lucknow
Uttar Pradesh,Rice,2023,12,2023-12-01,Barabanki APMC,2046.34,barabanki,Bara Banki
Uttar Pradesh,Rice,2023,12,2023-12-01,Bareilly APMC,2183.0,bareilly,Bareilly
Uttar Pradesh,Rice,2023,12,2023-12-01,Barhaj APMC,,barhaj,Deoria
Uttar Pradesh,Rice,2023,12,2023-12-01,Baripaal APMC,2354.54,baripaal,Jaunpur
Uttar Pradesh,Rice,2023,12,2023-12-01,Basti APMC,2186.73,basti,Basti
Uttar Pradesh,Rice,2023,12,2023-12-01,Bharuasumerpur APMC,2183.0,bharuasumerpur,Hamirpur
Uttar Pradesh,Rice,2023,12,2023-12-01,Bharwari APMC,,bharwari,Kaushambi
Uttar Pradesh,Rice,2023,12,2023-12-01,Bijnaur APMC,2183.0,bijnaur,Bijnor
Uttar Pradesh,Rice,2023,12,2023-12-01,Bilaspur APMC,2537.13,bilaspur,Rampur
Uttar Pradesh,Rice,2023,12,2023-12-01,Bilsi APMC,,bilsi,Budaun
Uttar Pradesh,Rice,2023,12,2023-12-01,Bindki APMC,2405.41,bindki,Fatehpur
Uttar Pradesh,Rice,2023,12,2023-12-01,Bishalpur APMC,,bishalpur,Pilibhit
Uttar Pradesh,Rice,2023,12,2023-12-01,Bisoli APMC,2713.05,bisoli,Badaun
Uttar Pradesh,Rice,2023,12,2023-12-01,Chandausi APMC,2384.36,chandausi,Sambhal
Uttar Pradesh,Rice,2023,12,2023-12-01,Chandoli APMC,2175.7,chandoli,Chandauli
Uttar Pradesh,Rice,2023,12,2023-12-01,Chorichora APMC,,chorichora,Gorakhpur
Uttar Pradesh,Rice,2023,12,2023-12-01,Choubepur APMC,2191.81,choubepur,Jaunpur
Uttar Pradesh,Rice,2023,12,2023-12-01,Colonelganj APMC,2000.0,colonelganj,Gonda
Uttar Pradesh,Rice,2023,12,2023-12-01,DADRI APMC,,dadri,Gautam Buddha Nagar
Uttar Pradesh,Rice,2023,12,2023-12-01,Dataganj APMC,2601.57,dataganj,Badaun
Uttar Pradesh,Rice,2023,12,2023-12-01,Devariya APMC,2183.0,devariya,Deoria
Uttar Pradesh,Rice,2023,12,2023-12-01,Doharighat APMC,2101.96,doharighat,Azamgarh
Uttar Pradesh,Rice,2023,12,2023-12-01,Etah APMC,2183.0,etah,Etah
Uttar Pradesh,Rice,2023,12,2023-12-01,Etawah APMC,,etawah,Etawah
Uttar Pradesh,Rice,2023,12,2023-12-01,Farukhabad APMC,1946.52,farukhabad,Farrukhabad
Uttar Pradesh,Rice,2023,12,2023-12-01,Fatehpur APMC,2384.05,fatehpur,Fatehpur
Uttar Pradesh,Rice,2023,12,2023-12-01,Golagokarnath APMC,2098.19,golagokarnath,Lalitpur
Uttar Pradesh,Rice,2023,12,2023-12-01,Gonda APMC,1931.5,gonda,Gonda
Uttar Pradesh,Rice,2023,12,2023-12-01,Gopiganj APMC,2172.11,gopiganj,Bhadohi
Uttar Pradesh,Rice,2023,12,2023-12-01,Gorakhpur APMC,2185.58,gorakhpur,Gorakhpur
Uttar Pradesh,Rice,2023,12,2023-12-01,Haathras APMC,2816.23,haathras,Hathras
Uttar Pradesh,Rice,2023,12,2023-12-01,Hardoi APMC,2091.88,hardoi,Hardoi
Uttar Pradesh,Rice,2023,12,2023-12-01,Hargaon (Laharpur) APMC,,hargaon (laharpur),Sitapur
Uttar Pradesh,Rice,2023,12,2023-12-01,Jafarganj APMC,2166.14,jafarganj,Amethi
Uttar Pradesh,Rice,2023,12,2023-12-01,Jahanabad APMC,2204.0,jahanabad,Fatehpur
Uttar Pradesh,Rice,2023,12,2023-12-01,Jasvantnagar APMC,2131.4,jasvantnagar,Etawah
Uttar Pradesh,Rice,2023,12,2023-12-01,Jaunpur APMC,2182.55,jaunpur,Jaunpur
Uttar Pradesh,Rice,2023,12,2023-12-01,Jayas APMC,2162.07,jayas,Rae Bareli
Uttar Pradesh,Rice,2023,12,2023-12-01,Jhijhank APMC,2178.16,jhijhank,Kanpur Dehat
Uttar Pradesh,Rice,2023,12,2023-12-01,Kannauj APMC,2011.19,kannauj,Kannauj
Uttar Pradesh,Rice,2023,12,2023-12-01,Karvi APMC,2183.0,karvi,Chitrakoot
Uttar Pradesh,Rice,2023,12,2023-12-01,Kayamganj APMC,1959.72,kayamganj,Farrukhabad
Uttar Pradesh,Rice,2023,12,2023-12-01,Khaga APMC,2160.63,khaga,Fatehpur
Uttar Pradesh,Rice,2023,12,2023-12-01,Kishunpur APMC,2243.34,kishunpur,Bahraich
Uttar Pradesh,Rice,2023,12,2023-12-01,Kopaganj APMC,,kopaganj,
Uttar Pradesh,Rice,2023,12,2023-12-01,Kurara APMC,,kurara,Hamirpur
Uttar Pradesh,Rice,2023,12,2023-12-01,Lakhimpur APMC,2090.0,lakhimpur,Lalitpur
Uttar Pradesh,Rice,2023,12,2023-12-01,Lalganj APMC,2183.24,lalganj,Rae Bareli
Uttar Pradesh,Rice,2023,12,2023-12-01,Lucknow APMC,2140.54,lucknow,Lucknow
Uttar Pradesh,Rice,2023,12,2023-12-01,Madhoganj APMC,2104.43,madhoganj,Hardoi
Uttar Pradesh,Rice,2023,12,2023-12-01,Maigalganj APMC,,maigalganj,Gorakhpur
Uttar Pradesh,Rice,2023,12,2023-12-01,Mainpuri APMC,2171.12,mainpuri,Mainpuri
Uttar Pradesh,Rice,2023,12,2023-12-01,Mathura APMC,2182.6,mathura,Mathura
Uttar Pradesh,Rice,2023,12,2023-12-01,Mehmoodabad APMC,2169.49,mehmoodabad,Sitapur
Uttar Pradesh,Rice,2023,12,2023-12-01,Mirzapur APMC,2178.76,mirzapur,Mirzapur
Uttar Pradesh,Rice,2023,12,2023-12-01,Mohamadabad APMC,1931.94,mohamadabad,Farrukhabad
Uttar Pradesh,Rice,2023,12,2023-12-01,Mohammdi APMC,2104.02,mohammdi,Kheri
Uttar Pradesh,Rice,2023,12,2023-12-01,Moth APMC,2183.0,moth,Jhansi
Uttar Pradesh,Rice,2023,12,2023-12-01,Mugrabaadshahpur APMC,2183.0,mugrabaadshahpur,Jaunpur
Uttar Pradesh,Rice,2023,12,2023-12-01,Muradabad APMC,2183.0,muradabad,Sambhal
Uttar Pradesh,Rice,2023,12,2023-12-01,Muskara APMC,,muskara,Mahoba
Uttar Pradesh,Rice,2023,12,2023-12-01,Naanpara APMC,1967.93,naanpara,Bahraich
Uttar Pradesh,Rice,2023,12,2023-12-01,Naugarh APMC,2183.48,naugarh,Siddharthnagar
Uttar Pradesh,Rice,2023,12,2023-12-01,Nautnava APMC,2100.0,nautnava,Maharajganj
Uttar Pradesh,Rice,2023,12,2023-12-01,Nawabganj APMC,2000.1,nawabganj,Gonda
Uttar Pradesh,Rice,2023,12,2023-12-01,Paliakala APMC,2190.0,paliakala,Lakhimpur Kheri
Uttar Pradesh,Rice,2023,12,2023-12-01,Panchpedwa APMC,2042.4,panchpedwa,Balrampur
Uttar Pradesh,Rice,2023,12,2023-12-01,Partaval APMC,2183.0,partaval,Mahrajganj
Uttar Pradesh,Rice,2023,12,2023-12-01,Pilibhit APMC,2178.65,pilibhit,Pilibhit
Uttar Pradesh,Rice,2023,12,2023-12-01,Powayan APMC,2182.09,powayan,Shahjahanpur
Uttar Pradesh,Rice,2023,12,2023-12-01,Pratapgarh APMC,2183.0,pratapgarh,Pratapgarh
Uttar Pradesh,Rice,2023,12,2023-12-01,Prayagraj APMC,,prayagraj,Prayagraj
Uttar Pradesh,Rice,2023,12,2023-12-01,Pukharayan APMC,1956.49,pukharayan,Kanpur Dehat
Uttar Pradesh,Rice,2023,12,2023-12-01,Puranpur APMC,2179.35,puranpur,Pilibhit
Uttar Pradesh,Rice,2023,12,2023-12-01,Raibareilly APMC,2183.55,raibareilly,Rae Bareli
Uttar Pradesh,Rice,2023,12,2023-12-01,Rampur APMC,2183.0,rampur,Rampur
Uttar Pradesh,Rice,2023,12,2023-12-01,Rasda APMC,2182.86,rasda,Ballia
Uttar Pradesh,Rice,2023,12,2023-12-01,Richha APMC,2192.86,richha,Bareilly
Uttar Pradesh,Rice,2023,12,2023-12-01,Robertsganj APMC,2177.55,robertsganj,Sonbhadra
Uttar Pradesh,Rice,2023,12,2023-12-01,Rudauli APMC,,rudauli,Ayodhya
Uttar Pradesh,Rice,2023,12,2023-12-01,Rura APMC,2210.2,rura,Kanpur Dehat
Uttar Pradesh,Rice,2023,12,2023-12-01,Safdarganj APMC,2048.95,safdarganj,Barabanki
Uttar Pradesh,Rice,2023,12,2023-12-01,Saharanpur APMC,2459.94,saharanpur,Saharanpur
Uttar Pradesh,Rice,2023,12,2023-12-01,Sahiyapur APMC,2188.43,sahiyapur,Siddharthnagar
Uttar Pradesh,Rice,2023,12,2023-12-01,Salon APMC,2183.0,salon,Rae Bareli
Uttar Pradesh,Rice,2023,12,2023-12-01,Sandi APMC,2079.9,sandi,Hardoi
Uttar Pradesh,Rice,2023,12,2023-12-01,Sandila APMC,2089.01,sandila,Hardoi
Uttar Pradesh,Rice,2023,12,2023-12-01,Sehjanwa APMC,2183.0,sehjanwa,Gorakhpur
Uttar Pradesh,Rice,2023,12,2023-12-01,Shahabad(New Mandi) APMC,2098.5,shahabad(new mandi),Hardoi
Uttar Pradesh,Rice,2023,12,2023-12-01,Shahganj APMC,2183.0,shahganj,Jaunpur
Uttar Pradesh,Rice,2023,12,2023-12-01,Shahjahanpur APMC,2106.01,shahjahanpur,Shahjahanpur
Uttar Pradesh,Rice,2023,12,2023-12-01,Sirsa APMC,2184.74,sirsa,Gautam Buddha Nagar
Uttar Pradesh,Rice,2023,12,2023-12-01,Sirsaganj APMC,,sirsaganj,Firozabad
Uttar Pradesh,Rice,2023,12,2023-12-01,Sitapur APMC,2165.98,sitapur,Sitapur
Uttar Pradesh,Rice,2023,12,2023-12-01,Sultanpur APMC,2063.38,sultanpur,Amethi
Uttar Pradesh,Rice,2023,12,2023-12-01,Tamkuhi road APMC,2183.0,tamkuhi road,Kushinagar
Uttar Pradesh,Rice,2023,12,2023-12-01,Tikonia APMC,,tikonia,Lakhimpur Kheri
Uttar Pradesh,Rice,2023,12,2023-12-01,Tilhar APMC,2198.79,tilhar,Shahjahanpur
Uttar Pradesh,Rice,2023,12,2023-12-01,Tulsipur APMC,2069.45,tulsipur,Balrampur
Uttar Pradesh,Rice,2023,12,2023-12-01,Unnao APMC,2199.48,unnao,Unnao
Uttar Pradesh,Rice,2023,12,2023-12-01,Uttaripura APMC,2183.38,uttaripura,Jaunpur
Uttar Pradesh,Rice,2023,12,2023-12-01,Varanasi APMC,2183.24,varanasi,Varanasi
Uttar Pradesh,Rice,2023,12,2023-12-01,Viswan APMC,2164.82,viswan,Sitapur
Uttar Pradesh,Rice,2023,12,2023-12-01,Wazirganj APMC,2549.8,wazirganj,Budaun
Uttar Pradesh,Rice,2023,12,2023-12-01,Yusufpur APMC,,yusufpur,Ghazipur
Uttar Pradesh,Rice,2024,1,2024-01-01,Achalda APMC,2088.18,achalda,Auraiya
Uttar Pradesh,Rice,2024,1,2024-01-01,Ahirora APMC,2182.54,ahirora,Mirzapur
Uttar Pradesh,Rice,2024,1,2024-01-01,Ajuha APMC,,ajuha,Prayagraj
Uttar Pradesh,Rice,2024,1,2024-01-01,Akbarpur APMC,2083.11,akbarpur,Ambedkarnagar
Uttar Pradesh,Rice,2024,1,2024-01-01,Aligarh APMC,2677.93,aligarh,Aligarh
Uttar Pradesh,Rice,2024,1,2024-01-01,Amroha APMC,2183.0,amroha,Amroha
Uttar Pradesh,Rice,2024,1,2024-01-01,Anandnagar APMC,2183.0,anandnagar,Mahrajganj
Uttar Pradesh,Rice,2024,1,2024-01-01,Atarra APMC,,atarra,Banda
Uttar Pradesh,Rice,2024,1,2024-01-01,Auraiya APMC,2078.45,auraiya,Auraiya
Uttar Pradesh,Rice,2024,1,2024-01-01,Ayodhya APMC,2097.33,ayodhya,Ayodhya
Uttar Pradesh,Rice,2024,1,2024-01-01,Azamgarh APMC,2183.0,azamgarh,Azamgarh
Uttar Pradesh,Rice,2024,1,2024-01-01,Baberu APMC,,baberu,Banda
Uttar Pradesh,Rice,2024,1,2024-01-01,Bachranwa APMC,2323.64,bachranwa,Rae Bareli
Uttar Pradesh,Rice,2024,1,2024-01-01,Badayoun APMC,2575.36,badayoun,Budaun
Uttar Pradesh,Rice,2024,1,2024-01-01,Badda APMC,2183.0,badda,Shahjahanpur
Uttar Pradesh,Rice,2024,1,2024-01-01,Bahraich APMC,2017.8,bahraich,Bahraich
Uttar Pradesh,Rice,2024,1,2024-01-01,Ballia APMC,2183.9,ballia,Ballia
Uttar Pradesh,Rice,2024,1,2024-01-01,Balrampur APMC,,balrampur,Balrampur
Uttar Pradesh,Rice,2024,1,2024-01-01,Banda APMC,2183.0,banda,Banda
Uttar Pradesh,Rice,2024,1,2024-01-01,Bangarmau APMC,2185.58,bangarmau,Unnao
Uttar Pradesh,Rice,2024,1,2024-01-01,Bansi APMC,2183.0,bansi,Siddharthnagar
Uttar Pradesh,Rice,2024,1,2024-01-01,Banthara APMC,2281.55,banthara,Lucknow
Uttar Pradesh,Rice,2024,1,2024-01-01,Barabanki APMC,2119.3,barabanki,Bara Banki
Uttar Pradesh,Rice,2024,1,2024-01-01,Bareilly APMC,2183.05,bareilly,Bareilly
Uttar Pradesh,Rice,2024,1,2024-01-01,Barhaj APMC,,barhaj,Deoria
Uttar Pradesh,Rice,2024,1,2024-01-01,Baripaal APMC,2322.82,baripaal,Jaunpur
Uttar Pradesh,Rice,2024,1,2024-01-01,Basti APMC,2183.53,basti,Basti
Uttar Pradesh,Rice,2024,1,2024-01-01,Bharuasumerpur APMC,2183.0,bharuasumerpur,Hamirpur
Uttar Pradesh,Rice,2024,1,2024-01-01,Bharwari APMC,,bharwari,Kaushambi
Uttar Pradesh,Rice,2024,1,2024-01-01,Bijnaur APMC,2183.0,bijnaur,Bijnor
Uttar Pradesh,Rice,2024,1,2024-01-01,Bilaspur APMC,,bilaspur,Rampur
Uttar Pradesh,Rice,2024,1,2024-01-01,Bilsi APMC,,bilsi,Budaun
Uttar Pradesh,Rice,2024,1,2024-01-01,Bindki APMC,2413.6,bindki,Fatehpur
Uttar Pradesh,Rice,2024,1,2024-01-01,Bishalpur APMC,,bishalpur,Pilibhit
Uttar Pradesh,Rice,2024,1,2024-01-01,Bisoli APMC,2695.79,bisoli,Badaun
Uttar Pradesh,Rice,2024,1,2024-01-01,Chandausi APMC,2414.29,chandausi,Sambhal
Uttar Pradesh,Rice,2024,1,2024-01-01,Chandoli APMC,2183.0,chandoli,Chandauli
Uttar Pradesh,Rice,2024,1,2024-01-01,Chorichora APMC,2189.45,chorichora,Gorakhpur
Uttar Pradesh,Rice,2024,1,2024-01-01,Choubepur APMC,2186.45,choubepur,Jaunpur
Uttar Pradesh,Rice,2024,1,2024-01-01,Colonelganj APMC,2050.0,colonelganj,Gonda
Uttar Pradesh,Rice,2024,1,2024-01-01,Dataganj APMC,2584.47,dataganj,Badaun
Uttar Pradesh,Rice,2024,1,2024-01-01,Devariya APMC,2183.0,devariya,Deoria
Uttar Pradesh,Rice,2024,1,2024-01-01,Doharighat APMC,2105.58,doharighat,Azamgarh
Uttar Pradesh,Rice,2024,1,2024-01-01,Etah APMC,,etah,Etah
Uttar Pradesh,Rice,2024,1,2024-01-01,Etawah APMC,,etawah,Etawah
Uttar Pradesh,Rice,2024,1,2024-01-01,Farukhabad APMC,1962.04,farukhabad,Farrukhabad
Uttar Pradesh,Rice,2024,1,2024-01-01,Fatehpur APMC,2274.29,fatehpur,Fatehpur
Uttar Pradesh,Rice,2024,1,2024-01-01,Golagokarnath APMC,2076.32,golagokarnath,Lalitpur
Uttar Pradesh,Rice,2024,1,2024-01-01,Gonda APMC,2057.96,gonda,Gonda
Uttar Pradesh,Rice,2024,1,2024-01-01,Gopiganj APMC,2166.84,gopiganj,Bhadohi
Uttar Pradesh,Rice,2024,1,2024-01-01,Gorakhpur APMC,2183.0,gorakhpur,Gorakhpur
Uttar Pradesh,Rice,2024,1,2024-01-01,Haathras APMC,2713.12,haathras,Hathras
Uttar Pradesh,Rice,2024,1,2024-01-01,Hardoi APMC,2118.28,hardoi,Hardoi
Uttar Pradesh,Rice,2024,1,2024-01-01,Hargaon (Laharpur) APMC,,hargaon (laharpur),Sitapur
Uttar Pradesh,Rice,2024,1,2024-01-01,Jafarganj APMC,2101.88,jafarganj,Amethi
Uttar Pradesh,Rice,2024,1,2024-01-01,Jahanabad APMC,2205.0,jahanabad,Fatehpur
Uttar Pradesh,Rice,2024,1,2024-01-01,Jasvantnagar APMC,,jasvantnagar,Etawah
Uttar Pradesh,Rice,2024,1,2024-01-01,Jaunpur APMC,2183.0,jaunpur,Jaunpur
Uttar Pradesh,Rice,2024,1,2024-01-01,Jayas APMC,2083.66,jayas,Rae Bareli
Uttar Pradesh,Rice,2024,1,2024-01-01,Jhijhank APMC,2184.7,jhijhank,Kanpur Dehat
Uttar Pradesh,Rice,2024,1,2024-01-01,Kannauj APMC,2044.33,kannauj,Kannauj
Uttar Pradesh,Rice,2024,1,2024-01-01,Karvi APMC,,karvi,Chitrakoot
Uttar Pradesh,Rice,2024,1,2024-01-01,Kayamganj APMC,1981.12,kayamganj,Farrukhabad
Uttar Pradesh,Rice,2024,1,2024-01-01,Khaga APMC,2183.0,khaga,Fatehpur
Uttar Pradesh,Rice,2024,1,2024-01-01,Kishunpur APMC,2250.0,kishunpur,Bahraich
Uttar Pradesh,Rice,2024,1,2024-01-01,Kopaganj APMC,2183.0,kopaganj,
Uttar Pradesh,Rice,2024,1,2024-01-01,Kurara APMC,2300.0,kurara,Hamirpur
Uttar Pradesh,Rice,2024,1,2024-01-01,Lakhimpur APMC,2074.81,lakhimpur,Lalitpur
Uttar Pradesh,Rice,2024,1,2024-01-01,Lalganj APMC,2184.41,lalganj,Rae Bareli
Uttar Pradesh,Rice,2024,1,2024-01-01,Lucknow APMC,2163.05,lucknow,Lucknow
Uttar Pradesh,Rice,2024,1,2024-01-01,Madhoganj APMC,2120.12,madhoganj,Hardoi
Uttar Pradesh,Rice,2024,1,2024-01-01,Maigalganj APMC,,maigalganj,Gorakhpur
Uttar Pradesh,Rice,2024,1,2024-01-01,Mainpuri APMC,2133.55,mainpuri,Mainpuri
Uttar Pradesh,Rice,2024,1,2024-01-01,Mathura APMC,,mathura,Mathura
Uttar Pradesh,Rice,2024,1,2024-01-01,Mehmoodabad APMC,2135.97,mehmoodabad,Sitapur
Uttar Pradesh,Rice,2024,1,2024-01-01,Mirzapur APMC,2182.9,mirzapur,Mirzapur
Uttar Pradesh,Rice,2024,1,2024-01-01,Mohamadabad APMC,1970.88,mohamadabad,Farrukhabad
Uttar Pradesh,Rice,2024,1,2024-01-01,Mohammdi APMC,2073.59,mohammdi,Kheri
Uttar Pradesh,Rice,2024,1,2024-01-01,Moth APMC,,moth,Jhansi
Uttar Pradesh,Rice,2024,1,2024-01-01,Mugrabaadshahpur APMC,2183.0,mugrabaadshahpur,Jaunpur
Uttar Pradesh,Rice,2024,1,2024-01-01,Muradabad APMC,2183.0,muradabad,Sambhal
Uttar Pradesh,Rice,2024,1,2024-01-01,Muskara APMC,,muskara,Mahoba
Uttar Pradesh,Rice,2024,1,2024-01-01,Naanpara APMC,2017.25,naanpara,Bahraich
Uttar Pradesh,Rice,2024,1,2024-01-01,Naugarh APMC,2183.0,naugarh,Siddharthnagar
Uttar Pradesh,Rice,2024,1,2024-01-01,Nautnava APMC,2100.0,nautnava,Maharajganj
Uttar Pradesh,Rice,2024,1,2024-01-01,Nawabganj APMC,2060.85,nawabganj,Gonda
Uttar Pradesh,Rice,2024,1,2024-01-01,Paliakala APMC,2190.0,paliakala,Lakhimpur Kheri
Uttar Pradesh,Rice,2024,1,2024-01-01,Panchpedwa APMC,2048.85,panchpedwa,Balrampur
Uttar Pradesh,Rice,2024,1,2024-01-01,Partaval APMC,2183.0,partaval,Mahrajganj
Uttar Pradesh,Rice,2024,1,2024-01-01,Pilibhit APMC,2183.0,pilibhit,Pilibhit
Uttar Pradesh,Rice,2024,1,2024-01-01,Powayan APMC,2183.0,powayan,Shahjahanpur
Uttar Pradesh,Rice,2024,1,2024-01-01,Pratapgarh APMC,2183.0,pratapgarh,Pratapgarh
Uttar Pradesh,Rice,2024,1,2024-01-01,Prayagraj APMC,,prayagraj,Prayagraj
Uttar Pradesh,Rice,2024,1,2024-01-01,Pukharayan APMC,1939.11,pukharayan,Kanpur Dehat
Uttar Pradesh,Rice,2024,1,2024-01-01,Puranpur APMC,2183.0,puranpur,Pilibhit
Uttar Pradesh,Rice,2024,1,2024-01-01,Raibareilly APMC,2183.0,raibareilly,Rae Bareli
Uttar Pradesh,Rice,2024,1,2024-01-01,Rampur APMC,,rampur,Rampur
Uttar Pradesh,Rice,2024,1,2024-01-01,Rasda APMC,2182.52,rasda,Ballia
Uttar Pradesh,Rice,2024,1,2024-01-01,Richha APMC,2193.3,richha,Bareilly
Uttar Pradesh,Rice,2024,1,2024-01-01,Robertsganj APMC,2182.83,robertsganj,Sonbhadra
Uttar Pradesh,Rice,2024,1,2024-01-01,Rudauli APMC,,rudauli,Ayodhya
Uttar Pradesh,Rice,2024,1,2024-01-01,Rura APMC,2214.8,rura,Kanpur Dehat
Uttar Pradesh,Rice,2024,1,2024-01-01,Safdarganj APMC,2133.22,safdarganj,Barabanki
Uttar Pradesh,Rice,2024,1,2024-01-01,Saharanpur APMC,2438.09,saharanpur,Saharanpur
Uttar Pradesh,Rice,2024,1,2024-01-01,Sahiyapur APMC,2183.16,sahiyapur,Siddharthnagar
Uttar Pradesh,Rice,2024,1,2024-01-01,Salon APMC,2183.0,salon,Rae Bareli
Uttar Pradesh,Rice,2024,1,2024-01-01,Sandi APMC,2113.01,sandi,Hardoi
Uttar Pradesh,Rice,2024,1,2024-01-01,Sandila APMC,2121.41,sandila,Hardoi
Uttar Pradesh,Rice,2024,1,2024-01-01,Sehjanwa APMC,2183.0,sehjanwa,Gorakhpur
Uttar Pradesh,Rice,2024,1,2024-01-01,Shahabad(New Mandi) APMC,2104.12,shahabad(new mandi),Hardoi
Uttar Pradesh,Rice,2024,1,2024-01-01,Shahganj APMC,2183.0,shahganj,Jaunpur
Uttar Pradesh,Rice,2024,1,2024-01-01,Shahjahanpur APMC,2136.88,shahjahanpur,Shahjahanpur
Uttar Pradesh,Rice,2024,1,2024-01-01,Shikohabad APMC,,shikohabad,Firozabad
Uttar Pradesh,Rice,2024,1,2024-01-01,Sirsa APMC,2150.0,sirsa,Gautam Buddha Nagar
Uttar Pradesh,Rice,2024,1,2024-01-01,Sirsaganj APMC,,sirsaganj,Firozabad
Uttar Pradesh,Rice,2024,1,2024-01-01,Sitapur APMC,2129.92,sitapur,Sitapur
Uttar Pradesh,Rice,2024,1,2024-01-01,Sultanpur APMC,2062.78,sultanpur,Amethi
Uttar Pradesh,Rice,2024,1,2024-01-01,Tamkuhi road APMC,,tamkuhi road,Kushinagar
Uttar Pradesh,Rice,2024,1,2024-01-01,Tilhar APMC,2120.03,tilhar,Shahjahanpur
Uttar Pradesh,Rice,2024,1,2024-01-01,Tulsipur APMC,2029.85,tulsipur,Balrampur
Uttar Pradesh,Rice,2024,1,2024-01-01,Unnao APMC,2185.73,unnao,Unnao
Uttar Pradesh,Rice,2024,1,2024-01-01,Uttaripura APMC,2183.24,uttaripura,Jaunpur
Uttar Pradesh,Rice,2024,1,2024-01-01,Varanasi APMC,,varanasi,Varanasi
Uttar Pradesh,Rice,2024,1,2024-01-01,Viswan APMC,2115.77,viswan,Sitapur
Uttar Pradesh,Rice,2024,1,2024-01-01,Wazirganj APMC,2503.49,wazirganj,Budaun
Uttar Pradesh,Rice,2024,1,2024-01-01,Yusufpur APMC,,yusufpur,Ghazipur
Uttar Pradesh,Rice,2024,2,2024-02-01,Achalda APMC,2094.19,achalda,Auraiya
Uttar Pradesh,Rice,2024,2,2024-02-01,Ahirora APMC,2183.0,ahirora,Mirzapur
Uttar Pradesh,Rice,2024,2,2024-02-01,Ajuha APMC,,ajuha,Prayagraj
Uttar Pradesh,Rice,2024,2,2024-02-01,Akbarpur APMC,2172.51,akbarpur,Ambedkarnagar
Uttar Pradesh,Rice,2024,2,2024-02-01,Aligarh APMC,2506.38,aligarh,Aligarh
Uttar Pradesh,Rice,2024,2,2024-02-01,Amroha APMC,,amroha,Amroha
Uttar Pradesh,Rice,2024,2,2024-02-01,Anandnagar APMC,2183.0,anandnagar,Mahrajganj
Uttar Pradesh,Rice,2024,2,2024-02-01,Anwala APMC,2400.0,anwala,Bareilly
Uttar Pradesh,Rice,2024,2,2024-02-01,Atarra APMC,,atarra,Banda
Uttar Pradesh,Rice,2024,2,2024-02-01,Auraiya APMC,2106.6,auraiya,Auraiya
Uttar Pradesh,Rice,2024,2,2024-02-01,Ayodhya APMC,2214.83,ayodhya,Ayodhya
Uttar Pradesh,Rice,2024,2,2024-02-01,Azamgarh APMC,2183.0,azamgarh,Azamgarh
Uttar Pradesh,Rice,2024,2,2024-02-01,Baberu APMC,,baberu,Banda
Uttar Pradesh,Rice,2024,2,2024-02-01,Bachranwa APMC,2313.8,bachranwa,Rae Bareli
Uttar Pradesh,Rice,2024,2,2024-02-01,Badayoun APMC,2578.72,badayoun,Budaun
Uttar Pradesh,Rice,2024,2,2024-02-01,Badda APMC,,badda,Shahjahanpur
Uttar Pradesh,Rice,2024,2,2024-02-01,Baheri APMC,2194.8,baheri,Bareilly
Uttar Pradesh,Rice,2024,2,2024-02-01,Bahraich APMC,2026.7,bahraich,Bahraich
Uttar Pradesh,Rice,2024,2,2024-02-01,Ballia APMC,2184.06,ballia,Ballia
Uttar Pradesh,Rice,2024,2,2024-02-01,Balrampur APMC,2000.0,balrampur,Balrampur
Uttar Pradesh,Rice,2024,2,2024-02-01,Banda APMC,2183.0,banda,Banda
Uttar Pradesh,Rice,2024,2,2024-02-01,Bangarmau APMC,2186.32,bangarmau,Unnao
Uttar Pradesh,Rice,2024,2,2024-02-01,Bansi APMC,2183.0,bansi,Siddharthnagar
Uttar Pradesh,Rice,2024,2,2024-02-01,Banthara APMC,2286.41,banthara,Lucknow
Uttar Pradesh,Rice,2024,2,2024-02-01,Barabanki APMC,2189.84,barabanki,Bara Banki
Uttar Pradesh,Rice,2024,2,2024-02-01,Bareilly APMC,2183.88,bareilly,Bareilly
Uttar Pradesh,Rice,2024,2,2024-02-01,Barhaj APMC,,barhaj,Deoria
Uttar Pradesh,Rice,2024,2,2024-02-01,Baripaal APMC,2328.48,baripaal,Jaunpur
Uttar Pradesh,Rice,2024,2,2024-02-01,Basti APMC,2183.0,basti,Basti
Uttar Pradesh,Rice,2024,2,2024-02-01,Bharuasumerpur APMC,,bharuasumerpur,Hamirpur
Uttar Pradesh,Rice,2024,2,2024-02-01,Bharwari APMC,,bharwari,Kaushambi
Uttar Pradesh,Rice,2024,2,2024-02-01,Bijnaur APMC,,bijnaur,Bijnor
Uttar Pradesh,Rice,2024,2,2024-02-01,Bilsi APMC,,bilsi,Budaun
Uttar Pradesh,Rice,2024,2,2024-02-01,Bindki APMC,2344.56,bindki,Fatehpur
Uttar Pradesh,Rice,2024,2,2024-02-01,Bishalpur APMC,,bishalpur,Pilibhit
Uttar Pradesh,Rice,2024,2,2024-02-01,Bisoli APMC,2557.14,bisoli,Badaun
Uttar Pradesh,Rice,2024,2,2024-02-01,Chandausi APMC,,chandausi,Sambhal
Uttar Pradesh,Rice,2024,2,2024-02-01,Chandoli APMC,,chandoli,Chandauli
Uttar Pradesh,Rice,2024,2,2024-02-01,Chorichora APMC,2195.35,chorichora,Gorakhpur
Uttar Pradesh,Rice,2024,2,2024-02-01,Choubepur APMC,2190.0,choubepur,Jaunpur
Uttar Pradesh,Rice,2024,2,2024-02-01,Colonelganj APMC,2050.0,colonelganj,Gonda
Uttar Pradesh,Rice,2024,2,2024-02-01,Dataganj APMC,2565.67,dataganj,Badaun
Uttar Pradesh,Rice,2024,2,2024-02-01,Devariya APMC,2183.0,devariya,Deoria
Uttar Pradesh,Rice,2024,2,2024-02-01,Doharighat APMC,2162.62,doharighat,Azamgarh
Uttar Pradesh,Rice,2024,2,2024-02-01,Etawah APMC,,etawah,Etawah
Uttar Pradesh,Rice,2024,2,2024-02-01,Farukhabad APMC,1962.35,farukhabad,Farrukhabad
Uttar Pradesh,Rice,2024,2,2024-02-01,Fatehpur APMC,2276.67,fatehpur,Fatehpur
Uttar Pradesh,Rice,2024,2,2024-02-01,Golagokarnath APMC,2146.86,golagokarnath,Lalitpur
Uttar Pradesh,Rice,2024,2,2024-02-01,Gonda APMC,2119.97,gonda,Gonda
Uttar Pradesh,Rice,2024,2,2024-02-01,Gopiganj APMC,2175.89,gopiganj,Bhadohi
Uttar Pradesh,Rice,2024,2,2024-02-01,Gorakhpur APMC,2183.0,gorakhpur,Gorakhpur
Uttar Pradesh,Rice,2024,2,2024-02-01,Haathras APMC,2568.1,haathras,Hathras
Uttar Pradesh,Rice,2024,2,2024-02-01,Hardoi APMC,2146.08,hardoi,Hardoi
Uttar Pradesh,Rice,2024,2,2024-02-01,Hargaon (Laharpur) APMC,,hargaon (laharpur),Sitapur
Uttar Pradesh,Rice,2024,2,2024-02-01,Jafarganj APMC,2156.03,jafarganj,Amethi
Uttar Pradesh,Rice,2024,2,2024-02-01,Jahanabad APMC,2206.04,jahanabad,Fatehpur
Uttar Pradesh,Rice,2024,2,2024-02-01,Jaunpur APMC,2182.36,jaunpur,Jaunpur
Uttar Pradesh,Rice,2024,2,2024-02-01,Jayas APMC,2165.6,jayas,Rae Bareli
Uttar Pradesh,Rice,2024,2,2024-02-01,Jhijhank APMC,2193.85,jhijhank,Kanpur Dehat
Uttar Pradesh,Rice,2024,2,2024-02-01,Kannauj APMC,2064.85,kannauj,Kannauj
Uttar Pradesh,Rice,2024,2,2024-02-01,Kayamganj APMC,2004.77,kayamganj,Farrukhabad
Uttar Pradesh,Rice,2024,2,2024-02-01,Khaga APMC,2183.0,khaga,Fatehpur
Uttar Pradesh,Rice,2024,2,2024-02-01,Kishunpur APMC,2250.0,kishunpur,Bahraich
Uttar Pradesh,Rice,2024,2,2024-02-01,Kopaganj APMC,,kopaganj,
Uttar Pradesh,Rice,2024,2,2024-02-01,Kurara APMC,2800.0,kurara,Hamirpur
Uttar Pradesh,Rice,2024,2,2024-02-01,Lakhimpur APMC,2142.59,lakhimpur,Lalitpur
Uttar Pradesh,Rice,2024,2,2024-02-01,Lalganj APMC,2183.51,lalganj,Rae Bareli
Uttar Pradesh,Rice,2024,2,2024-02-01,Lucknow APMC,2144.75,lucknow,Lucknow
Uttar Pradesh,Rice,2024,2,2024-02-01,Madhoganj APMC,2141.12,madhoganj,Hardoi
Uttar Pradesh,Rice,2024,2,2024-02-01,Maigalganj APMC,,maigalganj,Gorakhpur
Uttar Pradesh,Rice,2024,2,2024-02-01,Mainpuri APMC,,mainpuri,Mainpuri
Uttar Pradesh,Rice,2024,2,2024-02-01,Mehmoodabad APMC,2135.63,mehmoodabad,Sitapur
Uttar Pradesh,Rice,2024,2,2024-02-01,Mirzapur APMC,2183.0,mirzapur,Mirzapur
Uttar Pradesh,Rice,2024,2,2024-02-01,Mohamadabad APMC,1988.22,mohamadabad,Farrukhabad
Uttar Pradesh,Rice,2024,2,2024-02-01,Mohammdi APMC,2139.23,mohammdi,Kheri
Uttar Pradesh,Rice,2024,2,2024-02-01,Mugrabaadshahpur APMC,2183.0,mugrabaadshahpur,Jaunpur
Uttar Pradesh,Rice,2024,2,2024-02-01,Muradabad APMC,,muradabad,Sambhal
Uttar Pradesh,Rice,2024,2,2024-02-01,Muskara APMC,,muskara,Mahoba
Uttar Pradesh,Rice,2024,2,2024-02-01,Naanpara APMC,2020.57,naanpara,Bahraich
Uttar Pradesh,Rice,2024,2,2024-02-01,Naugarh APMC,2183.0,naugarh,Siddharthnagar
Uttar Pradesh,Rice,2024,2,2024-02-01,Nautnava APMC,2177.93,nautnava,Maharajganj
Uttar Pradesh,Rice,2024,2,2024-02-01,Nawabganj APMC,2071.98,nawabganj,Gonda
Uttar Pradesh,Rice,2024,2,2024-02-01,Paliakala APMC,2190.0,paliakala,Lakhimpur Kheri
Uttar Pradesh,Rice,2024,2,2024-02-01,Panchpedwa APMC,2055.57,panchpedwa,Balrampur
Uttar Pradesh,Rice,2024,2,2024-02-01,Partaval APMC,2183.0,partaval,Mahrajganj
Uttar Pradesh,Rice,2024,2,2024-02-01,Pilibhit APMC,2176.3,pilibhit,Pilibhit
Uttar Pradesh,Rice,2024,2,2024-02-01,Powayan APMC,2159.05,powayan,Shahjahanpur
Uttar Pradesh,Rice,2024,2,2024-02-01,Pratapgarh APMC,2183.0,pratapgarh,Pratapgarh
Uttar Pradesh,Rice,2024,2,2024-02-01,Pukharayan APMC,1964.44,pukharayan,Kanpur Dehat
Uttar Pradesh,Rice,2024,2,2024-02-01,Puranpur APMC,2173.75,puranpur,Pilibhit
Uttar Pradesh,Rice,2024,2,2024-02-01,Raibareilly APMC,2183.0,raibareilly,Rae Bareli
Uttar Pradesh,Rice,2024,2,2024-02-01,Rasda APMC,2183.0,rasda,Ballia
Uttar Pradesh,Rice,2024,2,2024-02-01,Richha APMC,2193.77,richha,Bareilly
Uttar Pradesh,Rice,2024,2,2024-02-01,Robertsganj APMC,2183.0,robertsganj,Sonbhadra
Uttar Pradesh,Rice,2024,2,2024-02-01,Rudauli APMC,2140.0,rudauli,Ayodhya
Uttar Pradesh,Rice,2024,2,2024-02-01,Rura APMC,2277.16,rura,Kanpur Dehat
Uttar Pradesh,Rice,2024,2,2024-02-01,Safdarganj APMC,2186.14,safdarganj,Barabanki
Uttar Pradesh,Rice,2024,2,2024-02-01,Saharanpur APMC,,saharanpur,Saharanpur
Uttar Pradesh,Rice,2024,2,2024-02-01,Sahiyapur APMC,2183.19,sahiyapur,Siddharthnagar
Uttar Pradesh,Rice,2024,2,2024-02-01,Salon APMC,2183.0,salon,Rae Bareli
Uttar Pradesh,Rice,2024,2,2024-02-01,Sandi APMC,2134.18,sandi,Hardoi
Uttar Pradesh,Rice,2024,2,2024-02-01,Sandila APMC,2149.5,sandila,Hardoi
Uttar Pradesh,Rice,2024,2,2024-02-01,Sehjanwa APMC,2183.0,sehjanwa,Gorakhpur
Uttar Pradesh,Rice,2024,2,2024-02-01,Shahabad(New Mandi) APMC,2150.0,shahabad(new mandi),Hardoi
Uttar Pradesh,Rice,2024,2,2024-02-01,Shahganj APMC,2183.0,shahganj,Jaunpur
Uttar Pradesh,Rice,2024,2,2024-02-01,Shahjahanpur APMC,2180.0,shahjahanpur,Shahjahanpur
Uttar Pradesh,Rice,2024,2,2024-02-01,Shikohabad APMC,,shikohabad,Firozabad
Uttar Pradesh,Rice,2024,2,2024-02-01,Sirsa APMC,2150.0,sirsa,Gautam Buddha Nagar
Uttar Pradesh,Rice,2024,2,2024-02-01,Sirsaganj APMC,,sirsaganj,Firozabad
Uttar Pradesh,Rice,2024,2,2024-02-01,Sitapur APMC,2126.94,sitapur,Sitapur
Uttar Pradesh,Rice,2024,2,2024-02-01,Sultanpur APMC,2151.08,sultanpur,Amethi
Uttar Pradesh,Rice,2024,2,2024-02-01,Tilhar APMC,2110.0,tilhar,Shahjahanpur
Uttar Pradesh,Rice,2024,2,2024-02-01,Tulsipur APMC,2053.41,tulsipur,Balrampur
Uttar Pradesh,Rice,2024,2,2024-02-01,Unnao APMC,2184.37,unnao,Unnao
Uttar Pradesh,Rice,2024,2,2024-02-01,Uttaripura APMC,2198.41,uttaripura,Jaunpur
Uttar Pradesh,Rice,2024,2,2024-02-01,Viswan APMC,2112.66,viswan,Sitapur
Uttar Pradesh,Rice,2024,2,2024-02-01,Wazirganj APMC,2566.08,wazirganj,Budaun
Uttar Pradesh,Rice,2024,3,2024-03-01,Achalda APMC,2199.5,achalda,Auraiya
Uttar Pradesh,Rice,2024,3,2024-03-01,Ahirora APMC,,ahirora,Mirzapur
Uttar Pradesh,Rice,2024,3,2024-03-01,Akbarpur APMC,2206.41,akbarpur,Ambedkarnagar
Uttar Pradesh,Rice,2024,3,2024-03-01,Aligarh APMC,2424.97,aligarh,Aligarh
Uttar Pradesh,Rice,2024,3,2024-03-01,Anandnagar APMC,2184.54,anandnagar,Mahrajganj
Uttar Pradesh,Rice,2024,3,2024-03-01,Anwala APMC,2406.27,anwala,Bareilly
Uttar Pradesh,Rice,2024,3,2024-03-01,Atarra APMC,,atarra,Banda
Uttar Pradesh,Rice,2024,3,2024-03-01,Auraiya APMC,,auraiya,Auraiya
Uttar Pradesh,Rice,2024,3,2024-03-01,Ayodhya APMC,2217.25,ayodhya,Ayodhya
Uttar Pradesh,Rice,2024,3,2024-03-01,Azamgarh APMC,,azamgarh,Azamgarh
Uttar Pradesh,Rice,2024,3,2024-03-01,Bachranwa APMC,2302.3,bachranwa,Rae Bareli
Uttar Pradesh,Rice,2024,3,2024-03-01,Badayoun APMC,2515.57,badayoun,Budaun
Uttar Pradesh,Rice,2024,3,2024-03-01,Baheri APMC,2202.33,baheri,Bareilly
Uttar Pradesh,Rice,2024,3,2024-03-01,Bahraich APMC,2045.6,bahraich,Bahraich
Uttar Pradesh,Rice,2024,3,2024-03-01,Ballia APMC,,ballia,Ballia
Uttar Pradesh,Rice,2024,3,2024-03-01,Balrampur APMC,2084.59,balrampur,Balrampur
Uttar Pradesh,Rice,2024,3,2024-03-01,Banda APMC,,banda,Banda
Uttar Pradesh,Rice,2024,3,2024-03-01,Bangarmau APMC,2206.54,bangarmau,Unnao
Uttar Pradesh,Rice,2024,3,2024-03-01,Bansi APMC,2215.0,bansi,Siddharthnagar
Uttar Pradesh,Rice,2024,3,2024-03-01,Banthara APMC,2533.16,banthara,Lucknow
Uttar Pradesh,Rice,2024,3,2024-03-01,Barabanki APMC,,barabanki,Bara Banki
Uttar Pradesh,Rice,2024,3,2024-03-01,Bareilly APMC,2183.21,bareilly,Bareilly
Uttar Pradesh,Rice,2024,3,2024-03-01,Barhaj APMC,,barhaj,Deoria
Uttar Pradesh,Rice,2024,3,2024-03-01,Baripaal APMC,2349.93,baripaal,Jaunpur
Uttar Pradesh,Rice,2024,3,2024-03-01,Basti APMC,2210.01,basti,Basti
Uttar Pradesh,Rice,2024,3,2024-03-01,Bharuasumerpur APMC,,bharuasumerpur,Hamirpur
Uttar Pradesh,Rice,2024,3,2024-03-01,Bindki APMC,2358.68,bindki,Fatehpur
Uttar Pradesh,Rice,2024,3,2024-03-01,Bisoli APMC,2384.96,bisoli,Badaun
Uttar Pradesh,Rice,2024,3,2024-03-01,Chandoli APMC,,chandoli,Chandauli
Uttar Pradesh,Rice,2024,3,2024-03-01,Chorichora APMC,2208.33,chorichora,Gorakhpur
Uttar Pradesh,Rice,2024,3,2024-03-01,Choubepur APMC,2223.77,choubepur,Jaunpur
Uttar Pradesh,Rice,2024,3,2024-03-01,Colonelganj APMC,2150.0,colonelganj,Gonda
Uttar Pradesh,Rice,2024,3,2024-03-01,Dataganj APMC,2440.24,dataganj,Badaun
Uttar Pradesh,Rice,2024,3,2024-03-01,Devariya APMC,2115.51,devariya,Deoria
Uttar Pradesh,Rice,2024,3,2024-03-01,Doharighat APMC,,doharighat,Azamgarh
Uttar Pradesh,Rice,2024,3,2024-03-01,Etawah APMC,,etawah,Etawah
Uttar Pradesh,Rice,2024,3,2024-03-01,Farukhabad APMC,2010.3,farukhabad,Farrukhabad
Uttar Pradesh,Rice,2024,3,2024-03-01,Fatehpur APMC,2261.28,fatehpur,Fatehpur
Uttar Pradesh,Rice,2024,3,2024-03-01,Golagokarnath APMC,2158.98,golagokarnath,Lalitpur
Uttar Pradesh,Rice,2024,3,2024-03-01,Gonda APMC,2113.48,gonda,Gonda
Uttar Pradesh,Rice,2024,3,2024-03-01,Gopiganj APMC,2182.67,gopiganj,Bhadohi
Uttar Pradesh,Rice,2024,3,2024-03-01,Gorakhpur APMC,2136.44,gorakhpur,Gorakhpur
Uttar Pradesh,Rice,2024,3,2024-03-01,Haathras APMC,2383.59,haathras,Hathras
Uttar Pradesh,Rice,2024,3,2024-03-01,Hardoi APMC,2172.5,hardoi,Hardoi
Uttar Pradesh,Rice,2024,3,2024-03-01,Jafarganj APMC,2101.26,jafarganj,Amethi
Uttar Pradesh,Rice,2024,3,2024-03-01,Jahanabad APMC,2206.59,jahanabad,Fatehpur
Uttar Pradesh,Rice,2024,3,2024-03-01,Jaunpur APMC,,jaunpur,Jaunpur
Uttar Pradesh,Rice,2024,3,2024-03-01,Jayas APMC,2179.2,jayas,Rae Bareli
Uttar Pradesh,Rice,2024,3,2024-03-01,Jhijhank APMC,2169.67,jhijhank,Kanpur Dehat
Uttar Pradesh,Rice,2024,3,2024-03-01,Kannauj APMC,2174.77,kannauj,Kannauj
Uttar Pradesh,Rice,2024,3,2024-03-01,Kayamganj APMC,2040.01,kayamganj,Farrukhabad
Uttar Pradesh,Rice,2024,3,2024-03-01,Khaga APMC,2186.52,khaga,Fatehpur
Uttar Pradesh,Rice,2024,3,2024-03-01,Kishunpur APMC,2261.74,kishunpur,Bahraich
Uttar Pradesh,Rice,2024,3,2024-03-01,Kopaganj APMC,,kopaganj,
Uttar Pradesh,Rice,2024,3,2024-03-01,Kurara APMC,2100.0,kurara,Hamirpur
Uttar Pradesh,Rice,2024,3,2024-03-01,Lakhimpur APMC,2161.0,lakhimpur,Lalitpur
Uttar Pradesh,Rice,2024,3,2024-03-01,Lalganj APMC,2262.63,lalganj,Rae Bareli
Uttar Pradesh,Rice,2024,3,2024-03-01,Lucknow APMC,2950.0,lucknow,Lucknow
Uttar Pradesh,Rice,2024,3,2024-03-01,Madhoganj APMC,2168.1,madhoganj,Hardoi
Uttar Pradesh,Rice,2024,3,2024-03-01,Maigalganj APMC,2170.59,maigalganj,Gorakhpur
Uttar Pradesh,Rice,2024,3,2024-03-01,Mainpuri APMC,,mainpuri,Mainpuri
Uttar Pradesh,Rice,2024,3,2024-03-01,Mathura APMC,2250.0,mathura,Mathura
Uttar Pradesh,Rice,2024,3,2024-03-01,Mehmoodabad APMC,2137.86,mehmoodabad,Sitapur
Uttar Pradesh,Rice,2024,3,2024-03-01,Mirzapur APMC,2183.0,mirzapur,Mirzapur
Uttar Pradesh,Rice,2024,3,2024-03-01,Mohamadabad APMC,2000.0,mohamadabad,Farrukhabad
Uttar Pradesh,Rice,2024,3,2024-03-01,Mohammdi APMC,2156.35,mohammdi,Kheri
Uttar Pradesh,Rice,2024,3,2024-03-01,Moth APMC,4120.0,moth,Jhansi
Uttar Pradesh,Rice,2024,3,2024-03-01,Mugrabaadshahpur APMC,2183.0,mugrabaadshahpur,Jaunpur
Uttar Pradesh,Rice,2024,3,2024-03-01,Naanpara APMC,2043.03,naanpara,Bahraich
Uttar Pradesh,Rice,2024,3,2024-03-01,Naugarh APMC,2183.46,naugarh,Siddharthnagar
Uttar Pradesh,Rice,2024,3,2024-03-01,Nautnava APMC,2153.48,nautnava,Maharajganj
Uttar Pradesh,Rice,2024,3,2024-03-01,Nawabganj APMC,2111.19,nawabganj,Gonda
Uttar Pradesh,Rice,2024,3,2024-03-01,Paliakala APMC,2190.0,paliakala,Lakhimpur Kheri
Uttar Pradesh,Rice,2024,3,2024-03-01,Panchpedwa APMC,2130.32,panchpedwa,Balrampur
Uttar Pradesh,Rice,2024,3,2024-03-01,Partaval APMC,2087.09,partaval,Mahrajganj
Uttar Pradesh,Rice,2024,3,2024-03-01,Pilibhit APMC,2180.0,pilibhit,Pilibhit
Uttar Pradesh,Rice,2024,3,2024-03-01,Powayan APMC,,powayan,Shahjahanpur
Uttar Pradesh,Rice,2024,3,2024-03-01,Pratapgarh APMC,2203.03,pratapgarh,Pratapgarh
Uttar Pradesh,Rice,2024,3,2024-03-01,Pukharayan APMC,1974.9,pukharayan,Kanpur Dehat
Uttar Pradesh,Rice,2024,3,2024-03-01,Puranpur APMC,2175.0,puranpur,Pilibhit
Uttar Pradesh,Rice,2024,3,2024-03-01,Raibareilly APMC,2237.55,raibareilly,Rae Bareli
Uttar Pradesh,Rice,2024,3,2024-03-01,Rasda APMC,2183.0,rasda,Ballia
Uttar Pradesh,Rice,2024,3,2024-03-01,Richha APMC,2200.59,richha,Bareilly
Uttar Pradesh,Rice,2024,3,2024-03-01,Robertsganj APMC,2183.0,robertsganj,Sonbhadra
Uttar Pradesh,Rice,2024,3,2024-03-01,Rudauli APMC,,rudauli,Ayodhya
Uttar Pradesh,Rice,2024,3,2024-03-01,Rura APMC,2237.07,rura,Kanpur Dehat
Uttar Pradesh,Rice,2024,3,2024-03-01,Safdarganj APMC,2107.53,safdarganj,Barabanki
Uttar Pradesh,Rice,2024,3,2024-03-01,Saharanpur APMC,2200.0,saharanpur,Saharanpur
Uttar Pradesh,Rice,2024,3,2024-03-01,Sahiyapur APMC,2205.36,sahiyapur,Siddharthnagar
Uttar Pradesh,Rice,2024,3,2024-03-01,Salon APMC,2245.0,salon,Rae Bareli
Uttar Pradesh,Rice,2024,3,2024-03-01,Sandi APMC,2166.56,sandi,Hardoi
Uttar Pradesh,Rice,2024,3,2024-03-01,Sandila APMC,2171.13,sandila,Hardoi
Uttar Pradesh,Rice,2024,3,2024-03-01,Sehjanwa APMC,,sehjanwa,Gorakhpur
Uttar Pradesh,Rice,2024,3,2024-03-01,Shahabad(New Mandi) APMC,2180.22,shahabad(new mandi),Hardoi
Uttar Pradesh,Rice,2024,3,2024-03-01,Shahganj APMC,,shahganj,Jaunpur
Uttar Pradesh,Rice,2024,3,2024-03-01,Shahjahanpur APMC,,shahjahanpur,Shahjahanpur
Uttar Pradesh,Rice,2024,3,2024-03-01,Sikarpur APMC,4000.0,sikarpur,Bulandshahar
Uttar Pradesh,Rice,2024,3,2024-03-01,Sirsa APMC,2150.0,sirsa,Gautam Buddha Nagar
Uttar Pradesh,Rice,2024,3,2024-03-01,Sitapur APMC,2144.03,sitapur,Sitapur
Uttar Pradesh,Rice,2024,3,2024-03-01,Sultanpur APMC,2097.89,sultanpur,Amethi
Uttar Pradesh,Rice,2024,3,2024-03-01,Tamkuhi road APMC,,tamkuhi road,Kushinagar
Uttar Pradesh,Rice,2024,3,2024-03-01,Tilhar APMC,,tilhar,Shahjahanpur
Uttar Pradesh,Rice,2024,3,2024-03-01,Tulsipur APMC,2043.26,tulsipur,Balrampur
Uttar Pradesh,Rice,2024,3,2024-03-01,Unnao APMC,2200.0,unnao,Unnao
Uttar Pradesh,Rice,2024,3,2024-03-01,Uttaripura APMC,2212.45,uttaripura,Jaunpur
Uttar Pradesh,Rice,2024,3,2024-03-01,Vilthararoad APMC,2281.11,vilthararoad,Ballia
Uttar Pradesh,Rice,2024,3,2024-03-01,Viswan APMC,2121.85,viswan,Sitapur
Uttar Pradesh,Rice,2024,3,2024-03-01,Wazirganj APMC,2492.71,wazirganj,Budaun
Uttar Pradesh,Rice,2024,4,2024-04-01,Achalda APMC,,achalda,Auraiya
Uttar Pradesh,Rice,2024,4,2024-04-01,Ahirora APMC,,ahirora,Mirzapur
Uttar Pradesh,Rice,2024,4,2024-04-01,Akbarpur APMC,,akbarpur,Ambedkarnagar
Uttar Pradesh,Rice,2024,4,2024-04-01,Aligarh APMC,2407.2,aligarh,Aligarh
Uttar Pradesh,Rice,2024,4,2024-04-01,Anandnagar APMC,2199.27,anandnagar,Mahrajganj
Uttar Pradesh,Rice,2024,4,2024-04-01,Anwala APMC,2379.33,anwala,Bareilly
Uttar Pradesh,Rice,2024,4,2024-04-01,Atarra APMC,,atarra,Banda
Uttar Pradesh,Rice,2024,4,2024-04-01,Ayodhya APMC,2201.53,ayodhya,Ayodhya
Uttar Pradesh,Rice,2024,4,2024-04-01,Bachranwa APMC,2385.52,bachranwa,Rae Bareli
Uttar Pradesh,Rice,2024,4,2024-04-01,Badayoun APMC,2470.14,badayoun,Budaun
Uttar Pradesh,Rice,2024,4,2024-04-01,Baheri APMC,2212.59,baheri,Bareilly
Uttar Pradesh,Rice,2024,4,2024-04-01,Bahraich APMC,2064.0,bahraich,Bahraich
Uttar Pradesh,Rice,2024,4,2024-04-01,Balrampur APMC,2100.0,balrampur,Balrampur
Uttar Pradesh,Rice,2024,4,2024-04-01,Bangarmau APMC,2198.22,bangarmau,Unnao
Uttar Pradesh,Rice,2024,4,2024-04-01,Bansi APMC,2180.0,bansi,Siddharthnagar
Uttar Pradesh,Rice,2024,4,2024-04-01,Banthara APMC,2468.43,banthara,Lucknow
Uttar Pradesh,Rice,2024,4,2024-04-01,Bareilly APMC,2187.91,bareilly,Bareilly
Uttar Pradesh,Rice,2024,4,2024-04-01,Barhaj APMC,,barhaj,Deoria
Uttar Pradesh,Rice,2024,4,2024-04-01,Baripaal APMC,2487.09,baripaal,Jaunpur
Uttar Pradesh,Rice,2024,4,2024-04-01,Basti APMC,2200.88,basti,Basti
Uttar Pradesh,Rice,2024,4,2024-04-01,Bindki APMC,2359.73,bindki,Fatehpur
Uttar Pradesh,Rice,2024,4,2024-04-01,Bisoli APMC,2356.8,bisoli,Badaun
Uttar Pradesh,Rice,2024,4,2024-04-01,Chandoli APMC,,chandoli,Chandauli
Uttar Pradesh,Rice,2024,4,2024-04-01,Chorichora APMC,2290.0,chorichora,Gorakhpur
Uttar Pradesh,Rice,2024,4,2024-04-01,Choubepur APMC,,choubepur,Jaunpur
Uttar Pradesh,Rice,2024,4,2024-04-01,Colonelganj APMC,2200.0,colonelganj,Gonda
Uttar Pradesh,Rice,2024,4,2024-04-01,Dataganj APMC,2500.76,dataganj,Badaun
Uttar Pradesh,Rice,2024,4,2024-04-01,Devariya APMC,2133.38,devariya,Deoria
Uttar Pradesh,Rice,2024,4,2024-04-01,Farukhabad APMC,1978.58,farukhabad,Farrukhabad
Uttar Pradesh,Rice,2024,4,2024-04-01,Fatehpur APMC,2249.76,fatehpur,Fatehpur
Uttar Pradesh,Rice,2024,4,2024-04-01,Golagokarnath APMC,2165.74,golagokarnath,Lalitpur
Uttar Pradesh,Rice,2024,4,2024-04-01,Gonda APMC,2205.67,gonda,Gonda
Uttar Pradesh,Rice,2024,4,2024-04-01,Gopiganj APMC,,gopiganj,Bhadohi
Uttar Pradesh,Rice,2024,4,2024-04-01,Gorakhpur APMC,2150.4,gorakhpur,Gorakhpur
Uttar Pradesh,Rice,2024,4,2024-04-01,Haathras APMC,2401.48,haathras,Hathras
Uttar Pradesh,Rice,2024,4,2024-04-01,Hardoi APMC,2177.35,hardoi,Hardoi
Uttar Pradesh,Rice,2024,4,2024-04-01,Jafarganj APMC,2142.05,jafarganj,Amethi
Uttar Pradesh,Rice,2024,4,2024-04-01,Jahanabad APMC,2221.3,jahanabad,Fatehpur
Uttar Pradesh,Rice,2024,4,2024-04-01,Jayas APMC,2204.43,jayas,Rae Bareli
Uttar Pradesh,Rice,2024,4,2024-04-01,Jhijhank APMC,2161.35,jhijhank,Kanpur Dehat
Uttar Pradesh,Rice,2024,4,2024-04-01,Kannauj APMC,,kannauj,Kannauj
Uttar Pradesh,Rice,2024,4,2024-04-01,Kayamganj APMC,2068.28,kayamganj,Farrukhabad
Uttar Pradesh,Rice,2024,4,2024-04-01,Khaga APMC,,khaga,Fatehpur
Uttar Pradesh,Rice,2024,4,2024-04-01,Kishunpur APMC,2231.91,kishunpur,Bahraich
Uttar Pradesh,Rice,2024,4,2024-04-01,Kurara APMC,1900.0,kurara,Hamirpur
Uttar Pradesh,Rice,2024,4,2024-04-01,Lakhimpur APMC,2152.77,lakhimpur,Lalitpur
Uttar Pradesh,Rice,2024,4,2024-04-01,Lalganj APMC,2312.82,lalganj,Rae Bareli
Uttar Pradesh,Rice,2024,4,2024-04-01,Lucknow APMC,,lucknow,Lucknow
Uttar Pradesh,Rice,2024,4,2024-04-01,Madhoganj APMC,2184.34,madhoganj,Hardoi
Uttar Pradesh,Rice,2024,4,2024-04-01,Maigalganj APMC,2178.21,maigalganj,Gorakhpur
Uttar Pradesh,Rice,2024,4,2024-04-01,Mathura APMC,,mathura,Mathura
Uttar Pradesh,Rice,2024,4,2024-04-01,Mehmoodabad APMC,2126.88,mehmoodabad,Sitapur
Uttar Pradesh,Rice,2024,4,2024-04-01,Mirzapur APMC,,mirzapur,Mirzapur
Uttar Pradesh,Rice,2024,4,2024-04-01,Mohamadabad APMC,,mohamadabad,Farrukhabad
Uttar Pradesh,Rice,2024,4,2024-04-01,Mohammdi APMC,2150.15,mohammdi,Kheri
Uttar Pradesh,Rice,2024,4,2024-04-01,Moth APMC,,moth,Jhansi
Uttar Pradesh,Rice,2024,4,2024-04-01,Mugrabaadshahpur APMC,,mugrabaadshahpur,Jaunpur
Uttar Pradesh,Rice,2024,4,2024-04-01,Naanpara APMC,2068.2,naanpara,Bahraich
Uttar Pradesh,Rice,2024,4,2024-04-01,Naugarh APMC,2210.6,naugarh,Siddharthnagar
Uttar Pradesh,Rice,2024,4,2024-04-01,Nautnava APMC,2173.03,nautnava,Maharajganj
Uttar Pradesh,Rice,2024,4,2024-04-01,Nawabganj APMC,2166.61,nawabganj,Gonda
Uttar Pradesh,Rice,2024,4,2024-04-01,Paliakala APMC,,paliakala,Lakhimpur Kheri
Uttar Pradesh,Rice,2024,4,2024-04-01,Panchpedwa APMC,2348.26,panchpedwa,Balrampur
Uttar Pradesh,Rice,2024,4,2024-04-01,Partaval APMC,2119.52,partaval,Mahrajganj
Uttar Pradesh,Rice,2024,4,2024-04-01,Pilibhit APMC,,pilibhit,Pilibhit
Uttar Pradesh,Rice,2024,4,2024-04-01,Pratapgarh APMC,,pratapgarh,Pratapgarh
Uttar Pradesh,Rice,2024,4,2024-04-01,Pukharayan APMC,,pukharayan,Kanpur Dehat
Uttar Pradesh,Rice,2024,4,2024-04-01,Puranpur APMC,,puranpur,Pilibhit
Uttar Pradesh,Rice,2024,4,2024-04-01,Raibareilly APMC,2273.92,raibareilly,Rae Bareli
Uttar Pradesh,Rice,2024,4,2024-04-01,Rasda APMC,,rasda,Ballia
Uttar Pradesh,Rice,2024,4,2024-04-01,Richha APMC,2208.82,richha,Bareilly
Uttar Pradesh,Rice,2024,4,2024-04-01,Robertsganj APMC,,robertsganj,Sonbhadra
Uttar Pradesh,Rice,2024,4,2024-04-01,Rura APMC,2298.33,rura,Kanpur Dehat
Uttar Pradesh,Rice,2024,4,2024-04-01,Safdarganj APMC,2129.01,safdarganj,Barabanki
Uttar Pradesh,Rice,2024,4,2024-04-01,Saharanpur APMC,,saharanpur,Saharanpur
Uttar Pradesh,Rice,2024,4,2024-04-01,Sahiyapur APMC,2199.65,sahiyapur,Siddharthnagar
Uttar Pradesh,Rice,2024,4,2024-04-01,Salon APMC,2284.26,salon,Rae Bareli
Uttar Pradesh,Rice,2024,4,2024-04-01,Sandi APMC,2171.53,sandi,Hardoi
Uttar Pradesh,Rice,2024,4,2024-04-01,Sandila APMC,2181.31,sandila,Hardoi
Uttar Pradesh,Rice,2024,4,2024-04-01,Shahabad(New Mandi) APMC,2186.81,shahabad(new mandi),Hardoi
Uttar Pradesh,Rice,2024,4,2024-04-01,Shikohabad APMC,,shikohabad,Firozabad
Uttar Pradesh,Rice,2024,4,2024-04-01,Sikarpur APMC,,sikarpur,Bulandshahar
Uttar Pradesh,Rice,2024,4,2024-04-01,Sirsa APMC,2229.97,sirsa,Gautam Buddha Nagar
Uttar Pradesh,Rice,2024,4,2024-04-01,Sitapur APMC,2137.61,sitapur,Sitapur
Uttar Pradesh,Rice,2024,4,2024-04-01,Sultanpur APMC,2140.32,sultanpur,Amethi
Uttar Pradesh,Rice,2024,4,2024-04-01,Tamkuhi road APMC,,tamkuhi road,Kushinagar
Uttar Pradesh,Rice,2024,4,2024-04-01,Tulsipur APMC,2098.6,tulsipur,Balrampur
Uttar Pradesh,Rice,2024,4,2024-04-01,Unnao APMC,,unnao,Unnao
Uttar Pradesh,Rice,2024,4,2024-04-01,Uttaripura APMC,,uttaripura,Jaunpur
Uttar Pradesh,Rice,2024,4,2024-04-01,Vilthararoad APMC,2325.0,vilthararoad,Ballia
Uttar Pradesh,Rice,2024,4,2024-04-01,Viswan APMC,2114.28,viswan,Sitapur
Uttar Pradesh,Rice,2024,4,2024-04-01,Wazirganj APMC,2408.22,wazirganj,Budaun
Uttar Pradesh,Rice,2024,5,2024-05-01,Aligarh APMC,2207.23,aligarh,Aligarh
Uttar Pradesh,Rice,2024,5,2024-05-01,Anandnagar APMC,2200.0,anandnagar,Mahrajganj
Uttar Pradesh,Rice,2024,5,2024-05-01,Anwala APMC,2340.93,anwala,Bareilly
Uttar Pradesh,Rice,2024,5,2024-05-01,Atarra APMC,,atarra,Banda
Uttar Pradesh,Rice,2024,5,2024-05-01,Ayodhya APMC,2182.09,ayodhya,Ayodhya
Uttar Pradesh,Rice,2024,5,2024-05-01,Bachranwa APMC,2417.01,bachranwa,Rae Bareli
Uttar Pradesh,Rice,2024,5,2024-05-01,Badayoun APMC,2322.99,badayoun,Budaun
Uttar Pradesh,Rice,2024,5,2024-05-01,Baheri APMC,2220.9,baheri,Bareilly
Uttar Pradesh,Rice,2024,5,2024-05-01,Bahraich APMC,2179.43,bahraich,Bahraich
Uttar Pradesh,Rice,2024,5,2024-05-01,Balrampur APMC,2138.77,balrampur,Balrampur
Uttar Pradesh,Rice,2024,5,2024-05-01,Banda APMC,2220.0,banda,Banda
Uttar Pradesh,Rice,2024,5,2024-05-01,Bangarmau APMC,2251.69,bangarmau,Unnao
Uttar Pradesh,Rice,2024,5,2024-05-01,Bansi APMC,2190.0,bansi,Siddharthnagar
Uttar Pradesh,Rice,2024,5,2024-05-01,Banthara APMC,2512.32,banthara,Lucknow
Uttar Pradesh,Rice,2024,5,2024-05-01,Bareilly APMC,2210.13,bareilly,Bareilly
Uttar Pradesh,Rice,2024,5,2024-05-01,Barhaj APMC,,barhaj,Deoria
Uttar Pradesh,Rice,2024,5,2024-05-01,Baripaal APMC,2280.0,baripaal,Jaunpur
Uttar Pradesh,Rice,2024,5,2024-05-01,Basti APMC,2190.22,basti,Basti
Uttar Pradesh,Rice,2024,5,2024-05-01,Bhinga APMC,2124.62,bhinga,Shravasti
Uttar Pradesh,Rice,2024,5,2024-05-01,Bindki APMC,2310.85,bindki,Fatehpur
Uttar Pradesh,Rice,2024,5,2024-05-01,Bisoli APMC,2236.89,bisoli,Badaun
Uttar Pradesh,Rice,2024,5,2024-05-01,Chandoli APMC,,chandoli,Chandauli
Uttar Pradesh,Rice,2024,5,2024-05-01,Chorichora APMC,2314.44,chorichora,Gorakhpur
Uttar Pradesh,Rice,2024,5,2024-05-01,Colonelganj APMC,2250.0,colonelganj,Gonda
Uttar Pradesh,Rice,2024,5,2024-05-01,Dataganj APMC,,dataganj,Badaun
Uttar Pradesh,Rice,2024,5,2024-05-01,Devariya APMC,2153.59,devariya,Deoria
Uttar Pradesh,Rice,2024,5,2024-05-01,Farukhabad APMC,,farukhabad,Farrukhabad
Uttar Pradesh,Rice,2024,5,2024-05-01,Fatehpur APMC,2228.0,fatehpur,Fatehpur
Uttar Pradesh,Rice,2024,5,2024-05-01,Golagokarnath APMC,2146.74,golagokarnath,Lalitpur
Uttar Pradesh,Rice,2024,5,2024-05-01,Gonda APMC,2163.62,gonda,Gonda
Uttar Pradesh,Rice,2024,5,2024-05-01,Gorakhpur APMC,2153.93,gorakhpur,Gorakhpur
Uttar Pradesh,Rice,2024,5,2024-05-01,Haathras APMC,2135.76,haathras,Hathras
Uttar Pradesh,Rice,2024,5,2024-05-01,Hardoi APMC,2181.19,hardoi,Hardoi
Uttar Pradesh,Rice,2024,5,2024-05-01,Jafarganj APMC,2167.35,jafarganj,Amethi
Uttar Pradesh,Rice,2024,5,2024-05-01,Jahanabad APMC,2121.85,jahanabad,Fatehpur
Uttar Pradesh,Rice,2024,5,2024-05-01,Jayas APMC,2181.64,jayas,Rae Bareli
Uttar Pradesh,Rice,2024,5,2024-05-01,Jhijhank APMC,2186.98,jhijhank,Kanpur Dehat
Uttar Pradesh,Rice,2024,5,2024-05-01,Kayamganj APMC,,kayamganj,Farrukhabad
Uttar Pradesh,Rice,2024,5,2024-05-01,Kishunpur APMC,2253.49,kishunpur,Bahraich
Uttar Pradesh,Rice,2024,5,2024-05-01,Kurara APMC,2590.91,kurara,Hamirpur
Uttar Pradesh,Rice,2024,5,2024-05-01,Lakhimpur APMC,2165.39,lakhimpur,Lalitpur
Uttar Pradesh,Rice,2024,5,2024-05-01,Lalganj APMC,2299.54,lalganj,Rae Bareli
Uttar Pradesh,Rice,2024,5,2024-05-01,Madhoganj APMC,2184.01,madhoganj,Hardoi
Uttar Pradesh,Rice,2024,5,2024-05-01,Maigalganj APMC,2184.5,maigalganj,Gorakhpur
Uttar Pradesh,Rice,2024,5,2024-05-01,Mehmoodabad APMC,2118.06,mehmoodabad,Sitapur
Uttar Pradesh,Rice,2024,5,2024-05-01,Mohammdi APMC,2148.14,mohammdi,Kheri
Uttar Pradesh,Rice,2024,5,2024-05-01,Naanpara APMC,2132.03,naanpara,Bahraich
Uttar Pradesh,Rice,2024,5,2024-05-01,Naugarh APMC,2193.06,naugarh,Siddharthnagar
Uttar Pradesh,Rice,2024,5,2024-05-01,Nautnava APMC,2182.94,nautnava,Maharajganj
Uttar Pradesh,Rice,2024,5,2024-05-01,Nawabganj APMC,2208.72,nawabganj,Gonda
Uttar Pradesh,Rice,2024,5,2024-05-01,Panchpedwa APMC,2512.26,panchpedwa,Balrampur
Uttar Pradesh,Rice,2024,5,2024-05-01,Partaval APMC,2153.97,partaval,Mahrajganj
Uttar Pradesh,Rice,2024,5,2024-05-01,Powayan APMC,2206.85,powayan,Shahjahanpur
Uttar Pradesh,Rice,2024,5,2024-05-01,Raibareilly APMC,2304.38,raibareilly,Rae Bareli
Uttar Pradesh,Rice,2024,5,2024-05-01,Richha APMC,2222.62,richha,Bareilly
Uttar Pradesh,Rice,2024,5,2024-05-01,Rura APMC,2293.43,rura,Kanpur Dehat
Uttar Pradesh,Rice,2024,5,2024-05-01,Safdarganj APMC,2150.0,safdarganj,Barabanki
Uttar Pradesh,Rice,2024,5,2024-05-01,Sahiyapur APMC,2213.95,sahiyapur,Siddharthnagar
Uttar Pradesh,Rice,2024,5,2024-05-01,Salon APMC,2330.41,salon,Rae Bareli
Uttar Pradesh,Rice,2024,5,2024-05-01,Sandi APMC,2175.1,sandi,Hardoi
Uttar Pradesh,Rice,2024,5,2024-05-01,Sandila APMC,2180.92,sandila,Hardoi
Uttar Pradesh,Rice,2024,5,2024-05-01,Shahabad(New Mandi) APMC,2185.77,shahabad(new mandi),Hardoi
Uttar Pradesh,Rice,2024,5,2024-05-01,Sirsa APMC,2295.35,sirsa,Gautam Buddha Nagar
Uttar Pradesh,Rice,2024,5,2024-05-01,Sitapur APMC,2118.11,sitapur,Sitapur
Uttar Pradesh,Rice,2024,5,2024-05-01,Sultanpur APMC,2167.2,sultanpur,Amethi
Uttar Pradesh,Rice,2024,5,2024-05-01,Tamkuhi road APMC,,tamkuhi road,Kushinagar
Uttar Pradesh,Rice,2024,5,2024-05-01,Tulsipur APMC,2144.89,tulsipur,Balrampur
Uttar Pradesh,Rice,2024,5,2024-05-01,Uttaripura APMC,,uttaripura,Jaunpur
Uttar Pradesh,Rice,2024,5,2024-05-01,Vilthararoad APMC,,vilthararoad,Ballia
Uttar Pradesh,Rice,2024,5,2024-05-01,Viswan APMC,2106.32,viswan,Sitapur
Uttar Pradesh,Rice,2024,5,2024-05-01,Wazirganj APMC,2300.0,wazirganj,Budaun
Uttar Pradesh,Rice,2024,6,2024-06-01,Aligarh APMC,,aligarh,Aligarh
Uttar Pradesh,Rice,2024,6,2024-06-01,Anandnagar APMC,,anandnagar,Mahrajganj
Uttar Pradesh,Rice,2024,6,2024-06-01,Anwala APMC,2377.51,anwala,Bareilly
Uttar Pradesh,Rice,2024,6,2024-06-01,Atarra APMC,,atarra,Banda
Uttar Pradesh,Rice,2024,6,2024-06-01,Ayodhya APMC,2207.51,ayodhya,Ayodhya
Uttar Pradesh,Rice,2024,6,2024-06-01,Babrala APMC,2240.98,babrala,Budaun
Uttar Pradesh,Rice,2024,6,2024-06-01,Bachranwa APMC,2554.26,bachranwa,Rae Bareli
Uttar Pradesh,Rice,2024,6,2024-06-01,Badayoun APMC,2310.28,badayoun,Budaun
Uttar Pradesh,Rice,2024,6,2024-06-01,Baheri APMC,2228.15,baheri,Bareilly
Uttar Pradesh,Rice,2024,6,2024-06-01,Bahraich APMC,2183.93,bahraich,Bahraich
Uttar Pradesh,Rice,2024,6,2024-06-01,Balrampur APMC,,balrampur,Balrampur
Uttar Pradesh,Rice,2024,6,2024-06-01,Banda APMC,,banda,Banda
Uttar Pradesh,Rice,2024,6,2024-06-01,Bangarmau APMC,2257.13,bangarmau,Unnao
Uttar Pradesh,Rice,2024,6,2024-06-01,Bansi APMC,,bansi,Siddharthnagar
Uttar Pradesh,Rice,2024,6,2024-06-01,Banthara APMC,2500.94,banthara,Lucknow
Uttar Pradesh,Rice,2024,6,2024-06-01,Bareilly APMC,2313.54,bareilly,Bareilly
Uttar Pradesh,Rice,2024,6,2024-06-01,Barhaj APMC,,barhaj,Deoria
Uttar Pradesh,Rice,2024,6,2024-06-01,Baripaal APMC,2223.55,baripaal,Jaunpur
Uttar Pradesh,Rice,2024,6,2024-06-01,Basti APMC,2210.44,basti,Basti
Uttar Pradesh,Rice,2024,6,2024-06-01,Bhinga APMC,2156.12,bhinga,Shravasti
Uttar Pradesh,Rice,2024,6,2024-06-01,Bilaspur APMC,1922.01,bilaspur,Rampur
Uttar Pradesh,Rice,2024,6,2024-06-01,Bindki APMC,2244.66,bindki,Fatehpur
Uttar Pradesh,Rice,2024,6,2024-06-01,Bisoli APMC,2278.74,bisoli,Badaun
Uttar Pradesh,Rice,2024,6,2024-06-01,Chandoli APMC,,chandoli,Chandauli
Uttar Pradesh,Rice,2024,6,2024-06-01,Chorichora APMC,2346.25,chorichora,Gorakhpur
Uttar Pradesh,Rice,2024,6,2024-06-01,Colonelganj APMC,,colonelganj,Gonda
Uttar Pradesh,Rice,2024,6,2024-06-01,Devariya APMC,2161.0,devariya,Deoria
Uttar Pradesh,Rice,2024,6,2024-06-01,Fatehpur APMC,2220.79,fatehpur,Fatehpur
Uttar Pradesh,Rice,2024,6,2024-06-01,Golagokarnath APMC,2187.56,golagokarnath,Lalitpur
Uttar Pradesh,Rice,2024,6,2024-06-01,Gonda APMC,2188.55,gonda,Gonda
Uttar Pradesh,Rice,2024,6,2024-06-01,Gorakhpur APMC,2156.92,gorakhpur,Gorakhpur
Uttar Pradesh,Rice,2024,6,2024-06-01,Haathras APMC,,haathras,Hathras
Uttar Pradesh,Rice,2024,6,2024-06-01,Hardoi APMC,2222.9,hardoi,Hardoi
Uttar Pradesh,Rice,2024,6,2024-06-01,Jafarganj APMC,2196.62,jafarganj,Amethi
Uttar Pradesh,Rice,2024,6,2024-06-01,Jahanabad APMC,2202.0,jahanabad,Fatehpur
Uttar Pradesh,Rice,2024,6,2024-06-01,Jayas APMC,2206.72,jayas,Rae Bareli
Uttar Pradesh,Rice,2024,6,2024-06-01,Jhijhank APMC,,jhijhank,Kanpur Dehat
Uttar Pradesh,Rice,2024,6,2024-06-01,Kishunpur APMC,2403.58,kishunpur,Bahraich
Uttar Pradesh,Rice,2024,6,2024-06-01,Kurara APMC,2100.0,kurara,Hamirpur
Uttar Pradesh,Rice,2024,6,2024-06-01,Lakhimpur APMC,2215.16,lakhimpur,Lalitpur
Uttar Pradesh,Rice,2024,6,2024-06-01,Lalganj APMC,2380.45,lalganj,Rae Bareli
Uttar Pradesh,Rice,2024,6,2024-06-01,Madhoganj APMC,2210.54,madhoganj,Hardoi
Uttar Pradesh,Rice,2024,6,2024-06-01,Maigalganj APMC,2185.0,maigalganj,Gorakhpur
Uttar Pradesh,Rice,2024,6,2024-06-01,Mehmoodabad APMC,1560.0,mehmoodabad,Sitapur
Uttar Pradesh,Rice,2024,6,2024-06-01,Mohammdi APMC,2212.98,mohammdi,Kheri
Uttar Pradesh,Rice,2024,6,2024-06-01,Naanpara APMC,2154.28,naanpara,Bahraich
Uttar Pradesh,Rice,2024,6,2024-06-01,Naugarh APMC,2196.42,naugarh,Siddharthnagar
Uttar Pradesh,Rice,2024,6,2024-06-01,Nautnava APMC,2145.0,nautnava,Maharajganj
Uttar Pradesh,Rice,2024,6,2024-06-01,Nawabganj APMC,2206.64,nawabganj,Gonda
Uttar Pradesh,Rice,2024,6,2024-06-01,Paliakala APMC,2210.0,paliakala,Lakhimpur Kheri
Uttar Pradesh,Rice,2024,6,2024-06-01,Panchpedwa APMC,2624.7,panchpedwa,Balrampur
Uttar Pradesh,Rice,2024,6,2024-06-01,Partaval APMC,2152.27,partaval,Mahrajganj
Uttar Pradesh,Rice,2024,6,2024-06-01,Powayan APMC,2265.49,powayan,Shahjahanpur
Uttar Pradesh,Rice,2024,6,2024-06-01,Raibareilly APMC,2332.29,raibareilly,Rae Bareli
Uttar Pradesh,Rice,2024,6,2024-06-01,Richha APMC,2227.55,richha,Bareilly
Uttar Pradesh,Rice,2024,6,2024-06-01,Rura APMC,2200.0,rura,Kanpur Dehat
Uttar Pradesh,Rice,2024,6,2024-06-01,Safdarganj APMC,2150.0,safdarganj,Barabanki
Uttar Pradesh,Rice,2024,6,2024-06-01,Sahiyapur APMC,2241.0,sahiyapur,Siddharthnagar
Uttar Pradesh,Rice,2024,6,2024-06-01,Salon APMC,2342.47,salon,Rae Bareli
Uttar Pradesh,Rice,2024,6,2024-06-01,Sandi APMC,2213.78,sandi,Hardoi
Uttar Pradesh,Rice,2024,6,2024-06-01,Sandila APMC,2210.44,sandila,Hardoi
Uttar Pradesh,Rice,2024,6,2024-06-01,Shahabad(New Mandi) APMC,2224.03,shahabad(new mandi),Hardoi
Uttar Pradesh,Rice,2024,6,2024-06-01,Sikarpur APMC,,sikarpur,Bulandshahar
Uttar Pradesh,Rice,2024,6,2024-06-01,Sirsa APMC,2721.61,sirsa,Gautam Buddha Nagar
Uttar Pradesh,Rice,2024,6,2024-06-01,Sitapur APMC,2159.5,sitapur,Sitapur
Uttar Pradesh,Rice,2024,6,2024-06-01,Sultanpur APMC,2195.69,sultanpur,Amethi
Uttar Pradesh,Rice,2024,6,2024-06-01,Tamkuhi road APMC,,tamkuhi road,Kushinagar
Uttar Pradesh,Rice,2024,6,2024-06-01,Tikonia APMC,,tikonia,Lakhimpur Kheri
Uttar Pradesh,Rice,2024,6,2024-06-01,Tulsipur APMC,2203.28,tulsipur,Balrampur
Uttar Pradesh,Rice,2024,6,2024-06-01,Uttaripura APMC,,uttaripura,Jaunpur
Uttar Pradesh,Rice,2024,6,2024-06-01,Viswan APMC,2149.85,viswan,Sitapur
Uttar Pradesh,Rice,2024,6,2024-06-01,Wazirganj APMC,2304.75,wazirganj,Budaun
Uttar Pradesh,Rice,2024,7,2024-07-01,Anandnagar APMC,,anandnagar,Mahrajganj
Uttar Pradesh,Rice,2024,7,2024-07-01,Anwala APMC,,anwala,Bareilly
Uttar Pradesh,Rice,2024,7,2024-07-01,Atarra APMC,,atarra,Banda
Uttar Pradesh,Rice,2024,7,2024-07-01,Ayodhya APMC,2352.6,ayodhya,Ayodhya
Uttar Pradesh,Rice,2024,7,2024-07-01,Babrala APMC,,babrala,Budaun
Uttar Pradesh,Rice,2024,7,2024-07-01,Bachranwa APMC,2664.05,bachranwa,Rae Bareli
Uttar Pradesh,Rice,2024,7,2024-07-01,Badayoun APMC,2329.45,badayoun,Budaun
Uttar Pradesh,Rice,2024,7,2024-07-01,Baheri APMC,2237.15,baheri,Bareilly
Uttar Pradesh,Rice,2024,7,2024-07-01,Bahraich APMC,2167.79,bahraich,Bahraich
Uttar Pradesh,Rice,2024,7,2024-07-01,Balrampur APMC,2198.92,balrampur,Balrampur
Uttar Pradesh,Rice,2024,7,2024-07-01,Bangarmau APMC,2241.93,bangarmau,Unnao
Uttar Pradesh,Rice,2024,7,2024-07-01,Bansi APMC,,bansi,Siddharthnagar
Uttar Pradesh,Rice,2024,7,2024-07-01,Banthara APMC,2673.48,banthara,Lucknow
Uttar Pradesh,Rice,2024,7,2024-07-01,Bareilly APMC,2290.84,bareilly,Bareilly
Uttar Pradesh,Rice,2024,7,2024-07-01,Barhaj APMC,,barhaj,Deoria
Uttar Pradesh,Rice,2024,7,2024-07-01,Baripaal APMC,2268.2,baripaal,Jaunpur
Uttar Pradesh,Rice,2024,7,2024-07-01,Basti APMC,2221.83,basti,Basti
Uttar Pradesh,Rice,2024,7,2024-07-01,Bhinga APMC,2188.99,bhinga,Shravasti
Uttar Pradesh,Rice,2024,7,2024-07-01,Bilaspur APMC,1749.98,bilaspur,Rampur
Uttar Pradesh,Rice,2024,7,2024-07-01,Bindki APMC,2246.4,bindki,Fatehpur
Uttar Pradesh,Rice,2024,7,2024-07-01,Bisoli APMC,,bisoli,Badaun
Uttar Pradesh,Rice,2024,7,2024-07-01,Chorichora APMC,2400.0,chorichora,Gorakhpur
Uttar Pradesh,Rice,2024,7,2024-07-01,Devariya APMC,2204.34,devariya,Deoria
Uttar Pradesh,Rice,2024,7,2024-07-01,Fatehpur APMC,2192.98,fatehpur,Fatehpur
Uttar Pradesh,Rice,2024,7,2024-07-01,Golagokarnath APMC,2140.45,golagokarnath,Lalitpur
Uttar Pradesh,Rice,2024,7,2024-07-01,Gonda APMC,2237.48,gonda,Gonda
Uttar Pradesh,Rice,2024,7,2024-07-01,Gorakhpur APMC,2173.2,gorakhpur,Gorakhpur
Uttar Pradesh,Rice,2024,7,2024-07-01,Hardoi APMC,2218.24,hardoi,Hardoi
Uttar Pradesh,Rice,2024,7,2024-07-01,Jafarganj APMC,2218.76,jafarganj,Amethi
Uttar Pradesh,Rice,2024,7,2024-07-01,Jahanabad APMC,,jahanabad,Fatehpur
Uttar Pradesh,Rice,2024,7,2024-07-01,Jayas APMC,2256.38,jayas,Rae Bareli
Uttar Pradesh,Rice,2024,7,2024-07-01,Kishunpur APMC,2203.49,kishunpur,Bahraich
Uttar Pradesh,Rice,2024,7,2024-07-01,Kurara APMC,2200.0,kurara,Hamirpur
Uttar Pradesh,Rice,2024,7,2024-07-01,Lakhimpur APMC,2148.98,lakhimpur,Lalitpur
Uttar Pradesh,Rice,2024,7,2024-07-01,Lalganj APMC,2368.07,lalganj,Rae Bareli
Uttar Pradesh,Rice,2024,7,2024-07-01,Madhoganj APMC,2227.13,madhoganj,Hardoi
Uttar Pradesh,Rice,2024,7,2024-07-01,Maigalganj APMC,2194.89,maigalganj,Gorakhpur
Uttar Pradesh,Rice,2024,7,2024-07-01,Mehmoodabad APMC,2166.68,mehmoodabad,Sitapur
Uttar Pradesh,Rice,2024,7,2024-07-01,Mohammdi APMC,2286.37,mohammdi,Kheri
Uttar Pradesh,Rice,2024,7,2024-07-01,Naanpara APMC,2181.12,naanpara,Bahraich
Uttar Pradesh,Rice,2024,7,2024-07-01,Naugarh APMC,2217.39,naugarh,Siddharthnagar
Uttar Pradesh,Rice,2024,7,2024-07-01,Nautnava APMC,2162.9,nautnava,Maharajganj
Uttar Pradesh,Rice,2024,7,2024-07-01,Nawabganj APMC,2308.73,nawabganj,Gonda
Uttar Pradesh,Rice,2024,7,2024-07-01,Paliakala APMC,2190.16,paliakala,Lakhimpur Kheri
Uttar Pradesh,Rice,2024,7,2024-07-01,Panchpedwa APMC,2788.88,panchpedwa,Balrampur
Uttar Pradesh,Rice,2024,7,2024-07-01,Partaval APMC,2162.82,partaval,Mahrajganj
Uttar Pradesh,Rice,2024,7,2024-07-01,Powayan APMC,,powayan,Shahjahanpur
Uttar Pradesh,Rice,2024,7,2024-07-01,Raibareilly APMC,2352.08,raibareilly,Rae Bareli
Uttar Pradesh,Rice,2024,7,2024-07-01,Richha APMC,2237.46,richha,Bareilly
Uttar Pradesh,Rice,2024,7,2024-07-01,Rura APMC,2252.94,rura,Kanpur Dehat
Uttar Pradesh,Rice,2024,7,2024-07-01,Safdarganj APMC,2150.0,safdarganj,Barabanki
Uttar Pradesh,Rice,2024,7,2024-07-01,Sahiyapur APMC,2228.06,sahiyapur,Siddharthnagar
Uttar Pradesh,Rice,2024,7,2024-07-01,Salon APMC,2372.98,salon,Rae Bareli
Uttar Pradesh,Rice,2024,7,2024-07-01,Sandi APMC,2221.03,sandi,Hardoi
Uttar Pradesh,Rice,2024,7,2024-07-01,Sandila APMC,2233.74,sandila,Hardoi
Uttar Pradesh,Rice,2024,7,2024-07-01,Shahabad(New Mandi) APMC,2236.05,shahabad(new mandi),Hardoi
Uttar Pradesh,Rice,2024,7,2024-07-01,Shahjahanpur APMC,1771.5,shahjahanpur,Shahjahanpur
Uttar Pradesh,Rice,2024,7,2024-07-01,Sirsa APMC,2626.57,sirsa,Gautam Buddha Nagar
Uttar Pradesh,Rice,2024,7,2024-07-01,Sitapur APMC,2180.13,sitapur,Sitapur
Uttar Pradesh,Rice,2024,7,2024-07-01,Sultanpur APMC,2173.78,sultanpur,Amethi
Uttar Pradesh,Rice,2024,7,2024-07-01,Tamkuhi road APMC,,tamkuhi road,Kushinagar
Uttar Pradesh,Rice,2024,7,2024-07-01,Tulsipur APMC,2241.32,tulsipur,Balrampur
Uttar Pradesh,Rice,2024,7,2024-07-01,Uttaripura APMC,,uttaripura,Jaunpur
Uttar Pradesh,Rice,2024,7,2024-07-01,Viswan APMC,2172.35,viswan,Sitapur
Uttar Pradesh,Rice,2024,7,2024-07-01,Wazirganj APMC,,wazirganj,Budaun
Uttar Pradesh,Rice,2024,8,2024-08-01,Anandnagar APMC,,anandnagar,Mahrajganj
Uttar Pradesh,Rice,2024,8,2024-08-01,Atarra APMC,,atarra,Banda
Uttar Pradesh,Rice,2024,8,2024-08-01,Ayodhya APMC,2340.36,ayodhya,Ayodhya
Uttar Pradesh,Rice,2024,8,2024-08-01,Bachranwa APMC,2798.25,bachranwa,Rae Bareli
Uttar Pradesh,Rice,2024,8,2024-08-01,Badayoun APMC,2300.0,badayoun,Budaun
Uttar Pradesh,Rice,2024,8,2024-08-01,Baheri APMC,2238.73,baheri,Bareilly
Uttar Pradesh,Rice,2024,8,2024-08-01,Bahraich APMC,2212.47,bahraich,Bahraich
Uttar Pradesh,Rice,2024,8,2024-08-01,Balrampur APMC,2229.86,balrampur,Balrampur
Uttar Pradesh,Rice,2024,8,2024-08-01,Bangarmau APMC,2209.29,bangarmau,Unnao
Uttar Pradesh,Rice,2024,8,2024-08-01,Bansi APMC,2290.0,bansi,Siddharthnagar
Uttar Pradesh,Rice,2024,8,2024-08-01,Banthara APMC,2672.49,banthara,Lucknow
Uttar Pradesh,Rice,2024,8,2024-08-01,Bareilly APMC,2133.92,bareilly,Bareilly
Uttar Pradesh,Rice,2024,8,2024-08-01,Baripaal APMC,2500.0,baripaal,Jaunpur
Uttar Pradesh,Rice,2024,8,2024-08-01,Basti APMC,2272.33,basti,Basti
Uttar Pradesh,Rice,2024,8,2024-08-01,Bhinga APMC,2226.94,bhinga,Shravasti
Uttar Pradesh,Rice,2024,8,2024-08-01,Bilaspur APMC,1747.55,bilaspur,Rampur
Uttar Pradesh,Rice,2024,8,2024-08-01,Bindki APMC,2247.23,bindki,Fatehpur
Uttar Pradesh,Rice,2024,8,2024-08-01,Chorichora APMC,2439.5,chorichora,Gorakhpur
Uttar Pradesh,Rice,2024,8,2024-08-01,Colonelganj APMC,2300.0,colonelganj,Gonda
Uttar Pradesh,Rice,2024,8,2024-08-01,Devariya APMC,2262.34,devariya,Deoria
Uttar Pradesh,Rice,2024,8,2024-08-01,Fatehpur APMC,2250.0,fatehpur,Fatehpur
Uttar Pradesh,Rice,2024,8,2024-08-01,Golagokarnath APMC,2079.78,golagokarnath,Lalitpur
Uttar Pradesh,Rice,2024,8,2024-08-01,Gonda APMC,2295.96,gonda,Gonda
Uttar Pradesh,Rice,2024,8,2024-08-01,Gorakhpur APMC,2263.06,gorakhpur,Gorakhpur
Uttar Pradesh,Rice,2024,8,2024-08-01,Hardoi APMC,2194.89,hardoi,Hardoi
Uttar Pradesh,Rice,2024,8,2024-08-01,Jafarganj APMC,2313.15,jafarganj,Amethi
Uttar Pradesh,Rice,2024,8,2024-08-01,Jahanabad APMC,2208.01,jahanabad,Fatehpur
Uttar Pradesh,Rice,2024,8,2024-08-01,Jayas APMC,2330.84,jayas,Rae Bareli
Uttar Pradesh,Rice,2024,8,2024-08-01,Kishunpur APMC,2200.0,kishunpur,Bahraich
Uttar Pradesh,Rice,2024,8,2024-08-01,Kurara APMC,1900.0,kurara,Hamirpur
Uttar Pradesh,Rice,2024,8,2024-08-01,Lakhimpur APMC,2097.43,lakhimpur,Lalitpur
Uttar Pradesh,Rice,2024,8,2024-08-01,Lalganj APMC,2367.37,lalganj,Rae Bareli
Uttar Pradesh,Rice,2024,8,2024-08-01,Madhoganj APMC,2199.45,madhoganj,Hardoi
Uttar Pradesh,Rice,2024,8,2024-08-01,Maigalganj APMC,2209.14,maigalganj,Gorakhpur
Uttar Pradesh,Rice,2024,8,2024-08-01,Mehmoodabad APMC,,mehmoodabad,Sitapur
Uttar Pradesh,Rice,2024,8,2024-08-01,Mohammdi APMC,2101.71,mohammdi,Kheri
Uttar Pradesh,Rice,2024,8,2024-08-01,Naanpara APMC,2209.95,naanpara,Bahraich
Uttar Pradesh,Rice,2024,8,2024-08-01,Naugarh APMC,2264.38,naugarh,Siddharthnagar
Uttar Pradesh,Rice,2024,8,2024-08-01,Nautnava APMC,2215.0,nautnava,Maharajganj
Uttar Pradesh,Rice,2024,8,2024-08-01,Nawabganj APMC,2303.18,nawabganj,Gonda
Uttar Pradesh,Rice,2024,8,2024-08-01,Paliakala APMC,2193.0,paliakala,Lakhimpur Kheri
Uttar Pradesh,Rice,2024,8,2024-08-01,Panchpedwa APMC,2859.67,panchpedwa,Balrampur
Uttar Pradesh,Rice,2024,8,2024-08-01,Partaval APMC,2242.56,partaval,Mahrajganj
Uttar Pradesh,Rice,2024,8,2024-08-01,Raibareilly APMC,2339.89,raibareilly,Rae Bareli
Uttar Pradesh,Rice,2024,8,2024-08-01,Richha APMC,2240.08,richha,Bareilly
Uttar Pradesh,Rice,2024,8,2024-08-01,Rura APMC,,rura,Kanpur Dehat
Uttar Pradesh,Rice,2024,8,2024-08-01,Safdarganj APMC,2150.0,safdarganj,Barabanki
Uttar Pradesh,Rice,2024,8,2024-08-01,Sahiyapur APMC,2286.26,sahiyapur,Siddharthnagar
Uttar Pradesh,Rice,2024,8,2024-08-01,Salon APMC,2363.42,salon,Rae Bareli
Uttar Pradesh,Rice,2024,8,2024-08-01,Sandi APMC,2194.16,sandi,Hardoi
Uttar Pradesh,Rice,2024,8,2024-08-01,Sandila APMC,2211.38,sandila,Hardoi
Uttar Pradesh,Rice,2024,8,2024-08-01,Shahabad(New Mandi) APMC,2200.0,shahabad(new mandi),Hardoi
Uttar Pradesh,Rice,2024,8,2024-08-01,Shahjahanpur APMC,1820.0,shahjahanpur,Shahjahanpur
Uttar Pradesh,Rice,2024,8,2024-08-01,Sirsa APMC,2250.0,sirsa,Gautam Buddha Nagar
Uttar Pradesh,Rice,2024,8,2024-08-01,Sitapur APMC,2138.03,sitapur,Sitapur
Uttar Pradesh,Rice,2024,8,2024-08-01,Sultanpur APMC,,sultanpur,Amethi
Uttar Pradesh,Rice,2024,8,2024-08-01,Tulsipur APMC,2241.51,tulsipur,Balrampur
Uttar Pradesh,Rice,2024,8,2024-08-01,Viswan APMC,2133.69,viswan,Sitapur
Uttar Pradesh,Rice,2024,9,2024-09-01,Anandnagar APMC,,anandnagar,Mahrajganj
Uttar Pradesh,Rice,2024,9,2024-09-01,Atarra APMC,,atarra,Banda
Uttar Pradesh,Rice,2024,9,2024-09-01,Ayodhya APMC,2267.79,ayodhya,Ayodhya
Uttar Pradesh,Rice,2024,9,2024-09-01,Babrala APMC,2240.0,babrala,Budaun
Uttar Pradesh,Rice,2024,9,2024-09-01,Bachranwa APMC,2398.82,bachranwa,Rae Bareli
Uttar Pradesh,Rice,2024,9,2024-09-01,Badayoun APMC,2248.26,badayoun,Budaun
Uttar Pradesh,Rice,2024,9,2024-09-01,Baheri APMC,2245.44,baheri,Bareilly
Uttar Pradesh,Rice,2024,9,2024-09-01,Bahraich APMC,2202.21,bahraich,Bahraich
Uttar Pradesh,Rice,2024,9,2024-09-01,Balrampur APMC,2197.59,balrampur,Balrampur
Uttar Pradesh,Rice,2024,9,2024-09-01,Bangarmau APMC,2206.89,bangarmau,Unnao
Uttar Pradesh,Rice,2024,9,2024-09-01,Bansi APMC,2280.0,bansi,Siddharthnagar
Uttar Pradesh,Rice,2024,9,2024-09-01,Banthara APMC,2728.06,banthara,Lucknow
Uttar Pradesh,Rice,2024,9,2024-09-01,Bareilly APMC,2142.25,bareilly,Bareilly
Uttar Pradesh,Rice,2024,9,2024-09-01,Baripaal APMC,2227.33,baripaal,Jaunpur
Uttar Pradesh,Rice,2024,9,2024-09-01,Basti APMC,2286.57,basti,Basti
Uttar Pradesh,Rice,2024,9,2024-09-01,Bhinga APMC,2198.3,bhinga,Shravasti
Uttar Pradesh,Rice,2024,9,2024-09-01,Bilaspur APMC,,bilaspur,Rampur
Uttar Pradesh,Rice,2024,9,2024-09-01,Bindki APMC,2233.88,bindki,Fatehpur
Uttar Pradesh,Rice,2024,9,2024-09-01,Bisoli APMC,2200.0,bisoli,Badaun
Uttar Pradesh,Rice,2024,9,2024-09-01,Chorichora APMC,2456.25,chorichora,Gorakhpur
Uttar Pradesh,Rice,2024,9,2024-09-01,Colonelganj APMC,2300.0,colonelganj,Gonda
Uttar Pradesh,Rice,2024,9,2024-09-01,Devariya APMC,2284.26,devariya,Deoria
Uttar Pradesh,Rice,2024,9,2024-09-01,Fatehpur APMC,,fatehpur,Fatehpur
Uttar Pradesh,Rice,2024,9,2024-09-01,Golagokarnath APMC,2169.43,golagokarnath,Lalitpur
Uttar Pradesh,Rice,2024,9,2024-09-01,Gonda APMC,2300.0,gonda,Gonda
Uttar Pradesh,Rice,2024,9,2024-09-01,Gorakhpur APMC,2282.57,gorakhpur,Gorakhpur
Uttar Pradesh,Rice,2024,9,2024-09-01,Hardoi APMC,2192.55,hardoi,Hardoi
Uttar Pradesh,Rice,2024,9,2024-09-01,Jafarganj APMC,2263.26,jafarganj,Amethi
Uttar Pradesh,Rice,2024,9,2024-09-01,Jahanabad APMC,,jahanabad,Fatehpur
Uttar Pradesh,Rice,2024,9,2024-09-01,Jayas APMC,2270.9,jayas,Rae Bareli
Uttar Pradesh,Rice,2024,9,2024-09-01,Kishunpur APMC,2200.0,kishunpur,Bahraich
Uttar Pradesh,Rice,2024,9,2024-09-01,Kurara APMC,,kurara,Hamirpur
Uttar Pradesh,Rice,2024,9,2024-09-01,Lakhimpur APMC,2178.1,lakhimpur,Lalitpur
Uttar Pradesh,Rice,2024,9,2024-09-01,Lalganj APMC,2416.29,lalganj,Rae Bareli
Uttar Pradesh,Rice,2024,9,2024-09-01,Madhoganj APMC,2204.88,madhoganj,Hardoi
Uttar Pradesh,Rice,2024,9,2024-09-01,Maigalganj APMC,2186.17,maigalganj,Gorakhpur
Uttar Pradesh,Rice,2024,9,2024-09-01,Mehmoodabad APMC,2140.0,mehmoodabad,Sitapur
Uttar Pradesh,Rice,2024,9,2024-09-01,Mohammdi APMC,2167.62,mohammdi,Kheri
Uttar Pradesh,Rice,2024,9,2024-09-01,Muskara APMC,,muskara,Mahoba
Uttar Pradesh,Rice,2024,9,2024-09-01,Naanpara APMC,2238.57,naanpara,Bahraich
Uttar Pradesh,Rice,2024,9,2024-09-01,Naugarh APMC,2272.77,naugarh,Siddharthnagar
Uttar Pradesh,Rice,2024,9,2024-09-01,Nautnava APMC,,nautnava,Maharajganj
Uttar Pradesh,Rice,2024,9,2024-09-01,Nawabganj APMC,2298.44,nawabganj,Gonda
Uttar Pradesh,Rice,2024,9,2024-09-01,Paliakala APMC,,paliakala,Lakhimpur Kheri
Uttar Pradesh,Rice,2024,9,2024-09-01,Panchpedwa APMC,2788.01,panchpedwa,Balrampur
Uttar Pradesh,Rice,2024,9,2024-09-01,Partaval APMC,2270.73,partaval,Mahrajganj
Uttar Pradesh,Rice,2024,9,2024-09-01,Pilibhit APMC,,pilibhit,Pilibhit
Uttar Pradesh,Rice,2024,9,2024-09-01,Powayan APMC,2202.11,powayan,Shahjahanpur
Uttar Pradesh,Rice,2024,9,2024-09-01,Prayagraj APMC,2308.92,prayagraj,Prayagraj
Uttar Pradesh,Rice,2024,9,2024-09-01,Puranpur APMC,,puranpur,Pilibhit
Uttar Pradesh,Rice,2024,9,2024-09-01,Raibareilly APMC,2406.64,raibareilly,Rae Bareli
Uttar Pradesh,Rice,2024,9,2024-09-01,Richha APMC,2243.61,richha,Bareilly
Uttar Pradesh,Rice,2024,9,2024-09-01,Rura APMC,,rura,Kanpur Dehat
Uttar Pradesh,Rice,2024,9,2024-09-01,Safdarganj APMC,2165.3,safdarganj,Barabanki
Uttar Pradesh,Rice,2024,9,2024-09-01,Sahiyapur APMC,2302.12,sahiyapur,Siddharthnagar
Uttar Pradesh,Rice,2024,9,2024-09-01,Salon APMC,2377.46,salon,Rae Bareli
Uttar Pradesh,Rice,2024,9,2024-09-01,Sandi APMC,2202.02,sandi,Hardoi
Uttar Pradesh,Rice,2024,9,2024-09-01,Sandila APMC,2207.48,sandila,Hardoi
Uttar Pradesh,Rice,2024,9,2024-09-01,Shahabad(New Mandi) APMC,2200.0,shahabad(new mandi),Hardoi
Uttar Pradesh,Rice,2024,9,2024-09-01,Shahjahanpur APMC,1800.0,shahjahanpur,Shahjahanpur
Uttar Pradesh,Rice,2024,9,2024-09-01,Sikarpur APMC,2365.6,sikarpur,Bulandshahar
Uttar Pradesh,Rice,2024,9,2024-09-01,Sirsa APMC,2900.0,sirsa,Gautam Buddha Nagar
Uttar Pradesh,Rice,2024,9,2024-09-01,Sitapur APMC,2150.35,sitapur,Sitapur
Uttar Pradesh,Rice,2024,9,2024-09-01,Sultanpur APMC,,sultanpur,Amethi
Uttar Pradesh,Rice,2024,9,2024-09-01,Tamkuhi road APMC,,tamkuhi road,Kushinagar
Uttar Pradesh,Rice,2024,9,2024-09-01,Tilhar APMC,2156.06,tilhar,Shahjahanpur
Uttar Pradesh,Rice,2024,9,2024-09-01,Tulsipur APMC,2246.8,tulsipur,Balrampur
Uttar Pradesh,Rice,2024,9,2024-09-01,Unnao APMC,2204.42,unnao,Unnao
Uttar Pradesh,Rice,2024,9,2024-09-01,Viswan APMC,2130.69,viswan,Sitapur
Uttar Pradesh,Rice,2024,9,2024-09-01,Wazirganj APMC,2225.0,wazirganj,Budaun
Uttar Pradesh,Rice,2024,10,2024-10-01,Aligarh APMC,2398.4,aligarh,Aligarh
Uttar Pradesh,Rice,2024,10,2024-10-01,Amroha APMC,,amroha,Amroha
Uttar Pradesh,Rice,2024,10,2024-10-01,Anandnagar APMC,,anandnagar,Mahrajganj
Uttar Pradesh,Rice,2024,10,2024-10-01,Atarra APMC,,atarra,Banda
Uttar Pradesh,Rice,2024,10,2024-10-01,Ayodhya APMC,2177.04,ayodhya,Ayodhya
Uttar Pradesh,Rice,2024,10,2024-10-01,Babrala APMC,,babrala,Budaun
Uttar Pradesh,Rice,2024,10,2024-10-01,Bachranwa APMC,2382.26,bachranwa,Rae Bareli
Uttar Pradesh,Rice,2024,10,2024-10-01,Badayoun APMC,2327.52,badayoun,Budaun
Uttar Pradesh,Rice,2024,10,2024-10-01,Badda APMC,,badda,Shahjahanpur
Uttar Pradesh,Rice,2024,10,2024-10-01,Baheri APMC,2308.33,baheri,Bareilly
Uttar Pradesh,Rice,2024,10,2024-10-01,Bahraich APMC,2040.84,bahraich,Bahraich
Uttar Pradesh,Rice,2024,10,2024-10-01,Balrampur APMC,,balrampur,Balrampur
Uttar Pradesh,Rice,2024,10,2024-10-01,Bangarmau APMC,2212.56,bangarmau,Unnao
Uttar Pradesh,Rice,2024,10,2024-10-01,Bansi APMC,2240.0,bansi,Siddharthnagar
Uttar Pradesh,Rice,2024,10,2024-10-01,Banthara APMC,2487.52,banthara,Lucknow
Uttar Pradesh,Rice,2024,10,2024-10-01,Barabanki APMC,2121.01,barabanki,Bara Banki
Uttar Pradesh,Rice,2024,10,2024-10-01,Bareilly APMC,2131.75,bareilly,Bareilly
Uttar Pradesh,Rice,2024,10,2024-10-01,Baripaal APMC,2357.0,baripaal,Jaunpur
Uttar Pradesh,Rice,2024,10,2024-10-01,Basti APMC,2242.63,basti,Basti
Uttar Pradesh,Rice,2024,10,2024-10-01,Bhinga APMC,2007.71,bhinga,Shravasti
Uttar Pradesh,Rice,2024,10,2024-10-01,Bijnaur APMC,2300.0,bijnaur,Bijnor
Uttar Pradesh,Rice,2024,10,2024-10-01,Bilaspur APMC,2162.18,bilaspur,Rampur
Uttar Pradesh,Rice,2024,10,2024-10-01,Bindki APMC,1951.94,bindki,Fatehpur
Uttar Pradesh,Rice,2024,10,2024-10-01,Bishalpur APMC,2146.96,bishalpur,Pilibhit
Uttar Pradesh,Rice,2024,10,2024-10-01,Bisoli APMC,2352.85,bisoli,Badaun
Uttar Pradesh,Rice,2024,10,2024-10-01,Chandausi APMC,2356.1,chandausi,Sambhal
Uttar Pradesh,Rice,2024,10,2024-10-01,Chorichora APMC,2422.22,chorichora,Gorakhpur
Uttar Pradesh,Rice,2024,10,2024-10-01,Choubepur APMC,2191.43,choubepur,Jaunpur
Uttar Pradesh,Rice,2024,10,2024-10-01,Colonelganj APMC,2100.0,colonelganj,Gonda
Uttar Pradesh,Rice,2024,10,2024-10-01,Dataganj APMC,2250.0,dataganj,Badaun
Uttar Pradesh,Rice,2024,10,2024-10-01,Devariya APMC,2237.13,devariya,Deoria
Uttar Pradesh,Rice,2024,10,2024-10-01,Etawah APMC,,etawah,Etawah
Uttar Pradesh,Rice,2024,10,2024-10-01,Fatehpur APMC,2038.81,fatehpur,Fatehpur
Uttar Pradesh,Rice,2024,10,2024-10-01,Golagokarnath APMC,2167.82,golagokarnath,Lalitpur
Uttar Pradesh,Rice,2024,10,2024-10-01,Gonda APMC,1991.18,gonda,Gonda
Uttar Pradesh,Rice,2024,10,2024-10-01,Gorakhpur APMC,2236.07,gorakhpur,Gorakhpur
Uttar Pradesh,Rice,2024,10,2024-10-01,Haathras APMC,2357.02,haathras,Hathras
Uttar Pradesh,Rice,2024,10,2024-10-01,Hardoi APMC,2184.02,hardoi,Hardoi
Uttar Pradesh,Rice,2024,10,2024-10-01,Jafarganj APMC,2216.31,jafarganj,Amethi
Uttar Pradesh,Rice,2024,10,2024-10-01,Jayas APMC,,jayas,Rae Bareli
Uttar Pradesh,Rice,2024,10,2024-10-01,Khaga APMC,1888.04,khaga,Fatehpur
Uttar Pradesh,Rice,2024,10,2024-10-01,Kishunpur APMC,1952.82,kishunpur,Bahraich
Uttar Pradesh,Rice,2024,10,2024-10-01,Kurara APMC,2671.3,kurara,Hamirpur
Uttar Pradesh,Rice,2024,10,2024-10-01,Lakhimpur APMC,2159.13,lakhimpur,Lalitpur
Uttar Pradesh,Rice,2024,10,2024-10-01,Lalganj APMC,2416.92,lalganj,Rae Bareli
Uttar Pradesh,Rice,2024,10,2024-10-01,Madhoganj APMC,2172.98,madhoganj,Hardoi
Uttar Pradesh,Rice,2024,10,2024-10-01,Maigalganj APMC,1937.43,maigalganj,Gorakhpur
Uttar Pradesh,Rice,2024,10,2024-10-01,Mehmoodabad APMC,,mehmoodabad,Sitapur
Uttar Pradesh,Rice,2024,10,2024-10-01,Mohammdi APMC,2171.77,mohammdi,Kheri
Uttar Pradesh,Rice,2024,10,2024-10-01,Moth APMC,,moth,Jhansi
Uttar Pradesh,Rice,2024,10,2024-10-01,Muradabad APMC,2364.92,muradabad,Sambhal
Uttar Pradesh,Rice,2024,10,2024-10-01,Naanpara APMC,2277.87,naanpara,Bahraich
Uttar Pradesh,Rice,2024,10,2024-10-01,Naugarh APMC,2251.28,naugarh,Siddharthnagar
Uttar Pradesh,Rice,2024,10,2024-10-01,Nautnava APMC,2300.0,nautnava,Maharajganj
Uttar Pradesh,Rice,2024,10,2024-10-01,Nawabganj APMC,2117.45,nawabganj,Gonda
Uttar Pradesh,Rice,2024,10,2024-10-01,Paliakala APMC,2300.73,paliakala,Lakhimpur Kheri
Uttar Pradesh,Rice,2024,10,2024-10-01,Panchpedwa APMC,2400.0,panchpedwa,Balrampur
Uttar Pradesh,Rice,2024,10,2024-10-01,Partaval APMC,2217.44,partaval,Mahrajganj
Uttar Pradesh,Rice,2024,10,2024-10-01,Pilibhit APMC,2034.74,pilibhit,Pilibhit
Uttar Pradesh,Rice,2024,10,2024-10-01,Powayan APMC,2069.51,powayan,Shahjahanpur
Uttar Pradesh,Rice,2024,10,2024-10-01,Pratapgarh APMC,,pratapgarh,Pratapgarh
Uttar Pradesh,Rice,2024,10,2024-10-01,Prayagraj APMC,2244.18,prayagraj,Prayagraj
Uttar Pradesh,Rice,2024,10,2024-10-01,Pukharayan APMC,2293.33,pukharayan,Kanpur Dehat
Uttar Pradesh,Rice,2024,10,2024-10-01,Puranpur APMC,2053.1,puranpur,Pilibhit
Uttar Pradesh,Rice,2024,10,2024-10-01,Raibareilly APMC,2400.19,raibareilly,Rae Bareli
Uttar Pradesh,Rice,2024,10,2024-10-01,Rampur APMC,2335.29,rampur,Rampur
Uttar Pradesh,Rice,2024,10,2024-10-01,Richha APMC,2316.0,richha,Bareilly
Uttar Pradesh,Rice,2024,10,2024-10-01,Rura APMC,,rura,Kanpur Dehat
Uttar Pradesh,Rice,2024,10,2024-10-01,Safdarganj APMC,2165.43,safdarganj,Barabanki
Uttar Pradesh,Rice,2024,10,2024-10-01,Saharanpur APMC,2229.62,saharanpur,Saharanpur
Uttar Pradesh,Rice,2024,10,2024-10-01,Sahiyapur APMC,2193.99,sahiyapur,Siddharthnagar
Uttar Pradesh,Rice,2024,10,2024-10-01,Salon APMC,2434.43,salon,Rae Bareli
Uttar Pradesh,Rice,2024,10,2024-10-01,Sandi APMC,2172.62,sandi,Hardoi
Uttar Pradesh,Rice,2024,10,2024-10-01,Sandila APMC,2176.23,sandila,Hardoi
Uttar Pradesh,Rice,2024,10,2024-10-01,Shahabad(New Mandi) APMC,2309.28,shahabad(new mandi),Hardoi
Uttar Pradesh,Rice,2024,10,2024-10-01,Shahjahanpur APMC,1961.9,shahjahanpur,Shahjahanpur
Uttar Pradesh,Rice,2024,10,2024-10-01,Sikarpur APMC,,sikarpur,Bulandshahar
Uttar Pradesh,Rice,2024,10,2024-10-01,Sirsa APMC,3125.78,sirsa,Gautam Buddha Nagar
Uttar Pradesh,Rice,2024,10,2024-10-01,Sitapur APMC,2173.14,sitapur,Sitapur
Uttar Pradesh,Rice,2024,10,2024-10-01,Sultanpur APMC,,sultanpur,Amethi
Uttar Pradesh,Rice,2024,10,2024-10-01,Tamkuhi road APMC,,tamkuhi road,Kushinagar
Uttar Pradesh,Rice,2024,10,2024-10-01,Tilhar APMC,2161.06,tilhar,Shahjahanpur
Uttar Pradesh,Rice,2024,10,2024-10-01,Tulsipur APMC,2145.11,tulsipur,Balrampur
Uttar Pradesh,Rice,2024,10,2024-10-01,Unnao APMC,2299.54,unnao,Unnao
Uttar Pradesh,Rice,2024,10,2024-10-01,Vilthararoad APMC,2395.0,vilthararoad,Ballia
Uttar Pradesh,Rice,2024,10,2024-10-01,Viswan APMC,2160.62,viswan,Sitapur
Uttar Pradesh,Rice,2024,10,2024-10-01,Wazirganj APMC,2344.12,wazirganj,Budaun
Uttar Pradesh,Rice,2024,11,2024-11-01,Achalda APMC,2057.86,achalda,Auraiya
Uttar Pradesh,Rice,2024,11,2024-11-01,Ahirora APMC,2379.94,ahirora,Mirzapur
Uttar Pradesh,Rice,2024,11,2024-11-01,Akbarpur APMC,2238.91,akbarpur,Ambedkarnagar
Uttar Pradesh,Rice,2024,11,2024-11-01,Aligarh APMC,2373.71,aligarh,Aligarh
Uttar Pradesh,Rice,2024,11,2024-11-01,Amroha APMC,,amroha,Amroha
Uttar Pradesh,Rice,2024,11,2024-11-01,Anandnagar APMC,2325.15,anandnagar,Mahrajganj
Uttar Pradesh,Rice,2024,11,2024-11-01,Auraiya APMC,2053.23,auraiya,Auraiya
Uttar Pradesh,Rice,2024,11,2024-11-01,Ayodhya APMC,2175.3,ayodhya,Ayodhya
Uttar Pradesh,Rice,2024,11,2024-11-01,Azamgarh APMC,2300.0,azamgarh,Azamgarh
Uttar Pradesh,Rice,2024,11,2024-11-01,Babrala APMC,,babrala,Budaun
Uttar Pradesh,Rice,2024,11,2024-11-01,Bachranwa APMC,2306.68,bachranwa,Rae Bareli
Uttar Pradesh,Rice,2024,11,2024-11-01,Badayoun APMC,2325.79,badayoun,Budaun
Uttar Pradesh,Rice,2024,11,2024-11-01,Badda APMC,,badda,Shahjahanpur
Uttar Pradesh,Rice,2024,11,2024-11-01,Baheri APMC,2318.18,baheri,Bareilly
Uttar Pradesh,Rice,2024,11,2024-11-01,Bahraich APMC,2288.74,bahraich,Bahraich
Uttar Pradesh,Rice,2024,11,2024-11-01,Ballia APMC,,ballia,Ballia
Uttar Pradesh,Rice,2024,11,2024-11-01,Balrampur APMC,2200.0,balrampur,Balrampur
Uttar Pradesh,Rice,2024,11,2024-11-01,Banda APMC,2300.0,banda,Banda
Uttar Pradesh,Rice,2024,11,2024-11-01,Bangarmau APMC,2184.73,bangarmau,Unnao
Uttar Pradesh,Rice,2024,11,2024-11-01,Bansi APMC,,bansi,Siddharthnagar
Uttar Pradesh,Rice,2024,11,2024-11-01,Banthara APMC,2509.95,banthara,Lucknow
Uttar Pradesh,Rice,2024,11,2024-11-01,Barabanki APMC,2217.55,barabanki,Bara Banki
Uttar Pradesh,Rice,2024,11,2024-11-01,Bareilly APMC,2321.18,bareilly,Bareilly
Uttar Pradesh,Rice,2024,11,2024-11-01,Baripaal APMC,2486.18,baripaal,Jaunpur
Uttar Pradesh,Rice,2024,11,2024-11-01,Basti APMC,2300.0,basti,Basti
Uttar Pradesh,Rice,2024,11,2024-11-01,Bharuasumerpur APMC,,bharuasumerpur,Hamirpur
Uttar Pradesh,Rice,2024,11,2024-11-01,Bhinga APMC,2263.5,bhinga,Shravasti
Uttar Pradesh,Rice,2024,11,2024-11-01,Bijnaur APMC,2300.0,bijnaur,Bijnor
Uttar Pradesh,Rice,2024,11,2024-11-01,Bilaspur APMC,2374.58,bilaspur,Rampur
Uttar Pradesh,Rice,2024,11,2024-11-01,Bindki APMC,2064.83,bindki,Fatehpur
Uttar Pradesh,Rice,2024,11,2024-11-01,Bishalpur APMC,2255.19,bishalpur,Pilibhit
Uttar Pradesh,Rice,2024,11,2024-11-01,Bisoli APMC,2341.25,bisoli,Badaun
Uttar Pradesh,Rice,2024,11,2024-11-01,Chandausi APMC,2330.4,chandausi,Sambhal
Uttar Pradesh,Rice,2024,11,2024-11-01,Chandoli APMC,2300.0,chandoli,Chandauli
Uttar Pradesh,Rice,2024,11,2024-11-01,Chhibramau APMC,2300.0,chhibramau,Kannauj
Uttar Pradesh,Rice,2024,11,2024-11-01,Chorichora APMC,2350.0,chorichora,Gorakhpur
Uttar Pradesh,Rice,2024,11,2024-11-01,Choubepur APMC,2300.0,choubepur,Jaunpur
Uttar Pradesh,Rice,2024,11,2024-11-01,Colonelganj APMC,2303.25,colonelganj,Gonda
Uttar Pradesh,Rice,2024,11,2024-11-01,Dataganj APMC,2250.0,dataganj,Badaun
Uttar Pradesh,Rice,2024,11,2024-11-01,Devariya APMC,2300.0,devariya,Deoria
Uttar Pradesh,Rice,2024,11,2024-11-01,Doharighat APMC,2337.12,doharighat,Azamgarh
Uttar Pradesh,Rice,2024,11,2024-11-01,Farukhabad APMC,2300.0,farukhabad,Farrukhabad
Uttar Pradesh,Rice,2024,11,2024-11-01,Fatehpur APMC,2147.98,fatehpur,Fatehpur
Uttar Pradesh,Rice,2024,11,2024-11-01,Golagokarnath APMC,2205.8,golagokarnath,Lalitpur
Uttar Pradesh,Rice,2024,11,2024-11-01,Gonda APMC,2151.76,gonda,Gonda
Uttar Pradesh,Rice,2024,11,2024-11-01,Gopiganj APMC,2300.0,gopiganj,Bhadohi
Uttar Pradesh,Rice,2024,11,2024-11-01,Gorakhpur APMC,2300.0,gorakhpur,Gorakhpur
Uttar Pradesh,Rice,2024,11,2024-11-01,Haathras APMC,,haathras,Hathras
Uttar Pradesh,Rice,2024,11,2024-11-01,Hardoi APMC,2120.77,hardoi,Hardoi
Uttar Pradesh,Rice,2024,11,2024-11-01,Jafarganj APMC,2300.0,jafarganj,Amethi
Uttar Pradesh,Rice,2024,11,2024-11-01,Jahanabad APMC,2305.0,jahanabad,Fatehpur
Uttar Pradesh,Rice,2024,11,2024-11-01,Jasvantnagar APMC,2361.97,jasvantnagar,Etawah
Uttar Pradesh,Rice,2024,11,2024-11-01,Jaunpur APMC,2300.0,jaunpur,Jaunpur
Uttar Pradesh,Rice,2024,11,2024-11-01,Jayas APMC,,jayas,Rae Bareli
Uttar Pradesh,Rice,2024,11,2024-11-01,Jhijhank APMC,,jhijhank,Kanpur Dehat
Uttar Pradesh,Rice,2024,11,2024-11-01,Kamlaganj APMC,2300.0,kamlaganj,Farrukhabad
Uttar Pradesh,Rice,2024,11,2024-11-01,Kannauj APMC,2300.0,kannauj,Kannauj
Uttar Pradesh,Rice,2024,11,2024-11-01,Kayamganj APMC,2458.12,kayamganj,Farrukhabad
Uttar Pradesh,Rice,2024,11,2024-11-01,Khaga APMC,1917.3,khaga,Fatehpur
Uttar Pradesh,Rice,2024,11,2024-11-01,Kishunpur APMC,2149.25,kishunpur,Bahraich
Uttar Pradesh,Rice,2024,11,2024-11-01,Kopaganj APMC,,kopaganj,
Uttar Pradesh,Rice,2024,11,2024-11-01,Kurara APMC,2583.84,kurara,Hamirpur
Uttar Pradesh,Rice,2024,11,2024-11-01,Lakhimpur APMC,2164.04,lakhimpur,Lalitpur
Uttar Pradesh,Rice,2024,11,2024-11-01,Lalganj APMC,2300.0,lalganj,Rae Bareli
Uttar Pradesh,Rice,2024,11,2024-11-01,Lediyari APMC,2350.0,lediyari,Prayagraj
Uttar Pradesh,Rice,2024,11,2024-11-01,Lucknow APMC,2140.19,lucknow,Lucknow
Uttar Pradesh,Rice,2024,11,2024-11-01,Madhoganj APMC,2144.46,madhoganj,Hardoi
Uttar Pradesh,Rice,2024,11,2024-11-01,Maigalganj APMC,2255.37,maigalganj,Gorakhpur
Uttar Pradesh,Rice,2024,11,2024-11-01,Mathura APMC,2300.0,mathura,Mathura
Uttar Pradesh,Rice,2024,11,2024-11-01,Mehmoodabad APMC,,mehmoodabad,Sitapur
Uttar Pradesh,Rice,2024,11,2024-11-01,Mirzapur APMC,2300.0,mirzapur,Mirzapur
Uttar Pradesh,Rice,2024,11,2024-11-01,Mohamadabad APMC,2300.0,mohamadabad,Farrukhabad
Uttar Pradesh,Rice,2024,11,2024-11-01,Mohammdi APMC,2151.44,mohammdi,Kheri
Uttar Pradesh,Rice,2024,11,2024-11-01,Moth APMC,2339.13,moth,Jhansi
Uttar Pradesh,Rice,2024,11,2024-11-01,Mugrabaadshahpur APMC,2300.0,mugrabaadshahpur,Jaunpur
Uttar Pradesh,Rice,2024,11,2024-11-01,Muradabad APMC,2347.96,muradabad,Sambhal
Uttar Pradesh,Rice,2024,11,2024-11-01,Naanpara APMC,,naanpara,Bahraich
Uttar Pradesh,Rice,2024,11,2024-11-01,Naugarh APMC,2300.0,naugarh,Siddharthnagar
Uttar Pradesh,Rice,2024,11,2024-11-01,Nautnava APMC,2300.0,nautnava,Maharajganj
Uttar Pradesh,Rice,2024,11,2024-11-01,Nawabganj APMC,2276.3,nawabganj,Gonda
Uttar Pradesh,Rice,2024,11,2024-11-01,Orai APMC,2410.0,orai,Jalaun
Uttar Pradesh,Rice,2024,11,2024-11-01,Paliakala APMC,2300.0,paliakala,Lakhimpur Kheri
Uttar Pradesh,Rice,2024,11,2024-11-01,Panchpedwa APMC,2400.0,panchpedwa,Balrampur
Uttar Pradesh,Rice,2024,11,2024-11-01,Partaval APMC,2300.13,partaval,Mahrajganj
Uttar Pradesh,Rice,2024,11,2024-11-01,Pilibhit APMC,2257.23,pilibhit,Pilibhit
Uttar Pradesh,Rice,2024,11,2024-11-01,Powayan APMC,2163.19,powayan,Shahjahanpur
Uttar Pradesh,Rice,2024,11,2024-11-01,Pratapgarh APMC,2154.27,pratapgarh,Pratapgarh
Uttar Pradesh,Rice,2024,11,2024-11-01,Prayagraj APMC,2069.56,prayagraj,Prayagraj
Uttar Pradesh,Rice,2024,11,2024-11-01,Pukharayan APMC,2303.14,pukharayan,Kanpur Dehat
Uttar Pradesh,Rice,2024,11,2024-11-01,Puranpur APMC,2237.63,puranpur,Pilibhit
Uttar Pradesh,Rice,2024,11,2024-11-01,Raibareilly APMC,2300.0,raibareilly,Rae Bareli
Uttar Pradesh,Rice,2024,11,2024-11-01,Rampur APMC,2350.0,rampur,Rampur
Uttar Pradesh,Rice,2024,11,2024-11-01,Richha APMC,2319.74,richha,Bareilly
Uttar Pradesh,Rice,2024,11,2024-11-01,Rudauli APMC,2250.0,rudauli,Ayodhya
Uttar Pradesh,Rice,2024,11,2024-11-01,Rura APMC,,rura,Kanpur Dehat
Uttar Pradesh,Rice,2024,11,2024-11-01,Safdarganj APMC,2162.28,safdarganj,Barabanki
Uttar Pradesh,Rice,2024,11,2024-11-01,Saharanpur APMC,2324.42,saharanpur,Saharanpur
Uttar Pradesh,Rice,2024,11,2024-11-01,Sahiyapur APMC,2300.01,sahiyapur,Siddharthnagar
Uttar Pradesh,Rice,2024,11,2024-11-01,Salon APMC,2304.03,salon,Rae Bareli
Uttar Pradesh,Rice,2024,11,2024-11-01,Sandi APMC,2130.69,sandi,Hardoi
Uttar Pradesh,Rice,2024,11,2024-11-01,Sandila APMC,2166.95,sandila,Hardoi
Uttar Pradesh,Rice,2024,11,2024-11-01,Shahabad(New Mandi) APMC,2090.97,shahabad(new mandi),Hardoi
Uttar Pradesh,Rice,2024,11,2024-11-01,Shahganj APMC,2300.77,shahganj,Jaunpur
Uttar Pradesh,Rice,2024,11,2024-11-01,Shahjahanpur APMC,2008.2,shahjahanpur,Shahjahanpur
Uttar Pradesh,Rice,2024,11,2024-11-01,Sirsa APMC,,sirsa,Gautam Buddha Nagar
Uttar Pradesh,Rice,2024,11,2024-11-01,Sitapur APMC,2141.03,sitapur,Sitapur
Uttar Pradesh,Rice,2024,11,2024-11-01,Sultanpur APMC,2282.64,sultanpur,Amethi
Uttar Pradesh,Rice,2024,11,2024-11-01,Tamkuhi road APMC,,tamkuhi road,Kushinagar
Uttar Pradesh,Rice,2024,11,2024-11-01,Tikonia APMC,,tikonia,Lakhimpur Kheri
Uttar Pradesh,Rice,2024,11,2024-11-01,Tilhar APMC,2286.91,tilhar,Shahjahanpur
Uttar Pradesh,Rice,2024,11,2024-11-01,Tulsipur APMC,2183.66,tulsipur,Balrampur
Uttar Pradesh,Rice,2024,11,2024-11-01,Unnao APMC,2300.0,unnao,Unnao
Uttar Pradesh,Rice,2024,11,2024-11-01,Uttaripura APMC,2300.0,uttaripura,Jaunpur
Uttar Pradesh,Rice,2024,11,2024-11-01,Varanasi APMC,,varanasi,Varanasi
Uttar Pradesh,Rice,2024,11,2024-11-01,Vilthararoad APMC,2370.0,vilthararoad,Ballia
Uttar Pradesh,Rice,2024,11,2024-11-01,Viswan APMC,2120.08,viswan,Sitapur
Uttar Pradesh,Rice,2024,11,2024-11-01,Wazirganj APMC,2301.21,wazirganj,Budaun
Uttar Pradesh,Rice,2024,12,2024-12-01,Achalda APMC,2318.26,achalda,Auraiya
Uttar Pradesh,Rice,2024,12,2024-12-01,Ahirora APMC,2307.92,ahirora,Mirzapur
Uttar Pradesh,Rice,2024,12,2024-12-01,Akbarpur APMC,2212.47,akbarpur,Ambedkarnagar
Uttar Pradesh,Rice,2024,12,2024-12-01,Aligarh APMC,2309.41,aligarh,Aligarh
Uttar Pradesh,Rice,2024,12,2024-12-01,Amroha APMC,,amroha,Amroha
Uttar Pradesh,Rice,2024,12,2024-12-01,Anandnagar APMC,2328.91,anandnagar,Mahrajganj
Uttar Pradesh,Rice,2024,12,2024-12-01,Auraiya APMC,2132.87,auraiya,Auraiya
Uttar Pradesh,Rice,2024,12,2024-12-01,Ayodhya APMC,2184.26,ayodhya,Ayodhya
Uttar Pradesh,Rice,2024,12,2024-12-01,Azamgarh APMC,2300.0,azamgarh,Azamgarh
Uttar Pradesh,Rice,2024,12,2024-12-01,Bachranwa APMC,2309.12,bachranwa,Rae Bareli
Uttar Pradesh,Rice,2024,12,2024-12-01,Badayoun APMC,2324.95,badayoun,Budaun
Uttar Pradesh,Rice,2024,12,2024-12-01,Baheri APMC,2320.71,baheri,Bareilly
Uttar Pradesh,Rice,2024,12,2024-12-01,Bahraich APMC,2300.0,bahraich,Bahraich
Uttar Pradesh,Rice,2024,12,2024-12-01,Ballia APMC,,ballia,Ballia
Uttar Pradesh,Rice,2024,12,2024-12-01,Balrampur APMC,,balrampur,Balrampur
Uttar Pradesh,Rice,2024,12,2024-12-01,Banda APMC,2300.0,banda,Banda
Uttar Pradesh,Rice,2024,12,2024-12-01,Bangarmau APMC,2213.28,bangarmau,Unnao
Uttar Pradesh,Rice,2024,12,2024-12-01,Bansi APMC,,bansi,Siddharthnagar
Uttar Pradesh,Rice,2024,12,2024-12-01,Banthara APMC,2543.78,banthara,Lucknow
Uttar Pradesh,Rice,2024,12,2024-12-01,Barabanki APMC,2278.57,barabanki,Bara Banki
Uttar Pradesh,Rice,2024,12,2024-12-01,Bareilly APMC,2316.81,bareilly,Bareilly
Uttar Pradesh,Rice,2024,12,2024-12-01,Baripaal APMC,2447.64,baripaal,Jaunpur
Uttar Pradesh,Rice,2024,12,2024-12-01,Basti APMC,2305.16,basti,Basti
Uttar Pradesh,Rice,2024,12,2024-12-01,Bharuasumerpur APMC,2300.0,bharuasumerpur,Hamirpur
Uttar Pradesh,Rice,2024,12,2024-12-01,Bhinga APMC,2300.0,bhinga,Shravasti
Uttar Pradesh,Rice,2024,12,2024-12-01,Bijnaur APMC,2300.0,bijnaur,Bijnor
Uttar Pradesh,Rice,2024,12,2024-12-01,Bilaspur APMC,2362.8,bilaspur,Rampur
Uttar Pradesh,Rice,2024,12,2024-12-01,Bindki APMC,2106.79,bindki,Fatehpur
Uttar Pradesh,Rice,2024,12,2024-12-01,Bishalpur APMC,2283.31,bishalpur,Pilibhit
Uttar Pradesh,Rice,2024,12,2024-12-01,Bisoli APMC,2342.94,bisoli,Badaun
Uttar Pradesh,Rice,2024,12,2024-12-01,Chandausi APMC,2326.67,chandausi,Sambhal
Uttar Pradesh,Rice,2024,12,2024-12-01,Chandoli APMC,2300.0,chandoli,Chandauli
Uttar Pradesh,Rice,2024,12,2024-12-01,Chhibramau APMC,2300.0,chhibramau,Kannauj
Uttar Pradesh,Rice,2024,12,2024-12-01,Chorichora APMC,2373.08,chorichora,Gorakhpur
Uttar Pradesh,Rice,2024,12,2024-12-01,Choubepur APMC,2300.0,choubepur,Jaunpur
Uttar Pradesh,Rice,2024,12,2024-12-01,Colonelganj APMC,2300.49,colonelganj,Gonda
Uttar Pradesh,Rice,2024,12,2024-12-01,Dataganj APMC,2198.19,dataganj,Badaun
Uttar Pradesh,Rice,2024,12,2024-12-01,Devariya APMC,2300.0,devariya,Deoria
Uttar Pradesh,Rice,2024,12,2024-12-01,Doharighat APMC,2327.53,doharighat,Azamgarh
Uttar Pradesh,Rice,2024,12,2024-12-01,Etah APMC,,etah,Etah
Uttar Pradesh,Rice,2024,12,2024-12-01,Farukhabad APMC,2300.52,farukhabad,Farrukhabad
Uttar Pradesh,Rice,2024,12,2024-12-01,Fatehpur APMC,2182.75,fatehpur,Fatehpur
Uttar Pradesh,Rice,2024,12,2024-12-01,Golagokarnath APMC,2212.0,golagokarnath,Lalitpur
Uttar Pradesh,Rice,2024,12,2024-12-01,Gonda APMC,2170.6,gonda,Gonda
Uttar Pradesh,Rice,2024,12,2024-12-01,Gopiganj APMC,2300.0,gopiganj,Bhadohi
Uttar Pradesh,Rice,2024,12,2024-12-01,Gorakhpur APMC,2300.0,gorakhpur,Gorakhpur
Uttar Pradesh,Rice,2024,12,2024-12-01,Haathras APMC,,haathras,Hathras
Uttar Pradesh,Rice,2024,12,2024-12-01,Hardoi APMC,2205.04,hardoi,Hardoi
Uttar Pradesh,Rice,2024,12,2024-12-01,Jafarganj APMC,2300.0,jafarganj,Amethi
Uttar Pradesh,Rice,2024,12,2024-12-01,Jahanabad APMC,,jahanabad,Fatehpur
Uttar Pradesh,Rice,2024,12,2024-12-01,Jasvantnagar APMC,2357.88,jasvantnagar,Etawah
Uttar Pradesh,Rice,2024,12,2024-12-01,Jaunpur APMC,2300.0,jaunpur,Jaunpur
Uttar Pradesh,Rice,2024,12,2024-12-01,Jayas APMC,,jayas,Rae Bareli
Uttar Pradesh,Rice,2024,12,2024-12-01,Jhijhank APMC,,jhijhank,Kanpur Dehat
Uttar Pradesh,Rice,2024,12,2024-12-01,Kamlaganj APMC,2300.0,kamlaganj,Farrukhabad
Uttar Pradesh,Rice,2024,12,2024-12-01,Kannauj APMC,2300.0,kannauj,Kannauj
Uttar Pradesh,Rice,2024,12,2024-12-01,Karvi APMC,,karvi,Chitrakoot
Uttar Pradesh,Rice,2024,12,2024-12-01,Kayamganj APMC,2474.87,kayamganj,Farrukhabad
Uttar Pradesh,Rice,2024,12,2024-12-01,Khaga APMC,1990.04,khaga,Fatehpur
Uttar Pradesh,Rice,2024,12,2024-12-01,Kishunpur APMC,2222.2,kishunpur,Bahraich
Uttar Pradesh,Rice,2024,12,2024-12-01,Kopaganj APMC,2300.0,kopaganj,
Uttar Pradesh,Rice,2024,12,2024-12-01,Kurara APMC,2675.53,kurara,Hamirpur
Uttar Pradesh,Rice,2024,12,2024-12-01,Lakhimpur APMC,2204.62,lakhimpur,Lalitpur
Uttar Pradesh,Rice,2024,12,2024-12-01,Lalganj APMC,2300.39,lalganj,Rae Bareli
Uttar Pradesh,Rice,2024,12,2024-12-01,Lediyari APMC,2354.61,lediyari,Prayagraj
Uttar Pradesh,Rice,2024,12,2024-12-01,Lucknow APMC,2229.25,lucknow,Lucknow
Uttar Pradesh,Rice,2024,12,2024-12-01,Madhoganj APMC,2208.86,madhoganj,Hardoi
Uttar Pradesh,Rice,2024,12,2024-12-01,Maigalganj APMC,2279.79,maigalganj,Gorakhpur
Uttar Pradesh,Rice,2024,12,2024-12-01,Mainpuri APMC,,mainpuri,Mainpuri
Uttar Pradesh,Rice,2024,12,2024-12-01,Mathura APMC,,mathura,Mathura
Uttar Pradesh,Rice,2024,12,2024-12-01,Mehmoodabad APMC,,mehmoodabad,Sitapur
Uttar Pradesh,Rice,2024,12,2024-12-01,Mirzapur APMC,2300.0,mirzapur,Mirzapur
Uttar Pradesh,Rice,2024,12,2024-12-01,Mohamadabad APMC,2300.0,mohamadabad,Farrukhabad
Uttar Pradesh,Rice,2024,12,2024-12-01,Mohammdi APMC,2186.9,mohammdi,Kheri
Uttar Pradesh,Rice,2024,12,2024-12-01,Moth APMC,,moth,Jhansi
Uttar Pradesh,Rice,2024,12,2024-12-01,Mugrabaadshahpur APMC,2300.0,mugrabaadshahpur,Jaunpur
Uttar Pradesh,Rice,2024,12,2024-12-01,Muradabad APMC,2348.34,muradabad,Sambhal
Uttar Pradesh,Rice,2024,12,2024-12-01,Naanpara APMC,2300.0,naanpara,Bahraich
Uttar Pradesh,Rice,2024,12,2024-12-01,Naugarh APMC,2300.0,naugarh,Siddharthnagar
Uttar Pradesh,Rice,2024,12,2024-12-01,Nautnava APMC,2300.0,nautnava,Maharajganj
Uttar Pradesh,Rice,2024,12,2024-12-01,Nawabganj APMC,2256.42,nawabganj,Gonda
Uttar Pradesh,Rice,2024,12,2024-12-01,Orai APMC,,orai,Jalaun
Uttar Pradesh,Rice,2024,12,2024-12-01,Paliakala APMC,2300.0,paliakala,Lakhimpur Kheri
Uttar Pradesh,Rice,2024,12,2024-12-01,Panchpedwa APMC,2400.0,panchpedwa,Balrampur
Uttar Pradesh,Rice,2024,12,2024-12-01,Partaval APMC,2300.0,partaval,Mahrajganj
Uttar Pradesh,Rice,2024,12,2024-12-01,Pilibhit APMC,2294.2,pilibhit,Pilibhit
Uttar Pradesh,Rice,2024,12,2024-12-01,Powayan APMC,2261.35,powayan,Shahjahanpur
Uttar Pradesh,Rice,2024,12,2024-12-01,Pratapgarh APMC,2294.0,pratapgarh,Pratapgarh
Uttar Pradesh,Rice,2024,12,2024-12-01,Prayagraj APMC,2255.4,prayagraj,Prayagraj
Uttar Pradesh,Rice,2024,12,2024-12-01,Pukharayan APMC,2308.79,pukharayan,Kanpur Dehat
Uttar Pradesh,Rice,2024,12,2024-12-01,Puranpur APMC,2298.64,puranpur,Pilibhit
Uttar Pradesh,Rice,2024,12,2024-12-01,Purwa APMC,3170.0,purwa,Unnao
Uttar Pradesh,Rice,2024,12,2024-12-01,Raibareilly APMC,2300.0,raibareilly,Rae Bareli
Uttar Pradesh,Rice,2024,12,2024-12-01,Rampur APMC,2348.53,rampur,Rampur
Uttar Pradesh,Rice,2024,12,2024-12-01,Rasda APMC,,rasda,Ballia
Uttar Pradesh,Rice,2024,12,2024-12-01,Richha APMC,2323.3,richha,Bareilly
Uttar Pradesh,Rice,2024,12,2024-12-01,Robertsganj APMC,,robertsganj,Sonbhadra
Uttar Pradesh,Rice,2024,12,2024-12-01,Rudauli APMC,2300.0,rudauli,Ayodhya
Uttar Pradesh,Rice,2024,12,2024-12-01,Rura APMC,2350.0,rura,Kanpur Dehat
Uttar Pradesh,Rice,2024,12,2024-12-01,Safdarganj APMC,2248.85,safdarganj,Barabanki
Uttar Pradesh,Rice,2024,12,2024-12-01,Saharanpur APMC,2325.0,saharanpur,Saharanpur
Uttar Pradesh,Rice,2024,12,2024-12-01,Sahiyapur APMC,2300.0,sahiyapur,Siddharthnagar
Uttar Pradesh,Rice,2024,12,2024-12-01,Salon APMC,2300.57,salon,Rae Bareli
Uttar Pradesh,Rice,2024,12,2024-12-01,Sandi APMC,2213.77,sandi,Hardoi
Uttar Pradesh,Rice,2024,12,2024-12-01,Sandila APMC,2217.43,sandila,Hardoi
Uttar Pradesh,Rice,2024,12,2024-12-01,Sehjanwa APMC,,sehjanwa,Gorakhpur
Uttar Pradesh,Rice,2024,12,2024-12-01,Shahabad(New Mandi) APMC,2150.83,shahabad(new mandi),Hardoi
Uttar Pradesh,Rice,2024,12,2024-12-01,Shahganj APMC,2300.35,shahganj,Jaunpur
Uttar Pradesh,Rice,2024,12,2024-12-01,Shahjahanpur APMC,2191.88,shahjahanpur,Shahjahanpur
Uttar Pradesh,Rice,2024,12,2024-12-01,Sikarpur APMC,2541.0,sikarpur,Bulandshahar
Uttar Pradesh,Rice,2024,12,2024-12-01,Sirsa APMC,,sirsa,Gautam Buddha Nagar
Uttar Pradesh,Rice,2024,12,2024-12-01,Sitapur APMC,2215.92,sitapur,Sitapur
Uttar Pradesh,Rice,2024,12,2024-12-01,Sultanpur APMC,2300.0,sultanpur,Amethi
Uttar Pradesh,Rice,2024,12,2024-12-01,Tamkuhi road APMC,,tamkuhi road,Kushinagar
Uttar Pradesh,Rice,2024,12,2024-12-01,Tilhar APMC,2294.69,tilhar,Shahjahanpur
Uttar Pradesh,Rice,2024,12,2024-12-01,Tulsipur APMC,2272.17,tulsipur,Balrampur
Uttar Pradesh,Rice,2024,12,2024-12-01,Unnao APMC,2307.96,unnao,Unnao
Uttar Pradesh,Rice,2024,12,2024-12-01,Uttaripura APMC,2300.0,uttaripura,Jaunpur
Uttar Pradesh,Rice,2024,12,2024-12-01,Varanasi APMC,,varanasi,Varanasi
Uttar Pradesh,Rice,2024,12,2024-12-01,Vilthararoad APMC,2350.0,vilthararoad,Ballia
Uttar Pradesh,Rice,2024,12,2024-12-01,Viswan APMC,2197.77,viswan,Sitapur
Uttar Pradesh,Rice,2024,12,2024-12-01,Wazirganj APMC,2300.0,wazirganj,Budaun
Uttar Pradesh,Rice,2025,1,2025-01-01,Achalda APMC,2304.9,achalda,Auraiya
Uttar Pradesh,Rice,2025,1,2025-01-01,Ahirora APMC,2295.05,ahirora,Mirzapur
Uttar Pradesh,Rice,2025,1,2025-01-01,Akbarpur APMC,2218.28,akbarpur,Ambedkarnagar
Uttar Pradesh,Rice,2025,1,2025-01-01,Aligarh APMC,2253.88,aligarh,Aligarh
Uttar Pradesh,Rice,2025,1,2025-01-01,Amroha APMC,,amroha,Amroha
Uttar Pradesh,Rice,2025,1,2025-01-01,Anandnagar APMC,2331.64,anandnagar,Mahrajganj
Uttar Pradesh,Rice,2025,1,2025-01-01,Auraiya APMC,2300.0,auraiya,Auraiya
Uttar Pradesh,Rice,2025,1,2025-01-01,Ayodhya APMC,2214.94,ayodhya,Ayodhya
Uttar Pradesh,Rice,2025,1,2025-01-01,Azamgarh APMC,2300.0,azamgarh,Azamgarh
Uttar Pradesh,Rice,2025,1,2025-01-01,Bachranwa APMC,2310.0,bachranwa,Rae Bareli
Uttar Pradesh,Rice,2025,1,2025-01-01,Badayoun APMC,2318.26,badayoun,Budaun
Uttar Pradesh,Rice,2025,1,2025-01-01,Badda APMC,,badda,Shahjahanpur
Uttar Pradesh,Rice,2025,1,2025-01-01,Baheri APMC,2303.78,baheri,Bareilly
Uttar Pradesh,Rice,2025,1,2025-01-01,Bahraich APMC,2289.63,bahraich,Bahraich
Uttar Pradesh,Rice,2025,1,2025-01-01,Ballia APMC,,ballia,Ballia
Uttar Pradesh,Rice,2025,1,2025-01-01,Balrampur APMC,2276.02,balrampur,Balrampur
Uttar Pradesh,Rice,2025,1,2025-01-01,Banda APMC,2300.0,banda,Banda
Uttar Pradesh,Rice,2025,1,2025-01-01,Bangarmau APMC,2261.51,bangarmau,Unnao
Uttar Pradesh,Rice,2025,1,2025-01-01,Bansi APMC,,bansi,Siddharthnagar
Uttar Pradesh,Rice,2025,1,2025-01-01,Banthara APMC,2520.08,banthara,Lucknow
Uttar Pradesh,Rice,2025,1,2025-01-01,Barabanki APMC,2311.8,barabanki,Bara Banki
Uttar Pradesh,Rice,2025,1,2025-01-01,Bareilly APMC,2221.25,bareilly,Bareilly
Uttar Pradesh,Rice,2025,1,2025-01-01,Baripaal APMC,2376.3,baripaal,Jaunpur
Uttar Pradesh,Rice,2025,1,2025-01-01,Basti APMC,2300.0,basti,Basti
Uttar Pradesh,Rice,2025,1,2025-01-01,Bharuasumerpur APMC,,bharuasumerpur,Hamirpur
Uttar Pradesh,Rice,2025,1,2025-01-01,Bhinga APMC,2291.16,bhinga,Shravasti
Uttar Pradesh,Rice,2025,1,2025-01-01,Bijnaur APMC,2300.0,bijnaur,Bijnor
Uttar Pradesh,Rice,2025,1,2025-01-01,Bilaspur APMC,,bilaspur,Rampur
Uttar Pradesh,Rice,2025,1,2025-01-01,Bindki APMC,2213.9,bindki,Fatehpur
Uttar Pradesh,Rice,2025,1,2025-01-01,Bishalpur APMC,2283.64,bishalpur,Pilibhit
Uttar Pradesh,Rice,2025,1,2025-01-01,Bisoli APMC,2189.75,bisoli,Badaun
Uttar Pradesh,Rice,2025,1,2025-01-01,Chandausi APMC,2311.0,chandausi,Sambhal
Uttar Pradesh,Rice,2025,1,2025-01-01,Chandoli APMC,2300.0,chandoli,Chandauli
Uttar Pradesh,Rice,2025,1,2025-01-01,Chhibramau APMC,2300.0,chhibramau,Kannauj
Uttar Pradesh,Rice,2025,1,2025-01-01,Chorichora APMC,2420.35,chorichora,Gorakhpur
Uttar Pradesh,Rice,2025,1,2025-01-01,Choubepur APMC,2300.0,choubepur,Jaunpur
Uttar Pradesh,Rice,2025,1,2025-01-01,Colonelganj APMC,2295.26,colonelganj,Gonda
Uttar Pradesh,Rice,2025,1,2025-01-01,Dataganj APMC,2105.55,dataganj,Badaun
Uttar Pradesh,Rice,2025,1,2025-01-01,Devariya APMC,2300.0,devariya,Deoria
Uttar Pradesh,Rice,2025,1,2025-01-01,Doharighat APMC,2320.87,doharighat,Azamgarh
Uttar Pradesh,Rice,2025,1,2025-01-01,Farukhabad APMC,2300.0,farukhabad,Farrukhabad
Uttar Pradesh,Rice,2025,1,2025-01-01,Fatehpur APMC,2158.01,fatehpur,Fatehpur
Uttar Pradesh,Rice,2025,1,2025-01-01,Golagokarnath APMC,2238.46,golagokarnath,Lalitpur
Uttar Pradesh,Rice,2025,1,2025-01-01,Gonda APMC,2133.8,gonda,Gonda
Uttar Pradesh,Rice,2025,1,2025-01-01,Gopiganj APMC,2300.0,gopiganj,Bhadohi
Uttar Pradesh,Rice,2025,1,2025-01-01,Gorakhpur APMC,2300.0,gorakhpur,Gorakhpur
Uttar Pradesh,Rice,2025,1,2025-01-01,Haathras APMC,,haathras,Hathras
Uttar Pradesh,Rice,2025,1,2025-01-01,Hardoi APMC,2255.8,hardoi,Hardoi
Uttar Pradesh,Rice,2025,1,2025-01-01,Hargaon (Laharpur) APMC,2305.0,hargaon (laharpur),Sitapur
Uttar Pradesh,Rice,2025,1,2025-01-01,Jafarganj APMC,2301.19,jafarganj,Amethi
Uttar Pradesh,Rice,2025,1,2025-01-01,Jahanabad APMC,,jahanabad,Fatehpur
Uttar Pradesh,Rice,2025,1,2025-01-01,Jasvantnagar APMC,2353.76,jasvantnagar,Etawah
Uttar Pradesh,Rice,2025,1,2025-01-01,Jaunpur APMC,2300.0,jaunpur,Jaunpur
Uttar Pradesh,Rice,2025,1,2025-01-01,Jayas APMC,,jayas,Rae Bareli
Uttar Pradesh,Rice,2025,1,2025-01-01,Jhijhank APMC,,jhijhank,Kanpur Dehat
Uttar Pradesh,Rice,2025,1,2025-01-01,Kamlaganj APMC,2300.0,kamlaganj,Farrukhabad
Uttar Pradesh,Rice,2025,1,2025-01-01,Kannauj APMC,2300.0,kannauj,Kannauj
Uttar Pradesh,Rice,2025,1,2025-01-01,Kayamganj APMC,2469.1,kayamganj,Farrukhabad
Uttar Pradesh,Rice,2025,1,2025-01-01,Khaga APMC,2000.0,khaga,Fatehpur
Uttar Pradesh,Rice,2025,1,2025-01-01,Kishunpur APMC,2219.29,kishunpur,Bahraich
Uttar Pradesh,Rice,2025,1,2025-01-01,Kopaganj APMC,,kopaganj,
Uttar Pradesh,Rice,2025,1,2025-01-01,Kurara APMC,2650.0,kurara,Hamirpur
Uttar Pradesh,Rice,2025,1,2025-01-01,Lakhimpur APMC,2237.01,lakhimpur,Lalitpur
Uttar Pradesh,Rice,2025,1,2025-01-01,Lalganj APMC,2300.0,lalganj,Rae Bareli
Uttar Pradesh,Rice,2025,1,2025-01-01,Lediyari APMC,2350.0,lediyari,Prayagraj
Uttar Pradesh,Rice,2025,1,2025-01-01,Lucknow APMC,2256.0,lucknow,Lucknow
Uttar Pradesh,Rice,2025,1,2025-01-01,Madhoganj APMC,2257.43,madhoganj,Hardoi
Uttar Pradesh,Rice,2025,1,2025-01-01,Maigalganj APMC,2278.79,maigalganj,Gorakhpur
Uttar Pradesh,Rice,2025,1,2025-01-01,Mainpuri APMC,,mainpuri,Mainpuri
Uttar Pradesh,Rice,2025,1,2025-01-01,Mehmoodabad APMC,,mehmoodabad,Sitapur
Uttar Pradesh,Rice,2025,1,2025-01-01,Milak APMC,2340.42,milak,Rampur
Uttar Pradesh,Rice,2025,1,2025-01-01,Mirzapur APMC,2300.0,mirzapur,Mirzapur
Uttar Pradesh,Rice,2025,1,2025-01-01,Mohamadabad APMC,2300.0,mohamadabad,Farrukhabad
Uttar Pradesh,Rice,2025,1,2025-01-01,Mohammdi APMC,2235.26,mohammdi,Kheri
Uttar Pradesh,Rice,2025,1,2025-01-01,Mugrabaadshahpur APMC,2300.0,mugrabaadshahpur,Jaunpur
Uttar Pradesh,Rice,2025,1,2025-01-01,Muradabad APMC,2338.69,muradabad,Sambhal
Uttar Pradesh,Rice,2025,1,2025-01-01,Naanpara APMC,2562.71,naanpara,Bahraich
Uttar Pradesh,Rice,2025,1,2025-01-01,Naugarh APMC,2300.0,naugarh,Siddharthnagar
Uttar Pradesh,Rice,2025,1,2025-01-01,Nautnava APMC,2300.0,nautnava,Maharajganj
Uttar Pradesh,Rice,2025,1,2025-01-01,Nawabganj APMC,2292.97,nawabganj,Gonda
Uttar Pradesh,Rice,2025,1,2025-01-01,Paliakala APMC,2301.14,paliakala,Lakhimpur Kheri
Uttar Pradesh,Rice,2025,1,2025-01-01,Panchpedwa APMC,2395.66,panchpedwa,Balrampur
Uttar Pradesh,Rice,2025,1,2025-01-01,Partaval APMC,2300.0,partaval,Mahrajganj
Uttar Pradesh,Rice,2025,1,2025-01-01,Pilibhit APMC,2270.01,pilibhit,Pilibhit
Uttar Pradesh,Rice,2025,1,2025-01-01,Powayan APMC,2256.74,powayan,Shahjahanpur
Uttar Pradesh,Rice,2025,1,2025-01-01,Pratapgarh APMC,2300.0,pratapgarh,Pratapgarh
Uttar Pradesh,Rice,2025,1,2025-01-01,Prayagraj APMC,2300.0,prayagraj,Prayagraj
Uttar Pradesh,Rice,2025,1,2025-01-01,Pukharayan APMC,2307.22,pukharayan,Kanpur Dehat
Uttar Pradesh,Rice,2025,1,2025-01-01,Puranpur APMC,2263.53,puranpur,Pilibhit
Uttar Pradesh,Rice,2025,1,2025-01-01,Purwa APMC,,purwa,Unnao
Uttar Pradesh,Rice,2025,1,2025-01-01,Raibareilly APMC,2300.0,raibareilly,Rae Bareli
Uttar Pradesh,Rice,2025,1,2025-01-01,Rampur APMC,2637.78,rampur,Rampur
Uttar Pradesh,Rice,2025,1,2025-01-01,Rasda APMC,,rasda,Ballia
Uttar Pradesh,Rice,2025,1,2025-01-01,Richha APMC,2317.65,richha,Bareilly
Uttar Pradesh,Rice,2025,1,2025-01-01,Robertsganj APMC,2300.0,robertsganj,Sonbhadra
Uttar Pradesh,Rice,2025,1,2025-01-01,Rudauli APMC,2300.0,rudauli,Ayodhya
Uttar Pradesh,Rice,2025,1,2025-01-01,Rura APMC,,rura,Kanpur Dehat
Uttar Pradesh,Rice,2025,1,2025-01-01,Safdarganj APMC,2318.33,safdarganj,Barabanki
Uttar Pradesh,Rice,2025,1,2025-01-01,Saharanpur APMC,,saharanpur,Saharanpur
Uttar Pradesh,Rice,2025,1,2025-01-01,Sahiyapur APMC,2300.0,sahiyapur,Siddharthnagar
Uttar Pradesh,Rice,2025,1,2025-01-01,Salon APMC,2300.25,salon,Rae Bareli
Uttar Pradesh,Rice,2025,1,2025-01-01,Sandi APMC,2249.31,sandi,Hardoi
Uttar Pradesh,Rice,2025,1,2025-01-01,Sandila APMC,2256.64,sandila,Hardoi
Uttar Pradesh,Rice,2025,1,2025-01-01,Sehjanwa APMC,,sehjanwa,Gorakhpur
Uttar Pradesh,Rice,2025,1,2025-01-01,Shahabad(New Mandi) APMC,2264.51,shahabad(new mandi),Hardoi
Uttar Pradesh,Rice,2025,1,2025-01-01,Shahganj APMC,2300.0,shahganj,Jaunpur
Uttar Pradesh,Rice,2025,1,2025-01-01,Shahjahanpur APMC,2245.0,shahjahanpur,Shahjahanpur
Uttar Pradesh,Rice,2025,1,2025-01-01,Sikarpur APMC,,sikarpur,Bulandshahar
Uttar Pradesh,Rice,2025,1,2025-01-01,Sirsa APMC,,sirsa,Gautam Buddha Nagar
Uttar Pradesh,Rice,2025,1,2025-01-01,Sitapur APMC,2235.71,sitapur,Sitapur
Uttar Pradesh,Rice,2025,1,2025-01-01,Sultanpur APMC,,sultanpur,Amethi
Uttar Pradesh,Rice,2025,1,2025-01-01,Tilhar APMC,2293.1,tilhar,Shahjahanpur
Uttar Pradesh,Rice,2025,1,2025-01-01,Tulsipur APMC,2237.71,tulsipur,Balrampur
Uttar Pradesh,Rice,2025,1,2025-01-01,Unnao APMC,2296.68,unnao,Unnao
Uttar Pradesh,Rice,2025,1,2025-01-01,Uttaripura APMC,2300.0,uttaripura,Jaunpur
Uttar Pradesh,Rice,2025,1,2025-01-01,Vilthararoad APMC,2350.0,vilthararoad,Ballia
Uttar Pradesh,Rice,2025,1,2025-01-01,Viswan APMC,2223.38,viswan,Sitapur
Uttar Pradesh,Rice,2025,1,2025-01-01,Wazirganj APMC,2285.35,wazirganj,Budaun
Uttar Pradesh,Rice,2025,2,2025-02-01,Achalda APMC,2300.3,achalda,Auraiya
Uttar Pradesh,Rice,2025,2,2025-02-01,Ahirora APMC,2322.48,ahirora,Mirzapur
Uttar Pradesh,Rice,2025,2,2025-02-01,Akbarpur APMC,2104.62,akbarpur,Ambedkarnagar
Uttar Pradesh,Rice,2025,2,2025-02-01,Aligarh APMC,2136.04,aligarh,Aligarh
Uttar Pradesh,Rice,2025,2,2025-02-01,Anandnagar APMC,2333.1,anandnagar,Mahrajganj
Uttar Pradesh,Rice,2025,2,2025-02-01,Anwala APMC,,anwala,Bareilly
Uttar Pradesh,Rice,2025,2,2025-02-01,Auraiya APMC,,auraiya,Auraiya
Uttar Pradesh,Rice,2025,2,2025-02-01,Ayodhya APMC,2125.07,ayodhya,Ayodhya
Uttar Pradesh,Rice,2025,2,2025-02-01,Azamgarh APMC,2300.0,azamgarh,Azamgarh
Uttar Pradesh,Rice,2025,2,2025-02-01,Bachranwa APMC,2308.62,bachranwa,Rae Bareli
Uttar Pradesh,Rice,2025,2,2025-02-01,Badayoun APMC,2233.29,badayoun,Budaun
Uttar Pradesh,Rice,2025,2,2025-02-01,Baheri APMC,2320.86,baheri,Bareilly
Uttar Pradesh,Rice,2025,2,2025-02-01,Bahraich APMC,2168.23,bahraich,Bahraich
Uttar Pradesh,Rice,2025,2,2025-02-01,Ballia APMC,,ballia,Ballia
Uttar Pradesh,Rice,2025,2,2025-02-01,Balrampur APMC,2256.77,balrampur,Balrampur
Uttar Pradesh,Rice,2025,2,2025-02-01,Banda APMC,2300.0,banda,Banda
Uttar Pradesh,Rice,2025,2,2025-02-01,Bangarmau APMC,2282.81,bangarmau,Unnao
Uttar Pradesh,Rice,2025,2,2025-02-01,Bansi APMC,,bansi,Siddharthnagar
Uttar Pradesh,Rice,2025,2,2025-02-01,Banthara APMC,2460.1,banthara,Lucknow
Uttar Pradesh,Rice,2025,2,2025-02-01,Barabanki APMC,,barabanki,Bara Banki
Uttar Pradesh,Rice,2025,2,2025-02-01,Bareilly APMC,2126.3,bareilly,Bareilly
Uttar Pradesh,Rice,2025,2,2025-02-01,Baripaal APMC,2396.03,baripaal,Jaunpur
Uttar Pradesh,Rice,2025,2,2025-02-01,Basti APMC,2300.0,basti,Basti
Uttar Pradesh,Rice,2025,2,2025-02-01,Bhinga APMC,2141.86,bhinga,Shravasti
Uttar Pradesh,Rice,2025,2,2025-02-01,Bijnaur APMC,,bijnaur,Bijnor
Uttar Pradesh,Rice,2025,2,2025-02-01,Bindki APMC,2138.87,bindki,Fatehpur
Uttar Pradesh,Rice,2025,2,2025-02-01,Bishalpur APMC,,bishalpur,Pilibhit
Uttar Pradesh,Rice,2025,2,2025-02-01,Bisoli APMC,2232.07,bisoli,Badaun
Uttar Pradesh,Rice,2025,2,2025-02-01,Chandausi APMC,2260.56,chandausi,Sambhal
Uttar Pradesh,Rice,2025,2,2025-02-01,Chandoli APMC,2300.0,chandoli,Chandauli
Uttar Pradesh,Rice,2025,2,2025-02-01,Chhibramau APMC,2301.23,chhibramau,Kannauj
Uttar Pradesh,Rice,2025,2,2025-02-01,Chorichora APMC,2415.26,chorichora,Gorakhpur
Uttar Pradesh,Rice,2025,2,2025-02-01,Choubepur APMC,2305.29,choubepur,Jaunpur
Uttar Pradesh,Rice,2025,2,2025-02-01,Colonelganj APMC,2290.48,colonelganj,Gonda
Uttar Pradesh,Rice,2025,2,2025-02-01,Dataganj APMC,2047.35,dataganj,Badaun
Uttar Pradesh,Rice,2025,2,2025-02-01,Devariya APMC,2300.0,devariya,Deoria
Uttar Pradesh,Rice,2025,2,2025-02-01,Doharighat APMC,2323.84,doharighat,Azamgarh
Uttar Pradesh,Rice,2025,2,2025-02-01,Farukhabad APMC,2300.0,farukhabad,Farrukhabad
Uttar Pradesh,Rice,2025,2,2025-02-01,Fatehpur APMC,2145.97,fatehpur,Fatehpur
Uttar Pradesh,Rice,2025,2,2025-02-01,Golagokarnath APMC,2048.65,golagokarnath,Lalitpur
Uttar Pradesh,Rice,2025,2,2025-02-01,Gonda APMC,2072.81,gonda,Gonda
Uttar Pradesh,Rice,2025,2,2025-02-01,Gopiganj APMC,2300.0,gopiganj,Bhadohi
Uttar Pradesh,Rice,2025,2,2025-02-01,Gorakhpur APMC,2300.0,gorakhpur,Gorakhpur
Uttar Pradesh,Rice,2025,2,2025-02-01,Haathras APMC,,haathras,Hathras
Uttar Pradesh,Rice,2025,2,2025-02-01,Hardoi APMC,2302.95,hardoi,Hardoi
Uttar Pradesh,Rice,2025,2,2025-02-01,Hargaon (Laharpur) APMC,,hargaon (laharpur),Sitapur
Uttar Pradesh,Rice,2025,2,2025-02-01,Jafarganj APMC,2265.54,jafarganj,Amethi
Uttar Pradesh,Rice,2025,2,2025-02-01,Jahanabad APMC,2305.22,jahanabad,Fatehpur
Uttar Pradesh,Rice,2025,2,2025-02-01,Jasvantnagar APMC,2350.0,jasvantnagar,Etawah
Uttar Pradesh,Rice,2025,2,2025-02-01,Jaunpur APMC,2288.44,jaunpur,Jaunpur
Uttar Pradesh,Rice,2025,2,2025-02-01,Jayas APMC,,jayas,Rae Bareli
Uttar Pradesh,Rice,2025,2,2025-02-01,Jhijhank APMC,,jhijhank,Kanpur Dehat
Uttar Pradesh,Rice,2025,2,2025-02-01,Kamlaganj APMC,2300.0,kamlaganj,Farrukhabad
Uttar Pradesh,Rice,2025,2,2025-02-01,Kannauj APMC,2300.0,kannauj,Kannauj
Uttar Pradesh,Rice,2025,2,2025-02-01,Kayamganj APMC,2467.65,kayamganj,Farrukhabad
Uttar Pradesh,Rice,2025,2,2025-02-01,Khaga APMC,,khaga,Fatehpur
Uttar Pradesh,Rice,2025,2,2025-02-01,Kishunpur APMC,2177.82,kishunpur,Bahraich
Uttar Pradesh,Rice,2025,2,2025-02-01,Kopaganj APMC,2300.0,kopaganj,
Uttar Pradesh,Rice,2025,2,2025-02-01,Kurara APMC,2650.0,kurara,Hamirpur
Uttar Pradesh,Rice,2025,2,2025-02-01,Lakhimpur APMC,2139.28,lakhimpur,Lalitpur
Uttar Pradesh,Rice,2025,2,2025-02-01,Lalganj APMC,2300.35,lalganj,Rae Bareli
Uttar Pradesh,Rice,2025,2,2025-02-01,Lediyari APMC,,lediyari,Prayagraj
Uttar Pradesh,Rice,2025,2,2025-02-01,Lucknow APMC,2256.96,lucknow,Lucknow
Uttar Pradesh,Rice,2025,2,2025-02-01,Madhoganj APMC,2300.0,madhoganj,Hardoi
Uttar Pradesh,Rice,2025,2,2025-02-01,Maigalganj APMC,2260.0,maigalganj,Gorakhpur
Uttar Pradesh,Rice,2025,2,2025-02-01,Mehmoodabad APMC,,mehmoodabad,Sitapur
Uttar Pradesh,Rice,2025,2,2025-02-01,Milak APMC,2360.0,milak,Rampur
Uttar Pradesh,Rice,2025,2,2025-02-01,Mirzapur APMC,2300.0,mirzapur,Mirzapur
Uttar Pradesh,Rice,2025,2,2025-02-01,Mohamadabad APMC,2300.0,mohamadabad,Farrukhabad
Uttar Pradesh,Rice,2025,2,2025-02-01,Mohammdi APMC,2051.87,mohammdi,Kheri
Uttar Pradesh,Rice,2025,2,2025-02-01,Mugrabaadshahpur APMC,2300.0,mugrabaadshahpur,Jaunpur
Uttar Pradesh,Rice,2025,2,2025-02-01,Muradabad APMC,2285.0,muradabad,Sambhal
Uttar Pradesh,Rice,2025,2,2025-02-01,Naanpara APMC,2319.44,naanpara,Bahraich
Uttar Pradesh,Rice,2025,2,2025-02-01,Naugarh APMC,2300.0,naugarh,Siddharthnagar
Uttar Pradesh,Rice,2025,2,2025-02-01,Nautnava APMC,2270.0,nautnava,Maharajganj
Uttar Pradesh,Rice,2025,2,2025-02-01,Nawabganj APMC,2220.4,nawabganj,Gonda
Uttar Pradesh,Rice,2025,2,2025-02-01,Paliakala APMC,2300.0,paliakala,Lakhimpur Kheri
Uttar Pradesh,Rice,2025,2,2025-02-01,Panchpedwa APMC,2372.19,panchpedwa,Balrampur
Uttar Pradesh,Rice,2025,2,2025-02-01,Partaval APMC,2300.0,partaval,Mahrajganj
Uttar Pradesh,Rice,2025,2,2025-02-01,Pilibhit APMC,2304.34,pilibhit,Pilibhit
Uttar Pradesh,Rice,2025,2,2025-02-01,Powayan APMC,,powayan,Shahjahanpur
Uttar Pradesh,Rice,2025,2,2025-02-01,Pratapgarh APMC,2300.0,pratapgarh,Pratapgarh
Uttar Pradesh,Rice,2025,2,2025-02-01,Prayagraj APMC,2300.0,prayagraj,Prayagraj
Uttar Pradesh,Rice,2025,2,2025-02-01,Pukharayan APMC,2312.53,pukharayan,Kanpur Dehat
Uttar Pradesh,Rice,2025,2,2025-02-01,Puranpur APMC,2302.42,puranpur,Pilibhit
Uttar Pradesh,Rice,2025,2,2025-02-01,Purwa APMC,2250.0,purwa,Unnao
Uttar Pradesh,Rice,2025,2,2025-02-01,Raibareilly APMC,2300.0,raibareilly,Rae Bareli
Uttar Pradesh,Rice,2025,2,2025-02-01,Rampur APMC,,rampur,Rampur
Uttar Pradesh,Rice,2025,2,2025-02-01,Rasda APMC,,rasda,Ballia
Uttar Pradesh,Rice,2025,2,2025-02-01,Richha APMC,2318.05,richha,Bareilly
Uttar Pradesh,Rice,2025,2,2025-02-01,Robertsganj APMC,2275.81,robertsganj,Sonbhadra
Uttar Pradesh,Rice,2025,2,2025-02-01,Rudauli APMC,2315.13,rudauli,Ayodhya
Uttar Pradesh,Rice,2025,2,2025-02-01,Rura APMC,,rura,Kanpur Dehat
Uttar Pradesh,Rice,2025,2,2025-02-01,Safdarganj APMC,2246.48,safdarganj,Barabanki
Uttar Pradesh,Rice,2025,2,2025-02-01,Sahiyapur APMC,2301.62,sahiyapur,Siddharthnagar
Uttar Pradesh,Rice,2025,2,2025-02-01,Salon APMC,2300.0,salon,Rae Bareli
Uttar Pradesh,Rice,2025,2,2025-02-01,Sandi APMC,2301.33,sandi,Hardoi
Uttar Pradesh,Rice,2025,2,2025-02-01,Sandila APMC,2281.74,sandila,Hardoi
Uttar Pradesh,Rice,2025,2,2025-02-01,Sehjanwa APMC,,sehjanwa,Gorakhpur
Uttar Pradesh,Rice,2025,2,2025-02-01,Shahabad(New Mandi) APMC,2277.64,shahabad(new mandi),Hardoi
Uttar Pradesh,Rice,2025,2,2025-02-01,Shahganj APMC,2288.81,shahganj,Jaunpur
Uttar Pradesh,Rice,2025,2,2025-02-01,Shahjahanpur APMC,2175.72,shahjahanpur,Shahjahanpur
Uttar Pradesh,Rice,2025,2,2025-02-01,Sirsa APMC,,sirsa,Gautam Buddha Nagar
Uttar Pradesh,Rice,2025,2,2025-02-01,Sitapur APMC,2191.0,sitapur,Sitapur
Uttar Pradesh,Rice,2025,2,2025-02-01,Sultanpur APMC,,sultanpur,Amethi
Uttar Pradesh,Rice,2025,2,2025-02-01,Tamkuhi road APMC,2329.29,tamkuhi road,Kushinagar
Uttar Pradesh,Rice,2025,2,2025-02-01,Tilhar APMC,1998.23,tilhar,Shahjahanpur
Uttar Pradesh,Rice,2025,2,2025-02-01,Tulsipur APMC,2229.04,tulsipur,Balrampur
Uttar Pradesh,Rice,2025,2,2025-02-01,Unnao APMC,2234.83,unnao,Unnao
Uttar Pradesh,Rice,2025,2,2025-02-01,Uttaripura APMC,2302.08,uttaripura,Jaunpur
Uttar Pradesh,Rice,2025,2,2025-02-01,Vilthararoad APMC,2343.44,vilthararoad,Ballia
Uttar Pradesh,Rice,2025,2,2025-02-01,Viswan APMC,2184.95,viswan,Sitapur
Uttar Pradesh,Rice,2025,2,2025-02-01,Wazirganj APMC,2192.67,wazirganj,Budaun
Uttar Pradesh,Rice,2025,3,2025-03-01,Achalda APMC,2300.72,achalda,Auraiya
Uttar Pradesh,Rice,2025,3,2025-03-01,Ahirora APMC,2338.67,ahirora,Mirzapur
Uttar Pradesh,Rice,2025,3,2025-03-01,Akbarpur APMC,,akbarpur,Ambedkarnagar
Uttar Pradesh,Rice,2025,3,2025-03-01,Aligarh APMC,2050.45,aligarh,Aligarh
Uttar Pradesh,Rice,2025,3,2025-03-01,Anandnagar APMC,2340.52,anandnagar,Mahrajganj
Uttar Pradesh,Rice,2025,3,2025-03-01,Anwala APMC,,anwala,Bareilly
Uttar Pradesh,Rice,2025,3,2025-03-01,Ayodhya APMC,2189.53,ayodhya,Ayodhya
Uttar Pradesh,Rice,2025,3,2025-03-01,Azamgarh APMC,2298.51,azamgarh,Azamgarh
Uttar Pradesh,Rice,2025,3,2025-03-01,Bachranwa APMC,2317.6,bachranwa,Rae Bareli
Uttar Pradesh,Rice,2025,3,2025-03-01,Badayoun APMC,2160.4,badayoun,Budaun
Uttar Pradesh,Rice,2025,3,2025-03-01,Baheri APMC,2321.34,baheri,Bareilly
Uttar Pradesh,Rice,2025,3,2025-03-01,Bahraich APMC,2057.91,bahraich,Bahraich
Uttar Pradesh,Rice,2025,3,2025-03-01,Balrampur APMC,,balrampur,Balrampur
Uttar Pradesh,Rice,2025,3,2025-03-01,Banda APMC,,banda,Banda
Uttar Pradesh,Rice,2025,3,2025-03-01,Bangarmau APMC,2290.25,bangarmau,Unnao
Uttar Pradesh,Rice,2025,3,2025-03-01,Bansi APMC,,bansi,Siddharthnagar
Uttar Pradesh,Rice,2025,3,2025-03-01,Banthara APMC,2404.97,banthara,Lucknow
Uttar Pradesh,Rice,2025,3,2025-03-01,Bareilly APMC,2122.03,bareilly,Bareilly
Uttar Pradesh,Rice,2025,3,2025-03-01,Baripaal APMC,2288.58,baripaal,Jaunpur
Uttar Pradesh,Rice,2025,3,2025-03-01,Basti APMC,2300.68,basti,Basti
Uttar Pradesh,Rice,2025,3,2025-03-01,Bharwari APMC,2288.24,bharwari,Kaushambi
Uttar Pradesh,Rice,2025,3,2025-03-01,Bhinga APMC,2038.92,bhinga,Shravasti
Uttar Pradesh,Rice,2025,3,2025-03-01,Bilsi APMC,2100.0,bilsi,Budaun
Uttar Pradesh,Rice,2025,3,2025-03-01,Bindki APMC,2067.33,bindki,Fatehpur
Uttar Pradesh,Rice,2025,3,2025-03-01,Bisoli APMC,2104.69,bisoli,Badaun
Uttar Pradesh,Rice,2025,3,2025-03-01,Chandausi APMC,,chandausi,Sambhal
Uttar Pradesh,Rice,2025,3,2025-03-01,Chandoli APMC,,chandoli,Chandauli
Uttar Pradesh,Rice,2025,3,2025-03-01,Chhibramau APMC,2302.48,chhibramau,Kannauj
Uttar Pradesh,Rice,2025,3,2025-03-01,Chorichora APMC,2456.33,chorichora,Gorakhpur
Uttar Pradesh,Rice,2025,3,2025-03-01,Choubepur APMC,2247.73,choubepur,Jaunpur
Uttar Pradesh,Rice,2025,3,2025-03-01,Colonelganj APMC,2069.23,colonelganj,Gonda
Uttar Pradesh,Rice,2025,3,2025-03-01,Dataganj APMC,1984.43,dataganj,Badaun
Uttar Pradesh,Rice,2025,3,2025-03-01,Devariya APMC,2288.51,devariya,Deoria
Uttar Pradesh,Rice,2025,3,2025-03-01,Doharighat APMC,2325.0,doharighat,Azamgarh
Uttar Pradesh,Rice,2025,3,2025-03-01,Farukhabad APMC,,farukhabad,Farrukhabad
Uttar Pradesh,Rice,2025,3,2025-03-01,Fatehpur APMC,2156.36,fatehpur,Fatehpur
Uttar Pradesh,Rice,2025,3,2025-03-01,Golagokarnath APMC,2082.97,golagokarnath,Lalitpur
Uttar Pradesh,Rice,2025,3,2025-03-01,Gonda APMC,2003.81,gonda,Gonda
Uttar Pradesh,Rice,2025,3,2025-03-01,Gopiganj APMC,2310.54,gopiganj,Bhadohi
Uttar Pradesh,Rice,2025,3,2025-03-01,Gorakhpur APMC,2280.14,gorakhpur,Gorakhpur
Uttar Pradesh,Rice,2025,3,2025-03-01,Haathras APMC,,haathras,Hathras
Uttar Pradesh,Rice,2025,3,2025-03-01,Hardoi APMC,2304.68,hardoi,Hardoi
Uttar Pradesh,Rice,2025,3,2025-03-01,Jafarganj APMC,2278.13,jafarganj,Amethi
Uttar Pradesh,Rice,2025,3,2025-03-01,Jahanabad APMC,2304.95,jahanabad,Fatehpur
Uttar Pradesh,Rice,2025,3,2025-03-01,Jasvantnagar APMC,,jasvantnagar,Etawah
Uttar Pradesh,Rice,2025,3,2025-03-01,Jaunpur APMC,,jaunpur,Jaunpur
Uttar Pradesh,Rice,2025,3,2025-03-01,Jayas APMC,,jayas,Rae Bareli
Uttar Pradesh,Rice,2025,3,2025-03-01,Jhijhank APMC,,jhijhank,Kanpur Dehat
Uttar Pradesh,Rice,2025,3,2025-03-01,Kamlaganj APMC,,kamlaganj,Farrukhabad
Uttar Pradesh,Rice,2025,3,2025-03-01,Kannauj APMC,2300.0,kannauj,Kannauj
Uttar Pradesh,Rice,2025,3,2025-03-01,Kayamganj APMC,2429.3,kayamganj,Farrukhabad
Uttar Pradesh,Rice,2025,3,2025-03-01,Khaga APMC,,khaga,Fatehpur
Uttar Pradesh,Rice,2025,3,2025-03-01,Kishunpur APMC,2086.68,kishunpur,Bahraich
Uttar Pradesh,Rice,2025,3,2025-03-01,Kopaganj APMC,,kopaganj,
Uttar Pradesh,Rice,2025,3,2025-03-01,Kurara APMC,,kurara,Hamirpur
Uttar Pradesh,Rice,2025,3,2025-03-01,Lakhimpur APMC,2143.57,lakhimpur,Lalitpur
Uttar Pradesh,Rice,2025,3,2025-03-01,Lalganj APMC,2320.37,lalganj,Rae Bareli
Uttar Pradesh,Rice,2025,3,2025-03-01,Lucknow APMC,2259.63,lucknow,Lucknow
Uttar Pradesh,Rice,2025,3,2025-03-01,Madhoganj APMC,2298.08,madhoganj,Hardoi
Uttar Pradesh,Rice,2025,3,2025-03-01,Maigalganj APMC,,maigalganj,Gorakhpur
Uttar Pradesh,Rice,2025,3,2025-03-01,Mathura APMC,,mathura,Mathura
Uttar Pradesh,Rice,2025,3,2025-03-01,Mehmoodabad APMC,2185.87,mehmoodabad,Sitapur
Uttar Pradesh,Rice,2025,3,2025-03-01,Milak APMC,,milak,Rampur
Uttar Pradesh,Rice,2025,3,2025-03-01,Mirzapur APMC,,mirzapur,Mirzapur
Uttar Pradesh,Rice,2025,3,2025-03-01,Mohamadabad APMC,,mohamadabad,Farrukhabad
Uttar Pradesh,Rice,2025,3,2025-03-01,Mohammdi APMC,2043.64,mohammdi,Kheri
Uttar Pradesh,Rice,2025,3,2025-03-01,Moth APMC,,moth,Jhansi
Uttar Pradesh,Rice,2025,3,2025-03-01,Mugrabaadshahpur APMC,,mugrabaadshahpur,Jaunpur
Uttar Pradesh,Rice,2025,3,2025-03-01,Muradabad APMC,,muradabad,Sambhal
Uttar Pradesh,Rice,2025,3,2025-03-01,Naanpara APMC,2300.0,naanpara,Bahraich
Uttar Pradesh,Rice,2025,3,2025-03-01,Naugarh APMC,2300.0,naugarh,Siddharthnagar
Uttar Pradesh,Rice,2025,3,2025-03-01,Nautnava APMC,2295.97,nautnava,Maharajganj
Uttar Pradesh,Rice,2025,3,2025-03-01,Nawabganj APMC,2064.41,nawabganj,Gonda
Uttar Pradesh,Rice,2025,3,2025-03-01,Paliakala APMC,2300.0,paliakala,Lakhimpur Kheri
Uttar Pradesh,Rice,2025,3,2025-03-01,Panchpedwa APMC,,panchpedwa,Balrampur
Uttar Pradesh,Rice,2025,3,2025-03-01,Partaval APMC,2271.04,partaval,Mahrajganj
Uttar Pradesh,Rice,2025,3,2025-03-01,Pilibhit APMC,2300.0,pilibhit,Pilibhit
Uttar Pradesh,Rice,2025,3,2025-03-01,Pratapgarh APMC,,pratapgarh,Pratapgarh
Uttar Pradesh,Rice,2025,3,2025-03-01,Prayagraj APMC,2262.64,prayagraj,Prayagraj
Uttar Pradesh,Rice,2025,3,2025-03-01,Pukharayan APMC,2309.3,pukharayan,Kanpur Dehat
Uttar Pradesh,Rice,2025,3,2025-03-01,Puranpur APMC,2300.0,puranpur,Pilibhit
Uttar Pradesh,Rice,2025,3,2025-03-01,Purwa APMC,,purwa,Unnao
Uttar Pradesh,Rice,2025,3,2025-03-01,Raibareilly APMC,2311.56,raibareilly,Rae Bareli
Uttar Pradesh,Rice,2025,3,2025-03-01,Rasda APMC,,rasda,Ballia
Uttar Pradesh,Rice,2025,3,2025-03-01,Richha APMC,2321.79,richha,Bareilly
Uttar Pradesh,Rice,2025,3,2025-03-01,Robertsganj APMC,,robertsganj,Sonbhadra
Uttar Pradesh,Rice,2025,3,2025-03-01,Rudauli APMC,2300.0,rudauli,Ayodhya
Uttar Pradesh,Rice,2025,3,2025-03-01,Rura APMC,,rura,Kanpur Dehat
Uttar Pradesh,Rice,2025,3,2025-03-01,Safdarganj APMC,2322.35,safdarganj,Barabanki
Uttar Pradesh,Rice,2025,3,2025-03-01,Saharanpur APMC,,saharanpur,Saharanpur
Uttar Pradesh,Rice,2025,3,2025-03-01,Sahiyapur APMC,2346.36,sahiyapur,Siddharthnagar
Uttar Pradesh,Rice,2025,3,2025-03-01,Salon APMC,2320.21,salon,Rae Bareli
Uttar Pradesh,Rice,2025,3,2025-03-01,Sandi APMC,2300.68,sandi,Hardoi
Uttar Pradesh,Rice,2025,3,2025-03-01,Sandila APMC,2326.07,sandila,Hardoi
Uttar Pradesh,Rice,2025,3,2025-03-01,Shahabad(New Mandi) APMC,2273.75,shahabad(new mandi),Hardoi
Uttar Pradesh,Rice,2025,3,2025-03-01,Shahganj APMC,,shahganj,Jaunpur
Uttar Pradesh,Rice,2025,3,2025-03-01,Shahjahanpur APMC,2081.93,shahjahanpur,Shahjahanpur
Uttar Pradesh,Rice,2025,3,2025-03-01,Sikarpur APMC,,sikarpur,Bulandshahar
Uttar Pradesh,Rice,2025,3,2025-03-01,Sirsa APMC,,sirsa,Gautam Buddha Nagar
Uttar Pradesh,Rice,2025,3,2025-03-01,Sitapur APMC,2190.17,sitapur,Sitapur
Uttar Pradesh,Rice,2025,3,2025-03-01,Sultanpur APMC,,sultanpur,Amethi
Uttar Pradesh,Rice,2025,3,2025-03-01,Tamkuhi road APMC,2325.0,tamkuhi road,Kushinagar
Uttar Pradesh,Rice,2025,3,2025-03-01,Tilhar APMC,1961.51,tilhar,Shahjahanpur
Uttar Pradesh,Rice,2025,3,2025-03-01,Tulsipur APMC,2137.67,tulsipur,Balrampur
Uttar Pradesh,Rice,2025,3,2025-03-01,Unnao APMC,2188.66,unnao,Unnao
Uttar Pradesh,Rice,2025,3,2025-03-01,Uttaripura APMC,2300.0,uttaripura,Jaunpur
Uttar Pradesh,Rice,2025,3,2025-03-01,Vilthararoad APMC,2350.0,vilthararoad,Ballia
Uttar Pradesh,Rice,2025,3,2025-03-01,Viswan APMC,2171.99,viswan,Sitapur
Uttar Pradesh,Rice,2025,3,2025-03-01,Wazirganj APMC,2122.06,wazirganj,Budaun
Uttar Pradesh,Rice,2025,4,2025-04-01,Achalda APMC,,achalda,Auraiya
Uttar Pradesh,Rice,2025,4,2025-04-01,Ahirora APMC,2393.11,ahirora,Mirzapur
Uttar Pradesh,Rice,2025,4,2025-04-01,Aligarh APMC,2024.45,aligarh,Aligarh
Uttar Pradesh,Rice,2025,4,2025-04-01,Anandnagar APMC,2350.0,anandnagar,Mahrajganj
Uttar Pradesh,Rice,2025,4,2025-04-01,Anwala APMC,,anwala,Bareilly
Uttar Pradesh,Rice,2025,4,2025-04-01,Ayodhya APMC,2045.05,ayodhya,Ayodhya
Uttar Pradesh,Rice,2025,4,2025-04-01,Azamgarh APMC,,azamgarh,Azamgarh
Uttar Pradesh,Rice,2025,4,2025-04-01,Bachranwa APMC,2310.37,bachranwa,Rae Bareli
Uttar Pradesh,Rice,2025,4,2025-04-01,Badayoun APMC,2100.67,badayoun,Budaun
Uttar Pradesh,Rice,2025,4,2025-04-01,Baheri APMC,2316.83,baheri,Bareilly
Uttar Pradesh,Rice,2025,4,2025-04-01,Bahraich APMC,1981.52,bahraich,Bahraich
Uttar Pradesh,Rice,2025,4,2025-04-01,Balrampur APMC,2000.0,balrampur,Balrampur
Uttar Pradesh,Rice,2025,4,2025-04-01,Bangarmau APMC,2306.66,bangarmau,Unnao
Uttar Pradesh,Rice,2025,4,2025-04-01,Bansi APMC,,bansi,Siddharthnagar
Uttar Pradesh,Rice,2025,4,2025-04-01,Banthara APMC,2357.07,banthara,Lucknow
Uttar Pradesh,Rice,2025,4,2025-04-01,Bareilly APMC,2093.76,bareilly,Bareilly
Uttar Pradesh,Rice,2025,4,2025-04-01,Baripaal APMC,2280.34,baripaal,Jaunpur
Uttar Pradesh,Rice,2025,4,2025-04-01,Basti APMC,2300.19,basti,Basti
Uttar Pradesh,Rice,2025,4,2025-04-01,Bharwari APMC,2300.0,bharwari,Kaushambi
Uttar Pradesh,Rice,2025,4,2025-04-01,Bhinga APMC,2019.76,bhinga,Shravasti
Uttar Pradesh,Rice,2025,4,2025-04-01,Bilsi APMC,2155.6,bilsi,Budaun
Uttar Pradesh,Rice,2025,4,2025-04-01,Bindki APMC,2046.24,bindki,Fatehpur
Uttar Pradesh,Rice,2025,4,2025-04-01,Bisoli APMC,2075.49,bisoli,Badaun
Uttar Pradesh,Rice,2025,4,2025-04-01,Chhibramau APMC,2295.79,chhibramau,Kannauj
Uttar Pradesh,Rice,2025,4,2025-04-01,Chorichora APMC,2450.0,chorichora,Gorakhpur
Uttar Pradesh,Rice,2025,4,2025-04-01,Choubepur APMC,2231.15,choubepur,Jaunpur
Uttar Pradesh,Rice,2025,4,2025-04-01,Colonelganj APMC,2000.0,colonelganj,Gonda
Uttar Pradesh,Rice,2025,4,2025-04-01,Dataganj APMC,1980.0,dataganj,Badaun
Uttar Pradesh,Rice,2025,4,2025-04-01,Devariya APMC,2211.39,devariya,Deoria
Uttar Pradesh,Rice,2025,4,2025-04-01,Doharighat APMC,,doharighat,Azamgarh
Uttar Pradesh,Rice,2025,4,2025-04-01,Farukhabad APMC,,farukhabad,Farrukhabad
Uttar Pradesh,Rice,2025,4,2025-04-01,Fatehpur APMC,2152.69,fatehpur,Fatehpur
Uttar Pradesh,Rice,2025,4,2025-04-01,Golagokarnath APMC,2029.52,golagokarnath,Lalitpur
Uttar Pradesh,Rice,2025,4,2025-04-01,Gonda APMC,2103.22,gonda,Gonda
Uttar Pradesh,Rice,2025,4,2025-04-01,Gopiganj APMC,,gopiganj,Bhadohi
Uttar Pradesh,Rice,2025,4,2025-04-01,Gorakhpur APMC,2036.35,gorakhpur,Gorakhpur
Uttar Pradesh,Rice,2025,4,2025-04-01,Haathras APMC,,haathras,Hathras
Uttar Pradesh,Rice,2025,4,2025-04-01,Hardoi APMC,2337.65,hardoi,Hardoi
Uttar Pradesh,Rice,2025,4,2025-04-01,Jafarganj APMC,2269.26,jafarganj,Amethi
Uttar Pradesh,Rice,2025,4,2025-04-01,Jahanabad APMC,2309.93,jahanabad,Fatehpur
Uttar Pradesh,Rice,2025,4,2025-04-01,Jasra APMC,2100.0,jasra,Prayagraj
Uttar Pradesh,Rice,2025,4,2025-04-01,Jayas APMC,,jayas,Rae Bareli
Uttar Pradesh,Rice,2025,4,2025-04-01,Jhijhank APMC,,jhijhank,Kanpur Dehat
Uttar Pradesh,Rice,2025,4,2025-04-01,Kannauj APMC,2263.94,kannauj,Kannauj
Uttar Pradesh,Rice,2025,4,2025-04-01,Kayamganj APMC,2454.92,kayamganj,Farrukhabad
Uttar Pradesh,Rice,2025,4,2025-04-01,Kishunpur APMC,2074.38,kishunpur,Bahraich
Uttar Pradesh,Rice,2025,4,2025-04-01,Kurara APMC,2450.0,kurara,Hamirpur
Uttar Pradesh,Rice,2025,4,2025-04-01,Lakhimpur APMC,2105.5,lakhimpur,Lalitpur
Uttar Pradesh,Rice,2025,4,2025-04-01,Lalganj APMC,2313.88,lalganj,Rae Bareli
Uttar Pradesh,Rice,2025,4,2025-04-01,Lucknow APMC,2214.28,lucknow,Lucknow
Uttar Pradesh,Rice,2025,4,2025-04-01,Madhoganj APMC,2301.96,madhoganj,Hardoi
Uttar Pradesh,Rice,2025,4,2025-04-01,Maigalganj APMC,,maigalganj,Gorakhpur
Uttar Pradesh,Rice,2025,4,2025-04-01,Mehmoodabad APMC,,mehmoodabad,Sitapur
Uttar Pradesh,Rice,2025,4,2025-04-01,Mohammdi APMC,1974.52,mohammdi,Kheri
Uttar Pradesh,Rice,2025,4,2025-04-01,Naanpara APMC,2261.29,naanpara,Bahraich
Uttar Pradesh,Rice,2025,4,2025-04-01,Naugarh APMC,2300.0,naugarh,Siddharthnagar
Uttar Pradesh,Rice,2025,4,2025-04-01,Nautnava APMC,2163.17,nautnava,Maharajganj
Uttar Pradesh,Rice,2025,4,2025-04-01,Nawabganj APMC,2070.62,nawabganj,Gonda
Uttar Pradesh,Rice,2025,4,2025-04-01,Paliakala APMC,2425.0,paliakala,Lakhimpur Kheri
Uttar Pradesh,Rice,2025,4,2025-04-01,Panchpedwa APMC,2400.0,panchpedwa,Balrampur
Uttar Pradesh,Rice,2025,4,2025-04-01,Partaval APMC,2044.9,partaval,Mahrajganj
Uttar Pradesh,Rice,2025,4,2025-04-01,Pilibhit APMC,,pilibhit,Pilibhit
Uttar Pradesh,Rice,2025,4,2025-04-01,Prayagraj APMC,2264.79,prayagraj,Prayagraj
Uttar Pradesh,Rice,2025,4,2025-04-01,Pukharayan APMC,,pukharayan,Kanpur Dehat
Uttar Pradesh,Rice,2025,4,2025-04-01,Puranpur APMC,,puranpur,Pilibhit
Uttar Pradesh,Rice,2025,4,2025-04-01,Raibareilly APMC,2313.65,raibareilly,Rae Bareli
Uttar Pradesh,Rice,2025,4,2025-04-01,Richha APMC,2319.9,richha,Bareilly
Uttar Pradesh,Rice,2025,4,2025-04-01,Rudauli APMC,,rudauli,Ayodhya
Uttar Pradesh,Rice,2025,4,2025-04-01,Rura APMC,,rura,Kanpur Dehat
Uttar Pradesh,Rice,2025,4,2025-04-01,Safdarganj APMC,1875.14,safdarganj,Barabanki
Uttar Pradesh,Rice,2025,4,2025-04-01,Sahiyapur APMC,2301.86,sahiyapur,Siddharthnagar
Uttar Pradesh,Rice,2025,4,2025-04-01,Salon APMC,2294.64,salon,Rae Bareli
Uttar Pradesh,Rice,2025,4,2025-04-01,Sandi APMC,2301.27,sandi,Hardoi
Uttar Pradesh,Rice,2025,4,2025-04-01,Sandila APMC,2301.68,sandila,Hardoi
Uttar Pradesh,Rice,2025,4,2025-04-01,Shahabad(New Mandi) APMC,2300.0,shahabad(new mandi),Hardoi
Uttar Pradesh,Rice,2025,4,2025-04-01,Shahjahanpur APMC,,shahjahanpur,Shahjahanpur
Uttar Pradesh,Rice,2025,4,2025-04-01,Sirsa APMC,2596.44,sirsa,Gautam Buddha Nagar
Uttar Pradesh,Rice,2025,4,2025-04-01,Sitapur APMC,2084.71,sitapur,Sitapur
Uttar Pradesh,Rice,2025,4,2025-04-01,Sultanpur APMC,2270.0,sultanpur,Amethi
Uttar Pradesh,Rice,2025,4,2025-04-01,Tamkuhi road APMC,2323.81,tamkuhi road,Kushinagar
Uttar Pradesh,Rice,2025,4,2025-04-01,Tilhar APMC,,tilhar,Shahjahanpur
Uttar Pradesh,Rice,2025,4,2025-04-01,Tulsipur APMC,1987.75,tulsipur,Balrampur
Uttar Pradesh,Rice,2025,4,2025-04-01,Unnao APMC,2184.77,unnao,Unnao
Uttar Pradesh,Rice,2025,4,2025-04-01,Uttaripura APMC,2259.98,uttaripura,Jaunpur
Uttar Pradesh,Rice,2025,4,2025-04-01,Vilthararoad APMC,2700.0,vilthararoad,Ballia
Uttar Pradesh,Rice,2025,4,2025-04-01,Viswan APMC,2063.55,viswan,Sitapur
Uttar Pradesh,Rice,2025,4,2025-04-01,Wazirganj APMC,2146.1,wazirganj,Budaun
Uttar Pradesh,Rice,2025,5,2025-05-01,Ahirora APMC,2377.92,ahirora,Mirzapur
Uttar Pradesh,Rice,2025,5,2025-05-01,Aligarh APMC,2052.79,aligarh,Aligarh
Uttar Pradesh,Rice,2025,5,2025-05-01,Anandnagar APMC,,anandnagar,Mahrajganj
Uttar Pradesh,Rice,2025,5,2025-05-01,Anwala APMC,,anwala,Bareilly
Uttar Pradesh,Rice,2025,5,2025-05-01,Ayodhya APMC,2059.49,ayodhya,Ayodhya
Uttar Pradesh,Rice,2025,5,2025-05-01,Bachranwa APMC,2305.68,bachranwa,Rae Bareli
Uttar Pradesh,Rice,2025,5,2025-05-01,Badayoun APMC,2069.59,badayoun,Budaun
Uttar Pradesh,Rice,2025,5,2025-05-01,Baheri APMC,2325.44,baheri,Bareilly
Uttar Pradesh,Rice,2025,5,2025-05-01,Bahraich APMC,1977.69,bahraich,Bahraich
Uttar Pradesh,Rice,2025,5,2025-05-01,Balrampur APMC,1995.49,balrampur,Balrampur
Uttar Pradesh,Rice,2025,5,2025-05-01,Banda APMC,,banda,Banda
Uttar Pradesh,Rice,2025,5,2025-05-01,Bangarmau APMC,2301.9,bangarmau,Unnao
Uttar Pradesh,Rice,2025,5,2025-05-01,Bansi APMC,,bansi,Siddharthnagar
Uttar Pradesh,Rice,2025,5,2025-05-01,Banthara APMC,2477.12,banthara,Lucknow
Uttar Pradesh,Rice,2025,5,2025-05-01,Bareilly APMC,2237.5,bareilly,Bareilly
Uttar Pradesh,Rice,2025,5,2025-05-01,Baripaal APMC,2333.13,baripaal,Jaunpur
Uttar Pradesh,Rice,2025,5,2025-05-01,Basti APMC,2300.0,basti,Basti
Uttar Pradesh,Rice,2025,5,2025-05-01,Bharwari APMC,2300.0,bharwari,Kaushambi
Uttar Pradesh,Rice,2025,5,2025-05-01,Bhinga APMC,2026.2,bhinga,Shravasti
Uttar Pradesh,Rice,2025,5,2025-05-01,Bilsi APMC,2100.0,bilsi,Budaun
Uttar Pradesh,Rice,2025,5,2025-05-01,Bindki APMC,2191.44,bindki,Fatehpur
Uttar Pradesh,Rice,2025,5,2025-05-01,Bisoli APMC,,bisoli,Badaun
Uttar Pradesh,Rice,2025,5,2025-05-01,Chhibramau APMC,,chhibramau,Kannauj
Uttar Pradesh,Rice,2025,5,2025-05-01,Chorichora APMC,2468.92,chorichora,Gorakhpur
Uttar Pradesh,Rice,2025,5,2025-05-01,Choubepur APMC,,choubepur,Jaunpur
Uttar Pradesh,Rice,2025,5,2025-05-01,Colonelganj APMC,2100.0,colonelganj,Gonda
Uttar Pradesh,Rice,2025,5,2025-05-01,Dataganj APMC,,dataganj,Badaun
Uttar Pradesh,Rice,2025,5,2025-05-01,Devariya APMC,2007.78,devariya,Deoria
Uttar Pradesh,Rice,2025,5,2025-05-01,Etah APMC,2770.0,etah,Etah
Uttar Pradesh,Rice,2025,5,2025-05-01,Fatehpur APMC,,fatehpur,Fatehpur
Uttar Pradesh,Rice,2025,5,2025-05-01,Golagokarnath APMC,2006.91,golagokarnath,Lalitpur
Uttar Pradesh,Rice,2025,5,2025-05-01,Gonda APMC,2061.56,gonda,Gonda
Uttar Pradesh,Rice,2025,5,2025-05-01,Gorakhpur APMC,2020.27,gorakhpur,Gorakhpur
Uttar Pradesh,Rice,2025,5,2025-05-01,Haathras APMC,,haathras,Hathras
Uttar Pradesh,Rice,2025,5,2025-05-01,Hardoi APMC,2303.31,hardoi,Hardoi
Uttar Pradesh,Rice,2025,5,2025-05-01,Jafarganj APMC,,jafarganj,Amethi
Uttar Pradesh,Rice,2025,5,2025-05-01,Jahanabad APMC,,jahanabad,Fatehpur
Uttar Pradesh,Rice,2025,5,2025-05-01,Jasra APMC,,jasra,Prayagraj
Uttar Pradesh,Rice,2025,5,2025-05-01,Jayas APMC,,jayas,Rae Bareli
Uttar Pradesh,Rice,2025,5,2025-05-01,Jhijhank APMC,2319.03,jhijhank,Kanpur Dehat
Uttar Pradesh,Rice,2025,5,2025-05-01,Kamlaganj APMC,2250.0,kamlaganj,Farrukhabad
Uttar Pradesh,Rice,2025,5,2025-05-01,Kannauj APMC,,kannauj,Kannauj
Uttar Pradesh,Rice,2025,5,2025-05-01,Kayamganj APMC,,kayamganj,Farrukhabad
Uttar Pradesh,Rice,2025,5,2025-05-01,Kishunpur APMC,2050.0,kishunpur,Bahraich
Uttar Pradesh,Rice,2025,5,2025-05-01,Kurara APMC,2450.0,kurara,Hamirpur
Uttar Pradesh,Rice,2025,5,2025-05-01,Lakhimpur APMC,2066.97,lakhimpur,Lalitpur
Uttar Pradesh,Rice,2025,5,2025-05-01,Lalganj APMC,2311.89,lalganj,Rae Bareli
Uttar Pradesh,Rice,2025,5,2025-05-01,Lediyari APMC,2334.2,lediyari,Prayagraj
Uttar Pradesh,Rice,2025,5,2025-05-01,Lucknow APMC,2200.13,lucknow,Lucknow
Uttar Pradesh,Rice,2025,5,2025-05-01,Madhoganj APMC,2302.67,madhoganj,Hardoi
Uttar Pradesh,Rice,2025,5,2025-05-01,Maigalganj APMC,,maigalganj,Gorakhpur
Uttar Pradesh,Rice,2025,5,2025-05-01,Mehmoodabad APMC,,mehmoodabad,Sitapur
Uttar Pradesh,Rice,2025,5,2025-05-01,Mohamadabad APMC,2240.0,mohamadabad,Farrukhabad
Uttar Pradesh,Rice,2025,5,2025-05-01,Mohammdi APMC,1946.88,mohammdi,Kheri
Uttar Pradesh,Rice,2025,5,2025-05-01,Naanpara APMC,2067.92,naanpara,Bahraich
Uttar Pradesh,Rice,2025,5,2025-05-01,Naugarh APMC,2300.0,naugarh,Siddharthnagar
Uttar Pradesh,Rice,2025,5,2025-05-01,Nautnava APMC,2141.82,nautnava,Maharajganj
Uttar Pradesh,Rice,2025,5,2025-05-01,Nawabganj APMC,2061.61,nawabganj,Gonda
Uttar Pradesh,Rice,2025,5,2025-05-01,Paliakala APMC,,paliakala,Lakhimpur Kheri
Uttar Pradesh,Rice,2025,5,2025-05-01,Panchpedwa APMC,2404.68,panchpedwa,Balrampur
Uttar Pradesh,Rice,2025,5,2025-05-01,Partaval APMC,2026.95,partaval,Mahrajganj
Uttar Pradesh,Rice,2025,5,2025-05-01,Powayan APMC,,powayan,Shahjahanpur
Uttar Pradesh,Rice,2025,5,2025-05-01,Prayagraj APMC,2300.0,prayagraj,Prayagraj
Uttar Pradesh,Rice,2025,5,2025-05-01,Raibareilly APMC,2314.86,raibareilly,Rae Bareli
Uttar Pradesh,Rice,2025,5,2025-05-01,Richha APMC,2324.68,richha,Bareilly
Uttar Pradesh,Rice,2025,5,2025-05-01,Rudauli APMC,2860.0,rudauli,Ayodhya
Uttar Pradesh,Rice,2025,5,2025-05-01,Rura APMC,2355.73,rura,Kanpur Dehat
Uttar Pradesh,Rice,2025,5,2025-05-01,Safdarganj APMC,2110.53,safdarganj,Barabanki
Uttar Pradesh,Rice,2025,5,2025-05-01,Sahiyapur APMC,2297.47,sahiyapur,Siddharthnagar
Uttar Pradesh,Rice,2025,5,2025-05-01,Salon APMC,2321.58,salon,Rae Bareli
Uttar Pradesh,Rice,2025,5,2025-05-01,Sandi APMC,2302.3,sandi,Hardoi
Uttar Pradesh,Rice,2025,5,2025-05-01,Sandila APMC,2300.0,sandila,Hardoi
Uttar Pradesh,Rice,2025,5,2025-05-01,Shahabad(New Mandi) APMC,2300.0,shahabad(new mandi),Hardoi
Uttar Pradesh,Rice,2025,5,2025-05-01,Sirsa APMC,2288.07,sirsa,Gautam Buddha Nagar
Uttar Pradesh,Rice,2025,5,2025-05-01,Sitapur APMC,2073.4,sitapur,Sitapur
Uttar Pradesh,Rice,2025,5,2025-05-01,Sultanpur APMC,,sultanpur,Amethi
Uttar Pradesh,Rice,2025,5,2025-05-01,Tamkuhi road APMC,2320.76,tamkuhi road,Kushinagar
Uttar Pradesh,Rice,2025,5,2025-05-01,Tilhar APMC,2200.0,tilhar,Shahjahanpur
Uttar Pradesh,Rice,2025,5,2025-05-01,Tulsipur APMC,1927.67,tulsipur,Balrampur
Uttar Pradesh,Rice,2025,5,2025-05-01,Unnao APMC,2285.06,unnao,Unnao
Uttar Pradesh,Rice,2025,5,2025-05-01,Uttaripura APMC,2132.79,uttaripura,Jaunpur
Uttar Pradesh,Rice,2025,5,2025-05-01,Vilthararoad APMC,,vilthararoad,Ballia
Uttar Pradesh,Rice,2025,5,2025-05-01,Viswan APMC,2062.6,viswan,Sitapur
Uttar Pradesh,Rice,2025,5,2025-05-01,Wazirganj APMC,,wazirganj,Budaun
Uttar Pradesh,Rice,2025,6,2025-06-01,Ahirora APMC,2400.0,ahirora,Mirzapur
Uttar Pradesh,Rice,2025,6,2025-06-01,Akbarpur APMC,2215.0,akbarpur,Ambedkarnagar
Uttar Pradesh,Rice,2025,6,2025-06-01,Aligarh APMC,2087.96,aligarh,Aligarh
Uttar Pradesh,Rice,2025,6,2025-06-01,Anwala APMC,,anwala,Bareilly
Uttar Pradesh,Rice,2025,6,2025-06-01,Ayodhya APMC,2106.1,ayodhya,Ayodhya
Uttar Pradesh,Rice,2025,6,2025-06-01,Babrala APMC,2335.65,babrala,Budaun
Uttar Pradesh,Rice,2025,6,2025-06-01,Bachranwa APMC,2300.75,bachranwa,Rae Bareli
Uttar Pradesh,Rice,2025,6,2025-06-01,Badayoun APMC,2067.11,badayoun,Budaun
Uttar Pradesh,Rice,2025,6,2025-06-01,Baheri APMC,2322.36,baheri,Bareilly
Uttar Pradesh,Rice,2025,6,2025-06-01,Bahraich APMC,2065.09,bahraich,Bahraich
Uttar Pradesh,Rice,2025,6,2025-06-01,Balrampur APMC,2018.98,balrampur,Balrampur
Uttar Pradesh,Rice,2025,6,2025-06-01,Bangarmau APMC,2300.0,bangarmau,Unnao
Uttar Pradesh,Rice,2025,6,2025-06-01,Banthara APMC,2488.87,banthara,Lucknow
Uttar Pradesh,Rice,2025,6,2025-06-01,Bareilly APMC,,bareilly,Bareilly
Uttar Pradesh,Rice,2025,6,2025-06-01,Baripaal APMC,2339.91,baripaal,Jaunpur
Uttar Pradesh,Rice,2025,6,2025-06-01,Basti APMC,2291.76,basti,Basti
Uttar Pradesh,Rice,2025,6,2025-06-01,Bharwari APMC,2300.0,bharwari,Kaushambi
Uttar Pradesh,Rice,2025,6,2025-06-01,Bhinga APMC,1996.46,bhinga,Shravasti
Uttar Pradesh,Rice,2025,6,2025-06-01,Bilaspur APMC,2215.0,bilaspur,Rampur
Uttar Pradesh,Rice,2025,6,2025-06-01,Bilsi APMC,,bilsi,Budaun
Uttar Pradesh,Rice,2025,6,2025-06-01,Bindki APMC,2227.41,bindki,Fatehpur
Uttar Pradesh,Rice,2025,6,2025-06-01,Bisoli APMC,2084.64,bisoli,Badaun
Uttar Pradesh,Rice,2025,6,2025-06-01,Chorichora APMC,2430.18,chorichora,Gorakhpur
Uttar Pradesh,Rice,2025,6,2025-06-01,Colonelganj APMC,2100.0,colonelganj,Gonda
Uttar Pradesh,Rice,2025,6,2025-06-01,Devariya APMC,2137.78,devariya,Deoria
Uttar Pradesh,Rice,2025,6,2025-06-01,Etah APMC,,etah,Etah
Uttar Pradesh,Rice,2025,6,2025-06-01,Fatehpur APMC,,fatehpur,Fatehpur
Uttar Pradesh,Rice,2025,6,2025-06-01,Golagokarnath APMC,1924.06,golagokarnath,Lalitpur
Uttar Pradesh,Rice,2025,6,2025-06-01,Gonda APMC,2120.41,gonda,Gonda
Uttar Pradesh,Rice,2025,6,2025-06-01,Gorakhpur APMC,2075.97,gorakhpur,Gorakhpur
Uttar Pradesh,Rice,2025,6,2025-06-01,Hardoi APMC,2303.68,hardoi,Hardoi
Uttar Pradesh,Rice,2025,6,2025-06-01,Jafarganj APMC,2260.0,jafarganj,Amethi
Uttar Pradesh,Rice,2025,6,2025-06-01,Jahanabad APMC,2320.0,jahanabad,Fatehpur
Uttar Pradesh,Rice,2025,6,2025-06-01,Jamanian APMC,2350.0,jamanian,Ghazipur
Uttar Pradesh,Rice,2025,6,2025-06-01,Jasra APMC,2300.0,jasra,Prayagraj
Uttar Pradesh,Rice,2025,6,2025-06-01,Jayas APMC,2267.92,jayas,Rae Bareli
Uttar Pradesh,Rice,2025,6,2025-06-01,Jhijhank APMC,,jhijhank,Kanpur Dehat
Uttar Pradesh,Rice,2025,6,2025-06-01,Kamlaganj APMC,2097.5,kamlaganj,Farrukhabad
Uttar Pradesh,Rice,2025,6,2025-06-01,Kishunpur APMC,2094.74,kishunpur,Bahraich
Uttar Pradesh,Rice,2025,6,2025-06-01,Kurara APMC,2450.0,kurara,Hamirpur
Uttar Pradesh,Rice,2025,6,2025-06-01,Lakhimpur APMC,2007.39,lakhimpur,Lalitpur
Uttar Pradesh,Rice,2025,6,2025-06-01,Lalganj APMC,2354.93,lalganj,Rae Bareli
Uttar Pradesh,Rice,2025,6,2025-06-01,Lediyari APMC,,lediyari,Prayagraj
Uttar Pradesh,Rice,2025,6,2025-06-01,Lucknow APMC,2249.47,lucknow,Lucknow
Uttar Pradesh,Rice,2025,6,2025-06-01,Madhoganj APMC,2299.6,madhoganj,Hardoi
Uttar Pradesh,Rice,2025,6,2025-06-01,Maigalganj APMC,,maigalganj,Gorakhpur
Uttar Pradesh,Rice,2025,6,2025-06-01,Mehmoodabad APMC,,mehmoodabad,Sitapur
Uttar Pradesh,Rice,2025,6,2025-06-01,Mohamadabad APMC,,mohamadabad,Farrukhabad
Uttar Pradesh,Rice,2025,6,2025-06-01,Mohammdi APMC,1889.85,mohammdi,Kheri
Uttar Pradesh,Rice,2025,6,2025-06-01,Naanpara APMC,,naanpara,Bahraich
Uttar Pradesh,Rice,2025,6,2025-06-01,Naugarh APMC,2275.96,naugarh,Siddharthnagar
Uttar Pradesh,Rice,2025,6,2025-06-01,Nautnava APMC,2522.22,nautnava,Maharajganj
Uttar Pradesh,Rice,2025,6,2025-06-01,Nawabganj APMC,2114.17,nawabganj,Gonda
Uttar Pradesh,Rice,2025,6,2025-06-01,Paliakala APMC,,paliakala,Lakhimpur Kheri
Uttar Pradesh,Rice,2025,6,2025-06-01,Panchpedwa APMC,2400.41,panchpedwa,Balrampur
Uttar Pradesh,Rice,2025,6,2025-06-01,Partaval APMC,2072.65,partaval,Mahrajganj
Uttar Pradesh,Rice,2025,6,2025-06-01,Powayan APMC,,powayan,Shahjahanpur
Uttar Pradesh,Rice,2025,6,2025-06-01,Prayagraj APMC,2291.95,prayagraj,Prayagraj
Uttar Pradesh,Rice,2025,6,2025-06-01,Raibareilly APMC,2311.06,raibareilly,Rae Bareli
Uttar Pradesh,Rice,2025,6,2025-06-01,Richha APMC,2325.68,richha,Bareilly
Uttar Pradesh,Rice,2025,6,2025-06-01,Rudauli APMC,,rudauli,Ayodhya
Uttar Pradesh,Rice,2025,6,2025-06-01,Rura APMC,2400.0,rura,Kanpur Dehat
Uttar Pradesh,Rice,2025,6,2025-06-01,Safdarganj APMC,2151.55,safdarganj,Barabanki
Uttar Pradesh,Rice,2025,6,2025-06-01,Sahiyapur APMC,2324.54,sahiyapur,Siddharthnagar
Uttar Pradesh,Rice,2025,6,2025-06-01,Salon APMC,2319.36,salon,Rae Bareli
Uttar Pradesh,Rice,2025,6,2025-06-01,Sandi APMC,2302.1,sandi,Hardoi
Uttar Pradesh,Rice,2025,6,2025-06-01,Sandila APMC,2282.72,sandila,Hardoi
Uttar Pradesh,Rice,2025,6,2025-06-01,Shahabad(New Mandi) APMC,2300.0,shahabad(new mandi),Hardoi
Uttar Pradesh,Rice,2025,6,2025-06-01,Sirsa APMC,2258.48,sirsa,Gautam Buddha Nagar
Uttar Pradesh,Rice,2025,6,2025-06-01,Sitapur APMC,2087.89,sitapur,Sitapur
Uttar Pradesh,Rice,2025,6,2025-06-01,Sultanpur APMC,,sultanpur,Amethi
Uttar Pradesh,Rice,2025,6,2025-06-01,Tamkuhi road APMC,,tamkuhi road,Kushinagar
Uttar Pradesh,Rice,2025,6,2025-06-01,Tilhar APMC,,tilhar,Shahjahanpur
Uttar Pradesh,Rice,2025,6,2025-06-01,Tulsipur APMC,2012.23,tulsipur,Balrampur
Uttar Pradesh,Rice,2025,6,2025-06-01,Unnao APMC,2300.47,unnao,Unnao
Uttar Pradesh,Rice,2025,6,2025-06-01,Uttaripura APMC,,uttaripura,Jaunpur
Uttar Pradesh,Rice,2025,6,2025-06-01,Viswan APMC,2077.55,viswan,Sitapur
Uttar Pradesh,Rice,2025,6,2025-06-01,Wazirganj APMC,,wazirganj,Budaun
