State,Crop,Calendar_Year,Month,Month_Date,Market,Monthly_Price,Market_Key,District
Uttar Pradesh,Wheat,2021,1,2021-01-01,Achalda APMC,1680.49,achalda,Auraiya
Uttar Pradesh,Wheat,2021,1,2021-01-01,Achnera APMC,1704.88,achnera,Agra
Uttar Pradesh,Wheat,2021,1,2021-01-01,Agra APMC,1664.65,agra,Agra
Uttar Pradesh,Wheat,2021,1,2021-01-01,Ait APMC,1681.49,ait,Jalaun
Uttar Pradesh,Wheat,2021,1,2021-01-01,Ajuha APMC,1673.18,ajuha,Prayagraj
Uttar Pradesh,Wheat,2021,1,2021-01-01,Akbarpur APMC,,akbarpur,Ambedkarnagar
Uttar Pradesh,Wheat,2021,1,2021-01-01,Aliganj APMC,1641.71,aliganj,Etah
Uttar Pradesh,Wheat,2021,1,2021-01-01,Aligarh APMC,1753.4,aligarh,Aligarh
Uttar Pradesh,Wheat,2021,1,2021-01-01,Amroha APMC,1716.55,amroha,Amroha
Uttar Pradesh,Wheat,2021,1,2021-01-01,Anandnagar APMC,1722.5,anandnagar,Mahrajganj
Uttar Pradesh,Wheat,2021,1,2021-01-01,Atarra APMC,1578.59,atarra,Banda
Uttar Pradesh,Wheat,2021,1,2021-01-01,Atrauli APMC,1751.26,atrauli,Aligarh
Uttar Pradesh,Wheat,2021,1,2021-01-01,Auraiya APMC,1694.39,auraiya,Auraiya
Uttar Pradesh,Wheat,2021,1,2021-01-01,Ayodhya APMC,1701.27,ayodhya,Ayodhya
Uttar Pradesh,Wheat,2021,1,2021-01-01,Azamgarh APMC,1739.16,azamgarh,Azamgarh
Uttar Pradesh,Wheat,2021,1,2021-01-01,Baberu APMC,1584.49,baberu,Banda
Uttar Pradesh,Wheat,2021,1,2021-01-01,Babrala APMC,1792.87,babrala,Budaun
Uttar Pradesh,Wheat,2021,1,2021-01-01,Bachranwa APMC,,bachranwa,Rae Bareli
Uttar Pradesh,Wheat,2021,1,2021-01-01,Badayoun APMC,1717.05,badayoun,Budaun
Uttar Pradesh,Wheat,2021,1,2021-01-01,Badda APMC,,badda,Shahjahanpur
Uttar Pradesh,Wheat,2021,1,2021-01-01,Bahraich APMC,1724.16,bahraich,Bahraich
Uttar Pradesh,Wheat,2021,1,2021-01-01,Ballia APMC,1756.69,ballia,Ballia
Uttar Pradesh,Wheat,2021,1,2021-01-01,Balrampur APMC,1703.8,balrampur,Balrampur
Uttar Pradesh,Wheat,2021,1,2021-01-01,Banda APMC,1573.93,banda,Banda
Uttar Pradesh,Wheat,2021,1,2021-01-01,Bangarmau APMC,1663.08,bangarmau,Unnao
Uttar Pradesh,Wheat,2021,1,2021-01-01,Bansi APMC,1745.0,bansi,Siddharthnagar
Uttar Pradesh,Wheat,2021,1,2021-01-01,Banthara APMC,,banthara,Lucknow
Uttar Pradesh,Wheat,2021,1,2021-01-01,Barabanki APMC,1697.91,barabanki,Bara Banki
Uttar Pradesh,Wheat,2021,1,2021-01-01,Baraut APMC,,baraut,Baghpat
Uttar Pradesh,Wheat,2021,1,2021-01-01,Bareilly APMC,1716.66,bareilly,Bareilly
Uttar Pradesh,Wheat,2021,1,2021-01-01,Barhaj APMC,1740.09,barhaj,Deoria
Uttar Pradesh,Wheat,2021,1,2021-01-01,Baripaal APMC,1527.59,baripaal,Jaunpur
Uttar Pradesh,Wheat,2021,1,2021-01-01,Basti APMC,1730.11,basti,Basti
Uttar Pradesh,Wheat,2021,1,2021-01-01,Bewar APMC,1548.09,bewar,Mainpuri
Uttar Pradesh,Wheat,2021,1,2021-01-01,Bharthna APMC,1691.35,bharthna,Etawah
Uttar Pradesh,Wheat,2021,1,2021-01-01,Bharuasumerpur APMC,1636.43,bharuasumerpur,Hamirpur
Uttar Pradesh,Wheat,2021,1,2021-01-01,Bharwari APMC,,bharwari,Kaushambi
Uttar Pradesh,Wheat,2021,1,2021-01-01,Bhehjoi APMC,1638.69,bhehjoi,Sambhal
Uttar Pradesh,Wheat,2021,1,2021-01-01,Bijnaur APMC,1719.55,bijnaur,Bijnor
Uttar Pradesh,Wheat,2021,1,2021-01-01,Bilaspur APMC,1713.67,bilaspur,Rampur
Uttar Pradesh,Wheat,2021,1,2021-01-01,Bilsi APMC,1705.62,bilsi,Budaun
Uttar Pradesh,Wheat,2021,1,2021-01-01,Bindki APMC,1675.03,bindki,Fatehpur
Uttar Pradesh,Wheat,2021,1,2021-01-01,Bishalpur APMC,1705.57,bishalpur,Pilibhit
Uttar Pradesh,Wheat,2021,1,2021-01-01,Bisoli APMC,,bisoli,Badaun
Uttar Pradesh,Wheat,2021,1,2021-01-01,Buland Shahr APMC,1775.05,buland shahr,Bulandshahr
Uttar Pradesh,Wheat,2021,1,2021-01-01,Chandausi APMC,1717.94,chandausi,Sambhal
Uttar Pradesh,Wheat,2021,1,2021-01-01,Chandoli APMC,1735.7,chandoli,Chandauli
Uttar Pradesh,Wheat,2021,1,2021-01-01,Charra APMC,1749.77,charra,Aligarh
Uttar Pradesh,Wheat,2021,1,2021-01-01,Chhibramau APMC,1689.05,chhibramau,Kannauj
Uttar Pradesh,Wheat,2021,1,2021-01-01,Chirgaon APMC,1674.33,chirgaon,Jhansi
Uttar Pradesh,Wheat,2021,1,2021-01-01,Chitwadagaon APMC,1739.33,chitwadagaon,Ballia
Uttar Pradesh,Wheat,2021,1,2021-01-01,Chorichora APMC,1744.41,chorichora,Gorakhpur
Uttar Pradesh,Wheat,2021,1,2021-01-01,Choubepur APMC,1721.86,choubepur,Jaunpur
Uttar Pradesh,Wheat,2021,1,2021-01-01,DADRI APMC,1760.9,dadri,Gautam Buddha Nagar
Uttar Pradesh,Wheat,2021,1,2021-01-01,Dankaur APMC,1750.58,dankaur,Gautam Buddha Nagar
Uttar Pradesh,Wheat,2021,1,2021-01-01,Devariya APMC,1748.21,devariya,Deoria
Uttar Pradesh,Wheat,2021,1,2021-01-01,Dhanaura APMC,1900.0,dhanaura,Amroha
Uttar Pradesh,Wheat,2021,1,2021-01-01,Dibiapur APMC,,dibiapur,Auraiya
Uttar Pradesh,Wheat,2021,1,2021-01-01,Divai APMC,,divai,Bulandshahar
Uttar Pradesh,Wheat,2021,1,2021-01-01,Doharighat APMC,,doharighat,Azamgarh
Uttar Pradesh,Wheat,2021,1,2021-01-01,Etah APMC,1708.66,etah,Etah
Uttar Pradesh,Wheat,2021,1,2021-01-01,Etawah APMC,1705.88,etawah,Etawah
Uttar Pradesh,Wheat,2021,1,2021-01-01,Farukhabad APMC,1681.83,farukhabad,Farrukhabad
Uttar Pradesh,Wheat,2021,1,2021-01-01,Fatehabad APMC,1609.33,fatehabad,Agra
Uttar Pradesh,Wheat,2021,1,2021-01-01,Fatehpur APMC,1632.03,fatehpur,Fatehpur
Uttar Pradesh,Wheat,2021,1,2021-01-01,Fatehpur Sikri APMC,1651.81,fatehpur sikri,Agra
Uttar Pradesh,Wheat,2021,1,2021-01-01,Firozabad APMC,1725.83,firozabad,Firozabad
Uttar Pradesh,Wheat,2021,1,2021-01-01,Gadaura APMC,1849.2,gadaura,Maharajganj
Uttar Pradesh,Wheat,2021,1,2021-01-01,Gangoh APMC,,gangoh,Saharanpur
Uttar Pradesh,Wheat,2021,1,2021-01-01,Gazipur APMC,1731.94,gazipur,Azamgarh
Uttar Pradesh,Wheat,2021,1,2021-01-01,Ghaziabad APMC,1827.75,ghaziabad,Ghaziabad
Uttar Pradesh,Wheat,2021,1,2021-01-01,Ghiraur APMC,1590.45,ghiraur,Mainpuri
Uttar Pradesh,Wheat,2021,1,2021-01-01,Golagokarnath APMC,1719.29,golagokarnath,Lalitpur
Uttar Pradesh,Wheat,2021,1,2021-01-01,Gonda APMC,1689.68,gonda,Gonda
Uttar Pradesh,Wheat,2021,1,2021-01-01,Gopiganj APMC,,gopiganj,Bhadohi
Uttar Pradesh,Wheat,2021,1,2021-01-01,Gorakhpur APMC,1729.7,gorakhpur,Gorakhpur
Uttar Pradesh,Wheat,2021,1,2021-01-01,Gurusarai APMC,1580.0,gurusarai,Jhansi
Uttar Pradesh,Wheat,2021,1,2021-01-01,Haathras APMC,1722.55,haathras,Hathras
Uttar Pradesh,Wheat,2021,1,2021-01-01,Haldaur APMC,1700.0,haldaur,Bijnor
Uttar Pradesh,Wheat,2021,1,2021-01-01,Hamirpur APMC,1675.0,hamirpur,Hamirpur
Uttar Pradesh,Wheat,2021,1,2021-01-01,Hapur APMC,1779.61,hapur,Ghaziabad
Uttar Pradesh,Wheat,2021,1,2021-01-01,Hardoi APMC,1686.79,hardoi,Hardoi
Uttar Pradesh,Wheat,2021,1,2021-01-01,Hargaon (Laharpur) APMC,,hargaon (laharpur),Sitapur
Uttar Pradesh,Wheat,2021,1,2021-01-01,Hasanpur APMC,,hasanpur,Amroha
Uttar Pradesh,Wheat,2021,1,2021-01-01,Jafarganj APMC,1714.09,jafarganj,Amethi
Uttar Pradesh,Wheat,2021,1,2021-01-01,Jagnair APMC,1642.21,jagnair,Agra
Uttar Pradesh,Wheat,2021,1,2021-01-01,Jahanabad APMC,,jahanabad,Fatehpur
Uttar Pradesh,Wheat,2021,1,2021-01-01,Jahangirabad APMC,,jahangirabad,Bulandshahar
Uttar Pradesh,Wheat,2021,1,2021-01-01,Jalaun APMC,1650.35,jalaun,Jalaun
Uttar Pradesh,Wheat,2021,1,2021-01-01,Jangipura APMC,1735.25,jangipura,Ghazipur
Uttar Pradesh,Wheat,2021,1,2021-01-01,Jasra APMC,,jasra,Prayagraj
Uttar Pradesh,Wheat,2021,1,2021-01-01,Jaunpur APMC,1719.04,jaunpur,Jaunpur
Uttar Pradesh,Wheat,2021,1,2021-01-01,Jayas APMC,1676.05,jayas,Rae Bareli
Uttar Pradesh,Wheat,2021,1,2021-01-01,Jhansi APMC,1608.73,jhansi,Jhansi
Uttar Pradesh,Wheat,2021,1,2021-01-01,Jhijhank APMC,1679.67,jhijhank,Kanpur Dehat
Uttar Pradesh,Wheat,2021,1,2021-01-01,Kalpi APMC,1621.85,kalpi,Jalaun
Uttar Pradesh,Wheat,2021,1,2021-01-01,Kamlaganj APMC,1593.41,kamlaganj,Farrukhabad
Uttar Pradesh,Wheat,2021,1,2021-01-01,Kannauj APMC,1697.82,kannauj,Kannauj
Uttar Pradesh,Wheat,2021,1,2021-01-01,Kanpur(Grain) APMC,1722.07,kanpur(grain),Jaunpur
Uttar Pradesh,Wheat,2021,1,2021-01-01,Karvi APMC,1604.9,karvi,Chitrakoot
Uttar Pradesh,Wheat,2021,1,2021-01-01,Kasganj APMC,1694.15,kasganj,Kasganj
Uttar Pradesh,Wheat,2021,1,2021-01-01,Kayamganj APMC,1678.49,kayamganj,Farrukhabad
Uttar Pradesh,Wheat,2021,1,2021-01-01,Khaga APMC,1840.0,khaga,Fatehpur
Uttar Pradesh,Wheat,2021,1,2021-01-01,Khair APMC,1729.78,khair,Aligarh
Uttar Pradesh,Wheat,2021,1,2021-01-01,Khairagarh APMC,1584.59,khairagarh,Agra
Uttar Pradesh,Wheat,2021,1,2021-01-01,Khalilabad APMC,1844.13,khalilabad,Sant Kabir Nagar
Uttar Pradesh,Wheat,2021,1,2021-01-01,Khurja APMC,1772.14,khurja,Bulandshahr
Uttar Pradesh,Wheat,2021,1,2021-01-01,Kishunpur APMC,1700.0,kishunpur,Bahraich
Uttar Pradesh,Wheat,2021,1,2021-01-01,Konch APMC,1624.9,konch,Jalaun
Uttar Pradesh,Wheat,2021,1,2021-01-01,Kopaganj APMC,1741.12,kopaganj,
Uttar Pradesh,Wheat,2021,1,2021-01-01,Kosikalan APMC,1654.67,kosikalan,Mathura
Uttar Pradesh,Wheat,2021,1,2021-01-01,Kurara APMC,1536.37,kurara,Hamirpur
Uttar Pradesh,Wheat,2021,1,2021-01-01,Lakhimpur APMC,1713.86,lakhimpur,Lalitpur
Uttar Pradesh,Wheat,2021,1,2021-01-01,Lalganj APMC,1605.41,lalganj,Rae Bareli
Uttar Pradesh,Wheat,2021,1,2021-01-01,Lalitpur APMC,1680.43,lalitpur,Lalitpur
Uttar Pradesh,Wheat,2021,1,2021-01-01,Lucknow APMC,1683.32,lucknow,Lucknow
Uttar Pradesh,Wheat,2021,1,2021-01-01,Madhoganj APMC,1673.85,madhoganj,Hardoi
Uttar Pradesh,Wheat,2021,1,2021-01-01,Madhogarh APMC,1646.92,madhogarh,Jalaun
Uttar Pradesh,Wheat,2021,1,2021-01-01,Maharajganj APMC,1798.66,maharajganj,Rae Bareli
Uttar Pradesh,Wheat,2021,1,2021-01-01,Mahoba APMC,1633.67,mahoba,Mahoba
Uttar Pradesh,Wheat,2021,1,2021-01-01,Maigalganj APMC,1659.23,maigalganj,Gorakhpur
Uttar Pradesh,Wheat,2021,1,2021-01-01,Mainpuri APMC,1642.54,mainpuri,Mainpuri
Uttar Pradesh,Wheat,2021,1,2021-01-01,Mathura APMC,1682.49,mathura,Mathura
Uttar Pradesh,Wheat,2021,1,2021-01-01,Maudaha APMC,1631.87,maudaha,Hamirpur
Uttar Pradesh,Wheat,2021,1,2021-01-01,Mauranipur APMC,1601.99,mauranipur,Jhansi
Uttar Pradesh,Wheat,2021,1,2021-01-01,Mawana APMC,1743.01,mawana,Meerut
Uttar Pradesh,Wheat,2021,1,2021-01-01,Meerut APMC,1743.44,meerut,Meerut
Uttar Pradesh,Wheat,2021,1,2021-01-01,Mehmoodabad APMC,1626.75,mehmoodabad,Sitapur
Uttar Pradesh,Wheat,2021,1,2021-01-01,Milak APMC,1715.95,milak,Rampur
Uttar Pradesh,Wheat,2021,1,2021-01-01,Mirzapur APMC,1724.32,mirzapur,Mirzapur
Uttar Pradesh,Wheat,2021,1,2021-01-01,Mohamadabad APMC,1688.91,mohamadabad,Farrukhabad
Uttar Pradesh,Wheat,2021,1,2021-01-01,Mohammdi APMC,,mohammdi,Kheri
Uttar Pradesh,Wheat,2021,1,2021-01-01,Mugrabaadshahpur APMC,1723.07,mugrabaadshahpur,Jaunpur
Uttar Pradesh,Wheat,2021,1,2021-01-01,Muradabad APMC,1712.61,muradabad,Sambhal
Uttar Pradesh,Wheat,2021,1,2021-01-01,Muskara APMC,1632.16,muskara,Mahoba
Uttar Pradesh,Wheat,2021,1,2021-01-01,Muzzafarnagar APMC,1744.45,muzzafarnagar,Muzaffarnagar
Uttar Pradesh,Wheat,2021,1,2021-01-01,Naanpara APMC,1716.65,naanpara,Bahraich
Uttar Pradesh,Wheat,2021,1,2021-01-01,Naugarh APMC,1737.59,naugarh,Siddharthnagar
Uttar Pradesh,Wheat,2021,1,2021-01-01,Nautnava APMC,,nautnava,Maharajganj
Uttar Pradesh,Wheat,2021,1,2021-01-01,Nawabganj APMC,1691.81,nawabganj,Gonda
Uttar Pradesh,Wheat,2021,1,2021-01-01,Orai APMC,1644.81,orai,Jalaun
Uttar Pradesh,Wheat,2021,1,2021-01-01,Paliakala APMC,1694.88,paliakala,Kheri
Uttar Pradesh,Wheat,2021,1,2021-01-01,Panchpedwa APMC,1660.75,panchpedwa,Balrampur
Uttar Pradesh,Wheat,2021,1,2021-01-01,Partaval APMC,1733.84,partaval,Mahrajganj
Uttar Pradesh,Wheat,2021,1,2021-01-01,Payagpur APMC,,payagpur,Bahraich
Uttar Pradesh,Wheat,2021,1,2021-01-01,Pilibhit APMC,1710.02,pilibhit,Pilibhit
Uttar Pradesh,Wheat,2021,1,2021-01-01,Powayan APMC,1704.51,powayan,Shahjahanpur
Uttar Pradesh,Wheat,2021,1,2021-01-01,Pratapgarh APMC,1744.96,pratapgarh,Pratapgarh
Uttar Pradesh,Wheat,2021,1,2021-01-01,Prayagraj APMC,,prayagraj,Prayagraj
Uttar Pradesh,Wheat,2021,1,2021-01-01,Pukharayan APMC,1683.48,pukharayan,Kanpur Dehat
Uttar Pradesh,Wheat,2021,1,2021-01-01,Puranpur APMC,1709.7,puranpur,Pilibhit
Uttar Pradesh,Wheat,2021,1,2021-01-01,Purwa APMC,1672.81,purwa,Unnao
Uttar Pradesh,Wheat,2021,1,2021-01-01,Raath APMC,1652.98,raath,Hamirpur
Uttar Pradesh,Wheat,2021,1,2021-01-01,Raibareilly APMC,1622.01,raibareilly,Rae Bareli
Uttar Pradesh,Wheat,2021,1,2021-01-01,Rampur APMC,1720.27,rampur,Rampur
Uttar Pradesh,Wheat,2021,1,2021-01-01,Rasda APMC,1733.08,rasda,Ballia
Uttar Pradesh,Wheat,2021,1,2021-01-01,Robertsganj APMC,1871.53,robertsganj,Sonbhadra
Uttar Pradesh,Wheat,2021,1,2021-01-01,Rudauli APMC,,rudauli,Ayodhya
Uttar Pradesh,Wheat,2021,1,2021-01-01,Rura APMC,1632.52,rura,Kanpur Dehat
Uttar Pradesh,Wheat,2021,1,2021-01-01,Safdarganj APMC,,safdarganj,Barabanki
Uttar Pradesh,Wheat,2021,1,2021-01-01,Saharanpur APMC,1737.99,saharanpur,Saharanpur
Uttar Pradesh,Wheat,2021,1,2021-01-01,Sahiyapur APMC,1742.67,sahiyapur,Siddharthnagar
Uttar Pradesh,Wheat,2021,1,2021-01-01,Salon APMC,1716.48,salon,Rae Bareli
Uttar Pradesh,Wheat,2021,1,2021-01-01,Samsabad APMC,,samsabad,Agra
Uttar Pradesh,Wheat,2021,1,2021-01-01,Sandi APMC,,sandi,Hardoi
Uttar Pradesh,Wheat,2021,1,2021-01-01,Sandila APMC,1670.63,sandila,Hardoi
Uttar Pradesh,Wheat,2021,1,2021-01-01,Sehjanwa APMC,1729.72,sehjanwa,Gorakhpur
Uttar Pradesh,Wheat,2021,1,2021-01-01,Shahabad(New Mandi) APMC,1679.23,shahabad(new mandi),Hardoi
Uttar Pradesh,Wheat,2021,1,2021-01-01,Shahganj APMC,1722.02,shahganj,Jaunpur
Uttar Pradesh,Wheat,2021,1,2021-01-01,Shahjahanpur APMC,1709.19,shahjahanpur,Shahjahanpur
Uttar Pradesh,Wheat,2021,1,2021-01-01,Shahpur APMC,,shahpur,Muzaffarnagar
Uttar Pradesh,Wheat,2021,1,2021-01-01,Shamli APMC,1743.67,shamli,Shamli
Uttar Pradesh,Wheat,2021,1,2021-01-01,Shikohabad APMC,1634.08,shikohabad,Firozabad
Uttar Pradesh,Wheat,2021,1,2021-01-01,Sikandraraau APMC,1697.5,sikandraraau,Hathras
Uttar Pradesh,Wheat,2021,1,2021-01-01,Sirsaganj APMC,1800.0,sirsaganj,Firozabad
Uttar Pradesh,Wheat,2021,1,2021-01-01,Sitapur APMC,1634.94,sitapur,Sitapur
Uttar Pradesh,Wheat,2021,1,2021-01-01,Sultanpur APMC,1761.6,sultanpur,Amethi
Uttar Pradesh,Wheat,2021,1,2021-01-01,Tikonia APMC,1842.65,tikonia,Kheri
Uttar Pradesh,Wheat,2021,1,2021-01-01,Tulsipur APMC,1705.45,tulsipur,Balrampur
Uttar Pradesh,Wheat,2021,1,2021-01-01,Tundla APMC,1703.99,tundla,Firozabad
Uttar Pradesh,Wheat,2021,1,2021-01-01,Ujhani APMC,1718.08,ujhani,Budaun
Uttar Pradesh,Wheat,2021,1,2021-01-01,Unnao APMC,1658.05,unnao,Unnao
Uttar Pradesh,Wheat,2021,1,2021-01-01,Uttaripura APMC,1573.29,uttaripura,Jaunpur
Uttar Pradesh,Wheat,2021,1,2021-01-01,Varanasi APMC,1728.38,varanasi,Varanasi
Uttar Pradesh,Wheat,2021,1,2021-01-01,Viswan APMC,,viswan,Sitapur
Uttar Pradesh,Wheat,2021,1,2021-01-01,Wazirganj APMC,1717.52,wazirganj,Budaun
Uttar Pradesh,Wheat,2021,1,2021-01-01,Yusufpur APMC,,yusufpur,Ghazipur
Uttar Pradesh,Wheat,2021,2,2021-02-01,Achalda APMC,1664.6,achalda,Auraiya
Uttar Pradesh,Wheat,2021,2,2021-02-01,Achnera APMC,1725.42,achnera,Agra
Uttar Pradesh,Wheat,2021,2,2021-02-01,Agra APMC,1726.68,agra,Agra
Uttar Pradesh,Wheat,2021,2,2021-02-01,Ait APMC,1622.71,ait,Jalaun
Uttar Pradesh,Wheat,2021,2,2021-02-01,Ajuha APMC,1693.8,ajuha,Prayagraj
Uttar Pradesh,Wheat,2021,2,2021-02-01,Akbarpur APMC,1707.38,akbarpur,Ambedkarnagar
Uttar Pradesh,Wheat,2021,2,2021-02-01,Aliganj APMC,1688.11,aliganj,Etah
Uttar Pradesh,Wheat,2021,2,2021-02-01,Aligarh APMC,1714.54,aligarh,Aligarh
Uttar Pradesh,Wheat,2021,2,2021-02-01,Amroha APMC,1727.98,amroha,Amroha
Uttar Pradesh,Wheat,2021,2,2021-02-01,Anandnagar APMC,1707.35,anandnagar,Mahrajganj
Uttar Pradesh,Wheat,2021,2,2021-02-01,Anoop Shahar APMC,1723.71,anoop shahar,Bulandshahr
Uttar Pradesh,Wheat,2021,2,2021-02-01,Atarra APMC,1618.53,atarra,Banda
Uttar Pradesh,Wheat,2021,2,2021-02-01,Atrauli APMC,1751.28,atrauli,Aligarh
Uttar Pradesh,Wheat,2021,2,2021-02-01,Auraiya APMC,1653.61,auraiya,Auraiya
Uttar Pradesh,Wheat,2021,2,2021-02-01,Awagarh APMC,,awagarh,Etah
Uttar Pradesh,Wheat,2021,2,2021-02-01,Ayodhya APMC,1701.52,ayodhya,Ayodhya
Uttar Pradesh,Wheat,2021,2,2021-02-01,Azamgarh APMC,1728.86,azamgarh,Azamgarh
Uttar Pradesh,Wheat,2021,2,2021-02-01,Baberu APMC,1618.61,baberu,Banda
Uttar Pradesh,Wheat,2021,2,2021-02-01,Babrala APMC,1645.68,babrala,Budaun
Uttar Pradesh,Wheat,2021,2,2021-02-01,Bachranwa APMC,1675.0,bachranwa,Rae Bareli
Uttar Pradesh,Wheat,2021,2,2021-02-01,Badayoun APMC,1723.31,badayoun,Budaun
Uttar Pradesh,Wheat,2021,2,2021-02-01,Badda APMC,,badda,Shahjahanpur
Uttar Pradesh,Wheat,2021,2,2021-02-01,Bahraich APMC,1705.95,bahraich,Bahraich
Uttar Pradesh,Wheat,2021,2,2021-02-01,Ballia APMC,1757.23,ballia,Ballia
Uttar Pradesh,Wheat,2021,2,2021-02-01,Balrampur APMC,1736.2,balrampur,Balrampur
Uttar Pradesh,Wheat,2021,2,2021-02-01,Banda APMC,1625.19,banda,Banda
Uttar Pradesh,Wheat,2021,2,2021-02-01,Bangarmau APMC,1675.63,bangarmau,Unnao
Uttar Pradesh,Wheat,2021,2,2021-02-01,Bansi APMC,1700.0,bansi,Siddharthnagar
Uttar Pradesh,Wheat,2021,2,2021-02-01,Banthara APMC,,banthara,Lucknow
Uttar Pradesh,Wheat,2021,2,2021-02-01,Barabanki APMC,1683.56,barabanki,Bara Banki
Uttar Pradesh,Wheat,2021,2,2021-02-01,Baraut APMC,,baraut,Baghpat
Uttar Pradesh,Wheat,2021,2,2021-02-01,Bareilly APMC,1739.74,bareilly,Bareilly
Uttar Pradesh,Wheat,2021,2,2021-02-01,Barhaj APMC,1726.59,barhaj,Deoria
Uttar Pradesh,Wheat,2021,2,2021-02-01,Baripaal APMC,1598.53,baripaal,Jaunpur
Uttar Pradesh,Wheat,2021,2,2021-02-01,Basti APMC,1709.9,basti,Basti
Uttar Pradesh,Wheat,2021,2,2021-02-01,Bewar APMC,1601.14,bewar,Mainpuri
Uttar Pradesh,Wheat,2021,2,2021-02-01,Bharthna APMC,1651.4,bharthna,Etawah
Uttar Pradesh,Wheat,2021,2,2021-02-01,Bharuasumerpur APMC,1644.6,bharuasumerpur,Hamirpur
Uttar Pradesh,Wheat,2021,2,2021-02-01,Bharwari APMC,,bharwari,Kaushambi
Uttar Pradesh,Wheat,2021,2,2021-02-01,Bhehjoi APMC,1625.0,bhehjoi,Sambhal
Uttar Pradesh,Wheat,2021,2,2021-02-01,Bijnaur APMC,1728.33,bijnaur,Bijnor
Uttar Pradesh,Wheat,2021,2,2021-02-01,Bilaspur APMC,1720.0,bilaspur,Rampur
Uttar Pradesh,Wheat,2021,2,2021-02-01,Bilsi APMC,1719.0,bilsi,Budaun
Uttar Pradesh,Wheat,2021,2,2021-02-01,Bindki APMC,1711.14,bindki,Fatehpur
Uttar Pradesh,Wheat,2021,2,2021-02-01,Bishalpur APMC,1715.54,bishalpur,Pilibhit
Uttar Pradesh,Wheat,2021,2,2021-02-01,Bisoli APMC,,bisoli,Badaun
Uttar Pradesh,Wheat,2021,2,2021-02-01,Buland Shahr APMC,1792.45,buland shahr,Bulandshahr
Uttar Pradesh,Wheat,2021,2,2021-02-01,Chandausi APMC,1730.65,chandausi,Sambhal
Uttar Pradesh,Wheat,2021,2,2021-02-01,Chandoli APMC,1772.19,chandoli,Chandauli
Uttar Pradesh,Wheat,2021,2,2021-02-01,Charra APMC,1742.56,charra,Aligarh
Uttar Pradesh,Wheat,2021,2,2021-02-01,Chhibramau APMC,1703.73,chhibramau,Kannauj
Uttar Pradesh,Wheat,2021,2,2021-02-01,Chirgaon APMC,1625.15,chirgaon,Jhansi
Uttar Pradesh,Wheat,2021,2,2021-02-01,Chitwadagaon APMC,1745.65,chitwadagaon,Ballia
Uttar Pradesh,Wheat,2021,2,2021-02-01,Chorichora APMC,1717.18,chorichora,Gorakhpur
Uttar Pradesh,Wheat,2021,2,2021-02-01,Choubepur APMC,1758.51,choubepur,Jaunpur
Uttar Pradesh,Wheat,2021,2,2021-02-01,DADRI APMC,1753.25,dadri,Gautam Buddha Nagar
Uttar Pradesh,Wheat,2021,2,2021-02-01,Dankaur APMC,1751.86,dankaur,Gautam Buddha Nagar
Uttar Pradesh,Wheat,2021,2,2021-02-01,Dataganj APMC,1662.0,dataganj,Badaun
Uttar Pradesh,Wheat,2021,2,2021-02-01,Devariya APMC,1726.56,devariya,Deoria
Uttar Pradesh,Wheat,2021,2,2021-02-01,Dhanaura APMC,1900.0,dhanaura,Amroha
Uttar Pradesh,Wheat,2021,2,2021-02-01,Dibiapur APMC,1614.77,dibiapur,Auraiya
Uttar Pradesh,Wheat,2021,2,2021-02-01,Divai APMC,,divai,Bulandshahar
Uttar Pradesh,Wheat,2021,2,2021-02-01,Doharighat APMC,,doharighat,Azamgarh
Uttar Pradesh,Wheat,2021,2,2021-02-01,Etah APMC,1685.6,etah,Etah
Uttar Pradesh,Wheat,2021,2,2021-02-01,Etawah APMC,1676.33,etawah,Etawah
Uttar Pradesh,Wheat,2021,2,2021-02-01,Farukhabad APMC,1720.55,farukhabad,Farrukhabad
Uttar Pradesh,Wheat,2021,2,2021-02-01,Fatehabad APMC,1594.67,fatehabad,Agra
Uttar Pradesh,Wheat,2021,2,2021-02-01,Fatehpur APMC,1687.1,fatehpur,Fatehpur
Uttar Pradesh,Wheat,2021,2,2021-02-01,Fatehpur Sikri APMC,1757.23,fatehpur sikri,Agra
Uttar Pradesh,Wheat,2021,2,2021-02-01,Firozabad APMC,1759.1,firozabad,Firozabad
Uttar Pradesh,Wheat,2021,2,2021-02-01,Gadaura APMC,1850.0,gadaura,Maharajganj
Uttar Pradesh,Wheat,2021,2,2021-02-01,Gangoh APMC,,gangoh,Saharanpur
Uttar Pradesh,Wheat,2021,2,2021-02-01,Gazipur APMC,1752.3,gazipur,Azamgarh
Uttar Pradesh,Wheat,2021,2,2021-02-01,Ghaziabad APMC,1802.28,ghaziabad,Ghaziabad
Uttar Pradesh,Wheat,2021,2,2021-02-01,Ghiraur APMC,1622.22,ghiraur,Mainpuri
Uttar Pradesh,Wheat,2021,2,2021-02-01,Golagokarnath APMC,1707.27,golagokarnath,Lalitpur
Uttar Pradesh,Wheat,2021,2,2021-02-01,Gonda APMC,1667.89,gonda,Gonda
Uttar Pradesh,Wheat,2021,2,2021-02-01,Gopiganj APMC,,gopiganj,Bhadohi
Uttar Pradesh,Wheat,2021,2,2021-02-01,Gorakhpur APMC,1706.22,gorakhpur,Gorakhpur
Uttar Pradesh,Wheat,2021,2,2021-02-01,Gurusarai APMC,1594.42,gurusarai,Jhansi
Uttar Pradesh,Wheat,2021,2,2021-02-01,Haathras APMC,1725.42,haathras,Hathras
Uttar Pradesh,Wheat,2021,2,2021-02-01,Haldaur APMC,1711.9,haldaur,Bijnor
Uttar Pradesh,Wheat,2021,2,2021-02-01,Hamirpur APMC,1633.18,hamirpur,Hamirpur
Uttar Pradesh,Wheat,2021,2,2021-02-01,Hapur APMC,1772.13,hapur,Ghaziabad
Uttar Pradesh,Wheat,2021,2,2021-02-01,Hardoi APMC,1732.46,hardoi,Hardoi
Uttar Pradesh,Wheat,2021,2,2021-02-01,Hargaon (Laharpur) APMC,,hargaon (laharpur),Sitapur
Uttar Pradesh,Wheat,2021,2,2021-02-01,Hasanpur APMC,,hasanpur,Amroha
Uttar Pradesh,Wheat,2021,2,2021-02-01,Jafarganj APMC,1677.09,jafarganj,Amethi
Uttar Pradesh,Wheat,2021,2,2021-02-01,Jagnair APMC,,jagnair,Agra
Uttar Pradesh,Wheat,2021,2,2021-02-01,Jahanabad APMC,,jahanabad,Fatehpur
Uttar Pradesh,Wheat,2021,2,2021-02-01,Jahangirabad APMC,1760.57,jahangirabad,Bulandshahar
Uttar Pradesh,Wheat,2021,2,2021-02-01,Jalaun APMC,1579.47,jalaun,Jalaun
Uttar Pradesh,Wheat,2021,2,2021-02-01,Jamanian APMC,,jamanian,Ghazipur
Uttar Pradesh,Wheat,2021,2,2021-02-01,Jangipura APMC,1750.69,jangipura,Ghazipur
Uttar Pradesh,Wheat,2021,2,2021-02-01,Jasra APMC,,jasra,Prayagraj
Uttar Pradesh,Wheat,2021,2,2021-02-01,Jaunpur APMC,1735.99,jaunpur,Jaunpur
Uttar Pradesh,Wheat,2021,2,2021-02-01,Jayas APMC,1706.73,jayas,Rae Bareli
Uttar Pradesh,Wheat,2021,2,2021-02-01,Jhansi APMC,1620.75,jhansi,Jhansi
Uttar Pradesh,Wheat,2021,2,2021-02-01,Jhijhank APMC,1710.38,jhijhank,Kanpur Dehat
Uttar Pradesh,Wheat,2021,2,2021-02-01,Kalpi APMC,1595.45,kalpi,Jalaun
Uttar Pradesh,Wheat,2021,2,2021-02-01,Kamlaganj APMC,1688.33,kamlaganj,Farrukhabad
Uttar Pradesh,Wheat,2021,2,2021-02-01,Kannauj APMC,1698.41,kannauj,Kannauj
Uttar Pradesh,Wheat,2021,2,2021-02-01,Kanpur(Grain) APMC,1703.08,kanpur(grain),Jaunpur
Uttar Pradesh,Wheat,2021,2,2021-02-01,Karvi APMC,1604.63,karvi,Chitrakoot
Uttar Pradesh,Wheat,2021,2,2021-02-01,Kasganj APMC,1695.23,kasganj,Kasganj
Uttar Pradesh,Wheat,2021,2,2021-02-01,Kayamganj APMC,1695.65,kayamganj,Farrukhabad
Uttar Pradesh,Wheat,2021,2,2021-02-01,Khaga APMC,1840.0,khaga,Fatehpur
Uttar Pradesh,Wheat,2021,2,2021-02-01,Khair APMC,1727.67,khair,Aligarh
Uttar Pradesh,Wheat,2021,2,2021-02-01,Khairagarh APMC,1627.4,khairagarh,Agra
Uttar Pradesh,Wheat,2021,2,2021-02-01,Khalilabad APMC,1775.0,khalilabad,Sant Kabir Nagar
Uttar Pradesh,Wheat,2021,2,2021-02-01,Khurja APMC,1803.64,khurja,Bulandshahr
Uttar Pradesh,Wheat,2021,2,2021-02-01,Kishunpur APMC,1704.93,kishunpur,Bahraich
Uttar Pradesh,Wheat,2021,2,2021-02-01,Konch APMC,1559.62,konch,Jalaun
Uttar Pradesh,Wheat,2021,2,2021-02-01,Kopaganj APMC,1734.87,kopaganj,
Uttar Pradesh,Wheat,2021,2,2021-02-01,Kosikalan APMC,1747.78,kosikalan,Mathura
Uttar Pradesh,Wheat,2021,2,2021-02-01,Kurara APMC,1567.8,kurara,Hamirpur
Uttar Pradesh,Wheat,2021,2,2021-02-01,Lakhimpur APMC,1697.27,lakhimpur,Lalitpur
Uttar Pradesh,Wheat,2021,2,2021-02-01,Lalganj APMC,1685.75,lalganj,Rae Bareli
Uttar Pradesh,Wheat,2021,2,2021-02-01,Lalitpur APMC,1633.9,lalitpur,Lalitpur
Uttar Pradesh,Wheat,2021,2,2021-02-01,Lucknow APMC,1699.51,lucknow,Lucknow
Uttar Pradesh,Wheat,2021,2,2021-02-01,Madhoganj APMC,1688.94,madhoganj,Hardoi
Uttar Pradesh,Wheat,2021,2,2021-02-01,Madhogarh APMC,1570.15,madhogarh,Jalaun
Uttar Pradesh,Wheat,2021,2,2021-02-01,Maharajganj APMC,1825.94,maharajganj,Rae Bareli
Uttar Pradesh,Wheat,2021,2,2021-02-01,Mahoba APMC,1640.62,mahoba,Mahoba
Uttar Pradesh,Wheat,2021,2,2021-02-01,Maigalganj APMC,1647.91,maigalganj,Gorakhpur
Uttar Pradesh,Wheat,2021,2,2021-02-01,Mainpuri APMC,1648.95,mainpuri,Mainpuri
Uttar Pradesh,Wheat,2021,2,2021-02-01,Mathura APMC,1732.89,mathura,Mathura
Uttar Pradesh,Wheat,2021,2,2021-02-01,Mau(Chitrakut) APMC,,mau(chitrakut),Chitrakut
Uttar Pradesh,Wheat,2021,2,2021-02-01,Maudaha APMC,1646.3,maudaha,Hamirpur
Uttar Pradesh,Wheat,2021,2,2021-02-01,Mauranipur APMC,1581.5,mauranipur,Jhansi
Uttar Pradesh,Wheat,2021,2,2021-02-01,Mawana APMC,1730.48,mawana,Meerut
Uttar Pradesh,Wheat,2021,2,2021-02-01,Meerut APMC,1731.11,meerut,Meerut
Uttar Pradesh,Wheat,2021,2,2021-02-01,Mehmoodabad APMC,1672.2,mehmoodabad,Sitapur
Uttar Pradesh,Wheat,2021,2,2021-02-01,Milak APMC,1732.06,milak,Rampur
Uttar Pradesh,Wheat,2021,2,2021-02-01,Mirzapur APMC,1733.57,mirzapur,Mirzapur
Uttar Pradesh,Wheat,2021,2,2021-02-01,Mohamadabad APMC,1694.01,mohamadabad,Farrukhabad
Uttar Pradesh,Wheat,2021,2,2021-02-01,Mugrabaadshahpur APMC,1731.61,mugrabaadshahpur,Jaunpur
Uttar Pradesh,Wheat,2021,2,2021-02-01,Muradabad APMC,1727.73,muradabad,Sambhal
Uttar Pradesh,Wheat,2021,2,2021-02-01,Muskara APMC,1610.33,muskara,Mahoba
Uttar Pradesh,Wheat,2021,2,2021-02-01,Muzzafarnagar APMC,1755.23,muzzafarnagar,Muzaffarnagar
Uttar Pradesh,Wheat,2021,2,2021-02-01,Naanpara APMC,1706.52,naanpara,Bahraich
Uttar Pradesh,Wheat,2021,2,2021-02-01,Naugarh APMC,1728.0,naugarh,Siddharthnagar
Uttar Pradesh,Wheat,2021,2,2021-02-01,Nautnava APMC,,nautnava,Maharajganj
Uttar Pradesh,Wheat,2021,2,2021-02-01,Nawabganj APMC,1666.84,nawabganj,Gonda
Uttar Pradesh,Wheat,2021,2,2021-02-01,Orai APMC,1591.97,orai,Jalaun
Uttar Pradesh,Wheat,2021,2,2021-02-01,Paliakala APMC,1682.72,paliakala,Kheri
Uttar Pradesh,Wheat,2021,2,2021-02-01,Panchpedwa APMC,1647.14,panchpedwa,Balrampur
Uttar Pradesh,Wheat,2021,2,2021-02-01,Partaval APMC,1733.23,partaval,Mahrajganj
Uttar Pradesh,Wheat,2021,2,2021-02-01,Payagpur APMC,,payagpur,Bahraich
Uttar Pradesh,Wheat,2021,2,2021-02-01,Pilibhit APMC,1711.19,pilibhit,Pilibhit
Uttar Pradesh,Wheat,2021,2,2021-02-01,Powayan APMC,1729.59,powayan,Shahjahanpur
Uttar Pradesh,Wheat,2021,2,2021-02-01,Pratapgarh APMC,1744.49,pratapgarh,Pratapgarh
Uttar Pradesh,Wheat,2021,2,2021-02-01,Prayagraj APMC,,prayagraj,Prayagraj
Uttar Pradesh,Wheat,2021,2,2021-02-01,Pukharayan APMC,1718.24,pukharayan,Kanpur Dehat
Uttar Pradesh,Wheat,2021,2,2021-02-01,Puranpur APMC,1714.5,puranpur,Pilibhit
Uttar Pradesh,Wheat,2021,2,2021-02-01,Purwa APMC,1685.81,purwa,Unnao
Uttar Pradesh,Wheat,2021,2,2021-02-01,Raath APMC,1592.22,raath,Hamirpur
Uttar Pradesh,Wheat,2021,2,2021-02-01,Raibareilly APMC,1688.12,raibareilly,Rae Bareli
Uttar Pradesh,Wheat,2021,2,2021-02-01,Rampur APMC,1720.51,rampur,Rampur
Uttar Pradesh,Wheat,2021,2,2021-02-01,Rasda APMC,1729.27,rasda,Ballia
Uttar Pradesh,Wheat,2021,2,2021-02-01,Richha APMC,,richha,Bareilly
Uttar Pradesh,Wheat,2021,2,2021-02-01,Robertsganj APMC,1892.01,robertsganj,Sonbhadra
Uttar Pradesh,Wheat,2021,2,2021-02-01,Rudauli APMC,,rudauli,Ayodhya
Uttar Pradesh,Wheat,2021,2,2021-02-01,Rura APMC,1694.48,rura,Kanpur Dehat
Uttar Pradesh,Wheat,2021,2,2021-02-01,Safdarganj APMC,,safdarganj,Barabanki
Uttar Pradesh,Wheat,2021,2,2021-02-01,Saharanpur APMC,1742.35,saharanpur,Saharanpur
Uttar Pradesh,Wheat,2021,2,2021-02-01,Sahiyapur APMC,1723.86,sahiyapur,Siddharthnagar
Uttar Pradesh,Wheat,2021,2,2021-02-01,Salon APMC,1719.03,salon,Rae Bareli
Uttar Pradesh,Wheat,2021,2,2021-02-01,Samsabad APMC,,samsabad,Agra
Uttar Pradesh,Wheat,2021,2,2021-02-01,Sandi APMC,1587.83,sandi,Hardoi
Uttar Pradesh,Wheat,2021,2,2021-02-01,Sandila APMC,1689.11,sandila,Hardoi
Uttar Pradesh,Wheat,2021,2,2021-02-01,Sehjanwa APMC,1721.42,sehjanwa,Gorakhpur
Uttar Pradesh,Wheat,2021,2,2021-02-01,Shahabad(New Mandi) APMC,1697.24,shahabad(new mandi),Hardoi
Uttar Pradesh,Wheat,2021,2,2021-02-01,Shahganj APMC,1724.37,shahganj,Jaunpur
Uttar Pradesh,Wheat,2021,2,2021-02-01,Shahjahanpur APMC,1730.22,shahjahanpur,Shahjahanpur
Uttar Pradesh,Wheat,2021,2,2021-02-01,Shahpur APMC,,shahpur,Muzaffarnagar
Uttar Pradesh,Wheat,2021,2,2021-02-01,Shamli APMC,1759.83,shamli,Shamli
Uttar Pradesh,Wheat,2021,2,2021-02-01,Shikohabad APMC,1709.59,shikohabad,Firozabad
Uttar Pradesh,Wheat,2021,2,2021-02-01,Sikandraraau APMC,1707.22,sikandraraau,Hathras
Uttar Pradesh,Wheat,2021,2,2021-02-01,Sirsa APMC,,sirsa,Gautam Buddha Nagar
Uttar Pradesh,Wheat,2021,2,2021-02-01,Sirsaganj APMC,1865.0,sirsaganj,Firozabad
Uttar Pradesh,Wheat,2021,2,2021-02-01,Sitapur APMC,1674.19,sitapur,Sitapur
Uttar Pradesh,Wheat,2021,2,2021-02-01,Sultanpur APMC,1715.35,sultanpur,Amethi
Uttar Pradesh,Wheat,2021,2,2021-02-01,Tikonia APMC,,tikonia,Kheri
Uttar Pradesh,Wheat,2021,2,2021-02-01,Tulsipur APMC,1692.82,tulsipur,Balrampur
Uttar Pradesh,Wheat,2021,2,2021-02-01,Tundla APMC,1743.22,tundla,Firozabad
Uttar Pradesh,Wheat,2021,2,2021-02-01,Ujhani APMC,1724.86,ujhani,Budaun
Uttar Pradesh,Wheat,2021,2,2021-02-01,Unnao APMC,1673.14,unnao,Unnao
Uttar Pradesh,Wheat,2021,2,2021-02-01,Uttaripura APMC,,uttaripura,Jaunpur
Uttar Pradesh,Wheat,2021,2,2021-02-01,Varanasi APMC,1755.33,varanasi,Varanasi
Uttar Pradesh,Wheat,2021,2,2021-02-01,Viswan APMC,,viswan,Sitapur
Uttar Pradesh,Wheat,2021,2,2021-02-01,Wazirganj APMC,1723.98,wazirganj,Budaun
Uttar Pradesh,Wheat,2021,2,2021-02-01,Yusufpur APMC,,yusufpur,Ghazipur
Uttar Pradesh,Wheat,2021,3,2021-03-01,Achalda APMC,1643.79,achalda,Auraiya
Uttar Pradesh,Wheat,2021,3,2021-03-01,Achnera APMC,1638.05,achnera,Agra
Uttar Pradesh,Wheat,2021,3,2021-03-01,Agra APMC,1626.68,agra,Agra
Uttar Pradesh,Wheat,2021,3,2021-03-01,Ait APMC,1630.18,ait,Jalaun
Uttar Pradesh,Wheat,2021,3,2021-03-01,Ajuha APMC,1717.41,ajuha,Prayagraj
Uttar Pradesh,Wheat,2021,3,2021-03-01,Akbarpur APMC,1683.46,akbarpur,Ambedkarnagar
Uttar Pradesh,Wheat,2021,3,2021-03-01,Aliganj APMC,1614.44,aliganj,Etah
Uttar Pradesh,Wheat,2021,3,2021-03-01,Aligarh APMC,1704.5,aligarh,Aligarh
Uttar Pradesh,Wheat,2021,3,2021-03-01,Amroha APMC,1730.63,amroha,Amroha
Uttar Pradesh,Wheat,2021,3,2021-03-01,Anandnagar APMC,1657.16,anandnagar,Mahrajganj
Uttar Pradesh,Wheat,2021,3,2021-03-01,Anoop Shahar APMC,,anoop shahar,Bulandshahr
Uttar Pradesh,Wheat,2021,3,2021-03-01,Atarra APMC,1565.74,atarra,Banda
Uttar Pradesh,Wheat,2021,3,2021-03-01,Atrauli APMC,1701.06,atrauli,Aligarh
Uttar Pradesh,Wheat,2021,3,2021-03-01,Auraiya APMC,1632.5,auraiya,Auraiya
Uttar Pradesh,Wheat,2021,3,2021-03-01,Ayodhya APMC,1677.75,ayodhya,Ayodhya
Uttar Pradesh,Wheat,2021,3,2021-03-01,Azamgarh APMC,1682.39,azamgarh,Azamgarh
Uttar Pradesh,Wheat,2021,3,2021-03-01,Baberu APMC,1562.15,baberu,Banda
Uttar Pradesh,Wheat,2021,3,2021-03-01,Babrala APMC,1757.57,babrala,Budaun
Uttar Pradesh,Wheat,2021,3,2021-03-01,Bachranwa APMC,1635.0,bachranwa,Rae Bareli
Uttar Pradesh,Wheat,2021,3,2021-03-01,Badayoun APMC,1727.55,badayoun,Budaun
Uttar Pradesh,Wheat,2021,3,2021-03-01,Badda APMC,,badda,Shahjahanpur
Uttar Pradesh,Wheat,2021,3,2021-03-01,Bahraich APMC,1710.7,bahraich,Bahraich
Uttar Pradesh,Wheat,2021,3,2021-03-01,Ballia APMC,1764.11,ballia,Ballia
Uttar Pradesh,Wheat,2021,3,2021-03-01,Balrampur APMC,1705.17,balrampur,Balrampur
Uttar Pradesh,Wheat,2021,3,2021-03-01,Banda APMC,1558.85,banda,Banda
Uttar Pradesh,Wheat,2021,3,2021-03-01,Bangarmau APMC,1657.49,bangarmau,Unnao
Uttar Pradesh,Wheat,2021,3,2021-03-01,Bansi APMC,1630.0,bansi,Siddharthnagar
Uttar Pradesh,Wheat,2021,3,2021-03-01,Barabanki APMC,1708.08,barabanki,Bara Banki
Uttar Pradesh,Wheat,2021,3,2021-03-01,Bareilly APMC,1737.67,bareilly,Bareilly
Uttar Pradesh,Wheat,2021,3,2021-03-01,Barhaj APMC,1679.74,barhaj,Deoria
Uttar Pradesh,Wheat,2021,3,2021-03-01,Baripaal APMC,1572.73,baripaal,Jaunpur
Uttar Pradesh,Wheat,2021,3,2021-03-01,Basti APMC,1667.21,basti,Basti
Uttar Pradesh,Wheat,2021,3,2021-03-01,Bewar APMC,1644.43,bewar,Mainpuri
Uttar Pradesh,Wheat,2021,3,2021-03-01,Bharthna APMC,1703.44,bharthna,Etawah
Uttar Pradesh,Wheat,2021,3,2021-03-01,Bharuasumerpur APMC,1621.58,bharuasumerpur,Hamirpur
Uttar Pradesh,Wheat,2021,3,2021-03-01,Bharwari APMC,1680.26,bharwari,Kaushambi
Uttar Pradesh,Wheat,2021,3,2021-03-01,Bhehjoi APMC,1688.82,bhehjoi,Sambhal
Uttar Pradesh,Wheat,2021,3,2021-03-01,Bijnaur APMC,1729.62,bijnaur,Bijnor
Uttar Pradesh,Wheat,2021,3,2021-03-01,Bilaspur APMC,,bilaspur,Rampur
Uttar Pradesh,Wheat,2021,3,2021-03-01,Bilsi APMC,1729.02,bilsi,Budaun
Uttar Pradesh,Wheat,2021,3,2021-03-01,Bindki APMC,1680.0,bindki,Fatehpur
Uttar Pradesh,Wheat,2021,3,2021-03-01,Bishalpur APMC,1731.79,bishalpur,Pilibhit
Uttar Pradesh,Wheat,2021,3,2021-03-01,Bisoli APMC,,bisoli,Badaun
Uttar Pradesh,Wheat,2021,3,2021-03-01,Buland Shahr APMC,1735.82,buland shahr,Bulandshahr
Uttar Pradesh,Wheat,2021,3,2021-03-01,Chandausi APMC,1748.56,chandausi,Sambhal
Uttar Pradesh,Wheat,2021,3,2021-03-01,Chandoli APMC,1772.78,chandoli,Chandauli
Uttar Pradesh,Wheat,2021,3,2021-03-01,Charra APMC,1691.47,charra,Aligarh
Uttar Pradesh,Wheat,2021,3,2021-03-01,Chhibramau APMC,1652.4,chhibramau,Kannauj
Uttar Pradesh,Wheat,2021,3,2021-03-01,Chirgaon APMC,1691.12,chirgaon,Jhansi
Uttar Pradesh,Wheat,2021,3,2021-03-01,Chitwadagaon APMC,1748.7,chitwadagaon,Ballia
Uttar Pradesh,Wheat,2021,3,2021-03-01,Chorichora APMC,1656.37,chorichora,Gorakhpur
Uttar Pradesh,Wheat,2021,3,2021-03-01,Choubepur APMC,1713.14,choubepur,Jaunpur
Uttar Pradesh,Wheat,2021,3,2021-03-01,DADRI APMC,1763.99,dadri,Gautam Buddha Nagar
Uttar Pradesh,Wheat,2021,3,2021-03-01,Dankaur APMC,,dankaur,Gautam Buddha Nagar
Uttar Pradesh,Wheat,2021,3,2021-03-01,Dataganj APMC,,dataganj,Badaun
Uttar Pradesh,Wheat,2021,3,2021-03-01,Devariya APMC,1671.1,devariya,Deoria
Uttar Pradesh,Wheat,2021,3,2021-03-01,Dhanaura APMC,1900.0,dhanaura,Amroha
Uttar Pradesh,Wheat,2021,3,2021-03-01,Dibiapur APMC,1609.77,dibiapur,Auraiya
Uttar Pradesh,Wheat,2021,3,2021-03-01,Divai APMC,,divai,Bulandshahar
Uttar Pradesh,Wheat,2021,3,2021-03-01,Doharighat APMC,,doharighat,Azamgarh
Uttar Pradesh,Wheat,2021,3,2021-03-01,Etah APMC,1632.49,etah,Etah
Uttar Pradesh,Wheat,2021,3,2021-03-01,Etawah APMC,1648.88,etawah,Etawah
Uttar Pradesh,Wheat,2021,3,2021-03-01,Farukhabad APMC,1636.86,farukhabad,Farrukhabad
Uttar Pradesh,Wheat,2021,3,2021-03-01,Fatehabad APMC,1678.0,fatehabad,Agra
Uttar Pradesh,Wheat,2021,3,2021-03-01,Fatehpur APMC,1650.26,fatehpur,Fatehpur
Uttar Pradesh,Wheat,2021,3,2021-03-01,Fatehpur Sikri APMC,1700.5,fatehpur sikri,Agra
Uttar Pradesh,Wheat,2021,3,2021-03-01,Firozabad APMC,1717.07,firozabad,Firozabad
Uttar Pradesh,Wheat,2021,3,2021-03-01,Gadaura APMC,1850.0,gadaura,Maharajganj
Uttar Pradesh,Wheat,2021,3,2021-03-01,Gangoh APMC,,gangoh,Saharanpur
Uttar Pradesh,Wheat,2021,3,2021-03-01,Gazipur APMC,1761.1,gazipur,Azamgarh
Uttar Pradesh,Wheat,2021,3,2021-03-01,Ghaziabad APMC,1855.25,ghaziabad,Ghaziabad
Uttar Pradesh,Wheat,2021,3,2021-03-01,Ghiraur APMC,1607.02,ghiraur,Mainpuri
Uttar Pradesh,Wheat,2021,3,2021-03-01,Golagokarnath APMC,1639.72,golagokarnath,Lalitpur
Uttar Pradesh,Wheat,2021,3,2021-03-01,Gonda APMC,1668.64,gonda,Gonda
Uttar Pradesh,Wheat,2021,3,2021-03-01,Gopiganj APMC,,gopiganj,Bhadohi
Uttar Pradesh,Wheat,2021,3,2021-03-01,Gorakhpur APMC,1646.45,gorakhpur,Gorakhpur
Uttar Pradesh,Wheat,2021,3,2021-03-01,Gurusarai APMC,1598.62,gurusarai,Jhansi
Uttar Pradesh,Wheat,2021,3,2021-03-01,Haathras APMC,1687.18,haathras,Hathras
Uttar Pradesh,Wheat,2021,3,2021-03-01,Haldaur APMC,1700.0,haldaur,Bijnor
Uttar Pradesh,Wheat,2021,3,2021-03-01,Hamirpur APMC,1607.78,hamirpur,Hamirpur
Uttar Pradesh,Wheat,2021,3,2021-03-01,Hapur APMC,1763.68,hapur,Ghaziabad
Uttar Pradesh,Wheat,2021,3,2021-03-01,Hardoi APMC,1660.72,hardoi,Hardoi
Uttar Pradesh,Wheat,2021,3,2021-03-01,Hargaon (Laharpur) APMC,,hargaon (laharpur),Sitapur
Uttar Pradesh,Wheat,2021,3,2021-03-01,Hasanpur APMC,,hasanpur,Amroha
Uttar Pradesh,Wheat,2021,3,2021-03-01,Jafarganj APMC,1677.99,jafarganj,Amethi
Uttar Pradesh,Wheat,2021,3,2021-03-01,Jagnair APMC,1735.0,jagnair,Agra
Uttar Pradesh,Wheat,2021,3,2021-03-01,Jahanabad APMC,,jahanabad,Fatehpur
Uttar Pradesh,Wheat,2021,3,2021-03-01,Jahangirabad APMC,1716.18,jahangirabad,Bulandshahar
Uttar Pradesh,Wheat,2021,3,2021-03-01,Jalaun APMC,1586.08,jalaun,Jalaun
Uttar Pradesh,Wheat,2021,3,2021-03-01,Jangipura APMC,1761.52,jangipura,Ghazipur
Uttar Pradesh,Wheat,2021,3,2021-03-01,Jasra APMC,,jasra,Prayagraj
Uttar Pradesh,Wheat,2021,3,2021-03-01,Jaunpur APMC,1751.74,jaunpur,Jaunpur
Uttar Pradesh,Wheat,2021,3,2021-03-01,Jayas APMC,1646.0,jayas,Rae Bareli
Uttar Pradesh,Wheat,2021,3,2021-03-01,Jhansi APMC,1636.56,jhansi,Jhansi
Uttar Pradesh,Wheat,2021,3,2021-03-01,Jhijhank APMC,1670.52,jhijhank,Kanpur Dehat
Uttar Pradesh,Wheat,2021,3,2021-03-01,Kalpi APMC,1563.85,kalpi,Jalaun
Uttar Pradesh,Wheat,2021,3,2021-03-01,Kamlaganj APMC,1619.58,kamlaganj,Farrukhabad
Uttar Pradesh,Wheat,2021,3,2021-03-01,Kannauj APMC,1656.2,kannauj,Kannauj
Uttar Pradesh,Wheat,2021,3,2021-03-01,Kanpur(Grain) APMC,1682.62,kanpur(grain),Jaunpur
Uttar Pradesh,Wheat,2021,3,2021-03-01,Karvi APMC,1564.29,karvi,Chitrakoot
Uttar Pradesh,Wheat,2021,3,2021-03-01,Kasganj APMC,1632.78,kasganj,Kasganj
Uttar Pradesh,Wheat,2021,3,2021-03-01,Kayamganj APMC,1645.18,kayamganj,Farrukhabad
Uttar Pradesh,Wheat,2021,3,2021-03-01,Khaga APMC,1840.0,khaga,Fatehpur
Uttar Pradesh,Wheat,2021,3,2021-03-01,Khair APMC,1689.4,khair,Aligarh
Uttar Pradesh,Wheat,2021,3,2021-03-01,Khairagarh APMC,1589.98,khairagarh,Agra
Uttar Pradesh,Wheat,2021,3,2021-03-01,Khalilabad APMC,1765.18,khalilabad,Sant Kabir Nagar
Uttar Pradesh,Wheat,2021,3,2021-03-01,Khurja APMC,1719.35,khurja,Bulandshahr
Uttar Pradesh,Wheat,2021,3,2021-03-01,Kishunpur APMC,1700.0,kishunpur,Bahraich
Uttar Pradesh,Wheat,2021,3,2021-03-01,Konch APMC,1559.87,konch,Jalaun
Uttar Pradesh,Wheat,2021,3,2021-03-01,Kopaganj APMC,1686.09,kopaganj,
Uttar Pradesh,Wheat,2021,3,2021-03-01,Kosikalan APMC,1733.96,kosikalan,Mathura
Uttar Pradesh,Wheat,2021,3,2021-03-01,Kurara APMC,1554.29,kurara,Hamirpur
Uttar Pradesh,Wheat,2021,3,2021-03-01,Lakhimpur APMC,1645.22,lakhimpur,Lalitpur
Uttar Pradesh,Wheat,2021,3,2021-03-01,Lalganj APMC,1607.51,lalganj,Rae Bareli
Uttar Pradesh,Wheat,2021,3,2021-03-01,Lalitpur APMC,1627.81,lalitpur,Lalitpur
Uttar Pradesh,Wheat,2021,3,2021-03-01,Lucknow APMC,1718.37,lucknow,Lucknow
Uttar Pradesh,Wheat,2021,3,2021-03-01,Madhoganj APMC,1655.57,madhoganj,Hardoi
Uttar Pradesh,Wheat,2021,3,2021-03-01,Madhogarh APMC,,madhogarh,Jalaun
Uttar Pradesh,Wheat,2021,3,2021-03-01,Maharajganj APMC,1847.65,maharajganj,Rae Bareli
Uttar Pradesh,Wheat,2021,3,2021-03-01,Mahoba APMC,1598.15,mahoba,Mahoba
Uttar Pradesh,Wheat,2021,3,2021-03-01,Maigalganj APMC,1577.5,maigalganj,Gorakhpur
Uttar Pradesh,Wheat,2021,3,2021-03-01,Mainpuri APMC,1621.82,mainpuri,Mainpuri
Uttar Pradesh,Wheat,2021,3,2021-03-01,Mathura APMC,1718.97,mathura,Mathura
Uttar Pradesh,Wheat,2021,3,2021-03-01,Mau(Chitrakut) APMC,,mau(chitrakut),Chitrakut
Uttar Pradesh,Wheat,2021,3,2021-03-01,Maudaha APMC,1588.92,maudaha,Hamirpur
Uttar Pradesh,Wheat,2021,3,2021-03-01,Mauranipur APMC,1580.92,mauranipur,Jhansi
Uttar Pradesh,Wheat,2021,3,2021-03-01,Mawana APMC,1727.79,mawana,Meerut
Uttar Pradesh,Wheat,2021,3,2021-03-01,Meerut APMC,1727.43,meerut,Meerut
Uttar Pradesh,Wheat,2021,3,2021-03-01,Mehmoodabad APMC,1627.21,mehmoodabad,Sitapur
Uttar Pradesh,Wheat,2021,3,2021-03-01,Milak APMC,1723.54,milak,Rampur
Uttar Pradesh,Wheat,2021,3,2021-03-01,Mirzapur APMC,1766.04,mirzapur,Mirzapur
Uttar Pradesh,Wheat,2021,3,2021-03-01,Mohamadabad APMC,1643.59,mohamadabad,Farrukhabad
Uttar Pradesh,Wheat,2021,3,2021-03-01,Mugrabaadshahpur APMC,1755.88,mugrabaadshahpur,Jaunpur
Uttar Pradesh,Wheat,2021,3,2021-03-01,Muradabad APMC,1730.1,muradabad,Sambhal
Uttar Pradesh,Wheat,2021,3,2021-03-01,Muskara APMC,1584.88,muskara,Mahoba
Uttar Pradesh,Wheat,2021,3,2021-03-01,Muzzafarnagar APMC,1750.94,muzzafarnagar,Muzaffarnagar
Uttar Pradesh,Wheat,2021,3,2021-03-01,Naanpara APMC,1710.68,naanpara,Bahraich
Uttar Pradesh,Wheat,2021,3,2021-03-01,Naugarh APMC,1677.2,naugarh,Siddharthnagar
Uttar Pradesh,Wheat,2021,3,2021-03-01,Nautnava APMC,,nautnava,Maharajganj
Uttar Pradesh,Wheat,2021,3,2021-03-01,Nawabganj APMC,1671.15,nawabganj,Gonda
Uttar Pradesh,Wheat,2021,3,2021-03-01,Orai APMC,1575.1,orai,Jalaun
Uttar Pradesh,Wheat,2021,3,2021-03-01,Paliakala APMC,1630.94,paliakala,Kheri
Uttar Pradesh,Wheat,2021,3,2021-03-01,Panchpedwa APMC,1614.26,panchpedwa,Balrampur
Uttar Pradesh,Wheat,2021,3,2021-03-01,Partaval APMC,1713.1,partaval,Mahrajganj
Uttar Pradesh,Wheat,2021,3,2021-03-01,Payagpur APMC,,payagpur,Bahraich
Uttar Pradesh,Wheat,2021,3,2021-03-01,Pilibhit APMC,1725.13,pilibhit,Pilibhit
Uttar Pradesh,Wheat,2021,3,2021-03-01,Powayan APMC,1723.83,powayan,Shahjahanpur
Uttar Pradesh,Wheat,2021,3,2021-03-01,Pratapgarh APMC,1728.4,pratapgarh,Pratapgarh
Uttar Pradesh,Wheat,2021,3,2021-03-01,Prayagraj APMC,,prayagraj,Prayagraj
Uttar Pradesh,Wheat,2021,3,2021-03-01,Pukharayan APMC,1654.42,pukharayan,Kanpur Dehat
Uttar Pradesh,Wheat,2021,3,2021-03-01,Puranpur APMC,1726.26,puranpur,Pilibhit
Uttar Pradesh,Wheat,2021,3,2021-03-01,Purwa APMC,1669.98,purwa,Unnao
Uttar Pradesh,Wheat,2021,3,2021-03-01,Raath APMC,1577.38,raath,Hamirpur
Uttar Pradesh,Wheat,2021,3,2021-03-01,Raibareilly APMC,1636.94,raibareilly,Rae Bareli
Uttar Pradesh,Wheat,2021,3,2021-03-01,Rampur APMC,1724.53,rampur,Rampur
Uttar Pradesh,Wheat,2021,3,2021-03-01,Rasda APMC,1734.02,rasda,Ballia
Uttar Pradesh,Wheat,2021,3,2021-03-01,Robertsganj APMC,1912.47,robertsganj,Sonbhadra
Uttar Pradesh,Wheat,2021,3,2021-03-01,Rudauli APMC,,rudauli,Ayodhya
Uttar Pradesh,Wheat,2021,3,2021-03-01,Rura APMC,1698.85,rura,Kanpur Dehat
Uttar Pradesh,Wheat,2021,3,2021-03-01,Safdarganj APMC,1657.81,safdarganj,Barabanki
Uttar Pradesh,Wheat,2021,3,2021-03-01,Saharanpur APMC,1753.96,saharanpur,Saharanpur
Uttar Pradesh,Wheat,2021,3,2021-03-01,Sahiyapur APMC,1673.94,sahiyapur,Siddharthnagar
Uttar Pradesh,Wheat,2021,3,2021-03-01,Salon APMC,1719.07,salon,Rae Bareli
Uttar Pradesh,Wheat,2021,3,2021-03-01,Samsabad APMC,,samsabad,Agra
Uttar Pradesh,Wheat,2021,3,2021-03-01,Sandi APMC,,sandi,Hardoi
Uttar Pradesh,Wheat,2021,3,2021-03-01,Sandila APMC,1660.28,sandila,Hardoi
Uttar Pradesh,Wheat,2021,3,2021-03-01,Sehjanwa APMC,1682.28,sehjanwa,Gorakhpur
Uttar Pradesh,Wheat,2021,3,2021-03-01,Shahabad(New Mandi) APMC,1666.11,shahabad(new mandi),Hardoi
Uttar Pradesh,Wheat,2021,3,2021-03-01,Shahganj APMC,1753.7,shahganj,Jaunpur
Uttar Pradesh,Wheat,2021,3,2021-03-01,Shahjahanpur APMC,1736.65,shahjahanpur,Shahjahanpur
Uttar Pradesh,Wheat,2021,3,2021-03-01,Shahpur APMC,,shahpur,Muzaffarnagar
Uttar Pradesh,Wheat,2021,3,2021-03-01,Shamli APMC,1752.65,shamli,Shamli
Uttar Pradesh,Wheat,2021,3,2021-03-01,Shikohabad APMC,1689.59,shikohabad,Firozabad
Uttar Pradesh,Wheat,2021,3,2021-03-01,Sikandraraau APMC,1653.5,sikandraraau,Hathras
Uttar Pradesh,Wheat,2021,3,2021-03-01,Sirsaganj APMC,,sirsaganj,Firozabad
Uttar Pradesh,Wheat,2021,3,2021-03-01,Sitapur APMC,1602.8,sitapur,Sitapur
Uttar Pradesh,Wheat,2021,3,2021-03-01,Sultanpur APMC,1700.0,sultanpur,Amethi
Uttar Pradesh,Wheat,2021,3,2021-03-01,Tikonia APMC,,tikonia,Kheri
Uttar Pradesh,Wheat,2021,3,2021-03-01,Tulsipur APMC,1691.64,tulsipur,Balrampur
Uttar Pradesh,Wheat,2021,3,2021-03-01,Tundla APMC,1615.59,tundla,Firozabad
Uttar Pradesh,Wheat,2021,3,2021-03-01,Ujhani APMC,1730.02,ujhani,Budaun
Uttar Pradesh,Wheat,2021,3,2021-03-01,Unnao APMC,1655.44,unnao,Unnao
Uttar Pradesh,Wheat,2021,3,2021-03-01,Varanasi APMC,1761.62,varanasi,Varanasi
Uttar Pradesh,Wheat,2021,3,2021-03-01,Viswan APMC,,viswan,Sitapur
Uttar Pradesh,Wheat,2021,3,2021-03-01,Wazirganj APMC,1727.36,wazirganj,Budaun
Uttar Pradesh,Wheat,2021,3,2021-03-01,Yusufpur APMC,,yusufpur,Ghazipur
Uttar Pradesh,Wheat,2021,4,2021-04-01,Achalda APMC,1871.37,achalda,Auraiya
Uttar Pradesh,Wheat,2021,4,2021-04-01,Achnera APMC,1975.0,achnera,Agra
Uttar Pradesh,Wheat,2021,4,2021-04-01,Agra APMC,1820.22,agra,Agra
Uttar Pradesh,Wheat,2021,4,2021-04-01,Ait APMC,1975.0,ait,Jalaun
Uttar Pradesh,Wheat,2021,4,2021-04-01,Ajuha APMC,1951.48,ajuha,Prayagraj
Uttar Pradesh,Wheat,2021,4,2021-04-01,Akbarpur APMC,1970.04,akbarpur,Ambedkarnagar
Uttar Pradesh,Wheat,2021,4,2021-04-01,Aliganj APMC,1974.6,aliganj,Etah
Uttar Pradesh,Wheat,2021,4,2021-04-01,Aligarh APMC,1947.42,aligarh,Aligarh
Uttar Pradesh,Wheat,2021,4,2021-04-01,Amroha APMC,1943.27,amroha,Amroha
Uttar Pradesh,Wheat,2021,4,2021-04-01,Anandnagar APMC,1972.17,anandnagar,Mahrajganj
Uttar Pradesh,Wheat,2021,4,2021-04-01,Anoop Shahar APMC,,anoop shahar,Bulandshahr
Uttar Pradesh,Wheat,2021,4,2021-04-01,Atarra APMC,1975.0,atarra,Banda
Uttar Pradesh,Wheat,2021,4,2021-04-01,Atrauli APMC,1967.89,atrauli,Aligarh
Uttar Pradesh,Wheat,2021,4,2021-04-01,Auraiya APMC,1937.19,auraiya,Auraiya
Uttar Pradesh,Wheat,2021,4,2021-04-01,Ayodhya APMC,1836.48,ayodhya,Ayodhya
Uttar Pradesh,Wheat,2021,4,2021-04-01,Azamgarh APMC,1969.69,azamgarh,Azamgarh
Uttar Pradesh,Wheat,2021,4,2021-04-01,Baberu APMC,1975.0,baberu,Banda
Uttar Pradesh,Wheat,2021,4,2021-04-01,Babrala APMC,1800.93,babrala,Budaun
Uttar Pradesh,Wheat,2021,4,2021-04-01,Bachranwa APMC,,bachranwa,Rae Bareli
Uttar Pradesh,Wheat,2021,4,2021-04-01,Badayoun APMC,1960.43,badayoun,Budaun
Uttar Pradesh,Wheat,2021,4,2021-04-01,Badda APMC,1975.0,badda,Shahjahanpur
Uttar Pradesh,Wheat,2021,4,2021-04-01,Baheri APMC,1975.0,baheri,Bareilly
Uttar Pradesh,Wheat,2021,4,2021-04-01,Bahraich APMC,1967.19,bahraich,Bahraich
Uttar Pradesh,Wheat,2021,4,2021-04-01,Ballia APMC,1963.95,ballia,Ballia
Uttar Pradesh,Wheat,2021,4,2021-04-01,Balrampur APMC,1942.31,balrampur,Balrampur
Uttar Pradesh,Wheat,2021,4,2021-04-01,Banda APMC,1975.0,banda,Banda
Uttar Pradesh,Wheat,2021,4,2021-04-01,Bangarmau APMC,1955.91,bangarmau,Unnao
Uttar Pradesh,Wheat,2021,4,2021-04-01,Bansi APMC,,bansi,Siddharthnagar
Uttar Pradesh,Wheat,2021,4,2021-04-01,Banthara APMC,,banthara,Lucknow
Uttar Pradesh,Wheat,2021,4,2021-04-01,Barabanki APMC,1967.59,barabanki,Bara Banki
Uttar Pradesh,Wheat,2021,4,2021-04-01,Bareilly APMC,1975.0,bareilly,Bareilly
Uttar Pradesh,Wheat,2021,4,2021-04-01,Barhaj APMC,1904.98,barhaj,Deoria
Uttar Pradesh,Wheat,2021,4,2021-04-01,Baripaal APMC,1598.46,baripaal,Jaunpur
Uttar Pradesh,Wheat,2021,4,2021-04-01,Basti APMC,1968.93,basti,Basti
Uttar Pradesh,Wheat,2021,4,2021-04-01,Bewar APMC,1653.81,bewar,Mainpuri
Uttar Pradesh,Wheat,2021,4,2021-04-01,Bharthna APMC,1952.07,bharthna,Etawah
Uttar Pradesh,Wheat,2021,4,2021-04-01,Bharuasumerpur APMC,1975.0,bharuasumerpur,Hamirpur
Uttar Pradesh,Wheat,2021,4,2021-04-01,Bharwari APMC,1629.46,bharwari,Kaushambi
Uttar Pradesh,Wheat,2021,4,2021-04-01,Bhehjoi APMC,1878.01,bhehjoi,Sambhal
Uttar Pradesh,Wheat,2021,4,2021-04-01,Bijnaur APMC,1855.06,bijnaur,Bijnor
Uttar Pradesh,Wheat,2021,4,2021-04-01,Bilaspur APMC,,bilaspur,Rampur
Uttar Pradesh,Wheat,2021,4,2021-04-01,Billsadda APMC,,billsadda,Pilibhit
Uttar Pradesh,Wheat,2021,4,2021-04-01,Bilsi APMC,1901.1,bilsi,Budaun
Uttar Pradesh,Wheat,2021,4,2021-04-01,Bindki APMC,1894.38,bindki,Fatehpur
Uttar Pradesh,Wheat,2021,4,2021-04-01,Bishalpur APMC,1971.7,bishalpur,Pilibhit
Uttar Pradesh,Wheat,2021,4,2021-04-01,Buland Shahr APMC,1943.22,buland shahr,Bulandshahr
Uttar Pradesh,Wheat,2021,4,2021-04-01,Chandausi APMC,1973.5,chandausi,Sambhal
Uttar Pradesh,Wheat,2021,4,2021-04-01,Chandoli APMC,1975.0,chandoli,Chandauli
Uttar Pradesh,Wheat,2021,4,2021-04-01,Charra APMC,1973.45,charra,Aligarh
Uttar Pradesh,Wheat,2021,4,2021-04-01,Chhibramau APMC,1918.04,chhibramau,Kannauj
Uttar Pradesh,Wheat,2021,4,2021-04-01,Chirgaon APMC,1975.0,chirgaon,Jhansi
Uttar Pradesh,Wheat,2021,4,2021-04-01,Chitwadagaon APMC,1956.95,chitwadagaon,Ballia
Uttar Pradesh,Wheat,2021,4,2021-04-01,Chorichora APMC,1956.92,chorichora,Gorakhpur
Uttar Pradesh,Wheat,2021,4,2021-04-01,Choubepur APMC,1920.35,choubepur,Jaunpur
Uttar Pradesh,Wheat,2021,4,2021-04-01,DADRI APMC,1966.13,dadri,Gautam Buddha Nagar
Uttar Pradesh,Wheat,2021,4,2021-04-01,Dankaur APMC,1967.48,dankaur,Gautam Buddha Nagar
Uttar Pradesh,Wheat,2021,4,2021-04-01,Dataganj APMC,,dataganj,Badaun
Uttar Pradesh,Wheat,2021,4,2021-04-01,Devariya APMC,1899.99,devariya,Deoria
Uttar Pradesh,Wheat,2021,4,2021-04-01,Dhanaura APMC,1936.17,dhanaura,Amroha
Uttar Pradesh,Wheat,2021,4,2021-04-01,Dibiapur APMC,1658.44,dibiapur,Auraiya
Uttar Pradesh,Wheat,2021,4,2021-04-01,Doharighat APMC,,doharighat,Azamgarh
Uttar Pradesh,Wheat,2021,4,2021-04-01,Etah APMC,1958.93,etah,Etah
Uttar Pradesh,Wheat,2021,4,2021-04-01,Etawah APMC,1932.36,etawah,Etawah
Uttar Pradesh,Wheat,2021,4,2021-04-01,Farukhabad APMC,1947.24,farukhabad,Farrukhabad
Uttar Pradesh,Wheat,2021,4,2021-04-01,Fatehabad APMC,1661.57,fatehabad,Agra
Uttar Pradesh,Wheat,2021,4,2021-04-01,Fatehpur APMC,1905.9,fatehpur,Fatehpur
Uttar Pradesh,Wheat,2021,4,2021-04-01,Fatehpur Sikri APMC,1945.67,fatehpur sikri,Agra
Uttar Pradesh,Wheat,2021,4,2021-04-01,Firozabad APMC,1962.15,firozabad,Firozabad
Uttar Pradesh,Wheat,2021,4,2021-04-01,Gadaura APMC,1703.68,gadaura,Maharajganj
Uttar Pradesh,Wheat,2021,4,2021-04-01,Gangoh APMC,1913.52,gangoh,Saharanpur
Uttar Pradesh,Wheat,2021,4,2021-04-01,Gazipur APMC,1953.28,gazipur,Azamgarh
Uttar Pradesh,Wheat,2021,4,2021-04-01,Ghaziabad APMC,1960.14,ghaziabad,Ghaziabad
Uttar Pradesh,Wheat,2021,4,2021-04-01,Ghiraur APMC,1939.04,ghiraur,Mainpuri
Uttar Pradesh,Wheat,2021,4,2021-04-01,Golagokarnath APMC,1749.99,golagokarnath,Lalitpur
Uttar Pradesh,Wheat,2021,4,2021-04-01,Gonda APMC,1943.78,gonda,Gonda
Uttar Pradesh,Wheat,2021,4,2021-04-01,Gopiganj APMC,,gopiganj,Bhadohi
Uttar Pradesh,Wheat,2021,4,2021-04-01,Gorakhpur APMC,1958.06,gorakhpur,Gorakhpur
Uttar Pradesh,Wheat,2021,4,2021-04-01,Gulavati APMC,,gulavati,Bulandshahar
Uttar Pradesh,Wheat,2021,4,2021-04-01,Gurusarai APMC,1975.0,gurusarai,Jhansi
Uttar Pradesh,Wheat,2021,4,2021-04-01,Haathras APMC,1865.39,haathras,Hathras
Uttar Pradesh,Wheat,2021,4,2021-04-01,Haldaur APMC,1700.0,haldaur,Bijnor
Uttar Pradesh,Wheat,2021,4,2021-04-01,Hamirpur APMC,1975.0,hamirpur,Hamirpur
Uttar Pradesh,Wheat,2021,4,2021-04-01,Hapur APMC,1971.26,hapur,Ghaziabad
Uttar Pradesh,Wheat,2021,4,2021-04-01,Hardoi APMC,1925.87,hardoi,Hardoi
Uttar Pradesh,Wheat,2021,4,2021-04-01,Hargaon (Laharpur) APMC,1975.0,hargaon (laharpur),Sitapur
Uttar Pradesh,Wheat,2021,4,2021-04-01,Hasanpur APMC,1975.0,hasanpur,Amroha
Uttar Pradesh,Wheat,2021,4,2021-04-01,Jafarganj APMC,1674.09,jafarganj,Amethi
Uttar Pradesh,Wheat,2021,4,2021-04-01,Jagnair APMC,,jagnair,Agra
Uttar Pradesh,Wheat,2021,4,2021-04-01,Jahangirabad APMC,1968.19,jahangirabad,Bulandshahar
Uttar Pradesh,Wheat,2021,4,2021-04-01,Jalalabad APMC,,jalalabad,Bijnor
Uttar Pradesh,Wheat,2021,4,2021-04-01,Jalaun APMC,1975.0,jalaun,Jalaun
Uttar Pradesh,Wheat,2021,4,2021-04-01,Jangipura APMC,1945.62,jangipura,Ghazipur
Uttar Pradesh,Wheat,2021,4,2021-04-01,Jasra APMC,1975.0,jasra,Prayagraj
Uttar Pradesh,Wheat,2021,4,2021-04-01,Jasvantnagar APMC,1971.56,jasvantnagar,Etawah
Uttar Pradesh,Wheat,2021,4,2021-04-01,Jaunpur APMC,1954.74,jaunpur,Jaunpur
Uttar Pradesh,Wheat,2021,4,2021-04-01,Jayas APMC,1854.71,jayas,Rae Bareli
Uttar Pradesh,Wheat,2021,4,2021-04-01,Jhansi APMC,1946.07,jhansi,Jhansi
Uttar Pradesh,Wheat,2021,4,2021-04-01,Jhijhank APMC,1967.51,jhijhank,Kanpur Dehat
Uttar Pradesh,Wheat,2021,4,2021-04-01,Kalpi APMC,,kalpi,Jalaun
Uttar Pradesh,Wheat,2021,4,2021-04-01,Kamlaganj APMC,1940.46,kamlaganj,Farrukhabad
Uttar Pradesh,Wheat,2021,4,2021-04-01,Kannauj APMC,1922.08,kannauj,Kannauj
Uttar Pradesh,Wheat,2021,4,2021-04-01,Kanpur(Grain) APMC,1908.3,kanpur(grain),Jaunpur
Uttar Pradesh,Wheat,2021,4,2021-04-01,Karvi APMC,1975.0,karvi,Chitrakoot
Uttar Pradesh,Wheat,2021,4,2021-04-01,Kasganj APMC,1960.1,kasganj,Kasganj
Uttar Pradesh,Wheat,2021,4,2021-04-01,Kayamganj APMC,1891.28,kayamganj,Farrukhabad
Uttar Pradesh,Wheat,2021,4,2021-04-01,Khaga APMC,1840.0,khaga,Fatehpur
Uttar Pradesh,Wheat,2021,4,2021-04-01,Khair APMC,1967.37,khair,Aligarh
Uttar Pradesh,Wheat,2021,4,2021-04-01,Khairagarh APMC,1772.45,khairagarh,Agra
Uttar Pradesh,Wheat,2021,4,2021-04-01,Khalilabad APMC,1945.78,khalilabad,Sant Kabir Nagar
Uttar Pradesh,Wheat,2021,4,2021-04-01,Khatauli APMC,,khatauli,Muzaffarnagar
Uttar Pradesh,Wheat,2021,4,2021-04-01,Khurja APMC,1971.62,khurja,Bulandshahr
Uttar Pradesh,Wheat,2021,4,2021-04-01,Kishunpur APMC,1719.93,kishunpur,Bahraich
Uttar Pradesh,Wheat,2021,4,2021-04-01,Konch APMC,1975.0,konch,Jalaun
Uttar Pradesh,Wheat,2021,4,2021-04-01,Kopaganj APMC,1965.07,kopaganj,
Uttar Pradesh,Wheat,2021,4,2021-04-01,Kosikalan APMC,1961.73,kosikalan,Mathura
Uttar Pradesh,Wheat,2021,4,2021-04-01,Kurara APMC,,kurara,Hamirpur
Uttar Pradesh,Wheat,2021,4,2021-04-01,Lakhimpur APMC,1727.99,lakhimpur,Lalitpur
Uttar Pradesh,Wheat,2021,4,2021-04-01,Lalganj APMC,1955.93,lalganj,Rae Bareli
Uttar Pradesh,Wheat,2021,4,2021-04-01,Lalitpur APMC,1932.73,lalitpur,Lalitpur
Uttar Pradesh,Wheat,2021,4,2021-04-01,Lucknow APMC,1921.75,lucknow,Lucknow
Uttar Pradesh,Wheat,2021,4,2021-04-01,Madhoganj APMC,1905.74,madhoganj,Hardoi
Uttar Pradesh,Wheat,2021,4,2021-04-01,Maharajganj APMC,1883.62,maharajganj,Rae Bareli
Uttar Pradesh,Wheat,2021,4,2021-04-01,Mahoba APMC,1975.0,mahoba,Mahoba
Uttar Pradesh,Wheat,2021,4,2021-04-01,Maigalganj APMC,1686.55,maigalganj,Gorakhpur
Uttar Pradesh,Wheat,2021,4,2021-04-01,Mainpuri APMC,1957.4,mainpuri,Mainpuri
Uttar Pradesh,Wheat,2021,4,2021-04-01,Mathura APMC,1970.01,mathura,Mathura
Uttar Pradesh,Wheat,2021,4,2021-04-01,Maudaha APMC,1975.0,maudaha,Hamirpur
Uttar Pradesh,Wheat,2021,4,2021-04-01,Mauranipur APMC,1972.66,mauranipur,Jhansi
Uttar Pradesh,Wheat,2021,4,2021-04-01,Mawana APMC,1975.0,mawana,Meerut
Uttar Pradesh,Wheat,2021,4,2021-04-01,Meerut APMC,1974.94,meerut,Meerut
Uttar Pradesh,Wheat,2021,4,2021-04-01,Mehmoodabad APMC,1719.58,mehmoodabad,Sitapur
Uttar Pradesh,Wheat,2021,4,2021-04-01,Milak APMC,1916.61,milak,Rampur
Uttar Pradesh,Wheat,2021,4,2021-04-01,Mirzapur APMC,1970.62,mirzapur,Mirzapur
Uttar Pradesh,Wheat,2021,4,2021-04-01,Mohamadabad APMC,1962.38,mohamadabad,Farrukhabad
Uttar Pradesh,Wheat,2021,4,2021-04-01,Moth APMC,1975.0,moth,Jhansi
Uttar Pradesh,Wheat,2021,4,2021-04-01,Mugrabaadshahpur APMC,1968.57,mugrabaadshahpur,Jaunpur
Uttar Pradesh,Wheat,2021,4,2021-04-01,Muradabad APMC,1905.39,muradabad,Sambhal
Uttar Pradesh,Wheat,2021,4,2021-04-01,Muskara APMC,1975.0,muskara,Mahoba
Uttar Pradesh,Wheat,2021,4,2021-04-01,Muzzafarnagar APMC,1973.26,muzzafarnagar,Muzaffarnagar
Uttar Pradesh,Wheat,2021,4,2021-04-01,Naanpara APMC,1970.34,naanpara,Bahraich
Uttar Pradesh,Wheat,2021,4,2021-04-01,Naugarh APMC,1938.54,naugarh,Siddharthnagar
Uttar Pradesh,Wheat,2021,4,2021-04-01,Nautnava APMC,1950.0,nautnava,Maharajganj
Uttar Pradesh,Wheat,2021,4,2021-04-01,Nawabganj APMC,1824.18,nawabganj,Gonda
Uttar Pradesh,Wheat,2021,4,2021-04-01,Orai APMC,1975.0,orai,Jalaun
Uttar Pradesh,Wheat,2021,4,2021-04-01,Paliakala APMC,1759.85,paliakala,Kheri
Uttar Pradesh,Wheat,2021,4,2021-04-01,Panchpedwa APMC,1636.76,panchpedwa,Balrampur
Uttar Pradesh,Wheat,2021,4,2021-04-01,Partaval APMC,1912.74,partaval,Mahrajganj
Uttar Pradesh,Wheat,2021,4,2021-04-01,Payagpur APMC,,payagpur,Bahraich
Uttar Pradesh,Wheat,2021,4,2021-04-01,Pilibhit APMC,1900.08,pilibhit,Pilibhit
Uttar Pradesh,Wheat,2021,4,2021-04-01,Powayan APMC,1974.65,powayan,Shahjahanpur
Uttar Pradesh,Wheat,2021,4,2021-04-01,Pratapgarh APMC,1926.28,pratapgarh,Pratapgarh
Uttar Pradesh,Wheat,2021,4,2021-04-01,Prayagraj APMC,,prayagraj,Prayagraj
Uttar Pradesh,Wheat,2021,4,2021-04-01,Pukharayan APMC,1960.46,pukharayan,Kanpur Dehat
Uttar Pradesh,Wheat,2021,4,2021-04-01,Puranpur APMC,1974.97,puranpur,Pilibhit
Uttar Pradesh,Wheat,2021,4,2021-04-01,Purwa APMC,1716.52,purwa,Unnao
Uttar Pradesh,Wheat,2021,4,2021-04-01,Raath APMC,1975.0,raath,Hamirpur
Uttar Pradesh,Wheat,2021,4,2021-04-01,Raibareilly APMC,1956.69,raibareilly,Rae Bareli
Uttar Pradesh,Wheat,2021,4,2021-04-01,Rampur APMC,1878.24,rampur,Rampur
Uttar Pradesh,Wheat,2021,4,2021-04-01,Rasda APMC,1950.08,rasda,Ballia
Uttar Pradesh,Wheat,2021,4,2021-04-01,Richha APMC,1975.0,richha,Bareilly
Uttar Pradesh,Wheat,2021,4,2021-04-01,Robertsganj APMC,2041.57,robertsganj,Sonbhadra
Uttar Pradesh,Wheat,2021,4,2021-04-01,Rudauli APMC,1975.0,rudauli,Ayodhya
Uttar Pradesh,Wheat,2021,4,2021-04-01,Rura APMC,1927.33,rura,Kanpur Dehat
Uttar Pradesh,Wheat,2021,4,2021-04-01,Safdarganj APMC,1960.18,safdarganj,Barabanki
Uttar Pradesh,Wheat,2021,4,2021-04-01,Saharanpur APMC,1964.9,saharanpur,Saharanpur
Uttar Pradesh,Wheat,2021,4,2021-04-01,Sahiyapur APMC,1975.0,sahiyapur,Siddharthnagar
Uttar Pradesh,Wheat,2021,4,2021-04-01,Salon APMC,1975.0,salon,Rae Bareli
Uttar Pradesh,Wheat,2021,4,2021-04-01,Sambhal APMC,,sambhal,Sambhal
Uttar Pradesh,Wheat,2021,4,2021-04-01,Samsabad APMC,,samsabad,Agra
Uttar Pradesh,Wheat,2021,4,2021-04-01,Sandi APMC,,sandi,Hardoi
Uttar Pradesh,Wheat,2021,4,2021-04-01,Sandila APMC,1907.04,sandila,Hardoi
Uttar Pradesh,Wheat,2021,4,2021-04-01,Sehjanwa APMC,1953.55,sehjanwa,Gorakhpur
Uttar Pradesh,Wheat,2021,4,2021-04-01,Shadabad APMC,1975.0,shadabad,Hathras
Uttar Pradesh,Wheat,2021,4,2021-04-01,Shahabad(New Mandi) APMC,1915.03,shahabad(new mandi),Hardoi
Uttar Pradesh,Wheat,2021,4,2021-04-01,Shahganj APMC,1968.21,shahganj,Jaunpur
Uttar Pradesh,Wheat,2021,4,2021-04-01,Shahjahanpur APMC,1908.13,shahjahanpur,Shahjahanpur
Uttar Pradesh,Wheat,2021,4,2021-04-01,Shahpur APMC,,shahpur,Muzaffarnagar
Uttar Pradesh,Wheat,2021,4,2021-04-01,Shamli APMC,1972.25,shamli,Shamli
Uttar Pradesh,Wheat,2021,4,2021-04-01,Shikohabad APMC,1972.73,shikohabad,Firozabad
Uttar Pradesh,Wheat,2021,4,2021-04-01,Sikanderabad APMC,,sikanderabad,Bulandshahr
Uttar Pradesh,Wheat,2021,4,2021-04-01,Sikandraraau APMC,1966.46,sikandraraau,Hathras
Uttar Pradesh,Wheat,2021,4,2021-04-01,Sirsa APMC,,sirsa,Gautam Buddha Nagar
Uttar Pradesh,Wheat,2021,4,2021-04-01,Sirsaganj APMC,1975.0,sirsaganj,Firozabad
Uttar Pradesh,Wheat,2021,4,2021-04-01,Sitapur APMC,1722.6,sitapur,Sitapur
Uttar Pradesh,Wheat,2021,4,2021-04-01,Siyana APMC,1973.73,siyana,Bulandshahar
Uttar Pradesh,Wheat,2021,4,2021-04-01,Sultanpur APMC,1752.03,sultanpur,Amethi
Uttar Pradesh,Wheat,2021,4,2021-04-01,Thanabhawan APMC,,thanabhawan,Shamli
Uttar Pradesh,Wheat,2021,4,2021-04-01,Tikonia APMC,1973.98,tikonia,Kheri
Uttar Pradesh,Wheat,2021,4,2021-04-01,Tilhar APMC,1735.38,tilhar,Shahjahanpur
Uttar Pradesh,Wheat,2021,4,2021-04-01,Tulsipur APMC,1953.56,tulsipur,Balrampur
Uttar Pradesh,Wheat,2021,4,2021-04-01,Tundla APMC,1950.09,tundla,Firozabad
Uttar Pradesh,Wheat,2021,4,2021-04-01,Ujhani APMC,1974.43,ujhani,Budaun
Uttar Pradesh,Wheat,2021,4,2021-04-01,Unnao APMC,1896.89,unnao,Unnao
Uttar Pradesh,Wheat,2021,4,2021-04-01,Uttaripura APMC,1975.0,uttaripura,Jaunpur
Uttar Pradesh,Wheat,2021,4,2021-04-01,Varanasi APMC,1933.24,varanasi,Varanasi
Uttar Pradesh,Wheat,2021,4,2021-04-01,Viswan APMC,,viswan,Sitapur
Uttar Pradesh,Wheat,2021,4,2021-04-01,Wazirganj APMC,1972.48,wazirganj,Budaun
Uttar Pradesh,Wheat,2021,5,2021-05-01,Achalda APMC,1975.0,achalda,Auraiya
Uttar Pradesh,Wheat,2021,5,2021-05-01,Achnera APMC,1975.0,achnera,Agra
Uttar Pradesh,Wheat,2021,5,2021-05-01,Agra APMC,1936.23,agra,Agra
Uttar Pradesh,Wheat,2021,5,2021-05-01,Ait APMC,,ait,Jalaun
Uttar Pradesh,Wheat,2021,5,2021-05-01,Ajuha APMC,1975.0,ajuha,Prayagraj
Uttar Pradesh,Wheat,2021,5,2021-05-01,Akbarpur APMC,1975.0,akbarpur,Ambedkarnagar
Uttar Pradesh,Wheat,2021,5,2021-05-01,Aliganj APMC,1974.61,aliganj,Etah
Uttar Pradesh,Wheat,2021,5,2021-05-01,Aligarh APMC,1975.0,aligarh,Aligarh
Uttar Pradesh,Wheat,2021,5,2021-05-01,Amroha APMC,1975.0,amroha,Amroha
Uttar Pradesh,Wheat,2021,5,2021-05-01,Anandnagar APMC,1975.0,anandnagar,Mahrajganj
Uttar Pradesh,Wheat,2021,5,2021-05-01,Anoop Shahar APMC,1924.84,anoop shahar,Bulandshahr
Uttar Pradesh,Wheat,2021,5,2021-05-01,Atarra APMC,1975.0,atarra,Banda
Uttar Pradesh,Wheat,2021,5,2021-05-01,Atrauli APMC,1975.0,atrauli,Aligarh
Uttar Pradesh,Wheat,2021,5,2021-05-01,Auraiya APMC,1975.0,auraiya,Auraiya
Uttar Pradesh,Wheat,2021,5,2021-05-01,Awagarh APMC,,awagarh,Etah
Uttar Pradesh,Wheat,2021,5,2021-05-01,Ayodhya APMC,1972.28,ayodhya,Ayodhya
Uttar Pradesh,Wheat,2021,5,2021-05-01,Azamgarh APMC,1975.0,azamgarh,Azamgarh
Uttar Pradesh,Wheat,2021,5,2021-05-01,Baberu APMC,1975.0,baberu,Banda
Uttar Pradesh,Wheat,2021,5,2021-05-01,Babrala APMC,1805.8,babrala,Budaun
Uttar Pradesh,Wheat,2021,5,2021-05-01,Bachranwa APMC,1975.0,bachranwa,Rae Bareli
Uttar Pradesh,Wheat,2021,5,2021-05-01,Badayoun APMC,1975.0,badayoun,Budaun
Uttar Pradesh,Wheat,2021,5,2021-05-01,Badda APMC,,badda,Shahjahanpur
Uttar Pradesh,Wheat,2021,5,2021-05-01,Baheri APMC,1975.0,baheri,Bareilly
Uttar Pradesh,Wheat,2021,5,2021-05-01,Bahraich APMC,1975.0,bahraich,Bahraich
Uttar Pradesh,Wheat,2021,5,2021-05-01,Ballia APMC,1975.0,ballia,Ballia
Uttar Pradesh,Wheat,2021,5,2021-05-01,Balrampur APMC,,balrampur,Balrampur
Uttar Pradesh,Wheat,2021,5,2021-05-01,Banda APMC,1975.0,banda,Banda
Uttar Pradesh,Wheat,2021,5,2021-05-01,Bangarmau APMC,1975.0,bangarmau,Unnao
Uttar Pradesh,Wheat,2021,5,2021-05-01,Banthara APMC,,banthara,Lucknow
Uttar Pradesh,Wheat,2021,5,2021-05-01,Barabanki APMC,1975.0,barabanki,Bara Banki
Uttar Pradesh,Wheat,2021,5,2021-05-01,Bareilly APMC,1975.0,bareilly,Bareilly
Uttar Pradesh,Wheat,2021,5,2021-05-01,Barhaj APMC,1975.0,barhaj,Deoria
Uttar Pradesh,Wheat,2021,5,2021-05-01,Baripaal APMC,1704.15,baripaal,Jaunpur
Uttar Pradesh,Wheat,2021,5,2021-05-01,Basti APMC,1975.0,basti,Basti
Uttar Pradesh,Wheat,2021,5,2021-05-01,Bewar APMC,1732.89,bewar,Mainpuri
Uttar Pradesh,Wheat,2021,5,2021-05-01,Bharthna APMC,1975.0,bharthna,Etawah
Uttar Pradesh,Wheat,2021,5,2021-05-01,Bharuasumerpur APMC,1975.05,bharuasumerpur,Hamirpur
Uttar Pradesh,Wheat,2021,5,2021-05-01,Bharwari APMC,1733.53,bharwari,Kaushambi
Uttar Pradesh,Wheat,2021,5,2021-05-01,Bhehjoi APMC,1920.0,bhehjoi,Sambhal
Uttar Pradesh,Wheat,2021,5,2021-05-01,Bijnaur APMC,1975.0,bijnaur,Bijnor
Uttar Pradesh,Wheat,2021,5,2021-05-01,Bilaspur APMC,,bilaspur,Rampur
Uttar Pradesh,Wheat,2021,5,2021-05-01,Billsadda APMC,,billsadda,Pilibhit
Uttar Pradesh,Wheat,2021,5,2021-05-01,Bilsi APMC,1975.0,bilsi,Budaun
Uttar Pradesh,Wheat,2021,5,2021-05-01,Bindki APMC,1975.0,bindki,Fatehpur
Uttar Pradesh,Wheat,2021,5,2021-05-01,Bishalpur APMC,1975.0,bishalpur,Pilibhit
Uttar Pradesh,Wheat,2021,5,2021-05-01,Bisoli APMC,1750.0,bisoli,Badaun
Uttar Pradesh,Wheat,2021,5,2021-05-01,Buland Shahr APMC,1975.0,buland shahr,Bulandshahr
Uttar Pradesh,Wheat,2021,5,2021-05-01,Chandausi APMC,1975.0,chandausi,Sambhal
Uttar Pradesh,Wheat,2021,5,2021-05-01,Chandoli APMC,1975.0,chandoli,Chandauli
Uttar Pradesh,Wheat,2021,5,2021-05-01,Charra APMC,1975.0,charra,Aligarh
Uttar Pradesh,Wheat,2021,5,2021-05-01,Chhibramau APMC,1975.0,chhibramau,Kannauj
Uttar Pradesh,Wheat,2021,5,2021-05-01,Chirgaon APMC,1975.0,chirgaon,Jhansi
Uttar Pradesh,Wheat,2021,5,2021-05-01,Chitwadagaon APMC,1975.0,chitwadagaon,Ballia
Uttar Pradesh,Wheat,2021,5,2021-05-01,Chorichora APMC,1975.0,chorichora,Gorakhpur
Uttar Pradesh,Wheat,2021,5,2021-05-01,Choubepur APMC,2005.9,choubepur,Jaunpur
Uttar Pradesh,Wheat,2021,5,2021-05-01,DADRI APMC,1975.0,dadri,Gautam Buddha Nagar
Uttar Pradesh,Wheat,2021,5,2021-05-01,Dankaur APMC,1975.0,dankaur,Gautam Buddha Nagar
Uttar Pradesh,Wheat,2021,5,2021-05-01,Dataganj APMC,,dataganj,Badaun
Uttar Pradesh,Wheat,2021,5,2021-05-01,Devariya APMC,1975.0,devariya,Deoria
Uttar Pradesh,Wheat,2021,5,2021-05-01,Dhanaura APMC,1950.0,dhanaura,Amroha
Uttar Pradesh,Wheat,2021,5,2021-05-01,Dibiapur APMC,1710.81,dibiapur,Auraiya
Uttar Pradesh,Wheat,2021,5,2021-05-01,Doharighat APMC,,doharighat,Azamgarh
Uttar Pradesh,Wheat,2021,5,2021-05-01,Etah APMC,1975.0,etah,Etah
Uttar Pradesh,Wheat,2021,5,2021-05-01,Etawah APMC,1975.0,etawah,Etawah
Uttar Pradesh,Wheat,2021,5,2021-05-01,Farukhabad APMC,1975.0,farukhabad,Farrukhabad
Uttar Pradesh,Wheat,2021,5,2021-05-01,Fatehabad APMC,,fatehabad,Agra
Uttar Pradesh,Wheat,2021,5,2021-05-01,Fatehpur APMC,1975.0,fatehpur,Fatehpur
Uttar Pradesh,Wheat,2021,5,2021-05-01,Fatehpur Sikri APMC,1975.0,fatehpur sikri,Agra
Uttar Pradesh,Wheat,2021,5,2021-05-01,Firozabad APMC,1975.0,firozabad,Firozabad
Uttar Pradesh,Wheat,2021,5,2021-05-01,Gadaura APMC,1756.6,gadaura,Maharajganj
Uttar Pradesh,Wheat,2021,5,2021-05-01,Gangoh APMC,1919.96,gangoh,Saharanpur
Uttar Pradesh,Wheat,2021,5,2021-05-01,Gazipur APMC,1975.0,gazipur,Azamgarh
Uttar Pradesh,Wheat,2021,5,2021-05-01,Ghaziabad APMC,1975.0,ghaziabad,Ghaziabad
Uttar Pradesh,Wheat,2021,5,2021-05-01,Ghiraur APMC,1915.02,ghiraur,Mainpuri
Uttar Pradesh,Wheat,2021,5,2021-05-01,Golagokarnath APMC,1975.0,golagokarnath,Lalitpur
Uttar Pradesh,Wheat,2021,5,2021-05-01,Gonda APMC,1975.0,gonda,Gonda
Uttar Pradesh,Wheat,2021,5,2021-05-01,Gopiganj APMC,,gopiganj,Bhadohi
Uttar Pradesh,Wheat,2021,5,2021-05-01,Gorakhpur APMC,1975.24,gorakhpur,Gorakhpur
Uttar Pradesh,Wheat,2021,5,2021-05-01,Gulavati APMC,,gulavati,Bulandshahar
Uttar Pradesh,Wheat,2021,5,2021-05-01,Gurusarai APMC,1975.0,gurusarai,Jhansi
Uttar Pradesh,Wheat,2021,5,2021-05-01,Haathras APMC,1969.02,haathras,Hathras
Uttar Pradesh,Wheat,2021,5,2021-05-01,Haldaur APMC,1822.22,haldaur,Bijnor
Uttar Pradesh,Wheat,2021,5,2021-05-01,Hamirpur APMC,,hamirpur,Hamirpur
Uttar Pradesh,Wheat,2021,5,2021-05-01,Hapur APMC,1975.0,hapur,Ghaziabad
Uttar Pradesh,Wheat,2021,5,2021-05-01,Hardoi APMC,1975.0,hardoi,Hardoi
Uttar Pradesh,Wheat,2021,5,2021-05-01,Hargaon (Laharpur) APMC,,hargaon (laharpur),Sitapur
Uttar Pradesh,Wheat,2021,5,2021-05-01,Hasanpur APMC,1924.38,hasanpur,Amroha
Uttar Pradesh,Wheat,2021,5,2021-05-01,Jafarganj APMC,,jafarganj,Amethi
Uttar Pradesh,Wheat,2021,5,2021-05-01,Jagnair APMC,,jagnair,Agra
Uttar Pradesh,Wheat,2021,5,2021-05-01,Jahanabad APMC,,jahanabad,Fatehpur
Uttar Pradesh,Wheat,2021,5,2021-05-01,Jahangirabad APMC,1975.0,jahangirabad,Bulandshahar
Uttar Pradesh,Wheat,2021,5,2021-05-01,Jalalabad APMC,,jalalabad,Bijnor
Uttar Pradesh,Wheat,2021,5,2021-05-01,Jalaun APMC,1975.0,jalaun,Jalaun
Uttar Pradesh,Wheat,2021,5,2021-05-01,Jangipura APMC,1975.0,jangipura,Ghazipur
Uttar Pradesh,Wheat,2021,5,2021-05-01,Jasra APMC,1975.0,jasra,Prayagraj
Uttar Pradesh,Wheat,2021,5,2021-05-01,Jasvantnagar APMC,,jasvantnagar,Etawah
Uttar Pradesh,Wheat,2021,5,2021-05-01,Jaunpur APMC,1975.0,jaunpur,Jaunpur
Uttar Pradesh,Wheat,2021,5,2021-05-01,Jayas APMC,1975.0,jayas,Rae Bareli
Uttar Pradesh,Wheat,2021,5,2021-05-01,Jhansi APMC,1975.0,jhansi,Jhansi
Uttar Pradesh,Wheat,2021,5,2021-05-01,Jhijhank APMC,1975.0,jhijhank,Kanpur Dehat
Uttar Pradesh,Wheat,2021,5,2021-05-01,Kadaura APMC,,kadaura,Jalaun
Uttar Pradesh,Wheat,2021,5,2021-05-01,Kamlaganj APMC,1975.0,kamlaganj,Farrukhabad
Uttar Pradesh,Wheat,2021,5,2021-05-01,Kannauj APMC,1975.0,kannauj,Kannauj
Uttar Pradesh,Wheat,2021,5,2021-05-01,Kanpur(Grain) APMC,1975.0,kanpur(grain),Jaunpur
Uttar Pradesh,Wheat,2021,5,2021-05-01,Karvi APMC,1975.0,karvi,Chitrakoot
Uttar Pradesh,Wheat,2021,5,2021-05-01,Kasganj APMC,1975.0,kasganj,Kasganj
Uttar Pradesh,Wheat,2021,5,2021-05-01,Kayamganj APMC,1975.0,kayamganj,Farrukhabad
Uttar Pradesh,Wheat,2021,5,2021-05-01,Khaga APMC,1840.0,khaga,Fatehpur
Uttar Pradesh,Wheat,2021,5,2021-05-01,Khair APMC,1975.0,khair,Aligarh
Uttar Pradesh,Wheat,2021,5,2021-05-01,Khairagarh APMC,1780.51,khairagarh,Agra
Uttar Pradesh,Wheat,2021,5,2021-05-01,Khalilabad APMC,1975.0,khalilabad,Sant Kabir Nagar
Uttar Pradesh,Wheat,2021,5,2021-05-01,Khatauli APMC,,khatauli,Muzaffarnagar
Uttar Pradesh,Wheat,2021,5,2021-05-01,Khurja APMC,1975.0,khurja,Bulandshahr
Uttar Pradesh,Wheat,2021,5,2021-05-01,Kishunpur APMC,1750.0,kishunpur,Bahraich
Uttar Pradesh,Wheat,2021,5,2021-05-01,Konch APMC,1975.0,konch,Jalaun
Uttar Pradesh,Wheat,2021,5,2021-05-01,Kopaganj APMC,1975.0,kopaganj,
Uttar Pradesh,Wheat,2021,5,2021-05-01,Kosikalan APMC,1975.0,kosikalan,Mathura
Uttar Pradesh,Wheat,2021,5,2021-05-01,Lakhimpur APMC,1972.84,lakhimpur,Lalitpur
Uttar Pradesh,Wheat,2021,5,2021-05-01,Lalganj APMC,1975.0,lalganj,Rae Bareli
Uttar Pradesh,Wheat,2021,5,2021-05-01,Lalitpur APMC,1975.0,lalitpur,Lalitpur
Uttar Pradesh,Wheat,2021,5,2021-05-01,Lucknow APMC,1975.0,lucknow,Lucknow
Uttar Pradesh,Wheat,2021,5,2021-05-01,Madhoganj APMC,1975.0,madhoganj,Hardoi
Uttar Pradesh,Wheat,2021,5,2021-05-01,Madhogarh APMC,1975.0,madhogarh,Jalaun
Uttar Pradesh,Wheat,2021,5,2021-05-01,Maharajganj APMC,1950.0,maharajganj,Rae Bareli
Uttar Pradesh,Wheat,2021,5,2021-05-01,Mahoba APMC,1975.0,mahoba,Mahoba
Uttar Pradesh,Wheat,2021,5,2021-05-01,Maigalganj APMC,1848.82,maigalganj,Gorakhpur
Uttar Pradesh,Wheat,2021,5,2021-05-01,Mainpuri APMC,1975.0,mainpuri,Mainpuri
Uttar Pradesh,Wheat,2021,5,2021-05-01,Mathura APMC,1975.0,mathura,Mathura
Uttar Pradesh,Wheat,2021,5,2021-05-01,Mau(Chitrakut) APMC,,mau(chitrakut),Chitrakut
Uttar Pradesh,Wheat,2021,5,2021-05-01,Maudaha APMC,1975.0,maudaha,Hamirpur
Uttar Pradesh,Wheat,2021,5,2021-05-01,Mauranipur APMC,1975.0,mauranipur,Jhansi
Uttar Pradesh,Wheat,2021,5,2021-05-01,Mawana APMC,1975.0,mawana,Meerut
Uttar Pradesh,Wheat,2021,5,2021-05-01,Meerut APMC,1975.0,meerut,Meerut
Uttar Pradesh,Wheat,2021,5,2021-05-01,Mehmoodabad APMC,1975.0,mehmoodabad,Sitapur
Uttar Pradesh,Wheat,2021,5,2021-05-01,Mehrauni APMC,,mehrauni,Lalitpur
Uttar Pradesh,Wheat,2021,5,2021-05-01,Milak APMC,1975.0,milak,Rampur
Uttar Pradesh,Wheat,2021,5,2021-05-01,Mirzapur APMC,1975.0,mirzapur,Mirzapur
Uttar Pradesh,Wheat,2021,5,2021-05-01,Mohamadabad APMC,1975.0,mohamadabad,Farrukhabad
Uttar Pradesh,Wheat,2021,5,2021-05-01,Mohammdi APMC,,mohammdi,Kheri
Uttar Pradesh,Wheat,2021,5,2021-05-01,Moth APMC,1975.0,moth,Jhansi
Uttar Pradesh,Wheat,2021,5,2021-05-01,Mugrabaadshahpur APMC,1975.0,mugrabaadshahpur,Jaunpur
Uttar Pradesh,Wheat,2021,5,2021-05-01,Muradabad APMC,1975.0,muradabad,Sambhal
Uttar Pradesh,Wheat,2021,5,2021-05-01,Muskara APMC,1975.0,muskara,Mahoba
Uttar Pradesh,Wheat,2021,5,2021-05-01,Muzzafarnagar APMC,1975.0,muzzafarnagar,Muzaffarnagar
Uttar Pradesh,Wheat,2021,5,2021-05-01,Naanpara APMC,1975.0,naanpara,Bahraich
Uttar Pradesh,Wheat,2021,5,2021-05-01,Naugarh APMC,1955.11,naugarh,Siddharthnagar
Uttar Pradesh,Wheat,2021,5,2021-05-01,Nautnava APMC,,nautnava,Maharajganj
Uttar Pradesh,Wheat,2021,5,2021-05-01,Nawabganj APMC,1990.65,nawabganj,Gonda
Uttar Pradesh,Wheat,2021,5,2021-05-01,Orai APMC,1975.0,orai,Jalaun
Uttar Pradesh,Wheat,2021,5,2021-05-01,Paliakala APMC,1975.0,paliakala,Kheri
Uttar Pradesh,Wheat,2021,5,2021-05-01,Panchpedwa APMC,1661.51,panchpedwa,Balrampur
Uttar Pradesh,Wheat,2021,5,2021-05-01,Partaval APMC,1975.0,partaval,Mahrajganj
Uttar Pradesh,Wheat,2021,5,2021-05-01,Payagpur APMC,,payagpur,Bahraich
Uttar Pradesh,Wheat,2021,5,2021-05-01,Pilibhit APMC,1975.0,pilibhit,Pilibhit
Uttar Pradesh,Wheat,2021,5,2021-05-01,Powayan APMC,1975.0,powayan,Shahjahanpur
Uttar Pradesh,Wheat,2021,5,2021-05-01,Pratapgarh APMC,1975.0,pratapgarh,Pratapgarh
Uttar Pradesh,Wheat,2021,5,2021-05-01,Prayagraj APMC,1975.0,prayagraj,Prayagraj
Uttar Pradesh,Wheat,2021,5,2021-05-01,Pukharayan APMC,1975.0,pukharayan,Kanpur Dehat
Uttar Pradesh,Wheat,2021,5,2021-05-01,Puranpur APMC,1975.0,puranpur,Pilibhit
Uttar Pradesh,Wheat,2021,5,2021-05-01,Purwa APMC,1975.0,purwa,Unnao
Uttar Pradesh,Wheat,2021,5,2021-05-01,Raath APMC,1975.0,raath,Hamirpur
Uttar Pradesh,Wheat,2021,5,2021-05-01,Raibareilly APMC,1975.0,raibareilly,Rae Bareli
Uttar Pradesh,Wheat,2021,5,2021-05-01,Rampur APMC,1945.0,rampur,Rampur
Uttar Pradesh,Wheat,2021,5,2021-05-01,Rasda APMC,1975.0,rasda,Ballia
Uttar Pradesh,Wheat,2021,5,2021-05-01,Richha APMC,1975.0,richha,Bareilly
Uttar Pradesh,Wheat,2021,5,2021-05-01,Robertsganj APMC,2068.07,robertsganj,Sonbhadra
Uttar Pradesh,Wheat,2021,5,2021-05-01,Rudauli APMC,1975.0,rudauli,Ayodhya
Uttar Pradesh,Wheat,2021,5,2021-05-01,Rura APMC,1975.0,rura,Kanpur Dehat
Uttar Pradesh,Wheat,2021,5,2021-05-01,Safdarganj APMC,1972.78,safdarganj,Barabanki
Uttar Pradesh,Wheat,2021,5,2021-05-01,Saharanpur APMC,1975.0,saharanpur,Saharanpur
Uttar Pradesh,Wheat,2021,5,2021-05-01,Sahiyapur APMC,1975.0,sahiyapur,Siddharthnagar
Uttar Pradesh,Wheat,2021,5,2021-05-01,Salon APMC,1974.74,salon,Rae Bareli
Uttar Pradesh,Wheat,2021,5,2021-05-01,Sambhal APMC,,sambhal,Sambhal
Uttar Pradesh,Wheat,2021,5,2021-05-01,Samsabad APMC,,samsabad,Agra
Uttar Pradesh,Wheat,2021,5,2021-05-01,Sandi APMC,1950.0,sandi,Hardoi
Uttar Pradesh,Wheat,2021,5,2021-05-01,Sandila APMC,1975.0,sandila,Hardoi
Uttar Pradesh,Wheat,2021,5,2021-05-01,Sardhana APMC,1975.0,sardhana,Meerut
Uttar Pradesh,Wheat,2021,5,2021-05-01,Sehjanwa APMC,1975.0,sehjanwa,Gorakhpur
Uttar Pradesh,Wheat,2021,5,2021-05-01,Shadabad APMC,1975.0,shadabad,Hathras
Uttar Pradesh,Wheat,2021,5,2021-05-01,Shahabad(New Mandi) APMC,1975.0,shahabad(new mandi),Hardoi
Uttar Pradesh,Wheat,2021,5,2021-05-01,Shahganj APMC,1975.0,shahganj,Jaunpur
Uttar Pradesh,Wheat,2021,5,2021-05-01,Shahjahanpur APMC,1975.0,shahjahanpur,Shahjahanpur
Uttar Pradesh,Wheat,2021,5,2021-05-01,Shahpur APMC,,shahpur,Muzaffarnagar
Uttar Pradesh,Wheat,2021,5,2021-05-01,Shamli APMC,1975.0,shamli,Shamli
Uttar Pradesh,Wheat,2021,5,2021-05-01,Shikohabad APMC,1975.0,shikohabad,Firozabad
Uttar Pradesh,Wheat,2021,5,2021-05-01,Sikanderabad APMC,,sikanderabad,Bulandshahr
Uttar Pradesh,Wheat,2021,5,2021-05-01,Sikandraraau APMC,1975.0,sikandraraau,Hathras
Uttar Pradesh,Wheat,2021,5,2021-05-01,Sirsa APMC,,sirsa,Gautam Buddha Nagar
Uttar Pradesh,Wheat,2021,5,2021-05-01,Sirsaganj APMC,1975.0,sirsaganj,Firozabad
Uttar Pradesh,Wheat,2021,5,2021-05-01,Sitapur APMC,1975.0,sitapur,Sitapur
Uttar Pradesh,Wheat,2021,5,2021-05-01,Siyana APMC,1999.81,siyana,Bulandshahar
Uttar Pradesh,Wheat,2021,5,2021-05-01,Sultanpur APMC,1938.51,sultanpur,Amethi
Uttar Pradesh,Wheat,2021,5,2021-05-01,Thanabhawan APMC,,thanabhawan,Shamli
Uttar Pradesh,Wheat,2021,5,2021-05-01,Tikonia APMC,1975.0,tikonia,Kheri
Uttar Pradesh,Wheat,2021,5,2021-05-01,Tilhar APMC,1741.62,tilhar,Shahjahanpur
Uttar Pradesh,Wheat,2021,5,2021-05-01,Tulsipur APMC,1975.0,tulsipur,Balrampur
Uttar Pradesh,Wheat,2021,5,2021-05-01,Tundla APMC,1975.0,tundla,Firozabad
Uttar Pradesh,Wheat,2021,5,2021-05-01,Ujhani APMC,1975.0,ujhani,Budaun
Uttar Pradesh,Wheat,2021,5,2021-05-01,Unnao APMC,1975.0,unnao,Unnao
Uttar Pradesh,Wheat,2021,5,2021-05-01,Uttaripura APMC,1947.22,uttaripura,Jaunpur
Uttar Pradesh,Wheat,2021,5,2021-05-01,Varanasi APMC,1975.13,varanasi,Varanasi
Uttar Pradesh,Wheat,2021,5,2021-05-01,Viswan APMC,,viswan,Sitapur
Uttar Pradesh,Wheat,2021,5,2021-05-01,Wazirganj APMC,1975.0,wazirganj,Budaun
Uttar Pradesh,Wheat,2021,5,2021-05-01,Yusufpur APMC,,yusufpur,Ghazipur
Uttar Pradesh,Wheat,2021,6,2021-06-01,Achalda APMC,1890.65,achalda,Auraiya
Uttar Pradesh,Wheat,2021,6,2021-06-01,Achnera APMC,1966.53,achnera,Agra
Uttar Pradesh,Wheat,2021,6,2021-06-01,Agra APMC,1956.15,agra,Agra
Uttar Pradesh,Wheat,2021,6,2021-06-01,Ait APMC,1550.0,ait,Jalaun
Uttar Pradesh,Wheat,2021,6,2021-06-01,Ajuha APMC,1947.7,ajuha,Prayagraj
Uttar Pradesh,Wheat,2021,6,2021-06-01,Akbarpur APMC,1966.15,akbarpur,Ambedkarnagar
Uttar Pradesh,Wheat,2021,6,2021-06-01,Aliganj APMC,1958.93,aliganj,Etah
Uttar Pradesh,Wheat,2021,6,2021-06-01,Aligarh APMC,1925.73,aligarh,Aligarh
Uttar Pradesh,Wheat,2021,6,2021-06-01,Amroha APMC,1954.77,amroha,Amroha
Uttar Pradesh,Wheat,2021,6,2021-06-01,Anandnagar APMC,1972.47,anandnagar,Mahrajganj
Uttar Pradesh,Wheat,2021,6,2021-06-01,Anoop Shahar APMC,1875.98,anoop shahar,Bulandshahr
Uttar Pradesh,Wheat,2021,6,2021-06-01,Atarra APMC,1961.57,atarra,Banda
Uttar Pradesh,Wheat,2021,6,2021-06-01,Atrauli APMC,1912.55,atrauli,Aligarh
Uttar Pradesh,Wheat,2021,6,2021-06-01,Auraiya APMC,1898.15,auraiya,Auraiya
Uttar Pradesh,Wheat,2021,6,2021-06-01,Awagarh APMC,,awagarh,Etah
Uttar Pradesh,Wheat,2021,6,2021-06-01,Ayodhya APMC,1935.09,ayodhya,Ayodhya
Uttar Pradesh,Wheat,2021,6,2021-06-01,Azamgarh APMC,1967.92,azamgarh,Azamgarh
Uttar Pradesh,Wheat,2021,6,2021-06-01,Baberu APMC,1958.67,baberu,Banda
Uttar Pradesh,Wheat,2021,6,2021-06-01,Babrala APMC,1826.95,babrala,Budaun
Uttar Pradesh,Wheat,2021,6,2021-06-01,Bachranwa APMC,1975.0,bachranwa,Rae Bareli
Uttar Pradesh,Wheat,2021,6,2021-06-01,Badayoun APMC,1960.56,badayoun,Budaun
Uttar Pradesh,Wheat,2021,6,2021-06-01,Baheri APMC,1975.0,baheri,Bareilly
Uttar Pradesh,Wheat,2021,6,2021-06-01,Bahraich APMC,1940.41,bahraich,Bahraich
Uttar Pradesh,Wheat,2021,6,2021-06-01,Ballia APMC,1975.0,ballia,Ballia
Uttar Pradesh,Wheat,2021,6,2021-06-01,Balrampur APMC,1947.57,balrampur,Balrampur
Uttar Pradesh,Wheat,2021,6,2021-06-01,Banda APMC,1959.42,banda,Banda
Uttar Pradesh,Wheat,2021,6,2021-06-01,Bangarmau APMC,1972.21,bangarmau,Unnao
Uttar Pradesh,Wheat,2021,6,2021-06-01,Bansi APMC,1975.0,bansi,Siddharthnagar
Uttar Pradesh,Wheat,2021,6,2021-06-01,Banthara APMC,,banthara,Lucknow
Uttar Pradesh,Wheat,2021,6,2021-06-01,Barabanki APMC,1912.35,barabanki,Bara Banki
Uttar Pradesh,Wheat,2021,6,2021-06-01,Bareilly APMC,1970.52,bareilly,Bareilly
Uttar Pradesh,Wheat,2021,6,2021-06-01,Barhaj APMC,1966.14,barhaj,Deoria
Uttar Pradesh,Wheat,2021,6,2021-06-01,Baripaal APMC,1584.66,baripaal,Jaunpur
Uttar Pradesh,Wheat,2021,6,2021-06-01,Basti APMC,1975.0,basti,Basti
Uttar Pradesh,Wheat,2021,6,2021-06-01,Bewar APMC,1837.67,bewar,Mainpuri
Uttar Pradesh,Wheat,2021,6,2021-06-01,Bharthna APMC,1944.69,bharthna,Etawah
Uttar Pradesh,Wheat,2021,6,2021-06-01,Bharuasumerpur APMC,1946.15,bharuasumerpur,Hamirpur
Uttar Pradesh,Wheat,2021,6,2021-06-01,Bharwari APMC,1668.4,bharwari,Kaushambi
Uttar Pradesh,Wheat,2021,6,2021-06-01,Bhehjoi APMC,1897.63,bhehjoi,Sambhal
Uttar Pradesh,Wheat,2021,6,2021-06-01,Bijnaur APMC,1961.97,bijnaur,Bijnor
Uttar Pradesh,Wheat,2021,6,2021-06-01,Bilaspur APMC,,bilaspur,Rampur
Uttar Pradesh,Wheat,2021,6,2021-06-01,Billsadda APMC,,billsadda,Pilibhit
Uttar Pradesh,Wheat,2021,6,2021-06-01,Bilsi APMC,1954.74,bilsi,Budaun
Uttar Pradesh,Wheat,2021,6,2021-06-01,Bindki APMC,1902.93,bindki,Fatehpur
Uttar Pradesh,Wheat,2021,6,2021-06-01,Bishalpur APMC,1974.94,bishalpur,Pilibhit
Uttar Pradesh,Wheat,2021,6,2021-06-01,Bisoli APMC,,bisoli,Badaun
Uttar Pradesh,Wheat,2021,6,2021-06-01,Buland Shahr APMC,1970.64,buland shahr,Bulandshahr
Uttar Pradesh,Wheat,2021,6,2021-06-01,Chandausi APMC,1971.98,chandausi,Sambhal
Uttar Pradesh,Wheat,2021,6,2021-06-01,Chandoli APMC,1975.0,chandoli,Chandauli
Uttar Pradesh,Wheat,2021,6,2021-06-01,Charra APMC,1940.69,charra,Aligarh
Uttar Pradesh,Wheat,2021,6,2021-06-01,Chhibramau APMC,1943.81,chhibramau,Kannauj
Uttar Pradesh,Wheat,2021,6,2021-06-01,Chirgaon APMC,1970.75,chirgaon,Jhansi
Uttar Pradesh,Wheat,2021,6,2021-06-01,Chitwadagaon APMC,1975.0,chitwadagaon,Ballia
Uttar Pradesh,Wheat,2021,6,2021-06-01,Chorichora APMC,1911.27,chorichora,Gorakhpur
Uttar Pradesh,Wheat,2021,6,2021-06-01,Choubepur APMC,1970.71,choubepur,Jaunpur
Uttar Pradesh,Wheat,2021,6,2021-06-01,DADRI APMC,1969.94,dadri,Gautam Buddha Nagar
Uttar Pradesh,Wheat,2021,6,2021-06-01,Dankaur APMC,1970.37,dankaur,Gautam Buddha Nagar
Uttar Pradesh,Wheat,2021,6,2021-06-01,Dataganj APMC,1735.0,dataganj,Badaun
Uttar Pradesh,Wheat,2021,6,2021-06-01,Devariya APMC,1956.74,devariya,Deoria
Uttar Pradesh,Wheat,2021,6,2021-06-01,Dhanaura APMC,1950.0,dhanaura,Amroha
Uttar Pradesh,Wheat,2021,6,2021-06-01,Dibiapur APMC,1712.16,dibiapur,Auraiya
Uttar Pradesh,Wheat,2021,6,2021-06-01,Doharighat APMC,,doharighat,Azamgarh
Uttar Pradesh,Wheat,2021,6,2021-06-01,Etah APMC,1929.79,etah,Etah
Uttar Pradesh,Wheat,2021,6,2021-06-01,Etawah APMC,1960.03,etawah,Etawah
Uttar Pradesh,Wheat,2021,6,2021-06-01,Farukhabad APMC,1990.49,farukhabad,Farrukhabad
Uttar Pradesh,Wheat,2021,6,2021-06-01,Fatehabad APMC,,fatehabad,Agra
Uttar Pradesh,Wheat,2021,6,2021-06-01,Fatehpur APMC,1935.91,fatehpur,Fatehpur
Uttar Pradesh,Wheat,2021,6,2021-06-01,Fatehpur Sikri APMC,1975.0,fatehpur sikri,Agra
Uttar Pradesh,Wheat,2021,6,2021-06-01,Firozabad APMC,1972.34,firozabad,Firozabad
Uttar Pradesh,Wheat,2021,6,2021-06-01,Gadaura APMC,1764.61,gadaura,Maharajganj
Uttar Pradesh,Wheat,2021,6,2021-06-01,Gangoh APMC,1853.64,gangoh,Saharanpur
Uttar Pradesh,Wheat,2021,6,2021-06-01,Gazipur APMC,1975.0,gazipur,Azamgarh
Uttar Pradesh,Wheat,2021,6,2021-06-01,Ghaziabad APMC,1972.33,ghaziabad,Ghaziabad
Uttar Pradesh,Wheat,2021,6,2021-06-01,Ghiraur APMC,1975.0,ghiraur,Mainpuri
Uttar Pradesh,Wheat,2021,6,2021-06-01,Golagokarnath APMC,1942.5,golagokarnath,Lalitpur
Uttar Pradesh,Wheat,2021,6,2021-06-01,Gonda APMC,1870.12,gonda,Gonda
Uttar Pradesh,Wheat,2021,6,2021-06-01,Gopiganj APMC,,gopiganj,Bhadohi
Uttar Pradesh,Wheat,2021,6,2021-06-01,Gorakhpur APMC,1940.25,gorakhpur,Gorakhpur
Uttar Pradesh,Wheat,2021,6,2021-06-01,Gulavati APMC,,gulavati,Bulandshahar
Uttar Pradesh,Wheat,2021,6,2021-06-01,Gurusarai APMC,1975.0,gurusarai,Jhansi
Uttar Pradesh,Wheat,2021,6,2021-06-01,Haathras APMC,1924.04,haathras,Hathras
Uttar Pradesh,Wheat,2021,6,2021-06-01,Haldaur APMC,1850.0,haldaur,Bijnor
Uttar Pradesh,Wheat,2021,6,2021-06-01,Hamirpur APMC,1630.0,hamirpur,Hamirpur
Uttar Pradesh,Wheat,2021,6,2021-06-01,Hapur APMC,1963.22,hapur,Ghaziabad
Uttar Pradesh,Wheat,2021,6,2021-06-01,Hardoi APMC,1895.81,hardoi,Hardoi
Uttar Pradesh,Wheat,2021,6,2021-06-01,Hargaon (Laharpur) APMC,,hargaon (laharpur),Sitapur
Uttar Pradesh,Wheat,2021,6,2021-06-01,Hasanpur APMC,1900.0,hasanpur,Amroha
Uttar Pradesh,Wheat,2021,6,2021-06-01,Jafarganj APMC,1672.75,jafarganj,Amethi
Uttar Pradesh,Wheat,2021,6,2021-06-01,Jagnair APMC,,jagnair,Agra
Uttar Pradesh,Wheat,2021,6,2021-06-01,Jahanabad APMC,,jahanabad,Fatehpur
Uttar Pradesh,Wheat,2021,6,2021-06-01,Jahangirabad APMC,1970.83,jahangirabad,Bulandshahar
Uttar Pradesh,Wheat,2021,6,2021-06-01,Jalalabad APMC,,jalalabad,Bijnor
Uttar Pradesh,Wheat,2021,6,2021-06-01,Jalaun APMC,1957.32,jalaun,Jalaun
Uttar Pradesh,Wheat,2021,6,2021-06-01,Jangipura APMC,1975.0,jangipura,Ghazipur
Uttar Pradesh,Wheat,2021,6,2021-06-01,Jasra APMC,1975.0,jasra,Prayagraj
Uttar Pradesh,Wheat,2021,6,2021-06-01,Jasvantnagar APMC,,jasvantnagar,Etawah
Uttar Pradesh,Wheat,2021,6,2021-06-01,Jaunpur APMC,1975.0,jaunpur,Jaunpur
Uttar Pradesh,Wheat,2021,6,2021-06-01,Jayas APMC,1951.5,jayas,Rae Bareli
Uttar Pradesh,Wheat,2021,6,2021-06-01,Jhansi APMC,1975.0,jhansi,Jhansi
Uttar Pradesh,Wheat,2021,6,2021-06-01,Jhijhank APMC,1934.1,jhijhank,Kanpur Dehat
Uttar Pradesh,Wheat,2021,6,2021-06-01,Kamlaganj APMC,1975.0,kamlaganj,Farrukhabad
Uttar Pradesh,Wheat,2021,6,2021-06-01,Kannauj APMC,1925.12,kannauj,Kannauj
Uttar Pradesh,Wheat,2021,6,2021-06-01,Kanpur(Grain) APMC,1949.21,kanpur(grain),Jaunpur
Uttar Pradesh,Wheat,2021,6,2021-06-01,Karvi APMC,1950.78,karvi,Chitrakoot
Uttar Pradesh,Wheat,2021,6,2021-06-01,Kasganj APMC,1919.69,kasganj,Kasganj
Uttar Pradesh,Wheat,2021,6,2021-06-01,Kayamganj APMC,1925.87,kayamganj,Farrukhabad
Uttar Pradesh,Wheat,2021,6,2021-06-01,Khaga APMC,1840.0,khaga,Fatehpur
Uttar Pradesh,Wheat,2021,6,2021-06-01,Khair APMC,1933.52,khair,Aligarh
Uttar Pradesh,Wheat,2021,6,2021-06-01,Khairagarh APMC,1750.33,khairagarh,Agra
Uttar Pradesh,Wheat,2021,6,2021-06-01,Khalilabad APMC,,khalilabad,Sant Kabir Nagar
Uttar Pradesh,Wheat,2021,6,2021-06-01,Khurja APMC,1970.78,khurja,Bulandshahr
Uttar Pradesh,Wheat,2021,6,2021-06-01,Kishunpur APMC,1695.37,kishunpur,Bahraich
Uttar Pradesh,Wheat,2021,6,2021-06-01,Konch APMC,1938.84,konch,Jalaun
Uttar Pradesh,Wheat,2021,6,2021-06-01,Kopaganj APMC,1967.16,kopaganj,
Uttar Pradesh,Wheat,2021,6,2021-06-01,Kosikalan APMC,1931.19,kosikalan,Mathura
Uttar Pradesh,Wheat,2021,6,2021-06-01,Kurara APMC,1970.68,kurara,Hamirpur
Uttar Pradesh,Wheat,2021,6,2021-06-01,Lakhimpur APMC,1880.72,lakhimpur,Lalitpur
Uttar Pradesh,Wheat,2021,6,2021-06-01,Lalganj APMC,1950.09,lalganj,Rae Bareli
Uttar Pradesh,Wheat,2021,6,2021-06-01,Lalitpur APMC,1915.97,lalitpur,Lalitpur
Uttar Pradesh,Wheat,2021,6,2021-06-01,Lucknow APMC,1966.73,lucknow,Lucknow
Uttar Pradesh,Wheat,2021,6,2021-06-01,Madhoganj APMC,1927.01,madhoganj,Hardoi
Uttar Pradesh,Wheat,2021,6,2021-06-01,Madhogarh APMC,1520.0,madhogarh,Jalaun
Uttar Pradesh,Wheat,2021,6,2021-06-01,Maharajganj APMC,,maharajganj,Rae Bareli
Uttar Pradesh,Wheat,2021,6,2021-06-01,Mahoba APMC,1894.63,mahoba,Mahoba
Uttar Pradesh,Wheat,2021,6,2021-06-01,Maigalganj APMC,1811.04,maigalganj,Gorakhpur
Uttar Pradesh,Wheat,2021,6,2021-06-01,Mainpuri APMC,1970.0,mainpuri,Mainpuri
Uttar Pradesh,Wheat,2021,6,2021-06-01,Mathura APMC,1938.95,mathura,Mathura
Uttar Pradesh,Wheat,2021,6,2021-06-01,Mau(Chitrakut) APMC,,mau(chitrakut),Chitrakut
Uttar Pradesh,Wheat,2021,6,2021-06-01,Maudaha APMC,1933.47,maudaha,Hamirpur
Uttar Pradesh,Wheat,2021,6,2021-06-01,Mauranipur APMC,1975.0,mauranipur,Jhansi
Uttar Pradesh,Wheat,2021,6,2021-06-01,Mawana APMC,1973.59,mawana,Meerut
Uttar Pradesh,Wheat,2021,6,2021-06-01,Meerut APMC,1967.51,meerut,Meerut
Uttar Pradesh,Wheat,2021,6,2021-06-01,Mehmoodabad APMC,1901.83,mehmoodabad,Sitapur
Uttar Pradesh,Wheat,2021,6,2021-06-01,Milak APMC,1956.26,milak,Rampur
Uttar Pradesh,Wheat,2021,6,2021-06-01,Mirzapur APMC,1975.0,mirzapur,Mirzapur
Uttar Pradesh,Wheat,2021,6,2021-06-01,Mohamadabad APMC,1946.99,mohamadabad,Farrukhabad
Uttar Pradesh,Wheat,2021,6,2021-06-01,Mohammdi APMC,,mohammdi,Kheri
Uttar Pradesh,Wheat,2021,6,2021-06-01,Moth APMC,1975.0,moth,Jhansi
Uttar Pradesh,Wheat,2021,6,2021-06-01,Mugrabaadshahpur APMC,1975.0,mugrabaadshahpur,Jaunpur
Uttar Pradesh,Wheat,2021,6,2021-06-01,Muradabad APMC,1943.09,muradabad,Sambhal
Uttar Pradesh,Wheat,2021,6,2021-06-01,Muskara APMC,1870.84,muskara,Mahoba
Uttar Pradesh,Wheat,2021,6,2021-06-01,Muzzafarnagar APMC,1971.19,muzzafarnagar,Muzaffarnagar
Uttar Pradesh,Wheat,2021,6,2021-06-01,Naanpara APMC,1942.65,naanpara,Bahraich
Uttar Pradesh,Wheat,2021,6,2021-06-01,Najibabad APMC,1925.62,najibabad,Bijnor
Uttar Pradesh,Wheat,2021,6,2021-06-01,Naugarh APMC,1872.23,naugarh,Siddharthnagar
Uttar Pradesh,Wheat,2021,6,2021-06-01,Nautnava APMC,,nautnava,Maharajganj
Uttar Pradesh,Wheat,2021,6,2021-06-01,Nawabganj APMC,1909.13,nawabganj,Gonda
Uttar Pradesh,Wheat,2021,6,2021-06-01,Orai APMC,1966.83,orai,Jalaun
Uttar Pradesh,Wheat,2021,6,2021-06-01,Paliakala APMC,1900.2,paliakala,Kheri
Uttar Pradesh,Wheat,2021,6,2021-06-01,Panchpedwa APMC,1640.34,panchpedwa,Balrampur
Uttar Pradesh,Wheat,2021,6,2021-06-01,Partaval APMC,2007.69,partaval,Mahrajganj
Uttar Pradesh,Wheat,2021,6,2021-06-01,Pilibhit APMC,1974.55,pilibhit,Pilibhit
Uttar Pradesh,Wheat,2021,6,2021-06-01,Powayan APMC,1971.23,powayan,Shahjahanpur
Uttar Pradesh,Wheat,2021,6,2021-06-01,Pratapgarh APMC,1895.7,pratapgarh,Pratapgarh
Uttar Pradesh,Wheat,2021,6,2021-06-01,Prayagraj APMC,,prayagraj,Prayagraj
Uttar Pradesh,Wheat,2021,6,2021-06-01,Pukharayan APMC,1954.31,pukharayan,Kanpur Dehat
Uttar Pradesh,Wheat,2021,6,2021-06-01,Puranpur APMC,1974.88,puranpur,Pilibhit
Uttar Pradesh,Wheat,2021,6,2021-06-01,Purwa APMC,1948.06,purwa,Unnao
Uttar Pradesh,Wheat,2021,6,2021-06-01,Raath APMC,1895.34,raath,Hamirpur
Uttar Pradesh,Wheat,2021,6,2021-06-01,Raibareilly APMC,1959.54,raibareilly,Rae Bareli
Uttar Pradesh,Wheat,2021,6,2021-06-01,Rampur APMC,1936.93,rampur,Rampur
Uttar Pradesh,Wheat,2021,6,2021-06-01,Rasda APMC,1975.0,rasda,Ballia
Uttar Pradesh,Wheat,2021,6,2021-06-01,Richha APMC,1975.0,richha,Bareilly
Uttar Pradesh,Wheat,2021,6,2021-06-01,Robertsganj APMC,2103.87,robertsganj,Sonbhadra
Uttar Pradesh,Wheat,2021,6,2021-06-01,Rudauli APMC,1975.0,rudauli,Ayodhya
Uttar Pradesh,Wheat,2021,6,2021-06-01,Rura APMC,1941.29,rura,Kanpur Dehat
Uttar Pradesh,Wheat,2021,6,2021-06-01,Safdarganj APMC,1975.0,safdarganj,Barabanki
Uttar Pradesh,Wheat,2021,6,2021-06-01,Saharanpur APMC,1967.22,saharanpur,Saharanpur
Uttar Pradesh,Wheat,2021,6,2021-06-01,Sahiyapur APMC,1975.0,sahiyapur,Siddharthnagar
Uttar Pradesh,Wheat,2021,6,2021-06-01,Salon APMC,1975.0,salon,Rae Bareli
Uttar Pradesh,Wheat,2021,6,2021-06-01,Samsabad APMC,,samsabad,Agra
Uttar Pradesh,Wheat,2021,6,2021-06-01,Sandi APMC,1934.54,sandi,Hardoi
Uttar Pradesh,Wheat,2021,6,2021-06-01,Sandila APMC,1935.85,sandila,Hardoi
Uttar Pradesh,Wheat,2021,6,2021-06-01,Sardhana APMC,,sardhana,Meerut
Uttar Pradesh,Wheat,2021,6,2021-06-01,Sehjanwa APMC,1942.79,sehjanwa,Gorakhpur
Uttar Pradesh,Wheat,2021,6,2021-06-01,Shadabad APMC,1975.0,shadabad,Hathras
Uttar Pradesh,Wheat,2021,6,2021-06-01,Shahabad(New Mandi) APMC,1854.77,shahabad(new mandi),Hardoi
Uttar Pradesh,Wheat,2021,6,2021-06-01,Shahganj APMC,1975.0,shahganj,Jaunpur
Uttar Pradesh,Wheat,2021,6,2021-06-01,Shahjahanpur APMC,1950.66,shahjahanpur,Shahjahanpur
Uttar Pradesh,Wheat,2021,6,2021-06-01,Shahpur APMC,,shahpur,Muzaffarnagar
Uttar Pradesh,Wheat,2021,6,2021-06-01,Shamli APMC,1972.91,shamli,Shamli
Uttar Pradesh,Wheat,2021,6,2021-06-01,Shikohabad APMC,1944.68,shikohabad,Firozabad
Uttar Pradesh,Wheat,2021,6,2021-06-01,Sikanderabad APMC,,sikanderabad,Bulandshahr
Uttar Pradesh,Wheat,2021,6,2021-06-01,Sikandraraau APMC,1939.52,sikandraraau,Hathras
Uttar Pradesh,Wheat,2021,6,2021-06-01,Sirsa APMC,,sirsa,Gautam Buddha Nagar
Uttar Pradesh,Wheat,2021,6,2021-06-01,Sirsaganj APMC,1975.0,sirsaganj,Firozabad
Uttar Pradesh,Wheat,2021,6,2021-06-01,Sitapur APMC,1871.55,sitapur,Sitapur
Uttar Pradesh,Wheat,2021,6,2021-06-01,Siyana APMC,1868.2,siyana,Bulandshahar
Uttar Pradesh,Wheat,2021,6,2021-06-01,Sultanpur APMC,1917.0,sultanpur,Amethi
Uttar Pradesh,Wheat,2021,6,2021-06-01,Tamkuhi road APMC,,tamkuhi road,Kushinagar
Uttar Pradesh,Wheat,2021,6,2021-06-01,Thanabhawan APMC,,thanabhawan,Shamli
Uttar Pradesh,Wheat,2021,6,2021-06-01,Tikonia APMC,1975.0,tikonia,Kheri
Uttar Pradesh,Wheat,2021,6,2021-06-01,Tilhar APMC,,tilhar,Shahjahanpur
Uttar Pradesh,Wheat,2021,6,2021-06-01,Tulsipur APMC,1946.38,tulsipur,Balrampur
Uttar Pradesh,Wheat,2021,6,2021-06-01,Tundla APMC,1975.0,tundla,Firozabad
Uttar Pradesh,Wheat,2021,6,2021-06-01,Ujhani APMC,1944.33,ujhani,Budaun
Uttar Pradesh,Wheat,2021,6,2021-06-01,Unnao APMC,1959.89,unnao,Unnao
Uttar Pradesh,Wheat,2021,6,2021-06-01,Uttaripura APMC,,uttaripura,Jaunpur
Uttar Pradesh,Wheat,2021,6,2021-06-01,Varanasi APMC,1975.25,varanasi,Varanasi
Uttar Pradesh,Wheat,2021,6,2021-06-01,Viswan APMC,,viswan,Sitapur
Uttar Pradesh,Wheat,2021,6,2021-06-01,Wazirganj APMC,1899.16,wazirganj,Budaun
Uttar Pradesh,Wheat,2021,7,2021-07-01,Achalda APMC,1618.68,achalda,Auraiya
Uttar Pradesh,Wheat,2021,7,2021-07-01,Achnera APMC,1772.02,achnera,Agra
Uttar Pradesh,Wheat,2021,7,2021-07-01,Agra APMC,1719.49,agra,Agra
Uttar Pradesh,Wheat,2021,7,2021-07-01,Ait APMC,1584.61,ait,Jalaun
Uttar Pradesh,Wheat,2021,7,2021-07-01,Ajuha APMC,1740.43,ajuha,Prayagraj
Uttar Pradesh,Wheat,2021,7,2021-07-01,Akbarpur APMC,1603.08,akbarpur,Ambedkarnagar
Uttar Pradesh,Wheat,2021,7,2021-07-01,Aliganj APMC,1596.67,aliganj,Etah
Uttar Pradesh,Wheat,2021,7,2021-07-01,Aligarh APMC,1673.0,aligarh,Aligarh
Uttar Pradesh,Wheat,2021,7,2021-07-01,Amroha APMC,1711.07,amroha,Amroha
Uttar Pradesh,Wheat,2021,7,2021-07-01,Anandnagar APMC,1666.86,anandnagar,Mahrajganj
Uttar Pradesh,Wheat,2021,7,2021-07-01,Anoop Shahar APMC,1646.34,anoop shahar,Bulandshahr
Uttar Pradesh,Wheat,2021,7,2021-07-01,Atarra APMC,1624.53,atarra,Banda
Uttar Pradesh,Wheat,2021,7,2021-07-01,Atrauli APMC,1669.56,atrauli,Aligarh
Uttar Pradesh,Wheat,2021,7,2021-07-01,Auraiya APMC,1613.82,auraiya,Auraiya
Uttar Pradesh,Wheat,2021,7,2021-07-01,Awagarh APMC,,awagarh,Etah
Uttar Pradesh,Wheat,2021,7,2021-07-01,Ayodhya APMC,1596.73,ayodhya,Ayodhya
Uttar Pradesh,Wheat,2021,7,2021-07-01,Azamgarh APMC,1689.6,azamgarh,Azamgarh
Uttar Pradesh,Wheat,2021,7,2021-07-01,Baberu APMC,1605.05,baberu,Banda
Uttar Pradesh,Wheat,2021,7,2021-07-01,Babrala APMC,1825.14,babrala,Budaun
Uttar Pradesh,Wheat,2021,7,2021-07-01,Bachranwa APMC,1565.0,bachranwa,Rae Bareli
Uttar Pradesh,Wheat,2021,7,2021-07-01,Badayoun APMC,1743.31,badayoun,Budaun
Uttar Pradesh,Wheat,2021,7,2021-07-01,Baheri APMC,,baheri,Bareilly
Uttar Pradesh,Wheat,2021,7,2021-07-01,Bahraich APMC,1668.35,bahraich,Bahraich
Uttar Pradesh,Wheat,2021,7,2021-07-01,Ballia APMC,1861.84,ballia,Ballia
Uttar Pradesh,Wheat,2021,7,2021-07-01,Balrampur APMC,1718.61,balrampur,Balrampur
Uttar Pradesh,Wheat,2021,7,2021-07-01,Banda APMC,1621.07,banda,Banda
Uttar Pradesh,Wheat,2021,7,2021-07-01,Bangarmau APMC,1611.33,bangarmau,Unnao
Uttar Pradesh,Wheat,2021,7,2021-07-01,Bansi APMC,1635.0,bansi,Siddharthnagar
Uttar Pradesh,Wheat,2021,7,2021-07-01,Barabanki APMC,1637.3,barabanki,Bara Banki
Uttar Pradesh,Wheat,2021,7,2021-07-01,Bareilly APMC,1743.61,bareilly,Bareilly
Uttar Pradesh,Wheat,2021,7,2021-07-01,Barhaj APMC,1680.48,barhaj,Deoria
Uttar Pradesh,Wheat,2021,7,2021-07-01,Baripaal APMC,1545.14,baripaal,Jaunpur
Uttar Pradesh,Wheat,2021,7,2021-07-01,Basti APMC,1682.06,basti,Basti
Uttar Pradesh,Wheat,2021,7,2021-07-01,Bewar APMC,1680.16,bewar,Mainpuri
Uttar Pradesh,Wheat,2021,7,2021-07-01,Bharthna APMC,1618.3,bharthna,Etawah
Uttar Pradesh,Wheat,2021,7,2021-07-01,Bharuasumerpur APMC,1649.13,bharuasumerpur,Hamirpur
Uttar Pradesh,Wheat,2021,7,2021-07-01,Bharwari APMC,1679.66,bharwari,Kaushambi
Uttar Pradesh,Wheat,2021,7,2021-07-01,Bhehjoi APMC,,bhehjoi,Sambhal
Uttar Pradesh,Wheat,2021,7,2021-07-01,Bijnaur APMC,1702.02,bijnaur,Bijnor
Uttar Pradesh,Wheat,2021,7,2021-07-01,Bilaspur APMC,,bilaspur,Rampur
Uttar Pradesh,Wheat,2021,7,2021-07-01,Bilsi APMC,1680.93,bilsi,Budaun
Uttar Pradesh,Wheat,2021,7,2021-07-01,Bindki APMC,1658.74,bindki,Fatehpur
Uttar Pradesh,Wheat,2021,7,2021-07-01,Bishalpur APMC,1751.27,bishalpur,Pilibhit
Uttar Pradesh,Wheat,2021,7,2021-07-01,Buland Shahr APMC,1822.42,buland shahr,Bulandshahr
Uttar Pradesh,Wheat,2021,7,2021-07-01,Chandausi APMC,1702.3,chandausi,Sambhal
Uttar Pradesh,Wheat,2021,7,2021-07-01,Chandoli APMC,1891.68,chandoli,Chandauli
Uttar Pradesh,Wheat,2021,7,2021-07-01,Charra APMC,1669.5,charra,Aligarh
Uttar Pradesh,Wheat,2021,7,2021-07-01,Chhibramau APMC,1661.02,chhibramau,Kannauj
Uttar Pradesh,Wheat,2021,7,2021-07-01,Chirgaon APMC,1605.16,chirgaon,Jhansi
Uttar Pradesh,Wheat,2021,7,2021-07-01,Chitwadagaon APMC,1894.43,chitwadagaon,Ballia
Uttar Pradesh,Wheat,2021,7,2021-07-01,Chorichora APMC,1663.04,chorichora,Gorakhpur
Uttar Pradesh,Wheat,2021,7,2021-07-01,Choubepur APMC,1740.16,choubepur,Jaunpur
Uttar Pradesh,Wheat,2021,7,2021-07-01,DADRI APMC,1882.71,dadri,Gautam Buddha Nagar
Uttar Pradesh,Wheat,2021,7,2021-07-01,Dankaur APMC,1863.29,dankaur,Gautam Buddha Nagar
Uttar Pradesh,Wheat,2021,7,2021-07-01,Dataganj APMC,,dataganj,Badaun
Uttar Pradesh,Wheat,2021,7,2021-07-01,Devariya APMC,1688.16,devariya,Deoria
Uttar Pradesh,Wheat,2021,7,2021-07-01,Dhanaura APMC,1950.0,dhanaura,Amroha
Uttar Pradesh,Wheat,2021,7,2021-07-01,Dibiapur APMC,1686.82,dibiapur,Auraiya
Uttar Pradesh,Wheat,2021,7,2021-07-01,Divai APMC,,divai,Bulandshahar
Uttar Pradesh,Wheat,2021,7,2021-07-01,Doharighat APMC,,doharighat,Azamgarh
Uttar Pradesh,Wheat,2021,7,2021-07-01,Etah APMC,1665.53,etah,Etah
Uttar Pradesh,Wheat,2021,7,2021-07-01,Etawah APMC,1625.71,etawah,Etawah
Uttar Pradesh,Wheat,2021,7,2021-07-01,Farukhabad APMC,1665.07,farukhabad,Farrukhabad
Uttar Pradesh,Wheat,2021,7,2021-07-01,Fatehabad APMC,,fatehabad,Agra
Uttar Pradesh,Wheat,2021,7,2021-07-01,Fatehpur APMC,1628.9,fatehpur,Fatehpur
Uttar Pradesh,Wheat,2021,7,2021-07-01,Fatehpur Sikri APMC,1752.53,fatehpur sikri,Agra
Uttar Pradesh,Wheat,2021,7,2021-07-01,Firozabad APMC,1725.09,firozabad,Firozabad
Uttar Pradesh,Wheat,2021,7,2021-07-01,Gadaura APMC,1645.56,gadaura,Maharajganj
Uttar Pradesh,Wheat,2021,7,2021-07-01,Gangoh APMC,,gangoh,Saharanpur
Uttar Pradesh,Wheat,2021,7,2021-07-01,Gazipur APMC,1884.56,gazipur,Azamgarh
Uttar Pradesh,Wheat,2021,7,2021-07-01,Ghaziabad APMC,1907.3,ghaziabad,Ghaziabad
Uttar Pradesh,Wheat,2021,7,2021-07-01,Ghiraur APMC,1683.2,ghiraur,Mainpuri
Uttar Pradesh,Wheat,2021,7,2021-07-01,Golagokarnath APMC,1646.02,golagokarnath,Lalitpur
Uttar Pradesh,Wheat,2021,7,2021-07-01,Gonda APMC,1624.37,gonda,Gonda
Uttar Pradesh,Wheat,2021,7,2021-07-01,Gopiganj APMC,1810.0,gopiganj,Bhadohi
Uttar Pradesh,Wheat,2021,7,2021-07-01,Gorakhpur APMC,1659.83,gorakhpur,Gorakhpur
Uttar Pradesh,Wheat,2021,7,2021-07-01,Gurusarai APMC,1751.18,gurusarai,Jhansi
Uttar Pradesh,Wheat,2021,7,2021-07-01,Haathras APMC,1625.19,haathras,Hathras
Uttar Pradesh,Wheat,2021,7,2021-07-01,Haldaur APMC,1850.0,haldaur,Bijnor
Uttar Pradesh,Wheat,2021,7,2021-07-01,Hamirpur APMC,1650.0,hamirpur,Hamirpur
Uttar Pradesh,Wheat,2021,7,2021-07-01,Hapur APMC,1842.2,hapur,Ghaziabad
Uttar Pradesh,Wheat,2021,7,2021-07-01,Hardoi APMC,1620.62,hardoi,Hardoi
Uttar Pradesh,Wheat,2021,7,2021-07-01,Hargaon (Laharpur) APMC,,hargaon (laharpur),Sitapur
Uttar Pradesh,Wheat,2021,7,2021-07-01,Hasanpur APMC,,hasanpur,Amroha
Uttar Pradesh,Wheat,2021,7,2021-07-01,Jafarganj APMC,1600.95,jafarganj,Amethi
Uttar Pradesh,Wheat,2021,7,2021-07-01,Jagnair APMC,1687.92,jagnair,Agra
Uttar Pradesh,Wheat,2021,7,2021-07-01,Jahangirabad APMC,1821.71,jahangirabad,Bulandshahar
Uttar Pradesh,Wheat,2021,7,2021-07-01,Jalaun APMC,1579.08,jalaun,Jalaun
Uttar Pradesh,Wheat,2021,7,2021-07-01,Jangipura APMC,1878.53,jangipura,Ghazipur
Uttar Pradesh,Wheat,2021,7,2021-07-01,Jasra APMC,,jasra,Prayagraj
Uttar Pradesh,Wheat,2021,7,2021-07-01,Jaunpur APMC,1853.47,jaunpur,Jaunpur
Uttar Pradesh,Wheat,2021,7,2021-07-01,Jayas APMC,1570.08,jayas,Rae Bareli
Uttar Pradesh,Wheat,2021,7,2021-07-01,Jhansi APMC,1687.07,jhansi,Jhansi
Uttar Pradesh,Wheat,2021,7,2021-07-01,Jhijhank APMC,1694.54,jhijhank,Kanpur Dehat
Uttar Pradesh,Wheat,2021,7,2021-07-01,Kamlaganj APMC,,kamlaganj,Farrukhabad
Uttar Pradesh,Wheat,2021,7,2021-07-01,Kannauj APMC,1662.54,kannauj,Kannauj
Uttar Pradesh,Wheat,2021,7,2021-07-01,Kanpur(Grain) APMC,1819.96,kanpur(grain),Jaunpur
Uttar Pradesh,Wheat,2021,7,2021-07-01,Karvi APMC,1609.53,karvi,Chitrakoot
Uttar Pradesh,Wheat,2021,7,2021-07-01,Kasganj APMC,1659.61,kasganj,Kasganj
Uttar Pradesh,Wheat,2021,7,2021-07-01,Kayamganj APMC,1659.59,kayamganj,Farrukhabad
Uttar Pradesh,Wheat,2021,7,2021-07-01,Khaga APMC,1840.0,khaga,Fatehpur
Uttar Pradesh,Wheat,2021,7,2021-07-01,Khair APMC,1660.46,khair,Aligarh
Uttar Pradesh,Wheat,2021,7,2021-07-01,Khairagarh APMC,1630.44,khairagarh,Agra
Uttar Pradesh,Wheat,2021,7,2021-07-01,Khalilabad APMC,,khalilabad,Sant Kabir Nagar
Uttar Pradesh,Wheat,2021,7,2021-07-01,Khatauli APMC,,khatauli,Muzaffarnagar
Uttar Pradesh,Wheat,2021,7,2021-07-01,Khurja APMC,1824.25,khurja,Bulandshahr
Uttar Pradesh,Wheat,2021,7,2021-07-01,Kishunpur APMC,1600.0,kishunpur,Bahraich
Uttar Pradesh,Wheat,2021,7,2021-07-01,Konch APMC,1501.58,konch,Jalaun
Uttar Pradesh,Wheat,2021,7,2021-07-01,Kopaganj APMC,1674.91,kopaganj,
Uttar Pradesh,Wheat,2021,7,2021-07-01,Kosikalan APMC,1673.47,kosikalan,Mathura
Uttar Pradesh,Wheat,2021,7,2021-07-01,Kurara APMC,1535.17,kurara,Hamirpur
Uttar Pradesh,Wheat,2021,7,2021-07-01,Lakhimpur APMC,1646.69,lakhimpur,Lalitpur
Uttar Pradesh,Wheat,2021,7,2021-07-01,Lalganj APMC,1594.08,lalganj,Rae Bareli
Uttar Pradesh,Wheat,2021,7,2021-07-01,Lalitpur APMC,1772.91,lalitpur,Lalitpur
Uttar Pradesh,Wheat,2021,7,2021-07-01,Lucknow APMC,1730.81,lucknow,Lucknow
Uttar Pradesh,Wheat,2021,7,2021-07-01,Madhoganj APMC,1619.69,madhoganj,Hardoi
Uttar Pradesh,Wheat,2021,7,2021-07-01,Madhogarh APMC,1534.12,madhogarh,Jalaun
Uttar Pradesh,Wheat,2021,7,2021-07-01,Maharajganj APMC,,maharajganj,Rae Bareli
Uttar Pradesh,Wheat,2021,7,2021-07-01,Mahoba APMC,1624.45,mahoba,Mahoba
Uttar Pradesh,Wheat,2021,7,2021-07-01,Maigalganj APMC,1576.86,maigalganj,Gorakhpur
Uttar Pradesh,Wheat,2021,7,2021-07-01,Mainpuri APMC,1680.44,mainpuri,Mainpuri
Uttar Pradesh,Wheat,2021,7,2021-07-01,Mathura APMC,1727.49,mathura,Mathura
Uttar Pradesh,Wheat,2021,7,2021-07-01,Mau(Chitrakut) APMC,,mau(chitrakut),Chitrakut
Uttar Pradesh,Wheat,2021,7,2021-07-01,Maudaha APMC,1596.74,maudaha,Hamirpur
Uttar Pradesh,Wheat,2021,7,2021-07-01,Mauranipur APMC,1724.36,mauranipur,Jhansi
Uttar Pradesh,Wheat,2021,7,2021-07-01,Mawana APMC,1757.4,mawana,Meerut
Uttar Pradesh,Wheat,2021,7,2021-07-01,Meerut APMC,1889.89,meerut,Meerut
Uttar Pradesh,Wheat,2021,7,2021-07-01,Mehmoodabad APMC,1586.79,mehmoodabad,Sitapur
Uttar Pradesh,Wheat,2021,7,2021-07-01,Mehrauni APMC,,mehrauni,Lalitpur
Uttar Pradesh,Wheat,2021,7,2021-07-01,Milak APMC,1745.47,milak,Rampur
Uttar Pradesh,Wheat,2021,7,2021-07-01,Mirzapur APMC,1878.01,mirzapur,Mirzapur
Uttar Pradesh,Wheat,2021,7,2021-07-01,Mohamadabad APMC,1657.24,mohamadabad,Farrukhabad
Uttar Pradesh,Wheat,2021,7,2021-07-01,Mohammdi APMC,1608.38,mohammdi,Kheri
Uttar Pradesh,Wheat,2021,7,2021-07-01,Moth APMC,,moth,Jhansi
Uttar Pradesh,Wheat,2021,7,2021-07-01,Mugrabaadshahpur APMC,1810.92,mugrabaadshahpur,Jaunpur
Uttar Pradesh,Wheat,2021,7,2021-07-01,Muradabad APMC,1700.23,muradabad,Sambhal
Uttar Pradesh,Wheat,2021,7,2021-07-01,Muradnagar APMC,188.0,muradnagar,Ghaziabad
Uttar Pradesh,Wheat,2021,7,2021-07-01,Muskara APMC,1545.07,muskara,Mahoba
Uttar Pradesh,Wheat,2021,7,2021-07-01,Muzzafarnagar APMC,1857.01,muzzafarnagar,Muzaffarnagar
Uttar Pradesh,Wheat,2021,7,2021-07-01,Naanpara APMC,1664.13,naanpara,Bahraich
Uttar Pradesh,Wheat,2021,7,2021-07-01,Najibabad APMC,1700.51,najibabad,Bijnor
Uttar Pradesh,Wheat,2021,7,2021-07-01,Naugarh APMC,1753.28,naugarh,Siddharthnagar
Uttar Pradesh,Wheat,2021,7,2021-07-01,Nautnava APMC,1678.33,nautnava,Maharajganj
Uttar Pradesh,Wheat,2021,7,2021-07-01,Nawabganj APMC,1640.54,nawabganj,Gonda
Uttar Pradesh,Wheat,2021,7,2021-07-01,Orai APMC,1563.42,orai,Jalaun
Uttar Pradesh,Wheat,2021,7,2021-07-01,Paliakala APMC,1615.29,paliakala,Kheri
Uttar Pradesh,Wheat,2021,7,2021-07-01,Panchpedwa APMC,1617.94,panchpedwa,Balrampur
Uttar Pradesh,Wheat,2021,7,2021-07-01,Partaval APMC,1670.45,partaval,Mahrajganj
Uttar Pradesh,Wheat,2021,7,2021-07-01,Pilibhit APMC,1721.84,pilibhit,Pilibhit
Uttar Pradesh,Wheat,2021,7,2021-07-01,Powayan APMC,1725.02,powayan,Shahjahanpur
Uttar Pradesh,Wheat,2021,7,2021-07-01,Pratapgarh APMC,1651.47,pratapgarh,Pratapgarh
Uttar Pradesh,Wheat,2021,7,2021-07-01,Prayagraj APMC,,prayagraj,Prayagraj
Uttar Pradesh,Wheat,2021,7,2021-07-01,Pukharayan APMC,1694.43,pukharayan,Kanpur Dehat
Uttar Pradesh,Wheat,2021,7,2021-07-01,Puranpur APMC,1716.28,puranpur,Pilibhit
Uttar Pradesh,Wheat,2021,7,2021-07-01,Purwa APMC,1609.96,purwa,Unnao
Uttar Pradesh,Wheat,2021,7,2021-07-01,Raath APMC,1537.17,raath,Hamirpur
Uttar Pradesh,Wheat,2021,7,2021-07-01,Raibareilly APMC,1591.71,raibareilly,Rae Bareli
Uttar Pradesh,Wheat,2021,7,2021-07-01,Rampur APMC,1726.73,rampur,Rampur
Uttar Pradesh,Wheat,2021,7,2021-07-01,Rasda APMC,1860.21,rasda,Ballia
Uttar Pradesh,Wheat,2021,7,2021-07-01,Richha APMC,1975.0,richha,Bareilly
Uttar Pradesh,Wheat,2021,7,2021-07-01,Robertsganj APMC,2044.45,robertsganj,Sonbhadra
Uttar Pradesh,Wheat,2021,7,2021-07-01,Rudauli APMC,,rudauli,Ayodhya
Uttar Pradesh,Wheat,2021,7,2021-07-01,Rura APMC,1562.62,rura,Kanpur Dehat
Uttar Pradesh,Wheat,2021,7,2021-07-01,Safdarganj APMC,,safdarganj,Barabanki
Uttar Pradesh,Wheat,2021,7,2021-07-01,Saharanpur APMC,1849.98,saharanpur,Saharanpur
Uttar Pradesh,Wheat,2021,7,2021-07-01,Sahiyapur APMC,1654.55,sahiyapur,Siddharthnagar
Uttar Pradesh,Wheat,2021,7,2021-07-01,Salon APMC,1709.06,salon,Rae Bareli
Uttar Pradesh,Wheat,2021,7,2021-07-01,Sandi APMC,1927.46,sandi,Hardoi
Uttar Pradesh,Wheat,2021,7,2021-07-01,Sandila APMC,1620.91,sandila,Hardoi
Uttar Pradesh,Wheat,2021,7,2021-07-01,Sehjanwa APMC,1673.3,sehjanwa,Gorakhpur
Uttar Pradesh,Wheat,2021,7,2021-07-01,Shadabad APMC,,shadabad,Hathras
Uttar Pradesh,Wheat,2021,7,2021-07-01,Shahabad(New Mandi) APMC,1637.69,shahabad(new mandi),Hardoi
Uttar Pradesh,Wheat,2021,7,2021-07-01,Shahganj APMC,1832.01,shahganj,Jaunpur
Uttar Pradesh,Wheat,2021,7,2021-07-01,Shahjahanpur APMC,1714.06,shahjahanpur,Shahjahanpur
Uttar Pradesh,Wheat,2021,7,2021-07-01,Shamli APMC,1857.69,shamli,Shamli
Uttar Pradesh,Wheat,2021,7,2021-07-01,Shikohabad APMC,1732.3,shikohabad,Firozabad
Uttar Pradesh,Wheat,2021,7,2021-07-01,Sikandraraau APMC,1592.85,sikandraraau,Hathras
Uttar Pradesh,Wheat,2021,7,2021-07-01,Sirsaganj APMC,1680.0,sirsaganj,Firozabad
Uttar Pradesh,Wheat,2021,7,2021-07-01,Sitapur APMC,1563.78,sitapur,Sitapur
Uttar Pradesh,Wheat,2021,7,2021-07-01,Siyana APMC,,siyana,Bulandshahar
Uttar Pradesh,Wheat,2021,7,2021-07-01,Sultanpur APMC,1562.17,sultanpur,Amethi
Uttar Pradesh,Wheat,2021,7,2021-07-01,Tamkuhi road APMC,1600.0,tamkuhi road,Kushinagar
Uttar Pradesh,Wheat,2021,7,2021-07-01,Tikonia APMC,1600.0,tikonia,Kheri
Uttar Pradesh,Wheat,2021,7,2021-07-01,Tulsipur APMC,1682.09,tulsipur,Balrampur
Uttar Pradesh,Wheat,2021,7,2021-07-01,Tundla APMC,1727.07,tundla,Firozabad
Uttar Pradesh,Wheat,2021,7,2021-07-01,Ujhani APMC,1778.39,ujhani,Budaun
Uttar Pradesh,Wheat,2021,7,2021-07-01,Unnao APMC,1618.84,unnao,Unnao
Uttar Pradesh,Wheat,2021,7,2021-07-01,Uttaripura APMC,,uttaripura,Jaunpur
Uttar Pradesh,Wheat,2021,7,2021-07-01,Varanasi APMC,1858.2,varanasi,Varanasi
Uttar Pradesh,Wheat,2021,7,2021-07-01,Wazirganj APMC,1706.76,wazirganj,Budaun
Uttar Pradesh,Wheat,2021,8,2021-08-01,Achalda APMC,1693.47,achalda,Auraiya
Uttar Pradesh,Wheat,2021,8,2021-08-01,Achnera APMC,1727.83,achnera,Agra
Uttar Pradesh,Wheat,2021,8,2021-08-01,Agra APMC,1728.89,agra,Agra
Uttar Pradesh,Wheat,2021,8,2021-08-01,Ahirora APMC,1831.49,ahirora,Mirzapur
Uttar Pradesh,Wheat,2021,8,2021-08-01,Ait APMC,1669.05,ait,Jalaun
Uttar Pradesh,Wheat,2021,8,2021-08-01,Ajuha APMC,1747.01,ajuha,Prayagraj
Uttar Pradesh,Wheat,2021,8,2021-08-01,Akbarpur APMC,1690.96,akbarpur,Ambedkarnagar
Uttar Pradesh,Wheat,2021,8,2021-08-01,Aliganj APMC,1658.37,aliganj,Etah
Uttar Pradesh,Wheat,2021,8,2021-08-01,Aligarh APMC,1740.65,aligarh,Aligarh
Uttar Pradesh,Wheat,2021,8,2021-08-01,Amroha APMC,1712.12,amroha,Amroha
Uttar Pradesh,Wheat,2021,8,2021-08-01,Anandnagar APMC,1610.67,anandnagar,Mahrajganj
Uttar Pradesh,Wheat,2021,8,2021-08-01,Anoop Shahar APMC,,anoop shahar,Bulandshahr
Uttar Pradesh,Wheat,2021,8,2021-08-01,Atarra APMC,1653.99,atarra,Banda
Uttar Pradesh,Wheat,2021,8,2021-08-01,Atrauli APMC,1702.02,atrauli,Aligarh
Uttar Pradesh,Wheat,2021,8,2021-08-01,Auraiya APMC,1741.57,auraiya,Auraiya
Uttar Pradesh,Wheat,2021,8,2021-08-01,Awagarh APMC,1725.0,awagarh,Etah
Uttar Pradesh,Wheat,2021,8,2021-08-01,Ayodhya APMC,1702.84,ayodhya,Ayodhya
Uttar Pradesh,Wheat,2021,8,2021-08-01,Azamgarh APMC,1635.13,azamgarh,Azamgarh
Uttar Pradesh,Wheat,2021,8,2021-08-01,Baberu APMC,1634.99,baberu,Banda
Uttar Pradesh,Wheat,2021,8,2021-08-01,Babrala APMC,1810.13,babrala,Budaun
Uttar Pradesh,Wheat,2021,8,2021-08-01,Bachranwa APMC,,bachranwa,Rae Bareli
Uttar Pradesh,Wheat,2021,8,2021-08-01,Badayoun APMC,1722.16,badayoun,Budaun
Uttar Pradesh,Wheat,2021,8,2021-08-01,Baheri APMC,1975.0,baheri,Bareilly
Uttar Pradesh,Wheat,2021,8,2021-08-01,Bahraich APMC,1706.33,bahraich,Bahraich
Uttar Pradesh,Wheat,2021,8,2021-08-01,Ballia APMC,1773.17,ballia,Ballia
Uttar Pradesh,Wheat,2021,8,2021-08-01,Balrampur APMC,1749.75,balrampur,Balrampur
Uttar Pradesh,Wheat,2021,8,2021-08-01,Banda APMC,1645.81,banda,Banda
Uttar Pradesh,Wheat,2021,8,2021-08-01,Bangarmau APMC,1608.82,bangarmau,Unnao
Uttar Pradesh,Wheat,2021,8,2021-08-01,Bansi APMC,1645.0,bansi,Siddharthnagar
Uttar Pradesh,Wheat,2021,8,2021-08-01,Barabanki APMC,1693.05,barabanki,Bara Banki
Uttar Pradesh,Wheat,2021,8,2021-08-01,Bareilly APMC,1733.6,bareilly,Bareilly
Uttar Pradesh,Wheat,2021,8,2021-08-01,Barhaj APMC,1621.51,barhaj,Deoria
Uttar Pradesh,Wheat,2021,8,2021-08-01,Baripaal APMC,1649.59,baripaal,Jaunpur
Uttar Pradesh,Wheat,2021,8,2021-08-01,Basti APMC,1625.48,basti,Basti
Uttar Pradesh,Wheat,2021,8,2021-08-01,Bewar APMC,1704.45,bewar,Mainpuri
Uttar Pradesh,Wheat,2021,8,2021-08-01,Bharthna APMC,1697.59,bharthna,Etawah
Uttar Pradesh,Wheat,2021,8,2021-08-01,Bharuasumerpur APMC,1664.63,bharuasumerpur,Hamirpur
Uttar Pradesh,Wheat,2021,8,2021-08-01,Bharwari APMC,1736.22,bharwari,Kaushambi
Uttar Pradesh,Wheat,2021,8,2021-08-01,Bhehjoi APMC,1650.0,bhehjoi,Sambhal
Uttar Pradesh,Wheat,2021,8,2021-08-01,Bijnaur APMC,1720.52,bijnaur,Bijnor
Uttar Pradesh,Wheat,2021,8,2021-08-01,Bilaspur APMC,,bilaspur,Rampur
Uttar Pradesh,Wheat,2021,8,2021-08-01,Bilsi APMC,1675.83,bilsi,Budaun
Uttar Pradesh,Wheat,2021,8,2021-08-01,Bindki APMC,1668.91,bindki,Fatehpur
Uttar Pradesh,Wheat,2021,8,2021-08-01,Bishalpur APMC,1702.65,bishalpur,Pilibhit
Uttar Pradesh,Wheat,2021,8,2021-08-01,Buland Shahr APMC,1802.11,buland shahr,Bulandshahr
Uttar Pradesh,Wheat,2021,8,2021-08-01,Chandausi APMC,1713.64,chandausi,Sambhal
Uttar Pradesh,Wheat,2021,8,2021-08-01,Chandoli APMC,1750.78,chandoli,Chandauli
Uttar Pradesh,Wheat,2021,8,2021-08-01,Charra APMC,1791.26,charra,Aligarh
Uttar Pradesh,Wheat,2021,8,2021-08-01,Chhibramau APMC,1674.26,chhibramau,Kannauj
Uttar Pradesh,Wheat,2021,8,2021-08-01,Chirgaon APMC,1671.15,chirgaon,Jhansi
Uttar Pradesh,Wheat,2021,8,2021-08-01,Chitwadagaon APMC,,chitwadagaon,Ballia
Uttar Pradesh,Wheat,2021,8,2021-08-01,Chorichora APMC,1607.67,chorichora,Gorakhpur
Uttar Pradesh,Wheat,2021,8,2021-08-01,Choubepur APMC,1735.43,choubepur,Jaunpur
Uttar Pradesh,Wheat,2021,8,2021-08-01,DADRI APMC,1870.81,dadri,Gautam Buddha Nagar
Uttar Pradesh,Wheat,2021,8,2021-08-01,Dankaur APMC,1844.67,dankaur,Gautam Buddha Nagar
Uttar Pradesh,Wheat,2021,8,2021-08-01,Dataganj APMC,1587.08,dataganj,Badaun
Uttar Pradesh,Wheat,2021,8,2021-08-01,Devariya APMC,1623.95,devariya,Deoria
Uttar Pradesh,Wheat,2021,8,2021-08-01,Dhanaura APMC,1950.0,dhanaura,Amroha
Uttar Pradesh,Wheat,2021,8,2021-08-01,Dibiapur APMC,1700.9,dibiapur,Auraiya
Uttar Pradesh,Wheat,2021,8,2021-08-01,Doharighat APMC,,doharighat,Azamgarh
Uttar Pradesh,Wheat,2021,8,2021-08-01,Etah APMC,1722.95,etah,Etah
Uttar Pradesh,Wheat,2021,8,2021-08-01,Etawah APMC,1699.86,etawah,Etawah
Uttar Pradesh,Wheat,2021,8,2021-08-01,Farukhabad APMC,1681.94,farukhabad,Farrukhabad
Uttar Pradesh,Wheat,2021,8,2021-08-01,Fatehabad APMC,1710.0,fatehabad,Agra
Uttar Pradesh,Wheat,2021,8,2021-08-01,Fatehpur APMC,1638.61,fatehpur,Fatehpur
Uttar Pradesh,Wheat,2021,8,2021-08-01,Fatehpur Sikri APMC,1718.41,fatehpur sikri,Agra
Uttar Pradesh,Wheat,2021,8,2021-08-01,Firozabad APMC,1748.4,firozabad,Firozabad
Uttar Pradesh,Wheat,2021,8,2021-08-01,Gadaura APMC,1576.76,gadaura,Maharajganj
Uttar Pradesh,Wheat,2021,8,2021-08-01,Gangoh APMC,,gangoh,Saharanpur
Uttar Pradesh,Wheat,2021,8,2021-08-01,Gazipur APMC,1766.01,gazipur,Azamgarh
Uttar Pradesh,Wheat,2021,8,2021-08-01,Ghaziabad APMC,1886.23,ghaziabad,Ghaziabad
Uttar Pradesh,Wheat,2021,8,2021-08-01,Ghiraur APMC,1677.96,ghiraur,Mainpuri
Uttar Pradesh,Wheat,2021,8,2021-08-01,Golagokarnath APMC,1674.98,golagokarnath,Lalitpur
Uttar Pradesh,Wheat,2021,8,2021-08-01,Gonda APMC,1709.88,gonda,Gonda
Uttar Pradesh,Wheat,2021,8,2021-08-01,Gopiganj APMC,1762.35,gopiganj,Bhadohi
Uttar Pradesh,Wheat,2021,8,2021-08-01,Gorakhpur APMC,1622.51,gorakhpur,Gorakhpur
Uttar Pradesh,Wheat,2021,8,2021-08-01,Gurusarai APMC,1631.18,gurusarai,Jhansi
Uttar Pradesh,Wheat,2021,8,2021-08-01,Haathras APMC,1699.97,haathras,Hathras
Uttar Pradesh,Wheat,2021,8,2021-08-01,Haldaur APMC,,haldaur,Bijnor
Uttar Pradesh,Wheat,2021,8,2021-08-01,Hamirpur APMC,1700.0,hamirpur,Hamirpur
Uttar Pradesh,Wheat,2021,8,2021-08-01,Hapur APMC,1886.98,hapur,Ghaziabad
Uttar Pradesh,Wheat,2021,8,2021-08-01,Hardoi APMC,1678.91,hardoi,Hardoi
Uttar Pradesh,Wheat,2021,8,2021-08-01,Jafarganj APMC,1653.44,jafarganj,Amethi
Uttar Pradesh,Wheat,2021,8,2021-08-01,Jagnair APMC,1699.52,jagnair,Agra
Uttar Pradesh,Wheat,2021,8,2021-08-01,Jahangirabad APMC,1797.17,jahangirabad,Bulandshahar
Uttar Pradesh,Wheat,2021,8,2021-08-01,Jalaun APMC,1652.1,jalaun,Jalaun
Uttar Pradesh,Wheat,2021,8,2021-08-01,Jamanian APMC,,jamanian,Ghazipur
Uttar Pradesh,Wheat,2021,8,2021-08-01,Jangipura APMC,1757.23,jangipura,Ghazipur
Uttar Pradesh,Wheat,2021,8,2021-08-01,Jasra APMC,,jasra,Prayagraj
Uttar Pradesh,Wheat,2021,8,2021-08-01,Jaunpur APMC,1717.66,jaunpur,Jaunpur
Uttar Pradesh,Wheat,2021,8,2021-08-01,Jayas APMC,1659.25,jayas,Rae Bareli
Uttar Pradesh,Wheat,2021,8,2021-08-01,Jhansi APMC,1680.15,jhansi,Jhansi
Uttar Pradesh,Wheat,2021,8,2021-08-01,Jhijhank APMC,1688.59,jhijhank,Kanpur Dehat
Uttar Pradesh,Wheat,2021,8,2021-08-01,Kalpi APMC,1685.34,kalpi,Jalaun
Uttar Pradesh,Wheat,2021,8,2021-08-01,Kannauj APMC,1692.05,kannauj,Kannauj
Uttar Pradesh,Wheat,2021,8,2021-08-01,Kanpur(Grain) APMC,1796.86,kanpur(grain),Jaunpur
Uttar Pradesh,Wheat,2021,8,2021-08-01,Karvi APMC,1641.23,karvi,Chitrakoot
Uttar Pradesh,Wheat,2021,8,2021-08-01,Kasganj APMC,1716.41,kasganj,Kasganj
Uttar Pradesh,Wheat,2021,8,2021-08-01,Kayamganj APMC,1682.02,kayamganj,Farrukhabad
Uttar Pradesh,Wheat,2021,8,2021-08-01,Khaga APMC,1674.48,khaga,Fatehpur
Uttar Pradesh,Wheat,2021,8,2021-08-01,Khair APMC,1810.71,khair,Aligarh
Uttar Pradesh,Wheat,2021,8,2021-08-01,Khairagarh APMC,1659.41,khairagarh,Agra
Uttar Pradesh,Wheat,2021,8,2021-08-01,Khalilabad APMC,,khalilabad,Sant Kabir Nagar
Uttar Pradesh,Wheat,2021,8,2021-08-01,Khurja APMC,1805.98,khurja,Bulandshahr
Uttar Pradesh,Wheat,2021,8,2021-08-01,Kishunpur APMC,1614.76,kishunpur,Bahraich
Uttar Pradesh,Wheat,2021,8,2021-08-01,Konch APMC,1597.45,konch,Jalaun
Uttar Pradesh,Wheat,2021,8,2021-08-01,Kopaganj APMC,1630.0,kopaganj,
Uttar Pradesh,Wheat,2021,8,2021-08-01,Kosikalan APMC,1738.75,kosikalan,Mathura
Uttar Pradesh,Wheat,2021,8,2021-08-01,Kurara APMC,1631.52,kurara,Hamirpur
Uttar Pradesh,Wheat,2021,8,2021-08-01,Lakhimpur APMC,1666.06,lakhimpur,Lalitpur
Uttar Pradesh,Wheat,2021,8,2021-08-01,Lalganj APMC,1591.02,lalganj,Rae Bareli
Uttar Pradesh,Wheat,2021,8,2021-08-01,Lalitpur APMC,1754.19,lalitpur,Lalitpur
Uttar Pradesh,Wheat,2021,8,2021-08-01,Lucknow APMC,1705.1,lucknow,Lucknow
Uttar Pradesh,Wheat,2021,8,2021-08-01,Madhoganj APMC,1677.35,madhoganj,Hardoi
Uttar Pradesh,Wheat,2021,8,2021-08-01,Madhogarh APMC,1590.63,madhogarh,Jalaun
Uttar Pradesh,Wheat,2021,8,2021-08-01,Mahoba APMC,1654.78,mahoba,Mahoba
Uttar Pradesh,Wheat,2021,8,2021-08-01,Maigalganj APMC,1649.46,maigalganj,Gorakhpur
Uttar Pradesh,Wheat,2021,8,2021-08-01,Mainpuri APMC,1713.39,mainpuri,Mainpuri
Uttar Pradesh,Wheat,2021,8,2021-08-01,Mathura APMC,1734.43,mathura,Mathura
Uttar Pradesh,Wheat,2021,8,2021-08-01,Maudaha APMC,1668.7,maudaha,Hamirpur
Uttar Pradesh,Wheat,2021,8,2021-08-01,Mauranipur APMC,1651.03,mauranipur,Jhansi
Uttar Pradesh,Wheat,2021,8,2021-08-01,Mawana APMC,1760.79,mawana,Meerut
Uttar Pradesh,Wheat,2021,8,2021-08-01,Meerut APMC,1890.46,meerut,Meerut
Uttar Pradesh,Wheat,2021,8,2021-08-01,Mehmoodabad APMC,1690.65,mehmoodabad,Sitapur
Uttar Pradesh,Wheat,2021,8,2021-08-01,Milak APMC,1733.96,milak,Rampur
Uttar Pradesh,Wheat,2021,8,2021-08-01,Mirzapur APMC,1789.43,mirzapur,Mirzapur
Uttar Pradesh,Wheat,2021,8,2021-08-01,Mohamadabad APMC,1674.31,mohamadabad,Farrukhabad
Uttar Pradesh,Wheat,2021,8,2021-08-01,Mohammdi APMC,1706.12,mohammdi,Kheri
Uttar Pradesh,Wheat,2021,8,2021-08-01,Moth APMC,1674.0,moth,Jhansi
Uttar Pradesh,Wheat,2021,8,2021-08-01,Mugrabaadshahpur APMC,,mugrabaadshahpur,Jaunpur
Uttar Pradesh,Wheat,2021,8,2021-08-01,Muradabad APMC,1723.86,muradabad,Sambhal
Uttar Pradesh,Wheat,2021,8,2021-08-01,Muradnagar APMC,1844.8,muradnagar,Ghaziabad
Uttar Pradesh,Wheat,2021,8,2021-08-01,Muskara APMC,1658.66,muskara,Mahoba
Uttar Pradesh,Wheat,2021,8,2021-08-01,Muzzafarnagar APMC,1855.38,muzzafarnagar,Muzaffarnagar
Uttar Pradesh,Wheat,2021,8,2021-08-01,Naanpara APMC,1700.6,naanpara,Bahraich
Uttar Pradesh,Wheat,2021,8,2021-08-01,Najibabad APMC,1716.63,najibabad,Bijnor
Uttar Pradesh,Wheat,2021,8,2021-08-01,Naugarh APMC,1788.38,naugarh,Siddharthnagar
Uttar Pradesh,Wheat,2021,8,2021-08-01,Nautnava APMC,1633.4,nautnava,Maharajganj
Uttar Pradesh,Wheat,2021,8,2021-08-01,Nawabganj APMC,1697.12,nawabganj,Gonda
Uttar Pradesh,Wheat,2021,8,2021-08-01,Orai APMC,1669.52,orai,Jalaun
Uttar Pradesh,Wheat,2021,8,2021-08-01,Paliakala APMC,1636.87,paliakala,Kheri
Uttar Pradesh,Wheat,2021,8,2021-08-01,Panchpedwa APMC,,panchpedwa,Balrampur
Uttar Pradesh,Wheat,2021,8,2021-08-01,Partaval APMC,1613.59,partaval,Mahrajganj
Uttar Pradesh,Wheat,2021,8,2021-08-01,Pilibhit APMC,1696.23,pilibhit,Pilibhit
Uttar Pradesh,Wheat,2021,8,2021-08-01,Powayan APMC,1716.22,powayan,Shahjahanpur
Uttar Pradesh,Wheat,2021,8,2021-08-01,Pratapgarh APMC,1654.04,pratapgarh,Pratapgarh
Uttar Pradesh,Wheat,2021,8,2021-08-01,Prayagraj APMC,,prayagraj,Prayagraj
Uttar Pradesh,Wheat,2021,8,2021-08-01,Pukharayan APMC,1679.83,pukharayan,Kanpur Dehat
Uttar Pradesh,Wheat,2021,8,2021-08-01,Puranpur APMC,1713.97,puranpur,Pilibhit
Uttar Pradesh,Wheat,2021,8,2021-08-01,Purwa APMC,1611.13,purwa,Unnao
Uttar Pradesh,Wheat,2021,8,2021-08-01,Raath APMC,1635.83,raath,Hamirpur
Uttar Pradesh,Wheat,2021,8,2021-08-01,Raibareilly APMC,1623.88,raibareilly,Rae Bareli
Uttar Pradesh,Wheat,2021,8,2021-08-01,Rampur APMC,1718.45,rampur,Rampur
Uttar Pradesh,Wheat,2021,8,2021-08-01,Rasda APMC,1736.24,rasda,Ballia
Uttar Pradesh,Wheat,2021,8,2021-08-01,Richha APMC,1975.0,richha,Bareilly
Uttar Pradesh,Wheat,2021,8,2021-08-01,Robertsganj APMC,1897.44,robertsganj,Sonbhadra
Uttar Pradesh,Wheat,2021,8,2021-08-01,Rudauli APMC,,rudauli,Ayodhya
Uttar Pradesh,Wheat,2021,8,2021-08-01,Rura APMC,1651.27,rura,Kanpur Dehat
Uttar Pradesh,Wheat,2021,8,2021-08-01,Safdarganj APMC,,safdarganj,Barabanki
Uttar Pradesh,Wheat,2021,8,2021-08-01,Saharanpur APMC,1838.13,saharanpur,Saharanpur
Uttar Pradesh,Wheat,2021,8,2021-08-01,Sahiyapur APMC,1639.03,sahiyapur,Siddharthnagar
Uttar Pradesh,Wheat,2021,8,2021-08-01,Salon APMC,1682.31,salon,Rae Bareli
Uttar Pradesh,Wheat,2021,8,2021-08-01,Sandi APMC,1586.55,sandi,Hardoi
Uttar Pradesh,Wheat,2021,8,2021-08-01,Sandila APMC,1667.62,sandila,Hardoi
Uttar Pradesh,Wheat,2021,8,2021-08-01,Sehjanwa APMC,1620.56,sehjanwa,Gorakhpur
Uttar Pradesh,Wheat,2021,8,2021-08-01,Shahabad(New Mandi) APMC,1660.12,shahabad(new mandi),Hardoi
Uttar Pradesh,Wheat,2021,8,2021-08-01,Shahganj APMC,1721.74,shahganj,Jaunpur
Uttar Pradesh,Wheat,2021,8,2021-08-01,Shahjahanpur APMC,1712.45,shahjahanpur,Shahjahanpur
Uttar Pradesh,Wheat,2021,8,2021-08-01,Shamli APMC,1853.28,shamli,Shamli
Uttar Pradesh,Wheat,2021,8,2021-08-01,Shikohabad APMC,1646.67,shikohabad,Firozabad
Uttar Pradesh,Wheat,2021,8,2021-08-01,Sikandraraau APMC,1638.75,sikandraraau,Hathras
Uttar Pradesh,Wheat,2021,8,2021-08-01,Sirsa APMC,1750.31,sirsa,Gautam Buddha Nagar
Uttar Pradesh,Wheat,2021,8,2021-08-01,Sirsaganj APMC,1673.01,sirsaganj,Firozabad
Uttar Pradesh,Wheat,2021,8,2021-08-01,Sitapur APMC,1633.49,sitapur,Sitapur
Uttar Pradesh,Wheat,2021,8,2021-08-01,Sultanpur APMC,1675.72,sultanpur,Amethi
Uttar Pradesh,Wheat,2021,8,2021-08-01,Tamkuhi road APMC,1655.0,tamkuhi road,Kushinagar
Uttar Pradesh,Wheat,2021,8,2021-08-01,Tikonia APMC,,tikonia,Kheri
Uttar Pradesh,Wheat,2021,8,2021-08-01,Tulsipur APMC,1720.19,tulsipur,Balrampur
Uttar Pradesh,Wheat,2021,8,2021-08-01,Tundla APMC,1707.18,tundla,Firozabad
Uttar Pradesh,Wheat,2021,8,2021-08-01,Ujhani APMC,1726.62,ujhani,Budaun
Uttar Pradesh,Wheat,2021,8,2021-08-01,Unnao APMC,1616.05,unnao,Unnao
Uttar Pradesh,Wheat,2021,8,2021-08-01,Varanasi APMC,1778.44,varanasi,Varanasi
Uttar Pradesh,Wheat,2021,8,2021-08-01,Wazirganj APMC,1711.64,wazirganj,Budaun
Uttar Pradesh,Wheat,2021,8,2021-08-01,Yusufpur APMC,,yusufpur,Ghazipur
Uttar Pradesh,Wheat,2021,9,2021-09-01,Achalda APMC,1839.09,achalda,Auraiya
Uttar Pradesh,Wheat,2021,9,2021-09-01,Achnera APMC,1859.7,achnera,Agra
Uttar Pradesh,Wheat,2021,9,2021-09-01,Agra APMC,1870.14,agra,Agra
Uttar Pradesh,Wheat,2021,9,2021-09-01,Ahirora APMC,1787.9,ahirora,Mirzapur
Uttar Pradesh,Wheat,2021,9,2021-09-01,Ait APMC,1821.55,ait,Jalaun
Uttar Pradesh,Wheat,2021,9,2021-09-01,Ajuha APMC,1777.0,ajuha,Prayagraj
Uttar Pradesh,Wheat,2021,9,2021-09-01,Akbarpur APMC,1815.71,akbarpur,Ambedkarnagar
Uttar Pradesh,Wheat,2021,9,2021-09-01,Aliganj APMC,1653.81,aliganj,Etah
Uttar Pradesh,Wheat,2021,9,2021-09-01,Aligarh APMC,1879.74,aligarh,Aligarh
Uttar Pradesh,Wheat,2021,9,2021-09-01,Amroha APMC,1812.27,amroha,Amroha
Uttar Pradesh,Wheat,2021,9,2021-09-01,Anandnagar APMC,1655.26,anandnagar,Mahrajganj
Uttar Pradesh,Wheat,2021,9,2021-09-01,Anoop Shahar APMC,,anoop shahar,Bulandshahr
Uttar Pradesh,Wheat,2021,9,2021-09-01,Atarra APMC,1776.19,atarra,Banda
Uttar Pradesh,Wheat,2021,9,2021-09-01,Atrauli APMC,1849.15,atrauli,Aligarh
Uttar Pradesh,Wheat,2021,9,2021-09-01,Auraiya APMC,1828.77,auraiya,Auraiya
Uttar Pradesh,Wheat,2021,9,2021-09-01,Awagarh APMC,,awagarh,Etah
Uttar Pradesh,Wheat,2021,9,2021-09-01,Ayodhya APMC,1829.52,ayodhya,Ayodhya
Uttar Pradesh,Wheat,2021,9,2021-09-01,Azamgarh APMC,1652.07,azamgarh,Azamgarh
Uttar Pradesh,Wheat,2021,9,2021-09-01,Baberu APMC,1764.28,baberu,Banda
Uttar Pradesh,Wheat,2021,9,2021-09-01,Babrala APMC,1813.85,babrala,Budaun
Uttar Pradesh,Wheat,2021,9,2021-09-01,Bachranwa APMC,1815.0,bachranwa,Rae Bareli
Uttar Pradesh,Wheat,2021,9,2021-09-01,Badayoun APMC,1798.8,badayoun,Budaun
Uttar Pradesh,Wheat,2021,9,2021-09-01,Baheri APMC,,baheri,Bareilly
Uttar Pradesh,Wheat,2021,9,2021-09-01,Bahraich APMC,1813.46,bahraich,Bahraich
Uttar Pradesh,Wheat,2021,9,2021-09-01,Ballia APMC,1764.37,ballia,Ballia
Uttar Pradesh,Wheat,2021,9,2021-09-01,Balrampur APMC,1877.6,balrampur,Balrampur
Uttar Pradesh,Wheat,2021,9,2021-09-01,Banda APMC,1788.36,banda,Banda
Uttar Pradesh,Wheat,2021,9,2021-09-01,Bangarmau APMC,1803.5,bangarmau,Unnao
Uttar Pradesh,Wheat,2021,9,2021-09-01,Bansi APMC,1715.0,bansi,Siddharthnagar
Uttar Pradesh,Wheat,2021,9,2021-09-01,Barabanki APMC,1810.32,barabanki,Bara Banki
Uttar Pradesh,Wheat,2021,9,2021-09-01,Bareilly APMC,1810.55,bareilly,Bareilly
Uttar Pradesh,Wheat,2021,9,2021-09-01,Barhaj APMC,1659.28,barhaj,Deoria
Uttar Pradesh,Wheat,2021,9,2021-09-01,Baripaal APMC,1796.61,baripaal,Jaunpur
Uttar Pradesh,Wheat,2021,9,2021-09-01,Basti APMC,1693.74,basti,Basti
Uttar Pradesh,Wheat,2021,9,2021-09-01,Bewar APMC,1744.74,bewar,Mainpuri
Uttar Pradesh,Wheat,2021,9,2021-09-01,Bharthna APMC,1831.38,bharthna,Etawah
Uttar Pradesh,Wheat,2021,9,2021-09-01,Bharuasumerpur APMC,1814.44,bharuasumerpur,Hamirpur
Uttar Pradesh,Wheat,2021,9,2021-09-01,Bharwari APMC,1749.18,bharwari,Kaushambi
Uttar Pradesh,Wheat,2021,9,2021-09-01,Bhehjoi APMC,,bhehjoi,Sambhal
Uttar Pradesh,Wheat,2021,9,2021-09-01,Bijnaur APMC,1771.47,bijnaur,Bijnor
Uttar Pradesh,Wheat,2021,9,2021-09-01,Bilaspur APMC,,bilaspur,Rampur
Uttar Pradesh,Wheat,2021,9,2021-09-01,Bilsi APMC,1821.76,bilsi,Budaun
Uttar Pradesh,Wheat,2021,9,2021-09-01,Bindki APMC,1806.73,bindki,Fatehpur
Uttar Pradesh,Wheat,2021,9,2021-09-01,Bishalpur APMC,1809.2,bishalpur,Pilibhit
Uttar Pradesh,Wheat,2021,9,2021-09-01,Buland Shahr APMC,1900.16,buland shahr,Bulandshahr
Uttar Pradesh,Wheat,2021,9,2021-09-01,Chandausi APMC,1794.41,chandausi,Sambhal
Uttar Pradesh,Wheat,2021,9,2021-09-01,Chandoli APMC,1797.18,chandoli,Chandauli
Uttar Pradesh,Wheat,2021,9,2021-09-01,Charra APMC,1882.41,charra,Aligarh
Uttar Pradesh,Wheat,2021,9,2021-09-01,Chhibramau APMC,1775.16,chhibramau,Kannauj
Uttar Pradesh,Wheat,2021,9,2021-09-01,Chirgaon APMC,,chirgaon,Jhansi
Uttar Pradesh,Wheat,2021,9,2021-09-01,Chitwadagaon APMC,,chitwadagaon,Ballia
Uttar Pradesh,Wheat,2021,9,2021-09-01,Chorichora APMC,1659.91,chorichora,Gorakhpur
Uttar Pradesh,Wheat,2021,9,2021-09-01,Choubepur APMC,1872.8,choubepur,Jaunpur
Uttar Pradesh,Wheat,2021,9,2021-09-01,DADRI APMC,1923.84,dadri,Gautam Buddha Nagar
Uttar Pradesh,Wheat,2021,9,2021-09-01,Dankaur APMC,,dankaur,Gautam Buddha Nagar
Uttar Pradesh,Wheat,2021,9,2021-09-01,Dataganj APMC,,dataganj,Badaun
Uttar Pradesh,Wheat,2021,9,2021-09-01,Devariya APMC,1664.63,devariya,Deoria
Uttar Pradesh,Wheat,2021,9,2021-09-01,Dhanaura APMC,1950.0,dhanaura,Amroha
Uttar Pradesh,Wheat,2021,9,2021-09-01,Dibiapur APMC,1778.76,dibiapur,Auraiya
Uttar Pradesh,Wheat,2021,9,2021-09-01,Doharighat APMC,1690.0,doharighat,Azamgarh
Uttar Pradesh,Wheat,2021,9,2021-09-01,Dudhi APMC,1900.0,dudhi,Sonbhadra
Uttar Pradesh,Wheat,2021,9,2021-09-01,Etah APMC,1776.61,etah,Etah
Uttar Pradesh,Wheat,2021,9,2021-09-01,Etawah APMC,1838.93,etawah,Etawah
Uttar Pradesh,Wheat,2021,9,2021-09-01,Farukhabad APMC,1783.78,farukhabad,Farrukhabad
Uttar Pradesh,Wheat,2021,9,2021-09-01,Fatehabad APMC,,fatehabad,Agra
Uttar Pradesh,Wheat,2021,9,2021-09-01,Fatehpur APMC,1820.04,fatehpur,Fatehpur
Uttar Pradesh,Wheat,2021,9,2021-09-01,Fatehpur Sikri APMC,1837.25,fatehpur sikri,Agra
Uttar Pradesh,Wheat,2021,9,2021-09-01,Firozabad APMC,1889.86,firozabad,Firozabad
Uttar Pradesh,Wheat,2021,9,2021-09-01,Gadaura APMC,1609.0,gadaura,Maharajganj
Uttar Pradesh,Wheat,2021,9,2021-09-01,Gangoh APMC,,gangoh,Saharanpur
Uttar Pradesh,Wheat,2021,9,2021-09-01,Gazipur APMC,1776.83,gazipur,Azamgarh
Uttar Pradesh,Wheat,2021,9,2021-09-01,Ghaziabad APMC,1970.28,ghaziabad,Ghaziabad
Uttar Pradesh,Wheat,2021,9,2021-09-01,Ghiraur APMC,1755.78,ghiraur,Mainpuri
Uttar Pradesh,Wheat,2021,9,2021-09-01,Golagokarnath APMC,1802.3,golagokarnath,Lalitpur
Uttar Pradesh,Wheat,2021,9,2021-09-01,Gonda APMC,1840.49,gonda,Gonda
Uttar Pradesh,Wheat,2021,9,2021-09-01,Gopiganj APMC,1759.67,gopiganj,Bhadohi
Uttar Pradesh,Wheat,2021,9,2021-09-01,Gorakhpur APMC,1658.67,gorakhpur,Gorakhpur
Uttar Pradesh,Wheat,2021,9,2021-09-01,Gurusarai APMC,1763.83,gurusarai,Jhansi
Uttar Pradesh,Wheat,2021,9,2021-09-01,Haathras APMC,1852.12,haathras,Hathras
Uttar Pradesh,Wheat,2021,9,2021-09-01,Hamirpur APMC,1808.78,hamirpur,Hamirpur
Uttar Pradesh,Wheat,2021,9,2021-09-01,Hapur APMC,1910.94,hapur,Ghaziabad
Uttar Pradesh,Wheat,2021,9,2021-09-01,Hardoi APMC,1838.55,hardoi,Hardoi
Uttar Pradesh,Wheat,2021,9,2021-09-01,Jafarganj APMC,1776.48,jafarganj,Amethi
Uttar Pradesh,Wheat,2021,9,2021-09-01,Jagnair APMC,1850.0,jagnair,Agra
Uttar Pradesh,Wheat,2021,9,2021-09-01,Jahangirabad APMC,1879.32,jahangirabad,Bulandshahar
Uttar Pradesh,Wheat,2021,9,2021-09-01,Jalaun APMC,1782.96,jalaun,Jalaun
Uttar Pradesh,Wheat,2021,9,2021-09-01,Jamanian APMC,,jamanian,Ghazipur
Uttar Pradesh,Wheat,2021,9,2021-09-01,Jangipura APMC,1783.67,jangipura,Ghazipur
Uttar Pradesh,Wheat,2021,9,2021-09-01,Jaunpur APMC,1741.56,jaunpur,Jaunpur
Uttar Pradesh,Wheat,2021,9,2021-09-01,Jayas APMC,1830.11,jayas,Rae Bareli
Uttar Pradesh,Wheat,2021,9,2021-09-01,Jhansi APMC,1743.77,jhansi,Jhansi
Uttar Pradesh,Wheat,2021,9,2021-09-01,Jhijhank APMC,1825.01,jhijhank,Kanpur Dehat
Uttar Pradesh,Wheat,2021,9,2021-09-01,Kalpi APMC,1740.0,kalpi,Jalaun
Uttar Pradesh,Wheat,2021,9,2021-09-01,Kannauj APMC,1809.5,kannauj,Kannauj
Uttar Pradesh,Wheat,2021,9,2021-09-01,Kanpur(Grain) APMC,1879.27,kanpur(grain),Jaunpur
Uttar Pradesh,Wheat,2021,9,2021-09-01,Karvi APMC,1760.63,karvi,Chitrakoot
Uttar Pradesh,Wheat,2021,9,2021-09-01,Kasganj APMC,1770.87,kasganj,Kasganj
Uttar Pradesh,Wheat,2021,9,2021-09-01,Kayamganj APMC,1824.95,kayamganj,Farrukhabad
Uttar Pradesh,Wheat,2021,9,2021-09-01,Khaga APMC,1814.48,khaga,Fatehpur
Uttar Pradesh,Wheat,2021,9,2021-09-01,Khair APMC,1900.0,khair,Aligarh
Uttar Pradesh,Wheat,2021,9,2021-09-01,Khairagarh APMC,1738.15,khairagarh,Agra
Uttar Pradesh,Wheat,2021,9,2021-09-01,Khalilabad APMC,,khalilabad,Sant Kabir Nagar
Uttar Pradesh,Wheat,2021,9,2021-09-01,Khurja APMC,1897.16,khurja,Bulandshahr
Uttar Pradesh,Wheat,2021,9,2021-09-01,Kishunpur APMC,1825.96,kishunpur,Bahraich
Uttar Pradesh,Wheat,2021,9,2021-09-01,Konch APMC,1722.73,konch,Jalaun
Uttar Pradesh,Wheat,2021,9,2021-09-01,Kopaganj APMC,1625.0,kopaganj,
Uttar Pradesh,Wheat,2021,9,2021-09-01,Kosikalan APMC,1854.45,kosikalan,Mathura
Uttar Pradesh,Wheat,2021,9,2021-09-01,Kurara APMC,1770.91,kurara,Hamirpur
Uttar Pradesh,Wheat,2021,9,2021-09-01,Lakhimpur APMC,1813.11,lakhimpur,Lalitpur
Uttar Pradesh,Wheat,2021,9,2021-09-01,Lalganj APMC,1789.11,lalganj,Rae Bareli
Uttar Pradesh,Wheat,2021,9,2021-09-01,Lalitpur APMC,1855.81,lalitpur,Lalitpur
Uttar Pradesh,Wheat,2021,9,2021-09-01,Lucknow APMC,1802.23,lucknow,Lucknow
Uttar Pradesh,Wheat,2021,9,2021-09-01,Madhoganj APMC,1827.82,madhoganj,Hardoi
Uttar Pradesh,Wheat,2021,9,2021-09-01,Madhogarh APMC,1760.9,madhogarh,Jalaun
Uttar Pradesh,Wheat,2021,9,2021-09-01,Mahoba APMC,1772.79,mahoba,Mahoba
Uttar Pradesh,Wheat,2021,9,2021-09-01,Maigalganj APMC,1760.32,maigalganj,Gorakhpur
Uttar Pradesh,Wheat,2021,9,2021-09-01,Mainpuri APMC,1759.34,mainpuri,Mainpuri
Uttar Pradesh,Wheat,2021,9,2021-09-01,Mathura APMC,1864.97,mathura,Mathura
Uttar Pradesh,Wheat,2021,9,2021-09-01,Maudaha APMC,1816.91,maudaha,Hamirpur
Uttar Pradesh,Wheat,2021,9,2021-09-01,Mauranipur APMC,1781.19,mauranipur,Jhansi
Uttar Pradesh,Wheat,2021,9,2021-09-01,Mawana APMC,1904.7,mawana,Meerut
Uttar Pradesh,Wheat,2021,9,2021-09-01,Meerut APMC,1931.44,meerut,Meerut
Uttar Pradesh,Wheat,2021,9,2021-09-01,Mehmoodabad APMC,1817.98,mehmoodabad,Sitapur
Uttar Pradesh,Wheat,2021,9,2021-09-01,Milak APMC,1811.42,milak,Rampur
Uttar Pradesh,Wheat,2021,9,2021-09-01,Mirzapur APMC,1772.49,mirzapur,Mirzapur
Uttar Pradesh,Wheat,2021,9,2021-09-01,Mohamadabad APMC,1800.8,mohamadabad,Farrukhabad
Uttar Pradesh,Wheat,2021,9,2021-09-01,Mohammdi APMC,1806.62,mohammdi,Kheri
Uttar Pradesh,Wheat,2021,9,2021-09-01,Moth APMC,1825.0,moth,Jhansi
Uttar Pradesh,Wheat,2021,9,2021-09-01,Mugrabaadshahpur APMC,,mugrabaadshahpur,Jaunpur
Uttar Pradesh,Wheat,2021,9,2021-09-01,Muradabad APMC,1780.87,muradabad,Sambhal
Uttar Pradesh,Wheat,2021,9,2021-09-01,Muradnagar APMC,1900.34,muradnagar,Ghaziabad
Uttar Pradesh,Wheat,2021,9,2021-09-01,Muskara APMC,1794.18,muskara,Mahoba
Uttar Pradesh,Wheat,2021,9,2021-09-01,Muzzafarnagar APMC,1906.44,muzzafarnagar,Muzaffarnagar
Uttar Pradesh,Wheat,2021,9,2021-09-01,Naanpara APMC,1819.63,naanpara,Bahraich
Uttar Pradesh,Wheat,2021,9,2021-09-01,Najibabad APMC,,najibabad,Bijnor
Uttar Pradesh,Wheat,2021,9,2021-09-01,Naugarh APMC,1551.34,naugarh,Siddharthnagar
Uttar Pradesh,Wheat,2021,9,2021-09-01,Nautnava APMC,1669.4,nautnava,Maharajganj
Uttar Pradesh,Wheat,2021,9,2021-09-01,Nawabganj APMC,1819.33,nawabganj,Gonda
Uttar Pradesh,Wheat,2021,9,2021-09-01,Orai APMC,1787.85,orai,Jalaun
Uttar Pradesh,Wheat,2021,9,2021-09-01,Paliakala APMC,1782.63,paliakala,Kheri
Uttar Pradesh,Wheat,2021,9,2021-09-01,Partaval APMC,1657.04,partaval,Mahrajganj
Uttar Pradesh,Wheat,2021,9,2021-09-01,Pilibhit APMC,1821.74,pilibhit,Pilibhit
Uttar Pradesh,Wheat,2021,9,2021-09-01,Powayan APMC,1827.81,powayan,Shahjahanpur
Uttar Pradesh,Wheat,2021,9,2021-09-01,Pratapgarh APMC,1801.68,pratapgarh,Pratapgarh
Uttar Pradesh,Wheat,2021,9,2021-09-01,Prayagraj APMC,,prayagraj,Prayagraj
Uttar Pradesh,Wheat,2021,9,2021-09-01,Pukharayan APMC,1822.61,pukharayan,Kanpur Dehat
Uttar Pradesh,Wheat,2021,9,2021-09-01,Puranpur APMC,,puranpur,Pilibhit
Uttar Pradesh,Wheat,2021,9,2021-09-01,Purwa APMC,1823.51,purwa,Unnao
Uttar Pradesh,Wheat,2021,9,2021-09-01,Raath APMC,1792.48,raath,Hamirpur
Uttar Pradesh,Wheat,2021,9,2021-09-01,Raibareilly APMC,1804.1,raibareilly,Rae Bareli
Uttar Pradesh,Wheat,2021,9,2021-09-01,Rampur APMC,1739.35,rampur,Rampur
Uttar Pradesh,Wheat,2021,9,2021-09-01,Rasda APMC,1746.2,rasda,Ballia
Uttar Pradesh,Wheat,2021,9,2021-09-01,Richha APMC,1975.0,richha,Bareilly
Uttar Pradesh,Wheat,2021,9,2021-09-01,Robertsganj APMC,1967.47,robertsganj,Sonbhadra
Uttar Pradesh,Wheat,2021,9,2021-09-01,Rura APMC,1655.66,rura,Kanpur Dehat
Uttar Pradesh,Wheat,2021,9,2021-09-01,Saharanpur APMC,1887.98,saharanpur,Saharanpur
Uttar Pradesh,Wheat,2021,9,2021-09-01,Sahiyapur APMC,1689.64,sahiyapur,Siddharthnagar
Uttar Pradesh,Wheat,2021,9,2021-09-01,Salon APMC,1814.17,salon,Rae Bareli
Uttar Pradesh,Wheat,2021,9,2021-09-01,Sandi APMC,1620.4,sandi,Hardoi
Uttar Pradesh,Wheat,2021,9,2021-09-01,Sandila APMC,1836.9,sandila,Hardoi
Uttar Pradesh,Wheat,2021,9,2021-09-01,Sehjanwa APMC,1642.23,sehjanwa,Gorakhpur
Uttar Pradesh,Wheat,2021,9,2021-09-01,Shahabad(New Mandi) APMC,1836.87,shahabad(new mandi),Hardoi
Uttar Pradesh,Wheat,2021,9,2021-09-01,Shahganj APMC,1733.52,shahganj,Jaunpur
Uttar Pradesh,Wheat,2021,9,2021-09-01,Shahjahanpur APMC,1805.6,shahjahanpur,Shahjahanpur
Uttar Pradesh,Wheat,2021,9,2021-09-01,Shamli APMC,1892.0,shamli,Shamli
Uttar Pradesh,Wheat,2021,9,2021-09-01,Shikohabad APMC,1733.78,shikohabad,Firozabad
Uttar Pradesh,Wheat,2021,9,2021-09-01,Sikandraraau APMC,1843.43,sikandraraau,Hathras
Uttar Pradesh,Wheat,2021,9,2021-09-01,Sirsa APMC,1752.33,sirsa,Gautam Buddha Nagar
Uttar Pradesh,Wheat,2021,9,2021-09-01,Sirsaganj APMC,1862.88,sirsaganj,Firozabad
Uttar Pradesh,Wheat,2021,9,2021-09-01,Sitapur APMC,1817.09,sitapur,Sitapur
Uttar Pradesh,Wheat,2021,9,2021-09-01,Sultanpur APMC,1778.73,sultanpur,Amethi
Uttar Pradesh,Wheat,2021,9,2021-09-01,Tamkuhi road APMC,1725.0,tamkuhi road,Kushinagar
Uttar Pradesh,Wheat,2021,9,2021-09-01,Tulsipur APMC,1829.46,tulsipur,Balrampur
Uttar Pradesh,Wheat,2021,9,2021-09-01,Tundla APMC,1810.64,tundla,Firozabad
Uttar Pradesh,Wheat,2021,9,2021-09-01,Ujhani APMC,1796.66,ujhani,Budaun
Uttar Pradesh,Wheat,2021,9,2021-09-01,Unnao APMC,1820.71,unnao,Unnao
Uttar Pradesh,Wheat,2021,9,2021-09-01,Varanasi APMC,1771.54,varanasi,Varanasi
Uttar Pradesh,Wheat,2021,9,2021-09-01,Viswan APMC,,viswan,Sitapur
Uttar Pradesh,Wheat,2021,9,2021-09-01,Wazirganj APMC,1826.17,wazirganj,Budaun
Uttar Pradesh,Wheat,2021,9,2021-09-01,Yusufpur APMC,,yusufpur,Ghazipur
Uttar Pradesh,Wheat,2021,10,2021-10-01,Achalda APMC,1895.56,achalda,Auraiya
Uttar Pradesh,Wheat,2021,10,2021-10-01,Achnera APMC,1918.44,achnera,Agra
Uttar Pradesh,Wheat,2021,10,2021-10-01,Agra APMC,1927.04,agra,Agra
Uttar Pradesh,Wheat,2021,10,2021-10-01,Ahirora APMC,1833.6,ahirora,Mirzapur
Uttar Pradesh,Wheat,2021,10,2021-10-01,Ait APMC,1877.81,ait,Jalaun
Uttar Pradesh,Wheat,2021,10,2021-10-01,Ajuha APMC,1854.77,ajuha,Prayagraj
Uttar Pradesh,Wheat,2021,10,2021-10-01,Akbarpur APMC,1888.51,akbarpur,Ambedkarnagar
Uttar Pradesh,Wheat,2021,10,2021-10-01,Aliganj APMC,1744.38,aliganj,Etah
Uttar Pradesh,Wheat,2021,10,2021-10-01,Aligarh APMC,1898.95,aligarh,Aligarh
Uttar Pradesh,Wheat,2021,10,2021-10-01,Amroha APMC,1902.96,amroha,Amroha
Uttar Pradesh,Wheat,2021,10,2021-10-01,Anandnagar APMC,1823.73,anandnagar,Mahrajganj
Uttar Pradesh,Wheat,2021,10,2021-10-01,Anoop Shahar APMC,,anoop shahar,Bulandshahr
Uttar Pradesh,Wheat,2021,10,2021-10-01,Atarra APMC,1827.87,atarra,Banda
Uttar Pradesh,Wheat,2021,10,2021-10-01,Atrauli APMC,1850.0,atrauli,Aligarh
Uttar Pradesh,Wheat,2021,10,2021-10-01,Auraiya APMC,1904.28,auraiya,Auraiya
Uttar Pradesh,Wheat,2021,10,2021-10-01,Ayodhya APMC,1902.28,ayodhya,Ayodhya
Uttar Pradesh,Wheat,2021,10,2021-10-01,Azamgarh APMC,1824.55,azamgarh,Azamgarh
Uttar Pradesh,Wheat,2021,10,2021-10-01,Baberu APMC,1832.46,baberu,Banda
Uttar Pradesh,Wheat,2021,10,2021-10-01,Babrala APMC,1847.52,babrala,Budaun
Uttar Pradesh,Wheat,2021,10,2021-10-01,Bachranwa APMC,,bachranwa,Rae Bareli
Uttar Pradesh,Wheat,2021,10,2021-10-01,Badayoun APMC,1896.64,badayoun,Budaun
Uttar Pradesh,Wheat,2021,10,2021-10-01,Bahraich APMC,1868.12,bahraich,Bahraich
Uttar Pradesh,Wheat,2021,10,2021-10-01,Ballia APMC,1825.16,ballia,Ballia
Uttar Pradesh,Wheat,2021,10,2021-10-01,Balrampur APMC,1960.37,balrampur,Balrampur
Uttar Pradesh,Wheat,2021,10,2021-10-01,Banda APMC,1844.85,banda,Banda
Uttar Pradesh,Wheat,2021,10,2021-10-01,Bangarmau APMC,1825.05,bangarmau,Unnao
Uttar Pradesh,Wheat,2021,10,2021-10-01,Bansi APMC,1850.0,bansi,Siddharthnagar
Uttar Pradesh,Wheat,2021,10,2021-10-01,Barabanki APMC,1850.47,barabanki,Bara Banki
Uttar Pradesh,Wheat,2021,10,2021-10-01,Bareilly APMC,1944.85,bareilly,Bareilly
Uttar Pradesh,Wheat,2021,10,2021-10-01,Barhaj APMC,1843.75,barhaj,Deoria
Uttar Pradesh,Wheat,2021,10,2021-10-01,Baripaal APMC,1820.41,baripaal,Jaunpur
Uttar Pradesh,Wheat,2021,10,2021-10-01,Basti APMC,1844.42,basti,Basti
Uttar Pradesh,Wheat,2021,10,2021-10-01,Bewar APMC,1790.36,bewar,Mainpuri
Uttar Pradesh,Wheat,2021,10,2021-10-01,Bharthna APMC,1871.74,bharthna,Etawah
Uttar Pradesh,Wheat,2021,10,2021-10-01,Bharuasumerpur APMC,1825.96,bharuasumerpur,Hamirpur
Uttar Pradesh,Wheat,2021,10,2021-10-01,Bharwari APMC,1840.57,bharwari,Kaushambi
Uttar Pradesh,Wheat,2021,10,2021-10-01,Bhehjoi APMC,1750.0,bhehjoi,Sambhal
Uttar Pradesh,Wheat,2021,10,2021-10-01,Bijnaur APMC,1893.2,bijnaur,Bijnor
Uttar Pradesh,Wheat,2021,10,2021-10-01,Bilaspur APMC,,bilaspur,Rampur
Uttar Pradesh,Wheat,2021,10,2021-10-01,Bilsi APMC,1879.46,bilsi,Budaun
Uttar Pradesh,Wheat,2021,10,2021-10-01,Bindki APMC,1850.94,bindki,Fatehpur
Uttar Pradesh,Wheat,2021,10,2021-10-01,Bishalpur APMC,1897.21,bishalpur,Pilibhit
Uttar Pradesh,Wheat,2021,10,2021-10-01,Buland Shahr APMC,1927.75,buland shahr,Bulandshahr
Uttar Pradesh,Wheat,2021,10,2021-10-01,Chandausi APMC,1913.4,chandausi,Sambhal
Uttar Pradesh,Wheat,2021,10,2021-10-01,Chandoli APMC,1824.29,chandoli,Chandauli
Uttar Pradesh,Wheat,2021,10,2021-10-01,Charra APMC,1920.63,charra,Aligarh
Uttar Pradesh,Wheat,2021,10,2021-10-01,Chhibramau APMC,1854.69,chhibramau,Kannauj
Uttar Pradesh,Wheat,2021,10,2021-10-01,Chirgaon APMC,,chirgaon,Jhansi
Uttar Pradesh,Wheat,2021,10,2021-10-01,Chitwadagaon APMC,,chitwadagaon,Ballia
Uttar Pradesh,Wheat,2021,10,2021-10-01,Chorichora APMC,1831.88,chorichora,Gorakhpur
Uttar Pradesh,Wheat,2021,10,2021-10-01,Choubepur APMC,1912.83,choubepur,Jaunpur
Uttar Pradesh,Wheat,2021,10,2021-10-01,DADRI APMC,1952.93,dadri,Gautam Buddha Nagar
Uttar Pradesh,Wheat,2021,10,2021-10-01,Dankaur APMC,1920.07,dankaur,Gautam Buddha Nagar
Uttar Pradesh,Wheat,2021,10,2021-10-01,Dataganj APMC,,dataganj,Badaun
Uttar Pradesh,Wheat,2021,10,2021-10-01,Devariya APMC,1837.0,devariya,Deoria
Uttar Pradesh,Wheat,2021,10,2021-10-01,Dhanaura APMC,1950.0,dhanaura,Amroha
Uttar Pradesh,Wheat,2021,10,2021-10-01,Dibiapur APMC,1863.2,dibiapur,Auraiya
Uttar Pradesh,Wheat,2021,10,2021-10-01,Divai APMC,,divai,Bulandshahar
Uttar Pradesh,Wheat,2021,10,2021-10-01,Doharighat APMC,,doharighat,Azamgarh
Uttar Pradesh,Wheat,2021,10,2021-10-01,Dudhi APMC,,dudhi,Sonbhadra
Uttar Pradesh,Wheat,2021,10,2021-10-01,Etah APMC,1880.63,etah,Etah
Uttar Pradesh,Wheat,2021,10,2021-10-01,Etawah APMC,1884.66,etawah,Etawah
Uttar Pradesh,Wheat,2021,10,2021-10-01,Farukhabad APMC,1853.71,farukhabad,Farrukhabad
Uttar Pradesh,Wheat,2021,10,2021-10-01,Fatehabad APMC,1900.0,fatehabad,Agra
Uttar Pradesh,Wheat,2021,10,2021-10-01,Fatehpur APMC,1848.05,fatehpur,Fatehpur
Uttar Pradesh,Wheat,2021,10,2021-10-01,Fatehpur Sikri APMC,1912.02,fatehpur sikri,Agra
Uttar Pradesh,Wheat,2021,10,2021-10-01,Firozabad APMC,1954.66,firozabad,Firozabad
Uttar Pradesh,Wheat,2021,10,2021-10-01,Gadaura APMC,1650.0,gadaura,Maharajganj
Uttar Pradesh,Wheat,2021,10,2021-10-01,Gangoh APMC,,gangoh,Saharanpur
Uttar Pradesh,Wheat,2021,10,2021-10-01,Gazipur APMC,1821.6,gazipur,Azamgarh
Uttar Pradesh,Wheat,2021,10,2021-10-01,Ghaziabad APMC,1963.91,ghaziabad,Ghaziabad
Uttar Pradesh,Wheat,2021,10,2021-10-01,Ghiraur APMC,1911.85,ghiraur,Mainpuri
Uttar Pradesh,Wheat,2021,10,2021-10-01,Golagokarnath APMC,1842.82,golagokarnath,Lalitpur
Uttar Pradesh,Wheat,2021,10,2021-10-01,Gonda APMC,1890.6,gonda,Gonda
Uttar Pradesh,Wheat,2021,10,2021-10-01,Gopiganj APMC,1819.78,gopiganj,Bhadohi
Uttar Pradesh,Wheat,2021,10,2021-10-01,Gorakhpur APMC,1844.64,gorakhpur,Gorakhpur
Uttar Pradesh,Wheat,2021,10,2021-10-01,Gurusarai APMC,1790.85,gurusarai,Jhansi
Uttar Pradesh,Wheat,2021,10,2021-10-01,Haathras APMC,1904.7,haathras,Hathras
Uttar Pradesh,Wheat,2021,10,2021-10-01,Hamirpur APMC,1850.56,hamirpur,Hamirpur
Uttar Pradesh,Wheat,2021,10,2021-10-01,Hapur APMC,2020.92,hapur,Ghaziabad
Uttar Pradesh,Wheat,2021,10,2021-10-01,Hardoi APMC,1849.69,hardoi,Hardoi
Uttar Pradesh,Wheat,2021,10,2021-10-01,Jafarganj APMC,1866.67,jafarganj,Amethi
Uttar Pradesh,Wheat,2021,10,2021-10-01,Jagnair APMC,,jagnair,Agra
Uttar Pradesh,Wheat,2021,10,2021-10-01,Jahangirabad APMC,1920.83,jahangirabad,Bulandshahar
Uttar Pradesh,Wheat,2021,10,2021-10-01,Jalaun APMC,1838.45,jalaun,Jalaun
Uttar Pradesh,Wheat,2021,10,2021-10-01,Jamanian APMC,1860.0,jamanian,Ghazipur
Uttar Pradesh,Wheat,2021,10,2021-10-01,Jangipura APMC,1825.5,jangipura,Ghazipur
Uttar Pradesh,Wheat,2021,10,2021-10-01,Jaunpur APMC,1815.97,jaunpur,Jaunpur
Uttar Pradesh,Wheat,2021,10,2021-10-01,Jayas APMC,1814.25,jayas,Rae Bareli
Uttar Pradesh,Wheat,2021,10,2021-10-01,Jhansi APMC,1840.78,jhansi,Jhansi
Uttar Pradesh,Wheat,2021,10,2021-10-01,Jhijhank APMC,1881.54,jhijhank,Kanpur Dehat
Uttar Pradesh,Wheat,2021,10,2021-10-01,Kalpi APMC,,kalpi,Jalaun
Uttar Pradesh,Wheat,2021,10,2021-10-01,Kamlaganj APMC,1822.96,kamlaganj,Farrukhabad
Uttar Pradesh,Wheat,2021,10,2021-10-01,Kannauj APMC,1867.7,kannauj,Kannauj
Uttar Pradesh,Wheat,2021,10,2021-10-01,Kanpur(Grain) APMC,1864.6,kanpur(grain),Jaunpur
Uttar Pradesh,Wheat,2021,10,2021-10-01,Karvi APMC,1840.67,karvi,Chitrakoot
Uttar Pradesh,Wheat,2021,10,2021-10-01,Kasganj APMC,1866.75,kasganj,Kasganj
Uttar Pradesh,Wheat,2021,10,2021-10-01,Kayamganj APMC,1863.86,kayamganj,Farrukhabad
Uttar Pradesh,Wheat,2021,10,2021-10-01,Khaga APMC,1850.94,khaga,Fatehpur
Uttar Pradesh,Wheat,2021,10,2021-10-01,Khair APMC,,khair,Aligarh
Uttar Pradesh,Wheat,2021,10,2021-10-01,Khairagarh APMC,1773.73,khairagarh,Agra
Uttar Pradesh,Wheat,2021,10,2021-10-01,Khalilabad APMC,,khalilabad,Sant Kabir Nagar
Uttar Pradesh,Wheat,2021,10,2021-10-01,Khurja APMC,1935.02,khurja,Bulandshahr
Uttar Pradesh,Wheat,2021,10,2021-10-01,Kishunpur APMC,1832.43,kishunpur,Bahraich
Uttar Pradesh,Wheat,2021,10,2021-10-01,Konch APMC,1781.82,konch,Jalaun
Uttar Pradesh,Wheat,2021,10,2021-10-01,Kopaganj APMC,1800.0,kopaganj,
Uttar Pradesh,Wheat,2021,10,2021-10-01,Kosikalan APMC,1922.14,kosikalan,Mathura
Uttar Pradesh,Wheat,2021,10,2021-10-01,Kurara APMC,1790.78,kurara,Hamirpur
Uttar Pradesh,Wheat,2021,10,2021-10-01,Lakhimpur APMC,1852.75,lakhimpur,Lalitpur
Uttar Pradesh,Wheat,2021,10,2021-10-01,Lalganj APMC,1821.78,lalganj,Rae Bareli
Uttar Pradesh,Wheat,2021,10,2021-10-01,Lalitpur APMC,1922.69,lalitpur,Lalitpur
Uttar Pradesh,Wheat,2021,10,2021-10-01,Lucknow APMC,1861.27,lucknow,Lucknow
Uttar Pradesh,Wheat,2021,10,2021-10-01,Madhoganj APMC,1845.96,madhoganj,Hardoi
Uttar Pradesh,Wheat,2021,10,2021-10-01,Madhogarh APMC,1839.13,madhogarh,Jalaun
Uttar Pradesh,Wheat,2021,10,2021-10-01,Mahoba APMC,1850.03,mahoba,Mahoba
Uttar Pradesh,Wheat,2021,10,2021-10-01,Maigalganj APMC,1787.19,maigalganj,Gorakhpur
Uttar Pradesh,Wheat,2021,10,2021-10-01,Mainpuri APMC,1915.57,mainpuri,Mainpuri
Uttar Pradesh,Wheat,2021,10,2021-10-01,Mathura APMC,1924.27,mathura,Mathura
Uttar Pradesh,Wheat,2021,10,2021-10-01,Maudaha APMC,1851.49,maudaha,Hamirpur
Uttar Pradesh,Wheat,2021,10,2021-10-01,Mauranipur APMC,1830.92,mauranipur,Jhansi
Uttar Pradesh,Wheat,2021,10,2021-10-01,Mawana APMC,1926.76,mawana,Meerut
Uttar Pradesh,Wheat,2021,10,2021-10-01,Meerut APMC,1967.75,meerut,Meerut
Uttar Pradesh,Wheat,2021,10,2021-10-01,Mehmoodabad APMC,1876.55,mehmoodabad,Sitapur
Uttar Pradesh,Wheat,2021,10,2021-10-01,Milak APMC,1923.52,milak,Rampur
Uttar Pradesh,Wheat,2021,10,2021-10-01,Mirzapur APMC,1830.9,mirzapur,Mirzapur
Uttar Pradesh,Wheat,2021,10,2021-10-01,Mohamadabad APMC,1859.08,mohamadabad,Farrukhabad
Uttar Pradesh,Wheat,2021,10,2021-10-01,Mohammdi APMC,1850.93,mohammdi,Kheri
Uttar Pradesh,Wheat,2021,10,2021-10-01,Moth APMC,1863.24,moth,Jhansi
Uttar Pradesh,Wheat,2021,10,2021-10-01,Mugrabaadshahpur APMC,,mugrabaadshahpur,Jaunpur
Uttar Pradesh,Wheat,2021,10,2021-10-01,Muradabad APMC,1903.55,muradabad,Sambhal
Uttar Pradesh,Wheat,2021,10,2021-10-01,Muradnagar APMC,1965.09,muradnagar,Ghaziabad
Uttar Pradesh,Wheat,2021,10,2021-10-01,Muskara APMC,1829.17,muskara,Mahoba
Uttar Pradesh,Wheat,2021,10,2021-10-01,Muzzafarnagar APMC,1938.54,muzzafarnagar,Muzaffarnagar
Uttar Pradesh,Wheat,2021,10,2021-10-01,Naanpara APMC,1873.75,naanpara,Bahraich
Uttar Pradesh,Wheat,2021,10,2021-10-01,Najibabad APMC,1930.0,najibabad,Bijnor
Uttar Pradesh,Wheat,2021,10,2021-10-01,Naugarh APMC,1651.79,naugarh,Siddharthnagar
Uttar Pradesh,Wheat,2021,10,2021-10-01,Nautnava APMC,1850.23,nautnava,Maharajganj
Uttar Pradesh,Wheat,2021,10,2021-10-01,Nawabganj APMC,1867.82,nawabganj,Gonda
Uttar Pradesh,Wheat,2021,10,2021-10-01,Orai APMC,1832.44,orai,Jalaun
Uttar Pradesh,Wheat,2021,10,2021-10-01,Paliakala APMC,1828.95,paliakala,Kheri
Uttar Pradesh,Wheat,2021,10,2021-10-01,Partaval APMC,1835.52,partaval,Mahrajganj
Uttar Pradesh,Wheat,2021,10,2021-10-01,Pilibhit APMC,1915.12,pilibhit,Pilibhit
Uttar Pradesh,Wheat,2021,10,2021-10-01,Powayan APMC,1927.2,powayan,Shahjahanpur
Uttar Pradesh,Wheat,2021,10,2021-10-01,Pratapgarh APMC,1877.53,pratapgarh,Pratapgarh
Uttar Pradesh,Wheat,2021,10,2021-10-01,Prayagraj APMC,,prayagraj,Prayagraj
Uttar Pradesh,Wheat,2021,10,2021-10-01,Pukharayan APMC,1878.8,pukharayan,Kanpur Dehat
Uttar Pradesh,Wheat,2021,10,2021-10-01,Puranpur APMC,1964.85,puranpur,Pilibhit
Uttar Pradesh,Wheat,2021,10,2021-10-01,Purwa APMC,1832.59,purwa,Unnao
Uttar Pradesh,Wheat,2021,10,2021-10-01,Raath APMC,1811.31,raath,Hamirpur
Uttar Pradesh,Wheat,2021,10,2021-10-01,Raibareilly APMC,1865.13,raibareilly,Rae Bareli
Uttar Pradesh,Wheat,2021,10,2021-10-01,Rampur APMC,1892.21,rampur,Rampur
Uttar Pradesh,Wheat,2021,10,2021-10-01,Rasda APMC,1805.24,rasda,Ballia
Uttar Pradesh,Wheat,2021,10,2021-10-01,Richha APMC,1940.0,richha,Bareilly
Uttar Pradesh,Wheat,2021,10,2021-10-01,Robertsganj APMC,1978.83,robertsganj,Sonbhadra
Uttar Pradesh,Wheat,2021,10,2021-10-01,Rura APMC,1705.38,rura,Kanpur Dehat
Uttar Pradesh,Wheat,2021,10,2021-10-01,Saharanpur APMC,1932.46,saharanpur,Saharanpur
Uttar Pradesh,Wheat,2021,10,2021-10-01,Sahiyapur APMC,1855.91,sahiyapur,Siddharthnagar
Uttar Pradesh,Wheat,2021,10,2021-10-01,Salon APMC,1871.93,salon,Rae Bareli
Uttar Pradesh,Wheat,2021,10,2021-10-01,Samsabad APMC,1975.0,samsabad,Agra
Uttar Pradesh,Wheat,2021,10,2021-10-01,Sandi APMC,1659.04,sandi,Hardoi
Uttar Pradesh,Wheat,2021,10,2021-10-01,Sandila APMC,1850.23,sandila,Hardoi
Uttar Pradesh,Wheat,2021,10,2021-10-01,Sehjanwa APMC,1837.72,sehjanwa,Gorakhpur
Uttar Pradesh,Wheat,2021,10,2021-10-01,Shahabad(New Mandi) APMC,1849.59,shahabad(new mandi),Hardoi
Uttar Pradesh,Wheat,2021,10,2021-10-01,Shahganj APMC,1796.8,shahganj,Jaunpur
Uttar Pradesh,Wheat,2021,10,2021-10-01,Shahjahanpur APMC,1928.39,shahjahanpur,Shahjahanpur
Uttar Pradesh,Wheat,2021,10,2021-10-01,Shamli APMC,1928.61,shamli,Shamli
Uttar Pradesh,Wheat,2021,10,2021-10-01,Shikohabad APMC,1838.24,shikohabad,Firozabad
Uttar Pradesh,Wheat,2021,10,2021-10-01,Sikandraraau APMC,1875.23,sikandraraau,Hathras
Uttar Pradesh,Wheat,2021,10,2021-10-01,Sirsa APMC,1842.67,sirsa,Gautam Buddha Nagar
Uttar Pradesh,Wheat,2021,10,2021-10-01,Sirsaganj APMC,1900.0,sirsaganj,Firozabad
Uttar Pradesh,Wheat,2021,10,2021-10-01,Sitapur APMC,1878.62,sitapur,Sitapur
Uttar Pradesh,Wheat,2021,10,2021-10-01,Sultanpur APMC,1872.79,sultanpur,Amethi
Uttar Pradesh,Wheat,2021,10,2021-10-01,Tamkuhi road APMC,1850.0,tamkuhi road,Kushinagar
Uttar Pradesh,Wheat,2021,10,2021-10-01,Tulsipur APMC,1876.26,tulsipur,Balrampur
Uttar Pradesh,Wheat,2021,10,2021-10-01,Tundla APMC,1943.53,tundla,Firozabad
Uttar Pradesh,Wheat,2021,10,2021-10-01,Ujhani APMC,1897.49,ujhani,Budaun
Uttar Pradesh,Wheat,2021,10,2021-10-01,Unnao APMC,1851.18,unnao,Unnao
Uttar Pradesh,Wheat,2021,10,2021-10-01,Uttaripura APMC,2000.0,uttaripura,Jaunpur
Uttar Pradesh,Wheat,2021,10,2021-10-01,Varanasi APMC,1838.72,varanasi,Varanasi
Uttar Pradesh,Wheat,2021,10,2021-10-01,Wazirganj APMC,1896.83,wazirganj,Budaun
Uttar Pradesh,Wheat,2021,10,2021-10-01,Yusufpur APMC,1850.0,yusufpur,Ghazipur
Uttar Pradesh,Wheat,2021,11,2021-11-01,Achalda APMC,1943.0,achalda,Auraiya
Uttar Pradesh,Wheat,2021,11,2021-11-01,Achnera APMC,1945.67,achnera,Agra
Uttar Pradesh,Wheat,2021,11,2021-11-01,Agra APMC,1953.95,agra,Agra
Uttar Pradesh,Wheat,2021,11,2021-11-01,Ahirora APMC,1867.92,ahirora,Mirzapur
Uttar Pradesh,Wheat,2021,11,2021-11-01,Ait APMC,1926.31,ait,Jalaun
Uttar Pradesh,Wheat,2021,11,2021-11-01,Ajuha APMC,1897.59,ajuha,Prayagraj
Uttar Pradesh,Wheat,2021,11,2021-11-01,Akbarpur APMC,1920.11,akbarpur,Ambedkarnagar
Uttar Pradesh,Wheat,2021,11,2021-11-01,Aliganj APMC,1860.0,aliganj,Etah
Uttar Pradesh,Wheat,2021,11,2021-11-01,Aligarh APMC,1932.54,aligarh,Aligarh
Uttar Pradesh,Wheat,2021,11,2021-11-01,Amroha APMC,1965.57,amroha,Amroha
Uttar Pradesh,Wheat,2021,11,2021-11-01,Anandnagar APMC,1835.93,anandnagar,Mahrajganj
Uttar Pradesh,Wheat,2021,11,2021-11-01,Atarra APMC,1865.17,atarra,Banda
Uttar Pradesh,Wheat,2021,11,2021-11-01,Atrauli APMC,,atrauli,Aligarh
Uttar Pradesh,Wheat,2021,11,2021-11-01,Auraiya APMC,1914.71,auraiya,Auraiya
Uttar Pradesh,Wheat,2021,11,2021-11-01,Ayodhya APMC,1915.24,ayodhya,Ayodhya
Uttar Pradesh,Wheat,2021,11,2021-11-01,Azamgarh APMC,1849.63,azamgarh,Azamgarh
Uttar Pradesh,Wheat,2021,11,2021-11-01,Baberu APMC,1863.34,baberu,Banda
Uttar Pradesh,Wheat,2021,11,2021-11-01,Babrala APMC,1917.94,babrala,Budaun
Uttar Pradesh,Wheat,2021,11,2021-11-01,Bachranwa APMC,,bachranwa,Rae Bareli
Uttar Pradesh,Wheat,2021,11,2021-11-01,Badayoun APMC,1971.77,badayoun,Budaun
Uttar Pradesh,Wheat,2021,11,2021-11-01,Badda APMC,,badda,Shahjahanpur
Uttar Pradesh,Wheat,2021,11,2021-11-01,Bahraich APMC,1919.02,bahraich,Bahraich
Uttar Pradesh,Wheat,2021,11,2021-11-01,Ballia APMC,1856.55,ballia,Ballia
Uttar Pradesh,Wheat,2021,11,2021-11-01,Balrampur APMC,1947.02,balrampur,Balrampur
Uttar Pradesh,Wheat,2021,11,2021-11-01,Banda APMC,1869.5,banda,Banda
Uttar Pradesh,Wheat,2021,11,2021-11-01,Bangarmau APMC,1902.23,bangarmau,Unnao
Uttar Pradesh,Wheat,2021,11,2021-11-01,Bansi APMC,1840.0,bansi,Siddharthnagar
Uttar Pradesh,Wheat,2021,11,2021-11-01,Barabanki APMC,1916.05,barabanki,Bara Banki
Uttar Pradesh,Wheat,2021,11,2021-11-01,Bareilly APMC,1957.35,bareilly,Bareilly
Uttar Pradesh,Wheat,2021,11,2021-11-01,Barhaj APMC,1847.73,barhaj,Deoria
Uttar Pradesh,Wheat,2021,11,2021-11-01,Baripaal APMC,1845.0,baripaal,Jaunpur
Uttar Pradesh,Wheat,2021,11,2021-11-01,Basti APMC,1849.43,basti,Basti
Uttar Pradesh,Wheat,2021,11,2021-11-01,Bewar APMC,1762.05,bewar,Mainpuri
Uttar Pradesh,Wheat,2021,11,2021-11-01,Bharthna APMC,1913.85,bharthna,Etawah
Uttar Pradesh,Wheat,2021,11,2021-11-01,Bharuasumerpur APMC,1900.0,bharuasumerpur,Hamirpur
Uttar Pradesh,Wheat,2021,11,2021-11-01,Bharwari APMC,1897.77,bharwari,Kaushambi
Uttar Pradesh,Wheat,2021,11,2021-11-01,Bhehjoi APMC,,bhehjoi,Sambhal
Uttar Pradesh,Wheat,2021,11,2021-11-01,Bijnaur APMC,1953.01,bijnaur,Bijnor
Uttar Pradesh,Wheat,2021,11,2021-11-01,Bilaspur APMC,,bilaspur,Rampur
Uttar Pradesh,Wheat,2021,11,2021-11-01,Bilsi APMC,1964.38,bilsi,Budaun
Uttar Pradesh,Wheat,2021,11,2021-11-01,Bindki APMC,1895.65,bindki,Fatehpur
Uttar Pradesh,Wheat,2021,11,2021-11-01,Bishalpur APMC,1952.19,bishalpur,Pilibhit
Uttar Pradesh,Wheat,2021,11,2021-11-01,Buland Shahr APMC,1959.56,buland shahr,Bulandshahr
Uttar Pradesh,Wheat,2021,11,2021-11-01,Chandausi APMC,1961.74,chandausi,Sambhal
Uttar Pradesh,Wheat,2021,11,2021-11-01,Chandoli APMC,1874.6,chandoli,Chandauli
Uttar Pradesh,Wheat,2021,11,2021-11-01,Charra APMC,1937.32,charra,Aligarh
Uttar Pradesh,Wheat,2021,11,2021-11-01,Chhibramau APMC,1900.0,chhibramau,Kannauj
Uttar Pradesh,Wheat,2021,11,2021-11-01,Chitwadagaon APMC,,chitwadagaon,Ballia
Uttar Pradesh,Wheat,2021,11,2021-11-01,Chorichora APMC,1848.28,chorichora,Gorakhpur
Uttar Pradesh,Wheat,2021,11,2021-11-01,Choubepur APMC,1911.63,choubepur,Jaunpur
Uttar Pradesh,Wheat,2021,11,2021-11-01,DADRI APMC,1963.05,dadri,Gautam Buddha Nagar
Uttar Pradesh,Wheat,2021,11,2021-11-01,Dankaur APMC,,dankaur,Gautam Buddha Nagar
Uttar Pradesh,Wheat,2021,11,2021-11-01,Devariya APMC,1848.54,devariya,Deoria
Uttar Pradesh,Wheat,2021,11,2021-11-01,Dhanaura APMC,1950.0,dhanaura,Amroha
Uttar Pradesh,Wheat,2021,11,2021-11-01,Dibiapur APMC,1909.97,dibiapur,Auraiya
Uttar Pradesh,Wheat,2021,11,2021-11-01,Divai APMC,,divai,Bulandshahar
Uttar Pradesh,Wheat,2021,11,2021-11-01,Doharighat APMC,,doharighat,Azamgarh
Uttar Pradesh,Wheat,2021,11,2021-11-01,Etah APMC,1940.44,etah,Etah
Uttar Pradesh,Wheat,2021,11,2021-11-01,Etawah APMC,1926.56,etawah,Etawah
Uttar Pradesh,Wheat,2021,11,2021-11-01,Farukhabad APMC,1897.34,farukhabad,Farrukhabad
Uttar Pradesh,Wheat,2021,11,2021-11-01,Fatehabad APMC,,fatehabad,Agra
Uttar Pradesh,Wheat,2021,11,2021-11-01,Fatehpur APMC,1894.39,fatehpur,Fatehpur
Uttar Pradesh,Wheat,2021,11,2021-11-01,Fatehpur Sikri APMC,1916.67,fatehpur sikri,Agra
Uttar Pradesh,Wheat,2021,11,2021-11-01,Firozabad APMC,1982.34,firozabad,Firozabad
Uttar Pradesh,Wheat,2021,11,2021-11-01,Gadaura APMC,,gadaura,Maharajganj
Uttar Pradesh,Wheat,2021,11,2021-11-01,Gazipur APMC,1870.83,gazipur,Azamgarh
Uttar Pradesh,Wheat,2021,11,2021-11-01,Ghaziabad APMC,1973.64,ghaziabad,Ghaziabad
Uttar Pradesh,Wheat,2021,11,2021-11-01,Ghiraur APMC,1934.0,ghiraur,Mainpuri
Uttar Pradesh,Wheat,2021,11,2021-11-01,Golagokarnath APMC,1922.21,golagokarnath,Lalitpur
Uttar Pradesh,Wheat,2021,11,2021-11-01,Gonda APMC,1951.85,gonda,Gonda
Uttar Pradesh,Wheat,2021,11,2021-11-01,Gopiganj APMC,1851.36,gopiganj,Bhadohi
Uttar Pradesh,Wheat,2021,11,2021-11-01,Gorakhpur APMC,1846.73,gorakhpur,Gorakhpur
Uttar Pradesh,Wheat,2021,11,2021-11-01,Gurusarai APMC,1846.87,gurusarai,Jhansi
Uttar Pradesh,Wheat,2021,11,2021-11-01,Haathras APMC,1919.59,haathras,Hathras
Uttar Pradesh,Wheat,2021,11,2021-11-01,Haldaur APMC,,haldaur,Bijnor
Uttar Pradesh,Wheat,2021,11,2021-11-01,Hamirpur APMC,1885.23,hamirpur,Hamirpur
Uttar Pradesh,Wheat,2021,11,2021-11-01,Hapur APMC,1952.95,hapur,Ghaziabad
Uttar Pradesh,Wheat,2021,11,2021-11-01,Hardoi APMC,1920.95,hardoi,Hardoi
Uttar Pradesh,Wheat,2021,11,2021-11-01,Jafarganj APMC,1898.7,jafarganj,Amethi
Uttar Pradesh,Wheat,2021,11,2021-11-01,Jagnair APMC,1850.0,jagnair,Agra
Uttar Pradesh,Wheat,2021,11,2021-11-01,Jahangirabad APMC,1946.08,jahangirabad,Bulandshahar
Uttar Pradesh,Wheat,2021,11,2021-11-01,Jalaun APMC,1883.08,jalaun,Jalaun
Uttar Pradesh,Wheat,2021,11,2021-11-01,Jamanian APMC,1880.0,jamanian,Ghazipur
Uttar Pradesh,Wheat,2021,11,2021-11-01,Jangipura APMC,1874.04,jangipura,Ghazipur
Uttar Pradesh,Wheat,2021,11,2021-11-01,Jaunpur APMC,1856.04,jaunpur,Jaunpur
Uttar Pradesh,Wheat,2021,11,2021-11-01,Jayas APMC,1914.72,jayas,Rae Bareli
Uttar Pradesh,Wheat,2021,11,2021-11-01,Jhansi APMC,1933.59,jhansi,Jhansi
Uttar Pradesh,Wheat,2021,11,2021-11-01,Jhijhank APMC,1926.22,jhijhank,Kanpur Dehat
Uttar Pradesh,Wheat,2021,11,2021-11-01,Kalpi APMC,1830.0,kalpi,Jalaun
Uttar Pradesh,Wheat,2021,11,2021-11-01,Kamlaganj APMC,,kamlaganj,Farrukhabad
Uttar Pradesh,Wheat,2021,11,2021-11-01,Kannauj APMC,1910.33,kannauj,Kannauj
Uttar Pradesh,Wheat,2021,11,2021-11-01,Kanpur(Grain) APMC,1892.87,kanpur(grain),Jaunpur
Uttar Pradesh,Wheat,2021,11,2021-11-01,Karvi APMC,1861.95,karvi,Chitrakoot
Uttar Pradesh,Wheat,2021,11,2021-11-01,Kasganj APMC,1955.55,kasganj,Kasganj
Uttar Pradesh,Wheat,2021,11,2021-11-01,Kayamganj APMC,1893.98,kayamganj,Farrukhabad
Uttar Pradesh,Wheat,2021,11,2021-11-01,Khaga APMC,1892.17,khaga,Fatehpur
Uttar Pradesh,Wheat,2021,11,2021-11-01,Khair APMC,,khair,Aligarh
Uttar Pradesh,Wheat,2021,11,2021-11-01,Khairagarh APMC,1824.03,khairagarh,Agra
Uttar Pradesh,Wheat,2021,11,2021-11-01,Khalilabad APMC,,khalilabad,Sant Kabir Nagar
Uttar Pradesh,Wheat,2021,11,2021-11-01,Khurja APMC,1959.32,khurja,Bulandshahr
Uttar Pradesh,Wheat,2021,11,2021-11-01,Kishunpur APMC,1893.06,kishunpur,Bahraich
Uttar Pradesh,Wheat,2021,11,2021-11-01,Konch APMC,1860.1,konch,Jalaun
Uttar Pradesh,Wheat,2021,11,2021-11-01,Kopaganj APMC,1844.53,kopaganj,
Uttar Pradesh,Wheat,2021,11,2021-11-01,Kosikalan APMC,1929.33,kosikalan,Mathura
Uttar Pradesh,Wheat,2021,11,2021-11-01,Kurara APMC,1834.03,kurara,Hamirpur
Uttar Pradesh,Wheat,2021,11,2021-11-01,Lakhimpur APMC,1926.17,lakhimpur,Lalitpur
Uttar Pradesh,Wheat,2021,11,2021-11-01,Lalganj APMC,1896.27,lalganj,Rae Bareli
Uttar Pradesh,Wheat,2021,11,2021-11-01,Lalitpur APMC,1954.57,lalitpur,Lalitpur
Uttar Pradesh,Wheat,2021,11,2021-11-01,Lucknow APMC,1891.15,lucknow,Lucknow
Uttar Pradesh,Wheat,2021,11,2021-11-01,Madhoganj APMC,1909.28,madhoganj,Hardoi
Uttar Pradesh,Wheat,2021,11,2021-11-01,Madhogarh APMC,1815.15,madhogarh,Jalaun
Uttar Pradesh,Wheat,2021,11,2021-11-01,Mahoba APMC,1883.93,mahoba,Mahoba
Uttar Pradesh,Wheat,2021,11,2021-11-01,Maigalganj APMC,1863.97,maigalganj,Gorakhpur
Uttar Pradesh,Wheat,2021,11,2021-11-01,Mainpuri APMC,1830.02,mainpuri,Mainpuri
Uttar Pradesh,Wheat,2021,11,2021-11-01,Mathura APMC,1965.57,mathura,Mathura
Uttar Pradesh,Wheat,2021,11,2021-11-01,Maudaha APMC,1879.0,maudaha,Hamirpur
Uttar Pradesh,Wheat,2021,11,2021-11-01,Mauranipur APMC,1845.8,mauranipur,Jhansi
Uttar Pradesh,Wheat,2021,11,2021-11-01,Mawana APMC,1964.61,mawana,Meerut
Uttar Pradesh,Wheat,2021,11,2021-11-01,Meerut APMC,1975.26,meerut,Meerut
Uttar Pradesh,Wheat,2021,11,2021-11-01,Mehmoodabad APMC,1911.79,mehmoodabad,Sitapur
Uttar Pradesh,Wheat,2021,11,2021-11-01,Milak APMC,1966.23,milak,Rampur
Uttar Pradesh,Wheat,2021,11,2021-11-01,Mirzapur APMC,1871.71,mirzapur,Mirzapur
Uttar Pradesh,Wheat,2021,11,2021-11-01,Mohamadabad APMC,1908.0,mohamadabad,Farrukhabad
Uttar Pradesh,Wheat,2021,11,2021-11-01,Mohammdi APMC,1918.39,mohammdi,Kheri
Uttar Pradesh,Wheat,2021,11,2021-11-01,Moth APMC,,moth,Jhansi
Uttar Pradesh,Wheat,2021,11,2021-11-01,Mugrabaadshahpur APMC,,mugrabaadshahpur,Jaunpur
Uttar Pradesh,Wheat,2021,11,2021-11-01,Muradabad APMC,1960.61,muradabad,Sambhal
Uttar Pradesh,Wheat,2021,11,2021-11-01,Muradnagar APMC,1954.67,muradnagar,Ghaziabad
Uttar Pradesh,Wheat,2021,11,2021-11-01,Muskara APMC,1866.75,muskara,Mahoba
Uttar Pradesh,Wheat,2021,11,2021-11-01,Muzzafarnagar APMC,1955.85,muzzafarnagar,Muzaffarnagar
Uttar Pradesh,Wheat,2021,11,2021-11-01,Naanpara APMC,1921.69,naanpara,Bahraich
Uttar Pradesh,Wheat,2021,11,2021-11-01,Najibabad APMC,1966.61,najibabad,Bijnor
Uttar Pradesh,Wheat,2021,11,2021-11-01,Naugarh APMC,1839.67,naugarh,Siddharthnagar
Uttar Pradesh,Wheat,2021,11,2021-11-01,Nautnava APMC,1860.07,nautnava,Maharajganj
Uttar Pradesh,Wheat,2021,11,2021-11-01,Nawabganj APMC,1913.18,nawabganj,Gonda
Uttar Pradesh,Wheat,2021,11,2021-11-01,Orai APMC,1863.09,orai,Jalaun
Uttar Pradesh,Wheat,2021,11,2021-11-01,Paliakala APMC,1906.18,paliakala,Kheri
Uttar Pradesh,Wheat,2021,11,2021-11-01,Panchpedwa APMC,,panchpedwa,Balrampur
Uttar Pradesh,Wheat,2021,11,2021-11-01,Partaval APMC,1849.2,partaval,Mahrajganj
Uttar Pradesh,Wheat,2021,11,2021-11-01,Pilibhit APMC,1962.83,pilibhit,Pilibhit
Uttar Pradesh,Wheat,2021,11,2021-11-01,Powayan APMC,1960.96,powayan,Shahjahanpur
Uttar Pradesh,Wheat,2021,11,2021-11-01,Pratapgarh APMC,1941.68,pratapgarh,Pratapgarh
Uttar Pradesh,Wheat,2021,11,2021-11-01,Prayagraj APMC,,prayagraj,Prayagraj
Uttar Pradesh,Wheat,2021,11,2021-11-01,Pukharayan APMC,1916.88,pukharayan,Kanpur Dehat
Uttar Pradesh,Wheat,2021,11,2021-11-01,Puranpur APMC,1975.3,puranpur,Pilibhit
Uttar Pradesh,Wheat,2021,11,2021-11-01,Purwa APMC,1902.1,purwa,Unnao
Uttar Pradesh,Wheat,2021,11,2021-11-01,Raath APMC,1841.71,raath,Hamirpur
Uttar Pradesh,Wheat,2021,11,2021-11-01,Raibareilly APMC,1910.42,raibareilly,Rae Bareli
Uttar Pradesh,Wheat,2021,11,2021-11-01,Rampur APMC,1955.31,rampur,Rampur
Uttar Pradesh,Wheat,2021,11,2021-11-01,Rasda APMC,1839.6,rasda,Ballia
Uttar Pradesh,Wheat,2021,11,2021-11-01,Richha APMC,,richha,Bareilly
Uttar Pradesh,Wheat,2021,11,2021-11-01,Robertsganj APMC,1974.44,robertsganj,Sonbhadra
Uttar Pradesh,Wheat,2021,11,2021-11-01,Rura APMC,1764.17,rura,Kanpur Dehat
Uttar Pradesh,Wheat,2021,11,2021-11-01,Saharanpur APMC,1953.13,saharanpur,Saharanpur
Uttar Pradesh,Wheat,2021,11,2021-11-01,Sahiyapur APMC,1856.06,sahiyapur,Siddharthnagar
Uttar Pradesh,Wheat,2021,11,2021-11-01,Salon APMC,1918.19,salon,Rae Bareli
Uttar Pradesh,Wheat,2021,11,2021-11-01,Samsabad APMC,1975.0,samsabad,Agra
Uttar Pradesh,Wheat,2021,11,2021-11-01,Sandi APMC,1899.64,sandi,Hardoi
Uttar Pradesh,Wheat,2021,11,2021-11-01,Sandila APMC,1916.04,sandila,Hardoi
Uttar Pradesh,Wheat,2021,11,2021-11-01,Sehjanwa APMC,1848.71,sehjanwa,Gorakhpur
Uttar Pradesh,Wheat,2021,11,2021-11-01,Shahabad(New Mandi) APMC,1911.33,shahabad(new mandi),Hardoi
Uttar Pradesh,Wheat,2021,11,2021-11-01,Shahganj APMC,1857.27,shahganj,Jaunpur
Uttar Pradesh,Wheat,2021,11,2021-11-01,Shahjahanpur APMC,1962.59,shahjahanpur,Shahjahanpur
Uttar Pradesh,Wheat,2021,11,2021-11-01,Shamli APMC,1954.51,shamli,Shamli
Uttar Pradesh,Wheat,2021,11,2021-11-01,Shikohabad APMC,1900.0,shikohabad,Firozabad
Uttar Pradesh,Wheat,2021,11,2021-11-01,Sikandraraau APMC,1914.15,sikandraraau,Hathras
Uttar Pradesh,Wheat,2021,11,2021-11-01,Sirsa APMC,1893.49,sirsa,Gautam Buddha Nagar
Uttar Pradesh,Wheat,2021,11,2021-11-01,Sirsaganj APMC,1925.35,sirsaganj,Firozabad
Uttar Pradesh,Wheat,2021,11,2021-11-01,Sitapur APMC,1913.66,sitapur,Sitapur
Uttar Pradesh,Wheat,2021,11,2021-11-01,Sultanpur APMC,1919.88,sultanpur,Amethi
Uttar Pradesh,Wheat,2021,11,2021-11-01,Tamkuhi road APMC,1845.0,tamkuhi road,Kushinagar
Uttar Pradesh,Wheat,2021,11,2021-11-01,Tikonia APMC,,tikonia,Kheri
Uttar Pradesh,Wheat,2021,11,2021-11-01,Tulsipur APMC,1928.11,tulsipur,Balrampur
Uttar Pradesh,Wheat,2021,11,2021-11-01,Tundla APMC,2005.99,tundla,Firozabad
Uttar Pradesh,Wheat,2021,11,2021-11-01,Ujhani APMC,1954.47,ujhani,Budaun
Uttar Pradesh,Wheat,2021,11,2021-11-01,Unnao APMC,1911.03,unnao,Unnao
Uttar Pradesh,Wheat,2021,11,2021-11-01,Uttaripura APMC,,uttaripura,Jaunpur
Uttar Pradesh,Wheat,2021,11,2021-11-01,Varanasi APMC,1877.43,varanasi,Varanasi
Uttar Pradesh,Wheat,2021,11,2021-11-01,Wazirganj APMC,1963.4,wazirganj,Budaun
Uttar Pradesh,Wheat,2021,11,2021-11-01,Yusufpur APMC,1875.0,yusufpur,Ghazipur
Uttar Pradesh,Wheat,2021,12,2021-12-01,Achalda APMC,1906.35,achalda,Auraiya
Uttar Pradesh,Wheat,2021,12,2021-12-01,Achnera APMC,1964.05,achnera,Agra
Uttar Pradesh,Wheat,2021,12,2021-12-01,Agra APMC,1979.21,agra,Agra
Uttar Pradesh,Wheat,2021,12,2021-12-01,Ahirora APMC,1892.0,ahirora,Mirzapur
Uttar Pradesh,Wheat,2021,12,2021-12-01,Ait APMC,1930.25,ait,Jalaun
Uttar Pradesh,Wheat,2021,12,2021-12-01,Ajuha APMC,1902.82,ajuha,Prayagraj
Uttar Pradesh,Wheat,2021,12,2021-12-01,Akbarpur APMC,1874.78,akbarpur,Ambedkarnagar
Uttar Pradesh,Wheat,2021,12,2021-12-01,Aliganj APMC,1901.29,aliganj,Etah
Uttar Pradesh,Wheat,2021,12,2021-12-01,Aligarh APMC,1956.09,aligarh,Aligarh
Uttar Pradesh,Wheat,2021,12,2021-12-01,Amroha APMC,1962.44,amroha,Amroha
Uttar Pradesh,Wheat,2021,12,2021-12-01,Anandnagar APMC,1849.85,anandnagar,Mahrajganj
Uttar Pradesh,Wheat,2021,12,2021-12-01,Atarra APMC,1875.93,atarra,Banda
Uttar Pradesh,Wheat,2021,12,2021-12-01,Atrauli APMC,,atrauli,Aligarh
Uttar Pradesh,Wheat,2021,12,2021-12-01,Auraiya APMC,1906.77,auraiya,Auraiya
Uttar Pradesh,Wheat,2021,12,2021-12-01,Ayodhya APMC,1878.48,ayodhya,Ayodhya
Uttar Pradesh,Wheat,2021,12,2021-12-01,Azamgarh APMC,1866.42,azamgarh,Azamgarh
Uttar Pradesh,Wheat,2021,12,2021-12-01,Baberu APMC,1871.51,baberu,Banda
Uttar Pradesh,Wheat,2021,12,2021-12-01,Babrala APMC,1888.09,babrala,Budaun
Uttar Pradesh,Wheat,2021,12,2021-12-01,Bachranwa APMC,,bachranwa,Rae Bareli
Uttar Pradesh,Wheat,2021,12,2021-12-01,Badayoun APMC,1958.06,badayoun,Budaun
Uttar Pradesh,Wheat,2021,12,2021-12-01,Bahraich APMC,1929.75,bahraich,Bahraich
Uttar Pradesh,Wheat,2021,12,2021-12-01,Ballia APMC,1878.8,ballia,Ballia
Uttar Pradesh,Wheat,2021,12,2021-12-01,Balrampur APMC,1953.2,balrampur,Balrampur
Uttar Pradesh,Wheat,2021,12,2021-12-01,Banda APMC,1878.07,banda,Banda
Uttar Pradesh,Wheat,2021,12,2021-12-01,Bangarmau APMC,1903.87,bangarmau,Unnao
Uttar Pradesh,Wheat,2021,12,2021-12-01,Bansi APMC,1890.0,bansi,Siddharthnagar
Uttar Pradesh,Wheat,2021,12,2021-12-01,Barabanki APMC,1916.32,barabanki,Bara Banki
Uttar Pradesh,Wheat,2021,12,2021-12-01,Bareilly APMC,1954.61,bareilly,Bareilly
Uttar Pradesh,Wheat,2021,12,2021-12-01,Barhaj APMC,1876.79,barhaj,Deoria
Uttar Pradesh,Wheat,2021,12,2021-12-01,Baripaal APMC,1858.74,baripaal,Jaunpur
Uttar Pradesh,Wheat,2021,12,2021-12-01,Basti APMC,1875.96,basti,Basti
Uttar Pradesh,Wheat,2021,12,2021-12-01,Bewar APMC,1685.16,bewar,Mainpuri
Uttar Pradesh,Wheat,2021,12,2021-12-01,Bharthna APMC,1908.82,bharthna,Etawah
Uttar Pradesh,Wheat,2021,12,2021-12-01,Bharuasumerpur APMC,1902.84,bharuasumerpur,Hamirpur
Uttar Pradesh,Wheat,2021,12,2021-12-01,Bharwari APMC,1907.28,bharwari,Kaushambi
Uttar Pradesh,Wheat,2021,12,2021-12-01,Bijnaur APMC,1955.39,bijnaur,Bijnor
Uttar Pradesh,Wheat,2021,12,2021-12-01,Bilaspur APMC,,bilaspur,Rampur
Uttar Pradesh,Wheat,2021,12,2021-12-01,Bilsi APMC,1963.46,bilsi,Budaun
Uttar Pradesh,Wheat,2021,12,2021-12-01,Bindki APMC,1900.46,bindki,Fatehpur
Uttar Pradesh,Wheat,2021,12,2021-12-01,Bishalpur APMC,1955.83,bishalpur,Pilibhit
Uttar Pradesh,Wheat,2021,12,2021-12-01,Buland Shahr APMC,1977.61,buland shahr,Bulandshahr
Uttar Pradesh,Wheat,2021,12,2021-12-01,Chandausi APMC,1954.49,chandausi,Sambhal
Uttar Pradesh,Wheat,2021,12,2021-12-01,Chandoli APMC,1895.71,chandoli,Chandauli
Uttar Pradesh,Wheat,2021,12,2021-12-01,Charra APMC,1957.13,charra,Aligarh
Uttar Pradesh,Wheat,2021,12,2021-12-01,Chhibramau APMC,1900.03,chhibramau,Kannauj
Uttar Pradesh,Wheat,2021,12,2021-12-01,Chirgaon APMC,1905.0,chirgaon,Jhansi
Uttar Pradesh,Wheat,2021,12,2021-12-01,Chitwadagaon APMC,,chitwadagaon,Ballia
Uttar Pradesh,Wheat,2021,12,2021-12-01,Chorichora APMC,1877.37,chorichora,Gorakhpur
Uttar Pradesh,Wheat,2021,12,2021-12-01,Choubepur APMC,1910.21,choubepur,Jaunpur
Uttar Pradesh,Wheat,2021,12,2021-12-01,DADRI APMC,2017.16,dadri,Gautam Buddha Nagar
Uttar Pradesh,Wheat,2021,12,2021-12-01,Dankaur APMC,1963.02,dankaur,Gautam Buddha Nagar
Uttar Pradesh,Wheat,2021,12,2021-12-01,Devariya APMC,1876.96,devariya,Deoria
Uttar Pradesh,Wheat,2021,12,2021-12-01,Dhanaura APMC,1950.0,dhanaura,Amroha
Uttar Pradesh,Wheat,2021,12,2021-12-01,Dibiapur APMC,1912.92,dibiapur,Auraiya
Uttar Pradesh,Wheat,2021,12,2021-12-01,Divai APMC,,divai,Bulandshahar
Uttar Pradesh,Wheat,2021,12,2021-12-01,Etah APMC,1965.36,etah,Etah
Uttar Pradesh,Wheat,2021,12,2021-12-01,Etawah APMC,1924.17,etawah,Etawah
Uttar Pradesh,Wheat,2021,12,2021-12-01,Farukhabad APMC,1998.0,farukhabad,Farrukhabad
Uttar Pradesh,Wheat,2021,12,2021-12-01,Fatehabad APMC,,fatehabad,Agra
Uttar Pradesh,Wheat,2021,12,2021-12-01,Fatehpur APMC,1891.73,fatehpur,Fatehpur
Uttar Pradesh,Wheat,2021,12,2021-12-01,Fatehpur Sikri APMC,1975.7,fatehpur sikri,Agra
Uttar Pradesh,Wheat,2021,12,2021-12-01,Firozabad APMC,1976.38,firozabad,Firozabad
Uttar Pradesh,Wheat,2021,12,2021-12-01,Gadaura APMC,,gadaura,Maharajganj
Uttar Pradesh,Wheat,2021,12,2021-12-01,Gazipur APMC,1870.76,gazipur,Azamgarh
Uttar Pradesh,Wheat,2021,12,2021-12-01,Ghaziabad APMC,1975.3,ghaziabad,Ghaziabad
Uttar Pradesh,Wheat,2021,12,2021-12-01,Ghiraur APMC,1935.59,ghiraur,Mainpuri
Uttar Pradesh,Wheat,2021,12,2021-12-01,Golagokarnath APMC,1913.11,golagokarnath,Lalitpur
Uttar Pradesh,Wheat,2021,12,2021-12-01,Gonda APMC,1936.98,gonda,Gonda
Uttar Pradesh,Wheat,2021,12,2021-12-01,Gopiganj APMC,1851.27,gopiganj,Bhadohi
Uttar Pradesh,Wheat,2021,12,2021-12-01,Gorakhpur APMC,1876.68,gorakhpur,Gorakhpur
Uttar Pradesh,Wheat,2021,12,2021-12-01,Gurusarai APMC,1851.79,gurusarai,Jhansi
Uttar Pradesh,Wheat,2021,12,2021-12-01,Haathras APMC,1938.53,haathras,Hathras
Uttar Pradesh,Wheat,2021,12,2021-12-01,Haldaur APMC,,haldaur,Bijnor
Uttar Pradesh,Wheat,2021,12,2021-12-01,Hamirpur APMC,1900.0,hamirpur,Hamirpur
Uttar Pradesh,Wheat,2021,12,2021-12-01,Hapur APMC,1973.21,hapur,Ghaziabad
Uttar Pradesh,Wheat,2021,12,2021-12-01,Hardoi APMC,1916.78,hardoi,Hardoi
Uttar Pradesh,Wheat,2021,12,2021-12-01,Hargaon (Laharpur) APMC,1856.6,hargaon (laharpur),Sitapur
Uttar Pradesh,Wheat,2021,12,2021-12-01,Jafarganj APMC,1891.97,jafarganj,Amethi
Uttar Pradesh,Wheat,2021,12,2021-12-01,Jagnair APMC,1853.7,jagnair,Agra
Uttar Pradesh,Wheat,2021,12,2021-12-01,Jahanabad APMC,1887.35,jahanabad,Fatehpur
Uttar Pradesh,Wheat,2021,12,2021-12-01,Jahangirabad APMC,1970.56,jahangirabad,Bulandshahar
Uttar Pradesh,Wheat,2021,12,2021-12-01,Jalaun APMC,1900.02,jalaun,Jalaun
Uttar Pradesh,Wheat,2021,12,2021-12-01,Jamanian APMC,,jamanian,Ghazipur
Uttar Pradesh,Wheat,2021,12,2021-12-01,Jangipura APMC,1869.66,jangipura,Ghazipur
Uttar Pradesh,Wheat,2021,12,2021-12-01,Jaunpur APMC,1868.69,jaunpur,Jaunpur
Uttar Pradesh,Wheat,2021,12,2021-12-01,Jayas APMC,1900.0,jayas,Rae Bareli
Uttar Pradesh,Wheat,2021,12,2021-12-01,Jhansi APMC,1918.34,jhansi,Jhansi
Uttar Pradesh,Wheat,2021,12,2021-12-01,Jhijhank APMC,1931.34,jhijhank,Kanpur Dehat
Uttar Pradesh,Wheat,2021,12,2021-12-01,Kalpi APMC,,kalpi,Jalaun
Uttar Pradesh,Wheat,2021,12,2021-12-01,Kannauj APMC,1904.77,kannauj,Kannauj
Uttar Pradesh,Wheat,2021,12,2021-12-01,Kanpur(Grain) APMC,1890.13,kanpur(grain),Jaunpur
Uttar Pradesh,Wheat,2021,12,2021-12-01,Karvi APMC,1875.32,karvi,Chitrakoot
Uttar Pradesh,Wheat,2021,12,2021-12-01,Kasganj APMC,1992.49,kasganj,Kasganj
Uttar Pradesh,Wheat,2021,12,2021-12-01,Kayamganj APMC,1919.51,kayamganj,Farrukhabad
Uttar Pradesh,Wheat,2021,12,2021-12-01,Khaga APMC,1889.88,khaga,Fatehpur
Uttar Pradesh,Wheat,2021,12,2021-12-01,Khair APMC,1960.0,khair,Aligarh
Uttar Pradesh,Wheat,2021,12,2021-12-01,Khairagarh APMC,1850.0,khairagarh,Agra
Uttar Pradesh,Wheat,2021,12,2021-12-01,Khalilabad APMC,,khalilabad,Sant Kabir Nagar
Uttar Pradesh,Wheat,2021,12,2021-12-01,Khurja APMC,1985.41,khurja,Bulandshahr
Uttar Pradesh,Wheat,2021,12,2021-12-01,Kishunpur APMC,1899.53,kishunpur,Bahraich
Uttar Pradesh,Wheat,2021,12,2021-12-01,Konch APMC,1861.07,konch,Jalaun
Uttar Pradesh,Wheat,2021,12,2021-12-01,Kopaganj APMC,1864.89,kopaganj,
Uttar Pradesh,Wheat,2021,12,2021-12-01,Kosikalan APMC,1996.4,kosikalan,Mathura
Uttar Pradesh,Wheat,2021,12,2021-12-01,Kurara APMC,1800.0,kurara,Hamirpur
Uttar Pradesh,Wheat,2021,12,2021-12-01,Lakhimpur APMC,1913.52,lakhimpur,Lalitpur
Uttar Pradesh,Wheat,2021,12,2021-12-01,Lalganj APMC,1861.81,lalganj,Rae Bareli
Uttar Pradesh,Wheat,2021,12,2021-12-01,Lalitpur APMC,1941.96,lalitpur,Lalitpur
Uttar Pradesh,Wheat,2021,12,2021-12-01,Lucknow APMC,1908.78,lucknow,Lucknow
Uttar Pradesh,Wheat,2021,12,2021-12-01,Madhoganj APMC,1911.15,madhoganj,Hardoi
Uttar Pradesh,Wheat,2021,12,2021-12-01,Madhogarh APMC,1827.31,madhogarh,Jalaun
Uttar Pradesh,Wheat,2021,12,2021-12-01,Maharajganj APMC,,maharajganj,Rae Bareli
Uttar Pradesh,Wheat,2021,12,2021-12-01,Mahoba APMC,1911.55,mahoba,Mahoba
Uttar Pradesh,Wheat,2021,12,2021-12-01,Maigalganj APMC,1858.68,maigalganj,Gorakhpur
Uttar Pradesh,Wheat,2021,12,2021-12-01,Mainpuri APMC,1941.09,mainpuri,Mainpuri
Uttar Pradesh,Wheat,2021,12,2021-12-01,Mathura APMC,1980.39,mathura,Mathura
Uttar Pradesh,Wheat,2021,12,2021-12-01,Maudaha APMC,1911.48,maudaha,Hamirpur
Uttar Pradesh,Wheat,2021,12,2021-12-01,Mauranipur APMC,1847.07,mauranipur,Jhansi
Uttar Pradesh,Wheat,2021,12,2021-12-01,Mawana APMC,1978.16,mawana,Meerut
Uttar Pradesh,Wheat,2021,12,2021-12-01,Meerut APMC,1983.07,meerut,Meerut
Uttar Pradesh,Wheat,2021,12,2021-12-01,Mehmoodabad APMC,1900.0,mehmoodabad,Sitapur
Uttar Pradesh,Wheat,2021,12,2021-12-01,Milak APMC,1948.92,milak,Rampur
Uttar Pradesh,Wheat,2021,12,2021-12-01,Mirzapur APMC,1889.92,mirzapur,Mirzapur
Uttar Pradesh,Wheat,2021,12,2021-12-01,Mohamadabad APMC,1925.0,mohamadabad,Farrukhabad
Uttar Pradesh,Wheat,2021,12,2021-12-01,Mohammdi APMC,1915.57,mohammdi,Kheri
Uttar Pradesh,Wheat,2021,12,2021-12-01,Moth APMC,1878.33,moth,Jhansi
Uttar Pradesh,Wheat,2021,12,2021-12-01,Mugrabaadshahpur APMC,,mugrabaadshahpur,Jaunpur
Uttar Pradesh,Wheat,2021,12,2021-12-01,Muradabad APMC,1954.46,muradabad,Sambhal
Uttar Pradesh,Wheat,2021,12,2021-12-01,Muradnagar APMC,1965.95,muradnagar,Ghaziabad
Uttar Pradesh,Wheat,2021,12,2021-12-01,Muskara APMC,1887.8,muskara,Mahoba
Uttar Pradesh,Wheat,2021,12,2021-12-01,Muzzafarnagar APMC,1971.67,muzzafarnagar,Muzaffarnagar
Uttar Pradesh,Wheat,2021,12,2021-12-01,Naanpara APMC,1929.97,naanpara,Bahraich
Uttar Pradesh,Wheat,2021,12,2021-12-01,Najibabad APMC,1952.67,najibabad,Bijnor
Uttar Pradesh,Wheat,2021,12,2021-12-01,Naugarh APMC,1867.16,naugarh,Siddharthnagar
Uttar Pradesh,Wheat,2021,12,2021-12-01,Nautnava APMC,1855.0,nautnava,Maharajganj
Uttar Pradesh,Wheat,2021,12,2021-12-01,Nawabganj APMC,1925.26,nawabganj,Gonda
Uttar Pradesh,Wheat,2021,12,2021-12-01,Orai APMC,1895.25,orai,Jalaun
Uttar Pradesh,Wheat,2021,12,2021-12-01,Paliakala APMC,1902.74,paliakala,Kheri
Uttar Pradesh,Wheat,2021,12,2021-12-01,Panchpedwa APMC,1810.0,panchpedwa,Balrampur
Uttar Pradesh,Wheat,2021,12,2021-12-01,Partaval APMC,1875.93,partaval,Mahrajganj
Uttar Pradesh,Wheat,2021,12,2021-12-01,Payagpur APMC,,payagpur,Bahraich
Uttar Pradesh,Wheat,2021,12,2021-12-01,Pilibhit APMC,1693.45,pilibhit,Pilibhit
Uttar Pradesh,Wheat,2021,12,2021-12-01,Powayan APMC,1957.84,powayan,Shahjahanpur
Uttar Pradesh,Wheat,2021,12,2021-12-01,Pratapgarh APMC,1947.84,pratapgarh,Pratapgarh
Uttar Pradesh,Wheat,2021,12,2021-12-01,Pukharayan APMC,1919.84,pukharayan,Kanpur Dehat
Uttar Pradesh,Wheat,2021,12,2021-12-01,Puranpur APMC,1954.31,puranpur,Pilibhit
Uttar Pradesh,Wheat,2021,12,2021-12-01,Purwa APMC,1897.62,purwa,Unnao
Uttar Pradesh,Wheat,2021,12,2021-12-01,Raath APMC,1857.77,raath,Hamirpur
Uttar Pradesh,Wheat,2021,12,2021-12-01,Raibareilly APMC,1877.22,raibareilly,Rae Bareli
Uttar Pradesh,Wheat,2021,12,2021-12-01,Rampur APMC,1960.0,rampur,Rampur
Uttar Pradesh,Wheat,2021,12,2021-12-01,Rasda APMC,1853.65,rasda,Ballia
Uttar Pradesh,Wheat,2021,12,2021-12-01,Robertsganj APMC,1969.82,robertsganj,Sonbhadra
Uttar Pradesh,Wheat,2021,12,2021-12-01,Rura APMC,1770.82,rura,Kanpur Dehat
Uttar Pradesh,Wheat,2021,12,2021-12-01,Saharanpur APMC,1969.57,saharanpur,Saharanpur
Uttar Pradesh,Wheat,2021,12,2021-12-01,Sahiyapur APMC,1887.19,sahiyapur,Siddharthnagar
Uttar Pradesh,Wheat,2021,12,2021-12-01,Salon APMC,1863.13,salon,Rae Bareli
Uttar Pradesh,Wheat,2021,12,2021-12-01,Samsabad APMC,,samsabad,Agra
Uttar Pradesh,Wheat,2021,12,2021-12-01,Sandi APMC,,sandi,Hardoi
Uttar Pradesh,Wheat,2021,12,2021-12-01,Sandila APMC,1913.51,sandila,Hardoi
Uttar Pradesh,Wheat,2021,12,2021-12-01,Sehjanwa APMC,1874.14,sehjanwa,Gorakhpur
Uttar Pradesh,Wheat,2021,12,2021-12-01,Shahabad(New Mandi) APMC,1913.99,shahabad(new mandi),Hardoi
Uttar Pradesh,Wheat,2021,12,2021-12-01,Shahganj APMC,1865.77,shahganj,Jaunpur
Uttar Pradesh,Wheat,2021,12,2021-12-01,Shahjahanpur APMC,1961.46,shahjahanpur,Shahjahanpur
Uttar Pradesh,Wheat,2021,12,2021-12-01,Shamli APMC,1973.65,shamli,Shamli
Uttar Pradesh,Wheat,2021,12,2021-12-01,Shikohabad APMC,1900.0,shikohabad,Firozabad
Uttar Pradesh,Wheat,2021,12,2021-12-01,Sikandraraau APMC,1939.92,sikandraraau,Hathras
Uttar Pradesh,Wheat,2021,12,2021-12-01,Sirsa APMC,1900.81,sirsa,Gautam Buddha Nagar
Uttar Pradesh,Wheat,2021,12,2021-12-01,Sirsaganj APMC,1928.7,sirsaganj,Firozabad
Uttar Pradesh,Wheat,2021,12,2021-12-01,Sitapur APMC,1908.71,sitapur,Sitapur
Uttar Pradesh,Wheat,2021,12,2021-12-01,Sultanpur APMC,1923.83,sultanpur,Amethi
Uttar Pradesh,Wheat,2021,12,2021-12-01,Tamkuhi road APMC,1880.0,tamkuhi road,Kushinagar
Uttar Pradesh,Wheat,2021,12,2021-12-01,Tikonia APMC,1980.0,tikonia,Kheri
Uttar Pradesh,Wheat,2021,12,2021-12-01,Tulsipur APMC,1939.24,tulsipur,Balrampur
Uttar Pradesh,Wheat,2021,12,2021-12-01,Tundla APMC,2014.53,tundla,Firozabad
Uttar Pradesh,Wheat,2021,12,2021-12-01,Ujhani APMC,1951.93,ujhani,Budaun
Uttar Pradesh,Wheat,2021,12,2021-12-01,Unnao APMC,1909.32,unnao,Unnao
Uttar Pradesh,Wheat,2021,12,2021-12-01,Uttaripura APMC,1851.58,uttaripura,Jaunpur
Uttar Pradesh,Wheat,2021,12,2021-12-01,Varanasi APMC,1891.56,varanasi,Varanasi
Uttar Pradesh,Wheat,2021,12,2021-12-01,Wazirganj APMC,1954.31,wazirganj,Budaun
Uttar Pradesh,Wheat,2021,12,2021-12-01,Yusufpur APMC,1870.0,yusufpur,Ghazipur
Uttar Pradesh,Wheat,2022,1,2022-01-01,Achalda APMC,1955.78,achalda,Auraiya
Uttar Pradesh,Wheat,2022,1,2022-01-01,Achnera APMC,2016.69,achnera,Agra
Uttar Pradesh,Wheat,2022,1,2022-01-01,Agra APMC,1980.04,agra,Agra
Uttar Pradesh,Wheat,2022,1,2022-01-01,Ahirora APMC,1928.48,ahirora,Mirzapur
Uttar Pradesh,Wheat,2022,1,2022-01-01,Ait APMC,1978.17,ait,Jalaun
Uttar Pradesh,Wheat,2022,1,2022-01-01,Ajuha APMC,1912.34,ajuha,Prayagraj
Uttar Pradesh,Wheat,2022,1,2022-01-01,Akbarpur APMC,1930.29,akbarpur,Ambedkarnagar
Uttar Pradesh,Wheat,2022,1,2022-01-01,Aliganj APMC,1917.88,aliganj,Etah
Uttar Pradesh,Wheat,2022,1,2022-01-01,Aligarh APMC,1994.59,aligarh,Aligarh
Uttar Pradesh,Wheat,2022,1,2022-01-01,Amroha APMC,1959.42,amroha,Amroha
Uttar Pradesh,Wheat,2022,1,2022-01-01,Anandnagar APMC,1884.75,anandnagar,Mahrajganj
Uttar Pradesh,Wheat,2022,1,2022-01-01,Atarra APMC,1879.94,atarra,Banda
Uttar Pradesh,Wheat,2022,1,2022-01-01,Atrauli APMC,1900.0,atrauli,Aligarh
Uttar Pradesh,Wheat,2022,1,2022-01-01,Auraiya APMC,1954.34,auraiya,Auraiya
Uttar Pradesh,Wheat,2022,1,2022-01-01,Ayodhya APMC,1940.84,ayodhya,Ayodhya
Uttar Pradesh,Wheat,2022,1,2022-01-01,Azamgarh APMC,1883.15,azamgarh,Azamgarh
Uttar Pradesh,Wheat,2022,1,2022-01-01,Baberu APMC,1907.46,baberu,Banda
Uttar Pradesh,Wheat,2022,1,2022-01-01,Babrala APMC,1896.14,babrala,Budaun
Uttar Pradesh,Wheat,2022,1,2022-01-01,Badayoun APMC,1966.48,badayoun,Budaun
Uttar Pradesh,Wheat,2022,1,2022-01-01,Bahraich APMC,1911.67,bahraich,Bahraich
Uttar Pradesh,Wheat,2022,1,2022-01-01,Ballia APMC,1912.75,ballia,Ballia
Uttar Pradesh,Wheat,2022,1,2022-01-01,Balrampur APMC,1918.42,balrampur,Balrampur
Uttar Pradesh,Wheat,2022,1,2022-01-01,Banda APMC,1930.76,banda,Banda
Uttar Pradesh,Wheat,2022,1,2022-01-01,Bangarmau APMC,1909.04,bangarmau,Unnao
Uttar Pradesh,Wheat,2022,1,2022-01-01,Bansi APMC,1930.0,bansi,Siddharthnagar
Uttar Pradesh,Wheat,2022,1,2022-01-01,Barabanki APMC,1916.13,barabanki,Bara Banki
Uttar Pradesh,Wheat,2022,1,2022-01-01,Bareilly APMC,1968.63,bareilly,Bareilly
Uttar Pradesh,Wheat,2022,1,2022-01-01,Barhaj APMC,1887.17,barhaj,Deoria
Uttar Pradesh,Wheat,2022,1,2022-01-01,Baripaal APMC,1852.1,baripaal,Jaunpur
Uttar Pradesh,Wheat,2022,1,2022-01-01,Basti APMC,1896.12,basti,Basti
Uttar Pradesh,Wheat,2022,1,2022-01-01,Bewar APMC,1758.39,bewar,Mainpuri
Uttar Pradesh,Wheat,2022,1,2022-01-01,Bharthna APMC,1942.19,bharthna,Etawah
Uttar Pradesh,Wheat,2022,1,2022-01-01,Bharuasumerpur APMC,1900.0,bharuasumerpur,Hamirpur
Uttar Pradesh,Wheat,2022,1,2022-01-01,Bharwari APMC,1912.87,bharwari,Kaushambi
Uttar Pradesh,Wheat,2022,1,2022-01-01,Bhehjoi APMC,,bhehjoi,Sambhal
Uttar Pradesh,Wheat,2022,1,2022-01-01,Bijnaur APMC,1955.28,bijnaur,Bijnor
Uttar Pradesh,Wheat,2022,1,2022-01-01,Bilaspur APMC,,bilaspur,Rampur
Uttar Pradesh,Wheat,2022,1,2022-01-01,Bilsi APMC,1976.96,bilsi,Budaun
Uttar Pradesh,Wheat,2022,1,2022-01-01,Bindki APMC,1921.79,bindki,Fatehpur
Uttar Pradesh,Wheat,2022,1,2022-01-01,Bishalpur APMC,1945.8,bishalpur,Pilibhit
Uttar Pradesh,Wheat,2022,1,2022-01-01,Buland Shahr APMC,2001.99,buland shahr,Bulandshahr
Uttar Pradesh,Wheat,2022,1,2022-01-01,Chandausi APMC,1961.69,chandausi,Sambhal
Uttar Pradesh,Wheat,2022,1,2022-01-01,Chandoli APMC,1918.79,chandoli,Chandauli
Uttar Pradesh,Wheat,2022,1,2022-01-01,Charkhari APMC,1870.44,charkhari,Mahoba
Uttar Pradesh,Wheat,2022,1,2022-01-01,Charra APMC,1992.37,charra,Aligarh
Uttar Pradesh,Wheat,2022,1,2022-01-01,Chhibramau APMC,1928.58,chhibramau,Kannauj
Uttar Pradesh,Wheat,2022,1,2022-01-01,Chirgaon APMC,1905.2,chirgaon,Jhansi
Uttar Pradesh,Wheat,2022,1,2022-01-01,Chitwadagaon APMC,,chitwadagaon,Ballia
Uttar Pradesh,Wheat,2022,1,2022-01-01,Chorichora APMC,1906.14,chorichora,Gorakhpur
Uttar Pradesh,Wheat,2022,1,2022-01-01,Choubepur APMC,1922.47,choubepur,Jaunpur
Uttar Pradesh,Wheat,2022,1,2022-01-01,DADRI APMC,1991.02,dadri,Gautam Buddha Nagar
Uttar Pradesh,Wheat,2022,1,2022-01-01,Dankaur APMC,1971.24,dankaur,Gautam Buddha Nagar
Uttar Pradesh,Wheat,2022,1,2022-01-01,Devariya APMC,1919.46,devariya,Deoria
Uttar Pradesh,Wheat,2022,1,2022-01-01,Dhanaura APMC,1950.0,dhanaura,Amroha
Uttar Pradesh,Wheat,2022,1,2022-01-01,Dibiapur APMC,1948.41,dibiapur,Auraiya
Uttar Pradesh,Wheat,2022,1,2022-01-01,Doharighat APMC,1900.0,doharighat,Azamgarh
Uttar Pradesh,Wheat,2022,1,2022-01-01,Etah APMC,1989.03,etah,Etah
Uttar Pradesh,Wheat,2022,1,2022-01-01,Etawah APMC,1967.31,etawah,Etawah
Uttar Pradesh,Wheat,2022,1,2022-01-01,Farukhabad APMC,1950.15,farukhabad,Farrukhabad
Uttar Pradesh,Wheat,2022,1,2022-01-01,Fatehabad APMC,1975.0,fatehabad,Agra
Uttar Pradesh,Wheat,2022,1,2022-01-01,Fatehpur APMC,1915.85,fatehpur,Fatehpur
Uttar Pradesh,Wheat,2022,1,2022-01-01,Fatehpur Sikri APMC,1985.84,fatehpur sikri,Agra
Uttar Pradesh,Wheat,2022,1,2022-01-01,Firozabad APMC,2009.96,firozabad,Firozabad
Uttar Pradesh,Wheat,2022,1,2022-01-01,Gadaura APMC,,gadaura,Maharajganj
Uttar Pradesh,Wheat,2022,1,2022-01-01,Gazipur APMC,1883.49,gazipur,Azamgarh
Uttar Pradesh,Wheat,2022,1,2022-01-01,Ghaziabad APMC,2000.47,ghaziabad,Ghaziabad
Uttar Pradesh,Wheat,2022,1,2022-01-01,Ghiraur APMC,1962.79,ghiraur,Mainpuri
Uttar Pradesh,Wheat,2022,1,2022-01-01,Golagokarnath APMC,1907.21,golagokarnath,Lalitpur
Uttar Pradesh,Wheat,2022,1,2022-01-01,Gonda APMC,1900.0,gonda,Gonda
Uttar Pradesh,Wheat,2022,1,2022-01-01,Gopiganj APMC,1922.74,gopiganj,Bhadohi
Uttar Pradesh,Wheat,2022,1,2022-01-01,Gorakhpur APMC,1909.68,gorakhpur,Gorakhpur
Uttar Pradesh,Wheat,2022,1,2022-01-01,Gurusarai APMC,1858.95,gurusarai,Jhansi
Uttar Pradesh,Wheat,2022,1,2022-01-01,Haathras APMC,1969.49,haathras,Hathras
Uttar Pradesh,Wheat,2022,1,2022-01-01,Haldaur APMC,,haldaur,Bijnor
Uttar Pradesh,Wheat,2022,1,2022-01-01,Hamirpur APMC,1900.0,hamirpur,Hamirpur
Uttar Pradesh,Wheat,2022,1,2022-01-01,Hapur APMC,1987.95,hapur,Ghaziabad
Uttar Pradesh,Wheat,2022,1,2022-01-01,Hardoi APMC,1923.25,hardoi,Hardoi
Uttar Pradesh,Wheat,2022,1,2022-01-01,Hargaon (Laharpur) APMC,1872.5,hargaon (laharpur),Sitapur
Uttar Pradesh,Wheat,2022,1,2022-01-01,Jafarganj APMC,1898.86,jafarganj,Amethi
Uttar Pradesh,Wheat,2022,1,2022-01-01,Jagnair APMC,1865.22,jagnair,Agra
Uttar Pradesh,Wheat,2022,1,2022-01-01,Jahanabad APMC,1920.3,jahanabad,Fatehpur
Uttar Pradesh,Wheat,2022,1,2022-01-01,Jahangirabad APMC,2007.01,jahangirabad,Bulandshahar
Uttar Pradesh,Wheat,2022,1,2022-01-01,Jalaun APMC,1966.64,jalaun,Jalaun
Uttar Pradesh,Wheat,2022,1,2022-01-01,Jamanian APMC,1880.0,jamanian,Ghazipur
Uttar Pradesh,Wheat,2022,1,2022-01-01,Jangipura APMC,1876.92,jangipura,Ghazipur
Uttar Pradesh,Wheat,2022,1,2022-01-01,Jaunpur APMC,1895.05,jaunpur,Jaunpur
Uttar Pradesh,Wheat,2022,1,2022-01-01,Jayas APMC,1900.0,jayas,Rae Bareli
Uttar Pradesh,Wheat,2022,1,2022-01-01,Jhansi APMC,1919.59,jhansi,Jhansi
Uttar Pradesh,Wheat,2022,1,2022-01-01,Jhijhank APMC,1923.28,jhijhank,Kanpur Dehat
Uttar Pradesh,Wheat,2022,1,2022-01-01,Kadaura APMC,1867.14,kadaura,Jalaun
Uttar Pradesh,Wheat,2022,1,2022-01-01,Kalpi APMC,,kalpi,Jalaun
Uttar Pradesh,Wheat,2022,1,2022-01-01,Kamlaganj APMC,,kamlaganj,Farrukhabad
Uttar Pradesh,Wheat,2022,1,2022-01-01,Kannauj APMC,1934.56,kannauj,Kannauj
Uttar Pradesh,Wheat,2022,1,2022-01-01,Kanpur(Grain) APMC,1931.94,kanpur(grain),Jaunpur
Uttar Pradesh,Wheat,2022,1,2022-01-01,Karvi APMC,1888.91,karvi,Chitrakoot
Uttar Pradesh,Wheat,2022,1,2022-01-01,Kasganj APMC,2003.22,kasganj,Kasganj
Uttar Pradesh,Wheat,2022,1,2022-01-01,Kayamganj APMC,1927.19,kayamganj,Farrukhabad
Uttar Pradesh,Wheat,2022,1,2022-01-01,Khaga APMC,1901.41,khaga,Fatehpur
Uttar Pradesh,Wheat,2022,1,2022-01-01,Khair APMC,2060.0,khair,Aligarh
Uttar Pradesh,Wheat,2022,1,2022-01-01,Khairagarh APMC,1865.5,khairagarh,Agra
Uttar Pradesh,Wheat,2022,1,2022-01-01,Khalilabad APMC,,khalilabad,Sant Kabir Nagar
Uttar Pradesh,Wheat,2022,1,2022-01-01,Khurja APMC,1994.23,khurja,Bulandshahr
Uttar Pradesh,Wheat,2022,1,2022-01-01,Kishunpur APMC,1846.67,kishunpur,Bahraich
Uttar Pradesh,Wheat,2022,1,2022-01-01,Konch APMC,1936.89,konch,Jalaun
Uttar Pradesh,Wheat,2022,1,2022-01-01,Kopaganj APMC,1900.0,kopaganj,
Uttar Pradesh,Wheat,2022,1,2022-01-01,Kosikalan APMC,2016.25,kosikalan,Mathura
Uttar Pradesh,Wheat,2022,1,2022-01-01,Kurara APMC,1814.9,kurara,Hamirpur
Uttar Pradesh,Wheat,2022,1,2022-01-01,Lakhimpur APMC,1911.44,lakhimpur,Lalitpur
Uttar Pradesh,Wheat,2022,1,2022-01-01,Lalganj APMC,1878.75,lalganj,Rae Bareli
Uttar Pradesh,Wheat,2022,1,2022-01-01,Lalitpur APMC,1941.51,lalitpur,Lalitpur
Uttar Pradesh,Wheat,2022,1,2022-01-01,Lucknow APMC,1925.76,lucknow,Lucknow
Uttar Pradesh,Wheat,2022,1,2022-01-01,Madhoganj APMC,1916.17,madhoganj,Hardoi
Uttar Pradesh,Wheat,2022,1,2022-01-01,Madhogarh APMC,1878.49,madhogarh,Jalaun
Uttar Pradesh,Wheat,2022,1,2022-01-01,Maharajganj APMC,,maharajganj,Rae Bareli
Uttar Pradesh,Wheat,2022,1,2022-01-01,Mahoba APMC,1926.49,mahoba,Mahoba
Uttar Pradesh,Wheat,2022,1,2022-01-01,Maigalganj APMC,1856.88,maigalganj,Gorakhpur
Uttar Pradesh,Wheat,2022,1,2022-01-01,Mainpuri APMC,1996.13,mainpuri,Mainpuri
Uttar Pradesh,Wheat,2022,1,2022-01-01,Mathura APMC,1994.51,mathura,Mathura
Uttar Pradesh,Wheat,2022,1,2022-01-01,Maudaha APMC,1931.59,maudaha,Hamirpur
Uttar Pradesh,Wheat,2022,1,2022-01-01,Mauranipur APMC,1898.98,mauranipur,Jhansi
Uttar Pradesh,Wheat,2022,1,2022-01-01,Mawana APMC,1990.2,mawana,Meerut
Uttar Pradesh,Wheat,2022,1,2022-01-01,Meerut APMC,1988.3,meerut,Meerut
Uttar Pradesh,Wheat,2022,1,2022-01-01,Mehmoodabad APMC,,mehmoodabad,Sitapur
Uttar Pradesh,Wheat,2022,1,2022-01-01,Mehrauni APMC,2000.0,mehrauni,Lalitpur
Uttar Pradesh,Wheat,2022,1,2022-01-01,Milak APMC,1962.42,milak,Rampur
Uttar Pradesh,Wheat,2022,1,2022-01-01,Mirzapur APMC,1931.58,mirzapur,Mirzapur
Uttar Pradesh,Wheat,2022,1,2022-01-01,Mohamadabad APMC,1921.82,mohamadabad,Farrukhabad
Uttar Pradesh,Wheat,2022,1,2022-01-01,Mohammdi APMC,1907.72,mohammdi,Kheri
Uttar Pradesh,Wheat,2022,1,2022-01-01,Moth APMC,,moth,Jhansi
Uttar Pradesh,Wheat,2022,1,2022-01-01,Mugrabaadshahpur APMC,,mugrabaadshahpur,Jaunpur
Uttar Pradesh,Wheat,2022,1,2022-01-01,Muradabad APMC,1960.67,muradabad,Sambhal
Uttar Pradesh,Wheat,2022,1,2022-01-01,Muradnagar APMC,2020.96,muradnagar,Ghaziabad
Uttar Pradesh,Wheat,2022,1,2022-01-01,Muskara APMC,1925.49,muskara,Mahoba
Uttar Pradesh,Wheat,2022,1,2022-01-01,Muzzafarnagar APMC,1986.11,muzzafarnagar,Muzaffarnagar
Uttar Pradesh,Wheat,2022,1,2022-01-01,Naanpara APMC,1913.1,naanpara,Bahraich
Uttar Pradesh,Wheat,2022,1,2022-01-01,Najibabad APMC,1955.71,najibabad,Bijnor
Uttar Pradesh,Wheat,2022,1,2022-01-01,Naugarh APMC,1873.72,naugarh,Siddharthnagar
Uttar Pradesh,Wheat,2022,1,2022-01-01,Nautnava APMC,,nautnava,Maharajganj
Uttar Pradesh,Wheat,2022,1,2022-01-01,Nawabganj APMC,1902.19,nawabganj,Gonda
Uttar Pradesh,Wheat,2022,1,2022-01-01,Orai APMC,1961.61,orai,Jalaun
Uttar Pradesh,Wheat,2022,1,2022-01-01,Paliakala APMC,1896.82,paliakala,Kheri
Uttar Pradesh,Wheat,2022,1,2022-01-01,Panchpedwa APMC,1876.0,panchpedwa,Balrampur
Uttar Pradesh,Wheat,2022,1,2022-01-01,Partaval APMC,1894.17,partaval,Mahrajganj
Uttar Pradesh,Wheat,2022,1,2022-01-01,Pilibhit APMC,2097.82,pilibhit,Pilibhit
Uttar Pradesh,Wheat,2022,1,2022-01-01,Powayan APMC,1961.59,powayan,Shahjahanpur
Uttar Pradesh,Wheat,2022,1,2022-01-01,Pratapgarh APMC,1921.44,pratapgarh,Pratapgarh
Uttar Pradesh,Wheat,2022,1,2022-01-01,Pukharayan APMC,1928.08,pukharayan,Kanpur Dehat
Uttar Pradesh,Wheat,2022,1,2022-01-01,Puranpur APMC,1925.51,puranpur,Pilibhit
Uttar Pradesh,Wheat,2022,1,2022-01-01,Purwa APMC,1901.45,purwa,Unnao
Uttar Pradesh,Wheat,2022,1,2022-01-01,Raath APMC,1937.18,raath,Hamirpur
Uttar Pradesh,Wheat,2022,1,2022-01-01,Raibareilly APMC,1883.94,raibareilly,Rae Bareli
Uttar Pradesh,Wheat,2022,1,2022-01-01,Rampur APMC,1951.55,rampur,Rampur
Uttar Pradesh,Wheat,2022,1,2022-01-01,Rasda APMC,1891.03,rasda,Ballia
Uttar Pradesh,Wheat,2022,1,2022-01-01,Robertsganj APMC,1976.04,robertsganj,Sonbhadra
Uttar Pradesh,Wheat,2022,1,2022-01-01,Rura APMC,1920.26,rura,Kanpur Dehat
Uttar Pradesh,Wheat,2022,1,2022-01-01,Saharanpur APMC,1988.04,saharanpur,Saharanpur
Uttar Pradesh,Wheat,2022,1,2022-01-01,Sahiyapur APMC,1915.0,sahiyapur,Siddharthnagar
Uttar Pradesh,Wheat,2022,1,2022-01-01,Salon APMC,1834.0,salon,Rae Bareli
Uttar Pradesh,Wheat,2022,1,2022-01-01,Samsabad APMC,2100.0,samsabad,Agra
Uttar Pradesh,Wheat,2022,1,2022-01-01,Sandila APMC,1916.51,sandila,Hardoi
Uttar Pradesh,Wheat,2022,1,2022-01-01,Sehjanwa APMC,1892.2,sehjanwa,Gorakhpur
Uttar Pradesh,Wheat,2022,1,2022-01-01,Shahabad(New Mandi) APMC,1916.18,shahabad(new mandi),Hardoi
Uttar Pradesh,Wheat,2022,1,2022-01-01,Shahganj APMC,1856.36,shahganj,Jaunpur
Uttar Pradesh,Wheat,2022,1,2022-01-01,Shahjahanpur APMC,1951.16,shahjahanpur,Shahjahanpur
Uttar Pradesh,Wheat,2022,1,2022-01-01,Shamli APMC,1993.16,shamli,Shamli
Uttar Pradesh,Wheat,2022,1,2022-01-01,Shikohabad APMC,1900.0,shikohabad,Firozabad
Uttar Pradesh,Wheat,2022,1,2022-01-01,Sikandraraau APMC,1961.23,sikandraraau,Hathras
Uttar Pradesh,Wheat,2022,1,2022-01-01,Sirsa APMC,1914.19,sirsa,Gautam Buddha Nagar
Uttar Pradesh,Wheat,2022,1,2022-01-01,Sirsaganj APMC,1950.0,sirsaganj,Firozabad
Uttar Pradesh,Wheat,2022,1,2022-01-01,Sitapur APMC,1918.97,sitapur,Sitapur
Uttar Pradesh,Wheat,2022,1,2022-01-01,Sultanpur APMC,1911.9,sultanpur,Amethi
Uttar Pradesh,Wheat,2022,1,2022-01-01,Tamkuhi road APMC,1925.0,tamkuhi road,Kushinagar
Uttar Pradesh,Wheat,2022,1,2022-01-01,Tikonia APMC,,tikonia,Kheri
Uttar Pradesh,Wheat,2022,1,2022-01-01,Tulsipur APMC,1906.81,tulsipur,Balrampur
Uttar Pradesh,Wheat,2022,1,2022-01-01,Tundla APMC,2030.02,tundla,Firozabad
Uttar Pradesh,Wheat,2022,1,2022-01-01,Ujhani APMC,1956.13,ujhani,Budaun
Uttar Pradesh,Wheat,2022,1,2022-01-01,Unnao APMC,1913.2,unnao,Unnao
Uttar Pradesh,Wheat,2022,1,2022-01-01,Uttaripura APMC,1783.9,uttaripura,Jaunpur
Uttar Pradesh,Wheat,2022,1,2022-01-01,Varanasi APMC,1938.59,varanasi,Varanasi
Uttar Pradesh,Wheat,2022,1,2022-01-01,Wazirganj APMC,1958.12,wazirganj,Budaun
Uttar Pradesh,Wheat,2022,1,2022-01-01,Yusufpur APMC,,yusufpur,Ghazipur
Uttar Pradesh,Wheat,2022,2,2022-02-01,Achalda APMC,2010.84,achalda,Auraiya
Uttar Pradesh,Wheat,2022,2,2022-02-01,Achnera APMC,2026.42,achnera,Agra
Uttar Pradesh,Wheat,2022,2,2022-02-01,Agra APMC,2034.0,agra,Agra
Uttar Pradesh,Wheat,2022,2,2022-02-01,Ahirora APMC,1996.77,ahirora,Mirzapur
Uttar Pradesh,Wheat,2022,2,2022-02-01,Ait APMC,2030.47,ait,Jalaun
Uttar Pradesh,Wheat,2022,2,2022-02-01,Ajuha APMC,1929.61,ajuha,Prayagraj
Uttar Pradesh,Wheat,2022,2,2022-02-01,Akbarpur APMC,1969.16,akbarpur,Ambedkarnagar
Uttar Pradesh,Wheat,2022,2,2022-02-01,Aliganj APMC,1928.62,aliganj,Etah
Uttar Pradesh,Wheat,2022,2,2022-02-01,Aligarh APMC,2073.68,aligarh,Aligarh
Uttar Pradesh,Wheat,2022,2,2022-02-01,Amroha APMC,1981.65,amroha,Amroha
Uttar Pradesh,Wheat,2022,2,2022-02-01,Anandnagar APMC,1925.45,anandnagar,Mahrajganj
Uttar Pradesh,Wheat,2022,2,2022-02-01,Anoop Shahar APMC,2071.13,anoop shahar,Bulandshahr
Uttar Pradesh,Wheat,2022,2,2022-02-01,Atarra APMC,1920.9,atarra,Banda
Uttar Pradesh,Wheat,2022,2,2022-02-01,Atrauli APMC,1900.0,atrauli,Aligarh
Uttar Pradesh,Wheat,2022,2,2022-02-01,Auraiya APMC,2009.86,auraiya,Auraiya
Uttar Pradesh,Wheat,2022,2,2022-02-01,Ayodhya APMC,1971.9,ayodhya,Ayodhya
Uttar Pradesh,Wheat,2022,2,2022-02-01,Azamgarh APMC,1922.57,azamgarh,Azamgarh
Uttar Pradesh,Wheat,2022,2,2022-02-01,Baberu APMC,1922.4,baberu,Banda
Uttar Pradesh,Wheat,2022,2,2022-02-01,Babrala APMC,1893.21,babrala,Budaun
Uttar Pradesh,Wheat,2022,2,2022-02-01,Bachranwa APMC,1965.0,bachranwa,Rae Bareli
Uttar Pradesh,Wheat,2022,2,2022-02-01,Badayoun APMC,1975.51,badayoun,Budaun
Uttar Pradesh,Wheat,2022,2,2022-02-01,Bahraich APMC,1950.2,bahraich,Bahraich
Uttar Pradesh,Wheat,2022,2,2022-02-01,Ballia APMC,1961.32,ballia,Ballia
Uttar Pradesh,Wheat,2022,2,2022-02-01,Balrampur APMC,1907.97,balrampur,Balrampur
Uttar Pradesh,Wheat,2022,2,2022-02-01,Banda APMC,1925.33,banda,Banda
Uttar Pradesh,Wheat,2022,2,2022-02-01,Bangarmau APMC,1957.44,bangarmau,Unnao
Uttar Pradesh,Wheat,2022,2,2022-02-01,Bansi APMC,1940.0,bansi,Siddharthnagar
Uttar Pradesh,Wheat,2022,2,2022-02-01,Barabanki APMC,1920.73,barabanki,Bara Banki
Uttar Pradesh,Wheat,2022,2,2022-02-01,Bareilly APMC,1976.72,bareilly,Bareilly
Uttar Pradesh,Wheat,2022,2,2022-02-01,Barhaj APMC,1931.46,barhaj,Deoria
Uttar Pradesh,Wheat,2022,2,2022-02-01,Baripaal APMC,1942.72,baripaal,Jaunpur
Uttar Pradesh,Wheat,2022,2,2022-02-01,Basti APMC,1929.76,basti,Basti
Uttar Pradesh,Wheat,2022,2,2022-02-01,Bewar APMC,1792.85,bewar,Mainpuri
Uttar Pradesh,Wheat,2022,2,2022-02-01,Bharthna APMC,2000.48,bharthna,Etawah
Uttar Pradesh,Wheat,2022,2,2022-02-01,Bharuasumerpur APMC,1914.88,bharuasumerpur,Hamirpur
Uttar Pradesh,Wheat,2022,2,2022-02-01,Bharwari APMC,1913.92,bharwari,Kaushambi
Uttar Pradesh,Wheat,2022,2,2022-02-01,Bhehjoi APMC,,bhehjoi,Sambhal
Uttar Pradesh,Wheat,2022,2,2022-02-01,Bijnaur APMC,1968.26,bijnaur,Bijnor
Uttar Pradesh,Wheat,2022,2,2022-02-01,Bilaspur APMC,,bilaspur,Rampur
Uttar Pradesh,Wheat,2022,2,2022-02-01,Bilsi APMC,2008.08,bilsi,Budaun
Uttar Pradesh,Wheat,2022,2,2022-02-01,Bindki APMC,2002.95,bindki,Fatehpur
Uttar Pradesh,Wheat,2022,2,2022-02-01,Bishalpur APMC,1975.6,bishalpur,Pilibhit
Uttar Pradesh,Wheat,2022,2,2022-02-01,Buland Shahr APMC,2082.86,buland shahr,Bulandshahr
Uttar Pradesh,Wheat,2022,2,2022-02-01,Chandausi APMC,1985.48,chandausi,Sambhal
Uttar Pradesh,Wheat,2022,2,2022-02-01,Chandoli APMC,1972.46,chandoli,Chandauli
Uttar Pradesh,Wheat,2022,2,2022-02-01,Charkhari APMC,1929.37,charkhari,Mahoba
Uttar Pradesh,Wheat,2022,2,2022-02-01,Charra APMC,2056.44,charra,Aligarh
Uttar Pradesh,Wheat,2022,2,2022-02-01,Chhibramau APMC,1968.17,chhibramau,Kannauj
Uttar Pradesh,Wheat,2022,2,2022-02-01,Chirgaon APMC,1930.65,chirgaon,Jhansi
Uttar Pradesh,Wheat,2022,2,2022-02-01,Chitwadagaon APMC,,chitwadagaon,Ballia
Uttar Pradesh,Wheat,2022,2,2022-02-01,Chorichora APMC,1948.97,chorichora,Gorakhpur
Uttar Pradesh,Wheat,2022,2,2022-02-01,Choubepur APMC,1970.89,choubepur,Jaunpur
Uttar Pradesh,Wheat,2022,2,2022-02-01,DADRI APMC,2041.72,dadri,Gautam Buddha Nagar
Uttar Pradesh,Wheat,2022,2,2022-02-01,Dankaur APMC,2014.56,dankaur,Gautam Buddha Nagar
Uttar Pradesh,Wheat,2022,2,2022-02-01,Dataganj APMC,,dataganj,Badaun
Uttar Pradesh,Wheat,2022,2,2022-02-01,Devariya APMC,1930.28,devariya,Deoria
Uttar Pradesh,Wheat,2022,2,2022-02-01,Dhanaura APMC,1950.0,dhanaura,Amroha
Uttar Pradesh,Wheat,2022,2,2022-02-01,Dibiapur APMC,1960.94,dibiapur,Auraiya
Uttar Pradesh,Wheat,2022,2,2022-02-01,Doharighat APMC,1945.0,doharighat,Azamgarh
Uttar Pradesh,Wheat,2022,2,2022-02-01,Etah APMC,2013.97,etah,Etah
Uttar Pradesh,Wheat,2022,2,2022-02-01,Etawah APMC,2027.88,etawah,Etawah
Uttar Pradesh,Wheat,2022,2,2022-02-01,Farukhabad APMC,1974.9,farukhabad,Farrukhabad
Uttar Pradesh,Wheat,2022,2,2022-02-01,Fatehabad APMC,2020.0,fatehabad,Agra
Uttar Pradesh,Wheat,2022,2,2022-02-01,Fatehpur APMC,1944.02,fatehpur,Fatehpur
Uttar Pradesh,Wheat,2022,2,2022-02-01,Fatehpur Sikri APMC,2016.35,fatehpur sikri,Agra
Uttar Pradesh,Wheat,2022,2,2022-02-01,Firozabad APMC,2100.73,firozabad,Firozabad
Uttar Pradesh,Wheat,2022,2,2022-02-01,Gadaura APMC,1840.0,gadaura,Maharajganj
Uttar Pradesh,Wheat,2022,2,2022-02-01,Gazipur APMC,1952.26,gazipur,Azamgarh
Uttar Pradesh,Wheat,2022,2,2022-02-01,Ghaziabad APMC,2076.76,ghaziabad,Ghaziabad
Uttar Pradesh,Wheat,2022,2,2022-02-01,Ghiraur APMC,2052.77,ghiraur,Mainpuri
Uttar Pradesh,Wheat,2022,2,2022-02-01,Golagokarnath APMC,1931.03,golagokarnath,Lalitpur
Uttar Pradesh,Wheat,2022,2,2022-02-01,Gonda APMC,1903.57,gonda,Gonda
Uttar Pradesh,Wheat,2022,2,2022-02-01,Gopiganj APMC,1962.76,gopiganj,Bhadohi
Uttar Pradesh,Wheat,2022,2,2022-02-01,Gorakhpur APMC,1942.4,gorakhpur,Gorakhpur
Uttar Pradesh,Wheat,2022,2,2022-02-01,Gurusarai APMC,1950.75,gurusarai,Jhansi
Uttar Pradesh,Wheat,2022,2,2022-02-01,Haathras APMC,1976.31,haathras,Hathras
Uttar Pradesh,Wheat,2022,2,2022-02-01,Haldaur APMC,,haldaur,Bijnor
Uttar Pradesh,Wheat,2022,2,2022-02-01,Hamirpur APMC,1925.0,hamirpur,Hamirpur
Uttar Pradesh,Wheat,2022,2,2022-02-01,Hapur APMC,2036.06,hapur,Ghaziabad
Uttar Pradesh,Wheat,2022,2,2022-02-01,Hardoi APMC,1941.13,hardoi,Hardoi
Uttar Pradesh,Wheat,2022,2,2022-02-01,Hargaon (Laharpur) APMC,1884.0,hargaon (laharpur),Sitapur
Uttar Pradesh,Wheat,2022,2,2022-02-01,Jafarganj APMC,1916.73,jafarganj,Amethi
Uttar Pradesh,Wheat,2022,2,2022-02-01,Jagnair APMC,1850.0,jagnair,Agra
Uttar Pradesh,Wheat,2022,2,2022-02-01,Jahanabad APMC,1927.59,jahanabad,Fatehpur
Uttar Pradesh,Wheat,2022,2,2022-02-01,Jahangirabad APMC,2071.53,jahangirabad,Bulandshahar
Uttar Pradesh,Wheat,2022,2,2022-02-01,Jalaun APMC,1996.73,jalaun,Jalaun
Uttar Pradesh,Wheat,2022,2,2022-02-01,Jamanian APMC,1970.0,jamanian,Ghazipur
Uttar Pradesh,Wheat,2022,2,2022-02-01,Jangipura APMC,1927.51,jangipura,Ghazipur
Uttar Pradesh,Wheat,2022,2,2022-02-01,Jaunpur APMC,1945.88,jaunpur,Jaunpur
Uttar Pradesh,Wheat,2022,2,2022-02-01,Jayas APMC,1900.0,jayas,Rae Bareli
Uttar Pradesh,Wheat,2022,2,2022-02-01,Jhansi APMC,1937.46,jhansi,Jhansi
Uttar Pradesh,Wheat,2022,2,2022-02-01,Jhijhank APMC,2004.59,jhijhank,Kanpur Dehat
Uttar Pradesh,Wheat,2022,2,2022-02-01,Kadaura APMC,2007.11,kadaura,Jalaun
Uttar Pradesh,Wheat,2022,2,2022-02-01,Kalpi APMC,,kalpi,Jalaun
Uttar Pradesh,Wheat,2022,2,2022-02-01,Kamlaganj APMC,1930.0,kamlaganj,Farrukhabad
Uttar Pradesh,Wheat,2022,2,2022-02-01,Kannauj APMC,1976.5,kannauj,Kannauj
Uttar Pradesh,Wheat,2022,2,2022-02-01,Kanpur(Grain) APMC,1938.53,kanpur(grain),Jaunpur
Uttar Pradesh,Wheat,2022,2,2022-02-01,Karvi APMC,1923.03,karvi,Chitrakoot
Uttar Pradesh,Wheat,2022,2,2022-02-01,Kasganj APMC,2005.54,kasganj,Kasganj
Uttar Pradesh,Wheat,2022,2,2022-02-01,Kayamganj APMC,1978.29,kayamganj,Farrukhabad
Uttar Pradesh,Wheat,2022,2,2022-02-01,Khaga APMC,1928.9,khaga,Fatehpur
Uttar Pradesh,Wheat,2022,2,2022-02-01,Khair APMC,2050.0,khair,Aligarh
Uttar Pradesh,Wheat,2022,2,2022-02-01,Khairagarh APMC,1935.63,khairagarh,Agra
Uttar Pradesh,Wheat,2022,2,2022-02-01,Khalilabad APMC,,khalilabad,Sant Kabir Nagar
Uttar Pradesh,Wheat,2022,2,2022-02-01,Khurja APMC,2068.21,khurja,Bulandshahr
Uttar Pradesh,Wheat,2022,2,2022-02-01,Kishunpur APMC,1919.73,kishunpur,Bahraich
Uttar Pradesh,Wheat,2022,2,2022-02-01,Konch APMC,1931.34,konch,Jalaun
Uttar Pradesh,Wheat,2022,2,2022-02-01,Kopaganj APMC,1928.5,kopaganj,
Uttar Pradesh,Wheat,2022,2,2022-02-01,Kosikalan APMC,2064.99,kosikalan,Mathura
Uttar Pradesh,Wheat,2022,2,2022-02-01,Kurara APMC,2180.0,kurara,Hamirpur
Uttar Pradesh,Wheat,2022,2,2022-02-01,Lakhimpur APMC,1940.12,lakhimpur,Lalitpur
Uttar Pradesh,Wheat,2022,2,2022-02-01,Lalganj APMC,1918.34,lalganj,Rae Bareli
Uttar Pradesh,Wheat,2022,2,2022-02-01,Lalitpur APMC,1948.7,lalitpur,Lalitpur
Uttar Pradesh,Wheat,2022,2,2022-02-01,Lucknow APMC,1936.98,lucknow,Lucknow
Uttar Pradesh,Wheat,2022,2,2022-02-01,Madhoganj APMC,1931.19,madhoganj,Hardoi
Uttar Pradesh,Wheat,2022,2,2022-02-01,Madhogarh APMC,1933.52,madhogarh,Jalaun
Uttar Pradesh,Wheat,2022,2,2022-02-01,Maharajganj APMC,,maharajganj,Rae Bareli
Uttar Pradesh,Wheat,2022,2,2022-02-01,Mahoba APMC,1973.33,mahoba,Mahoba
Uttar Pradesh,Wheat,2022,2,2022-02-01,Maigalganj APMC,1875.55,maigalganj,Gorakhpur
Uttar Pradesh,Wheat,2022,2,2022-02-01,Mainpuri APMC,2091.38,mainpuri,Mainpuri
Uttar Pradesh,Wheat,2022,2,2022-02-01,Mathura APMC,2031.94,mathura,Mathura
Uttar Pradesh,Wheat,2022,2,2022-02-01,Maudaha APMC,1963.87,maudaha,Hamirpur
Uttar Pradesh,Wheat,2022,2,2022-02-01,Mauranipur APMC,1931.98,mauranipur,Jhansi
Uttar Pradesh,Wheat,2022,2,2022-02-01,Mawana APMC,2034.92,mawana,Meerut
Uttar Pradesh,Wheat,2022,2,2022-02-01,Meerut APMC,2040.12,meerut,Meerut
Uttar Pradesh,Wheat,2022,2,2022-02-01,Mehmoodabad APMC,,mehmoodabad,Sitapur
Uttar Pradesh,Wheat,2022,2,2022-02-01,Mehrauni APMC,2000.0,mehrauni,Lalitpur
Uttar Pradesh,Wheat,2022,2,2022-02-01,Milak APMC,1974.22,milak,Rampur
Uttar Pradesh,Wheat,2022,2,2022-02-01,Mirzapur APMC,1980.6,mirzapur,Mirzapur
Uttar Pradesh,Wheat,2022,2,2022-02-01,Mohamadabad APMC,,mohamadabad,Farrukhabad
Uttar Pradesh,Wheat,2022,2,2022-02-01,Mohammdi APMC,1935.29,mohammdi,Kheri
Uttar Pradesh,Wheat,2022,2,2022-02-01,Mugrabaadshahpur APMC,,mugrabaadshahpur,Jaunpur
Uttar Pradesh,Wheat,2022,2,2022-02-01,Muradabad APMC,1973.15,muradabad,Sambhal
Uttar Pradesh,Wheat,2022,2,2022-02-01,Muradnagar APMC,2009.62,muradnagar,Ghaziabad
Uttar Pradesh,Wheat,2022,2,2022-02-01,Muskara APMC,1951.59,muskara,Mahoba
Uttar Pradesh,Wheat,2022,2,2022-02-01,Muzzafarnagar APMC,2025.09,muzzafarnagar,Muzaffarnagar
Uttar Pradesh,Wheat,2022,2,2022-02-01,Naanpara APMC,1948.28,naanpara,Bahraich
Uttar Pradesh,Wheat,2022,2,2022-02-01,Najibabad APMC,1972.78,najibabad,Bijnor
Uttar Pradesh,Wheat,2022,2,2022-02-01,Naugarh APMC,1923.12,naugarh,Siddharthnagar
Uttar Pradesh,Wheat,2022,2,2022-02-01,Nawabganj APMC,1899.53,nawabganj,Gonda
Uttar Pradesh,Wheat,2022,2,2022-02-01,Orai APMC,2004.43,orai,Jalaun
Uttar Pradesh,Wheat,2022,2,2022-02-01,Paliakala APMC,1925.98,paliakala,Kheri
Uttar Pradesh,Wheat,2022,2,2022-02-01,Panchpedwa APMC,,panchpedwa,Balrampur
Uttar Pradesh,Wheat,2022,2,2022-02-01,Partaval APMC,1939.07,partaval,Mahrajganj
Uttar Pradesh,Wheat,2022,2,2022-02-01,Pilibhit APMC,1990.25,pilibhit,Pilibhit
Uttar Pradesh,Wheat,2022,2,2022-02-01,Powayan APMC,1975.5,powayan,Shahjahanpur
Uttar Pradesh,Wheat,2022,2,2022-02-01,Pratapgarh APMC,1934.78,pratapgarh,Pratapgarh
Uttar Pradesh,Wheat,2022,2,2022-02-01,Pukharayan APMC,1989.27,pukharayan,Kanpur Dehat
Uttar Pradesh,Wheat,2022,2,2022-02-01,Puranpur APMC,2023.28,puranpur,Pilibhit
Uttar Pradesh,Wheat,2022,2,2022-02-01,Purwa APMC,1936.84,purwa,Unnao
Uttar Pradesh,Wheat,2022,2,2022-02-01,Raath APMC,1941.85,raath,Hamirpur
Uttar Pradesh,Wheat,2022,2,2022-02-01,Raibareilly APMC,1953.55,raibareilly,Rae Bareli
Uttar Pradesh,Wheat,2022,2,2022-02-01,Rampur APMC,1959.75,rampur,Rampur
Uttar Pradesh,Wheat,2022,2,2022-02-01,Rasda APMC,1948.09,rasda,Ballia
Uttar Pradesh,Wheat,2022,2,2022-02-01,Robertsganj APMC,2089.05,robertsganj,Sonbhadra
Uttar Pradesh,Wheat,2022,2,2022-02-01,Rura APMC,1975.0,rura,Kanpur Dehat
Uttar Pradesh,Wheat,2022,2,2022-02-01,Saharanpur APMC,2028.7,saharanpur,Saharanpur
Uttar Pradesh,Wheat,2022,2,2022-02-01,Sahiyapur APMC,1944.35,sahiyapur,Siddharthnagar
Uttar Pradesh,Wheat,2022,2,2022-02-01,Salon APMC,1907.76,salon,Rae Bareli
Uttar Pradesh,Wheat,2022,2,2022-02-01,Samsabad APMC,2237.5,samsabad,Agra
Uttar Pradesh,Wheat,2022,2,2022-02-01,Sandi APMC,1938.79,sandi,Hardoi
Uttar Pradesh,Wheat,2022,2,2022-02-01,Sandila APMC,1932.41,sandila,Hardoi
Uttar Pradesh,Wheat,2022,2,2022-02-01,Sehjanwa APMC,1934.58,sehjanwa,Gorakhpur
Uttar Pradesh,Wheat,2022,2,2022-02-01,Shahabad(New Mandi) APMC,1925.37,shahabad(new mandi),Hardoi
Uttar Pradesh,Wheat,2022,2,2022-02-01,Shahganj APMC,1926.29,shahganj,Jaunpur
Uttar Pradesh,Wheat,2022,2,2022-02-01,Shahjahanpur APMC,1955.95,shahjahanpur,Shahjahanpur
Uttar Pradesh,Wheat,2022,2,2022-02-01,Shamli APMC,2025.6,shamli,Shamli
Uttar Pradesh,Wheat,2022,2,2022-02-01,Shikohabad APMC,1900.0,shikohabad,Firozabad
Uttar Pradesh,Wheat,2022,2,2022-02-01,Sikandraraau APMC,1977.64,sikandraraau,Hathras
Uttar Pradesh,Wheat,2022,2,2022-02-01,Sirsa APMC,1916.26,sirsa,Gautam Buddha Nagar
Uttar Pradesh,Wheat,2022,2,2022-02-01,Sirsaganj APMC,2002.57,sirsaganj,Firozabad
Uttar Pradesh,Wheat,2022,2,2022-02-01,Sitapur APMC,1991.72,sitapur,Sitapur
Uttar Pradesh,Wheat,2022,2,2022-02-01,Sultanpur APMC,1919.66,sultanpur,Amethi
Uttar Pradesh,Wheat,2022,2,2022-02-01,Tamkuhi road APMC,1940.0,tamkuhi road,Kushinagar
Uttar Pradesh,Wheat,2022,2,2022-02-01,Tikonia APMC,1800.0,tikonia,Kheri
Uttar Pradesh,Wheat,2022,2,2022-02-01,Tulsipur APMC,1900.66,tulsipur,Balrampur
Uttar Pradesh,Wheat,2022,2,2022-02-01,Tundla APMC,2183.67,tundla,Firozabad
Uttar Pradesh,Wheat,2022,2,2022-02-01,Ujhani APMC,1969.08,ujhani,Budaun
Uttar Pradesh,Wheat,2022,2,2022-02-01,Unnao APMC,1960.92,unnao,Unnao
Uttar Pradesh,Wheat,2022,2,2022-02-01,Uttaripura APMC,1758.36,uttaripura,Jaunpur
Uttar Pradesh,Wheat,2022,2,2022-02-01,Varanasi APMC,1978.07,varanasi,Varanasi
Uttar Pradesh,Wheat,2022,2,2022-02-01,Wazirganj APMC,1983.9,wazirganj,Budaun
Uttar Pradesh,Wheat,2022,3,2022-03-01,Achalda APMC,2037.67,achalda,Auraiya
Uttar Pradesh,Wheat,2022,3,2022-03-01,Achnera APMC,2102.99,achnera,Agra
Uttar Pradesh,Wheat,2022,3,2022-03-01,Agra APMC,2085.1,agra,Agra
Uttar Pradesh,Wheat,2022,3,2022-03-01,Ahirora APMC,1983.72,ahirora,Mirzapur
Uttar Pradesh,Wheat,2022,3,2022-03-01,Ait APMC,2071.69,ait,Jalaun
Uttar Pradesh,Wheat,2022,3,2022-03-01,Ajuha APMC,2003.83,ajuha,Prayagraj
Uttar Pradesh,Wheat,2022,3,2022-03-01,Akbarpur APMC,2025.06,akbarpur,Ambedkarnagar
Uttar Pradesh,Wheat,2022,3,2022-03-01,Aliganj APMC,1920.0,aliganj,Etah
Uttar Pradesh,Wheat,2022,3,2022-03-01,Aligarh APMC,2088.99,aligarh,Aligarh
Uttar Pradesh,Wheat,2022,3,2022-03-01,Amroha APMC,2050.3,amroha,Amroha
Uttar Pradesh,Wheat,2022,3,2022-03-01,Anandnagar APMC,1954.82,anandnagar,Mahrajganj
Uttar Pradesh,Wheat,2022,3,2022-03-01,Anoop Shahar APMC,2110.0,anoop shahar,Bulandshahr
Uttar Pradesh,Wheat,2022,3,2022-03-01,Atarra APMC,1982.26,atarra,Banda
Uttar Pradesh,Wheat,2022,3,2022-03-01,Atrauli APMC,1900.0,atrauli,Aligarh
Uttar Pradesh,Wheat,2022,3,2022-03-01,Auraiya APMC,2026.24,auraiya,Auraiya
Uttar Pradesh,Wheat,2022,3,2022-03-01,Ayodhya APMC,2048.05,ayodhya,Ayodhya
Uttar Pradesh,Wheat,2022,3,2022-03-01,Azamgarh APMC,1966.13,azamgarh,Azamgarh
Uttar Pradesh,Wheat,2022,3,2022-03-01,Baberu APMC,1986.33,baberu,Banda
Uttar Pradesh,Wheat,2022,3,2022-03-01,Babrala APMC,1923.71,babrala,Budaun
Uttar Pradesh,Wheat,2022,3,2022-03-01,Bachranwa APMC,2050.0,bachranwa,Rae Bareli
Uttar Pradesh,Wheat,2022,3,2022-03-01,Badayoun APMC,2046.15,badayoun,Budaun
Uttar Pradesh,Wheat,2022,3,2022-03-01,Badda APMC,2022.44,badda,Shahjahanpur
Uttar Pradesh,Wheat,2022,3,2022-03-01,Bahraich APMC,2000.74,bahraich,Bahraich
Uttar Pradesh,Wheat,2022,3,2022-03-01,Ballia APMC,1980.66,ballia,Ballia
Uttar Pradesh,Wheat,2022,3,2022-03-01,Balrampur APMC,2053.42,balrampur,Balrampur
Uttar Pradesh,Wheat,2022,3,2022-03-01,Banda APMC,1992.64,banda,Banda
Uttar Pradesh,Wheat,2022,3,2022-03-01,Bangarmau APMC,2017.03,bangarmau,Unnao
Uttar Pradesh,Wheat,2022,3,2022-03-01,Bansi APMC,1990.0,bansi,Siddharthnagar
Uttar Pradesh,Wheat,2022,3,2022-03-01,Barabanki APMC,1985.59,barabanki,Bara Banki
Uttar Pradesh,Wheat,2022,3,2022-03-01,Bareilly APMC,2013.64,bareilly,Bareilly
Uttar Pradesh,Wheat,2022,3,2022-03-01,Barhaj APMC,1966.54,barhaj,Deoria
Uttar Pradesh,Wheat,2022,3,2022-03-01,Baripaal APMC,1979.64,baripaal,Jaunpur
Uttar Pradesh,Wheat,2022,3,2022-03-01,Basti APMC,1979.03,basti,Basti
Uttar Pradesh,Wheat,2022,3,2022-03-01,Bewar APMC,1866.02,bewar,Mainpuri
Uttar Pradesh,Wheat,2022,3,2022-03-01,Bharthna APMC,2026.52,bharthna,Etawah
Uttar Pradesh,Wheat,2022,3,2022-03-01,Bharuasumerpur APMC,1981.07,bharuasumerpur,Hamirpur
Uttar Pradesh,Wheat,2022,3,2022-03-01,Bharwari APMC,1973.97,bharwari,Kaushambi
Uttar Pradesh,Wheat,2022,3,2022-03-01,Bhehjoi APMC,,bhehjoi,Sambhal
Uttar Pradesh,Wheat,2022,3,2022-03-01,Bijnaur APMC,1977.68,bijnaur,Bijnor
Uttar Pradesh,Wheat,2022,3,2022-03-01,Bilsi APMC,2148.63,bilsi,Budaun
Uttar Pradesh,Wheat,2022,3,2022-03-01,Bindki APMC,2090.42,bindki,Fatehpur
Uttar Pradesh,Wheat,2022,3,2022-03-01,Bishalpur APMC,2025.87,bishalpur,Pilibhit
Uttar Pradesh,Wheat,2022,3,2022-03-01,Bisoli APMC,2011.79,bisoli,Badaun
Uttar Pradesh,Wheat,2022,3,2022-03-01,Buland Shahr APMC,2119.03,buland shahr,Bulandshahr
Uttar Pradesh,Wheat,2022,3,2022-03-01,Chandausi APMC,2029.55,chandausi,Sambhal
Uttar Pradesh,Wheat,2022,3,2022-03-01,Chandoli APMC,1978.05,chandoli,Chandauli
Uttar Pradesh,Wheat,2022,3,2022-03-01,Charkhari APMC,1982.54,charkhari,Mahoba
Uttar Pradesh,Wheat,2022,3,2022-03-01,Charra APMC,2080.41,charra,Aligarh
Uttar Pradesh,Wheat,2022,3,2022-03-01,Chhibramau APMC,2005.29,chhibramau,Kannauj
Uttar Pradesh,Wheat,2022,3,2022-03-01,Chirgaon APMC,1971.12,chirgaon,Jhansi
Uttar Pradesh,Wheat,2022,3,2022-03-01,Chitwadagaon APMC,,chitwadagaon,Ballia
Uttar Pradesh,Wheat,2022,3,2022-03-01,Chorichora APMC,1973.38,chorichora,Gorakhpur
Uttar Pradesh,Wheat,2022,3,2022-03-01,Choubepur APMC,2066.6,choubepur,Jaunpur
Uttar Pradesh,Wheat,2022,3,2022-03-01,DADRI APMC,2139.43,dadri,Gautam Buddha Nagar
Uttar Pradesh,Wheat,2022,3,2022-03-01,Dankaur APMC,,dankaur,Gautam Buddha Nagar
Uttar Pradesh,Wheat,2022,3,2022-03-01,Devariya APMC,1965.13,devariya,Deoria
Uttar Pradesh,Wheat,2022,3,2022-03-01,Dhanaura APMC,2019.11,dhanaura,Amroha
Uttar Pradesh,Wheat,2022,3,2022-03-01,Dibiapur APMC,1978.94,dibiapur,Auraiya
Uttar Pradesh,Wheat,2022,3,2022-03-01,Doharighat APMC,1980.0,doharighat,Azamgarh
Uttar Pradesh,Wheat,2022,3,2022-03-01,Etah APMC,2032.47,etah,Etah
Uttar Pradesh,Wheat,2022,3,2022-03-01,Etawah APMC,2026.54,etawah,Etawah
Uttar Pradesh,Wheat,2022,3,2022-03-01,Farukhabad APMC,2039.11,farukhabad,Farrukhabad
Uttar Pradesh,Wheat,2022,3,2022-03-01,Fatehabad APMC,2064.92,fatehabad,Agra
Uttar Pradesh,Wheat,2022,3,2022-03-01,Fatehpur APMC,2019.62,fatehpur,Fatehpur
Uttar Pradesh,Wheat,2022,3,2022-03-01,Fatehpur Sikri APMC,2097.79,fatehpur sikri,Agra
Uttar Pradesh,Wheat,2022,3,2022-03-01,Firozabad APMC,2156.11,firozabad,Firozabad
Uttar Pradesh,Wheat,2022,3,2022-03-01,Gadaura APMC,,gadaura,Maharajganj
Uttar Pradesh,Wheat,2022,3,2022-03-01,Gazipur APMC,1975.51,gazipur,Azamgarh
Uttar Pradesh,Wheat,2022,3,2022-03-01,Ghaziabad APMC,2139.23,ghaziabad,Ghaziabad
Uttar Pradesh,Wheat,2022,3,2022-03-01,Ghiraur APMC,2090.34,ghiraur,Mainpuri
Uttar Pradesh,Wheat,2022,3,2022-03-01,Golagokarnath APMC,1958.45,golagokarnath,Lalitpur
Uttar Pradesh,Wheat,2022,3,2022-03-01,Gonda APMC,2041.41,gonda,Gonda
Uttar Pradesh,Wheat,2022,3,2022-03-01,Gopiganj APMC,1978.38,gopiganj,Bhadohi
Uttar Pradesh,Wheat,2022,3,2022-03-01,Gorakhpur APMC,1968.03,gorakhpur,Gorakhpur
Uttar Pradesh,Wheat,2022,3,2022-03-01,Gurusarai APMC,1991.22,gurusarai,Jhansi
Uttar Pradesh,Wheat,2022,3,2022-03-01,Haathras APMC,2063.12,haathras,Hathras
Uttar Pradesh,Wheat,2022,3,2022-03-01,Haldaur APMC,2015.0,haldaur,Bijnor
Uttar Pradesh,Wheat,2022,3,2022-03-01,Hamirpur APMC,2021.43,hamirpur,Hamirpur
Uttar Pradesh,Wheat,2022,3,2022-03-01,Hapur APMC,2111.9,hapur,Ghaziabad
Uttar Pradesh,Wheat,2022,3,2022-03-01,Hardoi APMC,2064.72,hardoi,Hardoi
Uttar Pradesh,Wheat,2022,3,2022-03-01,Hargaon (Laharpur) APMC,1983.02,hargaon (laharpur),Sitapur
Uttar Pradesh,Wheat,2022,3,2022-03-01,Jafarganj APMC,1983.02,jafarganj,Amethi
Uttar Pradesh,Wheat,2022,3,2022-03-01,Jagnair APMC,,jagnair,Agra
Uttar Pradesh,Wheat,2022,3,2022-03-01,Jahanabad APMC,1988.49,jahanabad,Fatehpur
Uttar Pradesh,Wheat,2022,3,2022-03-01,Jahangirabad APMC,2100.0,jahangirabad,Bulandshahar
Uttar Pradesh,Wheat,2022,3,2022-03-01,Jalaun APMC,2044.15,jalaun,Jalaun
Uttar Pradesh,Wheat,2022,3,2022-03-01,Jamanian APMC,,jamanian,Ghazipur
Uttar Pradesh,Wheat,2022,3,2022-03-01,Jangipura APMC,1982.06,jangipura,Ghazipur
Uttar Pradesh,Wheat,2022,3,2022-03-01,Jaunpur APMC,1974.38,jaunpur,Jaunpur
Uttar Pradesh,Wheat,2022,3,2022-03-01,Jayas APMC,1976.77,jayas,Rae Bareli
Uttar Pradesh,Wheat,2022,3,2022-03-01,Jhansi APMC,1964.44,jhansi,Jhansi
Uttar Pradesh,Wheat,2022,3,2022-03-01,Jhijhank APMC,2083.15,jhijhank,Kanpur Dehat
Uttar Pradesh,Wheat,2022,3,2022-03-01,Kadaura APMC,2010.77,kadaura,Jalaun
Uttar Pradesh,Wheat,2022,3,2022-03-01,Kalpi APMC,1906.63,kalpi,Jalaun
Uttar Pradesh,Wheat,2022,3,2022-03-01,Kamlaganj APMC,2000.0,kamlaganj,Farrukhabad
Uttar Pradesh,Wheat,2022,3,2022-03-01,Kannauj APMC,1989.18,kannauj,Kannauj
Uttar Pradesh,Wheat,2022,3,2022-03-01,Kanpur(Grain) APMC,1967.09,kanpur(grain),Jaunpur
Uttar Pradesh,Wheat,2022,3,2022-03-01,Karvi APMC,2033.52,karvi,Chitrakoot
Uttar Pradesh,Wheat,2022,3,2022-03-01,Kasganj APMC,2008.21,kasganj,Kasganj
Uttar Pradesh,Wheat,2022,3,2022-03-01,Kayamganj APMC,2037.61,kayamganj,Farrukhabad
Uttar Pradesh,Wheat,2022,3,2022-03-01,Khaga APMC,2099.81,khaga,Fatehpur
Uttar Pradesh,Wheat,2022,3,2022-03-01,Khair APMC,2100.0,khair,Aligarh
Uttar Pradesh,Wheat,2022,3,2022-03-01,Khairagarh APMC,2032.17,khairagarh,Agra
Uttar Pradesh,Wheat,2022,3,2022-03-01,Khalilabad APMC,,khalilabad,Sant Kabir Nagar
Uttar Pradesh,Wheat,2022,3,2022-03-01,Khurja APMC,2140.65,khurja,Bulandshahr
Uttar Pradesh,Wheat,2022,3,2022-03-01,Kishunpur APMC,1990.2,kishunpur,Bahraich
Uttar Pradesh,Wheat,2022,3,2022-03-01,Konch APMC,1958.59,konch,Jalaun
Uttar Pradesh,Wheat,2022,3,2022-03-01,Kopaganj APMC,1963.64,kopaganj,
Uttar Pradesh,Wheat,2022,3,2022-03-01,Kosikalan APMC,2097.45,kosikalan,Mathura
Uttar Pradesh,Wheat,2022,3,2022-03-01,Kurara APMC,1888.52,kurara,Hamirpur
Uttar Pradesh,Wheat,2022,3,2022-03-01,Lakhimpur APMC,1965.86,lakhimpur,Lalitpur
Uttar Pradesh,Wheat,2022,3,2022-03-01,Lalganj APMC,2006.75,lalganj,Rae Bareli
Uttar Pradesh,Wheat,2022,3,2022-03-01,Lalitpur APMC,2000.12,lalitpur,Lalitpur
Uttar Pradesh,Wheat,2022,3,2022-03-01,Lucknow APMC,2012.9,lucknow,Lucknow
Uttar Pradesh,Wheat,2022,3,2022-03-01,Madhoganj APMC,2047.63,madhoganj,Hardoi
Uttar Pradesh,Wheat,2022,3,2022-03-01,Madhogarh APMC,2003.48,madhogarh,Jalaun
Uttar Pradesh,Wheat,2022,3,2022-03-01,Maharajganj APMC,,maharajganj,Rae Bareli
Uttar Pradesh,Wheat,2022,3,2022-03-01,Mahoba APMC,2011.16,mahoba,Mahoba
Uttar Pradesh,Wheat,2022,3,2022-03-01,Maigalganj APMC,1894.76,maigalganj,Gorakhpur
Uttar Pradesh,Wheat,2022,3,2022-03-01,Mainpuri APMC,2088.4,mainpuri,Mainpuri
Uttar Pradesh,Wheat,2022,3,2022-03-01,Mathura APMC,2046.73,mathura,Mathura
Uttar Pradesh,Wheat,2022,3,2022-03-01,Maudaha APMC,2041.95,maudaha,Hamirpur
Uttar Pradesh,Wheat,2022,3,2022-03-01,Mauranipur APMC,1994.81,mauranipur,Jhansi
Uttar Pradesh,Wheat,2022,3,2022-03-01,Mawana APMC,2159.92,mawana,Meerut
Uttar Pradesh,Wheat,2022,3,2022-03-01,Meerut APMC,2141.15,meerut,Meerut
Uttar Pradesh,Wheat,2022,3,2022-03-01,Mehmoodabad APMC,,mehmoodabad,Sitapur
Uttar Pradesh,Wheat,2022,3,2022-03-01,Mehrauni APMC,1984.56,mehrauni,Lalitpur
Uttar Pradesh,Wheat,2022,3,2022-03-01,Milak APMC,2009.6,milak,Rampur
Uttar Pradesh,Wheat,2022,3,2022-03-01,Mirzapur APMC,1990.8,mirzapur,Mirzapur
Uttar Pradesh,Wheat,2022,3,2022-03-01,Mohamadabad APMC,1942.86,mohamadabad,Farrukhabad
Uttar Pradesh,Wheat,2022,3,2022-03-01,Mohammdi APMC,1968.73,mohammdi,Kheri
Uttar Pradesh,Wheat,2022,3,2022-03-01,Moth APMC,1980.0,moth,Jhansi
Uttar Pradesh,Wheat,2022,3,2022-03-01,Mugrabaadshahpur APMC,,mugrabaadshahpur,Jaunpur
Uttar Pradesh,Wheat,2022,3,2022-03-01,Muradabad APMC,2037.51,muradabad,Sambhal
Uttar Pradesh,Wheat,2022,3,2022-03-01,Muradnagar APMC,2110.7,muradnagar,Ghaziabad
Uttar Pradesh,Wheat,2022,3,2022-03-01,Muskara APMC,2004.65,muskara,Mahoba
Uttar Pradesh,Wheat,2022,3,2022-03-01,Muzzafarnagar APMC,2119.6,muzzafarnagar,Muzaffarnagar
Uttar Pradesh,Wheat,2022,3,2022-03-01,Naanpara APMC,2000.55,naanpara,Bahraich
Uttar Pradesh,Wheat,2022,3,2022-03-01,Najibabad APMC,2034.29,najibabad,Bijnor
Uttar Pradesh,Wheat,2022,3,2022-03-01,Naugarh APMC,1957.31,naugarh,Siddharthnagar
Uttar Pradesh,Wheat,2022,3,2022-03-01,Nawabganj APMC,1997.92,nawabganj,Gonda
Uttar Pradesh,Wheat,2022,3,2022-03-01,Orai APMC,2063.54,orai,Jalaun
Uttar Pradesh,Wheat,2022,3,2022-03-01,Paliakala APMC,1945.91,paliakala,Kheri
Uttar Pradesh,Wheat,2022,3,2022-03-01,Panchpedwa APMC,1831.69,panchpedwa,Balrampur
Uttar Pradesh,Wheat,2022,3,2022-03-01,Partaval APMC,1970.1,partaval,Mahrajganj
Uttar Pradesh,Wheat,2022,3,2022-03-01,Pilibhit APMC,2049.34,pilibhit,Pilibhit
Uttar Pradesh,Wheat,2022,3,2022-03-01,Powayan APMC,2033.26,powayan,Shahjahanpur
Uttar Pradesh,Wheat,2022,3,2022-03-01,Pratapgarh APMC,1996.15,pratapgarh,Pratapgarh
Uttar Pradesh,Wheat,2022,3,2022-03-01,Pukharayan APMC,2127.77,pukharayan,Kanpur Dehat
Uttar Pradesh,Wheat,2022,3,2022-03-01,Puranpur APMC,2042.57,puranpur,Pilibhit
Uttar Pradesh,Wheat,2022,3,2022-03-01,Purwa APMC,2028.99,purwa,Unnao
Uttar Pradesh,Wheat,2022,3,2022-03-01,Raath APMC,1997.39,raath,Hamirpur
Uttar Pradesh,Wheat,2022,3,2022-03-01,Raibareilly APMC,2032.44,raibareilly,Rae Bareli
Uttar Pradesh,Wheat,2022,3,2022-03-01,Rampur APMC,2010.02,rampur,Rampur
Uttar Pradesh,Wheat,2022,3,2022-03-01,Rasda APMC,1968.17,rasda,Ballia
Uttar Pradesh,Wheat,2022,3,2022-03-01,Robertsganj APMC,2106.69,robertsganj,Sonbhadra
Uttar Pradesh,Wheat,2022,3,2022-03-01,Rura APMC,1975.0,rura,Kanpur Dehat
Uttar Pradesh,Wheat,2022,3,2022-03-01,Safdarganj APMC,,safdarganj,Barabanki
Uttar Pradesh,Wheat,2022,3,2022-03-01,Saharanpur APMC,2117.17,saharanpur,Saharanpur
Uttar Pradesh,Wheat,2022,3,2022-03-01,Sahiyapur APMC,1981.88,sahiyapur,Siddharthnagar
Uttar Pradesh,Wheat,2022,3,2022-03-01,Salon APMC,1919.58,salon,Rae Bareli
Uttar Pradesh,Wheat,2022,3,2022-03-01,Samsabad APMC,2050.0,samsabad,Agra
Uttar Pradesh,Wheat,2022,3,2022-03-01,Sandi APMC,1950.0,sandi,Hardoi
Uttar Pradesh,Wheat,2022,3,2022-03-01,Sandila APMC,2069.45,sandila,Hardoi
Uttar Pradesh,Wheat,2022,3,2022-03-01,Sehjanwa APMC,1980.08,sehjanwa,Gorakhpur
Uttar Pradesh,Wheat,2022,3,2022-03-01,Shahabad(New Mandi) APMC,2011.55,shahabad(new mandi),Hardoi
Uttar Pradesh,Wheat,2022,3,2022-03-01,Shahganj APMC,1975.27,shahganj,Jaunpur
Uttar Pradesh,Wheat,2022,3,2022-03-01,Shahjahanpur APMC,2074.18,shahjahanpur,Shahjahanpur
Uttar Pradesh,Wheat,2022,3,2022-03-01,Shamli APMC,2129.06,shamli,Shamli
Uttar Pradesh,Wheat,2022,3,2022-03-01,Shikohabad APMC,1968.11,shikohabad,Firozabad
Uttar Pradesh,Wheat,2022,3,2022-03-01,Sikandraraau APMC,2031.03,sikandraraau,Hathras
Uttar Pradesh,Wheat,2022,3,2022-03-01,Sirsa APMC,1946.71,sirsa,Gautam Buddha Nagar
Uttar Pradesh,Wheat,2022,3,2022-03-01,Sirsaganj APMC,2088.41,sirsaganj,Firozabad
Uttar Pradesh,Wheat,2022,3,2022-03-01,Sitapur APMC,2012.39,sitapur,Sitapur
Uttar Pradesh,Wheat,2022,3,2022-03-01,Sultanpur APMC,1981.18,sultanpur,Amethi
Uttar Pradesh,Wheat,2022,3,2022-03-01,Tamkuhi road APMC,1985.0,tamkuhi road,Kushinagar
Uttar Pradesh,Wheat,2022,3,2022-03-01,Tikonia APMC,1800.0,tikonia,Kheri
Uttar Pradesh,Wheat,2022,3,2022-03-01,Tilhar APMC,1978.96,tilhar,Shahjahanpur
Uttar Pradesh,Wheat,2022,3,2022-03-01,Tulsipur APMC,1997.91,tulsipur,Balrampur
Uttar Pradesh,Wheat,2022,3,2022-03-01,Tundla APMC,2200.33,tundla,Firozabad
Uttar Pradesh,Wheat,2022,3,2022-03-01,Ujhani APMC,2033.75,ujhani,Budaun
Uttar Pradesh,Wheat,2022,3,2022-03-01,Unnao APMC,2055.11,unnao,Unnao
Uttar Pradesh,Wheat,2022,3,2022-03-01,Uttaripura APMC,1754.78,uttaripura,Jaunpur
Uttar Pradesh,Wheat,2022,3,2022-03-01,Varanasi APMC,1989.13,varanasi,Varanasi
Uttar Pradesh,Wheat,2022,3,2022-03-01,Wazirganj APMC,2057.21,wazirganj,Budaun
Uttar Pradesh,Wheat,2022,3,2022-03-01,Yusufpur APMC,2000.0,yusufpur,Ghazipur
Uttar Pradesh,Wheat,2022,4,2022-04-01,Achalda APMC,2053.97,achalda,Auraiya
Uttar Pradesh,Wheat,2022,4,2022-04-01,Achnera APMC,2138.45,achnera,Agra
Uttar Pradesh,Wheat,2022,4,2022-04-01,Agra APMC,2106.52,agra,Agra
Uttar Pradesh,Wheat,2022,4,2022-04-01,Ahirora APMC,2034.3,ahirora,Mirzapur
Uttar Pradesh,Wheat,2022,4,2022-04-01,Ait APMC,2044.34,ait,Jalaun
Uttar Pradesh,Wheat,2022,4,2022-04-01,Ajuha APMC,2040.39,ajuha,Prayagraj
Uttar Pradesh,Wheat,2022,4,2022-04-01,Akbarpur APMC,2019.54,akbarpur,Ambedkarnagar
Uttar Pradesh,Wheat,2022,4,2022-04-01,Aliganj APMC,2024.92,aliganj,Etah
Uttar Pradesh,Wheat,2022,4,2022-04-01,Aligarh APMC,2093.73,aligarh,Aligarh
Uttar Pradesh,Wheat,2022,4,2022-04-01,Amroha APMC,2017.64,amroha,Amroha
Uttar Pradesh,Wheat,2022,4,2022-04-01,Anandnagar APMC,2014.83,anandnagar,Mahrajganj
Uttar Pradesh,Wheat,2022,4,2022-04-01,Anoop Shahar APMC,2100.36,anoop shahar,Bulandshahr
Uttar Pradesh,Wheat,2022,4,2022-04-01,Atarra APMC,2015.0,atarra,Banda
Uttar Pradesh,Wheat,2022,4,2022-04-01,Atrauli APMC,1999.73,atrauli,Aligarh
Uttar Pradesh,Wheat,2022,4,2022-04-01,Auraiya APMC,2066.53,auraiya,Auraiya
Uttar Pradesh,Wheat,2022,4,2022-04-01,Ayodhya APMC,2016.17,ayodhya,Ayodhya
Uttar Pradesh,Wheat,2022,4,2022-04-01,Azamgarh APMC,2015.04,azamgarh,Azamgarh
Uttar Pradesh,Wheat,2022,4,2022-04-01,Baberu APMC,2015.0,baberu,Banda
Uttar Pradesh,Wheat,2022,4,2022-04-01,Babrala APMC,2059.69,babrala,Budaun
Uttar Pradesh,Wheat,2022,4,2022-04-01,Bachranwa APMC,2015.0,bachranwa,Rae Bareli
Uttar Pradesh,Wheat,2022,4,2022-04-01,Badayoun APMC,2050.65,badayoun,Budaun
Uttar Pradesh,Wheat,2022,4,2022-04-01,Badda APMC,2036.71,badda,Shahjahanpur
Uttar Pradesh,Wheat,2022,4,2022-04-01,Baheri APMC,,baheri,Bareilly
Uttar Pradesh,Wheat,2022,4,2022-04-01,Bahraich APMC,2040.36,bahraich,Bahraich
Uttar Pradesh,Wheat,2022,4,2022-04-01,Ballia APMC,2018.28,ballia,Ballia
Uttar Pradesh,Wheat,2022,4,2022-04-01,Balrampur APMC,2034.31,balrampur,Balrampur
Uttar Pradesh,Wheat,2022,4,2022-04-01,Banda APMC,2015.0,banda,Banda
Uttar Pradesh,Wheat,2022,4,2022-04-01,Bangarmau APMC,2029.19,bangarmau,Unnao
Uttar Pradesh,Wheat,2022,4,2022-04-01,Bansi APMC,2015.0,bansi,Siddharthnagar
Uttar Pradesh,Wheat,2022,4,2022-04-01,Barabanki APMC,2015.53,barabanki,Bara Banki
Uttar Pradesh,Wheat,2022,4,2022-04-01,Bareilly APMC,2015.0,bareilly,Bareilly
Uttar Pradesh,Wheat,2022,4,2022-04-01,Barhaj APMC,2014.47,barhaj,Deoria
Uttar Pradesh,Wheat,2022,4,2022-04-01,Baripaal APMC,2023.1,baripaal,Jaunpur
Uttar Pradesh,Wheat,2022,4,2022-04-01,Basti APMC,2015.0,basti,Basti
Uttar Pradesh,Wheat,2022,4,2022-04-01,Bewar APMC,2011.89,bewar,Mainpuri
Uttar Pradesh,Wheat,2022,4,2022-04-01,Bharthna APMC,2083.79,bharthna,Etawah
Uttar Pradesh,Wheat,2022,4,2022-04-01,Bharuasumerpur APMC,2024.21,bharuasumerpur,Hamirpur
Uttar Pradesh,Wheat,2022,4,2022-04-01,Bharwari APMC,2034.31,bharwari,Kaushambi
Uttar Pradesh,Wheat,2022,4,2022-04-01,Bhehjoi APMC,2065.67,bhehjoi,Sambhal
Uttar Pradesh,Wheat,2022,4,2022-04-01,Bijnaur APMC,2020.76,bijnaur,Bijnor
Uttar Pradesh,Wheat,2022,4,2022-04-01,Bilaspur APMC,2038.16,bilaspur,Rampur
Uttar Pradesh,Wheat,2022,4,2022-04-01,Bilsi APMC,2098.6,bilsi,Budaun
Uttar Pradesh,Wheat,2022,4,2022-04-01,Bindki APMC,2070.04,bindki,Fatehpur
Uttar Pradesh,Wheat,2022,4,2022-04-01,Bishalpur APMC,2015.22,bishalpur,Pilibhit
Uttar Pradesh,Wheat,2022,4,2022-04-01,Bisoli APMC,2095.34,bisoli,Badaun
Uttar Pradesh,Wheat,2022,4,2022-04-01,Buland Shahr APMC,2089.39,buland shahr,Bulandshahr
Uttar Pradesh,Wheat,2022,4,2022-04-01,Chandausi APMC,2026.28,chandausi,Sambhal
Uttar Pradesh,Wheat,2022,4,2022-04-01,Chandoli APMC,2015.0,chandoli,Chandauli
Uttar Pradesh,Wheat,2022,4,2022-04-01,Charkhari APMC,2036.27,charkhari,Mahoba
Uttar Pradesh,Wheat,2022,4,2022-04-01,Charra APMC,2083.21,charra,Aligarh
Uttar Pradesh,Wheat,2022,4,2022-04-01,Chhibramau APMC,2023.88,chhibramau,Kannauj
Uttar Pradesh,Wheat,2022,4,2022-04-01,Chirgaon APMC,2036.77,chirgaon,Jhansi
Uttar Pradesh,Wheat,2022,4,2022-04-01,Chitwadagaon APMC,,chitwadagaon,Ballia
Uttar Pradesh,Wheat,2022,4,2022-04-01,Chorichora APMC,2015.0,chorichora,Gorakhpur
Uttar Pradesh,Wheat,2022,4,2022-04-01,Choubepur APMC,2025.89,choubepur,Jaunpur
Uttar Pradesh,Wheat,2022,4,2022-04-01,DADRI APMC,2113.09,dadri,Gautam Buddha Nagar
Uttar Pradesh,Wheat,2022,4,2022-04-01,Dankaur APMC,2038.07,dankaur,Gautam Buddha Nagar
Uttar Pradesh,Wheat,2022,4,2022-04-01,Dataganj APMC,2039.28,dataganj,Badaun
Uttar Pradesh,Wheat,2022,4,2022-04-01,Devariya APMC,2015.24,devariya,Deoria
Uttar Pradesh,Wheat,2022,4,2022-04-01,Dhanaura APMC,2020.0,dhanaura,Amroha
Uttar Pradesh,Wheat,2022,4,2022-04-01,Dibiapur APMC,2005.66,dibiapur,Auraiya
Uttar Pradesh,Wheat,2022,4,2022-04-01,Divai APMC,2039.29,divai,Bulandshahar
Uttar Pradesh,Wheat,2022,4,2022-04-01,Doharighat APMC,1995.49,doharighat,Azamgarh
Uttar Pradesh,Wheat,2022,4,2022-04-01,Etah APMC,2068.92,etah,Etah
Uttar Pradesh,Wheat,2022,4,2022-04-01,Etawah APMC,2092.0,etawah,Etawah
Uttar Pradesh,Wheat,2022,4,2022-04-01,Farukhabad APMC,2072.17,farukhabad,Farrukhabad
Uttar Pradesh,Wheat,2022,4,2022-04-01,Fatehabad APMC,2210.0,fatehabad,Agra
Uttar Pradesh,Wheat,2022,4,2022-04-01,Fatehpur APMC,2035.81,fatehpur,Fatehpur
Uttar Pradesh,Wheat,2022,4,2022-04-01,Fatehpur Sikri APMC,2106.15,fatehpur sikri,Agra
Uttar Pradesh,Wheat,2022,4,2022-04-01,Firozabad APMC,2130.13,firozabad,Firozabad
Uttar Pradesh,Wheat,2022,4,2022-04-01,Gadaura APMC,,gadaura,Maharajganj
Uttar Pradesh,Wheat,2022,4,2022-04-01,Gangoh APMC,,gangoh,Saharanpur
Uttar Pradesh,Wheat,2022,4,2022-04-01,Gazipur APMC,2015.14,gazipur,Azamgarh
Uttar Pradesh,Wheat,2022,4,2022-04-01,Ghaziabad APMC,2110.29,ghaziabad,Ghaziabad
Uttar Pradesh,Wheat,2022,4,2022-04-01,Ghiraur APMC,2080.99,ghiraur,Mainpuri
Uttar Pradesh,Wheat,2022,4,2022-04-01,Golagokarnath APMC,2034.39,golagokarnath,Lalitpur
Uttar Pradesh,Wheat,2022,4,2022-04-01,Gonda APMC,2025.93,gonda,Gonda
Uttar Pradesh,Wheat,2022,4,2022-04-01,Gopiganj APMC,2019.09,gopiganj,Bhadohi
Uttar Pradesh,Wheat,2022,4,2022-04-01,Gorakhpur APMC,2015.0,gorakhpur,Gorakhpur
Uttar Pradesh,Wheat,2022,4,2022-04-01,Gurusarai APMC,2033.94,gurusarai,Jhansi
Uttar Pradesh,Wheat,2022,4,2022-04-01,Haathras APMC,2116.58,haathras,Hathras
Uttar Pradesh,Wheat,2022,4,2022-04-01,Haldaur APMC,,haldaur,Bijnor
Uttar Pradesh,Wheat,2022,4,2022-04-01,Hamirpur APMC,2024.74,hamirpur,Hamirpur
Uttar Pradesh,Wheat,2022,4,2022-04-01,Hapur APMC,2109.13,hapur,Ghaziabad
Uttar Pradesh,Wheat,2022,4,2022-04-01,Hardoi APMC,2040.24,hardoi,Hardoi
Uttar Pradesh,Wheat,2022,4,2022-04-01,Hargaon (Laharpur) APMC,2017.92,hargaon (laharpur),Sitapur
Uttar Pradesh,Wheat,2022,4,2022-04-01,Hasanpur APMC,,hasanpur,Amroha
Uttar Pradesh,Wheat,2022,4,2022-04-01,Jafarganj APMC,2029.91,jafarganj,Amethi
Uttar Pradesh,Wheat,2022,4,2022-04-01,Jagnair APMC,2056.93,jagnair,Agra
Uttar Pradesh,Wheat,2022,4,2022-04-01,Jahanabad APMC,2015.54,jahanabad,Fatehpur
Uttar Pradesh,Wheat,2022,4,2022-04-01,Jahangirabad APMC,2109.99,jahangirabad,Bulandshahar
Uttar Pradesh,Wheat,2022,4,2022-04-01,Jalaun APMC,2027.59,jalaun,Jalaun
Uttar Pradesh,Wheat,2022,4,2022-04-01,Jamanian APMC,2010.23,jamanian,Ghazipur
Uttar Pradesh,Wheat,2022,4,2022-04-01,Jangipura APMC,2015.0,jangipura,Ghazipur
Uttar Pradesh,Wheat,2022,4,2022-04-01,Jasra APMC,2015.0,jasra,Prayagraj
Uttar Pradesh,Wheat,2022,4,2022-04-01,Jasvantnagar APMC,2098.72,jasvantnagar,Etawah
Uttar Pradesh,Wheat,2022,4,2022-04-01,Jaunpur APMC,2021.47,jaunpur,Jaunpur
Uttar Pradesh,Wheat,2022,4,2022-04-01,Jayas APMC,2007.66,jayas,Rae Bareli
Uttar Pradesh,Wheat,2022,4,2022-04-01,Jhansi APMC,2040.14,jhansi,Jhansi
Uttar Pradesh,Wheat,2022,4,2022-04-01,Jhijhank APMC,2019.1,jhijhank,Kanpur Dehat
Uttar Pradesh,Wheat,2022,4,2022-04-01,Kadaura APMC,2025.0,kadaura,Jalaun
Uttar Pradesh,Wheat,2022,4,2022-04-01,Kalpi APMC,,kalpi,Jalaun
Uttar Pradesh,Wheat,2022,4,2022-04-01,Kamlaganj APMC,2028.47,kamlaganj,Farrukhabad
Uttar Pradesh,Wheat,2022,4,2022-04-01,Kannauj APMC,2020.37,kannauj,Kannauj
Uttar Pradesh,Wheat,2022,4,2022-04-01,Kanpur(Grain) APMC,2028.42,kanpur(grain),Jaunpur
Uttar Pradesh,Wheat,2022,4,2022-04-01,Karvi APMC,2015.1,karvi,Chitrakoot
Uttar Pradesh,Wheat,2022,4,2022-04-01,Kasganj APMC,2045.92,kasganj,Kasganj
Uttar Pradesh,Wheat,2022,4,2022-04-01,Kayamganj APMC,2041.66,kayamganj,Farrukhabad
Uttar Pradesh,Wheat,2022,4,2022-04-01,Khaga APMC,2030.85,khaga,Fatehpur
Uttar Pradesh,Wheat,2022,4,2022-04-01,Khair APMC,2036.06,khair,Aligarh
Uttar Pradesh,Wheat,2022,4,2022-04-01,Khairagarh APMC,2077.68,khairagarh,Agra
Uttar Pradesh,Wheat,2022,4,2022-04-01,Khalilabad APMC,,khalilabad,Sant Kabir Nagar
Uttar Pradesh,Wheat,2022,4,2022-04-01,Khurja APMC,2079.02,khurja,Bulandshahr
Uttar Pradesh,Wheat,2022,4,2022-04-01,Kishunpur APMC,2032.01,kishunpur,Bahraich
Uttar Pradesh,Wheat,2022,4,2022-04-01,Konch APMC,2015.0,konch,Jalaun
Uttar Pradesh,Wheat,2022,4,2022-04-01,Kopaganj APMC,2015.0,kopaganj,
Uttar Pradesh,Wheat,2022,4,2022-04-01,Kosikalan APMC,2065.35,kosikalan,Mathura
Uttar Pradesh,Wheat,2022,4,2022-04-01,Kurara APMC,1896.18,kurara,Hamirpur
Uttar Pradesh,Wheat,2022,4,2022-04-01,Lakhimpur APMC,2020.43,lakhimpur,Lalitpur
Uttar Pradesh,Wheat,2022,4,2022-04-01,Lalganj APMC,2015.0,lalganj,Rae Bareli
Uttar Pradesh,Wheat,2022,4,2022-04-01,Lalitpur APMC,2025.52,lalitpur,Lalitpur
Uttar Pradesh,Wheat,2022,4,2022-04-01,Lucknow APMC,2031.11,lucknow,Lucknow
Uttar Pradesh,Wheat,2022,4,2022-04-01,Madhoganj APMC,2020.85,madhoganj,Hardoi
Uttar Pradesh,Wheat,2022,4,2022-04-01,Madhogarh APMC,2023.11,madhogarh,Jalaun
Uttar Pradesh,Wheat,2022,4,2022-04-01,Maharajganj APMC,,maharajganj,Rae Bareli
Uttar Pradesh,Wheat,2022,4,2022-04-01,Mahoba APMC,2034.78,mahoba,Mahoba
Uttar Pradesh,Wheat,2022,4,2022-04-01,Maigalganj APMC,2010.12,maigalganj,Gorakhpur
Uttar Pradesh,Wheat,2022,4,2022-04-01,Mainpuri APMC,2178.07,mainpuri,Mainpuri
Uttar Pradesh,Wheat,2022,4,2022-04-01,Mathura APMC,2072.04,mathura,Mathura
Uttar Pradesh,Wheat,2022,4,2022-04-01,Maudaha APMC,2015.0,maudaha,Hamirpur
Uttar Pradesh,Wheat,2022,4,2022-04-01,Mauranipur APMC,2023.02,mauranipur,Jhansi
Uttar Pradesh,Wheat,2022,4,2022-04-01,Mawana APMC,2086.95,mawana,Meerut
Uttar Pradesh,Wheat,2022,4,2022-04-01,Meerut APMC,2121.95,meerut,Meerut
Uttar Pradesh,Wheat,2022,4,2022-04-01,Mehmoodabad APMC,,mehmoodabad,Sitapur
Uttar Pradesh,Wheat,2022,4,2022-04-01,Mehrauni APMC,2037.1,mehrauni,Lalitpur
Uttar Pradesh,Wheat,2022,4,2022-04-01,Milak APMC,2015.26,milak,Rampur
Uttar Pradesh,Wheat,2022,4,2022-04-01,Mirzapur APMC,2024.09,mirzapur,Mirzapur
Uttar Pradesh,Wheat,2022,4,2022-04-01,Mohamadabad APMC,2029.35,mohamadabad,Farrukhabad
Uttar Pradesh,Wheat,2022,4,2022-04-01,Mohammdi APMC,2015.76,mohammdi,Kheri
Uttar Pradesh,Wheat,2022,4,2022-04-01,Moth APMC,2015.0,moth,Jhansi
Uttar Pradesh,Wheat,2022,4,2022-04-01,Mugrabaadshahpur APMC,,mugrabaadshahpur,Jaunpur
Uttar Pradesh,Wheat,2022,4,2022-04-01,Muradabad APMC,2031.89,muradabad,Sambhal
Uttar Pradesh,Wheat,2022,4,2022-04-01,Muradnagar APMC,2095.73,muradnagar,Ghaziabad
Uttar Pradesh,Wheat,2022,4,2022-04-01,Muskara APMC,2017.92,muskara,Mahoba
Uttar Pradesh,Wheat,2022,4,2022-04-01,Muzzafarnagar APMC,2074.21,muzzafarnagar,Muzaffarnagar
Uttar Pradesh,Wheat,2022,4,2022-04-01,Naanpara APMC,2040.35,naanpara,Bahraich
Uttar Pradesh,Wheat,2022,4,2022-04-01,Najibabad APMC,2019.57,najibabad,Bijnor
Uttar Pradesh,Wheat,2022,4,2022-04-01,Naugarh APMC,2015.27,naugarh,Siddharthnagar
Uttar Pradesh,Wheat,2022,4,2022-04-01,Nautnava APMC,1996.46,nautnava,Maharajganj
Uttar Pradesh,Wheat,2022,4,2022-04-01,Nawabganj APMC,2022.46,nawabganj,Gonda
Uttar Pradesh,Wheat,2022,4,2022-04-01,Orai APMC,2040.42,orai,Jalaun
Uttar Pradesh,Wheat,2022,4,2022-04-01,Paliakala APMC,2013.36,paliakala,Kheri
Uttar Pradesh,Wheat,2022,4,2022-04-01,Panchpedwa APMC,1921.82,panchpedwa,Balrampur
Uttar Pradesh,Wheat,2022,4,2022-04-01,Partaval APMC,2015.0,partaval,Mahrajganj
Uttar Pradesh,Wheat,2022,4,2022-04-01,Pilibhit APMC,2034.28,pilibhit,Pilibhit
Uttar Pradesh,Wheat,2022,4,2022-04-01,Powayan APMC,2027.26,powayan,Shahjahanpur
Uttar Pradesh,Wheat,2022,4,2022-04-01,Pratapgarh APMC,2027.16,pratapgarh,Pratapgarh
Uttar Pradesh,Wheat,2022,4,2022-04-01,Pukharayan APMC,2015.95,pukharayan,Kanpur Dehat
Uttar Pradesh,Wheat,2022,4,2022-04-01,Puranpur APMC,2056.49,puranpur,Pilibhit
Uttar Pradesh,Wheat,2022,4,2022-04-01,Purwa APMC,2015.11,purwa,Unnao
Uttar Pradesh,Wheat,2022,4,2022-04-01,Raath APMC,2020.29,raath,Hamirpur
Uttar Pradesh,Wheat,2022,4,2022-04-01,Raibareilly APMC,2015.0,raibareilly,Rae Bareli
Uttar Pradesh,Wheat,2022,4,2022-04-01,Rampur APMC,2029.35,rampur,Rampur
Uttar Pradesh,Wheat,2022,4,2022-04-01,Rasda APMC,2012.83,rasda,Ballia
Uttar Pradesh,Wheat,2022,4,2022-04-01,Richha APMC,2020.99,richha,Bareilly
Uttar Pradesh,Wheat,2022,4,2022-04-01,Robertsganj APMC,2121.97,robertsganj,Sonbhadra
Uttar Pradesh,Wheat,2022,4,2022-04-01,Rudauli APMC,2015.0,rudauli,Ayodhya
Uttar Pradesh,Wheat,2022,4,2022-04-01,Rura APMC,2015.98,rura,Kanpur Dehat
Uttar Pradesh,Wheat,2022,4,2022-04-01,Safdarganj APMC,2015.0,safdarganj,Barabanki
Uttar Pradesh,Wheat,2022,4,2022-04-01,Saharanpur APMC,2071.96,saharanpur,Saharanpur
Uttar Pradesh,Wheat,2022,4,2022-04-01,Sahiyapur APMC,2015.0,sahiyapur,Siddharthnagar
Uttar Pradesh,Wheat,2022,4,2022-04-01,Salon APMC,2015.0,salon,Rae Bareli
Uttar Pradesh,Wheat,2022,4,2022-04-01,Samsabad APMC,2150.0,samsabad,Agra
Uttar Pradesh,Wheat,2022,4,2022-04-01,Sandi APMC,1967.22,sandi,Hardoi
Uttar Pradesh,Wheat,2022,4,2022-04-01,Sandila APMC,2022.18,sandila,Hardoi
Uttar Pradesh,Wheat,2022,4,2022-04-01,Sehjanwa APMC,2016.01,sehjanwa,Gorakhpur
Uttar Pradesh,Wheat,2022,4,2022-04-01,Shadabad APMC,,shadabad,Hathras
Uttar Pradesh,Wheat,2022,4,2022-04-01,Shahabad APMC,2034.58,shahabad,Hardoi
Uttar Pradesh,Wheat,2022,4,2022-04-01,Shahabad(New Mandi) APMC,2026.52,shahabad(new mandi),Hardoi
Uttar Pradesh,Wheat,2022,4,2022-04-01,Shahganj APMC,2015.13,shahganj,Jaunpur
Uttar Pradesh,Wheat,2022,4,2022-04-01,Shahjahanpur APMC,2030.01,shahjahanpur,Shahjahanpur
Uttar Pradesh,Wheat,2022,4,2022-04-01,Shahpur APMC,2028.51,shahpur,Muzaffarnagar
Uttar Pradesh,Wheat,2022,4,2022-04-01,Shamli APMC,2077.03,shamli,Shamli
Uttar Pradesh,Wheat,2022,4,2022-04-01,Shikohabad APMC,2081.87,shikohabad,Firozabad
Uttar Pradesh,Wheat,2022,4,2022-04-01,Sikandraraau APMC,2018.84,sikandraraau,Hathras
Uttar Pradesh,Wheat,2022,4,2022-04-01,Sirsa APMC,2029.36,sirsa,Gautam Buddha Nagar
Uttar Pradesh,Wheat,2022,4,2022-04-01,Sirsaganj APMC,2108.28,sirsaganj,Firozabad
Uttar Pradesh,Wheat,2022,4,2022-04-01,Sitapur APMC,2030.1,sitapur,Sitapur
Uttar Pradesh,Wheat,2022,4,2022-04-01,Siyana APMC,2040.57,siyana,Bulandshahar
Uttar Pradesh,Wheat,2022,4,2022-04-01,Sultanpur APMC,2031.82,sultanpur,Amethi
Uttar Pradesh,Wheat,2022,4,2022-04-01,Tamkuhi road APMC,2015.0,tamkuhi road,Kushinagar
Uttar Pradesh,Wheat,2022,4,2022-04-01,Thanabhawan APMC,2053.07,thanabhawan,Shamli
Uttar Pradesh,Wheat,2022,4,2022-04-01,Tikonia APMC,2013.41,tikonia,Kheri
Uttar Pradesh,Wheat,2022,4,2022-04-01,Tilhar APMC,1991.92,tilhar,Shahjahanpur
Uttar Pradesh,Wheat,2022,4,2022-04-01,Tulsipur APMC,2015.04,tulsipur,Balrampur
Uttar Pradesh,Wheat,2022,4,2022-04-01,Tundla APMC,2139.27,tundla,Firozabad
Uttar Pradesh,Wheat,2022,4,2022-04-01,Ujhani APMC,2022.28,ujhani,Budaun
Uttar Pradesh,Wheat,2022,4,2022-04-01,Unnao APMC,2024.9,unnao,Unnao
Uttar Pradesh,Wheat,2022,4,2022-04-01,Uttaripura APMC,1943.71,uttaripura,Jaunpur
Uttar Pradesh,Wheat,2022,4,2022-04-01,Varanasi APMC,2028.89,varanasi,Varanasi
Uttar Pradesh,Wheat,2022,4,2022-04-01,Viswan APMC,2015.55,viswan,Sitapur
Uttar Pradesh,Wheat,2022,4,2022-04-01,Wazirganj APMC,2035.34,wazirganj,Budaun
Uttar Pradesh,Wheat,2022,4,2022-04-01,Yusufpur APMC,,yusufpur,Ghazipur
Uttar Pradesh,Wheat,2022,5,2022-05-01,Achalda APMC,2054.73,achalda,Auraiya
Uttar Pradesh,Wheat,2022,5,2022-05-01,Achnera APMC,2171.08,achnera,Agra
Uttar Pradesh,Wheat,2022,5,2022-05-01,Agra APMC,2159.68,agra,Agra
Uttar Pradesh,Wheat,2022,5,2022-05-01,Ahirora APMC,2024.98,ahirora,Mirzapur
Uttar Pradesh,Wheat,2022,5,2022-05-01,Ait APMC,2069.18,ait,Jalaun
Uttar Pradesh,Wheat,2022,5,2022-05-01,Ajuha APMC,2040.06,ajuha,Prayagraj
Uttar Pradesh,Wheat,2022,5,2022-05-01,Akbarpur APMC,2015.0,akbarpur,Ambedkarnagar
Uttar Pradesh,Wheat,2022,5,2022-05-01,Aliganj APMC,2023.36,aliganj,Etah
Uttar Pradesh,Wheat,2022,5,2022-05-01,Aligarh APMC,2100.49,aligarh,Aligarh
Uttar Pradesh,Wheat,2022,5,2022-05-01,Amroha APMC,2061.95,amroha,Amroha
Uttar Pradesh,Wheat,2022,5,2022-05-01,Anandnagar APMC,2015.0,anandnagar,Mahrajganj
Uttar Pradesh,Wheat,2022,5,2022-05-01,Anoop Shahar APMC,2092.0,anoop shahar,Bulandshahr
Uttar Pradesh,Wheat,2022,5,2022-05-01,Atarra APMC,2015.0,atarra,Banda
Uttar Pradesh,Wheat,2022,5,2022-05-01,Atrauli APMC,2034.93,atrauli,Aligarh
Uttar Pradesh,Wheat,2022,5,2022-05-01,Auraiya APMC,2072.93,auraiya,Auraiya
Uttar Pradesh,Wheat,2022,5,2022-05-01,Ayodhya APMC,2015.0,ayodhya,Ayodhya
Uttar Pradesh,Wheat,2022,5,2022-05-01,Azamgarh APMC,2015.0,azamgarh,Azamgarh
Uttar Pradesh,Wheat,2022,5,2022-05-01,Baberu APMC,2018.3,baberu,Banda
Uttar Pradesh,Wheat,2022,5,2022-05-01,Babrala APMC,2050.11,babrala,Budaun
Uttar Pradesh,Wheat,2022,5,2022-05-01,Bachranwa APMC,2017.54,bachranwa,Rae Bareli
Uttar Pradesh,Wheat,2022,5,2022-05-01,Badayoun APMC,2081.44,badayoun,Budaun
Uttar Pradesh,Wheat,2022,5,2022-05-01,Badda APMC,2020.0,badda,Shahjahanpur
Uttar Pradesh,Wheat,2022,5,2022-05-01,Baheri APMC,,baheri,Bareilly
Uttar Pradesh,Wheat,2022,5,2022-05-01,Bahraich APMC,2031.63,bahraich,Bahraich
Uttar Pradesh,Wheat,2022,5,2022-05-01,Ballia APMC,2019.34,ballia,Ballia
Uttar Pradesh,Wheat,2022,5,2022-05-01,Balrampur APMC,2031.21,balrampur,Balrampur
Uttar Pradesh,Wheat,2022,5,2022-05-01,Banda APMC,2020.48,banda,Banda
Uttar Pradesh,Wheat,2022,5,2022-05-01,Bangarmau APMC,2030.83,bangarmau,Unnao
Uttar Pradesh,Wheat,2022,5,2022-05-01,Bansi APMC,2015.0,bansi,Siddharthnagar
Uttar Pradesh,Wheat,2022,5,2022-05-01,Banthara APMC,2015.0,banthara,Lucknow
Uttar Pradesh,Wheat,2022,5,2022-05-01,Barabanki APMC,2041.11,barabanki,Bara Banki
Uttar Pradesh,Wheat,2022,5,2022-05-01,Bareilly APMC,2043.88,bareilly,Bareilly
Uttar Pradesh,Wheat,2022,5,2022-05-01,Barhaj APMC,2015.0,barhaj,Deoria
Uttar Pradesh,Wheat,2022,5,2022-05-01,Baripaal APMC,2021.98,baripaal,Jaunpur
Uttar Pradesh,Wheat,2022,5,2022-05-01,Basti APMC,2015.0,basti,Basti
Uttar Pradesh,Wheat,2022,5,2022-05-01,Bewar APMC,2042.01,bewar,Mainpuri
Uttar Pradesh,Wheat,2022,5,2022-05-01,Bharthna APMC,2045.4,bharthna,Etawah
Uttar Pradesh,Wheat,2022,5,2022-05-01,Bharuasumerpur APMC,2047.27,bharuasumerpur,Hamirpur
Uttar Pradesh,Wheat,2022,5,2022-05-01,Bharwari APMC,2035.77,bharwari,Kaushambi
Uttar Pradesh,Wheat,2022,5,2022-05-01,Bhehjoi APMC,2073.41,bhehjoi,Sambhal
Uttar Pradesh,Wheat,2022,5,2022-05-01,Bijnaur APMC,2042.44,bijnaur,Bijnor
Uttar Pradesh,Wheat,2022,5,2022-05-01,Bilaspur APMC,2042.05,bilaspur,Rampur
Uttar Pradesh,Wheat,2022,5,2022-05-01,Bilsi APMC,2088.47,bilsi,Budaun
Uttar Pradesh,Wheat,2022,5,2022-05-01,Bindki APMC,2071.34,bindki,Fatehpur
Uttar Pradesh,Wheat,2022,5,2022-05-01,Bishalpur APMC,2060.9,bishalpur,Pilibhit
Uttar Pradesh,Wheat,2022,5,2022-05-01,Bisoli APMC,2092.68,bisoli,Badaun
Uttar Pradesh,Wheat,2022,5,2022-05-01,Buland Shahr APMC,2096.43,buland shahr,Bulandshahr
Uttar Pradesh,Wheat,2022,5,2022-05-01,CHHUTMALPUR APMC,2016.0,chhutmalpur,Saharanpur
Uttar Pradesh,Wheat,2022,5,2022-05-01,Chandausi APMC,2055.67,chandausi,Sambhal
Uttar Pradesh,Wheat,2022,5,2022-05-01,Chandoli APMC,2015.0,chandoli,Chandauli
Uttar Pradesh,Wheat,2022,5,2022-05-01,Charkhari APMC,2041.09,charkhari,Mahoba
Uttar Pradesh,Wheat,2022,5,2022-05-01,Charra APMC,2102.83,charra,Aligarh
Uttar Pradesh,Wheat,2022,5,2022-05-01,Chhibramau APMC,2024.23,chhibramau,Kannauj
Uttar Pradesh,Wheat,2022,5,2022-05-01,Chirgaon APMC,2042.16,chirgaon,Jhansi
Uttar Pradesh,Wheat,2022,5,2022-05-01,Chitwadagaon APMC,,chitwadagaon,Ballia
Uttar Pradesh,Wheat,2022,5,2022-05-01,Chorichora APMC,2015.0,chorichora,Gorakhpur
Uttar Pradesh,Wheat,2022,5,2022-05-01,Choubepur APMC,2034.46,choubepur,Jaunpur
Uttar Pradesh,Wheat,2022,5,2022-05-01,Colonelganj APMC,2020.0,colonelganj,Gonda
Uttar Pradesh,Wheat,2022,5,2022-05-01,DADRI APMC,2127.3,dadri,Gautam Buddha Nagar
Uttar Pradesh,Wheat,2022,5,2022-05-01,Dankaur APMC,2088.48,dankaur,Gautam Buddha Nagar
Uttar Pradesh,Wheat,2022,5,2022-05-01,Dataganj APMC,2042.07,dataganj,Badaun
Uttar Pradesh,Wheat,2022,5,2022-05-01,Devariya APMC,2015.0,devariya,Deoria
Uttar Pradesh,Wheat,2022,5,2022-05-01,Dhanaura APMC,2020.0,dhanaura,Amroha
Uttar Pradesh,Wheat,2022,5,2022-05-01,Dibiapur APMC,2058.5,dibiapur,Auraiya
Uttar Pradesh,Wheat,2022,5,2022-05-01,Divai APMC,2044.17,divai,Bulandshahar
Uttar Pradesh,Wheat,2022,5,2022-05-01,Doharighat APMC,1950.58,doharighat,Azamgarh
Uttar Pradesh,Wheat,2022,5,2022-05-01,Etah APMC,2170.26,etah,Etah
Uttar Pradesh,Wheat,2022,5,2022-05-01,Etawah APMC,2077.37,etawah,Etawah
Uttar Pradesh,Wheat,2022,5,2022-05-01,Farukhabad APMC,2055.25,farukhabad,Farrukhabad
Uttar Pradesh,Wheat,2022,5,2022-05-01,Fatehabad APMC,2056.71,fatehabad,Agra
Uttar Pradesh,Wheat,2022,5,2022-05-01,Fatehpur APMC,2030.52,fatehpur,Fatehpur
Uttar Pradesh,Wheat,2022,5,2022-05-01,Fatehpur Sikri APMC,2162.46,fatehpur sikri,Agra
Uttar Pradesh,Wheat,2022,5,2022-05-01,Firozabad APMC,2163.26,firozabad,Firozabad
Uttar Pradesh,Wheat,2022,5,2022-05-01,Gadaura APMC,2015.0,gadaura,Maharajganj
Uttar Pradesh,Wheat,2022,5,2022-05-01,Gangoh APMC,,gangoh,Saharanpur
Uttar Pradesh,Wheat,2022,5,2022-05-01,Gazipur APMC,2015.57,gazipur,Azamgarh
Uttar Pradesh,Wheat,2022,5,2022-05-01,Ghaziabad APMC,2144.43,ghaziabad,Ghaziabad
Uttar Pradesh,Wheat,2022,5,2022-05-01,Ghiraur APMC,2055.18,ghiraur,Mainpuri
Uttar Pradesh,Wheat,2022,5,2022-05-01,Golagokarnath APMC,2040.96,golagokarnath,Lalitpur
Uttar Pradesh,Wheat,2022,5,2022-05-01,Gonda APMC,2029.21,gonda,Gonda
Uttar Pradesh,Wheat,2022,5,2022-05-01,Gopiganj APMC,2020.0,gopiganj,Bhadohi
Uttar Pradesh,Wheat,2022,5,2022-05-01,Gorakhpur APMC,2015.0,gorakhpur,Gorakhpur
Uttar Pradesh,Wheat,2022,5,2022-05-01,Gurusarai APMC,2018.89,gurusarai,Jhansi
Uttar Pradesh,Wheat,2022,5,2022-05-01,Haathras APMC,2111.97,haathras,Hathras
Uttar Pradesh,Wheat,2022,5,2022-05-01,Haldaur APMC,,haldaur,Bijnor
Uttar Pradesh,Wheat,2022,5,2022-05-01,Hamirpur APMC,2050.0,hamirpur,Hamirpur
Uttar Pradesh,Wheat,2022,5,2022-05-01,Hapur APMC,2117.65,hapur,Ghaziabad
Uttar Pradesh,Wheat,2022,5,2022-05-01,Hardoi APMC,2041.65,hardoi,Hardoi
Uttar Pradesh,Wheat,2022,5,2022-05-01,Hargaon (Laharpur) APMC,2022.13,hargaon (laharpur),Sitapur
Uttar Pradesh,Wheat,2022,5,2022-05-01,Hasanpur APMC,,hasanpur,Amroha
Uttar Pradesh,Wheat,2022,5,2022-05-01,Jafarganj APMC,2030.27,jafarganj,Amethi
Uttar Pradesh,Wheat,2022,5,2022-05-01,Jagnair APMC,2087.33,jagnair,Agra
Uttar Pradesh,Wheat,2022,5,2022-05-01,Jahanabad APMC,2023.52,jahanabad,Fatehpur
Uttar Pradesh,Wheat,2022,5,2022-05-01,Jahangirabad APMC,2116.88,jahangirabad,Bulandshahar
Uttar Pradesh,Wheat,2022,5,2022-05-01,Jalaun APMC,2039.51,jalaun,Jalaun
Uttar Pradesh,Wheat,2022,5,2022-05-01,Jamanian APMC,2015.0,jamanian,Ghazipur
Uttar Pradesh,Wheat,2022,5,2022-05-01,Jangipura APMC,2015.41,jangipura,Ghazipur
Uttar Pradesh,Wheat,2022,5,2022-05-01,Jasra APMC,2032.04,jasra,Prayagraj
Uttar Pradesh,Wheat,2022,5,2022-05-01,Jasvantnagar APMC,2159.76,jasvantnagar,Etawah
Uttar Pradesh,Wheat,2022,5,2022-05-01,Jaunpur APMC,2025.57,jaunpur,Jaunpur
Uttar Pradesh,Wheat,2022,5,2022-05-01,Jayas APMC,2015.36,jayas,Rae Bareli
Uttar Pradesh,Wheat,2022,5,2022-05-01,Jhansi APMC,2047.11,jhansi,Jhansi
Uttar Pradesh,Wheat,2022,5,2022-05-01,Jhijhank APMC,2028.89,jhijhank,Kanpur Dehat
Uttar Pradesh,Wheat,2022,5,2022-05-01,Kadaura APMC,,kadaura,Jalaun
Uttar Pradesh,Wheat,2022,5,2022-05-01,Kalpi APMC,2050.0,kalpi,Jalaun
Uttar Pradesh,Wheat,2022,5,2022-05-01,Kamlaganj APMC,2036.5,kamlaganj,Farrukhabad
Uttar Pradesh,Wheat,2022,5,2022-05-01,Kannauj APMC,2054.26,kannauj,Kannauj
Uttar Pradesh,Wheat,2022,5,2022-05-01,Kanpur(Grain) APMC,2045.93,kanpur(grain),Jaunpur
Uttar Pradesh,Wheat,2022,5,2022-05-01,Karvi APMC,2015.0,karvi,Chitrakoot
Uttar Pradesh,Wheat,2022,5,2022-05-01,Kasganj APMC,2159.27,kasganj,Kasganj
Uttar Pradesh,Wheat,2022,5,2022-05-01,Kayamganj APMC,2055.46,kayamganj,Farrukhabad
Uttar Pradesh,Wheat,2022,5,2022-05-01,Khaga APMC,2036.92,khaga,Fatehpur
Uttar Pradesh,Wheat,2022,5,2022-05-01,Khair APMC,2090.2,khair,Aligarh
Uttar Pradesh,Wheat,2022,5,2022-05-01,Khairagarh APMC,2145.7,khairagarh,Agra
Uttar Pradesh,Wheat,2022,5,2022-05-01,Khalilabad APMC,2015.0,khalilabad,Sant Kabir Nagar
Uttar Pradesh,Wheat,2022,5,2022-05-01,Khatauli APMC,2030.0,khatauli,Muzaffarnagar
Uttar Pradesh,Wheat,2022,5,2022-05-01,Khurja APMC,2120.31,khurja,Bulandshahr
Uttar Pradesh,Wheat,2022,5,2022-05-01,Kishunpur APMC,2028.77,kishunpur,Bahraich
Uttar Pradesh,Wheat,2022,5,2022-05-01,Konch APMC,2018.51,konch,Jalaun
Uttar Pradesh,Wheat,2022,5,2022-05-01,Kopaganj APMC,2015.0,kopaganj,
Uttar Pradesh,Wheat,2022,5,2022-05-01,Kosikalan APMC,2166.59,kosikalan,Mathura
Uttar Pradesh,Wheat,2022,5,2022-05-01,Kurara APMC,2000.0,kurara,Hamirpur
Uttar Pradesh,Wheat,2022,5,2022-05-01,Lakhimpur APMC,2033.96,lakhimpur,Lalitpur
Uttar Pradesh,Wheat,2022,5,2022-05-01,Lalganj APMC,2015.0,lalganj,Rae Bareli
Uttar Pradesh,Wheat,2022,5,2022-05-01,Lalitpur APMC,2031.9,lalitpur,Lalitpur
Uttar Pradesh,Wheat,2022,5,2022-05-01,Lucknow APMC,2030.0,lucknow,Lucknow
Uttar Pradesh,Wheat,2022,5,2022-05-01,Madhoganj APMC,2030.11,madhoganj,Hardoi
Uttar Pradesh,Wheat,2022,5,2022-05-01,Madhogarh APMC,2026.12,madhogarh,Jalaun
Uttar Pradesh,Wheat,2022,5,2022-05-01,Maharajganj APMC,,maharajganj,Rae Bareli
Uttar Pradesh,Wheat,2022,5,2022-05-01,Mahoba APMC,2035.65,mahoba,Mahoba
Uttar Pradesh,Wheat,2022,5,2022-05-01,Maigalganj APMC,1989.32,maigalganj,Gorakhpur
Uttar Pradesh,Wheat,2022,5,2022-05-01,Mainpuri APMC,2055.41,mainpuri,Mainpuri
Uttar Pradesh,Wheat,2022,5,2022-05-01,Mathura APMC,2143.87,mathura,Mathura
Uttar Pradesh,Wheat,2022,5,2022-05-01,Maudaha APMC,2015.0,maudaha,Hamirpur
Uttar Pradesh,Wheat,2022,5,2022-05-01,Mauranipur APMC,2016.22,mauranipur,Jhansi
Uttar Pradesh,Wheat,2022,5,2022-05-01,Mawana APMC,2102.31,mawana,Meerut
Uttar Pradesh,Wheat,2022,5,2022-05-01,Meerut APMC,2151.17,meerut,Meerut
Uttar Pradesh,Wheat,2022,5,2022-05-01,Mehmoodabad APMC,,mehmoodabad,Sitapur
Uttar Pradesh,Wheat,2022,5,2022-05-01,Mehrauni APMC,2030.0,mehrauni,Lalitpur
Uttar Pradesh,Wheat,2022,5,2022-05-01,Milak APMC,2046.51,milak,Rampur
Uttar Pradesh,Wheat,2022,5,2022-05-01,Mirzapur APMC,2015.88,mirzapur,Mirzapur
Uttar Pradesh,Wheat,2022,5,2022-05-01,Mohamadabad APMC,2048.13,mohamadabad,Farrukhabad
Uttar Pradesh,Wheat,2022,5,2022-05-01,Mohammdi APMC,2026.82,mohammdi,Kheri
Uttar Pradesh,Wheat,2022,5,2022-05-01,Moth APMC,2041.88,moth,Jhansi
Uttar Pradesh,Wheat,2022,5,2022-05-01,Mugrabaadshahpur APMC,2053.87,mugrabaadshahpur,Jaunpur
Uttar Pradesh,Wheat,2022,5,2022-05-01,Muradabad APMC,2068.34,muradabad,Sambhal
Uttar Pradesh,Wheat,2022,5,2022-05-01,Muradnagar APMC,2118.25,muradnagar,Ghaziabad
Uttar Pradesh,Wheat,2022,5,2022-05-01,Muskara APMC,2020.0,muskara,Mahoba
Uttar Pradesh,Wheat,2022,5,2022-05-01,Muzzafarnagar APMC,2112.59,muzzafarnagar,Muzaffarnagar
Uttar Pradesh,Wheat,2022,5,2022-05-01,Naanpara APMC,2031.61,naanpara,Bahraich
Uttar Pradesh,Wheat,2022,5,2022-05-01,Najibabad APMC,2075.82,najibabad,Bijnor
Uttar Pradesh,Wheat,2022,5,2022-05-01,Naugarh APMC,2015.01,naugarh,Siddharthnagar
Uttar Pradesh,Wheat,2022,5,2022-05-01,Nautnava APMC,2000.0,nautnava,Maharajganj
Uttar Pradesh,Wheat,2022,5,2022-05-01,Nawabganj APMC,2019.4,nawabganj,Gonda
Uttar Pradesh,Wheat,2022,5,2022-05-01,Orai APMC,2078.93,orai,Jalaun
Uttar Pradesh,Wheat,2022,5,2022-05-01,Paliakala APMC,2018.22,paliakala,Kheri
Uttar Pradesh,Wheat,2022,5,2022-05-01,Panchpedwa APMC,1986.78,panchpedwa,Balrampur
Uttar Pradesh,Wheat,2022,5,2022-05-01,Parikshitgarh APMC,800.0,parikshitgarh,Meerut
Uttar Pradesh,Wheat,2022,5,2022-05-01,Partaval APMC,2015.0,partaval,Mahrajganj
Uttar Pradesh,Wheat,2022,5,2022-05-01,Pilibhit APMC,2083.64,pilibhit,Pilibhit
Uttar Pradesh,Wheat,2022,5,2022-05-01,Powayan APMC,2074.75,powayan,Shahjahanpur
Uttar Pradesh,Wheat,2022,5,2022-05-01,Pratapgarh APMC,2023.74,pratapgarh,Pratapgarh
Uttar Pradesh,Wheat,2022,5,2022-05-01,Prayagraj APMC,,prayagraj,Prayagraj
Uttar Pradesh,Wheat,2022,5,2022-05-01,Pukharayan APMC,2060.26,pukharayan,Kanpur Dehat
Uttar Pradesh,Wheat,2022,5,2022-05-01,Puranpur APMC,2101.71,puranpur,Pilibhit
Uttar Pradesh,Wheat,2022,5,2022-05-01,Purwa APMC,2015.0,purwa,Unnao
Uttar Pradesh,Wheat,2022,5,2022-05-01,Raath APMC,2025.43,raath,Hamirpur
Uttar Pradesh,Wheat,2022,5,2022-05-01,Raibareilly APMC,2015.0,raibareilly,Rae Bareli
Uttar Pradesh,Wheat,2022,5,2022-05-01,Rampur APMC,2064.66,rampur,Rampur
Uttar Pradesh,Wheat,2022,5,2022-05-01,Rasda APMC,2017.76,rasda,Ballia
Uttar Pradesh,Wheat,2022,5,2022-05-01,Richha APMC,2020.87,richha,Bareilly
Uttar Pradesh,Wheat,2022,5,2022-05-01,Robertsganj APMC,2143.43,robertsganj,Sonbhadra
Uttar Pradesh,Wheat,2022,5,2022-05-01,Rudauli APMC,2015.0,rudauli,Ayodhya
Uttar Pradesh,Wheat,2022,5,2022-05-01,Rura APMC,2021.91,rura,Kanpur Dehat
Uttar Pradesh,Wheat,2022,5,2022-05-01,Safdarganj APMC,,safdarganj,Barabanki
Uttar Pradesh,Wheat,2022,5,2022-05-01,Saharanpur APMC,2114.04,saharanpur,Saharanpur
Uttar Pradesh,Wheat,2022,5,2022-05-01,Sahiyapur APMC,2014.93,sahiyapur,Siddharthnagar
Uttar Pradesh,Wheat,2022,5,2022-05-01,Salon APMC,2015.0,salon,Rae Bareli
Uttar Pradesh,Wheat,2022,5,2022-05-01,Samsabad APMC,2129.46,samsabad,Agra
Uttar Pradesh,Wheat,2022,5,2022-05-01,Sandi APMC,1998.94,sandi,Hardoi
Uttar Pradesh,Wheat,2022,5,2022-05-01,Sandila APMC,2032.9,sandila,Hardoi
Uttar Pradesh,Wheat,2022,5,2022-05-01,Sardhana APMC,2025.0,sardhana,Meerut
Uttar Pradesh,Wheat,2022,5,2022-05-01,Sehjanwa APMC,2015.0,sehjanwa,Gorakhpur
Uttar Pradesh,Wheat,2022,5,2022-05-01,Shadabad APMC,,shadabad,Hathras
Uttar Pradesh,Wheat,2022,5,2022-05-01,Shahabad APMC,2045.65,shahabad,Hardoi
Uttar Pradesh,Wheat,2022,5,2022-05-01,Shahabad(New Mandi) APMC,2030.38,shahabad(new mandi),Hardoi
Uttar Pradesh,Wheat,2022,5,2022-05-01,Shahaswan APMC,2033.94,shahaswan,Badaun
Uttar Pradesh,Wheat,2022,5,2022-05-01,Shahganj APMC,2017.6,shahganj,Jaunpur
Uttar Pradesh,Wheat,2022,5,2022-05-01,Shahjahanpur APMC,2083.67,shahjahanpur,Shahjahanpur
Uttar Pradesh,Wheat,2022,5,2022-05-01,Shahpur APMC,,shahpur,Muzaffarnagar
Uttar Pradesh,Wheat,2022,5,2022-05-01,Shamli APMC,2114.12,shamli,Shamli
Uttar Pradesh,Wheat,2022,5,2022-05-01,Shikohabad APMC,2106.01,shikohabad,Firozabad
Uttar Pradesh,Wheat,2022,5,2022-05-01,Sikandraraau APMC,2029.66,sikandraraau,Hathras
Uttar Pradesh,Wheat,2022,5,2022-05-01,Sirsa APMC,2038.29,sirsa,Gautam Buddha Nagar
Uttar Pradesh,Wheat,2022,5,2022-05-01,Sirsaganj APMC,2138.13,sirsaganj,Firozabad
Uttar Pradesh,Wheat,2022,5,2022-05-01,Sitapur APMC,2037.11,sitapur,Sitapur
Uttar Pradesh,Wheat,2022,5,2022-05-01,Siyana APMC,2065.17,siyana,Bulandshahar
Uttar Pradesh,Wheat,2022,5,2022-05-01,Sultanpur APMC,2027.27,sultanpur,Amethi
Uttar Pradesh,Wheat,2022,5,2022-05-01,Tamkuhi road APMC,2015.0,tamkuhi road,Kushinagar
Uttar Pradesh,Wheat,2022,5,2022-05-01,Thanabhawan APMC,2053.14,thanabhawan,Shamli
Uttar Pradesh,Wheat,2022,5,2022-05-01,Tikonia APMC,2055.36,tikonia,Kheri
Uttar Pradesh,Wheat,2022,5,2022-05-01,Tilhar APMC,2037.77,tilhar,Shahjahanpur
Uttar Pradesh,Wheat,2022,5,2022-05-01,Tulsipur APMC,2020.68,tulsipur,Balrampur
Uttar Pradesh,Wheat,2022,5,2022-05-01,Tundla APMC,2162.72,tundla,Firozabad
Uttar Pradesh,Wheat,2022,5,2022-05-01,Ujhani APMC,2084.2,ujhani,Budaun
Uttar Pradesh,Wheat,2022,5,2022-05-01,Unnao APMC,2033.33,unnao,Unnao
Uttar Pradesh,Wheat,2022,5,2022-05-01,Uttaripura APMC,1985.63,uttaripura,Jaunpur
Uttar Pradesh,Wheat,2022,5,2022-05-01,Varanasi APMC,2041.11,varanasi,Varanasi
Uttar Pradesh,Wheat,2022,5,2022-05-01,Viswan APMC,2015.0,viswan,Sitapur
Uttar Pradesh,Wheat,2022,5,2022-05-01,Wazirganj APMC,2048.88,wazirganj,Budaun
Uttar Pradesh,Wheat,2022,5,2022-05-01,Yusufpur APMC,2013.84,yusufpur,Ghazipur
Uttar Pradesh,Wheat,2022,6,2022-06-01,Achalda APMC,2016.42,achalda,Auraiya
Uttar Pradesh,Wheat,2022,6,2022-06-01,Achnera APMC,2085.25,achnera,Agra
Uttar Pradesh,Wheat,2022,6,2022-06-01,Agra APMC,2085.51,agra,Agra
Uttar Pradesh,Wheat,2022,6,2022-06-01,Ahirora APMC,2036.08,ahirora,Mirzapur
Uttar Pradesh,Wheat,2022,6,2022-06-01,Ait APMC,2028.03,ait,Jalaun
Uttar Pradesh,Wheat,2022,6,2022-06-01,Ajuha APMC,2029.93,ajuha,Prayagraj
Uttar Pradesh,Wheat,2022,6,2022-06-01,Akbarpur APMC,2015.0,akbarpur,Ambedkarnagar
Uttar Pradesh,Wheat,2022,6,2022-06-01,Aliganj APMC,2020.39,aliganj,Etah
Uttar Pradesh,Wheat,2022,6,2022-06-01,Aligarh APMC,2073.26,aligarh,Aligarh
Uttar Pradesh,Wheat,2022,6,2022-06-01,Amroha APMC,2062.49,amroha,Amroha
Uttar Pradesh,Wheat,2022,6,2022-06-01,Anandnagar APMC,2015.0,anandnagar,Mahrajganj
Uttar Pradesh,Wheat,2022,6,2022-06-01,Anoop Shahar APMC,2065.68,anoop shahar,Bulandshahr
Uttar Pradesh,Wheat,2022,6,2022-06-01,Atarra APMC,2015.3,atarra,Banda
Uttar Pradesh,Wheat,2022,6,2022-06-01,Atrauli APMC,2020.33,atrauli,Aligarh
Uttar Pradesh,Wheat,2022,6,2022-06-01,Auraiya APMC,2016.1,auraiya,Auraiya
Uttar Pradesh,Wheat,2022,6,2022-06-01,Ayodhya APMC,2015.0,ayodhya,Ayodhya
Uttar Pradesh,Wheat,2022,6,2022-06-01,Azamgarh APMC,2015.0,azamgarh,Azamgarh
Uttar Pradesh,Wheat,2022,6,2022-06-01,Baberu APMC,2015.0,baberu,Banda
Uttar Pradesh,Wheat,2022,6,2022-06-01,Babrala APMC,2040.0,babrala,Budaun
Uttar Pradesh,Wheat,2022,6,2022-06-01,Bachranwa APMC,2015.02,bachranwa,Rae Bareli
Uttar Pradesh,Wheat,2022,6,2022-06-01,Badayoun APMC,2064.65,badayoun,Budaun
Uttar Pradesh,Wheat,2022,6,2022-06-01,Badda APMC,2016.19,badda,Shahjahanpur
Uttar Pradesh,Wheat,2022,6,2022-06-01,Baheri APMC,,baheri,Bareilly
Uttar Pradesh,Wheat,2022,6,2022-06-01,Bahraich APMC,2024.78,bahraich,Bahraich
Uttar Pradesh,Wheat,2022,6,2022-06-01,Ballia APMC,2027.64,ballia,Ballia
Uttar Pradesh,Wheat,2022,6,2022-06-01,Balrampur APMC,2026.07,balrampur,Balrampur
Uttar Pradesh,Wheat,2022,6,2022-06-01,Banda APMC,2015.52,banda,Banda
Uttar Pradesh,Wheat,2022,6,2022-06-01,Bangarmau APMC,2022.44,bangarmau,Unnao
Uttar Pradesh,Wheat,2022,6,2022-06-01,Bansi APMC,2015.0,bansi,Siddharthnagar
Uttar Pradesh,Wheat,2022,6,2022-06-01,Banthara APMC,,banthara,Lucknow
Uttar Pradesh,Wheat,2022,6,2022-06-01,Barabanki APMC,2018.54,barabanki,Bara Banki
Uttar Pradesh,Wheat,2022,6,2022-06-01,Bareilly APMC,2066.42,bareilly,Bareilly
Uttar Pradesh,Wheat,2022,6,2022-06-01,Barhaj APMC,2017.86,barhaj,Deoria
Uttar Pradesh,Wheat,2022,6,2022-06-01,Baripaal APMC,2018.28,baripaal,Jaunpur
Uttar Pradesh,Wheat,2022,6,2022-06-01,Basti APMC,2015.0,basti,Basti
Uttar Pradesh,Wheat,2022,6,2022-06-01,Bewar APMC,2032.71,bewar,Mainpuri
Uttar Pradesh,Wheat,2022,6,2022-06-01,Bharthna APMC,2018.67,bharthna,Etawah
Uttar Pradesh,Wheat,2022,6,2022-06-01,Bharuasumerpur APMC,2032.57,bharuasumerpur,Hamirpur
Uttar Pradesh,Wheat,2022,6,2022-06-01,Bharwari APMC,2048.63,bharwari,Kaushambi
Uttar Pradesh,Wheat,2022,6,2022-06-01,Bhehjoi APMC,2064.38,bhehjoi,Sambhal
Uttar Pradesh,Wheat,2022,6,2022-06-01,Bijnaur APMC,2048.17,bijnaur,Bijnor
Uttar Pradesh,Wheat,2022,6,2022-06-01,Bilaspur APMC,,bilaspur,Rampur
Uttar Pradesh,Wheat,2022,6,2022-06-01,Bilsi APMC,2073.32,bilsi,Budaun
Uttar Pradesh,Wheat,2022,6,2022-06-01,Bindki APMC,2039.98,bindki,Fatehpur
Uttar Pradesh,Wheat,2022,6,2022-06-01,Bishalpur APMC,2056.1,bishalpur,Pilibhit
Uttar Pradesh,Wheat,2022,6,2022-06-01,Bisoli APMC,2038.73,bisoli,Badaun
Uttar Pradesh,Wheat,2022,6,2022-06-01,Buland Shahr APMC,2079.67,buland shahr,Bulandshahr
Uttar Pradesh,Wheat,2022,6,2022-06-01,CHHUTMALPUR APMC,,chhutmalpur,Saharanpur
Uttar Pradesh,Wheat,2022,6,2022-06-01,Chandausi APMC,2055.14,chandausi,Sambhal
Uttar Pradesh,Wheat,2022,6,2022-06-01,Chandoli APMC,2019.36,chandoli,Chandauli
Uttar Pradesh,Wheat,2022,6,2022-06-01,Charkhari APMC,2033.53,charkhari,Mahoba
Uttar Pradesh,Wheat,2022,6,2022-06-01,Charra APMC,2076.87,charra,Aligarh
Uttar Pradesh,Wheat,2022,6,2022-06-01,Chhibramau APMC,2020.93,chhibramau,Kannauj
Uttar Pradesh,Wheat,2022,6,2022-06-01,Chirgaon APMC,2022.34,chirgaon,Jhansi
Uttar Pradesh,Wheat,2022,6,2022-06-01,Chitwadagaon APMC,,chitwadagaon,Ballia
Uttar Pradesh,Wheat,2022,6,2022-06-01,Chorichora APMC,2015.0,chorichora,Gorakhpur
Uttar Pradesh,Wheat,2022,6,2022-06-01,Choubepur APMC,2025.19,choubepur,Jaunpur
Uttar Pradesh,Wheat,2022,6,2022-06-01,Colonelganj APMC,,colonelganj,Gonda
Uttar Pradesh,Wheat,2022,6,2022-06-01,DADRI APMC,2105.89,dadri,Gautam Buddha Nagar
Uttar Pradesh,Wheat,2022,6,2022-06-01,Dankaur APMC,2072.16,dankaur,Gautam Buddha Nagar
Uttar Pradesh,Wheat,2022,6,2022-06-01,Dataganj APMC,2034.41,dataganj,Badaun
Uttar Pradesh,Wheat,2022,6,2022-06-01,Devariya APMC,2019.02,devariya,Deoria
Uttar Pradesh,Wheat,2022,6,2022-06-01,Dhanaura APMC,2020.0,dhanaura,Amroha
Uttar Pradesh,Wheat,2022,6,2022-06-01,Dibiapur APMC,2035.09,dibiapur,Auraiya
Uttar Pradesh,Wheat,2022,6,2022-06-01,Divai APMC,2033.27,divai,Bulandshahar
Uttar Pradesh,Wheat,2022,6,2022-06-01,Doharighat APMC,1983.95,doharighat,Azamgarh
Uttar Pradesh,Wheat,2022,6,2022-06-01,Etah APMC,2091.35,etah,Etah
Uttar Pradesh,Wheat,2022,6,2022-06-01,Etawah APMC,2021.8,etawah,Etawah
Uttar Pradesh,Wheat,2022,6,2022-06-01,Farukhabad APMC,2044.93,farukhabad,Farrukhabad
Uttar Pradesh,Wheat,2022,6,2022-06-01,Fatehabad APMC,2006.26,fatehabad,Agra
Uttar Pradesh,Wheat,2022,6,2022-06-01,Fatehpur APMC,2017.59,fatehpur,Fatehpur
Uttar Pradesh,Wheat,2022,6,2022-06-01,Fatehpur Sikri APMC,2114.16,fatehpur sikri,Agra
Uttar Pradesh,Wheat,2022,6,2022-06-01,Firozabad APMC,2095.29,firozabad,Firozabad
Uttar Pradesh,Wheat,2022,6,2022-06-01,Gadaura APMC,2015.0,gadaura,Maharajganj
Uttar Pradesh,Wheat,2022,6,2022-06-01,Gangoh APMC,,gangoh,Saharanpur
Uttar Pradesh,Wheat,2022,6,2022-06-01,Gazipur APMC,2024.51,gazipur,Azamgarh
Uttar Pradesh,Wheat,2022,6,2022-06-01,Ghaziabad APMC,2147.34,ghaziabad,Ghaziabad
Uttar Pradesh,Wheat,2022,6,2022-06-01,Ghiraur APMC,2056.92,ghiraur,Mainpuri
Uttar Pradesh,Wheat,2022,6,2022-06-01,Golagokarnath APMC,2030.56,golagokarnath,Lalitpur
Uttar Pradesh,Wheat,2022,6,2022-06-01,Gonda APMC,2025.0,gonda,Gonda
Uttar Pradesh,Wheat,2022,6,2022-06-01,Gopiganj APMC,2025.49,gopiganj,Bhadohi
Uttar Pradesh,Wheat,2022,6,2022-06-01,Gorakhpur APMC,2015.0,gorakhpur,Gorakhpur
Uttar Pradesh,Wheat,2022,6,2022-06-01,Gurusarai APMC,2038.57,gurusarai,Jhansi
Uttar Pradesh,Wheat,2022,6,2022-06-01,Haathras APMC,2083.32,haathras,Hathras
Uttar Pradesh,Wheat,2022,6,2022-06-01,Haldaur APMC,2020.0,haldaur,Bijnor
Uttar Pradesh,Wheat,2022,6,2022-06-01,Hamirpur APMC,2031.0,hamirpur,Hamirpur
Uttar Pradesh,Wheat,2022,6,2022-06-01,Hapur APMC,2100.67,hapur,Ghaziabad
Uttar Pradesh,Wheat,2022,6,2022-06-01,Hardoi APMC,2033.87,hardoi,Hardoi
Uttar Pradesh,Wheat,2022,6,2022-06-01,Hargaon (Laharpur) APMC,2020.29,hargaon (laharpur),Sitapur
Uttar Pradesh,Wheat,2022,6,2022-06-01,Hasanpur APMC,,hasanpur,Amroha
Uttar Pradesh,Wheat,2022,6,2022-06-01,Jafarganj APMC,2015.72,jafarganj,Amethi
Uttar Pradesh,Wheat,2022,6,2022-06-01,Jagnair APMC,2060.38,jagnair,Agra
Uttar Pradesh,Wheat,2022,6,2022-06-01,Jahanabad APMC,2023.22,jahanabad,Fatehpur
Uttar Pradesh,Wheat,2022,6,2022-06-01,Jahangirabad APMC,2068.08,jahangirabad,Bulandshahar
Uttar Pradesh,Wheat,2022,6,2022-06-01,Jalaun APMC,2018.84,jalaun,Jalaun
Uttar Pradesh,Wheat,2022,6,2022-06-01,Jamanian APMC,2034.94,jamanian,Ghazipur
Uttar Pradesh,Wheat,2022,6,2022-06-01,Jangipura APMC,2023.37,jangipura,Ghazipur
Uttar Pradesh,Wheat,2022,6,2022-06-01,Jasra APMC,2035.61,jasra,Prayagraj
Uttar Pradesh,Wheat,2022,6,2022-06-01,Jasvantnagar APMC,,jasvantnagar,Etawah
Uttar Pradesh,Wheat,2022,6,2022-06-01,Jaunpur APMC,2025.18,jaunpur,Jaunpur
Uttar Pradesh,Wheat,2022,6,2022-06-01,Jayas APMC,2011.65,jayas,Rae Bareli
Uttar Pradesh,Wheat,2022,6,2022-06-01,Jhansi APMC,2042.22,jhansi,Jhansi
Uttar Pradesh,Wheat,2022,6,2022-06-01,Jhijhank APMC,2047.68,jhijhank,Kanpur Dehat
Uttar Pradesh,Wheat,2022,6,2022-06-01,Kalpi APMC,,kalpi,Jalaun
Uttar Pradesh,Wheat,2022,6,2022-06-01,Kamlaganj APMC,2030.0,kamlaganj,Farrukhabad
Uttar Pradesh,Wheat,2022,6,2022-06-01,Kannauj APMC,2051.62,kannauj,Kannauj
Uttar Pradesh,Wheat,2022,6,2022-06-01,Kanpur(Grain) APMC,2028.62,kanpur(grain),Jaunpur
Uttar Pradesh,Wheat,2022,6,2022-06-01,Karvi APMC,2016.2,karvi,Chitrakoot
Uttar Pradesh,Wheat,2022,6,2022-06-01,Kasganj APMC,2086.99,kasganj,Kasganj
Uttar Pradesh,Wheat,2022,6,2022-06-01,Kayamganj APMC,2039.63,kayamganj,Farrukhabad
Uttar Pradesh,Wheat,2022,6,2022-06-01,Khaga APMC,2015.72,khaga,Fatehpur
Uttar Pradesh,Wheat,2022,6,2022-06-01,Khair APMC,2046.79,khair,Aligarh
Uttar Pradesh,Wheat,2022,6,2022-06-01,Khairagarh APMC,2105.0,khairagarh,Agra
Uttar Pradesh,Wheat,2022,6,2022-06-01,Khalilabad APMC,,khalilabad,Sant Kabir Nagar
Uttar Pradesh,Wheat,2022,6,2022-06-01,Khatauli APMC,2025.0,khatauli,Muzaffarnagar
Uttar Pradesh,Wheat,2022,6,2022-06-01,Khurja APMC,2119.93,khurja,Bulandshahr
Uttar Pradesh,Wheat,2022,6,2022-06-01,Kishunpur APMC,2015.0,kishunpur,Bahraich
Uttar Pradesh,Wheat,2022,6,2022-06-01,Konch APMC,2015.0,konch,Jalaun
Uttar Pradesh,Wheat,2022,6,2022-06-01,Kopaganj APMC,2015.0,kopaganj,
Uttar Pradesh,Wheat,2022,6,2022-06-01,Kosikalan APMC,2076.47,kosikalan,Mathura
Uttar Pradesh,Wheat,2022,6,2022-06-01,Kurara APMC,2000.0,kurara,Hamirpur
Uttar Pradesh,Wheat,2022,6,2022-06-01,Lakhimpur APMC,2024.67,lakhimpur,Lalitpur
Uttar Pradesh,Wheat,2022,6,2022-06-01,Lalganj APMC,2015.0,lalganj,Rae Bareli
Uttar Pradesh,Wheat,2022,6,2022-06-01,Lalitpur APMC,2033.85,lalitpur,Lalitpur
Uttar Pradesh,Wheat,2022,6,2022-06-01,Lucknow APMC,2030.0,lucknow,Lucknow
Uttar Pradesh,Wheat,2022,6,2022-06-01,Madhoganj APMC,2022.43,madhoganj,Hardoi
Uttar Pradesh,Wheat,2022,6,2022-06-01,Madhogarh APMC,2019.15,madhogarh,Jalaun
Uttar Pradesh,Wheat,2022,6,2022-06-01,Mahoba APMC,2033.48,mahoba,Mahoba
Uttar Pradesh,Wheat,2022,6,2022-06-01,Maigalganj APMC,1991.19,maigalganj,Gorakhpur
Uttar Pradesh,Wheat,2022,6,2022-06-01,Mainpuri APMC,2069.05,mainpuri,Mainpuri
Uttar Pradesh,Wheat,2022,6,2022-06-01,Mathura APMC,2086.96,mathura,Mathura
Uttar Pradesh,Wheat,2022,6,2022-06-01,Mau(Chitrakut) APMC,1982.5,mau(chitrakut),Chitrakut
Uttar Pradesh,Wheat,2022,6,2022-06-01,Maudaha APMC,2015.0,maudaha,Hamirpur
Uttar Pradesh,Wheat,2022,6,2022-06-01,Mauranipur APMC,2031.84,mauranipur,Jhansi
Uttar Pradesh,Wheat,2022,6,2022-06-01,Mawana APMC,2073.75,mawana,Meerut
Uttar Pradesh,Wheat,2022,6,2022-06-01,Meerut APMC,2138.08,meerut,Meerut
Uttar Pradesh,Wheat,2022,6,2022-06-01,Mehmoodabad APMC,,mehmoodabad,Sitapur
Uttar Pradesh,Wheat,2022,6,2022-06-01,Mehrauni APMC,2030.0,mehrauni,Lalitpur
Uttar Pradesh,Wheat,2022,6,2022-06-01,Milak APMC,2068.92,milak,Rampur
Uttar Pradesh,Wheat,2022,6,2022-06-01,Mirzapur APMC,2016.72,mirzapur,Mirzapur
Uttar Pradesh,Wheat,2022,6,2022-06-01,Mohamadabad APMC,2048.53,mohamadabad,Farrukhabad
Uttar Pradesh,Wheat,2022,6,2022-06-01,Mohammdi APMC,2022.83,mohammdi,Kheri
Uttar Pradesh,Wheat,2022,6,2022-06-01,Moth APMC,2034.01,moth,Jhansi
Uttar Pradesh,Wheat,2022,6,2022-06-01,Mugrabaadshahpur APMC,,mugrabaadshahpur,Jaunpur
Uttar Pradesh,Wheat,2022,6,2022-06-01,Muradabad APMC,2070.28,muradabad,Sambhal
Uttar Pradesh,Wheat,2022,6,2022-06-01,Muradnagar APMC,2116.96,muradnagar,Ghaziabad
Uttar Pradesh,Wheat,2022,6,2022-06-01,Muskara APMC,2015.0,muskara,Mahoba
Uttar Pradesh,Wheat,2022,6,2022-06-01,Muzzafarnagar APMC,2105.38,muzzafarnagar,Muzaffarnagar
Uttar Pradesh,Wheat,2022,6,2022-06-01,Naanpara APMC,2023.84,naanpara,Bahraich
Uttar Pradesh,Wheat,2022,6,2022-06-01,Najibabad APMC,2062.04,najibabad,Bijnor
Uttar Pradesh,Wheat,2022,6,2022-06-01,Naugarh APMC,2015.0,naugarh,Siddharthnagar
Uttar Pradesh,Wheat,2022,6,2022-06-01,Nautnava APMC,2000.0,nautnava,Maharajganj
Uttar Pradesh,Wheat,2022,6,2022-06-01,Nawabganj APMC,2015.0,nawabganj,Gonda
Uttar Pradesh,Wheat,2022,6,2022-06-01,Orai APMC,2022.64,orai,Jalaun
Uttar Pradesh,Wheat,2022,6,2022-06-01,Paliakala APMC,2016.51,paliakala,Kheri
Uttar Pradesh,Wheat,2022,6,2022-06-01,Panchpedwa APMC,1945.42,panchpedwa,Balrampur
Uttar Pradesh,Wheat,2022,6,2022-06-01,Parikshitgarh APMC,,parikshitgarh,Meerut
Uttar Pradesh,Wheat,2022,6,2022-06-01,Partaval APMC,2015.0,partaval,Mahrajganj
Uttar Pradesh,Wheat,2022,6,2022-06-01,Pilibhit APMC,2082.71,pilibhit,Pilibhit
Uttar Pradesh,Wheat,2022,6,2022-06-01,Powayan APMC,2061.23,powayan,Shahjahanpur
Uttar Pradesh,Wheat,2022,6,2022-06-01,Pratapgarh APMC,2022.98,pratapgarh,Pratapgarh
Uttar Pradesh,Wheat,2022,6,2022-06-01,Pukharayan APMC,2041.73,pukharayan,Kanpur Dehat
Uttar Pradesh,Wheat,2022,6,2022-06-01,Puranpur APMC,2096.55,puranpur,Pilibhit
Uttar Pradesh,Wheat,2022,6,2022-06-01,Purwa APMC,2015.0,purwa,Unnao
Uttar Pradesh,Wheat,2022,6,2022-06-01,Raath APMC,2015.0,raath,Hamirpur
Uttar Pradesh,Wheat,2022,6,2022-06-01,Raibareilly APMC,2015.0,raibareilly,Rae Bareli
Uttar Pradesh,Wheat,2022,6,2022-06-01,Rampur APMC,2059.42,rampur,Rampur
Uttar Pradesh,Wheat,2022,6,2022-06-01,Rasda APMC,2021.96,rasda,Ballia
Uttar Pradesh,Wheat,2022,6,2022-06-01,Richha APMC,2025.01,richha,Bareilly
Uttar Pradesh,Wheat,2022,6,2022-06-01,Robertsganj APMC,2182.48,robertsganj,Sonbhadra
Uttar Pradesh,Wheat,2022,6,2022-06-01,Rudauli APMC,2015.0,rudauli,Ayodhya
Uttar Pradesh,Wheat,2022,6,2022-06-01,Rura APMC,2021.26,rura,Kanpur Dehat
Uttar Pradesh,Wheat,2022,6,2022-06-01,Safdarganj APMC,,safdarganj,Barabanki
Uttar Pradesh,Wheat,2022,6,2022-06-01,Saharanpur APMC,2117.7,saharanpur,Saharanpur
Uttar Pradesh,Wheat,2022,6,2022-06-01,Sahiyapur APMC,2015.0,sahiyapur,Siddharthnagar
Uttar Pradesh,Wheat,2022,6,2022-06-01,Salon APMC,1982.27,salon,Rae Bareli
Uttar Pradesh,Wheat,2022,6,2022-06-01,Samsabad APMC,2100.0,samsabad,Agra
Uttar Pradesh,Wheat,2022,6,2022-06-01,Sandi APMC,2001.23,sandi,Hardoi
Uttar Pradesh,Wheat,2022,6,2022-06-01,Sandila APMC,2023.62,sandila,Hardoi
Uttar Pradesh,Wheat,2022,6,2022-06-01,Sardhana APMC,2025.0,sardhana,Meerut
Uttar Pradesh,Wheat,2022,6,2022-06-01,Sehjanwa APMC,2015.0,sehjanwa,Gorakhpur
Uttar Pradesh,Wheat,2022,6,2022-06-01,Shadabad APMC,,shadabad,Hathras
Uttar Pradesh,Wheat,2022,6,2022-06-01,Shahabad APMC,2055.0,shahabad,Hardoi
Uttar Pradesh,Wheat,2022,6,2022-06-01,Shahabad(New Mandi) APMC,2020.0,shahabad(new mandi),Hardoi
Uttar Pradesh,Wheat,2022,6,2022-06-01,Shahaswan APMC,,shahaswan,Badaun
Uttar Pradesh,Wheat,2022,6,2022-06-01,Shahganj APMC,2038.68,shahganj,Jaunpur
Uttar Pradesh,Wheat,2022,6,2022-06-01,Shahjahanpur APMC,2045.87,shahjahanpur,Shahjahanpur
Uttar Pradesh,Wheat,2022,6,2022-06-01,Shahpur APMC,2027.93,shahpur,Muzaffarnagar
Uttar Pradesh,Wheat,2022,6,2022-06-01,Shamli APMC,2106.6,shamli,Shamli
Uttar Pradesh,Wheat,2022,6,2022-06-01,Shikohabad APMC,2053.27,shikohabad,Firozabad
Uttar Pradesh,Wheat,2022,6,2022-06-01,Sikandraraau APMC,2015.0,sikandraraau,Hathras
Uttar Pradesh,Wheat,2022,6,2022-06-01,Sirsa APMC,2036.62,sirsa,Gautam Buddha Nagar
Uttar Pradesh,Wheat,2022,6,2022-06-01,Sirsaganj APMC,2076.25,sirsaganj,Firozabad
Uttar Pradesh,Wheat,2022,6,2022-06-01,Sitapur APMC,2018.16,sitapur,Sitapur
Uttar Pradesh,Wheat,2022,6,2022-06-01,Siyana APMC,2058.05,siyana,Bulandshahar
Uttar Pradesh,Wheat,2022,6,2022-06-01,Sultanpur APMC,2015.17,sultanpur,Amethi
Uttar Pradesh,Wheat,2022,6,2022-06-01,Tamkuhi road APMC,2015.0,tamkuhi road,Kushinagar
Uttar Pradesh,Wheat,2022,6,2022-06-01,Thanabhawan APMC,2051.86,thanabhawan,Shamli
Uttar Pradesh,Wheat,2022,6,2022-06-01,Tikonia APMC,2018.67,tikonia,Kheri
Uttar Pradesh,Wheat,2022,6,2022-06-01,Tilhar APMC,2033.39,tilhar,Shahjahanpur
Uttar Pradesh,Wheat,2022,6,2022-06-01,Tulsipur APMC,2017.46,tulsipur,Balrampur
Uttar Pradesh,Wheat,2022,6,2022-06-01,Tundla APMC,2085.5,tundla,Firozabad
Uttar Pradesh,Wheat,2022,6,2022-06-01,Ujhani APMC,2078.37,ujhani,Budaun
Uttar Pradesh,Wheat,2022,6,2022-06-01,Unnao APMC,2019.82,unnao,Unnao
Uttar Pradesh,Wheat,2022,6,2022-06-01,Uttaripura APMC,2004.78,uttaripura,Jaunpur
Uttar Pradesh,Wheat,2022,6,2022-06-01,Varanasi APMC,2060.98,varanasi,Varanasi
Uttar Pradesh,Wheat,2022,6,2022-06-01,Viswan APMC,2015.0,viswan,Sitapur
Uttar Pradesh,Wheat,2022,6,2022-06-01,Wazirganj APMC,2047.08,wazirganj,Budaun
Uttar Pradesh,Wheat,2022,6,2022-06-01,Yusufpur APMC,2015.0,yusufpur,Ghazipur
Uttar Pradesh,Wheat,2022,7,2022-07-01,Achalda APMC,2074.47,achalda,Auraiya
Uttar Pradesh,Wheat,2022,7,2022-07-01,Achnera APMC,,achnera,Agra
Uttar Pradesh,Wheat,2022,7,2022-07-01,Agra APMC,2110.42,agra,Agra
Uttar Pradesh,Wheat,2022,7,2022-07-01,Ahirora APMC,2065.91,ahirora,Mirzapur
Uttar Pradesh,Wheat,2022,7,2022-07-01,Ait APMC,2144.16,ait,Jalaun
Uttar Pradesh,Wheat,2022,7,2022-07-01,Ajuha APMC,2063.61,ajuha,Prayagraj
Uttar Pradesh,Wheat,2022,7,2022-07-01,Akbarpur APMC,2083.64,akbarpur,Ambedkarnagar
Uttar Pradesh,Wheat,2022,7,2022-07-01,Aliganj APMC,2023.99,aliganj,Etah
Uttar Pradesh,Wheat,2022,7,2022-07-01,Aligarh APMC,2104.32,aligarh,Aligarh
Uttar Pradesh,Wheat,2022,7,2022-07-01,Amroha APMC,2041.29,amroha,Amroha
Uttar Pradesh,Wheat,2022,7,2022-07-01,Anandnagar APMC,2020.82,anandnagar,Mahrajganj
Uttar Pradesh,Wheat,2022,7,2022-07-01,Anoop Shahar APMC,2137.93,anoop shahar,Bulandshahr
Uttar Pradesh,Wheat,2022,7,2022-07-01,Atarra APMC,2025.83,atarra,Banda
Uttar Pradesh,Wheat,2022,7,2022-07-01,Atrauli APMC,2015.54,atrauli,Aligarh
Uttar Pradesh,Wheat,2022,7,2022-07-01,Auraiya APMC,2105.73,auraiya,Auraiya
Uttar Pradesh,Wheat,2022,7,2022-07-01,Ayodhya APMC,2096.58,ayodhya,Ayodhya
Uttar Pradesh,Wheat,2022,7,2022-07-01,Azamgarh APMC,2019.28,azamgarh,Azamgarh
Uttar Pradesh,Wheat,2022,7,2022-07-01,Baberu APMC,2015.0,baberu,Banda
Uttar Pradesh,Wheat,2022,7,2022-07-01,Babrala APMC,2089.18,babrala,Budaun
Uttar Pradesh,Wheat,2022,7,2022-07-01,Bachranwa APMC,2046.07,bachranwa,Rae Bareli
Uttar Pradesh,Wheat,2022,7,2022-07-01,Badayoun APMC,2047.41,badayoun,Budaun
Uttar Pradesh,Wheat,2022,7,2022-07-01,Badda APMC,2013.82,badda,Shahjahanpur
Uttar Pradesh,Wheat,2022,7,2022-07-01,Bahraich APMC,2067.72,bahraich,Bahraich
Uttar Pradesh,Wheat,2022,7,2022-07-01,Ballia APMC,2064.94,ballia,Ballia
Uttar Pradesh,Wheat,2022,7,2022-07-01,Balrampur APMC,2043.17,balrampur,Balrampur
Uttar Pradesh,Wheat,2022,7,2022-07-01,Banda APMC,2034.48,banda,Banda
Uttar Pradesh,Wheat,2022,7,2022-07-01,Bangarmau APMC,2091.21,bangarmau,Unnao
Uttar Pradesh,Wheat,2022,7,2022-07-01,Bansi APMC,2045.0,bansi,Siddharthnagar
Uttar Pradesh,Wheat,2022,7,2022-07-01,Barabanki APMC,2035.89,barabanki,Bara Banki
Uttar Pradesh,Wheat,2022,7,2022-07-01,Bareilly APMC,2062.17,bareilly,Bareilly
Uttar Pradesh,Wheat,2022,7,2022-07-01,Barhaj APMC,2020.38,barhaj,Deoria
Uttar Pradesh,Wheat,2022,7,2022-07-01,Baripaal APMC,2076.91,baripaal,Jaunpur
Uttar Pradesh,Wheat,2022,7,2022-07-01,Basti APMC,2023.91,basti,Basti
Uttar Pradesh,Wheat,2022,7,2022-07-01,Bewar APMC,2065.21,bewar,Mainpuri
Uttar Pradesh,Wheat,2022,7,2022-07-01,Bharthna APMC,2055.17,bharthna,Etawah
Uttar Pradesh,Wheat,2022,7,2022-07-01,Bharuasumerpur APMC,2020.62,bharuasumerpur,Hamirpur
Uttar Pradesh,Wheat,2022,7,2022-07-01,Bharwari APMC,2047.15,bharwari,Kaushambi
Uttar Pradesh,Wheat,2022,7,2022-07-01,Bhehjoi APMC,,bhehjoi,Sambhal
Uttar Pradesh,Wheat,2022,7,2022-07-01,Bijnaur APMC,2032.32,bijnaur,Bijnor
Uttar Pradesh,Wheat,2022,7,2022-07-01,Bilsi APMC,2055.68,bilsi,Budaun
Uttar Pradesh,Wheat,2022,7,2022-07-01,Bindki APMC,2066.77,bindki,Fatehpur
Uttar Pradesh,Wheat,2022,7,2022-07-01,Bishalpur APMC,2051.06,bishalpur,Pilibhit
Uttar Pradesh,Wheat,2022,7,2022-07-01,Bisoli APMC,,bisoli,Badaun
Uttar Pradesh,Wheat,2022,7,2022-07-01,Buland Shahr APMC,2130.55,buland shahr,Bulandshahr
Uttar Pradesh,Wheat,2022,7,2022-07-01,Chandausi APMC,2040.0,chandausi,Sambhal
Uttar Pradesh,Wheat,2022,7,2022-07-01,Chandoli APMC,2058.29,chandoli,Chandauli
Uttar Pradesh,Wheat,2022,7,2022-07-01,Charkhari APMC,2006.43,charkhari,Mahoba
Uttar Pradesh,Wheat,2022,7,2022-07-01,Charra APMC,2118.16,charra,Aligarh
Uttar Pradesh,Wheat,2022,7,2022-07-01,Chhibramau APMC,2117.25,chhibramau,Kannauj
Uttar Pradesh,Wheat,2022,7,2022-07-01,Chirgaon APMC,2036.79,chirgaon,Jhansi
Uttar Pradesh,Wheat,2022,7,2022-07-01,Chitwadagaon APMC,,chitwadagaon,Ballia
Uttar Pradesh,Wheat,2022,7,2022-07-01,Chorichora APMC,2022.97,chorichora,Gorakhpur
Uttar Pradesh,Wheat,2022,7,2022-07-01,Choubepur APMC,2060.09,choubepur,Jaunpur
Uttar Pradesh,Wheat,2022,7,2022-07-01,DADRI APMC,2156.63,dadri,Gautam Buddha Nagar
Uttar Pradesh,Wheat,2022,7,2022-07-01,Dankaur APMC,2087.75,dankaur,Gautam Buddha Nagar
Uttar Pradesh,Wheat,2022,7,2022-07-01,Dataganj APMC,2023.2,dataganj,Badaun
Uttar Pradesh,Wheat,2022,7,2022-07-01,Devariya APMC,2020.55,devariya,Deoria
Uttar Pradesh,Wheat,2022,7,2022-07-01,Dhanaura APMC,2020.0,dhanaura,Amroha
Uttar Pradesh,Wheat,2022,7,2022-07-01,Dibiapur APMC,2040.73,dibiapur,Auraiya
Uttar Pradesh,Wheat,2022,7,2022-07-01,Divai APMC,2035.77,divai,Bulandshahar
Uttar Pradesh,Wheat,2022,7,2022-07-01,Doharighat APMC,2025.0,doharighat,Azamgarh
Uttar Pradesh,Wheat,2022,7,2022-07-01,Etah APMC,2078.11,etah,Etah
Uttar Pradesh,Wheat,2022,7,2022-07-01,Etawah APMC,2072.72,etawah,Etawah
Uttar Pradesh,Wheat,2022,7,2022-07-01,Farukhabad APMC,2117.13,farukhabad,Farrukhabad
Uttar Pradesh,Wheat,2022,7,2022-07-01,Fatehabad APMC,2031.51,fatehabad,Agra
Uttar Pradesh,Wheat,2022,7,2022-07-01,Fatehpur APMC,2025.83,fatehpur,Fatehpur
Uttar Pradesh,Wheat,2022,7,2022-07-01,Fatehpur Sikri APMC,2112.74,fatehpur sikri,Agra
Uttar Pradesh,Wheat,2022,7,2022-07-01,Firozabad APMC,2140.3,firozabad,Firozabad
Uttar Pradesh,Wheat,2022,7,2022-07-01,Gadaura APMC,,gadaura,Maharajganj
Uttar Pradesh,Wheat,2022,7,2022-07-01,Gazipur APMC,2072.39,gazipur,Azamgarh
Uttar Pradesh,Wheat,2022,7,2022-07-01,Ghaziabad APMC,2161.73,ghaziabad,Ghaziabad
Uttar Pradesh,Wheat,2022,7,2022-07-01,Ghiraur APMC,2070.83,ghiraur,Mainpuri
Uttar Pradesh,Wheat,2022,7,2022-07-01,Golagokarnath APMC,2072.76,golagokarnath,Lalitpur
Uttar Pradesh,Wheat,2022,7,2022-07-01,Gonda APMC,2047.63,gonda,Gonda
Uttar Pradesh,Wheat,2022,7,2022-07-01,Gopiganj APMC,2058.95,gopiganj,Bhadohi
Uttar Pradesh,Wheat,2022,7,2022-07-01,Gorakhpur APMC,2021.9,gorakhpur,Gorakhpur
Uttar Pradesh,Wheat,2022,7,2022-07-01,Gurusarai APMC,2042.35,gurusarai,Jhansi
Uttar Pradesh,Wheat,2022,7,2022-07-01,Haathras APMC,2116.45,haathras,Hathras
Uttar Pradesh,Wheat,2022,7,2022-07-01,Haldaur APMC,2217.23,haldaur,Bijnor
Uttar Pradesh,Wheat,2022,7,2022-07-01,Hamirpur APMC,2067.58,hamirpur,Hamirpur
Uttar Pradesh,Wheat,2022,7,2022-07-01,Hapur APMC,2142.97,hapur,Ghaziabad
Uttar Pradesh,Wheat,2022,7,2022-07-01,Hardoi APMC,2068.62,hardoi,Hardoi
Uttar Pradesh,Wheat,2022,7,2022-07-01,Hargaon (Laharpur) APMC,2027.2,hargaon (laharpur),Sitapur
Uttar Pradesh,Wheat,2022,7,2022-07-01,Jafarganj APMC,2047.1,jafarganj,Amethi
Uttar Pradesh,Wheat,2022,7,2022-07-01,Jagnair APMC,2050.0,jagnair,Agra
Uttar Pradesh,Wheat,2022,7,2022-07-01,Jahanabad APMC,2020.44,jahanabad,Fatehpur
Uttar Pradesh,Wheat,2022,7,2022-07-01,Jahangirabad APMC,2198.97,jahangirabad,Bulandshahar
Uttar Pradesh,Wheat,2022,7,2022-07-01,Jalaun APMC,2116.35,jalaun,Jalaun
Uttar Pradesh,Wheat,2022,7,2022-07-01,Jamanian APMC,2015.0,jamanian,Ghazipur
Uttar Pradesh,Wheat,2022,7,2022-07-01,Jangipura APMC,2015.0,jangipura,Ghazipur
Uttar Pradesh,Wheat,2022,7,2022-07-01,Jasra APMC,2056.59,jasra,Prayagraj
Uttar Pradesh,Wheat,2022,7,2022-07-01,Jaunpur APMC,2047.14,jaunpur,Jaunpur
Uttar Pradesh,Wheat,2022,7,2022-07-01,Jayas APMC,2233.37,jayas,Rae Bareli
Uttar Pradesh,Wheat,2022,7,2022-07-01,Jhansi APMC,2042.72,jhansi,Jhansi
Uttar Pradesh,Wheat,2022,7,2022-07-01,Jhijhank APMC,2051.8,jhijhank,Kanpur Dehat
Uttar Pradesh,Wheat,2022,7,2022-07-01,Kadaura APMC,2029.81,kadaura,Jalaun
Uttar Pradesh,Wheat,2022,7,2022-07-01,Kalpi APMC,2111.82,kalpi,Jalaun
Uttar Pradesh,Wheat,2022,7,2022-07-01,Kamlaganj APMC,2050.0,kamlaganj,Farrukhabad
Uttar Pradesh,Wheat,2022,7,2022-07-01,Kannauj APMC,2078.13,kannauj,Kannauj
Uttar Pradesh,Wheat,2022,7,2022-07-01,Kanpur(Grain) APMC,2068.49,kanpur(grain),Jaunpur
Uttar Pradesh,Wheat,2022,7,2022-07-01,Karvi APMC,2021.41,karvi,Chitrakoot
Uttar Pradesh,Wheat,2022,7,2022-07-01,Kasganj APMC,2085.06,kasganj,Kasganj
Uttar Pradesh,Wheat,2022,7,2022-07-01,Kayamganj APMC,2085.96,kayamganj,Farrukhabad
Uttar Pradesh,Wheat,2022,7,2022-07-01,Khaga APMC,2018.69,khaga,Fatehpur
Uttar Pradesh,Wheat,2022,7,2022-07-01,Khair APMC,2123.79,khair,Aligarh
Uttar Pradesh,Wheat,2022,7,2022-07-01,Khairagarh APMC,2078.89,khairagarh,Agra
Uttar Pradesh,Wheat,2022,7,2022-07-01,Khatauli APMC,,khatauli,Muzaffarnagar
Uttar Pradesh,Wheat,2022,7,2022-07-01,Khurja APMC,2152.85,khurja,Bulandshahr
Uttar Pradesh,Wheat,2022,7,2022-07-01,Kishunpur APMC,1968.79,kishunpur,Bahraich
Uttar Pradesh,Wheat,2022,7,2022-07-01,Konch APMC,,konch,Jalaun
Uttar Pradesh,Wheat,2022,7,2022-07-01,Kopaganj APMC,2015.0,kopaganj,
Uttar Pradesh,Wheat,2022,7,2022-07-01,Kosikalan APMC,2103.65,kosikalan,Mathura
Uttar Pradesh,Wheat,2022,7,2022-07-01,Kurara APMC,1927.16,kurara,Hamirpur
Uttar Pradesh,Wheat,2022,7,2022-07-01,Lakhimpur APMC,2063.16,lakhimpur,Lalitpur
Uttar Pradesh,Wheat,2022,7,2022-07-01,Lalganj APMC,2157.5,lalganj,Rae Bareli
Uttar Pradesh,Wheat,2022,7,2022-07-01,Lalitpur APMC,2042.05,lalitpur,Lalitpur
Uttar Pradesh,Wheat,2022,7,2022-07-01,Lucknow APMC,2061.19,lucknow,Lucknow
Uttar Pradesh,Wheat,2022,7,2022-07-01,Madhoganj APMC,2050.08,madhoganj,Hardoi
Uttar Pradesh,Wheat,2022,7,2022-07-01,Madhogarh APMC,2051.72,madhogarh,Jalaun
Uttar Pradesh,Wheat,2022,7,2022-07-01,Mahoba APMC,2087.89,mahoba,Mahoba
Uttar Pradesh,Wheat,2022,7,2022-07-01,Maigalganj APMC,2004.25,maigalganj,Gorakhpur
Uttar Pradesh,Wheat,2022,7,2022-07-01,Mainpuri APMC,2104.37,mainpuri,Mainpuri
Uttar Pradesh,Wheat,2022,7,2022-07-01,Mathura APMC,2091.97,mathura,Mathura
Uttar Pradesh,Wheat,2022,7,2022-07-01,Mau(Chitrakut) APMC,2031.0,mau(chitrakut),Chitrakut
Uttar Pradesh,Wheat,2022,7,2022-07-01,Maudaha APMC,2039.76,maudaha,Hamirpur
Uttar Pradesh,Wheat,2022,7,2022-07-01,Mauranipur APMC,2072.65,mauranipur,Jhansi
Uttar Pradesh,Wheat,2022,7,2022-07-01,Mawana APMC,2150.24,mawana,Meerut
Uttar Pradesh,Wheat,2022,7,2022-07-01,Meerut APMC,2153.58,meerut,Meerut
Uttar Pradesh,Wheat,2022,7,2022-07-01,Mehmoodabad APMC,,mehmoodabad,Sitapur
Uttar Pradesh,Wheat,2022,7,2022-07-01,Mehrauni APMC,2042.89,mehrauni,Lalitpur
Uttar Pradesh,Wheat,2022,7,2022-07-01,Milak APMC,2063.32,milak,Rampur
Uttar Pradesh,Wheat,2022,7,2022-07-01,Mirzapur APMC,2078.15,mirzapur,Mirzapur
Uttar Pradesh,Wheat,2022,7,2022-07-01,Mohamadabad APMC,2066.76,mohamadabad,Farrukhabad
Uttar Pradesh,Wheat,2022,7,2022-07-01,Mohammdi APMC,2065.14,mohammdi,Kheri
Uttar Pradesh,Wheat,2022,7,2022-07-01,Moth APMC,,moth,Jhansi
Uttar Pradesh,Wheat,2022,7,2022-07-01,Mugrabaadshahpur APMC,2048.45,mugrabaadshahpur,Jaunpur
Uttar Pradesh,Wheat,2022,7,2022-07-01,Muradabad APMC,2043.3,muradabad,Sambhal
Uttar Pradesh,Wheat,2022,7,2022-07-01,Muradnagar APMC,2125.82,muradnagar,Ghaziabad
Uttar Pradesh,Wheat,2022,7,2022-07-01,Muskara APMC,2081.28,muskara,Mahoba
Uttar Pradesh,Wheat,2022,7,2022-07-01,Muzzafarnagar APMC,2141.02,muzzafarnagar,Muzaffarnagar
Uttar Pradesh,Wheat,2022,7,2022-07-01,Naanpara APMC,2053.43,naanpara,Bahraich
Uttar Pradesh,Wheat,2022,7,2022-07-01,Najibabad APMC,2043.4,najibabad,Bijnor
Uttar Pradesh,Wheat,2022,7,2022-07-01,Naugarh APMC,2020.93,naugarh,Siddharthnagar
Uttar Pradesh,Wheat,2022,7,2022-07-01,Nautnava APMC,2000.0,nautnava,Maharajganj
Uttar Pradesh,Wheat,2022,7,2022-07-01,Nawabganj APMC,2025.16,nawabganj,Gonda
Uttar Pradesh,Wheat,2022,7,2022-07-01,Orai APMC,2150.06,orai,Jalaun
Uttar Pradesh,Wheat,2022,7,2022-07-01,Paliakala APMC,2016.15,paliakala,Kheri
Uttar Pradesh,Wheat,2022,7,2022-07-01,Panchpedwa APMC,2010.63,panchpedwa,Balrampur
Uttar Pradesh,Wheat,2022,7,2022-07-01,Partaval APMC,2021.78,partaval,Mahrajganj
Uttar Pradesh,Wheat,2022,7,2022-07-01,Pilibhit APMC,2043.61,pilibhit,Pilibhit
Uttar Pradesh,Wheat,2022,7,2022-07-01,Powayan APMC,2047.76,powayan,Shahjahanpur
Uttar Pradesh,Wheat,2022,7,2022-07-01,Pratapgarh APMC,2053.48,pratapgarh,Pratapgarh
Uttar Pradesh,Wheat,2022,7,2022-07-01,Pukharayan APMC,2051.68,pukharayan,Kanpur Dehat
Uttar Pradesh,Wheat,2022,7,2022-07-01,Puranpur APMC,2040.94,puranpur,Pilibhit
Uttar Pradesh,Wheat,2022,7,2022-07-01,Purwa APMC,2042.9,purwa,Unnao
Uttar Pradesh,Wheat,2022,7,2022-07-01,Raath APMC,2099.66,raath,Hamirpur
Uttar Pradesh,Wheat,2022,7,2022-07-01,Raibareilly APMC,2057.22,raibareilly,Rae Bareli
Uttar Pradesh,Wheat,2022,7,2022-07-01,Rampur APMC,2055.29,rampur,Rampur
Uttar Pradesh,Wheat,2022,7,2022-07-01,Rasda APMC,2048.04,rasda,Ballia
Uttar Pradesh,Wheat,2022,7,2022-07-01,Richha APMC,2024.67,richha,Bareilly
Uttar Pradesh,Wheat,2022,7,2022-07-01,Robertsganj APMC,2171.65,robertsganj,Sonbhadra
Uttar Pradesh,Wheat,2022,7,2022-07-01,Rudauli APMC,,rudauli,Ayodhya
Uttar Pradesh,Wheat,2022,7,2022-07-01,Rura APMC,2079.05,rura,Kanpur Dehat
Uttar Pradesh,Wheat,2022,7,2022-07-01,Safdarganj APMC,2021.17,safdarganj,Barabanki
Uttar Pradesh,Wheat,2022,7,2022-07-01,Saharanpur APMC,2134.85,saharanpur,Saharanpur
Uttar Pradesh,Wheat,2022,7,2022-07-01,Sahiyapur APMC,2028.77,sahiyapur,Siddharthnagar
Uttar Pradesh,Wheat,2022,7,2022-07-01,Salon APMC,1951.76,salon,Rae Bareli
Uttar Pradesh,Wheat,2022,7,2022-07-01,Samsabad APMC,2200.0,samsabad,Agra
Uttar Pradesh,Wheat,2022,7,2022-07-01,Sandi APMC,2032.35,sandi,Hardoi
Uttar Pradesh,Wheat,2022,7,2022-07-01,Sandila APMC,2067.21,sandila,Hardoi
Uttar Pradesh,Wheat,2022,7,2022-07-01,Sardhana APMC,,sardhana,Meerut
Uttar Pradesh,Wheat,2022,7,2022-07-01,Sehjanwa APMC,2020.14,sehjanwa,Gorakhpur
Uttar Pradesh,Wheat,2022,7,2022-07-01,Shahabad APMC,2150.0,shahabad,Hardoi
Uttar Pradesh,Wheat,2022,7,2022-07-01,Shahabad(New Mandi) APMC,2094.24,shahabad(new mandi),Hardoi
Uttar Pradesh,Wheat,2022,7,2022-07-01,Shahganj APMC,2044.87,shahganj,Jaunpur
Uttar Pradesh,Wheat,2022,7,2022-07-01,Shahjahanpur APMC,2056.51,shahjahanpur,Shahjahanpur
Uttar Pradesh,Wheat,2022,7,2022-07-01,Shahpur APMC,2024.68,shahpur,Muzaffarnagar
Uttar Pradesh,Wheat,2022,7,2022-07-01,Shamli APMC,2187.05,shamli,Shamli
Uttar Pradesh,Wheat,2022,7,2022-07-01,Shikohabad APMC,2008.55,shikohabad,Firozabad
Uttar Pradesh,Wheat,2022,7,2022-07-01,Sikandraraau APMC,2037.38,sikandraraau,Hathras
Uttar Pradesh,Wheat,2022,7,2022-07-01,Sirsa APMC,2048.83,sirsa,Gautam Buddha Nagar
Uttar Pradesh,Wheat,2022,7,2022-07-01,Sirsaganj APMC,2090.79,sirsaganj,Firozabad
Uttar Pradesh,Wheat,2022,7,2022-07-01,Sitapur APMC,2144.25,sitapur,Sitapur
Uttar Pradesh,Wheat,2022,7,2022-07-01,Siyana APMC,2210.0,siyana,Bulandshahar
Uttar Pradesh,Wheat,2022,7,2022-07-01,Sultanpur APMC,2049.5,sultanpur,Amethi
Uttar Pradesh,Wheat,2022,7,2022-07-01,Tamkuhi road APMC,2025.0,tamkuhi road,Kushinagar
Uttar Pradesh,Wheat,2022,7,2022-07-01,Thanabhawan APMC,2068.72,thanabhawan,Shamli
Uttar Pradesh,Wheat,2022,7,2022-07-01,Tikonia APMC,2016.6,tikonia,Kheri
Uttar Pradesh,Wheat,2022,7,2022-07-01,Tilhar APMC,2023.98,tilhar,Shahjahanpur
Uttar Pradesh,Wheat,2022,7,2022-07-01,Tulsipur APMC,2023.81,tulsipur,Balrampur
Uttar Pradesh,Wheat,2022,7,2022-07-01,Tundla APMC,2099.8,tundla,Firozabad
Uttar Pradesh,Wheat,2022,7,2022-07-01,Ujhani APMC,2078.45,ujhani,Budaun
Uttar Pradesh,Wheat,2022,7,2022-07-01,Unnao APMC,2095.03,unnao,Unnao
Uttar Pradesh,Wheat,2022,7,2022-07-01,Uttaripura APMC,2005.0,uttaripura,Jaunpur
Uttar Pradesh,Wheat,2022,7,2022-07-01,Varanasi APMC,2092.96,varanasi,Varanasi
Uttar Pradesh,Wheat,2022,7,2022-07-01,Viswan APMC,2068.29,viswan,Sitapur
Uttar Pradesh,Wheat,2022,7,2022-07-01,Wazirganj APMC,2057.17,wazirganj,Budaun
Uttar Pradesh,Wheat,2022,7,2022-07-01,Yusufpur APMC,2015.9,yusufpur,Ghazipur
Uttar Pradesh,Wheat,2022,8,2022-08-01,Achalda APMC,2300.29,achalda,Auraiya
Uttar Pradesh,Wheat,2022,8,2022-08-01,Achnera APMC,2300.0,achnera,Agra
Uttar Pradesh,Wheat,2022,8,2022-08-01,Agra APMC,2317.36,agra,Agra
Uttar Pradesh,Wheat,2022,8,2022-08-01,Ahirora APMC,2197.21,ahirora,Mirzapur
Uttar Pradesh,Wheat,2022,8,2022-08-01,Ait APMC,2309.03,ait,Jalaun
Uttar Pradesh,Wheat,2022,8,2022-08-01,Ajuha APMC,2308.86,ajuha,Prayagraj
Uttar Pradesh,Wheat,2022,8,2022-08-01,Akbarpur APMC,2309.88,akbarpur,Ambedkarnagar
Uttar Pradesh,Wheat,2022,8,2022-08-01,Aliganj APMC,2144.11,aliganj,Etah
Uttar Pradesh,Wheat,2022,8,2022-08-01,Aligarh APMC,2313.71,aligarh,Aligarh
Uttar Pradesh,Wheat,2022,8,2022-08-01,Amroha APMC,2160.29,amroha,Amroha
Uttar Pradesh,Wheat,2022,8,2022-08-01,Anandnagar APMC,2067.02,anandnagar,Mahrajganj
Uttar Pradesh,Wheat,2022,8,2022-08-01,Anoop Shahar APMC,2277.57,anoop shahar,Bulandshahr
Uttar Pradesh,Wheat,2022,8,2022-08-01,Atarra APMC,2216.86,atarra,Banda
Uttar Pradesh,Wheat,2022,8,2022-08-01,Atrauli APMC,2135.81,atrauli,Aligarh
Uttar Pradesh,Wheat,2022,8,2022-08-01,Auraiya APMC,2304.29,auraiya,Auraiya
Uttar Pradesh,Wheat,2022,8,2022-08-01,Awagarh APMC,,awagarh,Etah
Uttar Pradesh,Wheat,2022,8,2022-08-01,Ayodhya APMC,2350.43,ayodhya,Ayodhya
Uttar Pradesh,Wheat,2022,8,2022-08-01,Azamgarh APMC,2072.68,azamgarh,Azamgarh
Uttar Pradesh,Wheat,2022,8,2022-08-01,Baberu APMC,2272.12,baberu,Banda
Uttar Pradesh,Wheat,2022,8,2022-08-01,Babrala APMC,2092.81,babrala,Budaun
Uttar Pradesh,Wheat,2022,8,2022-08-01,Bachranwa APMC,2145.14,bachranwa,Rae Bareli
Uttar Pradesh,Wheat,2022,8,2022-08-01,Badayoun APMC,2160.59,badayoun,Budaun
Uttar Pradesh,Wheat,2022,8,2022-08-01,Badda APMC,,badda,Shahjahanpur
Uttar Pradesh,Wheat,2022,8,2022-08-01,Baheri APMC,,baheri,Bareilly
Uttar Pradesh,Wheat,2022,8,2022-08-01,Bahraich APMC,2309.07,bahraich,Bahraich
Uttar Pradesh,Wheat,2022,8,2022-08-01,Ballia APMC,2185.45,ballia,Ballia
Uttar Pradesh,Wheat,2022,8,2022-08-01,Balrampur APMC,2245.05,balrampur,Balrampur
Uttar Pradesh,Wheat,2022,8,2022-08-01,Banda APMC,2218.02,banda,Banda
Uttar Pradesh,Wheat,2022,8,2022-08-01,Bangarmau APMC,2284.02,bangarmau,Unnao
Uttar Pradesh,Wheat,2022,8,2022-08-01,Bansi APMC,2125.0,bansi,Siddharthnagar
Uttar Pradesh,Wheat,2022,8,2022-08-01,Barabanki APMC,2126.46,barabanki,Bara Banki
Uttar Pradesh,Wheat,2022,8,2022-08-01,Bareilly APMC,2128.86,bareilly,Bareilly
Uttar Pradesh,Wheat,2022,8,2022-08-01,Barhaj APMC,2064.46,barhaj,Deoria
Uttar Pradesh,Wheat,2022,8,2022-08-01,Baripaal APMC,2276.48,baripaal,Jaunpur
Uttar Pradesh,Wheat,2022,8,2022-08-01,Basti APMC,2072.5,basti,Basti
Uttar Pradesh,Wheat,2022,8,2022-08-01,Bewar APMC,2121.68,bewar,Mainpuri
Uttar Pradesh,Wheat,2022,8,2022-08-01,Bharthna APMC,2313.85,bharthna,Etawah
Uttar Pradesh,Wheat,2022,8,2022-08-01,Bharuasumerpur APMC,2248.33,bharuasumerpur,Hamirpur
Uttar Pradesh,Wheat,2022,8,2022-08-01,Bharwari APMC,2232.0,bharwari,Kaushambi
Uttar Pradesh,Wheat,2022,8,2022-08-01,Bhehjoi APMC,2129.84,bhehjoi,Sambhal
Uttar Pradesh,Wheat,2022,8,2022-08-01,Bijnaur APMC,2127.33,bijnaur,Bijnor
Uttar Pradesh,Wheat,2022,8,2022-08-01,Bilsi APMC,2225.43,bilsi,Budaun
Uttar Pradesh,Wheat,2022,8,2022-08-01,Bindki APMC,2383.9,bindki,Fatehpur
Uttar Pradesh,Wheat,2022,8,2022-08-01,Bishalpur APMC,2092.87,bishalpur,Pilibhit
Uttar Pradesh,Wheat,2022,8,2022-08-01,Buland Shahr APMC,2334.13,buland shahr,Bulandshahr
Uttar Pradesh,Wheat,2022,8,2022-08-01,Chandausi APMC,2152.22,chandausi,Sambhal
Uttar Pradesh,Wheat,2022,8,2022-08-01,Chandoli APMC,2171.63,chandoli,Chandauli
Uttar Pradesh,Wheat,2022,8,2022-08-01,Charkhari APMC,2101.16,charkhari,Mahoba
Uttar Pradesh,Wheat,2022,8,2022-08-01,Charra APMC,2316.13,charra,Aligarh
Uttar Pradesh,Wheat,2022,8,2022-08-01,Chhibramau APMC,2313.12,chhibramau,Kannauj
Uttar Pradesh,Wheat,2022,8,2022-08-01,Chirgaon APMC,2261.85,chirgaon,Jhansi
Uttar Pradesh,Wheat,2022,8,2022-08-01,Chorichora APMC,2135.22,chorichora,Gorakhpur
Uttar Pradesh,Wheat,2022,8,2022-08-01,Choubepur APMC,2299.05,choubepur,Jaunpur
Uttar Pradesh,Wheat,2022,8,2022-08-01,Colonelganj APMC,2042.23,colonelganj,Gonda
Uttar Pradesh,Wheat,2022,8,2022-08-01,DADRI APMC,2304.85,dadri,Gautam Buddha Nagar
Uttar Pradesh,Wheat,2022,8,2022-08-01,Dankaur APMC,2127.42,dankaur,Gautam Buddha Nagar
Uttar Pradesh,Wheat,2022,8,2022-08-01,Dataganj APMC,2040.53,dataganj,Badaun
Uttar Pradesh,Wheat,2022,8,2022-08-01,Devariya APMC,2062.81,devariya,Deoria
Uttar Pradesh,Wheat,2022,8,2022-08-01,Dhanaura APMC,2020.39,dhanaura,Amroha
Uttar Pradesh,Wheat,2022,8,2022-08-01,Dibiapur APMC,2230.15,dibiapur,Auraiya
Uttar Pradesh,Wheat,2022,8,2022-08-01,Divai APMC,2089.64,divai,Bulandshahar
Uttar Pradesh,Wheat,2022,8,2022-08-01,Doharighat APMC,2120.0,doharighat,Azamgarh
Uttar Pradesh,Wheat,2022,8,2022-08-01,Etah APMC,2155.07,etah,Etah
Uttar Pradesh,Wheat,2022,8,2022-08-01,Etawah APMC,2327.88,etawah,Etawah
Uttar Pradesh,Wheat,2022,8,2022-08-01,Farukhabad APMC,2341.59,farukhabad,Farrukhabad
Uttar Pradesh,Wheat,2022,8,2022-08-01,Fatehabad APMC,2123.98,fatehabad,Agra
Uttar Pradesh,Wheat,2022,8,2022-08-01,Fatehpur APMC,2235.24,fatehpur,Fatehpur
Uttar Pradesh,Wheat,2022,8,2022-08-01,Fatehpur Sikri APMC,2253.8,fatehpur sikri,Agra
Uttar Pradesh,Wheat,2022,8,2022-08-01,Firozabad APMC,2328.71,firozabad,Firozabad
Uttar Pradesh,Wheat,2022,8,2022-08-01,Gadaura APMC,,gadaura,Maharajganj
Uttar Pradesh,Wheat,2022,8,2022-08-01,Gazipur APMC,2177.56,gazipur,Azamgarh
Uttar Pradesh,Wheat,2022,8,2022-08-01,Ghaziabad APMC,2321.05,ghaziabad,Ghaziabad
Uttar Pradesh,Wheat,2022,8,2022-08-01,Ghiraur APMC,2277.93,ghiraur,Mainpuri
Uttar Pradesh,Wheat,2022,8,2022-08-01,Golagokarnath APMC,2257.16,golagokarnath,Lalitpur
Uttar Pradesh,Wheat,2022,8,2022-08-01,Gonda APMC,2231.06,gonda,Gonda
Uttar Pradesh,Wheat,2022,8,2022-08-01,Gopiganj APMC,2181.9,gopiganj,Bhadohi
Uttar Pradesh,Wheat,2022,8,2022-08-01,Gorakhpur APMC,2074.07,gorakhpur,Gorakhpur
Uttar Pradesh,Wheat,2022,8,2022-08-01,Gurusarai APMC,2249.64,gurusarai,Jhansi
Uttar Pradesh,Wheat,2022,8,2022-08-01,Haathras APMC,2294.53,haathras,Hathras
Uttar Pradesh,Wheat,2022,8,2022-08-01,Haldaur APMC,2020.0,haldaur,Bijnor
Uttar Pradesh,Wheat,2022,8,2022-08-01,Hamirpur APMC,2279.64,hamirpur,Hamirpur
Uttar Pradesh,Wheat,2022,8,2022-08-01,Hapur APMC,2271.66,hapur,Ghaziabad
Uttar Pradesh,Wheat,2022,8,2022-08-01,Hardoi APMC,2262.65,hardoi,Hardoi
Uttar Pradesh,Wheat,2022,8,2022-08-01,Hargaon (Laharpur) APMC,2202.32,hargaon (laharpur),Sitapur
Uttar Pradesh,Wheat,2022,8,2022-08-01,Jafarganj APMC,2291.39,jafarganj,Amethi
Uttar Pradesh,Wheat,2022,8,2022-08-01,Jagnair APMC,2130.29,jagnair,Agra
Uttar Pradesh,Wheat,2022,8,2022-08-01,Jahanabad APMC,2044.17,jahanabad,Fatehpur
Uttar Pradesh,Wheat,2022,8,2022-08-01,Jahangirabad APMC,2311.51,jahangirabad,Bulandshahar
Uttar Pradesh,Wheat,2022,8,2022-08-01,Jalaun APMC,2281.62,jalaun,Jalaun
Uttar Pradesh,Wheat,2022,8,2022-08-01,Jamanian APMC,,jamanian,Ghazipur
Uttar Pradesh,Wheat,2022,8,2022-08-01,Jangipura APMC,2139.05,jangipura,Ghazipur
Uttar Pradesh,Wheat,2022,8,2022-08-01,Jasra APMC,2263.42,jasra,Prayagraj
Uttar Pradesh,Wheat,2022,8,2022-08-01,Jaunpur APMC,2165.89,jaunpur,Jaunpur
Uttar Pradesh,Wheat,2022,8,2022-08-01,Jayas APMC,2299.42,jayas,Rae Bareli
Uttar Pradesh,Wheat,2022,8,2022-08-01,Jhansi APMC,2177.34,jhansi,Jhansi
Uttar Pradesh,Wheat,2022,8,2022-08-01,Jhijhank APMC,2274.77,jhijhank,Kanpur Dehat
Uttar Pradesh,Wheat,2022,8,2022-08-01,Kadaura APMC,,kadaura,Jalaun
Uttar Pradesh,Wheat,2022,8,2022-08-01,Kalpi APMC,2272.66,kalpi,Jalaun
Uttar Pradesh,Wheat,2022,8,2022-08-01,Kamlaganj APMC,,kamlaganj,Farrukhabad
Uttar Pradesh,Wheat,2022,8,2022-08-01,Kannauj APMC,2287.23,kannauj,Kannauj
Uttar Pradesh,Wheat,2022,8,2022-08-01,Kanpur(Grain) APMC,2294.5,kanpur(grain),Jaunpur
Uttar Pradesh,Wheat,2022,8,2022-08-01,Karvi APMC,2214.8,karvi,Chitrakoot
Uttar Pradesh,Wheat,2022,8,2022-08-01,Kasganj APMC,2158.62,kasganj,Kasganj
Uttar Pradesh,Wheat,2022,8,2022-08-01,Kayamganj APMC,2326.85,kayamganj,Farrukhabad
Uttar Pradesh,Wheat,2022,8,2022-08-01,Khaga APMC,2189.03,khaga,Fatehpur
Uttar Pradesh,Wheat,2022,8,2022-08-01,Khair APMC,2179.16,khair,Aligarh
Uttar Pradesh,Wheat,2022,8,2022-08-01,Khairagarh APMC,2040.02,khairagarh,Agra
Uttar Pradesh,Wheat,2022,8,2022-08-01,Khurja APMC,2319.79,khurja,Bulandshahr
Uttar Pradesh,Wheat,2022,8,2022-08-01,Kishunpur APMC,2193.79,kishunpur,Bahraich
Uttar Pradesh,Wheat,2022,8,2022-08-01,Konch APMC,,konch,Jalaun
Uttar Pradesh,Wheat,2022,8,2022-08-01,Kopaganj APMC,2120.0,kopaganj,
Uttar Pradesh,Wheat,2022,8,2022-08-01,Kosikalan APMC,2280.34,kosikalan,Mathura
Uttar Pradesh,Wheat,2022,8,2022-08-01,Kurara APMC,2106.28,kurara,Hamirpur
Uttar Pradesh,Wheat,2022,8,2022-08-01,Lakhimpur APMC,2260.87,lakhimpur,Lalitpur
Uttar Pradesh,Wheat,2022,8,2022-08-01,Lalganj APMC,2272.54,lalganj,Rae Bareli
Uttar Pradesh,Wheat,2022,8,2022-08-01,Lalitpur APMC,2164.81,lalitpur,Lalitpur
Uttar Pradesh,Wheat,2022,8,2022-08-01,Lucknow APMC,2265.46,lucknow,Lucknow
Uttar Pradesh,Wheat,2022,8,2022-08-01,Madhoganj APMC,2258.08,madhoganj,Hardoi
Uttar Pradesh,Wheat,2022,8,2022-08-01,Madhogarh APMC,2201.0,madhogarh,Jalaun
Uttar Pradesh,Wheat,2022,8,2022-08-01,Mahoba APMC,2235.31,mahoba,Mahoba
Uttar Pradesh,Wheat,2022,8,2022-08-01,Maigalganj APMC,2194.65,maigalganj,Gorakhpur
Uttar Pradesh,Wheat,2022,8,2022-08-01,Mainpuri APMC,2291.9,mainpuri,Mainpuri
Uttar Pradesh,Wheat,2022,8,2022-08-01,Mathura APMC,2285.73,mathura,Mathura
Uttar Pradesh,Wheat,2022,8,2022-08-01,Mau(Chitrakut) APMC,2295.28,mau(chitrakut),Chitrakut
Uttar Pradesh,Wheat,2022,8,2022-08-01,Maudaha APMC,2188.26,maudaha,Hamirpur
Uttar Pradesh,Wheat,2022,8,2022-08-01,Mauranipur APMC,2259.38,mauranipur,Jhansi
Uttar Pradesh,Wheat,2022,8,2022-08-01,Mawana APMC,2299.98,mawana,Meerut
Uttar Pradesh,Wheat,2022,8,2022-08-01,Meerut APMC,2318.8,meerut,Meerut
Uttar Pradesh,Wheat,2022,8,2022-08-01,Mehmoodabad APMC,,mehmoodabad,Sitapur
Uttar Pradesh,Wheat,2022,8,2022-08-01,Mehrauni APMC,2100.0,mehrauni,Lalitpur
Uttar Pradesh,Wheat,2022,8,2022-08-01,Milak APMC,2138.26,milak,Rampur
Uttar Pradesh,Wheat,2022,8,2022-08-01,Mirzapur APMC,2196.75,mirzapur,Mirzapur
Uttar Pradesh,Wheat,2022,8,2022-08-01,Mohamadabad APMC,2262.5,mohamadabad,Farrukhabad
Uttar Pradesh,Wheat,2022,8,2022-08-01,Mohammdi APMC,2256.02,mohammdi,Kheri
Uttar Pradesh,Wheat,2022,8,2022-08-01,Moth APMC,2225.96,moth,Jhansi
Uttar Pradesh,Wheat,2022,8,2022-08-01,Mugrabaadshahpur APMC,2178.97,mugrabaadshahpur,Jaunpur
Uttar Pradesh,Wheat,2022,8,2022-08-01,Muradabad APMC,2161.79,muradabad,Sambhal
Uttar Pradesh,Wheat,2022,8,2022-08-01,Muradnagar APMC,2300.0,muradnagar,Ghaziabad
Uttar Pradesh,Wheat,2022,8,2022-08-01,Muskara APMC,2252.96,muskara,Mahoba
Uttar Pradesh,Wheat,2022,8,2022-08-01,Muzzafarnagar APMC,2292.47,muzzafarnagar,Muzaffarnagar
Uttar Pradesh,Wheat,2022,8,2022-08-01,Naanpara APMC,2311.53,naanpara,Bahraich
Uttar Pradesh,Wheat,2022,8,2022-08-01,Najibabad APMC,2197.35,najibabad,Bijnor
Uttar Pradesh,Wheat,2022,8,2022-08-01,Naugarh APMC,2061.77,naugarh,Siddharthnagar
Uttar Pradesh,Wheat,2022,8,2022-08-01,Nautnava APMC,2076.14,nautnava,Maharajganj
Uttar Pradesh,Wheat,2022,8,2022-08-01,Nawabganj APMC,2162.45,nawabganj,Gonda
Uttar Pradesh,Wheat,2022,8,2022-08-01,Orai APMC,2292.87,orai,Jalaun
Uttar Pradesh,Wheat,2022,8,2022-08-01,Paliakala APMC,,paliakala,Kheri
Uttar Pradesh,Wheat,2022,8,2022-08-01,Panchpedwa APMC,2290.24,panchpedwa,Balrampur
Uttar Pradesh,Wheat,2022,8,2022-08-01,Partaval APMC,2110.41,partaval,Mahrajganj
Uttar Pradesh,Wheat,2022,8,2022-08-01,Pilibhit APMC,2080.65,pilibhit,Pilibhit
Uttar Pradesh,Wheat,2022,8,2022-08-01,Powayan APMC,2224.0,powayan,Shahjahanpur
Uttar Pradesh,Wheat,2022,8,2022-08-01,Pratapgarh APMC,2297.56,pratapgarh,Pratapgarh
Uttar Pradesh,Wheat,2022,8,2022-08-01,Prayagraj APMC,2363.01,prayagraj,Prayagraj
Uttar Pradesh,Wheat,2022,8,2022-08-01,Pukharayan APMC,2226.2,pukharayan,Kanpur Dehat
Uttar Pradesh,Wheat,2022,8,2022-08-01,Puranpur APMC,2091.85,puranpur,Pilibhit
Uttar Pradesh,Wheat,2022,8,2022-08-01,Purwa APMC,2268.72,purwa,Unnao
Uttar Pradesh,Wheat,2022,8,2022-08-01,Raath APMC,2271.68,raath,Hamirpur
Uttar Pradesh,Wheat,2022,8,2022-08-01,Raibareilly APMC,2233.91,raibareilly,Rae Bareli
Uttar Pradesh,Wheat,2022,8,2022-08-01,Rampur APMC,2141.93,rampur,Rampur
Uttar Pradesh,Wheat,2022,8,2022-08-01,Rasda APMC,2174.43,rasda,Ballia
Uttar Pradesh,Wheat,2022,8,2022-08-01,Richha APMC,2067.97,richha,Bareilly
Uttar Pradesh,Wheat,2022,8,2022-08-01,Robertsganj APMC,2281.75,robertsganj,Sonbhadra
Uttar Pradesh,Wheat,2022,8,2022-08-01,Rura APMC,2187.37,rura,Kanpur Dehat
Uttar Pradesh,Wheat,2022,8,2022-08-01,Safdarganj APMC,2025.97,safdarganj,Barabanki
Uttar Pradesh,Wheat,2022,8,2022-08-01,Saharanpur APMC,2267.04,saharanpur,Saharanpur
Uttar Pradesh,Wheat,2022,8,2022-08-01,Sahiyapur APMC,2115.81,sahiyapur,Siddharthnagar
Uttar Pradesh,Wheat,2022,8,2022-08-01,Salon APMC,2060.01,salon,Rae Bareli
Uttar Pradesh,Wheat,2022,8,2022-08-01,Samsabad APMC,2294.79,samsabad,Agra
Uttar Pradesh,Wheat,2022,8,2022-08-01,Sandi APMC,2162.03,sandi,Hardoi
Uttar Pradesh,Wheat,2022,8,2022-08-01,Sandila APMC,2227.67,sandila,Hardoi
Uttar Pradesh,Wheat,2022,8,2022-08-01,Sehjanwa APMC,2051.94,sehjanwa,Gorakhpur
Uttar Pradesh,Wheat,2022,8,2022-08-01,Shahabad APMC,2168.1,shahabad,Hardoi
Uttar Pradesh,Wheat,2022,8,2022-08-01,Shahabad(New Mandi) APMC,2173.66,shahabad(new mandi),Hardoi
Uttar Pradesh,Wheat,2022,8,2022-08-01,Shahganj APMC,2199.82,shahganj,Jaunpur
Uttar Pradesh,Wheat,2022,8,2022-08-01,Shahjahanpur APMC,2251.8,shahjahanpur,Shahjahanpur
Uttar Pradesh,Wheat,2022,8,2022-08-01,Shahpur APMC,2067.36,shahpur,Muzaffarnagar
Uttar Pradesh,Wheat,2022,8,2022-08-01,Shamli APMC,2284.25,shamli,Shamli
Uttar Pradesh,Wheat,2022,8,2022-08-01,Shikohabad APMC,2258.26,shikohabad,Firozabad
Uttar Pradesh,Wheat,2022,8,2022-08-01,Sikandraraau APMC,2198.53,sikandraraau,Hathras
Uttar Pradesh,Wheat,2022,8,2022-08-01,Sikarpur APMC,2174.77,sikarpur,Bulandshahar
Uttar Pradesh,Wheat,2022,8,2022-08-01,Sirsa APMC,2255.04,sirsa,Gautam Buddha Nagar
Uttar Pradesh,Wheat,2022,8,2022-08-01,Sirsaganj APMC,2300.68,sirsaganj,Firozabad
Uttar Pradesh,Wheat,2022,8,2022-08-01,Sitapur APMC,2295.34,sitapur,Sitapur
Uttar Pradesh,Wheat,2022,8,2022-08-01,Siyana APMC,,siyana,Bulandshahar
Uttar Pradesh,Wheat,2022,8,2022-08-01,Sultanpur APMC,2286.74,sultanpur,Amethi
Uttar Pradesh,Wheat,2022,8,2022-08-01,Tamkuhi road APMC,2130.0,tamkuhi road,Kushinagar
Uttar Pradesh,Wheat,2022,8,2022-08-01,Thanabhawan APMC,2077.87,thanabhawan,Shamli
Uttar Pradesh,Wheat,2022,8,2022-08-01,Tikonia APMC,2273.22,tikonia,Kheri
Uttar Pradesh,Wheat,2022,8,2022-08-01,Tilhar APMC,,tilhar,Shahjahanpur
Uttar Pradesh,Wheat,2022,8,2022-08-01,Tulsipur APMC,2208.28,tulsipur,Balrampur
Uttar Pradesh,Wheat,2022,8,2022-08-01,Tundla APMC,2313.24,tundla,Firozabad
Uttar Pradesh,Wheat,2022,8,2022-08-01,Ujhani APMC,2329.74,ujhani,Budaun
Uttar Pradesh,Wheat,2022,8,2022-08-01,Unnao APMC,2270.54,unnao,Unnao
Uttar Pradesh,Wheat,2022,8,2022-08-01,Uttaripura APMC,2010.0,uttaripura,Jaunpur
Uttar Pradesh,Wheat,2022,8,2022-08-01,Varanasi APMC,2205.18,varanasi,Varanasi
Uttar Pradesh,Wheat,2022,8,2022-08-01,Viswan APMC,2244.76,viswan,Sitapur
Uttar Pradesh,Wheat,2022,8,2022-08-01,Wazirganj APMC,2176.22,wazirganj,Budaun
Uttar Pradesh,Wheat,2022,8,2022-08-01,Yusufpur APMC,2201.82,yusufpur,Ghazipur
Uttar Pradesh,Wheat,2022,9,2022-09-01,Achalda APMC,2299.66,achalda,Auraiya
Uttar Pradesh,Wheat,2022,9,2022-09-01,Achnera APMC,2310.0,achnera,Agra
Uttar Pradesh,Wheat,2022,9,2022-09-01,Agra APMC,2332.36,agra,Agra
Uttar Pradesh,Wheat,2022,9,2022-09-01,Ahirora APMC,2223.16,ahirora,Mirzapur
Uttar Pradesh,Wheat,2022,9,2022-09-01,Ait APMC,2317.31,ait,Jalaun
Uttar Pradesh,Wheat,2022,9,2022-09-01,Ajuha APMC,2323.67,ajuha,Prayagraj
Uttar Pradesh,Wheat,2022,9,2022-09-01,Akbarpur APMC,2369.04,akbarpur,Ambedkarnagar
Uttar Pradesh,Wheat,2022,9,2022-09-01,Aliganj APMC,2197.68,aliganj,Etah
Uttar Pradesh,Wheat,2022,9,2022-09-01,Aligarh APMC,2326.93,aligarh,Aligarh
Uttar Pradesh,Wheat,2022,9,2022-09-01,Amroha APMC,2256.43,amroha,Amroha
Uttar Pradesh,Wheat,2022,9,2022-09-01,Anandnagar APMC,2157.13,anandnagar,Mahrajganj
Uttar Pradesh,Wheat,2022,9,2022-09-01,Anoop Shahar APMC,2310.0,anoop shahar,Bulandshahr
Uttar Pradesh,Wheat,2022,9,2022-09-01,Atarra APMC,2247.45,atarra,Banda
Uttar Pradesh,Wheat,2022,9,2022-09-01,Atrauli APMC,2210.62,atrauli,Aligarh
Uttar Pradesh,Wheat,2022,9,2022-09-01,Auraiya APMC,2297.05,auraiya,Auraiya
Uttar Pradesh,Wheat,2022,9,2022-09-01,Ayodhya APMC,2367.68,ayodhya,Ayodhya
Uttar Pradesh,Wheat,2022,9,2022-09-01,Azamgarh APMC,2164.16,azamgarh,Azamgarh
Uttar Pradesh,Wheat,2022,9,2022-09-01,Baberu APMC,2257.5,baberu,Banda
Uttar Pradesh,Wheat,2022,9,2022-09-01,Babrala APMC,2249.46,babrala,Budaun
Uttar Pradesh,Wheat,2022,9,2022-09-01,Bachranwa APMC,2256.01,bachranwa,Rae Bareli
Uttar Pradesh,Wheat,2022,9,2022-09-01,Badayoun APMC,2264.61,badayoun,Budaun
Uttar Pradesh,Wheat,2022,9,2022-09-01,Badda APMC,2062.32,badda,Shahjahanpur
Uttar Pradesh,Wheat,2022,9,2022-09-01,Bahraich APMC,2378.4,bahraich,Bahraich
Uttar Pradesh,Wheat,2022,9,2022-09-01,Ballia APMC,2236.43,ballia,Ballia
Uttar Pradesh,Wheat,2022,9,2022-09-01,Balrampur APMC,2289.01,balrampur,Balrampur
Uttar Pradesh,Wheat,2022,9,2022-09-01,Banda APMC,2245.58,banda,Banda
Uttar Pradesh,Wheat,2022,9,2022-09-01,Bangarmau APMC,2306.86,bangarmau,Unnao
Uttar Pradesh,Wheat,2022,9,2022-09-01,Bansi APMC,,bansi,Siddharthnagar
Uttar Pradesh,Wheat,2022,9,2022-09-01,Barabanki APMC,2292.38,barabanki,Bara Banki
Uttar Pradesh,Wheat,2022,9,2022-09-01,Bareilly APMC,2247.0,bareilly,Bareilly
Uttar Pradesh,Wheat,2022,9,2022-09-01,Barhaj APMC,2164.95,barhaj,Deoria
Uttar Pradesh,Wheat,2022,9,2022-09-01,Baripaal APMC,2248.35,baripaal,Jaunpur
Uttar Pradesh,Wheat,2022,9,2022-09-01,Basti APMC,2175.72,basti,Basti
Uttar Pradesh,Wheat,2022,9,2022-09-01,Bewar APMC,2119.06,bewar,Mainpuri
Uttar Pradesh,Wheat,2022,9,2022-09-01,Bharthna APMC,2310.61,bharthna,Etawah
Uttar Pradesh,Wheat,2022,9,2022-09-01,Bharuasumerpur APMC,2269.07,bharuasumerpur,Hamirpur
Uttar Pradesh,Wheat,2022,9,2022-09-01,Bharwari APMC,2309.44,bharwari,Kaushambi
Uttar Pradesh,Wheat,2022,9,2022-09-01,Bhehjoi APMC,2140.81,bhehjoi,Sambhal
Uttar Pradesh,Wheat,2022,9,2022-09-01,Bijnaur APMC,2239.59,bijnaur,Bijnor
Uttar Pradesh,Wheat,2022,9,2022-09-01,Bilsi APMC,2320.19,bilsi,Budaun
Uttar Pradesh,Wheat,2022,9,2022-09-01,Bindki APMC,2390.9,bindki,Fatehpur
Uttar Pradesh,Wheat,2022,9,2022-09-01,Bishalpur APMC,2232.5,bishalpur,Pilibhit
Uttar Pradesh,Wheat,2022,9,2022-09-01,Buland Shahr APMC,2322.01,buland shahr,Bulandshahr
Uttar Pradesh,Wheat,2022,9,2022-09-01,Chandausi APMC,2248.23,chandausi,Sambhal
Uttar Pradesh,Wheat,2022,9,2022-09-01,Chandoli APMC,2244.02,chandoli,Chandauli
Uttar Pradesh,Wheat,2022,9,2022-09-01,Charkhari APMC,2181.23,charkhari,Mahoba
Uttar Pradesh,Wheat,2022,9,2022-09-01,Charra APMC,2318.79,charra,Aligarh
Uttar Pradesh,Wheat,2022,9,2022-09-01,Chhibramau APMC,2218.11,chhibramau,Kannauj
Uttar Pradesh,Wheat,2022,9,2022-09-01,Chirgaon APMC,2269.91,chirgaon,Jhansi
Uttar Pradesh,Wheat,2022,9,2022-09-01,Chorichora APMC,2164.66,chorichora,Gorakhpur
Uttar Pradesh,Wheat,2022,9,2022-09-01,Choubepur APMC,2322.87,choubepur,Jaunpur
Uttar Pradesh,Wheat,2022,9,2022-09-01,Colonelganj APMC,2120.76,colonelganj,Gonda
Uttar Pradesh,Wheat,2022,9,2022-09-01,DADRI APMC,2330.11,dadri,Gautam Buddha Nagar
Uttar Pradesh,Wheat,2022,9,2022-09-01,Dankaur APMC,2268.62,dankaur,Gautam Buddha Nagar
Uttar Pradesh,Wheat,2022,9,2022-09-01,Dataganj APMC,2050.0,dataganj,Badaun
Uttar Pradesh,Wheat,2022,9,2022-09-01,Devariya APMC,2188.39,devariya,Deoria
Uttar Pradesh,Wheat,2022,9,2022-09-01,Dhanaura APMC,2025.16,dhanaura,Amroha
Uttar Pradesh,Wheat,2022,9,2022-09-01,Dibiapur APMC,2245.81,dibiapur,Auraiya
Uttar Pradesh,Wheat,2022,9,2022-09-01,Divai APMC,2105.91,divai,Bulandshahar
Uttar Pradesh,Wheat,2022,9,2022-09-01,Doharighat APMC,2210.0,doharighat,Azamgarh
Uttar Pradesh,Wheat,2022,9,2022-09-01,Dudhi APMC,,dudhi,Sonbhadra
Uttar Pradesh,Wheat,2022,9,2022-09-01,Etah APMC,2329.95,etah,Etah
Uttar Pradesh,Wheat,2022,9,2022-09-01,Etawah APMC,2328.66,etawah,Etawah
Uttar Pradesh,Wheat,2022,9,2022-09-01,Farukhabad APMC,2351.01,farukhabad,Farrukhabad
Uttar Pradesh,Wheat,2022,9,2022-09-01,Fatehabad APMC,2329.77,fatehabad,Agra
Uttar Pradesh,Wheat,2022,9,2022-09-01,Fatehpur APMC,2303.27,fatehpur,Fatehpur
Uttar Pradesh,Wheat,2022,9,2022-09-01,Fatehpur Sikri APMC,2330.06,fatehpur sikri,Agra
Uttar Pradesh,Wheat,2022,9,2022-09-01,Firozabad APMC,2412.24,firozabad,Firozabad
Uttar Pradesh,Wheat,2022,9,2022-09-01,Gadaura APMC,,gadaura,Maharajganj
Uttar Pradesh,Wheat,2022,9,2022-09-01,Gazipur APMC,2233.72,gazipur,Azamgarh
Uttar Pradesh,Wheat,2022,9,2022-09-01,Ghaziabad APMC,2367.26,ghaziabad,Ghaziabad
Uttar Pradesh,Wheat,2022,9,2022-09-01,Ghiraur APMC,2287.03,ghiraur,Mainpuri
Uttar Pradesh,Wheat,2022,9,2022-09-01,Golagokarnath APMC,2271.93,golagokarnath,Lalitpur
Uttar Pradesh,Wheat,2022,9,2022-09-01,Gonda APMC,2279.92,gonda,Gonda
Uttar Pradesh,Wheat,2022,9,2022-09-01,Gopiganj APMC,2220.69,gopiganj,Bhadohi
Uttar Pradesh,Wheat,2022,9,2022-09-01,Gorakhpur APMC,2171.05,gorakhpur,Gorakhpur
Uttar Pradesh,Wheat,2022,9,2022-09-01,Gurusarai APMC,2271.36,gurusarai,Jhansi
Uttar Pradesh,Wheat,2022,9,2022-09-01,Haathras APMC,2349.56,haathras,Hathras
Uttar Pradesh,Wheat,2022,9,2022-09-01,Haldaur APMC,,haldaur,Bijnor
Uttar Pradesh,Wheat,2022,9,2022-09-01,Hamirpur APMC,,hamirpur,Hamirpur
Uttar Pradesh,Wheat,2022,9,2022-09-01,Hapur APMC,2336.1,hapur,Ghaziabad
Uttar Pradesh,Wheat,2022,9,2022-09-01,Hardoi APMC,2330.56,hardoi,Hardoi
Uttar Pradesh,Wheat,2022,9,2022-09-01,Hargaon (Laharpur) APMC,2345.1,hargaon (laharpur),Sitapur
Uttar Pradesh,Wheat,2022,9,2022-09-01,Jafarganj APMC,2343.47,jafarganj,Amethi
Uttar Pradesh,Wheat,2022,9,2022-09-01,Jagnair APMC,2238.98,jagnair,Agra
Uttar Pradesh,Wheat,2022,9,2022-09-01,Jahanabad APMC,2138.6,jahanabad,Fatehpur
Uttar Pradesh,Wheat,2022,9,2022-09-01,Jahangirabad APMC,2310.0,jahangirabad,Bulandshahar
Uttar Pradesh,Wheat,2022,9,2022-09-01,Jalaun APMC,2264.96,jalaun,Jalaun
Uttar Pradesh,Wheat,2022,9,2022-09-01,Jamanian APMC,2600.0,jamanian,Ghazipur
Uttar Pradesh,Wheat,2022,9,2022-09-01,Jangipura APMC,2203.69,jangipura,Ghazipur
Uttar Pradesh,Wheat,2022,9,2022-09-01,Jasra APMC,2323.16,jasra,Prayagraj
Uttar Pradesh,Wheat,2022,9,2022-09-01,Jaunpur APMC,2227.0,jaunpur,Jaunpur
Uttar Pradesh,Wheat,2022,9,2022-09-01,Jayas APMC,2312.23,jayas,Rae Bareli
Uttar Pradesh,Wheat,2022,9,2022-09-01,Jhansi APMC,2300.44,jhansi,Jhansi
Uttar Pradesh,Wheat,2022,9,2022-09-01,Jhijhank APMC,2301.8,jhijhank,Kanpur Dehat
Uttar Pradesh,Wheat,2022,9,2022-09-01,Kadaura APMC,2152.13,kadaura,Jalaun
Uttar Pradesh,Wheat,2022,9,2022-09-01,Kalpi APMC,2240.26,kalpi,Jalaun
Uttar Pradesh,Wheat,2022,9,2022-09-01,Kannauj APMC,2350.56,kannauj,Kannauj
Uttar Pradesh,Wheat,2022,9,2022-09-01,Kanpur(Grain) APMC,2379.42,kanpur(grain),Jaunpur
Uttar Pradesh,Wheat,2022,9,2022-09-01,Karvi APMC,2229.05,karvi,Chitrakoot
Uttar Pradesh,Wheat,2022,9,2022-09-01,Kasganj APMC,2333.02,kasganj,Kasganj
Uttar Pradesh,Wheat,2022,9,2022-09-01,Kayamganj APMC,2341.0,kayamganj,Farrukhabad
Uttar Pradesh,Wheat,2022,9,2022-09-01,Khaga APMC,2283.39,khaga,Fatehpur
Uttar Pradesh,Wheat,2022,9,2022-09-01,Khair APMC,2222.21,khair,Aligarh
Uttar Pradesh,Wheat,2022,9,2022-09-01,Khairagarh APMC,2116.91,khairagarh,Agra
Uttar Pradesh,Wheat,2022,9,2022-09-01,Khurja APMC,2324.32,khurja,Bulandshahr
Uttar Pradesh,Wheat,2022,9,2022-09-01,Kishunpur APMC,2276.49,kishunpur,Bahraich
Uttar Pradesh,Wheat,2022,9,2022-09-01,Konch APMC,2244.89,konch,Jalaun
Uttar Pradesh,Wheat,2022,9,2022-09-01,Kopaganj APMC,2175.59,kopaganj,
Uttar Pradesh,Wheat,2022,9,2022-09-01,Kosikalan APMC,2301.93,kosikalan,Mathura
Uttar Pradesh,Wheat,2022,9,2022-09-01,Kurara APMC,2100.0,kurara,Hamirpur
Uttar Pradesh,Wheat,2022,9,2022-09-01,Lakhimpur APMC,2277.2,lakhimpur,Lalitpur
Uttar Pradesh,Wheat,2022,9,2022-09-01,Lalganj APMC,2274.36,lalganj,Rae Bareli
Uttar Pradesh,Wheat,2022,9,2022-09-01,Lalitpur APMC,2266.0,lalitpur,Lalitpur
Uttar Pradesh,Wheat,2022,9,2022-09-01,Lucknow APMC,2359.16,lucknow,Lucknow
Uttar Pradesh,Wheat,2022,9,2022-09-01,Madhoganj APMC,2310.01,madhoganj,Hardoi
Uttar Pradesh,Wheat,2022,9,2022-09-01,Madhogarh APMC,2209.65,madhogarh,Jalaun
Uttar Pradesh,Wheat,2022,9,2022-09-01,Mahoba APMC,2271.82,mahoba,Mahoba
Uttar Pradesh,Wheat,2022,9,2022-09-01,Maigalganj APMC,2199.58,maigalganj,Gorakhpur
Uttar Pradesh,Wheat,2022,9,2022-09-01,Mainpuri APMC,2291.23,mainpuri,Mainpuri
Uttar Pradesh,Wheat,2022,9,2022-09-01,Mathura APMC,2316.17,mathura,Mathura
Uttar Pradesh,Wheat,2022,9,2022-09-01,Mau(Chitrakut) APMC,2292.81,mau(chitrakut),Chitrakut
Uttar Pradesh,Wheat,2022,9,2022-09-01,Maudaha APMC,2215.94,maudaha,Hamirpur
Uttar Pradesh,Wheat,2022,9,2022-09-01,Mauranipur APMC,2291.53,mauranipur,Jhansi
Uttar Pradesh,Wheat,2022,9,2022-09-01,Mawana APMC,2336.84,mawana,Meerut
Uttar Pradesh,Wheat,2022,9,2022-09-01,Meerut APMC,2365.07,meerut,Meerut
Uttar Pradesh,Wheat,2022,9,2022-09-01,Mehmoodabad APMC,,mehmoodabad,Sitapur
Uttar Pradesh,Wheat,2022,9,2022-09-01,Mehrauni APMC,2100.0,mehrauni,Lalitpur
Uttar Pradesh,Wheat,2022,9,2022-09-01,Milak APMC,2247.93,milak,Rampur
Uttar Pradesh,Wheat,2022,9,2022-09-01,Mirzapur APMC,2265.64,mirzapur,Mirzapur
Uttar Pradesh,Wheat,2022,9,2022-09-01,Mohamadabad APMC,2311.26,mohamadabad,Farrukhabad
Uttar Pradesh,Wheat,2022,9,2022-09-01,Mohammdi APMC,2275.86,mohammdi,Kheri
Uttar Pradesh,Wheat,2022,9,2022-09-01,Moth APMC,2274.85,moth,Jhansi
Uttar Pradesh,Wheat,2022,9,2022-09-01,Mugrabaadshahpur APMC,2228.3,mugrabaadshahpur,Jaunpur
Uttar Pradesh,Wheat,2022,9,2022-09-01,Muradabad APMC,2254.47,muradabad,Sambhal
Uttar Pradesh,Wheat,2022,9,2022-09-01,Muradnagar APMC,2340.0,muradnagar,Ghaziabad
Uttar Pradesh,Wheat,2022,9,2022-09-01,Muskara APMC,2235.75,muskara,Mahoba
Uttar Pradesh,Wheat,2022,9,2022-09-01,Muzzafarnagar APMC,2347.08,muzzafarnagar,Muzaffarnagar
Uttar Pradesh,Wheat,2022,9,2022-09-01,Naanpara APMC,2377.3,naanpara,Bahraich
Uttar Pradesh,Wheat,2022,9,2022-09-01,Najibabad APMC,2231.9,najibabad,Bijnor
Uttar Pradesh,Wheat,2022,9,2022-09-01,Naugarh APMC,2165.2,naugarh,Siddharthnagar
Uttar Pradesh,Wheat,2022,9,2022-09-01,Nautnava APMC,2158.53,nautnava,Maharajganj
Uttar Pradesh,Wheat,2022,9,2022-09-01,Nawabganj APMC,2291.01,nawabganj,Gonda
Uttar Pradesh,Wheat,2022,9,2022-09-01,Orai APMC,2277.97,orai,Jalaun
Uttar Pradesh,Wheat,2022,9,2022-09-01,Paliakala APMC,,paliakala,Kheri
Uttar Pradesh,Wheat,2022,9,2022-09-01,Panchpedwa APMC,2326.11,panchpedwa,Balrampur
Uttar Pradesh,Wheat,2022,9,2022-09-01,Partaval APMC,2213.12,partaval,Mahrajganj
Uttar Pradesh,Wheat,2022,9,2022-09-01,Pilibhit APMC,2254.92,pilibhit,Pilibhit
Uttar Pradesh,Wheat,2022,9,2022-09-01,Powayan APMC,2269.74,powayan,Shahjahanpur
Uttar Pradesh,Wheat,2022,9,2022-09-01,Pratapgarh APMC,2373.88,pratapgarh,Pratapgarh
Uttar Pradesh,Wheat,2022,9,2022-09-01,Prayagraj APMC,2317.5,prayagraj,Prayagraj
Uttar Pradesh,Wheat,2022,9,2022-09-01,Pukharayan APMC,2309.94,pukharayan,Kanpur Dehat
Uttar Pradesh,Wheat,2022,9,2022-09-01,Puranpur APMC,2235.96,puranpur,Pilibhit
Uttar Pradesh,Wheat,2022,9,2022-09-01,Purwa APMC,2298.74,purwa,Unnao
Uttar Pradesh,Wheat,2022,9,2022-09-01,Raath APMC,2240.59,raath,Hamirpur
Uttar Pradesh,Wheat,2022,9,2022-09-01,Raibareilly APMC,2272.49,raibareilly,Rae Bareli
Uttar Pradesh,Wheat,2022,9,2022-09-01,Rampur APMC,2231.62,rampur,Rampur
Uttar Pradesh,Wheat,2022,9,2022-09-01,Rasda APMC,2219.98,rasda,Ballia
Uttar Pradesh,Wheat,2022,9,2022-09-01,Richha APMC,2091.07,richha,Bareilly
Uttar Pradesh,Wheat,2022,9,2022-09-01,Robertsganj APMC,2350.59,robertsganj,Sonbhadra
Uttar Pradesh,Wheat,2022,9,2022-09-01,Rura APMC,2200.0,rura,Kanpur Dehat
Uttar Pradesh,Wheat,2022,9,2022-09-01,Safdarganj APMC,2229.68,safdarganj,Barabanki
Uttar Pradesh,Wheat,2022,9,2022-09-01,Saharanpur APMC,2345.42,saharanpur,Saharanpur
Uttar Pradesh,Wheat,2022,9,2022-09-01,Sahiyapur APMC,2192.03,sahiyapur,Siddharthnagar
Uttar Pradesh,Wheat,2022,9,2022-09-01,Salon APMC,2224.57,salon,Rae Bareli
Uttar Pradesh,Wheat,2022,9,2022-09-01,Samsabad APMC,2351.04,samsabad,Agra
Uttar Pradesh,Wheat,2022,9,2022-09-01,Sandi APMC,2161.52,sandi,Hardoi
Uttar Pradesh,Wheat,2022,9,2022-09-01,Sandila APMC,2311.19,sandila,Hardoi
Uttar Pradesh,Wheat,2022,9,2022-09-01,Sehjanwa APMC,2173.07,sehjanwa,Gorakhpur
Uttar Pradesh,Wheat,2022,9,2022-09-01,Shahabad APMC,2249.69,shahabad,Hardoi
Uttar Pradesh,Wheat,2022,9,2022-09-01,Shahabad(New Mandi) APMC,2300.0,shahabad(new mandi),Hardoi
Uttar Pradesh,Wheat,2022,9,2022-09-01,Shahganj APMC,2219.28,shahganj,Jaunpur
Uttar Pradesh,Wheat,2022,9,2022-09-01,Shahjahanpur APMC,2283.68,shahjahanpur,Shahjahanpur
Uttar Pradesh,Wheat,2022,9,2022-09-01,Shahpur APMC,2152.5,shahpur,Muzaffarnagar
Uttar Pradesh,Wheat,2022,9,2022-09-01,Shamli APMC,2334.87,shamli,Shamli
Uttar Pradesh,Wheat,2022,9,2022-09-01,Shikohabad APMC,2242.94,shikohabad,Firozabad
Uttar Pradesh,Wheat,2022,9,2022-09-01,Sikandraraau APMC,2282.62,sikandraraau,Hathras
Uttar Pradesh,Wheat,2022,9,2022-09-01,Sikarpur APMC,2202.98,sikarpur,Bulandshahar
Uttar Pradesh,Wheat,2022,9,2022-09-01,Sirsa APMC,2406.22,sirsa,Gautam Buddha Nagar
Uttar Pradesh,Wheat,2022,9,2022-09-01,Sirsaganj APMC,2293.36,sirsaganj,Firozabad
Uttar Pradesh,Wheat,2022,9,2022-09-01,Sitapur APMC,2311.81,sitapur,Sitapur
Uttar Pradesh,Wheat,2022,9,2022-09-01,Sultanpur APMC,2347.58,sultanpur,Amethi
Uttar Pradesh,Wheat,2022,9,2022-09-01,Tamkuhi road APMC,2240.0,tamkuhi road,Kushinagar
Uttar Pradesh,Wheat,2022,9,2022-09-01,Thanabhawan APMC,2098.46,thanabhawan,Shamli
Uttar Pradesh,Wheat,2022,9,2022-09-01,Tikonia APMC,2206.33,tikonia,Kheri
Uttar Pradesh,Wheat,2022,9,2022-09-01,Tulsipur APMC,2284.24,tulsipur,Balrampur
Uttar Pradesh,Wheat,2022,9,2022-09-01,Tundla APMC,2415.39,tundla,Firozabad
Uttar Pradesh,Wheat,2022,9,2022-09-01,Ujhani APMC,2212.94,ujhani,Budaun
Uttar Pradesh,Wheat,2022,9,2022-09-01,Unnao APMC,2314.99,unnao,Unnao
Uttar Pradesh,Wheat,2022,9,2022-09-01,Uttaripura APMC,2100.41,uttaripura,Jaunpur
Uttar Pradesh,Wheat,2022,9,2022-09-01,Varanasi APMC,2254.62,varanasi,Varanasi
Uttar Pradesh,Wheat,2022,9,2022-09-01,Viswan APMC,2293.63,viswan,Sitapur
Uttar Pradesh,Wheat,2022,9,2022-09-01,Wazirganj APMC,2258.48,wazirganj,Budaun
Uttar Pradesh,Wheat,2022,9,2022-09-01,Yusufpur APMC,2210.71,yusufpur,Ghazipur
Uttar Pradesh,Wheat,2022,10,2022-10-01,Achalda APMC,2324.32,achalda,Auraiya
Uttar Pradesh,Wheat,2022,10,2022-10-01,Achnera APMC,2435.0,achnera,Agra
Uttar Pradesh,Wheat,2022,10,2022-10-01,Agra APMC,2405.35,agra,Agra
Uttar Pradesh,Wheat,2022,10,2022-10-01,Ahirora APMC,2293.48,ahirora,Mirzapur
Uttar Pradesh,Wheat,2022,10,2022-10-01,Ait APMC,2343.76,ait,Jalaun
Uttar Pradesh,Wheat,2022,10,2022-10-01,Ajuha APMC,2324.6,ajuha,Prayagraj
Uttar Pradesh,Wheat,2022,10,2022-10-01,Akbarpur APMC,2394.58,akbarpur,Ambedkarnagar
Uttar Pradesh,Wheat,2022,10,2022-10-01,Aliganj APMC,2212.92,aliganj,Etah
Uttar Pradesh,Wheat,2022,10,2022-10-01,Aligarh APMC,2398.22,aligarh,Aligarh
Uttar Pradesh,Wheat,2022,10,2022-10-01,Amroha APMC,2310.95,amroha,Amroha
Uttar Pradesh,Wheat,2022,10,2022-10-01,Anandnagar APMC,2253.37,anandnagar,Mahrajganj
Uttar Pradesh,Wheat,2022,10,2022-10-01,Anoop Shahar APMC,,anoop shahar,Bulandshahr
Uttar Pradesh,Wheat,2022,10,2022-10-01,Atarra APMC,2286.67,atarra,Banda
Uttar Pradesh,Wheat,2022,10,2022-10-01,Atrauli APMC,2233.33,atrauli,Aligarh
Uttar Pradesh,Wheat,2022,10,2022-10-01,Auraiya APMC,2329.83,auraiya,Auraiya
Uttar Pradesh,Wheat,2022,10,2022-10-01,Ayodhya APMC,2395.37,ayodhya,Ayodhya
Uttar Pradesh,Wheat,2022,10,2022-10-01,Azamgarh APMC,2260.3,azamgarh,Azamgarh
Uttar Pradesh,Wheat,2022,10,2022-10-01,Baberu APMC,2322.8,baberu,Banda
Uttar Pradesh,Wheat,2022,10,2022-10-01,Babrala APMC,2118.07,babrala,Budaun
Uttar Pradesh,Wheat,2022,10,2022-10-01,Bachranwa APMC,2237.27,bachranwa,Rae Bareli
Uttar Pradesh,Wheat,2022,10,2022-10-01,Badayoun APMC,2311.54,badayoun,Budaun
Uttar Pradesh,Wheat,2022,10,2022-10-01,Badda APMC,,badda,Shahjahanpur
Uttar Pradesh,Wheat,2022,10,2022-10-01,Bahraich APMC,2382.54,bahraich,Bahraich
Uttar Pradesh,Wheat,2022,10,2022-10-01,Ballia APMC,2286.09,ballia,Ballia
Uttar Pradesh,Wheat,2022,10,2022-10-01,Balrampur APMC,2332.16,balrampur,Balrampur
Uttar Pradesh,Wheat,2022,10,2022-10-01,Banda APMC,2306.42,banda,Banda
Uttar Pradesh,Wheat,2022,10,2022-10-01,Bangarmau APMC,2331.65,bangarmau,Unnao
Uttar Pradesh,Wheat,2022,10,2022-10-01,Bansi APMC,2300.0,bansi,Siddharthnagar
Uttar Pradesh,Wheat,2022,10,2022-10-01,Barabanki APMC,2359.89,barabanki,Bara Banki
Uttar Pradesh,Wheat,2022,10,2022-10-01,Bareilly APMC,2307.64,bareilly,Bareilly
Uttar Pradesh,Wheat,2022,10,2022-10-01,Barhaj APMC,2264.41,barhaj,Deoria
Uttar Pradesh,Wheat,2022,10,2022-10-01,Baripaal APMC,2291.92,baripaal,Jaunpur
Uttar Pradesh,Wheat,2022,10,2022-10-01,Basti APMC,2278.45,basti,Basti
Uttar Pradesh,Wheat,2022,10,2022-10-01,Bewar APMC,2150.64,bewar,Mainpuri
Uttar Pradesh,Wheat,2022,10,2022-10-01,Bharthna APMC,2334.45,bharthna,Etawah
Uttar Pradesh,Wheat,2022,10,2022-10-01,Bharuasumerpur APMC,2322.27,bharuasumerpur,Hamirpur
Uttar Pradesh,Wheat,2022,10,2022-10-01,Bharwari APMC,2327.72,bharwari,Kaushambi
Uttar Pradesh,Wheat,2022,10,2022-10-01,Bhehjoi APMC,2148.82,bhehjoi,Sambhal
Uttar Pradesh,Wheat,2022,10,2022-10-01,Bijnaur APMC,2305.17,bijnaur,Bijnor
Uttar Pradesh,Wheat,2022,10,2022-10-01,Bilsi APMC,2374.94,bilsi,Budaun
Uttar Pradesh,Wheat,2022,10,2022-10-01,Bindki APMC,2397.67,bindki,Fatehpur
Uttar Pradesh,Wheat,2022,10,2022-10-01,Bishalpur APMC,2301.53,bishalpur,Pilibhit
Uttar Pradesh,Wheat,2022,10,2022-10-01,Buland Shahr APMC,2368.46,buland shahr,Bulandshahr
Uttar Pradesh,Wheat,2022,10,2022-10-01,Chandausi APMC,2302.27,chandausi,Sambhal
Uttar Pradesh,Wheat,2022,10,2022-10-01,Chandoli APMC,2289.33,chandoli,Chandauli
Uttar Pradesh,Wheat,2022,10,2022-10-01,Charkhari APMC,2208.89,charkhari,Mahoba
Uttar Pradesh,Wheat,2022,10,2022-10-01,Charra APMC,2387.22,charra,Aligarh
Uttar Pradesh,Wheat,2022,10,2022-10-01,Chhibramau APMC,2283.64,chhibramau,Kannauj
Uttar Pradesh,Wheat,2022,10,2022-10-01,Chirgaon APMC,2307.42,chirgaon,Jhansi
Uttar Pradesh,Wheat,2022,10,2022-10-01,Chorichora APMC,2299.27,chorichora,Gorakhpur
Uttar Pradesh,Wheat,2022,10,2022-10-01,Choubepur APMC,2342.27,choubepur,Jaunpur
Uttar Pradesh,Wheat,2022,10,2022-10-01,Colonelganj APMC,2173.52,colonelganj,Gonda
Uttar Pradesh,Wheat,2022,10,2022-10-01,DADRI APMC,2389.94,dadri,Gautam Buddha Nagar
Uttar Pradesh,Wheat,2022,10,2022-10-01,Dankaur APMC,2344.39,dankaur,Gautam Buddha Nagar
Uttar Pradesh,Wheat,2022,10,2022-10-01,Dataganj APMC,2050.0,dataganj,Badaun
Uttar Pradesh,Wheat,2022,10,2022-10-01,Devariya APMC,2268.8,devariya,Deoria
Uttar Pradesh,Wheat,2022,10,2022-10-01,Dhanaura APMC,2024.48,dhanaura,Amroha
Uttar Pradesh,Wheat,2022,10,2022-10-01,Dibiapur APMC,2310.41,dibiapur,Auraiya
Uttar Pradesh,Wheat,2022,10,2022-10-01,Divai APMC,2137.08,divai,Bulandshahar
Uttar Pradesh,Wheat,2022,10,2022-10-01,Doharighat APMC,2285.0,doharighat,Azamgarh
Uttar Pradesh,Wheat,2022,10,2022-10-01,Etah APMC,2382.6,etah,Etah
Uttar Pradesh,Wheat,2022,10,2022-10-01,Etawah APMC,2354.96,etawah,Etawah
Uttar Pradesh,Wheat,2022,10,2022-10-01,Farukhabad APMC,2333.17,farukhabad,Farrukhabad
Uttar Pradesh,Wheat,2022,10,2022-10-01,Fatehabad APMC,2015.0,fatehabad,Agra
Uttar Pradesh,Wheat,2022,10,2022-10-01,Fatehpur APMC,2274.49,fatehpur,Fatehpur
Uttar Pradesh,Wheat,2022,10,2022-10-01,Fatehpur Sikri APMC,2367.06,fatehpur sikri,Agra
Uttar Pradesh,Wheat,2022,10,2022-10-01,Firozabad APMC,2454.61,firozabad,Firozabad
Uttar Pradesh,Wheat,2022,10,2022-10-01,Gadaura APMC,,gadaura,Maharajganj
Uttar Pradesh,Wheat,2022,10,2022-10-01,Gazipur APMC,2280.86,gazipur,Azamgarh
Uttar Pradesh,Wheat,2022,10,2022-10-01,Ghaziabad APMC,2416.79,ghaziabad,Ghaziabad
Uttar Pradesh,Wheat,2022,10,2022-10-01,Ghiraur APMC,2304.79,ghiraur,Mainpuri
Uttar Pradesh,Wheat,2022,10,2022-10-01,Golagokarnath APMC,2293.09,golagokarnath,Lalitpur
Uttar Pradesh,Wheat,2022,10,2022-10-01,Gonda APMC,2334.92,gonda,Gonda
Uttar Pradesh,Wheat,2022,10,2022-10-01,Gopiganj APMC,2276.96,gopiganj,Bhadohi
Uttar Pradesh,Wheat,2022,10,2022-10-01,Gorakhpur APMC,2287.98,gorakhpur,Gorakhpur
Uttar Pradesh,Wheat,2022,10,2022-10-01,Gurusarai APMC,2286.93,gurusarai,Jhansi
Uttar Pradesh,Wheat,2022,10,2022-10-01,Haathras APMC,2375.25,haathras,Hathras
Uttar Pradesh,Wheat,2022,10,2022-10-01,Hamirpur APMC,,hamirpur,Hamirpur
Uttar Pradesh,Wheat,2022,10,2022-10-01,Hapur APMC,2391.74,hapur,Ghaziabad
Uttar Pradesh,Wheat,2022,10,2022-10-01,Hardoi APMC,2328.58,hardoi,Hardoi
Uttar Pradesh,Wheat,2022,10,2022-10-01,Hargaon (Laharpur) APMC,2338.5,hargaon (laharpur),Sitapur
Uttar Pradesh,Wheat,2022,10,2022-10-01,Jafarganj APMC,2350.44,jafarganj,Amethi
Uttar Pradesh,Wheat,2022,10,2022-10-01,Jagnair APMC,2238.82,jagnair,Agra
Uttar Pradesh,Wheat,2022,10,2022-10-01,Jahanabad APMC,2150.0,jahanabad,Fatehpur
Uttar Pradesh,Wheat,2022,10,2022-10-01,Jahangirabad APMC,2372.03,jahangirabad,Bulandshahar
Uttar Pradesh,Wheat,2022,10,2022-10-01,Jalaun APMC,2277.6,jalaun,Jalaun
Uttar Pradesh,Wheat,2022,10,2022-10-01,Jamanian APMC,,jamanian,Ghazipur
Uttar Pradesh,Wheat,2022,10,2022-10-01,Jangipura APMC,2247.33,jangipura,Ghazipur
Uttar Pradesh,Wheat,2022,10,2022-10-01,Jasra APMC,2330.08,jasra,Prayagraj
Uttar Pradesh,Wheat,2022,10,2022-10-01,Jaunpur APMC,2283.81,jaunpur,Jaunpur
Uttar Pradesh,Wheat,2022,10,2022-10-01,Jayas APMC,2354.45,jayas,Rae Bareli
Uttar Pradesh,Wheat,2022,10,2022-10-01,Jhansi APMC,2350.78,jhansi,Jhansi
Uttar Pradesh,Wheat,2022,10,2022-10-01,Jhijhank APMC,2328.72,jhijhank,Kanpur Dehat
Uttar Pradesh,Wheat,2022,10,2022-10-01,Kadaura APMC,2268.69,kadaura,Jalaun
Uttar Pradesh,Wheat,2022,10,2022-10-01,Kalpi APMC,2233.25,kalpi,Jalaun
Uttar Pradesh,Wheat,2022,10,2022-10-01,Kamlaganj APMC,2350.0,kamlaganj,Farrukhabad
Uttar Pradesh,Wheat,2022,10,2022-10-01,Kannauj APMC,2349.4,kannauj,Kannauj
Uttar Pradesh,Wheat,2022,10,2022-10-01,Kanpur(Grain) APMC,2407.69,kanpur(grain),Jaunpur
Uttar Pradesh,Wheat,2022,10,2022-10-01,Karvi APMC,2257.3,karvi,Chitrakoot
Uttar Pradesh,Wheat,2022,10,2022-10-01,Kasganj APMC,2393.93,kasganj,Kasganj
Uttar Pradesh,Wheat,2022,10,2022-10-01,Kayamganj APMC,2356.39,kayamganj,Farrukhabad
Uttar Pradesh,Wheat,2022,10,2022-10-01,Khaga APMC,2275.03,khaga,Fatehpur
Uttar Pradesh,Wheat,2022,10,2022-10-01,Khair APMC,2237.21,khair,Aligarh
Uttar Pradesh,Wheat,2022,10,2022-10-01,Khairagarh APMC,2292.35,khairagarh,Agra
Uttar Pradesh,Wheat,2022,10,2022-10-01,Khurja APMC,2393.01,khurja,Bulandshahr
Uttar Pradesh,Wheat,2022,10,2022-10-01,Kishunpur APMC,2230.88,kishunpur,Bahraich
Uttar Pradesh,Wheat,2022,10,2022-10-01,Konch APMC,2277.59,konch,Jalaun
Uttar Pradesh,Wheat,2022,10,2022-10-01,Kopaganj APMC,2285.0,kopaganj,
Uttar Pradesh,Wheat,2022,10,2022-10-01,Kosikalan APMC,2366.14,kosikalan,Mathura
Uttar Pradesh,Wheat,2022,10,2022-10-01,Kurara APMC,2148.84,kurara,Hamirpur
Uttar Pradesh,Wheat,2022,10,2022-10-01,Lakhimpur APMC,2296.12,lakhimpur,Lalitpur
Uttar Pradesh,Wheat,2022,10,2022-10-01,Lalganj APMC,2340.2,lalganj,Rae Bareli
Uttar Pradesh,Wheat,2022,10,2022-10-01,Lalitpur APMC,2307.44,lalitpur,Lalitpur
Uttar Pradesh,Wheat,2022,10,2022-10-01,Lucknow APMC,2367.58,lucknow,Lucknow
Uttar Pradesh,Wheat,2022,10,2022-10-01,Madhoganj APMC,2316.94,madhoganj,Hardoi
Uttar Pradesh,Wheat,2022,10,2022-10-01,Madhogarh APMC,2235.15,madhogarh,Jalaun
Uttar Pradesh,Wheat,2022,10,2022-10-01,Mahoba APMC,2307.41,mahoba,Mahoba
Uttar Pradesh,Wheat,2022,10,2022-10-01,Maigalganj APMC,2230.48,maigalganj,Gorakhpur
Uttar Pradesh,Wheat,2022,10,2022-10-01,Mainpuri APMC,2315.73,mainpuri,Mainpuri
Uttar Pradesh,Wheat,2022,10,2022-10-01,Mathura APMC,2396.87,mathura,Mathura
Uttar Pradesh,Wheat,2022,10,2022-10-01,Mau(Chitrakut) APMC,2318.41,mau(chitrakut),Chitrakut
Uttar Pradesh,Wheat,2022,10,2022-10-01,Maudaha APMC,2301.07,maudaha,Hamirpur
Uttar Pradesh,Wheat,2022,10,2022-10-01,Mauranipur APMC,2296.06,mauranipur,Jhansi
Uttar Pradesh,Wheat,2022,10,2022-10-01,Mawana APMC,2406.68,mawana,Meerut
Uttar Pradesh,Wheat,2022,10,2022-10-01,Meerut APMC,2396.65,meerut,Meerut
Uttar Pradesh,Wheat,2022,10,2022-10-01,Mehmoodabad APMC,,mehmoodabad,Sitapur
Uttar Pradesh,Wheat,2022,10,2022-10-01,Mehrauni APMC,2100.0,mehrauni,Lalitpur
Uttar Pradesh,Wheat,2022,10,2022-10-01,Milak APMC,2305.89,milak,Rampur
Uttar Pradesh,Wheat,2022,10,2022-10-01,Mirzapur APMC,2305.7,mirzapur,Mirzapur
Uttar Pradesh,Wheat,2022,10,2022-10-01,Mohamadabad APMC,2344.03,mohamadabad,Farrukhabad
Uttar Pradesh,Wheat,2022,10,2022-10-01,Mohammdi APMC,2296.24,mohammdi,Kheri
Uttar Pradesh,Wheat,2022,10,2022-10-01,Moth APMC,2254.84,moth,Jhansi
Uttar Pradesh,Wheat,2022,10,2022-10-01,Mugrabaadshahpur APMC,2291.99,mugrabaadshahpur,Jaunpur
Uttar Pradesh,Wheat,2022,10,2022-10-01,Muradabad APMC,2306.19,muradabad,Sambhal
Uttar Pradesh,Wheat,2022,10,2022-10-01,Muradnagar APMC,2420.0,muradnagar,Ghaziabad
Uttar Pradesh,Wheat,2022,10,2022-10-01,Muskara APMC,2286.59,muskara,Mahoba
Uttar Pradesh,Wheat,2022,10,2022-10-01,Muzzafarnagar APMC,2374.68,muzzafarnagar,Muzaffarnagar
Uttar Pradesh,Wheat,2022,10,2022-10-01,Naanpara APMC,2382.33,naanpara,Bahraich
Uttar Pradesh,Wheat,2022,10,2022-10-01,Najibabad APMC,2305.99,najibabad,Bijnor
Uttar Pradesh,Wheat,2022,10,2022-10-01,Naugarh APMC,2254.92,naugarh,Siddharthnagar
Uttar Pradesh,Wheat,2022,10,2022-10-01,Nautnava APMC,2176.79,nautnava,Maharajganj
Uttar Pradesh,Wheat,2022,10,2022-10-01,Nawabganj APMC,2324.37,nawabganj,Gonda
Uttar Pradesh,Wheat,2022,10,2022-10-01,Orai APMC,2301.03,orai,Jalaun
Uttar Pradesh,Wheat,2022,10,2022-10-01,Paliakala APMC,,paliakala,Kheri
Uttar Pradesh,Wheat,2022,10,2022-10-01,Panchpedwa APMC,2283.67,panchpedwa,Balrampur
Uttar Pradesh,Wheat,2022,10,2022-10-01,Partaval APMC,2276.42,partaval,Mahrajganj
Uttar Pradesh,Wheat,2022,10,2022-10-01,Pilibhit APMC,2308.64,pilibhit,Pilibhit
Uttar Pradesh,Wheat,2022,10,2022-10-01,Powayan APMC,2313.06,powayan,Shahjahanpur
Uttar Pradesh,Wheat,2022,10,2022-10-01,Pratapgarh APMC,2379.74,pratapgarh,Pratapgarh
Uttar Pradesh,Wheat,2022,10,2022-10-01,Prayagraj APMC,2334.26,prayagraj,Prayagraj
Uttar Pradesh,Wheat,2022,10,2022-10-01,Pukharayan APMC,2352.14,pukharayan,Kanpur Dehat
Uttar Pradesh,Wheat,2022,10,2022-10-01,Puranpur APMC,2305.09,puranpur,Pilibhit
Uttar Pradesh,Wheat,2022,10,2022-10-01,Purwa APMC,2302.29,purwa,Unnao
Uttar Pradesh,Wheat,2022,10,2022-10-01,Raath APMC,2286.17,raath,Hamirpur
Uttar Pradesh,Wheat,2022,10,2022-10-01,Raibareilly APMC,2314.76,raibareilly,Rae Bareli
Uttar Pradesh,Wheat,2022,10,2022-10-01,Rampur APMC,2259.62,rampur,Rampur
Uttar Pradesh,Wheat,2022,10,2022-10-01,Rasda APMC,2264.06,rasda,Ballia
Uttar Pradesh,Wheat,2022,10,2022-10-01,Richha APMC,2051.1,richha,Bareilly
Uttar Pradesh,Wheat,2022,10,2022-10-01,Robertsganj APMC,2422.45,robertsganj,Sonbhadra
Uttar Pradesh,Wheat,2022,10,2022-10-01,Rura APMC,2223.3,rura,Kanpur Dehat
Uttar Pradesh,Wheat,2022,10,2022-10-01,Safdarganj APMC,2343.3,safdarganj,Barabanki
Uttar Pradesh,Wheat,2022,10,2022-10-01,Saharanpur APMC,2367.82,saharanpur,Saharanpur
Uttar Pradesh,Wheat,2022,10,2022-10-01,Sahiyapur APMC,2148.07,sahiyapur,Siddharthnagar
Uttar Pradesh,Wheat,2022,10,2022-10-01,Salon APMC,2264.3,salon,Rae Bareli
Uttar Pradesh,Wheat,2022,10,2022-10-01,Samsabad APMC,2396.0,samsabad,Agra
Uttar Pradesh,Wheat,2022,10,2022-10-01,Sandi APMC,2153.7,sandi,Hardoi
Uttar Pradesh,Wheat,2022,10,2022-10-01,Sandila APMC,2318.12,sandila,Hardoi
Uttar Pradesh,Wheat,2022,10,2022-10-01,Sehjanwa APMC,2330.47,sehjanwa,Gorakhpur
Uttar Pradesh,Wheat,2022,10,2022-10-01,Shahabad APMC,,shahabad,Hardoi
Uttar Pradesh,Wheat,2022,10,2022-10-01,Shahabad(New Mandi) APMC,2300.0,shahabad(new mandi),Hardoi
Uttar Pradesh,Wheat,2022,10,2022-10-01,Shahganj APMC,2272.6,shahganj,Jaunpur
Uttar Pradesh,Wheat,2022,10,2022-10-01,Shahjahanpur APMC,2255.81,shahjahanpur,Shahjahanpur
Uttar Pradesh,Wheat,2022,10,2022-10-01,Shahpur APMC,2267.03,shahpur,Muzaffarnagar
Uttar Pradesh,Wheat,2022,10,2022-10-01,Shamli APMC,2375.98,shamli,Shamli
Uttar Pradesh,Wheat,2022,10,2022-10-01,Shikohabad APMC,,shikohabad,Firozabad
Uttar Pradesh,Wheat,2022,10,2022-10-01,Sikandraraau APMC,2280.92,sikandraraau,Hathras
Uttar Pradesh,Wheat,2022,10,2022-10-01,Sikarpur APMC,2264.04,sikarpur,Bulandshahar
Uttar Pradesh,Wheat,2022,10,2022-10-01,Sirsa APMC,2326.07,sirsa,Gautam Buddha Nagar
Uttar Pradesh,Wheat,2022,10,2022-10-01,Sirsaganj APMC,2336.78,sirsaganj,Firozabad
Uttar Pradesh,Wheat,2022,10,2022-10-01,Sitapur APMC,2315.49,sitapur,Sitapur
Uttar Pradesh,Wheat,2022,10,2022-10-01,Sultanpur APMC,2346.38,sultanpur,Amethi
Uttar Pradesh,Wheat,2022,10,2022-10-01,Tamkuhi road APMC,2280.0,tamkuhi road,Kushinagar
Uttar Pradesh,Wheat,2022,10,2022-10-01,Thanabhawan APMC,2100.0,thanabhawan,Shamli
Uttar Pradesh,Wheat,2022,10,2022-10-01,Tikonia APMC,2200.0,tikonia,Kheri
Uttar Pradesh,Wheat,2022,10,2022-10-01,Tulsipur APMC,2324.63,tulsipur,Balrampur
Uttar Pradesh,Wheat,2022,10,2022-10-01,Tundla APMC,2427.3,tundla,Firozabad
Uttar Pradesh,Wheat,2022,10,2022-10-01,Ujhani APMC,,ujhani,Budaun
Uttar Pradesh,Wheat,2022,10,2022-10-01,Unnao APMC,2311.66,unnao,Unnao
Uttar Pradesh,Wheat,2022,10,2022-10-01,Uttaripura APMC,2194.22,uttaripura,Jaunpur
Uttar Pradesh,Wheat,2022,10,2022-10-01,Varanasi APMC,2331.94,varanasi,Varanasi
Uttar Pradesh,Wheat,2022,10,2022-10-01,Viswan APMC,2300.65,viswan,Sitapur
Uttar Pradesh,Wheat,2022,10,2022-10-01,Wazirganj APMC,2296.1,wazirganj,Budaun
Uttar Pradesh,Wheat,2022,10,2022-10-01,Yusufpur APMC,,yusufpur,Ghazipur
Uttar Pradesh,Wheat,2022,11,2022-11-01,Achalda APMC,2508.1,achalda,Auraiya
Uttar Pradesh,Wheat,2022,11,2022-11-01,Achnera APMC,2670.0,achnera,Agra
Uttar Pradesh,Wheat,2022,11,2022-11-01,Agra APMC,2555.31,agra,Agra
Uttar Pradesh,Wheat,2022,11,2022-11-01,Ahirora APMC,2393.9,ahirora,Mirzapur
Uttar Pradesh,Wheat,2022,11,2022-11-01,Ait APMC,2602.68,ait,Jalaun
Uttar Pradesh,Wheat,2022,11,2022-11-01,Ajuha APMC,2440.87,ajuha,Prayagraj
Uttar Pradesh,Wheat,2022,11,2022-11-01,Akbarpur APMC,2532.45,akbarpur,Ambedkarnagar
Uttar Pradesh,Wheat,2022,11,2022-11-01,Aliganj APMC,2379.92,aliganj,Etah
Uttar Pradesh,Wheat,2022,11,2022-11-01,Aligarh APMC,2573.39,aligarh,Aligarh
Uttar Pradesh,Wheat,2022,11,2022-11-01,Amroha APMC,2432.17,amroha,Amroha
Uttar Pradesh,Wheat,2022,11,2022-11-01,Anandnagar APMC,2418.23,anandnagar,Mahrajganj
Uttar Pradesh,Wheat,2022,11,2022-11-01,Atarra APMC,2423.34,atarra,Banda
Uttar Pradesh,Wheat,2022,11,2022-11-01,Atrauli APMC,,atrauli,Aligarh
Uttar Pradesh,Wheat,2022,11,2022-11-01,Auraiya APMC,2496.39,auraiya,Auraiya
Uttar Pradesh,Wheat,2022,11,2022-11-01,Awagarh APMC,2400.0,awagarh,Etah
Uttar Pradesh,Wheat,2022,11,2022-11-01,Ayodhya APMC,2555.85,ayodhya,Ayodhya
Uttar Pradesh,Wheat,2022,11,2022-11-01,Azamgarh APMC,2414.05,azamgarh,Azamgarh
Uttar Pradesh,Wheat,2022,11,2022-11-01,Baberu APMC,2451.82,baberu,Banda
Uttar Pradesh,Wheat,2022,11,2022-11-01,Babrala APMC,2253.73,babrala,Budaun
Uttar Pradesh,Wheat,2022,11,2022-11-01,Bachranwa APMC,2447.23,bachranwa,Rae Bareli
Uttar Pradesh,Wheat,2022,11,2022-11-01,Badayoun APMC,2407.66,badayoun,Budaun
Uttar Pradesh,Wheat,2022,11,2022-11-01,Bahraich APMC,2484.86,bahraich,Bahraich
Uttar Pradesh,Wheat,2022,11,2022-11-01,Ballia APMC,2392.92,ballia,Ballia
Uttar Pradesh,Wheat,2022,11,2022-11-01,Balrampur APMC,2370.83,balrampur,Balrampur
Uttar Pradesh,Wheat,2022,11,2022-11-01,Banda APMC,2427.85,banda,Banda
Uttar Pradesh,Wheat,2022,11,2022-11-01,Bangarmau APMC,2419.65,bangarmau,Unnao
Uttar Pradesh,Wheat,2022,11,2022-11-01,Bansi APMC,2475.0,bansi,Siddharthnagar
Uttar Pradesh,Wheat,2022,11,2022-11-01,Barabanki APMC,2339.7,barabanki,Bara Banki
Uttar Pradesh,Wheat,2022,11,2022-11-01,Bareilly APMC,2440.5,bareilly,Bareilly
Uttar Pradesh,Wheat,2022,11,2022-11-01,Barhaj APMC,2422.82,barhaj,Deoria
Uttar Pradesh,Wheat,2022,11,2022-11-01,Baripaal APMC,2407.38,baripaal,Jaunpur
Uttar Pradesh,Wheat,2022,11,2022-11-01,Basti APMC,2437.2,basti,Basti
Uttar Pradesh,Wheat,2022,11,2022-11-01,Bewar APMC,2369.99,bewar,Mainpuri
Uttar Pradesh,Wheat,2022,11,2022-11-01,Bharthna APMC,2550.65,bharthna,Etawah
Uttar Pradesh,Wheat,2022,11,2022-11-01,Bharuasumerpur APMC,2502.14,bharuasumerpur,Hamirpur
Uttar Pradesh,Wheat,2022,11,2022-11-01,Bharwari APMC,2369.17,bharwari,Kaushambi
Uttar Pradesh,Wheat,2022,11,2022-11-01,Bhehjoi APMC,2150.0,bhehjoi,Sambhal
Uttar Pradesh,Wheat,2022,11,2022-11-01,Bijnaur APMC,2405.64,bijnaur,Bijnor
Uttar Pradesh,Wheat,2022,11,2022-11-01,Bilsi APMC,2499.09,bilsi,Budaun
Uttar Pradesh,Wheat,2022,11,2022-11-01,Bindki APMC,2599.83,bindki,Fatehpur
Uttar Pradesh,Wheat,2022,11,2022-11-01,Bishalpur APMC,2346.64,bishalpur,Pilibhit
Uttar Pradesh,Wheat,2022,11,2022-11-01,Buland Shahr APMC,2549.31,buland shahr,Bulandshahr
Uttar Pradesh,Wheat,2022,11,2022-11-01,Chandausi APMC,2367.86,chandausi,Sambhal
Uttar Pradesh,Wheat,2022,11,2022-11-01,Chandoli APMC,2360.37,chandoli,Chandauli
Uttar Pradesh,Wheat,2022,11,2022-11-01,Charkhari APMC,2250.0,charkhari,Mahoba
Uttar Pradesh,Wheat,2022,11,2022-11-01,Charra APMC,2537.93,charra,Aligarh
Uttar Pradesh,Wheat,2022,11,2022-11-01,Chhibramau APMC,2365.77,chhibramau,Kannauj
Uttar Pradesh,Wheat,2022,11,2022-11-01,Chirgaon APMC,2391.72,chirgaon,Jhansi
Uttar Pradesh,Wheat,2022,11,2022-11-01,Chorichora APMC,2431.99,chorichora,Gorakhpur
Uttar Pradesh,Wheat,2022,11,2022-11-01,Choubepur APMC,2504.91,choubepur,Jaunpur
Uttar Pradesh,Wheat,2022,11,2022-11-01,Colonelganj APMC,2350.0,colonelganj,Gonda
Uttar Pradesh,Wheat,2022,11,2022-11-01,DADRI APMC,2537.62,dadri,Gautam Buddha Nagar
Uttar Pradesh,Wheat,2022,11,2022-11-01,Dankaur APMC,,dankaur,Gautam Buddha Nagar
Uttar Pradesh,Wheat,2022,11,2022-11-01,Dataganj APMC,,dataganj,Badaun
Uttar Pradesh,Wheat,2022,11,2022-11-01,Devariya APMC,2407.06,devariya,Deoria
Uttar Pradesh,Wheat,2022,11,2022-11-01,Dhanaura APMC,2022.97,dhanaura,Amroha
Uttar Pradesh,Wheat,2022,11,2022-11-01,Dibiapur APMC,2381.03,dibiapur,Auraiya
Uttar Pradesh,Wheat,2022,11,2022-11-01,Divai APMC,2300.95,divai,Bulandshahar
Uttar Pradesh,Wheat,2022,11,2022-11-01,Doharighat APMC,2455.0,doharighat,Azamgarh
Uttar Pradesh,Wheat,2022,11,2022-11-01,Etah APMC,2442.12,etah,Etah
Uttar Pradesh,Wheat,2022,11,2022-11-01,Etawah APMC,2575.66,etawah,Etawah
Uttar Pradesh,Wheat,2022,11,2022-11-01,Farukhabad APMC,2533.3,farukhabad,Farrukhabad
Uttar Pradesh,Wheat,2022,11,2022-11-01,Fatehabad APMC,2262.5,fatehabad,Agra
Uttar Pradesh,Wheat,2022,11,2022-11-01,Fatehpur APMC,2417.69,fatehpur,Fatehpur
Uttar Pradesh,Wheat,2022,11,2022-11-01,Fatehpur Sikri APMC,2495.41,fatehpur sikri,Agra
Uttar Pradesh,Wheat,2022,11,2022-11-01,Firozabad APMC,2593.31,firozabad,Firozabad
Uttar Pradesh,Wheat,2022,11,2022-11-01,Gazipur APMC,2380.22,gazipur,Azamgarh
Uttar Pradesh,Wheat,2022,11,2022-11-01,Ghaziabad APMC,2558.45,ghaziabad,Ghaziabad
Uttar Pradesh,Wheat,2022,11,2022-11-01,Ghiraur APMC,2517.94,ghiraur,Mainpuri
Uttar Pradesh,Wheat,2022,11,2022-11-01,Golagokarnath APMC,2281.35,golagokarnath,Lalitpur
Uttar Pradesh,Wheat,2022,11,2022-11-01,Gonda APMC,2374.27,gonda,Gonda
Uttar Pradesh,Wheat,2022,11,2022-11-01,Gopiganj APMC,2348.9,gopiganj,Bhadohi
Uttar Pradesh,Wheat,2022,11,2022-11-01,Gorakhpur APMC,2427.53,gorakhpur,Gorakhpur
Uttar Pradesh,Wheat,2022,11,2022-11-01,Gurusarai APMC,2366.51,gurusarai,Jhansi
Uttar Pradesh,Wheat,2022,11,2022-11-01,Haathras APMC,2594.64,haathras,Hathras
Uttar Pradesh,Wheat,2022,11,2022-11-01,Hamirpur APMC,,hamirpur,Hamirpur
Uttar Pradesh,Wheat,2022,11,2022-11-01,Hapur APMC,2532.78,hapur,Ghaziabad
Uttar Pradesh,Wheat,2022,11,2022-11-01,Hardoi APMC,2431.6,hardoi,Hardoi
Uttar Pradesh,Wheat,2022,11,2022-11-01,Hargaon (Laharpur) APMC,2344.32,hargaon (laharpur),Sitapur
Uttar Pradesh,Wheat,2022,11,2022-11-01,Jafarganj APMC,2428.28,jafarganj,Amethi
Uttar Pradesh,Wheat,2022,11,2022-11-01,Jagnair APMC,2279.08,jagnair,Agra
Uttar Pradesh,Wheat,2022,11,2022-11-01,Jahanabad APMC,,jahanabad,Fatehpur
Uttar Pradesh,Wheat,2022,11,2022-11-01,Jahangirabad APMC,2532.62,jahangirabad,Bulandshahar
Uttar Pradesh,Wheat,2022,11,2022-11-01,Jalaun APMC,2465.54,jalaun,Jalaun
Uttar Pradesh,Wheat,2022,11,2022-11-01,Jamanian APMC,2500.0,jamanian,Ghazipur
Uttar Pradesh,Wheat,2022,11,2022-11-01,Jangipura APMC,2380.23,jangipura,Ghazipur
Uttar Pradesh,Wheat,2022,11,2022-11-01,Jasra APMC,2416.13,jasra,Prayagraj
Uttar Pradesh,Wheat,2022,11,2022-11-01,Jaunpur APMC,2371.73,jaunpur,Jaunpur
Uttar Pradesh,Wheat,2022,11,2022-11-01,Jayas APMC,2482.49,jayas,Rae Bareli
Uttar Pradesh,Wheat,2022,11,2022-11-01,Jhansi APMC,2444.29,jhansi,Jhansi
Uttar Pradesh,Wheat,2022,11,2022-11-01,Jhijhank APMC,2372.34,jhijhank,Kanpur Dehat
Uttar Pradesh,Wheat,2022,11,2022-11-01,Kadaura APMC,2284.85,kadaura,Jalaun
Uttar Pradesh,Wheat,2022,11,2022-11-01,Kalpi APMC,2352.82,kalpi,Jalaun
Uttar Pradesh,Wheat,2022,11,2022-11-01,Kamlaganj APMC,2650.0,kamlaganj,Farrukhabad
Uttar Pradesh,Wheat,2022,11,2022-11-01,Kannauj APMC,2485.13,kannauj,Kannauj
Uttar Pradesh,Wheat,2022,11,2022-11-01,Kanpur(Grain) APMC,2581.47,kanpur(grain),Jaunpur
Uttar Pradesh,Wheat,2022,11,2022-11-01,Karvi APMC,2435.35,karvi,Chitrakoot
Uttar Pradesh,Wheat,2022,11,2022-11-01,Kasganj APMC,2455.09,kasganj,Kasganj
Uttar Pradesh,Wheat,2022,11,2022-11-01,Kayamganj APMC,2471.47,kayamganj,Farrukhabad
Uttar Pradesh,Wheat,2022,11,2022-11-01,Khaga APMC,2387.24,khaga,Fatehpur
Uttar Pradesh,Wheat,2022,11,2022-11-01,Khair APMC,2550.8,khair,Aligarh
Uttar Pradesh,Wheat,2022,11,2022-11-01,Khairagarh APMC,2514.17,khairagarh,Agra
Uttar Pradesh,Wheat,2022,11,2022-11-01,Khurja APMC,2558.83,khurja,Bulandshahr
Uttar Pradesh,Wheat,2022,11,2022-11-01,Kishunpur APMC,2468.75,kishunpur,Bahraich
Uttar Pradesh,Wheat,2022,11,2022-11-01,Konch APMC,2497.65,konch,Jalaun
Uttar Pradesh,Wheat,2022,11,2022-11-01,Kopaganj APMC,2428.76,kopaganj,
Uttar Pradesh,Wheat,2022,11,2022-11-01,Kosikalan APMC,2569.92,kosikalan,Mathura
Uttar Pradesh,Wheat,2022,11,2022-11-01,Kurara APMC,2316.2,kurara,Hamirpur
Uttar Pradesh,Wheat,2022,11,2022-11-01,Lakhimpur APMC,2279.25,lakhimpur,Lalitpur
Uttar Pradesh,Wheat,2022,11,2022-11-01,Lalganj APMC,2417.46,lalganj,Rae Bareli
Uttar Pradesh,Wheat,2022,11,2022-11-01,Lalitpur APMC,2494.73,lalitpur,Lalitpur
Uttar Pradesh,Wheat,2022,11,2022-11-01,Lucknow APMC,2495.83,lucknow,Lucknow
Uttar Pradesh,Wheat,2022,11,2022-11-01,Madhoganj APMC,2402.65,madhoganj,Hardoi
Uttar Pradesh,Wheat,2022,11,2022-11-01,Madhogarh APMC,2326.23,madhogarh,Jalaun
Uttar Pradesh,Wheat,2022,11,2022-11-01,Mahoba APMC,2413.49,mahoba,Mahoba
Uttar Pradesh,Wheat,2022,11,2022-11-01,Maigalganj APMC,2213.03,maigalganj,Gorakhpur
Uttar Pradesh,Wheat,2022,11,2022-11-01,Mainpuri APMC,2528.87,mainpuri,Mainpuri
Uttar Pradesh,Wheat,2022,11,2022-11-01,Mathura APMC,2575.41,mathura,Mathura
Uttar Pradesh,Wheat,2022,11,2022-11-01,Mau(Chitrakut) APMC,2475.18,mau(chitrakut),Chitrakut
Uttar Pradesh,Wheat,2022,11,2022-11-01,Maudaha APMC,2446.08,maudaha,Hamirpur
Uttar Pradesh,Wheat,2022,11,2022-11-01,Mauranipur APMC,2378.26,mauranipur,Jhansi
Uttar Pradesh,Wheat,2022,11,2022-11-01,Mawana APMC,2650.0,mawana,Meerut
Uttar Pradesh,Wheat,2022,11,2022-11-01,Meerut APMC,2546.94,meerut,Meerut
Uttar Pradesh,Wheat,2022,11,2022-11-01,Mehmoodabad APMC,,mehmoodabad,Sitapur
Uttar Pradesh,Wheat,2022,11,2022-11-01,Mehrauni APMC,2273.29,mehrauni,Lalitpur
Uttar Pradesh,Wheat,2022,11,2022-11-01,Milak APMC,2446.38,milak,Rampur
Uttar Pradesh,Wheat,2022,11,2022-11-01,Mirzapur APMC,2398.2,mirzapur,Mirzapur
Uttar Pradesh,Wheat,2022,11,2022-11-01,Mohamadabad APMC,2532.65,mohamadabad,Farrukhabad
Uttar Pradesh,Wheat,2022,11,2022-11-01,Mohammdi APMC,2287.18,mohammdi,Kheri
Uttar Pradesh,Wheat,2022,11,2022-11-01,Moth APMC,2340.0,moth,Jhansi
Uttar Pradesh,Wheat,2022,11,2022-11-01,Mugrabaadshahpur APMC,2362.66,mugrabaadshahpur,Jaunpur
Uttar Pradesh,Wheat,2022,11,2022-11-01,Muradabad APMC,2339.67,muradabad,Sambhal
Uttar Pradesh,Wheat,2022,11,2022-11-01,Muradnagar APMC,2650.0,muradnagar,Ghaziabad
Uttar Pradesh,Wheat,2022,11,2022-11-01,Muskara APMC,2431.16,muskara,Mahoba
Uttar Pradesh,Wheat,2022,11,2022-11-01,Muzzafarnagar APMC,2529.75,muzzafarnagar,Muzaffarnagar
Uttar Pradesh,Wheat,2022,11,2022-11-01,Naanpara APMC,2486.01,naanpara,Bahraich
Uttar Pradesh,Wheat,2022,11,2022-11-01,Najibabad APMC,2353.32,najibabad,Bijnor
Uttar Pradesh,Wheat,2022,11,2022-11-01,Naugarh APMC,2445.38,naugarh,Siddharthnagar
Uttar Pradesh,Wheat,2022,11,2022-11-01,Nautnava APMC,2218.0,nautnava,Maharajganj
Uttar Pradesh,Wheat,2022,11,2022-11-01,Nawabganj APMC,2400.12,nawabganj,Gonda
Uttar Pradesh,Wheat,2022,11,2022-11-01,Orai APMC,2532.25,orai,Jalaun
Uttar Pradesh,Wheat,2022,11,2022-11-01,Paliakala APMC,,paliakala,Kheri
Uttar Pradesh,Wheat,2022,11,2022-11-01,Panchpedwa APMC,2372.77,panchpedwa,Balrampur
Uttar Pradesh,Wheat,2022,11,2022-11-01,Partaval APMC,2422.16,partaval,Mahrajganj
Uttar Pradesh,Wheat,2022,11,2022-11-01,Pilibhit APMC,2383.66,pilibhit,Pilibhit
Uttar Pradesh,Wheat,2022,11,2022-11-01,Powayan APMC,2414.97,powayan,Shahjahanpur
Uttar Pradesh,Wheat,2022,11,2022-11-01,Pratapgarh APMC,2455.13,pratapgarh,Pratapgarh
Uttar Pradesh,Wheat,2022,11,2022-11-01,Prayagraj APMC,2406.78,prayagraj,Prayagraj
Uttar Pradesh,Wheat,2022,11,2022-11-01,Pukharayan APMC,2370.18,pukharayan,Kanpur Dehat
Uttar Pradesh,Wheat,2022,11,2022-11-01,Puranpur APMC,2376.63,puranpur,Pilibhit
Uttar Pradesh,Wheat,2022,11,2022-11-01,Purwa APMC,2352.78,purwa,Unnao
Uttar Pradesh,Wheat,2022,11,2022-11-01,Raath APMC,2439.62,raath,Hamirpur
Uttar Pradesh,Wheat,2022,11,2022-11-01,Raibareilly APMC,2473.28,raibareilly,Rae Bareli
Uttar Pradesh,Wheat,2022,11,2022-11-01,Rampur APMC,2427.02,rampur,Rampur
Uttar Pradesh,Wheat,2022,11,2022-11-01,Rasda APMC,2363.52,rasda,Ballia
Uttar Pradesh,Wheat,2022,11,2022-11-01,Richha APMC,,richha,Bareilly
Uttar Pradesh,Wheat,2022,11,2022-11-01,Robertsganj APMC,2478.47,robertsganj,Sonbhadra
Uttar Pradesh,Wheat,2022,11,2022-11-01,Rura APMC,2300.0,rura,Kanpur Dehat
Uttar Pradesh,Wheat,2022,11,2022-11-01,Safdarganj APMC,2328.67,safdarganj,Barabanki
Uttar Pradesh,Wheat,2022,11,2022-11-01,Saharanpur APMC,2511.02,saharanpur,Saharanpur
Uttar Pradesh,Wheat,2022,11,2022-11-01,Sahiyapur APMC,2432.74,sahiyapur,Siddharthnagar
Uttar Pradesh,Wheat,2022,11,2022-11-01,Salon APMC,2405.0,salon,Rae Bareli
Uttar Pradesh,Wheat,2022,11,2022-11-01,Samsabad APMC,2488.15,samsabad,Agra
Uttar Pradesh,Wheat,2022,11,2022-11-01,Sandi APMC,2251.61,sandi,Hardoi
Uttar Pradesh,Wheat,2022,11,2022-11-01,Sandila APMC,2406.4,sandila,Hardoi
Uttar Pradesh,Wheat,2022,11,2022-11-01,Sehjanwa APMC,2398.58,sehjanwa,Gorakhpur
Uttar Pradesh,Wheat,2022,11,2022-11-01,Shahabad(New Mandi) APMC,2354.04,shahabad(new mandi),Hardoi
Uttar Pradesh,Wheat,2022,11,2022-11-01,Shahaswan APMC,2400.0,shahaswan,Badaun
Uttar Pradesh,Wheat,2022,11,2022-11-01,Shahganj APMC,2315.61,shahganj,Jaunpur
Uttar Pradesh,Wheat,2022,11,2022-11-01,Shahjahanpur APMC,2370.7,shahjahanpur,Shahjahanpur
Uttar Pradesh,Wheat,2022,11,2022-11-01,Shahpur APMC,2250.0,shahpur,Muzaffarnagar
Uttar Pradesh,Wheat,2022,11,2022-11-01,Shamli APMC,2567.92,shamli,Shamli
Uttar Pradesh,Wheat,2022,11,2022-11-01,Shikohabad APMC,,shikohabad,Firozabad
Uttar Pradesh,Wheat,2022,11,2022-11-01,Sikandraraau APMC,2412.62,sikandraraau,Hathras
Uttar Pradesh,Wheat,2022,11,2022-11-01,Sikarpur APMC,2369.19,sikarpur,Bulandshahar
Uttar Pradesh,Wheat,2022,11,2022-11-01,Sirsa APMC,2397.84,sirsa,Gautam Buddha Nagar
Uttar Pradesh,Wheat,2022,11,2022-11-01,Sirsaganj APMC,2512.68,sirsaganj,Firozabad
Uttar Pradesh,Wheat,2022,11,2022-11-01,Sitapur APMC,2404.37,sitapur,Sitapur
Uttar Pradesh,Wheat,2022,11,2022-11-01,Sultanpur APMC,2398.17,sultanpur,Amethi
Uttar Pradesh,Wheat,2022,11,2022-11-01,Tamkuhi road APMC,2470.0,tamkuhi road,Kushinagar
Uttar Pradesh,Wheat,2022,11,2022-11-01,Thanabhawan APMC,2150.0,thanabhawan,Shamli
Uttar Pradesh,Wheat,2022,11,2022-11-01,Tikonia APMC,2432.3,tikonia,Kheri
Uttar Pradesh,Wheat,2022,11,2022-11-01,Tulsipur APMC,2383.11,tulsipur,Balrampur
Uttar Pradesh,Wheat,2022,11,2022-11-01,Tundla APMC,2605.79,tundla,Firozabad
Uttar Pradesh,Wheat,2022,11,2022-11-01,Ujhani APMC,,ujhani,Budaun
Uttar Pradesh,Wheat,2022,11,2022-11-01,Unnao APMC,2344.67,unnao,Unnao
Uttar Pradesh,Wheat,2022,11,2022-11-01,Uttaripura APMC,2311.63,uttaripura,Jaunpur
Uttar Pradesh,Wheat,2022,11,2022-11-01,Varanasi APMC,2416.91,varanasi,Varanasi
Uttar Pradesh,Wheat,2022,11,2022-11-01,Viswan APMC,2381.25,viswan,Sitapur
Uttar Pradesh,Wheat,2022,11,2022-11-01,Wazirganj APMC,2405.08,wazirganj,Budaun
Uttar Pradesh,Wheat,2022,11,2022-11-01,Yusufpur APMC,2500.0,yusufpur,Ghazipur
Uttar Pradesh,Wheat,2022,12,2022-12-01,Achalda APMC,2621.62,achalda,Auraiya
Uttar Pradesh,Wheat,2022,12,2022-12-01,Achnera APMC,,achnera,Agra
Uttar Pradesh,Wheat,2022,12,2022-12-01,Agra APMC,2708.26,agra,Agra
Uttar Pradesh,Wheat,2022,12,2022-12-01,Ahirora APMC,2569.01,ahirora,Mirzapur
Uttar Pradesh,Wheat,2022,12,2022-12-01,Ait APMC,2652.45,ait,Jalaun
Uttar Pradesh,Wheat,2022,12,2022-12-01,Ajuha APMC,2567.79,ajuha,Prayagraj
Uttar Pradesh,Wheat,2022,12,2022-12-01,Akbarpur APMC,2593.2,akbarpur,Ambedkarnagar
Uttar Pradesh,Wheat,2022,12,2022-12-01,Aliganj APMC,2445.39,aliganj,Etah
Uttar Pradesh,Wheat,2022,12,2022-12-01,Aligarh APMC,2703.7,aligarh,Aligarh
Uttar Pradesh,Wheat,2022,12,2022-12-01,Amroha APMC,2541.39,amroha,Amroha
Uttar Pradesh,Wheat,2022,12,2022-12-01,Anandnagar APMC,2457.93,anandnagar,Mahrajganj
Uttar Pradesh,Wheat,2022,12,2022-12-01,Atarra APMC,2528.52,atarra,Banda
Uttar Pradesh,Wheat,2022,12,2022-12-01,Auraiya APMC,2598.29,auraiya,Auraiya
Uttar Pradesh,Wheat,2022,12,2022-12-01,Awagarh APMC,,awagarh,Etah
Uttar Pradesh,Wheat,2022,12,2022-12-01,Ayodhya APMC,2614.8,ayodhya,Ayodhya
Uttar Pradesh,Wheat,2022,12,2022-12-01,Azamgarh APMC,2460.95,azamgarh,Azamgarh
Uttar Pradesh,Wheat,2022,12,2022-12-01,Baberu APMC,2553.39,baberu,Banda
Uttar Pradesh,Wheat,2022,12,2022-12-01,Babrala APMC,2300.0,babrala,Budaun
Uttar Pradesh,Wheat,2022,12,2022-12-01,Bachranwa APMC,2567.89,bachranwa,Rae Bareli
Uttar Pradesh,Wheat,2022,12,2022-12-01,Badayoun APMC,2554.75,badayoun,Budaun
Uttar Pradesh,Wheat,2022,12,2022-12-01,Bahraich APMC,2590.08,bahraich,Bahraich
Uttar Pradesh,Wheat,2022,12,2022-12-01,Ballia APMC,2595.88,ballia,Ballia
Uttar Pradesh,Wheat,2022,12,2022-12-01,Balrampur APMC,2487.44,balrampur,Balrampur
Uttar Pradesh,Wheat,2022,12,2022-12-01,Banda APMC,2544.8,banda,Banda
Uttar Pradesh,Wheat,2022,12,2022-12-01,Bangarmau APMC,2488.66,bangarmau,Unnao
Uttar Pradesh,Wheat,2022,12,2022-12-01,Bansi APMC,2460.0,bansi,Siddharthnagar
Uttar Pradesh,Wheat,2022,12,2022-12-01,Barabanki APMC,2412.15,barabanki,Bara Banki
Uttar Pradesh,Wheat,2022,12,2022-12-01,Bareilly APMC,2492.66,bareilly,Bareilly
Uttar Pradesh,Wheat,2022,12,2022-12-01,Barhaj APMC,2461.79,barhaj,Deoria
Uttar Pradesh,Wheat,2022,12,2022-12-01,Baripaal APMC,2518.15,baripaal,Jaunpur
Uttar Pradesh,Wheat,2022,12,2022-12-01,Basti APMC,2467.42,basti,Basti
Uttar Pradesh,Wheat,2022,12,2022-12-01,Bewar APMC,2524.77,bewar,Mainpuri
Uttar Pradesh,Wheat,2022,12,2022-12-01,Bharthna APMC,2640.66,bharthna,Etawah
Uttar Pradesh,Wheat,2022,12,2022-12-01,Bharuasumerpur APMC,2605.22,bharuasumerpur,Hamirpur
Uttar Pradesh,Wheat,2022,12,2022-12-01,Bharwari APMC,,bharwari,Kaushambi
Uttar Pradesh,Wheat,2022,12,2022-12-01,Bhehjoi APMC,2150.0,bhehjoi,Sambhal
Uttar Pradesh,Wheat,2022,12,2022-12-01,Bijnaur APMC,2524.83,bijnaur,Bijnor
Uttar Pradesh,Wheat,2022,12,2022-12-01,Bilsi APMC,2631.7,bilsi,Budaun
Uttar Pradesh,Wheat,2022,12,2022-12-01,Bindki APMC,2684.63,bindki,Fatehpur
Uttar Pradesh,Wheat,2022,12,2022-12-01,Bishalpur APMC,2544.77,bishalpur,Pilibhit
Uttar Pradesh,Wheat,2022,12,2022-12-01,Buland Shahr APMC,2686.54,buland shahr,Bulandshahr
Uttar Pradesh,Wheat,2022,12,2022-12-01,Chandausi APMC,2550.53,chandausi,Sambhal
Uttar Pradesh,Wheat,2022,12,2022-12-01,Chandoli APMC,2572.73,chandoli,Chandauli
Uttar Pradesh,Wheat,2022,12,2022-12-01,Charkhari APMC,2450.0,charkhari,Mahoba
Uttar Pradesh,Wheat,2022,12,2022-12-01,Charra APMC,2691.09,charra,Aligarh
Uttar Pradesh,Wheat,2022,12,2022-12-01,Chhibramau APMC,2504.11,chhibramau,Kannauj
Uttar Pradesh,Wheat,2022,12,2022-12-01,Chirgaon APMC,2572.75,chirgaon,Jhansi
Uttar Pradesh,Wheat,2022,12,2022-12-01,Chorichora APMC,2465.03,chorichora,Gorakhpur
Uttar Pradesh,Wheat,2022,12,2022-12-01,Choubepur APMC,2625.84,choubepur,Jaunpur
Uttar Pradesh,Wheat,2022,12,2022-12-01,Colonelganj APMC,,colonelganj,Gonda
Uttar Pradesh,Wheat,2022,12,2022-12-01,DADRI APMC,2669.55,dadri,Gautam Buddha Nagar
Uttar Pradesh,Wheat,2022,12,2022-12-01,Dankaur APMC,,dankaur,Gautam Buddha Nagar
Uttar Pradesh,Wheat,2022,12,2022-12-01,Devariya APMC,2468.65,devariya,Deoria
Uttar Pradesh,Wheat,2022,12,2022-12-01,Dhanaura APMC,2023.0,dhanaura,Amroha
Uttar Pradesh,Wheat,2022,12,2022-12-01,Dibiapur APMC,2510.47,dibiapur,Auraiya
Uttar Pradesh,Wheat,2022,12,2022-12-01,Divai APMC,2452.51,divai,Bulandshahar
Uttar Pradesh,Wheat,2022,12,2022-12-01,Doharighat APMC,,doharighat,Azamgarh
Uttar Pradesh,Wheat,2022,12,2022-12-01,Etah APMC,2708.63,etah,Etah
Uttar Pradesh,Wheat,2022,12,2022-12-01,Etawah APMC,2667.59,etawah,Etawah
Uttar Pradesh,Wheat,2022,12,2022-12-01,Farukhabad APMC,2624.19,farukhabad,Farrukhabad
Uttar Pradesh,Wheat,2022,12,2022-12-01,Fatehabad APMC,2353.7,fatehabad,Agra
Uttar Pradesh,Wheat,2022,12,2022-12-01,Fatehpur APMC,2550.69,fatehpur,Fatehpur
Uttar Pradesh,Wheat,2022,12,2022-12-01,Fatehpur Sikri APMC,2692.14,fatehpur sikri,Agra
Uttar Pradesh,Wheat,2022,12,2022-12-01,Firozabad APMC,2704.98,firozabad,Firozabad
Uttar Pradesh,Wheat,2022,12,2022-12-01,Gazipur APMC,2597.24,gazipur,Azamgarh
Uttar Pradesh,Wheat,2022,12,2022-12-01,Ghaziabad APMC,2660.0,ghaziabad,Ghaziabad
Uttar Pradesh,Wheat,2022,12,2022-12-01,Ghiraur APMC,2610.5,ghiraur,Mainpuri
Uttar Pradesh,Wheat,2022,12,2022-12-01,Golagokarnath APMC,2352.47,golagokarnath,Lalitpur
Uttar Pradesh,Wheat,2022,12,2022-12-01,Gonda APMC,2449.26,gonda,Gonda
Uttar Pradesh,Wheat,2022,12,2022-12-01,Gopiganj APMC,2595.1,gopiganj,Bhadohi
Uttar Pradesh,Wheat,2022,12,2022-12-01,Gorakhpur APMC,2465.56,gorakhpur,Gorakhpur
Uttar Pradesh,Wheat,2022,12,2022-12-01,Gurusarai APMC,2479.97,gurusarai,Jhansi
Uttar Pradesh,Wheat,2022,12,2022-12-01,Haathras APMC,2717.2,haathras,Hathras
Uttar Pradesh,Wheat,2022,12,2022-12-01,Haldaur APMC,2600.0,haldaur,Bijnor
Uttar Pradesh,Wheat,2022,12,2022-12-01,Hamirpur APMC,,hamirpur,Hamirpur
Uttar Pradesh,Wheat,2022,12,2022-12-01,Hapur APMC,2664.36,hapur,Ghaziabad
Uttar Pradesh,Wheat,2022,12,2022-12-01,Hardoi APMC,2439.66,hardoi,Hardoi
Uttar Pradesh,Wheat,2022,12,2022-12-01,Hargaon (Laharpur) APMC,2507.69,hargaon (laharpur),Sitapur
Uttar Pradesh,Wheat,2022,12,2022-12-01,Jafarganj APMC,2526.93,jafarganj,Amethi
Uttar Pradesh,Wheat,2022,12,2022-12-01,Jagnair APMC,2380.53,jagnair,Agra
Uttar Pradesh,Wheat,2022,12,2022-12-01,Jahanabad APMC,,jahanabad,Fatehpur
Uttar Pradesh,Wheat,2022,12,2022-12-01,Jahangirabad APMC,2651.6,jahangirabad,Bulandshahar
Uttar Pradesh,Wheat,2022,12,2022-12-01,Jalaun APMC,2623.59,jalaun,Jalaun
Uttar Pradesh,Wheat,2022,12,2022-12-01,Jamanian APMC,2650.0,jamanian,Ghazipur
Uttar Pradesh,Wheat,2022,12,2022-12-01,Jangipura APMC,2587.21,jangipura,Ghazipur
Uttar Pradesh,Wheat,2022,12,2022-12-01,Jasra APMC,2577.14,jasra,Prayagraj
Uttar Pradesh,Wheat,2022,12,2022-12-01,Jaunpur APMC,2574.81,jaunpur,Jaunpur
Uttar Pradesh,Wheat,2022,12,2022-12-01,Jayas APMC,2558.37,jayas,Rae Bareli
Uttar Pradesh,Wheat,2022,12,2022-12-01,Jhansi APMC,2536.1,jhansi,Jhansi
Uttar Pradesh,Wheat,2022,12,2022-12-01,Jhijhank APMC,2530.77,jhijhank,Kanpur Dehat
Uttar Pradesh,Wheat,2022,12,2022-12-01,Kadaura APMC,2138.98,kadaura,Jalaun
Uttar Pradesh,Wheat,2022,12,2022-12-01,Kalpi APMC,,kalpi,Jalaun
Uttar Pradesh,Wheat,2022,12,2022-12-01,Kamlaganj APMC,2650.0,kamlaganj,Farrukhabad
Uttar Pradesh,Wheat,2022,12,2022-12-01,Kannauj APMC,2602.43,kannauj,Kannauj
Uttar Pradesh,Wheat,2022,12,2022-12-01,Kanpur(Grain) APMC,2674.52,kanpur(grain),Jaunpur
Uttar Pradesh,Wheat,2022,12,2022-12-01,Karvi APMC,2549.95,karvi,Chitrakoot
Uttar Pradesh,Wheat,2022,12,2022-12-01,Kasganj APMC,2619.12,kasganj,Kasganj
Uttar Pradesh,Wheat,2022,12,2022-12-01,Kayamganj APMC,2622.19,kayamganj,Farrukhabad
Uttar Pradesh,Wheat,2022,12,2022-12-01,Khaga APMC,2379.38,khaga,Fatehpur
Uttar Pradesh,Wheat,2022,12,2022-12-01,Khair APMC,2689.42,khair,Aligarh
Uttar Pradesh,Wheat,2022,12,2022-12-01,Khairagarh APMC,2647.88,khairagarh,Agra
Uttar Pradesh,Wheat,2022,12,2022-12-01,Khurja APMC,2677.83,khurja,Bulandshahr
Uttar Pradesh,Wheat,2022,12,2022-12-01,Kishunpur APMC,2455.56,kishunpur,Bahraich
Uttar Pradesh,Wheat,2022,12,2022-12-01,Konch APMC,2573.22,konch,Jalaun
Uttar Pradesh,Wheat,2022,12,2022-12-01,Kopaganj APMC,2460.0,kopaganj,
Uttar Pradesh,Wheat,2022,12,2022-12-01,Kosikalan APMC,2678.11,kosikalan,Mathura
Uttar Pradesh,Wheat,2022,12,2022-12-01,Kurara APMC,2439.2,kurara,Hamirpur
Uttar Pradesh,Wheat,2022,12,2022-12-01,Lakhimpur APMC,2357.86,lakhimpur,Lalitpur
Uttar Pradesh,Wheat,2022,12,2022-12-01,Lalganj APMC,2576.89,lalganj,Rae Bareli
Uttar Pradesh,Wheat,2022,12,2022-12-01,Lalitpur APMC,2492.44,lalitpur,Lalitpur
Uttar Pradesh,Wheat,2022,12,2022-12-01,Lucknow APMC,2570.63,lucknow,Lucknow
Uttar Pradesh,Wheat,2022,12,2022-12-01,Madhoganj APMC,2483.62,madhoganj,Hardoi
Uttar Pradesh,Wheat,2022,12,2022-12-01,Madhogarh APMC,2438.84,madhogarh,Jalaun
Uttar Pradesh,Wheat,2022,12,2022-12-01,Mahoba APMC,2578.47,mahoba,Mahoba
Uttar Pradesh,Wheat,2022,12,2022-12-01,Maigalganj APMC,2275.8,maigalganj,Gorakhpur
Uttar Pradesh,Wheat,2022,12,2022-12-01,Mainpuri APMC,2620.21,mainpuri,Mainpuri
Uttar Pradesh,Wheat,2022,12,2022-12-01,Mathura APMC,2708.6,mathura,Mathura
Uttar Pradesh,Wheat,2022,12,2022-12-01,Mau(Chitrakut) APMC,2555.0,mau(chitrakut),Chitrakut
Uttar Pradesh,Wheat,2022,12,2022-12-01,Maudaha APMC,2487.78,maudaha,Hamirpur
Uttar Pradesh,Wheat,2022,12,2022-12-01,Mauranipur APMC,2509.0,mauranipur,Jhansi
Uttar Pradesh,Wheat,2022,12,2022-12-01,Mawana APMC,,mawana,Meerut
Uttar Pradesh,Wheat,2022,12,2022-12-01,Meerut APMC,2664.26,meerut,Meerut
Uttar Pradesh,Wheat,2022,12,2022-12-01,Mehmoodabad APMC,,mehmoodabad,Sitapur
Uttar Pradesh,Wheat,2022,12,2022-12-01,Mehrauni APMC,2300.0,mehrauni,Lalitpur
Uttar Pradesh,Wheat,2022,12,2022-12-01,Milak APMC,2489.85,milak,Rampur
Uttar Pradesh,Wheat,2022,12,2022-12-01,Mirzapur APMC,2609.53,mirzapur,Mirzapur
Uttar Pradesh,Wheat,2022,12,2022-12-01,Mohamadabad APMC,2612.89,mohamadabad,Farrukhabad
Uttar Pradesh,Wheat,2022,12,2022-12-01,Mohammdi APMC,2349.22,mohammdi,Kheri
Uttar Pradesh,Wheat,2022,12,2022-12-01,Moth APMC,2588.27,moth,Jhansi
Uttar Pradesh,Wheat,2022,12,2022-12-01,Mugrabaadshahpur APMC,2585.6,mugrabaadshahpur,Jaunpur
Uttar Pradesh,Wheat,2022,12,2022-12-01,Muradabad APMC,2531.49,muradabad,Sambhal
Uttar Pradesh,Wheat,2022,12,2022-12-01,Muradnagar APMC,2650.0,muradnagar,Ghaziabad
Uttar Pradesh,Wheat,2022,12,2022-12-01,Muskara APMC,2548.79,muskara,Mahoba
Uttar Pradesh,Wheat,2022,12,2022-12-01,Muzzafarnagar APMC,2660.14,muzzafarnagar,Muzaffarnagar
Uttar Pradesh,Wheat,2022,12,2022-12-01,Naanpara APMC,2590.93,naanpara,Bahraich
Uttar Pradesh,Wheat,2022,12,2022-12-01,Najibabad APMC,2500.0,najibabad,Bijnor
Uttar Pradesh,Wheat,2022,12,2022-12-01,Naugarh APMC,2455.0,naugarh,Siddharthnagar
Uttar Pradesh,Wheat,2022,12,2022-12-01,Nautnava APMC,2264.45,nautnava,Maharajganj
Uttar Pradesh,Wheat,2022,12,2022-12-01,Nawabganj APMC,2450.86,nawabganj,Gonda
Uttar Pradesh,Wheat,2022,12,2022-12-01,Orai APMC,2644.29,orai,Jalaun
Uttar Pradesh,Wheat,2022,12,2022-12-01,Paliakala APMC,,paliakala,Kheri
Uttar Pradesh,Wheat,2022,12,2022-12-01,Panchpedwa APMC,2463.72,panchpedwa,Balrampur
Uttar Pradesh,Wheat,2022,12,2022-12-01,Partaval APMC,2468.74,partaval,Mahrajganj
Uttar Pradesh,Wheat,2022,12,2022-12-01,Pilibhit APMC,2403.28,pilibhit,Pilibhit
Uttar Pradesh,Wheat,2022,12,2022-12-01,Powayan APMC,2516.46,powayan,Shahjahanpur
Uttar Pradesh,Wheat,2022,12,2022-12-01,Pratapgarh APMC,2603.88,pratapgarh,Pratapgarh
Uttar Pradesh,Wheat,2022,12,2022-12-01,Prayagraj APMC,2486.64,prayagraj,Prayagraj
Uttar Pradesh,Wheat,2022,12,2022-12-01,Pukharayan APMC,2538.92,pukharayan,Kanpur Dehat
Uttar Pradesh,Wheat,2022,12,2022-12-01,Puranpur APMC,2527.99,puranpur,Pilibhit
Uttar Pradesh,Wheat,2022,12,2022-12-01,Purwa APMC,2543.64,purwa,Unnao
Uttar Pradesh,Wheat,2022,12,2022-12-01,Raath APMC,2549.49,raath,Hamirpur
Uttar Pradesh,Wheat,2022,12,2022-12-01,Raibareilly APMC,2541.34,raibareilly,Rae Bareli
Uttar Pradesh,Wheat,2022,12,2022-12-01,Rampur APMC,2551.69,rampur,Rampur
Uttar Pradesh,Wheat,2022,12,2022-12-01,Rasda APMC,2582.16,rasda,Ballia
Uttar Pradesh,Wheat,2022,12,2022-12-01,Robertsganj APMC,2567.78,robertsganj,Sonbhadra
Uttar Pradesh,Wheat,2022,12,2022-12-01,Rura APMC,2300.0,rura,Kanpur Dehat
Uttar Pradesh,Wheat,2022,12,2022-12-01,Safdarganj APMC,2389.01,safdarganj,Barabanki
Uttar Pradesh,Wheat,2022,12,2022-12-01,Saharanpur APMC,2651.7,saharanpur,Saharanpur
Uttar Pradesh,Wheat,2022,12,2022-12-01,Sahiyapur APMC,2459.55,sahiyapur,Siddharthnagar
Uttar Pradesh,Wheat,2022,12,2022-12-01,Salon APMC,2241.42,salon,Rae Bareli
Uttar Pradesh,Wheat,2022,12,2022-12-01,Samsabad APMC,2746.03,samsabad,Agra
Uttar Pradesh,Wheat,2022,12,2022-12-01,Sandi APMC,2450.0,sandi,Hardoi
Uttar Pradesh,Wheat,2022,12,2022-12-01,Sandila APMC,2482.12,sandila,Hardoi
Uttar Pradesh,Wheat,2022,12,2022-12-01,Sehjanwa APMC,2463.62,sehjanwa,Gorakhpur
Uttar Pradesh,Wheat,2022,12,2022-12-01,Shahabad(New Mandi) APMC,2464.6,shahabad(new mandi),Hardoi
Uttar Pradesh,Wheat,2022,12,2022-12-01,Shahaswan APMC,,shahaswan,Badaun
Uttar Pradesh,Wheat,2022,12,2022-12-01,Shahganj APMC,2466.96,shahganj,Jaunpur
Uttar Pradesh,Wheat,2022,12,2022-12-01,Shahjahanpur APMC,2535.19,shahjahanpur,Shahjahanpur
Uttar Pradesh,Wheat,2022,12,2022-12-01,Shahpur APMC,2416.36,shahpur,Muzaffarnagar
Uttar Pradesh,Wheat,2022,12,2022-12-01,Shamli APMC,2665.36,shamli,Shamli
Uttar Pradesh,Wheat,2022,12,2022-12-01,Shikohabad APMC,,shikohabad,Firozabad
Uttar Pradesh,Wheat,2022,12,2022-12-01,Sikandraraau APMC,2509.94,sikandraraau,Hathras
Uttar Pradesh,Wheat,2022,12,2022-12-01,Sikarpur APMC,2450.0,sikarpur,Bulandshahar
Uttar Pradesh,Wheat,2022,12,2022-12-01,Sirsa APMC,2614.91,sirsa,Gautam Buddha Nagar
Uttar Pradesh,Wheat,2022,12,2022-12-01,Sirsaganj APMC,2629.79,sirsaganj,Firozabad
Uttar Pradesh,Wheat,2022,12,2022-12-01,Sitapur APMC,2518.89,sitapur,Sitapur
Uttar Pradesh,Wheat,2022,12,2022-12-01,Sultanpur APMC,2517.75,sultanpur,Amethi
Uttar Pradesh,Wheat,2022,12,2022-12-01,Tamkuhi road APMC,2465.0,tamkuhi road,Kushinagar
Uttar Pradesh,Wheat,2022,12,2022-12-01,Thanabhawan APMC,2605.56,thanabhawan,Shamli
Uttar Pradesh,Wheat,2022,12,2022-12-01,Tikonia APMC,2668.84,tikonia,Kheri
Uttar Pradesh,Wheat,2022,12,2022-12-01,Tulsipur APMC,2443.07,tulsipur,Balrampur
Uttar Pradesh,Wheat,2022,12,2022-12-01,Tundla APMC,2734.66,tundla,Firozabad
Uttar Pradesh,Wheat,2022,12,2022-12-01,Ujhani APMC,,ujhani,Budaun
Uttar Pradesh,Wheat,2022,12,2022-12-01,Unnao APMC,2474.8,unnao,Unnao
Uttar Pradesh,Wheat,2022,12,2022-12-01,Uttaripura APMC,2382.29,uttaripura,Jaunpur
Uttar Pradesh,Wheat,2022,12,2022-12-01,Varanasi APMC,2629.49,varanasi,Varanasi
Uttar Pradesh,Wheat,2022,12,2022-12-01,Viswan APMC,2507.07,viswan,Sitapur
Uttar Pradesh,Wheat,2022,12,2022-12-01,Wazirganj APMC,2554.85,wazirganj,Budaun
Uttar Pradesh,Wheat,2022,12,2022-12-01,Yusufpur APMC,2650.0,yusufpur,Ghazipur
Uttar Pradesh,Wheat,2023,1,2023-01-01,Achalda APMC,2675.73,achalda,Auraiya
Uttar Pradesh,Wheat,2023,1,2023-01-01,Achnera APMC,2800.0,achnera,Agra
Uttar Pradesh,Wheat,2023,1,2023-01-01,Agra APMC,2780.6,agra,Agra
Uttar Pradesh,Wheat,2023,1,2023-01-01,Ahirora APMC,2723.18,ahirora,Mirzapur
Uttar Pradesh,Wheat,2023,1,2023-01-01,Ait APMC,2806.47,ait,Jalaun
Uttar Pradesh,Wheat,2023,1,2023-01-01,Ajuha APMC,2678.93,ajuha,Prayagraj
Uttar Pradesh,Wheat,2023,1,2023-01-01,Akbarpur APMC,2787.13,akbarpur,Ambedkarnagar
Uttar Pradesh,Wheat,2023,1,2023-01-01,Aliganj APMC,2621.11,aliganj,Etah
Uttar Pradesh,Wheat,2023,1,2023-01-01,Aligarh APMC,2783.55,aligarh,Aligarh
Uttar Pradesh,Wheat,2023,1,2023-01-01,Amroha APMC,2637.58,amroha,Amroha
Uttar Pradesh,Wheat,2023,1,2023-01-01,Anandnagar APMC,2547.26,anandnagar,Mahrajganj
Uttar Pradesh,Wheat,2023,1,2023-01-01,Atarra APMC,2627.98,atarra,Banda
Uttar Pradesh,Wheat,2023,1,2023-01-01,Atrauli APMC,,atrauli,Aligarh
Uttar Pradesh,Wheat,2023,1,2023-01-01,Auraiya APMC,2722.84,auraiya,Auraiya
Uttar Pradesh,Wheat,2023,1,2023-01-01,Ayodhya APMC,2770.12,ayodhya,Ayodhya
Uttar Pradesh,Wheat,2023,1,2023-01-01,Azamgarh APMC,2562.68,azamgarh,Azamgarh
Uttar Pradesh,Wheat,2023,1,2023-01-01,Baberu APMC,2713.99,baberu,Banda
Uttar Pradesh,Wheat,2023,1,2023-01-01,Babrala APMC,,babrala,Budaun
Uttar Pradesh,Wheat,2023,1,2023-01-01,Bachranwa APMC,2662.59,bachranwa,Rae Bareli
Uttar Pradesh,Wheat,2023,1,2023-01-01,Badayoun APMC,2637.84,badayoun,Budaun
Uttar Pradesh,Wheat,2023,1,2023-01-01,Bahraich APMC,2685.49,bahraich,Bahraich
Uttar Pradesh,Wheat,2023,1,2023-01-01,Ballia APMC,2725.12,ballia,Ballia
Uttar Pradesh,Wheat,2023,1,2023-01-01,Balrampur APMC,2709.67,balrampur,Balrampur
Uttar Pradesh,Wheat,2023,1,2023-01-01,Banda APMC,2677.25,banda,Banda
Uttar Pradesh,Wheat,2023,1,2023-01-01,Bangarmau APMC,2619.08,bangarmau,Unnao
Uttar Pradesh,Wheat,2023,1,2023-01-01,Bansi APMC,2780.0,bansi,Siddharthnagar
Uttar Pradesh,Wheat,2023,1,2023-01-01,Barabanki APMC,2728.25,barabanki,Bara Banki
Uttar Pradesh,Wheat,2023,1,2023-01-01,Bareilly APMC,2634.51,bareilly,Bareilly
Uttar Pradesh,Wheat,2023,1,2023-01-01,Barhaj APMC,2556.96,barhaj,Deoria
Uttar Pradesh,Wheat,2023,1,2023-01-01,Baripaal APMC,2628.22,baripaal,Jaunpur
Uttar Pradesh,Wheat,2023,1,2023-01-01,Basti APMC,2591.18,basti,Basti
Uttar Pradesh,Wheat,2023,1,2023-01-01,Bewar APMC,2500.0,bewar,Mainpuri
Uttar Pradesh,Wheat,2023,1,2023-01-01,Bharthna APMC,2747.06,bharthna,Etawah
Uttar Pradesh,Wheat,2023,1,2023-01-01,Bharuasumerpur APMC,2715.33,bharuasumerpur,Hamirpur
Uttar Pradesh,Wheat,2023,1,2023-01-01,Bharwari APMC,2670.95,bharwari,Kaushambi
Uttar Pradesh,Wheat,2023,1,2023-01-01,Bhehjoi APMC,,bhehjoi,Sambhal
Uttar Pradesh,Wheat,2023,1,2023-01-01,Bijnaur APMC,2636.87,bijnaur,Bijnor
Uttar Pradesh,Wheat,2023,1,2023-01-01,Bilsi APMC,2692.45,bilsi,Budaun
Uttar Pradesh,Wheat,2023,1,2023-01-01,Bindki APMC,2686.08,bindki,Fatehpur
Uttar Pradesh,Wheat,2023,1,2023-01-01,Bishalpur APMC,2629.58,bishalpur,Pilibhit
Uttar Pradesh,Wheat,2023,1,2023-01-01,Buland Shahr APMC,2797.0,buland shahr,Bulandshahr
Uttar Pradesh,Wheat,2023,1,2023-01-01,Chandausi APMC,2653.15,chandausi,Sambhal
Uttar Pradesh,Wheat,2023,1,2023-01-01,Chandoli APMC,2722.34,chandoli,Chandauli
Uttar Pradesh,Wheat,2023,1,2023-01-01,Charkhari APMC,2610.4,charkhari,Mahoba
Uttar Pradesh,Wheat,2023,1,2023-01-01,Charra APMC,2774.06,charra,Aligarh
Uttar Pradesh,Wheat,2023,1,2023-01-01,Chhibramau APMC,2654.95,chhibramau,Kannauj
Uttar Pradesh,Wheat,2023,1,2023-01-01,Chirgaon APMC,2667.41,chirgaon,Jhansi
Uttar Pradesh,Wheat,2023,1,2023-01-01,Chorichora APMC,2557.06,chorichora,Gorakhpur
Uttar Pradesh,Wheat,2023,1,2023-01-01,Choubepur APMC,2772.5,choubepur,Jaunpur
Uttar Pradesh,Wheat,2023,1,2023-01-01,DADRI APMC,2809.62,dadri,Gautam Buddha Nagar
Uttar Pradesh,Wheat,2023,1,2023-01-01,Dankaur APMC,,dankaur,Gautam Buddha Nagar
Uttar Pradesh,Wheat,2023,1,2023-01-01,Devariya APMC,2572.16,devariya,Deoria
Uttar Pradesh,Wheat,2023,1,2023-01-01,Dhanaura APMC,2022.9,dhanaura,Amroha
Uttar Pradesh,Wheat,2023,1,2023-01-01,Dibiapur APMC,2660.45,dibiapur,Auraiya
Uttar Pradesh,Wheat,2023,1,2023-01-01,Divai APMC,2526.36,divai,Bulandshahar
Uttar Pradesh,Wheat,2023,1,2023-01-01,Doharighat APMC,2755.0,doharighat,Azamgarh
Uttar Pradesh,Wheat,2023,1,2023-01-01,Etah APMC,2734.4,etah,Etah
Uttar Pradesh,Wheat,2023,1,2023-01-01,Etawah APMC,2775.87,etawah,Etawah
Uttar Pradesh,Wheat,2023,1,2023-01-01,Farukhabad APMC,2787.64,farukhabad,Farrukhabad
Uttar Pradesh,Wheat,2023,1,2023-01-01,Fatehabad APMC,2809.64,fatehabad,Agra
Uttar Pradesh,Wheat,2023,1,2023-01-01,Fatehpur APMC,2694.26,fatehpur,Fatehpur
Uttar Pradesh,Wheat,2023,1,2023-01-01,Fatehpur Sikri APMC,2749.5,fatehpur sikri,Agra
Uttar Pradesh,Wheat,2023,1,2023-01-01,Firozabad APMC,2769.23,firozabad,Firozabad
Uttar Pradesh,Wheat,2023,1,2023-01-01,Gazipur APMC,2734.3,gazipur,Azamgarh
Uttar Pradesh,Wheat,2023,1,2023-01-01,Ghaziabad APMC,2822.11,ghaziabad,Ghaziabad
Uttar Pradesh,Wheat,2023,1,2023-01-01,Ghiraur APMC,2720.06,ghiraur,Mainpuri
Uttar Pradesh,Wheat,2023,1,2023-01-01,Golagokarnath APMC,2716.67,golagokarnath,Lalitpur
Uttar Pradesh,Wheat,2023,1,2023-01-01,Gonda APMC,2737.25,gonda,Gonda
Uttar Pradesh,Wheat,2023,1,2023-01-01,Gopiganj APMC,2700.13,gopiganj,Bhadohi
Uttar Pradesh,Wheat,2023,1,2023-01-01,Gorakhpur APMC,2475.2,gorakhpur,Gorakhpur
Uttar Pradesh,Wheat,2023,1,2023-01-01,Gurusarai APMC,2628.17,gurusarai,Jhansi
Uttar Pradesh,Wheat,2023,1,2023-01-01,Haathras APMC,2753.55,haathras,Hathras
Uttar Pradesh,Wheat,2023,1,2023-01-01,Haldaur APMC,,haldaur,Bijnor
Uttar Pradesh,Wheat,2023,1,2023-01-01,Hamirpur APMC,,hamirpur,Hamirpur
Uttar Pradesh,Wheat,2023,1,2023-01-01,Hapur APMC,2762.21,hapur,Ghaziabad
Uttar Pradesh,Wheat,2023,1,2023-01-01,Hardoi APMC,2627.45,hardoi,Hardoi
Uttar Pradesh,Wheat,2023,1,2023-01-01,Hargaon (Laharpur) APMC,2543.5,hargaon (laharpur),Sitapur
Uttar Pradesh,Wheat,2023,1,2023-01-01,Jafarganj APMC,2787.12,jafarganj,Amethi
Uttar Pradesh,Wheat,2023,1,2023-01-01,Jagnair APMC,2450.0,jagnair,Agra
Uttar Pradesh,Wheat,2023,1,2023-01-01,Jahanabad APMC,,jahanabad,Fatehpur
Uttar Pradesh,Wheat,2023,1,2023-01-01,Jahangirabad APMC,2773.29,jahangirabad,Bulandshahar
Uttar Pradesh,Wheat,2023,1,2023-01-01,Jalaun APMC,2723.86,jalaun,Jalaun
Uttar Pradesh,Wheat,2023,1,2023-01-01,Jamanian APMC,2770.0,jamanian,Ghazipur
Uttar Pradesh,Wheat,2023,1,2023-01-01,Jangipura APMC,2589.19,jangipura,Ghazipur
Uttar Pradesh,Wheat,2023,1,2023-01-01,Jasra APMC,2687.79,jasra,Prayagraj
Uttar Pradesh,Wheat,2023,1,2023-01-01,Jaunpur APMC,2719.39,jaunpur,Jaunpur
Uttar Pradesh,Wheat,2023,1,2023-01-01,Jayas APMC,2726.35,jayas,Rae Bareli
Uttar Pradesh,Wheat,2023,1,2023-01-01,Jhansi APMC,2668.55,jhansi,Jhansi
Uttar Pradesh,Wheat,2023,1,2023-01-01,Jhijhank APMC,2718.84,jhijhank,Kanpur Dehat
Uttar Pradesh,Wheat,2023,1,2023-01-01,Kadaura APMC,2538.61,kadaura,Jalaun
Uttar Pradesh,Wheat,2023,1,2023-01-01,Kalpi APMC,2885.0,kalpi,Jalaun
Uttar Pradesh,Wheat,2023,1,2023-01-01,Kamlaganj APMC,2855.56,kamlaganj,Farrukhabad
Uttar Pradesh,Wheat,2023,1,2023-01-01,Kannauj APMC,2704.17,kannauj,Kannauj
Uttar Pradesh,Wheat,2023,1,2023-01-01,Kanpur(Grain) APMC,2784.69,kanpur(grain),Jaunpur
Uttar Pradesh,Wheat,2023,1,2023-01-01,Karvi APMC,2656.81,karvi,Chitrakoot
Uttar Pradesh,Wheat,2023,1,2023-01-01,Kasganj APMC,2738.82,kasganj,Kasganj
Uttar Pradesh,Wheat,2023,1,2023-01-01,Kayamganj APMC,2740.9,kayamganj,Farrukhabad
Uttar Pradesh,Wheat,2023,1,2023-01-01,Khaga APMC,2346.03,khaga,Fatehpur
Uttar Pradesh,Wheat,2023,1,2023-01-01,Khair APMC,2771.89,khair,Aligarh
Uttar Pradesh,Wheat,2023,1,2023-01-01,Khairagarh APMC,2870.83,khairagarh,Agra
Uttar Pradesh,Wheat,2023,1,2023-01-01,Khurja APMC,2774.58,khurja,Bulandshahr
Uttar Pradesh,Wheat,2023,1,2023-01-01,Kishunpur APMC,2677.1,kishunpur,Bahraich
Uttar Pradesh,Wheat,2023,1,2023-01-01,Konch APMC,2651.49,konch,Jalaun
Uttar Pradesh,Wheat,2023,1,2023-01-01,Kopaganj APMC,2610.58,kopaganj,
Uttar Pradesh,Wheat,2023,1,2023-01-01,Kosikalan APMC,2761.9,kosikalan,Mathura
Uttar Pradesh,Wheat,2023,1,2023-01-01,Kurara APMC,2622.81,kurara,Hamirpur
Uttar Pradesh,Wheat,2023,1,2023-01-01,Lakhimpur APMC,2702.06,lakhimpur,Lalitpur
Uttar Pradesh,Wheat,2023,1,2023-01-01,Lalganj APMC,2717.65,lalganj,Rae Bareli
Uttar Pradesh,Wheat,2023,1,2023-01-01,Lalitpur APMC,2537.25,lalitpur,Lalitpur
Uttar Pradesh,Wheat,2023,1,2023-01-01,Lucknow APMC,2652.42,lucknow,Lucknow
Uttar Pradesh,Wheat,2023,1,2023-01-01,Madhoganj APMC,2612.69,madhoganj,Hardoi
Uttar Pradesh,Wheat,2023,1,2023-01-01,Madhogarh APMC,2697.98,madhogarh,Jalaun
Uttar Pradesh,Wheat,2023,1,2023-01-01,Mahoba APMC,2691.9,mahoba,Mahoba
Uttar Pradesh,Wheat,2023,1,2023-01-01,Maigalganj APMC,2636.89,maigalganj,Gorakhpur
Uttar Pradesh,Wheat,2023,1,2023-01-01,Mainpuri APMC,2728.16,mainpuri,Mainpuri
Uttar Pradesh,Wheat,2023,1,2023-01-01,Mathura APMC,2779.37,mathura,Mathura
Uttar Pradesh,Wheat,2023,1,2023-01-01,Mau(Chitrakut) APMC,,mau(chitrakut),Chitrakut
Uttar Pradesh,Wheat,2023,1,2023-01-01,Maudaha APMC,2608.11,maudaha,Hamirpur
Uttar Pradesh,Wheat,2023,1,2023-01-01,Mauranipur APMC,2620.52,mauranipur,Jhansi
Uttar Pradesh,Wheat,2023,1,2023-01-01,Mawana APMC,2950.0,mawana,Meerut
Uttar Pradesh,Wheat,2023,1,2023-01-01,Meerut APMC,2811.03,meerut,Meerut
Uttar Pradesh,Wheat,2023,1,2023-01-01,Mehrauni APMC,2300.0,mehrauni,Lalitpur
Uttar Pradesh,Wheat,2023,1,2023-01-01,Milak APMC,2620.62,milak,Rampur
Uttar Pradesh,Wheat,2023,1,2023-01-01,Mirzapur APMC,2748.92,mirzapur,Mirzapur
Uttar Pradesh,Wheat,2023,1,2023-01-01,Mohamadabad APMC,2800.0,mohamadabad,Farrukhabad
Uttar Pradesh,Wheat,2023,1,2023-01-01,Mohammdi APMC,2697.94,mohammdi,Kheri
Uttar Pradesh,Wheat,2023,1,2023-01-01,Moth APMC,2579.64,moth,Jhansi
Uttar Pradesh,Wheat,2023,1,2023-01-01,Mugrabaadshahpur APMC,2717.44,mugrabaadshahpur,Jaunpur
Uttar Pradesh,Wheat,2023,1,2023-01-01,Muradabad APMC,2631.62,muradabad,Sambhal
Uttar Pradesh,Wheat,2023,1,2023-01-01,Muradnagar APMC,2930.0,muradnagar,Ghaziabad
Uttar Pradesh,Wheat,2023,1,2023-01-01,Muskara APMC,2669.6,muskara,Mahoba
Uttar Pradesh,Wheat,2023,1,2023-01-01,Muzzafarnagar APMC,2788.08,muzzafarnagar,Muzaffarnagar
Uttar Pradesh,Wheat,2023,1,2023-01-01,Naanpara APMC,2684.71,naanpara,Bahraich
Uttar Pradesh,Wheat,2023,1,2023-01-01,Najibabad APMC,,najibabad,Bijnor
Uttar Pradesh,Wheat,2023,1,2023-01-01,Naugarh APMC,2501.11,naugarh,Siddharthnagar
Uttar Pradesh,Wheat,2023,1,2023-01-01,Nautnava APMC,2500.0,nautnava,Maharajganj
Uttar Pradesh,Wheat,2023,1,2023-01-01,Nawabganj APMC,2595.15,nawabganj,Gonda
Uttar Pradesh,Wheat,2023,1,2023-01-01,Orai APMC,2731.8,orai,Jalaun
Uttar Pradesh,Wheat,2023,1,2023-01-01,Paliakala APMC,,paliakala,Kheri
Uttar Pradesh,Wheat,2023,1,2023-01-01,Panchpedwa APMC,,panchpedwa,Balrampur
Uttar Pradesh,Wheat,2023,1,2023-01-01,Partaval APMC,2601.83,partaval,Mahrajganj
Uttar Pradesh,Wheat,2023,1,2023-01-01,Pilibhit APMC,2638.24,pilibhit,Pilibhit
Uttar Pradesh,Wheat,2023,1,2023-01-01,Powayan APMC,2626.46,powayan,Shahjahanpur
Uttar Pradesh,Wheat,2023,1,2023-01-01,Pratapgarh APMC,2740.53,pratapgarh,Pratapgarh
Uttar Pradesh,Wheat,2023,1,2023-01-01,Prayagraj APMC,2662.16,prayagraj,Prayagraj
Uttar Pradesh,Wheat,2023,1,2023-01-01,Pukharayan APMC,2701.75,pukharayan,Kanpur Dehat
Uttar Pradesh,Wheat,2023,1,2023-01-01,Puranpur APMC,2634.65,puranpur,Pilibhit
Uttar Pradesh,Wheat,2023,1,2023-01-01,Purwa APMC,2615.0,purwa,Unnao
Uttar Pradesh,Wheat,2023,1,2023-01-01,Raath APMC,2707.15,raath,Hamirpur
Uttar Pradesh,Wheat,2023,1,2023-01-01,Raibareilly APMC,2678.71,raibareilly,Rae Bareli
Uttar Pradesh,Wheat,2023,1,2023-01-01,Rampur APMC,2641.11,rampur,Rampur
Uttar Pradesh,Wheat,2023,1,2023-01-01,Rasda APMC,2705.92,rasda,Ballia
Uttar Pradesh,Wheat,2023,1,2023-01-01,Robertsganj APMC,2699.45,robertsganj,Sonbhadra
Uttar Pradesh,Wheat,2023,1,2023-01-01,Rura APMC,,rura,Kanpur Dehat
Uttar Pradesh,Wheat,2023,1,2023-01-01,Safdarganj APMC,2640.35,safdarganj,Barabanki
Uttar Pradesh,Wheat,2023,1,2023-01-01,Saharanpur APMC,2837.03,saharanpur,Saharanpur
Uttar Pradesh,Wheat,2023,1,2023-01-01,Sahiyapur APMC,2747.89,sahiyapur,Siddharthnagar
Uttar Pradesh,Wheat,2023,1,2023-01-01,Salon APMC,2719.9,salon,Rae Bareli
Uttar Pradesh,Wheat,2023,1,2023-01-01,Samsabad APMC,2700.0,samsabad,Agra
Uttar Pradesh,Wheat,2023,1,2023-01-01,Sandi APMC,,sandi,Hardoi
Uttar Pradesh,Wheat,2023,1,2023-01-01,Sandila APMC,2631.71,sandila,Hardoi
Uttar Pradesh,Wheat,2023,1,2023-01-01,Sehjanwa APMC,2556.3,sehjanwa,Gorakhpur
Uttar Pradesh,Wheat,2023,1,2023-01-01,Shahabad APMC,2350.0,shahabad,Hardoi
Uttar Pradesh,Wheat,2023,1,2023-01-01,Shahabad(New Mandi) APMC,2629.25,shahabad(new mandi),Hardoi
Uttar Pradesh,Wheat,2023,1,2023-01-01,Shahganj APMC,2646.89,shahganj,Jaunpur
Uttar Pradesh,Wheat,2023,1,2023-01-01,Shahjahanpur APMC,2606.43,shahjahanpur,Shahjahanpur
Uttar Pradesh,Wheat,2023,1,2023-01-01,Shahpur APMC,2568.18,shahpur,Muzaffarnagar
Uttar Pradesh,Wheat,2023,1,2023-01-01,Shamli APMC,2782.5,shamli,Shamli
Uttar Pradesh,Wheat,2023,1,2023-01-01,Shikohabad APMC,2770.46,shikohabad,Firozabad
Uttar Pradesh,Wheat,2023,1,2023-01-01,Sikandraraau APMC,2685.24,sikandraraau,Hathras
Uttar Pradesh,Wheat,2023,1,2023-01-01,Sikarpur APMC,,sikarpur,Bulandshahar
Uttar Pradesh,Wheat,2023,1,2023-01-01,Sirsa APMC,2647.11,sirsa,Gautam Buddha Nagar
Uttar Pradesh,Wheat,2023,1,2023-01-01,Sirsaganj APMC,2748.36,sirsaganj,Firozabad
Uttar Pradesh,Wheat,2023,1,2023-01-01,Sitapur APMC,2649.02,sitapur,Sitapur
Uttar Pradesh,Wheat,2023,1,2023-01-01,Sultanpur APMC,2727.29,sultanpur,Amethi
Uttar Pradesh,Wheat,2023,1,2023-01-01,Tamkuhi road APMC,2780.0,tamkuhi road,Kushinagar
Uttar Pradesh,Wheat,2023,1,2023-01-01,Thanabhawan APMC,,thanabhawan,Shamli
Uttar Pradesh,Wheat,2023,1,2023-01-01,Tikonia APMC,2632.05,tikonia,Kheri
Uttar Pradesh,Wheat,2023,1,2023-01-01,Tulsipur APMC,2660.04,tulsipur,Balrampur
Uttar Pradesh,Wheat,2023,1,2023-01-01,Tundla APMC,2833.88,tundla,Firozabad
Uttar Pradesh,Wheat,2023,1,2023-01-01,Ujhani APMC,,ujhani,Budaun
Uttar Pradesh,Wheat,2023,1,2023-01-01,Unnao APMC,2631.29,unnao,Unnao
Uttar Pradesh,Wheat,2023,1,2023-01-01,Uttaripura APMC,2409.59,uttaripura,Jaunpur
Uttar Pradesh,Wheat,2023,1,2023-01-01,Varanasi APMC,2753.6,varanasi,Varanasi
Uttar Pradesh,Wheat,2023,1,2023-01-01,Viswan APMC,2630.83,viswan,Sitapur
Uttar Pradesh,Wheat,2023,1,2023-01-01,Wazirganj APMC,2629.97,wazirganj,Budaun
Uttar Pradesh,Wheat,2023,1,2023-01-01,Yusufpur APMC,2800.0,yusufpur,Ghazipur
Uttar Pradesh,Wheat,2023,2,2023-02-01,Achalda APMC,2421.98,achalda,Auraiya
Uttar Pradesh,Wheat,2023,2,2023-02-01,Achnera APMC,2590.0,achnera,Agra
Uttar Pradesh,Wheat,2023,2,2023-02-01,Agra APMC,2726.3,agra,Agra
Uttar Pradesh,Wheat,2023,2,2023-02-01,Ahirora APMC,2707.14,ahirora,Mirzapur
Uttar Pradesh,Wheat,2023,2,2023-02-01,Ait APMC,2810.0,ait,Jalaun
Uttar Pradesh,Wheat,2023,2,2023-02-01,Ajuha APMC,2490.44,ajuha,Prayagraj
Uttar Pradesh,Wheat,2023,2,2023-02-01,Akbarpur APMC,2471.79,akbarpur,Ambedkarnagar
Uttar Pradesh,Wheat,2023,2,2023-02-01,Aliganj APMC,2393.26,aliganj,Etah
Uttar Pradesh,Wheat,2023,2,2023-02-01,Aligarh APMC,2533.0,aligarh,Aligarh
Uttar Pradesh,Wheat,2023,2,2023-02-01,Amroha APMC,2661.12,amroha,Amroha
Uttar Pradesh,Wheat,2023,2,2023-02-01,Anandnagar APMC,2693.73,anandnagar,Mahrajganj
Uttar Pradesh,Wheat,2023,2,2023-02-01,Anoop Shahar APMC,,anoop shahar,Bulandshahr
Uttar Pradesh,Wheat,2023,2,2023-02-01,Atarra APMC,2506.19,atarra,Banda
Uttar Pradesh,Wheat,2023,2,2023-02-01,Atrauli APMC,,atrauli,Aligarh
Uttar Pradesh,Wheat,2023,2,2023-02-01,Auraiya APMC,2385.65,auraiya,Auraiya
Uttar Pradesh,Wheat,2023,2,2023-02-01,Ayodhya APMC,2379.69,ayodhya,Ayodhya
Uttar Pradesh,Wheat,2023,2,2023-02-01,Azamgarh APMC,2683.18,azamgarh,Azamgarh
Uttar Pradesh,Wheat,2023,2,2023-02-01,Baberu APMC,2475.59,baberu,Banda
Uttar Pradesh,Wheat,2023,2,2023-02-01,Babrala APMC,2280.0,babrala,Budaun
Uttar Pradesh,Wheat,2023,2,2023-02-01,Bachranwa APMC,2547.08,bachranwa,Rae Bareli
Uttar Pradesh,Wheat,2023,2,2023-02-01,Badayoun APMC,2652.9,badayoun,Budaun
Uttar Pradesh,Wheat,2023,2,2023-02-01,Bahraich APMC,2480.4,bahraich,Bahraich
Uttar Pradesh,Wheat,2023,2,2023-02-01,Ballia APMC,2770.39,ballia,Ballia
Uttar Pradesh,Wheat,2023,2,2023-02-01,Balrampur APMC,2659.18,balrampur,Balrampur
Uttar Pradesh,Wheat,2023,2,2023-02-01,Banda APMC,2403.09,banda,Banda
Uttar Pradesh,Wheat,2023,2,2023-02-01,Bangarmau APMC,2457.77,bangarmau,Unnao
Uttar Pradesh,Wheat,2023,2,2023-02-01,Bansi APMC,2440.0,bansi,Siddharthnagar
Uttar Pradesh,Wheat,2023,2,2023-02-01,Barabanki APMC,2445.99,barabanki,Bara Banki
Uttar Pradesh,Wheat,2023,2,2023-02-01,Bareilly APMC,2654.02,bareilly,Bareilly
Uttar Pradesh,Wheat,2023,2,2023-02-01,Barhaj APMC,2679.55,barhaj,Deoria
Uttar Pradesh,Wheat,2023,2,2023-02-01,Baripaal APMC,2240.22,baripaal,Jaunpur
Uttar Pradesh,Wheat,2023,2,2023-02-01,Basti APMC,2670.52,basti,Basti
Uttar Pradesh,Wheat,2023,2,2023-02-01,Bewar APMC,2280.52,bewar,Mainpuri
Uttar Pradesh,Wheat,2023,2,2023-02-01,Bharthna APMC,2387.82,bharthna,Etawah
Uttar Pradesh,Wheat,2023,2,2023-02-01,Bharuasumerpur APMC,2338.99,bharuasumerpur,Hamirpur
Uttar Pradesh,Wheat,2023,2,2023-02-01,Bharwari APMC,2612.62,bharwari,Kaushambi
Uttar Pradesh,Wheat,2023,2,2023-02-01,Bijnaur APMC,2658.12,bijnaur,Bijnor
Uttar Pradesh,Wheat,2023,2,2023-02-01,Bilsi APMC,2614.59,bilsi,Budaun
Uttar Pradesh,Wheat,2023,2,2023-02-01,Bindki APMC,2433.3,bindki,Fatehpur
Uttar Pradesh,Wheat,2023,2,2023-02-01,Bishalpur APMC,2631.68,bishalpur,Pilibhit
Uttar Pradesh,Wheat,2023,2,2023-02-01,Buland Shahr APMC,2522.32,buland shahr,Bulandshahr
Uttar Pradesh,Wheat,2023,2,2023-02-01,Chandausi APMC,2707.33,chandausi,Sambhal
Uttar Pradesh,Wheat,2023,2,2023-02-01,Chandoli APMC,2626.13,chandoli,Chandauli
Uttar Pradesh,Wheat,2023,2,2023-02-01,Charkhari APMC,2262.61,charkhari,Mahoba
Uttar Pradesh,Wheat,2023,2,2023-02-01,Charra APMC,2547.67,charra,Aligarh
Uttar Pradesh,Wheat,2023,2,2023-02-01,Chhibramau APMC,2536.53,chhibramau,Kannauj
Uttar Pradesh,Wheat,2023,2,2023-02-01,Chirgaon APMC,2668.87,chirgaon,Jhansi
Uttar Pradesh,Wheat,2023,2,2023-02-01,Chorichora APMC,2617.48,chorichora,Gorakhpur
Uttar Pradesh,Wheat,2023,2,2023-02-01,Choubepur APMC,2482.52,choubepur,Jaunpur
Uttar Pradesh,Wheat,2023,2,2023-02-01,DADRI APMC,2578.68,dadri,Gautam Buddha Nagar
Uttar Pradesh,Wheat,2023,2,2023-02-01,Dankaur APMC,,dankaur,Gautam Buddha Nagar
Uttar Pradesh,Wheat,2023,2,2023-02-01,Devariya APMC,2679.39,devariya,Deoria
Uttar Pradesh,Wheat,2023,2,2023-02-01,Dhanaura APMC,2023.0,dhanaura,Amroha
Uttar Pradesh,Wheat,2023,2,2023-02-01,Dibiapur APMC,2069.07,dibiapur,Auraiya
Uttar Pradesh,Wheat,2023,2,2023-02-01,Divai APMC,2382.76,divai,Bulandshahar
Uttar Pradesh,Wheat,2023,2,2023-02-01,Doharighat APMC,2485.0,doharighat,Azamgarh
Uttar Pradesh,Wheat,2023,2,2023-02-01,Etah APMC,2670.8,etah,Etah
Uttar Pradesh,Wheat,2023,2,2023-02-01,Etawah APMC,2355.38,etawah,Etawah
Uttar Pradesh,Wheat,2023,2,2023-02-01,Farukhabad APMC,2524.41,farukhabad,Farrukhabad
Uttar Pradesh,Wheat,2023,2,2023-02-01,Fatehabad APMC,2565.0,fatehabad,Agra
Uttar Pradesh,Wheat,2023,2,2023-02-01,Fatehpur APMC,2529.5,fatehpur,Fatehpur
Uttar Pradesh,Wheat,2023,2,2023-02-01,Fatehpur Sikri APMC,2688.2,fatehpur sikri,Agra
Uttar Pradesh,Wheat,2023,2,2023-02-01,Firozabad APMC,2572.05,firozabad,Firozabad
Uttar Pradesh,Wheat,2023,2,2023-02-01,Gadaura APMC,,gadaura,Maharajganj
Uttar Pradesh,Wheat,2023,2,2023-02-01,Gazipur APMC,2759.77,gazipur,Azamgarh
Uttar Pradesh,Wheat,2023,2,2023-02-01,Ghaziabad APMC,2588.42,ghaziabad,Ghaziabad
Uttar Pradesh,Wheat,2023,2,2023-02-01,Ghiraur APMC,2511.79,ghiraur,Mainpuri
Uttar Pradesh,Wheat,2023,2,2023-02-01,Golagokarnath APMC,2380.25,golagokarnath,Lalitpur
Uttar Pradesh,Wheat,2023,2,2023-02-01,Gonda APMC,2471.47,gonda,Gonda
Uttar Pradesh,Wheat,2023,2,2023-02-01,Gopiganj APMC,2717.96,gopiganj,Bhadohi
Uttar Pradesh,Wheat,2023,2,2023-02-01,Gorakhpur APMC,2578.45,gorakhpur,Gorakhpur
Uttar Pradesh,Wheat,2023,2,2023-02-01,Gurusarai APMC,2683.83,gurusarai,Jhansi
Uttar Pradesh,Wheat,2023,2,2023-02-01,Haathras APMC,2623.57,haathras,Hathras
Uttar Pradesh,Wheat,2023,2,2023-02-01,Hamirpur APMC,,hamirpur,Hamirpur
Uttar Pradesh,Wheat,2023,2,2023-02-01,Hapur APMC,2567.28,hapur,Ghaziabad
Uttar Pradesh,Wheat,2023,2,2023-02-01,Hardoi APMC,2461.45,hardoi,Hardoi
Uttar Pradesh,Wheat,2023,2,2023-02-01,Hargaon (Laharpur) APMC,2465.69,hargaon (laharpur),Sitapur
Uttar Pradesh,Wheat,2023,2,2023-02-01,Jafarganj APMC,2457.73,jafarganj,Amethi
Uttar Pradesh,Wheat,2023,2,2023-02-01,Jagnair APMC,,jagnair,Agra
Uttar Pradesh,Wheat,2023,2,2023-02-01,Jahanabad APMC,,jahanabad,Fatehpur
Uttar Pradesh,Wheat,2023,2,2023-02-01,Jahangirabad APMC,2524.66,jahangirabad,Bulandshahar
Uttar Pradesh,Wheat,2023,2,2023-02-01,Jalaun APMC,2358.95,jalaun,Jalaun
Uttar Pradesh,Wheat,2023,2,2023-02-01,Jamanian APMC,2650.0,jamanian,Ghazipur
Uttar Pradesh,Wheat,2023,2,2023-02-01,Jangipura APMC,2752.08,jangipura,Ghazipur
Uttar Pradesh,Wheat,2023,2,2023-02-01,Jasra APMC,2527.19,jasra,Prayagraj
Uttar Pradesh,Wheat,2023,2,2023-02-01,Jaunpur APMC,2749.6,jaunpur,Jaunpur
Uttar Pradesh,Wheat,2023,2,2023-02-01,Jayas APMC,2481.11,jayas,Rae Bareli
Uttar Pradesh,Wheat,2023,2,2023-02-01,Jhansi APMC,2707.71,jhansi,Jhansi
Uttar Pradesh,Wheat,2023,2,2023-02-01,Jhijhank APMC,2622.05,jhijhank,Kanpur Dehat
Uttar Pradesh,Wheat,2023,2,2023-02-01,Kadaura APMC,,kadaura,Jalaun
Uttar Pradesh,Wheat,2023,2,2023-02-01,Kalpi APMC,2336.9,kalpi,Jalaun
Uttar Pradesh,Wheat,2023,2,2023-02-01,Kamlaganj APMC,2350.0,kamlaganj,Farrukhabad
Uttar Pradesh,Wheat,2023,2,2023-02-01,Kannauj APMC,2554.1,kannauj,Kannauj
Uttar Pradesh,Wheat,2023,2,2023-02-01,Kanpur(Grain) APMC,2573.41,kanpur(grain),Jaunpur
Uttar Pradesh,Wheat,2023,2,2023-02-01,Karvi APMC,2410.92,karvi,Chitrakoot
Uttar Pradesh,Wheat,2023,2,2023-02-01,Kasganj APMC,2718.96,kasganj,Kasganj
Uttar Pradesh,Wheat,2023,2,2023-02-01,Kayamganj APMC,2509.94,kayamganj,Farrukhabad
Uttar Pradesh,Wheat,2023,2,2023-02-01,Khaga APMC,2305.45,khaga,Fatehpur
Uttar Pradesh,Wheat,2023,2,2023-02-01,Khair APMC,2555.72,khair,Aligarh
Uttar Pradesh,Wheat,2023,2,2023-02-01,Khairagarh APMC,2383.33,khairagarh,Agra
Uttar Pradesh,Wheat,2023,2,2023-02-01,Khurja APMC,2531.77,khurja,Bulandshahr
Uttar Pradesh,Wheat,2023,2,2023-02-01,Kishunpur APMC,2455.39,kishunpur,Bahraich
Uttar Pradesh,Wheat,2023,2,2023-02-01,Konch APMC,2309.95,konch,Jalaun
Uttar Pradesh,Wheat,2023,2,2023-02-01,Kopaganj APMC,2640.88,kopaganj,
Uttar Pradesh,Wheat,2023,2,2023-02-01,Kosikalan APMC,2478.23,kosikalan,Mathura
Uttar Pradesh,Wheat,2023,2,2023-02-01,Kurara APMC,2152.94,kurara,Hamirpur
Uttar Pradesh,Wheat,2023,2,2023-02-01,Lakhimpur APMC,2385.64,lakhimpur,Lalitpur
Uttar Pradesh,Wheat,2023,2,2023-02-01,Lalganj APMC,2403.66,lalganj,Rae Bareli
Uttar Pradesh,Wheat,2023,2,2023-02-01,Lalitpur APMC,2435.57,lalitpur,Lalitpur
Uttar Pradesh,Wheat,2023,2,2023-02-01,Lucknow APMC,2661.21,lucknow,Lucknow
Uttar Pradesh,Wheat,2023,2,2023-02-01,Madhoganj APMC,2495.27,madhoganj,Hardoi
Uttar Pradesh,Wheat,2023,2,2023-02-01,Madhogarh APMC,2215.92,madhogarh,Jalaun
Uttar Pradesh,Wheat,2023,2,2023-02-01,Mahoba APMC,2612.26,mahoba,Mahoba
Uttar Pradesh,Wheat,2023,2,2023-02-01,Maigalganj APMC,2346.56,maigalganj,Gorakhpur
Uttar Pradesh,Wheat,2023,2,2023-02-01,Mainpuri APMC,2403.68,mainpuri,Mainpuri
Uttar Pradesh,Wheat,2023,2,2023-02-01,Mathura APMC,2507.22,mathura,Mathura
Uttar Pradesh,Wheat,2023,2,2023-02-01,Maudaha APMC,2311.56,maudaha,Hamirpur
Uttar Pradesh,Wheat,2023,2,2023-02-01,Mauranipur APMC,2638.1,mauranipur,Jhansi
Uttar Pradesh,Wheat,2023,2,2023-02-01,Mawana APMC,,mawana,Meerut
Uttar Pradesh,Wheat,2023,2,2023-02-01,Meerut APMC,2589.83,meerut,Meerut
Uttar Pradesh,Wheat,2023,2,2023-02-01,Mehrauni APMC,2244.21,mehrauni,Lalitpur
Uttar Pradesh,Wheat,2023,2,2023-02-01,Milak APMC,2655.06,milak,Rampur
Uttar Pradesh,Wheat,2023,2,2023-02-01,Mirzapur APMC,2761.97,mirzapur,Mirzapur
Uttar Pradesh,Wheat,2023,2,2023-02-01,Mohamadabad APMC,2300.0,mohamadabad,Farrukhabad
Uttar Pradesh,Wheat,2023,2,2023-02-01,Mohammdi APMC,2461.67,mohammdi,Kheri
Uttar Pradesh,Wheat,2023,2,2023-02-01,Moth APMC,2600.0,moth,Jhansi
Uttar Pradesh,Wheat,2023,2,2023-02-01,Mugrabaadshahpur APMC,2760.96,mugrabaadshahpur,Jaunpur
Uttar Pradesh,Wheat,2023,2,2023-02-01,Muradabad APMC,2620.32,muradabad,Sambhal
Uttar Pradesh,Wheat,2023,2,2023-02-01,Muradnagar APMC,2350.0,muradnagar,Ghaziabad
Uttar Pradesh,Wheat,2023,2,2023-02-01,Muskara APMC,2368.04,muskara,Mahoba
Uttar Pradesh,Wheat,2023,2,2023-02-01,Muzzafarnagar APMC,2575.79,muzzafarnagar,Muzaffarnagar
Uttar Pradesh,Wheat,2023,2,2023-02-01,Naanpara APMC,2475.13,naanpara,Bahraich
Uttar Pradesh,Wheat,2023,2,2023-02-01,Najibabad APMC,2690.04,najibabad,Bijnor
Uttar Pradesh,Wheat,2023,2,2023-02-01,Naugarh APMC,2621.33,naugarh,Siddharthnagar
Uttar Pradesh,Wheat,2023,2,2023-02-01,Nautnava APMC,,nautnava,Maharajganj
Uttar Pradesh,Wheat,2023,2,2023-02-01,Nawabganj APMC,2537.63,nawabganj,Gonda
Uttar Pradesh,Wheat,2023,2,2023-02-01,Orai APMC,2461.6,orai,Jalaun
Uttar Pradesh,Wheat,2023,2,2023-02-01,Paliakala APMC,,paliakala,Kheri
Uttar Pradesh,Wheat,2023,2,2023-02-01,Partaval APMC,2699.03,partaval,Mahrajganj
Uttar Pradesh,Wheat,2023,2,2023-02-01,Pilibhit APMC,2661.96,pilibhit,Pilibhit
Uttar Pradesh,Wheat,2023,2,2023-02-01,Powayan APMC,2610.19,powayan,Shahjahanpur
Uttar Pradesh,Wheat,2023,2,2023-02-01,Pratapgarh APMC,2506.34,pratapgarh,Pratapgarh
Uttar Pradesh,Wheat,2023,2,2023-02-01,Prayagraj APMC,2797.35,prayagraj,Prayagraj
Uttar Pradesh,Wheat,2023,2,2023-02-01,Pukharayan APMC,2491.95,pukharayan,Kanpur Dehat
Uttar Pradesh,Wheat,2023,2,2023-02-01,Puranpur APMC,2648.12,puranpur,Pilibhit
Uttar Pradesh,Wheat,2023,2,2023-02-01,Purwa APMC,2613.41,purwa,Unnao
Uttar Pradesh,Wheat,2023,2,2023-02-01,Raath APMC,2251.22,raath,Hamirpur
Uttar Pradesh,Wheat,2023,2,2023-02-01,Raibareilly APMC,2506.0,raibareilly,Rae Bareli
Uttar Pradesh,Wheat,2023,2,2023-02-01,Rampur APMC,2675.89,rampur,Rampur
Uttar Pradesh,Wheat,2023,2,2023-02-01,Rasda APMC,2766.27,rasda,Ballia
Uttar Pradesh,Wheat,2023,2,2023-02-01,Robertsganj APMC,2758.41,robertsganj,Sonbhadra
Uttar Pradesh,Wheat,2023,2,2023-02-01,Rura APMC,,rura,Kanpur Dehat
Uttar Pradesh,Wheat,2023,2,2023-02-01,Safdarganj APMC,2600.88,safdarganj,Barabanki
Uttar Pradesh,Wheat,2023,2,2023-02-01,Saharanpur APMC,2582.51,saharanpur,Saharanpur
Uttar Pradesh,Wheat,2023,2,2023-02-01,Sahiyapur APMC,2625.87,sahiyapur,Siddharthnagar
Uttar Pradesh,Wheat,2023,2,2023-02-01,Salon APMC,1712.81,salon,Rae Bareli
Uttar Pradesh,Wheat,2023,2,2023-02-01,Samsabad APMC,2689.8,samsabad,Agra
Uttar Pradesh,Wheat,2023,2,2023-02-01,Sandi APMC,,sandi,Hardoi
Uttar Pradesh,Wheat,2023,2,2023-02-01,Sandila APMC,2527.88,sandila,Hardoi
Uttar Pradesh,Wheat,2023,2,2023-02-01,Sehjanwa APMC,2696.45,sehjanwa,Gorakhpur
Uttar Pradesh,Wheat,2023,2,2023-02-01,Shahabad APMC,,shahabad,Hardoi
Uttar Pradesh,Wheat,2023,2,2023-02-01,Shahabad(New Mandi) APMC,2574.12,shahabad(new mandi),Hardoi
Uttar Pradesh,Wheat,2023,2,2023-02-01,Shahganj APMC,2699.82,shahganj,Jaunpur
Uttar Pradesh,Wheat,2023,2,2023-02-01,Shahjahanpur APMC,2678.6,shahjahanpur,Shahjahanpur
Uttar Pradesh,Wheat,2023,2,2023-02-01,Shahpur APMC,2148.34,shahpur,Muzaffarnagar
Uttar Pradesh,Wheat,2023,2,2023-02-01,Shamli APMC,2505.83,shamli,Shamli
Uttar Pradesh,Wheat,2023,2,2023-02-01,Shikohabad APMC,2514.26,shikohabad,Firozabad
Uttar Pradesh,Wheat,2023,2,2023-02-01,Sikandraraau APMC,2570.98,sikandraraau,Hathras
Uttar Pradesh,Wheat,2023,2,2023-02-01,Sirsa APMC,2469.28,sirsa,Gautam Buddha Nagar
Uttar Pradesh,Wheat,2023,2,2023-02-01,Sirsaganj APMC,2470.73,sirsaganj,Firozabad
Uttar Pradesh,Wheat,2023,2,2023-02-01,Sitapur APMC,2506.4,sitapur,Sitapur
Uttar Pradesh,Wheat,2023,2,2023-02-01,Sultanpur APMC,2381.2,sultanpur,Amethi
Uttar Pradesh,Wheat,2023,2,2023-02-01,Tamkuhi road APMC,,tamkuhi road,Kushinagar
Uttar Pradesh,Wheat,2023,2,2023-02-01,Thanabhawan APMC,2450.0,thanabhawan,Shamli
Uttar Pradesh,Wheat,2023,2,2023-02-01,Tikonia APMC,,tikonia,Kheri
Uttar Pradesh,Wheat,2023,2,2023-02-01,Tulsipur APMC,2557.46,tulsipur,Balrampur
Uttar Pradesh,Wheat,2023,2,2023-02-01,Tundla APMC,2476.17,tundla,Firozabad
Uttar Pradesh,Wheat,2023,2,2023-02-01,Ujhani APMC,,ujhani,Budaun
Uttar Pradesh,Wheat,2023,2,2023-02-01,Unnao APMC,2484.45,unnao,Unnao
Uttar Pradesh,Wheat,2023,2,2023-02-01,Uttaripura APMC,2362.65,uttaripura,Jaunpur
Uttar Pradesh,Wheat,2023,2,2023-02-01,Varanasi APMC,2778.34,varanasi,Varanasi
Uttar Pradesh,Wheat,2023,2,2023-02-01,Viswan APMC,2484.02,viswan,Sitapur
Uttar Pradesh,Wheat,2023,2,2023-02-01,Wazirganj APMC,2617.41,wazirganj,Budaun
Uttar Pradesh,Wheat,2023,2,2023-02-01,Yusufpur APMC,2510.0,yusufpur,Ghazipur
Uttar Pradesh,Wheat,2023,3,2023-03-01,Achalda APMC,2221.55,achalda,Auraiya
Uttar Pradesh,Wheat,2023,3,2023-03-01,Achnera APMC,,achnera,Agra
Uttar Pradesh,Wheat,2023,3,2023-03-01,Agra APMC,2349.62,agra,Agra
Uttar Pradesh,Wheat,2023,3,2023-03-01,Ahirora APMC,2375.09,ahirora,Mirzapur
Uttar Pradesh,Wheat,2023,3,2023-03-01,Ait APMC,2130.37,ait,Jalaun
Uttar Pradesh,Wheat,2023,3,2023-03-01,Ajuha APMC,2246.16,ajuha,Prayagraj
Uttar Pradesh,Wheat,2023,3,2023-03-01,Akbarpur APMC,2265.2,akbarpur,Ambedkarnagar
Uttar Pradesh,Wheat,2023,3,2023-03-01,Aliganj APMC,2216.25,aliganj,Etah
Uttar Pradesh,Wheat,2023,3,2023-03-01,Aligarh APMC,2308.63,aligarh,Aligarh
Uttar Pradesh,Wheat,2023,3,2023-03-01,Amroha APMC,2247.85,amroha,Amroha
Uttar Pradesh,Wheat,2023,3,2023-03-01,Anandnagar APMC,2206.25,anandnagar,Mahrajganj
Uttar Pradesh,Wheat,2023,3,2023-03-01,Anoop Shahar APMC,,anoop shahar,Bulandshahr
Uttar Pradesh,Wheat,2023,3,2023-03-01,Atarra APMC,2180.34,atarra,Banda
Uttar Pradesh,Wheat,2023,3,2023-03-01,Atrauli APMC,,atrauli,Aligarh
Uttar Pradesh,Wheat,2023,3,2023-03-01,Auraiya APMC,2242.37,auraiya,Auraiya
Uttar Pradesh,Wheat,2023,3,2023-03-01,Ayodhya APMC,2270.55,ayodhya,Ayodhya
Uttar Pradesh,Wheat,2023,3,2023-03-01,Azamgarh APMC,2221.21,azamgarh,Azamgarh
Uttar Pradesh,Wheat,2023,3,2023-03-01,Baberu APMC,2170.2,baberu,Banda
Uttar Pradesh,Wheat,2023,3,2023-03-01,Babrala APMC,2180.75,babrala,Budaun
Uttar Pradesh,Wheat,2023,3,2023-03-01,Bachranwa APMC,2061.41,bachranwa,Rae Bareli
Uttar Pradesh,Wheat,2023,3,2023-03-01,Badayoun APMC,2245.18,badayoun,Budaun
Uttar Pradesh,Wheat,2023,3,2023-03-01,Badda APMC,,badda,Shahjahanpur
Uttar Pradesh,Wheat,2023,3,2023-03-01,Bahraich APMC,2188.11,bahraich,Bahraich
Uttar Pradesh,Wheat,2023,3,2023-03-01,Ballia APMC,2375.17,ballia,Ballia
Uttar Pradesh,Wheat,2023,3,2023-03-01,Balrampur APMC,2258.55,balrampur,Balrampur
Uttar Pradesh,Wheat,2023,3,2023-03-01,Banda APMC,2169.63,banda,Banda
Uttar Pradesh,Wheat,2023,3,2023-03-01,Bangarmau APMC,2259.86,bangarmau,Unnao
Uttar Pradesh,Wheat,2023,3,2023-03-01,Bansi APMC,2200.0,bansi,Siddharthnagar
Uttar Pradesh,Wheat,2023,3,2023-03-01,Barabanki APMC,2285.85,barabanki,Bara Banki
Uttar Pradesh,Wheat,2023,3,2023-03-01,Bareilly APMC,2204.05,bareilly,Bareilly
Uttar Pradesh,Wheat,2023,3,2023-03-01,Barhaj APMC,2215.71,barhaj,Deoria
Uttar Pradesh,Wheat,2023,3,2023-03-01,Baripaal APMC,2139.09,baripaal,Jaunpur
Uttar Pradesh,Wheat,2023,3,2023-03-01,Basti APMC,2206.6,basti,Basti
Uttar Pradesh,Wheat,2023,3,2023-03-01,Bewar APMC,2154.76,bewar,Mainpuri
Uttar Pradesh,Wheat,2023,3,2023-03-01,Bharthna APMC,2268.4,bharthna,Etawah
Uttar Pradesh,Wheat,2023,3,2023-03-01,Bharuasumerpur APMC,2157.03,bharuasumerpur,Hamirpur
Uttar Pradesh,Wheat,2023,3,2023-03-01,Bharwari APMC,2229.5,bharwari,Kaushambi
Uttar Pradesh,Wheat,2023,3,2023-03-01,Bijnaur APMC,2247.01,bijnaur,Bijnor
Uttar Pradesh,Wheat,2023,3,2023-03-01,Bilsi APMC,2216.77,bilsi,Budaun
Uttar Pradesh,Wheat,2023,3,2023-03-01,Bindki APMC,2241.21,bindki,Fatehpur
Uttar Pradesh,Wheat,2023,3,2023-03-01,Bishalpur APMC,2235.87,bishalpur,Pilibhit
Uttar Pradesh,Wheat,2023,3,2023-03-01,Bisoli APMC,2200.0,bisoli,Badaun
Uttar Pradesh,Wheat,2023,3,2023-03-01,Buland Shahr APMC,2327.66,buland shahr,Bulandshahr
Uttar Pradesh,Wheat,2023,3,2023-03-01,Chandausi APMC,2480.0,chandausi,Sambhal
Uttar Pradesh,Wheat,2023,3,2023-03-01,Chandoli APMC,2266.01,chandoli,Chandauli
Uttar Pradesh,Wheat,2023,3,2023-03-01,Charkhari APMC,2150.0,charkhari,Mahoba
Uttar Pradesh,Wheat,2023,3,2023-03-01,Charra APMC,2307.7,charra,Aligarh
Uttar Pradesh,Wheat,2023,3,2023-03-01,Chhibramau APMC,2204.25,chhibramau,Kannauj
Uttar Pradesh,Wheat,2023,3,2023-03-01,Chirgaon APMC,2301.79,chirgaon,Jhansi
Uttar Pradesh,Wheat,2023,3,2023-03-01,Chorichora APMC,2205.6,chorichora,Gorakhpur
Uttar Pradesh,Wheat,2023,3,2023-03-01,Choubepur APMC,2248.33,choubepur,Jaunpur
Uttar Pradesh,Wheat,2023,3,2023-03-01,DADRI APMC,2311.92,dadri,Gautam Buddha Nagar
Uttar Pradesh,Wheat,2023,3,2023-03-01,Devariya APMC,2213.96,devariya,Deoria
Uttar Pradesh,Wheat,2023,3,2023-03-01,Dhanaura APMC,2115.14,dhanaura,Amroha
Uttar Pradesh,Wheat,2023,3,2023-03-01,Dibiapur APMC,,dibiapur,Auraiya
Uttar Pradesh,Wheat,2023,3,2023-03-01,Divai APMC,2221.84,divai,Bulandshahar
Uttar Pradesh,Wheat,2023,3,2023-03-01,Doharighat APMC,2185.0,doharighat,Azamgarh
Uttar Pradesh,Wheat,2023,3,2023-03-01,Etah APMC,2368.16,etah,Etah
Uttar Pradesh,Wheat,2023,3,2023-03-01,Etawah APMC,2267.37,etawah,Etawah
Uttar Pradesh,Wheat,2023,3,2023-03-01,Farukhabad APMC,2281.43,farukhabad,Farrukhabad
Uttar Pradesh,Wheat,2023,3,2023-03-01,Fatehabad APMC,2236.54,fatehabad,Agra
Uttar Pradesh,Wheat,2023,3,2023-03-01,Fatehpur APMC,2215.69,fatehpur,Fatehpur
Uttar Pradesh,Wheat,2023,3,2023-03-01,Fatehpur Sikri APMC,2385.58,fatehpur sikri,Agra
Uttar Pradesh,Wheat,2023,3,2023-03-01,Firozabad APMC,2374.41,firozabad,Firozabad
Uttar Pradesh,Wheat,2023,3,2023-03-01,Gazipur APMC,2385.2,gazipur,Azamgarh
Uttar Pradesh,Wheat,2023,3,2023-03-01,Ghaziabad APMC,2318.92,ghaziabad,Ghaziabad
Uttar Pradesh,Wheat,2023,3,2023-03-01,Ghiraur APMC,2182.37,ghiraur,Mainpuri
Uttar Pradesh,Wheat,2023,3,2023-03-01,Golagokarnath APMC,2092.95,golagokarnath,Lalitpur
Uttar Pradesh,Wheat,2023,3,2023-03-01,Gonda APMC,2260.53,gonda,Gonda
Uttar Pradesh,Wheat,2023,3,2023-03-01,Gopiganj APMC,2395.67,gopiganj,Bhadohi
Uttar Pradesh,Wheat,2023,3,2023-03-01,Gorakhpur APMC,2193.48,gorakhpur,Gorakhpur
Uttar Pradesh,Wheat,2023,3,2023-03-01,Gurusarai APMC,2264.06,gurusarai,Jhansi
Uttar Pradesh,Wheat,2023,3,2023-03-01,Haathras APMC,2292.9,haathras,Hathras
Uttar Pradesh,Wheat,2023,3,2023-03-01,Haldaur APMC,,haldaur,Bijnor
Uttar Pradesh,Wheat,2023,3,2023-03-01,Hamirpur APMC,,hamirpur,Hamirpur
Uttar Pradesh,Wheat,2023,3,2023-03-01,Hapur APMC,2285.88,hapur,Ghaziabad
Uttar Pradesh,Wheat,2023,3,2023-03-01,Hardoi APMC,2268.65,hardoi,Hardoi
Uttar Pradesh,Wheat,2023,3,2023-03-01,Hargaon (Laharpur) APMC,2084.8,hargaon (laharpur),Sitapur
Uttar Pradesh,Wheat,2023,3,2023-03-01,Jafarganj APMC,2203.17,jafarganj,Amethi
Uttar Pradesh,Wheat,2023,3,2023-03-01,Jagnair APMC,2125.0,jagnair,Agra
Uttar Pradesh,Wheat,2023,3,2023-03-01,Jahanabad APMC,2142.96,jahanabad,Fatehpur
Uttar Pradesh,Wheat,2023,3,2023-03-01,Jahangirabad APMC,2292.47,jahangirabad,Bulandshahar
Uttar Pradesh,Wheat,2023,3,2023-03-01,Jalaun APMC,2160.76,jalaun,Jalaun
Uttar Pradesh,Wheat,2023,3,2023-03-01,Jamanian APMC,2255.0,jamanian,Ghazipur
Uttar Pradesh,Wheat,2023,3,2023-03-01,Jangipura APMC,2378.82,jangipura,Ghazipur
Uttar Pradesh,Wheat,2023,3,2023-03-01,Jasra APMC,2250.11,jasra,Prayagraj
Uttar Pradesh,Wheat,2023,3,2023-03-01,Jaunpur APMC,2351.51,jaunpur,Jaunpur
Uttar Pradesh,Wheat,2023,3,2023-03-01,Jayas APMC,2192.56,jayas,Rae Bareli
Uttar Pradesh,Wheat,2023,3,2023-03-01,Jhansi APMC,2278.87,jhansi,Jhansi
Uttar Pradesh,Wheat,2023,3,2023-03-01,Jhijhank APMC,2203.54,jhijhank,Kanpur Dehat
Uttar Pradesh,Wheat,2023,3,2023-03-01,Kadaura APMC,2200.0,kadaura,Jalaun
Uttar Pradesh,Wheat,2023,3,2023-03-01,Kalpi APMC,2070.79,kalpi,Jalaun
Uttar Pradesh,Wheat,2023,3,2023-03-01,Kamlaganj APMC,,kamlaganj,Farrukhabad
Uttar Pradesh,Wheat,2023,3,2023-03-01,Kannauj APMC,2240.41,kannauj,Kannauj
Uttar Pradesh,Wheat,2023,3,2023-03-01,Kanpur(Grain) APMC,2264.19,kanpur(grain),Jaunpur
Uttar Pradesh,Wheat,2023,3,2023-03-01,Karvi APMC,2162.21,karvi,Chitrakoot
Uttar Pradesh,Wheat,2023,3,2023-03-01,Kasganj APMC,2345.51,kasganj,Kasganj
Uttar Pradesh,Wheat,2023,3,2023-03-01,Kayamganj APMC,2264.62,kayamganj,Farrukhabad
Uttar Pradesh,Wheat,2023,3,2023-03-01,Khaga APMC,2176.79,khaga,Fatehpur
Uttar Pradesh,Wheat,2023,3,2023-03-01,Khair APMC,2288.32,khair,Aligarh
Uttar Pradesh,Wheat,2023,3,2023-03-01,Khairagarh APMC,2016.67,khairagarh,Agra
Uttar Pradesh,Wheat,2023,3,2023-03-01,Khurja APMC,2337.81,khurja,Bulandshahr
Uttar Pradesh,Wheat,2023,3,2023-03-01,Kishunpur APMC,2121.82,kishunpur,Bahraich
Uttar Pradesh,Wheat,2023,3,2023-03-01,Konch APMC,2085.26,konch,Jalaun
Uttar Pradesh,Wheat,2023,3,2023-03-01,Kopaganj APMC,2209.64,kopaganj,
Uttar Pradesh,Wheat,2023,3,2023-03-01,Kosikalan APMC,2325.1,kosikalan,Mathura
Uttar Pradesh,Wheat,2023,3,2023-03-01,Kurara APMC,2253.09,kurara,Hamirpur
Uttar Pradesh,Wheat,2023,3,2023-03-01,Lakhimpur APMC,2095.02,lakhimpur,Lalitpur
Uttar Pradesh,Wheat,2023,3,2023-03-01,Lalganj APMC,2188.53,lalganj,Rae Bareli
Uttar Pradesh,Wheat,2023,3,2023-03-01,Lalitpur APMC,2238.46,lalitpur,Lalitpur
Uttar Pradesh,Wheat,2023,3,2023-03-01,Lucknow APMC,2316.5,lucknow,Lucknow
Uttar Pradesh,Wheat,2023,3,2023-03-01,Madhoganj APMC,2234.32,madhoganj,Hardoi
Uttar Pradesh,Wheat,2023,3,2023-03-01,Madhogarh APMC,2159.82,madhogarh,Jalaun
Uttar Pradesh,Wheat,2023,3,2023-03-01,Mahoba APMC,2214.14,mahoba,Mahoba
Uttar Pradesh,Wheat,2023,3,2023-03-01,Maigalganj APMC,2028.1,maigalganj,Gorakhpur
Uttar Pradesh,Wheat,2023,3,2023-03-01,Mainpuri APMC,2143.25,mainpuri,Mainpuri
Uttar Pradesh,Wheat,2023,3,2023-03-01,Mathura APMC,2264.85,mathura,Mathura
Uttar Pradesh,Wheat,2023,3,2023-03-01,Maudaha APMC,2060.82,maudaha,Hamirpur
Uttar Pradesh,Wheat,2023,3,2023-03-01,Mauranipur APMC,2240.86,mauranipur,Jhansi
Uttar Pradesh,Wheat,2023,3,2023-03-01,Mawana APMC,2400.0,mawana,Meerut
Uttar Pradesh,Wheat,2023,3,2023-03-01,Meerut APMC,2322.88,meerut,Meerut
Uttar Pradesh,Wheat,2023,3,2023-03-01,Mehrauni APMC,2200.0,mehrauni,Lalitpur
Uttar Pradesh,Wheat,2023,3,2023-03-01,Milak APMC,2203.94,milak,Rampur
Uttar Pradesh,Wheat,2023,3,2023-03-01,Mirzapur APMC,2331.49,mirzapur,Mirzapur
Uttar Pradesh,Wheat,2023,3,2023-03-01,Mohamadabad APMC,2300.0,mohamadabad,Farrukhabad
Uttar Pradesh,Wheat,2023,3,2023-03-01,Mohammdi APMC,2079.51,mohammdi,Kheri
Uttar Pradesh,Wheat,2023,3,2023-03-01,Moth APMC,2626.82,moth,Jhansi
Uttar Pradesh,Wheat,2023,3,2023-03-01,Mugrabaadshahpur APMC,2395.91,mugrabaadshahpur,Jaunpur
Uttar Pradesh,Wheat,2023,3,2023-03-01,Muradabad APMC,2211.89,muradabad,Sambhal
Uttar Pradesh,Wheat,2023,3,2023-03-01,Muradnagar APMC,2560.0,muradnagar,Ghaziabad
Uttar Pradesh,Wheat,2023,3,2023-03-01,Muskara APMC,2032.14,muskara,Mahoba
Uttar Pradesh,Wheat,2023,3,2023-03-01,Muzzafarnagar APMC,2289.84,muzzafarnagar,Muzaffarnagar
Uttar Pradesh,Wheat,2023,3,2023-03-01,Naanpara APMC,2185.89,naanpara,Bahraich
Uttar Pradesh,Wheat,2023,3,2023-03-01,Najibabad APMC,,najibabad,Bijnor
Uttar Pradesh,Wheat,2023,3,2023-03-01,Naugarh APMC,2203.41,naugarh,Siddharthnagar
Uttar Pradesh,Wheat,2023,3,2023-03-01,Nautnava APMC,2058.33,nautnava,Maharajganj
Uttar Pradesh,Wheat,2023,3,2023-03-01,Nawabganj APMC,2251.21,nawabganj,Gonda
Uttar Pradesh,Wheat,2023,3,2023-03-01,Orai APMC,2092.74,orai,Jalaun
Uttar Pradesh,Wheat,2023,3,2023-03-01,Paliakala APMC,,paliakala,Kheri
Uttar Pradesh,Wheat,2023,3,2023-03-01,Panchpedwa APMC,,panchpedwa,Balrampur
Uttar Pradesh,Wheat,2023,3,2023-03-01,Partaval APMC,2203.16,partaval,Mahrajganj
Uttar Pradesh,Wheat,2023,3,2023-03-01,Pilibhit APMC,2403.05,pilibhit,Pilibhit
Uttar Pradesh,Wheat,2023,3,2023-03-01,Powayan APMC,2201.38,powayan,Shahjahanpur
Uttar Pradesh,Wheat,2023,3,2023-03-01,Pratapgarh APMC,2283.29,pratapgarh,Pratapgarh
Uttar Pradesh,Wheat,2023,3,2023-03-01,Prayagraj APMC,2279.37,prayagraj,Prayagraj
Uttar Pradesh,Wheat,2023,3,2023-03-01,Pukharayan APMC,2205.33,pukharayan,Kanpur Dehat
Uttar Pradesh,Wheat,2023,3,2023-03-01,Puranpur APMC,2392.85,puranpur,Pilibhit
Uttar Pradesh,Wheat,2023,3,2023-03-01,Purwa APMC,,purwa,Unnao
Uttar Pradesh,Wheat,2023,3,2023-03-01,Raath APMC,2028.47,raath,Hamirpur
Uttar Pradesh,Wheat,2023,3,2023-03-01,Raibareilly APMC,2182.94,raibareilly,Rae Bareli
Uttar Pradesh,Wheat,2023,3,2023-03-01,Rampur APMC,2233.55,rampur,Rampur
Uttar Pradesh,Wheat,2023,3,2023-03-01,Rasda APMC,2374.0,rasda,Ballia
Uttar Pradesh,Wheat,2023,3,2023-03-01,Robertsganj APMC,2390.79,robertsganj,Sonbhadra
Uttar Pradesh,Wheat,2023,3,2023-03-01,Rura APMC,,rura,Kanpur Dehat
Uttar Pradesh,Wheat,2023,3,2023-03-01,Safdarganj APMC,2333.39,safdarganj,Barabanki
Uttar Pradesh,Wheat,2023,3,2023-03-01,Saharanpur APMC,2282.31,saharanpur,Saharanpur
Uttar Pradesh,Wheat,2023,3,2023-03-01,Sahiyapur APMC,2220.7,sahiyapur,Siddharthnagar
Uttar Pradesh,Wheat,2023,3,2023-03-01,Salon APMC,2035.53,salon,Rae Bareli
Uttar Pradesh,Wheat,2023,3,2023-03-01,Samsabad APMC,2363.48,samsabad,Agra
Uttar Pradesh,Wheat,2023,3,2023-03-01,Sandi APMC,1950.0,sandi,Hardoi
Uttar Pradesh,Wheat,2023,3,2023-03-01,Sandila APMC,2273.45,sandila,Hardoi
Uttar Pradesh,Wheat,2023,3,2023-03-01,Sehjanwa APMC,2191.71,sehjanwa,Gorakhpur
Uttar Pradesh,Wheat,2023,3,2023-03-01,Shahabad(New Mandi) APMC,2246.56,shahabad(new mandi),Hardoi
Uttar Pradesh,Wheat,2023,3,2023-03-01,Shahaswan APMC,2200.0,shahaswan,Badaun
Uttar Pradesh,Wheat,2023,3,2023-03-01,Shahganj APMC,2317.06,shahganj,Jaunpur
Uttar Pradesh,Wheat,2023,3,2023-03-01,Shahjahanpur APMC,2310.91,shahjahanpur,Shahjahanpur
Uttar Pradesh,Wheat,2023,3,2023-03-01,Shahpur APMC,,shahpur,Muzaffarnagar
Uttar Pradesh,Wheat,2023,3,2023-03-01,Shamli APMC,2284.14,shamli,Shamli
Uttar Pradesh,Wheat,2023,3,2023-03-01,Shikohabad APMC,2199.29,shikohabad,Firozabad
Uttar Pradesh,Wheat,2023,3,2023-03-01,Sikandraraau APMC,2216.35,sikandraraau,Hathras
Uttar Pradesh,Wheat,2023,3,2023-03-01,Sirsa APMC,2338.52,sirsa,Gautam Buddha Nagar
Uttar Pradesh,Wheat,2023,3,2023-03-01,Sirsaganj APMC,2236.81,sirsaganj,Firozabad
Uttar Pradesh,Wheat,2023,3,2023-03-01,Sitapur APMC,2240.23,sitapur,Sitapur
Uttar Pradesh,Wheat,2023,3,2023-03-01,Sultanpur APMC,2198.65,sultanpur,Amethi
Uttar Pradesh,Wheat,2023,3,2023-03-01,Tamkuhi road APMC,2200.0,tamkuhi road,Kushinagar
Uttar Pradesh,Wheat,2023,3,2023-03-01,Thanabhawan APMC,2100.0,thanabhawan,Shamli
Uttar Pradesh,Wheat,2023,3,2023-03-01,Tikonia APMC,2200.0,tikonia,Kheri
Uttar Pradesh,Wheat,2023,3,2023-03-01,Tilhar APMC,,tilhar,Shahjahanpur
Uttar Pradesh,Wheat,2023,3,2023-03-01,Tulsipur APMC,2251.5,tulsipur,Balrampur
Uttar Pradesh,Wheat,2023,3,2023-03-01,Tundla APMC,2399.27,tundla,Firozabad
Uttar Pradesh,Wheat,2023,3,2023-03-01,Ujhani APMC,,ujhani,Budaun
Uttar Pradesh,Wheat,2023,3,2023-03-01,Unnao APMC,2302.15,unnao,Unnao
Uttar Pradesh,Wheat,2023,3,2023-03-01,Uttaripura APMC,2233.7,uttaripura,Jaunpur
Uttar Pradesh,Wheat,2023,3,2023-03-01,Varanasi APMC,2385.95,varanasi,Varanasi
Uttar Pradesh,Wheat,2023,3,2023-03-01,Viswan APMC,2207.42,viswan,Sitapur
Uttar Pradesh,Wheat,2023,3,2023-03-01,Wazirganj APMC,2213.46,wazirganj,Budaun
Uttar Pradesh,Wheat,2023,3,2023-03-01,Yusufpur APMC,2250.0,yusufpur,Ghazipur
Uttar Pradesh,Wheat,2023,4,2023-04-01,Achalda APMC,2126.47,achalda,Auraiya
Uttar Pradesh,Wheat,2023,4,2023-04-01,Achnera APMC,,achnera,Agra
Uttar Pradesh,Wheat,2023,4,2023-04-01,Agra APMC,2192.05,agra,Agra
Uttar Pradesh,Wheat,2023,4,2023-04-01,Ahirora APMC,2145.41,ahirora,Mirzapur
Uttar Pradesh,Wheat,2023,4,2023-04-01,Ait APMC,2125.0,ait,Jalaun
Uttar Pradesh,Wheat,2023,4,2023-04-01,Ajuha APMC,2144.83,ajuha,Prayagraj
Uttar Pradesh,Wheat,2023,4,2023-04-01,Akbarpur APMC,2135.27,akbarpur,Ambedkarnagar
Uttar Pradesh,Wheat,2023,4,2023-04-01,Aliganj APMC,2132.33,aliganj,Etah
Uttar Pradesh,Wheat,2023,4,2023-04-01,Aligarh APMC,2152.16,aligarh,Aligarh
Uttar Pradesh,Wheat,2023,4,2023-04-01,Amroha APMC,2163.66,amroha,Amroha
Uttar Pradesh,Wheat,2023,4,2023-04-01,Anandnagar APMC,2153.32,anandnagar,Mahrajganj
Uttar Pradesh,Wheat,2023,4,2023-04-01,Anoop Shahar APMC,2126.59,anoop shahar,Bulandshahr
Uttar Pradesh,Wheat,2023,4,2023-04-01,Atarra APMC,2126.21,atarra,Banda
Uttar Pradesh,Wheat,2023,4,2023-04-01,Atrauli APMC,2070.52,atrauli,Aligarh
Uttar Pradesh,Wheat,2023,4,2023-04-01,Auraiya APMC,2126.02,auraiya,Auraiya
Uttar Pradesh,Wheat,2023,4,2023-04-01,Ayodhya APMC,2135.49,ayodhya,Ayodhya
Uttar Pradesh,Wheat,2023,4,2023-04-01,Azamgarh APMC,2154.07,azamgarh,Azamgarh
Uttar Pradesh,Wheat,2023,4,2023-04-01,Baberu APMC,2125.0,baberu,Banda
Uttar Pradesh,Wheat,2023,4,2023-04-01,Babrala APMC,2133.29,babrala,Budaun
Uttar Pradesh,Wheat,2023,4,2023-04-01,Bachranwa APMC,2118.17,bachranwa,Rae Bareli
Uttar Pradesh,Wheat,2023,4,2023-04-01,Badayoun APMC,2129.41,badayoun,Budaun
Uttar Pradesh,Wheat,2023,4,2023-04-01,Badda APMC,,badda,Shahjahanpur
Uttar Pradesh,Wheat,2023,4,2023-04-01,Baheri APMC,2125.0,baheri,Bareilly
Uttar Pradesh,Wheat,2023,4,2023-04-01,Bahraich APMC,2146.34,bahraich,Bahraich
Uttar Pradesh,Wheat,2023,4,2023-04-01,Ballia APMC,2139.83,ballia,Ballia
Uttar Pradesh,Wheat,2023,4,2023-04-01,Balrampur APMC,2208.99,balrampur,Balrampur
Uttar Pradesh,Wheat,2023,4,2023-04-01,Banda APMC,2125.15,banda,Banda
Uttar Pradesh,Wheat,2023,4,2023-04-01,Bangarmau APMC,2127.31,bangarmau,Unnao
Uttar Pradesh,Wheat,2023,4,2023-04-01,Bansi APMC,2150.0,bansi,Siddharthnagar
Uttar Pradesh,Wheat,2023,4,2023-04-01,Barabanki APMC,2177.62,barabanki,Bara Banki
Uttar Pradesh,Wheat,2023,4,2023-04-01,Bareilly APMC,2128.42,bareilly,Bareilly
Uttar Pradesh,Wheat,2023,4,2023-04-01,Barhaj APMC,2145.57,barhaj,Deoria
Uttar Pradesh,Wheat,2023,4,2023-04-01,Baripaal APMC,2129.93,baripaal,Jaunpur
Uttar Pradesh,Wheat,2023,4,2023-04-01,Basti APMC,2149.82,basti,Basti
Uttar Pradesh,Wheat,2023,4,2023-04-01,Bewar APMC,2126.84,bewar,Mainpuri
Uttar Pradesh,Wheat,2023,4,2023-04-01,Bharthna APMC,2126.55,bharthna,Etawah
Uttar Pradesh,Wheat,2023,4,2023-04-01,Bharuasumerpur APMC,2139.89,bharuasumerpur,Hamirpur
Uttar Pradesh,Wheat,2023,4,2023-04-01,Bharwari APMC,2166.0,bharwari,Kaushambi
Uttar Pradesh,Wheat,2023,4,2023-04-01,Bhehjoi APMC,2153.88,bhehjoi,Sambhal
Uttar Pradesh,Wheat,2023,4,2023-04-01,Bijnaur APMC,2159.07,bijnaur,Bijnor
Uttar Pradesh,Wheat,2023,4,2023-04-01,Bilaspur APMC,2162.02,bilaspur,Rampur
Uttar Pradesh,Wheat,2023,4,2023-04-01,Bilsi APMC,2157.63,bilsi,Budaun
Uttar Pradesh,Wheat,2023,4,2023-04-01,Bindki APMC,2181.13,bindki,Fatehpur
Uttar Pradesh,Wheat,2023,4,2023-04-01,Bishalpur APMC,2142.41,bishalpur,Pilibhit
Uttar Pradesh,Wheat,2023,4,2023-04-01,Bisoli APMC,2131.32,bisoli,Badaun
Uttar Pradesh,Wheat,2023,4,2023-04-01,Buland Shahr APMC,2155.16,buland shahr,Bulandshahr
Uttar Pradesh,Wheat,2023,4,2023-04-01,Chandausi APMC,2146.67,chandausi,Sambhal
Uttar Pradesh,Wheat,2023,4,2023-04-01,Chandoli APMC,2129.69,chandoli,Chandauli
Uttar Pradesh,Wheat,2023,4,2023-04-01,Charkhari APMC,2138.05,charkhari,Mahoba
Uttar Pradesh,Wheat,2023,4,2023-04-01,Charra APMC,2121.03,charra,Aligarh
Uttar Pradesh,Wheat,2023,4,2023-04-01,Chhibramau APMC,2156.1,chhibramau,Kannauj
Uttar Pradesh,Wheat,2023,4,2023-04-01,Chirgaon APMC,2139.81,chirgaon,Jhansi
Uttar Pradesh,Wheat,2023,4,2023-04-01,Chorichora APMC,2147.87,chorichora,Gorakhpur
Uttar Pradesh,Wheat,2023,4,2023-04-01,Choubepur APMC,2136.52,choubepur,Jaunpur
Uttar Pradesh,Wheat,2023,4,2023-04-01,DADRI APMC,2215.27,dadri,Gautam Buddha Nagar
Uttar Pradesh,Wheat,2023,4,2023-04-01,Dankaur APMC,2143.86,dankaur,Gautam Buddha Nagar
Uttar Pradesh,Wheat,2023,4,2023-04-01,Dataganj APMC,2127.51,dataganj,Badaun
Uttar Pradesh,Wheat,2023,4,2023-04-01,Devariya APMC,2138.09,devariya,Deoria
Uttar Pradesh,Wheat,2023,4,2023-04-01,Dhanaura APMC,2128.61,dhanaura,Amroha
Uttar Pradesh,Wheat,2023,4,2023-04-01,Dibiapur APMC,2169.81,dibiapur,Auraiya
Uttar Pradesh,Wheat,2023,4,2023-04-01,Divai APMC,2151.33,divai,Bulandshahar
Uttar Pradesh,Wheat,2023,4,2023-04-01,Doharighat APMC,1998.77,doharighat,Azamgarh
Uttar Pradesh,Wheat,2023,4,2023-04-01,Etah APMC,2155.61,etah,Etah
Uttar Pradesh,Wheat,2023,4,2023-04-01,Etawah APMC,2126.35,etawah,Etawah
Uttar Pradesh,Wheat,2023,4,2023-04-01,Farukhabad APMC,2174.07,farukhabad,Farrukhabad
Uttar Pradesh,Wheat,2023,4,2023-04-01,Fatehabad APMC,2125.0,fatehabad,Agra
Uttar Pradesh,Wheat,2023,4,2023-04-01,Fatehpur APMC,2158.86,fatehpur,Fatehpur
Uttar Pradesh,Wheat,2023,4,2023-04-01,Fatehpur Sikri APMC,2222.63,fatehpur sikri,Agra
Uttar Pradesh,Wheat,2023,4,2023-04-01,Firozabad APMC,2214.16,firozabad,Firozabad
Uttar Pradesh,Wheat,2023,4,2023-04-01,Gazipur APMC,2138.16,gazipur,Azamgarh
Uttar Pradesh,Wheat,2023,4,2023-04-01,Ghaziabad APMC,2205.62,ghaziabad,Ghaziabad
Uttar Pradesh,Wheat,2023,4,2023-04-01,Ghiraur APMC,2141.67,ghiraur,Mainpuri
Uttar Pradesh,Wheat,2023,4,2023-04-01,Golagokarnath APMC,2151.13,golagokarnath,Lalitpur
Uttar Pradesh,Wheat,2023,4,2023-04-01,Gonda APMC,2223.19,gonda,Gonda
Uttar Pradesh,Wheat,2023,4,2023-04-01,Gopiganj APMC,2144.05,gopiganj,Bhadohi
Uttar Pradesh,Wheat,2023,4,2023-04-01,Gorakhpur APMC,2154.7,gorakhpur,Gorakhpur
Uttar Pradesh,Wheat,2023,4,2023-04-01,Gurusarai APMC,2145.49,gurusarai,Jhansi
Uttar Pradesh,Wheat,2023,4,2023-04-01,Haathras APMC,2157.68,haathras,Hathras
Uttar Pradesh,Wheat,2023,4,2023-04-01,Hamirpur APMC,,hamirpur,Hamirpur
Uttar Pradesh,Wheat,2023,4,2023-04-01,Hapur APMC,2148.26,hapur,Ghaziabad
Uttar Pradesh,Wheat,2023,4,2023-04-01,Hardoi APMC,2150.72,hardoi,Hardoi
Uttar Pradesh,Wheat,2023,4,2023-04-01,Hargaon (Laharpur) APMC,,hargaon (laharpur),Sitapur
Uttar Pradesh,Wheat,2023,4,2023-04-01,Jafarganj APMC,2142.34,jafarganj,Amethi
Uttar Pradesh,Wheat,2023,4,2023-04-01,Jagnair APMC,2124.21,jagnair,Agra
Uttar Pradesh,Wheat,2023,4,2023-04-01,Jahanabad APMC,2173.0,jahanabad,Fatehpur
Uttar Pradesh,Wheat,2023,4,2023-04-01,Jahangirabad APMC,2142.5,jahangirabad,Bulandshahar
Uttar Pradesh,Wheat,2023,4,2023-04-01,Jalaun APMC,2123.45,jalaun,Jalaun
Uttar Pradesh,Wheat,2023,4,2023-04-01,Jamanian APMC,2135.0,jamanian,Ghazipur
Uttar Pradesh,Wheat,2023,4,2023-04-01,Jangipura APMC,2136.73,jangipura,Ghazipur
Uttar Pradesh,Wheat,2023,4,2023-04-01,Jasra APMC,2160.01,jasra,Prayagraj
Uttar Pradesh,Wheat,2023,4,2023-04-01,Jasvantnagar APMC,,jasvantnagar,Etawah
Uttar Pradesh,Wheat,2023,4,2023-04-01,Jaunpur APMC,2139.9,jaunpur,Jaunpur
Uttar Pradesh,Wheat,2023,4,2023-04-01,Jayas APMC,2137.28,jayas,Rae Bareli
Uttar Pradesh,Wheat,2023,4,2023-04-01,Jhansi APMC,2145.37,jhansi,Jhansi
Uttar Pradesh,Wheat,2023,4,2023-04-01,Jhijhank APMC,2136.81,jhijhank,Kanpur Dehat
Uttar Pradesh,Wheat,2023,4,2023-04-01,Kadaura APMC,2150.0,kadaura,Jalaun
Uttar Pradesh,Wheat,2023,4,2023-04-01,Kalpi APMC,2121.51,kalpi,Jalaun
Uttar Pradesh,Wheat,2023,4,2023-04-01,Kamlaganj APMC,2125.0,kamlaganj,Farrukhabad
Uttar Pradesh,Wheat,2023,4,2023-04-01,Kannauj APMC,2155.37,kannauj,Kannauj
Uttar Pradesh,Wheat,2023,4,2023-04-01,Kanpur(Grain) APMC,2194.98,kanpur(grain),Jaunpur
Uttar Pradesh,Wheat,2023,4,2023-04-01,Karvi APMC,2126.2,karvi,Chitrakoot
Uttar Pradesh,Wheat,2023,4,2023-04-01,Kasganj APMC,2126.33,kasganj,Kasganj
Uttar Pradesh,Wheat,2023,4,2023-04-01,Kayamganj APMC,2170.15,kayamganj,Farrukhabad
Uttar Pradesh,Wheat,2023,4,2023-04-01,Khaga APMC,2158.74,khaga,Fatehpur
Uttar Pradesh,Wheat,2023,4,2023-04-01,Khair APMC,2151.56,khair,Aligarh
Uttar Pradesh,Wheat,2023,4,2023-04-01,Khairagarh APMC,2138.99,khairagarh,Agra
Uttar Pradesh,Wheat,2023,4,2023-04-01,Khatauli APMC,2131.67,khatauli,Muzaffarnagar
Uttar Pradesh,Wheat,2023,4,2023-04-01,Khurja APMC,2153.13,khurja,Bulandshahr
Uttar Pradesh,Wheat,2023,4,2023-04-01,Kishunpur APMC,2145.95,kishunpur,Bahraich
Uttar Pradesh,Wheat,2023,4,2023-04-01,Konch APMC,2125.0,konch,Jalaun
Uttar Pradesh,Wheat,2023,4,2023-04-01,Kopaganj APMC,2145.45,kopaganj,
Uttar Pradesh,Wheat,2023,4,2023-04-01,Kosikalan APMC,2085.97,kosikalan,Mathura
Uttar Pradesh,Wheat,2023,4,2023-04-01,Kurara APMC,2100.0,kurara,Hamirpur
Uttar Pradesh,Wheat,2023,4,2023-04-01,Lakhimpur APMC,2136.62,lakhimpur,Lalitpur
Uttar Pradesh,Wheat,2023,4,2023-04-01,Lalganj APMC,2128.4,lalganj,Rae Bareli
Uttar Pradesh,Wheat,2023,4,2023-04-01,Lalitpur APMC,2183.93,lalitpur,Lalitpur
Uttar Pradesh,Wheat,2023,4,2023-04-01,Lucknow APMC,2161.81,lucknow,Lucknow
Uttar Pradesh,Wheat,2023,4,2023-04-01,Madhoganj APMC,2143.31,madhoganj,Hardoi
Uttar Pradesh,Wheat,2023,4,2023-04-01,Madhogarh APMC,2132.64,madhogarh,Jalaun
Uttar Pradesh,Wheat,2023,4,2023-04-01,Mahoba APMC,2134.28,mahoba,Mahoba
Uttar Pradesh,Wheat,2023,4,2023-04-01,Maigalganj APMC,2117.09,maigalganj,Gorakhpur
Uttar Pradesh,Wheat,2023,4,2023-04-01,Mainpuri APMC,2145.15,mainpuri,Mainpuri
Uttar Pradesh,Wheat,2023,4,2023-04-01,Mathura APMC,2140.27,mathura,Mathura
Uttar Pradesh,Wheat,2023,4,2023-04-01,Maudaha APMC,2125.0,maudaha,Hamirpur
Uttar Pradesh,Wheat,2023,4,2023-04-01,Mauranipur APMC,2144.58,mauranipur,Jhansi
Uttar Pradesh,Wheat,2023,4,2023-04-01,Mawana APMC,2170.0,mawana,Meerut
Uttar Pradesh,Wheat,2023,4,2023-04-01,Meerut APMC,2225.05,meerut,Meerut
Uttar Pradesh,Wheat,2023,4,2023-04-01,Mehrauni APMC,2200.0,mehrauni,Lalitpur
Uttar Pradesh,Wheat,2023,4,2023-04-01,Milak APMC,2128.44,milak,Rampur
Uttar Pradesh,Wheat,2023,4,2023-04-01,Mirzapur APMC,2132.08,mirzapur,Mirzapur
Uttar Pradesh,Wheat,2023,4,2023-04-01,Mohamadabad APMC,2128.32,mohamadabad,Farrukhabad
Uttar Pradesh,Wheat,2023,4,2023-04-01,Mohammdi APMC,2157.03,mohammdi,Kheri
Uttar Pradesh,Wheat,2023,4,2023-04-01,Moth APMC,2131.04,moth,Jhansi
Uttar Pradesh,Wheat,2023,4,2023-04-01,Mugrabaadshahpur APMC,2154.56,mugrabaadshahpur,Jaunpur
Uttar Pradesh,Wheat,2023,4,2023-04-01,Muradabad APMC,2141.75,muradabad,Sambhal
Uttar Pradesh,Wheat,2023,4,2023-04-01,Muradnagar APMC,2160.0,muradnagar,Ghaziabad
Uttar Pradesh,Wheat,2023,4,2023-04-01,Muskara APMC,2125.0,muskara,Mahoba
Uttar Pradesh,Wheat,2023,4,2023-04-01,Muzzafarnagar APMC,2184.04,muzzafarnagar,Muzaffarnagar
Uttar Pradesh,Wheat,2023,4,2023-04-01,Naanpara APMC,2146.0,naanpara,Bahraich
Uttar Pradesh,Wheat,2023,4,2023-04-01,Najibabad APMC,,najibabad,Bijnor
Uttar Pradesh,Wheat,2023,4,2023-04-01,Naugarh APMC,2137.88,naugarh,Siddharthnagar
Uttar Pradesh,Wheat,2023,4,2023-04-01,Nautnava APMC,2063.14,nautnava,Maharajganj
Uttar Pradesh,Wheat,2023,4,2023-04-01,Nawabganj APMC,2176.93,nawabganj,Gonda
Uttar Pradesh,Wheat,2023,4,2023-04-01,Orai APMC,2125.0,orai,Jalaun
Uttar Pradesh,Wheat,2023,4,2023-04-01,Paliakala APMC,,paliakala,Kheri
Uttar Pradesh,Wheat,2023,4,2023-04-01,Panchpedwa APMC,,panchpedwa,Balrampur
Uttar Pradesh,Wheat,2023,4,2023-04-01,Partaval APMC,2144.33,partaval,Mahrajganj
Uttar Pradesh,Wheat,2023,4,2023-04-01,Pilibhit APMC,2178.37,pilibhit,Pilibhit
Uttar Pradesh,Wheat,2023,4,2023-04-01,Powayan APMC,2143.9,powayan,Shahjahanpur
Uttar Pradesh,Wheat,2023,4,2023-04-01,Pratapgarh APMC,2165.4,pratapgarh,Pratapgarh
Uttar Pradesh,Wheat,2023,4,2023-04-01,Prayagraj APMC,2191.97,prayagraj,Prayagraj
Uttar Pradesh,Wheat,2023,4,2023-04-01,Pukharayan APMC,2142.25,pukharayan,Kanpur Dehat
Uttar Pradesh,Wheat,2023,4,2023-04-01,Puranpur APMC,2158.61,puranpur,Pilibhit
Uttar Pradesh,Wheat,2023,4,2023-04-01,Purwa APMC,2157.53,purwa,Unnao
Uttar Pradesh,Wheat,2023,4,2023-04-01,Raath APMC,2125.0,raath,Hamirpur
Uttar Pradesh,Wheat,2023,4,2023-04-01,Raibareilly APMC,2129.99,raibareilly,Rae Bareli
Uttar Pradesh,Wheat,2023,4,2023-04-01,Rampur APMC,2154.79,rampur,Rampur
Uttar Pradesh,Wheat,2023,4,2023-04-01,Rasda APMC,2144.78,rasda,Ballia
Uttar Pradesh,Wheat,2023,4,2023-04-01,Richha APMC,2131.02,richha,Bareilly
Uttar Pradesh,Wheat,2023,4,2023-04-01,Robertsganj APMC,2225.15,robertsganj,Sonbhadra
Uttar Pradesh,Wheat,2023,4,2023-04-01,Rudauli APMC,,rudauli,Ayodhya
Uttar Pradesh,Wheat,2023,4,2023-04-01,Rura APMC,2149.59,rura,Kanpur Dehat
Uttar Pradesh,Wheat,2023,4,2023-04-01,Safdarganj APMC,2181.17,safdarganj,Barabanki
Uttar Pradesh,Wheat,2023,4,2023-04-01,Saharanpur APMC,2168.3,saharanpur,Saharanpur
Uttar Pradesh,Wheat,2023,4,2023-04-01,Sahiyapur APMC,2139.51,sahiyapur,Siddharthnagar
Uttar Pradesh,Wheat,2023,4,2023-04-01,Salon APMC,2136.35,salon,Rae Bareli
Uttar Pradesh,Wheat,2023,4,2023-04-01,Sambhal APMC,2148.3,sambhal,Sambhal
Uttar Pradesh,Wheat,2023,4,2023-04-01,Samsabad APMC,2162.96,samsabad,Agra
Uttar Pradesh,Wheat,2023,4,2023-04-01,Sandi APMC,2087.26,sandi,Hardoi
Uttar Pradesh,Wheat,2023,4,2023-04-01,Sandila APMC,2144.25,sandila,Hardoi
Uttar Pradesh,Wheat,2023,4,2023-04-01,Sehjanwa APMC,2125.0,sehjanwa,Gorakhpur
Uttar Pradesh,Wheat,2023,4,2023-04-01,Shahabad APMC,2150.0,shahabad,Hardoi
Uttar Pradesh,Wheat,2023,4,2023-04-01,Shahabad(New Mandi) APMC,2148.9,shahabad(new mandi),Hardoi
Uttar Pradesh,Wheat,2023,4,2023-04-01,Shahaswan APMC,2125.24,shahaswan,Badaun
Uttar Pradesh,Wheat,2023,4,2023-04-01,Shahganj APMC,2144.39,shahganj,Jaunpur
Uttar Pradesh,Wheat,2023,4,2023-04-01,Shahjahanpur APMC,2129.62,shahjahanpur,Shahjahanpur
Uttar Pradesh,Wheat,2023,4,2023-04-01,Shahpur APMC,2141.02,shahpur,Muzaffarnagar
Uttar Pradesh,Wheat,2023,4,2023-04-01,Shamli APMC,2180.74,shamli,Shamli
Uttar Pradesh,Wheat,2023,4,2023-04-01,Shikohabad APMC,2149.84,shikohabad,Firozabad
Uttar Pradesh,Wheat,2023,4,2023-04-01,Sikandraraau APMC,2129.32,sikandraraau,Hathras
Uttar Pradesh,Wheat,2023,4,2023-04-01,Sikarpur APMC,2126.98,sikarpur,Bulandshahar
Uttar Pradesh,Wheat,2023,4,2023-04-01,Sirsa APMC,,sirsa,Gautam Buddha Nagar
Uttar Pradesh,Wheat,2023,4,2023-04-01,Sirsaganj APMC,2149.16,sirsaganj,Firozabad
Uttar Pradesh,Wheat,2023,4,2023-04-01,Sitapur APMC,2144.51,sitapur,Sitapur
Uttar Pradesh,Wheat,2023,4,2023-04-01,Siyana APMC,2127.32,siyana,Bulandshahar
Uttar Pradesh,Wheat,2023,4,2023-04-01,Sultanpur APMC,2140.88,sultanpur,Amethi
Uttar Pradesh,Wheat,2023,4,2023-04-01,Tamkuhi road APMC,2150.0,tamkuhi road,Kushinagar
Uttar Pradesh,Wheat,2023,4,2023-04-01,Thanabhawan APMC,2131.59,thanabhawan,Shamli
Uttar Pradesh,Wheat,2023,4,2023-04-01,Tikonia APMC,2165.87,tikonia,Kheri
Uttar Pradesh,Wheat,2023,4,2023-04-01,Tilhar APMC,2125.05,tilhar,Shahjahanpur
Uttar Pradesh,Wheat,2023,4,2023-04-01,Tulsipur APMC,2196.89,tulsipur,Balrampur
Uttar Pradesh,Wheat,2023,4,2023-04-01,Tundla APMC,2176.42,tundla,Firozabad
Uttar Pradesh,Wheat,2023,4,2023-04-01,Ujhani APMC,,ujhani,Budaun
Uttar Pradesh,Wheat,2023,4,2023-04-01,Unnao APMC,2144.66,unnao,Unnao
Uttar Pradesh,Wheat,2023,4,2023-04-01,Uttaripura APMC,2205.0,uttaripura,Jaunpur
Uttar Pradesh,Wheat,2023,4,2023-04-01,Varanasi APMC,2151.89,varanasi,Varanasi
Uttar Pradesh,Wheat,2023,4,2023-04-01,Vilthararoad APMC,2218.36,vilthararoad,Ballia
Uttar Pradesh,Wheat,2023,4,2023-04-01,Viswan APMC,2129.3,viswan,Sitapur
Uttar Pradesh,Wheat,2023,4,2023-04-01,Wazirganj APMC,2126.95,wazirganj,Budaun
Uttar Pradesh,Wheat,2023,4,2023-04-01,Yusufpur APMC,2130.0,yusufpur,Ghazipur
Uttar Pradesh,Wheat,2023,5,2023-05-01,Achalda APMC,2157.62,achalda,Auraiya
Uttar Pradesh,Wheat,2023,5,2023-05-01,Achnera APMC,,achnera,Agra
Uttar Pradesh,Wheat,2023,5,2023-05-01,Agra APMC,2220.63,agra,Agra
Uttar Pradesh,Wheat,2023,5,2023-05-01,Ahirora APMC,2125.0,ahirora,Mirzapur
Uttar Pradesh,Wheat,2023,5,2023-05-01,Ait APMC,2168.62,ait,Jalaun
Uttar Pradesh,Wheat,2023,5,2023-05-01,Ajuha APMC,2138.84,ajuha,Prayagraj
Uttar Pradesh,Wheat,2023,5,2023-05-01,Akbarpur APMC,2186.1,akbarpur,Ambedkarnagar
Uttar Pradesh,Wheat,2023,5,2023-05-01,Aliganj APMC,2148.81,aliganj,Etah
Uttar Pradesh,Wheat,2023,5,2023-05-01,Aligarh APMC,2220.2,aligarh,Aligarh
Uttar Pradesh,Wheat,2023,5,2023-05-01,Amroha APMC,2136.03,amroha,Amroha
Uttar Pradesh,Wheat,2023,5,2023-05-01,Anandnagar APMC,2172.08,anandnagar,Mahrajganj
Uttar Pradesh,Wheat,2023,5,2023-05-01,Anoop Shahar APMC,2156.21,anoop shahar,Bulandshahr
Uttar Pradesh,Wheat,2023,5,2023-05-01,Atarra APMC,2143.29,atarra,Banda
Uttar Pradesh,Wheat,2023,5,2023-05-01,Atrauli APMC,2143.76,atrauli,Aligarh
Uttar Pradesh,Wheat,2023,5,2023-05-01,Auraiya APMC,2159.23,auraiya,Auraiya
Uttar Pradesh,Wheat,2023,5,2023-05-01,Awagarh APMC,2172.86,awagarh,Etah
Uttar Pradesh,Wheat,2023,5,2023-05-01,Ayodhya APMC,2214.28,ayodhya,Ayodhya
Uttar Pradesh,Wheat,2023,5,2023-05-01,Azamgarh APMC,2177.24,azamgarh,Azamgarh
Uttar Pradesh,Wheat,2023,5,2023-05-01,Baberu APMC,2138.86,baberu,Banda
Uttar Pradesh,Wheat,2023,5,2023-05-01,Babrala APMC,2141.88,babrala,Budaun
Uttar Pradesh,Wheat,2023,5,2023-05-01,Bachranwa APMC,2157.86,bachranwa,Rae Bareli
Uttar Pradesh,Wheat,2023,5,2023-05-01,Badayoun APMC,2134.05,badayoun,Budaun
Uttar Pradesh,Wheat,2023,5,2023-05-01,Badda APMC,,badda,Shahjahanpur
Uttar Pradesh,Wheat,2023,5,2023-05-01,Baheri APMC,,baheri,Bareilly
Uttar Pradesh,Wheat,2023,5,2023-05-01,Bahraich APMC,2183.48,bahraich,Bahraich
Uttar Pradesh,Wheat,2023,5,2023-05-01,Ballia APMC,2138.65,ballia,Ballia
Uttar Pradesh,Wheat,2023,5,2023-05-01,Balrampur APMC,2204.43,balrampur,Balrampur
Uttar Pradesh,Wheat,2023,5,2023-05-01,Banda APMC,2143.9,banda,Banda
Uttar Pradesh,Wheat,2023,5,2023-05-01,Bangarmau APMC,2136.3,bangarmau,Unnao
Uttar Pradesh,Wheat,2023,5,2023-05-01,Bansi APMC,2240.0,bansi,Siddharthnagar
Uttar Pradesh,Wheat,2023,5,2023-05-01,Banthara APMC,,banthara,Lucknow
Uttar Pradesh,Wheat,2023,5,2023-05-01,Barabanki APMC,2256.7,barabanki,Bara Banki
Uttar Pradesh,Wheat,2023,5,2023-05-01,Bareilly APMC,2125.2,bareilly,Bareilly
Uttar Pradesh,Wheat,2023,5,2023-05-01,Barhaj APMC,2159.6,barhaj,Deoria
Uttar Pradesh,Wheat,2023,5,2023-05-01,Baripaal APMC,2141.66,baripaal,Jaunpur
Uttar Pradesh,Wheat,2023,5,2023-05-01,Basti APMC,2176.0,basti,Basti
Uttar Pradesh,Wheat,2023,5,2023-05-01,Bewar APMC,2140.98,bewar,Mainpuri
Uttar Pradesh,Wheat,2023,5,2023-05-01,Bharthna APMC,2150.95,bharthna,Etawah
Uttar Pradesh,Wheat,2023,5,2023-05-01,Bharuasumerpur APMC,2143.24,bharuasumerpur,Hamirpur
Uttar Pradesh,Wheat,2023,5,2023-05-01,Bharwari APMC,2147.34,bharwari,Kaushambi
Uttar Pradesh,Wheat,2023,5,2023-05-01,Bhehjoi APMC,2169.28,bhehjoi,Sambhal
Uttar Pradesh,Wheat,2023,5,2023-05-01,Bijnaur APMC,2153.87,bijnaur,Bijnor
Uttar Pradesh,Wheat,2023,5,2023-05-01,Bilaspur APMC,2159.84,bilaspur,Rampur
Uttar Pradesh,Wheat,2023,5,2023-05-01,Bilsi APMC,2161.11,bilsi,Budaun
Uttar Pradesh,Wheat,2023,5,2023-05-01,Bindki APMC,2214.17,bindki,Fatehpur
Uttar Pradesh,Wheat,2023,5,2023-05-01,Bishalpur APMC,2132.23,bishalpur,Pilibhit
Uttar Pradesh,Wheat,2023,5,2023-05-01,Bisoli APMC,2137.92,bisoli,Badaun
Uttar Pradesh,Wheat,2023,5,2023-05-01,Buland Shahr APMC,2157.33,buland shahr,Bulandshahr
Uttar Pradesh,Wheat,2023,5,2023-05-01,CHHUTMALPUR APMC,,chhutmalpur,Saharanpur
Uttar Pradesh,Wheat,2023,5,2023-05-01,Chandausi APMC,2139.27,chandausi,Sambhal
Uttar Pradesh,Wheat,2023,5,2023-05-01,Chandoli APMC,2143.2,chandoli,Chandauli
Uttar Pradesh,Wheat,2023,5,2023-05-01,Charkhari APMC,2143.45,charkhari,Mahoba
Uttar Pradesh,Wheat,2023,5,2023-05-01,Charra APMC,2191.78,charra,Aligarh
Uttar Pradesh,Wheat,2023,5,2023-05-01,Chhibramau APMC,2148.78,chhibramau,Kannauj
Uttar Pradesh,Wheat,2023,5,2023-05-01,Chirgaon APMC,2142.96,chirgaon,Jhansi
Uttar Pradesh,Wheat,2023,5,2023-05-01,Chorichora APMC,2183.64,chorichora,Gorakhpur
Uttar Pradesh,Wheat,2023,5,2023-05-01,Choubepur APMC,2168.32,choubepur,Jaunpur
Uttar Pradesh,Wheat,2023,5,2023-05-01,Colonelganj APMC,,colonelganj,Gonda
Uttar Pradesh,Wheat,2023,5,2023-05-01,DADRI APMC,2167.71,dadri,Gautam Buddha Nagar
Uttar Pradesh,Wheat,2023,5,2023-05-01,Dankaur APMC,2161.66,dankaur,Gautam Buddha Nagar
Uttar Pradesh,Wheat,2023,5,2023-05-01,Dataganj APMC,2137.68,dataganj,Badaun
Uttar Pradesh,Wheat,2023,5,2023-05-01,Devariya APMC,2167.49,devariya,Deoria
Uttar Pradesh,Wheat,2023,5,2023-05-01,Dhanaura APMC,2134.48,dhanaura,Amroha
Uttar Pradesh,Wheat,2023,5,2023-05-01,Dibiapur APMC,2175.34,dibiapur,Auraiya
Uttar Pradesh,Wheat,2023,5,2023-05-01,Divai APMC,2170.26,divai,Bulandshahar
Uttar Pradesh,Wheat,2023,5,2023-05-01,Doharighat APMC,2038.56,doharighat,Azamgarh
Uttar Pradesh,Wheat,2023,5,2023-05-01,Etah APMC,2173.27,etah,Etah
Uttar Pradesh,Wheat,2023,5,2023-05-01,Etawah APMC,2145.03,etawah,Etawah
Uttar Pradesh,Wheat,2023,5,2023-05-01,Farukhabad APMC,2153.85,farukhabad,Farrukhabad
Uttar Pradesh,Wheat,2023,5,2023-05-01,Fatehabad APMC,2125.0,fatehabad,Agra
Uttar Pradesh,Wheat,2023,5,2023-05-01,Fatehpur APMC,2167.18,fatehpur,Fatehpur
Uttar Pradesh,Wheat,2023,5,2023-05-01,Fatehpur Sikri APMC,2168.1,fatehpur sikri,Agra
Uttar Pradesh,Wheat,2023,5,2023-05-01,Firozabad APMC,2211.48,firozabad,Firozabad
Uttar Pradesh,Wheat,2023,5,2023-05-01,Gadaura APMC,,gadaura,Maharajganj
Uttar Pradesh,Wheat,2023,5,2023-05-01,Gazipur APMC,2142.2,gazipur,Azamgarh
Uttar Pradesh,Wheat,2023,5,2023-05-01,Ghaziabad APMC,2217.49,ghaziabad,Ghaziabad
Uttar Pradesh,Wheat,2023,5,2023-05-01,Ghiraur APMC,2157.59,ghiraur,Mainpuri
Uttar Pradesh,Wheat,2023,5,2023-05-01,Golagokarnath APMC,2192.25,golagokarnath,Lalitpur
Uttar Pradesh,Wheat,2023,5,2023-05-01,Gonda APMC,2229.91,gonda,Gonda
Uttar Pradesh,Wheat,2023,5,2023-05-01,Gopiganj APMC,2123.99,gopiganj,Bhadohi
Uttar Pradesh,Wheat,2023,5,2023-05-01,Gorakhpur APMC,2186.55,gorakhpur,Gorakhpur
Uttar Pradesh,Wheat,2023,5,2023-05-01,Gurusarai APMC,2144.8,gurusarai,Jhansi
Uttar Pradesh,Wheat,2023,5,2023-05-01,Haathras APMC,2201.67,haathras,Hathras
Uttar Pradesh,Wheat,2023,5,2023-05-01,Hamirpur APMC,,hamirpur,Hamirpur
Uttar Pradesh,Wheat,2023,5,2023-05-01,Hapur APMC,2167.99,hapur,Ghaziabad
Uttar Pradesh,Wheat,2023,5,2023-05-01,Hardoi APMC,2188.41,hardoi,Hardoi
Uttar Pradesh,Wheat,2023,5,2023-05-01,Hargaon (Laharpur) APMC,2217.4,hargaon (laharpur),Sitapur
Uttar Pradesh,Wheat,2023,5,2023-05-01,Jafarganj APMC,2200.15,jafarganj,Amethi
Uttar Pradesh,Wheat,2023,5,2023-05-01,Jagnair APMC,2136.93,jagnair,Agra
Uttar Pradesh,Wheat,2023,5,2023-05-01,Jahanabad APMC,2155.95,jahanabad,Fatehpur
Uttar Pradesh,Wheat,2023,5,2023-05-01,Jahangirabad APMC,2155.3,jahangirabad,Bulandshahar
Uttar Pradesh,Wheat,2023,5,2023-05-01,Jalaun APMC,2142.92,jalaun,Jalaun
Uttar Pradesh,Wheat,2023,5,2023-05-01,Jamanian APMC,2140.0,jamanian,Ghazipur
Uttar Pradesh,Wheat,2023,5,2023-05-01,Jangipura APMC,2137.57,jangipura,Ghazipur
Uttar Pradesh,Wheat,2023,5,2023-05-01,Jasra APMC,2136.36,jasra,Prayagraj
Uttar Pradesh,Wheat,2023,5,2023-05-01,Jasvantnagar APMC,,jasvantnagar,Etawah
Uttar Pradesh,Wheat,2023,5,2023-05-01,Jaunpur APMC,2141.28,jaunpur,Jaunpur
Uttar Pradesh,Wheat,2023,5,2023-05-01,Jayas APMC,2138.41,jayas,Rae Bareli
Uttar Pradesh,Wheat,2023,5,2023-05-01,Jhansi APMC,2166.1,jhansi,Jhansi
Uttar Pradesh,Wheat,2023,5,2023-05-01,Jhijhank APMC,2138.55,jhijhank,Kanpur Dehat
Uttar Pradesh,Wheat,2023,5,2023-05-01,Kadaura APMC,,kadaura,Jalaun
Uttar Pradesh,Wheat,2023,5,2023-05-01,Kalpi APMC,,kalpi,Jalaun
Uttar Pradesh,Wheat,2023,5,2023-05-01,Kamlaganj APMC,2140.0,kamlaganj,Farrukhabad
Uttar Pradesh,Wheat,2023,5,2023-05-01,Kannauj APMC,2149.86,kannauj,Kannauj
Uttar Pradesh,Wheat,2023,5,2023-05-01,Kanpur(Grain) APMC,2284.18,kanpur(grain),Jaunpur
Uttar Pradesh,Wheat,2023,5,2023-05-01,Karvi APMC,2138.95,karvi,Chitrakoot
Uttar Pradesh,Wheat,2023,5,2023-05-01,Kasganj APMC,2173.49,kasganj,Kasganj
Uttar Pradesh,Wheat,2023,5,2023-05-01,Kayamganj APMC,2151.52,kayamganj,Farrukhabad
Uttar Pradesh,Wheat,2023,5,2023-05-01,Khaga APMC,2178.77,khaga,Fatehpur
Uttar Pradesh,Wheat,2023,5,2023-05-01,Khair APMC,2176.36,khair,Aligarh
Uttar Pradesh,Wheat,2023,5,2023-05-01,Khairagarh APMC,2135.32,khairagarh,Agra
Uttar Pradesh,Wheat,2023,5,2023-05-01,Khalilabad APMC,,khalilabad,Sant Kabir Nagar
Uttar Pradesh,Wheat,2023,5,2023-05-01,Khatauli APMC,2141.67,khatauli,Muzaffarnagar
Uttar Pradesh,Wheat,2023,5,2023-05-01,Khurja APMC,2158.38,khurja,Bulandshahr
Uttar Pradesh,Wheat,2023,5,2023-05-01,Kishunpur APMC,2180.18,kishunpur,Bahraich
Uttar Pradesh,Wheat,2023,5,2023-05-01,Konch APMC,2153.5,konch,Jalaun
Uttar Pradesh,Wheat,2023,5,2023-05-01,Kopaganj APMC,2174.29,kopaganj,
Uttar Pradesh,Wheat,2023,5,2023-05-01,Kosikalan APMC,2214.27,kosikalan,Mathura
Uttar Pradesh,Wheat,2023,5,2023-05-01,Kurara APMC,2102.51,kurara,Hamirpur
Uttar Pradesh,Wheat,2023,5,2023-05-01,Lakhimpur APMC,2182.44,lakhimpur,Lalitpur
Uttar Pradesh,Wheat,2023,5,2023-05-01,Lalganj APMC,2142.57,lalganj,Rae Bareli
Uttar Pradesh,Wheat,2023,5,2023-05-01,Lalitpur APMC,2182.47,lalitpur,Lalitpur
Uttar Pradesh,Wheat,2023,5,2023-05-01,Lucknow APMC,2181.77,lucknow,Lucknow
Uttar Pradesh,Wheat,2023,5,2023-05-01,Madhoganj APMC,2166.93,madhoganj,Hardoi
Uttar Pradesh,Wheat,2023,5,2023-05-01,Madhogarh APMC,2144.75,madhogarh,Jalaun
Uttar Pradesh,Wheat,2023,5,2023-05-01,Mahoba APMC,2142.16,mahoba,Mahoba
Uttar Pradesh,Wheat,2023,5,2023-05-01,Maigalganj APMC,2155.34,maigalganj,Gorakhpur
Uttar Pradesh,Wheat,2023,5,2023-05-01,Mainpuri APMC,2154.53,mainpuri,Mainpuri
Uttar Pradesh,Wheat,2023,5,2023-05-01,Mathura APMC,2198.27,mathura,Mathura
Uttar Pradesh,Wheat,2023,5,2023-05-01,Maudaha APMC,2127.63,maudaha,Hamirpur
Uttar Pradesh,Wheat,2023,5,2023-05-01,Mauranipur APMC,2152.47,mauranipur,Jhansi
Uttar Pradesh,Wheat,2023,5,2023-05-01,Mawana APMC,2220.0,mawana,Meerut
Uttar Pradesh,Wheat,2023,5,2023-05-01,Meerut APMC,2192.16,meerut,Meerut
Uttar Pradesh,Wheat,2023,5,2023-05-01,Mehrauni APMC,2200.0,mehrauni,Lalitpur
Uttar Pradesh,Wheat,2023,5,2023-05-01,Milak APMC,2125.0,milak,Rampur
Uttar Pradesh,Wheat,2023,5,2023-05-01,Mirzapur APMC,2125.0,mirzapur,Mirzapur
Uttar Pradesh,Wheat,2023,5,2023-05-01,Mohamadabad APMC,2169.16,mohamadabad,Farrukhabad
Uttar Pradesh,Wheat,2023,5,2023-05-01,Mohammdi APMC,2180.17,mohammdi,Kheri
Uttar Pradesh,Wheat,2023,5,2023-05-01,Moth APMC,2138.52,moth,Jhansi
Uttar Pradesh,Wheat,2023,5,2023-05-01,Mugrabaadshahpur APMC,2144.24,mugrabaadshahpur,Jaunpur
Uttar Pradesh,Wheat,2023,5,2023-05-01,Muradabad APMC,2138.96,muradabad,Sambhal
Uttar Pradesh,Wheat,2023,5,2023-05-01,Muradnagar APMC,2280.0,muradnagar,Ghaziabad
Uttar Pradesh,Wheat,2023,5,2023-05-01,Muskara APMC,2142.25,muskara,Mahoba
Uttar Pradesh,Wheat,2023,5,2023-05-01,Muzzafarnagar APMC,2153.66,muzzafarnagar,Muzaffarnagar
Uttar Pradesh,Wheat,2023,5,2023-05-01,Naanpara APMC,2186.89,naanpara,Bahraich
Uttar Pradesh,Wheat,2023,5,2023-05-01,Najibabad APMC,2150.74,najibabad,Bijnor
Uttar Pradesh,Wheat,2023,5,2023-05-01,Naugarh APMC,2178.54,naugarh,Siddharthnagar
Uttar Pradesh,Wheat,2023,5,2023-05-01,Nautnava APMC,2111.41,nautnava,Maharajganj
Uttar Pradesh,Wheat,2023,5,2023-05-01,Nawabganj APMC,2163.22,nawabganj,Gonda
Uttar Pradesh,Wheat,2023,5,2023-05-01,Noida APMC,2227.75,noida,Gautam Buddha Nagar
Uttar Pradesh,Wheat,2023,5,2023-05-01,Orai APMC,2143.56,orai,Jalaun
Uttar Pradesh,Wheat,2023,5,2023-05-01,Paliakala APMC,,paliakala,Kheri
Uttar Pradesh,Wheat,2023,5,2023-05-01,Panchpedwa APMC,,panchpedwa,Balrampur
Uttar Pradesh,Wheat,2023,5,2023-05-01,Parikshitgarh APMC,,parikshitgarh,Meerut
Uttar Pradesh,Wheat,2023,5,2023-05-01,Partaval APMC,2179.92,partaval,Mahrajganj
Uttar Pradesh,Wheat,2023,5,2023-05-01,Pilibhit APMC,2172.9,pilibhit,Pilibhit
Uttar Pradesh,Wheat,2023,5,2023-05-01,Powayan APMC,2132.92,powayan,Shahjahanpur
Uttar Pradesh,Wheat,2023,5,2023-05-01,Pratapgarh APMC,2164.91,pratapgarh,Pratapgarh
Uttar Pradesh,Wheat,2023,5,2023-05-01,Prayagraj APMC,2154.06,prayagraj,Prayagraj
Uttar Pradesh,Wheat,2023,5,2023-05-01,Pukharayan APMC,2146.42,pukharayan,Kanpur Dehat
Uttar Pradesh,Wheat,2023,5,2023-05-01,Puranpur APMC,2170.58,puranpur,Pilibhit
Uttar Pradesh,Wheat,2023,5,2023-05-01,Purwa APMC,2144.67,purwa,Unnao
Uttar Pradesh,Wheat,2023,5,2023-05-01,Raath APMC,2147.7,raath,Hamirpur
Uttar Pradesh,Wheat,2023,5,2023-05-01,Raibareilly APMC,2131.05,raibareilly,Rae Bareli
Uttar Pradesh,Wheat,2023,5,2023-05-01,Rampur APMC,2145.71,rampur,Rampur
Uttar Pradesh,Wheat,2023,5,2023-05-01,Rampurmaniharan APMC,2130.0,rampurmaniharan,Saharanpur
Uttar Pradesh,Wheat,2023,5,2023-05-01,Rasda APMC,2131.62,rasda,Ballia
Uttar Pradesh,Wheat,2023,5,2023-05-01,Richha APMC,,richha,Bareilly
Uttar Pradesh,Wheat,2023,5,2023-05-01,Robertsganj APMC,2230.08,robertsganj,Sonbhadra
Uttar Pradesh,Wheat,2023,5,2023-05-01,Rudauli APMC,,rudauli,Ayodhya
Uttar Pradesh,Wheat,2023,5,2023-05-01,Rura APMC,2185.71,rura,Kanpur Dehat
Uttar Pradesh,Wheat,2023,5,2023-05-01,Safdarganj APMC,2181.78,safdarganj,Barabanki
Uttar Pradesh,Wheat,2023,5,2023-05-01,Saharanpur APMC,2148.43,saharanpur,Saharanpur
Uttar Pradesh,Wheat,2023,5,2023-05-01,Sahiyapur APMC,2173.57,sahiyapur,Siddharthnagar
Uttar Pradesh,Wheat,2023,5,2023-05-01,Salon APMC,2125.0,salon,Rae Bareli
Uttar Pradesh,Wheat,2023,5,2023-05-01,Sambhal APMC,2157.42,sambhal,Sambhal
Uttar Pradesh,Wheat,2023,5,2023-05-01,Samsabad APMC,,samsabad,Agra
Uttar Pradesh,Wheat,2023,5,2023-05-01,Sandi APMC,2138.96,sandi,Hardoi
Uttar Pradesh,Wheat,2023,5,2023-05-01,Sandila APMC,2169.2,sandila,Hardoi
Uttar Pradesh,Wheat,2023,5,2023-05-01,Sardhana APMC,,sardhana,Meerut
Uttar Pradesh,Wheat,2023,5,2023-05-01,Sehjanwa APMC,,sehjanwa,Gorakhpur
Uttar Pradesh,Wheat,2023,5,2023-05-01,Shahabad APMC,2150.0,shahabad,Hardoi
Uttar Pradesh,Wheat,2023,5,2023-05-01,Shahabad(New Mandi) APMC,2176.05,shahabad(new mandi),Hardoi
Uttar Pradesh,Wheat,2023,5,2023-05-01,Shahaswan APMC,2135.64,shahaswan,Badaun
Uttar Pradesh,Wheat,2023,5,2023-05-01,Shahganj APMC,2176.0,shahganj,Jaunpur
Uttar Pradesh,Wheat,2023,5,2023-05-01,Shahjahanpur APMC,2154.83,shahjahanpur,Shahjahanpur
Uttar Pradesh,Wheat,2023,5,2023-05-01,Shahpur APMC,,shahpur,Muzaffarnagar
Uttar Pradesh,Wheat,2023,5,2023-05-01,Shamli APMC,2150.45,shamli,Shamli
Uttar Pradesh,Wheat,2023,5,2023-05-01,Shikohabad APMC,2167.02,shikohabad,Firozabad
Uttar Pradesh,Wheat,2023,5,2023-05-01,Sikandraraau APMC,2133.7,sikandraraau,Hathras
Uttar Pradesh,Wheat,2023,5,2023-05-01,Sikarpur APMC,2130.94,sikarpur,Bulandshahar
Uttar Pradesh,Wheat,2023,5,2023-05-01,Sirsa APMC,,sirsa,Gautam Buddha Nagar
Uttar Pradesh,Wheat,2023,5,2023-05-01,Sirsaganj APMC,2158.86,sirsaganj,Firozabad
Uttar Pradesh,Wheat,2023,5,2023-05-01,Sitapur APMC,2178.42,sitapur,Sitapur
Uttar Pradesh,Wheat,2023,5,2023-05-01,Siyana APMC,2127.91,siyana,Bulandshahar
Uttar Pradesh,Wheat,2023,5,2023-05-01,Sultanpur APMC,2175.36,sultanpur,Amethi
Uttar Pradesh,Wheat,2023,5,2023-05-01,Tamkuhi road APMC,2230.0,tamkuhi road,Kushinagar
Uttar Pradesh,Wheat,2023,5,2023-05-01,Thanabhawan APMC,2131.55,thanabhawan,Shamli
Uttar Pradesh,Wheat,2023,5,2023-05-01,Tikonia APMC,2219.24,tikonia,Kheri
Uttar Pradesh,Wheat,2023,5,2023-05-01,Tilhar APMC,2145.97,tilhar,Shahjahanpur
Uttar Pradesh,Wheat,2023,5,2023-05-01,Tulsipur APMC,2172.11,tulsipur,Balrampur
Uttar Pradesh,Wheat,2023,5,2023-05-01,Tundla APMC,2212.28,tundla,Firozabad
Uttar Pradesh,Wheat,2023,5,2023-05-01,Ujhani APMC,,ujhani,Budaun
Uttar Pradesh,Wheat,2023,5,2023-05-01,Unnao APMC,2142.35,unnao,Unnao
Uttar Pradesh,Wheat,2023,5,2023-05-01,Uttaripura APMC,2219.77,uttaripura,Jaunpur
Uttar Pradesh,Wheat,2023,5,2023-05-01,Varanasi APMC,2171.62,varanasi,Varanasi
Uttar Pradesh,Wheat,2023,5,2023-05-01,Vilthararoad APMC,2201.62,vilthararoad,Ballia
Uttar Pradesh,Wheat,2023,5,2023-05-01,Viswan APMC,2164.88,viswan,Sitapur
Uttar Pradesh,Wheat,2023,5,2023-05-01,Wazirganj APMC,2137.2,wazirganj,Budaun
Uttar Pradesh,Wheat,2023,5,2023-05-01,Yusufpur APMC,2145.0,yusufpur,Ghazipur
Uttar Pradesh,Wheat,2023,6,2023-06-01,Achalda APMC,2214.15,achalda,Auraiya
Uttar Pradesh,Wheat,2023,6,2023-06-01,Achnera APMC,,achnera,Agra
Uttar Pradesh,Wheat,2023,6,2023-06-01,Agra APMC,2323.93,agra,Agra
Uttar Pradesh,Wheat,2023,6,2023-06-01,Ahirora APMC,2211.77,ahirora,Mirzapur
Uttar Pradesh,Wheat,2023,6,2023-06-01,Ait APMC,2222.09,ait,Jalaun
Uttar Pradesh,Wheat,2023,6,2023-06-01,Ajuha APMC,2255.19,ajuha,Prayagraj
Uttar Pradesh,Wheat,2023,6,2023-06-01,Akbarpur APMC,2336.49,akbarpur,Ambedkarnagar
Uttar Pradesh,Wheat,2023,6,2023-06-01,Aliganj APMC,2229.72,aliganj,Etah
Uttar Pradesh,Wheat,2023,6,2023-06-01,Aligarh APMC,2292.83,aligarh,Aligarh
Uttar Pradesh,Wheat,2023,6,2023-06-01,Amroha APMC,2239.76,amroha,Amroha
Uttar Pradesh,Wheat,2023,6,2023-06-01,Anandnagar APMC,2233.47,anandnagar,Mahrajganj
Uttar Pradesh,Wheat,2023,6,2023-06-01,Anoop Shahar APMC,2248.88,anoop shahar,Bulandshahr
Uttar Pradesh,Wheat,2023,6,2023-06-01,Atarra APMC,2218.15,atarra,Banda
Uttar Pradesh,Wheat,2023,6,2023-06-01,Atrauli APMC,2217.31,atrauli,Aligarh
Uttar Pradesh,Wheat,2023,6,2023-06-01,Auraiya APMC,2229.11,auraiya,Auraiya
Uttar Pradesh,Wheat,2023,6,2023-06-01,Awagarh APMC,,awagarh,Etah
Uttar Pradesh,Wheat,2023,6,2023-06-01,Ayodhya APMC,2330.78,ayodhya,Ayodhya
Uttar Pradesh,Wheat,2023,6,2023-06-01,Azamgarh APMC,2250.07,azamgarh,Azamgarh
Uttar Pradesh,Wheat,2023,6,2023-06-01,Baberu APMC,2195.34,baberu,Banda
Uttar Pradesh,Wheat,2023,6,2023-06-01,Babrala APMC,2198.03,babrala,Budaun
Uttar Pradesh,Wheat,2023,6,2023-06-01,Bachranwa APMC,2222.15,bachranwa,Rae Bareli
Uttar Pradesh,Wheat,2023,6,2023-06-01,Badayoun APMC,2242.88,badayoun,Budaun
Uttar Pradesh,Wheat,2023,6,2023-06-01,Badda APMC,,badda,Shahjahanpur
Uttar Pradesh,Wheat,2023,6,2023-06-01,Bahraich APMC,2336.96,bahraich,Bahraich
Uttar Pradesh,Wheat,2023,6,2023-06-01,Ballia APMC,2228.42,ballia,Ballia
Uttar Pradesh,Wheat,2023,6,2023-06-01,Balrampur APMC,2328.16,balrampur,Balrampur
Uttar Pradesh,Wheat,2023,6,2023-06-01,Banda APMC,2198.38,banda,Banda
Uttar Pradesh,Wheat,2023,6,2023-06-01,Bangarmau APMC,2194.67,bangarmau,Unnao
Uttar Pradesh,Wheat,2023,6,2023-06-01,Bansi APMC,2255.0,bansi,Siddharthnagar
Uttar Pradesh,Wheat,2023,6,2023-06-01,Barabanki APMC,2334.23,barabanki,Bara Banki
Uttar Pradesh,Wheat,2023,6,2023-06-01,Bareilly APMC,2213.76,bareilly,Bareilly
Uttar Pradesh,Wheat,2023,6,2023-06-01,Barhaj APMC,2248.78,barhaj,Deoria
Uttar Pradesh,Wheat,2023,6,2023-06-01,Baripaal APMC,2201.49,baripaal,Jaunpur
Uttar Pradesh,Wheat,2023,6,2023-06-01,Basti APMC,2256.03,basti,Basti
Uttar Pradesh,Wheat,2023,6,2023-06-01,Bewar APMC,2222.86,bewar,Mainpuri
Uttar Pradesh,Wheat,2023,6,2023-06-01,Bharthna APMC,2229.47,bharthna,Etawah
Uttar Pradesh,Wheat,2023,6,2023-06-01,Bharuasumerpur APMC,2166.97,bharuasumerpur,Hamirpur
Uttar Pradesh,Wheat,2023,6,2023-06-01,Bharwari APMC,2253.06,bharwari,Kaushambi
Uttar Pradesh,Wheat,2023,6,2023-06-01,Bhehjoi APMC,2251.87,bhehjoi,Sambhal
Uttar Pradesh,Wheat,2023,6,2023-06-01,Bijnaur APMC,2230.86,bijnaur,Bijnor
Uttar Pradesh,Wheat,2023,6,2023-06-01,Bilaspur APMC,,bilaspur,Rampur
Uttar Pradesh,Wheat,2023,6,2023-06-01,Bilsi APMC,2280.79,bilsi,Budaun
Uttar Pradesh,Wheat,2023,6,2023-06-01,Bindki APMC,2241.0,bindki,Fatehpur
Uttar Pradesh,Wheat,2023,6,2023-06-01,Bishalpur APMC,2177.11,bishalpur,Pilibhit
Uttar Pradesh,Wheat,2023,6,2023-06-01,Bisoli APMC,2258.6,bisoli,Badaun
Uttar Pradesh,Wheat,2023,6,2023-06-01,Buland Shahr APMC,2262.4,buland shahr,Bulandshahr
Uttar Pradesh,Wheat,2023,6,2023-06-01,Chandausi APMC,,chandausi,Sambhal
Uttar Pradesh,Wheat,2023,6,2023-06-01,Chandoli APMC,2197.38,chandoli,Chandauli
Uttar Pradesh,Wheat,2023,6,2023-06-01,Charkhari APMC,2168.7,charkhari,Mahoba
Uttar Pradesh,Wheat,2023,6,2023-06-01,Charra APMC,2290.22,charra,Aligarh
Uttar Pradesh,Wheat,2023,6,2023-06-01,Chhibramau APMC,2203.59,chhibramau,Kannauj
Uttar Pradesh,Wheat,2023,6,2023-06-01,Chirgaon APMC,2211.14,chirgaon,Jhansi
Uttar Pradesh,Wheat,2023,6,2023-06-01,Chorichora APMC,2248.97,chorichora,Gorakhpur
Uttar Pradesh,Wheat,2023,6,2023-06-01,Choubepur APMC,2233.25,choubepur,Jaunpur
Uttar Pradesh,Wheat,2023,6,2023-06-01,DADRI APMC,2275.64,dadri,Gautam Buddha Nagar
Uttar Pradesh,Wheat,2023,6,2023-06-01,Dankaur APMC,,dankaur,Gautam Buddha Nagar
Uttar Pradesh,Wheat,2023,6,2023-06-01,Dataganj APMC,2180.0,dataganj,Badaun
Uttar Pradesh,Wheat,2023,6,2023-06-01,Devariya APMC,2249.13,devariya,Deoria
Uttar Pradesh,Wheat,2023,6,2023-06-01,Dhanaura APMC,2134.48,dhanaura,Amroha
Uttar Pradesh,Wheat,2023,6,2023-06-01,Dibiapur APMC,2216.45,dibiapur,Auraiya
Uttar Pradesh,Wheat,2023,6,2023-06-01,Divai APMC,2188.21,divai,Bulandshahar
Uttar Pradesh,Wheat,2023,6,2023-06-01,Doharighat APMC,2059.11,doharighat,Azamgarh
Uttar Pradesh,Wheat,2023,6,2023-06-01,Etah APMC,2303.22,etah,Etah
Uttar Pradesh,Wheat,2023,6,2023-06-01,Etawah APMC,2252.66,etawah,Etawah
Uttar Pradesh,Wheat,2023,6,2023-06-01,Farukhabad APMC,2230.24,farukhabad,Farrukhabad
Uttar Pradesh,Wheat,2023,6,2023-06-01,Fatehabad APMC,2193.85,fatehabad,Agra
Uttar Pradesh,Wheat,2023,6,2023-06-01,Fatehpur APMC,2273.37,fatehpur,Fatehpur
Uttar Pradesh,Wheat,2023,6,2023-06-01,Fatehpur Sikri APMC,2206.11,fatehpur sikri,Agra
Uttar Pradesh,Wheat,2023,6,2023-06-01,Firozabad APMC,2302.89,firozabad,Firozabad
Uttar Pradesh,Wheat,2023,6,2023-06-01,Gadaura APMC,,gadaura,Maharajganj
Uttar Pradesh,Wheat,2023,6,2023-06-01,Gazipur APMC,2255.36,gazipur,Azamgarh
Uttar Pradesh,Wheat,2023,6,2023-06-01,Ghaziabad APMC,2344.86,ghaziabad,Ghaziabad
Uttar Pradesh,Wheat,2023,6,2023-06-01,Ghiraur APMC,2208.04,ghiraur,Mainpuri
Uttar Pradesh,Wheat,2023,6,2023-06-01,Golagokarnath APMC,2285.64,golagokarnath,Lalitpur
Uttar Pradesh,Wheat,2023,6,2023-06-01,Gonda APMC,2337.81,gonda,Gonda
Uttar Pradesh,Wheat,2023,6,2023-06-01,Gopiganj APMC,2128.12,gopiganj,Bhadohi
Uttar Pradesh,Wheat,2023,6,2023-06-01,Gorakhpur APMC,2249.28,gorakhpur,Gorakhpur
Uttar Pradesh,Wheat,2023,6,2023-06-01,Gurusarai APMC,2207.16,gurusarai,Jhansi
Uttar Pradesh,Wheat,2023,6,2023-06-01,Haathras APMC,2312.76,haathras,Hathras
Uttar Pradesh,Wheat,2023,6,2023-06-01,Haldaur APMC,,haldaur,Bijnor
Uttar Pradesh,Wheat,2023,6,2023-06-01,Hamirpur APMC,,hamirpur,Hamirpur
Uttar Pradesh,Wheat,2023,6,2023-06-01,Hapur APMC,2281.03,hapur,Ghaziabad
Uttar Pradesh,Wheat,2023,6,2023-06-01,Hardoi APMC,2275.89,hardoi,Hardoi
Uttar Pradesh,Wheat,2023,6,2023-06-01,Hargaon (Laharpur) APMC,2213.86,hargaon (laharpur),Sitapur
Uttar Pradesh,Wheat,2023,6,2023-06-01,Jafarganj APMC,2322.75,jafarganj,Amethi
Uttar Pradesh,Wheat,2023,6,2023-06-01,Jagnair APMC,2200.56,jagnair,Agra
Uttar Pradesh,Wheat,2023,6,2023-06-01,Jahanabad APMC,2233.12,jahanabad,Fatehpur
Uttar Pradesh,Wheat,2023,6,2023-06-01,Jahangirabad APMC,2284.77,jahangirabad,Bulandshahar
Uttar Pradesh,Wheat,2023,6,2023-06-01,Jalaun APMC,2174.94,jalaun,Jalaun
Uttar Pradesh,Wheat,2023,6,2023-06-01,Jamanian APMC,,jamanian,Ghazipur
Uttar Pradesh,Wheat,2023,6,2023-06-01,Jangipura APMC,2205.51,jangipura,Ghazipur
Uttar Pradesh,Wheat,2023,6,2023-06-01,Jasra APMC,2243.83,jasra,Prayagraj
Uttar Pradesh,Wheat,2023,6,2023-06-01,Jaunpur APMC,2254.99,jaunpur,Jaunpur
Uttar Pradesh,Wheat,2023,6,2023-06-01,Jayas APMC,2296.88,jayas,Rae Bareli
Uttar Pradesh,Wheat,2023,6,2023-06-01,Jhansi APMC,2220.81,jhansi,Jhansi
Uttar Pradesh,Wheat,2023,6,2023-06-01,Jhijhank APMC,2211.87,jhijhank,Kanpur Dehat
Uttar Pradesh,Wheat,2023,6,2023-06-01,Kamlaganj APMC,2177.86,kamlaganj,Farrukhabad
Uttar Pradesh,Wheat,2023,6,2023-06-01,Kannauj APMC,2254.82,kannauj,Kannauj
Uttar Pradesh,Wheat,2023,6,2023-06-01,Kanpur(Grain) APMC,2390.74,kanpur(grain),Jaunpur
Uttar Pradesh,Wheat,2023,6,2023-06-01,Karvi APMC,2174.09,karvi,Chitrakoot
Uttar Pradesh,Wheat,2023,6,2023-06-01,Kasganj APMC,2282.05,kasganj,Kasganj
Uttar Pradesh,Wheat,2023,6,2023-06-01,Kayamganj APMC,2250.08,kayamganj,Farrukhabad
Uttar Pradesh,Wheat,2023,6,2023-06-01,Khaga APMC,2204.23,khaga,Fatehpur
Uttar Pradesh,Wheat,2023,6,2023-06-01,Khair APMC,2282.1,khair,Aligarh
Uttar Pradesh,Wheat,2023,6,2023-06-01,Khairagarh APMC,2229.29,khairagarh,Agra
Uttar Pradesh,Wheat,2023,6,2023-06-01,Khatauli APMC,,khatauli,Muzaffarnagar
Uttar Pradesh,Wheat,2023,6,2023-06-01,Khurja APMC,2223.79,khurja,Bulandshahr
Uttar Pradesh,Wheat,2023,6,2023-06-01,Kishunpur APMC,2197.14,kishunpur,Bahraich
Uttar Pradesh,Wheat,2023,6,2023-06-01,Konch APMC,2199.18,konch,Jalaun
Uttar Pradesh,Wheat,2023,6,2023-06-01,Kopaganj APMC,2256.19,kopaganj,
Uttar Pradesh,Wheat,2023,6,2023-06-01,Kosikalan APMC,2288.35,kosikalan,Mathura
Uttar Pradesh,Wheat,2023,6,2023-06-01,Kurara APMC,2105.32,kurara,Hamirpur
Uttar Pradesh,Wheat,2023,6,2023-06-01,Lakhimpur APMC,2285.68,lakhimpur,Lalitpur
Uttar Pradesh,Wheat,2023,6,2023-06-01,Lalganj APMC,2263.83,lalganj,Rae Bareli
Uttar Pradesh,Wheat,2023,6,2023-06-01,Lalitpur APMC,2197.68,lalitpur,Lalitpur
Uttar Pradesh,Wheat,2023,6,2023-06-01,Lucknow APMC,2300.3,lucknow,Lucknow
Uttar Pradesh,Wheat,2023,6,2023-06-01,Madhoganj APMC,2261.07,madhoganj,Hardoi
Uttar Pradesh,Wheat,2023,6,2023-06-01,Madhogarh APMC,2182.17,madhogarh,Jalaun
Uttar Pradesh,Wheat,2023,6,2023-06-01,Mahoba APMC,2196.46,mahoba,Mahoba
Uttar Pradesh,Wheat,2023,6,2023-06-01,Maigalganj APMC,2252.02,maigalganj,Gorakhpur
Uttar Pradesh,Wheat,2023,6,2023-06-01,Mainpuri APMC,2189.79,mainpuri,Mainpuri
Uttar Pradesh,Wheat,2023,6,2023-06-01,Mathura APMC,2274.41,mathura,Mathura
Uttar Pradesh,Wheat,2023,6,2023-06-01,Mau(Chitrakut) APMC,,mau(chitrakut),Chitrakut
Uttar Pradesh,Wheat,2023,6,2023-06-01,Maudaha APMC,2137.22,maudaha,Hamirpur
Uttar Pradesh,Wheat,2023,6,2023-06-01,Mauranipur APMC,2241.14,mauranipur,Jhansi
Uttar Pradesh,Wheat,2023,6,2023-06-01,Mawana APMC,2300.0,mawana,Meerut
Uttar Pradesh,Wheat,2023,6,2023-06-01,Meerut APMC,2309.66,meerut,Meerut
Uttar Pradesh,Wheat,2023,6,2023-06-01,Mehrauni APMC,2200.0,mehrauni,Lalitpur
Uttar Pradesh,Wheat,2023,6,2023-06-01,Milak APMC,2222.8,milak,Rampur
Uttar Pradesh,Wheat,2023,6,2023-06-01,Mirzapur APMC,2218.92,mirzapur,Mirzapur
Uttar Pradesh,Wheat,2023,6,2023-06-01,Mohamadabad APMC,2245.97,mohamadabad,Farrukhabad
Uttar Pradesh,Wheat,2023,6,2023-06-01,Mohammdi APMC,2276.49,mohammdi,Kheri
Uttar Pradesh,Wheat,2023,6,2023-06-01,Moth APMC,2173.68,moth,Jhansi
Uttar Pradesh,Wheat,2023,6,2023-06-01,Mugrabaadshahpur APMC,2246.95,mugrabaadshahpur,Jaunpur
Uttar Pradesh,Wheat,2023,6,2023-06-01,Muradabad APMC,2262.24,muradabad,Sambhal
Uttar Pradesh,Wheat,2023,6,2023-06-01,Muradnagar APMC,2300.0,muradnagar,Ghaziabad
Uttar Pradesh,Wheat,2023,6,2023-06-01,Muskara APMC,2176.07,muskara,Mahoba
Uttar Pradesh,Wheat,2023,6,2023-06-01,Muzzafarnagar APMC,2251.11,muzzafarnagar,Muzaffarnagar
Uttar Pradesh,Wheat,2023,6,2023-06-01,Naanpara APMC,2325.09,naanpara,Bahraich
Uttar Pradesh,Wheat,2023,6,2023-06-01,Najibabad APMC,,najibabad,Bijnor
Uttar Pradesh,Wheat,2023,6,2023-06-01,Naugarh APMC,2228.37,naugarh,Siddharthnagar
Uttar Pradesh,Wheat,2023,6,2023-06-01,Nautnava APMC,2188.3,nautnava,Maharajganj
Uttar Pradesh,Wheat,2023,6,2023-06-01,Nawabganj APMC,2313.2,nawabganj,Gonda
Uttar Pradesh,Wheat,2023,6,2023-06-01,Noida APMC,2291.03,noida,Gautam Buddha Nagar
Uttar Pradesh,Wheat,2023,6,2023-06-01,Orai APMC,2162.45,orai,Jalaun
Uttar Pradesh,Wheat,2023,6,2023-06-01,Paliakala APMC,,paliakala,Kheri
Uttar Pradesh,Wheat,2023,6,2023-06-01,Panchpedwa APMC,,panchpedwa,Balrampur
Uttar Pradesh,Wheat,2023,6,2023-06-01,Partaval APMC,2248.44,partaval,Mahrajganj
Uttar Pradesh,Wheat,2023,6,2023-06-01,Pilibhit APMC,2251.78,pilibhit,Pilibhit
Uttar Pradesh,Wheat,2023,6,2023-06-01,Powayan APMC,2241.45,powayan,Shahjahanpur
Uttar Pradesh,Wheat,2023,6,2023-06-01,Pratapgarh APMC,2337.77,pratapgarh,Pratapgarh
Uttar Pradesh,Wheat,2023,6,2023-06-01,Prayagraj APMC,2293.84,prayagraj,Prayagraj
Uttar Pradesh,Wheat,2023,6,2023-06-01,Pukharayan APMC,2197.32,pukharayan,Kanpur Dehat
Uttar Pradesh,Wheat,2023,6,2023-06-01,Puranpur APMC,2241.13,puranpur,Pilibhit
Uttar Pradesh,Wheat,2023,6,2023-06-01,Purwa APMC,2206.18,purwa,Unnao
Uttar Pradesh,Wheat,2023,6,2023-06-01,Raath APMC,2181.49,raath,Hamirpur
Uttar Pradesh,Wheat,2023,6,2023-06-01,Raibareilly APMC,2219.35,raibareilly,Rae Bareli
Uttar Pradesh,Wheat,2023,6,2023-06-01,Rampur APMC,2233.25,rampur,Rampur
Uttar Pradesh,Wheat,2023,6,2023-06-01,Rampurmaniharan APMC,2149.06,rampurmaniharan,Saharanpur
Uttar Pradesh,Wheat,2023,6,2023-06-01,Rasda APMC,2211.5,rasda,Ballia
Uttar Pradesh,Wheat,2023,6,2023-06-01,Richha APMC,,richha,Bareilly
Uttar Pradesh,Wheat,2023,6,2023-06-01,Robertsganj APMC,2263.01,robertsganj,Sonbhadra
Uttar Pradesh,Wheat,2023,6,2023-06-01,Rudauli APMC,,rudauli,Ayodhya
Uttar Pradesh,Wheat,2023,6,2023-06-01,Rura APMC,2255.54,rura,Kanpur Dehat
Uttar Pradesh,Wheat,2023,6,2023-06-01,Safdarganj APMC,2330.24,safdarganj,Barabanki
Uttar Pradesh,Wheat,2023,6,2023-06-01,Saharanpur APMC,2247.41,saharanpur,Saharanpur
Uttar Pradesh,Wheat,2023,6,2023-06-01,Sahiyapur APMC,2259.58,sahiyapur,Siddharthnagar
Uttar Pradesh,Wheat,2023,6,2023-06-01,Salon APMC,2148.29,salon,Rae Bareli
Uttar Pradesh,Wheat,2023,6,2023-06-01,Sambhal APMC,,sambhal,Sambhal
Uttar Pradesh,Wheat,2023,6,2023-06-01,Samsabad APMC,2300.0,samsabad,Agra
Uttar Pradesh,Wheat,2023,6,2023-06-01,Sandi APMC,2194.59,sandi,Hardoi
Uttar Pradesh,Wheat,2023,6,2023-06-01,Sandila APMC,2272.24,sandila,Hardoi
Uttar Pradesh,Wheat,2023,6,2023-06-01,Sardhana APMC,,sardhana,Meerut
Uttar Pradesh,Wheat,2023,6,2023-06-01,Sehjanwa APMC,,sehjanwa,Gorakhpur
Uttar Pradesh,Wheat,2023,6,2023-06-01,Shahabad APMC,2150.0,shahabad,Hardoi
Uttar Pradesh,Wheat,2023,6,2023-06-01,Shahabad(New Mandi) APMC,2280.0,shahabad(new mandi),Hardoi
Uttar Pradesh,Wheat,2023,6,2023-06-01,Shahaswan APMC,2234.12,shahaswan,Badaun
Uttar Pradesh,Wheat,2023,6,2023-06-01,Shahganj APMC,2267.63,shahganj,Jaunpur
Uttar Pradesh,Wheat,2023,6,2023-06-01,Shahjahanpur APMC,2297.63,shahjahanpur,Shahjahanpur
Uttar Pradesh,Wheat,2023,6,2023-06-01,Shahpur APMC,,shahpur,Muzaffarnagar
Uttar Pradesh,Wheat,2023,6,2023-06-01,Shamli APMC,2246.31,shamli,Shamli
Uttar Pradesh,Wheat,2023,6,2023-06-01,Shikohabad APMC,2228.11,shikohabad,Firozabad
Uttar Pradesh,Wheat,2023,6,2023-06-01,Sikandraraau APMC,2269.95,sikandraraau,Hathras
Uttar Pradesh,Wheat,2023,6,2023-06-01,Sikarpur APMC,2184.95,sikarpur,Bulandshahar
Uttar Pradesh,Wheat,2023,6,2023-06-01,Sirsa APMC,2123.21,sirsa,Gautam Buddha Nagar
Uttar Pradesh,Wheat,2023,6,2023-06-01,Sirsaganj APMC,2210.76,sirsaganj,Firozabad
Uttar Pradesh,Wheat,2023,6,2023-06-01,Sitapur APMC,2287.91,sitapur,Sitapur
Uttar Pradesh,Wheat,2023,6,2023-06-01,Siyana APMC,2171.16,siyana,Bulandshahar
Uttar Pradesh,Wheat,2023,6,2023-06-01,Sultanpur APMC,2320.16,sultanpur,Amethi
Uttar Pradesh,Wheat,2023,6,2023-06-01,Tamkuhi road APMC,2250.0,tamkuhi road,Kushinagar
Uttar Pradesh,Wheat,2023,6,2023-06-01,Thanabhawan APMC,2158.38,thanabhawan,Shamli
Uttar Pradesh,Wheat,2023,6,2023-06-01,Tikonia APMC,2256.64,tikonia,Kheri
Uttar Pradesh,Wheat,2023,6,2023-06-01,Tilhar APMC,2236.6,tilhar,Shahjahanpur
Uttar Pradesh,Wheat,2023,6,2023-06-01,Tulsipur APMC,2321.84,tulsipur,Balrampur
Uttar Pradesh,Wheat,2023,6,2023-06-01,Tundla APMC,2310.43,tundla,Firozabad
Uttar Pradesh,Wheat,2023,6,2023-06-01,Ujhani APMC,,ujhani,Budaun
Uttar Pradesh,Wheat,2023,6,2023-06-01,Unnao APMC,2167.55,unnao,Unnao
Uttar Pradesh,Wheat,2023,6,2023-06-01,Uttaripura APMC,2210.72,uttaripura,Jaunpur
Uttar Pradesh,Wheat,2023,6,2023-06-01,Varanasi APMC,2302.21,varanasi,Varanasi
Uttar Pradesh,Wheat,2023,6,2023-06-01,Vilthararoad APMC,2198.21,vilthararoad,Ballia
Uttar Pradesh,Wheat,2023,6,2023-06-01,Viswan APMC,2274.62,viswan,Sitapur
Uttar Pradesh,Wheat,2023,6,2023-06-01,Wazirganj APMC,2211.49,wazirganj,Budaun
Uttar Pradesh,Wheat,2023,6,2023-06-01,Yusufpur APMC,,yusufpur,Ghazipur
Uttar Pradesh,Wheat,2023,7,2023-07-01,Achalda APMC,2235.41,achalda,Auraiya
Uttar Pradesh,Wheat,2023,7,2023-07-01,Achnera APMC,2262.07,achnera,Agra
Uttar Pradesh,Wheat,2023,7,2023-07-01,Agra APMC,2283.26,agra,Agra
Uttar Pradesh,Wheat,2023,7,2023-07-01,Ahirora APMC,2293.28,ahirora,Mirzapur
Uttar Pradesh,Wheat,2023,7,2023-07-01,Ait APMC,2215.13,ait,Jalaun
Uttar Pradesh,Wheat,2023,7,2023-07-01,Ajuha APMC,2280.57,ajuha,Prayagraj
Uttar Pradesh,Wheat,2023,7,2023-07-01,Akbarpur APMC,2287.15,akbarpur,Ambedkarnagar
Uttar Pradesh,Wheat,2023,7,2023-07-01,Aliganj APMC,2205.63,aliganj,Etah
Uttar Pradesh,Wheat,2023,7,2023-07-01,Aligarh APMC,2273.88,aligarh,Aligarh
Uttar Pradesh,Wheat,2023,7,2023-07-01,Amroha APMC,2308.05,amroha,Amroha
Uttar Pradesh,Wheat,2023,7,2023-07-01,Anandnagar APMC,2245.7,anandnagar,Mahrajganj
Uttar Pradesh,Wheat,2023,7,2023-07-01,Anoop Shahar APMC,2240.15,anoop shahar,Bulandshahr
Uttar Pradesh,Wheat,2023,7,2023-07-01,Atarra APMC,2158.24,atarra,Banda
Uttar Pradesh,Wheat,2023,7,2023-07-01,Atrauli APMC,2165.62,atrauli,Aligarh
Uttar Pradesh,Wheat,2023,7,2023-07-01,Auraiya APMC,2234.47,auraiya,Auraiya
Uttar Pradesh,Wheat,2023,7,2023-07-01,Ayodhya APMC,2295.88,ayodhya,Ayodhya
Uttar Pradesh,Wheat,2023,7,2023-07-01,Azamgarh APMC,2258.56,azamgarh,Azamgarh
Uttar Pradesh,Wheat,2023,7,2023-07-01,Baberu APMC,2162.61,baberu,Banda
Uttar Pradesh,Wheat,2023,7,2023-07-01,Babrala APMC,2215.75,babrala,Budaun
Uttar Pradesh,Wheat,2023,7,2023-07-01,Bachranwa APMC,2217.52,bachranwa,Rae Bareli
Uttar Pradesh,Wheat,2023,7,2023-07-01,Badayoun APMC,2320.11,badayoun,Budaun
Uttar Pradesh,Wheat,2023,7,2023-07-01,Badda APMC,2300.0,badda,Shahjahanpur
Uttar Pradesh,Wheat,2023,7,2023-07-01,Bahraich APMC,2292.55,bahraich,Bahraich
Uttar Pradesh,Wheat,2023,7,2023-07-01,Ballia APMC,2270.11,ballia,Ballia
Uttar Pradesh,Wheat,2023,7,2023-07-01,Balrampur APMC,2312.61,balrampur,Balrampur
Uttar Pradesh,Wheat,2023,7,2023-07-01,Banda APMC,2187.3,banda,Banda
Uttar Pradesh,Wheat,2023,7,2023-07-01,Bangarmau APMC,2267.27,bangarmau,Unnao
Uttar Pradesh,Wheat,2023,7,2023-07-01,Bansi APMC,2260.0,bansi,Siddharthnagar
Uttar Pradesh,Wheat,2023,7,2023-07-01,Barabanki APMC,2295.5,barabanki,Bara Banki
Uttar Pradesh,Wheat,2023,7,2023-07-01,Bareilly APMC,2313.28,bareilly,Bareilly
Uttar Pradesh,Wheat,2023,7,2023-07-01,Barhaj APMC,2260.0,barhaj,Deoria
Uttar Pradesh,Wheat,2023,7,2023-07-01,Baripaal APMC,2174.55,baripaal,Jaunpur
Uttar Pradesh,Wheat,2023,7,2023-07-01,Basti APMC,2265.35,basti,Basti
Uttar Pradesh,Wheat,2023,7,2023-07-01,Bewar APMC,2214.58,bewar,Mainpuri
Uttar Pradesh,Wheat,2023,7,2023-07-01,Bharthna APMC,2258.59,bharthna,Etawah
Uttar Pradesh,Wheat,2023,7,2023-07-01,Bharuasumerpur APMC,2203.07,bharuasumerpur,Hamirpur
Uttar Pradesh,Wheat,2023,7,2023-07-01,Bharwari APMC,2289.59,bharwari,Kaushambi
Uttar Pradesh,Wheat,2023,7,2023-07-01,Bhehjoi APMC,2210.0,bhehjoi,Sambhal
Uttar Pradesh,Wheat,2023,7,2023-07-01,Bijnaur APMC,2312.64,bijnaur,Bijnor
Uttar Pradesh,Wheat,2023,7,2023-07-01,Bilsi APMC,2276.6,bilsi,Budaun
Uttar Pradesh,Wheat,2023,7,2023-07-01,Bindki APMC,2272.41,bindki,Fatehpur
Uttar Pradesh,Wheat,2023,7,2023-07-01,Bishalpur APMC,2337.23,bishalpur,Pilibhit
Uttar Pradesh,Wheat,2023,7,2023-07-01,Bisoli APMC,2202.16,bisoli,Badaun
Uttar Pradesh,Wheat,2023,7,2023-07-01,Buland Shahr APMC,2231.25,buland shahr,Bulandshahr
Uttar Pradesh,Wheat,2023,7,2023-07-01,Chandausi APMC,2302.61,chandausi,Sambhal
Uttar Pradesh,Wheat,2023,7,2023-07-01,Chandoli APMC,2289.95,chandoli,Chandauli
Uttar Pradesh,Wheat,2023,7,2023-07-01,Charkhari APMC,2195.57,charkhari,Mahoba
Uttar Pradesh,Wheat,2023,7,2023-07-01,Charra APMC,2252.76,charra,Aligarh
Uttar Pradesh,Wheat,2023,7,2023-07-01,Chhibramau APMC,2210.32,chhibramau,Kannauj
Uttar Pradesh,Wheat,2023,7,2023-07-01,Chirgaon APMC,2183.97,chirgaon,Jhansi
Uttar Pradesh,Wheat,2023,7,2023-07-01,Chorichora APMC,2258.07,chorichora,Gorakhpur
Uttar Pradesh,Wheat,2023,7,2023-07-01,Choubepur APMC,2269.94,choubepur,Jaunpur
Uttar Pradesh,Wheat,2023,7,2023-07-01,DADRI APMC,2265.71,dadri,Gautam Buddha Nagar
Uttar Pradesh,Wheat,2023,7,2023-07-01,Dankaur APMC,,dankaur,Gautam Buddha Nagar
Uttar Pradesh,Wheat,2023,7,2023-07-01,Dataganj APMC,2192.94,dataganj,Badaun
Uttar Pradesh,Wheat,2023,7,2023-07-01,Devariya APMC,2254.34,devariya,Deoria
Uttar Pradesh,Wheat,2023,7,2023-07-01,Dhanaura APMC,2130.77,dhanaura,Amroha
Uttar Pradesh,Wheat,2023,7,2023-07-01,Dibiapur APMC,2233.48,dibiapur,Auraiya
Uttar Pradesh,Wheat,2023,7,2023-07-01,Divai APMC,2164.87,divai,Bulandshahar
Uttar Pradesh,Wheat,2023,7,2023-07-01,Doharighat APMC,2255.0,doharighat,Azamgarh
Uttar Pradesh,Wheat,2023,7,2023-07-01,Etah APMC,2246.81,etah,Etah
Uttar Pradesh,Wheat,2023,7,2023-07-01,Etawah APMC,2295.35,etawah,Etawah
Uttar Pradesh,Wheat,2023,7,2023-07-01,Farukhabad APMC,2303.99,farukhabad,Farrukhabad
Uttar Pradesh,Wheat,2023,7,2023-07-01,Fatehabad APMC,,fatehabad,Agra
Uttar Pradesh,Wheat,2023,7,2023-07-01,Fatehpur APMC,2287.74,fatehpur,Fatehpur
Uttar Pradesh,Wheat,2023,7,2023-07-01,Fatehpur Sikri APMC,2244.06,fatehpur sikri,Agra
Uttar Pradesh,Wheat,2023,7,2023-07-01,Firozabad APMC,2280.87,firozabad,Firozabad
Uttar Pradesh,Wheat,2023,7,2023-07-01,Gazipur APMC,2302.24,gazipur,Azamgarh
Uttar Pradesh,Wheat,2023,7,2023-07-01,Ghaziabad APMC,2278.52,ghaziabad,Ghaziabad
Uttar Pradesh,Wheat,2023,7,2023-07-01,Ghiraur APMC,2180.03,ghiraur,Mainpuri
Uttar Pradesh,Wheat,2023,7,2023-07-01,Golagokarnath APMC,2236.46,golagokarnath,Lalitpur
Uttar Pradesh,Wheat,2023,7,2023-07-01,Gonda APMC,2312.42,gonda,Gonda
Uttar Pradesh,Wheat,2023,7,2023-07-01,Gopiganj APMC,2190.32,gopiganj,Bhadohi
Uttar Pradesh,Wheat,2023,7,2023-07-01,Gorakhpur APMC,2298.33,gorakhpur,Gorakhpur
Uttar Pradesh,Wheat,2023,7,2023-07-01,Gurusarai APMC,2216.04,gurusarai,Jhansi
Uttar Pradesh,Wheat,2023,7,2023-07-01,Haathras APMC,2254.41,haathras,Hathras
Uttar Pradesh,Wheat,2023,7,2023-07-01,Haldaur APMC,,haldaur,Bijnor
Uttar Pradesh,Wheat,2023,7,2023-07-01,Hamirpur APMC,,hamirpur,Hamirpur
Uttar Pradesh,Wheat,2023,7,2023-07-01,Hapur APMC,2265.3,hapur,Ghaziabad
Uttar Pradesh,Wheat,2023,7,2023-07-01,Hardoi APMC,2267.51,hardoi,Hardoi
Uttar Pradesh,Wheat,2023,7,2023-07-01,Hargaon (Laharpur) APMC,2210.38,hargaon (laharpur),Sitapur
Uttar Pradesh,Wheat,2023,7,2023-07-01,Jafarganj APMC,2290.0,jafarganj,Amethi
Uttar Pradesh,Wheat,2023,7,2023-07-01,Jagnair APMC,2166.56,jagnair,Agra
Uttar Pradesh,Wheat,2023,7,2023-07-01,Jahanabad APMC,2203.92,jahanabad,Fatehpur
Uttar Pradesh,Wheat,2023,7,2023-07-01,Jahangirabad APMC,2241.08,jahangirabad,Bulandshahar
Uttar Pradesh,Wheat,2023,7,2023-07-01,Jalaun APMC,2132.28,jalaun,Jalaun
Uttar Pradesh,Wheat,2023,7,2023-07-01,Jamanian APMC,,jamanian,Ghazipur
Uttar Pradesh,Wheat,2023,7,2023-07-01,Jangipura APMC,2283.13,jangipura,Ghazipur
Uttar Pradesh,Wheat,2023,7,2023-07-01,Jasra APMC,2287.27,jasra,Prayagraj
Uttar Pradesh,Wheat,2023,7,2023-07-01,Jaunpur APMC,2311.29,jaunpur,Jaunpur
Uttar Pradesh,Wheat,2023,7,2023-07-01,Jayas APMC,2262.29,jayas,Rae Bareli
Uttar Pradesh,Wheat,2023,7,2023-07-01,Jhansi APMC,2217.98,jhansi,Jhansi
Uttar Pradesh,Wheat,2023,7,2023-07-01,Jhijhank APMC,2253.87,jhijhank,Kanpur Dehat
Uttar Pradesh,Wheat,2023,7,2023-07-01,Kadaura APMC,,kadaura,Jalaun
Uttar Pradesh,Wheat,2023,7,2023-07-01,Kalpi APMC,,kalpi,Jalaun
Uttar Pradesh,Wheat,2023,7,2023-07-01,Kamlaganj APMC,,kamlaganj,Farrukhabad
Uttar Pradesh,Wheat,2023,7,2023-07-01,Kannauj APMC,2288.4,kannauj,Kannauj
Uttar Pradesh,Wheat,2023,7,2023-07-01,Kanpur(Grain) APMC,2342.2,kanpur(grain),Jaunpur
Uttar Pradesh,Wheat,2023,7,2023-07-01,Karvi APMC,2188.71,karvi,Chitrakoot
Uttar Pradesh,Wheat,2023,7,2023-07-01,Kasganj APMC,2269.95,kasganj,Kasganj
Uttar Pradesh,Wheat,2023,7,2023-07-01,Kayamganj APMC,2290.45,kayamganj,Farrukhabad
Uttar Pradesh,Wheat,2023,7,2023-07-01,Khaga APMC,2230.94,khaga,Fatehpur
Uttar Pradesh,Wheat,2023,7,2023-07-01,Khair APMC,2256.87,khair,Aligarh
Uttar Pradesh,Wheat,2023,7,2023-07-01,Khairagarh APMC,2255.43,khairagarh,Agra
Uttar Pradesh,Wheat,2023,7,2023-07-01,Khurja APMC,2229.91,khurja,Bulandshahr
Uttar Pradesh,Wheat,2023,7,2023-07-01,Kishunpur APMC,2189.05,kishunpur,Bahraich
Uttar Pradesh,Wheat,2023,7,2023-07-01,Konch APMC,2145.41,konch,Jalaun
Uttar Pradesh,Wheat,2023,7,2023-07-01,Kopaganj APMC,2255.0,kopaganj,
Uttar Pradesh,Wheat,2023,7,2023-07-01,Kosikalan APMC,2200.19,kosikalan,Mathura
Uttar Pradesh,Wheat,2023,7,2023-07-01,Kurara APMC,2100.0,kurara,Hamirpur
Uttar Pradesh,Wheat,2023,7,2023-07-01,Lakhimpur APMC,2256.33,lakhimpur,Lalitpur
Uttar Pradesh,Wheat,2023,7,2023-07-01,Lalganj APMC,2229.92,lalganj,Rae Bareli
Uttar Pradesh,Wheat,2023,7,2023-07-01,Lalitpur APMC,2194.83,lalitpur,Lalitpur
Uttar Pradesh,Wheat,2023,7,2023-07-01,Lucknow APMC,2310.08,lucknow,Lucknow
Uttar Pradesh,Wheat,2023,7,2023-07-01,Madhoganj APMC,2265.85,madhoganj,Hardoi
Uttar Pradesh,Wheat,2023,7,2023-07-01,Madhogarh APMC,2150.56,madhogarh,Jalaun
Uttar Pradesh,Wheat,2023,7,2023-07-01,Mahoba APMC,2194.97,mahoba,Mahoba
Uttar Pradesh,Wheat,2023,7,2023-07-01,Maigalganj APMC,2227.97,maigalganj,Gorakhpur
Uttar Pradesh,Wheat,2023,7,2023-07-01,Mainpuri APMC,2178.16,mainpuri,Mainpuri
Uttar Pradesh,Wheat,2023,7,2023-07-01,Mathura APMC,2254.87,mathura,Mathura
Uttar Pradesh,Wheat,2023,7,2023-07-01,Mau(Chitrakut) APMC,,mau(chitrakut),Chitrakut
Uttar Pradesh,Wheat,2023,7,2023-07-01,Maudaha APMC,2172.91,maudaha,Hamirpur
Uttar Pradesh,Wheat,2023,7,2023-07-01,Mauranipur APMC,2197.56,mauranipur,Jhansi
Uttar Pradesh,Wheat,2023,7,2023-07-01,Mawana APMC,2250.0,mawana,Meerut
Uttar Pradesh,Wheat,2023,7,2023-07-01,Meerut APMC,2284.94,meerut,Meerut
Uttar Pradesh,Wheat,2023,7,2023-07-01,Mehrauni APMC,2200.0,mehrauni,Lalitpur
Uttar Pradesh,Wheat,2023,7,2023-07-01,Milak APMC,2318.0,milak,Rampur
Uttar Pradesh,Wheat,2023,7,2023-07-01,Mirzapur APMC,2311.42,mirzapur,Mirzapur
Uttar Pradesh,Wheat,2023,7,2023-07-01,Mohamadabad APMC,2309.31,mohamadabad,Farrukhabad
Uttar Pradesh,Wheat,2023,7,2023-07-01,Mohammdi APMC,2253.69,mohammdi,Kheri
Uttar Pradesh,Wheat,2023,7,2023-07-01,Moth APMC,2183.77,moth,Jhansi
Uttar Pradesh,Wheat,2023,7,2023-07-01,Mugrabaadshahpur APMC,2312.79,mugrabaadshahpur,Jaunpur
Uttar Pradesh,Wheat,2023,7,2023-07-01,Muradabad APMC,2326.27,muradabad,Sambhal
Uttar Pradesh,Wheat,2023,7,2023-07-01,Muradnagar APMC,2250.0,muradnagar,Ghaziabad
Uttar Pradesh,Wheat,2023,7,2023-07-01,Muskara APMC,2167.1,muskara,Mahoba
Uttar Pradesh,Wheat,2023,7,2023-07-01,Muzzafarnagar APMC,2275.16,muzzafarnagar,Muzaffarnagar
Uttar Pradesh,Wheat,2023,7,2023-07-01,Naanpara APMC,2291.72,naanpara,Bahraich
Uttar Pradesh,Wheat,2023,7,2023-07-01,Najibabad APMC,,najibabad,Bijnor
Uttar Pradesh,Wheat,2023,7,2023-07-01,Naugarh APMC,2246.29,naugarh,Siddharthnagar
Uttar Pradesh,Wheat,2023,7,2023-07-01,Nautnava APMC,2197.06,nautnava,Maharajganj
Uttar Pradesh,Wheat,2023,7,2023-07-01,Nawabganj APMC,2293.69,nawabganj,Gonda
Uttar Pradesh,Wheat,2023,7,2023-07-01,Noida APMC,2272.04,noida,Gautam Buddha Nagar
Uttar Pradesh,Wheat,2023,7,2023-07-01,Orai APMC,2157.38,orai,Jalaun
Uttar Pradesh,Wheat,2023,7,2023-07-01,Paliakala APMC,2241.07,paliakala,Kheri
Uttar Pradesh,Wheat,2023,7,2023-07-01,Panchpedwa APMC,,panchpedwa,Balrampur
Uttar Pradesh,Wheat,2023,7,2023-07-01,Partaval APMC,2254.41,partaval,Mahrajganj
Uttar Pradesh,Wheat,2023,7,2023-07-01,Pilibhit APMC,2373.18,pilibhit,Pilibhit
Uttar Pradesh,Wheat,2023,7,2023-07-01,Powayan APMC,2302.36,powayan,Shahjahanpur
Uttar Pradesh,Wheat,2023,7,2023-07-01,Pratapgarh APMC,2308.53,pratapgarh,Pratapgarh
Uttar Pradesh,Wheat,2023,7,2023-07-01,Prayagraj APMC,2361.47,prayagraj,Prayagraj
Uttar Pradesh,Wheat,2023,7,2023-07-01,Pukharayan APMC,2178.18,pukharayan,Kanpur Dehat
Uttar Pradesh,Wheat,2023,7,2023-07-01,Puranpur APMC,2368.04,puranpur,Pilibhit
Uttar Pradesh,Wheat,2023,7,2023-07-01,Purwa APMC,2279.48,purwa,Unnao
Uttar Pradesh,Wheat,2023,7,2023-07-01,Raath APMC,2156.31,raath,Hamirpur
Uttar Pradesh,Wheat,2023,7,2023-07-01,Raibareilly APMC,2209.33,raibareilly,Rae Bareli
Uttar Pradesh,Wheat,2023,7,2023-07-01,Rampur APMC,2320.38,rampur,Rampur
Uttar Pradesh,Wheat,2023,7,2023-07-01,Rampurmaniharan APMC,,rampurmaniharan,Saharanpur
Uttar Pradesh,Wheat,2023,7,2023-07-01,Rasda APMC,2262.71,rasda,Ballia
Uttar Pradesh,Wheat,2023,7,2023-07-01,Richha APMC,,richha,Bareilly
Uttar Pradesh,Wheat,2023,7,2023-07-01,Robertsganj APMC,2297.92,robertsganj,Sonbhadra
Uttar Pradesh,Wheat,2023,7,2023-07-01,Rura APMC,2171.27,rura,Kanpur Dehat
Uttar Pradesh,Wheat,2023,7,2023-07-01,Safdarganj APMC,2294.2,safdarganj,Barabanki
Uttar Pradesh,Wheat,2023,7,2023-07-01,Saharanpur APMC,2273.03,saharanpur,Saharanpur
Uttar Pradesh,Wheat,2023,7,2023-07-01,Sahiyapur APMC,2251.95,sahiyapur,Siddharthnagar
Uttar Pradesh,Wheat,2023,7,2023-07-01,Salon APMC,2243.53,salon,Rae Bareli
Uttar Pradesh,Wheat,2023,7,2023-07-01,Samsabad APMC,2299.25,samsabad,Agra
Uttar Pradesh,Wheat,2023,7,2023-07-01,Sandi APMC,2080.88,sandi,Hardoi
Uttar Pradesh,Wheat,2023,7,2023-07-01,Sandila APMC,2262.6,sandila,Hardoi
Uttar Pradesh,Wheat,2023,7,2023-07-01,Sehjanwa APMC,,sehjanwa,Gorakhpur
Uttar Pradesh,Wheat,2023,7,2023-07-01,Shahabad APMC,2150.0,shahabad,Hardoi
Uttar Pradesh,Wheat,2023,7,2023-07-01,Shahabad(New Mandi) APMC,2279.82,shahabad(new mandi),Hardoi
Uttar Pradesh,Wheat,2023,7,2023-07-01,Shahaswan APMC,2250.0,shahaswan,Badaun
Uttar Pradesh,Wheat,2023,7,2023-07-01,Shahganj APMC,2309.96,shahganj,Jaunpur
Uttar Pradesh,Wheat,2023,7,2023-07-01,Shahjahanpur APMC,2331.59,shahjahanpur,Shahjahanpur
Uttar Pradesh,Wheat,2023,7,2023-07-01,Shahpur APMC,,shahpur,Muzaffarnagar
Uttar Pradesh,Wheat,2023,7,2023-07-01,Shamli APMC,2275.45,shamli,Shamli
Uttar Pradesh,Wheat,2023,7,2023-07-01,Shikohabad APMC,2275.0,shikohabad,Firozabad
Uttar Pradesh,Wheat,2023,7,2023-07-01,Sikandraraau APMC,2138.37,sikandraraau,Hathras
Uttar Pradesh,Wheat,2023,7,2023-07-01,Sikarpur APMC,2200.0,sikarpur,Bulandshahar
Uttar Pradesh,Wheat,2023,7,2023-07-01,Sirsa APMC,,sirsa,Gautam Buddha Nagar
Uttar Pradesh,Wheat,2023,7,2023-07-01,Sirsaganj APMC,2187.5,sirsaganj,Firozabad
Uttar Pradesh,Wheat,2023,7,2023-07-01,Sitapur APMC,2275.75,sitapur,Sitapur
Uttar Pradesh,Wheat,2023,7,2023-07-01,Siyana APMC,2275.52,siyana,Bulandshahar
Uttar Pradesh,Wheat,2023,7,2023-07-01,Sultanpur APMC,2292.53,sultanpur,Amethi
Uttar Pradesh,Wheat,2023,7,2023-07-01,Tamkuhi road APMC,,tamkuhi road,Kushinagar
Uttar Pradesh,Wheat,2023,7,2023-07-01,Thanabhawan APMC,2184.44,thanabhawan,Shamli
Uttar Pradesh,Wheat,2023,7,2023-07-01,Tikonia APMC,2219.96,tikonia,Kheri
Uttar Pradesh,Wheat,2023,7,2023-07-01,Tilhar APMC,,tilhar,Shahjahanpur
Uttar Pradesh,Wheat,2023,7,2023-07-01,Tulsipur APMC,2297.83,tulsipur,Balrampur
Uttar Pradesh,Wheat,2023,7,2023-07-01,Tundla APMC,2252.66,tundla,Firozabad
Uttar Pradesh,Wheat,2023,7,2023-07-01,Ujhani APMC,2260.2,ujhani,Budaun
Uttar Pradesh,Wheat,2023,7,2023-07-01,Unnao APMC,2282.83,unnao,Unnao
Uttar Pradesh,Wheat,2023,7,2023-07-01,Uttaripura APMC,2227.59,uttaripura,Jaunpur
Uttar Pradesh,Wheat,2023,7,2023-07-01,Varanasi APMC,2306.95,varanasi,Varanasi
Uttar Pradesh,Wheat,2023,7,2023-07-01,Vilthararoad APMC,,vilthararoad,Ballia
Uttar Pradesh,Wheat,2023,7,2023-07-01,Viswan APMC,2248.82,viswan,Sitapur
Uttar Pradesh,Wheat,2023,7,2023-07-01,Wazirganj APMC,2263.13,wazirganj,Budaun
Uttar Pradesh,Wheat,2023,7,2023-07-01,Yusufpur APMC,,yusufpur,Ghazipur
Uttar Pradesh,Wheat,2023,8,2023-08-01,Achalda APMC,2296.75,achalda,Auraiya
Uttar Pradesh,Wheat,2023,8,2023-08-01,Achnera APMC,2318.37,achnera,Agra
Uttar Pradesh,Wheat,2023,8,2023-08-01,Agra APMC,2342.28,agra,Agra
Uttar Pradesh,Wheat,2023,8,2023-08-01,Ahirora APMC,2312.0,ahirora,Mirzapur
Uttar Pradesh,Wheat,2023,8,2023-08-01,Ait APMC,2338.27,ait,Jalaun
Uttar Pradesh,Wheat,2023,8,2023-08-01,Ajuha APMC,2294.34,ajuha,Prayagraj
Uttar Pradesh,Wheat,2023,8,2023-08-01,Akbarpur APMC,2287.86,akbarpur,Ambedkarnagar
Uttar Pradesh,Wheat,2023,8,2023-08-01,Aliganj APMC,2158.87,aliganj,Etah
Uttar Pradesh,Wheat,2023,8,2023-08-01,Aligarh APMC,2257.8,aligarh,Aligarh
Uttar Pradesh,Wheat,2023,8,2023-08-01,Amroha APMC,2339.71,amroha,Amroha
Uttar Pradesh,Wheat,2023,8,2023-08-01,Anandnagar APMC,2251.16,anandnagar,Mahrajganj
Uttar Pradesh,Wheat,2023,8,2023-08-01,Anoop Shahar APMC,2229.44,anoop shahar,Bulandshahr
Uttar Pradesh,Wheat,2023,8,2023-08-01,Atarra APMC,2214.66,atarra,Banda
Uttar Pradesh,Wheat,2023,8,2023-08-01,Atrauli APMC,2162.75,atrauli,Aligarh
Uttar Pradesh,Wheat,2023,8,2023-08-01,Auraiya APMC,2302.35,auraiya,Auraiya
Uttar Pradesh,Wheat,2023,8,2023-08-01,Ayodhya APMC,2281.7,ayodhya,Ayodhya
Uttar Pradesh,Wheat,2023,8,2023-08-01,Azamgarh APMC,2299.69,azamgarh,Azamgarh
Uttar Pradesh,Wheat,2023,8,2023-08-01,Baberu APMC,2221.59,baberu,Banda
Uttar Pradesh,Wheat,2023,8,2023-08-01,Babrala APMC,2265.4,babrala,Budaun
Uttar Pradesh,Wheat,2023,8,2023-08-01,Bachranwa APMC,2351.34,bachranwa,Rae Bareli
Uttar Pradesh,Wheat,2023,8,2023-08-01,Badayoun APMC,2346.35,badayoun,Budaun
Uttar Pradesh,Wheat,2023,8,2023-08-01,Badda APMC,2316.94,badda,Shahjahanpur
Uttar Pradesh,Wheat,2023,8,2023-08-01,Bahraich APMC,2323.7,bahraich,Bahraich
Uttar Pradesh,Wheat,2023,8,2023-08-01,Ballia APMC,2291.86,ballia,Ballia
Uttar Pradesh,Wheat,2023,8,2023-08-01,Balrampur APMC,2310.39,balrampur,Balrampur
Uttar Pradesh,Wheat,2023,8,2023-08-01,Banda APMC,2247.49,banda,Banda
Uttar Pradesh,Wheat,2023,8,2023-08-01,Bangarmau APMC,2290.22,bangarmau,Unnao
Uttar Pradesh,Wheat,2023,8,2023-08-01,Bansi APMC,2270.0,bansi,Siddharthnagar
Uttar Pradesh,Wheat,2023,8,2023-08-01,Barabanki APMC,2331.26,barabanki,Bara Banki
Uttar Pradesh,Wheat,2023,8,2023-08-01,Bareilly APMC,2352.09,bareilly,Bareilly
Uttar Pradesh,Wheat,2023,8,2023-08-01,Barhaj APMC,,barhaj,Deoria
Uttar Pradesh,Wheat,2023,8,2023-08-01,Baripaal APMC,2208.6,baripaal,Jaunpur
Uttar Pradesh,Wheat,2023,8,2023-08-01,Basti APMC,2276.75,basti,Basti
Uttar Pradesh,Wheat,2023,8,2023-08-01,Bewar APMC,2199.42,bewar,Mainpuri
Uttar Pradesh,Wheat,2023,8,2023-08-01,Bharthna APMC,2261.14,bharthna,Etawah
Uttar Pradesh,Wheat,2023,8,2023-08-01,Bharuasumerpur APMC,2278.19,bharuasumerpur,Hamirpur
Uttar Pradesh,Wheat,2023,8,2023-08-01,Bharwari APMC,2265.93,bharwari,Kaushambi
Uttar Pradesh,Wheat,2023,8,2023-08-01,Bhehjoi APMC,2221.57,bhehjoi,Sambhal
Uttar Pradesh,Wheat,2023,8,2023-08-01,Bijnaur APMC,2341.28,bijnaur,Bijnor
Uttar Pradesh,Wheat,2023,8,2023-08-01,Bilsi APMC,323.59,bilsi,Budaun
Uttar Pradesh,Wheat,2023,8,2023-08-01,Bindki APMC,2312.41,bindki,Fatehpur
Uttar Pradesh,Wheat,2023,8,2023-08-01,Bishalpur APMC,2347.78,bishalpur,Pilibhit
Uttar Pradesh,Wheat,2023,8,2023-08-01,Bisoli APMC,2223.69,bisoli,Badaun
Uttar Pradesh,Wheat,2023,8,2023-08-01,Buland Shahr APMC,2242.21,buland shahr,Bulandshahr
Uttar Pradesh,Wheat,2023,8,2023-08-01,Chandausi APMC,2259.55,chandausi,Sambhal
Uttar Pradesh,Wheat,2023,8,2023-08-01,Chandoli APMC,2317.34,chandoli,Chandauli
Uttar Pradesh,Wheat,2023,8,2023-08-01,Charkhari APMC,2244.31,charkhari,Mahoba
Uttar Pradesh,Wheat,2023,8,2023-08-01,Charra APMC,2249.66,charra,Aligarh
Uttar Pradesh,Wheat,2023,8,2023-08-01,Chhibramau APMC,2212.67,chhibramau,Kannauj
Uttar Pradesh,Wheat,2023,8,2023-08-01,Chirgaon APMC,2333.12,chirgaon,Jhansi
Uttar Pradesh,Wheat,2023,8,2023-08-01,Chorichora APMC,2265.8,chorichora,Gorakhpur
Uttar Pradesh,Wheat,2023,8,2023-08-01,Choubepur APMC,2365.48,choubepur,Jaunpur
Uttar Pradesh,Wheat,2023,8,2023-08-01,Colonelganj APMC,,colonelganj,Gonda
Uttar Pradesh,Wheat,2023,8,2023-08-01,DADRI APMC,2279.68,dadri,Gautam Buddha Nagar
Uttar Pradesh,Wheat,2023,8,2023-08-01,Dankaur APMC,,dankaur,Gautam Buddha Nagar
Uttar Pradesh,Wheat,2023,8,2023-08-01,Dataganj APMC,2180.0,dataganj,Badaun
Uttar Pradesh,Wheat,2023,8,2023-08-01,Devariya APMC,2264.22,devariya,Deoria
Uttar Pradesh,Wheat,2023,8,2023-08-01,Dhanaura APMC,2130.69,dhanaura,Amroha
Uttar Pradesh,Wheat,2023,8,2023-08-01,Dibiapur APMC,2248.12,dibiapur,Auraiya
Uttar Pradesh,Wheat,2023,8,2023-08-01,Divai APMC,2182.26,divai,Bulandshahar
Uttar Pradesh,Wheat,2023,8,2023-08-01,Doharighat APMC,2330.0,doharighat,Azamgarh
Uttar Pradesh,Wheat,2023,8,2023-08-01,Etah APMC,2223.65,etah,Etah
Uttar Pradesh,Wheat,2023,8,2023-08-01,Etawah APMC,2294.35,etawah,Etawah
Uttar Pradesh,Wheat,2023,8,2023-08-01,Farukhabad APMC,2323.02,farukhabad,Farrukhabad
Uttar Pradesh,Wheat,2023,8,2023-08-01,Fatehabad APMC,,fatehabad,Agra
Uttar Pradesh,Wheat,2023,8,2023-08-01,Fatehpur APMC,2282.75,fatehpur,Fatehpur
Uttar Pradesh,Wheat,2023,8,2023-08-01,Fatehpur Sikri APMC,2264.45,fatehpur sikri,Agra
Uttar Pradesh,Wheat,2023,8,2023-08-01,Firozabad APMC,2316.08,firozabad,Firozabad
Uttar Pradesh,Wheat,2023,8,2023-08-01,Gazipur APMC,2319.23,gazipur,Azamgarh
Uttar Pradesh,Wheat,2023,8,2023-08-01,Ghaziabad APMC,2277.9,ghaziabad,Ghaziabad
Uttar Pradesh,Wheat,2023,8,2023-08-01,Ghiraur APMC,2191.6,ghiraur,Mainpuri
Uttar Pradesh,Wheat,2023,8,2023-08-01,Golagokarnath APMC,2304.67,golagokarnath,Lalitpur
Uttar Pradesh,Wheat,2023,8,2023-08-01,Gonda APMC,2338.01,gonda,Gonda
Uttar Pradesh,Wheat,2023,8,2023-08-01,Gopiganj APMC,2253.09,gopiganj,Bhadohi
Uttar Pradesh,Wheat,2023,8,2023-08-01,Gorakhpur APMC,2264.94,gorakhpur,Gorakhpur
Uttar Pradesh,Wheat,2023,8,2023-08-01,Gurusarai APMC,2343.41,gurusarai,Jhansi
Uttar Pradesh,Wheat,2023,8,2023-08-01,Haathras APMC,2233.5,haathras,Hathras
Uttar Pradesh,Wheat,2023,8,2023-08-01,Haldaur APMC,,haldaur,Bijnor
Uttar Pradesh,Wheat,2023,8,2023-08-01,Hamirpur APMC,,hamirpur,Hamirpur
Uttar Pradesh,Wheat,2023,8,2023-08-01,Hapur APMC,2271.09,hapur,Ghaziabad
Uttar Pradesh,Wheat,2023,8,2023-08-01,Hardoi APMC,2299.51,hardoi,Hardoi
Uttar Pradesh,Wheat,2023,8,2023-08-01,Hargaon (Laharpur) APMC,2211.31,hargaon (laharpur),Sitapur
Uttar Pradesh,Wheat,2023,8,2023-08-01,Jafarganj APMC,2273.58,jafarganj,Amethi
Uttar Pradesh,Wheat,2023,8,2023-08-01,Jagnair APMC,2201.59,jagnair,Agra
Uttar Pradesh,Wheat,2023,8,2023-08-01,Jahanabad APMC,2272.31,jahanabad,Fatehpur
Uttar Pradesh,Wheat,2023,8,2023-08-01,Jahangirabad APMC,2273.95,jahangirabad,Bulandshahar
Uttar Pradesh,Wheat,2023,8,2023-08-01,Jalaun APMC,2205.29,jalaun,Jalaun
Uttar Pradesh,Wheat,2023,8,2023-08-01,Jangipura APMC,2310.0,jangipura,Ghazipur
Uttar Pradesh,Wheat,2023,8,2023-08-01,Jasra APMC,2272.4,jasra,Prayagraj
Uttar Pradesh,Wheat,2023,8,2023-08-01,Jaunpur APMC,2315.48,jaunpur,Jaunpur
Uttar Pradesh,Wheat,2023,8,2023-08-01,Jayas APMC,2269.05,jayas,Rae Bareli
Uttar Pradesh,Wheat,2023,8,2023-08-01,Jhansi APMC,2351.71,jhansi,Jhansi
Uttar Pradesh,Wheat,2023,8,2023-08-01,Jhijhank APMC,2303.52,jhijhank,Kanpur Dehat
Uttar Pradesh,Wheat,2023,8,2023-08-01,Kalpi APMC,,kalpi,Jalaun
Uttar Pradesh,Wheat,2023,8,2023-08-01,Kannauj APMC,2288.26,kannauj,Kannauj
Uttar Pradesh,Wheat,2023,8,2023-08-01,Kanpur(Grain) APMC,2351.55,kanpur(grain),Jaunpur
Uttar Pradesh,Wheat,2023,8,2023-08-01,Karvi APMC,2242.24,karvi,Chitrakoot
Uttar Pradesh,Wheat,2023,8,2023-08-01,Kasganj APMC,2252.77,kasganj,Kasganj
Uttar Pradesh,Wheat,2023,8,2023-08-01,Kayamganj APMC,2299.72,kayamganj,Farrukhabad
Uttar Pradesh,Wheat,2023,8,2023-08-01,Khaga APMC,2294.04,khaga,Fatehpur
Uttar Pradesh,Wheat,2023,8,2023-08-01,Khair APMC,2257.59,khair,Aligarh
Uttar Pradesh,Wheat,2023,8,2023-08-01,Khairagarh APMC,2275.0,khairagarh,Agra
Uttar Pradesh,Wheat,2023,8,2023-08-01,Khatauli APMC,2200.0,khatauli,Muzaffarnagar
Uttar Pradesh,Wheat,2023,8,2023-08-01,Khurja APMC,2261.77,khurja,Bulandshahr
Uttar Pradesh,Wheat,2023,8,2023-08-01,Kishunpur APMC,2243.06,kishunpur,Bahraich
Uttar Pradesh,Wheat,2023,8,2023-08-01,Konch APMC,2243.36,konch,Jalaun
Uttar Pradesh,Wheat,2023,8,2023-08-01,Kopaganj APMC,,kopaganj,
Uttar Pradesh,Wheat,2023,8,2023-08-01,Kosikalan APMC,2287.44,kosikalan,Mathura
Uttar Pradesh,Wheat,2023,8,2023-08-01,Kurara APMC,2100.0,kurara,Hamirpur
Uttar Pradesh,Wheat,2023,8,2023-08-01,Lakhimpur APMC,2312.1,lakhimpur,Lalitpur
Uttar Pradesh,Wheat,2023,8,2023-08-01,Lalganj APMC,2273.4,lalganj,Rae Bareli
Uttar Pradesh,Wheat,2023,8,2023-08-01,Lalitpur APMC,2371.91,lalitpur,Lalitpur
Uttar Pradesh,Wheat,2023,8,2023-08-01,Lucknow APMC,2339.83,lucknow,Lucknow
Uttar Pradesh,Wheat,2023,8,2023-08-01,Madhoganj APMC,2292.84,madhoganj,Hardoi
Uttar Pradesh,Wheat,2023,8,2023-08-01,Madhogarh APMC,2231.94,madhogarh,Jalaun
Uttar Pradesh,Wheat,2023,8,2023-08-01,Mahoba APMC,2236.6,mahoba,Mahoba
Uttar Pradesh,Wheat,2023,8,2023-08-01,Maigalganj APMC,2260.37,maigalganj,Gorakhpur
Uttar Pradesh,Wheat,2023,8,2023-08-01,Mainpuri APMC,2192.9,mainpuri,Mainpuri
Uttar Pradesh,Wheat,2023,8,2023-08-01,Mathura APMC,2297.62,mathura,Mathura
Uttar Pradesh,Wheat,2023,8,2023-08-01,Mau(Chitrakut) APMC,,mau(chitrakut),Chitrakut
Uttar Pradesh,Wheat,2023,8,2023-08-01,Maudaha APMC,2263.97,maudaha,Hamirpur
Uttar Pradesh,Wheat,2023,8,2023-08-01,Mauranipur APMC,2344.97,mauranipur,Jhansi
Uttar Pradesh,Wheat,2023,8,2023-08-01,Mawana APMC,2308.5,mawana,Meerut
Uttar Pradesh,Wheat,2023,8,2023-08-01,Meerut APMC,2291.26,meerut,Meerut
Uttar Pradesh,Wheat,2023,8,2023-08-01,Mehrauni APMC,2200.0,mehrauni,Lalitpur
Uttar Pradesh,Wheat,2023,8,2023-08-01,Milak APMC,2356.42,milak,Rampur
Uttar Pradesh,Wheat,2023,8,2023-08-01,Mirzapur APMC,2315.53,mirzapur,Mirzapur
Uttar Pradesh,Wheat,2023,8,2023-08-01,Mohamadabad APMC,2326.67,mohamadabad,Farrukhabad
Uttar Pradesh,Wheat,2023,8,2023-08-01,Mohammdi APMC,2309.38,mohammdi,Kheri
Uttar Pradesh,Wheat,2023,8,2023-08-01,Moth APMC,2341.21,moth,Jhansi
Uttar Pradesh,Wheat,2023,8,2023-08-01,Mugrabaadshahpur APMC,2320.88,mugrabaadshahpur,Jaunpur
Uttar Pradesh,Wheat,2023,8,2023-08-01,Muradabad APMC,2346.52,muradabad,Sambhal
Uttar Pradesh,Wheat,2023,8,2023-08-01,Muradnagar APMC,2300.0,muradnagar,Ghaziabad
Uttar Pradesh,Wheat,2023,8,2023-08-01,Muskara APMC,2232.3,muskara,Mahoba
Uttar Pradesh,Wheat,2023,8,2023-08-01,Muzzafarnagar APMC,2296.09,muzzafarnagar,Muzaffarnagar
Uttar Pradesh,Wheat,2023,8,2023-08-01,Naanpara APMC,2320.93,naanpara,Bahraich
Uttar Pradesh,Wheat,2023,8,2023-08-01,Najibabad APMC,,najibabad,Bijnor
Uttar Pradesh,Wheat,2023,8,2023-08-01,Naugarh APMC,2250.38,naugarh,Siddharthnagar
Uttar Pradesh,Wheat,2023,8,2023-08-01,Nautnava APMC,2195.0,nautnava,Maharajganj
Uttar Pradesh,Wheat,2023,8,2023-08-01,Nawabganj APMC,2314.22,nawabganj,Gonda
Uttar Pradesh,Wheat,2023,8,2023-08-01,Noida APMC,2279.74,noida,Gautam Buddha Nagar
Uttar Pradesh,Wheat,2023,8,2023-08-01,Orai APMC,2272.15,orai,Jalaun
Uttar Pradesh,Wheat,2023,8,2023-08-01,Paliakala APMC,2230.59,paliakala,Kheri
Uttar Pradesh,Wheat,2023,8,2023-08-01,Panchpedwa APMC,,panchpedwa,Balrampur
Uttar Pradesh,Wheat,2023,8,2023-08-01,Partaval APMC,2275.09,partaval,Mahrajganj
Uttar Pradesh,Wheat,2023,8,2023-08-01,Pilibhit APMC,2382.28,pilibhit,Pilibhit
Uttar Pradesh,Wheat,2023,8,2023-08-01,Powayan APMC,2329.28,powayan,Shahjahanpur
Uttar Pradesh,Wheat,2023,8,2023-08-01,Pratapgarh APMC,2307.14,pratapgarh,Pratapgarh
Uttar Pradesh,Wheat,2023,8,2023-08-01,Prayagraj APMC,2329.8,prayagraj,Prayagraj
Uttar Pradesh,Wheat,2023,8,2023-08-01,Pukharayan APMC,2252.62,pukharayan,Kanpur Dehat
Uttar Pradesh,Wheat,2023,8,2023-08-01,Puranpur APMC,2379.65,puranpur,Pilibhit
Uttar Pradesh,Wheat,2023,8,2023-08-01,Purwa APMC,2292.57,purwa,Unnao
Uttar Pradesh,Wheat,2023,8,2023-08-01,Raath APMC,2248.12,raath,Hamirpur
Uttar Pradesh,Wheat,2023,8,2023-08-01,Raibareilly APMC,2242.43,raibareilly,Rae Bareli
Uttar Pradesh,Wheat,2023,8,2023-08-01,Rampur APMC,2352.17,rampur,Rampur
Uttar Pradesh,Wheat,2023,8,2023-08-01,Rasda APMC,2281.6,rasda,Ballia
Uttar Pradesh,Wheat,2023,8,2023-08-01,Richha APMC,,richha,Bareilly
Uttar Pradesh,Wheat,2023,8,2023-08-01,Robertsganj APMC,2300.87,robertsganj,Sonbhadra
Uttar Pradesh,Wheat,2023,8,2023-08-01,Rura APMC,2210.18,rura,Kanpur Dehat
Uttar Pradesh,Wheat,2023,8,2023-08-01,Safdarganj APMC,2328.31,safdarganj,Barabanki
Uttar Pradesh,Wheat,2023,8,2023-08-01,Saharanpur APMC,2294.1,saharanpur,Saharanpur
Uttar Pradesh,Wheat,2023,8,2023-08-01,Sahiyapur APMC,2261.05,sahiyapur,Siddharthnagar
Uttar Pradesh,Wheat,2023,8,2023-08-01,Salon APMC,2193.42,salon,Rae Bareli
Uttar Pradesh,Wheat,2023,8,2023-08-01,Samsabad APMC,2280.0,samsabad,Agra
Uttar Pradesh,Wheat,2023,8,2023-08-01,Sandi APMC,2230.52,sandi,Hardoi
Uttar Pradesh,Wheat,2023,8,2023-08-01,Sandila APMC,2286.87,sandila,Hardoi
Uttar Pradesh,Wheat,2023,8,2023-08-01,Sehjanwa APMC,,sehjanwa,Gorakhpur
Uttar Pradesh,Wheat,2023,8,2023-08-01,Shahabad APMC,2155.26,shahabad,Hardoi
Uttar Pradesh,Wheat,2023,8,2023-08-01,Shahabad(New Mandi) APMC,2288.56,shahabad(new mandi),Hardoi
Uttar Pradesh,Wheat,2023,8,2023-08-01,Shahaswan APMC,2250.0,shahaswan,Badaun
Uttar Pradesh,Wheat,2023,8,2023-08-01,Shahganj APMC,2282.11,shahganj,Jaunpur
Uttar Pradesh,Wheat,2023,8,2023-08-01,Shahjahanpur APMC,2325.07,shahjahanpur,Shahjahanpur
Uttar Pradesh,Wheat,2023,8,2023-08-01,Shahpur APMC,2202.88,shahpur,Muzaffarnagar
Uttar Pradesh,Wheat,2023,8,2023-08-01,Shamli APMC,2296.38,shamli,Shamli
Uttar Pradesh,Wheat,2023,8,2023-08-01,Shikohabad APMC,2325.0,shikohabad,Firozabad
Uttar Pradesh,Wheat,2023,8,2023-08-01,Sikandraraau APMC,2155.34,sikandraraau,Hathras
Uttar Pradesh,Wheat,2023,8,2023-08-01,Sikarpur APMC,2250.0,sikarpur,Bulandshahar
Uttar Pradesh,Wheat,2023,8,2023-08-01,Sirsa APMC,,sirsa,Gautam Buddha Nagar
Uttar Pradesh,Wheat,2023,8,2023-08-01,Sirsaganj APMC,2316.12,sirsaganj,Firozabad
Uttar Pradesh,Wheat,2023,8,2023-08-01,Sitapur APMC,2316.55,sitapur,Sitapur
Uttar Pradesh,Wheat,2023,8,2023-08-01,Siyana APMC,2280.68,siyana,Bulandshahar
Uttar Pradesh,Wheat,2023,8,2023-08-01,Sultanpur APMC,2271.09,sultanpur,Amethi
Uttar Pradesh,Wheat,2023,8,2023-08-01,Tamkuhi road APMC,2260.0,tamkuhi road,Kushinagar
Uttar Pradesh,Wheat,2023,8,2023-08-01,Thanabhawan APMC,2550.0,thanabhawan,Shamli
Uttar Pradesh,Wheat,2023,8,2023-08-01,Tikonia APMC,2164.65,tikonia,Kheri
Uttar Pradesh,Wheat,2023,8,2023-08-01,Tulsipur APMC,2290.53,tulsipur,Balrampur
Uttar Pradesh,Wheat,2023,8,2023-08-01,Tundla APMC,2309.05,tundla,Firozabad
Uttar Pradesh,Wheat,2023,8,2023-08-01,Ujhani APMC,2298.28,ujhani,Budaun
Uttar Pradesh,Wheat,2023,8,2023-08-01,Unnao APMC,2300.15,unnao,Unnao
Uttar Pradesh,Wheat,2023,8,2023-08-01,Uttaripura APMC,2292.99,uttaripura,Jaunpur
Uttar Pradesh,Wheat,2023,8,2023-08-01,Varanasi APMC,2326.46,varanasi,Varanasi
Uttar Pradesh,Wheat,2023,8,2023-08-01,Viswan APMC,2286.19,viswan,Sitapur
Uttar Pradesh,Wheat,2023,8,2023-08-01,Wazirganj APMC,2313.69,wazirganj,Budaun
Uttar Pradesh,Wheat,2023,8,2023-08-01,Yusufpur APMC,,yusufpur,Ghazipur
Uttar Pradesh,Wheat,2023,9,2023-09-01,Achalda APMC,2331.64,achalda,Auraiya
Uttar Pradesh,Wheat,2023,9,2023-09-01,Achnera APMC,2353.31,achnera,Agra
Uttar Pradesh,Wheat,2023,9,2023-09-01,Agra APMC,2356.05,agra,Agra
Uttar Pradesh,Wheat,2023,9,2023-09-01,Ahirora APMC,2334.18,ahirora,Mirzapur
Uttar Pradesh,Wheat,2023,9,2023-09-01,Ait APMC,2387.33,ait,Jalaun
Uttar Pradesh,Wheat,2023,9,2023-09-01,Ajuha APMC,2311.87,ajuha,Prayagraj
Uttar Pradesh,Wheat,2023,9,2023-09-01,Akbarpur APMC,2289.37,akbarpur,Ambedkarnagar
Uttar Pradesh,Wheat,2023,9,2023-09-01,Aliganj APMC,2189.31,aliganj,Etah
Uttar Pradesh,Wheat,2023,9,2023-09-01,Aligarh APMC,2310.54,aligarh,Aligarh
Uttar Pradesh,Wheat,2023,9,2023-09-01,Amroha APMC,2309.1,amroha,Amroha
Uttar Pradesh,Wheat,2023,9,2023-09-01,Anandnagar APMC,2292.23,anandnagar,Mahrajganj
Uttar Pradesh,Wheat,2023,9,2023-09-01,Anoop Shahar APMC,2260.0,anoop shahar,Bulandshahr
Uttar Pradesh,Wheat,2023,9,2023-09-01,Atarra APMC,2239.69,atarra,Banda
Uttar Pradesh,Wheat,2023,9,2023-09-01,Atrauli APMC,2194.06,atrauli,Aligarh
Uttar Pradesh,Wheat,2023,9,2023-09-01,Auraiya APMC,2340.83,auraiya,Auraiya
Uttar Pradesh,Wheat,2023,9,2023-09-01,Ayodhya APMC,2286.86,ayodhya,Ayodhya
Uttar Pradesh,Wheat,2023,9,2023-09-01,Azamgarh APMC,2340.77,azamgarh,Azamgarh
Uttar Pradesh,Wheat,2023,9,2023-09-01,Baberu APMC,2279.35,baberu,Banda
Uttar Pradesh,Wheat,2023,9,2023-09-01,Babrala APMC,2275.39,babrala,Budaun
Uttar Pradesh,Wheat,2023,9,2023-09-01,Bachranwa APMC,2304.12,bachranwa,Rae Bareli
Uttar Pradesh,Wheat,2023,9,2023-09-01,Badayoun APMC,2362.26,badayoun,Budaun
Uttar Pradesh,Wheat,2023,9,2023-09-01,Badda APMC,,badda,Shahjahanpur
Uttar Pradesh,Wheat,2023,9,2023-09-01,Bahraich APMC,2359.17,bahraich,Bahraich
Uttar Pradesh,Wheat,2023,9,2023-09-01,Ballia APMC,2336.51,ballia,Ballia
Uttar Pradesh,Wheat,2023,9,2023-09-01,Balrampur APMC,2358.68,balrampur,Balrampur
Uttar Pradesh,Wheat,2023,9,2023-09-01,Banda APMC,2302.74,banda,Banda
Uttar Pradesh,Wheat,2023,9,2023-09-01,Bangarmau APMC,2304.19,bangarmau,Unnao
Uttar Pradesh,Wheat,2023,9,2023-09-01,Bansi APMC,2325.0,bansi,Siddharthnagar
Uttar Pradesh,Wheat,2023,9,2023-09-01,Barabanki APMC,2384.25,barabanki,Bara Banki
Uttar Pradesh,Wheat,2023,9,2023-09-01,Bareilly APMC,2354.2,bareilly,Bareilly
Uttar Pradesh,Wheat,2023,9,2023-09-01,Barhaj APMC,,barhaj,Deoria
Uttar Pradesh,Wheat,2023,9,2023-09-01,Baripaal APMC,2252.45,baripaal,Jaunpur
Uttar Pradesh,Wheat,2023,9,2023-09-01,Basti APMC,2314.61,basti,Basti
Uttar Pradesh,Wheat,2023,9,2023-09-01,Bewar APMC,2195.55,bewar,Mainpuri
Uttar Pradesh,Wheat,2023,9,2023-09-01,Bharthna APMC,2290.48,bharthna,Etawah
Uttar Pradesh,Wheat,2023,9,2023-09-01,Bharuasumerpur APMC,2328.37,bharuasumerpur,Hamirpur
Uttar Pradesh,Wheat,2023,9,2023-09-01,Bharwari APMC,2323.43,bharwari,Kaushambi
Uttar Pradesh,Wheat,2023,9,2023-09-01,Bhehjoi APMC,2210.0,bhehjoi,Sambhal
Uttar Pradesh,Wheat,2023,9,2023-09-01,Bijnaur APMC,2314.91,bijnaur,Bijnor
Uttar Pradesh,Wheat,2023,9,2023-09-01,Bilsi APMC,,bilsi,Budaun
Uttar Pradesh,Wheat,2023,9,2023-09-01,Bindki APMC,2359.69,bindki,Fatehpur
Uttar Pradesh,Wheat,2023,9,2023-09-01,Bishalpur APMC,2365.36,bishalpur,Pilibhit
Uttar Pradesh,Wheat,2023,9,2023-09-01,Bisoli APMC,2299.23,bisoli,Badaun
Uttar Pradesh,Wheat,2023,9,2023-09-01,Buland Shahr APMC,2294.35,buland shahr,Bulandshahr
Uttar Pradesh,Wheat,2023,9,2023-09-01,Chandausi APMC,2294.74,chandausi,Sambhal
Uttar Pradesh,Wheat,2023,9,2023-09-01,Chandoli APMC,2339.02,chandoli,Chandauli
Uttar Pradesh,Wheat,2023,9,2023-09-01,Charkhari APMC,2246.38,charkhari,Mahoba
Uttar Pradesh,Wheat,2023,9,2023-09-01,Charra APMC,2290.07,charra,Aligarh
Uttar Pradesh,Wheat,2023,9,2023-09-01,Chhibramau APMC,2204.66,chhibramau,Kannauj
Uttar Pradesh,Wheat,2023,9,2023-09-01,Chirgaon APMC,2378.65,chirgaon,Jhansi
Uttar Pradesh,Wheat,2023,9,2023-09-01,Chorichora APMC,2321.85,chorichora,Gorakhpur
Uttar Pradesh,Wheat,2023,9,2023-09-01,Choubepur APMC,2356.42,choubepur,Jaunpur
Uttar Pradesh,Wheat,2023,9,2023-09-01,Colonelganj APMC,,colonelganj,Gonda
Uttar Pradesh,Wheat,2023,9,2023-09-01,DADRI APMC,2293.66,dadri,Gautam Buddha Nagar
Uttar Pradesh,Wheat,2023,9,2023-09-01,Dankaur APMC,,dankaur,Gautam Buddha Nagar
Uttar Pradesh,Wheat,2023,9,2023-09-01,Dataganj APMC,2276.63,dataganj,Badaun
Uttar Pradesh,Wheat,2023,9,2023-09-01,Devariya APMC,2313.03,devariya,Deoria
Uttar Pradesh,Wheat,2023,9,2023-09-01,Dhanaura APMC,2132.0,dhanaura,Amroha
Uttar Pradesh,Wheat,2023,9,2023-09-01,Dibiapur APMC,2251.38,dibiapur,Auraiya
Uttar Pradesh,Wheat,2023,9,2023-09-01,Divai APMC,2194.44,divai,Bulandshahar
Uttar Pradesh,Wheat,2023,9,2023-09-01,Doharighat APMC,2365.0,doharighat,Azamgarh
Uttar Pradesh,Wheat,2023,9,2023-09-01,Etah APMC,2228.66,etah,Etah
Uttar Pradesh,Wheat,2023,9,2023-09-01,Etawah APMC,2319.94,etawah,Etawah
Uttar Pradesh,Wheat,2023,9,2023-09-01,Farukhabad APMC,2312.66,farukhabad,Farrukhabad
Uttar Pradesh,Wheat,2023,9,2023-09-01,Fatehabad APMC,,fatehabad,Agra
Uttar Pradesh,Wheat,2023,9,2023-09-01,Fatehpur APMC,2322.07,fatehpur,Fatehpur
Uttar Pradesh,Wheat,2023,9,2023-09-01,Fatehpur Sikri APMC,2323.33,fatehpur sikri,Agra
Uttar Pradesh,Wheat,2023,9,2023-09-01,Firozabad APMC,2349.42,firozabad,Firozabad
Uttar Pradesh,Wheat,2023,9,2023-09-01,Gazipur APMC,2403.76,gazipur,Azamgarh
Uttar Pradesh,Wheat,2023,9,2023-09-01,Ghaziabad APMC,2305.75,ghaziabad,Ghaziabad
Uttar Pradesh,Wheat,2023,9,2023-09-01,Ghiraur APMC,2221.45,ghiraur,Mainpuri
Uttar Pradesh,Wheat,2023,9,2023-09-01,Golagokarnath APMC,2323.8,golagokarnath,Lalitpur
Uttar Pradesh,Wheat,2023,9,2023-09-01,Gonda APMC,2373.49,gonda,Gonda
Uttar Pradesh,Wheat,2023,9,2023-09-01,Gopiganj APMC,2309.72,gopiganj,Bhadohi
Uttar Pradesh,Wheat,2023,9,2023-09-01,Gorakhpur APMC,2313.03,gorakhpur,Gorakhpur
Uttar Pradesh,Wheat,2023,9,2023-09-01,Gurusarai APMC,2360.49,gurusarai,Jhansi
Uttar Pradesh,Wheat,2023,9,2023-09-01,Haathras APMC,2258.47,haathras,Hathras
Uttar Pradesh,Wheat,2023,9,2023-09-01,Hapur APMC,2332.24,hapur,Ghaziabad
Uttar Pradesh,Wheat,2023,9,2023-09-01,Hardoi APMC,2314.47,hardoi,Hardoi
Uttar Pradesh,Wheat,2023,9,2023-09-01,Hargaon (Laharpur) APMC,2220.96,hargaon (laharpur),Sitapur
Uttar Pradesh,Wheat,2023,9,2023-09-01,Jafarganj APMC,2295.62,jafarganj,Amethi
Uttar Pradesh,Wheat,2023,9,2023-09-01,Jagnair APMC,2225.13,jagnair,Agra
Uttar Pradesh,Wheat,2023,9,2023-09-01,Jahanabad APMC,2230.56,jahanabad,Fatehpur
Uttar Pradesh,Wheat,2023,9,2023-09-01,Jahangirabad APMC,2300.15,jahangirabad,Bulandshahar
Uttar Pradesh,Wheat,2023,9,2023-09-01,Jalaun APMC,2253.13,jalaun,Jalaun
Uttar Pradesh,Wheat,2023,9,2023-09-01,Jamanian APMC,,jamanian,Ghazipur
Uttar Pradesh,Wheat,2023,9,2023-09-01,Jangipura APMC,2350.0,jangipura,Ghazipur
Uttar Pradesh,Wheat,2023,9,2023-09-01,Jasra APMC,2296.88,jasra,Prayagraj
Uttar Pradesh,Wheat,2023,9,2023-09-01,Jaunpur APMC,2343.2,jaunpur,Jaunpur
Uttar Pradesh,Wheat,2023,9,2023-09-01,Jayas APMC,2281.73,jayas,Rae Bareli
Uttar Pradesh,Wheat,2023,9,2023-09-01,Jhansi APMC,2373.11,jhansi,Jhansi
Uttar Pradesh,Wheat,2023,9,2023-09-01,Jhijhank APMC,2305.83,jhijhank,Kanpur Dehat
Uttar Pradesh,Wheat,2023,9,2023-09-01,Kadaura APMC,,kadaura,Jalaun
Uttar Pradesh,Wheat,2023,9,2023-09-01,Kalpi APMC,,kalpi,Jalaun
Uttar Pradesh,Wheat,2023,9,2023-09-01,Kannauj APMC,2327.52,kannauj,Kannauj
Uttar Pradesh,Wheat,2023,9,2023-09-01,Kanpur(Grain) APMC,2384.97,kanpur(grain),Jaunpur
Uttar Pradesh,Wheat,2023,9,2023-09-01,Karvi APMC,2299.3,karvi,Chitrakoot
Uttar Pradesh,Wheat,2023,9,2023-09-01,Kasganj APMC,2238.85,kasganj,Kasganj
Uttar Pradesh,Wheat,2023,9,2023-09-01,Kayamganj APMC,2324.06,kayamganj,Farrukhabad
Uttar Pradesh,Wheat,2023,9,2023-09-01,Khaga APMC,2331.25,khaga,Fatehpur
Uttar Pradesh,Wheat,2023,9,2023-09-01,Khair APMC,2290.55,khair,Aligarh
Uttar Pradesh,Wheat,2023,9,2023-09-01,Khairagarh APMC,,khairagarh,Agra
Uttar Pradesh,Wheat,2023,9,2023-09-01,Khatauli APMC,,khatauli,Muzaffarnagar
Uttar Pradesh,Wheat,2023,9,2023-09-01,Khurja APMC,2297.95,khurja,Bulandshahr
Uttar Pradesh,Wheat,2023,9,2023-09-01,Kishunpur APMC,2286.13,kishunpur,Bahraich
Uttar Pradesh,Wheat,2023,9,2023-09-01,Konch APMC,2280.4,konch,Jalaun
Uttar Pradesh,Wheat,2023,9,2023-09-01,Kopaganj APMC,2345.51,kopaganj,
Uttar Pradesh,Wheat,2023,9,2023-09-01,Kosikalan APMC,2282.56,kosikalan,Mathura
Uttar Pradesh,Wheat,2023,9,2023-09-01,Kurara APMC,2195.14,kurara,Hamirpur
Uttar Pradesh,Wheat,2023,9,2023-09-01,Lakhimpur APMC,2324.63,lakhimpur,Lalitpur
Uttar Pradesh,Wheat,2023,9,2023-09-01,Lalganj APMC,2297.9,lalganj,Rae Bareli
Uttar Pradesh,Wheat,2023,9,2023-09-01,Lalitpur APMC,2358.03,lalitpur,Lalitpur
Uttar Pradesh,Wheat,2023,9,2023-09-01,Lucknow APMC,2347.02,lucknow,Lucknow
Uttar Pradesh,Wheat,2023,9,2023-09-01,Madhoganj APMC,2314.14,madhoganj,Hardoi
Uttar Pradesh,Wheat,2023,9,2023-09-01,Madhogarh APMC,2279.87,madhogarh,Jalaun
Uttar Pradesh,Wheat,2023,9,2023-09-01,Mahoba APMC,2290.3,mahoba,Mahoba
Uttar Pradesh,Wheat,2023,9,2023-09-01,Maigalganj APMC,,maigalganj,Gorakhpur
Uttar Pradesh,Wheat,2023,9,2023-09-01,Mainpuri APMC,2219.38,mainpuri,Mainpuri
Uttar Pradesh,Wheat,2023,9,2023-09-01,Mathura APMC,2320.89,mathura,Mathura
Uttar Pradesh,Wheat,2023,9,2023-09-01,Mau(Chitrakut) APMC,,mau(chitrakut),Chitrakut
Uttar Pradesh,Wheat,2023,9,2023-09-01,Maudaha APMC,2232.07,maudaha,Hamirpur
Uttar Pradesh,Wheat,2023,9,2023-09-01,Mauranipur APMC,2388.2,mauranipur,Jhansi
Uttar Pradesh,Wheat,2023,9,2023-09-01,Mawana APMC,2299.83,mawana,Meerut
Uttar Pradesh,Wheat,2023,9,2023-09-01,Meerut APMC,2307.78,meerut,Meerut
Uttar Pradesh,Wheat,2023,9,2023-09-01,Mehrauni APMC,2300.0,mehrauni,Lalitpur
Uttar Pradesh,Wheat,2023,9,2023-09-01,Milak APMC,2342.63,milak,Rampur
Uttar Pradesh,Wheat,2023,9,2023-09-01,Mirzapur APMC,2347.03,mirzapur,Mirzapur
Uttar Pradesh,Wheat,2023,9,2023-09-01,Mohamadabad APMC,2323.79,mohamadabad,Farrukhabad
Uttar Pradesh,Wheat,2023,9,2023-09-01,Mohammdi APMC,2316.65,mohammdi,Kheri
Uttar Pradesh,Wheat,2023,9,2023-09-01,Moth APMC,2394.39,moth,Jhansi
Uttar Pradesh,Wheat,2023,9,2023-09-01,Mugrabaadshahpur APMC,2347.43,mugrabaadshahpur,Jaunpur
Uttar Pradesh,Wheat,2023,9,2023-09-01,Muradabad APMC,2308.59,muradabad,Sambhal
Uttar Pradesh,Wheat,2023,9,2023-09-01,Muradnagar APMC,2330.0,muradnagar,Ghaziabad
Uttar Pradesh,Wheat,2023,9,2023-09-01,Muskara APMC,2292.16,muskara,Mahoba
Uttar Pradesh,Wheat,2023,9,2023-09-01,Muzzafarnagar APMC,2316.17,muzzafarnagar,Muzaffarnagar
Uttar Pradesh,Wheat,2023,9,2023-09-01,Naanpara APMC,2357.12,naanpara,Bahraich
Uttar Pradesh,Wheat,2023,9,2023-09-01,Najibabad APMC,,najibabad,Bijnor
Uttar Pradesh,Wheat,2023,9,2023-09-01,Naugarh APMC,2303.94,naugarh,Siddharthnagar
Uttar Pradesh,Wheat,2023,9,2023-09-01,Nautnava APMC,2200.0,nautnava,Maharajganj
Uttar Pradesh,Wheat,2023,9,2023-09-01,Nawabganj APMC,2356.85,nawabganj,Gonda
Uttar Pradesh,Wheat,2023,9,2023-09-01,Noida APMC,2300.13,noida,Gautam Buddha Nagar
Uttar Pradesh,Wheat,2023,9,2023-09-01,Orai APMC,2305.99,orai,Jalaun
Uttar Pradesh,Wheat,2023,9,2023-09-01,Paliakala APMC,2274.94,paliakala,Kheri
Uttar Pradesh,Wheat,2023,9,2023-09-01,Panchpedwa APMC,,panchpedwa,Balrampur
Uttar Pradesh,Wheat,2023,9,2023-09-01,Partaval APMC,2288.46,partaval,Mahrajganj
Uttar Pradesh,Wheat,2023,9,2023-09-01,Pilibhit APMC,2377.14,pilibhit,Pilibhit
Uttar Pradesh,Wheat,2023,9,2023-09-01,Powayan APMC,2355.32,powayan,Shahjahanpur
Uttar Pradesh,Wheat,2023,9,2023-09-01,Pratapgarh APMC,2344.77,pratapgarh,Pratapgarh
Uttar Pradesh,Wheat,2023,9,2023-09-01,Prayagraj APMC,2304.53,prayagraj,Prayagraj
Uttar Pradesh,Wheat,2023,9,2023-09-01,Pukharayan APMC,2356.1,pukharayan,Kanpur Dehat
Uttar Pradesh,Wheat,2023,9,2023-09-01,Puranpur APMC,2372.3,puranpur,Pilibhit
Uttar Pradesh,Wheat,2023,9,2023-09-01,Purwa APMC,2307.39,purwa,Unnao
Uttar Pradesh,Wheat,2023,9,2023-09-01,Raath APMC,2302.19,raath,Hamirpur
Uttar Pradesh,Wheat,2023,9,2023-09-01,Raibareilly APMC,2284.65,raibareilly,Rae Bareli
Uttar Pradesh,Wheat,2023,9,2023-09-01,Rampur APMC,2342.17,rampur,Rampur
Uttar Pradesh,Wheat,2023,9,2023-09-01,Rasda APMC,2322.02,rasda,Ballia
Uttar Pradesh,Wheat,2023,9,2023-09-01,Richha APMC,,richha,Bareilly
Uttar Pradesh,Wheat,2023,9,2023-09-01,Robertsganj APMC,2324.99,robertsganj,Sonbhadra
Uttar Pradesh,Wheat,2023,9,2023-09-01,Rura APMC,2281.67,rura,Kanpur Dehat
Uttar Pradesh,Wheat,2023,9,2023-09-01,Safdarganj APMC,2317.1,safdarganj,Barabanki
Uttar Pradesh,Wheat,2023,9,2023-09-01,Saharanpur APMC,2321.15,saharanpur,Saharanpur
Uttar Pradesh,Wheat,2023,9,2023-09-01,Sahiyapur APMC,2270.14,sahiyapur,Siddharthnagar
Uttar Pradesh,Wheat,2023,9,2023-09-01,Salon APMC,2263.7,salon,Rae Bareli
Uttar Pradesh,Wheat,2023,9,2023-09-01,Samsabad APMC,2341.67,samsabad,Agra
Uttar Pradesh,Wheat,2023,9,2023-09-01,Sandi APMC,2306.52,sandi,Hardoi
Uttar Pradesh,Wheat,2023,9,2023-09-01,Sandila APMC,2311.88,sandila,Hardoi
Uttar Pradesh,Wheat,2023,9,2023-09-01,Sehjanwa APMC,,sehjanwa,Gorakhpur
Uttar Pradesh,Wheat,2023,9,2023-09-01,Shahabad APMC,2250.0,shahabad,Hardoi
Uttar Pradesh,Wheat,2023,9,2023-09-01,Shahabad(New Mandi) APMC,2305.33,shahabad(new mandi),Hardoi
Uttar Pradesh,Wheat,2023,9,2023-09-01,Shahaswan APMC,2346.51,shahaswan,Badaun
Uttar Pradesh,Wheat,2023,9,2023-09-01,Shahganj APMC,2328.93,shahganj,Jaunpur
Uttar Pradesh,Wheat,2023,9,2023-09-01,Shahjahanpur APMC,2335.44,shahjahanpur,Shahjahanpur
Uttar Pradesh,Wheat,2023,9,2023-09-01,Shahpur APMC,2170.68,shahpur,Muzaffarnagar
Uttar Pradesh,Wheat,2023,9,2023-09-01,Shamli APMC,2317.03,shamli,Shamli
Uttar Pradesh,Wheat,2023,9,2023-09-01,Shikohabad APMC,2354.0,shikohabad,Firozabad
Uttar Pradesh,Wheat,2023,9,2023-09-01,Sikandraraau APMC,2247.88,sikandraraau,Hathras
Uttar Pradesh,Wheat,2023,9,2023-09-01,Sikarpur APMC,2262.33,sikarpur,Bulandshahar
Uttar Pradesh,Wheat,2023,9,2023-09-01,Sirsa APMC,,sirsa,Gautam Buddha Nagar
Uttar Pradesh,Wheat,2023,9,2023-09-01,Sirsaganj APMC,2373.02,sirsaganj,Firozabad
Uttar Pradesh,Wheat,2023,9,2023-09-01,Sitapur APMC,2333.83,sitapur,Sitapur
Uttar Pradesh,Wheat,2023,9,2023-09-01,Siyana APMC,2296.71,siyana,Bulandshahar
Uttar Pradesh,Wheat,2023,9,2023-09-01,Sultanpur APMC,2292.71,sultanpur,Amethi
Uttar Pradesh,Wheat,2023,9,2023-09-01,Tamkuhi road APMC,2360.0,tamkuhi road,Kushinagar
Uttar Pradesh,Wheat,2023,9,2023-09-01,Thanabhawan APMC,,thanabhawan,Shamli
Uttar Pradesh,Wheat,2023,9,2023-09-01,Tikonia APMC,2220.35,tikonia,Kheri
Uttar Pradesh,Wheat,2023,9,2023-09-01,Tulsipur APMC,2336.63,tulsipur,Balrampur
Uttar Pradesh,Wheat,2023,9,2023-09-01,Tundla APMC,2381.02,tundla,Firozabad
Uttar Pradesh,Wheat,2023,9,2023-09-01,Ujhani APMC,2364.52,ujhani,Budaun
Uttar Pradesh,Wheat,2023,9,2023-09-01,Unnao APMC,2312.11,unnao,Unnao
Uttar Pradesh,Wheat,2023,9,2023-09-01,Uttaripura APMC,2355.46,uttaripura,Jaunpur
Uttar Pradesh,Wheat,2023,9,2023-09-01,Varanasi APMC,2353.82,varanasi,Varanasi
Uttar Pradesh,Wheat,2023,9,2023-09-01,Viswan APMC,2313.3,viswan,Sitapur
Uttar Pradesh,Wheat,2023,9,2023-09-01,Wazirganj APMC,2355.58,wazirganj,Budaun
Uttar Pradesh,Wheat,2023,9,2023-09-01,Yusufpur APMC,,yusufpur,Ghazipur
Uttar Pradesh,Wheat,2023,10,2023-10-01,Achalda APMC,2384.32,achalda,Auraiya
Uttar Pradesh,Wheat,2023,10,2023-10-01,Achnera APMC,2382.85,achnera,Agra
Uttar Pradesh,Wheat,2023,10,2023-10-01,Agra APMC,2401.86,agra,Agra
Uttar Pradesh,Wheat,2023,10,2023-10-01,Ahirora APMC,2369.38,ahirora,Mirzapur
Uttar Pradesh,Wheat,2023,10,2023-10-01,Ait APMC,2437.75,ait,Jalaun
Uttar Pradesh,Wheat,2023,10,2023-10-01,Ajuha APMC,2331.83,ajuha,Prayagraj
Uttar Pradesh,Wheat,2023,10,2023-10-01,Akbarpur APMC,2320.48,akbarpur,Ambedkarnagar
Uttar Pradesh,Wheat,2023,10,2023-10-01,Aliganj APMC,2320.86,aliganj,Etah
Uttar Pradesh,Wheat,2023,10,2023-10-01,Aligarh APMC,2364.91,aligarh,Aligarh
Uttar Pradesh,Wheat,2023,10,2023-10-01,Amroha APMC,2324.8,amroha,Amroha
Uttar Pradesh,Wheat,2023,10,2023-10-01,Anandnagar APMC,2345.02,anandnagar,Mahrajganj
Uttar Pradesh,Wheat,2023,10,2023-10-01,Anoop Shahar APMC,,anoop shahar,Bulandshahr
Uttar Pradesh,Wheat,2023,10,2023-10-01,Atarra APMC,2295.51,atarra,Banda
Uttar Pradesh,Wheat,2023,10,2023-10-01,Atrauli APMC,2200.0,atrauli,Aligarh
Uttar Pradesh,Wheat,2023,10,2023-10-01,Auraiya APMC,2368.16,auraiya,Auraiya
Uttar Pradesh,Wheat,2023,10,2023-10-01,Ayodhya APMC,2323.81,ayodhya,Ayodhya
Uttar Pradesh,Wheat,2023,10,2023-10-01,Azamgarh APMC,2371.14,azamgarh,Azamgarh
Uttar Pradesh,Wheat,2023,10,2023-10-01,Baberu APMC,2347.51,baberu,Banda
Uttar Pradesh,Wheat,2023,10,2023-10-01,Babrala APMC,2289.63,babrala,Budaun
Uttar Pradesh,Wheat,2023,10,2023-10-01,Bachranwa APMC,2314.01,bachranwa,Rae Bareli
Uttar Pradesh,Wheat,2023,10,2023-10-01,Badayoun APMC,2364.73,badayoun,Budaun
Uttar Pradesh,Wheat,2023,10,2023-10-01,Bahraich APMC,2375.54,bahraich,Bahraich
Uttar Pradesh,Wheat,2023,10,2023-10-01,Ballia APMC,2372.11,ballia,Ballia
Uttar Pradesh,Wheat,2023,10,2023-10-01,Balrampur APMC,2378.75,balrampur,Balrampur
Uttar Pradesh,Wheat,2023,10,2023-10-01,Banda APMC,2329.29,banda,Banda
Uttar Pradesh,Wheat,2023,10,2023-10-01,Bangarmau APMC,2338.52,bangarmau,Unnao
Uttar Pradesh,Wheat,2023,10,2023-10-01,Bansi APMC,2340.0,bansi,Siddharthnagar
Uttar Pradesh,Wheat,2023,10,2023-10-01,Banthara APMC,2409.82,banthara,Lucknow
Uttar Pradesh,Wheat,2023,10,2023-10-01,Barabanki APMC,2300.13,barabanki,Bara Banki
Uttar Pradesh,Wheat,2023,10,2023-10-01,Bareilly APMC,2337.32,bareilly,Bareilly
Uttar Pradesh,Wheat,2023,10,2023-10-01,Barhaj APMC,,barhaj,Deoria
Uttar Pradesh,Wheat,2023,10,2023-10-01,Baripaal APMC,2334.32,baripaal,Jaunpur
Uttar Pradesh,Wheat,2023,10,2023-10-01,Basti APMC,2353.28,basti,Basti
Uttar Pradesh,Wheat,2023,10,2023-10-01,Bewar APMC,2215.41,bewar,Mainpuri
Uttar Pradesh,Wheat,2023,10,2023-10-01,Bharthna APMC,2352.75,bharthna,Etawah
Uttar Pradesh,Wheat,2023,10,2023-10-01,Bharuasumerpur APMC,2388.27,bharuasumerpur,Hamirpur
Uttar Pradesh,Wheat,2023,10,2023-10-01,Bharwari APMC,2327.52,bharwari,Kaushambi
Uttar Pradesh,Wheat,2023,10,2023-10-01,Bhehjoi APMC,,bhehjoi,Sambhal
Uttar Pradesh,Wheat,2023,10,2023-10-01,Bijnaur APMC,2327.51,bijnaur,Bijnor
Uttar Pradesh,Wheat,2023,10,2023-10-01,Bilsi APMC,,bilsi,Budaun
Uttar Pradesh,Wheat,2023,10,2023-10-01,Bindki APMC,2376.75,bindki,Fatehpur
Uttar Pradesh,Wheat,2023,10,2023-10-01,Bishalpur APMC,2376.62,bishalpur,Pilibhit
Uttar Pradesh,Wheat,2023,10,2023-10-01,Bisoli APMC,2342.93,bisoli,Badaun
Uttar Pradesh,Wheat,2023,10,2023-10-01,Buland Shahr APMC,2990.84,buland shahr,Bulandshahr
Uttar Pradesh,Wheat,2023,10,2023-10-01,Chandausi APMC,2340.82,chandausi,Sambhal
Uttar Pradesh,Wheat,2023,10,2023-10-01,Chandoli APMC,2371.77,chandoli,Chandauli
Uttar Pradesh,Wheat,2023,10,2023-10-01,Charkhari APMC,2281.57,charkhari,Mahoba
Uttar Pradesh,Wheat,2023,10,2023-10-01,Charra APMC,2350.93,charra,Aligarh
Uttar Pradesh,Wheat,2023,10,2023-10-01,Chhibramau APMC,2199.15,chhibramau,Kannauj
Uttar Pradesh,Wheat,2023,10,2023-10-01,Chirgaon APMC,2383.44,chirgaon,Jhansi
Uttar Pradesh,Wheat,2023,10,2023-10-01,Chorichora APMC,2352.27,chorichora,Gorakhpur
Uttar Pradesh,Wheat,2023,10,2023-10-01,Choubepur APMC,2390.1,choubepur,Jaunpur
Uttar Pradesh,Wheat,2023,10,2023-10-01,Colonelganj APMC,2223.75,colonelganj,Gonda
Uttar Pradesh,Wheat,2023,10,2023-10-01,DADRI APMC,2356.82,dadri,Gautam Buddha Nagar
Uttar Pradesh,Wheat,2023,10,2023-10-01,Dankaur APMC,,dankaur,Gautam Buddha Nagar
Uttar Pradesh,Wheat,2023,10,2023-10-01,Dataganj APMC,2280.0,dataganj,Badaun
Uttar Pradesh,Wheat,2023,10,2023-10-01,Devariya APMC,2351.96,devariya,Deoria
Uttar Pradesh,Wheat,2023,10,2023-10-01,Dhanaura APMC,2131.92,dhanaura,Amroha
Uttar Pradesh,Wheat,2023,10,2023-10-01,Dibiapur APMC,2271.0,dibiapur,Auraiya
Uttar Pradesh,Wheat,2023,10,2023-10-01,Divai APMC,2200.0,divai,Bulandshahar
Uttar Pradesh,Wheat,2023,10,2023-10-01,Doharighat APMC,2365.0,doharighat,Azamgarh
Uttar Pradesh,Wheat,2023,10,2023-10-01,Etah APMC,2282.86,etah,Etah
Uttar Pradesh,Wheat,2023,10,2023-10-01,Etawah APMC,2374.27,etawah,Etawah
Uttar Pradesh,Wheat,2023,10,2023-10-01,Farukhabad APMC,2313.75,farukhabad,Farrukhabad
Uttar Pradesh,Wheat,2023,10,2023-10-01,Fatehabad APMC,2400.0,fatehabad,Agra
Uttar Pradesh,Wheat,2023,10,2023-10-01,Fatehpur APMC,2330.09,fatehpur,Fatehpur
Uttar Pradesh,Wheat,2023,10,2023-10-01,Fatehpur Sikri APMC,2430.0,fatehpur sikri,Agra
Uttar Pradesh,Wheat,2023,10,2023-10-01,Firozabad APMC,2408.89,firozabad,Firozabad
Uttar Pradesh,Wheat,2023,10,2023-10-01,Gazipur APMC,2368.22,gazipur,Azamgarh
Uttar Pradesh,Wheat,2023,10,2023-10-01,Ghaziabad APMC,2378.25,ghaziabad,Ghaziabad
Uttar Pradesh,Wheat,2023,10,2023-10-01,Ghiraur APMC,2302.46,ghiraur,Mainpuri
Uttar Pradesh,Wheat,2023,10,2023-10-01,Golagokarnath APMC,2313.21,golagokarnath,Lalitpur
Uttar Pradesh,Wheat,2023,10,2023-10-01,Gonda APMC,2391.57,gonda,Gonda
Uttar Pradesh,Wheat,2023,10,2023-10-01,Gopiganj APMC,2360.79,gopiganj,Bhadohi
Uttar Pradesh,Wheat,2023,10,2023-10-01,Gorakhpur APMC,2369.51,gorakhpur,Gorakhpur
Uttar Pradesh,Wheat,2023,10,2023-10-01,Gurusarai APMC,2409.45,gurusarai,Jhansi
Uttar Pradesh,Wheat,2023,10,2023-10-01,Haathras APMC,2357.45,haathras,Hathras
Uttar Pradesh,Wheat,2023,10,2023-10-01,Hapur APMC,2342.83,hapur,Ghaziabad
Uttar Pradesh,Wheat,2023,10,2023-10-01,Hardoi APMC,2321.92,hardoi,Hardoi
Uttar Pradesh,Wheat,2023,10,2023-10-01,Hargaon (Laharpur) APMC,2243.73,hargaon (laharpur),Sitapur
Uttar Pradesh,Wheat,2023,10,2023-10-01,Jafarganj APMC,2352.21,jafarganj,Amethi
Uttar Pradesh,Wheat,2023,10,2023-10-01,Jagnair APMC,2248.96,jagnair,Agra
Uttar Pradesh,Wheat,2023,10,2023-10-01,Jahanabad APMC,2164.44,jahanabad,Fatehpur
Uttar Pradesh,Wheat,2023,10,2023-10-01,Jahangirabad APMC,2340.9,jahangirabad,Bulandshahar
Uttar Pradesh,Wheat,2023,10,2023-10-01,Jalaun APMC,2318.68,jalaun,Jalaun
Uttar Pradesh,Wheat,2023,10,2023-10-01,Jangipura APMC,,jangipura,Ghazipur
Uttar Pradesh,Wheat,2023,10,2023-10-01,Jasra APMC,2337.83,jasra,Prayagraj
Uttar Pradesh,Wheat,2023,10,2023-10-01,Jaunpur APMC,2370.58,jaunpur,Jaunpur
Uttar Pradesh,Wheat,2023,10,2023-10-01,Jayas APMC,2341.69,jayas,Rae Bareli
Uttar Pradesh,Wheat,2023,10,2023-10-01,Jhansi APMC,2399.08,jhansi,Jhansi
Uttar Pradesh,Wheat,2023,10,2023-10-01,Jhijhank APMC,2342.49,jhijhank,Kanpur Dehat
Uttar Pradesh,Wheat,2023,10,2023-10-01,Kadaura APMC,,kadaura,Jalaun
Uttar Pradesh,Wheat,2023,10,2023-10-01,Kalpi APMC,,kalpi,Jalaun
Uttar Pradesh,Wheat,2023,10,2023-10-01,Kamlaganj APMC,,kamlaganj,Farrukhabad
Uttar Pradesh,Wheat,2023,10,2023-10-01,Kannauj APMC,2345.87,kannauj,Kannauj
Uttar Pradesh,Wheat,2023,10,2023-10-01,Kanpur(Grain) APMC,2422.68,kanpur(grain),Jaunpur
Uttar Pradesh,Wheat,2023,10,2023-10-01,Karvi APMC,2330.47,karvi,Chitrakoot
Uttar Pradesh,Wheat,2023,10,2023-10-01,Kasganj APMC,2264.27,kasganj,Kasganj
Uttar Pradesh,Wheat,2023,10,2023-10-01,Kayamganj APMC,2323.35,kayamganj,Farrukhabad
Uttar Pradesh,Wheat,2023,10,2023-10-01,Khaga APMC,2338.88,khaga,Fatehpur
Uttar Pradesh,Wheat,2023,10,2023-10-01,Khair APMC,2341.9,khair,Aligarh
Uttar Pradesh,Wheat,2023,10,2023-10-01,Khairagarh APMC,,khairagarh,Agra
Uttar Pradesh,Wheat,2023,10,2023-10-01,Khurja APMC,2378.3,khurja,Bulandshahr
Uttar Pradesh,Wheat,2023,10,2023-10-01,Kishunpur APMC,2288.18,kishunpur,Bahraich
Uttar Pradesh,Wheat,2023,10,2023-10-01,Konch APMC,2343.46,konch,Jalaun
Uttar Pradesh,Wheat,2023,10,2023-10-01,Kopaganj APMC,,kopaganj,
Uttar Pradesh,Wheat,2023,10,2023-10-01,Kosikalan APMC,2465.54,kosikalan,Mathura
Uttar Pradesh,Wheat,2023,10,2023-10-01,Kurara APMC,2200.0,kurara,Hamirpur
Uttar Pradesh,Wheat,2023,10,2023-10-01,Lakhimpur APMC,2316.49,lakhimpur,Lalitpur
Uttar Pradesh,Wheat,2023,10,2023-10-01,Lalganj APMC,2335.37,lalganj,Rae Bareli
Uttar Pradesh,Wheat,2023,10,2023-10-01,Lalitpur APMC,2404.87,lalitpur,Lalitpur
Uttar Pradesh,Wheat,2023,10,2023-10-01,Lucknow APMC,2359.45,lucknow,Lucknow
Uttar Pradesh,Wheat,2023,10,2023-10-01,Madhoganj APMC,2322.83,madhoganj,Hardoi
Uttar Pradesh,Wheat,2023,10,2023-10-01,Madhogarh APMC,2326.74,madhogarh,Jalaun
Uttar Pradesh,Wheat,2023,10,2023-10-01,Mahoba APMC,2327.16,mahoba,Mahoba
Uttar Pradesh,Wheat,2023,10,2023-10-01,Maigalganj APMC,,maigalganj,Gorakhpur
Uttar Pradesh,Wheat,2023,10,2023-10-01,Mainpuri APMC,2315.27,mainpuri,Mainpuri
Uttar Pradesh,Wheat,2023,10,2023-10-01,Mathura APMC,2376.18,mathura,Mathura
Uttar Pradesh,Wheat,2023,10,2023-10-01,Mau(Chitrakut) APMC,,mau(chitrakut),Chitrakut
Uttar Pradesh,Wheat,2023,10,2023-10-01,Maudaha APMC,2150.56,maudaha,Hamirpur
Uttar Pradesh,Wheat,2023,10,2023-10-01,Mauranipur APMC,2407.58,mauranipur,Jhansi
Uttar Pradesh,Wheat,2023,10,2023-10-01,Mawana APMC,,mawana,Meerut
Uttar Pradesh,Wheat,2023,10,2023-10-01,Meerut APMC,2354.23,meerut,Meerut
Uttar Pradesh,Wheat,2023,10,2023-10-01,Mehmoodabad APMC,2344.22,mehmoodabad,Sitapur
Uttar Pradesh,Wheat,2023,10,2023-10-01,Mehrauni APMC,2300.0,mehrauni,Lalitpur
Uttar Pradesh,Wheat,2023,10,2023-10-01,Milak APMC,2353.47,milak,Rampur
Uttar Pradesh,Wheat,2023,10,2023-10-01,Mirzapur APMC,2377.08,mirzapur,Mirzapur
Uttar Pradesh,Wheat,2023,10,2023-10-01,Mohamadabad APMC,2319.71,mohamadabad,Farrukhabad
Uttar Pradesh,Wheat,2023,10,2023-10-01,Mohammdi APMC,2315.58,mohammdi,Kheri
Uttar Pradesh,Wheat,2023,10,2023-10-01,Moth APMC,2388.61,moth,Jhansi
Uttar Pradesh,Wheat,2023,10,2023-10-01,Mugrabaadshahpur APMC,2371.37,mugrabaadshahpur,Jaunpur
Uttar Pradesh,Wheat,2023,10,2023-10-01,Muradabad APMC,2336.19,muradabad,Sambhal
Uttar Pradesh,Wheat,2023,10,2023-10-01,Muradnagar APMC,2400.0,muradnagar,Ghaziabad
Uttar Pradesh,Wheat,2023,10,2023-10-01,Muskara APMC,2367.71,muskara,Mahoba
Uttar Pradesh,Wheat,2023,10,2023-10-01,Muzzafarnagar APMC,2363.56,muzzafarnagar,Muzaffarnagar
Uttar Pradesh,Wheat,2023,10,2023-10-01,Naanpara APMC,2375.39,naanpara,Bahraich
Uttar Pradesh,Wheat,2023,10,2023-10-01,Najibabad APMC,,najibabad,Bijnor
Uttar Pradesh,Wheat,2023,10,2023-10-01,Naugarh APMC,2345.13,naugarh,Siddharthnagar
Uttar Pradesh,Wheat,2023,10,2023-10-01,Nautnava APMC,2323.21,nautnava,Maharajganj
Uttar Pradesh,Wheat,2023,10,2023-10-01,Nawabganj APMC,2381.26,nawabganj,Gonda
Uttar Pradesh,Wheat,2023,10,2023-10-01,Noida APMC,2343.32,noida,Gautam Buddha Nagar
Uttar Pradesh,Wheat,2023,10,2023-10-01,Orai APMC,2364.25,orai,Jalaun
Uttar Pradesh,Wheat,2023,10,2023-10-01,Paliakala APMC,2263.21,paliakala,Kheri
Uttar Pradesh,Wheat,2023,10,2023-10-01,Panchpedwa APMC,2185.73,panchpedwa,Balrampur
Uttar Pradesh,Wheat,2023,10,2023-10-01,Partaval APMC,2361.62,partaval,Mahrajganj
Uttar Pradesh,Wheat,2023,10,2023-10-01,Pilibhit APMC,2389.2,pilibhit,Pilibhit
Uttar Pradesh,Wheat,2023,10,2023-10-01,Powayan APMC,2358.87,powayan,Shahjahanpur
Uttar Pradesh,Wheat,2023,10,2023-10-01,Pratapgarh APMC,2389.2,pratapgarh,Pratapgarh
Uttar Pradesh,Wheat,2023,10,2023-10-01,Prayagraj APMC,2304.38,prayagraj,Prayagraj
Uttar Pradesh,Wheat,2023,10,2023-10-01,Pukharayan APMC,2356.37,pukharayan,Kanpur Dehat
Uttar Pradesh,Wheat,2023,10,2023-10-01,Puranpur APMC,2381.16,puranpur,Pilibhit
Uttar Pradesh,Wheat,2023,10,2023-10-01,Purwa APMC,2318.09,purwa,Unnao
Uttar Pradesh,Wheat,2023,10,2023-10-01,Raath APMC,2345.17,raath,Hamirpur
Uttar Pradesh,Wheat,2023,10,2023-10-01,Raibareilly APMC,2327.81,raibareilly,Rae Bareli
Uttar Pradesh,Wheat,2023,10,2023-10-01,Rampur APMC,2352.38,rampur,Rampur
Uttar Pradesh,Wheat,2023,10,2023-10-01,Rasda APMC,2356.29,rasda,Ballia
Uttar Pradesh,Wheat,2023,10,2023-10-01,Richha APMC,,richha,Bareilly
Uttar Pradesh,Wheat,2023,10,2023-10-01,Robertsganj APMC,2368.45,robertsganj,Sonbhadra
Uttar Pradesh,Wheat,2023,10,2023-10-01,Rura APMC,2261.98,rura,Kanpur Dehat
Uttar Pradesh,Wheat,2023,10,2023-10-01,Safdarganj APMC,2314.93,safdarganj,Barabanki
Uttar Pradesh,Wheat,2023,10,2023-10-01,Saharanpur APMC,2370.36,saharanpur,Saharanpur
Uttar Pradesh,Wheat,2023,10,2023-10-01,Sahiyapur APMC,2251.72,sahiyapur,Siddharthnagar
Uttar Pradesh,Wheat,2023,10,2023-10-01,Salon APMC,2305.85,salon,Rae Bareli
Uttar Pradesh,Wheat,2023,10,2023-10-01,Samsabad APMC,2386.05,samsabad,Agra
Uttar Pradesh,Wheat,2023,10,2023-10-01,Sandi APMC,2320.99,sandi,Hardoi
Uttar Pradesh,Wheat,2023,10,2023-10-01,Sandila APMC,2330.06,sandila,Hardoi
Uttar Pradesh,Wheat,2023,10,2023-10-01,Sehjanwa APMC,,sehjanwa,Gorakhpur
Uttar Pradesh,Wheat,2023,10,2023-10-01,Shahabad APMC,2250.0,shahabad,Hardoi
Uttar Pradesh,Wheat,2023,10,2023-10-01,Shahabad(New Mandi) APMC,2326.03,shahabad(new mandi),Hardoi
Uttar Pradesh,Wheat,2023,10,2023-10-01,Shahaswan APMC,2400.0,shahaswan,Badaun
Uttar Pradesh,Wheat,2023,10,2023-10-01,Shahganj APMC,2351.15,shahganj,Jaunpur
Uttar Pradesh,Wheat,2023,10,2023-10-01,Shahjahanpur APMC,2322.19,shahjahanpur,Shahjahanpur
Uttar Pradesh,Wheat,2023,10,2023-10-01,Shahpur APMC,2140.0,shahpur,Muzaffarnagar
Uttar Pradesh,Wheat,2023,10,2023-10-01,Shamli APMC,2372.23,shamli,Shamli
Uttar Pradesh,Wheat,2023,10,2023-10-01,Shikohabad APMC,2335.32,shikohabad,Firozabad
Uttar Pradesh,Wheat,2023,10,2023-10-01,Sikandraraau APMC,2325.06,sikandraraau,Hathras
Uttar Pradesh,Wheat,2023,10,2023-10-01,Sikarpur APMC,,sikarpur,Bulandshahar
Uttar Pradesh,Wheat,2023,10,2023-10-01,Sirsa APMC,,sirsa,Gautam Buddha Nagar
Uttar Pradesh,Wheat,2023,10,2023-10-01,Sirsaganj APMC,2385.0,sirsaganj,Firozabad
Uttar Pradesh,Wheat,2023,10,2023-10-01,Sitapur APMC,2360.98,sitapur,Sitapur
Uttar Pradesh,Wheat,2023,10,2023-10-01,Siyana APMC,2293.02,siyana,Bulandshahar
Uttar Pradesh,Wheat,2023,10,2023-10-01,Sultanpur APMC,2351.11,sultanpur,Amethi
Uttar Pradesh,Wheat,2023,10,2023-10-01,Tamkuhi road APMC,2330.93,tamkuhi road,Kushinagar
Uttar Pradesh,Wheat,2023,10,2023-10-01,Thanabhawan APMC,,thanabhawan,Shamli
Uttar Pradesh,Wheat,2023,10,2023-10-01,Tikonia APMC,2235.28,tikonia,Kheri
Uttar Pradesh,Wheat,2023,10,2023-10-01,Tulsipur APMC,2337.22,tulsipur,Balrampur
Uttar Pradesh,Wheat,2023,10,2023-10-01,Tundla APMC,2419.14,tundla,Firozabad
Uttar Pradesh,Wheat,2023,10,2023-10-01,Ujhani APMC,2362.88,ujhani,Budaun
Uttar Pradesh,Wheat,2023,10,2023-10-01,Unnao APMC,2326.88,unnao,Unnao
Uttar Pradesh,Wheat,2023,10,2023-10-01,Uttaripura APMC,2368.83,uttaripura,Jaunpur
Uttar Pradesh,Wheat,2023,10,2023-10-01,Varanasi APMC,2377.48,varanasi,Varanasi
Uttar Pradesh,Wheat,2023,10,2023-10-01,Viswan APMC,2323.37,viswan,Sitapur
Uttar Pradesh,Wheat,2023,10,2023-10-01,Wazirganj APMC,2374.48,wazirganj,Budaun
Uttar Pradesh,Wheat,2023,11,2023-11-01,Achalda APMC,2506.33,achalda,Auraiya
Uttar Pradesh,Wheat,2023,11,2023-11-01,Achnera APMC,2534.73,achnera,Agra
Uttar Pradesh,Wheat,2023,11,2023-11-01,Agra APMC,2546.12,agra,Agra
Uttar Pradesh,Wheat,2023,11,2023-11-01,Ahirora APMC,2389.35,ahirora,Mirzapur
Uttar Pradesh,Wheat,2023,11,2023-11-01,Ait APMC,2561.9,ait,Jalaun
Uttar Pradesh,Wheat,2023,11,2023-11-01,Ajuha APMC,2447.47,ajuha,Prayagraj
Uttar Pradesh,Wheat,2023,11,2023-11-01,Akbarpur APMC,2486.09,akbarpur,Ambedkarnagar
Uttar Pradesh,Wheat,2023,11,2023-11-01,Aliganj APMC,2445.81,aliganj,Etah
Uttar Pradesh,Wheat,2023,11,2023-11-01,Aligarh APMC,2503.11,aligarh,Aligarh
Uttar Pradesh,Wheat,2023,11,2023-11-01,Amroha APMC,2423.86,amroha,Amroha
Uttar Pradesh,Wheat,2023,11,2023-11-01,Anandnagar APMC,2346.61,anandnagar,Mahrajganj
Uttar Pradesh,Wheat,2023,11,2023-11-01,Atarra APMC,2372.09,atarra,Banda
Uttar Pradesh,Wheat,2023,11,2023-11-01,Atrauli APMC,,atrauli,Aligarh
Uttar Pradesh,Wheat,2023,11,2023-11-01,Auraiya APMC,2507.1,auraiya,Auraiya
Uttar Pradesh,Wheat,2023,11,2023-11-01,Awagarh APMC,,awagarh,Etah
Uttar Pradesh,Wheat,2023,11,2023-11-01,Ayodhya APMC,2482.67,ayodhya,Ayodhya
Uttar Pradesh,Wheat,2023,11,2023-11-01,Azamgarh APMC,2382.89,azamgarh,Azamgarh
Uttar Pradesh,Wheat,2023,11,2023-11-01,Baberu APMC,2159.09,baberu,Banda
Uttar Pradesh,Wheat,2023,11,2023-11-01,Babrala APMC,2458.0,babrala,Budaun
Uttar Pradesh,Wheat,2023,11,2023-11-01,Bachranwa APMC,2367.39,bachranwa,Rae Bareli
Uttar Pradesh,Wheat,2023,11,2023-11-01,Badayoun APMC,2502.96,badayoun,Budaun
Uttar Pradesh,Wheat,2023,11,2023-11-01,Bahraich APMC,2486.52,bahraich,Bahraich
Uttar Pradesh,Wheat,2023,11,2023-11-01,Ballia APMC,2381.23,ballia,Ballia
Uttar Pradesh,Wheat,2023,11,2023-11-01,Balrampur APMC,2479.59,balrampur,Balrampur
Uttar Pradesh,Wheat,2023,11,2023-11-01,Banda APMC,2446.8,banda,Banda
Uttar Pradesh,Wheat,2023,11,2023-11-01,Bangarmau APMC,2400.31,bangarmau,Unnao
Uttar Pradesh,Wheat,2023,11,2023-11-01,Bansi APMC,,bansi,Siddharthnagar
Uttar Pradesh,Wheat,2023,11,2023-11-01,Banthara APMC,2543.26,banthara,Lucknow
Uttar Pradesh,Wheat,2023,11,2023-11-01,Barabanki APMC,2492.86,barabanki,Bara Banki
Uttar Pradesh,Wheat,2023,11,2023-11-01,Bareilly APMC,2380.08,bareilly,Bareilly
Uttar Pradesh,Wheat,2023,11,2023-11-01,Barhaj APMC,,barhaj,Deoria
Uttar Pradesh,Wheat,2023,11,2023-11-01,Baripaal APMC,2370.47,baripaal,Jaunpur
Uttar Pradesh,Wheat,2023,11,2023-11-01,Basti APMC,2367.8,basti,Basti
Uttar Pradesh,Wheat,2023,11,2023-11-01,Bewar APMC,2241.8,bewar,Mainpuri
Uttar Pradesh,Wheat,2023,11,2023-11-01,Bharthna APMC,2564.39,bharthna,Etawah
Uttar Pradesh,Wheat,2023,11,2023-11-01,Bharuasumerpur APMC,2501.55,bharuasumerpur,Hamirpur
Uttar Pradesh,Wheat,2023,11,2023-11-01,Bharwari APMC,2445.05,bharwari,Kaushambi
Uttar Pradesh,Wheat,2023,11,2023-11-01,Bhehjoi APMC,2550.0,bhehjoi,Sambhal
Uttar Pradesh,Wheat,2023,11,2023-11-01,Bijnaur APMC,2399.34,bijnaur,Bijnor
Uttar Pradesh,Wheat,2023,11,2023-11-01,Bilsi APMC,,bilsi,Budaun
Uttar Pradesh,Wheat,2023,11,2023-11-01,Bindki APMC,2481.17,bindki,Fatehpur
Uttar Pradesh,Wheat,2023,11,2023-11-01,Bishalpur APMC,2476.89,bishalpur,Pilibhit
Uttar Pradesh,Wheat,2023,11,2023-11-01,Bisoli APMC,2466.42,bisoli,Badaun
Uttar Pradesh,Wheat,2023,11,2023-11-01,Buland Shahr APMC,2456.09,buland shahr,Bulandshahr
Uttar Pradesh,Wheat,2023,11,2023-11-01,Chandausi APMC,2415.74,chandausi,Sambhal
Uttar Pradesh,Wheat,2023,11,2023-11-01,Chandoli APMC,2381.68,chandoli,Chandauli
Uttar Pradesh,Wheat,2023,11,2023-11-01,Charkhari APMC,2402.1,charkhari,Mahoba
Uttar Pradesh,Wheat,2023,11,2023-11-01,Charra APMC,2483.07,charra,Aligarh
Uttar Pradesh,Wheat,2023,11,2023-11-01,Chhibramau APMC,2212.91,chhibramau,Kannauj
Uttar Pradesh,Wheat,2023,11,2023-11-01,Chirgaon APMC,,chirgaon,Jhansi
Uttar Pradesh,Wheat,2023,11,2023-11-01,Chorichora APMC,,chorichora,Gorakhpur
Uttar Pradesh,Wheat,2023,11,2023-11-01,Choubepur APMC,2521.53,choubepur,Jaunpur
Uttar Pradesh,Wheat,2023,11,2023-11-01,Colonelganj APMC,2500.0,colonelganj,Gonda
Uttar Pradesh,Wheat,2023,11,2023-11-01,DADRI APMC,2500.6,dadri,Gautam Buddha Nagar
Uttar Pradesh,Wheat,2023,11,2023-11-01,Dankaur APMC,2448.35,dankaur,Gautam Buddha Nagar
Uttar Pradesh,Wheat,2023,11,2023-11-01,Dataganj APMC,,dataganj,Badaun
Uttar Pradesh,Wheat,2023,11,2023-11-01,Devariya APMC,2361.91,devariya,Deoria
Uttar Pradesh,Wheat,2023,11,2023-11-01,Dhanaura APMC,2133.74,dhanaura,Amroha
Uttar Pradesh,Wheat,2023,11,2023-11-01,Dibiapur APMC,2450.0,dibiapur,Auraiya
Uttar Pradesh,Wheat,2023,11,2023-11-01,Divai APMC,,divai,Bulandshahar
Uttar Pradesh,Wheat,2023,11,2023-11-01,Doharighat APMC,2390.0,doharighat,Azamgarh
Uttar Pradesh,Wheat,2023,11,2023-11-01,Etah APMC,2433.88,etah,Etah
Uttar Pradesh,Wheat,2023,11,2023-11-01,Etawah APMC,2565.39,etawah,Etawah
Uttar Pradesh,Wheat,2023,11,2023-11-01,Farukhabad APMC,2538.76,farukhabad,Farrukhabad
Uttar Pradesh,Wheat,2023,11,2023-11-01,Fatehabad APMC,2550.0,fatehabad,Agra
Uttar Pradesh,Wheat,2023,11,2023-11-01,Fatehpur APMC,2435.28,fatehpur,Fatehpur
Uttar Pradesh,Wheat,2023,11,2023-11-01,Fatehpur Sikri APMC,2545.0,fatehpur sikri,Agra
Uttar Pradesh,Wheat,2023,11,2023-11-01,Firozabad APMC,2552.73,firozabad,Firozabad
Uttar Pradesh,Wheat,2023,11,2023-11-01,Gazipur APMC,2387.27,gazipur,Azamgarh
Uttar Pradesh,Wheat,2023,11,2023-11-01,Ghaziabad APMC,2500.75,ghaziabad,Ghaziabad
Uttar Pradesh,Wheat,2023,11,2023-11-01,Ghiraur APMC,2384.32,ghiraur,Mainpuri
Uttar Pradesh,Wheat,2023,11,2023-11-01,Golagokarnath APMC,2361.58,golagokarnath,Lalitpur
Uttar Pradesh,Wheat,2023,11,2023-11-01,Gonda APMC,2516.09,gonda,Gonda
Uttar Pradesh,Wheat,2023,11,2023-11-01,Gopiganj APMC,2375.12,gopiganj,Bhadohi
Uttar Pradesh,Wheat,2023,11,2023-11-01,Gorakhpur APMC,2360.32,gorakhpur,Gorakhpur
Uttar Pradesh,Wheat,2023,11,2023-11-01,Gurusarai APMC,2452.14,gurusarai,Jhansi
Uttar Pradesh,Wheat,2023,11,2023-11-01,Haathras APMC,2451.39,haathras,Hathras
Uttar Pradesh,Wheat,2023,11,2023-11-01,Hapur APMC,2485.57,hapur,Ghaziabad
Uttar Pradesh,Wheat,2023,11,2023-11-01,Hardoi APMC,2419.57,hardoi,Hardoi
Uttar Pradesh,Wheat,2023,11,2023-11-01,Hargaon (Laharpur) APMC,2277.12,hargaon (laharpur),Sitapur
Uttar Pradesh,Wheat,2023,11,2023-11-01,Jafarganj APMC,2489.33,jafarganj,Amethi
Uttar Pradesh,Wheat,2023,11,2023-11-01,Jagnair APMC,2324.64,jagnair,Agra
Uttar Pradesh,Wheat,2023,11,2023-11-01,Jahanabad APMC,2168.8,jahanabad,Fatehpur
Uttar Pradesh,Wheat,2023,11,2023-11-01,Jahangirabad APMC,2484.07,jahangirabad,Bulandshahar
Uttar Pradesh,Wheat,2023,11,2023-11-01,Jalaun APMC,2431.28,jalaun,Jalaun
Uttar Pradesh,Wheat,2023,11,2023-11-01,Jamanian APMC,,jamanian,Ghazipur
Uttar Pradesh,Wheat,2023,11,2023-11-01,Jangipura APMC,,jangipura,Ghazipur
Uttar Pradesh,Wheat,2023,11,2023-11-01,Jasra APMC,2500.0,jasra,Prayagraj
Uttar Pradesh,Wheat,2023,11,2023-11-01,Jaunpur APMC,2388.67,jaunpur,Jaunpur
Uttar Pradesh,Wheat,2023,11,2023-11-01,Jayas APMC,2484.67,jayas,Rae Bareli
Uttar Pradesh,Wheat,2023,11,2023-11-01,Jhansi APMC,2407.66,jhansi,Jhansi
Uttar Pradesh,Wheat,2023,11,2023-11-01,Jhijhank APMC,2464.83,jhijhank,Kanpur Dehat
Uttar Pradesh,Wheat,2023,11,2023-11-01,Kadaura APMC,2383.96,kadaura,Jalaun
Uttar Pradesh,Wheat,2023,11,2023-11-01,Kalpi APMC,,kalpi,Jalaun
Uttar Pradesh,Wheat,2023,11,2023-11-01,Kamlaganj APMC,,kamlaganj,Farrukhabad
Uttar Pradesh,Wheat,2023,11,2023-11-01,Kannauj APMC,2511.34,kannauj,Kannauj
Uttar Pradesh,Wheat,2023,11,2023-11-01,Kanpur(Grain) APMC,2580.27,kanpur(grain),Jaunpur
Uttar Pradesh,Wheat,2023,11,2023-11-01,Karvi APMC,2441.83,karvi,Chitrakoot
Uttar Pradesh,Wheat,2023,11,2023-11-01,Kasganj APMC,2411.24,kasganj,Kasganj
Uttar Pradesh,Wheat,2023,11,2023-11-01,Kayamganj APMC,2545.09,kayamganj,Farrukhabad
Uttar Pradesh,Wheat,2023,11,2023-11-01,Khaga APMC,2434.6,khaga,Fatehpur
Uttar Pradesh,Wheat,2023,11,2023-11-01,Khair APMC,2493.96,khair,Aligarh
Uttar Pradesh,Wheat,2023,11,2023-11-01,Khairagarh APMC,,khairagarh,Agra
Uttar Pradesh,Wheat,2023,11,2023-11-01,Khurja APMC,2476.39,khurja,Bulandshahr
Uttar Pradesh,Wheat,2023,11,2023-11-01,Kishunpur APMC,2448.77,kishunpur,Bahraich
Uttar Pradesh,Wheat,2023,11,2023-11-01,Konch APMC,2458.84,konch,Jalaun
Uttar Pradesh,Wheat,2023,11,2023-11-01,Kopaganj APMC,2390.0,kopaganj,
Uttar Pradesh,Wheat,2023,11,2023-11-01,Kosikalan APMC,2472.38,kosikalan,Mathura
Uttar Pradesh,Wheat,2023,11,2023-11-01,Kurara APMC,2334.77,kurara,Hamirpur
Uttar Pradesh,Wheat,2023,11,2023-11-01,Lakhimpur APMC,2378.14,lakhimpur,Lalitpur
Uttar Pradesh,Wheat,2023,11,2023-11-01,Lalganj APMC,2457.11,lalganj,Rae Bareli
Uttar Pradesh,Wheat,2023,11,2023-11-01,Lalitpur APMC,2412.64,lalitpur,Lalitpur
Uttar Pradesh,Wheat,2023,11,2023-11-01,Lucknow APMC,2441.84,lucknow,Lucknow
Uttar Pradesh,Wheat,2023,11,2023-11-01,Madhoganj APMC,2416.58,madhoganj,Hardoi
Uttar Pradesh,Wheat,2023,11,2023-11-01,Madhogarh APMC,2454.24,madhogarh,Jalaun
Uttar Pradesh,Wheat,2023,11,2023-11-01,Mahoba APMC,2515.32,mahoba,Mahoba
Uttar Pradesh,Wheat,2023,11,2023-11-01,Maigalganj APMC,,maigalganj,Gorakhpur
Uttar Pradesh,Wheat,2023,11,2023-11-01,Mainpuri APMC,2366.69,mainpuri,Mainpuri
Uttar Pradesh,Wheat,2023,11,2023-11-01,Mathura APMC,2540.8,mathura,Mathura
Uttar Pradesh,Wheat,2023,11,2023-11-01,Mau(Chitrakut) APMC,,mau(chitrakut),Chitrakut
Uttar Pradesh,Wheat,2023,11,2023-11-01,Maudaha APMC,2276.5,maudaha,Hamirpur
Uttar Pradesh,Wheat,2023,11,2023-11-01,Mauranipur APMC,2438.42,mauranipur,Jhansi
Uttar Pradesh,Wheat,2023,11,2023-11-01,Mawana APMC,,mawana,Meerut
Uttar Pradesh,Wheat,2023,11,2023-11-01,Meerut APMC,2504.34,meerut,Meerut
Uttar Pradesh,Wheat,2023,11,2023-11-01,Mehmoodabad APMC,2309.88,mehmoodabad,Sitapur
Uttar Pradesh,Wheat,2023,11,2023-11-01,Mehrauni APMC,2442.69,mehrauni,Lalitpur
Uttar Pradesh,Wheat,2023,11,2023-11-01,Milak APMC,2387.57,milak,Rampur
Uttar Pradesh,Wheat,2023,11,2023-11-01,Mirzapur APMC,2392.19,mirzapur,Mirzapur
Uttar Pradesh,Wheat,2023,11,2023-11-01,Mohamadabad APMC,2523.35,mohamadabad,Farrukhabad
Uttar Pradesh,Wheat,2023,11,2023-11-01,Mohammdi APMC,2385.96,mohammdi,Kheri
Uttar Pradesh,Wheat,2023,11,2023-11-01,Moth APMC,2415.86,moth,Jhansi
Uttar Pradesh,Wheat,2023,11,2023-11-01,Mugrabaadshahpur APMC,2388.82,mugrabaadshahpur,Jaunpur
Uttar Pradesh,Wheat,2023,11,2023-11-01,Muradabad APMC,2398.35,muradabad,Sambhal
Uttar Pradesh,Wheat,2023,11,2023-11-01,Muradnagar APMC,2540.0,muradnagar,Ghaziabad
Uttar Pradesh,Wheat,2023,11,2023-11-01,Muskara APMC,2447.38,muskara,Mahoba
Uttar Pradesh,Wheat,2023,11,2023-11-01,Muzzafarnagar APMC,2521.4,muzzafarnagar,Muzaffarnagar
Uttar Pradesh,Wheat,2023,11,2023-11-01,Naanpara APMC,2459.81,naanpara,Bahraich
Uttar Pradesh,Wheat,2023,11,2023-11-01,Najibabad APMC,,najibabad,Bijnor
Uttar Pradesh,Wheat,2023,11,2023-11-01,Naugarh APMC,2357.24,naugarh,Siddharthnagar
Uttar Pradesh,Wheat,2023,11,2023-11-01,Nautnava APMC,2474.59,nautnava,Maharajganj
Uttar Pradesh,Wheat,2023,11,2023-11-01,Nawabganj APMC,2481.59,nawabganj,Gonda
Uttar Pradesh,Wheat,2023,11,2023-11-01,Noida APMC,,noida,Gautam Buddha Nagar
Uttar Pradesh,Wheat,2023,11,2023-11-01,Orai APMC,2490.28,orai,Jalaun
Uttar Pradesh,Wheat,2023,11,2023-11-01,Paliakala APMC,2279.01,paliakala,Kheri
Uttar Pradesh,Wheat,2023,11,2023-11-01,Panchpedwa APMC,2579.27,panchpedwa,Balrampur
Uttar Pradesh,Wheat,2023,11,2023-11-01,Partaval APMC,2359.25,partaval,Mahrajganj
Uttar Pradesh,Wheat,2023,11,2023-11-01,Pilibhit APMC,2471.06,pilibhit,Pilibhit
Uttar Pradesh,Wheat,2023,11,2023-11-01,Powayan APMC,2429.5,powayan,Shahjahanpur
Uttar Pradesh,Wheat,2023,11,2023-11-01,Pratapgarh APMC,2457.03,pratapgarh,Pratapgarh
Uttar Pradesh,Wheat,2023,11,2023-11-01,Prayagraj APMC,2411.32,prayagraj,Prayagraj
Uttar Pradesh,Wheat,2023,11,2023-11-01,Pukharayan APMC,2410.84,pukharayan,Kanpur Dehat
Uttar Pradesh,Wheat,2023,11,2023-11-01,Puranpur APMC,2483.54,puranpur,Pilibhit
Uttar Pradesh,Wheat,2023,11,2023-11-01,Purwa APMC,,purwa,Unnao
Uttar Pradesh,Wheat,2023,11,2023-11-01,Raath APMC,,raath,Hamirpur
Uttar Pradesh,Wheat,2023,11,2023-11-01,Raibareilly APMC,2446.82,raibareilly,Rae Bareli
Uttar Pradesh,Wheat,2023,11,2023-11-01,Rampur APMC,2379.2,rampur,Rampur
Uttar Pradesh,Wheat,2023,11,2023-11-01,Rasda APMC,2365.73,rasda,Ballia
Uttar Pradesh,Wheat,2023,11,2023-11-01,Robertsganj APMC,2384.7,robertsganj,Sonbhadra
Uttar Pradesh,Wheat,2023,11,2023-11-01,Rura APMC,2290.61,rura,Kanpur Dehat
Uttar Pradesh,Wheat,2023,11,2023-11-01,Safdarganj APMC,2468.09,safdarganj,Barabanki
Uttar Pradesh,Wheat,2023,11,2023-11-01,Saharanpur APMC,2507.56,saharanpur,Saharanpur
Uttar Pradesh,Wheat,2023,11,2023-11-01,Sahiyapur APMC,2181.78,sahiyapur,Siddharthnagar
Uttar Pradesh,Wheat,2023,11,2023-11-01,Salon APMC,2394.33,salon,Rae Bareli
Uttar Pradesh,Wheat,2023,11,2023-11-01,Samsabad APMC,2500.0,samsabad,Agra
Uttar Pradesh,Wheat,2023,11,2023-11-01,Sandi APMC,2413.8,sandi,Hardoi
Uttar Pradesh,Wheat,2023,11,2023-11-01,Sandila APMC,2419.54,sandila,Hardoi
Uttar Pradesh,Wheat,2023,11,2023-11-01,Sehjanwa APMC,,sehjanwa,Gorakhpur
Uttar Pradesh,Wheat,2023,11,2023-11-01,Shahabad APMC,2450.0,shahabad,Hardoi
Uttar Pradesh,Wheat,2023,11,2023-11-01,Shahabad(New Mandi) APMC,2379.58,shahabad(new mandi),Hardoi
Uttar Pradesh,Wheat,2023,11,2023-11-01,Shahaswan APMC,,shahaswan,Badaun
Uttar Pradesh,Wheat,2023,11,2023-11-01,Shahganj APMC,2388.4,shahganj,Jaunpur
Uttar Pradesh,Wheat,2023,11,2023-11-01,Shahjahanpur APMC,2408.02,shahjahanpur,Shahjahanpur
Uttar Pradesh,Wheat,2023,11,2023-11-01,Shahpur APMC,2140.0,shahpur,Muzaffarnagar
Uttar Pradesh,Wheat,2023,11,2023-11-01,Shamli APMC,2477.83,shamli,Shamli
Uttar Pradesh,Wheat,2023,11,2023-11-01,Shikohabad APMC,,shikohabad,Firozabad
Uttar Pradesh,Wheat,2023,11,2023-11-01,Sikandraraau APMC,2425.32,sikandraraau,Hathras
Uttar Pradesh,Wheat,2023,11,2023-11-01,Sikarpur APMC,,sikarpur,Bulandshahar
Uttar Pradesh,Wheat,2023,11,2023-11-01,Sirsa APMC,,sirsa,Gautam Buddha Nagar
Uttar Pradesh,Wheat,2023,11,2023-11-01,Sirsaganj APMC,,sirsaganj,Firozabad
Uttar Pradesh,Wheat,2023,11,2023-11-01,Sitapur APMC,2428.89,sitapur,Sitapur
Uttar Pradesh,Wheat,2023,11,2023-11-01,Siyana APMC,2294.25,siyana,Bulandshahar
Uttar Pradesh,Wheat,2023,11,2023-11-01,Sultanpur APMC,2490.82,sultanpur,Amethi
Uttar Pradesh,Wheat,2023,11,2023-11-01,Tamkuhi road APMC,2334.64,tamkuhi road,Kushinagar
Uttar Pradesh,Wheat,2023,11,2023-11-01,Thanabhawan APMC,2400.0,thanabhawan,Shamli
Uttar Pradesh,Wheat,2023,11,2023-11-01,Tikonia APMC,2490.17,tikonia,Kheri
Uttar Pradesh,Wheat,2023,11,2023-11-01,Tulsipur APMC,2662.78,tulsipur,Balrampur
Uttar Pradesh,Wheat,2023,11,2023-11-01,Tundla APMC,2562.79,tundla,Firozabad
Uttar Pradesh,Wheat,2023,11,2023-11-01,Ujhani APMC,2505.83,ujhani,Budaun
Uttar Pradesh,Wheat,2023,11,2023-11-01,Unnao APMC,2435.26,unnao,Unnao
Uttar Pradesh,Wheat,2023,11,2023-11-01,Uttaripura APMC,2524.34,uttaripura,Jaunpur
Uttar Pradesh,Wheat,2023,11,2023-11-01,Varanasi APMC,2390.83,varanasi,Varanasi
Uttar Pradesh,Wheat,2023,11,2023-11-01,Viswan APMC,2404.35,viswan,Sitapur
Uttar Pradesh,Wheat,2023,11,2023-11-01,Wazirganj APMC,2470.51,wazirganj,Budaun
Uttar Pradesh,Wheat,2023,11,2023-11-01,Yusufpur APMC,,yusufpur,Ghazipur
Uttar Pradesh,Wheat,2023,12,2023-12-01,Achalda APMC,2479.93,achalda,Auraiya
Uttar Pradesh,Wheat,2023,12,2023-12-01,Achnera APMC,2564.57,achnera,Agra
Uttar Pradesh,Wheat,2023,12,2023-12-01,Agra APMC,2569.51,agra,Agra
Uttar Pradesh,Wheat,2023,12,2023-12-01,Ahirora APMC,2478.56,ahirora,Mirzapur
Uttar Pradesh,Wheat,2023,12,2023-12-01,Ait APMC,2488.76,ait,Jalaun
Uttar Pradesh,Wheat,2023,12,2023-12-01,Ajuha APMC,2464.35,ajuha,Prayagraj
Uttar Pradesh,Wheat,2023,12,2023-12-01,Akbarpur APMC,2498.09,akbarpur,Ambedkarnagar
Uttar Pradesh,Wheat,2023,12,2023-12-01,Aliganj APMC,2408.53,aliganj,Etah
Uttar Pradesh,Wheat,2023,12,2023-12-01,Aligarh APMC,2460.5,aligarh,Aligarh
Uttar Pradesh,Wheat,2023,12,2023-12-01,Amroha APMC,2490.79,amroha,Amroha
Uttar Pradesh,Wheat,2023,12,2023-12-01,Anandnagar APMC,2436.8,anandnagar,Mahrajganj
Uttar Pradesh,Wheat,2023,12,2023-12-01,Atarra APMC,2381.11,atarra,Banda
Uttar Pradesh,Wheat,2023,12,2023-12-01,Auraiya APMC,2481.13,auraiya,Auraiya
Uttar Pradesh,Wheat,2023,12,2023-12-01,Ayodhya APMC,2497.64,ayodhya,Ayodhya
Uttar Pradesh,Wheat,2023,12,2023-12-01,Azamgarh APMC,2471.39,azamgarh,Azamgarh
Uttar Pradesh,Wheat,2023,12,2023-12-01,Baberu APMC,2189.66,baberu,Banda
Uttar Pradesh,Wheat,2023,12,2023-12-01,Babrala APMC,,babrala,Budaun
Uttar Pradesh,Wheat,2023,12,2023-12-01,Bachranwa APMC,2490.2,bachranwa,Rae Bareli
Uttar Pradesh,Wheat,2023,12,2023-12-01,Badayoun APMC,2520.88,badayoun,Budaun
Uttar Pradesh,Wheat,2023,12,2023-12-01,Bahraich APMC,2491.49,bahraich,Bahraich
Uttar Pradesh,Wheat,2023,12,2023-12-01,Ballia APMC,2466.66,ballia,Ballia
Uttar Pradesh,Wheat,2023,12,2023-12-01,Balrampur APMC,2451.34,balrampur,Balrampur
Uttar Pradesh,Wheat,2023,12,2023-12-01,Banda APMC,2398.5,banda,Banda
Uttar Pradesh,Wheat,2023,12,2023-12-01,Bangarmau APMC,2469.18,bangarmau,Unnao
Uttar Pradesh,Wheat,2023,12,2023-12-01,Bansi APMC,2480.0,bansi,Siddharthnagar
Uttar Pradesh,Wheat,2023,12,2023-12-01,Banthara APMC,2551.06,banthara,Lucknow
Uttar Pradesh,Wheat,2023,12,2023-12-01,Barabanki APMC,2522.8,barabanki,Bara Banki
Uttar Pradesh,Wheat,2023,12,2023-12-01,Bareilly APMC,2466.05,bareilly,Bareilly
Uttar Pradesh,Wheat,2023,12,2023-12-01,Barhaj APMC,2448.06,barhaj,Deoria
Uttar Pradesh,Wheat,2023,12,2023-12-01,Baripaal APMC,2357.62,baripaal,Jaunpur
Uttar Pradesh,Wheat,2023,12,2023-12-01,Basti APMC,2460.53,basti,Basti
Uttar Pradesh,Wheat,2023,12,2023-12-01,Bewar APMC,,bewar,Mainpuri
Uttar Pradesh,Wheat,2023,12,2023-12-01,Bharthna APMC,2460.38,bharthna,Etawah
Uttar Pradesh,Wheat,2023,12,2023-12-01,Bharuasumerpur APMC,2429.14,bharuasumerpur,Hamirpur
Uttar Pradesh,Wheat,2023,12,2023-12-01,Bharwari APMC,2449.93,bharwari,Kaushambi
Uttar Pradesh,Wheat,2023,12,2023-12-01,Bhehjoi APMC,,bhehjoi,Sambhal
Uttar Pradesh,Wheat,2023,12,2023-12-01,Bijnaur APMC,2488.75,bijnaur,Bijnor
Uttar Pradesh,Wheat,2023,12,2023-12-01,Bilsi APMC,,bilsi,Budaun
Uttar Pradesh,Wheat,2023,12,2023-12-01,Bindki APMC,2472.47,bindki,Fatehpur
Uttar Pradesh,Wheat,2023,12,2023-12-01,Bishalpur APMC,2504.41,bishalpur,Pilibhit
Uttar Pradesh,Wheat,2023,12,2023-12-01,Bisoli APMC,2400.0,bisoli,Badaun
Uttar Pradesh,Wheat,2023,12,2023-12-01,Buland Shahr APMC,2456.1,buland shahr,Bulandshahr
Uttar Pradesh,Wheat,2023,12,2023-12-01,Chandausi APMC,2485.0,chandausi,Sambhal
Uttar Pradesh,Wheat,2023,12,2023-12-01,Chandoli APMC,2466.53,chandoli,Chandauli
Uttar Pradesh,Wheat,2023,12,2023-12-01,Charkhari APMC,2408.5,charkhari,Mahoba
Uttar Pradesh,Wheat,2023,12,2023-12-01,Charra APMC,2446.69,charra,Aligarh
Uttar Pradesh,Wheat,2023,12,2023-12-01,Chhibramau APMC,2252.68,chhibramau,Kannauj
Uttar Pradesh,Wheat,2023,12,2023-12-01,Chirgaon APMC,2311.97,chirgaon,Jhansi
Uttar Pradesh,Wheat,2023,12,2023-12-01,Chorichora APMC,,chorichora,Gorakhpur
Uttar Pradesh,Wheat,2023,12,2023-12-01,Choubepur APMC,2555.82,choubepur,Jaunpur
Uttar Pradesh,Wheat,2023,12,2023-12-01,Colonelganj APMC,2400.0,colonelganj,Gonda
Uttar Pradesh,Wheat,2023,12,2023-12-01,DADRI APMC,2506.75,dadri,Gautam Buddha Nagar
Uttar Pradesh,Wheat,2023,12,2023-12-01,Dankaur APMC,2475.49,dankaur,Gautam Buddha Nagar
Uttar Pradesh,Wheat,2023,12,2023-12-01,Devariya APMC,2449.71,devariya,Deoria
Uttar Pradesh,Wheat,2023,12,2023-12-01,Dhanaura APMC,2134.79,dhanaura,Amroha
Uttar Pradesh,Wheat,2023,12,2023-12-01,Dibiapur APMC,,dibiapur,Auraiya
Uttar Pradesh,Wheat,2023,12,2023-12-01,Divai APMC,,divai,Bulandshahar
Uttar Pradesh,Wheat,2023,12,2023-12-01,Doharighat APMC,2510.0,doharighat,Azamgarh
Uttar Pradesh,Wheat,2023,12,2023-12-01,Etah APMC,2412.57,etah,Etah
Uttar Pradesh,Wheat,2023,12,2023-12-01,Etawah APMC,2484.57,etawah,Etawah
Uttar Pradesh,Wheat,2023,12,2023-12-01,Farukhabad APMC,2485.69,farukhabad,Farrukhabad
Uttar Pradesh,Wheat,2023,12,2023-12-01,Fatehabad APMC,,fatehabad,Agra
Uttar Pradesh,Wheat,2023,12,2023-12-01,Fatehpur APMC,2423.68,fatehpur,Fatehpur
Uttar Pradesh,Wheat,2023,12,2023-12-01,Fatehpur Sikri APMC,,fatehpur sikri,Agra
Uttar Pradesh,Wheat,2023,12,2023-12-01,Firozabad APMC,2595.19,firozabad,Firozabad
Uttar Pradesh,Wheat,2023,12,2023-12-01,Gazipur APMC,2469.28,gazipur,Azamgarh
Uttar Pradesh,Wheat,2023,12,2023-12-01,Ghaziabad APMC,2534.89,ghaziabad,Ghaziabad
Uttar Pradesh,Wheat,2023,12,2023-12-01,Ghiraur APMC,2377.87,ghiraur,Mainpuri
Uttar Pradesh,Wheat,2023,12,2023-12-01,Golagokarnath APMC,2446.65,golagokarnath,Lalitpur
Uttar Pradesh,Wheat,2023,12,2023-12-01,Gonda APMC,2511.55,gonda,Gonda
Uttar Pradesh,Wheat,2023,12,2023-12-01,Gopiganj APMC,2444.54,gopiganj,Bhadohi
Uttar Pradesh,Wheat,2023,12,2023-12-01,Gorakhpur APMC,2452.69,gorakhpur,Gorakhpur
Uttar Pradesh,Wheat,2023,12,2023-12-01,Gurusarai APMC,2430.5,gurusarai,Jhansi
Uttar Pradesh,Wheat,2023,12,2023-12-01,Haathras APMC,2520.32,haathras,Hathras
Uttar Pradesh,Wheat,2023,12,2023-12-01,Haldaur APMC,,haldaur,Bijnor
Uttar Pradesh,Wheat,2023,12,2023-12-01,Hapur APMC,2520.24,hapur,Ghaziabad
Uttar Pradesh,Wheat,2023,12,2023-12-01,Hardoi APMC,2437.9,hardoi,Hardoi
Uttar Pradesh,Wheat,2023,12,2023-12-01,Hargaon (Laharpur) APMC,2331.21,hargaon (laharpur),Sitapur
Uttar Pradesh,Wheat,2023,12,2023-12-01,Jafarganj APMC,2491.88,jafarganj,Amethi
Uttar Pradesh,Wheat,2023,12,2023-12-01,Jagnair APMC,2313.62,jagnair,Agra
Uttar Pradesh,Wheat,2023,12,2023-12-01,Jahanabad APMC,2160.26,jahanabad,Fatehpur
Uttar Pradesh,Wheat,2023,12,2023-12-01,Jahangirabad APMC,2461.55,jahangirabad,Bulandshahar
Uttar Pradesh,Wheat,2023,12,2023-12-01,Jalaun APMC,2387.37,jalaun,Jalaun
Uttar Pradesh,Wheat,2023,12,2023-12-01,Jamanian APMC,,jamanian,Ghazipur
Uttar Pradesh,Wheat,2023,12,2023-12-01,Jangipura APMC,2500.0,jangipura,Ghazipur
Uttar Pradesh,Wheat,2023,12,2023-12-01,Jasra APMC,2440.0,jasra,Prayagraj
Uttar Pradesh,Wheat,2023,12,2023-12-01,Jaunpur APMC,2491.64,jaunpur,Jaunpur
Uttar Pradesh,Wheat,2023,12,2023-12-01,Jayas APMC,2467.57,jayas,Rae Bareli
Uttar Pradesh,Wheat,2023,12,2023-12-01,Jhansi APMC,2378.37,jhansi,Jhansi
Uttar Pradesh,Wheat,2023,12,2023-12-01,Jhijhank APMC,2481.36,jhijhank,Kanpur Dehat
Uttar Pradesh,Wheat,2023,12,2023-12-01,Kadaura APMC,,kadaura,Jalaun
Uttar Pradesh,Wheat,2023,12,2023-12-01,Kamlaganj APMC,,kamlaganj,Farrukhabad
Uttar Pradesh,Wheat,2023,12,2023-12-01,Kannauj APMC,2493.77,kannauj,Kannauj
Uttar Pradesh,Wheat,2023,12,2023-12-01,Kanpur(Grain) APMC,2523.13,kanpur(grain),Jaunpur
Uttar Pradesh,Wheat,2023,12,2023-12-01,Karvi APMC,2409.82,karvi,Chitrakoot
Uttar Pradesh,Wheat,2023,12,2023-12-01,Kasganj APMC,2442.85,kasganj,Kasganj
Uttar Pradesh,Wheat,2023,12,2023-12-01,Kayamganj APMC,2513.68,kayamganj,Farrukhabad
Uttar Pradesh,Wheat,2023,12,2023-12-01,Khaga APMC,2451.58,khaga,Fatehpur
Uttar Pradesh,Wheat,2023,12,2023-12-01,Khair APMC,2476.07,khair,Aligarh
Uttar Pradesh,Wheat,2023,12,2023-12-01,Khairagarh APMC,,khairagarh,Agra
Uttar Pradesh,Wheat,2023,12,2023-12-01,Khurja APMC,2458.35,khurja,Bulandshahr
Uttar Pradesh,Wheat,2023,12,2023-12-01,Kishunpur APMC,2407.93,kishunpur,Bahraich
Uttar Pradesh,Wheat,2023,12,2023-12-01,Konch APMC,2425.69,konch,Jalaun
Uttar Pradesh,Wheat,2023,12,2023-12-01,Kopaganj APMC,,kopaganj,
Uttar Pradesh,Wheat,2023,12,2023-12-01,Kosikalan APMC,2520.32,kosikalan,Mathura
Uttar Pradesh,Wheat,2023,12,2023-12-01,Kurara APMC,2415.54,kurara,Hamirpur
Uttar Pradesh,Wheat,2023,12,2023-12-01,Lakhimpur APMC,2444.93,lakhimpur,Lalitpur
Uttar Pradesh,Wheat,2023,12,2023-12-01,Lalganj APMC,2422.76,lalganj,Rae Bareli
Uttar Pradesh,Wheat,2023,12,2023-12-01,Lalitpur APMC,2451.89,lalitpur,Lalitpur
Uttar Pradesh,Wheat,2023,12,2023-12-01,Lucknow APMC,2537.82,lucknow,Lucknow
Uttar Pradesh,Wheat,2023,12,2023-12-01,Madhoganj APMC,2443.39,madhoganj,Hardoi
Uttar Pradesh,Wheat,2023,12,2023-12-01,Madhogarh APMC,2386.85,madhogarh,Jalaun
Uttar Pradesh,Wheat,2023,12,2023-12-01,Mahoba APMC,2451.5,mahoba,Mahoba
Uttar Pradesh,Wheat,2023,12,2023-12-01,Maigalganj APMC,,maigalganj,Gorakhpur
Uttar Pradesh,Wheat,2023,12,2023-12-01,Mainpuri APMC,2364.06,mainpuri,Mainpuri
Uttar Pradesh,Wheat,2023,12,2023-12-01,Mathura APMC,2521.03,mathura,Mathura
Uttar Pradesh,Wheat,2023,12,2023-12-01,Mau(Chitrakut) APMC,,mau(chitrakut),Chitrakut
Uttar Pradesh,Wheat,2023,12,2023-12-01,Maudaha APMC,2322.46,maudaha,Hamirpur
Uttar Pradesh,Wheat,2023,12,2023-12-01,Mauranipur APMC,2388.09,mauranipur,Jhansi
Uttar Pradesh,Wheat,2023,12,2023-12-01,Meerut APMC,2521.18,meerut,Meerut
Uttar Pradesh,Wheat,2023,12,2023-12-01,Mehmoodabad APMC,2432.5,mehmoodabad,Sitapur
Uttar Pradesh,Wheat,2023,12,2023-12-01,Mehrauni APMC,2365.8,mehrauni,Lalitpur
Uttar Pradesh,Wheat,2023,12,2023-12-01,Milak APMC,2503.51,milak,Rampur
Uttar Pradesh,Wheat,2023,12,2023-12-01,Mirzapur APMC,2491.47,mirzapur,Mirzapur
Uttar Pradesh,Wheat,2023,12,2023-12-01,Mohamadabad APMC,2522.8,mohamadabad,Farrukhabad
Uttar Pradesh,Wheat,2023,12,2023-12-01,Mohammdi APMC,2454.15,mohammdi,Kheri
Uttar Pradesh,Wheat,2023,12,2023-12-01,Moth APMC,2367.38,moth,Jhansi
Uttar Pradesh,Wheat,2023,12,2023-12-01,Mugrabaadshahpur APMC,2490.93,mugrabaadshahpur,Jaunpur
Uttar Pradesh,Wheat,2023,12,2023-12-01,Muradabad APMC,2495.15,muradabad,Sambhal
Uttar Pradesh,Wheat,2023,12,2023-12-01,Muradnagar APMC,2480.0,muradnagar,Ghaziabad
Uttar Pradesh,Wheat,2023,12,2023-12-01,Muskara APMC,2422.52,muskara,Mahoba
Uttar Pradesh,Wheat,2023,12,2023-12-01,Muzzafarnagar APMC,2550.3,muzzafarnagar,Muzaffarnagar
Uttar Pradesh,Wheat,2023,12,2023-12-01,Naanpara APMC,2471.26,naanpara,Bahraich
Uttar Pradesh,Wheat,2023,12,2023-12-01,Najibabad APMC,,najibabad,Bijnor
Uttar Pradesh,Wheat,2023,12,2023-12-01,Naugarh APMC,2439.12,naugarh,Siddharthnagar
Uttar Pradesh,Wheat,2023,12,2023-12-01,Nautnava APMC,2528.26,nautnava,Maharajganj
Uttar Pradesh,Wheat,2023,12,2023-12-01,Nawabganj APMC,2423.24,nawabganj,Gonda
Uttar Pradesh,Wheat,2023,12,2023-12-01,Orai APMC,2447.12,orai,Jalaun
Uttar Pradesh,Wheat,2023,12,2023-12-01,Paliakala APMC,2392.73,paliakala,Kheri
Uttar Pradesh,Wheat,2023,12,2023-12-01,Panchpedwa APMC,2566.36,panchpedwa,Balrampur
Uttar Pradesh,Wheat,2023,12,2023-12-01,Partaval APMC,2399.45,partaval,Mahrajganj
Uttar Pradesh,Wheat,2023,12,2023-12-01,Pilibhit APMC,2528.81,pilibhit,Pilibhit
Uttar Pradesh,Wheat,2023,12,2023-12-01,Powayan APMC,2508.85,powayan,Shahjahanpur
Uttar Pradesh,Wheat,2023,12,2023-12-01,Pratapgarh APMC,2479.07,pratapgarh,Pratapgarh
Uttar Pradesh,Wheat,2023,12,2023-12-01,Prayagraj APMC,2449.29,prayagraj,Prayagraj
Uttar Pradesh,Wheat,2023,12,2023-12-01,Pukharayan APMC,2516.19,pukharayan,Kanpur Dehat
Uttar Pradesh,Wheat,2023,12,2023-12-01,Puranpur APMC,2522.34,puranpur,Pilibhit
Uttar Pradesh,Wheat,2023,12,2023-12-01,Purwa APMC,2505.44,purwa,Unnao
Uttar Pradesh,Wheat,2023,12,2023-12-01,Raath APMC,,raath,Hamirpur
Uttar Pradesh,Wheat,2023,12,2023-12-01,Raibareilly APMC,2419.05,raibareilly,Rae Bareli
Uttar Pradesh,Wheat,2023,12,2023-12-01,Rampur APMC,2529.76,rampur,Rampur
Uttar Pradesh,Wheat,2023,12,2023-12-01,Rasda APMC,2437.1,rasda,Ballia
Uttar Pradesh,Wheat,2023,12,2023-12-01,Robertsganj APMC,2460.56,robertsganj,Sonbhadra
Uttar Pradesh,Wheat,2023,12,2023-12-01,Rura APMC,2295.69,rura,Kanpur Dehat
Uttar Pradesh,Wheat,2023,12,2023-12-01,Safdarganj APMC,2532.84,safdarganj,Barabanki
Uttar Pradesh,Wheat,2023,12,2023-12-01,Saharanpur APMC,2565.43,saharanpur,Saharanpur
Uttar Pradesh,Wheat,2023,12,2023-12-01,Sahiyapur APMC,2197.3,sahiyapur,Siddharthnagar
Uttar Pradesh,Wheat,2023,12,2023-12-01,Salon APMC,2404.19,salon,Rae Bareli
Uttar Pradesh,Wheat,2023,12,2023-12-01,Samsabad APMC,2500.0,samsabad,Agra
Uttar Pradesh,Wheat,2023,12,2023-12-01,Sandi APMC,2439.78,sandi,Hardoi
Uttar Pradesh,Wheat,2023,12,2023-12-01,Sandila APMC,2448.37,sandila,Hardoi
Uttar Pradesh,Wheat,2023,12,2023-12-01,Sehjanwa APMC,2450.0,sehjanwa,Gorakhpur
Uttar Pradesh,Wheat,2023,12,2023-12-01,Shahabad APMC,,shahabad,Hardoi
Uttar Pradesh,Wheat,2023,12,2023-12-01,Shahabad(New Mandi) APMC,2453.0,shahabad(new mandi),Hardoi
Uttar Pradesh,Wheat,2023,12,2023-12-01,Shahganj APMC,2489.94,shahganj,Jaunpur
Uttar Pradesh,Wheat,2023,12,2023-12-01,Shahjahanpur APMC,2509.8,shahjahanpur,Shahjahanpur
Uttar Pradesh,Wheat,2023,12,2023-12-01,Shahpur APMC,,shahpur,Muzaffarnagar
Uttar Pradesh,Wheat,2023,12,2023-12-01,Shamli APMC,2556.98,shamli,Shamli
Uttar Pradesh,Wheat,2023,12,2023-12-01,Sikandraraau APMC,2394.32,sikandraraau,Hathras
Uttar Pradesh,Wheat,2023,12,2023-12-01,Sikarpur APMC,,sikarpur,Bulandshahar
Uttar Pradesh,Wheat,2023,12,2023-12-01,Sirsa APMC,,sirsa,Gautam Buddha Nagar
Uttar Pradesh,Wheat,2023,12,2023-12-01,Sirsaganj APMC,,sirsaganj,Firozabad
Uttar Pradesh,Wheat,2023,12,2023-12-01,Sitapur APMC,2432.28,sitapur,Sitapur
Uttar Pradesh,Wheat,2023,12,2023-12-01,Siyana APMC,2338.11,siyana,Bulandshahar
Uttar Pradesh,Wheat,2023,12,2023-12-01,Sultanpur APMC,2506.02,sultanpur,Amethi
Uttar Pradesh,Wheat,2023,12,2023-12-01,Tamkuhi road APMC,2424.44,tamkuhi road,Kushinagar
Uttar Pradesh,Wheat,2023,12,2023-12-01,Thanabhawan APMC,,thanabhawan,Shamli
Uttar Pradesh,Wheat,2023,12,2023-12-01,Tikonia APMC,,tikonia,Kheri
Uttar Pradesh,Wheat,2023,12,2023-12-01,Tulsipur APMC,2402.58,tulsipur,Balrampur
Uttar Pradesh,Wheat,2023,12,2023-12-01,Tundla APMC,2539.82,tundla,Firozabad
Uttar Pradesh,Wheat,2023,12,2023-12-01,Ujhani APMC,2548.72,ujhani,Budaun
Uttar Pradesh,Wheat,2023,12,2023-12-01,Unnao APMC,2510.06,unnao,Unnao
Uttar Pradesh,Wheat,2023,12,2023-12-01,Uttaripura APMC,2528.37,uttaripura,Jaunpur
Uttar Pradesh,Wheat,2023,12,2023-12-01,Varanasi APMC,2493.53,varanasi,Varanasi
Uttar Pradesh,Wheat,2023,12,2023-12-01,Viswan APMC,2414.02,viswan,Sitapur
Uttar Pradesh,Wheat,2023,12,2023-12-01,Wazirganj APMC,2504.17,wazirganj,Budaun
Uttar Pradesh,Wheat,2023,12,2023-12-01,Yusufpur APMC,,yusufpur,Ghazipur
Uttar Pradesh,Wheat,2024,1,2024-01-01,Achalda APMC,2497.39,achalda,Auraiya
Uttar Pradesh,Wheat,2024,1,2024-01-01,Achnera APMC,2551.54,achnera,Agra
Uttar Pradesh,Wheat,2024,1,2024-01-01,Agra APMC,2558.03,agra,Agra
Uttar Pradesh,Wheat,2024,1,2024-01-01,Ahirora APMC,2528.86,ahirora,Mirzapur
Uttar Pradesh,Wheat,2024,1,2024-01-01,Ait APMC,2557.72,ait,Jalaun
Uttar Pradesh,Wheat,2024,1,2024-01-01,Ajuha APMC,2431.18,ajuha,Prayagraj
Uttar Pradesh,Wheat,2024,1,2024-01-01,Akbarpur APMC,2559.01,akbarpur,Ambedkarnagar
Uttar Pradesh,Wheat,2024,1,2024-01-01,Aliganj APMC,2335.65,aliganj,Etah
Uttar Pradesh,Wheat,2024,1,2024-01-01,Aligarh APMC,2536.2,aligarh,Aligarh
Uttar Pradesh,Wheat,2024,1,2024-01-01,Amroha APMC,2550.72,amroha,Amroha
Uttar Pradesh,Wheat,2024,1,2024-01-01,Anandnagar APMC,2444.54,anandnagar,Mahrajganj
Uttar Pradesh,Wheat,2024,1,2024-01-01,Atarra APMC,2452.79,atarra,Banda
Uttar Pradesh,Wheat,2024,1,2024-01-01,Auraiya APMC,2503.34,auraiya,Auraiya
Uttar Pradesh,Wheat,2024,1,2024-01-01,Ayodhya APMC,2561.59,ayodhya,Ayodhya
Uttar Pradesh,Wheat,2024,1,2024-01-01,Azamgarh APMC,2517.09,azamgarh,Azamgarh
Uttar Pradesh,Wheat,2024,1,2024-01-01,Baberu APMC,2200.0,baberu,Banda
Uttar Pradesh,Wheat,2024,1,2024-01-01,Babrala APMC,2165.0,babrala,Budaun
Uttar Pradesh,Wheat,2024,1,2024-01-01,Bachranwa APMC,2496.05,bachranwa,Rae Bareli
Uttar Pradesh,Wheat,2024,1,2024-01-01,Badayoun APMC,2542.08,badayoun,Budaun
Uttar Pradesh,Wheat,2024,1,2024-01-01,Bahraich APMC,2498.83,bahraich,Bahraich
Uttar Pradesh,Wheat,2024,1,2024-01-01,Ballia APMC,2510.6,ballia,Ballia
Uttar Pradesh,Wheat,2024,1,2024-01-01,Balrampur APMC,,balrampur,Balrampur
Uttar Pradesh,Wheat,2024,1,2024-01-01,Banda APMC,2465.6,banda,Banda
Uttar Pradesh,Wheat,2024,1,2024-01-01,Bangarmau APMC,2504.96,bangarmau,Unnao
Uttar Pradesh,Wheat,2024,1,2024-01-01,Bansi APMC,2530.0,bansi,Siddharthnagar
Uttar Pradesh,Wheat,2024,1,2024-01-01,Banthara APMC,2526.2,banthara,Lucknow
Uttar Pradesh,Wheat,2024,1,2024-01-01,Barabanki APMC,2538.73,barabanki,Bara Banki
Uttar Pradesh,Wheat,2024,1,2024-01-01,Bareilly APMC,2468.24,bareilly,Bareilly
Uttar Pradesh,Wheat,2024,1,2024-01-01,Barhaj APMC,2442.54,barhaj,Deoria
Uttar Pradesh,Wheat,2024,1,2024-01-01,Baripaal APMC,2390.4,baripaal,Jaunpur
Uttar Pradesh,Wheat,2024,1,2024-01-01,Basti APMC,2516.84,basti,Basti
Uttar Pradesh,Wheat,2024,1,2024-01-01,Bewar APMC,2316.25,bewar,Mainpuri
Uttar Pradesh,Wheat,2024,1,2024-01-01,Bharthna APMC,2460.29,bharthna,Etawah
Uttar Pradesh,Wheat,2024,1,2024-01-01,Bharuasumerpur APMC,2493.84,bharuasumerpur,Hamirpur
Uttar Pradesh,Wheat,2024,1,2024-01-01,Bharwari APMC,2379.0,bharwari,Kaushambi
Uttar Pradesh,Wheat,2024,1,2024-01-01,Bijnaur APMC,2550.36,bijnaur,Bijnor
Uttar Pradesh,Wheat,2024,1,2024-01-01,Bilsi APMC,2530.04,bilsi,Budaun
Uttar Pradesh,Wheat,2024,1,2024-01-01,Bindki APMC,2537.3,bindki,Fatehpur
Uttar Pradesh,Wheat,2024,1,2024-01-01,Bishalpur APMC,2539.12,bishalpur,Pilibhit
Uttar Pradesh,Wheat,2024,1,2024-01-01,Bisoli APMC,2400.0,bisoli,Badaun
Uttar Pradesh,Wheat,2024,1,2024-01-01,Buland Shahr APMC,2472.06,buland shahr,Bulandshahr
Uttar Pradesh,Wheat,2024,1,2024-01-01,Chandausi APMC,2544.74,chandausi,Sambhal
Uttar Pradesh,Wheat,2024,1,2024-01-01,Chandoli APMC,2520.03,chandoli,Chandauli
Uttar Pradesh,Wheat,2024,1,2024-01-01,Charkhari APMC,,charkhari,Mahoba
Uttar Pradesh,Wheat,2024,1,2024-01-01,Charra APMC,2495.76,charra,Aligarh
Uttar Pradesh,Wheat,2024,1,2024-01-01,Chhibramau APMC,2335.09,chhibramau,Kannauj
Uttar Pradesh,Wheat,2024,1,2024-01-01,Chirgaon APMC,,chirgaon,Jhansi
Uttar Pradesh,Wheat,2024,1,2024-01-01,Chorichora APMC,2238.57,chorichora,Gorakhpur
Uttar Pradesh,Wheat,2024,1,2024-01-01,Choubepur APMC,2518.12,choubepur,Jaunpur
Uttar Pradesh,Wheat,2024,1,2024-01-01,Colonelganj APMC,2550.0,colonelganj,Gonda
Uttar Pradesh,Wheat,2024,1,2024-01-01,DADRI APMC,2519.4,dadri,Gautam Buddha Nagar
Uttar Pradesh,Wheat,2024,1,2024-01-01,Dankaur APMC,2532.47,dankaur,Gautam Buddha Nagar
Uttar Pradesh,Wheat,2024,1,2024-01-01,Devariya APMC,2448.17,devariya,Deoria
Uttar Pradesh,Wheat,2024,1,2024-01-01,Dhanaura APMC,2135.4,dhanaura,Amroha
Uttar Pradesh,Wheat,2024,1,2024-01-01,Dibiapur APMC,2358.3,dibiapur,Auraiya
Uttar Pradesh,Wheat,2024,1,2024-01-01,Divai APMC,,divai,Bulandshahar
Uttar Pradesh,Wheat,2024,1,2024-01-01,Doharighat APMC,2525.0,doharighat,Azamgarh
Uttar Pradesh,Wheat,2024,1,2024-01-01,Etah APMC,2318.44,etah,Etah
Uttar Pradesh,Wheat,2024,1,2024-01-01,Etawah APMC,2472.29,etawah,Etawah
Uttar Pradesh,Wheat,2024,1,2024-01-01,Farukhabad APMC,2494.01,farukhabad,Farrukhabad
Uttar Pradesh,Wheat,2024,1,2024-01-01,Fatehabad APMC,,fatehabad,Agra
Uttar Pradesh,Wheat,2024,1,2024-01-01,Fatehpur APMC,2406.64,fatehpur,Fatehpur
Uttar Pradesh,Wheat,2024,1,2024-01-01,Fatehpur Sikri APMC,2575.0,fatehpur sikri,Agra
Uttar Pradesh,Wheat,2024,1,2024-01-01,Firozabad APMC,2668.45,firozabad,Firozabad
Uttar Pradesh,Wheat,2024,1,2024-01-01,Gazipur APMC,2518.2,gazipur,Azamgarh
Uttar Pradesh,Wheat,2024,1,2024-01-01,Ghaziabad APMC,2535.39,ghaziabad,Ghaziabad
Uttar Pradesh,Wheat,2024,1,2024-01-01,Ghiraur APMC,2447.42,ghiraur,Mainpuri
Uttar Pradesh,Wheat,2024,1,2024-01-01,Golagokarnath APMC,2489.31,golagokarnath,Lalitpur
Uttar Pradesh,Wheat,2024,1,2024-01-01,Gonda APMC,2581.23,gonda,Gonda
Uttar Pradesh,Wheat,2024,1,2024-01-01,Gopiganj APMC,2467.62,gopiganj,Bhadohi
Uttar Pradesh,Wheat,2024,1,2024-01-01,Gorakhpur APMC,2434.47,gorakhpur,Gorakhpur
Uttar Pradesh,Wheat,2024,1,2024-01-01,Gurusarai APMC,2386.76,gurusarai,Jhansi
Uttar Pradesh,Wheat,2024,1,2024-01-01,Haathras APMC,2489.03,haathras,Hathras
Uttar Pradesh,Wheat,2024,1,2024-01-01,Hapur APMC,2515.67,hapur,Ghaziabad
Uttar Pradesh,Wheat,2024,1,2024-01-01,Hardoi APMC,2489.41,hardoi,Hardoi
Uttar Pradesh,Wheat,2024,1,2024-01-01,Hargaon (Laharpur) APMC,2410.71,hargaon (laharpur),Sitapur
Uttar Pradesh,Wheat,2024,1,2024-01-01,Jafarganj APMC,2549.44,jafarganj,Amethi
Uttar Pradesh,Wheat,2024,1,2024-01-01,Jagnair APMC,2244.85,jagnair,Agra
Uttar Pradesh,Wheat,2024,1,2024-01-01,Jahanabad APMC,2160.0,jahanabad,Fatehpur
Uttar Pradesh,Wheat,2024,1,2024-01-01,Jahangirabad APMC,2518.82,jahangirabad,Bulandshahar
Uttar Pradesh,Wheat,2024,1,2024-01-01,Jalaun APMC,2487.42,jalaun,Jalaun
Uttar Pradesh,Wheat,2024,1,2024-01-01,Jamanian APMC,,jamanian,Ghazipur
Uttar Pradesh,Wheat,2024,1,2024-01-01,Jangipura APMC,,jangipura,Ghazipur
Uttar Pradesh,Wheat,2024,1,2024-01-01,Jasra APMC,2414.96,jasra,Prayagraj
Uttar Pradesh,Wheat,2024,1,2024-01-01,Jasvantnagar APMC,2484.24,jasvantnagar,Etawah
Uttar Pradesh,Wheat,2024,1,2024-01-01,Jaunpur APMC,2526.1,jaunpur,Jaunpur
Uttar Pradesh,Wheat,2024,1,2024-01-01,Jayas APMC,2533.55,jayas,Rae Bareli
Uttar Pradesh,Wheat,2024,1,2024-01-01,Jhansi APMC,2433.38,jhansi,Jhansi
Uttar Pradesh,Wheat,2024,1,2024-01-01,Jhijhank APMC,2500.59,jhijhank,Kanpur Dehat
Uttar Pradesh,Wheat,2024,1,2024-01-01,Kadaura APMC,,kadaura,Jalaun
Uttar Pradesh,Wheat,2024,1,2024-01-01,Kalpi APMC,,kalpi,Jalaun
Uttar Pradesh,Wheat,2024,1,2024-01-01,Kamlaganj APMC,,kamlaganj,Farrukhabad
Uttar Pradesh,Wheat,2024,1,2024-01-01,Kannauj APMC,2477.11,kannauj,Kannauj
Uttar Pradesh,Wheat,2024,1,2024-01-01,Kanpur(Grain) APMC,2549.38,kanpur(grain),Jaunpur
Uttar Pradesh,Wheat,2024,1,2024-01-01,Karvi APMC,2453.14,karvi,Chitrakoot
Uttar Pradesh,Wheat,2024,1,2024-01-01,Kasganj APMC,2348.53,kasganj,Kasganj
Uttar Pradesh,Wheat,2024,1,2024-01-01,Kayamganj APMC,2520.78,kayamganj,Farrukhabad
Uttar Pradesh,Wheat,2024,1,2024-01-01,Khaga APMC,2463.36,khaga,Fatehpur
Uttar Pradesh,Wheat,2024,1,2024-01-01,Khair APMC,2528.09,khair,Aligarh
Uttar Pradesh,Wheat,2024,1,2024-01-01,Khairagarh APMC,,khairagarh,Agra
Uttar Pradesh,Wheat,2024,1,2024-01-01,Khurja APMC,2489.45,khurja,Bulandshahr
Uttar Pradesh,Wheat,2024,1,2024-01-01,Kishunpur APMC,2452.09,kishunpur,Bahraich
Uttar Pradesh,Wheat,2024,1,2024-01-01,Konch APMC,2461.46,konch,Jalaun
Uttar Pradesh,Wheat,2024,1,2024-01-01,Kopaganj APMC,2525.0,kopaganj,
Uttar Pradesh,Wheat,2024,1,2024-01-01,Kosikalan APMC,2490.0,kosikalan,Mathura
Uttar Pradesh,Wheat,2024,1,2024-01-01,Kurara APMC,2387.62,kurara,Hamirpur
Uttar Pradesh,Wheat,2024,1,2024-01-01,Lakhimpur APMC,2493.95,lakhimpur,Lalitpur
Uttar Pradesh,Wheat,2024,1,2024-01-01,Lalganj APMC,2474.04,lalganj,Rae Bareli
Uttar Pradesh,Wheat,2024,1,2024-01-01,Lalitpur APMC,2459.86,lalitpur,Lalitpur
Uttar Pradesh,Wheat,2024,1,2024-01-01,Lucknow APMC,2542.82,lucknow,Lucknow
Uttar Pradesh,Wheat,2024,1,2024-01-01,Madhoganj APMC,2475.19,madhoganj,Hardoi
Uttar Pradesh,Wheat,2024,1,2024-01-01,Madhogarh APMC,2429.79,madhogarh,Jalaun
Uttar Pradesh,Wheat,2024,1,2024-01-01,Mahoba APMC,2468.11,mahoba,Mahoba
Uttar Pradesh,Wheat,2024,1,2024-01-01,Maigalganj APMC,,maigalganj,Gorakhpur
Uttar Pradesh,Wheat,2024,1,2024-01-01,Mainpuri APMC,2428.75,mainpuri,Mainpuri
Uttar Pradesh,Wheat,2024,1,2024-01-01,Mathura APMC,2530.51,mathura,Mathura
Uttar Pradesh,Wheat,2024,1,2024-01-01,Maudaha APMC,2326.56,maudaha,Hamirpur
Uttar Pradesh,Wheat,2024,1,2024-01-01,Mauranipur APMC,2365.4,mauranipur,Jhansi
Uttar Pradesh,Wheat,2024,1,2024-01-01,Mawana APMC,,mawana,Meerut
Uttar Pradesh,Wheat,2024,1,2024-01-01,Meerut APMC,2519.22,meerut,Meerut
Uttar Pradesh,Wheat,2024,1,2024-01-01,Mehmoodabad APMC,2456.02,mehmoodabad,Sitapur
Uttar Pradesh,Wheat,2024,1,2024-01-01,Mehrauni APMC,,mehrauni,Lalitpur
Uttar Pradesh,Wheat,2024,1,2024-01-01,Milak APMC,2526.47,milak,Rampur
Uttar Pradesh,Wheat,2024,1,2024-01-01,Mirzapur APMC,2523.91,mirzapur,Mirzapur
Uttar Pradesh,Wheat,2024,1,2024-01-01,Mohamadabad APMC,2500.76,mohamadabad,Farrukhabad
Uttar Pradesh,Wheat,2024,1,2024-01-01,Mohammdi APMC,2494.37,mohammdi,Kheri
Uttar Pradesh,Wheat,2024,1,2024-01-01,Moth APMC,2427.73,moth,Jhansi
Uttar Pradesh,Wheat,2024,1,2024-01-01,Mugrabaadshahpur APMC,2524.48,mugrabaadshahpur,Jaunpur
Uttar Pradesh,Wheat,2024,1,2024-01-01,Muradabad APMC,2551.43,muradabad,Sambhal
Uttar Pradesh,Wheat,2024,1,2024-01-01,Muradnagar APMC,2560.0,muradnagar,Ghaziabad
Uttar Pradesh,Wheat,2024,1,2024-01-01,Muskara APMC,2456.06,muskara,Mahoba
Uttar Pradesh,Wheat,2024,1,2024-01-01,Muzzafarnagar APMC,2517.12,muzzafarnagar,Muzaffarnagar
Uttar Pradesh,Wheat,2024,1,2024-01-01,Naanpara APMC,2517.34,naanpara,Bahraich
Uttar Pradesh,Wheat,2024,1,2024-01-01,Naugarh APMC,2470.23,naugarh,Siddharthnagar
Uttar Pradesh,Wheat,2024,1,2024-01-01,Nautnava APMC,2520.51,nautnava,Maharajganj
Uttar Pradesh,Wheat,2024,1,2024-01-01,Nawabganj APMC,2536.26,nawabganj,Gonda
Uttar Pradesh,Wheat,2024,1,2024-01-01,Orai APMC,2513.7,orai,Jalaun
Uttar Pradesh,Wheat,2024,1,2024-01-01,Paliakala APMC,2455.58,paliakala,Kheri
Uttar Pradesh,Wheat,2024,1,2024-01-01,Panchpedwa APMC,2599.5,panchpedwa,Balrampur
Uttar Pradesh,Wheat,2024,1,2024-01-01,Partaval APMC,2460.0,partaval,Mahrajganj
Uttar Pradesh,Wheat,2024,1,2024-01-01,Pilibhit APMC,2571.75,pilibhit,Pilibhit
Uttar Pradesh,Wheat,2024,1,2024-01-01,Powayan APMC,2526.54,powayan,Shahjahanpur
Uttar Pradesh,Wheat,2024,1,2024-01-01,Pratapgarh APMC,2478.46,pratapgarh,Pratapgarh
Uttar Pradesh,Wheat,2024,1,2024-01-01,Prayagraj APMC,2433.64,prayagraj,Prayagraj
Uttar Pradesh,Wheat,2024,1,2024-01-01,Pukharayan APMC,2477.38,pukharayan,Kanpur Dehat
Uttar Pradesh,Wheat,2024,1,2024-01-01,Puranpur APMC,2579.26,puranpur,Pilibhit
Uttar Pradesh,Wheat,2024,1,2024-01-01,Purwa APMC,2508.71,purwa,Unnao
Uttar Pradesh,Wheat,2024,1,2024-01-01,Raath APMC,,raath,Hamirpur
Uttar Pradesh,Wheat,2024,1,2024-01-01,Raibareilly APMC,2452.8,raibareilly,Rae Bareli
Uttar Pradesh,Wheat,2024,1,2024-01-01,Rampur APMC,2554.59,rampur,Rampur
Uttar Pradesh,Wheat,2024,1,2024-01-01,Rasda APMC,2497.24,rasda,Ballia
Uttar Pradesh,Wheat,2024,1,2024-01-01,Robertsganj APMC,2529.76,robertsganj,Sonbhadra
Uttar Pradesh,Wheat,2024,1,2024-01-01,Rura APMC,,rura,Kanpur Dehat
Uttar Pradesh,Wheat,2024,1,2024-01-01,Safdarganj APMC,2538.71,safdarganj,Barabanki
Uttar Pradesh,Wheat,2024,1,2024-01-01,Saharanpur APMC,2510.74,saharanpur,Saharanpur
Uttar Pradesh,Wheat,2024,1,2024-01-01,Sahiyapur APMC,2512.74,sahiyapur,Siddharthnagar
Uttar Pradesh,Wheat,2024,1,2024-01-01,Salon APMC,2460.5,salon,Rae Bareli
Uttar Pradesh,Wheat,2024,1,2024-01-01,Samsabad APMC,2500.0,samsabad,Agra
Uttar Pradesh,Wheat,2024,1,2024-01-01,Sandi APMC,2481.43,sandi,Hardoi
Uttar Pradesh,Wheat,2024,1,2024-01-01,Sandila APMC,2481.5,sandila,Hardoi
Uttar Pradesh,Wheat,2024,1,2024-01-01,Sehjanwa APMC,,sehjanwa,Gorakhpur
Uttar Pradesh,Wheat,2024,1,2024-01-01,Shahabad APMC,,shahabad,Hardoi
Uttar Pradesh,Wheat,2024,1,2024-01-01,Shahabad(New Mandi) APMC,2482.69,shahabad(new mandi),Hardoi
Uttar Pradesh,Wheat,2024,1,2024-01-01,Shahaswan APMC,2492.31,shahaswan,Badaun
Uttar Pradesh,Wheat,2024,1,2024-01-01,Shahganj APMC,2511.74,shahganj,Jaunpur
Uttar Pradesh,Wheat,2024,1,2024-01-01,Shahjahanpur APMC,2572.2,shahjahanpur,Shahjahanpur
Uttar Pradesh,Wheat,2024,1,2024-01-01,Shahpur APMC,,shahpur,Muzaffarnagar
Uttar Pradesh,Wheat,2024,1,2024-01-01,Shamli APMC,2508.06,shamli,Shamli
Uttar Pradesh,Wheat,2024,1,2024-01-01,Shikohabad APMC,2450.0,shikohabad,Firozabad
Uttar Pradesh,Wheat,2024,1,2024-01-01,Sikandraraau APMC,2392.04,sikandraraau,Hathras
Uttar Pradesh,Wheat,2024,1,2024-01-01,Sirsa APMC,2250.0,sirsa,Gautam Buddha Nagar
Uttar Pradesh,Wheat,2024,1,2024-01-01,Sirsaganj APMC,,sirsaganj,Firozabad
Uttar Pradesh,Wheat,2024,1,2024-01-01,Sitapur APMC,2454.28,sitapur,Sitapur
Uttar Pradesh,Wheat,2024,1,2024-01-01,Siyana APMC,2388.62,siyana,Bulandshahar
Uttar Pradesh,Wheat,2024,1,2024-01-01,Sultanpur APMC,2557.93,sultanpur,Amethi
Uttar Pradesh,Wheat,2024,1,2024-01-01,Tamkuhi road APMC,2417.14,tamkuhi road,Kushinagar
Uttar Pradesh,Wheat,2024,1,2024-01-01,Tikonia APMC,,tikonia,Kheri
Uttar Pradesh,Wheat,2024,1,2024-01-01,Tulsipur APMC,2443.85,tulsipur,Balrampur
Uttar Pradesh,Wheat,2024,1,2024-01-01,Tundla APMC,2581.43,tundla,Firozabad
Uttar Pradesh,Wheat,2024,1,2024-01-01,Ujhani APMC,2518.65,ujhani,Budaun
Uttar Pradesh,Wheat,2024,1,2024-01-01,Unnao APMC,2513.85,unnao,Unnao
Uttar Pradesh,Wheat,2024,1,2024-01-01,Uttaripura APMC,2473.93,uttaripura,Jaunpur
Uttar Pradesh,Wheat,2024,1,2024-01-01,Varanasi APMC,2525.15,varanasi,Varanasi
Uttar Pradesh,Wheat,2024,1,2024-01-01,Viswan APMC,2434.43,viswan,Sitapur
Uttar Pradesh,Wheat,2024,1,2024-01-01,Wazirganj APMC,2514.71,wazirganj,Budaun
Uttar Pradesh,Wheat,2024,1,2024-01-01,Yusufpur APMC,,yusufpur,Ghazipur
Uttar Pradesh,Wheat,2024,2,2024-02-01,Achalda APMC,2488.15,achalda,Auraiya
Uttar Pradesh,Wheat,2024,2,2024-02-01,Achnera APMC,2625.22,achnera,Agra
Uttar Pradesh,Wheat,2024,2,2024-02-01,Agra APMC,2588.41,agra,Agra
Uttar Pradesh,Wheat,2024,2,2024-02-01,Ahirora APMC,2560.58,ahirora,Mirzapur
Uttar Pradesh,Wheat,2024,2,2024-02-01,Ait APMC,2442.8,ait,Jalaun
Uttar Pradesh,Wheat,2024,2,2024-02-01,Ajuha APMC,2448.3,ajuha,Prayagraj
Uttar Pradesh,Wheat,2024,2,2024-02-01,Akbarpur APMC,2626.43,akbarpur,Ambedkarnagar
Uttar Pradesh,Wheat,2024,2,2024-02-01,Aliganj APMC,2315.49,aliganj,Etah
Uttar Pradesh,Wheat,2024,2,2024-02-01,Aligarh APMC,2486.8,aligarh,Aligarh
Uttar Pradesh,Wheat,2024,2,2024-02-01,Amroha APMC,2565.24,amroha,Amroha
Uttar Pradesh,Wheat,2024,2,2024-02-01,Anandnagar APMC,2170.8,anandnagar,Mahrajganj
Uttar Pradesh,Wheat,2024,2,2024-02-01,Anoop Shahar APMC,2342.57,anoop shahar,Bulandshahr
Uttar Pradesh,Wheat,2024,2,2024-02-01,Atarra APMC,2392.28,atarra,Banda
Uttar Pradesh,Wheat,2024,2,2024-02-01,Atrauli APMC,2235.71,atrauli,Aligarh
Uttar Pradesh,Wheat,2024,2,2024-02-01,Auraiya APMC,2476.54,auraiya,Auraiya
Uttar Pradesh,Wheat,2024,2,2024-02-01,Ayodhya APMC,2622.24,ayodhya,Ayodhya
Uttar Pradesh,Wheat,2024,2,2024-02-01,Azamgarh APMC,2538.36,azamgarh,Azamgarh
Uttar Pradesh,Wheat,2024,2,2024-02-01,Baberu APMC,2200.0,baberu,Banda
Uttar Pradesh,Wheat,2024,2,2024-02-01,Babrala APMC,,babrala,Budaun
Uttar Pradesh,Wheat,2024,2,2024-02-01,Bachranwa APMC,2415.07,bachranwa,Rae Bareli
Uttar Pradesh,Wheat,2024,2,2024-02-01,Badayoun APMC,2567.25,badayoun,Budaun
Uttar Pradesh,Wheat,2024,2,2024-02-01,Baheri APMC,2175.0,baheri,Bareilly
Uttar Pradesh,Wheat,2024,2,2024-02-01,Bahraich APMC,2543.01,bahraich,Bahraich
Uttar Pradesh,Wheat,2024,2,2024-02-01,Ballia APMC,2520.98,ballia,Ballia
Uttar Pradesh,Wheat,2024,2,2024-02-01,Balrampur APMC,2550.0,balrampur,Balrampur
Uttar Pradesh,Wheat,2024,2,2024-02-01,Banda APMC,2420.21,banda,Banda
Uttar Pradesh,Wheat,2024,2,2024-02-01,Bangarmau APMC,2467.53,bangarmau,Unnao
Uttar Pradesh,Wheat,2024,2,2024-02-01,Bansi APMC,2460.0,bansi,Siddharthnagar
Uttar Pradesh,Wheat,2024,2,2024-02-01,Banthara APMC,2504.41,banthara,Lucknow
Uttar Pradesh,Wheat,2024,2,2024-02-01,Barabanki APMC,2594.26,barabanki,Bara Banki
Uttar Pradesh,Wheat,2024,2,2024-02-01,Bareilly APMC,2450.91,bareilly,Bareilly
Uttar Pradesh,Wheat,2024,2,2024-02-01,Barhaj APMC,,barhaj,Deoria
Uttar Pradesh,Wheat,2024,2,2024-02-01,Baripaal APMC,2368.63,baripaal,Jaunpur
Uttar Pradesh,Wheat,2024,2,2024-02-01,Basti APMC,2465.72,basti,Basti
Uttar Pradesh,Wheat,2024,2,2024-02-01,Bewar APMC,2250.0,bewar,Mainpuri
Uttar Pradesh,Wheat,2024,2,2024-02-01,Bharthna APMC,2494.32,bharthna,Etawah
Uttar Pradesh,Wheat,2024,2,2024-02-01,Bharuasumerpur APMC,2406.39,bharuasumerpur,Hamirpur
Uttar Pradesh,Wheat,2024,2,2024-02-01,Bharwari APMC,2445.43,bharwari,Kaushambi
Uttar Pradesh,Wheat,2024,2,2024-02-01,Bijnaur APMC,2569.1,bijnaur,Bijnor
Uttar Pradesh,Wheat,2024,2,2024-02-01,Bilsi APMC,2511.69,bilsi,Budaun
Uttar Pradesh,Wheat,2024,2,2024-02-01,Bindki APMC,2439.21,bindki,Fatehpur
Uttar Pradesh,Wheat,2024,2,2024-02-01,Bishalpur APMC,2580.73,bishalpur,Pilibhit
Uttar Pradesh,Wheat,2024,2,2024-02-01,Bisoli APMC,2400.0,bisoli,Badaun
Uttar Pradesh,Wheat,2024,2,2024-02-01,Buland Shahr APMC,2432.27,buland shahr,Bulandshahr
Uttar Pradesh,Wheat,2024,2,2024-02-01,Chandausi APMC,2569.62,chandausi,Sambhal
Uttar Pradesh,Wheat,2024,2,2024-02-01,Chandoli APMC,2544.58,chandoli,Chandauli
Uttar Pradesh,Wheat,2024,2,2024-02-01,Charkhari APMC,,charkhari,Mahoba
Uttar Pradesh,Wheat,2024,2,2024-02-01,Charra APMC,2465.79,charra,Aligarh
Uttar Pradesh,Wheat,2024,2,2024-02-01,Chhibramau APMC,2334.09,chhibramau,Kannauj
Uttar Pradesh,Wheat,2024,2,2024-02-01,Chirgaon APMC,,chirgaon,Jhansi
Uttar Pradesh,Wheat,2024,2,2024-02-01,Chorichora APMC,2186.93,chorichora,Gorakhpur
Uttar Pradesh,Wheat,2024,2,2024-02-01,Choubepur APMC,2536.17,choubepur,Jaunpur
Uttar Pradesh,Wheat,2024,2,2024-02-01,Colonelganj APMC,2560.0,colonelganj,Gonda
Uttar Pradesh,Wheat,2024,2,2024-02-01,DADRI APMC,2523.57,dadri,Gautam Buddha Nagar
Uttar Pradesh,Wheat,2024,2,2024-02-01,Dankaur APMC,2512.6,dankaur,Gautam Buddha Nagar
Uttar Pradesh,Wheat,2024,2,2024-02-01,Devariya APMC,2427.74,devariya,Deoria
Uttar Pradesh,Wheat,2024,2,2024-02-01,Dhanaura APMC,2135.0,dhanaura,Amroha
Uttar Pradesh,Wheat,2024,2,2024-02-01,Dibiapur APMC,2436.24,dibiapur,Auraiya
Uttar Pradesh,Wheat,2024,2,2024-02-01,Divai APMC,,divai,Bulandshahar
Uttar Pradesh,Wheat,2024,2,2024-02-01,Doharighat APMC,2560.0,doharighat,Azamgarh
Uttar Pradesh,Wheat,2024,2,2024-02-01,Etah APMC,2316.72,etah,Etah
Uttar Pradesh,Wheat,2024,2,2024-02-01,Etawah APMC,2506.52,etawah,Etawah
Uttar Pradesh,Wheat,2024,2,2024-02-01,Farukhabad APMC,2441.79,farukhabad,Farrukhabad
Uttar Pradesh,Wheat,2024,2,2024-02-01,Fatehabad APMC,,fatehabad,Agra
Uttar Pradesh,Wheat,2024,2,2024-02-01,Fatehpur APMC,2414.52,fatehpur,Fatehpur
Uttar Pradesh,Wheat,2024,2,2024-02-01,Fatehpur Sikri APMC,,fatehpur sikri,Agra
Uttar Pradesh,Wheat,2024,2,2024-02-01,Firozabad APMC,2649.96,firozabad,Firozabad
Uttar Pradesh,Wheat,2024,2,2024-02-01,Gazipur APMC,2543.08,gazipur,Azamgarh
Uttar Pradesh,Wheat,2024,2,2024-02-01,Ghaziabad APMC,2562.35,ghaziabad,Ghaziabad
Uttar Pradesh,Wheat,2024,2,2024-02-01,Ghiraur APMC,2381.03,ghiraur,Mainpuri
Uttar Pradesh,Wheat,2024,2,2024-02-01,Golagokarnath APMC,2479.81,golagokarnath,Lalitpur
Uttar Pradesh,Wheat,2024,2,2024-02-01,Gonda APMC,2595.08,gonda,Gonda
Uttar Pradesh,Wheat,2024,2,2024-02-01,Gopiganj APMC,2493.12,gopiganj,Bhadohi
Uttar Pradesh,Wheat,2024,2,2024-02-01,Gorakhpur APMC,2431.13,gorakhpur,Gorakhpur
Uttar Pradesh,Wheat,2024,2,2024-02-01,Gurusarai APMC,2385.89,gurusarai,Jhansi
Uttar Pradesh,Wheat,2024,2,2024-02-01,Haathras APMC,2480.27,haathras,Hathras
Uttar Pradesh,Wheat,2024,2,2024-02-01,Hapur APMC,2534.04,hapur,Ghaziabad
Uttar Pradesh,Wheat,2024,2,2024-02-01,Hardoi APMC,2475.93,hardoi,Hardoi
Uttar Pradesh,Wheat,2024,2,2024-02-01,Hargaon (Laharpur) APMC,2465.0,hargaon (laharpur),Sitapur
Uttar Pradesh,Wheat,2024,2,2024-02-01,Jafarganj APMC,2561.37,jafarganj,Amethi
Uttar Pradesh,Wheat,2024,2,2024-02-01,Jagnair APMC,2245.44,jagnair,Agra
Uttar Pradesh,Wheat,2024,2,2024-02-01,Jahanabad APMC,2160.0,jahanabad,Fatehpur
Uttar Pradesh,Wheat,2024,2,2024-02-01,Jahangirabad APMC,2404.75,jahangirabad,Bulandshahar
Uttar Pradesh,Wheat,2024,2,2024-02-01,Jalaun APMC,2379.27,jalaun,Jalaun
Uttar Pradesh,Wheat,2024,2,2024-02-01,Jamanian APMC,,jamanian,Ghazipur
Uttar Pradesh,Wheat,2024,2,2024-02-01,Jangipura APMC,2580.0,jangipura,Ghazipur
Uttar Pradesh,Wheat,2024,2,2024-02-01,Jasra APMC,2410.0,jasra,Prayagraj
Uttar Pradesh,Wheat,2024,2,2024-02-01,Jasvantnagar APMC,2535.27,jasvantnagar,Etawah
Uttar Pradesh,Wheat,2024,2,2024-02-01,Jaunpur APMC,2547.96,jaunpur,Jaunpur
Uttar Pradesh,Wheat,2024,2,2024-02-01,Jayas APMC,2593.05,jayas,Rae Bareli
Uttar Pradesh,Wheat,2024,2,2024-02-01,Jhansi APMC,2450.92,jhansi,Jhansi
Uttar Pradesh,Wheat,2024,2,2024-02-01,Jhijhank APMC,2509.97,jhijhank,Kanpur Dehat
Uttar Pradesh,Wheat,2024,2,2024-02-01,Kalpi APMC,,kalpi,Jalaun
Uttar Pradesh,Wheat,2024,2,2024-02-01,Kamlaganj APMC,,kamlaganj,Farrukhabad
Uttar Pradesh,Wheat,2024,2,2024-02-01,Kannauj APMC,2493.82,kannauj,Kannauj
Uttar Pradesh,Wheat,2024,2,2024-02-01,Kanpur(Grain) APMC,2526.35,kanpur(grain),Jaunpur
Uttar Pradesh,Wheat,2024,2,2024-02-01,Karvi APMC,2411.35,karvi,Chitrakoot
Uttar Pradesh,Wheat,2024,2,2024-02-01,Kasganj APMC,2397.12,kasganj,Kasganj
Uttar Pradesh,Wheat,2024,2,2024-02-01,Kayamganj APMC,2476.19,kayamganj,Farrukhabad
Uttar Pradesh,Wheat,2024,2,2024-02-01,Khaga APMC,2460.05,khaga,Fatehpur
Uttar Pradesh,Wheat,2024,2,2024-02-01,Khair APMC,2507.95,khair,Aligarh
Uttar Pradesh,Wheat,2024,2,2024-02-01,Khairagarh APMC,,khairagarh,Agra
Uttar Pradesh,Wheat,2024,2,2024-02-01,Khurja APMC,2449.34,khurja,Bulandshahr
Uttar Pradesh,Wheat,2024,2,2024-02-01,Kishunpur APMC,2397.46,kishunpur,Bahraich
Uttar Pradesh,Wheat,2024,2,2024-02-01,Konch APMC,2371.31,konch,Jalaun
Uttar Pradesh,Wheat,2024,2,2024-02-01,Kopaganj APMC,2545.33,kopaganj,
Uttar Pradesh,Wheat,2024,2,2024-02-01,Kosikalan APMC,2440.56,kosikalan,Mathura
Uttar Pradesh,Wheat,2024,2,2024-02-01,Kurara APMC,2337.44,kurara,Hamirpur
Uttar Pradesh,Wheat,2024,2,2024-02-01,Lakhimpur APMC,2484.27,lakhimpur,Lalitpur
Uttar Pradesh,Wheat,2024,2,2024-02-01,Lalganj APMC,2417.49,lalganj,Rae Bareli
Uttar Pradesh,Wheat,2024,2,2024-02-01,Lalitpur APMC,2454.09,lalitpur,Lalitpur
Uttar Pradesh,Wheat,2024,2,2024-02-01,Lucknow APMC,2577.0,lucknow,Lucknow
Uttar Pradesh,Wheat,2024,2,2024-02-01,Madhoganj APMC,2471.12,madhoganj,Hardoi
Uttar Pradesh,Wheat,2024,2,2024-02-01,Madhogarh APMC,2343.49,madhogarh,Jalaun
Uttar Pradesh,Wheat,2024,2,2024-02-01,Mahoba APMC,2422.74,mahoba,Mahoba
Uttar Pradesh,Wheat,2024,2,2024-02-01,Maigalganj APMC,,maigalganj,Gorakhpur
Uttar Pradesh,Wheat,2024,2,2024-02-01,Mainpuri APMC,2325.93,mainpuri,Mainpuri
Uttar Pradesh,Wheat,2024,2,2024-02-01,Mathura APMC,2597.92,mathura,Mathura
Uttar Pradesh,Wheat,2024,2,2024-02-01,Maudaha APMC,2350.0,maudaha,Hamirpur
Uttar Pradesh,Wheat,2024,2,2024-02-01,Mauranipur APMC,2386.07,mauranipur,Jhansi
Uttar Pradesh,Wheat,2024,2,2024-02-01,Meerut APMC,2571.55,meerut,Meerut
Uttar Pradesh,Wheat,2024,2,2024-02-01,Mehmoodabad APMC,2417.23,mehmoodabad,Sitapur
Uttar Pradesh,Wheat,2024,2,2024-02-01,Mehrauni APMC,,mehrauni,Lalitpur
Uttar Pradesh,Wheat,2024,2,2024-02-01,Milak APMC,2558.06,milak,Rampur
Uttar Pradesh,Wheat,2024,2,2024-02-01,Mirzapur APMC,2566.12,mirzapur,Mirzapur
Uttar Pradesh,Wheat,2024,2,2024-02-01,Mohamadabad APMC,2474.57,mohamadabad,Farrukhabad
Uttar Pradesh,Wheat,2024,2,2024-02-01,Mohammdi APMC,2485.97,mohammdi,Kheri
Uttar Pradesh,Wheat,2024,2,2024-02-01,Moth APMC,2425.22,moth,Jhansi
Uttar Pradesh,Wheat,2024,2,2024-02-01,Mugrabaadshahpur APMC,2551.94,mugrabaadshahpur,Jaunpur
Uttar Pradesh,Wheat,2024,2,2024-02-01,Muradabad APMC,2573.69,muradabad,Sambhal
Uttar Pradesh,Wheat,2024,2,2024-02-01,Muradnagar APMC,2540.0,muradnagar,Ghaziabad
Uttar Pradesh,Wheat,2024,2,2024-02-01,Muskara APMC,2398.5,muskara,Mahoba
Uttar Pradesh,Wheat,2024,2,2024-02-01,Muzzafarnagar APMC,2559.02,muzzafarnagar,Muzaffarnagar
Uttar Pradesh,Wheat,2024,2,2024-02-01,Naanpara APMC,2555.57,naanpara,Bahraich
Uttar Pradesh,Wheat,2024,2,2024-02-01,Najibabad APMC,,najibabad,Bijnor
Uttar Pradesh,Wheat,2024,2,2024-02-01,Naugarh APMC,2461.72,naugarh,Siddharthnagar
Uttar Pradesh,Wheat,2024,2,2024-02-01,Nautnava APMC,2443.16,nautnava,Maharajganj
Uttar Pradesh,Wheat,2024,2,2024-02-01,Nawabganj APMC,2550.08,nawabganj,Gonda
Uttar Pradesh,Wheat,2024,2,2024-02-01,Orai APMC,2487.69,orai,Jalaun
Uttar Pradesh,Wheat,2024,2,2024-02-01,Paliakala APMC,2389.03,paliakala,Kheri
Uttar Pradesh,Wheat,2024,2,2024-02-01,Panchpedwa APMC,2608.87,panchpedwa,Balrampur
Uttar Pradesh,Wheat,2024,2,2024-02-01,Partaval APMC,2440.73,partaval,Mahrajganj
Uttar Pradesh,Wheat,2024,2,2024-02-01,Pilibhit APMC,2574.07,pilibhit,Pilibhit
Uttar Pradesh,Wheat,2024,2,2024-02-01,Powayan APMC,2545.66,powayan,Shahjahanpur
Uttar Pradesh,Wheat,2024,2,2024-02-01,Pratapgarh APMC,2475.21,pratapgarh,Pratapgarh
Uttar Pradesh,Wheat,2024,2,2024-02-01,Prayagraj APMC,2460.72,prayagraj,Prayagraj
Uttar Pradesh,Wheat,2024,2,2024-02-01,Pukharayan APMC,2482.99,pukharayan,Kanpur Dehat
Uttar Pradesh,Wheat,2024,2,2024-02-01,Puranpur APMC,2553.77,puranpur,Pilibhit
Uttar Pradesh,Wheat,2024,2,2024-02-01,Purwa APMC,2503.32,purwa,Unnao
Uttar Pradesh,Wheat,2024,2,2024-02-01,Raath APMC,,raath,Hamirpur
Uttar Pradesh,Wheat,2024,2,2024-02-01,Raibareilly APMC,2404.31,raibareilly,Rae Bareli
Uttar Pradesh,Wheat,2024,2,2024-02-01,Rampur APMC,2563.26,rampur,Rampur
Uttar Pradesh,Wheat,2024,2,2024-02-01,Rasda APMC,2514.07,rasda,Ballia
Uttar Pradesh,Wheat,2024,2,2024-02-01,Robertsganj APMC,2557.36,robertsganj,Sonbhadra
Uttar Pradesh,Wheat,2024,2,2024-02-01,Safdarganj APMC,2583.03,safdarganj,Barabanki
Uttar Pradesh,Wheat,2024,2,2024-02-01,Saharanpur APMC,2558.72,saharanpur,Saharanpur
Uttar Pradesh,Wheat,2024,2,2024-02-01,Sahiyapur APMC,2438.78,sahiyapur,Siddharthnagar
Uttar Pradesh,Wheat,2024,2,2024-02-01,Salon APMC,2458.16,salon,Rae Bareli
Uttar Pradesh,Wheat,2024,2,2024-02-01,Samsabad APMC,2500.0,samsabad,Agra
Uttar Pradesh,Wheat,2024,2,2024-02-01,Sandi APMC,2469.49,sandi,Hardoi
Uttar Pradesh,Wheat,2024,2,2024-02-01,Sandila APMC,2472.75,sandila,Hardoi
Uttar Pradesh,Wheat,2024,2,2024-02-01,Sehjanwa APMC,2430.0,sehjanwa,Gorakhpur
Uttar Pradesh,Wheat,2024,2,2024-02-01,Shahabad(New Mandi) APMC,2474.08,shahabad(new mandi),Hardoi
Uttar Pradesh,Wheat,2024,2,2024-02-01,Shahaswan APMC,,shahaswan,Badaun
Uttar Pradesh,Wheat,2024,2,2024-02-01,Shahganj APMC,2540.45,shahganj,Jaunpur
Uttar Pradesh,Wheat,2024,2,2024-02-01,Shahjahanpur APMC,2626.83,shahjahanpur,Shahjahanpur
Uttar Pradesh,Wheat,2024,2,2024-02-01,Shahpur APMC,,shahpur,Muzaffarnagar
Uttar Pradesh,Wheat,2024,2,2024-02-01,Shamli APMC,2552.29,shamli,Shamli
Uttar Pradesh,Wheat,2024,2,2024-02-01,Shikohabad APMC,2550.0,shikohabad,Firozabad
Uttar Pradesh,Wheat,2024,2,2024-02-01,Sikanderabad APMC,2500.0,sikanderabad,Bulandshahr
Uttar Pradesh,Wheat,2024,2,2024-02-01,Sikandraraau APMC,2380.62,sikandraraau,Hathras
Uttar Pradesh,Wheat,2024,2,2024-02-01,Sirsa APMC,2450.0,sirsa,Gautam Buddha Nagar
Uttar Pradesh,Wheat,2024,2,2024-02-01,Sirsaganj APMC,,sirsaganj,Firozabad
Uttar Pradesh,Wheat,2024,2,2024-02-01,Sitapur APMC,2419.77,sitapur,Sitapur
Uttar Pradesh,Wheat,2024,2,2024-02-01,Siyana APMC,2272.96,siyana,Bulandshahar
Uttar Pradesh,Wheat,2024,2,2024-02-01,Sultanpur APMC,2560.49,sultanpur,Amethi
Uttar Pradesh,Wheat,2024,2,2024-02-01,Tamkuhi road APMC,,tamkuhi road,Kushinagar
Uttar Pradesh,Wheat,2024,2,2024-02-01,Thanabhawan APMC,,thanabhawan,Shamli
Uttar Pradesh,Wheat,2024,2,2024-02-01,Tulsipur APMC,2435.93,tulsipur,Balrampur
Uttar Pradesh,Wheat,2024,2,2024-02-01,Tundla APMC,2559.09,tundla,Firozabad
Uttar Pradesh,Wheat,2024,2,2024-02-01,Ujhani APMC,2515.99,ujhani,Budaun
Uttar Pradesh,Wheat,2024,2,2024-02-01,Unnao APMC,2479.75,unnao,Unnao
Uttar Pradesh,Wheat,2024,2,2024-02-01,Uttaripura APMC,2520.57,uttaripura,Jaunpur
Uttar Pradesh,Wheat,2024,2,2024-02-01,Varanasi APMC,2560.33,varanasi,Varanasi
Uttar Pradesh,Wheat,2024,2,2024-02-01,Viswan APMC,2401.76,viswan,Sitapur
Uttar Pradesh,Wheat,2024,2,2024-02-01,Wazirganj APMC,2531.25,wazirganj,Budaun
Uttar Pradesh,Wheat,2024,2,2024-02-01,Yusufpur APMC,,yusufpur,Ghazipur
Uttar Pradesh,Wheat,2024,3,2024-03-01,Achalda APMC,2451.61,achalda,Auraiya
Uttar Pradesh,Wheat,2024,3,2024-03-01,Achnera APMC,2560.37,achnera,Agra
Uttar Pradesh,Wheat,2024,3,2024-03-01,Agra APMC,2547.72,agra,Agra
Uttar Pradesh,Wheat,2024,3,2024-03-01,Ahirora APMC,2482.52,ahirora,Mirzapur
Uttar Pradesh,Wheat,2024,3,2024-03-01,Ait APMC,2454.77,ait,Jalaun
Uttar Pradesh,Wheat,2024,3,2024-03-01,Ajuha APMC,2440.82,ajuha,Prayagraj
Uttar Pradesh,Wheat,2024,3,2024-03-01,Akbarpur APMC,2565.0,akbarpur,Ambedkarnagar
Uttar Pradesh,Wheat,2024,3,2024-03-01,Aliganj APMC,2335.45,aliganj,Etah
Uttar Pradesh,Wheat,2024,3,2024-03-01,Aligarh APMC,2528.03,aligarh,Aligarh
Uttar Pradesh,Wheat,2024,3,2024-03-01,Amroha APMC,2488.51,amroha,Amroha
Uttar Pradesh,Wheat,2024,3,2024-03-01,Anandnagar APMC,2162.89,anandnagar,Mahrajganj
Uttar Pradesh,Wheat,2024,3,2024-03-01,Anoop Shahar APMC,2428.29,anoop shahar,Bulandshahr
Uttar Pradesh,Wheat,2024,3,2024-03-01,Atarra APMC,2350.91,atarra,Banda
Uttar Pradesh,Wheat,2024,3,2024-03-01,Atrauli APMC,2366.67,atrauli,Aligarh
Uttar Pradesh,Wheat,2024,3,2024-03-01,Auraiya APMC,2465.16,auraiya,Auraiya
Uttar Pradesh,Wheat,2024,3,2024-03-01,Ayodhya APMC,2549.82,ayodhya,Ayodhya
Uttar Pradesh,Wheat,2024,3,2024-03-01,Azamgarh APMC,2446.41,azamgarh,Azamgarh
Uttar Pradesh,Wheat,2024,3,2024-03-01,Baberu APMC,2285.71,baberu,Banda
Uttar Pradesh,Wheat,2024,3,2024-03-01,Babrala APMC,2362.76,babrala,Budaun
Uttar Pradesh,Wheat,2024,3,2024-03-01,Bachranwa APMC,2400.15,bachranwa,Rae Bareli
Uttar Pradesh,Wheat,2024,3,2024-03-01,Badayoun APMC,2525.9,badayoun,Budaun
Uttar Pradesh,Wheat,2024,3,2024-03-01,Baheri APMC,,baheri,Bareilly
Uttar Pradesh,Wheat,2024,3,2024-03-01,Bahraich APMC,2450.75,bahraich,Bahraich
Uttar Pradesh,Wheat,2024,3,2024-03-01,Ballia APMC,2457.19,ballia,Ballia
Uttar Pradesh,Wheat,2024,3,2024-03-01,Balrampur APMC,2407.81,balrampur,Balrampur
Uttar Pradesh,Wheat,2024,3,2024-03-01,Banda APMC,2399.32,banda,Banda
Uttar Pradesh,Wheat,2024,3,2024-03-01,Bangarmau APMC,2412.79,bangarmau,Unnao
Uttar Pradesh,Wheat,2024,3,2024-03-01,Bansi APMC,2510.0,bansi,Siddharthnagar
Uttar Pradesh,Wheat,2024,3,2024-03-01,Banthara APMC,2488.88,banthara,Lucknow
Uttar Pradesh,Wheat,2024,3,2024-03-01,Barabanki APMC,2551.61,barabanki,Bara Banki
Uttar Pradesh,Wheat,2024,3,2024-03-01,Bareilly APMC,2367.46,bareilly,Bareilly
Uttar Pradesh,Wheat,2024,3,2024-03-01,Barhaj APMC,,barhaj,Deoria
Uttar Pradesh,Wheat,2024,3,2024-03-01,Baripaal APMC,2332.65,baripaal,Jaunpur
Uttar Pradesh,Wheat,2024,3,2024-03-01,Basti APMC,2483.25,basti,Basti
Uttar Pradesh,Wheat,2024,3,2024-03-01,Bewar APMC,2251.15,bewar,Mainpuri
Uttar Pradesh,Wheat,2024,3,2024-03-01,Bharthna APMC,2433.61,bharthna,Etawah
Uttar Pradesh,Wheat,2024,3,2024-03-01,Bharuasumerpur APMC,2362.61,bharuasumerpur,Hamirpur
Uttar Pradesh,Wheat,2024,3,2024-03-01,Bharwari APMC,2447.38,bharwari,Kaushambi
Uttar Pradesh,Wheat,2024,3,2024-03-01,Bijnaur APMC,2493.93,bijnaur,Bijnor
Uttar Pradesh,Wheat,2024,3,2024-03-01,Bilsi APMC,2520.64,bilsi,Budaun
Uttar Pradesh,Wheat,2024,3,2024-03-01,Bindki APMC,2450.87,bindki,Fatehpur
Uttar Pradesh,Wheat,2024,3,2024-03-01,Bishalpur APMC,2522.13,bishalpur,Pilibhit
Uttar Pradesh,Wheat,2024,3,2024-03-01,Bisoli APMC,,bisoli,Badaun
Uttar Pradesh,Wheat,2024,3,2024-03-01,Buland Shahr APMC,2482.34,buland shahr,Bulandshahr
Uttar Pradesh,Wheat,2024,3,2024-03-01,Chandausi APMC,2481.07,chandausi,Sambhal
Uttar Pradesh,Wheat,2024,3,2024-03-01,Chandoli APMC,2486.62,chandoli,Chandauli
Uttar Pradesh,Wheat,2024,3,2024-03-01,Charkhari APMC,2314.18,charkhari,Mahoba
Uttar Pradesh,Wheat,2024,3,2024-03-01,Charra APMC,2447.18,charra,Aligarh
Uttar Pradesh,Wheat,2024,3,2024-03-01,Chhibramau APMC,2339.16,chhibramau,Kannauj
Uttar Pradesh,Wheat,2024,3,2024-03-01,Chirgaon APMC,2410.0,chirgaon,Jhansi
Uttar Pradesh,Wheat,2024,3,2024-03-01,Chorichora APMC,2296.36,chorichora,Gorakhpur
Uttar Pradesh,Wheat,2024,3,2024-03-01,Choubepur APMC,2503.33,choubepur,Jaunpur
Uttar Pradesh,Wheat,2024,3,2024-03-01,Colonelganj APMC,2400.0,colonelganj,Gonda
Uttar Pradesh,Wheat,2024,3,2024-03-01,DADRI APMC,2501.72,dadri,Gautam Buddha Nagar
Uttar Pradesh,Wheat,2024,3,2024-03-01,Dankaur APMC,2463.73,dankaur,Gautam Buddha Nagar
Uttar Pradesh,Wheat,2024,3,2024-03-01,Devariya APMC,2456.22,devariya,Deoria
Uttar Pradesh,Wheat,2024,3,2024-03-01,Dhanaura APMC,2161.67,dhanaura,Amroha
Uttar Pradesh,Wheat,2024,3,2024-03-01,Dibiapur APMC,,dibiapur,Auraiya
Uttar Pradesh,Wheat,2024,3,2024-03-01,Divai APMC,2212.74,divai,Bulandshahar
Uttar Pradesh,Wheat,2024,3,2024-03-01,Doharighat APMC,2267.64,doharighat,Azamgarh
Uttar Pradesh,Wheat,2024,3,2024-03-01,Etah APMC,2372.35,etah,Etah
Uttar Pradesh,Wheat,2024,3,2024-03-01,Etawah APMC,2461.63,etawah,Etawah
Uttar Pradesh,Wheat,2024,3,2024-03-01,Farukhabad APMC,2447.27,farukhabad,Farrukhabad
Uttar Pradesh,Wheat,2024,3,2024-03-01,Fatehabad APMC,,fatehabad,Agra
Uttar Pradesh,Wheat,2024,3,2024-03-01,Fatehpur APMC,2413.8,fatehpur,Fatehpur
Uttar Pradesh,Wheat,2024,3,2024-03-01,Fatehpur Sikri APMC,,fatehpur sikri,Agra
Uttar Pradesh,Wheat,2024,3,2024-03-01,Firozabad APMC,2639.43,firozabad,Firozabad
Uttar Pradesh,Wheat,2024,3,2024-03-01,Gazipur APMC,2471.55,gazipur,Azamgarh
Uttar Pradesh,Wheat,2024,3,2024-03-01,Ghaziabad APMC,2530.94,ghaziabad,Ghaziabad
Uttar Pradesh,Wheat,2024,3,2024-03-01,Ghiraur APMC,2412.75,ghiraur,Mainpuri
Uttar Pradesh,Wheat,2024,3,2024-03-01,Golagokarnath APMC,2450.04,golagokarnath,Lalitpur
Uttar Pradesh,Wheat,2024,3,2024-03-01,Gonda APMC,2530.14,gonda,Gonda
Uttar Pradesh,Wheat,2024,3,2024-03-01,Gopiganj APMC,2492.84,gopiganj,Bhadohi
Uttar Pradesh,Wheat,2024,3,2024-03-01,Gorakhpur APMC,2450.38,gorakhpur,Gorakhpur
Uttar Pradesh,Wheat,2024,3,2024-03-01,Gurusarai APMC,2406.73,gurusarai,Jhansi
Uttar Pradesh,Wheat,2024,3,2024-03-01,Haathras APMC,2505.42,haathras,Hathras
Uttar Pradesh,Wheat,2024,3,2024-03-01,Hapur APMC,2500.94,hapur,Ghaziabad
Uttar Pradesh,Wheat,2024,3,2024-03-01,Hardoi APMC,2423.53,hardoi,Hardoi
Uttar Pradesh,Wheat,2024,3,2024-03-01,Hargaon (Laharpur) APMC,2300.0,hargaon (laharpur),Sitapur
Uttar Pradesh,Wheat,2024,3,2024-03-01,Jafarganj APMC,2487.11,jafarganj,Amethi
Uttar Pradesh,Wheat,2024,3,2024-03-01,Jagnair APMC,2275.62,jagnair,Agra
Uttar Pradesh,Wheat,2024,3,2024-03-01,Jahanabad APMC,2127.34,jahanabad,Fatehpur
Uttar Pradesh,Wheat,2024,3,2024-03-01,Jahangirabad APMC,2516.53,jahangirabad,Bulandshahar
Uttar Pradesh,Wheat,2024,3,2024-03-01,Jalaun APMC,2423.19,jalaun,Jalaun
Uttar Pradesh,Wheat,2024,3,2024-03-01,Jamanian APMC,,jamanian,Ghazipur
Uttar Pradesh,Wheat,2024,3,2024-03-01,Jangipura APMC,,jangipura,Ghazipur
Uttar Pradesh,Wheat,2024,3,2024-03-01,Jasra APMC,2467.73,jasra,Prayagraj
Uttar Pradesh,Wheat,2024,3,2024-03-01,Jasvantnagar APMC,,jasvantnagar,Etawah
Uttar Pradesh,Wheat,2024,3,2024-03-01,Jaunpur APMC,2443.62,jaunpur,Jaunpur
Uttar Pradesh,Wheat,2024,3,2024-03-01,Jayas APMC,2597.83,jayas,Rae Bareli
Uttar Pradesh,Wheat,2024,3,2024-03-01,Jhansi APMC,2456.41,jhansi,Jhansi
Uttar Pradesh,Wheat,2024,3,2024-03-01,Jhijhank APMC,2478.69,jhijhank,Kanpur Dehat
Uttar Pradesh,Wheat,2024,3,2024-03-01,Kadaura APMC,2405.93,kadaura,Jalaun
Uttar Pradesh,Wheat,2024,3,2024-03-01,Kalpi APMC,,kalpi,Jalaun
Uttar Pradesh,Wheat,2024,3,2024-03-01,Kannauj APMC,2458.85,kannauj,Kannauj
Uttar Pradesh,Wheat,2024,3,2024-03-01,Kanpur(Grain) APMC,2513.45,kanpur(grain),Jaunpur
Uttar Pradesh,Wheat,2024,3,2024-03-01,Karvi APMC,2360.22,karvi,Chitrakoot
Uttar Pradesh,Wheat,2024,3,2024-03-01,Kasganj APMC,2375.54,kasganj,Kasganj
Uttar Pradesh,Wheat,2024,3,2024-03-01,Kayamganj APMC,2467.47,kayamganj,Farrukhabad
Uttar Pradesh,Wheat,2024,3,2024-03-01,Khaga APMC,2440.08,khaga,Fatehpur
Uttar Pradesh,Wheat,2024,3,2024-03-01,Khair APMC,2527.42,khair,Aligarh
Uttar Pradesh,Wheat,2024,3,2024-03-01,Khairagarh APMC,2303.68,khairagarh,Agra
Uttar Pradesh,Wheat,2024,3,2024-03-01,Khurja APMC,2480.73,khurja,Bulandshahr
Uttar Pradesh,Wheat,2024,3,2024-03-01,Kishunpur APMC,2347.71,kishunpur,Bahraich
Uttar Pradesh,Wheat,2024,3,2024-03-01,Konch APMC,2347.67,konch,Jalaun
Uttar Pradesh,Wheat,2024,3,2024-03-01,Kopaganj APMC,2442.66,kopaganj,
Uttar Pradesh,Wheat,2024,3,2024-03-01,Kosikalan APMC,2486.82,kosikalan,Mathura
Uttar Pradesh,Wheat,2024,3,2024-03-01,Kurara APMC,2265.56,kurara,Hamirpur
Uttar Pradesh,Wheat,2024,3,2024-03-01,Lakhimpur APMC,2457.7,lakhimpur,Lalitpur
Uttar Pradesh,Wheat,2024,3,2024-03-01,Lalganj APMC,2351.6,lalganj,Rae Bareli
Uttar Pradesh,Wheat,2024,3,2024-03-01,Lalitpur APMC,2481.19,lalitpur,Lalitpur
Uttar Pradesh,Wheat,2024,3,2024-03-01,Lucknow APMC,2558.83,lucknow,Lucknow
Uttar Pradesh,Wheat,2024,3,2024-03-01,Madhoganj APMC,2414.03,madhoganj,Hardoi
Uttar Pradesh,Wheat,2024,3,2024-03-01,Madhogarh APMC,2363.25,madhogarh,Jalaun
Uttar Pradesh,Wheat,2024,3,2024-03-01,Mahoba APMC,2346.76,mahoba,Mahoba
Uttar Pradesh,Wheat,2024,3,2024-03-01,Maigalganj APMC,2416.92,maigalganj,Gorakhpur
Uttar Pradesh,Wheat,2024,3,2024-03-01,Mainpuri APMC,2374.63,mainpuri,Mainpuri
Uttar Pradesh,Wheat,2024,3,2024-03-01,Mathura APMC,2530.13,mathura,Mathura
Uttar Pradesh,Wheat,2024,3,2024-03-01,Maudaha APMC,2315.78,maudaha,Hamirpur
Uttar Pradesh,Wheat,2024,3,2024-03-01,Mauranipur APMC,2390.12,mauranipur,Jhansi
Uttar Pradesh,Wheat,2024,3,2024-03-01,Mawana APMC,,mawana,Meerut
Uttar Pradesh,Wheat,2024,3,2024-03-01,Meerut APMC,2481.95,meerut,Meerut
Uttar Pradesh,Wheat,2024,3,2024-03-01,Mehmoodabad APMC,2419.08,mehmoodabad,Sitapur
Uttar Pradesh,Wheat,2024,3,2024-03-01,Mehrauni APMC,2416.73,mehrauni,Lalitpur
Uttar Pradesh,Wheat,2024,3,2024-03-01,Milak APMC,2450.0,milak,Rampur
Uttar Pradesh,Wheat,2024,3,2024-03-01,Mirzapur APMC,2488.83,mirzapur,Mirzapur
Uttar Pradesh,Wheat,2024,3,2024-03-01,Mohamadabad APMC,2474.68,mohamadabad,Farrukhabad
Uttar Pradesh,Wheat,2024,3,2024-03-01,Mohammdi APMC,2477.47,mohammdi,Kheri
Uttar Pradesh,Wheat,2024,3,2024-03-01,Moth APMC,2335.69,moth,Jhansi
Uttar Pradesh,Wheat,2024,3,2024-03-01,Mugrabaadshahpur APMC,2471.3,mugrabaadshahpur,Jaunpur
Uttar Pradesh,Wheat,2024,3,2024-03-01,Muradabad APMC,2493.3,muradabad,Sambhal
Uttar Pradesh,Wheat,2024,3,2024-03-01,Muradnagar APMC,2540.0,muradnagar,Ghaziabad
Uttar Pradesh,Wheat,2024,3,2024-03-01,Muskara APMC,2382.57,muskara,Mahoba
Uttar Pradesh,Wheat,2024,3,2024-03-01,Muzzafarnagar APMC,2494.51,muzzafarnagar,Muzaffarnagar
Uttar Pradesh,Wheat,2024,3,2024-03-01,Naanpara APMC,2439.35,naanpara,Bahraich
Uttar Pradesh,Wheat,2024,3,2024-03-01,Naugarh APMC,2485.97,naugarh,Siddharthnagar
Uttar Pradesh,Wheat,2024,3,2024-03-01,Nautnava APMC,2506.25,nautnava,Maharajganj
Uttar Pradesh,Wheat,2024,3,2024-03-01,Nawabganj APMC,2416.54,nawabganj,Gonda
Uttar Pradesh,Wheat,2024,3,2024-03-01,Orai APMC,2311.77,orai,Jalaun
Uttar Pradesh,Wheat,2024,3,2024-03-01,Paliakala APMC,2352.22,paliakala,Kheri
Uttar Pradesh,Wheat,2024,3,2024-03-01,Panchpedwa APMC,2481.97,panchpedwa,Balrampur
Uttar Pradesh,Wheat,2024,3,2024-03-01,Partaval APMC,2445.61,partaval,Mahrajganj
Uttar Pradesh,Wheat,2024,3,2024-03-01,Pilibhit APMC,2552.86,pilibhit,Pilibhit
Uttar Pradesh,Wheat,2024,3,2024-03-01,Powayan APMC,2468.54,powayan,Shahjahanpur
Uttar Pradesh,Wheat,2024,3,2024-03-01,Pratapgarh APMC,2481.32,pratapgarh,Pratapgarh
Uttar Pradesh,Wheat,2024,3,2024-03-01,Prayagraj APMC,2518.79,prayagraj,Prayagraj
Uttar Pradesh,Wheat,2024,3,2024-03-01,Pukharayan APMC,2458.67,pukharayan,Kanpur Dehat
Uttar Pradesh,Wheat,2024,3,2024-03-01,Puranpur APMC,2546.74,puranpur,Pilibhit
Uttar Pradesh,Wheat,2024,3,2024-03-01,Purwa APMC,2414.79,purwa,Unnao
Uttar Pradesh,Wheat,2024,3,2024-03-01,Raath APMC,,raath,Hamirpur
Uttar Pradesh,Wheat,2024,3,2024-03-01,Raibareilly APMC,2367.47,raibareilly,Rae Bareli
Uttar Pradesh,Wheat,2024,3,2024-03-01,Rampur APMC,2483.07,rampur,Rampur
Uttar Pradesh,Wheat,2024,3,2024-03-01,Rasda APMC,2453.76,rasda,Ballia
Uttar Pradesh,Wheat,2024,3,2024-03-01,Robertsganj APMC,2448.86,robertsganj,Sonbhadra
Uttar Pradesh,Wheat,2024,3,2024-03-01,Rura APMC,2378.48,rura,Kanpur Dehat
Uttar Pradesh,Wheat,2024,3,2024-03-01,Safdarganj APMC,2601.85,safdarganj,Barabanki
Uttar Pradesh,Wheat,2024,3,2024-03-01,Saharanpur APMC,2494.42,saharanpur,Saharanpur
Uttar Pradesh,Wheat,2024,3,2024-03-01,Sahiyapur APMC,2448.69,sahiyapur,Siddharthnagar
Uttar Pradesh,Wheat,2024,3,2024-03-01,Salon APMC,2352.59,salon,Rae Bareli
Uttar Pradesh,Wheat,2024,3,2024-03-01,Samsabad APMC,2510.0,samsabad,Agra
Uttar Pradesh,Wheat,2024,3,2024-03-01,Sandi APMC,2415.26,sandi,Hardoi
Uttar Pradesh,Wheat,2024,3,2024-03-01,Sandila APMC,2415.94,sandila,Hardoi
Uttar Pradesh,Wheat,2024,3,2024-03-01,Sehjanwa APMC,,sehjanwa,Gorakhpur
Uttar Pradesh,Wheat,2024,3,2024-03-01,Shahabad(New Mandi) APMC,2411.42,shahabad(new mandi),Hardoi
Uttar Pradesh,Wheat,2024,3,2024-03-01,Shahaswan APMC,2450.0,shahaswan,Badaun
Uttar Pradesh,Wheat,2024,3,2024-03-01,Shahganj APMC,2425.43,shahganj,Jaunpur
Uttar Pradesh,Wheat,2024,3,2024-03-01,Shahjahanpur APMC,2544.38,shahjahanpur,Shahjahanpur
Uttar Pradesh,Wheat,2024,3,2024-03-01,Shahpur APMC,2328.31,shahpur,Muzaffarnagar
Uttar Pradesh,Wheat,2024,3,2024-03-01,Shamli APMC,2495.73,shamli,Shamli
Uttar Pradesh,Wheat,2024,3,2024-03-01,Shikohabad APMC,2550.0,shikohabad,Firozabad
Uttar Pradesh,Wheat,2024,3,2024-03-01,Sikanderabad APMC,2500.0,sikanderabad,Bulandshahr
Uttar Pradesh,Wheat,2024,3,2024-03-01,Sikandraraau APMC,2416.01,sikandraraau,Hathras
Uttar Pradesh,Wheat,2024,3,2024-03-01,Sirsa APMC,2350.0,sirsa,Gautam Buddha Nagar
Uttar Pradesh,Wheat,2024,3,2024-03-01,Sirsaganj APMC,,sirsaganj,Firozabad
Uttar Pradesh,Wheat,2024,3,2024-03-01,Sitapur APMC,2424.17,sitapur,Sitapur
Uttar Pradesh,Wheat,2024,3,2024-03-01,Siyana APMC,2426.76,siyana,Bulandshahar
Uttar Pradesh,Wheat,2024,3,2024-03-01,Sultanpur APMC,2450.75,sultanpur,Amethi
Uttar Pradesh,Wheat,2024,3,2024-03-01,Tamkuhi road APMC,2423.04,tamkuhi road,Kushinagar
Uttar Pradesh,Wheat,2024,3,2024-03-01,Thanabhawan APMC,,thanabhawan,Shamli
Uttar Pradesh,Wheat,2024,3,2024-03-01,Tikonia APMC,2544.63,tikonia,Kheri
Uttar Pradesh,Wheat,2024,3,2024-03-01,Tilhar APMC,2266.11,tilhar,Shahjahanpur
Uttar Pradesh,Wheat,2024,3,2024-03-01,Tulsipur APMC,2428.06,tulsipur,Balrampur
Uttar Pradesh,Wheat,2024,3,2024-03-01,Tundla APMC,2570.83,tundla,Firozabad
Uttar Pradesh,Wheat,2024,3,2024-03-01,Ujhani APMC,2526.29,ujhani,Budaun
Uttar Pradesh,Wheat,2024,3,2024-03-01,Unnao APMC,2411.3,unnao,Unnao
Uttar Pradesh,Wheat,2024,3,2024-03-01,Uttaripura APMC,2481.65,uttaripura,Jaunpur
Uttar Pradesh,Wheat,2024,3,2024-03-01,Varanasi APMC,2474.32,varanasi,Varanasi
Uttar Pradesh,Wheat,2024,3,2024-03-01,Vilthararoad APMC,2344.58,vilthararoad,Ballia
Uttar Pradesh,Wheat,2024,3,2024-03-01,Viswan APMC,2405.4,viswan,Sitapur
Uttar Pradesh,Wheat,2024,3,2024-03-01,Wazirganj APMC,2454.53,wazirganj,Budaun
Uttar Pradesh,Wheat,2024,3,2024-03-01,Yusufpur APMC,2275.0,yusufpur,Ghazipur
Uttar Pradesh,Wheat,2024,4,2024-04-01,Achalda APMC,2294.88,achalda,Auraiya
Uttar Pradesh,Wheat,2024,4,2024-04-01,Achnera APMC,2328.23,achnera,Agra
Uttar Pradesh,Wheat,2024,4,2024-04-01,Agra APMC,2333.38,agra,Agra
Uttar Pradesh,Wheat,2024,4,2024-04-01,Ahirora APMC,2295.13,ahirora,Mirzapur
Uttar Pradesh,Wheat,2024,4,2024-04-01,Ait APMC,2290.1,ait,Jalaun
Uttar Pradesh,Wheat,2024,4,2024-04-01,Ajuha APMC,2320.75,ajuha,Prayagraj
Uttar Pradesh,Wheat,2024,4,2024-04-01,Akbarpur APMC,2352.21,akbarpur,Ambedkarnagar
Uttar Pradesh,Wheat,2024,4,2024-04-01,Aliganj APMC,2281.33,aliganj,Etah
Uttar Pradesh,Wheat,2024,4,2024-04-01,Aligarh APMC,2300.67,aligarh,Aligarh
Uttar Pradesh,Wheat,2024,4,2024-04-01,Amroha APMC,2330.57,amroha,Amroha
Uttar Pradesh,Wheat,2024,4,2024-04-01,Anandnagar APMC,2335.34,anandnagar,Mahrajganj
Uttar Pradesh,Wheat,2024,4,2024-04-01,Anoop Shahar APMC,2303.16,anoop shahar,Bulandshahr
Uttar Pradesh,Wheat,2024,4,2024-04-01,Anwala APMC,2316.49,anwala,Bareilly
Uttar Pradesh,Wheat,2024,4,2024-04-01,Atarra APMC,2346.58,atarra,Banda
Uttar Pradesh,Wheat,2024,4,2024-04-01,Atrauli APMC,2311.41,atrauli,Aligarh
Uttar Pradesh,Wheat,2024,4,2024-04-01,Auraiya APMC,2291.91,auraiya,Auraiya
Uttar Pradesh,Wheat,2024,4,2024-04-01,Awagarh APMC,2284.79,awagarh,Etah
Uttar Pradesh,Wheat,2024,4,2024-04-01,Ayodhya APMC,2359.92,ayodhya,Ayodhya
Uttar Pradesh,Wheat,2024,4,2024-04-01,Azamgarh APMC,2335.47,azamgarh,Azamgarh
Uttar Pradesh,Wheat,2024,4,2024-04-01,Baberu APMC,2334.39,baberu,Banda
Uttar Pradesh,Wheat,2024,4,2024-04-01,Babrala APMC,2316.19,babrala,Budaun
Uttar Pradesh,Wheat,2024,4,2024-04-01,Bachranwa APMC,2306.73,bachranwa,Rae Bareli
Uttar Pradesh,Wheat,2024,4,2024-04-01,Badayoun APMC,2326.9,badayoun,Budaun
Uttar Pradesh,Wheat,2024,4,2024-04-01,Baheri APMC,2370.0,baheri,Bareilly
Uttar Pradesh,Wheat,2024,4,2024-04-01,Bahraich APMC,2393.66,bahraich,Bahraich
Uttar Pradesh,Wheat,2024,4,2024-04-01,Ballia APMC,2315.44,ballia,Ballia
Uttar Pradesh,Wheat,2024,4,2024-04-01,Balrampur APMC,2340.36,balrampur,Balrampur
Uttar Pradesh,Wheat,2024,4,2024-04-01,Banda APMC,2291.58,banda,Banda
Uttar Pradesh,Wheat,2024,4,2024-04-01,Bangarmau APMC,2316.55,bangarmau,Unnao
Uttar Pradesh,Wheat,2024,4,2024-04-01,Bansi APMC,2340.0,bansi,Siddharthnagar
Uttar Pradesh,Wheat,2024,4,2024-04-01,Banthara APMC,2346.84,banthara,Lucknow
Uttar Pradesh,Wheat,2024,4,2024-04-01,Barabanki APMC,2366.68,barabanki,Bara Banki
Uttar Pradesh,Wheat,2024,4,2024-04-01,Bareilly APMC,2302.11,bareilly,Bareilly
Uttar Pradesh,Wheat,2024,4,2024-04-01,Barhaj APMC,,barhaj,Deoria
Uttar Pradesh,Wheat,2024,4,2024-04-01,Baripaal APMC,2287.81,baripaal,Jaunpur
Uttar Pradesh,Wheat,2024,4,2024-04-01,Basti APMC,2333.98,basti,Basti
Uttar Pradesh,Wheat,2024,4,2024-04-01,Bewar APMC,2309.87,bewar,Mainpuri
Uttar Pradesh,Wheat,2024,4,2024-04-01,Bharthna APMC,2311.48,bharthna,Etawah
Uttar Pradesh,Wheat,2024,4,2024-04-01,Bharuasumerpur APMC,2283.1,bharuasumerpur,Hamirpur
Uttar Pradesh,Wheat,2024,4,2024-04-01,Bharwari APMC,2335.0,bharwari,Kaushambi
Uttar Pradesh,Wheat,2024,4,2024-04-01,Bhehjoi APMC,2358.75,bhehjoi,Sambhal
Uttar Pradesh,Wheat,2024,4,2024-04-01,Bijnaur APMC,2339.04,bijnaur,Bijnor
Uttar Pradesh,Wheat,2024,4,2024-04-01,Bilaspur APMC,2312.42,bilaspur,Rampur
Uttar Pradesh,Wheat,2024,4,2024-04-01,Bilsi APMC,2316.1,bilsi,Budaun
Uttar Pradesh,Wheat,2024,4,2024-04-01,Bindki APMC,2309.51,bindki,Fatehpur
Uttar Pradesh,Wheat,2024,4,2024-04-01,Bishalpur APMC,2347.26,bishalpur,Pilibhit
Uttar Pradesh,Wheat,2024,4,2024-04-01,Bisoli APMC,2313.82,bisoli,Badaun
Uttar Pradesh,Wheat,2024,4,2024-04-01,Buland Shahr APMC,2305.13,buland shahr,Bulandshahr
Uttar Pradesh,Wheat,2024,4,2024-04-01,Chandausi APMC,2289.94,chandausi,Sambhal
Uttar Pradesh,Wheat,2024,4,2024-04-01,Chandoli APMC,2341.56,chandoli,Chandauli
Uttar Pradesh,Wheat,2024,4,2024-04-01,Charkhari APMC,2332.76,charkhari,Mahoba
Uttar Pradesh,Wheat,2024,4,2024-04-01,Charra APMC,2302.82,charra,Aligarh
Uttar Pradesh,Wheat,2024,4,2024-04-01,Chhibramau APMC,2364.32,chhibramau,Kannauj
Uttar Pradesh,Wheat,2024,4,2024-04-01,Chirgaon APMC,2388.5,chirgaon,Jhansi
Uttar Pradesh,Wheat,2024,4,2024-04-01,Chorichora APMC,2299.34,chorichora,Gorakhpur
Uttar Pradesh,Wheat,2024,4,2024-04-01,Choubepur APMC,2329.41,choubepur,Jaunpur
Uttar Pradesh,Wheat,2024,4,2024-04-01,Colonelganj APMC,2320.92,colonelganj,Gonda
Uttar Pradesh,Wheat,2024,4,2024-04-01,DADRI APMC,2316.2,dadri,Gautam Buddha Nagar
Uttar Pradesh,Wheat,2024,4,2024-04-01,Dankaur APMC,2335.49,dankaur,Gautam Buddha Nagar
Uttar Pradesh,Wheat,2024,4,2024-04-01,Dataganj APMC,2333.67,dataganj,Badaun
Uttar Pradesh,Wheat,2024,4,2024-04-01,Devariya APMC,2359.94,devariya,Deoria
Uttar Pradesh,Wheat,2024,4,2024-04-01,Dhanaura APMC,2296.98,dhanaura,Amroha
Uttar Pradesh,Wheat,2024,4,2024-04-01,Dibiapur APMC,2292.0,dibiapur,Auraiya
Uttar Pradesh,Wheat,2024,4,2024-04-01,Divai APMC,2315.27,divai,Bulandshahar
Uttar Pradesh,Wheat,2024,4,2024-04-01,Doharighat APMC,2375.96,doharighat,Azamgarh
Uttar Pradesh,Wheat,2024,4,2024-04-01,Dudhi APMC,2285.46,dudhi,Sonbhadra
Uttar Pradesh,Wheat,2024,4,2024-04-01,Etah APMC,2347.28,etah,Etah
Uttar Pradesh,Wheat,2024,4,2024-04-01,Etawah APMC,2307.8,etawah,Etawah
Uttar Pradesh,Wheat,2024,4,2024-04-01,Farukhabad APMC,2328.54,farukhabad,Farrukhabad
Uttar Pradesh,Wheat,2024,4,2024-04-01,Fatehabad APMC,2275.0,fatehabad,Agra
Uttar Pradesh,Wheat,2024,4,2024-04-01,Fatehpur APMC,2310.85,fatehpur,Fatehpur
Uttar Pradesh,Wheat,2024,4,2024-04-01,Fatehpur Sikri APMC,2345.25,fatehpur sikri,Agra
Uttar Pradesh,Wheat,2024,4,2024-04-01,Firozabad APMC,2341.5,firozabad,Firozabad
Uttar Pradesh,Wheat,2024,4,2024-04-01,Gadaura APMC,2296.36,gadaura,Maharajganj
Uttar Pradesh,Wheat,2024,4,2024-04-01,Gazipur APMC,2311.43,gazipur,Azamgarh
Uttar Pradesh,Wheat,2024,4,2024-04-01,Ghaziabad APMC,2404.13,ghaziabad,Ghaziabad
Uttar Pradesh,Wheat,2024,4,2024-04-01,Ghiraur APMC,2320.6,ghiraur,Mainpuri
Uttar Pradesh,Wheat,2024,4,2024-04-01,Golagokarnath APMC,2330.82,golagokarnath,Lalitpur
Uttar Pradesh,Wheat,2024,4,2024-04-01,Gonda APMC,2320.49,gonda,Gonda
Uttar Pradesh,Wheat,2024,4,2024-04-01,Gopiganj APMC,2317.31,gopiganj,Bhadohi
Uttar Pradesh,Wheat,2024,4,2024-04-01,Gorakhpur APMC,2336.1,gorakhpur,Gorakhpur
Uttar Pradesh,Wheat,2024,4,2024-04-01,Gurusarai APMC,2351.82,gurusarai,Jhansi
Uttar Pradesh,Wheat,2024,4,2024-04-01,Haathras APMC,2316.45,haathras,Hathras
Uttar Pradesh,Wheat,2024,4,2024-04-01,Hapur APMC,2331.25,hapur,Ghaziabad
Uttar Pradesh,Wheat,2024,4,2024-04-01,Hardoi APMC,2328.49,hardoi,Hardoi
Uttar Pradesh,Wheat,2024,4,2024-04-01,Hargaon (Laharpur) APMC,2300.03,hargaon (laharpur),Sitapur
Uttar Pradesh,Wheat,2024,4,2024-04-01,Jafarganj APMC,2330.44,jafarganj,Amethi
Uttar Pradesh,Wheat,2024,4,2024-04-01,Jagnair APMC,2294.45,jagnair,Agra
Uttar Pradesh,Wheat,2024,4,2024-04-01,Jahanabad APMC,2322.18,jahanabad,Fatehpur
Uttar Pradesh,Wheat,2024,4,2024-04-01,Jahangirabad APMC,2304.19,jahangirabad,Bulandshahar
Uttar Pradesh,Wheat,2024,4,2024-04-01,Jalaun APMC,2306.1,jalaun,Jalaun
Uttar Pradesh,Wheat,2024,4,2024-04-01,Jamanian APMC,,jamanian,Ghazipur
Uttar Pradesh,Wheat,2024,4,2024-04-01,Jangipura APMC,2323.7,jangipura,Ghazipur
Uttar Pradesh,Wheat,2024,4,2024-04-01,Jasra APMC,2315.25,jasra,Prayagraj
Uttar Pradesh,Wheat,2024,4,2024-04-01,Jasvantnagar APMC,2293.69,jasvantnagar,Etawah
Uttar Pradesh,Wheat,2024,4,2024-04-01,Jaunpur APMC,2342.37,jaunpur,Jaunpur
Uttar Pradesh,Wheat,2024,4,2024-04-01,Jayas APMC,2346.08,jayas,Rae Bareli
Uttar Pradesh,Wheat,2024,4,2024-04-01,Jhansi APMC,2399.8,jhansi,Jhansi
Uttar Pradesh,Wheat,2024,4,2024-04-01,Jhijhank APMC,2295.54,jhijhank,Kanpur Dehat
Uttar Pradesh,Wheat,2024,4,2024-04-01,Kadaura APMC,2308.81,kadaura,Jalaun
Uttar Pradesh,Wheat,2024,4,2024-04-01,Kalpi APMC,2285.07,kalpi,Jalaun
Uttar Pradesh,Wheat,2024,4,2024-04-01,Kamlaganj APMC,2318.24,kamlaganj,Farrukhabad
Uttar Pradesh,Wheat,2024,4,2024-04-01,Kannauj APMC,2337.13,kannauj,Kannauj
Uttar Pradesh,Wheat,2024,4,2024-04-01,Kanpur(Grain) APMC,2349.44,kanpur(grain),Jaunpur
Uttar Pradesh,Wheat,2024,4,2024-04-01,Karvi APMC,2388.31,karvi,Chitrakoot
Uttar Pradesh,Wheat,2024,4,2024-04-01,Kasganj APMC,2331.64,kasganj,Kasganj
Uttar Pradesh,Wheat,2024,4,2024-04-01,Kayamganj APMC,2331.19,kayamganj,Farrukhabad
Uttar Pradesh,Wheat,2024,4,2024-04-01,Khaga APMC,2309.75,khaga,Fatehpur
Uttar Pradesh,Wheat,2024,4,2024-04-01,Khair APMC,2283.49,khair,Aligarh
Uttar Pradesh,Wheat,2024,4,2024-04-01,Khairagarh APMC,2305.38,khairagarh,Agra
Uttar Pradesh,Wheat,2024,4,2024-04-01,Khatauli APMC,,khatauli,Muzaffarnagar
Uttar Pradesh,Wheat,2024,4,2024-04-01,Khurja APMC,2311.14,khurja,Bulandshahr
Uttar Pradesh,Wheat,2024,4,2024-04-01,Kishunpur APMC,2304.81,kishunpur,Bahraich
Uttar Pradesh,Wheat,2024,4,2024-04-01,Konch APMC,2298.83,konch,Jalaun
Uttar Pradesh,Wheat,2024,4,2024-04-01,Kopaganj APMC,2317.35,kopaganj,
Uttar Pradesh,Wheat,2024,4,2024-04-01,Kosikalan APMC,2331.89,kosikalan,Mathura
Uttar Pradesh,Wheat,2024,4,2024-04-01,Kurara APMC,2310.97,kurara,Hamirpur
Uttar Pradesh,Wheat,2024,4,2024-04-01,Lakhimpur APMC,2336.1,lakhimpur,Lalitpur
Uttar Pradesh,Wheat,2024,4,2024-04-01,Lalganj APMC,2304.52,lalganj,Rae Bareli
Uttar Pradesh,Wheat,2024,4,2024-04-01,Lalitpur APMC,2349.23,lalitpur,Lalitpur
Uttar Pradesh,Wheat,2024,4,2024-04-01,Lucknow APMC,2374.78,lucknow,Lucknow
Uttar Pradesh,Wheat,2024,4,2024-04-01,Madhoganj APMC,2319.3,madhoganj,Hardoi
Uttar Pradesh,Wheat,2024,4,2024-04-01,Madhogarh APMC,2347.77,madhogarh,Jalaun
Uttar Pradesh,Wheat,2024,4,2024-04-01,Mahoba APMC,2313.74,mahoba,Mahoba
Uttar Pradesh,Wheat,2024,4,2024-04-01,Maigalganj APMC,2329.39,maigalganj,Gorakhpur
Uttar Pradesh,Wheat,2024,4,2024-04-01,Mainpuri APMC,2297.8,mainpuri,Mainpuri
Uttar Pradesh,Wheat,2024,4,2024-04-01,Mathura APMC,2301.46,mathura,Mathura
Uttar Pradesh,Wheat,2024,4,2024-04-01,Maudaha APMC,2300.27,maudaha,Hamirpur
Uttar Pradesh,Wheat,2024,4,2024-04-01,Mauranipur APMC,2382.08,mauranipur,Jhansi
Uttar Pradesh,Wheat,2024,4,2024-04-01,Mawana APMC,,mawana,Meerut
Uttar Pradesh,Wheat,2024,4,2024-04-01,Meerut APMC,2555.98,meerut,Meerut
Uttar Pradesh,Wheat,2024,4,2024-04-01,Mehmoodabad APMC,2320.12,mehmoodabad,Sitapur
Uttar Pradesh,Wheat,2024,4,2024-04-01,Mehrauni APMC,2430.01,mehrauni,Lalitpur
Uttar Pradesh,Wheat,2024,4,2024-04-01,Milak APMC,2280.0,milak,Rampur
Uttar Pradesh,Wheat,2024,4,2024-04-01,Mirzapur APMC,2297.67,mirzapur,Mirzapur
Uttar Pradesh,Wheat,2024,4,2024-04-01,Mohamadabad APMC,2360.7,mohamadabad,Farrukhabad
Uttar Pradesh,Wheat,2024,4,2024-04-01,Mohammdi APMC,2380.98,mohammdi,Kheri
Uttar Pradesh,Wheat,2024,4,2024-04-01,Moth APMC,2358.04,moth,Jhansi
Uttar Pradesh,Wheat,2024,4,2024-04-01,Mugrabaadshahpur APMC,2336.2,mugrabaadshahpur,Jaunpur
Uttar Pradesh,Wheat,2024,4,2024-04-01,Muradabad APMC,2308.28,muradabad,Sambhal
Uttar Pradesh,Wheat,2024,4,2024-04-01,Muradnagar APMC,2300.0,muradnagar,Ghaziabad
Uttar Pradesh,Wheat,2024,4,2024-04-01,Muskara APMC,2295.12,muskara,Mahoba
Uttar Pradesh,Wheat,2024,4,2024-04-01,Muzzafarnagar APMC,2359.56,muzzafarnagar,Muzaffarnagar
Uttar Pradesh,Wheat,2024,4,2024-04-01,Naanpara APMC,2349.54,naanpara,Bahraich
Uttar Pradesh,Wheat,2024,4,2024-04-01,Naugarh APMC,2333.15,naugarh,Siddharthnagar
Uttar Pradesh,Wheat,2024,4,2024-04-01,Nautnava APMC,2336.92,nautnava,Maharajganj
Uttar Pradesh,Wheat,2024,4,2024-04-01,Nawabganj APMC,2358.15,nawabganj,Gonda
Uttar Pradesh,Wheat,2024,4,2024-04-01,Orai APMC,2314.76,orai,Jalaun
Uttar Pradesh,Wheat,2024,4,2024-04-01,Paliakala APMC,2350.0,paliakala,Kheri
Uttar Pradesh,Wheat,2024,4,2024-04-01,Panchpedwa APMC,2305.2,panchpedwa,Balrampur
Uttar Pradesh,Wheat,2024,4,2024-04-01,Partaval APMC,2349.93,partaval,Mahrajganj
Uttar Pradesh,Wheat,2024,4,2024-04-01,Pilibhit APMC,2331.7,pilibhit,Pilibhit
Uttar Pradesh,Wheat,2024,4,2024-04-01,Powayan APMC,2326.12,powayan,Shahjahanpur
Uttar Pradesh,Wheat,2024,4,2024-04-01,Pratapgarh APMC,2362.91,pratapgarh,Pratapgarh
Uttar Pradesh,Wheat,2024,4,2024-04-01,Prayagraj APMC,2417.18,prayagraj,Prayagraj
Uttar Pradesh,Wheat,2024,4,2024-04-01,Pukharayan APMC,2306.59,pukharayan,Kanpur Dehat
Uttar Pradesh,Wheat,2024,4,2024-04-01,Puranpur APMC,2314.45,puranpur,Pilibhit
Uttar Pradesh,Wheat,2024,4,2024-04-01,Purwa APMC,2316.82,purwa,Unnao
Uttar Pradesh,Wheat,2024,4,2024-04-01,Raath APMC,2295.29,raath,Hamirpur
Uttar Pradesh,Wheat,2024,4,2024-04-01,Raibareilly APMC,2302.77,raibareilly,Rae Bareli
Uttar Pradesh,Wheat,2024,4,2024-04-01,Rampur APMC,2330.35,rampur,Rampur
Uttar Pradesh,Wheat,2024,4,2024-04-01,Rasda APMC,2353.72,rasda,Ballia
Uttar Pradesh,Wheat,2024,4,2024-04-01,Richha APMC,2368.33,richha,Bareilly
Uttar Pradesh,Wheat,2024,4,2024-04-01,Robertsganj APMC,2277.74,robertsganj,Sonbhadra
Uttar Pradesh,Wheat,2024,4,2024-04-01,Rura APMC,2387.39,rura,Kanpur Dehat
Uttar Pradesh,Wheat,2024,4,2024-04-01,Safdarganj APMC,2361.07,safdarganj,Barabanki
Uttar Pradesh,Wheat,2024,4,2024-04-01,Saharanpur APMC,2357.56,saharanpur,Saharanpur
Uttar Pradesh,Wheat,2024,4,2024-04-01,Sahiyapur APMC,2338.43,sahiyapur,Siddharthnagar
Uttar Pradesh,Wheat,2024,4,2024-04-01,Salon APMC,2306.63,salon,Rae Bareli
Uttar Pradesh,Wheat,2024,4,2024-04-01,Sambhal APMC,,sambhal,Sambhal
Uttar Pradesh,Wheat,2024,4,2024-04-01,Samsabad APMC,2300.0,samsabad,Agra
Uttar Pradesh,Wheat,2024,4,2024-04-01,Sandi APMC,2320.72,sandi,Hardoi
Uttar Pradesh,Wheat,2024,4,2024-04-01,Sandila APMC,2320.78,sandila,Hardoi
Uttar Pradesh,Wheat,2024,4,2024-04-01,Sehjanwa APMC,2325.0,sehjanwa,Gorakhpur
Uttar Pradesh,Wheat,2024,4,2024-04-01,Shahabad APMC,2300.01,shahabad,Hardoi
Uttar Pradesh,Wheat,2024,4,2024-04-01,Shahabad(New Mandi) APMC,2321.7,shahabad(new mandi),Hardoi
Uttar Pradesh,Wheat,2024,4,2024-04-01,Shahaswan APMC,2290.0,shahaswan,Badaun
Uttar Pradesh,Wheat,2024,4,2024-04-01,Shahganj APMC,2322.88,shahganj,Jaunpur
Uttar Pradesh,Wheat,2024,4,2024-04-01,Shahjahanpur APMC,2299.98,shahjahanpur,Shahjahanpur
Uttar Pradesh,Wheat,2024,4,2024-04-01,Shahpur APMC,2301.91,shahpur,Muzaffarnagar
Uttar Pradesh,Wheat,2024,4,2024-04-01,Shamli APMC,2374.05,shamli,Shamli
Uttar Pradesh,Wheat,2024,4,2024-04-01,Shikohabad APMC,2302.51,shikohabad,Firozabad
Uttar Pradesh,Wheat,2024,4,2024-04-01,Sikanderabad APMC,,sikanderabad,Bulandshahr
Uttar Pradesh,Wheat,2024,4,2024-04-01,Sikandraraau APMC,2291.16,sikandraraau,Hathras
Uttar Pradesh,Wheat,2024,4,2024-04-01,Sikarpur APMC,2305.27,sikarpur,Bulandshahar
Uttar Pradesh,Wheat,2024,4,2024-04-01,Sirsa APMC,2350.0,sirsa,Gautam Buddha Nagar
Uttar Pradesh,Wheat,2024,4,2024-04-01,Sirsaganj APMC,,sirsaganj,Firozabad
Uttar Pradesh,Wheat,2024,4,2024-04-01,Sitapur APMC,2318.23,sitapur,Sitapur
Uttar Pradesh,Wheat,2024,4,2024-04-01,Siyana APMC,2299.81,siyana,Bulandshahar
Uttar Pradesh,Wheat,2024,4,2024-04-01,Sultanpur APMC,2313.66,sultanpur,Amethi
Uttar Pradesh,Wheat,2024,4,2024-04-01,Tamkuhi road APMC,2311.19,tamkuhi road,Kushinagar
Uttar Pradesh,Wheat,2024,4,2024-04-01,Thanabhawan APMC,,thanabhawan,Shamli
Uttar Pradesh,Wheat,2024,4,2024-04-01,Tikonia APMC,2292.26,tikonia,Kheri
Uttar Pradesh,Wheat,2024,4,2024-04-01,Tilhar APMC,2309.91,tilhar,Shahjahanpur
Uttar Pradesh,Wheat,2024,4,2024-04-01,Tulsipur APMC,2351.33,tulsipur,Balrampur
Uttar Pradesh,Wheat,2024,4,2024-04-01,Tundla APMC,2319.84,tundla,Firozabad
Uttar Pradesh,Wheat,2024,4,2024-04-01,Ujhani APMC,2316.29,ujhani,Budaun
Uttar Pradesh,Wheat,2024,4,2024-04-01,Unnao APMC,2331.96,unnao,Unnao
Uttar Pradesh,Wheat,2024,4,2024-04-01,Uttaripura APMC,2321.73,uttaripura,Jaunpur
Uttar Pradesh,Wheat,2024,4,2024-04-01,Varanasi APMC,2361.72,varanasi,Varanasi
Uttar Pradesh,Wheat,2024,4,2024-04-01,Vilthararoad APMC,2285.22,vilthararoad,Ballia
Uttar Pradesh,Wheat,2024,4,2024-04-01,Viswan APMC,2301.02,viswan,Sitapur
Uttar Pradesh,Wheat,2024,4,2024-04-01,Wazirganj APMC,2324.87,wazirganj,Budaun
Uttar Pradesh,Wheat,2024,4,2024-04-01,Yusufpur APMC,2275.0,yusufpur,Ghazipur
Uttar Pradesh,Wheat,2024,5,2024-05-01,Achalda APMC,2317.44,achalda,Auraiya
Uttar Pradesh,Wheat,2024,5,2024-05-01,Achnera APMC,2348.11,achnera,Agra
Uttar Pradesh,Wheat,2024,5,2024-05-01,Agra APMC,2354.12,agra,Agra
Uttar Pradesh,Wheat,2024,5,2024-05-01,Ahirora APMC,2311.87,ahirora,Mirzapur
Uttar Pradesh,Wheat,2024,5,2024-05-01,Ait APMC,2297.43,ait,Jalaun
Uttar Pradesh,Wheat,2024,5,2024-05-01,Ajuha APMC,2308.01,ajuha,Prayagraj
Uttar Pradesh,Wheat,2024,5,2024-05-01,Akbarpur APMC,2359.47,akbarpur,Ambedkarnagar
Uttar Pradesh,Wheat,2024,5,2024-05-01,Aliganj APMC,2288.9,aliganj,Etah
Uttar Pradesh,Wheat,2024,5,2024-05-01,Aligarh APMC,2316.62,aligarh,Aligarh
Uttar Pradesh,Wheat,2024,5,2024-05-01,Amroha APMC,2316.09,amroha,Amroha
Uttar Pradesh,Wheat,2024,5,2024-05-01,Anandnagar APMC,2344.72,anandnagar,Mahrajganj
Uttar Pradesh,Wheat,2024,5,2024-05-01,Anoop Shahar APMC,2304.74,anoop shahar,Bulandshahr
Uttar Pradesh,Wheat,2024,5,2024-05-01,Anwala APMC,2305.48,anwala,Bareilly
Uttar Pradesh,Wheat,2024,5,2024-05-01,Atarra APMC,2350.0,atarra,Banda
Uttar Pradesh,Wheat,2024,5,2024-05-01,Atrauli APMC,2300.0,atrauli,Aligarh
Uttar Pradesh,Wheat,2024,5,2024-05-01,Auraiya APMC,2328.23,auraiya,Auraiya
Uttar Pradesh,Wheat,2024,5,2024-05-01,Awagarh APMC,2336.88,awagarh,Etah
Uttar Pradesh,Wheat,2024,5,2024-05-01,Ayodhya APMC,2367.77,ayodhya,Ayodhya
Uttar Pradesh,Wheat,2024,5,2024-05-01,Azamgarh APMC,2301.15,azamgarh,Azamgarh
Uttar Pradesh,Wheat,2024,5,2024-05-01,Baberu APMC,2348.82,baberu,Banda
Uttar Pradesh,Wheat,2024,5,2024-05-01,Babrala APMC,2310.84,babrala,Budaun
Uttar Pradesh,Wheat,2024,5,2024-05-01,Bachranwa APMC,2311.19,bachranwa,Rae Bareli
Uttar Pradesh,Wheat,2024,5,2024-05-01,Badayoun APMC,2335.08,badayoun,Budaun
Uttar Pradesh,Wheat,2024,5,2024-05-01,Baheri APMC,2345.0,baheri,Bareilly
Uttar Pradesh,Wheat,2024,5,2024-05-01,Bahraich APMC,2353.42,bahraich,Bahraich
Uttar Pradesh,Wheat,2024,5,2024-05-01,Ballia APMC,2305.65,ballia,Ballia
Uttar Pradesh,Wheat,2024,5,2024-05-01,Balrampur APMC,2362.03,balrampur,Balrampur
Uttar Pradesh,Wheat,2024,5,2024-05-01,Banda APMC,2322.32,banda,Banda
Uttar Pradesh,Wheat,2024,5,2024-05-01,Bangarmau APMC,2303.62,bangarmau,Unnao
Uttar Pradesh,Wheat,2024,5,2024-05-01,Bansi APMC,2330.0,bansi,Siddharthnagar
Uttar Pradesh,Wheat,2024,5,2024-05-01,Banthara APMC,2361.56,banthara,Lucknow
Uttar Pradesh,Wheat,2024,5,2024-05-01,Barabanki APMC,2348.37,barabanki,Bara Banki
Uttar Pradesh,Wheat,2024,5,2024-05-01,Bareilly APMC,2312.14,bareilly,Bareilly
Uttar Pradesh,Wheat,2024,5,2024-05-01,Barhaj APMC,,barhaj,Deoria
Uttar Pradesh,Wheat,2024,5,2024-05-01,Baripaal APMC,2293.02,baripaal,Jaunpur
Uttar Pradesh,Wheat,2024,5,2024-05-01,Basti APMC,2320.62,basti,Basti
Uttar Pradesh,Wheat,2024,5,2024-05-01,Bewar APMC,2322.01,bewar,Mainpuri
Uttar Pradesh,Wheat,2024,5,2024-05-01,Bharthna APMC,2314.72,bharthna,Etawah
Uttar Pradesh,Wheat,2024,5,2024-05-01,Bharuasumerpur APMC,2306.86,bharuasumerpur,Hamirpur
Uttar Pradesh,Wheat,2024,5,2024-05-01,Bharwari APMC,2304.83,bharwari,Kaushambi
Uttar Pradesh,Wheat,2024,5,2024-05-01,Bhehjoi APMC,2338.31,bhehjoi,Sambhal
Uttar Pradesh,Wheat,2024,5,2024-05-01,Bhinga APMC,2354.28,bhinga,Shravasti
Uttar Pradesh,Wheat,2024,5,2024-05-01,Bijnaur APMC,2297.04,bijnaur,Bijnor
Uttar Pradesh,Wheat,2024,5,2024-05-01,Bilaspur APMC,2322.31,bilaspur,Rampur
Uttar Pradesh,Wheat,2024,5,2024-05-01,Bilsi APMC,2311.93,bilsi,Budaun
Uttar Pradesh,Wheat,2024,5,2024-05-01,Bindki APMC,2314.44,bindki,Fatehpur
Uttar Pradesh,Wheat,2024,5,2024-05-01,Bishalpur APMC,2350.73,bishalpur,Pilibhit
Uttar Pradesh,Wheat,2024,5,2024-05-01,Bisoli APMC,2312.52,bisoli,Badaun
Uttar Pradesh,Wheat,2024,5,2024-05-01,Buland Shahr APMC,2317.17,buland shahr,Bulandshahr
Uttar Pradesh,Wheat,2024,5,2024-05-01,Chandausi APMC,2297.49,chandausi,Sambhal
Uttar Pradesh,Wheat,2024,5,2024-05-01,Chandoli APMC,2302.09,chandoli,Chandauli
Uttar Pradesh,Wheat,2024,5,2024-05-01,Charkhari APMC,2319.17,charkhari,Mahoba
Uttar Pradesh,Wheat,2024,5,2024-05-01,Charra APMC,2321.4,charra,Aligarh
Uttar Pradesh,Wheat,2024,5,2024-05-01,Chhibramau APMC,2339.31,chhibramau,Kannauj
Uttar Pradesh,Wheat,2024,5,2024-05-01,Chirgaon APMC,2369.37,chirgaon,Jhansi
Uttar Pradesh,Wheat,2024,5,2024-05-01,Chorichora APMC,2300.93,chorichora,Gorakhpur
Uttar Pradesh,Wheat,2024,5,2024-05-01,Choubepur APMC,2337.26,choubepur,Jaunpur
Uttar Pradesh,Wheat,2024,5,2024-05-01,Colonelganj APMC,2350.0,colonelganj,Gonda
Uttar Pradesh,Wheat,2024,5,2024-05-01,DADRI APMC,2309.81,dadri,Gautam Buddha Nagar
Uttar Pradesh,Wheat,2024,5,2024-05-01,Dankaur APMC,2313.43,dankaur,Gautam Buddha Nagar
Uttar Pradesh,Wheat,2024,5,2024-05-01,Dataganj APMC,2329.13,dataganj,Badaun
Uttar Pradesh,Wheat,2024,5,2024-05-01,Deoband APMC,2300.0,deoband,Saharanpur
Uttar Pradesh,Wheat,2024,5,2024-05-01,Devariya APMC,2339.06,devariya,Deoria
Uttar Pradesh,Wheat,2024,5,2024-05-01,Dhanaura APMC,2285.69,dhanaura,Amroha
Uttar Pradesh,Wheat,2024,5,2024-05-01,Dibiapur APMC,2292.16,dibiapur,Auraiya
Uttar Pradesh,Wheat,2024,5,2024-05-01,Divai APMC,2309.19,divai,Bulandshahar
Uttar Pradesh,Wheat,2024,5,2024-05-01,Doharighat APMC,2397.54,doharighat,Azamgarh
Uttar Pradesh,Wheat,2024,5,2024-05-01,Dudhi APMC,2289.0,dudhi,Sonbhadra
Uttar Pradesh,Wheat,2024,5,2024-05-01,Etah APMC,2348.69,etah,Etah
Uttar Pradesh,Wheat,2024,5,2024-05-01,Etawah APMC,2328.51,etawah,Etawah
Uttar Pradesh,Wheat,2024,5,2024-05-01,Farukhabad APMC,2311.5,farukhabad,Farrukhabad
Uttar Pradesh,Wheat,2024,5,2024-05-01,Fatehabad APMC,,fatehabad,Agra
Uttar Pradesh,Wheat,2024,5,2024-05-01,Fatehpur APMC,2313.75,fatehpur,Fatehpur
Uttar Pradesh,Wheat,2024,5,2024-05-01,Fatehpur Sikri APMC,2320.17,fatehpur sikri,Agra
Uttar Pradesh,Wheat,2024,5,2024-05-01,Firozabad APMC,2335.66,firozabad,Firozabad
Uttar Pradesh,Wheat,2024,5,2024-05-01,Gadaura APMC,2290.0,gadaura,Maharajganj
Uttar Pradesh,Wheat,2024,5,2024-05-01,Gazipur APMC,2305.68,gazipur,Azamgarh
Uttar Pradesh,Wheat,2024,5,2024-05-01,Ghaziabad APMC,2343.52,ghaziabad,Ghaziabad
Uttar Pradesh,Wheat,2024,5,2024-05-01,Ghiraur APMC,2305.32,ghiraur,Mainpuri
Uttar Pradesh,Wheat,2024,5,2024-05-01,Golagokarnath APMC,2331.59,golagokarnath,Lalitpur
Uttar Pradesh,Wheat,2024,5,2024-05-01,Gonda APMC,2346.57,gonda,Gonda
Uttar Pradesh,Wheat,2024,5,2024-05-01,Gopiganj APMC,2286.41,gopiganj,Bhadohi
Uttar Pradesh,Wheat,2024,5,2024-05-01,Gorakhpur APMC,2337.78,gorakhpur,Gorakhpur
Uttar Pradesh,Wheat,2024,5,2024-05-01,Gurusarai APMC,2374.79,gurusarai,Jhansi
Uttar Pradesh,Wheat,2024,5,2024-05-01,Haathras APMC,2326.66,haathras,Hathras
Uttar Pradesh,Wheat,2024,5,2024-05-01,Hapur APMC,2310.35,hapur,Ghaziabad
Uttar Pradesh,Wheat,2024,5,2024-05-01,Hardoi APMC,2329.13,hardoi,Hardoi
Uttar Pradesh,Wheat,2024,5,2024-05-01,Hargaon (Laharpur) APMC,2307.01,hargaon (laharpur),Sitapur
Uttar Pradesh,Wheat,2024,5,2024-05-01,Jafarganj APMC,2332.65,jafarganj,Amethi
Uttar Pradesh,Wheat,2024,5,2024-05-01,Jagnair APMC,2304.45,jagnair,Agra
Uttar Pradesh,Wheat,2024,5,2024-05-01,Jahanabad APMC,2302.08,jahanabad,Fatehpur
Uttar Pradesh,Wheat,2024,5,2024-05-01,Jahangirabad APMC,2314.6,jahangirabad,Bulandshahar
Uttar Pradesh,Wheat,2024,5,2024-05-01,Jalaun APMC,2304.26,jalaun,Jalaun
Uttar Pradesh,Wheat,2024,5,2024-05-01,Jamanian APMC,,jamanian,Ghazipur
Uttar Pradesh,Wheat,2024,5,2024-05-01,Jangipura APMC,,jangipura,Ghazipur
Uttar Pradesh,Wheat,2024,5,2024-05-01,Jasra APMC,2300.91,jasra,Prayagraj
Uttar Pradesh,Wheat,2024,5,2024-05-01,Jasvantnagar APMC,2316.55,jasvantnagar,Etawah
Uttar Pradesh,Wheat,2024,5,2024-05-01,Jaunpur APMC,2303.54,jaunpur,Jaunpur
Uttar Pradesh,Wheat,2024,5,2024-05-01,Jayas APMC,2345.26,jayas,Rae Bareli
Uttar Pradesh,Wheat,2024,5,2024-05-01,Jhansi APMC,2363.2,jhansi,Jhansi
Uttar Pradesh,Wheat,2024,5,2024-05-01,Jhansi Grain APMC,2366.94,jhansi grain,Jhansi
Uttar Pradesh,Wheat,2024,5,2024-05-01,Jhijhank APMC,2306.76,jhijhank,Kanpur Dehat
Uttar Pradesh,Wheat,2024,5,2024-05-01,Kadaura APMC,2291.33,kadaura,Jalaun
Uttar Pradesh,Wheat,2024,5,2024-05-01,Kalpi APMC,4010.0,kalpi,Jalaun
Uttar Pradesh,Wheat,2024,5,2024-05-01,Kamlaganj APMC,2300.0,kamlaganj,Farrukhabad
Uttar Pradesh,Wheat,2024,5,2024-05-01,Kannauj APMC,2317.38,kannauj,Kannauj
Uttar Pradesh,Wheat,2024,5,2024-05-01,Kanpur(Grain) APMC,2355.41,kanpur(grain),Jaunpur
Uttar Pradesh,Wheat,2024,5,2024-05-01,Karvi APMC,2373.54,karvi,Chitrakoot
Uttar Pradesh,Wheat,2024,5,2024-05-01,Kasganj APMC,2321.84,kasganj,Kasganj
Uttar Pradesh,Wheat,2024,5,2024-05-01,Kayamganj APMC,2313.94,kayamganj,Farrukhabad
Uttar Pradesh,Wheat,2024,5,2024-05-01,Khaga APMC,2317.8,khaga,Fatehpur
Uttar Pradesh,Wheat,2024,5,2024-05-01,Khair APMC,2300.19,khair,Aligarh
Uttar Pradesh,Wheat,2024,5,2024-05-01,Khairagarh APMC,2336.58,khairagarh,Agra
Uttar Pradesh,Wheat,2024,5,2024-05-01,Khatauli APMC,,khatauli,Muzaffarnagar
Uttar Pradesh,Wheat,2024,5,2024-05-01,Khurja APMC,2309.82,khurja,Bulandshahr
Uttar Pradesh,Wheat,2024,5,2024-05-01,Kishunpur APMC,2309.76,kishunpur,Bahraich
Uttar Pradesh,Wheat,2024,5,2024-05-01,Konch APMC,2293.68,konch,Jalaun
Uttar Pradesh,Wheat,2024,5,2024-05-01,Kopaganj APMC,2296.33,kopaganj,
Uttar Pradesh,Wheat,2024,5,2024-05-01,Kosikalan APMC,2308.49,kosikalan,Mathura
Uttar Pradesh,Wheat,2024,5,2024-05-01,Kurara APMC,2306.29,kurara,Hamirpur
Uttar Pradesh,Wheat,2024,5,2024-05-01,Lakhimpur APMC,2337.84,lakhimpur,Lalitpur
Uttar Pradesh,Wheat,2024,5,2024-05-01,Lalganj APMC,2312.44,lalganj,Rae Bareli
Uttar Pradesh,Wheat,2024,5,2024-05-01,Lalitpur APMC,2390.62,lalitpur,Lalitpur
Uttar Pradesh,Wheat,2024,5,2024-05-01,Lediyari APMC,2400.0,lediyari,Prayagraj
Uttar Pradesh,Wheat,2024,5,2024-05-01,Lucknow APMC,2328.07,lucknow,Lucknow
Uttar Pradesh,Wheat,2024,5,2024-05-01,Madhoganj APMC,2312.7,madhoganj,Hardoi
Uttar Pradesh,Wheat,2024,5,2024-05-01,Madhogarh APMC,2325.13,madhogarh,Jalaun
Uttar Pradesh,Wheat,2024,5,2024-05-01,Mahoba APMC,2329.32,mahoba,Mahoba
Uttar Pradesh,Wheat,2024,5,2024-05-01,Maigalganj APMC,2310.28,maigalganj,Gorakhpur
Uttar Pradesh,Wheat,2024,5,2024-05-01,Mainpuri APMC,2305.73,mainpuri,Mainpuri
Uttar Pradesh,Wheat,2024,5,2024-05-01,Mathura APMC,2330.85,mathura,Mathura
Uttar Pradesh,Wheat,2024,5,2024-05-01,Maudaha APMC,2300.0,maudaha,Hamirpur
Uttar Pradesh,Wheat,2024,5,2024-05-01,Mauranipur APMC,2378.45,mauranipur,Jhansi
Uttar Pradesh,Wheat,2024,5,2024-05-01,Mawana APMC,2400.0,mawana,Meerut
Uttar Pradesh,Wheat,2024,5,2024-05-01,Meerut APMC,2322.37,meerut,Meerut
Uttar Pradesh,Wheat,2024,5,2024-05-01,Mehmoodabad APMC,2324.77,mehmoodabad,Sitapur
Uttar Pradesh,Wheat,2024,5,2024-05-01,Mehrauni APMC,2495.04,mehrauni,Lalitpur
Uttar Pradesh,Wheat,2024,5,2024-05-01,Milak APMC,2312.31,milak,Rampur
Uttar Pradesh,Wheat,2024,5,2024-05-01,Mirzapur APMC,2315.18,mirzapur,Mirzapur
Uttar Pradesh,Wheat,2024,5,2024-05-01,Mohamadabad APMC,2316.17,mohamadabad,Farrukhabad
Uttar Pradesh,Wheat,2024,5,2024-05-01,Mohammdi APMC,2326.57,mohammdi,Kheri
Uttar Pradesh,Wheat,2024,5,2024-05-01,Moth APMC,2387.57,moth,Jhansi
Uttar Pradesh,Wheat,2024,5,2024-05-01,Mugrabaadshahpur APMC,2300.34,mugrabaadshahpur,Jaunpur
Uttar Pradesh,Wheat,2024,5,2024-05-01,Muradabad APMC,2306.51,muradabad,Sambhal
Uttar Pradesh,Wheat,2024,5,2024-05-01,Muradnagar APMC,2330.0,muradnagar,Ghaziabad
Uttar Pradesh,Wheat,2024,5,2024-05-01,Muskara APMC,2312.61,muskara,Mahoba
Uttar Pradesh,Wheat,2024,5,2024-05-01,Muzzafarnagar APMC,2309.99,muzzafarnagar,Muzaffarnagar
Uttar Pradesh,Wheat,2024,5,2024-05-01,Naanpara APMC,2341.22,naanpara,Bahraich
Uttar Pradesh,Wheat,2024,5,2024-05-01,Najibabad APMC,,najibabad,Bijnor
Uttar Pradesh,Wheat,2024,5,2024-05-01,Naugarh APMC,2333.37,naugarh,Siddharthnagar
Uttar Pradesh,Wheat,2024,5,2024-05-01,Nautnava APMC,2337.31,nautnava,Maharajganj
Uttar Pradesh,Wheat,2024,5,2024-05-01,Nawabganj APMC,2339.39,nawabganj,Gonda
Uttar Pradesh,Wheat,2024,5,2024-05-01,Noida APMC,,noida,Gautam Buddha Nagar
Uttar Pradesh,Wheat,2024,5,2024-05-01,Orai APMC,2314.32,orai,Jalaun
Uttar Pradesh,Wheat,2024,5,2024-05-01,Paliakala APMC,2350.0,paliakala,Kheri
Uttar Pradesh,Wheat,2024,5,2024-05-01,Panchpedwa APMC,2384.51,panchpedwa,Balrampur
Uttar Pradesh,Wheat,2024,5,2024-05-01,Partaval APMC,2334.53,partaval,Mahrajganj
Uttar Pradesh,Wheat,2024,5,2024-05-01,Pilibhit APMC,2344.55,pilibhit,Pilibhit
Uttar Pradesh,Wheat,2024,5,2024-05-01,Powayan APMC,2332.74,powayan,Shahjahanpur
Uttar Pradesh,Wheat,2024,5,2024-05-01,Pratapgarh APMC,2312.46,pratapgarh,Pratapgarh
Uttar Pradesh,Wheat,2024,5,2024-05-01,Prayagraj APMC,,prayagraj,Prayagraj
Uttar Pradesh,Wheat,2024,5,2024-05-01,Pukharayan APMC,2299.32,pukharayan,Kanpur Dehat
Uttar Pradesh,Wheat,2024,5,2024-05-01,Puranpur APMC,2338.78,puranpur,Pilibhit
Uttar Pradesh,Wheat,2024,5,2024-05-01,Purwa APMC,2328.33,purwa,Unnao
Uttar Pradesh,Wheat,2024,5,2024-05-01,Raath APMC,2343.6,raath,Hamirpur
Uttar Pradesh,Wheat,2024,5,2024-05-01,Raibareilly APMC,2303.29,raibareilly,Rae Bareli
Uttar Pradesh,Wheat,2024,5,2024-05-01,Rampur APMC,2315.39,rampur,Rampur
Uttar Pradesh,Wheat,2024,5,2024-05-01,Rampurmaniharan APMC,2300.0,rampurmaniharan,Saharanpur
Uttar Pradesh,Wheat,2024,5,2024-05-01,Rasda APMC,2312.5,rasda,Ballia
Uttar Pradesh,Wheat,2024,5,2024-05-01,Richha APMC,2393.57,richha,Bareilly
Uttar Pradesh,Wheat,2024,5,2024-05-01,Robertsganj APMC,2329.86,robertsganj,Sonbhadra
Uttar Pradesh,Wheat,2024,5,2024-05-01,Rura APMC,2363.89,rura,Kanpur Dehat
Uttar Pradesh,Wheat,2024,5,2024-05-01,Safdarganj APMC,2338.54,safdarganj,Barabanki
Uttar Pradesh,Wheat,2024,5,2024-05-01,Saharanpur APMC,2300.0,saharanpur,Saharanpur
Uttar Pradesh,Wheat,2024,5,2024-05-01,Sahiyapur APMC,2347.06,sahiyapur,Siddharthnagar
Uttar Pradesh,Wheat,2024,5,2024-05-01,Salon APMC,2320.34,salon,Rae Bareli
Uttar Pradesh,Wheat,2024,5,2024-05-01,Sambhal APMC,,sambhal,Sambhal
Uttar Pradesh,Wheat,2024,5,2024-05-01,Samsabad APMC,2349.31,samsabad,Agra
Uttar Pradesh,Wheat,2024,5,2024-05-01,Sandi APMC,2318.84,sandi,Hardoi
Uttar Pradesh,Wheat,2024,5,2024-05-01,Sandila APMC,2320.21,sandila,Hardoi
Uttar Pradesh,Wheat,2024,5,2024-05-01,Sehjanwa APMC,2340.51,sehjanwa,Gorakhpur
Uttar Pradesh,Wheat,2024,5,2024-05-01,Shahabad APMC,2300.0,shahabad,Hardoi
Uttar Pradesh,Wheat,2024,5,2024-05-01,Shahabad(New Mandi) APMC,2326.95,shahabad(new mandi),Hardoi
Uttar Pradesh,Wheat,2024,5,2024-05-01,Shahaswan APMC,2312.87,shahaswan,Badaun
Uttar Pradesh,Wheat,2024,5,2024-05-01,Shahganj APMC,2300.47,shahganj,Jaunpur
Uttar Pradesh,Wheat,2024,5,2024-05-01,Shahjahanpur APMC,2311.74,shahjahanpur,Shahjahanpur
Uttar Pradesh,Wheat,2024,5,2024-05-01,Shahpur APMC,2312.16,shahpur,Muzaffarnagar
Uttar Pradesh,Wheat,2024,5,2024-05-01,Shamli APMC,2304.36,shamli,Shamli
Uttar Pradesh,Wheat,2024,5,2024-05-01,Shikohabad APMC,2303.69,shikohabad,Firozabad
Uttar Pradesh,Wheat,2024,5,2024-05-01,Sikandraraau APMC,2294.71,sikandraraau,Hathras
Uttar Pradesh,Wheat,2024,5,2024-05-01,Sikarpur APMC,2310.83,sikarpur,Bulandshahar
Uttar Pradesh,Wheat,2024,5,2024-05-01,Sirsa APMC,2350.0,sirsa,Gautam Buddha Nagar
Uttar Pradesh,Wheat,2024,5,2024-05-01,Sirsaganj APMC,,sirsaganj,Firozabad
Uttar Pradesh,Wheat,2024,5,2024-05-01,Sitapur APMC,2326.18,sitapur,Sitapur
Uttar Pradesh,Wheat,2024,5,2024-05-01,Siyana APMC,2301.42,siyana,Bulandshahar
Uttar Pradesh,Wheat,2024,5,2024-05-01,Sultanpur APMC,2324.66,sultanpur,Amethi
Uttar Pradesh,Wheat,2024,5,2024-05-01,Tamkuhi road APMC,2326.15,tamkuhi road,Kushinagar
Uttar Pradesh,Wheat,2024,5,2024-05-01,Thanabhawan APMC,2308.57,thanabhawan,Shamli
Uttar Pradesh,Wheat,2024,5,2024-05-01,Tikonia APMC,2287.2,tikonia,Kheri
Uttar Pradesh,Wheat,2024,5,2024-05-01,Tilhar APMC,2335.28,tilhar,Shahjahanpur
Uttar Pradesh,Wheat,2024,5,2024-05-01,Tulsipur APMC,2336.6,tulsipur,Balrampur
Uttar Pradesh,Wheat,2024,5,2024-05-01,Tundla APMC,2354.46,tundla,Firozabad
Uttar Pradesh,Wheat,2024,5,2024-05-01,Ujhani APMC,2319.91,ujhani,Budaun
Uttar Pradesh,Wheat,2024,5,2024-05-01,Unnao APMC,2324.66,unnao,Unnao
Uttar Pradesh,Wheat,2024,5,2024-05-01,Uttaripura APMC,2318.25,uttaripura,Jaunpur
Uttar Pradesh,Wheat,2024,5,2024-05-01,Varanasi APMC,2338.47,varanasi,Varanasi
Uttar Pradesh,Wheat,2024,5,2024-05-01,Vilthararoad APMC,2281.2,vilthararoad,Ballia
Uttar Pradesh,Wheat,2024,5,2024-05-01,Viswan APMC,2305.14,viswan,Sitapur
Uttar Pradesh,Wheat,2024,5,2024-05-01,Wazirganj APMC,2328.03,wazirganj,Budaun
Uttar Pradesh,Wheat,2024,5,2024-05-01,Yusufpur APMC,2350.0,yusufpur,Ghazipur
Uttar Pradesh,Wheat,2024,6,2024-06-01,Achalda APMC,2398.42,achalda,Auraiya
Uttar Pradesh,Wheat,2024,6,2024-06-01,Achnera APMC,2444.3,achnera,Agra
Uttar Pradesh,Wheat,2024,6,2024-06-01,Agra APMC,2419.55,agra,Agra
Uttar Pradesh,Wheat,2024,6,2024-06-01,Ahirora APMC,2370.22,ahirora,Mirzapur
Uttar Pradesh,Wheat,2024,6,2024-06-01,Ait APMC,2411.34,ait,Jalaun
Uttar Pradesh,Wheat,2024,6,2024-06-01,Ajuha APMC,2406.85,ajuha,Prayagraj
Uttar Pradesh,Wheat,2024,6,2024-06-01,Akbarpur APMC,2394.3,akbarpur,Ambedkarnagar
Uttar Pradesh,Wheat,2024,6,2024-06-01,Aliganj APMC,2300.07,aliganj,Etah
Uttar Pradesh,Wheat,2024,6,2024-06-01,Aligarh APMC,2397.26,aligarh,Aligarh
Uttar Pradesh,Wheat,2024,6,2024-06-01,Amroha APMC,2380.28,amroha,Amroha
Uttar Pradesh,Wheat,2024,6,2024-06-01,Anandnagar APMC,2344.67,anandnagar,Mahrajganj
Uttar Pradesh,Wheat,2024,6,2024-06-01,Anoop Shahar APMC,2377.96,anoop shahar,Bulandshahr
Uttar Pradesh,Wheat,2024,6,2024-06-01,Anwala APMC,2331.79,anwala,Bareilly
Uttar Pradesh,Wheat,2024,6,2024-06-01,Atarra APMC,2358.3,atarra,Banda
Uttar Pradesh,Wheat,2024,6,2024-06-01,Atrauli APMC,2303.84,atrauli,Aligarh
Uttar Pradesh,Wheat,2024,6,2024-06-01,Auraiya APMC,2402.38,auraiya,Auraiya
Uttar Pradesh,Wheat,2024,6,2024-06-01,Awagarh APMC,2294.43,awagarh,Etah
Uttar Pradesh,Wheat,2024,6,2024-06-01,Ayodhya APMC,2396.79,ayodhya,Ayodhya
Uttar Pradesh,Wheat,2024,6,2024-06-01,Azamgarh APMC,2327.92,azamgarh,Azamgarh
Uttar Pradesh,Wheat,2024,6,2024-06-01,Baberu APMC,2350.0,baberu,Banda
Uttar Pradesh,Wheat,2024,6,2024-06-01,Babrala APMC,2341.14,babrala,Budaun
Uttar Pradesh,Wheat,2024,6,2024-06-01,Bachranwa APMC,2355.94,bachranwa,Rae Bareli
Uttar Pradesh,Wheat,2024,6,2024-06-01,Badayoun APMC,2388.49,badayoun,Budaun
Uttar Pradesh,Wheat,2024,6,2024-06-01,Baheri APMC,,baheri,Bareilly
Uttar Pradesh,Wheat,2024,6,2024-06-01,Bahraich APMC,2380.94,bahraich,Bahraich
Uttar Pradesh,Wheat,2024,6,2024-06-01,Ballia APMC,2332.71,ballia,Ballia
Uttar Pradesh,Wheat,2024,6,2024-06-01,Balrampur APMC,2407.75,balrampur,Balrampur
Uttar Pradesh,Wheat,2024,6,2024-06-01,Banda APMC,2355.66,banda,Banda
Uttar Pradesh,Wheat,2024,6,2024-06-01,Bangarmau APMC,2385.2,bangarmau,Unnao
Uttar Pradesh,Wheat,2024,6,2024-06-01,Bansi APMC,,bansi,Siddharthnagar
Uttar Pradesh,Wheat,2024,6,2024-06-01,Banthara APMC,2395.7,banthara,Lucknow
Uttar Pradesh,Wheat,2024,6,2024-06-01,Barabanki APMC,2401.38,barabanki,Bara Banki
Uttar Pradesh,Wheat,2024,6,2024-06-01,Bareilly APMC,2360.86,bareilly,Bareilly
Uttar Pradesh,Wheat,2024,6,2024-06-01,Barhaj APMC,,barhaj,Deoria
Uttar Pradesh,Wheat,2024,6,2024-06-01,Baripaal APMC,2360.25,baripaal,Jaunpur
Uttar Pradesh,Wheat,2024,6,2024-06-01,Basti APMC,2379.02,basti,Basti
Uttar Pradesh,Wheat,2024,6,2024-06-01,Bewar APMC,2341.3,bewar,Mainpuri
Uttar Pradesh,Wheat,2024,6,2024-06-01,Bharthna APMC,2375.1,bharthna,Etawah
Uttar Pradesh,Wheat,2024,6,2024-06-01,Bharuasumerpur APMC,2391.97,bharuasumerpur,Hamirpur
Uttar Pradesh,Wheat,2024,6,2024-06-01,Bharwari APMC,2414.82,bharwari,Kaushambi
Uttar Pradesh,Wheat,2024,6,2024-06-01,Bhehjoi APMC,2340.0,bhehjoi,Sambhal
Uttar Pradesh,Wheat,2024,6,2024-06-01,Bhinga APMC,2377.48,bhinga,Shravasti
Uttar Pradesh,Wheat,2024,6,2024-06-01,Bijnaur APMC,2375.42,bijnaur,Bijnor
Uttar Pradesh,Wheat,2024,6,2024-06-01,Bilaspur APMC,,bilaspur,Rampur
Uttar Pradesh,Wheat,2024,6,2024-06-01,Bilsi APMC,2379.97,bilsi,Budaun
Uttar Pradesh,Wheat,2024,6,2024-06-01,Bindki APMC,2416.35,bindki,Fatehpur
Uttar Pradesh,Wheat,2024,6,2024-06-01,Bishalpur APMC,2393.86,bishalpur,Pilibhit
Uttar Pradesh,Wheat,2024,6,2024-06-01,Bisoli APMC,2332.01,bisoli,Badaun
Uttar Pradesh,Wheat,2024,6,2024-06-01,Buland Shahr APMC,2419.31,buland shahr,Bulandshahr
Uttar Pradesh,Wheat,2024,6,2024-06-01,Chandausi APMC,2390.75,chandausi,Sambhal
Uttar Pradesh,Wheat,2024,6,2024-06-01,Chandoli APMC,2329.32,chandoli,Chandauli
Uttar Pradesh,Wheat,2024,6,2024-06-01,Charkhari APMC,2359.07,charkhari,Mahoba
Uttar Pradesh,Wheat,2024,6,2024-06-01,Charra APMC,2384.93,charra,Aligarh
Uttar Pradesh,Wheat,2024,6,2024-06-01,Chhibramau APMC,2343.49,chhibramau,Kannauj
Uttar Pradesh,Wheat,2024,6,2024-06-01,Chirgaon APMC,2431.57,chirgaon,Jhansi
Uttar Pradesh,Wheat,2024,6,2024-06-01,Chorichora APMC,2326.56,chorichora,Gorakhpur
Uttar Pradesh,Wheat,2024,6,2024-06-01,Choubepur APMC,2402.68,choubepur,Jaunpur
Uttar Pradesh,Wheat,2024,6,2024-06-01,Colonelganj APMC,,colonelganj,Gonda
Uttar Pradesh,Wheat,2024,6,2024-06-01,DADRI APMC,2380.99,dadri,Gautam Buddha Nagar
Uttar Pradesh,Wheat,2024,6,2024-06-01,Dankaur APMC,2355.05,dankaur,Gautam Buddha Nagar
Uttar Pradesh,Wheat,2024,6,2024-06-01,Dataganj APMC,2342.83,dataganj,Badaun
Uttar Pradesh,Wheat,2024,6,2024-06-01,Deoband APMC,2400.0,deoband,Saharanpur
Uttar Pradesh,Wheat,2024,6,2024-06-01,Devariya APMC,2351.49,devariya,Deoria
Uttar Pradesh,Wheat,2024,6,2024-06-01,Dhanaura APMC,2290.56,dhanaura,Amroha
Uttar Pradesh,Wheat,2024,6,2024-06-01,Dibiapur APMC,,dibiapur,Auraiya
Uttar Pradesh,Wheat,2024,6,2024-06-01,Divai APMC,2314.44,divai,Bulandshahar
Uttar Pradesh,Wheat,2024,6,2024-06-01,Doharighat APMC,2381.75,doharighat,Azamgarh
Uttar Pradesh,Wheat,2024,6,2024-06-01,Dudhi APMC,2400.0,dudhi,Sonbhadra
Uttar Pradesh,Wheat,2024,6,2024-06-01,Etah APMC,2351.01,etah,Etah
Uttar Pradesh,Wheat,2024,6,2024-06-01,Etawah APMC,2380.75,etawah,Etawah
Uttar Pradesh,Wheat,2024,6,2024-06-01,Farukhabad APMC,2378.79,farukhabad,Farrukhabad
Uttar Pradesh,Wheat,2024,6,2024-06-01,Fatehabad APMC,,fatehabad,Agra
Uttar Pradesh,Wheat,2024,6,2024-06-01,Fatehpur APMC,2401.97,fatehpur,Fatehpur
Uttar Pradesh,Wheat,2024,6,2024-06-01,Fatehpur Sikri APMC,,fatehpur sikri,Agra
Uttar Pradesh,Wheat,2024,6,2024-06-01,Firozabad APMC,2426.41,firozabad,Firozabad
Uttar Pradesh,Wheat,2024,6,2024-06-01,Gadaura APMC,2321.0,gadaura,Maharajganj
Uttar Pradesh,Wheat,2024,6,2024-06-01,Gazipur APMC,2350.0,gazipur,Azamgarh
Uttar Pradesh,Wheat,2024,6,2024-06-01,Ghaziabad APMC,2366.11,ghaziabad,Ghaziabad
Uttar Pradesh,Wheat,2024,6,2024-06-01,Ghiraur APMC,2398.28,ghiraur,Mainpuri
Uttar Pradesh,Wheat,2024,6,2024-06-01,Golagokarnath APMC,2385.89,golagokarnath,Lalitpur
Uttar Pradesh,Wheat,2024,6,2024-06-01,Gonda APMC,2455.77,gonda,Gonda
Uttar Pradesh,Wheat,2024,6,2024-06-01,Gopiganj APMC,2303.27,gopiganj,Bhadohi
Uttar Pradesh,Wheat,2024,6,2024-06-01,Gorakhpur APMC,2348.82,gorakhpur,Gorakhpur
Uttar Pradesh,Wheat,2024,6,2024-06-01,Gurusarai APMC,2495.23,gurusarai,Jhansi
Uttar Pradesh,Wheat,2024,6,2024-06-01,Haathras APMC,2382.29,haathras,Hathras
Uttar Pradesh,Wheat,2024,6,2024-06-01,Hapur APMC,2408.45,hapur,Ghaziabad
Uttar Pradesh,Wheat,2024,6,2024-06-01,Hardoi APMC,2374.78,hardoi,Hardoi
Uttar Pradesh,Wheat,2024,6,2024-06-01,Hargaon (Laharpur) APMC,2367.95,hargaon (laharpur),Sitapur
Uttar Pradesh,Wheat,2024,6,2024-06-01,Jafarganj APMC,2420.48,jafarganj,Amethi
Uttar Pradesh,Wheat,2024,6,2024-06-01,Jagnair APMC,2342.38,jagnair,Agra
Uttar Pradesh,Wheat,2024,6,2024-06-01,Jahanabad APMC,2303.0,jahanabad,Fatehpur
Uttar Pradesh,Wheat,2024,6,2024-06-01,Jahangirabad APMC,2412.77,jahangirabad,Bulandshahar
Uttar Pradesh,Wheat,2024,6,2024-06-01,Jalaun APMC,2349.0,jalaun,Jalaun
Uttar Pradesh,Wheat,2024,6,2024-06-01,Jangipura APMC,,jangipura,Ghazipur
Uttar Pradesh,Wheat,2024,6,2024-06-01,Jasra APMC,2400.0,jasra,Prayagraj
Uttar Pradesh,Wheat,2024,6,2024-06-01,Jasvantnagar APMC,2371.84,jasvantnagar,Etawah
Uttar Pradesh,Wheat,2024,6,2024-06-01,Jaunpur APMC,2339.41,jaunpur,Jaunpur
Uttar Pradesh,Wheat,2024,6,2024-06-01,Jayas APMC,2420.67,jayas,Rae Bareli
Uttar Pradesh,Wheat,2024,6,2024-06-01,Jhansi APMC,,jhansi,Jhansi
Uttar Pradesh,Wheat,2024,6,2024-06-01,Jhansi Grain APMC,2460.89,jhansi grain,Jhansi
Uttar Pradesh,Wheat,2024,6,2024-06-01,Jhijhank APMC,2380.82,jhijhank,Kanpur Dehat
Uttar Pradesh,Wheat,2024,6,2024-06-01,Kadaura APMC,2374.33,kadaura,Jalaun
Uttar Pradesh,Wheat,2024,6,2024-06-01,Kalpi APMC,2327.66,kalpi,Jalaun
Uttar Pradesh,Wheat,2024,6,2024-06-01,Kamlaganj APMC,2362.65,kamlaganj,Farrukhabad
Uttar Pradesh,Wheat,2024,6,2024-06-01,Kannauj APMC,2366.93,kannauj,Kannauj
Uttar Pradesh,Wheat,2024,6,2024-06-01,Kanpur(Grain) APMC,2444.34,kanpur(grain),Jaunpur
Uttar Pradesh,Wheat,2024,6,2024-06-01,Karvi APMC,2397.06,karvi,Chitrakoot
Uttar Pradesh,Wheat,2024,6,2024-06-01,Kasganj APMC,2361.93,kasganj,Kasganj
Uttar Pradesh,Wheat,2024,6,2024-06-01,Kayamganj APMC,2373.18,kayamganj,Farrukhabad
Uttar Pradesh,Wheat,2024,6,2024-06-01,Khaga APMC,2407.46,khaga,Fatehpur
Uttar Pradesh,Wheat,2024,6,2024-06-01,Khair APMC,2398.44,khair,Aligarh
Uttar Pradesh,Wheat,2024,6,2024-06-01,Khairagarh APMC,2438.7,khairagarh,Agra
Uttar Pradesh,Wheat,2024,6,2024-06-01,Khalilabad APMC,2420.0,khalilabad,Sant Kabir Nagar
Uttar Pradesh,Wheat,2024,6,2024-06-01,Khurja APMC,2411.06,khurja,Bulandshahr
Uttar Pradesh,Wheat,2024,6,2024-06-01,Kishunpur APMC,2400.15,kishunpur,Bahraich
Uttar Pradesh,Wheat,2024,6,2024-06-01,Konch APMC,2352.6,konch,Jalaun
Uttar Pradesh,Wheat,2024,6,2024-06-01,Kopaganj APMC,2375.0,kopaganj,
Uttar Pradesh,Wheat,2024,6,2024-06-01,Kosikalan APMC,2397.93,kosikalan,Mathura
Uttar Pradesh,Wheat,2024,6,2024-06-01,Kurara APMC,2356.16,kurara,Hamirpur
Uttar Pradesh,Wheat,2024,6,2024-06-01,Lakhimpur APMC,2398.35,lakhimpur,Lalitpur
Uttar Pradesh,Wheat,2024,6,2024-06-01,Lalganj APMC,2389.33,lalganj,Rae Bareli
Uttar Pradesh,Wheat,2024,6,2024-06-01,Lalitpur APMC,2444.54,lalitpur,Lalitpur
Uttar Pradesh,Wheat,2024,6,2024-06-01,Lediyari APMC,2399.15,lediyari,Prayagraj
Uttar Pradesh,Wheat,2024,6,2024-06-01,Lucknow APMC,2385.22,lucknow,Lucknow
Uttar Pradesh,Wheat,2024,6,2024-06-01,Madhoganj APMC,2375.02,madhoganj,Hardoi
Uttar Pradesh,Wheat,2024,6,2024-06-01,Madhogarh APMC,2336.85,madhogarh,Jalaun
Uttar Pradesh,Wheat,2024,6,2024-06-01,Mahoba APMC,2371.14,mahoba,Mahoba
Uttar Pradesh,Wheat,2024,6,2024-06-01,Maigalganj APMC,2326.52,maigalganj,Gorakhpur
Uttar Pradesh,Wheat,2024,6,2024-06-01,Mainpuri APMC,2367.72,mainpuri,Mainpuri
Uttar Pradesh,Wheat,2024,6,2024-06-01,Manjhanpur APMC,2399.58,manjhanpur,Kaushambi
Uttar Pradesh,Wheat,2024,6,2024-06-01,Mathura APMC,2439.85,mathura,Mathura
Uttar Pradesh,Wheat,2024,6,2024-06-01,Maudaha APMC,2300.0,maudaha,Hamirpur
Uttar Pradesh,Wheat,2024,6,2024-06-01,Mauranipur APMC,2439.28,mauranipur,Jhansi
Uttar Pradesh,Wheat,2024,6,2024-06-01,Mawana APMC,2400.0,mawana,Meerut
Uttar Pradesh,Wheat,2024,6,2024-06-01,Meerut APMC,2416.42,meerut,Meerut
Uttar Pradesh,Wheat,2024,6,2024-06-01,Mehmoodabad APMC,2370.2,mehmoodabad,Sitapur
Uttar Pradesh,Wheat,2024,6,2024-06-01,Mehrauni APMC,2400.0,mehrauni,Lalitpur
Uttar Pradesh,Wheat,2024,6,2024-06-01,Milak APMC,,milak,Rampur
Uttar Pradesh,Wheat,2024,6,2024-06-01,Mirzapur APMC,2374.54,mirzapur,Mirzapur
Uttar Pradesh,Wheat,2024,6,2024-06-01,Mohamadabad APMC,2374.99,mohamadabad,Farrukhabad
Uttar Pradesh,Wheat,2024,6,2024-06-01,Mohammdi APMC,2384.93,mohammdi,Kheri
Uttar Pradesh,Wheat,2024,6,2024-06-01,Moth APMC,2464.02,moth,Jhansi
Uttar Pradesh,Wheat,2024,6,2024-06-01,Mugrabaadshahpur APMC,2338.65,mugrabaadshahpur,Jaunpur
Uttar Pradesh,Wheat,2024,6,2024-06-01,Muradabad APMC,2368.57,muradabad,Sambhal
Uttar Pradesh,Wheat,2024,6,2024-06-01,Muradnagar APMC,2400.0,muradnagar,Ghaziabad
Uttar Pradesh,Wheat,2024,6,2024-06-01,Muskara APMC,2377.63,muskara,Mahoba
Uttar Pradesh,Wheat,2024,6,2024-06-01,Muzzafarnagar APMC,2372.4,muzzafarnagar,Muzaffarnagar
Uttar Pradesh,Wheat,2024,6,2024-06-01,Naanpara APMC,2375.81,naanpara,Bahraich
Uttar Pradesh,Wheat,2024,6,2024-06-01,Naugarh APMC,2371.29,naugarh,Siddharthnagar
Uttar Pradesh,Wheat,2024,6,2024-06-01,Nautnava APMC,2348.03,nautnava,Maharajganj
Uttar Pradesh,Wheat,2024,6,2024-06-01,Nawabganj APMC,2402.73,nawabganj,Gonda
Uttar Pradesh,Wheat,2024,6,2024-06-01,Noida APMC,,noida,Gautam Buddha Nagar
Uttar Pradesh,Wheat,2024,6,2024-06-01,Orai APMC,2355.27,orai,Jalaun
Uttar Pradesh,Wheat,2024,6,2024-06-01,Paliakala APMC,2350.0,paliakala,Kheri
Uttar Pradesh,Wheat,2024,6,2024-06-01,Panchpedwa APMC,2421.59,panchpedwa,Balrampur
Uttar Pradesh,Wheat,2024,6,2024-06-01,Partaval APMC,2343.9,partaval,Mahrajganj
Uttar Pradesh,Wheat,2024,6,2024-06-01,Pilibhit APMC,2383.94,pilibhit,Pilibhit
Uttar Pradesh,Wheat,2024,6,2024-06-01,Powayan APMC,2406.52,powayan,Shahjahanpur
Uttar Pradesh,Wheat,2024,6,2024-06-01,Pratapgarh APMC,2388.2,pratapgarh,Pratapgarh
Uttar Pradesh,Wheat,2024,6,2024-06-01,Prayagraj APMC,,prayagraj,Prayagraj
Uttar Pradesh,Wheat,2024,6,2024-06-01,Pukharayan APMC,2335.34,pukharayan,Kanpur Dehat
Uttar Pradesh,Wheat,2024,6,2024-06-01,Puranpur APMC,2377.67,puranpur,Pilibhit
Uttar Pradesh,Wheat,2024,6,2024-06-01,Purwa APMC,2409.25,purwa,Unnao
Uttar Pradesh,Wheat,2024,6,2024-06-01,Raath APMC,2350.0,raath,Hamirpur
Uttar Pradesh,Wheat,2024,6,2024-06-01,Raibareilly APMC,2345.32,raibareilly,Rae Bareli
Uttar Pradesh,Wheat,2024,6,2024-06-01,Rampur APMC,2374.74,rampur,Rampur
Uttar Pradesh,Wheat,2024,6,2024-06-01,Rampurmaniharan APMC,2400.0,rampurmaniharan,Saharanpur
Uttar Pradesh,Wheat,2024,6,2024-06-01,Rasda APMC,2324.14,rasda,Ballia
Uttar Pradesh,Wheat,2024,6,2024-06-01,Richha APMC,,richha,Bareilly
Uttar Pradesh,Wheat,2024,6,2024-06-01,Robertsganj APMC,2351.69,robertsganj,Sonbhadra
Uttar Pradesh,Wheat,2024,6,2024-06-01,Rura APMC,2400.0,rura,Kanpur Dehat
Uttar Pradesh,Wheat,2024,6,2024-06-01,Safdarganj APMC,2432.86,safdarganj,Barabanki
Uttar Pradesh,Wheat,2024,6,2024-06-01,Saharanpur APMC,2361.36,saharanpur,Saharanpur
Uttar Pradesh,Wheat,2024,6,2024-06-01,Sahiyapur APMC,2367.49,sahiyapur,Siddharthnagar
Uttar Pradesh,Wheat,2024,6,2024-06-01,Salon APMC,2375.03,salon,Rae Bareli
Uttar Pradesh,Wheat,2024,6,2024-06-01,Samsabad APMC,2331.82,samsabad,Agra
Uttar Pradesh,Wheat,2024,6,2024-06-01,Sandi APMC,2378.7,sandi,Hardoi
Uttar Pradesh,Wheat,2024,6,2024-06-01,Sandila APMC,2379.47,sandila,Hardoi
Uttar Pradesh,Wheat,2024,6,2024-06-01,Sehjanwa APMC,,sehjanwa,Gorakhpur
Uttar Pradesh,Wheat,2024,6,2024-06-01,Shahabad APMC,2300.0,shahabad,Hardoi
Uttar Pradesh,Wheat,2024,6,2024-06-01,Shahabad(New Mandi) APMC,2378.39,shahabad(new mandi),Hardoi
Uttar Pradesh,Wheat,2024,6,2024-06-01,Shahaswan APMC,2405.45,shahaswan,Badaun
Uttar Pradesh,Wheat,2024,6,2024-06-01,Shahganj APMC,2333.67,shahganj,Jaunpur
Uttar Pradesh,Wheat,2024,6,2024-06-01,Shahjahanpur APMC,2386.04,shahjahanpur,Shahjahanpur
Uttar Pradesh,Wheat,2024,6,2024-06-01,Shahpur APMC,2310.72,shahpur,Muzaffarnagar
Uttar Pradesh,Wheat,2024,6,2024-06-01,Shamli APMC,2353.8,shamli,Shamli
Uttar Pradesh,Wheat,2024,6,2024-06-01,Shikohabad APMC,2357.45,shikohabad,Firozabad
Uttar Pradesh,Wheat,2024,6,2024-06-01,Sikandraraau APMC,2331.85,sikandraraau,Hathras
Uttar Pradesh,Wheat,2024,6,2024-06-01,Sikarpur APMC,2387.59,sikarpur,Bulandshahar
Uttar Pradesh,Wheat,2024,6,2024-06-01,Sirsa APMC,2457.7,sirsa,Gautam Buddha Nagar
Uttar Pradesh,Wheat,2024,6,2024-06-01,Sirsaganj APMC,,sirsaganj,Firozabad
Uttar Pradesh,Wheat,2024,6,2024-06-01,Sitapur APMC,2379.03,sitapur,Sitapur
Uttar Pradesh,Wheat,2024,6,2024-06-01,Siyana APMC,2395.95,siyana,Bulandshahar
Uttar Pradesh,Wheat,2024,6,2024-06-01,Sultanpur APMC,2435.44,sultanpur,Amethi
Uttar Pradesh,Wheat,2024,6,2024-06-01,Tamkuhi road APMC,2324.94,tamkuhi road,Kushinagar
Uttar Pradesh,Wheat,2024,6,2024-06-01,Thanabhawan APMC,2350.0,thanabhawan,Shamli
Uttar Pradesh,Wheat,2024,6,2024-06-01,Tikonia APMC,2361.32,tikonia,Kheri
Uttar Pradesh,Wheat,2024,6,2024-06-01,Tilhar APMC,2343.83,tilhar,Shahjahanpur
Uttar Pradesh,Wheat,2024,6,2024-06-01,Tulsipur APMC,2353.57,tulsipur,Balrampur
Uttar Pradesh,Wheat,2024,6,2024-06-01,Tundla APMC,2447.13,tundla,Firozabad
Uttar Pradesh,Wheat,2024,6,2024-06-01,Ujhani APMC,2381.7,ujhani,Budaun
Uttar Pradesh,Wheat,2024,6,2024-06-01,Unnao APMC,2410.56,unnao,Unnao
Uttar Pradesh,Wheat,2024,6,2024-06-01,Uttaripura APMC,2370.12,uttaripura,Jaunpur
Uttar Pradesh,Wheat,2024,6,2024-06-01,Varanasi APMC,2399.03,varanasi,Varanasi
Uttar Pradesh,Wheat,2024,6,2024-06-01,Vilthararoad APMC,2322.5,vilthararoad,Ballia
Uttar Pradesh,Wheat,2024,6,2024-06-01,Viswan APMC,2355.57,viswan,Sitapur
Uttar Pradesh,Wheat,2024,6,2024-06-01,Wazirganj APMC,2375.45,wazirganj,Budaun
Uttar Pradesh,Wheat,2024,6,2024-06-01,Yusufpur APMC,,yusufpur,Ghazipur
Uttar Pradesh,Wheat,2024,7,2024-07-01,Achalda APMC,2421.4,achalda,Auraiya
Uttar Pradesh,Wheat,2024,7,2024-07-01,Achnera APMC,2475.44,achnera,Agra
Uttar Pradesh,Wheat,2024,7,2024-07-01,Agra APMC,2462.86,agra,Agra
Uttar Pradesh,Wheat,2024,7,2024-07-01,Ahirora APMC,,ahirora,Mirzapur
Uttar Pradesh,Wheat,2024,7,2024-07-01,Ait APMC,2458.87,ait,Jalaun
Uttar Pradesh,Wheat,2024,7,2024-07-01,Ajuha APMC,2420.18,ajuha,Prayagraj
Uttar Pradesh,Wheat,2024,7,2024-07-01,Akbarpur APMC,2420.93,akbarpur,Ambedkarnagar
Uttar Pradesh,Wheat,2024,7,2024-07-01,Aliganj APMC,2330.27,aliganj,Etah
Uttar Pradesh,Wheat,2024,7,2024-07-01,Aligarh APMC,2439.2,aligarh,Aligarh
Uttar Pradesh,Wheat,2024,7,2024-07-01,Amroha APMC,2445.95,amroha,Amroha
Uttar Pradesh,Wheat,2024,7,2024-07-01,Anandnagar APMC,2359.72,anandnagar,Mahrajganj
Uttar Pradesh,Wheat,2024,7,2024-07-01,Anoop Shahar APMC,2446.45,anoop shahar,Bulandshahr
Uttar Pradesh,Wheat,2024,7,2024-07-01,Anwala APMC,,anwala,Bareilly
Uttar Pradesh,Wheat,2024,7,2024-07-01,Atarra APMC,2352.03,atarra,Banda
Uttar Pradesh,Wheat,2024,7,2024-07-01,Atrauli APMC,2329.76,atrauli,Aligarh
Uttar Pradesh,Wheat,2024,7,2024-07-01,Auraiya APMC,2427.52,auraiya,Auraiya
Uttar Pradesh,Wheat,2024,7,2024-07-01,Awagarh APMC,,awagarh,Etah
Uttar Pradesh,Wheat,2024,7,2024-07-01,Ayodhya APMC,2469.66,ayodhya,Ayodhya
Uttar Pradesh,Wheat,2024,7,2024-07-01,Azamgarh APMC,2419.19,azamgarh,Azamgarh
Uttar Pradesh,Wheat,2024,7,2024-07-01,Baberu APMC,2350.0,baberu,Banda
Uttar Pradesh,Wheat,2024,7,2024-07-01,Babrala APMC,2399.14,babrala,Budaun
Uttar Pradesh,Wheat,2024,7,2024-07-01,Bachranwa APMC,2371.88,bachranwa,Rae Bareli
Uttar Pradesh,Wheat,2024,7,2024-07-01,Badayoun APMC,2414.05,badayoun,Budaun
Uttar Pradesh,Wheat,2024,7,2024-07-01,Badda APMC,,badda,Shahjahanpur
Uttar Pradesh,Wheat,2024,7,2024-07-01,Bahraich APMC,2403.68,bahraich,Bahraich
Uttar Pradesh,Wheat,2024,7,2024-07-01,Ballia APMC,2417.39,ballia,Ballia
Uttar Pradesh,Wheat,2024,7,2024-07-01,Balrampur APMC,2460.95,balrampur,Balrampur
Uttar Pradesh,Wheat,2024,7,2024-07-01,Banda APMC,2431.5,banda,Banda
Uttar Pradesh,Wheat,2024,7,2024-07-01,Bangarmau APMC,2423.04,bangarmau,Unnao
Uttar Pradesh,Wheat,2024,7,2024-07-01,Bansi APMC,,bansi,Siddharthnagar
Uttar Pradesh,Wheat,2024,7,2024-07-01,Banthara APMC,2429.66,banthara,Lucknow
Uttar Pradesh,Wheat,2024,7,2024-07-01,Barabanki APMC,2433.32,barabanki,Bara Banki
Uttar Pradesh,Wheat,2024,7,2024-07-01,Baraut APMC,2477.74,baraut,Baghpat
Uttar Pradesh,Wheat,2024,7,2024-07-01,Bareilly APMC,2395.2,bareilly,Bareilly
Uttar Pradesh,Wheat,2024,7,2024-07-01,Barhaj APMC,,barhaj,Deoria
Uttar Pradesh,Wheat,2024,7,2024-07-01,Baripaal APMC,2379.7,baripaal,Jaunpur
Uttar Pradesh,Wheat,2024,7,2024-07-01,Basti APMC,2427.62,basti,Basti
Uttar Pradesh,Wheat,2024,7,2024-07-01,Bewar APMC,2341.04,bewar,Mainpuri
Uttar Pradesh,Wheat,2024,7,2024-07-01,Bharthna APMC,2383.81,bharthna,Etawah
Uttar Pradesh,Wheat,2024,7,2024-07-01,Bharuasumerpur APMC,2437.04,bharuasumerpur,Hamirpur
Uttar Pradesh,Wheat,2024,7,2024-07-01,Bharwari APMC,2424.21,bharwari,Kaushambi
Uttar Pradesh,Wheat,2024,7,2024-07-01,Bhehjoi APMC,2375.91,bhehjoi,Sambhal
Uttar Pradesh,Wheat,2024,7,2024-07-01,Bhinga APMC,2465.73,bhinga,Shravasti
Uttar Pradesh,Wheat,2024,7,2024-07-01,Bijnaur APMC,2433.59,bijnaur,Bijnor
Uttar Pradesh,Wheat,2024,7,2024-07-01,Bilsi APMC,2381.94,bilsi,Budaun
Uttar Pradesh,Wheat,2024,7,2024-07-01,Bindki APMC,2418.61,bindki,Fatehpur
Uttar Pradesh,Wheat,2024,7,2024-07-01,Bishalpur APMC,2441.4,bishalpur,Pilibhit
Uttar Pradesh,Wheat,2024,7,2024-07-01,Bisoli APMC,2338.43,bisoli,Badaun
Uttar Pradesh,Wheat,2024,7,2024-07-01,Buland Shahr APMC,2480.38,buland shahr,Bulandshahr
Uttar Pradesh,Wheat,2024,7,2024-07-01,Chandausi APMC,2453.55,chandausi,Sambhal
Uttar Pradesh,Wheat,2024,7,2024-07-01,Chandoli APMC,2431.56,chandoli,Chandauli
Uttar Pradesh,Wheat,2024,7,2024-07-01,Charkhari APMC,2368.2,charkhari,Mahoba
Uttar Pradesh,Wheat,2024,7,2024-07-01,Charra APMC,2396.43,charra,Aligarh
Uttar Pradesh,Wheat,2024,7,2024-07-01,Chhibramau APMC,2445.38,chhibramau,Kannauj
Uttar Pradesh,Wheat,2024,7,2024-07-01,Chirgaon APMC,2492.08,chirgaon,Jhansi
Uttar Pradesh,Wheat,2024,7,2024-07-01,Chorichora APMC,2399.71,chorichora,Gorakhpur
Uttar Pradesh,Wheat,2024,7,2024-07-01,Choubepur APMC,2465.07,choubepur,Jaunpur
Uttar Pradesh,Wheat,2024,7,2024-07-01,Colonelganj APMC,2340.97,colonelganj,Gonda
Uttar Pradesh,Wheat,2024,7,2024-07-01,DADRI APMC,2461.36,dadri,Gautam Buddha Nagar
Uttar Pradesh,Wheat,2024,7,2024-07-01,Dankaur APMC,2450.0,dankaur,Gautam Buddha Nagar
Uttar Pradesh,Wheat,2024,7,2024-07-01,Dataganj APMC,2380.77,dataganj,Badaun
Uttar Pradesh,Wheat,2024,7,2024-07-01,Deoband APMC,2480.0,deoband,Saharanpur
Uttar Pradesh,Wheat,2024,7,2024-07-01,Devariya APMC,2420.58,devariya,Deoria
Uttar Pradesh,Wheat,2024,7,2024-07-01,Dhanaura APMC,2290.57,dhanaura,Amroha
Uttar Pradesh,Wheat,2024,7,2024-07-01,Dibiapur APMC,,dibiapur,Auraiya
Uttar Pradesh,Wheat,2024,7,2024-07-01,Divai APMC,2353.95,divai,Bulandshahar
Uttar Pradesh,Wheat,2024,7,2024-07-01,Doharighat APMC,,doharighat,Azamgarh
Uttar Pradesh,Wheat,2024,7,2024-07-01,Dudhi APMC,2400.0,dudhi,Sonbhadra
Uttar Pradesh,Wheat,2024,7,2024-07-01,Etah APMC,2404.05,etah,Etah
Uttar Pradesh,Wheat,2024,7,2024-07-01,Etawah APMC,2390.36,etawah,Etawah
Uttar Pradesh,Wheat,2024,7,2024-07-01,Farukhabad APMC,2461.09,farukhabad,Farrukhabad
Uttar Pradesh,Wheat,2024,7,2024-07-01,Fatehpur APMC,2405.68,fatehpur,Fatehpur
Uttar Pradesh,Wheat,2024,7,2024-07-01,Fatehpur Sikri APMC,2469.18,fatehpur sikri,Agra
Uttar Pradesh,Wheat,2024,7,2024-07-01,Firozabad APMC,2478.16,firozabad,Firozabad
Uttar Pradesh,Wheat,2024,7,2024-07-01,Gadaura APMC,2320.0,gadaura,Maharajganj
Uttar Pradesh,Wheat,2024,7,2024-07-01,Gazipur APMC,2424.97,gazipur,Azamgarh
Uttar Pradesh,Wheat,2024,7,2024-07-01,Ghaziabad APMC,2483.4,ghaziabad,Ghaziabad
Uttar Pradesh,Wheat,2024,7,2024-07-01,Ghiraur APMC,2404.47,ghiraur,Mainpuri
Uttar Pradesh,Wheat,2024,7,2024-07-01,Golagokarnath APMC,2421.11,golagokarnath,Lalitpur
Uttar Pradesh,Wheat,2024,7,2024-07-01,Gonda APMC,2487.33,gonda,Gonda
Uttar Pradesh,Wheat,2024,7,2024-07-01,Gopiganj APMC,2413.43,gopiganj,Bhadohi
Uttar Pradesh,Wheat,2024,7,2024-07-01,Gorakhpur APMC,2417.59,gorakhpur,Gorakhpur
Uttar Pradesh,Wheat,2024,7,2024-07-01,Gurusarai APMC,2453.92,gurusarai,Jhansi
Uttar Pradesh,Wheat,2024,7,2024-07-01,Haathras APMC,2439.18,haathras,Hathras
Uttar Pradesh,Wheat,2024,7,2024-07-01,Hapur APMC,2481.62,hapur,Ghaziabad
Uttar Pradesh,Wheat,2024,7,2024-07-01,Hardoi APMC,2420.25,hardoi,Hardoi
Uttar Pradesh,Wheat,2024,7,2024-07-01,Hargaon (Laharpur) APMC,2413.57,hargaon (laharpur),Sitapur
Uttar Pradesh,Wheat,2024,7,2024-07-01,Jafarganj APMC,2441.88,jafarganj,Amethi
Uttar Pradesh,Wheat,2024,7,2024-07-01,Jagnair APMC,2389.83,jagnair,Agra
Uttar Pradesh,Wheat,2024,7,2024-07-01,Jahanabad APMC,2303.38,jahanabad,Fatehpur
Uttar Pradesh,Wheat,2024,7,2024-07-01,Jahangirabad APMC,2463.33,jahangirabad,Bulandshahar
Uttar Pradesh,Wheat,2024,7,2024-07-01,Jalaun APMC,2411.12,jalaun,Jalaun
Uttar Pradesh,Wheat,2024,7,2024-07-01,Jangipura APMC,,jangipura,Ghazipur
Uttar Pradesh,Wheat,2024,7,2024-07-01,Jasra APMC,2426.28,jasra,Prayagraj
Uttar Pradesh,Wheat,2024,7,2024-07-01,Jasvantnagar APMC,2400.77,jasvantnagar,Etawah
Uttar Pradesh,Wheat,2024,7,2024-07-01,Jaunpur APMC,2435.57,jaunpur,Jaunpur
Uttar Pradesh,Wheat,2024,7,2024-07-01,Jayas APMC,2448.17,jayas,Rae Bareli
Uttar Pradesh,Wheat,2024,7,2024-07-01,Jhansi APMC,,jhansi,Jhansi
Uttar Pradesh,Wheat,2024,7,2024-07-01,Jhansi Grain APMC,2473.34,jhansi grain,Jhansi
Uttar Pradesh,Wheat,2024,7,2024-07-01,Jhijhank APMC,2418.73,jhijhank,Kanpur Dehat
Uttar Pradesh,Wheat,2024,7,2024-07-01,Kadaura APMC,2393.24,kadaura,Jalaun
Uttar Pradesh,Wheat,2024,7,2024-07-01,Kalpi APMC,2382.62,kalpi,Jalaun
Uttar Pradesh,Wheat,2024,7,2024-07-01,Kamlaganj APMC,2451.34,kamlaganj,Farrukhabad
Uttar Pradesh,Wheat,2024,7,2024-07-01,Kannauj APMC,2431.34,kannauj,Kannauj
Uttar Pradesh,Wheat,2024,7,2024-07-01,Kanpur(Grain) APMC,2476.21,kanpur(grain),Jaunpur
Uttar Pradesh,Wheat,2024,7,2024-07-01,Karvi APMC,2417.27,karvi,Chitrakoot
Uttar Pradesh,Wheat,2024,7,2024-07-01,Kasganj APMC,2408.03,kasganj,Kasganj
Uttar Pradesh,Wheat,2024,7,2024-07-01,Kayamganj APMC,2448.58,kayamganj,Farrukhabad
Uttar Pradesh,Wheat,2024,7,2024-07-01,Khaga APMC,2427.27,khaga,Fatehpur
Uttar Pradesh,Wheat,2024,7,2024-07-01,Khair APMC,2420.0,khair,Aligarh
Uttar Pradesh,Wheat,2024,7,2024-07-01,Khairagarh APMC,2464.44,khairagarh,Agra
Uttar Pradesh,Wheat,2024,7,2024-07-01,Khalilabad APMC,2460.0,khalilabad,Sant Kabir Nagar
Uttar Pradesh,Wheat,2024,7,2024-07-01,Khurja APMC,2471.24,khurja,Bulandshahr
Uttar Pradesh,Wheat,2024,7,2024-07-01,Kishunpur APMC,2401.44,kishunpur,Bahraich
Uttar Pradesh,Wheat,2024,7,2024-07-01,Konch APMC,2391.4,konch,Jalaun
Uttar Pradesh,Wheat,2024,7,2024-07-01,Kopaganj APMC,2424.54,kopaganj,
Uttar Pradesh,Wheat,2024,7,2024-07-01,Kosikalan APMC,2409.44,kosikalan,Mathura
Uttar Pradesh,Wheat,2024,7,2024-07-01,Kurara APMC,2356.3,kurara,Hamirpur
Uttar Pradesh,Wheat,2024,7,2024-07-01,Lakhimpur APMC,2431.5,lakhimpur,Lalitpur
Uttar Pradesh,Wheat,2024,7,2024-07-01,Lalganj APMC,2412.33,lalganj,Rae Bareli
Uttar Pradesh,Wheat,2024,7,2024-07-01,Lalitpur APMC,2461.27,lalitpur,Lalitpur
Uttar Pradesh,Wheat,2024,7,2024-07-01,Lediyari APMC,2383.33,lediyari,Prayagraj
Uttar Pradesh,Wheat,2024,7,2024-07-01,Lucknow APMC,2425.53,lucknow,Lucknow
Uttar Pradesh,Wheat,2024,7,2024-07-01,Madhoganj APMC,2415.48,madhoganj,Hardoi
Uttar Pradesh,Wheat,2024,7,2024-07-01,Madhogarh APMC,2350.21,madhogarh,Jalaun
Uttar Pradesh,Wheat,2024,7,2024-07-01,Mahoba APMC,2408.79,mahoba,Mahoba
Uttar Pradesh,Wheat,2024,7,2024-07-01,Maigalganj APMC,2381.57,maigalganj,Gorakhpur
Uttar Pradesh,Wheat,2024,7,2024-07-01,Mainpuri APMC,2390.9,mainpuri,Mainpuri
Uttar Pradesh,Wheat,2024,7,2024-07-01,Manjhanpur APMC,2419.8,manjhanpur,Kaushambi
Uttar Pradesh,Wheat,2024,7,2024-07-01,Mathura APMC,2450.84,mathura,Mathura
Uttar Pradesh,Wheat,2024,7,2024-07-01,Maudaha APMC,2300.0,maudaha,Hamirpur
Uttar Pradesh,Wheat,2024,7,2024-07-01,Mauranipur APMC,2429.46,mauranipur,Jhansi
Uttar Pradesh,Wheat,2024,7,2024-07-01,Mawana APMC,2450.0,mawana,Meerut
Uttar Pradesh,Wheat,2024,7,2024-07-01,Meerut APMC,2477.82,meerut,Meerut
Uttar Pradesh,Wheat,2024,7,2024-07-01,Mehmoodabad APMC,2415.39,mehmoodabad,Sitapur
Uttar Pradesh,Wheat,2024,7,2024-07-01,Mehrauni APMC,2400.0,mehrauni,Lalitpur
Uttar Pradesh,Wheat,2024,7,2024-07-01,Milak APMC,,milak,Rampur
Uttar Pradesh,Wheat,2024,7,2024-07-01,Mirzapur APMC,2428.81,mirzapur,Mirzapur
Uttar Pradesh,Wheat,2024,7,2024-07-01,Mohamadabad APMC,2467.18,mohamadabad,Farrukhabad
Uttar Pradesh,Wheat,2024,7,2024-07-01,Mohammdi APMC,2425.91,mohammdi,Kheri
Uttar Pradesh,Wheat,2024,7,2024-07-01,Moth APMC,2482.08,moth,Jhansi
Uttar Pradesh,Wheat,2024,7,2024-07-01,Mugrabaadshahpur APMC,2438.24,mugrabaadshahpur,Jaunpur
Uttar Pradesh,Wheat,2024,7,2024-07-01,Muradabad APMC,2442.71,muradabad,Sambhal
Uttar Pradesh,Wheat,2024,7,2024-07-01,Muradnagar APMC,,muradnagar,Ghaziabad
Uttar Pradesh,Wheat,2024,7,2024-07-01,Muskara APMC,2423.31,muskara,Mahoba
Uttar Pradesh,Wheat,2024,7,2024-07-01,Muzzafarnagar APMC,2469.12,muzzafarnagar,Muzaffarnagar
Uttar Pradesh,Wheat,2024,7,2024-07-01,Naanpara APMC,2403.12,naanpara,Bahraich
Uttar Pradesh,Wheat,2024,7,2024-07-01,Naugarh APMC,2442.38,naugarh,Siddharthnagar
Uttar Pradesh,Wheat,2024,7,2024-07-01,Nautnava APMC,2433.45,nautnava,Maharajganj
Uttar Pradesh,Wheat,2024,7,2024-07-01,Nawabganj APMC,2460.16,nawabganj,Gonda
Uttar Pradesh,Wheat,2024,7,2024-07-01,Noida APMC,,noida,Gautam Buddha Nagar
Uttar Pradesh,Wheat,2024,7,2024-07-01,Orai APMC,2395.42,orai,Jalaun
Uttar Pradesh,Wheat,2024,7,2024-07-01,Paliakala APMC,2358.15,paliakala,Kheri
Uttar Pradesh,Wheat,2024,7,2024-07-01,Panchpedwa APMC,2421.23,panchpedwa,Balrampur
Uttar Pradesh,Wheat,2024,7,2024-07-01,Partaval APMC,2418.49,partaval,Mahrajganj
Uttar Pradesh,Wheat,2024,7,2024-07-01,Pilibhit APMC,2471.75,pilibhit,Pilibhit
Uttar Pradesh,Wheat,2024,7,2024-07-01,Powayan APMC,2441.92,powayan,Shahjahanpur
Uttar Pradesh,Wheat,2024,7,2024-07-01,Pratapgarh APMC,2442.64,pratapgarh,Pratapgarh
Uttar Pradesh,Wheat,2024,7,2024-07-01,Prayagraj APMC,2439.38,prayagraj,Prayagraj
Uttar Pradesh,Wheat,2024,7,2024-07-01,Pukharayan APMC,2424.32,pukharayan,Kanpur Dehat
Uttar Pradesh,Wheat,2024,7,2024-07-01,Puranpur APMC,2490.81,puranpur,Pilibhit
Uttar Pradesh,Wheat,2024,7,2024-07-01,Purwa APMC,2434.5,purwa,Unnao
Uttar Pradesh,Wheat,2024,7,2024-07-01,Raath APMC,2333.98,raath,Hamirpur
Uttar Pradesh,Wheat,2024,7,2024-07-01,Raibareilly APMC,2400.12,raibareilly,Rae Bareli
Uttar Pradesh,Wheat,2024,7,2024-07-01,Rampur APMC,2445.48,rampur,Rampur
Uttar Pradesh,Wheat,2024,7,2024-07-01,Rampurmaniharan APMC,2480.0,rampurmaniharan,Saharanpur
Uttar Pradesh,Wheat,2024,7,2024-07-01,Rasda APMC,2403.61,rasda,Ballia
Uttar Pradesh,Wheat,2024,7,2024-07-01,Robertsganj APMC,2423.13,robertsganj,Sonbhadra
Uttar Pradesh,Wheat,2024,7,2024-07-01,Rura APMC,2374.16,rura,Kanpur Dehat
Uttar Pradesh,Wheat,2024,7,2024-07-01,Safdarganj APMC,2444.62,safdarganj,Barabanki
Uttar Pradesh,Wheat,2024,7,2024-07-01,Saharanpur APMC,2462.51,saharanpur,Saharanpur
Uttar Pradesh,Wheat,2024,7,2024-07-01,Sahiyapur APMC,2419.45,sahiyapur,Siddharthnagar
Uttar Pradesh,Wheat,2024,7,2024-07-01,Salon APMC,2416.25,salon,Rae Bareli
Uttar Pradesh,Wheat,2024,7,2024-07-01,Samsabad APMC,2393.55,samsabad,Agra
Uttar Pradesh,Wheat,2024,7,2024-07-01,Sandi APMC,2418.64,sandi,Hardoi
Uttar Pradesh,Wheat,2024,7,2024-07-01,Sandila APMC,2418.77,sandila,Hardoi
Uttar Pradesh,Wheat,2024,7,2024-07-01,Shahabad APMC,2300.0,shahabad,Hardoi
Uttar Pradesh,Wheat,2024,7,2024-07-01,Shahabad(New Mandi) APMC,2413.03,shahabad(new mandi),Hardoi
Uttar Pradesh,Wheat,2024,7,2024-07-01,Shahaswan APMC,2431.92,shahaswan,Badaun
Uttar Pradesh,Wheat,2024,7,2024-07-01,Shahganj APMC,2427.94,shahganj,Jaunpur
Uttar Pradesh,Wheat,2024,7,2024-07-01,Shahjahanpur APMC,2450.69,shahjahanpur,Shahjahanpur
Uttar Pradesh,Wheat,2024,7,2024-07-01,Shahpur APMC,2313.26,shahpur,Muzaffarnagar
Uttar Pradesh,Wheat,2024,7,2024-07-01,Shamli APMC,2468.52,shamli,Shamli
Uttar Pradesh,Wheat,2024,7,2024-07-01,Shikohabad APMC,2447.74,shikohabad,Firozabad
Uttar Pradesh,Wheat,2024,7,2024-07-01,Sikandraraau APMC,2366.69,sikandraraau,Hathras
Uttar Pradesh,Wheat,2024,7,2024-07-01,Sikarpur APMC,2387.79,sikarpur,Bulandshahar
Uttar Pradesh,Wheat,2024,7,2024-07-01,Sirsa APMC,2450.0,sirsa,Gautam Buddha Nagar
Uttar Pradesh,Wheat,2024,7,2024-07-01,Sirsaganj APMC,,sirsaganj,Firozabad
Uttar Pradesh,Wheat,2024,7,2024-07-01,Sitapur APMC,2423.36,sitapur,Sitapur
Uttar Pradesh,Wheat,2024,7,2024-07-01,Siyana APMC,2470.86,siyana,Bulandshahar
Uttar Pradesh,Wheat,2024,7,2024-07-01,Sultanpur APMC,2433.74,sultanpur,Amethi
Uttar Pradesh,Wheat,2024,7,2024-07-01,Tamkuhi road APMC,2381.95,tamkuhi road,Kushinagar
Uttar Pradesh,Wheat,2024,7,2024-07-01,Thanabhawan APMC,,thanabhawan,Shamli
Uttar Pradesh,Wheat,2024,7,2024-07-01,Tikonia APMC,2410.0,tikonia,Kheri
Uttar Pradesh,Wheat,2024,7,2024-07-01,Tilhar APMC,2443.56,tilhar,Shahjahanpur
Uttar Pradesh,Wheat,2024,7,2024-07-01,Tulsipur APMC,2361.32,tulsipur,Balrampur
Uttar Pradesh,Wheat,2024,7,2024-07-01,Tundla APMC,2474.26,tundla,Firozabad
Uttar Pradesh,Wheat,2024,7,2024-07-01,Ujhani APMC,2385.07,ujhani,Budaun
Uttar Pradesh,Wheat,2024,7,2024-07-01,Unnao APMC,2458.34,unnao,Unnao
Uttar Pradesh,Wheat,2024,7,2024-07-01,Uttaripura APMC,2442.78,uttaripura,Jaunpur
Uttar Pradesh,Wheat,2024,7,2024-07-01,Varanasi APMC,2444.57,varanasi,Varanasi
Uttar Pradesh,Wheat,2024,7,2024-07-01,Vilthararoad APMC,2475.0,vilthararoad,Ballia
Uttar Pradesh,Wheat,2024,7,2024-07-01,Viswan APMC,2399.58,viswan,Sitapur
Uttar Pradesh,Wheat,2024,7,2024-07-01,Wazirganj APMC,2413.59,wazirganj,Budaun
Uttar Pradesh,Wheat,2024,8,2024-08-01,Achalda APMC,2502.46,achalda,Auraiya
Uttar Pradesh,Wheat,2024,8,2024-08-01,Achnera APMC,2505.66,achnera,Agra
Uttar Pradesh,Wheat,2024,8,2024-08-01,Agra APMC,2530.59,agra,Agra
Uttar Pradesh,Wheat,2024,8,2024-08-01,Ahirora APMC,,ahirora,Mirzapur
Uttar Pradesh,Wheat,2024,8,2024-08-01,Ait APMC,2574.55,ait,Jalaun
Uttar Pradesh,Wheat,2024,8,2024-08-01,Ajuha APMC,2490.38,ajuha,Prayagraj
Uttar Pradesh,Wheat,2024,8,2024-08-01,Akbarpur APMC,2451.9,akbarpur,Ambedkarnagar
Uttar Pradesh,Wheat,2024,8,2024-08-01,Aliganj APMC,2355.3,aliganj,Etah
Uttar Pradesh,Wheat,2024,8,2024-08-01,Aligarh APMC,2522.1,aligarh,Aligarh
Uttar Pradesh,Wheat,2024,8,2024-08-01,Amroha APMC,2469.38,amroha,Amroha
Uttar Pradesh,Wheat,2024,8,2024-08-01,Anandnagar APMC,2347.98,anandnagar,Mahrajganj
Uttar Pradesh,Wheat,2024,8,2024-08-01,Anoop Shahar APMC,2492.24,anoop shahar,Bulandshahr
Uttar Pradesh,Wheat,2024,8,2024-08-01,Atarra APMC,2364.05,atarra,Banda
Uttar Pradesh,Wheat,2024,8,2024-08-01,Atrauli APMC,2356.21,atrauli,Aligarh
Uttar Pradesh,Wheat,2024,8,2024-08-01,Auraiya APMC,2531.46,auraiya,Auraiya
Uttar Pradesh,Wheat,2024,8,2024-08-01,Ayodhya APMC,2451.19,ayodhya,Ayodhya
Uttar Pradesh,Wheat,2024,8,2024-08-01,Azamgarh APMC,2466.13,azamgarh,Azamgarh
Uttar Pradesh,Wheat,2024,8,2024-08-01,Baberu APMC,2402.38,baberu,Banda
Uttar Pradesh,Wheat,2024,8,2024-08-01,Babrala APMC,2444.2,babrala,Budaun
Uttar Pradesh,Wheat,2024,8,2024-08-01,Bachranwa APMC,2457.78,bachranwa,Rae Bareli
Uttar Pradesh,Wheat,2024,8,2024-08-01,Badayoun APMC,2460.0,badayoun,Budaun
Uttar Pradesh,Wheat,2024,8,2024-08-01,Badda APMC,,badda,Shahjahanpur
Uttar Pradesh,Wheat,2024,8,2024-08-01,Bahraich APMC,2475.03,bahraich,Bahraich
Uttar Pradesh,Wheat,2024,8,2024-08-01,Ballia APMC,2466.1,ballia,Ballia
Uttar Pradesh,Wheat,2024,8,2024-08-01,Balrampur APMC,2481.52,balrampur,Balrampur
Uttar Pradesh,Wheat,2024,8,2024-08-01,Banda APMC,2527.14,banda,Banda
Uttar Pradesh,Wheat,2024,8,2024-08-01,Bangarmau APMC,2449.13,bangarmau,Unnao
Uttar Pradesh,Wheat,2024,8,2024-08-01,Bansi APMC,2480.0,bansi,Siddharthnagar
Uttar Pradesh,Wheat,2024,8,2024-08-01,Banthara APMC,2522.99,banthara,Lucknow
Uttar Pradesh,Wheat,2024,8,2024-08-01,Barabanki APMC,2495.77,barabanki,Bara Banki
Uttar Pradesh,Wheat,2024,8,2024-08-01,Baraut APMC,2486.47,baraut,Baghpat
Uttar Pradesh,Wheat,2024,8,2024-08-01,Bareilly APMC,2417.65,bareilly,Bareilly
Uttar Pradesh,Wheat,2024,8,2024-08-01,Baripaal APMC,2458.36,baripaal,Jaunpur
Uttar Pradesh,Wheat,2024,8,2024-08-01,Basti APMC,2473.88,basti,Basti
Uttar Pradesh,Wheat,2024,8,2024-08-01,Bewar APMC,2359.04,bewar,Mainpuri
Uttar Pradesh,Wheat,2024,8,2024-08-01,Bharthna APMC,2441.09,bharthna,Etawah
Uttar Pradesh,Wheat,2024,8,2024-08-01,Bharuasumerpur APMC,2556.24,bharuasumerpur,Hamirpur
Uttar Pradesh,Wheat,2024,8,2024-08-01,Bharwari APMC,2470.28,bharwari,Kaushambi
Uttar Pradesh,Wheat,2024,8,2024-08-01,Bhehjoi APMC,2396.83,bhehjoi,Sambhal
Uttar Pradesh,Wheat,2024,8,2024-08-01,Bhinga APMC,2472.38,bhinga,Shravasti
Uttar Pradesh,Wheat,2024,8,2024-08-01,Bijnaur APMC,2467.03,bijnaur,Bijnor
Uttar Pradesh,Wheat,2024,8,2024-08-01,Bilsi APMC,2435.08,bilsi,Budaun
Uttar Pradesh,Wheat,2024,8,2024-08-01,Bindki APMC,2504.04,bindki,Fatehpur
Uttar Pradesh,Wheat,2024,8,2024-08-01,Bishalpur APMC,2468.7,bishalpur,Pilibhit
Uttar Pradesh,Wheat,2024,8,2024-08-01,Bisoli APMC,2320.0,bisoli,Badaun
Uttar Pradesh,Wheat,2024,8,2024-08-01,Buland Shahr APMC,2544.44,buland shahr,Bulandshahr
Uttar Pradesh,Wheat,2024,8,2024-08-01,Chandausi APMC,2471.37,chandausi,Sambhal
Uttar Pradesh,Wheat,2024,8,2024-08-01,Chandoli APMC,2471.92,chandoli,Chandauli
Uttar Pradesh,Wheat,2024,8,2024-08-01,Charkhari APMC,2488.92,charkhari,Mahoba
Uttar Pradesh,Wheat,2024,8,2024-08-01,Charra APMC,2400.0,charra,Aligarh
Uttar Pradesh,Wheat,2024,8,2024-08-01,Chhibramau APMC,2482.57,chhibramau,Kannauj
Uttar Pradesh,Wheat,2024,8,2024-08-01,Chirgaon APMC,,chirgaon,Jhansi
Uttar Pradesh,Wheat,2024,8,2024-08-01,Chorichora APMC,2368.24,chorichora,Gorakhpur
Uttar Pradesh,Wheat,2024,8,2024-08-01,Choubepur APMC,2518.3,choubepur,Jaunpur
Uttar Pradesh,Wheat,2024,8,2024-08-01,Colonelganj APMC,2480.02,colonelganj,Gonda
Uttar Pradesh,Wheat,2024,8,2024-08-01,DADRI APMC,2478.46,dadri,Gautam Buddha Nagar
Uttar Pradesh,Wheat,2024,8,2024-08-01,Dankaur APMC,2468.76,dankaur,Gautam Buddha Nagar
Uttar Pradesh,Wheat,2024,8,2024-08-01,Dataganj APMC,2430.84,dataganj,Badaun
Uttar Pradesh,Wheat,2024,8,2024-08-01,Deoband APMC,2500.0,deoband,Saharanpur
Uttar Pradesh,Wheat,2024,8,2024-08-01,Devariya APMC,2461.05,devariya,Deoria
Uttar Pradesh,Wheat,2024,8,2024-08-01,Dhanaura APMC,2291.05,dhanaura,Amroha
Uttar Pradesh,Wheat,2024,8,2024-08-01,Dibiapur APMC,2350.0,dibiapur,Auraiya
Uttar Pradesh,Wheat,2024,8,2024-08-01,Divai APMC,2366.67,divai,Bulandshahar
Uttar Pradesh,Wheat,2024,8,2024-08-01,Doharighat APMC,2480.0,doharighat,Azamgarh
Uttar Pradesh,Wheat,2024,8,2024-08-01,Dudhi APMC,2400.0,dudhi,Sonbhadra
Uttar Pradesh,Wheat,2024,8,2024-08-01,Etah APMC,2389.04,etah,Etah
Uttar Pradesh,Wheat,2024,8,2024-08-01,Etawah APMC,2456.49,etawah,Etawah
Uttar Pradesh,Wheat,2024,8,2024-08-01,Farukhabad APMC,2499.87,farukhabad,Farrukhabad
Uttar Pradesh,Wheat,2024,8,2024-08-01,Fatehpur APMC,2473.55,fatehpur,Fatehpur
Uttar Pradesh,Wheat,2024,8,2024-08-01,Fatehpur Sikri APMC,2514.21,fatehpur sikri,Agra
Uttar Pradesh,Wheat,2024,8,2024-08-01,Firozabad APMC,2518.73,firozabad,Firozabad
Uttar Pradesh,Wheat,2024,8,2024-08-01,Gadaura APMC,,gadaura,Maharajganj
Uttar Pradesh,Wheat,2024,8,2024-08-01,Gazipur APMC,2473.75,gazipur,Azamgarh
Uttar Pradesh,Wheat,2024,8,2024-08-01,Ghaziabad APMC,2490.15,ghaziabad,Ghaziabad
Uttar Pradesh,Wheat,2024,8,2024-08-01,Ghiraur APMC,2439.41,ghiraur,Mainpuri
Uttar Pradesh,Wheat,2024,8,2024-08-01,Golagokarnath APMC,2487.3,golagokarnath,Lalitpur
Uttar Pradesh,Wheat,2024,8,2024-08-01,Gonda APMC,2515.08,gonda,Gonda
Uttar Pradesh,Wheat,2024,8,2024-08-01,Gopiganj APMC,2428.36,gopiganj,Bhadohi
Uttar Pradesh,Wheat,2024,8,2024-08-01,Gorakhpur APMC,2463.56,gorakhpur,Gorakhpur
Uttar Pradesh,Wheat,2024,8,2024-08-01,Gurusarai APMC,2585.0,gurusarai,Jhansi
Uttar Pradesh,Wheat,2024,8,2024-08-01,Haathras APMC,2483.52,haathras,Hathras
Uttar Pradesh,Wheat,2024,8,2024-08-01,Hapur APMC,2556.52,hapur,Ghaziabad
Uttar Pradesh,Wheat,2024,8,2024-08-01,Hardoi APMC,2460.31,hardoi,Hardoi
Uttar Pradesh,Wheat,2024,8,2024-08-01,Hargaon (Laharpur) APMC,2407.28,hargaon (laharpur),Sitapur
Uttar Pradesh,Wheat,2024,8,2024-08-01,Jafarganj APMC,2458.12,jafarganj,Amethi
Uttar Pradesh,Wheat,2024,8,2024-08-01,Jagnair APMC,2417.22,jagnair,Agra
Uttar Pradesh,Wheat,2024,8,2024-08-01,Jahanabad APMC,2301.75,jahanabad,Fatehpur
Uttar Pradesh,Wheat,2024,8,2024-08-01,Jahangirabad APMC,2537.79,jahangirabad,Bulandshahar
Uttar Pradesh,Wheat,2024,8,2024-08-01,Jalalabad APMC,2451.07,jalalabad,Bijnor
Uttar Pradesh,Wheat,2024,8,2024-08-01,Jalaun APMC,2518.92,jalaun,Jalaun
Uttar Pradesh,Wheat,2024,8,2024-08-01,Jangipura APMC,,jangipura,Ghazipur
Uttar Pradesh,Wheat,2024,8,2024-08-01,Jasra APMC,2435.0,jasra,Prayagraj
Uttar Pradesh,Wheat,2024,8,2024-08-01,Jasvantnagar APMC,2452.58,jasvantnagar,Etawah
Uttar Pradesh,Wheat,2024,8,2024-08-01,Jaunpur APMC,2471.6,jaunpur,Jaunpur
Uttar Pradesh,Wheat,2024,8,2024-08-01,Jayas APMC,2463.17,jayas,Rae Bareli
Uttar Pradesh,Wheat,2024,8,2024-08-01,Jhansi APMC,,jhansi,Jhansi
Uttar Pradesh,Wheat,2024,8,2024-08-01,Jhansi Grain APMC,2507.66,jhansi grain,Jhansi
Uttar Pradesh,Wheat,2024,8,2024-08-01,Jhijhank APMC,,jhijhank,Kanpur Dehat
Uttar Pradesh,Wheat,2024,8,2024-08-01,Kadaura APMC,2438.33,kadaura,Jalaun
Uttar Pradesh,Wheat,2024,8,2024-08-01,Kalpi APMC,2461.99,kalpi,Jalaun
Uttar Pradesh,Wheat,2024,8,2024-08-01,Kamlaganj APMC,2481.45,kamlaganj,Farrukhabad
Uttar Pradesh,Wheat,2024,8,2024-08-01,Kannauj APMC,2477.83,kannauj,Kannauj
Uttar Pradesh,Wheat,2024,8,2024-08-01,Kanpur(Grain) APMC,2552.64,kanpur(grain),Jaunpur
Uttar Pradesh,Wheat,2024,8,2024-08-01,Karvi APMC,2470.94,karvi,Chitrakoot
Uttar Pradesh,Wheat,2024,8,2024-08-01,Kasganj APMC,2456.58,kasganj,Kasganj
Uttar Pradesh,Wheat,2024,8,2024-08-01,Kayamganj APMC,2487.62,kayamganj,Farrukhabad
Uttar Pradesh,Wheat,2024,8,2024-08-01,Khaga APMC,2473.65,khaga,Fatehpur
Uttar Pradesh,Wheat,2024,8,2024-08-01,Khair APMC,2446.08,khair,Aligarh
Uttar Pradesh,Wheat,2024,8,2024-08-01,Khairagarh APMC,2451.18,khairagarh,Agra
Uttar Pradesh,Wheat,2024,8,2024-08-01,Khalilabad APMC,2490.0,khalilabad,Sant Kabir Nagar
Uttar Pradesh,Wheat,2024,8,2024-08-01,Khatauli APMC,,khatauli,Muzaffarnagar
Uttar Pradesh,Wheat,2024,8,2024-08-01,Khurja APMC,2514.42,khurja,Bulandshahr
Uttar Pradesh,Wheat,2024,8,2024-08-01,Kishunpur APMC,2410.9,kishunpur,Bahraich
Uttar Pradesh,Wheat,2024,8,2024-08-01,Konch APMC,2484.06,konch,Jalaun
Uttar Pradesh,Wheat,2024,8,2024-08-01,Kopaganj APMC,2474.76,kopaganj,
Uttar Pradesh,Wheat,2024,8,2024-08-01,Kosikalan APMC,2457.18,kosikalan,Mathura
Uttar Pradesh,Wheat,2024,8,2024-08-01,Kurara APMC,2379.46,kurara,Hamirpur
Uttar Pradesh,Wheat,2024,8,2024-08-01,Lakhimpur APMC,2471.62,lakhimpur,Lalitpur
Uttar Pradesh,Wheat,2024,8,2024-08-01,Lalganj APMC,2462.3,lalganj,Rae Bareli
Uttar Pradesh,Wheat,2024,8,2024-08-01,Lalitpur APMC,2492.12,lalitpur,Lalitpur
Uttar Pradesh,Wheat,2024,8,2024-08-01,Lediyari APMC,2424.44,lediyari,Prayagraj
Uttar Pradesh,Wheat,2024,8,2024-08-01,Lucknow APMC,2472.83,lucknow,Lucknow
Uttar Pradesh,Wheat,2024,8,2024-08-01,Madhoganj APMC,2457.59,madhoganj,Hardoi
Uttar Pradesh,Wheat,2024,8,2024-08-01,Madhogarh APMC,2472.35,madhogarh,Jalaun
Uttar Pradesh,Wheat,2024,8,2024-08-01,Mahoba APMC,2458.04,mahoba,Mahoba
Uttar Pradesh,Wheat,2024,8,2024-08-01,Maigalganj APMC,2440.18,maigalganj,Gorakhpur
Uttar Pradesh,Wheat,2024,8,2024-08-01,Mainpuri APMC,2454.39,mainpuri,Mainpuri
Uttar Pradesh,Wheat,2024,8,2024-08-01,Manjhanpur APMC,2475.7,manjhanpur,Kaushambi
Uttar Pradesh,Wheat,2024,8,2024-08-01,Mathura APMC,2530.19,mathura,Mathura
Uttar Pradesh,Wheat,2024,8,2024-08-01,Maudaha APMC,2300.0,maudaha,Hamirpur
Uttar Pradesh,Wheat,2024,8,2024-08-01,Mauranipur APMC,2511.37,mauranipur,Jhansi
Uttar Pradesh,Wheat,2024,8,2024-08-01,Mawana APMC,,mawana,Meerut
Uttar Pradesh,Wheat,2024,8,2024-08-01,Meerut APMC,2492.54,meerut,Meerut
Uttar Pradesh,Wheat,2024,8,2024-08-01,Mehmoodabad APMC,2447.33,mehmoodabad,Sitapur
Uttar Pradesh,Wheat,2024,8,2024-08-01,Mehrauni APMC,2551.05,mehrauni,Lalitpur
Uttar Pradesh,Wheat,2024,8,2024-08-01,Milak APMC,,milak,Rampur
Uttar Pradesh,Wheat,2024,8,2024-08-01,Mirzapur APMC,2471.69,mirzapur,Mirzapur
Uttar Pradesh,Wheat,2024,8,2024-08-01,Mohamadabad APMC,2490.99,mohamadabad,Farrukhabad
Uttar Pradesh,Wheat,2024,8,2024-08-01,Mohammdi APMC,2466.43,mohammdi,Kheri
Uttar Pradesh,Wheat,2024,8,2024-08-01,Moth APMC,2546.63,moth,Jhansi
Uttar Pradesh,Wheat,2024,8,2024-08-01,Mugrabaadshahpur APMC,2473.36,mugrabaadshahpur,Jaunpur
Uttar Pradesh,Wheat,2024,8,2024-08-01,Muradabad APMC,2465.53,muradabad,Sambhal
Uttar Pradesh,Wheat,2024,8,2024-08-01,Muradnagar APMC,2520.0,muradnagar,Ghaziabad
Uttar Pradesh,Wheat,2024,8,2024-08-01,Muskara APMC,2476.86,muskara,Mahoba
Uttar Pradesh,Wheat,2024,8,2024-08-01,Muzzafarnagar APMC,2490.75,muzzafarnagar,Muzaffarnagar
Uttar Pradesh,Wheat,2024,8,2024-08-01,Naanpara APMC,2455.0,naanpara,Bahraich
Uttar Pradesh,Wheat,2024,8,2024-08-01,Naugarh APMC,2472.65,naugarh,Siddharthnagar
Uttar Pradesh,Wheat,2024,8,2024-08-01,Nautnava APMC,2449.57,nautnava,Maharajganj
Uttar Pradesh,Wheat,2024,8,2024-08-01,Nawabganj APMC,2489.64,nawabganj,Gonda
Uttar Pradesh,Wheat,2024,8,2024-08-01,Noida APMC,2485.05,noida,Gautam Buddha Nagar
Uttar Pradesh,Wheat,2024,8,2024-08-01,Orai APMC,2494.09,orai,Jalaun
Uttar Pradesh,Wheat,2024,8,2024-08-01,Paliakala APMC,2382.53,paliakala,Kheri
Uttar Pradesh,Wheat,2024,8,2024-08-01,Panchpedwa APMC,2486.8,panchpedwa,Balrampur
Uttar Pradesh,Wheat,2024,8,2024-08-01,Partaval APMC,2449.38,partaval,Mahrajganj
Uttar Pradesh,Wheat,2024,8,2024-08-01,Pilibhit APMC,2479.49,pilibhit,Pilibhit
Uttar Pradesh,Wheat,2024,8,2024-08-01,Powayan APMC,2456.69,powayan,Shahjahanpur
Uttar Pradesh,Wheat,2024,8,2024-08-01,Pratapgarh APMC,2476.14,pratapgarh,Pratapgarh
Uttar Pradesh,Wheat,2024,8,2024-08-01,Prayagraj APMC,2475.33,prayagraj,Prayagraj
Uttar Pradesh,Wheat,2024,8,2024-08-01,Pukharayan APMC,2477.59,pukharayan,Kanpur Dehat
Uttar Pradesh,Wheat,2024,8,2024-08-01,Puranpur APMC,2475.56,puranpur,Pilibhit
Uttar Pradesh,Wheat,2024,8,2024-08-01,Purwa APMC,2477.45,purwa,Unnao
Uttar Pradesh,Wheat,2024,8,2024-08-01,Raath APMC,2322.07,raath,Hamirpur
Uttar Pradesh,Wheat,2024,8,2024-08-01,Raibareilly APMC,2419.39,raibareilly,Rae Bareli
Uttar Pradesh,Wheat,2024,8,2024-08-01,Rampur APMC,2461.5,rampur,Rampur
Uttar Pradesh,Wheat,2024,8,2024-08-01,Rampurmaniharan APMC,,rampurmaniharan,Saharanpur
Uttar Pradesh,Wheat,2024,8,2024-08-01,Rasda APMC,2445.85,rasda,Ballia
Uttar Pradesh,Wheat,2024,8,2024-08-01,Robertsganj APMC,2457.97,robertsganj,Sonbhadra
Uttar Pradesh,Wheat,2024,8,2024-08-01,Rura APMC,,rura,Kanpur Dehat
Uttar Pradesh,Wheat,2024,8,2024-08-01,Safdarganj APMC,2450.46,safdarganj,Barabanki
Uttar Pradesh,Wheat,2024,8,2024-08-01,Saharanpur APMC,2490.76,saharanpur,Saharanpur
Uttar Pradesh,Wheat,2024,8,2024-08-01,Sahiyapur APMC,2492.38,sahiyapur,Siddharthnagar
Uttar Pradesh,Wheat,2024,8,2024-08-01,Salon APMC,2455.38,salon,Rae Bareli
Uttar Pradesh,Wheat,2024,8,2024-08-01,Samsabad APMC,2516.67,samsabad,Agra
Uttar Pradesh,Wheat,2024,8,2024-08-01,Sandi APMC,2460.25,sandi,Hardoi
Uttar Pradesh,Wheat,2024,8,2024-08-01,Sandila APMC,2453.24,sandila,Hardoi
Uttar Pradesh,Wheat,2024,8,2024-08-01,Shahabad APMC,2300.0,shahabad,Hardoi
Uttar Pradesh,Wheat,2024,8,2024-08-01,Shahabad(New Mandi) APMC,2452.33,shahabad(new mandi),Hardoi
Uttar Pradesh,Wheat,2024,8,2024-08-01,Shahaswan APMC,2467.22,shahaswan,Badaun
Uttar Pradesh,Wheat,2024,8,2024-08-01,Shahganj APMC,2455.48,shahganj,Jaunpur
Uttar Pradesh,Wheat,2024,8,2024-08-01,Shahjahanpur APMC,2462.73,shahjahanpur,Shahjahanpur
Uttar Pradesh,Wheat,2024,8,2024-08-01,Shahpur APMC,2319.58,shahpur,Muzaffarnagar
Uttar Pradesh,Wheat,2024,8,2024-08-01,Shamli APMC,2482.97,shamli,Shamli
Uttar Pradesh,Wheat,2024,8,2024-08-01,Shikohabad APMC,2445.63,shikohabad,Firozabad
Uttar Pradesh,Wheat,2024,8,2024-08-01,Sikandraraau APMC,2424.86,sikandraraau,Hathras
Uttar Pradesh,Wheat,2024,8,2024-08-01,Sikarpur APMC,2394.29,sikarpur,Bulandshahar
Uttar Pradesh,Wheat,2024,8,2024-08-01,Sirsa APMC,2472.85,sirsa,Gautam Buddha Nagar
Uttar Pradesh,Wheat,2024,8,2024-08-01,Sirsaganj APMC,,sirsaganj,Firozabad
Uttar Pradesh,Wheat,2024,8,2024-08-01,Sitapur APMC,2458.07,sitapur,Sitapur
Uttar Pradesh,Wheat,2024,8,2024-08-01,Siyana APMC,2492.89,siyana,Bulandshahar
Uttar Pradesh,Wheat,2024,8,2024-08-01,Sultanpur APMC,2455.85,sultanpur,Amethi
Uttar Pradesh,Wheat,2024,8,2024-08-01,Tamkuhi road APMC,2437.67,tamkuhi road,Kushinagar
Uttar Pradesh,Wheat,2024,8,2024-08-01,Thanabhawan APMC,,thanabhawan,Shamli
Uttar Pradesh,Wheat,2024,8,2024-08-01,Tikonia APMC,,tikonia,Kheri
Uttar Pradesh,Wheat,2024,8,2024-08-01,Tilhar APMC,2457.18,tilhar,Shahjahanpur
Uttar Pradesh,Wheat,2024,8,2024-08-01,Tulsipur APMC,2453.07,tulsipur,Balrampur
Uttar Pradesh,Wheat,2024,8,2024-08-01,Tundla APMC,2528.37,tundla,Firozabad
Uttar Pradesh,Wheat,2024,8,2024-08-01,Ujhani APMC,2407.86,ujhani,Budaun
Uttar Pradesh,Wheat,2024,8,2024-08-01,Unnao APMC,2499.58,unnao,Unnao
Uttar Pradesh,Wheat,2024,8,2024-08-01,Uttaripura APMC,2490.7,uttaripura,Jaunpur
Uttar Pradesh,Wheat,2024,8,2024-08-01,Varanasi APMC,2483.63,varanasi,Varanasi
Uttar Pradesh,Wheat,2024,8,2024-08-01,Vilthararoad APMC,2460.0,vilthararoad,Ballia
Uttar Pradesh,Wheat,2024,8,2024-08-01,Viswan APMC,2446.52,viswan,Sitapur
Uttar Pradesh,Wheat,2024,8,2024-08-01,Wazirganj APMC,2448.12,wazirganj,Budaun
Uttar Pradesh,Wheat,2024,9,2024-09-01,Achalda APMC,2584.01,achalda,Auraiya
Uttar Pradesh,Wheat,2024,9,2024-09-01,Achnera APMC,2612.43,achnera,Agra
Uttar Pradesh,Wheat,2024,9,2024-09-01,Agra APMC,2616.07,agra,Agra
Uttar Pradesh,Wheat,2024,9,2024-09-01,Ahirora APMC,1900.0,ahirora,Mirzapur
Uttar Pradesh,Wheat,2024,9,2024-09-01,Ait APMC,2632.32,ait,Jalaun
Uttar Pradesh,Wheat,2024,9,2024-09-01,Ajuha APMC,2546.06,ajuha,Prayagraj
Uttar Pradesh,Wheat,2024,9,2024-09-01,Akbarpur APMC,2516.43,akbarpur,Ambedkarnagar
Uttar Pradesh,Wheat,2024,9,2024-09-01,Aliganj APMC,2447.94,aliganj,Etah
Uttar Pradesh,Wheat,2024,9,2024-09-01,Aligarh APMC,2624.34,aligarh,Aligarh
Uttar Pradesh,Wheat,2024,9,2024-09-01,Amroha APMC,2545.86,amroha,Amroha
Uttar Pradesh,Wheat,2024,9,2024-09-01,Anandnagar APMC,2354.06,anandnagar,Mahrajganj
Uttar Pradesh,Wheat,2024,9,2024-09-01,Anoop Shahar APMC,2561.44,anoop shahar,Bulandshahr
Uttar Pradesh,Wheat,2024,9,2024-09-01,Atarra APMC,2478.8,atarra,Banda
Uttar Pradesh,Wheat,2024,9,2024-09-01,Atrauli APMC,2384.94,atrauli,Aligarh
Uttar Pradesh,Wheat,2024,9,2024-09-01,Auraiya APMC,2610.08,auraiya,Auraiya
Uttar Pradesh,Wheat,2024,9,2024-09-01,Ayodhya APMC,2505.03,ayodhya,Ayodhya
Uttar Pradesh,Wheat,2024,9,2024-09-01,Azamgarh APMC,2515.28,azamgarh,Azamgarh
Uttar Pradesh,Wheat,2024,9,2024-09-01,Baberu APMC,2455.01,baberu,Banda
Uttar Pradesh,Wheat,2024,9,2024-09-01,Babrala APMC,2643.32,babrala,Budaun
Uttar Pradesh,Wheat,2024,9,2024-09-01,Bachranwa APMC,2518.2,bachranwa,Rae Bareli
Uttar Pradesh,Wheat,2024,9,2024-09-01,Badayoun APMC,2532.81,badayoun,Budaun
Uttar Pradesh,Wheat,2024,9,2024-09-01,Bahraich APMC,2596.28,bahraich,Bahraich
Uttar Pradesh,Wheat,2024,9,2024-09-01,Ballia APMC,2514.43,ballia,Ballia
Uttar Pradesh,Wheat,2024,9,2024-09-01,Balrampur APMC,2590.22,balrampur,Balrampur
Uttar Pradesh,Wheat,2024,9,2024-09-01,Banda APMC,2568.36,banda,Banda
Uttar Pradesh,Wheat,2024,9,2024-09-01,Bangarmau APMC,2529.54,bangarmau,Unnao
Uttar Pradesh,Wheat,2024,9,2024-09-01,Bansi APMC,2540.0,bansi,Siddharthnagar
Uttar Pradesh,Wheat,2024,9,2024-09-01,Banthara APMC,2588.08,banthara,Lucknow
Uttar Pradesh,Wheat,2024,9,2024-09-01,Barabanki APMC,2602.88,barabanki,Bara Banki
Uttar Pradesh,Wheat,2024,9,2024-09-01,Baraut APMC,2567.25,baraut,Baghpat
Uttar Pradesh,Wheat,2024,9,2024-09-01,Bareilly APMC,2462.56,bareilly,Bareilly
Uttar Pradesh,Wheat,2024,9,2024-09-01,Baripaal APMC,2573.98,baripaal,Jaunpur
Uttar Pradesh,Wheat,2024,9,2024-09-01,Basti APMC,2527.75,basti,Basti
Uttar Pradesh,Wheat,2024,9,2024-09-01,Bewar APMC,2474.26,bewar,Mainpuri
Uttar Pradesh,Wheat,2024,9,2024-09-01,Bharthna APMC,2565.97,bharthna,Etawah
Uttar Pradesh,Wheat,2024,9,2024-09-01,Bharuasumerpur APMC,2600.14,bharuasumerpur,Hamirpur
Uttar Pradesh,Wheat,2024,9,2024-09-01,Bharwari APMC,2550.0,bharwari,Kaushambi
Uttar Pradesh,Wheat,2024,9,2024-09-01,Bhehjoi APMC,2429.85,bhehjoi,Sambhal
Uttar Pradesh,Wheat,2024,9,2024-09-01,Bhinga APMC,2575.53,bhinga,Shravasti
Uttar Pradesh,Wheat,2024,9,2024-09-01,Bijnaur APMC,2527.81,bijnaur,Bijnor
Uttar Pradesh,Wheat,2024,9,2024-09-01,Bilsi APMC,,bilsi,Budaun
Uttar Pradesh,Wheat,2024,9,2024-09-01,Bindki APMC,2577.98,bindki,Fatehpur
Uttar Pradesh,Wheat,2024,9,2024-09-01,Bishalpur APMC,2535.49,bishalpur,Pilibhit
Uttar Pradesh,Wheat,2024,9,2024-09-01,Bisoli APMC,2334.35,bisoli,Badaun
Uttar Pradesh,Wheat,2024,9,2024-09-01,Buland Shahr APMC,2628.39,buland shahr,Bulandshahr
Uttar Pradesh,Wheat,2024,9,2024-09-01,Chandausi APMC,2553.37,chandausi,Sambhal
Uttar Pradesh,Wheat,2024,9,2024-09-01,Chandoli APMC,2518.98,chandoli,Chandauli
Uttar Pradesh,Wheat,2024,9,2024-09-01,Charkhari APMC,2486.44,charkhari,Mahoba
Uttar Pradesh,Wheat,2024,9,2024-09-01,Charra APMC,2430.31,charra,Aligarh
Uttar Pradesh,Wheat,2024,9,2024-09-01,Chhibramau APMC,2533.37,chhibramau,Kannauj
Uttar Pradesh,Wheat,2024,9,2024-09-01,Chirgaon APMC,,chirgaon,Jhansi
Uttar Pradesh,Wheat,2024,9,2024-09-01,Chorichora APMC,2497.3,chorichora,Gorakhpur
Uttar Pradesh,Wheat,2024,9,2024-09-01,Choubepur APMC,2579.03,choubepur,Jaunpur
Uttar Pradesh,Wheat,2024,9,2024-09-01,Colonelganj APMC,2650.0,colonelganj,Gonda
Uttar Pradesh,Wheat,2024,9,2024-09-01,DADRI APMC,2587.9,dadri,Gautam Buddha Nagar
Uttar Pradesh,Wheat,2024,9,2024-09-01,Dankaur APMC,,dankaur,Gautam Buddha Nagar
Uttar Pradesh,Wheat,2024,9,2024-09-01,Dataganj APMC,2488.5,dataganj,Badaun
Uttar Pradesh,Wheat,2024,9,2024-09-01,Deoband APMC,,deoband,Saharanpur
Uttar Pradesh,Wheat,2024,9,2024-09-01,Devariya APMC,2497.44,devariya,Deoria
Uttar Pradesh,Wheat,2024,9,2024-09-01,Dhanaura APMC,2296.94,dhanaura,Amroha
Uttar Pradesh,Wheat,2024,9,2024-09-01,Dibiapur APMC,2464.8,dibiapur,Auraiya
Uttar Pradesh,Wheat,2024,9,2024-09-01,Divai APMC,2351.82,divai,Bulandshahar
Uttar Pradesh,Wheat,2024,9,2024-09-01,Doharighat APMC,,doharighat,Azamgarh
Uttar Pradesh,Wheat,2024,9,2024-09-01,Dudhi APMC,2400.0,dudhi,Sonbhadra
Uttar Pradesh,Wheat,2024,9,2024-09-01,Etah APMC,2513.7,etah,Etah
Uttar Pradesh,Wheat,2024,9,2024-09-01,Etawah APMC,2577.62,etawah,Etawah
Uttar Pradesh,Wheat,2024,9,2024-09-01,Farukhabad APMC,2544.77,farukhabad,Farrukhabad
Uttar Pradesh,Wheat,2024,9,2024-09-01,Fatehpur APMC,2559.72,fatehpur,Fatehpur
Uttar Pradesh,Wheat,2024,9,2024-09-01,Fatehpur Sikri APMC,,fatehpur sikri,Agra
Uttar Pradesh,Wheat,2024,9,2024-09-01,Firozabad APMC,2645.56,firozabad,Firozabad
Uttar Pradesh,Wheat,2024,9,2024-09-01,Gazipur APMC,2520.58,gazipur,Azamgarh
Uttar Pradesh,Wheat,2024,9,2024-09-01,Ghaziabad APMC,2596.04,ghaziabad,Ghaziabad
Uttar Pradesh,Wheat,2024,9,2024-09-01,Ghiraur APMC,2577.0,ghiraur,Mainpuri
Uttar Pradesh,Wheat,2024,9,2024-09-01,Golagokarnath APMC,2551.52,golagokarnath,Lalitpur
Uttar Pradesh,Wheat,2024,9,2024-09-01,Gonda APMC,2669.17,gonda,Gonda
Uttar Pradesh,Wheat,2024,9,2024-09-01,Gopiganj APMC,2505.07,gopiganj,Bhadohi
Uttar Pradesh,Wheat,2024,9,2024-09-01,Gorakhpur APMC,2521.11,gorakhpur,Gorakhpur
Uttar Pradesh,Wheat,2024,9,2024-09-01,Gurusarai APMC,2574.31,gurusarai,Jhansi
Uttar Pradesh,Wheat,2024,9,2024-09-01,Haathras APMC,2599.5,haathras,Hathras
Uttar Pradesh,Wheat,2024,9,2024-09-01,Hapur APMC,2622.94,hapur,Ghaziabad
Uttar Pradesh,Wheat,2024,9,2024-09-01,Hardoi APMC,2547.64,hardoi,Hardoi
Uttar Pradesh,Wheat,2024,9,2024-09-01,Hargaon (Laharpur) APMC,2522.98,hargaon (laharpur),Sitapur
Uttar Pradesh,Wheat,2024,9,2024-09-01,Jafarganj APMC,2554.12,jafarganj,Amethi
Uttar Pradesh,Wheat,2024,9,2024-09-01,Jagnair APMC,2446.75,jagnair,Agra
Uttar Pradesh,Wheat,2024,9,2024-09-01,Jahanabad APMC,2311.55,jahanabad,Fatehpur
Uttar Pradesh,Wheat,2024,9,2024-09-01,Jahangirabad APMC,2598.5,jahangirabad,Bulandshahar
Uttar Pradesh,Wheat,2024,9,2024-09-01,Jalalabad APMC,2478.38,jalalabad,Bijnor
Uttar Pradesh,Wheat,2024,9,2024-09-01,Jalaun APMC,2569.26,jalaun,Jalaun
Uttar Pradesh,Wheat,2024,9,2024-09-01,Jangipura APMC,,jangipura,Ghazipur
Uttar Pradesh,Wheat,2024,9,2024-09-01,Jasra APMC,2565.0,jasra,Prayagraj
Uttar Pradesh,Wheat,2024,9,2024-09-01,Jasvantnagar APMC,2579.72,jasvantnagar,Etawah
Uttar Pradesh,Wheat,2024,9,2024-09-01,Jaunpur APMC,2525.28,jaunpur,Jaunpur
Uttar Pradesh,Wheat,2024,9,2024-09-01,Jayas APMC,2598.09,jayas,Rae Bareli
Uttar Pradesh,Wheat,2024,9,2024-09-01,Jhansi APMC,,jhansi,Jhansi
Uttar Pradesh,Wheat,2024,9,2024-09-01,Jhansi Grain APMC,2575.45,jhansi grain,Jhansi
Uttar Pradesh,Wheat,2024,9,2024-09-01,Jhijhank APMC,,jhijhank,Kanpur Dehat
Uttar Pradesh,Wheat,2024,9,2024-09-01,Kadaura APMC,2446.15,kadaura,Jalaun
Uttar Pradesh,Wheat,2024,9,2024-09-01,Kalpi APMC,2535.85,kalpi,Jalaun
Uttar Pradesh,Wheat,2024,9,2024-09-01,Kamlaganj APMC,2556.14,kamlaganj,Farrukhabad
Uttar Pradesh,Wheat,2024,9,2024-09-01,Kannauj APMC,2516.47,kannauj,Kannauj
Uttar Pradesh,Wheat,2024,9,2024-09-01,Kanpur(Grain) APMC,2620.23,kanpur(grain),Jaunpur
Uttar Pradesh,Wheat,2024,9,2024-09-01,Karvi APMC,2551.31,karvi,Chitrakoot
Uttar Pradesh,Wheat,2024,9,2024-09-01,Kasganj APMC,2511.99,kasganj,Kasganj
Uttar Pradesh,Wheat,2024,9,2024-09-01,Kayamganj APMC,2557.75,kayamganj,Farrukhabad
Uttar Pradesh,Wheat,2024,9,2024-09-01,Khaga APMC,2564.9,khaga,Fatehpur
Uttar Pradesh,Wheat,2024,9,2024-09-01,Khair APMC,2501.81,khair,Aligarh
Uttar Pradesh,Wheat,2024,9,2024-09-01,Khairagarh APMC,2586.77,khairagarh,Agra
Uttar Pradesh,Wheat,2024,9,2024-09-01,Khalilabad APMC,2630.0,khalilabad,Sant Kabir Nagar
Uttar Pradesh,Wheat,2024,9,2024-09-01,Khurja APMC,2607.17,khurja,Bulandshahr
Uttar Pradesh,Wheat,2024,9,2024-09-01,Kishunpur APMC,2502.85,kishunpur,Bahraich
Uttar Pradesh,Wheat,2024,9,2024-09-01,Konch APMC,2548.48,konch,Jalaun
Uttar Pradesh,Wheat,2024,9,2024-09-01,Kopaganj APMC,2517.33,kopaganj,
Uttar Pradesh,Wheat,2024,9,2024-09-01,Kosikalan APMC,2528.08,kosikalan,Mathura
Uttar Pradesh,Wheat,2024,9,2024-09-01,Kurara APMC,2473.97,kurara,Hamirpur
Uttar Pradesh,Wheat,2024,9,2024-09-01,Lakhimpur APMC,2565.44,lakhimpur,Lalitpur
Uttar Pradesh,Wheat,2024,9,2024-09-01,Lalganj APMC,2553.02,lalganj,Rae Bareli
Uttar Pradesh,Wheat,2024,9,2024-09-01,Lalitpur APMC,2574.28,lalitpur,Lalitpur
Uttar Pradesh,Wheat,2024,9,2024-09-01,Lediyari APMC,2450.31,lediyari,Prayagraj
Uttar Pradesh,Wheat,2024,9,2024-09-01,Lucknow APMC,2568.74,lucknow,Lucknow
Uttar Pradesh,Wheat,2024,9,2024-09-01,Madhoganj APMC,2533.25,madhoganj,Hardoi
Uttar Pradesh,Wheat,2024,9,2024-09-01,Madhogarh APMC,2529.99,madhogarh,Jalaun
Uttar Pradesh,Wheat,2024,9,2024-09-01,Mahoba APMC,2521.96,mahoba,Mahoba
Uttar Pradesh,Wheat,2024,9,2024-09-01,Maigalganj APMC,2520.39,maigalganj,Gorakhpur
Uttar Pradesh,Wheat,2024,9,2024-09-01,Mainpuri APMC,2594.66,mainpuri,Mainpuri
Uttar Pradesh,Wheat,2024,9,2024-09-01,Manjhanpur APMC,2548.24,manjhanpur,Kaushambi
Uttar Pradesh,Wheat,2024,9,2024-09-01,Mathura APMC,2612.29,mathura,Mathura
Uttar Pradesh,Wheat,2024,9,2024-09-01,Maudaha APMC,2300.0,maudaha,Hamirpur
Uttar Pradesh,Wheat,2024,9,2024-09-01,Mauranipur APMC,2547.21,mauranipur,Jhansi
Uttar Pradesh,Wheat,2024,9,2024-09-01,Mawana APMC,2580.0,mawana,Meerut
Uttar Pradesh,Wheat,2024,9,2024-09-01,Meerut APMC,2548.92,meerut,Meerut
Uttar Pradesh,Wheat,2024,9,2024-09-01,Mehmoodabad APMC,2544.65,mehmoodabad,Sitapur
Uttar Pradesh,Wheat,2024,9,2024-09-01,Mehrauni APMC,2604.63,mehrauni,Lalitpur
Uttar Pradesh,Wheat,2024,9,2024-09-01,Milak APMC,,milak,Rampur
Uttar Pradesh,Wheat,2024,9,2024-09-01,Mirzapur APMC,2525.91,mirzapur,Mirzapur
Uttar Pradesh,Wheat,2024,9,2024-09-01,Mohamadabad APMC,2554.17,mohamadabad,Farrukhabad
Uttar Pradesh,Wheat,2024,9,2024-09-01,Mohammdi APMC,2546.56,mohammdi,Kheri
Uttar Pradesh,Wheat,2024,9,2024-09-01,Moth APMC,2584.13,moth,Jhansi
Uttar Pradesh,Wheat,2024,9,2024-09-01,Mugrabaadshahpur APMC,2527.83,mugrabaadshahpur,Jaunpur
Uttar Pradesh,Wheat,2024,9,2024-09-01,Muradabad APMC,2527.41,muradabad,Sambhal
Uttar Pradesh,Wheat,2024,9,2024-09-01,Muradnagar APMC,2620.0,muradnagar,Ghaziabad
Uttar Pradesh,Wheat,2024,9,2024-09-01,Muskara APMC,2535.85,muskara,Mahoba
Uttar Pradesh,Wheat,2024,9,2024-09-01,Muzzafarnagar APMC,2540.07,muzzafarnagar,Muzaffarnagar
Uttar Pradesh,Wheat,2024,9,2024-09-01,Naanpara APMC,2500.51,naanpara,Bahraich
Uttar Pradesh,Wheat,2024,9,2024-09-01,Naugarh APMC,2617.05,naugarh,Siddharthnagar
Uttar Pradesh,Wheat,2024,9,2024-09-01,Nautnava APMC,2472.78,nautnava,Maharajganj
Uttar Pradesh,Wheat,2024,9,2024-09-01,Nawabganj APMC,2628.38,nawabganj,Gonda
Uttar Pradesh,Wheat,2024,9,2024-09-01,Noida APMC,,noida,Gautam Buddha Nagar
Uttar Pradesh,Wheat,2024,9,2024-09-01,Orai APMC,2564.3,orai,Jalaun
Uttar Pradesh,Wheat,2024,9,2024-09-01,Paliakala APMC,2477.3,paliakala,Kheri
Uttar Pradesh,Wheat,2024,9,2024-09-01,Panchpedwa APMC,2602.22,panchpedwa,Balrampur
Uttar Pradesh,Wheat,2024,9,2024-09-01,Partaval APMC,2538.67,partaval,Mahrajganj
Uttar Pradesh,Wheat,2024,9,2024-09-01,Pilibhit APMC,2539.78,pilibhit,Pilibhit
Uttar Pradesh,Wheat,2024,9,2024-09-01,Powayan APMC,2519.9,powayan,Shahjahanpur
Uttar Pradesh,Wheat,2024,9,2024-09-01,Pratapgarh APMC,2562.55,pratapgarh,Pratapgarh
Uttar Pradesh,Wheat,2024,9,2024-09-01,Prayagraj APMC,2581.67,prayagraj,Prayagraj
Uttar Pradesh,Wheat,2024,9,2024-09-01,Pukharayan APMC,2546.7,pukharayan,Kanpur Dehat
Uttar Pradesh,Wheat,2024,9,2024-09-01,Puranpur APMC,2557.08,puranpur,Pilibhit
Uttar Pradesh,Wheat,2024,9,2024-09-01,Purwa APMC,2578.14,purwa,Unnao
Uttar Pradesh,Wheat,2024,9,2024-09-01,Raath APMC,2334.81,raath,Hamirpur
Uttar Pradesh,Wheat,2024,9,2024-09-01,Raibareilly APMC,2518.48,raibareilly,Rae Bareli
Uttar Pradesh,Wheat,2024,9,2024-09-01,Rampur APMC,2535.82,rampur,Rampur
Uttar Pradesh,Wheat,2024,9,2024-09-01,Rasda APMC,2494.67,rasda,Ballia
Uttar Pradesh,Wheat,2024,9,2024-09-01,Robertsganj APMC,2523.71,robertsganj,Sonbhadra
Uttar Pradesh,Wheat,2024,9,2024-09-01,Rura APMC,,rura,Kanpur Dehat
Uttar Pradesh,Wheat,2024,9,2024-09-01,Safdarganj APMC,2583.56,safdarganj,Barabanki
Uttar Pradesh,Wheat,2024,9,2024-09-01,Saharanpur APMC,2551.93,saharanpur,Saharanpur
Uttar Pradesh,Wheat,2024,9,2024-09-01,Sahiyapur APMC,2546.16,sahiyapur,Siddharthnagar
Uttar Pradesh,Wheat,2024,9,2024-09-01,Salon APMC,2531.1,salon,Rae Bareli
Uttar Pradesh,Wheat,2024,9,2024-09-01,Samsabad APMC,2664.47,samsabad,Agra
Uttar Pradesh,Wheat,2024,9,2024-09-01,Sandi APMC,2541.61,sandi,Hardoi
Uttar Pradesh,Wheat,2024,9,2024-09-01,Sandila APMC,2542.13,sandila,Hardoi
Uttar Pradesh,Wheat,2024,9,2024-09-01,Shahabad APMC,2328.57,shahabad,Hardoi
Uttar Pradesh,Wheat,2024,9,2024-09-01,Shahabad(New Mandi) APMC,2545.7,shahabad(new mandi),Hardoi
Uttar Pradesh,Wheat,2024,9,2024-09-01,Shahaswan APMC,2543.89,shahaswan,Badaun
Uttar Pradesh,Wheat,2024,9,2024-09-01,Shahganj APMC,2511.81,shahganj,Jaunpur
Uttar Pradesh,Wheat,2024,9,2024-09-01,Shahjahanpur APMC,2528.03,shahjahanpur,Shahjahanpur
Uttar Pradesh,Wheat,2024,9,2024-09-01,Shahpur APMC,2372.72,shahpur,Muzaffarnagar
Uttar Pradesh,Wheat,2024,9,2024-09-01,Shamli APMC,2532.72,shamli,Shamli
Uttar Pradesh,Wheat,2024,9,2024-09-01,Shikohabad APMC,2420.0,shikohabad,Firozabad
Uttar Pradesh,Wheat,2024,9,2024-09-01,Sikandraraau APMC,2535.53,sikandraraau,Hathras
Uttar Pradesh,Wheat,2024,9,2024-09-01,Sikarpur APMC,2512.04,sikarpur,Bulandshahar
Uttar Pradesh,Wheat,2024,9,2024-09-01,Sirsa APMC,2500.0,sirsa,Gautam Buddha Nagar
Uttar Pradesh,Wheat,2024,9,2024-09-01,Sirsaganj APMC,,sirsaganj,Firozabad
Uttar Pradesh,Wheat,2024,9,2024-09-01,Sitapur APMC,2546.89,sitapur,Sitapur
Uttar Pradesh,Wheat,2024,9,2024-09-01,Siyana APMC,2544.03,siyana,Bulandshahar
Uttar Pradesh,Wheat,2024,9,2024-09-01,Sultanpur APMC,2539.18,sultanpur,Amethi
Uttar Pradesh,Wheat,2024,9,2024-09-01,Tamkuhi road APMC,2465.0,tamkuhi road,Kushinagar
Uttar Pradesh,Wheat,2024,9,2024-09-01,Tikonia APMC,2410.0,tikonia,Kheri
Uttar Pradesh,Wheat,2024,9,2024-09-01,Tilhar APMC,2530.25,tilhar,Shahjahanpur
Uttar Pradesh,Wheat,2024,9,2024-09-01,Tulsipur APMC,2462.66,tulsipur,Balrampur
Uttar Pradesh,Wheat,2024,9,2024-09-01,Tundla APMC,2653.28,tundla,Firozabad
Uttar Pradesh,Wheat,2024,9,2024-09-01,Ujhani APMC,,ujhani,Budaun
Uttar Pradesh,Wheat,2024,9,2024-09-01,Unnao APMC,2586.02,unnao,Unnao
Uttar Pradesh,Wheat,2024,9,2024-09-01,Uttaripura APMC,2561.69,uttaripura,Jaunpur
Uttar Pradesh,Wheat,2024,9,2024-09-01,Varanasi APMC,2531.71,varanasi,Varanasi
Uttar Pradesh,Wheat,2024,9,2024-09-01,Vilthararoad APMC,2518.75,vilthararoad,Ballia
Uttar Pradesh,Wheat,2024,9,2024-09-01,Viswan APMC,2530.13,viswan,Sitapur
Uttar Pradesh,Wheat,2024,9,2024-09-01,Wazirganj APMC,2498.26,wazirganj,Budaun
Uttar Pradesh,Wheat,2024,10,2024-10-01,Achalda APMC,2728.71,achalda,Auraiya
Uttar Pradesh,Wheat,2024,10,2024-10-01,Achnera APMC,2783.96,achnera,Agra
Uttar Pradesh,Wheat,2024,10,2024-10-01,Agra APMC,2755.31,agra,Agra
Uttar Pradesh,Wheat,2024,10,2024-10-01,Ahirora APMC,,ahirora,Mirzapur
Uttar Pradesh,Wheat,2024,10,2024-10-01,Ait APMC,2794.42,ait,Jalaun
Uttar Pradesh,Wheat,2024,10,2024-10-01,Ajuha APMC,2694.13,ajuha,Prayagraj
Uttar Pradesh,Wheat,2024,10,2024-10-01,Akbarpur APMC,2623.81,akbarpur,Ambedkarnagar
Uttar Pradesh,Wheat,2024,10,2024-10-01,Aliganj APMC,2578.51,aliganj,Etah
Uttar Pradesh,Wheat,2024,10,2024-10-01,Aligarh APMC,2726.6,aligarh,Aligarh
Uttar Pradesh,Wheat,2024,10,2024-10-01,Amroha APMC,2658.0,amroha,Amroha
Uttar Pradesh,Wheat,2024,10,2024-10-01,Anandnagar APMC,2350.0,anandnagar,Mahrajganj
Uttar Pradesh,Wheat,2024,10,2024-10-01,Anoop Shahar APMC,2574.56,anoop shahar,Bulandshahr
Uttar Pradesh,Wheat,2024,10,2024-10-01,Atarra APMC,2609.42,atarra,Banda
Uttar Pradesh,Wheat,2024,10,2024-10-01,Atrauli APMC,2568.27,atrauli,Aligarh
Uttar Pradesh,Wheat,2024,10,2024-10-01,Auraiya APMC,2732.22,auraiya,Auraiya
Uttar Pradesh,Wheat,2024,10,2024-10-01,Ayodhya APMC,2697.7,ayodhya,Ayodhya
Uttar Pradesh,Wheat,2024,10,2024-10-01,Azamgarh APMC,2635.97,azamgarh,Azamgarh
Uttar Pradesh,Wheat,2024,10,2024-10-01,Baberu APMC,2449.38,baberu,Banda
Uttar Pradesh,Wheat,2024,10,2024-10-01,Babrala APMC,2702.34,babrala,Budaun
Uttar Pradesh,Wheat,2024,10,2024-10-01,Bachranwa APMC,2621.55,bachranwa,Rae Bareli
Uttar Pradesh,Wheat,2024,10,2024-10-01,Badayoun APMC,2654.0,badayoun,Budaun
Uttar Pradesh,Wheat,2024,10,2024-10-01,Bahraich APMC,2694.15,bahraich,Bahraich
Uttar Pradesh,Wheat,2024,10,2024-10-01,Ballia APMC,2617.35,ballia,Ballia
Uttar Pradesh,Wheat,2024,10,2024-10-01,Balrampur APMC,2742.67,balrampur,Balrampur
Uttar Pradesh,Wheat,2024,10,2024-10-01,Banda APMC,2662.61,banda,Banda
Uttar Pradesh,Wheat,2024,10,2024-10-01,Bangarmau APMC,2630.02,bangarmau,Unnao
Uttar Pradesh,Wheat,2024,10,2024-10-01,Bansi APMC,2700.0,bansi,Siddharthnagar
Uttar Pradesh,Wheat,2024,10,2024-10-01,Banthara APMC,2778.07,banthara,Lucknow
Uttar Pradesh,Wheat,2024,10,2024-10-01,Barabanki APMC,2675.58,barabanki,Bara Banki
Uttar Pradesh,Wheat,2024,10,2024-10-01,Baraut APMC,2679.02,baraut,Baghpat
Uttar Pradesh,Wheat,2024,10,2024-10-01,Bareilly APMC,2612.35,bareilly,Bareilly
Uttar Pradesh,Wheat,2024,10,2024-10-01,Baripaal APMC,2650.38,baripaal,Jaunpur
Uttar Pradesh,Wheat,2024,10,2024-10-01,Basti APMC,2655.83,basti,Basti
Uttar Pradesh,Wheat,2024,10,2024-10-01,Bewar APMC,2539.6,bewar,Mainpuri
Uttar Pradesh,Wheat,2024,10,2024-10-01,Bharthna APMC,2681.19,bharthna,Etawah
Uttar Pradesh,Wheat,2024,10,2024-10-01,Bharuasumerpur APMC,2722.78,bharuasumerpur,Hamirpur
Uttar Pradesh,Wheat,2024,10,2024-10-01,Bharwari APMC,2741.27,bharwari,Kaushambi
Uttar Pradesh,Wheat,2024,10,2024-10-01,Bhehjoi APMC,2434.76,bhehjoi,Sambhal
Uttar Pradesh,Wheat,2024,10,2024-10-01,Bhinga APMC,2683.51,bhinga,Shravasti
Uttar Pradesh,Wheat,2024,10,2024-10-01,Bijnaur APMC,2645.25,bijnaur,Bijnor
Uttar Pradesh,Wheat,2024,10,2024-10-01,Bindki APMC,2711.78,bindki,Fatehpur
Uttar Pradesh,Wheat,2024,10,2024-10-01,Bishalpur APMC,2684.72,bishalpur,Pilibhit
Uttar Pradesh,Wheat,2024,10,2024-10-01,Bisoli APMC,2328.93,bisoli,Badaun
Uttar Pradesh,Wheat,2024,10,2024-10-01,Buland Shahr APMC,2727.75,buland shahr,Bulandshahr
Uttar Pradesh,Wheat,2024,10,2024-10-01,Chandausi APMC,,chandausi,Sambhal
Uttar Pradesh,Wheat,2024,10,2024-10-01,Chandoli APMC,2649.7,chandoli,Chandauli
Uttar Pradesh,Wheat,2024,10,2024-10-01,Charkhari APMC,2610.23,charkhari,Mahoba
Uttar Pradesh,Wheat,2024,10,2024-10-01,Charra APMC,2563.81,charra,Aligarh
Uttar Pradesh,Wheat,2024,10,2024-10-01,Chhibramau APMC,2691.5,chhibramau,Kannauj
Uttar Pradesh,Wheat,2024,10,2024-10-01,Chirgaon APMC,,chirgaon,Jhansi
Uttar Pradesh,Wheat,2024,10,2024-10-01,Chorichora APMC,2422.45,chorichora,Gorakhpur
Uttar Pradesh,Wheat,2024,10,2024-10-01,Choubepur APMC,2698.78,choubepur,Jaunpur
Uttar Pradesh,Wheat,2024,10,2024-10-01,Colonelganj APMC,2750.0,colonelganj,Gonda
Uttar Pradesh,Wheat,2024,10,2024-10-01,DADRI APMC,2699.47,dadri,Gautam Buddha Nagar
Uttar Pradesh,Wheat,2024,10,2024-10-01,Dataganj APMC,2574.25,dataganj,Badaun
Uttar Pradesh,Wheat,2024,10,2024-10-01,Deoband APMC,2720.0,deoband,Saharanpur
Uttar Pradesh,Wheat,2024,10,2024-10-01,Devariya APMC,2623.71,devariya,Deoria
Uttar Pradesh,Wheat,2024,10,2024-10-01,Dhanaura APMC,2290.0,dhanaura,Amroha
Uttar Pradesh,Wheat,2024,10,2024-10-01,Dibiapur APMC,2576.68,dibiapur,Auraiya
Uttar Pradesh,Wheat,2024,10,2024-10-01,Divai APMC,2485.71,divai,Bulandshahar
Uttar Pradesh,Wheat,2024,10,2024-10-01,Doharighat APMC,2685.0,doharighat,Azamgarh
Uttar Pradesh,Wheat,2024,10,2024-10-01,Dudhi APMC,2400.0,dudhi,Sonbhadra
Uttar Pradesh,Wheat,2024,10,2024-10-01,Etah APMC,2578.31,etah,Etah
Uttar Pradesh,Wheat,2024,10,2024-10-01,Etawah APMC,2696.63,etawah,Etawah
Uttar Pradesh,Wheat,2024,10,2024-10-01,Farukhabad APMC,2712.05,farukhabad,Farrukhabad
Uttar Pradesh,Wheat,2024,10,2024-10-01,Fatehabad APMC,,fatehabad,Agra
Uttar Pradesh,Wheat,2024,10,2024-10-01,Fatehpur APMC,2674.63,fatehpur,Fatehpur
Uttar Pradesh,Wheat,2024,10,2024-10-01,Fatehpur Sikri APMC,,fatehpur sikri,Agra
Uttar Pradesh,Wheat,2024,10,2024-10-01,Firozabad APMC,2777.32,firozabad,Firozabad
Uttar Pradesh,Wheat,2024,10,2024-10-01,Gazipur APMC,2644.59,gazipur,Azamgarh
Uttar Pradesh,Wheat,2024,10,2024-10-01,Ghaziabad APMC,2680.4,ghaziabad,Ghaziabad
Uttar Pradesh,Wheat,2024,10,2024-10-01,Ghiraur APMC,2700.38,ghiraur,Mainpuri
Uttar Pradesh,Wheat,2024,10,2024-10-01,Golagokarnath APMC,2674.72,golagokarnath,Lalitpur
Uttar Pradesh,Wheat,2024,10,2024-10-01,Gonda APMC,2773.64,gonda,Gonda
Uttar Pradesh,Wheat,2024,10,2024-10-01,Gopiganj APMC,2584.18,gopiganj,Bhadohi
Uttar Pradesh,Wheat,2024,10,2024-10-01,Gorakhpur APMC,2621.35,gorakhpur,Gorakhpur
Uttar Pradesh,Wheat,2024,10,2024-10-01,Gurusarai APMC,2695.88,gurusarai,Jhansi
Uttar Pradesh,Wheat,2024,10,2024-10-01,Haathras APMC,2729.83,haathras,Hathras
Uttar Pradesh,Wheat,2024,10,2024-10-01,Hapur APMC,2719.45,hapur,Ghaziabad
Uttar Pradesh,Wheat,2024,10,2024-10-01,Hardoi APMC,2632.41,hardoi,Hardoi
Uttar Pradesh,Wheat,2024,10,2024-10-01,Hargaon (Laharpur) APMC,2654.42,hargaon (laharpur),Sitapur
Uttar Pradesh,Wheat,2024,10,2024-10-01,Jafarganj APMC,2662.04,jafarganj,Amethi
Uttar Pradesh,Wheat,2024,10,2024-10-01,Jagnair APMC,2521.34,jagnair,Agra
Uttar Pradesh,Wheat,2024,10,2024-10-01,Jahanabad APMC,2317.72,jahanabad,Fatehpur
Uttar Pradesh,Wheat,2024,10,2024-10-01,Jahangirabad APMC,2713.44,jahangirabad,Bulandshahar
Uttar Pradesh,Wheat,2024,10,2024-10-01,Jalalabad APMC,2526.2,jalalabad,Bijnor
Uttar Pradesh,Wheat,2024,10,2024-10-01,Jalaun APMC,2668.52,jalaun,Jalaun
Uttar Pradesh,Wheat,2024,10,2024-10-01,Jasra APMC,2725.0,jasra,Prayagraj
Uttar Pradesh,Wheat,2024,10,2024-10-01,Jasvantnagar APMC,2689.75,jasvantnagar,Etawah
Uttar Pradesh,Wheat,2024,10,2024-10-01,Jaunpur APMC,2708.36,jaunpur,Jaunpur
Uttar Pradesh,Wheat,2024,10,2024-10-01,Jayas APMC,2672.7,jayas,Rae Bareli
Uttar Pradesh,Wheat,2024,10,2024-10-01,Jhansi APMC,,jhansi,Jhansi
Uttar Pradesh,Wheat,2024,10,2024-10-01,Jhansi Grain APMC,2622.66,jhansi grain,Jhansi
Uttar Pradesh,Wheat,2024,10,2024-10-01,Jhijhank APMC,,jhijhank,Kanpur Dehat
Uttar Pradesh,Wheat,2024,10,2024-10-01,Kadaura APMC,2509.17,kadaura,Jalaun
Uttar Pradesh,Wheat,2024,10,2024-10-01,Kalpi APMC,2638.07,kalpi,Jalaun
Uttar Pradesh,Wheat,2024,10,2024-10-01,Kamlaganj APMC,2693.95,kamlaganj,Farrukhabad
Uttar Pradesh,Wheat,2024,10,2024-10-01,Kannauj APMC,2700.94,kannauj,Kannauj
Uttar Pradesh,Wheat,2024,10,2024-10-01,Kanpur(Grain) APMC,2674.97,kanpur(grain),Jaunpur
Uttar Pradesh,Wheat,2024,10,2024-10-01,Karvi APMC,2642.0,karvi,Chitrakoot
Uttar Pradesh,Wheat,2024,10,2024-10-01,Kasganj APMC,2588.02,kasganj,Kasganj
Uttar Pradesh,Wheat,2024,10,2024-10-01,Kayamganj APMC,2697.68,kayamganj,Farrukhabad
Uttar Pradesh,Wheat,2024,10,2024-10-01,Khaga APMC,2716.24,khaga,Fatehpur
Uttar Pradesh,Wheat,2024,10,2024-10-01,Khair APMC,2578.03,khair,Aligarh
Uttar Pradesh,Wheat,2024,10,2024-10-01,Khairagarh APMC,2700.0,khairagarh,Agra
Uttar Pradesh,Wheat,2024,10,2024-10-01,Khalilabad APMC,2710.0,khalilabad,Sant Kabir Nagar
Uttar Pradesh,Wheat,2024,10,2024-10-01,Khurja APMC,2712.26,khurja,Bulandshahr
Uttar Pradesh,Wheat,2024,10,2024-10-01,Kishunpur APMC,2556.41,kishunpur,Bahraich
Uttar Pradesh,Wheat,2024,10,2024-10-01,Konch APMC,2665.7,konch,Jalaun
Uttar Pradesh,Wheat,2024,10,2024-10-01,Kopaganj APMC,2682.68,kopaganj,
Uttar Pradesh,Wheat,2024,10,2024-10-01,Kosikalan APMC,2726.54,kosikalan,Mathura
Uttar Pradesh,Wheat,2024,10,2024-10-01,Kurara APMC,2544.74,kurara,Hamirpur
Uttar Pradesh,Wheat,2024,10,2024-10-01,Lakhimpur APMC,2662.01,lakhimpur,Lalitpur
Uttar Pradesh,Wheat,2024,10,2024-10-01,Lalganj APMC,2635.96,lalganj,Rae Bareli
Uttar Pradesh,Wheat,2024,10,2024-10-01,Lalitpur APMC,2712.04,lalitpur,Lalitpur
Uttar Pradesh,Wheat,2024,10,2024-10-01,Lediyari APMC,2489.86,lediyari,Prayagraj
Uttar Pradesh,Wheat,2024,10,2024-10-01,Lucknow APMC,2649.95,lucknow,Lucknow
Uttar Pradesh,Wheat,2024,10,2024-10-01,Madhoganj APMC,2638.67,madhoganj,Hardoi
Uttar Pradesh,Wheat,2024,10,2024-10-01,Madhogarh APMC,2669.29,madhogarh,Jalaun
Uttar Pradesh,Wheat,2024,10,2024-10-01,Mahoba APMC,2686.21,mahoba,Mahoba
Uttar Pradesh,Wheat,2024,10,2024-10-01,Maigalganj APMC,2594.06,maigalganj,Gorakhpur
Uttar Pradesh,Wheat,2024,10,2024-10-01,Mainpuri APMC,2673.91,mainpuri,Mainpuri
Uttar Pradesh,Wheat,2024,10,2024-10-01,Manjhanpur APMC,2699.34,manjhanpur,Kaushambi
Uttar Pradesh,Wheat,2024,10,2024-10-01,Mathura APMC,2780.14,mathura,Mathura
Uttar Pradesh,Wheat,2024,10,2024-10-01,Maudaha APMC,2438.01,maudaha,Hamirpur
Uttar Pradesh,Wheat,2024,10,2024-10-01,Mauranipur APMC,2667.83,mauranipur,Jhansi
Uttar Pradesh,Wheat,2024,10,2024-10-01,Mawana APMC,,mawana,Meerut
Uttar Pradesh,Wheat,2024,10,2024-10-01,Meerut APMC,2629.36,meerut,Meerut
Uttar Pradesh,Wheat,2024,10,2024-10-01,Mehmoodabad APMC,2637.24,mehmoodabad,Sitapur
Uttar Pradesh,Wheat,2024,10,2024-10-01,Mehrauni APMC,2649.82,mehrauni,Lalitpur
Uttar Pradesh,Wheat,2024,10,2024-10-01,Milak APMC,,milak,Rampur
Uttar Pradesh,Wheat,2024,10,2024-10-01,Mirzapur APMC,2650.73,mirzapur,Mirzapur
Uttar Pradesh,Wheat,2024,10,2024-10-01,Mohamadabad APMC,2688.37,mohamadabad,Farrukhabad
Uttar Pradesh,Wheat,2024,10,2024-10-01,Mohammdi APMC,2651.28,mohammdi,Kheri
Uttar Pradesh,Wheat,2024,10,2024-10-01,Moth APMC,2704.18,moth,Jhansi
Uttar Pradesh,Wheat,2024,10,2024-10-01,Mugrabaadshahpur APMC,2645.31,mugrabaadshahpur,Jaunpur
Uttar Pradesh,Wheat,2024,10,2024-10-01,Muradabad APMC,2664.46,muradabad,Sambhal
Uttar Pradesh,Wheat,2024,10,2024-10-01,Muradnagar APMC,2710.0,muradnagar,Ghaziabad
Uttar Pradesh,Wheat,2024,10,2024-10-01,Muskara APMC,2664.78,muskara,Mahoba
Uttar Pradesh,Wheat,2024,10,2024-10-01,Muzzafarnagar APMC,2697.38,muzzafarnagar,Muzaffarnagar
Uttar Pradesh,Wheat,2024,10,2024-10-01,Naanpara APMC,2547.86,naanpara,Bahraich
Uttar Pradesh,Wheat,2024,10,2024-10-01,Naugarh APMC,2692.57,naugarh,Siddharthnagar
Uttar Pradesh,Wheat,2024,10,2024-10-01,Nautnava APMC,2541.63,nautnava,Maharajganj
Uttar Pradesh,Wheat,2024,10,2024-10-01,Nawabganj APMC,2737.8,nawabganj,Gonda
Uttar Pradesh,Wheat,2024,10,2024-10-01,Noida APMC,2711.96,noida,Gautam Buddha Nagar
Uttar Pradesh,Wheat,2024,10,2024-10-01,Orai APMC,2693.4,orai,Jalaun
Uttar Pradesh,Wheat,2024,10,2024-10-01,Paliakala APMC,2590.93,paliakala,Kheri
Uttar Pradesh,Wheat,2024,10,2024-10-01,Panchpedwa APMC,2800.0,panchpedwa,Balrampur
Uttar Pradesh,Wheat,2024,10,2024-10-01,Partaval APMC,2612.08,partaval,Mahrajganj
Uttar Pradesh,Wheat,2024,10,2024-10-01,Pilibhit APMC,2641.0,pilibhit,Pilibhit
Uttar Pradesh,Wheat,2024,10,2024-10-01,Powayan APMC,2693.06,powayan,Shahjahanpur
Uttar Pradesh,Wheat,2024,10,2024-10-01,Pratapgarh APMC,2674.92,pratapgarh,Pratapgarh
Uttar Pradesh,Wheat,2024,10,2024-10-01,Prayagraj APMC,2714.31,prayagraj,Prayagraj
Uttar Pradesh,Wheat,2024,10,2024-10-01,Pukharayan APMC,2683.24,pukharayan,Kanpur Dehat
Uttar Pradesh,Wheat,2024,10,2024-10-01,Puranpur APMC,2627.97,puranpur,Pilibhit
Uttar Pradesh,Wheat,2024,10,2024-10-01,Purwa APMC,2642.83,purwa,Unnao
Uttar Pradesh,Wheat,2024,10,2024-10-01,Raath APMC,2360.0,raath,Hamirpur
Uttar Pradesh,Wheat,2024,10,2024-10-01,Raibareilly APMC,2618.83,raibareilly,Rae Bareli
Uttar Pradesh,Wheat,2024,10,2024-10-01,Rampur APMC,2652.95,rampur,Rampur
Uttar Pradesh,Wheat,2024,10,2024-10-01,Rasda APMC,2603.82,rasda,Ballia
Uttar Pradesh,Wheat,2024,10,2024-10-01,Robertsganj APMC,2624.5,robertsganj,Sonbhadra
Uttar Pradesh,Wheat,2024,10,2024-10-01,Rura APMC,,rura,Kanpur Dehat
Uttar Pradesh,Wheat,2024,10,2024-10-01,Safdarganj APMC,2612.14,safdarganj,Barabanki
Uttar Pradesh,Wheat,2024,10,2024-10-01,Saharanpur APMC,2690.74,saharanpur,Saharanpur
Uttar Pradesh,Wheat,2024,10,2024-10-01,Sahiyapur APMC,2663.15,sahiyapur,Siddharthnagar
Uttar Pradesh,Wheat,2024,10,2024-10-01,Salon APMC,2635.15,salon,Rae Bareli
Uttar Pradesh,Wheat,2024,10,2024-10-01,Samsabad APMC,2800.0,samsabad,Agra
Uttar Pradesh,Wheat,2024,10,2024-10-01,Sandi APMC,2626.27,sandi,Hardoi
Uttar Pradesh,Wheat,2024,10,2024-10-01,Sandila APMC,2632.26,sandila,Hardoi
Uttar Pradesh,Wheat,2024,10,2024-10-01,Shahabad APMC,2400.0,shahabad,Hardoi
Uttar Pradesh,Wheat,2024,10,2024-10-01,Shahabad(New Mandi) APMC,2636.78,shahabad(new mandi),Hardoi
Uttar Pradesh,Wheat,2024,10,2024-10-01,Shahaswan APMC,2604.29,shahaswan,Badaun
Uttar Pradesh,Wheat,2024,10,2024-10-01,Shahganj APMC,2664.05,shahganj,Jaunpur
Uttar Pradesh,Wheat,2024,10,2024-10-01,Shahjahanpur APMC,2732.16,shahjahanpur,Shahjahanpur
Uttar Pradesh,Wheat,2024,10,2024-10-01,Shahpur APMC,2412.37,shahpur,Muzaffarnagar
Uttar Pradesh,Wheat,2024,10,2024-10-01,Shamli APMC,2692.59,shamli,Shamli
Uttar Pradesh,Wheat,2024,10,2024-10-01,Shikohabad APMC,,shikohabad,Firozabad
Uttar Pradesh,Wheat,2024,10,2024-10-01,Sikandraraau APMC,2674.43,sikandraraau,Hathras
Uttar Pradesh,Wheat,2024,10,2024-10-01,Sikarpur APMC,2592.52,sikarpur,Bulandshahar
Uttar Pradesh,Wheat,2024,10,2024-10-01,Sirsa APMC,2500.0,sirsa,Gautam Buddha Nagar
Uttar Pradesh,Wheat,2024,10,2024-10-01,Sirsaganj APMC,,sirsaganj,Firozabad
Uttar Pradesh,Wheat,2024,10,2024-10-01,Sitapur APMC,2637.54,sitapur,Sitapur
Uttar Pradesh,Wheat,2024,10,2024-10-01,Siyana APMC,2698.35,siyana,Bulandshahar
Uttar Pradesh,Wheat,2024,10,2024-10-01,Sultanpur APMC,2664.72,sultanpur,Amethi
Uttar Pradesh,Wheat,2024,10,2024-10-01,Tamkuhi road APMC,,tamkuhi road,Kushinagar
Uttar Pradesh,Wheat,2024,10,2024-10-01,Tikonia APMC,,tikonia,Kheri
Uttar Pradesh,Wheat,2024,10,2024-10-01,Tilhar APMC,2668.64,tilhar,Shahjahanpur
Uttar Pradesh,Wheat,2024,10,2024-10-01,Tulsipur APMC,2683.25,tulsipur,Balrampur
Uttar Pradesh,Wheat,2024,10,2024-10-01,Tundla APMC,2764.77,tundla,Firozabad
Uttar Pradesh,Wheat,2024,10,2024-10-01,Ujhani APMC,,ujhani,Budaun
Uttar Pradesh,Wheat,2024,10,2024-10-01,Unnao APMC,2633.0,unnao,Unnao
Uttar Pradesh,Wheat,2024,10,2024-10-01,Uttaripura APMC,2693.73,uttaripura,Jaunpur
Uttar Pradesh,Wheat,2024,10,2024-10-01,Varanasi APMC,2693.38,varanasi,Varanasi
Uttar Pradesh,Wheat,2024,10,2024-10-01,Vilthararoad APMC,2550.0,vilthararoad,Ballia
Uttar Pradesh,Wheat,2024,10,2024-10-01,Viswan APMC,2627.57,viswan,Sitapur
Uttar Pradesh,Wheat,2024,10,2024-10-01,Wazirganj APMC,2607.49,wazirganj,Budaun
Uttar Pradesh,Wheat,2024,11,2024-11-01,Achalda APMC,2787.46,achalda,Auraiya
Uttar Pradesh,Wheat,2024,11,2024-11-01,Achnera APMC,2855.49,achnera,Agra
Uttar Pradesh,Wheat,2024,11,2024-11-01,Agra APMC,2876.29,agra,Agra
Uttar Pradesh,Wheat,2024,11,2024-11-01,Ahirora APMC,2403.29,ahirora,Mirzapur
Uttar Pradesh,Wheat,2024,11,2024-11-01,Ait APMC,2839.0,ait,Jalaun
Uttar Pradesh,Wheat,2024,11,2024-11-01,Ajuha APMC,2752.8,ajuha,Prayagraj
Uttar Pradesh,Wheat,2024,11,2024-11-01,Akbarpur APMC,2772.19,akbarpur,Ambedkarnagar
Uttar Pradesh,Wheat,2024,11,2024-11-01,Aliganj APMC,2642.28,aliganj,Etah
Uttar Pradesh,Wheat,2024,11,2024-11-01,Aligarh APMC,2765.1,aligarh,Aligarh
Uttar Pradesh,Wheat,2024,11,2024-11-01,Amroha APMC,2750.93,amroha,Amroha
Uttar Pradesh,Wheat,2024,11,2024-11-01,Anandnagar APMC,2350.0,anandnagar,Mahrajganj
Uttar Pradesh,Wheat,2024,11,2024-11-01,Anoop Shahar APMC,,anoop shahar,Bulandshahr
Uttar Pradesh,Wheat,2024,11,2024-11-01,Atarra APMC,2658.88,atarra,Banda
Uttar Pradesh,Wheat,2024,11,2024-11-01,Atrauli APMC,2704.12,atrauli,Aligarh
Uttar Pradesh,Wheat,2024,11,2024-11-01,Auraiya APMC,2799.93,auraiya,Auraiya
Uttar Pradesh,Wheat,2024,11,2024-11-01,Ayodhya APMC,2785.27,ayodhya,Ayodhya
Uttar Pradesh,Wheat,2024,11,2024-11-01,Azamgarh APMC,2736.13,azamgarh,Azamgarh
Uttar Pradesh,Wheat,2024,11,2024-11-01,Baberu APMC,2450.0,baberu,Banda
Uttar Pradesh,Wheat,2024,11,2024-11-01,Babrala APMC,2750.13,babrala,Budaun
Uttar Pradesh,Wheat,2024,11,2024-11-01,Bachranwa APMC,2691.19,bachranwa,Rae Bareli
Uttar Pradesh,Wheat,2024,11,2024-11-01,Badayoun APMC,2713.26,badayoun,Budaun
Uttar Pradesh,Wheat,2024,11,2024-11-01,Bahraich APMC,2770.51,bahraich,Bahraich
Uttar Pradesh,Wheat,2024,11,2024-11-01,Ballia APMC,2740.84,ballia,Ballia
Uttar Pradesh,Wheat,2024,11,2024-11-01,Balrampur APMC,2788.89,balrampur,Balrampur
Uttar Pradesh,Wheat,2024,11,2024-11-01,Banda APMC,2739.71,banda,Banda
Uttar Pradesh,Wheat,2024,11,2024-11-01,Bangarmau APMC,2706.71,bangarmau,Unnao
Uttar Pradesh,Wheat,2024,11,2024-11-01,Bansi APMC,,bansi,Siddharthnagar
Uttar Pradesh,Wheat,2024,11,2024-11-01,Banthara APMC,2945.78,banthara,Lucknow
Uttar Pradesh,Wheat,2024,11,2024-11-01,Barabanki APMC,2764.86,barabanki,Bara Banki
Uttar Pradesh,Wheat,2024,11,2024-11-01,Baraut APMC,2788.19,baraut,Baghpat
Uttar Pradesh,Wheat,2024,11,2024-11-01,Bareilly APMC,2751.29,bareilly,Bareilly
Uttar Pradesh,Wheat,2024,11,2024-11-01,Baripaal APMC,2691.5,baripaal,Jaunpur
Uttar Pradesh,Wheat,2024,11,2024-11-01,Basti APMC,2718.92,basti,Basti
Uttar Pradesh,Wheat,2024,11,2024-11-01,Bewar APMC,2646.21,bewar,Mainpuri
Uttar Pradesh,Wheat,2024,11,2024-11-01,Bharthna APMC,2747.11,bharthna,Etawah
Uttar Pradesh,Wheat,2024,11,2024-11-01,Bharuasumerpur APMC,2788.69,bharuasumerpur,Hamirpur
Uttar Pradesh,Wheat,2024,11,2024-11-01,Bharwari APMC,,bharwari,Kaushambi
Uttar Pradesh,Wheat,2024,11,2024-11-01,Bhehjoi APMC,2483.85,bhehjoi,Sambhal
Uttar Pradesh,Wheat,2024,11,2024-11-01,Bhinga APMC,2772.2,bhinga,Shravasti
Uttar Pradesh,Wheat,2024,11,2024-11-01,Bijnaur APMC,2736.36,bijnaur,Bijnor
Uttar Pradesh,Wheat,2024,11,2024-11-01,Bilsi APMC,2726.17,bilsi,Budaun
Uttar Pradesh,Wheat,2024,11,2024-11-01,Bindki APMC,2755.08,bindki,Fatehpur
Uttar Pradesh,Wheat,2024,11,2024-11-01,Bishalpur APMC,2731.78,bishalpur,Pilibhit
Uttar Pradesh,Wheat,2024,11,2024-11-01,Bisoli APMC,2537.88,bisoli,Badaun
Uttar Pradesh,Wheat,2024,11,2024-11-01,Buland Shahr APMC,2797.08,buland shahr,Bulandshahr
Uttar Pradesh,Wheat,2024,11,2024-11-01,Chandausi APMC,2745.84,chandausi,Sambhal
Uttar Pradesh,Wheat,2024,11,2024-11-01,Chandoli APMC,2748.69,chandoli,Chandauli
Uttar Pradesh,Wheat,2024,11,2024-11-01,Charkhari APMC,2672.15,charkhari,Mahoba
Uttar Pradesh,Wheat,2024,11,2024-11-01,Charra APMC,2650.0,charra,Aligarh
Uttar Pradesh,Wheat,2024,11,2024-11-01,Chhibramau APMC,2770.46,chhibramau,Kannauj
Uttar Pradesh,Wheat,2024,11,2024-11-01,Chorichora APMC,2450.0,chorichora,Gorakhpur
Uttar Pradesh,Wheat,2024,11,2024-11-01,Choubepur APMC,2776.87,choubepur,Jaunpur
Uttar Pradesh,Wheat,2024,11,2024-11-01,Colonelganj APMC,2750.0,colonelganj,Gonda
Uttar Pradesh,Wheat,2024,11,2024-11-01,DADRI APMC,2785.75,dadri,Gautam Buddha Nagar
Uttar Pradesh,Wheat,2024,11,2024-11-01,Dankaur APMC,,dankaur,Gautam Buddha Nagar
Uttar Pradesh,Wheat,2024,11,2024-11-01,Dataganj APMC,,dataganj,Badaun
Uttar Pradesh,Wheat,2024,11,2024-11-01,Deoband APMC,,deoband,Saharanpur
Uttar Pradesh,Wheat,2024,11,2024-11-01,Devariya APMC,2660.64,devariya,Deoria
Uttar Pradesh,Wheat,2024,11,2024-11-01,Dhanaura APMC,2298.47,dhanaura,Amroha
Uttar Pradesh,Wheat,2024,11,2024-11-01,Dibiapur APMC,,dibiapur,Auraiya
Uttar Pradesh,Wheat,2024,11,2024-11-01,Divai APMC,,divai,Bulandshahar
Uttar Pradesh,Wheat,2024,11,2024-11-01,Doharighat APMC,2760.0,doharighat,Azamgarh
Uttar Pradesh,Wheat,2024,11,2024-11-01,Dudhi APMC,2400.0,dudhi,Sonbhadra
Uttar Pradesh,Wheat,2024,11,2024-11-01,Etah APMC,2616.14,etah,Etah
Uttar Pradesh,Wheat,2024,11,2024-11-01,Etawah APMC,2762.2,etawah,Etawah
Uttar Pradesh,Wheat,2024,11,2024-11-01,Farukhabad APMC,2763.2,farukhabad,Farrukhabad
Uttar Pradesh,Wheat,2024,11,2024-11-01,Fatehabad APMC,,fatehabad,Agra
Uttar Pradesh,Wheat,2024,11,2024-11-01,Fatehpur APMC,2730.3,fatehpur,Fatehpur
Uttar Pradesh,Wheat,2024,11,2024-11-01,Fatehpur Sikri APMC,,fatehpur sikri,Agra
Uttar Pradesh,Wheat,2024,11,2024-11-01,Firozabad APMC,2893.57,firozabad,Firozabad
Uttar Pradesh,Wheat,2024,11,2024-11-01,Gazipur APMC,2753.92,gazipur,Azamgarh
Uttar Pradesh,Wheat,2024,11,2024-11-01,Ghaziabad APMC,2778.38,ghaziabad,Ghaziabad
Uttar Pradesh,Wheat,2024,11,2024-11-01,Ghiraur APMC,2785.57,ghiraur,Mainpuri
Uttar Pradesh,Wheat,2024,11,2024-11-01,Golagokarnath APMC,2696.82,golagokarnath,Lalitpur
Uttar Pradesh,Wheat,2024,11,2024-11-01,Gonda APMC,2840.42,gonda,Gonda
Uttar Pradesh,Wheat,2024,11,2024-11-01,Gopiganj APMC,2717.21,gopiganj,Bhadohi
Uttar Pradesh,Wheat,2024,11,2024-11-01,Gorakhpur APMC,2691.14,gorakhpur,Gorakhpur
Uttar Pradesh,Wheat,2024,11,2024-11-01,Gurusarai APMC,2745.0,gurusarai,Jhansi
Uttar Pradesh,Wheat,2024,11,2024-11-01,Haathras APMC,2779.86,haathras,Hathras
Uttar Pradesh,Wheat,2024,11,2024-11-01,Hapur APMC,2818.22,hapur,Ghaziabad
Uttar Pradesh,Wheat,2024,11,2024-11-01,Hardoi APMC,2714.35,hardoi,Hardoi
Uttar Pradesh,Wheat,2024,11,2024-11-01,Hargaon (Laharpur) APMC,2768.21,hargaon (laharpur),Sitapur
Uttar Pradesh,Wheat,2024,11,2024-11-01,Jafarganj APMC,2785.89,jafarganj,Amethi
Uttar Pradesh,Wheat,2024,11,2024-11-01,Jagnair APMC,2656.88,jagnair,Agra
Uttar Pradesh,Wheat,2024,11,2024-11-01,Jahanabad APMC,2303.1,jahanabad,Fatehpur
Uttar Pradesh,Wheat,2024,11,2024-11-01,Jahangirabad APMC,2804.86,jahangirabad,Bulandshahar
Uttar Pradesh,Wheat,2024,11,2024-11-01,Jalalabad APMC,2584.33,jalalabad,Bijnor
Uttar Pradesh,Wheat,2024,11,2024-11-01,Jalaun APMC,2766.03,jalaun,Jalaun
Uttar Pradesh,Wheat,2024,11,2024-11-01,Jasra APMC,,jasra,Prayagraj
Uttar Pradesh,Wheat,2024,11,2024-11-01,Jasvantnagar APMC,2751.86,jasvantnagar,Etawah
Uttar Pradesh,Wheat,2024,11,2024-11-01,Jaunpur APMC,2767.87,jaunpur,Jaunpur
Uttar Pradesh,Wheat,2024,11,2024-11-01,Jayas APMC,2784.94,jayas,Rae Bareli
Uttar Pradesh,Wheat,2024,11,2024-11-01,Jhansi APMC,,jhansi,Jhansi
Uttar Pradesh,Wheat,2024,11,2024-11-01,Jhansi Grain APMC,2676.11,jhansi grain,Jhansi
Uttar Pradesh,Wheat,2024,11,2024-11-01,Jhijhank APMC,,jhijhank,Kanpur Dehat
Uttar Pradesh,Wheat,2024,11,2024-11-01,Kadaura APMC,2573.04,kadaura,Jalaun
Uttar Pradesh,Wheat,2024,11,2024-11-01,Kalpi APMC,2660.0,kalpi,Jalaun
Uttar Pradesh,Wheat,2024,11,2024-11-01,Kamlaganj APMC,2765.86,kamlaganj,Farrukhabad
Uttar Pradesh,Wheat,2024,11,2024-11-01,Kannauj APMC,2765.19,kannauj,Kannauj
Uttar Pradesh,Wheat,2024,11,2024-11-01,Kanpur(Grain) APMC,2765.21,kanpur(grain),Jaunpur
Uttar Pradesh,Wheat,2024,11,2024-11-01,Karvi APMC,2763.97,karvi,Chitrakoot
Uttar Pradesh,Wheat,2024,11,2024-11-01,Kasganj APMC,2673.13,kasganj,Kasganj
Uttar Pradesh,Wheat,2024,11,2024-11-01,Kayamganj APMC,2770.36,kayamganj,Farrukhabad
Uttar Pradesh,Wheat,2024,11,2024-11-01,Khaga APMC,2785.74,khaga,Fatehpur
Uttar Pradesh,Wheat,2024,11,2024-11-01,Khair APMC,2821.56,khair,Aligarh
Uttar Pradesh,Wheat,2024,11,2024-11-01,Khairagarh APMC,,khairagarh,Agra
Uttar Pradesh,Wheat,2024,11,2024-11-01,Khalilabad APMC,2740.0,khalilabad,Sant Kabir Nagar
Uttar Pradesh,Wheat,2024,11,2024-11-01,Khurja APMC,2804.12,khurja,Bulandshahr
Uttar Pradesh,Wheat,2024,11,2024-11-01,Kishunpur APMC,2694.46,kishunpur,Bahraich
Uttar Pradesh,Wheat,2024,11,2024-11-01,Konch APMC,2756.08,konch,Jalaun
Uttar Pradesh,Wheat,2024,11,2024-11-01,Kopaganj APMC,2760.0,kopaganj,
Uttar Pradesh,Wheat,2024,11,2024-11-01,Kosikalan APMC,2865.28,kosikalan,Mathura
Uttar Pradesh,Wheat,2024,11,2024-11-01,Kurara APMC,2598.38,kurara,Hamirpur
Uttar Pradesh,Wheat,2024,11,2024-11-01,Lakhimpur APMC,2707.5,lakhimpur,Lalitpur
Uttar Pradesh,Wheat,2024,11,2024-11-01,Lalganj APMC,2712.03,lalganj,Rae Bareli
Uttar Pradesh,Wheat,2024,11,2024-11-01,Lalitpur APMC,2761.21,lalitpur,Lalitpur
Uttar Pradesh,Wheat,2024,11,2024-11-01,Lediyari APMC,2656.37,lediyari,Prayagraj
Uttar Pradesh,Wheat,2024,11,2024-11-01,Lucknow APMC,2737.51,lucknow,Lucknow
Uttar Pradesh,Wheat,2024,11,2024-11-01,Madhoganj APMC,2710.62,madhoganj,Hardoi
Uttar Pradesh,Wheat,2024,11,2024-11-01,Madhogarh APMC,2733.1,madhogarh,Jalaun
Uttar Pradesh,Wheat,2024,11,2024-11-01,Mahoba APMC,2749.78,mahoba,Mahoba
Uttar Pradesh,Wheat,2024,11,2024-11-01,Maigalganj APMC,2739.46,maigalganj,Gorakhpur
Uttar Pradesh,Wheat,2024,11,2024-11-01,Mainpuri APMC,2763.05,mainpuri,Mainpuri
Uttar Pradesh,Wheat,2024,11,2024-11-01,Manjhanpur APMC,2748.63,manjhanpur,Kaushambi
Uttar Pradesh,Wheat,2024,11,2024-11-01,Mathura APMC,2878.67,mathura,Mathura
Uttar Pradesh,Wheat,2024,11,2024-11-01,Maudaha APMC,,maudaha,Hamirpur
Uttar Pradesh,Wheat,2024,11,2024-11-01,Mauranipur APMC,2721.79,mauranipur,Jhansi
Uttar Pradesh,Wheat,2024,11,2024-11-01,Meerut APMC,2798.01,meerut,Meerut
Uttar Pradesh,Wheat,2024,11,2024-11-01,Mehmoodabad APMC,2715.38,mehmoodabad,Sitapur
Uttar Pradesh,Wheat,2024,11,2024-11-01,Mehrauni APMC,2613.06,mehrauni,Lalitpur
Uttar Pradesh,Wheat,2024,11,2024-11-01,Milak APMC,,milak,Rampur
Uttar Pradesh,Wheat,2024,11,2024-11-01,Mirzapur APMC,2749.89,mirzapur,Mirzapur
Uttar Pradesh,Wheat,2024,11,2024-11-01,Mohamadabad APMC,2768.5,mohamadabad,Farrukhabad
Uttar Pradesh,Wheat,2024,11,2024-11-01,Mohammdi APMC,2708.71,mohammdi,Kheri
Uttar Pradesh,Wheat,2024,11,2024-11-01,Moth APMC,2757.43,moth,Jhansi
Uttar Pradesh,Wheat,2024,11,2024-11-01,Mugrabaadshahpur APMC,2761.0,mugrabaadshahpur,Jaunpur
Uttar Pradesh,Wheat,2024,11,2024-11-01,Muradabad APMC,2749.99,muradabad,Sambhal
Uttar Pradesh,Wheat,2024,11,2024-11-01,Muradnagar APMC,2820.0,muradnagar,Ghaziabad
Uttar Pradesh,Wheat,2024,11,2024-11-01,Muskara APMC,2754.28,muskara,Mahoba
Uttar Pradesh,Wheat,2024,11,2024-11-01,Muzzafarnagar APMC,2802.61,muzzafarnagar,Muzaffarnagar
Uttar Pradesh,Wheat,2024,11,2024-11-01,Naanpara APMC,,naanpara,Bahraich
Uttar Pradesh,Wheat,2024,11,2024-11-01,Naugarh APMC,2760.0,naugarh,Siddharthnagar
Uttar Pradesh,Wheat,2024,11,2024-11-01,Nautnava APMC,2673.33,nautnava,Maharajganj
Uttar Pradesh,Wheat,2024,11,2024-11-01,Nawabganj APMC,2780.87,nawabganj,Gonda
Uttar Pradesh,Wheat,2024,11,2024-11-01,Noida APMC,,noida,Gautam Buddha Nagar
Uttar Pradesh,Wheat,2024,11,2024-11-01,Orai APMC,2793.62,orai,Jalaun
Uttar Pradesh,Wheat,2024,11,2024-11-01,Paliakala APMC,2785.91,paliakala,Kheri
Uttar Pradesh,Wheat,2024,11,2024-11-01,Panchpedwa APMC,2800.0,panchpedwa,Balrampur
Uttar Pradesh,Wheat,2024,11,2024-11-01,Partaval APMC,2686.34,partaval,Mahrajganj
Uttar Pradesh,Wheat,2024,11,2024-11-01,Pilibhit APMC,2741.75,pilibhit,Pilibhit
Uttar Pradesh,Wheat,2024,11,2024-11-01,Powayan APMC,2734.25,powayan,Shahjahanpur
Uttar Pradesh,Wheat,2024,11,2024-11-01,Pratapgarh APMC,2753.85,pratapgarh,Pratapgarh
Uttar Pradesh,Wheat,2024,11,2024-11-01,Prayagraj APMC,2755.64,prayagraj,Prayagraj
Uttar Pradesh,Wheat,2024,11,2024-11-01,Pukharayan APMC,2793.38,pukharayan,Kanpur Dehat
Uttar Pradesh,Wheat,2024,11,2024-11-01,Puranpur APMC,2736.15,puranpur,Pilibhit
Uttar Pradesh,Wheat,2024,11,2024-11-01,Purwa APMC,2722.83,purwa,Unnao
Uttar Pradesh,Wheat,2024,11,2024-11-01,Raath APMC,,raath,Hamirpur
Uttar Pradesh,Wheat,2024,11,2024-11-01,Raibareilly APMC,2707.11,raibareilly,Rae Bareli
Uttar Pradesh,Wheat,2024,11,2024-11-01,Rampur APMC,2740.27,rampur,Rampur
Uttar Pradesh,Wheat,2024,11,2024-11-01,Rasda APMC,2727.12,rasda,Ballia
Uttar Pradesh,Wheat,2024,11,2024-11-01,Robertsganj APMC,2729.07,robertsganj,Sonbhadra
Uttar Pradesh,Wheat,2024,11,2024-11-01,Rudauli APMC,2760.0,rudauli,Ayodhya
Uttar Pradesh,Wheat,2024,11,2024-11-01,Rura APMC,,rura,Kanpur Dehat
Uttar Pradesh,Wheat,2024,11,2024-11-01,Safdarganj APMC,2733.66,safdarganj,Barabanki
Uttar Pradesh,Wheat,2024,11,2024-11-01,Saharanpur APMC,2803.28,saharanpur,Saharanpur
Uttar Pradesh,Wheat,2024,11,2024-11-01,Sahiyapur APMC,2744.44,sahiyapur,Siddharthnagar
Uttar Pradesh,Wheat,2024,11,2024-11-01,Salon APMC,2714.05,salon,Rae Bareli
Uttar Pradesh,Wheat,2024,11,2024-11-01,Samsabad APMC,2863.64,samsabad,Agra
Uttar Pradesh,Wheat,2024,11,2024-11-01,Sandi APMC,2707.25,sandi,Hardoi
Uttar Pradesh,Wheat,2024,11,2024-11-01,Sandila APMC,2710.9,sandila,Hardoi
Uttar Pradesh,Wheat,2024,11,2024-11-01,Shahabad APMC,2400.0,shahabad,Hardoi
Uttar Pradesh,Wheat,2024,11,2024-11-01,Shahabad(New Mandi) APMC,2717.57,shahabad(new mandi),Hardoi
Uttar Pradesh,Wheat,2024,11,2024-11-01,Shahaswan APMC,2648.33,shahaswan,Badaun
Uttar Pradesh,Wheat,2024,11,2024-11-01,Shahganj APMC,2722.98,shahganj,Jaunpur
Uttar Pradesh,Wheat,2024,11,2024-11-01,Shahjahanpur APMC,2754.82,shahjahanpur,Shahjahanpur
Uttar Pradesh,Wheat,2024,11,2024-11-01,Shahpur APMC,2400.0,shahpur,Muzaffarnagar
Uttar Pradesh,Wheat,2024,11,2024-11-01,Shamli APMC,2795.29,shamli,Shamli
Uttar Pradesh,Wheat,2024,11,2024-11-01,Sikandraraau APMC,2712.02,sikandraraau,Hathras
Uttar Pradesh,Wheat,2024,11,2024-11-01,Sikarpur APMC,2491.1,sikarpur,Bulandshahar
Uttar Pradesh,Wheat,2024,11,2024-11-01,Sirsa APMC,2500.0,sirsa,Gautam Buddha Nagar
Uttar Pradesh,Wheat,2024,11,2024-11-01,Sitapur APMC,2717.28,sitapur,Sitapur
Uttar Pradesh,Wheat,2024,11,2024-11-01,Siyana APMC,2800.54,siyana,Bulandshahar
Uttar Pradesh,Wheat,2024,11,2024-11-01,Sultanpur APMC,2798.49,sultanpur,Amethi
Uttar Pradesh,Wheat,2024,11,2024-11-01,Tamkuhi road APMC,,tamkuhi road,Kushinagar
Uttar Pradesh,Wheat,2024,11,2024-11-01,Thanabhawan APMC,,thanabhawan,Shamli
Uttar Pradesh,Wheat,2024,11,2024-11-01,Tikonia APMC,,tikonia,Kheri
Uttar Pradesh,Wheat,2024,11,2024-11-01,Tilhar APMC,2724.82,tilhar,Shahjahanpur
Uttar Pradesh,Wheat,2024,11,2024-11-01,Tulsipur APMC,2802.69,tulsipur,Balrampur
Uttar Pradesh,Wheat,2024,11,2024-11-01,Tundla APMC,2897.73,tundla,Firozabad
Uttar Pradesh,Wheat,2024,11,2024-11-01,Ujhani APMC,2721.95,ujhani,Budaun
Uttar Pradesh,Wheat,2024,11,2024-11-01,Unnao APMC,2717.26,unnao,Unnao
Uttar Pradesh,Wheat,2024,11,2024-11-01,Uttaripura APMC,2767.82,uttaripura,Jaunpur
Uttar Pradesh,Wheat,2024,11,2024-11-01,Varanasi APMC,2817.73,varanasi,Varanasi
Uttar Pradesh,Wheat,2024,11,2024-11-01,Vilthararoad APMC,2600.0,vilthararoad,Ballia
Uttar Pradesh,Wheat,2024,11,2024-11-01,Viswan APMC,2705.95,viswan,Sitapur
Uttar Pradesh,Wheat,2024,11,2024-11-01,Wazirganj APMC,2697.73,wazirganj,Budaun
Uttar Pradesh,Wheat,2024,12,2024-12-01,Achalda APMC,2788.46,achalda,Auraiya
Uttar Pradesh,Wheat,2024,12,2024-12-01,Achnera APMC,2876.45,achnera,Agra
Uttar Pradesh,Wheat,2024,12,2024-12-01,Agra APMC,2869.1,agra,Agra
Uttar Pradesh,Wheat,2024,12,2024-12-01,Ahirora APMC,2400.0,ahirora,Mirzapur
Uttar Pradesh,Wheat,2024,12,2024-12-01,Ait APMC,2862.16,ait,Jalaun
Uttar Pradesh,Wheat,2024,12,2024-12-01,Ajuha APMC,2753.84,ajuha,Prayagraj
Uttar Pradesh,Wheat,2024,12,2024-12-01,Akbarpur APMC,2812.68,akbarpur,Ambedkarnagar
Uttar Pradesh,Wheat,2024,12,2024-12-01,Aliganj APMC,2659.51,aliganj,Etah
Uttar Pradesh,Wheat,2024,12,2024-12-01,Aligarh APMC,2776.76,aligarh,Aligarh
Uttar Pradesh,Wheat,2024,12,2024-12-01,Amroha APMC,2795.38,amroha,Amroha
Uttar Pradesh,Wheat,2024,12,2024-12-01,Anandnagar APMC,2361.47,anandnagar,Mahrajganj
Uttar Pradesh,Wheat,2024,12,2024-12-01,Atarra APMC,2600.0,atarra,Banda
Uttar Pradesh,Wheat,2024,12,2024-12-01,Atrauli APMC,2773.11,atrauli,Aligarh
Uttar Pradesh,Wheat,2024,12,2024-12-01,Auraiya APMC,2808.43,auraiya,Auraiya
Uttar Pradesh,Wheat,2024,12,2024-12-01,Ayodhya APMC,2820.69,ayodhya,Ayodhya
Uttar Pradesh,Wheat,2024,12,2024-12-01,Azamgarh APMC,2784.92,azamgarh,Azamgarh
Uttar Pradesh,Wheat,2024,12,2024-12-01,Baberu APMC,,baberu,Banda
Uttar Pradesh,Wheat,2024,12,2024-12-01,Babrala APMC,2752.83,babrala,Budaun
Uttar Pradesh,Wheat,2024,12,2024-12-01,Bachranwa APMC,2681.45,bachranwa,Rae Bareli
Uttar Pradesh,Wheat,2024,12,2024-12-01,Badayoun APMC,2720.17,badayoun,Budaun
Uttar Pradesh,Wheat,2024,12,2024-12-01,Bahraich APMC,2750.54,bahraich,Bahraich
Uttar Pradesh,Wheat,2024,12,2024-12-01,Ballia APMC,2780.03,ballia,Ballia
Uttar Pradesh,Wheat,2024,12,2024-12-01,Balrampur APMC,2783.8,balrampur,Balrampur
Uttar Pradesh,Wheat,2024,12,2024-12-01,Banda APMC,2714.92,banda,Banda
Uttar Pradesh,Wheat,2024,12,2024-12-01,Bangarmau APMC,2727.0,bangarmau,Unnao
Uttar Pradesh,Wheat,2024,12,2024-12-01,Bansi APMC,,bansi,Siddharthnagar
Uttar Pradesh,Wheat,2024,12,2024-12-01,Banthara APMC,2918.67,banthara,Lucknow
Uttar Pradesh,Wheat,2024,12,2024-12-01,Barabanki APMC,2782.03,barabanki,Bara Banki
Uttar Pradesh,Wheat,2024,12,2024-12-01,Baraut APMC,2807.93,baraut,Baghpat
Uttar Pradesh,Wheat,2024,12,2024-12-01,Bareilly APMC,2738.21,bareilly,Bareilly
Uttar Pradesh,Wheat,2024,12,2024-12-01,Barhaj APMC,,barhaj,Deoria
Uttar Pradesh,Wheat,2024,12,2024-12-01,Baripaal APMC,2692.4,baripaal,Jaunpur
Uttar Pradesh,Wheat,2024,12,2024-12-01,Basti APMC,2779.75,basti,Basti
Uttar Pradesh,Wheat,2024,12,2024-12-01,Bewar APMC,2643.51,bewar,Mainpuri
Uttar Pradesh,Wheat,2024,12,2024-12-01,Bharthna APMC,2730.35,bharthna,Etawah
Uttar Pradesh,Wheat,2024,12,2024-12-01,Bharuasumerpur APMC,2761.86,bharuasumerpur,Hamirpur
Uttar Pradesh,Wheat,2024,12,2024-12-01,Bharwari APMC,2700.0,bharwari,Kaushambi
Uttar Pradesh,Wheat,2024,12,2024-12-01,Bhehjoi APMC,2486.68,bhehjoi,Sambhal
Uttar Pradesh,Wheat,2024,12,2024-12-01,Bhinga APMC,2749.83,bhinga,Shravasti
Uttar Pradesh,Wheat,2024,12,2024-12-01,Bijnaur APMC,2797.59,bijnaur,Bijnor
Uttar Pradesh,Wheat,2024,12,2024-12-01,Bilsi APMC,2745.36,bilsi,Budaun
Uttar Pradesh,Wheat,2024,12,2024-12-01,Bindki APMC,2763.29,bindki,Fatehpur
Uttar Pradesh,Wheat,2024,12,2024-12-01,Bishalpur APMC,2742.64,bishalpur,Pilibhit
Uttar Pradesh,Wheat,2024,12,2024-12-01,Bisoli APMC,2350.0,bisoli,Badaun
Uttar Pradesh,Wheat,2024,12,2024-12-01,Buland Shahr APMC,2833.69,buland shahr,Bulandshahr
Uttar Pradesh,Wheat,2024,12,2024-12-01,Chandausi APMC,2801.52,chandausi,Sambhal
Uttar Pradesh,Wheat,2024,12,2024-12-01,Chandoli APMC,2798.39,chandoli,Chandauli
Uttar Pradesh,Wheat,2024,12,2024-12-01,Charkhari APMC,2690.34,charkhari,Mahoba
Uttar Pradesh,Wheat,2024,12,2024-12-01,Charra APMC,2650.0,charra,Aligarh
Uttar Pradesh,Wheat,2024,12,2024-12-01,Chhibramau APMC,2773.28,chhibramau,Kannauj
Uttar Pradesh,Wheat,2024,12,2024-12-01,Chirgaon APMC,,chirgaon,Jhansi
Uttar Pradesh,Wheat,2024,12,2024-12-01,Chorichora APMC,2430.0,chorichora,Gorakhpur
Uttar Pradesh,Wheat,2024,12,2024-12-01,Choubepur APMC,2762.25,choubepur,Jaunpur
Uttar Pradesh,Wheat,2024,12,2024-12-01,Colonelganj APMC,2800.0,colonelganj,Gonda
Uttar Pradesh,Wheat,2024,12,2024-12-01,DADRI APMC,2813.2,dadri,Gautam Buddha Nagar
Uttar Pradesh,Wheat,2024,12,2024-12-01,Dankaur APMC,2811.43,dankaur,Gautam Buddha Nagar
Uttar Pradesh,Wheat,2024,12,2024-12-01,Deoband APMC,2825.0,deoband,Saharanpur
Uttar Pradesh,Wheat,2024,12,2024-12-01,Devariya APMC,2736.75,devariya,Deoria
Uttar Pradesh,Wheat,2024,12,2024-12-01,Dhanaura APMC,2290.69,dhanaura,Amroha
Uttar Pradesh,Wheat,2024,12,2024-12-01,Doharighat APMC,2785.0,doharighat,Azamgarh
Uttar Pradesh,Wheat,2024,12,2024-12-01,Dudhi APMC,2400.0,dudhi,Sonbhadra
Uttar Pradesh,Wheat,2024,12,2024-12-01,Etah APMC,2647.11,etah,Etah
Uttar Pradesh,Wheat,2024,12,2024-12-01,Etawah APMC,2747.34,etawah,Etawah
Uttar Pradesh,Wheat,2024,12,2024-12-01,Farukhabad APMC,2752.11,farukhabad,Farrukhabad
Uttar Pradesh,Wheat,2024,12,2024-12-01,Fatehpur APMC,2728.01,fatehpur,Fatehpur
Uttar Pradesh,Wheat,2024,12,2024-12-01,Fatehpur Sikri APMC,2866.39,fatehpur sikri,Agra
Uttar Pradesh,Wheat,2024,12,2024-12-01,Firozabad APMC,2909.44,firozabad,Firozabad
Uttar Pradesh,Wheat,2024,12,2024-12-01,Gazipur APMC,2801.15,gazipur,Azamgarh
Uttar Pradesh,Wheat,2024,12,2024-12-01,Ghaziabad APMC,2822.17,ghaziabad,Ghaziabad
Uttar Pradesh,Wheat,2024,12,2024-12-01,Ghiraur APMC,2780.89,ghiraur,Mainpuri
Uttar Pradesh,Wheat,2024,12,2024-12-01,Golagokarnath APMC,2766.26,golagokarnath,Lalitpur
Uttar Pradesh,Wheat,2024,12,2024-12-01,Gonda APMC,2825.78,gonda,Gonda
Uttar Pradesh,Wheat,2024,12,2024-12-01,Gopiganj APMC,2779.28,gopiganj,Bhadohi
Uttar Pradesh,Wheat,2024,12,2024-12-01,Gorakhpur APMC,2734.13,gorakhpur,Gorakhpur
Uttar Pradesh,Wheat,2024,12,2024-12-01,Gurusarai APMC,2750.0,gurusarai,Jhansi
Uttar Pradesh,Wheat,2024,12,2024-12-01,Haathras APMC,2789.35,haathras,Hathras
Uttar Pradesh,Wheat,2024,12,2024-12-01,Hapur APMC,2830.56,hapur,Ghaziabad
Uttar Pradesh,Wheat,2024,12,2024-12-01,Hardoi APMC,2728.0,hardoi,Hardoi
Uttar Pradesh,Wheat,2024,12,2024-12-01,Hargaon (Laharpur) APMC,2697.64,hargaon (laharpur),Sitapur
Uttar Pradesh,Wheat,2024,12,2024-12-01,Jafarganj APMC,2785.57,jafarganj,Amethi
Uttar Pradesh,Wheat,2024,12,2024-12-01,Jagnair APMC,2804.98,jagnair,Agra
Uttar Pradesh,Wheat,2024,12,2024-12-01,Jahanabad APMC,2303.18,jahanabad,Fatehpur
Uttar Pradesh,Wheat,2024,12,2024-12-01,Jahangirabad APMC,2814.32,jahangirabad,Bulandshahar
Uttar Pradesh,Wheat,2024,12,2024-12-01,Jalalabad APMC,2603.9,jalalabad,Bijnor
Uttar Pradesh,Wheat,2024,12,2024-12-01,Jalaun APMC,2795.61,jalaun,Jalaun
Uttar Pradesh,Wheat,2024,12,2024-12-01,Jangipura APMC,,jangipura,Ghazipur
Uttar Pradesh,Wheat,2024,12,2024-12-01,Jasra APMC,2800.0,jasra,Prayagraj
Uttar Pradesh,Wheat,2024,12,2024-12-01,Jasvantnagar APMC,2751.78,jasvantnagar,Etawah
Uttar Pradesh,Wheat,2024,12,2024-12-01,Jaunpur APMC,2809.44,jaunpur,Jaunpur
Uttar Pradesh,Wheat,2024,12,2024-12-01,Jayas APMC,2785.88,jayas,Rae Bareli
Uttar Pradesh,Wheat,2024,12,2024-12-01,Jhansi APMC,,jhansi,Jhansi
Uttar Pradesh,Wheat,2024,12,2024-12-01,Jhansi Grain APMC,2769.98,jhansi grain,Jhansi
Uttar Pradesh,Wheat,2024,12,2024-12-01,Jhijhank APMC,,jhijhank,Kanpur Dehat
Uttar Pradesh,Wheat,2024,12,2024-12-01,Kadaura APMC,2590.96,kadaura,Jalaun
Uttar Pradesh,Wheat,2024,12,2024-12-01,Kalpi APMC,,kalpi,Jalaun
Uttar Pradesh,Wheat,2024,12,2024-12-01,Kamlaganj APMC,2753.83,kamlaganj,Farrukhabad
Uttar Pradesh,Wheat,2024,12,2024-12-01,Kannauj APMC,2768.55,kannauj,Kannauj
Uttar Pradesh,Wheat,2024,12,2024-12-01,Kanpur(Grain) APMC,2754.92,kanpur(grain),Jaunpur
Uttar Pradesh,Wheat,2024,12,2024-12-01,Karvi APMC,2701.56,karvi,Chitrakoot
Uttar Pradesh,Wheat,2024,12,2024-12-01,Kasganj APMC,2727.94,kasganj,Kasganj
Uttar Pradesh,Wheat,2024,12,2024-12-01,Kayamganj APMC,2764.01,kayamganj,Farrukhabad
Uttar Pradesh,Wheat,2024,12,2024-12-01,Khaga APMC,2842.79,khaga,Fatehpur
Uttar Pradesh,Wheat,2024,12,2024-12-01,Khair APMC,2742.45,khair,Aligarh
Uttar Pradesh,Wheat,2024,12,2024-12-01,Khalilabad APMC,,khalilabad,Sant Kabir Nagar
Uttar Pradesh,Wheat,2024,12,2024-12-01,Khurja APMC,2828.29,khurja,Bulandshahr
Uttar Pradesh,Wheat,2024,12,2024-12-01,Kishunpur APMC,2683.26,kishunpur,Bahraich
Uttar Pradesh,Wheat,2024,12,2024-12-01,Konch APMC,2754.36,konch,Jalaun
Uttar Pradesh,Wheat,2024,12,2024-12-01,Kopaganj APMC,2780.0,kopaganj,
Uttar Pradesh,Wheat,2024,12,2024-12-01,Kosikalan APMC,2849.12,kosikalan,Mathura
Uttar Pradesh,Wheat,2024,12,2024-12-01,Kurara APMC,2569.92,kurara,Hamirpur
Uttar Pradesh,Wheat,2024,12,2024-12-01,Lakhimpur APMC,2775.84,lakhimpur,Lalitpur
Uttar Pradesh,Wheat,2024,12,2024-12-01,Lalganj APMC,2678.68,lalganj,Rae Bareli
Uttar Pradesh,Wheat,2024,12,2024-12-01,Lalitpur APMC,2741.91,lalitpur,Lalitpur
Uttar Pradesh,Wheat,2024,12,2024-12-01,Lediyari APMC,2457.63,lediyari,Prayagraj
Uttar Pradesh,Wheat,2024,12,2024-12-01,Lucknow APMC,2807.26,lucknow,Lucknow
Uttar Pradesh,Wheat,2024,12,2024-12-01,Madhoganj APMC,2726.24,madhoganj,Hardoi
Uttar Pradesh,Wheat,2024,12,2024-12-01,Madhogarh APMC,2762.9,madhogarh,Jalaun
Uttar Pradesh,Wheat,2024,12,2024-12-01,Mahoba APMC,2743.1,mahoba,Mahoba
Uttar Pradesh,Wheat,2024,12,2024-12-01,Maigalganj APMC,2931.69,maigalganj,Gorakhpur
Uttar Pradesh,Wheat,2024,12,2024-12-01,Mainpuri APMC,2781.8,mainpuri,Mainpuri
Uttar Pradesh,Wheat,2024,12,2024-12-01,Manjhanpur APMC,2761.75,manjhanpur,Kaushambi
Uttar Pradesh,Wheat,2024,12,2024-12-01,Mathura APMC,2834.58,mathura,Mathura
Uttar Pradesh,Wheat,2024,12,2024-12-01,Maudaha APMC,,maudaha,Hamirpur
Uttar Pradesh,Wheat,2024,12,2024-12-01,Mauranipur APMC,2722.84,mauranipur,Jhansi
Uttar Pradesh,Wheat,2024,12,2024-12-01,Meerut APMC,2814.91,meerut,Meerut
Uttar Pradesh,Wheat,2024,12,2024-12-01,Mehmoodabad APMC,2710.83,mehmoodabad,Sitapur
Uttar Pradesh,Wheat,2024,12,2024-12-01,Mehrauni APMC,2573.21,mehrauni,Lalitpur
Uttar Pradesh,Wheat,2024,12,2024-12-01,Milak APMC,,milak,Rampur
Uttar Pradesh,Wheat,2024,12,2024-12-01,Mirzapur APMC,2789.03,mirzapur,Mirzapur
Uttar Pradesh,Wheat,2024,12,2024-12-01,Mohamadabad APMC,2759.79,mohamadabad,Farrukhabad
Uttar Pradesh,Wheat,2024,12,2024-12-01,Mohammdi APMC,2768.54,mohammdi,Kheri
Uttar Pradesh,Wheat,2024,12,2024-12-01,Moth APMC,2777.52,moth,Jhansi
Uttar Pradesh,Wheat,2024,12,2024-12-01,Mugrabaadshahpur APMC,2811.14,mugrabaadshahpur,Jaunpur
Uttar Pradesh,Wheat,2024,12,2024-12-01,Muradabad APMC,2799.04,muradabad,Sambhal
Uttar Pradesh,Wheat,2024,12,2024-12-01,Muradnagar APMC,2840.0,muradnagar,Ghaziabad
Uttar Pradesh,Wheat,2024,12,2024-12-01,Muskara APMC,,muskara,Mahoba
Uttar Pradesh,Wheat,2024,12,2024-12-01,Muzzafarnagar APMC,2806.97,muzzafarnagar,Muzaffarnagar
Uttar Pradesh,Wheat,2024,12,2024-12-01,Naanpara APMC,2278.57,naanpara,Bahraich
Uttar Pradesh,Wheat,2024,12,2024-12-01,Naugarh APMC,2759.89,naugarh,Siddharthnagar
Uttar Pradesh,Wheat,2024,12,2024-12-01,Nautnava APMC,,nautnava,Maharajganj
Uttar Pradesh,Wheat,2024,12,2024-12-01,Nawabganj APMC,2794.23,nawabganj,Gonda
Uttar Pradesh,Wheat,2024,12,2024-12-01,Orai APMC,2791.5,orai,Jalaun
Uttar Pradesh,Wheat,2024,12,2024-12-01,Paliakala APMC,2725.31,paliakala,Kheri
Uttar Pradesh,Wheat,2024,12,2024-12-01,Panchpedwa APMC,2801.45,panchpedwa,Balrampur
Uttar Pradesh,Wheat,2024,12,2024-12-01,Partaval APMC,2724.85,partaval,Mahrajganj
Uttar Pradesh,Wheat,2024,12,2024-12-01,Pilibhit APMC,2774.52,pilibhit,Pilibhit
Uttar Pradesh,Wheat,2024,12,2024-12-01,Powayan APMC,2759.77,powayan,Shahjahanpur
Uttar Pradesh,Wheat,2024,12,2024-12-01,Pratapgarh APMC,2770.57,pratapgarh,Pratapgarh
Uttar Pradesh,Wheat,2024,12,2024-12-01,Prayagraj APMC,2767.76,prayagraj,Prayagraj
Uttar Pradesh,Wheat,2024,12,2024-12-01,Pukharayan APMC,2784.36,pukharayan,Kanpur Dehat
Uttar Pradesh,Wheat,2024,12,2024-12-01,Puranpur APMC,2773.47,puranpur,Pilibhit
Uttar Pradesh,Wheat,2024,12,2024-12-01,Purwa APMC,2740.85,purwa,Unnao
Uttar Pradesh,Wheat,2024,12,2024-12-01,Raibareilly APMC,2673.5,raibareilly,Rae Bareli
Uttar Pradesh,Wheat,2024,12,2024-12-01,Rampur APMC,2794.72,rampur,Rampur
Uttar Pradesh,Wheat,2024,12,2024-12-01,Rasda APMC,2758.39,rasda,Ballia
Uttar Pradesh,Wheat,2024,12,2024-12-01,Robertsganj APMC,2781.94,robertsganj,Sonbhadra
Uttar Pradesh,Wheat,2024,12,2024-12-01,Rudauli APMC,2800.0,rudauli,Ayodhya
Uttar Pradesh,Wheat,2024,12,2024-12-01,Rura APMC,2300.0,rura,Kanpur Dehat
Uttar Pradesh,Wheat,2024,12,2024-12-01,Safdarganj APMC,2753.07,safdarganj,Barabanki
Uttar Pradesh,Wheat,2024,12,2024-12-01,Saharanpur APMC,2814.88,saharanpur,Saharanpur
Uttar Pradesh,Wheat,2024,12,2024-12-01,Sahiyapur APMC,2807.68,sahiyapur,Siddharthnagar
Uttar Pradesh,Wheat,2024,12,2024-12-01,Salon APMC,2688.56,salon,Rae Bareli
Uttar Pradesh,Wheat,2024,12,2024-12-01,Samsabad APMC,2800.0,samsabad,Agra
Uttar Pradesh,Wheat,2024,12,2024-12-01,Sandi APMC,2724.33,sandi,Hardoi
Uttar Pradesh,Wheat,2024,12,2024-12-01,Sandila APMC,2731.49,sandila,Hardoi
Uttar Pradesh,Wheat,2024,12,2024-12-01,Sehjanwa APMC,,sehjanwa,Gorakhpur
Uttar Pradesh,Wheat,2024,12,2024-12-01,Shahabad APMC,,shahabad,Hardoi
Uttar Pradesh,Wheat,2024,12,2024-12-01,Shahabad(New Mandi) APMC,2729.03,shahabad(new mandi),Hardoi
Uttar Pradesh,Wheat,2024,12,2024-12-01,Shahaswan APMC,2820.0,shahaswan,Badaun
Uttar Pradesh,Wheat,2024,12,2024-12-01,Shahganj APMC,2793.99,shahganj,Jaunpur
Uttar Pradesh,Wheat,2024,12,2024-12-01,Shahjahanpur APMC,2785.21,shahjahanpur,Shahjahanpur
Uttar Pradesh,Wheat,2024,12,2024-12-01,Shahpur APMC,2429.77,shahpur,Muzaffarnagar
Uttar Pradesh,Wheat,2024,12,2024-12-01,Shamli APMC,2815.87,shamli,Shamli
Uttar Pradesh,Wheat,2024,12,2024-12-01,Sikandraraau APMC,2760.98,sikandraraau,Hathras
Uttar Pradesh,Wheat,2024,12,2024-12-01,Sikarpur APMC,2452.61,sikarpur,Bulandshahar
Uttar Pradesh,Wheat,2024,12,2024-12-01,Sirsa APMC,,sirsa,Gautam Buddha Nagar
Uttar Pradesh,Wheat,2024,12,2024-12-01,Sitapur APMC,2735.66,sitapur,Sitapur
Uttar Pradesh,Wheat,2024,12,2024-12-01,Siyana APMC,2772.69,siyana,Bulandshahar
Uttar Pradesh,Wheat,2024,12,2024-12-01,Sultanpur APMC,2775.56,sultanpur,Amethi
Uttar Pradesh,Wheat,2024,12,2024-12-01,Tamkuhi road APMC,,tamkuhi road,Kushinagar
Uttar Pradesh,Wheat,2024,12,2024-12-01,Tilhar APMC,2742.08,tilhar,Shahjahanpur
Uttar Pradesh,Wheat,2024,12,2024-12-01,Tulsipur APMC,2768.4,tulsipur,Balrampur
Uttar Pradesh,Wheat,2024,12,2024-12-01,Tundla APMC,2891.66,tundla,Firozabad
Uttar Pradesh,Wheat,2024,12,2024-12-01,Ujhani APMC,2747.66,ujhani,Budaun
Uttar Pradesh,Wheat,2024,12,2024-12-01,Unnao APMC,2734.05,unnao,Unnao
Uttar Pradesh,Wheat,2024,12,2024-12-01,Uttaripura APMC,2766.31,uttaripura,Jaunpur
Uttar Pradesh,Wheat,2024,12,2024-12-01,Varanasi APMC,2837.25,varanasi,Varanasi
Uttar Pradesh,Wheat,2024,12,2024-12-01,Vilthararoad APMC,2694.44,vilthararoad,Ballia
Uttar Pradesh,Wheat,2024,12,2024-12-01,Viswan APMC,2718.61,viswan,Sitapur
Uttar Pradesh,Wheat,2024,12,2024-12-01,Wazirganj APMC,2705.09,wazirganj,Budaun
Uttar Pradesh,Wheat,2025,1,2025-01-01,Achalda APMC,2955.66,achalda,Auraiya
Uttar Pradesh,Wheat,2025,1,2025-01-01,Achnera APMC,3002.25,achnera,Agra
Uttar Pradesh,Wheat,2025,1,2025-01-01,Agra APMC,3037.06,agra,Agra
Uttar Pradesh,Wheat,2025,1,2025-01-01,Ahirora APMC,,ahirora,Mirzapur
Uttar Pradesh,Wheat,2025,1,2025-01-01,Ait APMC,2986.72,ait,Jalaun
Uttar Pradesh,Wheat,2025,1,2025-01-01,Ajuha APMC,2831.58,ajuha,Prayagraj
Uttar Pradesh,Wheat,2025,1,2025-01-01,Akbarpur APMC,2804.83,akbarpur,Ambedkarnagar
Uttar Pradesh,Wheat,2025,1,2025-01-01,Aliganj APMC,2751.19,aliganj,Etah
Uttar Pradesh,Wheat,2025,1,2025-01-01,Aligarh APMC,2938.59,aligarh,Aligarh
Uttar Pradesh,Wheat,2025,1,2025-01-01,Amroha APMC,2836.96,amroha,Amroha
Uttar Pradesh,Wheat,2025,1,2025-01-01,Anandnagar APMC,2351.82,anandnagar,Mahrajganj
Uttar Pradesh,Wheat,2025,1,2025-01-01,Atarra APMC,2750.65,atarra,Banda
Uttar Pradesh,Wheat,2025,1,2025-01-01,Atrauli APMC,2750.0,atrauli,Aligarh
Uttar Pradesh,Wheat,2025,1,2025-01-01,Auraiya APMC,2953.57,auraiya,Auraiya
Uttar Pradesh,Wheat,2025,1,2025-01-01,Ayodhya APMC,2838.87,ayodhya,Ayodhya
Uttar Pradesh,Wheat,2025,1,2025-01-01,Azamgarh APMC,2871.66,azamgarh,Azamgarh
Uttar Pradesh,Wheat,2025,1,2025-01-01,Baberu APMC,,baberu,Banda
Uttar Pradesh,Wheat,2025,1,2025-01-01,Babrala APMC,2980.0,babrala,Budaun
Uttar Pradesh,Wheat,2025,1,2025-01-01,Bachranwa APMC,2703.12,bachranwa,Rae Bareli
Uttar Pradesh,Wheat,2025,1,2025-01-01,Badayoun APMC,2882.64,badayoun,Budaun
Uttar Pradesh,Wheat,2025,1,2025-01-01,Bahraich APMC,2835.88,bahraich,Bahraich
Uttar Pradesh,Wheat,2025,1,2025-01-01,Ballia APMC,2869.09,ballia,Ballia
Uttar Pradesh,Wheat,2025,1,2025-01-01,Balrampur APMC,2861.96,balrampur,Balrampur
Uttar Pradesh,Wheat,2025,1,2025-01-01,Banda APMC,2824.35,banda,Banda
Uttar Pradesh,Wheat,2025,1,2025-01-01,Bangarmau APMC,2764.33,bangarmau,Unnao
Uttar Pradesh,Wheat,2025,1,2025-01-01,Bansi APMC,,bansi,Siddharthnagar
Uttar Pradesh,Wheat,2025,1,2025-01-01,Banthara APMC,2931.95,banthara,Lucknow
Uttar Pradesh,Wheat,2025,1,2025-01-01,Barabanki APMC,2873.92,barabanki,Bara Banki
Uttar Pradesh,Wheat,2025,1,2025-01-01,Baraut APMC,2883.52,baraut,Baghpat
Uttar Pradesh,Wheat,2025,1,2025-01-01,Bareilly APMC,2795.81,bareilly,Bareilly
Uttar Pradesh,Wheat,2025,1,2025-01-01,Barhaj APMC,,barhaj,Deoria
Uttar Pradesh,Wheat,2025,1,2025-01-01,Baripaal APMC,2766.32,baripaal,Jaunpur
Uttar Pradesh,Wheat,2025,1,2025-01-01,Basti APMC,2827.53,basti,Basti
Uttar Pradesh,Wheat,2025,1,2025-01-01,Bewar APMC,2681.36,bewar,Mainpuri
Uttar Pradesh,Wheat,2025,1,2025-01-01,Bharthna APMC,2855.4,bharthna,Etawah
Uttar Pradesh,Wheat,2025,1,2025-01-01,Bharuasumerpur APMC,2923.64,bharuasumerpur,Hamirpur
Uttar Pradesh,Wheat,2025,1,2025-01-01,Bharwari APMC,2835.9,bharwari,Kaushambi
Uttar Pradesh,Wheat,2025,1,2025-01-01,Bhehjoi APMC,2656.3,bhehjoi,Sambhal
Uttar Pradesh,Wheat,2025,1,2025-01-01,Bhinga APMC,2852.94,bhinga,Shravasti
Uttar Pradesh,Wheat,2025,1,2025-01-01,Bijnaur APMC,2827.5,bijnaur,Bijnor
Uttar Pradesh,Wheat,2025,1,2025-01-01,Bilsi APMC,2761.3,bilsi,Budaun
Uttar Pradesh,Wheat,2025,1,2025-01-01,Bindki APMC,2873.59,bindki,Fatehpur
Uttar Pradesh,Wheat,2025,1,2025-01-01,Bishalpur APMC,2789.69,bishalpur,Pilibhit
Uttar Pradesh,Wheat,2025,1,2025-01-01,Bisoli APMC,2800.0,bisoli,Badaun
Uttar Pradesh,Wheat,2025,1,2025-01-01,Buland Shahr APMC,2916.29,buland shahr,Bulandshahr
Uttar Pradesh,Wheat,2025,1,2025-01-01,Chandausi APMC,2856.26,chandausi,Sambhal
Uttar Pradesh,Wheat,2025,1,2025-01-01,Chandoli APMC,2885.28,chandoli,Chandauli
Uttar Pradesh,Wheat,2025,1,2025-01-01,Charkhari APMC,2767.65,charkhari,Mahoba
Uttar Pradesh,Wheat,2025,1,2025-01-01,Charra APMC,2845.74,charra,Aligarh
Uttar Pradesh,Wheat,2025,1,2025-01-01,Chhibramau APMC,2831.96,chhibramau,Kannauj
Uttar Pradesh,Wheat,2025,1,2025-01-01,Chorichora APMC,2405.26,chorichora,Gorakhpur
Uttar Pradesh,Wheat,2025,1,2025-01-01,Choubepur APMC,2863.94,choubepur,Jaunpur
Uttar Pradesh,Wheat,2025,1,2025-01-01,Colonelganj APMC,2850.0,colonelganj,Gonda
Uttar Pradesh,Wheat,2025,1,2025-01-01,DADRI APMC,2861.12,dadri,Gautam Buddha Nagar
Uttar Pradesh,Wheat,2025,1,2025-01-01,Dankaur APMC,2903.75,dankaur,Gautam Buddha Nagar
Uttar Pradesh,Wheat,2025,1,2025-01-01,Deoband APMC,,deoband,Saharanpur
Uttar Pradesh,Wheat,2025,1,2025-01-01,Devariya APMC,2801.14,devariya,Deoria
Uttar Pradesh,Wheat,2025,1,2025-01-01,Dhanaura APMC,2290.89,dhanaura,Amroha
Uttar Pradesh,Wheat,2025,1,2025-01-01,Dibiapur APMC,2850.0,dibiapur,Auraiya
Uttar Pradesh,Wheat,2025,1,2025-01-01,Divai APMC,2676.47,divai,Bulandshahar
Uttar Pradesh,Wheat,2025,1,2025-01-01,Doharighat APMC,,doharighat,Azamgarh
Uttar Pradesh,Wheat,2025,1,2025-01-01,Dudhi APMC,2400.0,dudhi,Sonbhadra
Uttar Pradesh,Wheat,2025,1,2025-01-01,Etah APMC,2829.28,etah,Etah
Uttar Pradesh,Wheat,2025,1,2025-01-01,Etawah APMC,2865.06,etawah,Etawah
Uttar Pradesh,Wheat,2025,1,2025-01-01,Farukhabad APMC,2775.9,farukhabad,Farrukhabad
Uttar Pradesh,Wheat,2025,1,2025-01-01,Fatehpur APMC,2838.15,fatehpur,Fatehpur
Uttar Pradesh,Wheat,2025,1,2025-01-01,Fatehpur Sikri APMC,2970.63,fatehpur sikri,Agra
Uttar Pradesh,Wheat,2025,1,2025-01-01,Firozabad APMC,3062.83,firozabad,Firozabad
Uttar Pradesh,Wheat,2025,1,2025-01-01,Gazipur APMC,2885.33,gazipur,Azamgarh
Uttar Pradesh,Wheat,2025,1,2025-01-01,Ghaziabad APMC,2881.41,ghaziabad,Ghaziabad
Uttar Pradesh,Wheat,2025,1,2025-01-01,Ghiraur APMC,2913.31,ghiraur,Mainpuri
Uttar Pradesh,Wheat,2025,1,2025-01-01,Golagokarnath APMC,2861.99,golagokarnath,Lalitpur
Uttar Pradesh,Wheat,2025,1,2025-01-01,Gonda APMC,2958.05,gonda,Gonda
Uttar Pradesh,Wheat,2025,1,2025-01-01,Gopiganj APMC,2488.64,gopiganj,Bhadohi
Uttar Pradesh,Wheat,2025,1,2025-01-01,Gorakhpur APMC,2789.44,gorakhpur,Gorakhpur
Uttar Pradesh,Wheat,2025,1,2025-01-01,Gurusarai APMC,2924.02,gurusarai,Jhansi
Uttar Pradesh,Wheat,2025,1,2025-01-01,Haathras APMC,2945.89,haathras,Hathras
Uttar Pradesh,Wheat,2025,1,2025-01-01,Hapur APMC,2984.16,hapur,Ghaziabad
Uttar Pradesh,Wheat,2025,1,2025-01-01,Hardoi APMC,2797.23,hardoi,Hardoi
Uttar Pradesh,Wheat,2025,1,2025-01-01,Hargaon (Laharpur) APMC,2750.09,hargaon (laharpur),Sitapur
Uttar Pradesh,Wheat,2025,1,2025-01-01,Jafarganj APMC,2825.73,jafarganj,Amethi
Uttar Pradesh,Wheat,2025,1,2025-01-01,Jagnair APMC,2824.86,jagnair,Agra
Uttar Pradesh,Wheat,2025,1,2025-01-01,Jahanabad APMC,2303.44,jahanabad,Fatehpur
Uttar Pradesh,Wheat,2025,1,2025-01-01,Jahangirabad APMC,2906.88,jahangirabad,Bulandshahar
Uttar Pradesh,Wheat,2025,1,2025-01-01,Jalalabad APMC,2836.4,jalalabad,Bijnor
Uttar Pradesh,Wheat,2025,1,2025-01-01,Jalaun APMC,2887.28,jalaun,Jalaun
Uttar Pradesh,Wheat,2025,1,2025-01-01,Jasra APMC,2875.0,jasra,Prayagraj
Uttar Pradesh,Wheat,2025,1,2025-01-01,Jasvantnagar APMC,2865.77,jasvantnagar,Etawah
Uttar Pradesh,Wheat,2025,1,2025-01-01,Jaunpur APMC,2897.05,jaunpur,Jaunpur
Uttar Pradesh,Wheat,2025,1,2025-01-01,Jayas APMC,2826.64,jayas,Rae Bareli
Uttar Pradesh,Wheat,2025,1,2025-01-01,Jhansi APMC,,jhansi,Jhansi
Uttar Pradesh,Wheat,2025,1,2025-01-01,Jhansi Grain APMC,2878.68,jhansi grain,Jhansi
Uttar Pradesh,Wheat,2025,1,2025-01-01,Jhijhank APMC,,jhijhank,Kanpur Dehat
Uttar Pradesh,Wheat,2025,1,2025-01-01,Kadaura APMC,,kadaura,Jalaun
Uttar Pradesh,Wheat,2025,1,2025-01-01,Kamlaganj APMC,2832.19,kamlaganj,Farrukhabad
Uttar Pradesh,Wheat,2025,1,2025-01-01,Kannauj APMC,2817.0,kannauj,Kannauj
Uttar Pradesh,Wheat,2025,1,2025-01-01,Kanpur(Grain) APMC,2854.08,kanpur(grain),Jaunpur
Uttar Pradesh,Wheat,2025,1,2025-01-01,Karvi APMC,2868.97,karvi,Chitrakoot
Uttar Pradesh,Wheat,2025,1,2025-01-01,Kasganj APMC,2804.99,kasganj,Kasganj
Uttar Pradesh,Wheat,2025,1,2025-01-01,Kayamganj APMC,2872.73,kayamganj,Farrukhabad
Uttar Pradesh,Wheat,2025,1,2025-01-01,Khaga APMC,2905.84,khaga,Fatehpur
Uttar Pradesh,Wheat,2025,1,2025-01-01,Khair APMC,2804.05,khair,Aligarh
Uttar Pradesh,Wheat,2025,1,2025-01-01,Khairagarh APMC,2815.18,khairagarh,Agra
Uttar Pradesh,Wheat,2025,1,2025-01-01,Khurja APMC,2907.39,khurja,Bulandshahr
Uttar Pradesh,Wheat,2025,1,2025-01-01,Kishunpur APMC,2778.72,kishunpur,Bahraich
Uttar Pradesh,Wheat,2025,1,2025-01-01,Konch APMC,2855.93,konch,Jalaun
Uttar Pradesh,Wheat,2025,1,2025-01-01,Kopaganj APMC,2880.91,kopaganj,
Uttar Pradesh,Wheat,2025,1,2025-01-01,Kosikalan APMC,3005.03,kosikalan,Mathura
Uttar Pradesh,Wheat,2025,1,2025-01-01,Kurara APMC,2717.05,kurara,Hamirpur
Uttar Pradesh,Wheat,2025,1,2025-01-01,Lakhimpur APMC,2865.87,lakhimpur,Lalitpur
Uttar Pradesh,Wheat,2025,1,2025-01-01,Lalganj APMC,2707.78,lalganj,Rae Bareli
Uttar Pradesh,Wheat,2025,1,2025-01-01,Lalitpur APMC,2953.07,lalitpur,Lalitpur
Uttar Pradesh,Wheat,2025,1,2025-01-01,Lediyari APMC,2695.68,lediyari,Prayagraj
Uttar Pradesh,Wheat,2025,1,2025-01-01,Lucknow APMC,2885.8,lucknow,Lucknow
Uttar Pradesh,Wheat,2025,1,2025-01-01,Madhoganj APMC,2767.04,madhoganj,Hardoi
Uttar Pradesh,Wheat,2025,1,2025-01-01,Madhogarh APMC,2878.93,madhogarh,Jalaun
Uttar Pradesh,Wheat,2025,1,2025-01-01,Mahoba APMC,2836.62,mahoba,Mahoba
Uttar Pradesh,Wheat,2025,1,2025-01-01,Maigalganj APMC,,maigalganj,Gorakhpur
Uttar Pradesh,Wheat,2025,1,2025-01-01,Mainpuri APMC,2886.17,mainpuri,Mainpuri
Uttar Pradesh,Wheat,2025,1,2025-01-01,Manjhanpur APMC,2823.0,manjhanpur,Kaushambi
Uttar Pradesh,Wheat,2025,1,2025-01-01,Mathura APMC,2966.39,mathura,Mathura
Uttar Pradesh,Wheat,2025,1,2025-01-01,Maudaha APMC,,maudaha,Hamirpur
Uttar Pradesh,Wheat,2025,1,2025-01-01,Mauranipur APMC,2907.0,mauranipur,Jhansi
Uttar Pradesh,Wheat,2025,1,2025-01-01,Meerut APMC,2900.32,meerut,Meerut
Uttar Pradesh,Wheat,2025,1,2025-01-01,Mehmoodabad APMC,2764.76,mehmoodabad,Sitapur
Uttar Pradesh,Wheat,2025,1,2025-01-01,Mehrauni APMC,2628.35,mehrauni,Lalitpur
Uttar Pradesh,Wheat,2025,1,2025-01-01,Milak APMC,2844.54,milak,Rampur
Uttar Pradesh,Wheat,2025,1,2025-01-01,Mirzapur APMC,2904.18,mirzapur,Mirzapur
Uttar Pradesh,Wheat,2025,1,2025-01-01,Mohamadabad APMC,2835.68,mohamadabad,Farrukhabad
Uttar Pradesh,Wheat,2025,1,2025-01-01,Mohammdi APMC,2860.1,mohammdi,Kheri
Uttar Pradesh,Wheat,2025,1,2025-01-01,Moth APMC,2916.76,moth,Jhansi
Uttar Pradesh,Wheat,2025,1,2025-01-01,Mugrabaadshahpur APMC,2894.73,mugrabaadshahpur,Jaunpur
Uttar Pradesh,Wheat,2025,1,2025-01-01,Muradabad APMC,2835.34,muradabad,Sambhal
Uttar Pradesh,Wheat,2025,1,2025-01-01,Muradnagar APMC,2960.0,muradnagar,Ghaziabad
Uttar Pradesh,Wheat,2025,1,2025-01-01,Muskara APMC,2800.0,muskara,Mahoba
Uttar Pradesh,Wheat,2025,1,2025-01-01,Muzzafarnagar APMC,2850.82,muzzafarnagar,Muzaffarnagar
Uttar Pradesh,Wheat,2025,1,2025-01-01,Naanpara APMC,2440.35,naanpara,Bahraich
Uttar Pradesh,Wheat,2025,1,2025-01-01,Naugarh APMC,2830.2,naugarh,Siddharthnagar
Uttar Pradesh,Wheat,2025,1,2025-01-01,Nautnava APMC,,nautnava,Maharajganj
Uttar Pradesh,Wheat,2025,1,2025-01-01,Nawabganj APMC,2881.15,nawabganj,Gonda
Uttar Pradesh,Wheat,2025,1,2025-01-01,Noida APMC,2953.29,noida,Gautam Buddha Nagar
Uttar Pradesh,Wheat,2025,1,2025-01-01,Orai APMC,2887.2,orai,Jalaun
Uttar Pradesh,Wheat,2025,1,2025-01-01,Paliakala APMC,2703.9,paliakala,Kheri
Uttar Pradesh,Wheat,2025,1,2025-01-01,Panchpedwa APMC,2784.95,panchpedwa,Balrampur
Uttar Pradesh,Wheat,2025,1,2025-01-01,Partaval APMC,2770.85,partaval,Mahrajganj
Uttar Pradesh,Wheat,2025,1,2025-01-01,Pilibhit APMC,2782.81,pilibhit,Pilibhit
Uttar Pradesh,Wheat,2025,1,2025-01-01,Powayan APMC,2794.7,powayan,Shahjahanpur
Uttar Pradesh,Wheat,2025,1,2025-01-01,Pratapgarh APMC,2828.02,pratapgarh,Pratapgarh
Uttar Pradesh,Wheat,2025,1,2025-01-01,Prayagraj APMC,2823.78,prayagraj,Prayagraj
Uttar Pradesh,Wheat,2025,1,2025-01-01,Pukharayan APMC,2841.0,pukharayan,Kanpur Dehat
Uttar Pradesh,Wheat,2025,1,2025-01-01,Puranpur APMC,2655.98,puranpur,Pilibhit
Uttar Pradesh,Wheat,2025,1,2025-01-01,Purwa APMC,2778.02,purwa,Unnao
Uttar Pradesh,Wheat,2025,1,2025-01-01,Raibareilly APMC,2702.04,raibareilly,Rae Bareli
Uttar Pradesh,Wheat,2025,1,2025-01-01,Rampur APMC,2828.54,rampur,Rampur
Uttar Pradesh,Wheat,2025,1,2025-01-01,Rampurmaniharan APMC,2850.0,rampurmaniharan,Saharanpur
Uttar Pradesh,Wheat,2025,1,2025-01-01,Rasda APMC,2842.7,rasda,Ballia
Uttar Pradesh,Wheat,2025,1,2025-01-01,Robertsganj APMC,2876.07,robertsganj,Sonbhadra
Uttar Pradesh,Wheat,2025,1,2025-01-01,Rudauli APMC,2800.77,rudauli,Ayodhya
Uttar Pradesh,Wheat,2025,1,2025-01-01,Rura APMC,,rura,Kanpur Dehat
Uttar Pradesh,Wheat,2025,1,2025-01-01,Safdarganj APMC,2827.22,safdarganj,Barabanki
Uttar Pradesh,Wheat,2025,1,2025-01-01,Saharanpur APMC,2904.58,saharanpur,Saharanpur
Uttar Pradesh,Wheat,2025,1,2025-01-01,Sahiyapur APMC,2804.76,sahiyapur,Siddharthnagar
Uttar Pradesh,Wheat,2025,1,2025-01-01,Salon APMC,2711.61,salon,Rae Bareli
Uttar Pradesh,Wheat,2025,1,2025-01-01,Samsabad APMC,2900.0,samsabad,Agra
Uttar Pradesh,Wheat,2025,1,2025-01-01,Sandi APMC,2766.88,sandi,Hardoi
Uttar Pradesh,Wheat,2025,1,2025-01-01,Sandila APMC,2790.46,sandila,Hardoi
Uttar Pradesh,Wheat,2025,1,2025-01-01,Shahabad(New Mandi) APMC,2764.44,shahabad(new mandi),Hardoi
Uttar Pradesh,Wheat,2025,1,2025-01-01,Shahaswan APMC,,shahaswan,Badaun
Uttar Pradesh,Wheat,2025,1,2025-01-01,Shahganj APMC,2882.81,shahganj,Jaunpur
Uttar Pradesh,Wheat,2025,1,2025-01-01,Shahjahanpur APMC,2807.04,shahjahanpur,Shahjahanpur
Uttar Pradesh,Wheat,2025,1,2025-01-01,Shahpur APMC,2382.56,shahpur,Muzaffarnagar
Uttar Pradesh,Wheat,2025,1,2025-01-01,Shamli APMC,2885.77,shamli,Shamli
Uttar Pradesh,Wheat,2025,1,2025-01-01,Shikohabad APMC,,shikohabad,Firozabad
Uttar Pradesh,Wheat,2025,1,2025-01-01,Sikandraraau APMC,2886.7,sikandraraau,Hathras
Uttar Pradesh,Wheat,2025,1,2025-01-01,Sikarpur APMC,2792.31,sikarpur,Bulandshahar
Uttar Pradesh,Wheat,2025,1,2025-01-01,Sirsa APMC,2922.95,sirsa,Gautam Buddha Nagar
Uttar Pradesh,Wheat,2025,1,2025-01-01,Sitapur APMC,2774.82,sitapur,Sitapur
Uttar Pradesh,Wheat,2025,1,2025-01-01,Siyana APMC,2900.0,siyana,Bulandshahar
Uttar Pradesh,Wheat,2025,1,2025-01-01,Sultanpur APMC,2807.95,sultanpur,Amethi
Uttar Pradesh,Wheat,2025,1,2025-01-01,Tamkuhi road APMC,,tamkuhi road,Kushinagar
Uttar Pradesh,Wheat,2025,1,2025-01-01,Tilhar APMC,2775.47,tilhar,Shahjahanpur
Uttar Pradesh,Wheat,2025,1,2025-01-01,Tulsipur APMC,2819.95,tulsipur,Balrampur
Uttar Pradesh,Wheat,2025,1,2025-01-01,Tundla APMC,3032.57,tundla,Firozabad
Uttar Pradesh,Wheat,2025,1,2025-01-01,Ujhani APMC,2763.7,ujhani,Budaun
Uttar Pradesh,Wheat,2025,1,2025-01-01,Unnao APMC,2761.71,unnao,Unnao
Uttar Pradesh,Wheat,2025,1,2025-01-01,Uttaripura APMC,2870.67,uttaripura,Jaunpur
Uttar Pradesh,Wheat,2025,1,2025-01-01,Varanasi APMC,2903.32,varanasi,Varanasi
Uttar Pradesh,Wheat,2025,1,2025-01-01,Vilthararoad APMC,2795.24,vilthararoad,Ballia
Uttar Pradesh,Wheat,2025,1,2025-01-01,Viswan APMC,2762.14,viswan,Sitapur
Uttar Pradesh,Wheat,2025,1,2025-01-01,Wazirganj APMC,2834.58,wazirganj,Budaun
Uttar Pradesh,Wheat,2025,2,2025-02-01,Achalda APMC,2908.34,achalda,Auraiya
Uttar Pradesh,Wheat,2025,2,2025-02-01,Achnera APMC,2973.88,achnera,Agra
Uttar Pradesh,Wheat,2025,2,2025-02-01,Agra APMC,2991.75,agra,Agra
Uttar Pradesh,Wheat,2025,2,2025-02-01,Ahirora APMC,,ahirora,Mirzapur
Uttar Pradesh,Wheat,2025,2,2025-02-01,Ait APMC,2948.25,ait,Jalaun
Uttar Pradesh,Wheat,2025,2,2025-02-01,Ajuha APMC,2849.59,ajuha,Prayagraj
Uttar Pradesh,Wheat,2025,2,2025-02-01,Akbarpur APMC,2708.78,akbarpur,Ambedkarnagar
Uttar Pradesh,Wheat,2025,2,2025-02-01,Aliganj APMC,2719.5,aliganj,Etah
Uttar Pradesh,Wheat,2025,2,2025-02-01,Aligarh APMC,2909.38,aligarh,Aligarh
Uttar Pradesh,Wheat,2025,2,2025-02-01,Amroha APMC,2925.5,amroha,Amroha
Uttar Pradesh,Wheat,2025,2,2025-02-01,Anandnagar APMC,2350.0,anandnagar,Mahrajganj
Uttar Pradesh,Wheat,2025,2,2025-02-01,Anoop Shahar APMC,,anoop shahar,Bulandshahr
Uttar Pradesh,Wheat,2025,2,2025-02-01,Atarra APMC,2807.29,atarra,Banda
Uttar Pradesh,Wheat,2025,2,2025-02-01,Atrauli APMC,2804.55,atrauli,Aligarh
Uttar Pradesh,Wheat,2025,2,2025-02-01,Auraiya APMC,2923.75,auraiya,Auraiya
Uttar Pradesh,Wheat,2025,2,2025-02-01,Ayodhya APMC,2835.18,ayodhya,Ayodhya
Uttar Pradesh,Wheat,2025,2,2025-02-01,Azamgarh APMC,2893.29,azamgarh,Azamgarh
Uttar Pradesh,Wheat,2025,2,2025-02-01,Baberu APMC,,baberu,Banda
Uttar Pradesh,Wheat,2025,2,2025-02-01,Babrala APMC,2766.92,babrala,Budaun
Uttar Pradesh,Wheat,2025,2,2025-02-01,Bachranwa APMC,2781.63,bachranwa,Rae Bareli
Uttar Pradesh,Wheat,2025,2,2025-02-01,Badayoun APMC,2930.14,badayoun,Budaun
Uttar Pradesh,Wheat,2025,2,2025-02-01,Baheri APMC,,baheri,Bareilly
Uttar Pradesh,Wheat,2025,2,2025-02-01,Bahraich APMC,2840.29,bahraich,Bahraich
Uttar Pradesh,Wheat,2025,2,2025-02-01,Ballia APMC,2901.98,ballia,Ballia
Uttar Pradesh,Wheat,2025,2,2025-02-01,Balrampur APMC,2938.48,balrampur,Balrampur
Uttar Pradesh,Wheat,2025,2,2025-02-01,Banda APMC,2864.37,banda,Banda
Uttar Pradesh,Wheat,2025,2,2025-02-01,Bangarmau APMC,2846.23,bangarmau,Unnao
Uttar Pradesh,Wheat,2025,2,2025-02-01,Bansi APMC,,bansi,Siddharthnagar
Uttar Pradesh,Wheat,2025,2,2025-02-01,Banthara APMC,2948.9,banthara,Lucknow
Uttar Pradesh,Wheat,2025,2,2025-02-01,Barabanki APMC,2932.08,barabanki,Bara Banki
Uttar Pradesh,Wheat,2025,2,2025-02-01,Baraut APMC,2938.07,baraut,Baghpat
Uttar Pradesh,Wheat,2025,2,2025-02-01,Bareilly APMC,2769.88,bareilly,Bareilly
Uttar Pradesh,Wheat,2025,2,2025-02-01,Baripaal APMC,2773.85,baripaal,Jaunpur
Uttar Pradesh,Wheat,2025,2,2025-02-01,Basti APMC,2859.25,basti,Basti
Uttar Pradesh,Wheat,2025,2,2025-02-01,Bewar APMC,2698.12,bewar,Mainpuri
Uttar Pradesh,Wheat,2025,2,2025-02-01,Bharthna APMC,2916.15,bharthna,Etawah
Uttar Pradesh,Wheat,2025,2,2025-02-01,Bharuasumerpur APMC,2906.67,bharuasumerpur,Hamirpur
Uttar Pradesh,Wheat,2025,2,2025-02-01,Bharwari APMC,2872.0,bharwari,Kaushambi
Uttar Pradesh,Wheat,2025,2,2025-02-01,Bhehjoi APMC,2850.0,bhehjoi,Sambhal
Uttar Pradesh,Wheat,2025,2,2025-02-01,Bhinga APMC,2817.0,bhinga,Shravasti
Uttar Pradesh,Wheat,2025,2,2025-02-01,Bijnaur APMC,2924.72,bijnaur,Bijnor
Uttar Pradesh,Wheat,2025,2,2025-02-01,Bilsi APMC,2920.92,bilsi,Budaun
Uttar Pradesh,Wheat,2025,2,2025-02-01,Bindki APMC,2926.66,bindki,Fatehpur
Uttar Pradesh,Wheat,2025,2,2025-02-01,Bishalpur APMC,2908.63,bishalpur,Pilibhit
Uttar Pradesh,Wheat,2025,2,2025-02-01,Bisoli APMC,2334.89,bisoli,Badaun
Uttar Pradesh,Wheat,2025,2,2025-02-01,Buland Shahr APMC,2948.56,buland shahr,Bulandshahr
Uttar Pradesh,Wheat,2025,2,2025-02-01,Chandausi APMC,2900.0,chandausi,Sambhal
Uttar Pradesh,Wheat,2025,2,2025-02-01,Chandoli APMC,2937.87,chandoli,Chandauli
Uttar Pradesh,Wheat,2025,2,2025-02-01,Charkhari APMC,2798.64,charkhari,Mahoba
Uttar Pradesh,Wheat,2025,2,2025-02-01,Charra APMC,2874.0,charra,Aligarh
Uttar Pradesh,Wheat,2025,2,2025-02-01,Chhibramau APMC,2876.62,chhibramau,Kannauj
Uttar Pradesh,Wheat,2025,2,2025-02-01,Chirgaon APMC,2900.0,chirgaon,Jhansi
Uttar Pradesh,Wheat,2025,2,2025-02-01,Chorichora APMC,2543.83,chorichora,Gorakhpur
Uttar Pradesh,Wheat,2025,2,2025-02-01,Choubepur APMC,2929.81,choubepur,Jaunpur
Uttar Pradesh,Wheat,2025,2,2025-02-01,Colonelganj APMC,2930.0,colonelganj,Gonda
Uttar Pradesh,Wheat,2025,2,2025-02-01,DADRI APMC,2853.59,dadri,Gautam Buddha Nagar
Uttar Pradesh,Wheat,2025,2,2025-02-01,Dankaur APMC,2860.64,dankaur,Gautam Buddha Nagar
Uttar Pradesh,Wheat,2025,2,2025-02-01,Devariya APMC,2875.0,devariya,Deoria
Uttar Pradesh,Wheat,2025,2,2025-02-01,Dhanaura APMC,2290.0,dhanaura,Amroha
Uttar Pradesh,Wheat,2025,2,2025-02-01,Dibiapur APMC,2800.0,dibiapur,Auraiya
Uttar Pradesh,Wheat,2025,2,2025-02-01,Divai APMC,2664.29,divai,Bulandshahar
Uttar Pradesh,Wheat,2025,2,2025-02-01,Doharighat APMC,2910.0,doharighat,Azamgarh
Uttar Pradesh,Wheat,2025,2,2025-02-01,Dudhi APMC,2400.0,dudhi,Sonbhadra
Uttar Pradesh,Wheat,2025,2,2025-02-01,Etah APMC,2822.64,etah,Etah
Uttar Pradesh,Wheat,2025,2,2025-02-01,Etawah APMC,2918.45,etawah,Etawah
Uttar Pradesh,Wheat,2025,2,2025-02-01,Farukhabad APMC,2845.29,farukhabad,Farrukhabad
Uttar Pradesh,Wheat,2025,2,2025-02-01,Fatehpur APMC,2825.84,fatehpur,Fatehpur
Uttar Pradesh,Wheat,2025,2,2025-02-01,Fatehpur Sikri APMC,2993.57,fatehpur sikri,Agra
Uttar Pradesh,Wheat,2025,2,2025-02-01,Firozabad APMC,3038.54,firozabad,Firozabad
Uttar Pradesh,Wheat,2025,2,2025-02-01,Gazipur APMC,2954.2,gazipur,Azamgarh
Uttar Pradesh,Wheat,2025,2,2025-02-01,Ghaziabad APMC,2864.41,ghaziabad,Ghaziabad
Uttar Pradesh,Wheat,2025,2,2025-02-01,Ghiraur APMC,2930.88,ghiraur,Mainpuri
Uttar Pradesh,Wheat,2025,2,2025-02-01,Golagokarnath APMC,2745.32,golagokarnath,Lalitpur
Uttar Pradesh,Wheat,2025,2,2025-02-01,Gonda APMC,3004.5,gonda,Gonda
Uttar Pradesh,Wheat,2025,2,2025-02-01,Gopiganj APMC,2883.25,gopiganj,Bhadohi
Uttar Pradesh,Wheat,2025,2,2025-02-01,Gorakhpur APMC,2863.91,gorakhpur,Gorakhpur
Uttar Pradesh,Wheat,2025,2,2025-02-01,Gurusarai APMC,2889.72,gurusarai,Jhansi
Uttar Pradesh,Wheat,2025,2,2025-02-01,Haathras APMC,2917.64,haathras,Hathras
Uttar Pradesh,Wheat,2025,2,2025-02-01,Hapur APMC,2940.43,hapur,Ghaziabad
Uttar Pradesh,Wheat,2025,2,2025-02-01,Hardoi APMC,2877.53,hardoi,Hardoi
Uttar Pradesh,Wheat,2025,2,2025-02-01,Hargaon (Laharpur) APMC,2803.98,hargaon (laharpur),Sitapur
Uttar Pradesh,Wheat,2025,2,2025-02-01,Jafarganj APMC,2790.88,jafarganj,Amethi
Uttar Pradesh,Wheat,2025,2,2025-02-01,Jagnair APMC,2792.15,jagnair,Agra
Uttar Pradesh,Wheat,2025,2,2025-02-01,Jahanabad APMC,2327.87,jahanabad,Fatehpur
Uttar Pradesh,Wheat,2025,2,2025-02-01,Jahangirabad APMC,2917.57,jahangirabad,Bulandshahar
Uttar Pradesh,Wheat,2025,2,2025-02-01,Jalalabad APMC,2767.94,jalalabad,Bijnor
Uttar Pradesh,Wheat,2025,2,2025-02-01,Jalaun APMC,2882.51,jalaun,Jalaun
Uttar Pradesh,Wheat,2025,2,2025-02-01,Jangipura APMC,2960.0,jangipura,Ghazipur
Uttar Pradesh,Wheat,2025,2,2025-02-01,Jasra APMC,2950.0,jasra,Prayagraj
Uttar Pradesh,Wheat,2025,2,2025-02-01,Jasvantnagar APMC,2941.78,jasvantnagar,Etawah
Uttar Pradesh,Wheat,2025,2,2025-02-01,Jaunpur APMC,2928.49,jaunpur,Jaunpur
Uttar Pradesh,Wheat,2025,2,2025-02-01,Jayas APMC,2805.36,jayas,Rae Bareli
Uttar Pradesh,Wheat,2025,2,2025-02-01,Jhansi APMC,,jhansi,Jhansi
Uttar Pradesh,Wheat,2025,2,2025-02-01,Jhansi Grain APMC,2924.47,jhansi grain,Jhansi
Uttar Pradesh,Wheat,2025,2,2025-02-01,Jhijhank APMC,,jhijhank,Kanpur Dehat
Uttar Pradesh,Wheat,2025,2,2025-02-01,Kadaura APMC,2750.0,kadaura,Jalaun
Uttar Pradesh,Wheat,2025,2,2025-02-01,Kamlaganj APMC,2872.48,kamlaganj,Farrukhabad
Uttar Pradesh,Wheat,2025,2,2025-02-01,Kannauj APMC,2875.25,kannauj,Kannauj
Uttar Pradesh,Wheat,2025,2,2025-02-01,Kanpur(Grain) APMC,2900.83,kanpur(grain),Jaunpur
Uttar Pradesh,Wheat,2025,2,2025-02-01,Karvi APMC,2876.63,karvi,Chitrakoot
Uttar Pradesh,Wheat,2025,2,2025-02-01,Kasganj APMC,2880.66,kasganj,Kasganj
Uttar Pradesh,Wheat,2025,2,2025-02-01,Kayamganj APMC,2889.38,kayamganj,Farrukhabad
Uttar Pradesh,Wheat,2025,2,2025-02-01,Khaga APMC,2869.81,khaga,Fatehpur
Uttar Pradesh,Wheat,2025,2,2025-02-01,Khair APMC,2813.22,khair,Aligarh
Uttar Pradesh,Wheat,2025,2,2025-02-01,Khairagarh APMC,2789.21,khairagarh,Agra
Uttar Pradesh,Wheat,2025,2,2025-02-01,Khalilabad APMC,2870.0,khalilabad,Sant Kabir Nagar
Uttar Pradesh,Wheat,2025,2,2025-02-01,Khatauli APMC,3100.0,khatauli,Muzaffarnagar
Uttar Pradesh,Wheat,2025,2,2025-02-01,Khurja APMC,2940.04,khurja,Bulandshahr
Uttar Pradesh,Wheat,2025,2,2025-02-01,Kishunpur APMC,2777.91,kishunpur,Bahraich
Uttar Pradesh,Wheat,2025,2,2025-02-01,Konch APMC,2856.39,konch,Jalaun
Uttar Pradesh,Wheat,2025,2,2025-02-01,Kopaganj APMC,2910.0,kopaganj,
Uttar Pradesh,Wheat,2025,2,2025-02-01,Kosikalan APMC,2989.81,kosikalan,Mathura
Uttar Pradesh,Wheat,2025,2,2025-02-01,Kurara APMC,2697.5,kurara,Hamirpur
Uttar Pradesh,Wheat,2025,2,2025-02-01,Lakhimpur APMC,2710.82,lakhimpur,Lalitpur
Uttar Pradesh,Wheat,2025,2,2025-02-01,Lalganj APMC,2774.82,lalganj,Rae Bareli
Uttar Pradesh,Wheat,2025,2,2025-02-01,Lalitpur APMC,2946.14,lalitpur,Lalitpur
Uttar Pradesh,Wheat,2025,2,2025-02-01,Lediyari APMC,2500.0,lediyari,Prayagraj
Uttar Pradesh,Wheat,2025,2,2025-02-01,Lucknow APMC,2937.41,lucknow,Lucknow
Uttar Pradesh,Wheat,2025,2,2025-02-01,Madhoganj APMC,2857.76,madhoganj,Hardoi
Uttar Pradesh,Wheat,2025,2,2025-02-01,Madhogarh APMC,2889.05,madhogarh,Jalaun
Uttar Pradesh,Wheat,2025,2,2025-02-01,Mahoba APMC,2848.49,mahoba,Mahoba
Uttar Pradesh,Wheat,2025,2,2025-02-01,Mainpuri APMC,2864.11,mainpuri,Mainpuri
Uttar Pradesh,Wheat,2025,2,2025-02-01,Manjhanpur APMC,2839.49,manjhanpur,Kaushambi
Uttar Pradesh,Wheat,2025,2,2025-02-01,Mathura APMC,2951.68,mathura,Mathura
Uttar Pradesh,Wheat,2025,2,2025-02-01,Maudaha APMC,,maudaha,Hamirpur
Uttar Pradesh,Wheat,2025,2,2025-02-01,Mauranipur APMC,2890.83,mauranipur,Jhansi
Uttar Pradesh,Wheat,2025,2,2025-02-01,Meerut APMC,2903.14,meerut,Meerut
Uttar Pradesh,Wheat,2025,2,2025-02-01,Mehmoodabad APMC,2740.0,mehmoodabad,Sitapur
Uttar Pradesh,Wheat,2025,2,2025-02-01,Mehrauni APMC,2482.22,mehrauni,Lalitpur
Uttar Pradesh,Wheat,2025,2,2025-02-01,Milak APMC,2930.0,milak,Rampur
Uttar Pradesh,Wheat,2025,2,2025-02-01,Mirzapur APMC,2811.5,mirzapur,Mirzapur
Uttar Pradesh,Wheat,2025,2,2025-02-01,Mohamadabad APMC,2869.03,mohamadabad,Farrukhabad
Uttar Pradesh,Wheat,2025,2,2025-02-01,Mohammdi APMC,2730.51,mohammdi,Kheri
Uttar Pradesh,Wheat,2025,2,2025-02-01,Moth APMC,2924.82,moth,Jhansi
Uttar Pradesh,Wheat,2025,2,2025-02-01,Mugrabaadshahpur APMC,2919.64,mugrabaadshahpur,Jaunpur
Uttar Pradesh,Wheat,2025,2,2025-02-01,Muradabad APMC,2935.43,muradabad,Sambhal
Uttar Pradesh,Wheat,2025,2,2025-02-01,Muradnagar APMC,2845.04,muradnagar,Ghaziabad
Uttar Pradesh,Wheat,2025,2,2025-02-01,Muskara APMC,2896.49,muskara,Mahoba
Uttar Pradesh,Wheat,2025,2,2025-02-01,Muzzafarnagar APMC,2933.43,muzzafarnagar,Muzaffarnagar
Uttar Pradesh,Wheat,2025,2,2025-02-01,Naanpara APMC,2288.54,naanpara,Bahraich
Uttar Pradesh,Wheat,2025,2,2025-02-01,Naugarh APMC,2864.95,naugarh,Siddharthnagar
Uttar Pradesh,Wheat,2025,2,2025-02-01,Nautnava APMC,,nautnava,Maharajganj
Uttar Pradesh,Wheat,2025,2,2025-02-01,Nawabganj APMC,2928.15,nawabganj,Gonda
Uttar Pradesh,Wheat,2025,2,2025-02-01,Noida APMC,2942.75,noida,Gautam Buddha Nagar
Uttar Pradesh,Wheat,2025,2,2025-02-01,Orai APMC,2861.48,orai,Jalaun
Uttar Pradesh,Wheat,2025,2,2025-02-01,Paliakala APMC,3000.48,paliakala,Kheri
Uttar Pradesh,Wheat,2025,2,2025-02-01,Panchpedwa APMC,2613.11,panchpedwa,Balrampur
Uttar Pradesh,Wheat,2025,2,2025-02-01,Partaval APMC,2854.23,partaval,Mahrajganj
Uttar Pradesh,Wheat,2025,2,2025-02-01,Pilibhit APMC,2923.23,pilibhit,Pilibhit
Uttar Pradesh,Wheat,2025,2,2025-02-01,Powayan APMC,2914.3,powayan,Shahjahanpur
Uttar Pradesh,Wheat,2025,2,2025-02-01,Pratapgarh APMC,2872.53,pratapgarh,Pratapgarh
Uttar Pradesh,Wheat,2025,2,2025-02-01,Prayagraj APMC,2985.16,prayagraj,Prayagraj
Uttar Pradesh,Wheat,2025,2,2025-02-01,Pukharayan APMC,2915.21,pukharayan,Kanpur Dehat
Uttar Pradesh,Wheat,2025,2,2025-02-01,Puranpur APMC,2915.74,puranpur,Pilibhit
Uttar Pradesh,Wheat,2025,2,2025-02-01,Purwa APMC,2825.72,purwa,Unnao
Uttar Pradesh,Wheat,2025,2,2025-02-01,Raibareilly APMC,2813.79,raibareilly,Rae Bareli
Uttar Pradesh,Wheat,2025,2,2025-02-01,Rampur APMC,2930.52,rampur,Rampur
Uttar Pradesh,Wheat,2025,2,2025-02-01,Rampurmaniharan APMC,,rampurmaniharan,Saharanpur
Uttar Pradesh,Wheat,2025,2,2025-02-01,Rasda APMC,2891.48,rasda,Ballia
Uttar Pradesh,Wheat,2025,2,2025-02-01,Robertsganj APMC,2943.26,robertsganj,Sonbhadra
Uttar Pradesh,Wheat,2025,2,2025-02-01,Rudauli APMC,2694.78,rudauli,Ayodhya
Uttar Pradesh,Wheat,2025,2,2025-02-01,Safdarganj APMC,2807.95,safdarganj,Barabanki
Uttar Pradesh,Wheat,2025,2,2025-02-01,Saharanpur APMC,2937.05,saharanpur,Saharanpur
Uttar Pradesh,Wheat,2025,2,2025-02-01,Sahiyapur APMC,2862.03,sahiyapur,Siddharthnagar
Uttar Pradesh,Wheat,2025,2,2025-02-01,Salon APMC,2817.65,salon,Rae Bareli
Uttar Pradesh,Wheat,2025,2,2025-02-01,Samsabad APMC,2900.0,samsabad,Agra
Uttar Pradesh,Wheat,2025,2,2025-02-01,Sandi APMC,2847.74,sandi,Hardoi
Uttar Pradesh,Wheat,2025,2,2025-02-01,Sandila APMC,2858.61,sandila,Hardoi
Uttar Pradesh,Wheat,2025,2,2025-02-01,Sehjanwa APMC,,sehjanwa,Gorakhpur
Uttar Pradesh,Wheat,2025,2,2025-02-01,Shahabad(New Mandi) APMC,2835.89,shahabad(new mandi),Hardoi
Uttar Pradesh,Wheat,2025,2,2025-02-01,Shahganj APMC,2903.19,shahganj,Jaunpur
Uttar Pradesh,Wheat,2025,2,2025-02-01,Shahjahanpur APMC,2923.16,shahjahanpur,Shahjahanpur
Uttar Pradesh,Wheat,2025,2,2025-02-01,Shahpur APMC,2455.0,shahpur,Muzaffarnagar
Uttar Pradesh,Wheat,2025,2,2025-02-01,Shamli APMC,2957.0,shamli,Shamli
Uttar Pradesh,Wheat,2025,2,2025-02-01,Shikohabad APMC,,shikohabad,Firozabad
Uttar Pradesh,Wheat,2025,2,2025-02-01,Sikanderabad APMC,,sikanderabad,Bulandshahr
Uttar Pradesh,Wheat,2025,2,2025-02-01,Sikandraraau APMC,2801.39,sikandraraau,Hathras
Uttar Pradesh,Wheat,2025,2,2025-02-01,Sikarpur APMC,2875.35,sikarpur,Bulandshahar
Uttar Pradesh,Wheat,2025,2,2025-02-01,Sirsa APMC,3000.0,sirsa,Gautam Buddha Nagar
Uttar Pradesh,Wheat,2025,2,2025-02-01,Sitapur APMC,2832.14,sitapur,Sitapur
Uttar Pradesh,Wheat,2025,2,2025-02-01,Siyana APMC,2853.77,siyana,Bulandshahar
Uttar Pradesh,Wheat,2025,2,2025-02-01,Sultanpur APMC,2765.45,sultanpur,Amethi
Uttar Pradesh,Wheat,2025,2,2025-02-01,Tamkuhi road APMC,2360.47,tamkuhi road,Kushinagar
Uttar Pradesh,Wheat,2025,2,2025-02-01,Tilhar APMC,2910.32,tilhar,Shahjahanpur
Uttar Pradesh,Wheat,2025,2,2025-02-01,Tulsipur APMC,2933.29,tulsipur,Balrampur
Uttar Pradesh,Wheat,2025,2,2025-02-01,Tundla APMC,3040.99,tundla,Firozabad
Uttar Pradesh,Wheat,2025,2,2025-02-01,Ujhani APMC,2939.62,ujhani,Budaun
Uttar Pradesh,Wheat,2025,2,2025-02-01,Unnao APMC,2814.12,unnao,Unnao
Uttar Pradesh,Wheat,2025,2,2025-02-01,Uttaripura APMC,2898.46,uttaripura,Jaunpur
Uttar Pradesh,Wheat,2025,2,2025-02-01,Varanasi APMC,2957.97,varanasi,Varanasi
Uttar Pradesh,Wheat,2025,2,2025-02-01,Vilthararoad APMC,2688.46,vilthararoad,Ballia
Uttar Pradesh,Wheat,2025,2,2025-02-01,Viswan APMC,2807.61,viswan,Sitapur
Uttar Pradesh,Wheat,2025,2,2025-02-01,Wazirganj APMC,2840.64,wazirganj,Budaun
Uttar Pradesh,Wheat,2025,3,2025-03-01,Achalda APMC,2797.73,achalda,Auraiya
Uttar Pradesh,Wheat,2025,3,2025-03-01,Achnera APMC,2577.9,achnera,Agra
Uttar Pradesh,Wheat,2025,3,2025-03-01,Agra APMC,2844.64,agra,Agra
Uttar Pradesh,Wheat,2025,3,2025-03-01,Ahirora APMC,,ahirora,Mirzapur
Uttar Pradesh,Wheat,2025,3,2025-03-01,Ait APMC,2556.49,ait,Jalaun
Uttar Pradesh,Wheat,2025,3,2025-03-01,Ajuha APMC,2838.69,ajuha,Prayagraj
Uttar Pradesh,Wheat,2025,3,2025-03-01,Akbarpur APMC,2744.21,akbarpur,Ambedkarnagar
Uttar Pradesh,Wheat,2025,3,2025-03-01,Aliganj APMC,2746.68,aliganj,Etah
Uttar Pradesh,Wheat,2025,3,2025-03-01,Aligarh APMC,2875.52,aligarh,Aligarh
Uttar Pradesh,Wheat,2025,3,2025-03-01,Amroha APMC,2866.66,amroha,Amroha
Uttar Pradesh,Wheat,2025,3,2025-03-01,Anandnagar APMC,2362.06,anandnagar,Mahrajganj
Uttar Pradesh,Wheat,2025,3,2025-03-01,Anoop Shahar APMC,,anoop shahar,Bulandshahr
Uttar Pradesh,Wheat,2025,3,2025-03-01,Atarra APMC,2721.34,atarra,Banda
Uttar Pradesh,Wheat,2025,3,2025-03-01,Atrauli APMC,2513.56,atrauli,Aligarh
Uttar Pradesh,Wheat,2025,3,2025-03-01,Auraiya APMC,2695.81,auraiya,Auraiya
Uttar Pradesh,Wheat,2025,3,2025-03-01,Ayodhya APMC,2836.16,ayodhya,Ayodhya
Uttar Pradesh,Wheat,2025,3,2025-03-01,Azamgarh APMC,2873.04,azamgarh,Azamgarh
Uttar Pradesh,Wheat,2025,3,2025-03-01,Baberu APMC,,baberu,Banda
Uttar Pradesh,Wheat,2025,3,2025-03-01,Babrala APMC,2515.0,babrala,Budaun
Uttar Pradesh,Wheat,2025,3,2025-03-01,Bachranwa APMC,2789.09,bachranwa,Rae Bareli
Uttar Pradesh,Wheat,2025,3,2025-03-01,Badayoun APMC,2802.57,badayoun,Budaun
Uttar Pradesh,Wheat,2025,3,2025-03-01,Bahraich APMC,2783.24,bahraich,Bahraich
Uttar Pradesh,Wheat,2025,3,2025-03-01,Ballia APMC,2842.86,ballia,Ballia
Uttar Pradesh,Wheat,2025,3,2025-03-01,Balrampur APMC,2858.66,balrampur,Balrampur
Uttar Pradesh,Wheat,2025,3,2025-03-01,Banda APMC,2693.45,banda,Banda
Uttar Pradesh,Wheat,2025,3,2025-03-01,Bangarmau APMC,2792.55,bangarmau,Unnao
Uttar Pradesh,Wheat,2025,3,2025-03-01,Bansi APMC,,bansi,Siddharthnagar
Uttar Pradesh,Wheat,2025,3,2025-03-01,Banthara APMC,2625.87,banthara,Lucknow
Uttar Pradesh,Wheat,2025,3,2025-03-01,Barabanki APMC,2908.33,barabanki,Bara Banki
Uttar Pradesh,Wheat,2025,3,2025-03-01,Baraut APMC,2827.49,baraut,Baghpat
Uttar Pradesh,Wheat,2025,3,2025-03-01,Bareilly APMC,2694.9,bareilly,Bareilly
Uttar Pradesh,Wheat,2025,3,2025-03-01,Baripaal APMC,2500.73,baripaal,Jaunpur
Uttar Pradesh,Wheat,2025,3,2025-03-01,Basti APMC,2860.9,basti,Basti
Uttar Pradesh,Wheat,2025,3,2025-03-01,Bewar APMC,2644.66,bewar,Mainpuri
Uttar Pradesh,Wheat,2025,3,2025-03-01,Bharthna APMC,2827.06,bharthna,Etawah
Uttar Pradesh,Wheat,2025,3,2025-03-01,Bharuasumerpur APMC,2601.72,bharuasumerpur,Hamirpur
Uttar Pradesh,Wheat,2025,3,2025-03-01,Bharwari APMC,2802.77,bharwari,Kaushambi
Uttar Pradesh,Wheat,2025,3,2025-03-01,Bhehjoi APMC,,bhehjoi,Sambhal
Uttar Pradesh,Wheat,2025,3,2025-03-01,Bhinga APMC,2726.06,bhinga,Shravasti
Uttar Pradesh,Wheat,2025,3,2025-03-01,Bijnaur APMC,2878.39,bijnaur,Bijnor
Uttar Pradesh,Wheat,2025,3,2025-03-01,Bilsi APMC,2885.08,bilsi,Budaun
Uttar Pradesh,Wheat,2025,3,2025-03-01,Bindki APMC,2827.84,bindki,Fatehpur
Uttar Pradesh,Wheat,2025,3,2025-03-01,Bishalpur APMC,2861.56,bishalpur,Pilibhit
Uttar Pradesh,Wheat,2025,3,2025-03-01,Bisoli APMC,2431.91,bisoli,Badaun
Uttar Pradesh,Wheat,2025,3,2025-03-01,Buland Shahr APMC,2765.42,buland shahr,Bulandshahr
Uttar Pradesh,Wheat,2025,3,2025-03-01,Chandausi APMC,2893.43,chandausi,Sambhal
Uttar Pradesh,Wheat,2025,3,2025-03-01,Chandoli APMC,2795.35,chandoli,Chandauli
Uttar Pradesh,Wheat,2025,3,2025-03-01,Charkhari APMC,2511.72,charkhari,Mahoba
Uttar Pradesh,Wheat,2025,3,2025-03-01,Charra APMC,2843.4,charra,Aligarh
Uttar Pradesh,Wheat,2025,3,2025-03-01,Chhibramau APMC,2854.31,chhibramau,Kannauj
Uttar Pradesh,Wheat,2025,3,2025-03-01,Chirgaon APMC,,chirgaon,Jhansi
Uttar Pradesh,Wheat,2025,3,2025-03-01,Chorichora APMC,2438.9,chorichora,Gorakhpur
Uttar Pradesh,Wheat,2025,3,2025-03-01,Choubepur APMC,2893.94,choubepur,Jaunpur
Uttar Pradesh,Wheat,2025,3,2025-03-01,Colonelganj APMC,2366.67,colonelganj,Gonda
Uttar Pradesh,Wheat,2025,3,2025-03-01,DADRI APMC,2796.95,dadri,Gautam Buddha Nagar
Uttar Pradesh,Wheat,2025,3,2025-03-01,Dankaur APMC,2854.78,dankaur,Gautam Buddha Nagar
Uttar Pradesh,Wheat,2025,3,2025-03-01,Devariya APMC,,devariya,Deoria
Uttar Pradesh,Wheat,2025,3,2025-03-01,Dhanaura APMC,2532.14,dhanaura,Amroha
Uttar Pradesh,Wheat,2025,3,2025-03-01,Dibiapur APMC,2800.0,dibiapur,Auraiya
Uttar Pradesh,Wheat,2025,3,2025-03-01,Divai APMC,,divai,Bulandshahar
Uttar Pradesh,Wheat,2025,3,2025-03-01,Doharighat APMC,2810.0,doharighat,Azamgarh
Uttar Pradesh,Wheat,2025,3,2025-03-01,Dudhi APMC,2425.0,dudhi,Sonbhadra
Uttar Pradesh,Wheat,2025,3,2025-03-01,Etah APMC,2735.6,etah,Etah
Uttar Pradesh,Wheat,2025,3,2025-03-01,Etawah APMC,2831.83,etawah,Etawah
Uttar Pradesh,Wheat,2025,3,2025-03-01,Farukhabad APMC,2826.22,farukhabad,Farrukhabad
Uttar Pradesh,Wheat,2025,3,2025-03-01,Fatehpur APMC,2846.78,fatehpur,Fatehpur
Uttar Pradesh,Wheat,2025,3,2025-03-01,Fatehpur Sikri APMC,3003.27,fatehpur sikri,Agra
Uttar Pradesh,Wheat,2025,3,2025-03-01,Firozabad APMC,2821.47,firozabad,Firozabad
Uttar Pradesh,Wheat,2025,3,2025-03-01,Gazipur APMC,2858.08,gazipur,Azamgarh
Uttar Pradesh,Wheat,2025,3,2025-03-01,Ghaziabad APMC,2779.02,ghaziabad,Ghaziabad
Uttar Pradesh,Wheat,2025,3,2025-03-01,Ghiraur APMC,2670.99,ghiraur,Mainpuri
Uttar Pradesh,Wheat,2025,3,2025-03-01,Golagokarnath APMC,2732.89,golagokarnath,Lalitpur
Uttar Pradesh,Wheat,2025,3,2025-03-01,Gonda APMC,2876.92,gonda,Gonda
Uttar Pradesh,Wheat,2025,3,2025-03-01,Gopiganj APMC,2839.14,gopiganj,Bhadohi
Uttar Pradesh,Wheat,2025,3,2025-03-01,Gorakhpur APMC,2862.77,gorakhpur,Gorakhpur
Uttar Pradesh,Wheat,2025,3,2025-03-01,Gurusarai APMC,2718.6,gurusarai,Jhansi
Uttar Pradesh,Wheat,2025,3,2025-03-01,Haathras APMC,2841.52,haathras,Hathras
Uttar Pradesh,Wheat,2025,3,2025-03-01,Hapur APMC,2866.81,hapur,Ghaziabad
Uttar Pradesh,Wheat,2025,3,2025-03-01,Hardoi APMC,2833.15,hardoi,Hardoi
Uttar Pradesh,Wheat,2025,3,2025-03-01,Hargaon (Laharpur) APMC,2716.36,hargaon (laharpur),Sitapur
Uttar Pradesh,Wheat,2025,3,2025-03-01,Jafarganj APMC,2785.54,jafarganj,Amethi
Uttar Pradesh,Wheat,2025,3,2025-03-01,Jagnair APMC,2512.16,jagnair,Agra
Uttar Pradesh,Wheat,2025,3,2025-03-01,Jahanabad APMC,2327.33,jahanabad,Fatehpur
Uttar Pradesh,Wheat,2025,3,2025-03-01,Jahangirabad APMC,2768.56,jahangirabad,Bulandshahar
Uttar Pradesh,Wheat,2025,3,2025-03-01,Jalalabad APMC,2646.47,jalalabad,Bijnor
Uttar Pradesh,Wheat,2025,3,2025-03-01,Jalaun APMC,2524.87,jalaun,Jalaun
Uttar Pradesh,Wheat,2025,3,2025-03-01,Jangipura APMC,,jangipura,Ghazipur
Uttar Pradesh,Wheat,2025,3,2025-03-01,Jasra APMC,,jasra,Prayagraj
Uttar Pradesh,Wheat,2025,3,2025-03-01,Jasvantnagar APMC,2881.77,jasvantnagar,Etawah
Uttar Pradesh,Wheat,2025,3,2025-03-01,Jaunpur APMC,2871.96,jaunpur,Jaunpur
Uttar Pradesh,Wheat,2025,3,2025-03-01,Jayas APMC,2804.95,jayas,Rae Bareli
Uttar Pradesh,Wheat,2025,3,2025-03-01,Jhansi APMC,,jhansi,Jhansi
Uttar Pradesh,Wheat,2025,3,2025-03-01,Jhansi Grain APMC,2713.03,jhansi grain,Jhansi
Uttar Pradesh,Wheat,2025,3,2025-03-01,Jhijhank APMC,,jhijhank,Kanpur Dehat
Uttar Pradesh,Wheat,2025,3,2025-03-01,Kadaura APMC,2459.69,kadaura,Jalaun
Uttar Pradesh,Wheat,2025,3,2025-03-01,Kamlaganj APMC,2845.23,kamlaganj,Farrukhabad
Uttar Pradesh,Wheat,2025,3,2025-03-01,Kannauj APMC,2849.71,kannauj,Kannauj
Uttar Pradesh,Wheat,2025,3,2025-03-01,Kanpur(Grain) APMC,2881.0,kanpur(grain),Jaunpur
Uttar Pradesh,Wheat,2025,3,2025-03-01,Karvi APMC,2788.95,karvi,Chitrakoot
Uttar Pradesh,Wheat,2025,3,2025-03-01,Kasganj APMC,2774.0,kasganj,Kasganj
Uttar Pradesh,Wheat,2025,3,2025-03-01,Kayamganj APMC,2824.65,kayamganj,Farrukhabad
Uttar Pradesh,Wheat,2025,3,2025-03-01,Khaga APMC,2801.72,khaga,Fatehpur
Uttar Pradesh,Wheat,2025,3,2025-03-01,Khair APMC,2670.44,khair,Aligarh
Uttar Pradesh,Wheat,2025,3,2025-03-01,Khairagarh APMC,2778.37,khairagarh,Agra
Uttar Pradesh,Wheat,2025,3,2025-03-01,Khalilabad APMC,2900.0,khalilabad,Sant Kabir Nagar
Uttar Pradesh,Wheat,2025,3,2025-03-01,Khatauli APMC,3200.0,khatauli,Muzaffarnagar
Uttar Pradesh,Wheat,2025,3,2025-03-01,Khurja APMC,2869.1,khurja,Bulandshahr
Uttar Pradesh,Wheat,2025,3,2025-03-01,Kishunpur APMC,2740.7,kishunpur,Bahraich
Uttar Pradesh,Wheat,2025,3,2025-03-01,Konch APMC,2463.99,konch,Jalaun
Uttar Pradesh,Wheat,2025,3,2025-03-01,Kopaganj APMC,2870.31,kopaganj,
Uttar Pradesh,Wheat,2025,3,2025-03-01,Kosikalan APMC,2825.09,kosikalan,Mathura
Uttar Pradesh,Wheat,2025,3,2025-03-01,Kurara APMC,2526.18,kurara,Hamirpur
Uttar Pradesh,Wheat,2025,3,2025-03-01,Lakhimpur APMC,2660.78,lakhimpur,Lalitpur
Uttar Pradesh,Wheat,2025,3,2025-03-01,Lalganj APMC,2797.17,lalganj,Rae Bareli
Uttar Pradesh,Wheat,2025,3,2025-03-01,Lalitpur APMC,2514.99,lalitpur,Lalitpur
Uttar Pradesh,Wheat,2025,3,2025-03-01,Lediyari APMC,2594.4,lediyari,Prayagraj
Uttar Pradesh,Wheat,2025,3,2025-03-01,Lucknow APMC,2854.08,lucknow,Lucknow
Uttar Pradesh,Wheat,2025,3,2025-03-01,Madhoganj APMC,2823.01,madhoganj,Hardoi
Uttar Pradesh,Wheat,2025,3,2025-03-01,Madhogarh APMC,2677.84,madhogarh,Jalaun
Uttar Pradesh,Wheat,2025,3,2025-03-01,Mahoba APMC,2660.97,mahoba,Mahoba
Uttar Pradesh,Wheat,2025,3,2025-03-01,Maigalganj APMC,2821.52,maigalganj,Gorakhpur
Uttar Pradesh,Wheat,2025,3,2025-03-01,Mainpuri APMC,2578.1,mainpuri,Mainpuri
Uttar Pradesh,Wheat,2025,3,2025-03-01,Manjhanpur APMC,2844.33,manjhanpur,Kaushambi
Uttar Pradesh,Wheat,2025,3,2025-03-01,Mathura APMC,2673.69,mathura,Mathura
Uttar Pradesh,Wheat,2025,3,2025-03-01,Maudaha APMC,,maudaha,Hamirpur
Uttar Pradesh,Wheat,2025,3,2025-03-01,Mauranipur APMC,2700.95,mauranipur,Jhansi
Uttar Pradesh,Wheat,2025,3,2025-03-01,Meerut APMC,2821.84,meerut,Meerut
Uttar Pradesh,Wheat,2025,3,2025-03-01,Mehmoodabad APMC,2701.62,mehmoodabad,Sitapur
Uttar Pradesh,Wheat,2025,3,2025-03-01,Mehrauni APMC,2499.83,mehrauni,Lalitpur
Uttar Pradesh,Wheat,2025,3,2025-03-01,Milak APMC,2950.0,milak,Rampur
Uttar Pradesh,Wheat,2025,3,2025-03-01,Mirzapur APMC,2784.45,mirzapur,Mirzapur
Uttar Pradesh,Wheat,2025,3,2025-03-01,Mohamadabad APMC,2838.49,mohamadabad,Farrukhabad
Uttar Pradesh,Wheat,2025,3,2025-03-01,Mohammdi APMC,2674.55,mohammdi,Kheri
Uttar Pradesh,Wheat,2025,3,2025-03-01,Moth APMC,2595.41,moth,Jhansi
Uttar Pradesh,Wheat,2025,3,2025-03-01,Mugrabaadshahpur APMC,2889.1,mugrabaadshahpur,Jaunpur
Uttar Pradesh,Wheat,2025,3,2025-03-01,Muradabad APMC,2865.16,muradabad,Sambhal
Uttar Pradesh,Wheat,2025,3,2025-03-01,Muradnagar APMC,2662.68,muradnagar,Ghaziabad
Uttar Pradesh,Wheat,2025,3,2025-03-01,Muskara APMC,2754.19,muskara,Mahoba
Uttar Pradesh,Wheat,2025,3,2025-03-01,Muzzafarnagar APMC,2881.31,muzzafarnagar,Muzaffarnagar
Uttar Pradesh,Wheat,2025,3,2025-03-01,Naanpara APMC,2300.0,naanpara,Bahraich
Uttar Pradesh,Wheat,2025,3,2025-03-01,Naugarh APMC,2884.79,naugarh,Siddharthnagar
Uttar Pradesh,Wheat,2025,3,2025-03-01,Nautnava APMC,,nautnava,Maharajganj
Uttar Pradesh,Wheat,2025,3,2025-03-01,Nawabganj APMC,2864.58,nawabganj,Gonda
Uttar Pradesh,Wheat,2025,3,2025-03-01,Noida APMC,2889.0,noida,Gautam Buddha Nagar
Uttar Pradesh,Wheat,2025,3,2025-03-01,Orai APMC,2623.69,orai,Jalaun
Uttar Pradesh,Wheat,2025,3,2025-03-01,Paliakala APMC,2770.59,paliakala,Kheri
Uttar Pradesh,Wheat,2025,3,2025-03-01,Panchpedwa APMC,,panchpedwa,Balrampur
Uttar Pradesh,Wheat,2025,3,2025-03-01,Partaval APMC,2856.38,partaval,Mahrajganj
Uttar Pradesh,Wheat,2025,3,2025-03-01,Pilibhit APMC,2849.42,pilibhit,Pilibhit
Uttar Pradesh,Wheat,2025,3,2025-03-01,Powayan APMC,2796.38,powayan,Shahjahanpur
Uttar Pradesh,Wheat,2025,3,2025-03-01,Pratapgarh APMC,2884.07,pratapgarh,Pratapgarh
Uttar Pradesh,Wheat,2025,3,2025-03-01,Prayagraj APMC,2711.54,prayagraj,Prayagraj
Uttar Pradesh,Wheat,2025,3,2025-03-01,Pukharayan APMC,2851.27,pukharayan,Kanpur Dehat
Uttar Pradesh,Wheat,2025,3,2025-03-01,Puranpur APMC,2844.73,puranpur,Pilibhit
Uttar Pradesh,Wheat,2025,3,2025-03-01,Purwa APMC,2816.55,purwa,Unnao
Uttar Pradesh,Wheat,2025,3,2025-03-01,Raath APMC,2446.27,raath,Hamirpur
Uttar Pradesh,Wheat,2025,3,2025-03-01,Raibareilly APMC,2803.2,raibareilly,Rae Bareli
Uttar Pradesh,Wheat,2025,3,2025-03-01,Rampur APMC,2859.08,rampur,Rampur
Uttar Pradesh,Wheat,2025,3,2025-03-01,Rasda APMC,2886.4,rasda,Ballia
Uttar Pradesh,Wheat,2025,3,2025-03-01,Robertsganj APMC,2747.35,robertsganj,Sonbhadra
Uttar Pradesh,Wheat,2025,3,2025-03-01,Rudauli APMC,2803.45,rudauli,Ayodhya
Uttar Pradesh,Wheat,2025,3,2025-03-01,Rura APMC,,rura,Kanpur Dehat
Uttar Pradesh,Wheat,2025,3,2025-03-01,Safdarganj APMC,2788.14,safdarganj,Barabanki
Uttar Pradesh,Wheat,2025,3,2025-03-01,Saharanpur APMC,2855.35,saharanpur,Saharanpur
Uttar Pradesh,Wheat,2025,3,2025-03-01,Sahiyapur APMC,2509.16,sahiyapur,Siddharthnagar
Uttar Pradesh,Wheat,2025,3,2025-03-01,Salon APMC,2793.23,salon,Rae Bareli
Uttar Pradesh,Wheat,2025,3,2025-03-01,Samsabad APMC,2522.92,samsabad,Agra
Uttar Pradesh,Wheat,2025,3,2025-03-01,Sandi APMC,2828.86,sandi,Hardoi
Uttar Pradesh,Wheat,2025,3,2025-03-01,Sandila APMC,2831.45,sandila,Hardoi
Uttar Pradesh,Wheat,2025,3,2025-03-01,Shahabad(New Mandi) APMC,2874.08,shahabad(new mandi),Hardoi
Uttar Pradesh,Wheat,2025,3,2025-03-01,Shahaswan APMC,,shahaswan,Badaun
Uttar Pradesh,Wheat,2025,3,2025-03-01,Shahganj APMC,2894.46,shahganj,Jaunpur
Uttar Pradesh,Wheat,2025,3,2025-03-01,Shahjahanpur APMC,2720.96,shahjahanpur,Shahjahanpur
Uttar Pradesh,Wheat,2025,3,2025-03-01,Shahpur APMC,2586.87,shahpur,Muzaffarnagar
Uttar Pradesh,Wheat,2025,3,2025-03-01,Shamli APMC,2854.73,shamli,Shamli
Uttar Pradesh,Wheat,2025,3,2025-03-01,Shikohabad APMC,,shikohabad,Firozabad
Uttar Pradesh,Wheat,2025,3,2025-03-01,Sikanderabad APMC,,sikanderabad,Bulandshahr
Uttar Pradesh,Wheat,2025,3,2025-03-01,Sikandraraau APMC,2691.13,sikandraraau,Hathras
Uttar Pradesh,Wheat,2025,3,2025-03-01,Sikarpur APMC,2648.19,sikarpur,Bulandshahar
Uttar Pradesh,Wheat,2025,3,2025-03-01,Sirsa APMC,2525.0,sirsa,Gautam Buddha Nagar
Uttar Pradesh,Wheat,2025,3,2025-03-01,Sitapur APMC,2768.55,sitapur,Sitapur
Uttar Pradesh,Wheat,2025,3,2025-03-01,Siyana APMC,2677.0,siyana,Bulandshahar
Uttar Pradesh,Wheat,2025,3,2025-03-01,Sultanpur APMC,2748.84,sultanpur,Amethi
Uttar Pradesh,Wheat,2025,3,2025-03-01,Tamkuhi road APMC,2300.0,tamkuhi road,Kushinagar
Uttar Pradesh,Wheat,2025,3,2025-03-01,Tikonia APMC,,tikonia,Kheri
Uttar Pradesh,Wheat,2025,3,2025-03-01,Tilhar APMC,2564.55,tilhar,Shahjahanpur
Uttar Pradesh,Wheat,2025,3,2025-03-01,Tulsipur APMC,2903.33,tulsipur,Balrampur
Uttar Pradesh,Wheat,2025,3,2025-03-01,Tundla APMC,2965.84,tundla,Firozabad
Uttar Pradesh,Wheat,2025,3,2025-03-01,Ujhani APMC,2881.51,ujhani,Budaun
Uttar Pradesh,Wheat,2025,3,2025-03-01,Unnao APMC,2751.72,unnao,Unnao
Uttar Pradesh,Wheat,2025,3,2025-03-01,Uttaripura APMC,2898.96,uttaripura,Jaunpur
Uttar Pradesh,Wheat,2025,3,2025-03-01,Varanasi APMC,2882.97,varanasi,Varanasi
Uttar Pradesh,Wheat,2025,3,2025-03-01,Vilthararoad APMC,2555.0,vilthararoad,Ballia
Uttar Pradesh,Wheat,2025,3,2025-03-01,Viswan APMC,2755.06,viswan,Sitapur
Uttar Pradesh,Wheat,2025,3,2025-03-01,Wazirganj APMC,2768.57,wazirganj,Budaun
Uttar Pradesh,Wheat,2025,3,2025-03-01,Yusufpur APMC,,yusufpur,Ghazipur
Uttar Pradesh,Wheat,2025,4,2025-04-01,Achalda APMC,2451.03,achalda,Auraiya
Uttar Pradesh,Wheat,2025,4,2025-04-01,Achnera APMC,2450.98,achnera,Agra
Uttar Pradesh,Wheat,2025,4,2025-04-01,Agra APMC,2455.42,agra,Agra
Uttar Pradesh,Wheat,2025,4,2025-04-01,Ahirora APMC,2449.59,ahirora,Mirzapur
Uttar Pradesh,Wheat,2025,4,2025-04-01,Ait APMC,2433.52,ait,Jalaun
Uttar Pradesh,Wheat,2025,4,2025-04-01,Ajuha APMC,2458.63,ajuha,Prayagraj
Uttar Pradesh,Wheat,2025,4,2025-04-01,Akbarpur APMC,2377.32,akbarpur,Ambedkarnagar
Uttar Pradesh,Wheat,2025,4,2025-04-01,Aliganj APMC,2493.38,aliganj,Etah
Uttar Pradesh,Wheat,2025,4,2025-04-01,Aligarh APMC,2432.76,aligarh,Aligarh
Uttar Pradesh,Wheat,2025,4,2025-04-01,Amroha APMC,2456.49,amroha,Amroha
Uttar Pradesh,Wheat,2025,4,2025-04-01,Anandnagar APMC,2449.93,anandnagar,Mahrajganj
Uttar Pradesh,Wheat,2025,4,2025-04-01,Anoop Shahar APMC,2448.61,anoop shahar,Bulandshahr
Uttar Pradesh,Wheat,2025,4,2025-04-01,Anwala APMC,,anwala,Bareilly
Uttar Pradesh,Wheat,2025,4,2025-04-01,Atarra APMC,2451.91,atarra,Banda
Uttar Pradesh,Wheat,2025,4,2025-04-01,Atrauli APMC,2456.66,atrauli,Aligarh
Uttar Pradesh,Wheat,2025,4,2025-04-01,Auraiya APMC,2450.92,auraiya,Auraiya
Uttar Pradesh,Wheat,2025,4,2025-04-01,Awagarh APMC,,awagarh,Etah
Uttar Pradesh,Wheat,2025,4,2025-04-01,Ayodhya APMC,2484.46,ayodhya,Ayodhya
Uttar Pradesh,Wheat,2025,4,2025-04-01,Azamgarh APMC,2481.94,azamgarh,Azamgarh
Uttar Pradesh,Wheat,2025,4,2025-04-01,Baberu APMC,,baberu,Banda
Uttar Pradesh,Wheat,2025,4,2025-04-01,Babrala APMC,2447.91,babrala,Budaun
Uttar Pradesh,Wheat,2025,4,2025-04-01,Bachranwa APMC,2428.09,bachranwa,Rae Bareli
Uttar Pradesh,Wheat,2025,4,2025-04-01,Badayoun APMC,2466.43,badayoun,Budaun
Uttar Pradesh,Wheat,2025,4,2025-04-01,Baheri APMC,2467.24,baheri,Bareilly
Uttar Pradesh,Wheat,2025,4,2025-04-01,Bahraich APMC,2461.41,bahraich,Bahraich
Uttar Pradesh,Wheat,2025,4,2025-04-01,Ballia APMC,2465.03,ballia,Ballia
Uttar Pradesh,Wheat,2025,4,2025-04-01,Balrampur APMC,2473.2,balrampur,Balrampur
Uttar Pradesh,Wheat,2025,4,2025-04-01,Banda APMC,2478.81,banda,Banda
Uttar Pradesh,Wheat,2025,4,2025-04-01,Bangarmau APMC,2434.34,bangarmau,Unnao
Uttar Pradesh,Wheat,2025,4,2025-04-01,Bansi APMC,,bansi,Siddharthnagar
Uttar Pradesh,Wheat,2025,4,2025-04-01,Banthara APMC,2462.86,banthara,Lucknow
Uttar Pradesh,Wheat,2025,4,2025-04-01,Barabanki APMC,2474.69,barabanki,Bara Banki
Uttar Pradesh,Wheat,2025,4,2025-04-01,Baraut APMC,2463.5,baraut,Baghpat
Uttar Pradesh,Wheat,2025,4,2025-04-01,Bareilly APMC,2412.23,bareilly,Bareilly
Uttar Pradesh,Wheat,2025,4,2025-04-01,Baripaal APMC,2431.03,baripaal,Jaunpur
Uttar Pradesh,Wheat,2025,4,2025-04-01,Basti APMC,2489.18,basti,Basti
Uttar Pradesh,Wheat,2025,4,2025-04-01,Bewar APMC,2452.72,bewar,Mainpuri
Uttar Pradesh,Wheat,2025,4,2025-04-01,Bharthna APMC,2450.96,bharthna,Etawah
Uttar Pradesh,Wheat,2025,4,2025-04-01,Bharuasumerpur APMC,2425.0,bharuasumerpur,Hamirpur
Uttar Pradesh,Wheat,2025,4,2025-04-01,Bharwari APMC,2463.41,bharwari,Kaushambi
Uttar Pradesh,Wheat,2025,4,2025-04-01,Bhehjoi APMC,2469.97,bhehjoi,Sambhal
Uttar Pradesh,Wheat,2025,4,2025-04-01,Bhinga APMC,2439.0,bhinga,Shravasti
Uttar Pradesh,Wheat,2025,4,2025-04-01,Bijnaur APMC,2441.07,bijnaur,Bijnor
Uttar Pradesh,Wheat,2025,4,2025-04-01,Bilaspur APMC,2474.58,bilaspur,Rampur
Uttar Pradesh,Wheat,2025,4,2025-04-01,Bilsi APMC,2446.91,bilsi,Budaun
Uttar Pradesh,Wheat,2025,4,2025-04-01,Bindki APMC,2441.07,bindki,Fatehpur
Uttar Pradesh,Wheat,2025,4,2025-04-01,Bishalpur APMC,2468.09,bishalpur,Pilibhit
Uttar Pradesh,Wheat,2025,4,2025-04-01,Bisoli APMC,2441.78,bisoli,Badaun
Uttar Pradesh,Wheat,2025,4,2025-04-01,Buland Shahr APMC,2450.29,buland shahr,Bulandshahr
Uttar Pradesh,Wheat,2025,4,2025-04-01,Chandausi APMC,2434.12,chandausi,Sambhal
Uttar Pradesh,Wheat,2025,4,2025-04-01,Chandoli APMC,2435.41,chandoli,Chandauli
Uttar Pradesh,Wheat,2025,4,2025-04-01,Charkhari APMC,2450.0,charkhari,Mahoba
Uttar Pradesh,Wheat,2025,4,2025-04-01,Charra APMC,2459.08,charra,Aligarh
Uttar Pradesh,Wheat,2025,4,2025-04-01,Chhibramau APMC,2464.48,chhibramau,Kannauj
Uttar Pradesh,Wheat,2025,4,2025-04-01,Chirgaon APMC,,chirgaon,Jhansi
Uttar Pradesh,Wheat,2025,4,2025-04-01,Chorichora APMC,2552.43,chorichora,Gorakhpur
Uttar Pradesh,Wheat,2025,4,2025-04-01,Choubepur APMC,2484.55,choubepur,Jaunpur
Uttar Pradesh,Wheat,2025,4,2025-04-01,Colonelganj APMC,2475.0,colonelganj,Gonda
Uttar Pradesh,Wheat,2025,4,2025-04-01,DADRI APMC,2442.5,dadri,Gautam Buddha Nagar
Uttar Pradesh,Wheat,2025,4,2025-04-01,Dankaur APMC,2444.26,dankaur,Gautam Buddha Nagar
Uttar Pradesh,Wheat,2025,4,2025-04-01,Dataganj APMC,2460.4,dataganj,Badaun
Uttar Pradesh,Wheat,2025,4,2025-04-01,Devariya APMC,,devariya,Deoria
Uttar Pradesh,Wheat,2025,4,2025-04-01,Dhanaura APMC,2432.42,dhanaura,Amroha
Uttar Pradesh,Wheat,2025,4,2025-04-01,Dibiapur APMC,2457.75,dibiapur,Auraiya
Uttar Pradesh,Wheat,2025,4,2025-04-01,Divai APMC,,divai,Bulandshahar
Uttar Pradesh,Wheat,2025,4,2025-04-01,Doharighat APMC,2418.3,doharighat,Azamgarh
Uttar Pradesh,Wheat,2025,4,2025-04-01,Dudhi APMC,2466.47,dudhi,Sonbhadra
Uttar Pradesh,Wheat,2025,4,2025-04-01,Etah APMC,2505.4,etah,Etah
Uttar Pradesh,Wheat,2025,4,2025-04-01,Etawah APMC,2440.11,etawah,Etawah
Uttar Pradesh,Wheat,2025,4,2025-04-01,Farukhabad APMC,2471.15,farukhabad,Farrukhabad
Uttar Pradesh,Wheat,2025,4,2025-04-01,Fatehabad APMC,2412.5,fatehabad,Agra
Uttar Pradesh,Wheat,2025,4,2025-04-01,Fatehpur APMC,2445.64,fatehpur,Fatehpur
Uttar Pradesh,Wheat,2025,4,2025-04-01,Fatehpur Sikri APMC,,fatehpur sikri,Agra
Uttar Pradesh,Wheat,2025,4,2025-04-01,Firozabad APMC,2459.74,firozabad,Firozabad
Uttar Pradesh,Wheat,2025,4,2025-04-01,Gadaura APMC,2402.79,gadaura,Maharajganj
Uttar Pradesh,Wheat,2025,4,2025-04-01,Gazipur APMC,2451.96,gazipur,Azamgarh
Uttar Pradesh,Wheat,2025,4,2025-04-01,Ghaziabad APMC,2380.75,ghaziabad,Ghaziabad
Uttar Pradesh,Wheat,2025,4,2025-04-01,Ghiraur APMC,2445.84,ghiraur,Mainpuri
Uttar Pradesh,Wheat,2025,4,2025-04-01,Golagokarnath APMC,2416.38,golagokarnath,Lalitpur
Uttar Pradesh,Wheat,2025,4,2025-04-01,Gonda APMC,2489.2,gonda,Gonda
Uttar Pradesh,Wheat,2025,4,2025-04-01,Gopiganj APMC,2425.13,gopiganj,Bhadohi
Uttar Pradesh,Wheat,2025,4,2025-04-01,Gorakhpur APMC,2460.77,gorakhpur,Gorakhpur
Uttar Pradesh,Wheat,2025,4,2025-04-01,Gurusarai APMC,2536.51,gurusarai,Jhansi
Uttar Pradesh,Wheat,2025,4,2025-04-01,Haathras APMC,2461.84,haathras,Hathras
Uttar Pradesh,Wheat,2025,4,2025-04-01,Hapur APMC,2454.48,hapur,Ghaziabad
Uttar Pradesh,Wheat,2025,4,2025-04-01,Hardoi APMC,2453.8,hardoi,Hardoi
Uttar Pradesh,Wheat,2025,4,2025-04-01,Hargaon (Laharpur) APMC,2449.62,hargaon (laharpur),Sitapur
Uttar Pradesh,Wheat,2025,4,2025-04-01,Jafarganj APMC,2517.27,jafarganj,Amethi
Uttar Pradesh,Wheat,2025,4,2025-04-01,Jagnair APMC,2426.4,jagnair,Agra
Uttar Pradesh,Wheat,2025,4,2025-04-01,Jahanabad APMC,2426.82,jahanabad,Fatehpur
Uttar Pradesh,Wheat,2025,4,2025-04-01,Jahangirabad APMC,2440.9,jahangirabad,Bulandshahar
Uttar Pradesh,Wheat,2025,4,2025-04-01,Jalalabad APMC,2488.44,jalalabad,Bijnor
Uttar Pradesh,Wheat,2025,4,2025-04-01,Jalaun APMC,2421.29,jalaun,Jalaun
Uttar Pradesh,Wheat,2025,4,2025-04-01,Jangipura APMC,,jangipura,Ghazipur
Uttar Pradesh,Wheat,2025,4,2025-04-01,Jasra APMC,2445.0,jasra,Prayagraj
Uttar Pradesh,Wheat,2025,4,2025-04-01,Jasvantnagar APMC,2451.76,jasvantnagar,Etawah
Uttar Pradesh,Wheat,2025,4,2025-04-01,Jaunpur APMC,2476.32,jaunpur,Jaunpur
Uttar Pradesh,Wheat,2025,4,2025-04-01,Jayas APMC,2427.39,jayas,Rae Bareli
Uttar Pradesh,Wheat,2025,4,2025-04-01,Jhansi APMC,,jhansi,Jhansi
Uttar Pradesh,Wheat,2025,4,2025-04-01,Jhansi Grain APMC,2560.3,jhansi grain,Jhansi
Uttar Pradesh,Wheat,2025,4,2025-04-01,Jhijhank APMC,,jhijhank,Kanpur Dehat
Uttar Pradesh,Wheat,2025,4,2025-04-01,Kadaura APMC,2445.0,kadaura,Jalaun
Uttar Pradesh,Wheat,2025,4,2025-04-01,Kalpi APMC,,kalpi,Jalaun
Uttar Pradesh,Wheat,2025,4,2025-04-01,Kamlaganj APMC,2467.45,kamlaganj,Farrukhabad
Uttar Pradesh,Wheat,2025,4,2025-04-01,Kannauj APMC,2462.45,kannauj,Kannauj
Uttar Pradesh,Wheat,2025,4,2025-04-01,Kanpur(Grain) APMC,2485.23,kanpur(grain),Jaunpur
Uttar Pradesh,Wheat,2025,4,2025-04-01,Karvi APMC,2539.05,karvi,Chitrakoot
Uttar Pradesh,Wheat,2025,4,2025-04-01,Kasganj APMC,2442.84,kasganj,Kasganj
Uttar Pradesh,Wheat,2025,4,2025-04-01,Kayamganj APMC,2458.68,kayamganj,Farrukhabad
Uttar Pradesh,Wheat,2025,4,2025-04-01,Khaga APMC,2458.02,khaga,Fatehpur
Uttar Pradesh,Wheat,2025,4,2025-04-01,Khair APMC,2397.61,khair,Aligarh
Uttar Pradesh,Wheat,2025,4,2025-04-01,Khairagarh APMC,2453.19,khairagarh,Agra
Uttar Pradesh,Wheat,2025,4,2025-04-01,Khalilabad APMC,2470.0,khalilabad,Sant Kabir Nagar
Uttar Pradesh,Wheat,2025,4,2025-04-01,Khatauli APMC,2592.59,khatauli,Muzaffarnagar
Uttar Pradesh,Wheat,2025,4,2025-04-01,Khurja APMC,2452.02,khurja,Bulandshahr
Uttar Pradesh,Wheat,2025,4,2025-04-01,Kishunpur APMC,2467.43,kishunpur,Bahraich
Uttar Pradesh,Wheat,2025,4,2025-04-01,Konch APMC,2430.33,konch,Jalaun
Uttar Pradesh,Wheat,2025,4,2025-04-01,Kopaganj APMC,2440.54,kopaganj,
Uttar Pradesh,Wheat,2025,4,2025-04-01,Kosikalan APMC,2489.88,kosikalan,Mathura
Uttar Pradesh,Wheat,2025,4,2025-04-01,Kurara APMC,2486.16,kurara,Hamirpur
Uttar Pradesh,Wheat,2025,4,2025-04-01,Lakhimpur APMC,2372.47,lakhimpur,Lalitpur
Uttar Pradesh,Wheat,2025,4,2025-04-01,Lalganj APMC,2433.64,lalganj,Rae Bareli
Uttar Pradesh,Wheat,2025,4,2025-04-01,Lalitpur APMC,2430.64,lalitpur,Lalitpur
Uttar Pradesh,Wheat,2025,4,2025-04-01,Lediyari APMC,2450.0,lediyari,Prayagraj
Uttar Pradesh,Wheat,2025,4,2025-04-01,Lucknow APMC,2425.0,lucknow,Lucknow
Uttar Pradesh,Wheat,2025,4,2025-04-01,Madhoganj APMC,2439.16,madhoganj,Hardoi
Uttar Pradesh,Wheat,2025,4,2025-04-01,Madhogarh APMC,2451.81,madhogarh,Jalaun
Uttar Pradesh,Wheat,2025,4,2025-04-01,Mahoba APMC,2481.83,mahoba,Mahoba
Uttar Pradesh,Wheat,2025,4,2025-04-01,Maigalganj APMC,2428.17,maigalganj,Gorakhpur
Uttar Pradesh,Wheat,2025,4,2025-04-01,Mainpuri APMC,2425.65,mainpuri,Mainpuri
Uttar Pradesh,Wheat,2025,4,2025-04-01,Manjhanpur APMC,2465.18,manjhanpur,Kaushambi
Uttar Pradesh,Wheat,2025,4,2025-04-01,Mathura APMC,2434.82,mathura,Mathura
Uttar Pradesh,Wheat,2025,4,2025-04-01,Maudaha APMC,2450.0,maudaha,Hamirpur
Uttar Pradesh,Wheat,2025,4,2025-04-01,Mauranipur APMC,2548.48,mauranipur,Jhansi
Uttar Pradesh,Wheat,2025,4,2025-04-01,Meerut APMC,2467.65,meerut,Meerut
Uttar Pradesh,Wheat,2025,4,2025-04-01,Mehmoodabad APMC,2425.0,mehmoodabad,Sitapur
Uttar Pradesh,Wheat,2025,4,2025-04-01,Mehrauni APMC,2500.0,mehrauni,Lalitpur
Uttar Pradesh,Wheat,2025,4,2025-04-01,Milak APMC,2425.0,milak,Rampur
Uttar Pradesh,Wheat,2025,4,2025-04-01,Mirzapur APMC,2428.39,mirzapur,Mirzapur
Uttar Pradesh,Wheat,2025,4,2025-04-01,Mohamadabad APMC,2466.57,mohamadabad,Farrukhabad
Uttar Pradesh,Wheat,2025,4,2025-04-01,Mohammdi APMC,2341.53,mohammdi,Kheri
Uttar Pradesh,Wheat,2025,4,2025-04-01,Moth APMC,2518.93,moth,Jhansi
Uttar Pradesh,Wheat,2025,4,2025-04-01,Mugrabaadshahpur APMC,2477.47,mugrabaadshahpur,Jaunpur
Uttar Pradesh,Wheat,2025,4,2025-04-01,Muradabad APMC,2447.12,muradabad,Sambhal
Uttar Pradesh,Wheat,2025,4,2025-04-01,Muradnagar APMC,2447.1,muradnagar,Ghaziabad
Uttar Pradesh,Wheat,2025,4,2025-04-01,Muskara APMC,2427.37,muskara,Mahoba
Uttar Pradesh,Wheat,2025,4,2025-04-01,Muzzafarnagar APMC,2456.97,muzzafarnagar,Muzaffarnagar
Uttar Pradesh,Wheat,2025,4,2025-04-01,Naanpara APMC,2432.25,naanpara,Bahraich
Uttar Pradesh,Wheat,2025,4,2025-04-01,Naugarh APMC,2485.5,naugarh,Siddharthnagar
Uttar Pradesh,Wheat,2025,4,2025-04-01,Nautnava APMC,2425.0,nautnava,Maharajganj
Uttar Pradesh,Wheat,2025,4,2025-04-01,Nawabganj APMC,2466.6,nawabganj,Gonda
Uttar Pradesh,Wheat,2025,4,2025-04-01,Noida APMC,2476.99,noida,Gautam Buddha Nagar
Uttar Pradesh,Wheat,2025,4,2025-04-01,Orai APMC,2419.62,orai,Jalaun
Uttar Pradesh,Wheat,2025,4,2025-04-01,Paliakala APMC,2427.76,paliakala,Kheri
Uttar Pradesh,Wheat,2025,4,2025-04-01,Panchpedwa APMC,2489.02,panchpedwa,Balrampur
Uttar Pradesh,Wheat,2025,4,2025-04-01,Partaval APMC,2455.86,partaval,Mahrajganj
Uttar Pradesh,Wheat,2025,4,2025-04-01,Pilibhit APMC,2459.01,pilibhit,Pilibhit
Uttar Pradesh,Wheat,2025,4,2025-04-01,Powayan APMC,2469.11,powayan,Shahjahanpur
Uttar Pradesh,Wheat,2025,4,2025-04-01,Pratapgarh APMC,2475.63,pratapgarh,Pratapgarh
Uttar Pradesh,Wheat,2025,4,2025-04-01,Prayagraj APMC,2433.77,prayagraj,Prayagraj
Uttar Pradesh,Wheat,2025,4,2025-04-01,Pukharayan APMC,2416.96,pukharayan,Kanpur Dehat
Uttar Pradesh,Wheat,2025,4,2025-04-01,Puranpur APMC,2467.12,puranpur,Pilibhit
Uttar Pradesh,Wheat,2025,4,2025-04-01,Purwa APMC,2445.12,purwa,Unnao
Uttar Pradesh,Wheat,2025,4,2025-04-01,Raath APMC,2441.56,raath,Hamirpur
Uttar Pradesh,Wheat,2025,4,2025-04-01,Raibareilly APMC,2429.52,raibareilly,Rae Bareli
Uttar Pradesh,Wheat,2025,4,2025-04-01,Rampur APMC,2466.73,rampur,Rampur
Uttar Pradesh,Wheat,2025,4,2025-04-01,Rampurmaniharan APMC,2450.0,rampurmaniharan,Saharanpur
Uttar Pradesh,Wheat,2025,4,2025-04-01,Rasda APMC,2475.21,rasda,Ballia
Uttar Pradesh,Wheat,2025,4,2025-04-01,Richha APMC,,richha,Bareilly
Uttar Pradesh,Wheat,2025,4,2025-04-01,Robertsganj APMC,2480.94,robertsganj,Sonbhadra
Uttar Pradesh,Wheat,2025,4,2025-04-01,Rudauli APMC,2500.0,rudauli,Ayodhya
Uttar Pradesh,Wheat,2025,4,2025-04-01,Rura APMC,,rura,Kanpur Dehat
Uttar Pradesh,Wheat,2025,4,2025-04-01,Safdarganj APMC,2480.66,safdarganj,Barabanki
Uttar Pradesh,Wheat,2025,4,2025-04-01,Saharanpur APMC,2449.57,saharanpur,Saharanpur
Uttar Pradesh,Wheat,2025,4,2025-04-01,Sahiyapur APMC,2473.77,sahiyapur,Siddharthnagar
Uttar Pradesh,Wheat,2025,4,2025-04-01,Salon APMC,2467.45,salon,Rae Bareli
Uttar Pradesh,Wheat,2025,4,2025-04-01,Samsabad APMC,2450.0,samsabad,Agra
Uttar Pradesh,Wheat,2025,4,2025-04-01,Sandi APMC,2444.67,sandi,Hardoi
Uttar Pradesh,Wheat,2025,4,2025-04-01,Sandila APMC,2432.78,sandila,Hardoi
Uttar Pradesh,Wheat,2025,4,2025-04-01,Sehjanwa APMC,,sehjanwa,Gorakhpur
Uttar Pradesh,Wheat,2025,4,2025-04-01,Shahabad APMC,,shahabad,Hardoi
Uttar Pradesh,Wheat,2025,4,2025-04-01,Shahabad(New Mandi) APMC,2440.82,shahabad(new mandi),Hardoi
Uttar Pradesh,Wheat,2025,4,2025-04-01,Shahaswan APMC,,shahaswan,Badaun
Uttar Pradesh,Wheat,2025,4,2025-04-01,Shahganj APMC,2480.09,shahganj,Jaunpur
Uttar Pradesh,Wheat,2025,4,2025-04-01,Shahjahanpur APMC,2458.03,shahjahanpur,Shahjahanpur
Uttar Pradesh,Wheat,2025,4,2025-04-01,Shahpur APMC,2460.25,shahpur,Muzaffarnagar
Uttar Pradesh,Wheat,2025,4,2025-04-01,Shamli APMC,2460.8,shamli,Shamli
Uttar Pradesh,Wheat,2025,4,2025-04-01,Shikohabad APMC,,shikohabad,Firozabad
Uttar Pradesh,Wheat,2025,4,2025-04-01,Sikandraraau APMC,2444.72,sikandraraau,Hathras
Uttar Pradesh,Wheat,2025,4,2025-04-01,Sikarpur APMC,2435.64,sikarpur,Bulandshahar
Uttar Pradesh,Wheat,2025,4,2025-04-01,Sirsa APMC,2541.24,sirsa,Gautam Buddha Nagar
Uttar Pradesh,Wheat,2025,4,2025-04-01,Sitapur APMC,2426.14,sitapur,Sitapur
Uttar Pradesh,Wheat,2025,4,2025-04-01,Siyana APMC,2433.08,siyana,Bulandshahar
Uttar Pradesh,Wheat,2025,4,2025-04-01,Sultanpur APMC,2462.5,sultanpur,Amethi
Uttar Pradesh,Wheat,2025,4,2025-04-01,Tamkuhi road APMC,2439.55,tamkuhi road,Kushinagar
Uttar Pradesh,Wheat,2025,4,2025-04-01,Thanabhawan APMC,2475.94,thanabhawan,Shamli
Uttar Pradesh,Wheat,2025,4,2025-04-01,Tikonia APMC,,tikonia,Kheri
Uttar Pradesh,Wheat,2025,4,2025-04-01,Tilhar APMC,2487.34,tilhar,Shahjahanpur
Uttar Pradesh,Wheat,2025,4,2025-04-01,Tulsipur APMC,2513.36,tulsipur,Balrampur
Uttar Pradesh,Wheat,2025,4,2025-04-01,Tundla APMC,2452.17,tundla,Firozabad
Uttar Pradesh,Wheat,2025,4,2025-04-01,Ujhani APMC,2440.37,ujhani,Budaun
Uttar Pradesh,Wheat,2025,4,2025-04-01,Unnao APMC,2396.74,unnao,Unnao
Uttar Pradesh,Wheat,2025,4,2025-04-01,Uttaripura APMC,2472.51,uttaripura,Jaunpur
Uttar Pradesh,Wheat,2025,4,2025-04-01,Varanasi APMC,2509.85,varanasi,Varanasi
Uttar Pradesh,Wheat,2025,4,2025-04-01,Vilthararoad APMC,2535.71,vilthararoad,Ballia
Uttar Pradesh,Wheat,2025,4,2025-04-01,Viswan APMC,2425.45,viswan,Sitapur
Uttar Pradesh,Wheat,2025,4,2025-04-01,Wazirganj APMC,2412.64,wazirganj,Budaun
Uttar Pradesh,Wheat,2025,4,2025-04-01,Yusufpur APMC,,yusufpur,Ghazipur
Uttar Pradesh,Wheat,2025,5,2025-05-01,Achalda APMC,2479.35,achalda,Auraiya
Uttar Pradesh,Wheat,2025,5,2025-05-01,Achnera APMC,2510.79,achnera,Agra
Uttar Pradesh,Wheat,2025,5,2025-05-01,Agra APMC,2481.16,agra,Agra
Uttar Pradesh,Wheat,2025,5,2025-05-01,Ahirora APMC,2455.73,ahirora,Mirzapur
Uttar Pradesh,Wheat,2025,5,2025-05-01,Ait APMC,2450.45,ait,Jalaun
Uttar Pradesh,Wheat,2025,5,2025-05-01,Ajuha APMC,2462.01,ajuha,Prayagraj
Uttar Pradesh,Wheat,2025,5,2025-05-01,Akbarpur APMC,2393.12,akbarpur,Ambedkarnagar
Uttar Pradesh,Wheat,2025,5,2025-05-01,Aliganj APMC,2466.52,aliganj,Etah
Uttar Pradesh,Wheat,2025,5,2025-05-01,Aligarh APMC,2486.03,aligarh,Aligarh
Uttar Pradesh,Wheat,2025,5,2025-05-01,Amroha APMC,2471.63,amroha,Amroha
Uttar Pradesh,Wheat,2025,5,2025-05-01,Anandnagar APMC,2450.0,anandnagar,Mahrajganj
Uttar Pradesh,Wheat,2025,5,2025-05-01,Anoop Shahar APMC,2475.83,anoop shahar,Bulandshahr
Uttar Pradesh,Wheat,2025,5,2025-05-01,Anwala APMC,,anwala,Bareilly
Uttar Pradesh,Wheat,2025,5,2025-05-01,Atarra APMC,2450.0,atarra,Banda
Uttar Pradesh,Wheat,2025,5,2025-05-01,Atrauli APMC,2475.1,atrauli,Aligarh
Uttar Pradesh,Wheat,2025,5,2025-05-01,Auraiya APMC,2479.06,auraiya,Auraiya
Uttar Pradesh,Wheat,2025,5,2025-05-01,Awagarh APMC,2444.88,awagarh,Etah
Uttar Pradesh,Wheat,2025,5,2025-05-01,Ayodhya APMC,2407.52,ayodhya,Ayodhya
Uttar Pradesh,Wheat,2025,5,2025-05-01,Azamgarh APMC,2461.42,azamgarh,Azamgarh
Uttar Pradesh,Wheat,2025,5,2025-05-01,Baberu APMC,2483.9,baberu,Banda
Uttar Pradesh,Wheat,2025,5,2025-05-01,Babrala APMC,2455.01,babrala,Budaun
Uttar Pradesh,Wheat,2025,5,2025-05-01,Bachranwa APMC,2426.74,bachranwa,Rae Bareli
Uttar Pradesh,Wheat,2025,5,2025-05-01,Badayoun APMC,2473.34,badayoun,Budaun
Uttar Pradesh,Wheat,2025,5,2025-05-01,Baheri APMC,2450.38,baheri,Bareilly
Uttar Pradesh,Wheat,2025,5,2025-05-01,Bahraich APMC,2472.97,bahraich,Bahraich
Uttar Pradesh,Wheat,2025,5,2025-05-01,Ballia APMC,2440.78,ballia,Ballia
Uttar Pradesh,Wheat,2025,5,2025-05-01,Balrampur APMC,2472.12,balrampur,Balrampur
Uttar Pradesh,Wheat,2025,5,2025-05-01,Banda APMC,2461.97,banda,Banda
Uttar Pradesh,Wheat,2025,5,2025-05-01,Bangarmau APMC,2428.34,bangarmau,Unnao
Uttar Pradesh,Wheat,2025,5,2025-05-01,Bansi APMC,,bansi,Siddharthnagar
Uttar Pradesh,Wheat,2025,5,2025-05-01,Banthara APMC,2509.73,banthara,Lucknow
Uttar Pradesh,Wheat,2025,5,2025-05-01,Barabanki APMC,2474.22,barabanki,Bara Banki
Uttar Pradesh,Wheat,2025,5,2025-05-01,Baraut APMC,2455.66,baraut,Baghpat
Uttar Pradesh,Wheat,2025,5,2025-05-01,Bareilly APMC,2444.59,bareilly,Bareilly
Uttar Pradesh,Wheat,2025,5,2025-05-01,Baripaal APMC,2433.87,baripaal,Jaunpur
Uttar Pradesh,Wheat,2025,5,2025-05-01,Basti APMC,2461.34,basti,Basti
Uttar Pradesh,Wheat,2025,5,2025-05-01,Bewar APMC,2451.59,bewar,Mainpuri
Uttar Pradesh,Wheat,2025,5,2025-05-01,Bharthna APMC,2454.93,bharthna,Etawah
Uttar Pradesh,Wheat,2025,5,2025-05-01,Bharuasumerpur APMC,2472.88,bharuasumerpur,Hamirpur
Uttar Pradesh,Wheat,2025,5,2025-05-01,Bharwari APMC,2457.52,bharwari,Kaushambi
Uttar Pradesh,Wheat,2025,5,2025-05-01,Bhehjoi APMC,2487.06,bhehjoi,Sambhal
Uttar Pradesh,Wheat,2025,5,2025-05-01,Bhinga APMC,2453.1,bhinga,Shravasti
Uttar Pradesh,Wheat,2025,5,2025-05-01,Bijnaur APMC,2466.19,bijnaur,Bijnor
Uttar Pradesh,Wheat,2025,5,2025-05-01,Bilaspur APMC,2493.37,bilaspur,Rampur
Uttar Pradesh,Wheat,2025,5,2025-05-01,Bilsi APMC,2434.66,bilsi,Budaun
Uttar Pradesh,Wheat,2025,5,2025-05-01,Bindki APMC,2467.44,bindki,Fatehpur
Uttar Pradesh,Wheat,2025,5,2025-05-01,Bishalpur APMC,2449.0,bishalpur,Pilibhit
Uttar Pradesh,Wheat,2025,5,2025-05-01,Bisoli APMC,2447.62,bisoli,Badaun
Uttar Pradesh,Wheat,2025,5,2025-05-01,Buland Shahr APMC,2483.65,buland shahr,Bulandshahr
Uttar Pradesh,Wheat,2025,5,2025-05-01,Chandausi APMC,2459.64,chandausi,Sambhal
Uttar Pradesh,Wheat,2025,5,2025-05-01,Chandoli APMC,2451.91,chandoli,Chandauli
Uttar Pradesh,Wheat,2025,5,2025-05-01,Charkhari APMC,2458.76,charkhari,Mahoba
Uttar Pradesh,Wheat,2025,5,2025-05-01,Charra APMC,2477.86,charra,Aligarh
Uttar Pradesh,Wheat,2025,5,2025-05-01,Chhibramau APMC,2462.91,chhibramau,Kannauj
Uttar Pradesh,Wheat,2025,5,2025-05-01,Chirgaon APMC,,chirgaon,Jhansi
Uttar Pradesh,Wheat,2025,5,2025-05-01,Chorichora APMC,2501.15,chorichora,Gorakhpur
Uttar Pradesh,Wheat,2025,5,2025-05-01,Choubepur APMC,2493.37,choubepur,Jaunpur
Uttar Pradesh,Wheat,2025,5,2025-05-01,Colonelganj APMC,2465.5,colonelganj,Gonda
Uttar Pradesh,Wheat,2025,5,2025-05-01,DADRI APMC,2460.52,dadri,Gautam Buddha Nagar
Uttar Pradesh,Wheat,2025,5,2025-05-01,Dankaur APMC,2450.79,dankaur,Gautam Buddha Nagar
Uttar Pradesh,Wheat,2025,5,2025-05-01,Dataganj APMC,2461.05,dataganj,Badaun
Uttar Pradesh,Wheat,2025,5,2025-05-01,Deoband APMC,,deoband,Saharanpur
Uttar Pradesh,Wheat,2025,5,2025-05-01,Devariya APMC,,devariya,Deoria
Uttar Pradesh,Wheat,2025,5,2025-05-01,Dhanaura APMC,2457.3,dhanaura,Amroha
Uttar Pradesh,Wheat,2025,5,2025-05-01,Dibiapur APMC,2459.9,dibiapur,Auraiya
Uttar Pradesh,Wheat,2025,5,2025-05-01,Divai APMC,,divai,Bulandshahar
Uttar Pradesh,Wheat,2025,5,2025-05-01,Doharighat APMC,2425.65,doharighat,Azamgarh
Uttar Pradesh,Wheat,2025,5,2025-05-01,Dudhi APMC,2475.0,dudhi,Sonbhadra
Uttar Pradesh,Wheat,2025,5,2025-05-01,Etah APMC,2478.42,etah,Etah
Uttar Pradesh,Wheat,2025,5,2025-05-01,Etawah APMC,2456.14,etawah,Etawah
Uttar Pradesh,Wheat,2025,5,2025-05-01,Farukhabad APMC,2469.66,farukhabad,Farrukhabad
Uttar Pradesh,Wheat,2025,5,2025-05-01,Fatehabad APMC,2426.0,fatehabad,Agra
Uttar Pradesh,Wheat,2025,5,2025-05-01,Fatehpur APMC,2456.85,fatehpur,Fatehpur
Uttar Pradesh,Wheat,2025,5,2025-05-01,Fatehpur Sikri APMC,2460.0,fatehpur sikri,Agra
Uttar Pradesh,Wheat,2025,5,2025-05-01,Firozabad APMC,2491.74,firozabad,Firozabad
Uttar Pradesh,Wheat,2025,5,2025-05-01,Gadaura APMC,2424.61,gadaura,Maharajganj
Uttar Pradesh,Wheat,2025,5,2025-05-01,Gazipur APMC,2437.76,gazipur,Azamgarh
Uttar Pradesh,Wheat,2025,5,2025-05-01,Ghaziabad APMC,2325.48,ghaziabad,Ghaziabad
Uttar Pradesh,Wheat,2025,5,2025-05-01,Ghiraur APMC,2478.21,ghiraur,Mainpuri
Uttar Pradesh,Wheat,2025,5,2025-05-01,Golagokarnath APMC,2412.51,golagokarnath,Lalitpur
Uttar Pradesh,Wheat,2025,5,2025-05-01,Gonda APMC,2486.21,gonda,Gonda
Uttar Pradesh,Wheat,2025,5,2025-05-01,Gopiganj APMC,2432.63,gopiganj,Bhadohi
Uttar Pradesh,Wheat,2025,5,2025-05-01,Gorakhpur APMC,2456.42,gorakhpur,Gorakhpur
Uttar Pradesh,Wheat,2025,5,2025-05-01,Gurusarai APMC,2536.71,gurusarai,Jhansi
Uttar Pradesh,Wheat,2025,5,2025-05-01,Haathras APMC,2487.51,haathras,Hathras
Uttar Pradesh,Wheat,2025,5,2025-05-01,Hapur APMC,2460.4,hapur,Ghaziabad
Uttar Pradesh,Wheat,2025,5,2025-05-01,Hardoi APMC,2441.61,hardoi,Hardoi
Uttar Pradesh,Wheat,2025,5,2025-05-01,Hargaon (Laharpur) APMC,2450.0,hargaon (laharpur),Sitapur
Uttar Pradesh,Wheat,2025,5,2025-05-01,Jafarganj APMC,2450.0,jafarganj,Amethi
Uttar Pradesh,Wheat,2025,5,2025-05-01,Jagnair APMC,2449.78,jagnair,Agra
Uttar Pradesh,Wheat,2025,5,2025-05-01,Jahanabad APMC,2497.03,jahanabad,Fatehpur
Uttar Pradesh,Wheat,2025,5,2025-05-01,Jahangirabad APMC,2468.73,jahangirabad,Bulandshahar
Uttar Pradesh,Wheat,2025,5,2025-05-01,Jalalabad APMC,2496.16,jalalabad,Bijnor
Uttar Pradesh,Wheat,2025,5,2025-05-01,Jalaun APMC,2435.74,jalaun,Jalaun
Uttar Pradesh,Wheat,2025,5,2025-05-01,Jasra APMC,2485.0,jasra,Prayagraj
Uttar Pradesh,Wheat,2025,5,2025-05-01,Jasvantnagar APMC,2469.59,jasvantnagar,Etawah
Uttar Pradesh,Wheat,2025,5,2025-05-01,Jaunpur APMC,2454.93,jaunpur,Jaunpur
Uttar Pradesh,Wheat,2025,5,2025-05-01,Jayas APMC,2463.79,jayas,Rae Bareli
Uttar Pradesh,Wheat,2025,5,2025-05-01,Jhansi APMC,,jhansi,Jhansi
Uttar Pradesh,Wheat,2025,5,2025-05-01,Jhansi Grain APMC,2566.69,jhansi grain,Jhansi
Uttar Pradesh,Wheat,2025,5,2025-05-01,Jhijhank APMC,2451.93,jhijhank,Kanpur Dehat
Uttar Pradesh,Wheat,2025,5,2025-05-01,Kadaura APMC,2447.71,kadaura,Jalaun
Uttar Pradesh,Wheat,2025,5,2025-05-01,Kalpi APMC,,kalpi,Jalaun
Uttar Pradesh,Wheat,2025,5,2025-05-01,Kamlaganj APMC,2464.35,kamlaganj,Farrukhabad
Uttar Pradesh,Wheat,2025,5,2025-05-01,Kannauj APMC,2460.81,kannauj,Kannauj
Uttar Pradesh,Wheat,2025,5,2025-05-01,Kanpur(Grain) APMC,2456.99,kanpur(grain),Jaunpur
Uttar Pradesh,Wheat,2025,5,2025-05-01,Karvi APMC,2461.22,karvi,Chitrakoot
Uttar Pradesh,Wheat,2025,5,2025-05-01,Kasganj APMC,2469.59,kasganj,Kasganj
Uttar Pradesh,Wheat,2025,5,2025-05-01,Kayamganj APMC,2463.48,kayamganj,Farrukhabad
Uttar Pradesh,Wheat,2025,5,2025-05-01,Khaga APMC,2470.44,khaga,Fatehpur
Uttar Pradesh,Wheat,2025,5,2025-05-01,Khair APMC,2446.15,khair,Aligarh
Uttar Pradesh,Wheat,2025,5,2025-05-01,Khairagarh APMC,2464.48,khairagarh,Agra
Uttar Pradesh,Wheat,2025,5,2025-05-01,Khalilabad APMC,2450.0,khalilabad,Sant Kabir Nagar
Uttar Pradesh,Wheat,2025,5,2025-05-01,Khatauli APMC,2600.0,khatauli,Muzaffarnagar
Uttar Pradesh,Wheat,2025,5,2025-05-01,Khurja APMC,2465.28,khurja,Bulandshahr
Uttar Pradesh,Wheat,2025,5,2025-05-01,Kishunpur APMC,2452.26,kishunpur,Bahraich
Uttar Pradesh,Wheat,2025,5,2025-05-01,Konch APMC,2439.49,konch,Jalaun
Uttar Pradesh,Wheat,2025,5,2025-05-01,Kopaganj APMC,2641.74,kopaganj,
Uttar Pradesh,Wheat,2025,5,2025-05-01,Kosikalan APMC,2483.1,kosikalan,Mathura
Uttar Pradesh,Wheat,2025,5,2025-05-01,Kurara APMC,2475.0,kurara,Hamirpur
Uttar Pradesh,Wheat,2025,5,2025-05-01,Lakhimpur APMC,2370.02,lakhimpur,Lalitpur
Uttar Pradesh,Wheat,2025,5,2025-05-01,Lalganj APMC,2442.77,lalganj,Rae Bareli
Uttar Pradesh,Wheat,2025,5,2025-05-01,Lalitpur APMC,2502.34,lalitpur,Lalitpur
Uttar Pradesh,Wheat,2025,5,2025-05-01,Lediyari APMC,2450.0,lediyari,Prayagraj
Uttar Pradesh,Wheat,2025,5,2025-05-01,Lucknow APMC,2425.0,lucknow,Lucknow
Uttar Pradesh,Wheat,2025,5,2025-05-01,Madhoganj APMC,2439.66,madhoganj,Hardoi
Uttar Pradesh,Wheat,2025,5,2025-05-01,Madhogarh APMC,2443.82,madhogarh,Jalaun
Uttar Pradesh,Wheat,2025,5,2025-05-01,Mahoba APMC,2467.04,mahoba,Mahoba
Uttar Pradesh,Wheat,2025,5,2025-05-01,Maigalganj APMC,2426.35,maigalganj,Gorakhpur
Uttar Pradesh,Wheat,2025,5,2025-05-01,Mainpuri APMC,2442.31,mainpuri,Mainpuri
Uttar Pradesh,Wheat,2025,5,2025-05-01,Manjhanpur APMC,2459.93,manjhanpur,Kaushambi
Uttar Pradesh,Wheat,2025,5,2025-05-01,Mathura APMC,2482.54,mathura,Mathura
Uttar Pradesh,Wheat,2025,5,2025-05-01,Maudaha APMC,,maudaha,Hamirpur
Uttar Pradesh,Wheat,2025,5,2025-05-01,Mauranipur APMC,2549.37,mauranipur,Jhansi
Uttar Pradesh,Wheat,2025,5,2025-05-01,Mawana APMC,2437.0,mawana,Meerut
Uttar Pradesh,Wheat,2025,5,2025-05-01,Meerut APMC,2470.37,meerut,Meerut
Uttar Pradesh,Wheat,2025,5,2025-05-01,Mehmoodabad APMC,2425.0,mehmoodabad,Sitapur
Uttar Pradesh,Wheat,2025,5,2025-05-01,Mehrauni APMC,2500.0,mehrauni,Lalitpur
Uttar Pradesh,Wheat,2025,5,2025-05-01,Milak APMC,2481.29,milak,Rampur
Uttar Pradesh,Wheat,2025,5,2025-05-01,Mirzapur APMC,2427.03,mirzapur,Mirzapur
Uttar Pradesh,Wheat,2025,5,2025-05-01,Mohamadabad APMC,2467.49,mohamadabad,Farrukhabad
Uttar Pradesh,Wheat,2025,5,2025-05-01,Mohammdi APMC,2302.5,mohammdi,Kheri
Uttar Pradesh,Wheat,2025,5,2025-05-01,Moth APMC,2527.38,moth,Jhansi
Uttar Pradesh,Wheat,2025,5,2025-05-01,Mugrabaadshahpur APMC,2459.46,mugrabaadshahpur,Jaunpur
Uttar Pradesh,Wheat,2025,5,2025-05-01,Muradabad APMC,2471.86,muradabad,Sambhal
Uttar Pradesh,Wheat,2025,5,2025-05-01,Muradnagar APMC,2335.96,muradnagar,Ghaziabad
Uttar Pradesh,Wheat,2025,5,2025-05-01,Muskara APMC,2431.28,muskara,Mahoba
Uttar Pradesh,Wheat,2025,5,2025-05-01,Muzzafarnagar APMC,2454.45,muzzafarnagar,Muzaffarnagar
Uttar Pradesh,Wheat,2025,5,2025-05-01,Naanpara APMC,2450.0,naanpara,Bahraich
Uttar Pradesh,Wheat,2025,5,2025-05-01,Naugarh APMC,2459.91,naugarh,Siddharthnagar
Uttar Pradesh,Wheat,2025,5,2025-05-01,Nautnava APMC,2428.24,nautnava,Maharajganj
Uttar Pradesh,Wheat,2025,5,2025-05-01,Nawabganj APMC,2476.07,nawabganj,Gonda
Uttar Pradesh,Wheat,2025,5,2025-05-01,Noida APMC,,noida,Gautam Buddha Nagar
Uttar Pradesh,Wheat,2025,5,2025-05-01,Orai APMC,2478.97,orai,Jalaun
Uttar Pradesh,Wheat,2025,5,2025-05-01,Paliakala APMC,2432.6,paliakala,Kheri
Uttar Pradesh,Wheat,2025,5,2025-05-01,Panchpedwa APMC,2490.46,panchpedwa,Balrampur
Uttar Pradesh,Wheat,2025,5,2025-05-01,Partaval APMC,2439.63,partaval,Mahrajganj
Uttar Pradesh,Wheat,2025,5,2025-05-01,Pilibhit APMC,2421.34,pilibhit,Pilibhit
Uttar Pradesh,Wheat,2025,5,2025-05-01,Powayan APMC,2460.17,powayan,Shahjahanpur
Uttar Pradesh,Wheat,2025,5,2025-05-01,Pratapgarh APMC,2457.05,pratapgarh,Pratapgarh
Uttar Pradesh,Wheat,2025,5,2025-05-01,Prayagraj APMC,2455.07,prayagraj,Prayagraj
Uttar Pradesh,Wheat,2025,5,2025-05-01,Pukharayan APMC,2419.48,pukharayan,Kanpur Dehat
Uttar Pradesh,Wheat,2025,5,2025-05-01,Puranpur APMC,2420.33,puranpur,Pilibhit
Uttar Pradesh,Wheat,2025,5,2025-05-01,Purwa APMC,2452.48,purwa,Unnao
Uttar Pradesh,Wheat,2025,5,2025-05-01,Raath APMC,2445.56,raath,Hamirpur
Uttar Pradesh,Wheat,2025,5,2025-05-01,Raibareilly APMC,2431.19,raibareilly,Rae Bareli
Uttar Pradesh,Wheat,2025,5,2025-05-01,Rampur APMC,2471.65,rampur,Rampur
Uttar Pradesh,Wheat,2025,5,2025-05-01,Rampurmaniharan APMC,2460.0,rampurmaniharan,Saharanpur
Uttar Pradesh,Wheat,2025,5,2025-05-01,Rasda APMC,2440.0,rasda,Ballia
Uttar Pradesh,Wheat,2025,5,2025-05-01,Richha APMC,2452.5,richha,Bareilly
Uttar Pradesh,Wheat,2025,5,2025-05-01,Robertsganj APMC,2426.1,robertsganj,Sonbhadra
Uttar Pradesh,Wheat,2025,5,2025-05-01,Rudauli APMC,2499.89,rudauli,Ayodhya
Uttar Pradesh,Wheat,2025,5,2025-05-01,Rura APMC,2478.82,rura,Kanpur Dehat
Uttar Pradesh,Wheat,2025,5,2025-05-01,Safdarganj APMC,2398.19,safdarganj,Barabanki
Uttar Pradesh,Wheat,2025,5,2025-05-01,Saharanpur APMC,2446.04,saharanpur,Saharanpur
Uttar Pradesh,Wheat,2025,5,2025-05-01,Sahiyapur APMC,2460.12,sahiyapur,Siddharthnagar
Uttar Pradesh,Wheat,2025,5,2025-05-01,Salon APMC,2465.08,salon,Rae Bareli
Uttar Pradesh,Wheat,2025,5,2025-05-01,Samsabad APMC,2511.63,samsabad,Agra
Uttar Pradesh,Wheat,2025,5,2025-05-01,Sandi APMC,2437.19,sandi,Hardoi
Uttar Pradesh,Wheat,2025,5,2025-05-01,Sandila APMC,2433.15,sandila,Hardoi
Uttar Pradesh,Wheat,2025,5,2025-05-01,Sehjanwa APMC,,sehjanwa,Gorakhpur
Uttar Pradesh,Wheat,2025,5,2025-05-01,Shahabad APMC,2461.56,shahabad,Hardoi
Uttar Pradesh,Wheat,2025,5,2025-05-01,Shahabad(New Mandi) APMC,2447.02,shahabad(new mandi),Hardoi
Uttar Pradesh,Wheat,2025,5,2025-05-01,Shahaswan APMC,,shahaswan,Badaun
Uttar Pradesh,Wheat,2025,5,2025-05-01,Shahganj APMC,2469.25,shahganj,Jaunpur
Uttar Pradesh,Wheat,2025,5,2025-05-01,Shahjahanpur APMC,2461.8,shahjahanpur,Shahjahanpur
Uttar Pradesh,Wheat,2025,5,2025-05-01,Shahpur APMC,2463.03,shahpur,Muzaffarnagar
Uttar Pradesh,Wheat,2025,5,2025-05-01,Shamli APMC,2449.28,shamli,Shamli
Uttar Pradesh,Wheat,2025,5,2025-05-01,Shikohabad APMC,,shikohabad,Firozabad
Uttar Pradesh,Wheat,2025,5,2025-05-01,Sikandraraau APMC,2449.59,sikandraraau,Hathras
Uttar Pradesh,Wheat,2025,5,2025-05-01,Sikarpur APMC,2471.52,sikarpur,Bulandshahar
Uttar Pradesh,Wheat,2025,5,2025-05-01,Sirsa APMC,2450.0,sirsa,Gautam Buddha Nagar
Uttar Pradesh,Wheat,2025,5,2025-05-01,Sitapur APMC,2426.1,sitapur,Sitapur
Uttar Pradesh,Wheat,2025,5,2025-05-01,Siyana APMC,2475.92,siyana,Bulandshahar
Uttar Pradesh,Wheat,2025,5,2025-05-01,Sultanpur APMC,,sultanpur,Amethi
Uttar Pradesh,Wheat,2025,5,2025-05-01,Tamkuhi road APMC,2438.61,tamkuhi road,Kushinagar
Uttar Pradesh,Wheat,2025,5,2025-05-01,Thanabhawan APMC,2457.23,thanabhawan,Shamli
Uttar Pradesh,Wheat,2025,5,2025-05-01,Tikonia APMC,2440.0,tikonia,Kheri
Uttar Pradesh,Wheat,2025,5,2025-05-01,Tilhar APMC,2455.17,tilhar,Shahjahanpur
Uttar Pradesh,Wheat,2025,5,2025-05-01,Tulsipur APMC,2404.23,tulsipur,Balrampur
Uttar Pradesh,Wheat,2025,5,2025-05-01,Tundla APMC,2481.4,tundla,Firozabad
Uttar Pradesh,Wheat,2025,5,2025-05-01,Ujhani APMC,2433.36,ujhani,Budaun
Uttar Pradesh,Wheat,2025,5,2025-05-01,Unnao APMC,2451.89,unnao,Unnao
Uttar Pradesh,Wheat,2025,5,2025-05-01,Uttaripura APMC,2478.92,uttaripura,Jaunpur
Uttar Pradesh,Wheat,2025,5,2025-05-01,Varanasi APMC,2496.36,varanasi,Varanasi
Uttar Pradesh,Wheat,2025,5,2025-05-01,Vilthararoad APMC,2557.69,vilthararoad,Ballia
Uttar Pradesh,Wheat,2025,5,2025-05-01,Viswan APMC,2425.2,viswan,Sitapur
Uttar Pradesh,Wheat,2025,5,2025-05-01,Wazirganj APMC,2437.7,wazirganj,Budaun
Uttar Pradesh,Wheat,2025,5,2025-05-01,Yusufpur APMC,,yusufpur,Ghazipur
Uttar Pradesh,Wheat,2025,6,2025-06-01,Achalda APMC,2487.48,achalda,Auraiya
Uttar Pradesh,Wheat,2025,6,2025-06-01,Achnera APMC,2528.99,achnera,Agra
Uttar Pradesh,Wheat,2025,6,2025-06-01,Agra APMC,2524.9,agra,Agra
Uttar Pradesh,Wheat,2025,6,2025-06-01,Ahirora APMC,2461.1,ahirora,Mirzapur
Uttar Pradesh,Wheat,2025,6,2025-06-01,Ait APMC,2437.24,ait,Jalaun
Uttar Pradesh,Wheat,2025,6,2025-06-01,Ajuha APMC,2514.2,ajuha,Prayagraj
Uttar Pradesh,Wheat,2025,6,2025-06-01,Akbarpur APMC,2461.03,akbarpur,Ambedkarnagar
Uttar Pradesh,Wheat,2025,6,2025-06-01,Aliganj APMC,2472.88,aliganj,Etah
Uttar Pradesh,Wheat,2025,6,2025-06-01,Aligarh APMC,2502.36,aligarh,Aligarh
Uttar Pradesh,Wheat,2025,6,2025-06-01,Amroha APMC,2519.76,amroha,Amroha
Uttar Pradesh,Wheat,2025,6,2025-06-01,Anandnagar APMC,2450.0,anandnagar,Mahrajganj
Uttar Pradesh,Wheat,2025,6,2025-06-01,Anoop Shahar APMC,2503.75,anoop shahar,Bulandshahr
Uttar Pradesh,Wheat,2025,6,2025-06-01,Anwala APMC,,anwala,Bareilly
Uttar Pradesh,Wheat,2025,6,2025-06-01,Atarra APMC,2450.0,atarra,Banda
Uttar Pradesh,Wheat,2025,6,2025-06-01,Atrauli APMC,2467.45,atrauli,Aligarh
Uttar Pradesh,Wheat,2025,6,2025-06-01,Auraiya APMC,2483.4,auraiya,Auraiya
Uttar Pradesh,Wheat,2025,6,2025-06-01,Awagarh APMC,,awagarh,Etah
Uttar Pradesh,Wheat,2025,6,2025-06-01,Ayodhya APMC,2446.92,ayodhya,Ayodhya
Uttar Pradesh,Wheat,2025,6,2025-06-01,Azamgarh APMC,2482.44,azamgarh,Azamgarh
Uttar Pradesh,Wheat,2025,6,2025-06-01,Baberu APMC,2457.77,baberu,Banda
Uttar Pradesh,Wheat,2025,6,2025-06-01,Babrala APMC,2479.78,babrala,Budaun
Uttar Pradesh,Wheat,2025,6,2025-06-01,Bachranwa APMC,2465.45,bachranwa,Rae Bareli
Uttar Pradesh,Wheat,2025,6,2025-06-01,Badayoun APMC,2500.0,badayoun,Budaun
Uttar Pradesh,Wheat,2025,6,2025-06-01,Baheri APMC,2451.11,baheri,Bareilly
Uttar Pradesh,Wheat,2025,6,2025-06-01,Bahraich APMC,2502.26,bahraich,Bahraich
Uttar Pradesh,Wheat,2025,6,2025-06-01,Ballia APMC,2478.32,ballia,Ballia
Uttar Pradesh,Wheat,2025,6,2025-06-01,Balrampur APMC,2592.45,balrampur,Balrampur
Uttar Pradesh,Wheat,2025,6,2025-06-01,Banda APMC,2458.08,banda,Banda
Uttar Pradesh,Wheat,2025,6,2025-06-01,Bangarmau APMC,2468.61,bangarmau,Unnao
Uttar Pradesh,Wheat,2025,6,2025-06-01,Banthara APMC,2581.36,banthara,Lucknow
Uttar Pradesh,Wheat,2025,6,2025-06-01,Barabanki APMC,2533.69,barabanki,Bara Banki
Uttar Pradesh,Wheat,2025,6,2025-06-01,Baraut APMC,2510.84,baraut,Baghpat
Uttar Pradesh,Wheat,2025,6,2025-06-01,Bareilly APMC,2482.04,bareilly,Bareilly
Uttar Pradesh,Wheat,2025,6,2025-06-01,Baripaal APMC,2453.91,baripaal,Jaunpur
Uttar Pradesh,Wheat,2025,6,2025-06-01,Basti APMC,2482.47,basti,Basti
Uttar Pradesh,Wheat,2025,6,2025-06-01,Bewar APMC,2446.65,bewar,Mainpuri
Uttar Pradesh,Wheat,2025,6,2025-06-01,Bharthna APMC,2463.8,bharthna,Etawah
Uttar Pradesh,Wheat,2025,6,2025-06-01,Bharuasumerpur APMC,2497.22,bharuasumerpur,Hamirpur
Uttar Pradesh,Wheat,2025,6,2025-06-01,Bharwari APMC,2495.26,bharwari,Kaushambi
Uttar Pradesh,Wheat,2025,6,2025-06-01,Bhehjoi APMC,2505.0,bhehjoi,Sambhal
Uttar Pradesh,Wheat,2025,6,2025-06-01,Bhinga APMC,2515.0,bhinga,Shravasti
Uttar Pradesh,Wheat,2025,6,2025-06-01,Bijnaur APMC,2518.26,bijnaur,Bijnor
Uttar Pradesh,Wheat,2025,6,2025-06-01,Bilaspur APMC,,bilaspur,Rampur
Uttar Pradesh,Wheat,2025,6,2025-06-01,Bilsi APMC,2460.31,bilsi,Budaun
Uttar Pradesh,Wheat,2025,6,2025-06-01,Bindki APMC,2503.43,bindki,Fatehpur
Uttar Pradesh,Wheat,2025,6,2025-06-01,Bishalpur APMC,2492.78,bishalpur,Pilibhit
Uttar Pradesh,Wheat,2025,6,2025-06-01,Bisoli APMC,2450.26,bisoli,Badaun
Uttar Pradesh,Wheat,2025,6,2025-06-01,Buland Shahr APMC,2506.07,buland shahr,Bulandshahr
Uttar Pradesh,Wheat,2025,6,2025-06-01,Chandausi APMC,2514.55,chandausi,Sambhal
Uttar Pradesh,Wheat,2025,6,2025-06-01,Chandoli APMC,2494.37,chandoli,Chandauli
Uttar Pradesh,Wheat,2025,6,2025-06-01,Charkhari APMC,2450.0,charkhari,Mahoba
Uttar Pradesh,Wheat,2025,6,2025-06-01,Charra APMC,2502.49,charra,Aligarh
Uttar Pradesh,Wheat,2025,6,2025-06-01,Chhibramau APMC,2478.78,chhibramau,Kannauj
Uttar Pradesh,Wheat,2025,6,2025-06-01,Chirgaon APMC,,chirgaon,Jhansi
Uttar Pradesh,Wheat,2025,6,2025-06-01,Chorichora APMC,2472.03,chorichora,Gorakhpur
Uttar Pradesh,Wheat,2025,6,2025-06-01,Choubepur APMC,2489.84,choubepur,Jaunpur
Uttar Pradesh,Wheat,2025,6,2025-06-01,Colonelganj APMC,2457.09,colonelganj,Gonda
Uttar Pradesh,Wheat,2025,6,2025-06-01,DADRI APMC,2511.11,dadri,Gautam Buddha Nagar
Uttar Pradesh,Wheat,2025,6,2025-06-01,Dankaur APMC,2502.56,dankaur,Gautam Buddha Nagar
Uttar Pradesh,Wheat,2025,6,2025-06-01,Dataganj APMC,2515.0,dataganj,Badaun
Uttar Pradesh,Wheat,2025,6,2025-06-01,Deoband APMC,,deoband,Saharanpur
Uttar Pradesh,Wheat,2025,6,2025-06-01,Devariya APMC,2463.38,devariya,Deoria
Uttar Pradesh,Wheat,2025,6,2025-06-01,Dhanaura APMC,2501.98,dhanaura,Amroha
Uttar Pradesh,Wheat,2025,6,2025-06-01,Dibiapur APMC,2467.25,dibiapur,Auraiya
Uttar Pradesh,Wheat,2025,6,2025-06-01,Divai APMC,,divai,Bulandshahar
Uttar Pradesh,Wheat,2025,6,2025-06-01,Doharighat APMC,2425.0,doharighat,Azamgarh
Uttar Pradesh,Wheat,2025,6,2025-06-01,Dudhi APMC,2475.0,dudhi,Sonbhadra
Uttar Pradesh,Wheat,2025,6,2025-06-01,Etah APMC,2497.63,etah,Etah
Uttar Pradesh,Wheat,2025,6,2025-06-01,Etawah APMC,2492.63,etawah,Etawah
Uttar Pradesh,Wheat,2025,6,2025-06-01,Farukhabad APMC,2482.05,farukhabad,Farrukhabad
Uttar Pradesh,Wheat,2025,6,2025-06-01,Fatehabad APMC,,fatehabad,Agra
Uttar Pradesh,Wheat,2025,6,2025-06-01,Fatehpur APMC,2509.32,fatehpur,Fatehpur
Uttar Pradesh,Wheat,2025,6,2025-06-01,Fatehpur Sikri APMC,2517.5,fatehpur sikri,Agra
Uttar Pradesh,Wheat,2025,6,2025-06-01,Firozabad APMC,2516.82,firozabad,Firozabad
Uttar Pradesh,Wheat,2025,6,2025-06-01,Gadaura APMC,2457.13,gadaura,Maharajganj
Uttar Pradesh,Wheat,2025,6,2025-06-01,Gazipur APMC,2485.86,gazipur,Azamgarh
Uttar Pradesh,Wheat,2025,6,2025-06-01,Ghaziabad APMC,2458.62,ghaziabad,Ghaziabad
Uttar Pradesh,Wheat,2025,6,2025-06-01,Ghiraur APMC,2485.06,ghiraur,Mainpuri
Uttar Pradesh,Wheat,2025,6,2025-06-01,Golagokarnath APMC,2429.06,golagokarnath,Lalitpur
Uttar Pradesh,Wheat,2025,6,2025-06-01,Gonda APMC,2521.01,gonda,Gonda
Uttar Pradesh,Wheat,2025,6,2025-06-01,Gopiganj APMC,2459.09,gopiganj,Bhadohi
Uttar Pradesh,Wheat,2025,6,2025-06-01,Gorakhpur APMC,2478.25,gorakhpur,Gorakhpur
Uttar Pradesh,Wheat,2025,6,2025-06-01,Gurusarai APMC,2548.99,gurusarai,Jhansi
Uttar Pradesh,Wheat,2025,6,2025-06-01,Haathras APMC,2523.33,haathras,Hathras
Uttar Pradesh,Wheat,2025,6,2025-06-01,Hapur APMC,2534.4,hapur,Ghaziabad
Uttar Pradesh,Wheat,2025,6,2025-06-01,Hardoi APMC,2485.73,hardoi,Hardoi
Uttar Pradesh,Wheat,2025,6,2025-06-01,Hargaon (Laharpur) APMC,2455.47,hargaon (laharpur),Sitapur
Uttar Pradesh,Wheat,2025,6,2025-06-01,Jafarganj APMC,2522.5,jafarganj,Amethi
Uttar Pradesh,Wheat,2025,6,2025-06-01,Jagnair APMC,2459.77,jagnair,Agra
Uttar Pradesh,Wheat,2025,6,2025-06-01,Jahanabad APMC,2425.17,jahanabad,Fatehpur
Uttar Pradesh,Wheat,2025,6,2025-06-01,Jahangirabad APMC,2492.74,jahangirabad,Bulandshahar
Uttar Pradesh,Wheat,2025,6,2025-06-01,Jalalabad APMC,2530.26,jalalabad,Bijnor
Uttar Pradesh,Wheat,2025,6,2025-06-01,Jalaun APMC,2420.73,jalaun,Jalaun
Uttar Pradesh,Wheat,2025,6,2025-06-01,Jamanian APMC,2475.0,jamanian,Ghazipur
Uttar Pradesh,Wheat,2025,6,2025-06-01,Jangipura APMC,2450.0,jangipura,Ghazipur
Uttar Pradesh,Wheat,2025,6,2025-06-01,Jasra APMC,2500.0,jasra,Prayagraj
Uttar Pradesh,Wheat,2025,6,2025-06-01,Jasvantnagar APMC,2452.31,jasvantnagar,Etawah
Uttar Pradesh,Wheat,2025,6,2025-06-01,Jaunpur APMC,2509.07,jaunpur,Jaunpur
Uttar Pradesh,Wheat,2025,6,2025-06-01,Jayas APMC,2510.11,jayas,Rae Bareli
Uttar Pradesh,Wheat,2025,6,2025-06-01,Jhansi Grain APMC,2565.47,jhansi grain,Jhansi
Uttar Pradesh,Wheat,2025,6,2025-06-01,Jhijhank APMC,2456.07,jhijhank,Kanpur Dehat
Uttar Pradesh,Wheat,2025,6,2025-06-01,Kadaura APMC,2450.0,kadaura,Jalaun
Uttar Pradesh,Wheat,2025,6,2025-06-01,Kalpi APMC,,kalpi,Jalaun
Uttar Pradesh,Wheat,2025,6,2025-06-01,Kamlaganj APMC,2480.87,kamlaganj,Farrukhabad
Uttar Pradesh,Wheat,2025,6,2025-06-01,Kannauj APMC,2482.41,kannauj,Kannauj
Uttar Pradesh,Wheat,2025,6,2025-06-01,Kanpur(Grain) APMC,2468.87,kanpur(grain),Jaunpur
Uttar Pradesh,Wheat,2025,6,2025-06-01,Karvi APMC,2472.81,karvi,Chitrakoot
Uttar Pradesh,Wheat,2025,6,2025-06-01,Kasganj APMC,2500.44,kasganj,Kasganj
Uttar Pradesh,Wheat,2025,6,2025-06-01,Kayamganj APMC,2470.0,kayamganj,Farrukhabad
Uttar Pradesh,Wheat,2025,6,2025-06-01,Khaga APMC,2525.23,khaga,Fatehpur
Uttar Pradesh,Wheat,2025,6,2025-06-01,Khair APMC,2499.71,khair,Aligarh
Uttar Pradesh,Wheat,2025,6,2025-06-01,Khairagarh APMC,2498.63,khairagarh,Agra
Uttar Pradesh,Wheat,2025,6,2025-06-01,Khalilabad APMC,2510.0,khalilabad,Sant Kabir Nagar
Uttar Pradesh,Wheat,2025,6,2025-06-01,Khatauli APMC,2600.0,khatauli,Muzaffarnagar
Uttar Pradesh,Wheat,2025,6,2025-06-01,Khurja APMC,2501.45,khurja,Bulandshahr
Uttar Pradesh,Wheat,2025,6,2025-06-01,Kishunpur APMC,2450.12,kishunpur,Bahraich
Uttar Pradesh,Wheat,2025,6,2025-06-01,Konch APMC,2397.85,konch,Jalaun
Uttar Pradesh,Wheat,2025,6,2025-06-01,Kopaganj APMC,2500.0,kopaganj,
Uttar Pradesh,Wheat,2025,6,2025-06-01,Kosikalan APMC,2497.79,kosikalan,Mathura
Uttar Pradesh,Wheat,2025,6,2025-06-01,Kurara APMC,2475.0,kurara,Hamirpur
Uttar Pradesh,Wheat,2025,6,2025-06-01,Lakhimpur APMC,2394.55,lakhimpur,Lalitpur
Uttar Pradesh,Wheat,2025,6,2025-06-01,Lalganj APMC,2472.49,lalganj,Rae Bareli
Uttar Pradesh,Wheat,2025,6,2025-06-01,Lalitpur APMC,2439.17,lalitpur,Lalitpur
Uttar Pradesh,Wheat,2025,6,2025-06-01,Lediyari APMC,2450.0,lediyari,Prayagraj
Uttar Pradesh,Wheat,2025,6,2025-06-01,Lucknow APMC,2468.49,lucknow,Lucknow
Uttar Pradesh,Wheat,2025,6,2025-06-01,Madhoganj APMC,2472.23,madhoganj,Hardoi
Uttar Pradesh,Wheat,2025,6,2025-06-01,Madhogarh APMC,2436.81,madhogarh,Jalaun
Uttar Pradesh,Wheat,2025,6,2025-06-01,Mahoba APMC,2465.73,mahoba,Mahoba
Uttar Pradesh,Wheat,2025,6,2025-06-01,Maigalganj APMC,2444.38,maigalganj,Gorakhpur
Uttar Pradesh,Wheat,2025,6,2025-06-01,Mainpuri APMC,2444.54,mainpuri,Mainpuri
Uttar Pradesh,Wheat,2025,6,2025-06-01,Manjhanpur APMC,2517.47,manjhanpur,Kaushambi
Uttar Pradesh,Wheat,2025,6,2025-06-01,Mathura APMC,2494.19,mathura,Mathura
Uttar Pradesh,Wheat,2025,6,2025-06-01,Maudaha APMC,2474.07,maudaha,Hamirpur
Uttar Pradesh,Wheat,2025,6,2025-06-01,Mauranipur APMC,2543.78,mauranipur,Jhansi
Uttar Pradesh,Wheat,2025,6,2025-06-01,Mawana APMC,2436.02,mawana,Meerut
Uttar Pradesh,Wheat,2025,6,2025-06-01,Meerut APMC,2506.79,meerut,Meerut
Uttar Pradesh,Wheat,2025,6,2025-06-01,Mehmoodabad APMC,2425.0,mehmoodabad,Sitapur
Uttar Pradesh,Wheat,2025,6,2025-06-01,Mehrauni APMC,2500.0,mehrauni,Lalitpur
Uttar Pradesh,Wheat,2025,6,2025-06-01,Milak APMC,2522.09,milak,Rampur
Uttar Pradesh,Wheat,2025,6,2025-06-01,Mirzapur APMC,2462.83,mirzapur,Mirzapur
Uttar Pradesh,Wheat,2025,6,2025-06-01,Mohamadabad APMC,2481.91,mohamadabad,Farrukhabad
Uttar Pradesh,Wheat,2025,6,2025-06-01,Mohammdi APMC,2322.31,mohammdi,Kheri
Uttar Pradesh,Wheat,2025,6,2025-06-01,Moth APMC,2526.27,moth,Jhansi
Uttar Pradesh,Wheat,2025,6,2025-06-01,Mugrabaadshahpur APMC,2510.94,mugrabaadshahpur,Jaunpur
Uttar Pradesh,Wheat,2025,6,2025-06-01,Muradabad APMC,2517.33,muradabad,Sambhal
Uttar Pradesh,Wheat,2025,6,2025-06-01,Muradnagar APMC,2470.49,muradnagar,Ghaziabad
Uttar Pradesh,Wheat,2025,6,2025-06-01,Muskara APMC,2459.36,muskara,Mahoba
Uttar Pradesh,Wheat,2025,6,2025-06-01,Muzzafarnagar APMC,2528.01,muzzafarnagar,Muzaffarnagar
Uttar Pradesh,Wheat,2025,6,2025-06-01,Naanpara APMC,2443.48,naanpara,Bahraich
Uttar Pradesh,Wheat,2025,6,2025-06-01,Naugarh APMC,2491.33,naugarh,Siddharthnagar
Uttar Pradesh,Wheat,2025,6,2025-06-01,Nautnava APMC,2500.0,nautnava,Maharajganj
Uttar Pradesh,Wheat,2025,6,2025-06-01,Nawabganj APMC,2512.27,nawabganj,Gonda
Uttar Pradesh,Wheat,2025,6,2025-06-01,Orai APMC,2461.09,orai,Jalaun
Uttar Pradesh,Wheat,2025,6,2025-06-01,Paliakala APMC,2461.46,paliakala,Kheri
Uttar Pradesh,Wheat,2025,6,2025-06-01,Panchpedwa APMC,2507.38,panchpedwa,Balrampur
Uttar Pradesh,Wheat,2025,6,2025-06-01,Partaval APMC,2467.52,partaval,Mahrajganj
Uttar Pradesh,Wheat,2025,6,2025-06-01,Pilibhit APMC,2502.15,pilibhit,Pilibhit
Uttar Pradesh,Wheat,2025,6,2025-06-01,Powayan APMC,2481.09,powayan,Shahjahanpur
Uttar Pradesh,Wheat,2025,6,2025-06-01,Pratapgarh APMC,2527.73,pratapgarh,Pratapgarh
Uttar Pradesh,Wheat,2025,6,2025-06-01,Prayagraj APMC,2531.11,prayagraj,Prayagraj
Uttar Pradesh,Wheat,2025,6,2025-06-01,Pukharayan APMC,2464.08,pukharayan,Kanpur Dehat
Uttar Pradesh,Wheat,2025,6,2025-06-01,Puranpur APMC,2499.4,puranpur,Pilibhit
Uttar Pradesh,Wheat,2025,6,2025-06-01,Purwa APMC,2506.19,purwa,Unnao
Uttar Pradesh,Wheat,2025,6,2025-06-01,Raath APMC,2431.08,raath,Hamirpur
Uttar Pradesh,Wheat,2025,6,2025-06-01,Raibareilly APMC,2450.99,raibareilly,Rae Bareli
Uttar Pradesh,Wheat,2025,6,2025-06-01,Rampur APMC,2521.78,rampur,Rampur
Uttar Pradesh,Wheat,2025,6,2025-06-01,Rampurmaniharan APMC,,rampurmaniharan,Saharanpur
Uttar Pradesh,Wheat,2025,6,2025-06-01,Rasda APMC,2471.89,rasda,Ballia
Uttar Pradesh,Wheat,2025,6,2025-06-01,Richha APMC,,richha,Bareilly
Uttar Pradesh,Wheat,2025,6,2025-06-01,Robertsganj APMC,2457.43,robertsganj,Sonbhadra
Uttar Pradesh,Wheat,2025,6,2025-06-01,Rudauli APMC,2505.5,rudauli,Ayodhya
Uttar Pradesh,Wheat,2025,6,2025-06-01,Rura APMC,2475.83,rura,Kanpur Dehat
Uttar Pradesh,Wheat,2025,6,2025-06-01,Safdarganj APMC,2519.16,safdarganj,Barabanki
Uttar Pradesh,Wheat,2025,6,2025-06-01,Saharanpur APMC,2536.74,saharanpur,Saharanpur
Uttar Pradesh,Wheat,2025,6,2025-06-01,Sahiyapur APMC,2508.51,sahiyapur,Siddharthnagar
Uttar Pradesh,Wheat,2025,6,2025-06-01,Salon APMC,2486.95,salon,Rae Bareli
Uttar Pradesh,Wheat,2025,6,2025-06-01,Samsabad APMC,2500.0,samsabad,Agra
Uttar Pradesh,Wheat,2025,6,2025-06-01,Sandi APMC,2471.37,sandi,Hardoi
Uttar Pradesh,Wheat,2025,6,2025-06-01,Sandila APMC,2473.64,sandila,Hardoi
Uttar Pradesh,Wheat,2025,6,2025-06-01,Shahabad APMC,2494.08,shahabad,Hardoi
Uttar Pradesh,Wheat,2025,6,2025-06-01,Shahabad(New Mandi) APMC,2470.59,shahabad(new mandi),Hardoi
Uttar Pradesh,Wheat,2025,6,2025-06-01,Shahaswan APMC,,shahaswan,Badaun
Uttar Pradesh,Wheat,2025,6,2025-06-01,Shahganj APMC,2506.46,shahganj,Jaunpur
Uttar Pradesh,Wheat,2025,6,2025-06-01,Shahjahanpur APMC,2512.93,shahjahanpur,Shahjahanpur
Uttar Pradesh,Wheat,2025,6,2025-06-01,Shahpur APMC,2462.58,shahpur,Muzaffarnagar
Uttar Pradesh,Wheat,2025,6,2025-06-01,Shamli APMC,2539.08,shamli,Shamli
Uttar Pradesh,Wheat,2025,6,2025-06-01,Shikohabad APMC,2500.0,shikohabad,Firozabad
Uttar Pradesh,Wheat,2025,6,2025-06-01,Sikandraraau APMC,2468.23,sikandraraau,Hathras
Uttar Pradesh,Wheat,2025,6,2025-06-01,Sikarpur APMC,2506.45,sikarpur,Bulandshahar
Uttar Pradesh,Wheat,2025,6,2025-06-01,Sirsa APMC,2479.53,sirsa,Gautam Buddha Nagar
Uttar Pradesh,Wheat,2025,6,2025-06-01,Sitapur APMC,2440.43,sitapur,Sitapur
Uttar Pradesh,Wheat,2025,6,2025-06-01,Siyana APMC,2510.0,siyana,Bulandshahar
Uttar Pradesh,Wheat,2025,6,2025-06-01,Sultanpur APMC,,sultanpur,Amethi
Uttar Pradesh,Wheat,2025,6,2025-06-01,Tamkuhi road APMC,2469.35,tamkuhi road,Kushinagar
Uttar Pradesh,Wheat,2025,6,2025-06-01,Thanabhawan APMC,2528.37,thanabhawan,Shamli
Uttar Pradesh,Wheat,2025,6,2025-06-01,Tikonia APMC,,tikonia,Kheri
Uttar Pradesh,Wheat,2025,6,2025-06-01,Tilhar APMC,2528.05,tilhar,Shahjahanpur
Uttar Pradesh,Wheat,2025,6,2025-06-01,Tulsipur APMC,2495.48,tulsipur,Balrampur
Uttar Pradesh,Wheat,2025,6,2025-06-01,Tundla APMC,2501.66,tundla,Firozabad
Uttar Pradesh,Wheat,2025,6,2025-06-01,Ujhani APMC,2466.23,ujhani,Budaun
Uttar Pradesh,Wheat,2025,6,2025-06-01,Unnao APMC,2505.12,unnao,Unnao
Uttar Pradesh,Wheat,2025,6,2025-06-01,Uttaripura APMC,2477.56,uttaripura,Jaunpur
Uttar Pradesh,Wheat,2025,6,2025-06-01,Varanasi APMC,2558.68,varanasi,Varanasi
Uttar Pradesh,Wheat,2025,6,2025-06-01,Vilthararoad APMC,2550.0,vilthararoad,Ballia
Uttar Pradesh,Wheat,2025,6,2025-06-01,Viswan APMC,2431.94,viswan,Sitapur
Uttar Pradesh,Wheat,2025,6,2025-06-01,Wazirganj APMC,2470.15,wazirganj,Budaun
