State,Crop,Calendar_Year,Month,Month_Date,Market,Monthly_Price
Uttar Pradesh,Wheat,2021,1,2021-01-01,Achalda APMC,1680.49
Uttar Pradesh,Wheat,2021,1,2021-01-01,Achnera APMC,1704.88
Uttar Pradesh,Wheat,2021,1,2021-01-01,Agra APMC,1664.65
Uttar Pradesh,Wheat,2021,1,2021-01-01,Ait APMC,1681.49
Uttar Pradesh,Wheat,2021,1,2021-01-01,Ajuha APMC,1673.18
Uttar Pradesh,Wheat,2021,1,2021-01-01,Akbarpur APMC,
Uttar Pradesh,Wheat,2021,1,2021-01-01,Aliganj APMC,1641.71
Uttar Pradesh,Wheat,2021,1,2021-01-01,Aligarh APMC,1753.4
Uttar Pradesh,Wheat,2021,1,2021-01-01,Amroha APMC,1716.55
Uttar Pradesh,Wheat,2021,1,2021-01-01,Anandnagar APMC,1722.5
Uttar Pradesh,Wheat,2021,1,2021-01-01,Atarra APMC,1578.59
Uttar Pradesh,Wheat,2021,1,2021-01-01,Atrauli APMC,1751.26
Uttar Pradesh,Wheat,2021,1,2021-01-01,Auraiya APMC,1694.39
Uttar Pradesh,Wheat,2021,1,2021-01-01,Ayodhya APMC,1701.27
Uttar Pradesh,Wheat,2021,1,2021-01-01,Azamgarh APMC,1739.16
Uttar Pradesh,Wheat,2021,1,2021-01-01,Baberu APMC,1584.49
Uttar Pradesh,Wheat,2021,1,2021-01-01,Babrala APMC,1792.87
Uttar Pradesh,Wheat,2021,1,2021-01-01,Bachranwa APMC,
Uttar Pradesh,Wheat,2021,1,2021-01-01,Badayoun APMC,1717.05
Uttar Pradesh,Wheat,2021,1,2021-01-01,Badda APMC,
Uttar Pradesh,Wheat,2021,1,2021-01-01,Bahraich APMC,1724.16
Uttar Pradesh,Wheat,2021,1,2021-01-01,Ballia APMC,1756.69
Uttar Pradesh,Wheat,2021,1,2021-01-01,Balrampur APMC,1703.8
Uttar Pradesh,Wheat,2021,1,2021-01-01,Banda APMC,1573.93
Uttar Pradesh,Wheat,2021,1,2021-01-01,Bangarmau APMC,1663.08
Uttar Pradesh,Wheat,2021,1,2021-01-01,Bansi APMC,1745.0
Uttar Pradesh,Wheat,2021,1,2021-01-01,Banthara APMC,
Uttar Pradesh,Wheat,2021,1,2021-01-01,Barabanki APMC,1697.91
Uttar Pradesh,Wheat,2021,1,2021-01-01,Baraut APMC,
Uttar Pradesh,Wheat,2021,1,2021-01-01,Bareilly APMC,1716.66
Uttar Pradesh,Wheat,2021,1,2021-01-01,Barhaj APMC,1740.09
Uttar Pradesh,Wheat,2021,1,2021-01-01,Baripaal APMC,1527.59
Uttar Pradesh,Wheat,2021,1,2021-01-01,Basti APMC,1730.11
Uttar Pradesh,Wheat,2021,1,2021-01-01,Bewar APMC,1548.09
Uttar Pradesh,Wheat,2021,1,2021-01-01,Bharthna APMC,1691.35
Uttar Pradesh,Wheat,2021,1,2021-01-01,Bharuasumerpur APMC,1636.43
Uttar Pradesh,Wheat,2021,1,2021-01-01,Bharwari APMC,
Uttar Pradesh,Wheat,2021,1,2021-01-01,Bhehjoi APMC,1638.69
Uttar Pradesh,Wheat,2021,1,2021-01-01,Bijnaur APMC,1719.55
Uttar Pradesh,Wheat,2021,1,2021-01-01,Bilaspur APMC,1713.67
Uttar Pradesh,Wheat,2021,1,2021-01-01,Bilsi APMC,1705.62
Uttar Pradesh,Wheat,2021,1,2021-01-01,Bindki APMC,1675.03
Uttar Pradesh,Wheat,2021,1,2021-01-01,Bishalpur APMC,1705.57
Uttar Pradesh,Wheat,2021,1,2021-01-01,Bisoli APMC,
Uttar Pradesh,Wheat,2021,1,2021-01-01,Buland Shahr APMC,1775.05
Uttar Pradesh,Wheat,2021,1,2021-01-01,Chandausi APMC,1717.94
Uttar Pradesh,Wheat,2021,1,2021-01-01,Chandoli APMC,1735.7
Uttar Pradesh,Wheat,2021,1,2021-01-01,Charra APMC,1749.77
Uttar Pradesh,Wheat,2021,1,2021-01-01,Chhibramau APMC,1689.05
Uttar Pradesh,Wheat,2021,1,2021-01-01,Chirgaon APMC,1674.33
Uttar Pradesh,Wheat,2021,1,2021-01-01,Chitwadagaon APMC,1739.33
Uttar Pradesh,Wheat,2021,1,2021-01-01,Chorichora APMC,1744.41
Uttar Pradesh,Wheat,2021,1,2021-01-01,Choubepur APMC,1721.86
Uttar Pradesh,Wheat,2021,1,2021-01-01,DADRI APMC,1760.9
Uttar Pradesh,Wheat,2021,1,2021-01-01,Dankaur APMC,1750.58
Uttar Pradesh,Wheat,2021,1,2021-01-01,Devariya APMC,1748.21
Uttar Pradesh,Wheat,2021,1,2021-01-01,Dhanaura APMC,1900.0
Uttar Pradesh,Wheat,2021,1,2021-01-01,Dibiapur APMC,
Uttar Pradesh,Wheat,2021,1,2021-01-01,Divai APMC,
Uttar Pradesh,Wheat,2021,1,2021-01-01,Doharighat APMC,
Uttar Pradesh,Wheat,2021,1,2021-01-01,Etah APMC,1708.66
Uttar Pradesh,Wheat,2021,1,2021-01-01,Etawah APMC,1705.88
Uttar Pradesh,Wheat,2021,1,2021-01-01,Farukhabad APMC,1681.83
Uttar Pradesh,Wheat,2021,1,2021-01-01,Fatehabad APMC,1609.33
Uttar Pradesh,Wheat,2021,1,2021-01-01,Fatehpur APMC,1632.03
Uttar Pradesh,Wheat,2021,1,2021-01-01,Fatehpur Sikri APMC,1651.81
Uttar Pradesh,Wheat,2021,1,2021-01-01,Firozabad APMC,1725.83
Uttar Pradesh,Wheat,2021,1,2021-01-01,Gadaura APMC,1849.2
Uttar Pradesh,Wheat,2021,1,2021-01-01,Gangoh APMC,
Uttar Pradesh,Wheat,2021,1,2021-01-01,Gazipur APMC,1731.94
Uttar Pradesh,Wheat,2021,1,2021-01-01,Ghaziabad APMC,1827.75
Uttar Pradesh,Wheat,2021,1,2021-01-01,Ghiraur APMC,1590.45
Uttar Pradesh,Wheat,2021,1,2021-01-01,Golagokarnath APMC,1719.29
Uttar Pradesh,Wheat,2021,1,2021-01-01,Gonda APMC,1689.68
Uttar Pradesh,Wheat,2021,1,2021-01-01,Gopiganj APMC,
Uttar Pradesh,Wheat,2021,1,2021-01-01,Gorakhpur APMC,1729.7
Uttar Pradesh,Wheat,2021,1,2021-01-01,Gurusarai APMC,1580.0
Uttar Pradesh,Wheat,2021,1,2021-01-01,Haathras APMC,1722.55
Uttar Pradesh,Wheat,2021,1,2021-01-01,Haldaur APMC,1700.0
Uttar Pradesh,Wheat,2021,1,2021-01-01,Hamirpur APMC,1675.0
Uttar Pradesh,Wheat,2021,1,2021-01-01,Hapur APMC,1779.61
Uttar Pradesh,Wheat,2021,1,2021-01-01,Hardoi APMC,1686.79
Uttar Pradesh,Wheat,2021,1,2021-01-01,Hargaon (Laharpur) APMC,
Uttar Pradesh,Wheat,2021,1,2021-01-01,Hasanpur APMC,
Uttar Pradesh,Wheat,2021,1,2021-01-01,Jafarganj APMC,1714.09
Uttar Pradesh,Wheat,2021,1,2021-01-01,Jagnair APMC,1642.21
Uttar Pradesh,Wheat,2021,1,2021-01-01,Jahanabad APMC,
Uttar Pradesh,Wheat,2021,1,2021-01-01,Jahangirabad APMC,
Uttar Pradesh,Wheat,2021,1,2021-01-01,Jalaun APMC,1650.35
Uttar Pradesh,Wheat,2021,1,2021-01-01,Jangipura APMC,1735.25
Uttar Pradesh,Wheat,2021,1,2021-01-01,Jasra APMC,
Uttar Pradesh,Wheat,2021,1,2021-01-01,Jaunpur APMC,1719.04
Uttar Pradesh,Wheat,2021,1,2021-01-01,Jayas APMC,1676.05
Uttar Pradesh,Wheat,2021,1,2021-01-01,Jhansi APMC,1608.73
Uttar Pradesh,Wheat,2021,1,2021-01-01,Jhijhank APMC,1679.67
Uttar Pradesh,Wheat,2021,1,2021-01-01,Kalpi APMC,1621.85
Uttar Pradesh,Wheat,2021,1,2021-01-01,Kamlaganj APMC,1593.41
Uttar Pradesh,Wheat,2021,1,2021-01-01,Kannauj APMC,1697.82
Uttar Pradesh,Wheat,2021,1,2021-01-01,Kanpur(Grain) APMC,1722.07
Uttar Pradesh,Wheat,2021,1,2021-01-01,Karvi APMC,1604.9
Uttar Pradesh,Wheat,2021,1,2021-01-01,Kasganj APMC,1694.15
Uttar Pradesh,Wheat,2021,1,2021-01-01,Kayamganj APMC,1678.49
Uttar Pradesh,Wheat,2021,1,2021-01-01,Khaga APMC,1840.0
Uttar Pradesh,Wheat,2021,1,2021-01-01,Khair APMC,1729.78
Uttar Pradesh,Wheat,2021,1,2021-01-01,Khairagarh APMC,1584.59
Uttar Pradesh,Wheat,2021,1,2021-01-01,Khalilabad APMC,1844.13
Uttar Pradesh,Wheat,2021,1,2021-01-01,Khurja APMC,1772.14
Uttar Pradesh,Wheat,2021,1,2021-01-01,Kishunpur APMC,1700.0
Uttar Pradesh,Wheat,2021,1,2021-01-01,Konch APMC,1624.9
Uttar Pradesh,Wheat,2021,1,2021-01-01,Kopaganj APMC,1741.12
Uttar Pradesh,Wheat,2021,1,2021-01-01,Kosikalan APMC,1654.67
Uttar Pradesh,Wheat,2021,1,2021-01-01,Kurara APMC,1536.37
Uttar Pradesh,Wheat,2021,1,2021-01-01,Lakhimpur APMC,1713.86
Uttar Pradesh,Wheat,2021,1,2021-01-01,Lalganj APMC,1605.41
Uttar Pradesh,Wheat,2021,1,2021-01-01,Lalitpur APMC,1680.43
Uttar Pradesh,Wheat,2021,1,2021-01-01,Lucknow APMC,1683.32
Uttar Pradesh,Wheat,2021,1,2021-01-01,Madhoganj APMC,1673.85
Uttar Pradesh,Wheat,2021,1,2021-01-01,Madhogarh APMC,1646.92
Uttar Pradesh,Wheat,2021,1,2021-01-01,Maharajganj APMC,1798.66
Uttar Pradesh,Wheat,2021,1,2021-01-01,Mahoba APMC,1633.67
Uttar Pradesh,Wheat,2021,1,2021-01-01,Maigalganj APMC,1659.23
Uttar Pradesh,Wheat,2021,1,2021-01-01,Mainpuri APMC,1642.54
Uttar Pradesh,Wheat,2021,1,2021-01-01,Mathura APMC,1682.49
Uttar Pradesh,Wheat,2021,1,2021-01-01,Maudaha APMC,1631.87
Uttar Pradesh,Wheat,2021,1,2021-01-01,Mauranipur APMC,1601.99
Uttar Pradesh,Wheat,2021,1,2021-01-01,Mawana APMC,1743.01
Uttar Pradesh,Wheat,2021,1,2021-01-01,Meerut APMC,1743.44
Uttar Pradesh,Wheat,2021,1,2021-01-01,Mehmoodabad APMC,1626.75
Uttar Pradesh,Wheat,2021,1,2021-01-01,Milak APMC,1715.95
Uttar Pradesh,Wheat,2021,1,2021-01-01,Mirzapur APMC,1724.32
Uttar Pradesh,Wheat,2021,1,2021-01-01,Mohamadabad APMC,1688.91
Uttar Pradesh,Wheat,2021,1,2021-01-01,Mohammdi APMC,
Uttar Pradesh,Wheat,2021,1,2021-01-01,Mugrabaadshahpur APMC,1723.07
Uttar Pradesh,Wheat,2021,1,2021-01-01,Muradabad APMC,1712.61
Uttar Pradesh,Wheat,2021,1,2021-01-01,Muskara APMC,1632.16
Uttar Pradesh,Wheat,2021,1,2021-01-01,Muzzafarnagar APMC,1744.45
Uttar Pradesh,Wheat,2021,1,2021-01-01,Naanpara APMC,1716.65
Uttar Pradesh,Wheat,2021,1,2021-01-01,Naugarh APMC,1737.59
Uttar Pradesh,Wheat,2021,1,2021-01-01,Nautnava APMC,
Uttar Pradesh,Wheat,2021,1,2021-01-01,Nawabganj APMC,1691.81
Uttar Pradesh,Wheat,2021,1,2021-01-01,Orai APMC,1644.81
Uttar Pradesh,Wheat,2021,1,2021-01-01,Paliakala APMC,1694.88
Uttar Pradesh,Wheat,2021,1,2021-01-01,Panchpedwa APMC,1660.75
Uttar Pradesh,Wheat,2021,1,2021-01-01,Partaval APMC,1733.84
Uttar Pradesh,Wheat,2021,1,2021-01-01,Payagpur APMC,
Uttar Pradesh,Wheat,2021,1,2021-01-01,Pilibhit APMC,1710.02
Uttar Pradesh,Wheat,2021,1,2021-01-01,Powayan APMC,1704.51
Uttar Pradesh,Wheat,2021,1,2021-01-01,Pratapgarh APMC,1744.96
Uttar Pradesh,Wheat,2021,1,2021-01-01,Prayagraj APMC,
Uttar Pradesh,Wheat,2021,1,2021-01-01,Pukharayan APMC,1683.48
Uttar Pradesh,Wheat,2021,1,2021-01-01,Puranpur APMC,1709.7
Uttar Pradesh,Wheat,2021,1,2021-01-01,Purwa APMC,1672.81
Uttar Pradesh,Wheat,2021,1,2021-01-01,Raath APMC,1652.98
Uttar Pradesh,Wheat,2021,1,2021-01-01,Raibareilly APMC,1622.01
Uttar Pradesh,Wheat,2021,1,2021-01-01,Rampur APMC,1720.27
Uttar Pradesh,Wheat,2021,1,2021-01-01,Rasda APMC,1733.08
Uttar Pradesh,Wheat,2021,1,2021-01-01,Robertsganj APMC,1871.53
Uttar Pradesh,Wheat,2021,1,2021-01-01,Rudauli APMC,
Uttar Pradesh,Wheat,2021,1,2021-01-01,Rura APMC,1632.52
Uttar Pradesh,Wheat,2021,1,2021-01-01,Safdarganj APMC,
Uttar Pradesh,Wheat,2021,1,2021-01-01,Saharanpur APMC,1737.99
Uttar Pradesh,Wheat,2021,1,2021-01-01,Sahiyapur APMC,1742.67
Uttar Pradesh,Wheat,2021,1,2021-01-01,Salon APMC,1716.48
Uttar Pradesh,Wheat,2021,1,2021-01-01,Samsabad APMC,
Uttar Pradesh,Wheat,2021,1,2021-01-01,Sandi APMC,
Uttar Pradesh,Wheat,2021,1,2021-01-01,Sandila APMC,1670.63
Uttar Pradesh,Wheat,2021,1,2021-01-01,Sehjanwa APMC,1729.72
Uttar Pradesh,Wheat,2021,1,2021-01-01,Shahabad(New Mandi) APMC,1679.23
Uttar Pradesh,Wheat,2021,1,2021-01-01,Shahganj APMC,1722.02
Uttar Pradesh,Wheat,2021,1,2021-01-01,Shahjahanpur APMC,1709.19
Uttar Pradesh,Wheat,2021,1,2021-01-01,Shahpur APMC,
Uttar Pradesh,Wheat,2021,1,2021-01-01,Shamli APMC,1743.67
Uttar Pradesh,Wheat,2021,1,2021-01-01,Shikohabad APMC,1634.08
Uttar Pradesh,Wheat,2021,1,2021-01-01,Sikandraraau APMC,1697.5
Uttar Pradesh,Wheat,2021,1,2021-01-01,Sirsaganj APMC,1800.0
Uttar Pradesh,Wheat,2021,1,2021-01-01,Sitapur APMC,1634.94
Uttar Pradesh,Wheat,2021,1,2021-01-01,Sultanpur APMC,1761.6
Uttar Pradesh,Wheat,2021,1,2021-01-01,Tikonia APMC,1842.65
Uttar Pradesh,Wheat,2021,1,2021-01-01,Tulsipur APMC,1705.45
Uttar Pradesh,Wheat,2021,1,2021-01-01,Tundla APMC,1703.99
Uttar Pradesh,Wheat,2021,1,2021-01-01,Ujhani APMC,1718.08
Uttar Pradesh,Wheat,2021,1,2021-01-01,Unnao APMC,1658.05
Uttar Pradesh,Wheat,2021,1,2021-01-01,Uttaripura APMC,1573.29
Uttar Pradesh,Wheat,2021,1,2021-01-01,Varanasi APMC,1728.38
Uttar Pradesh,Wheat,2021,1,2021-01-01,Viswan APMC,
Uttar Pradesh,Wheat,2021,1,2021-01-01,Wazirganj APMC,1717.52
Uttar Pradesh,Wheat,2021,1,2021-01-01,Yusufpur APMC,
Uttar Pradesh,Wheat,2021,1,2021-01-01,Note:,
Uttar Pradesh,Wheat,2021,1,2021-01-01,Weighted Average Price = ∑(arrival quantity * modal price) / ∑arrival quantity,
Uttar Pradesh,Wheat,2021,1,2021-01-01,Change (Over Previous Month) = [Price - Price(Over Previous Month)/Price(Over Previous Month)] * 100,
Uttar Pradesh,Wheat,2021,1,2021-01-01,Change (Over Previous Year) = [Price - Price(Over Previous Year)/Price(Over Previous Year)] * 100,
Uttar Pradesh,Wheat,2021,2,2021-02-01,Achalda APMC,1664.6
Uttar Pradesh,Wheat,2021,2,2021-02-01,Achnera APMC,1725.42
Uttar Pradesh,Wheat,2021,2,2021-02-01,Agra APMC,1726.68
Uttar Pradesh,Wheat,2021,2,2021-02-01,Ait APMC,1622.71
Uttar Pradesh,Wheat,2021,2,2021-02-01,Ajuha APMC,1693.8
Uttar Pradesh,Wheat,2021,2,2021-02-01,Akbarpur APMC,1707.38
Uttar Pradesh,Wheat,2021,2,2021-02-01,Aliganj APMC,1688.11
Uttar Pradesh,Wheat,2021,2,2021-02-01,Aligarh APMC,1714.54
Uttar Pradesh,Wheat,2021,2,2021-02-01,Amroha APMC,1727.98
Uttar Pradesh,Wheat,2021,2,2021-02-01,Anandnagar APMC,1707.35
Uttar Pradesh,Wheat,2021,2,2021-02-01,Anoop Shahar APMC,1723.71
Uttar Pradesh,Wheat,2021,2,2021-02-01,Atarra APMC,1618.53
Uttar Pradesh,Wheat,2021,2,2021-02-01,Atrauli APMC,1751.28
Uttar Pradesh,Wheat,2021,2,2021-02-01,Auraiya APMC,1653.61
Uttar Pradesh,Wheat,2021,2,2021-02-01,Awagarh APMC,
Uttar Pradesh,Wheat,2021,2,2021-02-01,Ayodhya APMC,1701.52
Uttar Pradesh,Wheat,2021,2,2021-02-01,Azamgarh APMC,1728.86
Uttar Pradesh,Wheat,2021,2,2021-02-01,Baberu APMC,1618.61
Uttar Pradesh,Wheat,2021,2,2021-02-01,Babrala APMC,1645.68
Uttar Pradesh,Wheat,2021,2,2021-02-01,Bachranwa APMC,1675.0
Uttar Pradesh,Wheat,2021,2,2021-02-01,Badayoun APMC,1723.31
Uttar Pradesh,Wheat,2021,2,2021-02-01,Badda APMC,
Uttar Pradesh,Wheat,2021,2,2021-02-01,Bahraich APMC,1705.95
Uttar Pradesh,Wheat,2021,2,2021-02-01,Ballia APMC,1757.23
Uttar Pradesh,Wheat,2021,2,2021-02-01,Balrampur APMC,1736.2
Uttar Pradesh,Wheat,2021,2,2021-02-01,Banda APMC,1625.19
Uttar Pradesh,Wheat,2021,2,2021-02-01,Bangarmau APMC,1675.63
Uttar Pradesh,Wheat,2021,2,2021-02-01,Bansi APMC,1700.0
Uttar Pradesh,Wheat,2021,2,2021-02-01,Banthara APMC,
Uttar Pradesh,Wheat,2021,2,2021-02-01,Barabanki APMC,1683.56
Uttar Pradesh,Wheat,2021,2,2021-02-01,Baraut APMC,
Uttar Pradesh,Wheat,2021,2,2021-02-01,Bareilly APMC,1739.74
Uttar Pradesh,Wheat,2021,2,2021-02-01,Barhaj APMC,1726.59
Uttar Pradesh,Wheat,2021,2,2021-02-01,Baripaal APMC,1598.53
Uttar Pradesh,Wheat,2021,2,2021-02-01,Basti APMC,1709.9
Uttar Pradesh,Wheat,2021,2,2021-02-01,Bewar APMC,1601.14
Uttar Pradesh,Wheat,2021,2,2021-02-01,Bharthna APMC,1651.4
Uttar Pradesh,Wheat,2021,2,2021-02-01,Bharuasumerpur APMC,1644.6
Uttar Pradesh,Wheat,2021,2,2021-02-01,Bharwari APMC,
Uttar Pradesh,Wheat,2021,2,2021-02-01,Bhehjoi APMC,1625.0
Uttar Pradesh,Wheat,2021,2,2021-02-01,Bijnaur APMC,1728.33
Uttar Pradesh,Wheat,2021,2,2021-02-01,Bilaspur APMC,1720.0
Uttar Pradesh,Wheat,2021,2,2021-02-01,Bilsi APMC,1719.0
Uttar Pradesh,Wheat,2021,2,2021-02-01,Bindki APMC,1711.14
Uttar Pradesh,Wheat,2021,2,2021-02-01,Bishalpur APMC,1715.54
Uttar Pradesh,Wheat,2021,2,2021-02-01,Bisoli APMC,
Uttar Pradesh,Wheat,2021,2,2021-02-01,Buland Shahr APMC,1792.45
Uttar Pradesh,Wheat,2021,2,2021-02-01,Chandausi APMC,1730.65
Uttar Pradesh,Wheat,2021,2,2021-02-01,Chandoli APMC,1772.19
Uttar Pradesh,Wheat,2021,2,2021-02-01,Charra APMC,1742.56
Uttar Pradesh,Wheat,2021,2,2021-02-01,Chhibramau APMC,1703.73
Uttar Pradesh,Wheat,2021,2,2021-02-01,Chirgaon APMC,1625.15
Uttar Pradesh,Wheat,2021,2,2021-02-01,Chitwadagaon APMC,1745.65
Uttar Pradesh,Wheat,2021,2,2021-02-01,Chorichora APMC,1717.18
Uttar Pradesh,Wheat,2021,2,2021-02-01,Choubepur APMC,1758.51
Uttar Pradesh,Wheat,2021,2,2021-02-01,DADRI APMC,1753.25
Uttar Pradesh,Wheat,2021,2,2021-02-01,Dankaur APMC,1751.86
Uttar Pradesh,Wheat,2021,2,2021-02-01,Dataganj APMC,1662.0
Uttar Pradesh,Wheat,2021,2,2021-02-01,Devariya APMC,1726.56
Uttar Pradesh,Wheat,2021,2,2021-02-01,Dhanaura APMC,1900.0
Uttar Pradesh,Wheat,2021,2,2021-02-01,Dibiapur APMC,1614.77
Uttar Pradesh,Wheat,2021,2,2021-02-01,Divai APMC,
Uttar Pradesh,Wheat,2021,2,2021-02-01,Doharighat APMC,
Uttar Pradesh,Wheat,2021,2,2021-02-01,Etah APMC,1685.6
Uttar Pradesh,Wheat,2021,2,2021-02-01,Etawah APMC,1676.33
Uttar Pradesh,Wheat,2021,2,2021-02-01,Farukhabad APMC,1720.55
Uttar Pradesh,Wheat,2021,2,2021-02-01,Fatehabad APMC,1594.67
Uttar Pradesh,Wheat,2021,2,2021-02-01,Fatehpur APMC,1687.1
Uttar Pradesh,Wheat,2021,2,2021-02-01,Fatehpur Sikri APMC,1757.23
Uttar Pradesh,Wheat,2021,2,2021-02-01,Firozabad APMC,1759.1
Uttar Pradesh,Wheat,2021,2,2021-02-01,Gadaura APMC,1850.0
Uttar Pradesh,Wheat,2021,2,2021-02-01,Gangoh APMC,
Uttar Pradesh,Wheat,2021,2,2021-02-01,Gazipur APMC,1752.3
Uttar Pradesh,Wheat,2021,2,2021-02-01,Ghaziabad APMC,1802.28
Uttar Pradesh,Wheat,2021,2,2021-02-01,Ghiraur APMC,1622.22
Uttar Pradesh,Wheat,2021,2,2021-02-01,Golagokarnath APMC,1707.27
Uttar Pradesh,Wheat,2021,2,2021-02-01,Gonda APMC,1667.89
Uttar Pradesh,Wheat,2021,2,2021-02-01,Gopiganj APMC,
Uttar Pradesh,Wheat,2021,2,2021-02-01,Gorakhpur APMC,1706.22
Uttar Pradesh,Wheat,2021,2,2021-02-01,Gurusarai APMC,1594.42
Uttar Pradesh,Wheat,2021,2,2021-02-01,Haathras APMC,1725.42
Uttar Pradesh,Wheat,2021,2,2021-02-01,Haldaur APMC,1711.9
Uttar Pradesh,Wheat,2021,2,2021-02-01,Hamirpur APMC,1633.18
Uttar Pradesh,Wheat,2021,2,2021-02-01,Hapur APMC,1772.13
Uttar Pradesh,Wheat,2021,2,2021-02-01,Hardoi APMC,1732.46
Uttar Pradesh,Wheat,2021,2,2021-02-01,Hargaon (Laharpur) APMC,
Uttar Pradesh,Wheat,2021,2,2021-02-01,Hasanpur APMC,
Uttar Pradesh,Wheat,2021,2,2021-02-01,Jafarganj APMC,1677.09
Uttar Pradesh,Wheat,2021,2,2021-02-01,Jagnair APMC,
Uttar Pradesh,Wheat,2021,2,2021-02-01,Jahanabad APMC,
Uttar Pradesh,Wheat,2021,2,2021-02-01,Jahangirabad APMC,1760.57
Uttar Pradesh,Wheat,2021,2,2021-02-01,Jalaun APMC,1579.47
Uttar Pradesh,Wheat,2021,2,2021-02-01,Jamanian APMC,
Uttar Pradesh,Wheat,2021,2,2021-02-01,Jangipura APMC,1750.69
Uttar Pradesh,Wheat,2021,2,2021-02-01,Jasra APMC,
Uttar Pradesh,Wheat,2021,2,2021-02-01,Jaunpur APMC,1735.99
Uttar Pradesh,Wheat,2021,2,2021-02-01,Jayas APMC,1706.73
Uttar Pradesh,Wheat,2021,2,2021-02-01,Jhansi APMC,1620.75
Uttar Pradesh,Wheat,2021,2,2021-02-01,Jhijhank APMC,1710.38
Uttar Pradesh,Wheat,2021,2,2021-02-01,Kalpi APMC,1595.45
Uttar Pradesh,Wheat,2021,2,2021-02-01,Kamlaganj APMC,1688.33
Uttar Pradesh,Wheat,2021,2,2021-02-01,Kannauj APMC,1698.41
Uttar Pradesh,Wheat,2021,2,2021-02-01,Kanpur(Grain) APMC,1703.08
Uttar Pradesh,Wheat,2021,2,2021-02-01,Karvi APMC,1604.63
Uttar Pradesh,Wheat,2021,2,2021-02-01,Kasganj APMC,1695.23
Uttar Pradesh,Wheat,2021,2,2021-02-01,Kayamganj APMC,1695.65
Uttar Pradesh,Wheat,2021,2,2021-02-01,Khaga APMC,1840.0
Uttar Pradesh,Wheat,2021,2,2021-02-01,Khair APMC,1727.67
Uttar Pradesh,Wheat,2021,2,2021-02-01,Khairagarh APMC,1627.4
Uttar Pradesh,Wheat,2021,2,2021-02-01,Khalilabad APMC,1775.0
Uttar Pradesh,Wheat,2021,2,2021-02-01,Khurja APMC,1803.64
Uttar Pradesh,Wheat,2021,2,2021-02-01,Kishunpur APMC,1704.93
Uttar Pradesh,Wheat,2021,2,2021-02-01,Konch APMC,1559.62
Uttar Pradesh,Wheat,2021,2,2021-02-01,Kopaganj APMC,1734.87
Uttar Pradesh,Wheat,2021,2,2021-02-01,Kosikalan APMC,1747.78
Uttar Pradesh,Wheat,2021,2,2021-02-01,Kurara APMC,1567.8
Uttar Pradesh,Wheat,2021,2,2021-02-01,Lakhimpur APMC,1697.27
Uttar Pradesh,Wheat,2021,2,2021-02-01,Lalganj APMC,1685.75
Uttar Pradesh,Wheat,2021,2,2021-02-01,Lalitpur APMC,1633.9
Uttar Pradesh,Wheat,2021,2,2021-02-01,Lucknow APMC,1699.51
Uttar Pradesh,Wheat,2021,2,2021-02-01,Madhoganj APMC,1688.94
Uttar Pradesh,Wheat,2021,2,2021-02-01,Madhogarh APMC,1570.15
Uttar Pradesh,Wheat,2021,2,2021-02-01,Maharajganj APMC,1825.94
Uttar Pradesh,Wheat,2021,2,2021-02-01,Mahoba APMC,1640.62
Uttar Pradesh,Wheat,2021,2,2021-02-01,Maigalganj APMC,1647.91
Uttar Pradesh,Wheat,2021,2,2021-02-01,Mainpuri APMC,1648.95
Uttar Pradesh,Wheat,2021,2,2021-02-01,Mathura APMC,1732.89
Uttar Pradesh,Wheat,2021,2,2021-02-01,Mau(Chitrakut) APMC,
Uttar Pradesh,Wheat,2021,2,2021-02-01,Maudaha APMC,1646.3
Uttar Pradesh,Wheat,2021,2,2021-02-01,Mauranipur APMC,1581.5
Uttar Pradesh,Wheat,2021,2,2021-02-01,Mawana APMC,1730.48
Uttar Pradesh,Wheat,2021,2,2021-02-01,Meerut APMC,1731.11
Uttar Pradesh,Wheat,2021,2,2021-02-01,Mehmoodabad APMC,1672.2
Uttar Pradesh,Wheat,2021,2,2021-02-01,Milak APMC,1732.06
Uttar Pradesh,Wheat,2021,2,2021-02-01,Mirzapur APMC,1733.57
Uttar Pradesh,Wheat,2021,2,2021-02-01,Mohamadabad APMC,1694.01
Uttar Pradesh,Wheat,2021,2,2021-02-01,Mugrabaadshahpur APMC,1731.61
Uttar Pradesh,Wheat,2021,2,2021-02-01,Muradabad APMC,1727.73
Uttar Pradesh,Wheat,2021,2,2021-02-01,Muskara APMC,1610.33
Uttar Pradesh,Wheat,2021,2,2021-02-01,Muzzafarnagar APMC,1755.23
Uttar Pradesh,Wheat,2021,2,2021-02-01,Naanpara APMC,1706.52
Uttar Pradesh,Wheat,2021,2,2021-02-01,Naugarh APMC,1728.0
Uttar Pradesh,Wheat,2021,2,2021-02-01,Nautnava APMC,
Uttar Pradesh,Wheat,2021,2,2021-02-01,Nawabganj APMC,1666.84
Uttar Pradesh,Wheat,2021,2,2021-02-01,Orai APMC,1591.97
Uttar Pradesh,Wheat,2021,2,2021-02-01,Paliakala APMC,1682.72
Uttar Pradesh,Wheat,2021,2,2021-02-01,Panchpedwa APMC,1647.14
Uttar Pradesh,Wheat,2021,2,2021-02-01,Partaval APMC,1733.23
Uttar Pradesh,Wheat,2021,2,2021-02-01,Payagpur APMC,
Uttar Pradesh,Wheat,2021,2,2021-02-01,Pilibhit APMC,1711.19
Uttar Pradesh,Wheat,2021,2,2021-02-01,Powayan APMC,1729.59
Uttar Pradesh,Wheat,2021,2,2021-02-01,Pratapgarh APMC,1744.49
Uttar Pradesh,Wheat,2021,2,2021-02-01,Prayagraj APMC,
Uttar Pradesh,Wheat,2021,2,2021-02-01,Pukharayan APMC,1718.24
Uttar Pradesh,Wheat,2021,2,2021-02-01,Puranpur APMC,1714.5
Uttar Pradesh,Wheat,2021,2,2021-02-01,Purwa APMC,1685.81
Uttar Pradesh,Wheat,2021,2,2021-02-01,Raath APMC,1592.22
Uttar Pradesh,Wheat,2021,2,2021-02-01,Raibareilly APMC,1688.12
Uttar Pradesh,Wheat,2021,2,2021-02-01,Rampur APMC,1720.51
Uttar Pradesh,Wheat,2021,2,2021-02-01,Rasda APMC,1729.27
Uttar Pradesh,Wheat,2021,2,2021-02-01,Richha APMC,
Uttar Pradesh,Wheat,2021,2,2021-02-01,Robertsganj APMC,1892.01
Uttar Pradesh,Wheat,2021,2,2021-02-01,Rudauli APMC,
Uttar Pradesh,Wheat,2021,2,2021-02-01,Rura APMC,1694.48
Uttar Pradesh,Wheat,2021,2,2021-02-01,Safdarganj APMC,
Uttar Pradesh,Wheat,2021,2,2021-02-01,Saharanpur APMC,1742.35
Uttar Pradesh,Wheat,2021,2,2021-02-01,Sahiyapur APMC,1723.86
Uttar Pradesh,Wheat,2021,2,2021-02-01,Salon APMC,1719.03
Uttar Pradesh,Wheat,2021,2,2021-02-01,Samsabad APMC,
Uttar Pradesh,Wheat,2021,2,2021-02-01,Sandi APMC,1587.83
Uttar Pradesh,Wheat,2021,2,2021-02-01,Sandila APMC,1689.11
Uttar Pradesh,Wheat,2021,2,2021-02-01,Sehjanwa APMC,1721.42
Uttar Pradesh,Wheat,2021,2,2021-02-01,Shahabad(New Mandi) APMC,1697.24
Uttar Pradesh,Wheat,2021,2,2021-02-01,Shahganj APMC,1724.37
Uttar Pradesh,Wheat,2021,2,2021-02-01,Shahjahanpur APMC,1730.22
Uttar Pradesh,Wheat,2021,2,2021-02-01,Shahpur APMC,
Uttar Pradesh,Wheat,2021,2,2021-02-01,Shamli APMC,1759.83
Uttar Pradesh,Wheat,2021,2,2021-02-01,Shikohabad APMC,1709.59
Uttar Pradesh,Wheat,2021,2,2021-02-01,Sikandraraau APMC,1707.22
Uttar Pradesh,Wheat,2021,2,2021-02-01,Sirsa APMC,
Uttar Pradesh,Wheat,2021,2,2021-02-01,Sirsaganj APMC,1865.0
Uttar Pradesh,Wheat,2021,2,2021-02-01,Sitapur APMC,1674.19
Uttar Pradesh,Wheat,2021,2,2021-02-01,Sultanpur APMC,1715.35
Uttar Pradesh,Wheat,2021,2,2021-02-01,Tikonia APMC,
Uttar Pradesh,Wheat,2021,2,2021-02-01,Tulsipur APMC,1692.82
Uttar Pradesh,Wheat,2021,2,2021-02-01,Tundla APMC,1743.22
Uttar Pradesh,Wheat,2021,2,2021-02-01,Ujhani APMC,1724.86
Uttar Pradesh,Wheat,2021,2,2021-02-01,Unnao APMC,1673.14
Uttar Pradesh,Wheat,2021,2,2021-02-01,Uttaripura APMC,
Uttar Pradesh,Wheat,2021,2,2021-02-01,Varanasi APMC,1755.33
Uttar Pradesh,Wheat,2021,2,2021-02-01,Viswan APMC,
Uttar Pradesh,Wheat,2021,2,2021-02-01,Wazirganj APMC,1723.98
Uttar Pradesh,Wheat,2021,2,2021-02-01,Yusufpur APMC,
Uttar Pradesh,Wheat,2021,2,2021-02-01,Note:,
Uttar Pradesh,Wheat,2021,2,2021-02-01,Weighted Average Price = ∑(arrival quantity * modal price) / ∑arrival quantity,
Uttar Pradesh,Wheat,2021,2,2021-02-01,Change (Over Previous Month) = [Price - Price(Over Previous Month)/Price(Over Previous Month)] * 100,
Uttar Pradesh,Wheat,2021,2,2021-02-01,Change (Over Previous Year) = [Price - Price(Over Previous Year)/Price(Over Previous Year)] * 100,
Uttar Pradesh,Wheat,2021,3,2021-03-01,Achalda APMC,1643.79
Uttar Pradesh,Wheat,2021,3,2021-03-01,Achnera APMC,1638.05
Uttar Pradesh,Wheat,2021,3,2021-03-01,Agra APMC,1626.68
Uttar Pradesh,Wheat,2021,3,2021-03-01,Ait APMC,1630.18
Uttar Pradesh,Wheat,2021,3,2021-03-01,Ajuha APMC,1717.41
Uttar Pradesh,Wheat,2021,3,2021-03-01,Akbarpur APMC,1683.46
Uttar Pradesh,Wheat,2021,3,2021-03-01,Aliganj APMC,1614.44
Uttar Pradesh,Wheat,2021,3,2021-03-01,Aligarh APMC,1704.5
Uttar Pradesh,Wheat,2021,3,2021-03-01,Amroha APMC,1730.63
Uttar Pradesh,Wheat,2021,3,2021-03-01,Anandnagar APMC,1657.16
Uttar Pradesh,Wheat,2021,3,2021-03-01,Anoop Shahar APMC,
Uttar Pradesh,Wheat,2021,3,2021-03-01,Atarra APMC,1565.74
Uttar Pradesh,Wheat,2021,3,2021-03-01,Atrauli APMC,1701.06
Uttar Pradesh,Wheat,2021,3,2021-03-01,Auraiya APMC,1632.5
Uttar Pradesh,Wheat,2021,3,2021-03-01,Ayodhya APMC,1677.75
Uttar Pradesh,Wheat,2021,3,2021-03-01,Azamgarh APMC,1682.39
Uttar Pradesh,Wheat,2021,3,2021-03-01,Baberu APMC,1562.15
Uttar Pradesh,Wheat,2021,3,2021-03-01,Babrala APMC,1757.57
Uttar Pradesh,Wheat,2021,3,2021-03-01,Bachranwa APMC,1635.0
Uttar Pradesh,Wheat,2021,3,2021-03-01,Badayoun APMC,1727.55
Uttar Pradesh,Wheat,2021,3,2021-03-01,Badda APMC,
Uttar Pradesh,Wheat,2021,3,2021-03-01,Bahraich APMC,1710.7
Uttar Pradesh,Wheat,2021,3,2021-03-01,Ballia APMC,1764.11
Uttar Pradesh,Wheat,2021,3,2021-03-01,Balrampur APMC,1705.17
Uttar Pradesh,Wheat,2021,3,2021-03-01,Banda APMC,1558.85
Uttar Pradesh,Wheat,2021,3,2021-03-01,Bangarmau APMC,1657.49
Uttar Pradesh,Wheat,2021,3,2021-03-01,Bansi APMC,1630.0
Uttar Pradesh,Wheat,2021,3,2021-03-01,Barabanki APMC,1708.08
Uttar Pradesh,Wheat,2021,3,2021-03-01,Bareilly APMC,1737.67
Uttar Pradesh,Wheat,2021,3,2021-03-01,Barhaj APMC,1679.74
Uttar Pradesh,Wheat,2021,3,2021-03-01,Baripaal APMC,1572.73
Uttar Pradesh,Wheat,2021,3,2021-03-01,Basti APMC,1667.21
Uttar Pradesh,Wheat,2021,3,2021-03-01,Bewar APMC,1644.43
Uttar Pradesh,Wheat,2021,3,2021-03-01,Bharthna APMC,1703.44
Uttar Pradesh,Wheat,2021,3,2021-03-01,Bharuasumerpur APMC,1621.58
Uttar Pradesh,Wheat,2021,3,2021-03-01,Bharwari APMC,1680.26
Uttar Pradesh,Wheat,2021,3,2021-03-01,Bhehjoi APMC,1688.82
Uttar Pradesh,Wheat,2021,3,2021-03-01,Bijnaur APMC,1729.62
Uttar Pradesh,Wheat,2021,3,2021-03-01,Bilaspur APMC,
Uttar Pradesh,Wheat,2021,3,2021-03-01,Bilsi APMC,1729.02
Uttar Pradesh,Wheat,2021,3,2021-03-01,Bindki APMC,1680.0
Uttar Pradesh,Wheat,2021,3,2021-03-01,Bishalpur APMC,1731.79
Uttar Pradesh,Wheat,2021,3,2021-03-01,Bisoli APMC,
Uttar Pradesh,Wheat,2021,3,2021-03-01,Buland Shahr APMC,1735.82
Uttar Pradesh,Wheat,2021,3,2021-03-01,Chandausi APMC,1748.56
Uttar Pradesh,Wheat,2021,3,2021-03-01,Chandoli APMC,1772.78
Uttar Pradesh,Wheat,2021,3,2021-03-01,Charra APMC,1691.47
Uttar Pradesh,Wheat,2021,3,2021-03-01,Chhibramau APMC,1652.4
Uttar Pradesh,Wheat,2021,3,2021-03-01,Chirgaon APMC,1691.12
Uttar Pradesh,Wheat,2021,3,2021-03-01,Chitwadagaon APMC,1748.7
Uttar Pradesh,Wheat,2021,3,2021-03-01,Chorichora APMC,1656.37
Uttar Pradesh,Wheat,2021,3,2021-03-01,Choubepur APMC,1713.14
Uttar Pradesh,Wheat,2021,3,2021-03-01,DADRI APMC,1763.99
Uttar Pradesh,Wheat,2021,3,2021-03-01,Dankaur APMC,
Uttar Pradesh,Wheat,2021,3,2021-03-01,Dataganj APMC,
Uttar Pradesh,Wheat,2021,3,2021-03-01,Devariya APMC,1671.1
Uttar Pradesh,Wheat,2021,3,2021-03-01,Dhanaura APMC,1900.0
Uttar Pradesh,Wheat,2021,3,2021-03-01,Dibiapur APMC,1609.77
Uttar Pradesh,Wheat,2021,3,2021-03-01,Divai APMC,
Uttar Pradesh,Wheat,2021,3,2021-03-01,Doharighat APMC,
Uttar Pradesh,Wheat,2021,3,2021-03-01,Etah APMC,1632.49
Uttar Pradesh,Wheat,2021,3,2021-03-01,Etawah APMC,1648.88
Uttar Pradesh,Wheat,2021,3,2021-03-01,Farukhabad APMC,1636.86
Uttar Pradesh,Wheat,2021,3,2021-03-01,Fatehabad APMC,1678.0
Uttar Pradesh,Wheat,2021,3,2021-03-01,Fatehpur APMC,1650.26
Uttar Pradesh,Wheat,2021,3,2021-03-01,Fatehpur Sikri APMC,1700.5
Uttar Pradesh,Wheat,2021,3,2021-03-01,Firozabad APMC,1717.07
Uttar Pradesh,Wheat,2021,3,2021-03-01,Gadaura APMC,1850.0
Uttar Pradesh,Wheat,2021,3,2021-03-01,Gangoh APMC,
Uttar Pradesh,Wheat,2021,3,2021-03-01,Gazipur APMC,1761.1
Uttar Pradesh,Wheat,2021,3,2021-03-01,Ghaziabad APMC,1855.25
Uttar Pradesh,Wheat,2021,3,2021-03-01,Ghiraur APMC,1607.02
Uttar Pradesh,Wheat,2021,3,2021-03-01,Golagokarnath APMC,1639.72
Uttar Pradesh,Wheat,2021,3,2021-03-01,Gonda APMC,1668.64
Uttar Pradesh,Wheat,2021,3,2021-03-01,Gopiganj APMC,
Uttar Pradesh,Wheat,2021,3,2021-03-01,Gorakhpur APMC,1646.45
Uttar Pradesh,Wheat,2021,3,2021-03-01,Gurusarai APMC,1598.62
Uttar Pradesh,Wheat,2021,3,2021-03-01,Haathras APMC,1687.18
Uttar Pradesh,Wheat,2021,3,2021-03-01,Haldaur APMC,1700.0
Uttar Pradesh,Wheat,2021,3,2021-03-01,Hamirpur APMC,1607.78
Uttar Pradesh,Wheat,2021,3,2021-03-01,Hapur APMC,1763.68
Uttar Pradesh,Wheat,2021,3,2021-03-01,Hardoi APMC,1660.72
Uttar Pradesh,Wheat,2021,3,2021-03-01,Hargaon (Laharpur) APMC,
Uttar Pradesh,Wheat,2021,3,2021-03-01,Hasanpur APMC,
Uttar Pradesh,Wheat,2021,3,2021-03-01,Jafarganj APMC,1677.99
Uttar Pradesh,Wheat,2021,3,2021-03-01,Jagnair APMC,1735.0
Uttar Pradesh,Wheat,2021,3,2021-03-01,Jahanabad APMC,
Uttar Pradesh,Wheat,2021,3,2021-03-01,Jahangirabad APMC,1716.18
Uttar Pradesh,Wheat,2021,3,2021-03-01,Jalaun APMC,1586.08
Uttar Pradesh,Wheat,2021,3,2021-03-01,Jangipura APMC,1761.52
Uttar Pradesh,Wheat,2021,3,2021-03-01,Jasra APMC,
Uttar Pradesh,Wheat,2021,3,2021-03-01,Jaunpur APMC,1751.74
Uttar Pradesh,Wheat,2021,3,2021-03-01,Jayas APMC,1646.0
Uttar Pradesh,Wheat,2021,3,2021-03-01,Jhansi APMC,1636.56
Uttar Pradesh,Wheat,2021,3,2021-03-01,Jhijhank APMC,1670.52
Uttar Pradesh,Wheat,2021,3,2021-03-01,Kalpi APMC,1563.85
Uttar Pradesh,Wheat,2021,3,2021-03-01,Kamlaganj APMC,1619.58
Uttar Pradesh,Wheat,2021,3,2021-03-01,Kannauj APMC,1656.2
Uttar Pradesh,Wheat,2021,3,2021-03-01,Kanpur(Grain) APMC,1682.62
Uttar Pradesh,Wheat,2021,3,2021-03-01,Karvi APMC,1564.29
Uttar Pradesh,Wheat,2021,3,2021-03-01,Kasganj APMC,1632.78
Uttar Pradesh,Wheat,2021,3,2021-03-01,Kayamganj APMC,1645.18
Uttar Pradesh,Wheat,2021,3,2021-03-01,Khaga APMC,1840.0
Uttar Pradesh,Wheat,2021,3,2021-03-01,Khair APMC,1689.4
Uttar Pradesh,Wheat,2021,3,2021-03-01,Khairagarh APMC,1589.98
Uttar Pradesh,Wheat,2021,3,2021-03-01,Khalilabad APMC,1765.18
Uttar Pradesh,Wheat,2021,3,2021-03-01,Khurja APMC,1719.35
Uttar Pradesh,Wheat,2021,3,2021-03-01,Kishunpur APMC,1700.0
Uttar Pradesh,Wheat,2021,3,2021-03-01,Konch APMC,1559.87
Uttar Pradesh,Wheat,2021,3,2021-03-01,Kopaganj APMC,1686.09
Uttar Pradesh,Wheat,2021,3,2021-03-01,Kosikalan APMC,1733.96
Uttar Pradesh,Wheat,2021,3,2021-03-01,Kurara APMC,1554.29
Uttar Pradesh,Wheat,2021,3,2021-03-01,Lakhimpur APMC,1645.22
Uttar Pradesh,Wheat,2021,3,2021-03-01,Lalganj APMC,1607.51
Uttar Pradesh,Wheat,2021,3,2021-03-01,Lalitpur APMC,1627.81
Uttar Pradesh,Wheat,2021,3,2021-03-01,Lucknow APMC,1718.37
Uttar Pradesh,Wheat,2021,3,2021-03-01,Madhoganj APMC,1655.57
Uttar Pradesh,Wheat,2021,3,2021-03-01,Madhogarh APMC,
Uttar Pradesh,Wheat,2021,3,2021-03-01,Maharajganj APMC,1847.65
Uttar Pradesh,Wheat,2021,3,2021-03-01,Mahoba APMC,1598.15
Uttar Pradesh,Wheat,2021,3,2021-03-01,Maigalganj APMC,1577.5
Uttar Pradesh,Wheat,2021,3,2021-03-01,Mainpuri APMC,1621.82
Uttar Pradesh,Wheat,2021,3,2021-03-01,Mathura APMC,1718.97
Uttar Pradesh,Wheat,2021,3,2021-03-01,Mau(Chitrakut) APMC,
Uttar Pradesh,Wheat,2021,3,2021-03-01,Maudaha APMC,1588.92
Uttar Pradesh,Wheat,2021,3,2021-03-01,Mauranipur APMC,1580.92
Uttar Pradesh,Wheat,2021,3,2021-03-01,Mawana APMC,1727.79
Uttar Pradesh,Wheat,2021,3,2021-03-01,Meerut APMC,1727.43
Uttar Pradesh,Wheat,2021,3,2021-03-01,Mehmoodabad APMC,1627.21
Uttar Pradesh,Wheat,2021,3,2021-03-01,Milak APMC,1723.54
Uttar Pradesh,Wheat,2021,3,2021-03-01,Mirzapur APMC,1766.04
Uttar Pradesh,Wheat,2021,3,2021-03-01,Mohamadabad APMC,1643.59
Uttar Pradesh,Wheat,2021,3,2021-03-01,Mugrabaadshahpur APMC,1755.88
Uttar Pradesh,Wheat,2021,3,2021-03-01,Muradabad APMC,1730.1
Uttar Pradesh,Wheat,2021,3,2021-03-01,Muskara APMC,1584.88
Uttar Pradesh,Wheat,2021,3,2021-03-01,Muzzafarnagar APMC,1750.94
Uttar Pradesh,Wheat,2021,3,2021-03-01,Naanpara APMC,1710.68
Uttar Pradesh,Wheat,2021,3,2021-03-01,Naugarh APMC,1677.2
Uttar Pradesh,Wheat,2021,3,2021-03-01,Nautnava APMC,
Uttar Pradesh,Wheat,2021,3,2021-03-01,Nawabganj APMC,1671.15
Uttar Pradesh,Wheat,2021,3,2021-03-01,Orai APMC,1575.1
Uttar Pradesh,Wheat,2021,3,2021-03-01,Paliakala APMC,1630.94
Uttar Pradesh,Wheat,2021,3,2021-03-01,Panchpedwa APMC,1614.26
Uttar Pradesh,Wheat,2021,3,2021-03-01,Partaval APMC,1713.1
Uttar Pradesh,Wheat,2021,3,2021-03-01,Payagpur APMC,
Uttar Pradesh,Wheat,2021,3,2021-03-01,Pilibhit APMC,1725.13
Uttar Pradesh,Wheat,2021,3,2021-03-01,Powayan APMC,1723.83
Uttar Pradesh,Wheat,2021,3,2021-03-01,Pratapgarh APMC,1728.4
Uttar Pradesh,Wheat,2021,3,2021-03-01,Prayagraj APMC,
Uttar Pradesh,Wheat,2021,3,2021-03-01,Pukharayan APMC,1654.42
Uttar Pradesh,Wheat,2021,3,2021-03-01,Puranpur APMC,1726.26
Uttar Pradesh,Wheat,2021,3,2021-03-01,Purwa APMC,1669.98
Uttar Pradesh,Wheat,2021,3,2021-03-01,Raath APMC,1577.38
Uttar Pradesh,Wheat,2021,3,2021-03-01,Raibareilly APMC,1636.94
Uttar Pradesh,Wheat,2021,3,2021-03-01,Rampur APMC,1724.53
Uttar Pradesh,Wheat,2021,3,2021-03-01,Rasda APMC,1734.02
Uttar Pradesh,Wheat,2021,3,2021-03-01,Robertsganj APMC,1912.47
Uttar Pradesh,Wheat,2021,3,2021-03-01,Rudauli APMC,
Uttar Pradesh,Wheat,2021,3,2021-03-01,Rura APMC,1698.85
Uttar Pradesh,Wheat,2021,3,2021-03-01,Safdarganj APMC,1657.81
Uttar Pradesh,Wheat,2021,3,2021-03-01,Saharanpur APMC,1753.96
Uttar Pradesh,Wheat,2021,3,2021-03-01,Sahiyapur APMC,1673.94
Uttar Pradesh,Wheat,2021,3,2021-03-01,Salon APMC,1719.07
Uttar Pradesh,Wheat,2021,3,2021-03-01,Samsabad APMC,
Uttar Pradesh,Wheat,2021,3,2021-03-01,Sandi APMC,
Uttar Pradesh,Wheat,2021,3,2021-03-01,Sandila APMC,1660.28
Uttar Pradesh,Wheat,2021,3,2021-03-01,Sehjanwa APMC,1682.28
Uttar Pradesh,Wheat,2021,3,2021-03-01,Shahabad(New Mandi) APMC,1666.11
Uttar Pradesh,Wheat,2021,3,2021-03-01,Shahganj APMC,1753.7
Uttar Pradesh,Wheat,2021,3,2021-03-01,Shahjahanpur APMC,1736.65
Uttar Pradesh,Wheat,2021,3,2021-03-01,Shahpur APMC,
Uttar Pradesh,Wheat,2021,3,2021-03-01,Shamli APMC,1752.65
Uttar Pradesh,Wheat,2021,3,2021-03-01,Shikohabad APMC,1689.59
Uttar Pradesh,Wheat,2021,3,2021-03-01,Sikandraraau APMC,1653.5
Uttar Pradesh,Wheat,2021,3,2021-03-01,Sirsaganj APMC,
Uttar Pradesh,Wheat,2021,3,2021-03-01,Sitapur APMC,1602.8
Uttar Pradesh,Wheat,2021,3,2021-03-01,Sultanpur APMC,1700.0
Uttar Pradesh,Wheat,2021,3,2021-03-01,Tikonia APMC,
Uttar Pradesh,Wheat,2021,3,2021-03-01,Tulsipur APMC,1691.64
Uttar Pradesh,Wheat,2021,3,2021-03-01,Tundla APMC,1615.59
Uttar Pradesh,Wheat,2021,3,2021-03-01,Ujhani APMC,1730.02
Uttar Pradesh,Wheat,2021,3,2021-03-01,Unnao APMC,1655.44
Uttar Pradesh,Wheat,2021,3,2021-03-01,Varanasi APMC,1761.62
Uttar Pradesh,Wheat,2021,3,2021-03-01,Viswan APMC,
Uttar Pradesh,Wheat,2021,3,2021-03-01,Wazirganj APMC,1727.36
Uttar Pradesh,Wheat,2021,3,2021-03-01,Yusufpur APMC,
Uttar Pradesh,Wheat,2021,3,2021-03-01,Note:,
Uttar Pradesh,Wheat,2021,3,2021-03-01,Weighted Average Price = ∑(arrival quantity * modal price) / ∑arrival quantity,
Uttar Pradesh,Wheat,2021,3,2021-03-01,Change (Over Previous Month) = [Price - Price(Over Previous Month)/Price(Over Previous Month)] * 100,
Uttar Pradesh,Wheat,2021,3,2021-03-01,Change (Over Previous Year) = [Price - Price(Over Previous Year)/Price(Over Previous Year)] * 100,
Uttar Pradesh,Wheat,2021,4,2021-04-01,Achalda APMC,1871.37
Uttar Pradesh,Wheat,2021,4,2021-04-01,Achnera APMC,1975.0
Uttar Pradesh,Wheat,2021,4,2021-04-01,Agra APMC,1820.22
Uttar Pradesh,Wheat,2021,4,2021-04-01,Ait APMC,1975.0
Uttar Pradesh,Wheat,2021,4,2021-04-01,Ajuha APMC,1951.48
Uttar Pradesh,Wheat,2021,4,2021-04-01,Akbarpur APMC,1970.04
Uttar Pradesh,Wheat,2021,4,2021-04-01,Aliganj APMC,1974.6
Uttar Pradesh,Wheat,2021,4,2021-04-01,Aligarh APMC,1947.42
Uttar Pradesh,Wheat,2021,4,2021-04-01,Amroha APMC,1943.27
Uttar Pradesh,Wheat,2021,4,2021-04-01,Anandnagar APMC,1972.17
Uttar Pradesh,Wheat,2021,4,2021-04-01,Anoop Shahar APMC,
Uttar Pradesh,Wheat,2021,4,2021-04-01,Atarra APMC,1975.0
Uttar Pradesh,Wheat,2021,4,2021-04-01,Atrauli APMC,1967.89
Uttar Pradesh,Wheat,2021,4,2021-04-01,Auraiya APMC,1937.19
Uttar Pradesh,Wheat,2021,4,2021-04-01,Ayodhya APMC,1836.48
Uttar Pradesh,Wheat,2021,4,2021-04-01,Azamgarh APMC,1969.69
Uttar Pradesh,Wheat,2021,4,2021-04-01,Baberu APMC,1975.0
Uttar Pradesh,Wheat,2021,4,2021-04-01,Babrala APMC,1800.93
Uttar Pradesh,Wheat,2021,4,2021-04-01,Bachranwa APMC,
Uttar Pradesh,Wheat,2021,4,2021-04-01,Badayoun APMC,1960.43
Uttar Pradesh,Wheat,2021,4,2021-04-01,Badda APMC,1975.0
Uttar Pradesh,Wheat,2021,4,2021-04-01,Baheri APMC,1975.0
Uttar Pradesh,Wheat,2021,4,2021-04-01,Bahraich APMC,1967.19
Uttar Pradesh,Wheat,2021,4,2021-04-01,Ballia APMC,1963.95
Uttar Pradesh,Wheat,2021,4,2021-04-01,Balrampur APMC,1942.31
Uttar Pradesh,Wheat,2021,4,2021-04-01,Banda APMC,1975.0
Uttar Pradesh,Wheat,2021,4,2021-04-01,Bangarmau APMC,1955.91
Uttar Pradesh,Wheat,2021,4,2021-04-01,Bansi APMC,
Uttar Pradesh,Wheat,2021,4,2021-04-01,Banthara APMC,
Uttar Pradesh,Wheat,2021,4,2021-04-01,Barabanki APMC,1967.59
Uttar Pradesh,Wheat,2021,4,2021-04-01,Bareilly APMC,1975.0
Uttar Pradesh,Wheat,2021,4,2021-04-01,Barhaj APMC,1904.98
Uttar Pradesh,Wheat,2021,4,2021-04-01,Baripaal APMC,1598.46
Uttar Pradesh,Wheat,2021,4,2021-04-01,Basti APMC,1968.93
Uttar Pradesh,Wheat,2021,4,2021-04-01,Bewar APMC,1653.81
Uttar Pradesh,Wheat,2021,4,2021-04-01,Bharthna APMC,1952.07
Uttar Pradesh,Wheat,2021,4,2021-04-01,Bharuasumerpur APMC,1975.0
Uttar Pradesh,Wheat,2021,4,2021-04-01,Bharwari APMC,1629.46
Uttar Pradesh,Wheat,2021,4,2021-04-01,Bhehjoi APMC,1878.01
Uttar Pradesh,Wheat,2021,4,2021-04-01,Bijnaur APMC,1855.06
Uttar Pradesh,Wheat,2021,4,2021-04-01,Bilaspur APMC,
Uttar Pradesh,Wheat,2021,4,2021-04-01,Billsadda APMC,
Uttar Pradesh,Wheat,2021,4,2021-04-01,Bilsi APMC,1901.1
Uttar Pradesh,Wheat,2021,4,2021-04-01,Bindki APMC,1894.38
Uttar Pradesh,Wheat,2021,4,2021-04-01,Bishalpur APMC,1971.7
Uttar Pradesh,Wheat,2021,4,2021-04-01,Buland Shahr APMC,1943.22
Uttar Pradesh,Wheat,2021,4,2021-04-01,Chandausi APMC,1973.5
Uttar Pradesh,Wheat,2021,4,2021-04-01,Chandoli APMC,1975.0
Uttar Pradesh,Wheat,2021,4,2021-04-01,Charra APMC,1973.45
Uttar Pradesh,Wheat,2021,4,2021-04-01,Chhibramau APMC,1918.04
Uttar Pradesh,Wheat,2021,4,2021-04-01,Chirgaon APMC,1975.0
Uttar Pradesh,Wheat,2021,4,2021-04-01,Chitwadagaon APMC,1956.95
Uttar Pradesh,Wheat,2021,4,2021-04-01,Chorichora APMC,1956.92
Uttar Pradesh,Wheat,2021,4,2021-04-01,Choubepur APMC,1920.35
Uttar Pradesh,Wheat,2021,4,2021-04-01,DADRI APMC,1966.13
Uttar Pradesh,Wheat,2021,4,2021-04-01,Dankaur APMC,1967.48
Uttar Pradesh,Wheat,2021,4,2021-04-01,Dataganj APMC,
Uttar Pradesh,Wheat,2021,4,2021-04-01,Devariya APMC,1899.99
Uttar Pradesh,Wheat,2021,4,2021-04-01,Dhanaura APMC,1936.17
Uttar Pradesh,Wheat,2021,4,2021-04-01,Dibiapur APMC,1658.44
Uttar Pradesh,Wheat,2021,4,2021-04-01,Doharighat APMC,
Uttar Pradesh,Wheat,2021,4,2021-04-01,Etah APMC,1958.93
Uttar Pradesh,Wheat,2021,4,2021-04-01,Etawah APMC,1932.36
Uttar Pradesh,Wheat,2021,4,2021-04-01,Farukhabad APMC,1947.24
Uttar Pradesh,Wheat,2021,4,2021-04-01,Fatehabad APMC,1661.57
Uttar Pradesh,Wheat,2021,4,2021-04-01,Fatehpur APMC,1905.9
Uttar Pradesh,Wheat,2021,4,2021-04-01,Fatehpur Sikri APMC,1945.67
Uttar Pradesh,Wheat,2021,4,2021-04-01,Firozabad APMC,1962.15
Uttar Pradesh,Wheat,2021,4,2021-04-01,Gadaura APMC,1703.68
Uttar Pradesh,Wheat,2021,4,2021-04-01,Gangoh APMC,1913.52
Uttar Pradesh,Wheat,2021,4,2021-04-01,Gazipur APMC,1953.28
Uttar Pradesh,Wheat,2021,4,2021-04-01,Ghaziabad APMC,1960.14
Uttar Pradesh,Wheat,2021,4,2021-04-01,Ghiraur APMC,1939.04
Uttar Pradesh,Wheat,2021,4,2021-04-01,Golagokarnath APMC,1749.99
Uttar Pradesh,Wheat,2021,4,2021-04-01,Gonda APMC,1943.78
Uttar Pradesh,Wheat,2021,4,2021-04-01,Gopiganj APMC,
Uttar Pradesh,Wheat,2021,4,2021-04-01,Gorakhpur APMC,1958.06
Uttar Pradesh,Wheat,2021,4,2021-04-01,Gulavati APMC,
Uttar Pradesh,Wheat,2021,4,2021-04-01,Gurusarai APMC,1975.0
Uttar Pradesh,Wheat,2021,4,2021-04-01,Haathras APMC,1865.39
Uttar Pradesh,Wheat,2021,4,2021-04-01,Haldaur APMC,1700.0
Uttar Pradesh,Wheat,2021,4,2021-04-01,Hamirpur APMC,1975.0
Uttar Pradesh,Wheat,2021,4,2021-04-01,Hapur APMC,1971.26
Uttar Pradesh,Wheat,2021,4,2021-04-01,Hardoi APMC,1925.87
Uttar Pradesh,Wheat,2021,4,2021-04-01,Hargaon (Laharpur) APMC,1975.0
Uttar Pradesh,Wheat,2021,4,2021-04-01,Hasanpur APMC,1975.0
Uttar Pradesh,Wheat,2021,4,2021-04-01,Jafarganj APMC,1674.09
Uttar Pradesh,Wheat,2021,4,2021-04-01,Jagnair APMC,
Uttar Pradesh,Wheat,2021,4,2021-04-01,Jahangirabad APMC,1968.19
Uttar Pradesh,Wheat,2021,4,2021-04-01,Jalalabad APMC,
Uttar Pradesh,Wheat,2021,4,2021-04-01,Jalaun APMC,1975.0
Uttar Pradesh,Wheat,2021,4,2021-04-01,Jangipura APMC,1945.62
Uttar Pradesh,Wheat,2021,4,2021-04-01,Jasra APMC,1975.0
Uttar Pradesh,Wheat,2021,4,2021-04-01,Jasvantnagar APMC,1971.56
Uttar Pradesh,Wheat,2021,4,2021-04-01,Jaunpur APMC,1954.74
Uttar Pradesh,Wheat,2021,4,2021-04-01,Jayas APMC,1854.71
Uttar Pradesh,Wheat,2021,4,2021-04-01,Jhansi APMC,1946.07
Uttar Pradesh,Wheat,2021,4,2021-04-01,Jhijhank APMC,1967.51
Uttar Pradesh,Wheat,2021,4,2021-04-01,Kalpi APMC,
Uttar Pradesh,Wheat,2021,4,2021-04-01,Kamlaganj APMC,1940.46
Uttar Pradesh,Wheat,2021,4,2021-04-01,Kannauj APMC,1922.08
Uttar Pradesh,Wheat,2021,4,2021-04-01,Kanpur(Grain) APMC,1908.3
Uttar Pradesh,Wheat,2021,4,2021-04-01,Karvi APMC,1975.0
Uttar Pradesh,Wheat,2021,4,2021-04-01,Kasganj APMC,1960.1
Uttar Pradesh,Wheat,2021,4,2021-04-01,Kayamganj APMC,1891.28
Uttar Pradesh,Wheat,2021,4,2021-04-01,Khaga APMC,1840.0
Uttar Pradesh,Wheat,2021,4,2021-04-01,Khair APMC,1967.37
Uttar Pradesh,Wheat,2021,4,2021-04-01,Khairagarh APMC,1772.45
Uttar Pradesh,Wheat,2021,4,2021-04-01,Khalilabad APMC,1945.78
Uttar Pradesh,Wheat,2021,4,2021-04-01,Khatauli APMC,
Uttar Pradesh,Wheat,2021,4,2021-04-01,Khurja APMC,1971.62
Uttar Pradesh,Wheat,2021,4,2021-04-01,Kishunpur APMC,1719.93
Uttar Pradesh,Wheat,2021,4,2021-04-01,Konch APMC,1975.0
Uttar Pradesh,Wheat,2021,4,2021-04-01,Kopaganj APMC,1965.07
Uttar Pradesh,Wheat,2021,4,2021-04-01,Kosikalan APMC,1961.73
Uttar Pradesh,Wheat,2021,4,2021-04-01,Kurara APMC,
Uttar Pradesh,Wheat,2021,4,2021-04-01,Lakhimpur APMC,1727.99
Uttar Pradesh,Wheat,2021,4,2021-04-01,Lalganj APMC,1955.93
Uttar Pradesh,Wheat,2021,4,2021-04-01,Lalitpur APMC,1932.73
Uttar Pradesh,Wheat,2021,4,2021-04-01,Lucknow APMC,1921.75
Uttar Pradesh,Wheat,2021,4,2021-04-01,Madhoganj APMC,1905.74
Uttar Pradesh,Wheat,2021,4,2021-04-01,Maharajganj APMC,1883.62
Uttar Pradesh,Wheat,2021,4,2021-04-01,Mahoba APMC,1975.0
Uttar Pradesh,Wheat,2021,4,2021-04-01,Maigalganj APMC,1686.55
Uttar Pradesh,Wheat,2021,4,2021-04-01,Mainpuri APMC,1957.4
Uttar Pradesh,Wheat,2021,4,2021-04-01,Mathura APMC,1970.01
Uttar Pradesh,Wheat,2021,4,2021-04-01,Maudaha APMC,1975.0
Uttar Pradesh,Wheat,2021,4,2021-04-01,Mauranipur APMC,1972.66
Uttar Pradesh,Wheat,2021,4,2021-04-01,Mawana APMC,1975.0
Uttar Pradesh,Wheat,2021,4,2021-04-01,Meerut APMC,1974.94
Uttar Pradesh,Wheat,2021,4,2021-04-01,Mehmoodabad APMC,1719.58
Uttar Pradesh,Wheat,2021,4,2021-04-01,Milak APMC,1916.61
Uttar Pradesh,Wheat,2021,4,2021-04-01,Mirzapur APMC,1970.62
Uttar Pradesh,Wheat,2021,4,2021-04-01,Mohamadabad APMC,1962.38
Uttar Pradesh,Wheat,2021,4,2021-04-01,Moth APMC,1975.0
Uttar Pradesh,Wheat,2021,4,2021-04-01,Mugrabaadshahpur APMC,1968.57
Uttar Pradesh,Wheat,2021,4,2021-04-01,Muradabad APMC,1905.39
Uttar Pradesh,Wheat,2021,4,2021-04-01,Muskara APMC,1975.0
Uttar Pradesh,Wheat,2021,4,2021-04-01,Muzzafarnagar APMC,1973.26
Uttar Pradesh,Wheat,2021,4,2021-04-01,Naanpara APMC,1970.34
Uttar Pradesh,Wheat,2021,4,2021-04-01,Naugarh APMC,1938.54
Uttar Pradesh,Wheat,2021,4,2021-04-01,Nautnava APMC,1950.0
Uttar Pradesh,Wheat,2021,4,2021-04-01,Nawabganj APMC,1824.18
Uttar Pradesh,Wheat,2021,4,2021-04-01,Orai APMC,1975.0
Uttar Pradesh,Wheat,2021,4,2021-04-01,Paliakala APMC,1759.85
Uttar Pradesh,Wheat,2021,4,2021-04-01,Panchpedwa APMC,1636.76
Uttar Pradesh,Wheat,2021,4,2021-04-01,Partaval APMC,1912.74
Uttar Pradesh,Wheat,2021,4,2021-04-01,Payagpur APMC,
Uttar Pradesh,Wheat,2021,4,2021-04-01,Pilibhit APMC,1900.08
Uttar Pradesh,Wheat,2021,4,2021-04-01,Powayan APMC,1974.65
Uttar Pradesh,Wheat,2021,4,2021-04-01,Pratapgarh APMC,1926.28
Uttar Pradesh,Wheat,2021,4,2021-04-01,Prayagraj APMC,
Uttar Pradesh,Wheat,2021,4,2021-04-01,Pukharayan APMC,1960.46
Uttar Pradesh,Wheat,2021,4,2021-04-01,Puranpur APMC,1974.97
Uttar Pradesh,Wheat,2021,4,2021-04-01,Purwa APMC,1716.52
Uttar Pradesh,Wheat,2021,4,2021-04-01,Raath APMC,1975.0
Uttar Pradesh,Wheat,2021,4,2021-04-01,Raibareilly APMC,1956.69
Uttar Pradesh,Wheat,2021,4,2021-04-01,Rampur APMC,1878.24
Uttar Pradesh,Wheat,2021,4,2021-04-01,Rasda APMC,1950.08
Uttar Pradesh,Wheat,2021,4,2021-04-01,Richha APMC,1975.0
Uttar Pradesh,Wheat,2021,4,2021-04-01,Robertsganj APMC,2041.57
Uttar Pradesh,Wheat,2021,4,2021-04-01,Rudauli APMC,1975.0
Uttar Pradesh,Wheat,2021,4,2021-04-01,Rura APMC,1927.33
Uttar Pradesh,Wheat,2021,4,2021-04-01,Safdarganj APMC,1960.18
Uttar Pradesh,Wheat,2021,4,2021-04-01,Saharanpur APMC,1964.9
Uttar Pradesh,Wheat,2021,4,2021-04-01,Sahiyapur APMC,1975.0
Uttar Pradesh,Wheat,2021,4,2021-04-01,Salon APMC,1975.0
Uttar Pradesh,Wheat,2021,4,2021-04-01,Sambhal APMC,
Uttar Pradesh,Wheat,2021,4,2021-04-01,Samsabad APMC,
Uttar Pradesh,Wheat,2021,4,2021-04-01,Sandi APMC,
Uttar Pradesh,Wheat,2021,4,2021-04-01,Sandila APMC,1907.04
Uttar Pradesh,Wheat,2021,4,2021-04-01,Sehjanwa APMC,1953.55
Uttar Pradesh,Wheat,2021,4,2021-04-01,Shadabad APMC,1975.0
Uttar Pradesh,Wheat,2021,4,2021-04-01,Shahabad(New Mandi) APMC,1915.03
Uttar Pradesh,Wheat,2021,4,2021-04-01,Shahganj APMC,1968.21
Uttar Pradesh,Wheat,2021,4,2021-04-01,Shahjahanpur APMC,1908.13
Uttar Pradesh,Wheat,2021,4,2021-04-01,Shahpur APMC,
Uttar Pradesh,Wheat,2021,4,2021-04-01,Shamli APMC,1972.25
Uttar Pradesh,Wheat,2021,4,2021-04-01,Shikohabad APMC,1972.73
Uttar Pradesh,Wheat,2021,4,2021-04-01,Sikanderabad APMC,
Uttar Pradesh,Wheat,2021,4,2021-04-01,Sikandraraau APMC,1966.46
Uttar Pradesh,Wheat,2021,4,2021-04-01,Sirsa APMC,
Uttar Pradesh,Wheat,2021,4,2021-04-01,Sirsaganj APMC,1975.0
Uttar Pradesh,Wheat,2021,4,2021-04-01,Sitapur APMC,1722.6
Uttar Pradesh,Wheat,2021,4,2021-04-01,Siyana APMC,1973.73
Uttar Pradesh,Wheat,2021,4,2021-04-01,Sultanpur APMC,1752.03
Uttar Pradesh,Wheat,2021,4,2021-04-01,Thanabhawan APMC,
Uttar Pradesh,Wheat,2021,4,2021-04-01,Tikonia APMC,1973.98
Uttar Pradesh,Wheat,2021,4,2021-04-01,Tilhar APMC,1735.38
Uttar Pradesh,Wheat,2021,4,2021-04-01,Tulsipur APMC,1953.56
Uttar Pradesh,Wheat,2021,4,2021-04-01,Tundla APMC,1950.09
Uttar Pradesh,Wheat,2021,4,2021-04-01,Ujhani APMC,1974.43
Uttar Pradesh,Wheat,2021,4,2021-04-01,Unnao APMC,1896.89
Uttar Pradesh,Wheat,2021,4,2021-04-01,Uttaripura APMC,1975.0
Uttar Pradesh,Wheat,2021,4,2021-04-01,Varanasi APMC,1933.24
Uttar Pradesh,Wheat,2021,4,2021-04-01,Viswan APMC,
Uttar Pradesh,Wheat,2021,4,2021-04-01,Wazirganj APMC,1972.48
Uttar Pradesh,Wheat,2021,4,2021-04-01,Note:,
Uttar Pradesh,Wheat,2021,4,2021-04-01,Weighted Average Price = ∑(arrival quantity * modal price) / ∑arrival quantity,
Uttar Pradesh,Wheat,2021,4,2021-04-01,Change (Over Previous Month) = [Price - Price(Over Previous Month)/Price(Over Previous Month)] * 100,
Uttar Pradesh,Wheat,2021,4,2021-04-01,Change (Over Previous Year) = [Price - Price(Over Previous Year)/Price(Over Previous Year)] * 100,
Uttar Pradesh,Wheat,2021,5,2021-05-01,Achalda APMC,1975.0
Uttar Pradesh,Wheat,2021,5,2021-05-01,Achnera APMC,1975.0
Uttar Pradesh,Wheat,2021,5,2021-05-01,Agra APMC,1936.23
Uttar Pradesh,Wheat,2021,5,2021-05-01,Ait APMC,
Uttar Pradesh,Wheat,2021,5,2021-05-01,Ajuha APMC,1975.0
Uttar Pradesh,Wheat,2021,5,2021-05-01,Akbarpur APMC,1975.0
Uttar Pradesh,Wheat,2021,5,2021-05-01,Aliganj APMC,1974.61
Uttar Pradesh,Wheat,2021,5,2021-05-01,Aligarh APMC,1975.0
Uttar Pradesh,Wheat,2021,5,2021-05-01,Amroha APMC,1975.0
Uttar Pradesh,Wheat,2021,5,2021-05-01,Anandnagar APMC,1975.0
Uttar Pradesh,Wheat,2021,5,2021-05-01,Anoop Shahar APMC,1924.84
Uttar Pradesh,Wheat,2021,5,2021-05-01,Atarra APMC,1975.0
Uttar Pradesh,Wheat,2021,5,2021-05-01,Atrauli APMC,1975.0
Uttar Pradesh,Wheat,2021,5,2021-05-01,Auraiya APMC,1975.0
Uttar Pradesh,Wheat,2021,5,2021-05-01,Awagarh APMC,
Uttar Pradesh,Wheat,2021,5,2021-05-01,Ayodhya APMC,1972.28
Uttar Pradesh,Wheat,2021,5,2021-05-01,Azamgarh APMC,1975.0
Uttar Pradesh,Wheat,2021,5,2021-05-01,Baberu APMC,1975.0
Uttar Pradesh,Wheat,2021,5,2021-05-01,Babrala APMC,1805.8
Uttar Pradesh,Wheat,2021,5,2021-05-01,Bachranwa APMC,1975.0
Uttar Pradesh,Wheat,2021,5,2021-05-01,Badayoun APMC,1975.0
Uttar Pradesh,Wheat,2021,5,2021-05-01,Badda APMC,
Uttar Pradesh,Wheat,2021,5,2021-05-01,Baheri APMC,1975.0
Uttar Pradesh,Wheat,2021,5,2021-05-01,Bahraich APMC,1975.0
Uttar Pradesh,Wheat,2021,5,2021-05-01,Ballia APMC,1975.0
Uttar Pradesh,Wheat,2021,5,2021-05-01,Balrampur APMC,
Uttar Pradesh,Wheat,2021,5,2021-05-01,Banda APMC,1975.0
Uttar Pradesh,Wheat,2021,5,2021-05-01,Bangarmau APMC,1975.0
Uttar Pradesh,Wheat,2021,5,2021-05-01,Banthara APMC,
Uttar Pradesh,Wheat,2021,5,2021-05-01,Barabanki APMC,1975.0
Uttar Pradesh,Wheat,2021,5,2021-05-01,Bareilly APMC,1975.0
Uttar Pradesh,Wheat,2021,5,2021-05-01,Barhaj APMC,1975.0
Uttar Pradesh,Wheat,2021,5,2021-05-01,Baripaal APMC,1704.15
Uttar Pradesh,Wheat,2021,5,2021-05-01,Basti APMC,1975.0
Uttar Pradesh,Wheat,2021,5,2021-05-01,Bewar APMC,1732.89
Uttar Pradesh,Wheat,2021,5,2021-05-01,Bharthna APMC,1975.0
Uttar Pradesh,Wheat,2021,5,2021-05-01,Bharuasumerpur APMC,1975.05
Uttar Pradesh,Wheat,2021,5,2021-05-01,Bharwari APMC,1733.53
Uttar Pradesh,Wheat,2021,5,2021-05-01,Bhehjoi APMC,1920.0
Uttar Pradesh,Wheat,2021,5,2021-05-01,Bijnaur APMC,1975.0
Uttar Pradesh,Wheat,2021,5,2021-05-01,Bilaspur APMC,
Uttar Pradesh,Wheat,2021,5,2021-05-01,Billsadda APMC,
Uttar Pradesh,Wheat,2021,5,2021-05-01,Bilsi APMC,1975.0
Uttar Pradesh,Wheat,2021,5,2021-05-01,Bindki APMC,1975.0
Uttar Pradesh,Wheat,2021,5,2021-05-01,Bishalpur APMC,1975.0
Uttar Pradesh,Wheat,2021,5,2021-05-01,Bisoli APMC,1750.0
Uttar Pradesh,Wheat,2021,5,2021-05-01,Buland Shahr APMC,1975.0
Uttar Pradesh,Wheat,2021,5,2021-05-01,Chandausi APMC,1975.0
Uttar Pradesh,Wheat,2021,5,2021-05-01,Chandoli APMC,1975.0
Uttar Pradesh,Wheat,2021,5,2021-05-01,Charra APMC,1975.0
Uttar Pradesh,Wheat,2021,5,2021-05-01,Chhibramau APMC,1975.0
Uttar Pradesh,Wheat,2021,5,2021-05-01,Chirgaon APMC,1975.0
Uttar Pradesh,Wheat,2021,5,2021-05-01,Chitwadagaon APMC,1975.0
Uttar Pradesh,Wheat,2021,5,2021-05-01,Chorichora APMC,1975.0
Uttar Pradesh,Wheat,2021,5,2021-05-01,Choubepur APMC,2005.9
Uttar Pradesh,Wheat,2021,5,2021-05-01,DADRI APMC,1975.0
Uttar Pradesh,Wheat,2021,5,2021-05-01,Dankaur APMC,1975.0
Uttar Pradesh,Wheat,2021,5,2021-05-01,Dataganj APMC,
Uttar Pradesh,Wheat,2021,5,2021-05-01,Devariya APMC,1975.0
Uttar Pradesh,Wheat,2021,5,2021-05-01,Dhanaura APMC,1950.0
Uttar Pradesh,Wheat,2021,5,2021-05-01,Dibiapur APMC,1710.81
Uttar Pradesh,Wheat,2021,5,2021-05-01,Doharighat APMC,
Uttar Pradesh,Wheat,2021,5,2021-05-01,Etah APMC,1975.0
Uttar Pradesh,Wheat,2021,5,2021-05-01,Etawah APMC,1975.0
Uttar Pradesh,Wheat,2021,5,2021-05-01,Farukhabad APMC,1975.0
Uttar Pradesh,Wheat,2021,5,2021-05-01,Fatehabad APMC,
Uttar Pradesh,Wheat,2021,5,2021-05-01,Fatehpur APMC,1975.0
Uttar Pradesh,Wheat,2021,5,2021-05-01,Fatehpur Sikri APMC,1975.0
Uttar Pradesh,Wheat,2021,5,2021-05-01,Firozabad APMC,1975.0
Uttar Pradesh,Wheat,2021,5,2021-05-01,Gadaura APMC,1756.6
Uttar Pradesh,Wheat,2021,5,2021-05-01,Gangoh APMC,1919.96
Uttar Pradesh,Wheat,2021,5,2021-05-01,Gazipur APMC,1975.0
Uttar Pradesh,Wheat,2021,5,2021-05-01,Ghaziabad APMC,1975.0
Uttar Pradesh,Wheat,2021,5,2021-05-01,Ghiraur APMC,1915.02
Uttar Pradesh,Wheat,2021,5,2021-05-01,Golagokarnath APMC,1975.0
Uttar Pradesh,Wheat,2021,5,2021-05-01,Gonda APMC,1975.0
Uttar Pradesh,Wheat,2021,5,2021-05-01,Gopiganj APMC,
Uttar Pradesh,Wheat,2021,5,2021-05-01,Gorakhpur APMC,1975.24
Uttar Pradesh,Wheat,2021,5,2021-05-01,Gulavati APMC,
Uttar Pradesh,Wheat,2021,5,2021-05-01,Gurusarai APMC,1975.0
Uttar Pradesh,Wheat,2021,5,2021-05-01,Haathras APMC,1969.02
Uttar Pradesh,Wheat,2021,5,2021-05-01,Haldaur APMC,1822.22
Uttar Pradesh,Wheat,2021,5,2021-05-01,Hamirpur APMC,
Uttar Pradesh,Wheat,2021,5,2021-05-01,Hapur APMC,1975.0
Uttar Pradesh,Wheat,2021,5,2021-05-01,Hardoi APMC,1975.0
Uttar Pradesh,Wheat,2021,5,2021-05-01,Hargaon (Laharpur) APMC,
Uttar Pradesh,Wheat,2021,5,2021-05-01,Hasanpur APMC,1924.38
Uttar Pradesh,Wheat,2021,5,2021-05-01,Jafarganj APMC,
Uttar Pradesh,Wheat,2021,5,2021-05-01,Jagnair APMC,
Uttar Pradesh,Wheat,2021,5,2021-05-01,Jahanabad APMC,
Uttar Pradesh,Wheat,2021,5,2021-05-01,Jahangirabad APMC,1975.0
Uttar Pradesh,Wheat,2021,5,2021-05-01,Jalalabad APMC,
Uttar Pradesh,Wheat,2021,5,2021-05-01,Jalaun APMC,1975.0
Uttar Pradesh,Wheat,2021,5,2021-05-01,Jangipura APMC,1975.0
Uttar Pradesh,Wheat,2021,5,2021-05-01,Jasra APMC,1975.0
Uttar Pradesh,Wheat,2021,5,2021-05-01,Jasvantnagar APMC,
Uttar Pradesh,Wheat,2021,5,2021-05-01,Jaunpur APMC,1975.0
Uttar Pradesh,Wheat,2021,5,2021-05-01,Jayas APMC,1975.0
Uttar Pradesh,Wheat,2021,5,2021-05-01,Jhansi APMC,1975.0
Uttar Pradesh,Wheat,2021,5,2021-05-01,Jhijhank APMC,1975.0
Uttar Pradesh,Wheat,2021,5,2021-05-01,Kadaura APMC,
Uttar Pradesh,Wheat,2021,5,2021-05-01,Kamlaganj APMC,1975.0
Uttar Pradesh,Wheat,2021,5,2021-05-01,Kannauj APMC,1975.0
Uttar Pradesh,Wheat,2021,5,2021-05-01,Kanpur(Grain) APMC,1975.0
Uttar Pradesh,Wheat,2021,5,2021-05-01,Karvi APMC,1975.0
Uttar Pradesh,Wheat,2021,5,2021-05-01,Kasganj APMC,1975.0
Uttar Pradesh,Wheat,2021,5,2021-05-01,Kayamganj APMC,1975.0
Uttar Pradesh,Wheat,2021,5,2021-05-01,Khaga APMC,1840.0
Uttar Pradesh,Wheat,2021,5,2021-05-01,Khair APMC,1975.0
Uttar Pradesh,Wheat,2021,5,2021-05-01,Khairagarh APMC,1780.51
Uttar Pradesh,Wheat,2021,5,2021-05-01,Khalilabad APMC,1975.0
Uttar Pradesh,Wheat,2021,5,2021-05-01,Khatauli APMC,
Uttar Pradesh,Wheat,2021,5,2021-05-01,Khurja APMC,1975.0
Uttar Pradesh,Wheat,2021,5,2021-05-01,Kishunpur APMC,1750.0
Uttar Pradesh,Wheat,2021,5,2021-05-01,Konch APMC,1975.0
Uttar Pradesh,Wheat,2021,5,2021-05-01,Kopaganj APMC,1975.0
Uttar Pradesh,Wheat,2021,5,2021-05-01,Kosikalan APMC,1975.0
Uttar Pradesh,Wheat,2021,5,2021-05-01,Lakhimpur APMC,1972.84
Uttar Pradesh,Wheat,2021,5,2021-05-01,Lalganj APMC,1975.0
Uttar Pradesh,Wheat,2021,5,2021-05-01,Lalitpur APMC,1975.0
Uttar Pradesh,Wheat,2021,5,2021-05-01,Lucknow APMC,1975.0
Uttar Pradesh,Wheat,2021,5,2021-05-01,Madhoganj APMC,1975.0
Uttar Pradesh,Wheat,2021,5,2021-05-01,Madhogarh APMC,1975.0
Uttar Pradesh,Wheat,2021,5,2021-05-01,Maharajganj APMC,1950.0
Uttar Pradesh,Wheat,2021,5,2021-05-01,Mahoba APMC,1975.0
Uttar Pradesh,Wheat,2021,5,2021-05-01,Maigalganj APMC,1848.82
Uttar Pradesh,Wheat,2021,5,2021-05-01,Mainpuri APMC,1975.0
Uttar Pradesh,Wheat,2021,5,2021-05-01,Mathura APMC,1975.0
Uttar Pradesh,Wheat,2021,5,2021-05-01,Mau(Chitrakut) APMC,
Uttar Pradesh,Wheat,2021,5,2021-05-01,Maudaha APMC,1975.0
Uttar Pradesh,Wheat,2021,5,2021-05-01,Mauranipur APMC,1975.0
Uttar Pradesh,Wheat,2021,5,2021-05-01,Mawana APMC,1975.0
Uttar Pradesh,Wheat,2021,5,2021-05-01,Meerut APMC,1975.0
Uttar Pradesh,Wheat,2021,5,2021-05-01,Mehmoodabad APMC,1975.0
Uttar Pradesh,Wheat,2021,5,2021-05-01,Mehrauni APMC,
Uttar Pradesh,Wheat,2021,5,2021-05-01,Milak APMC,1975.0
Uttar Pradesh,Wheat,2021,5,2021-05-01,Mirzapur APMC,1975.0
Uttar Pradesh,Wheat,2021,5,2021-05-01,Mohamadabad APMC,1975.0
Uttar Pradesh,Wheat,2021,5,2021-05-01,Mohammdi APMC,
Uttar Pradesh,Wheat,2021,5,2021-05-01,Moth APMC,1975.0
Uttar Pradesh,Wheat,2021,5,2021-05-01,Mugrabaadshahpur APMC,1975.0
Uttar Pradesh,Wheat,2021,5,2021-05-01,Muradabad APMC,1975.0
Uttar Pradesh,Wheat,2021,5,2021-05-01,Muskara APMC,1975.0
Uttar Pradesh,Wheat,2021,5,2021-05-01,Muzzafarnagar APMC,1975.0
Uttar Pradesh,Wheat,2021,5,2021-05-01,Naanpara APMC,1975.0
Uttar Pradesh,Wheat,2021,5,2021-05-01,Naugarh APMC,1955.11
Uttar Pradesh,Wheat,2021,5,2021-05-01,Nautnava APMC,
Uttar Pradesh,Wheat,2021,5,2021-05-01,Nawabganj APMC,1990.65
Uttar Pradesh,Wheat,2021,5,2021-05-01,Orai APMC,1975.0
Uttar Pradesh,Wheat,2021,5,2021-05-01,Paliakala APMC,1975.0
Uttar Pradesh,Wheat,2021,5,2021-05-01,Panchpedwa APMC,1661.51
Uttar Pradesh,Wheat,2021,5,2021-05-01,Partaval APMC,1975.0
Uttar Pradesh,Wheat,2021,5,2021-05-01,Payagpur APMC,
Uttar Pradesh,Wheat,2021,5,2021-05-01,Pilibhit APMC,1975.0
Uttar Pradesh,Wheat,2021,5,2021-05-01,Powayan APMC,1975.0
Uttar Pradesh,Wheat,2021,5,2021-05-01,Pratapgarh APMC,1975.0
Uttar Pradesh,Wheat,2021,5,2021-05-01,Prayagraj APMC,1975.0
Uttar Pradesh,Wheat,2021,5,2021-05-01,Pukharayan APMC,1975.0
Uttar Pradesh,Wheat,2021,5,2021-05-01,Puranpur APMC,1975.0
Uttar Pradesh,Wheat,2021,5,2021-05-01,Purwa APMC,1975.0
Uttar Pradesh,Wheat,2021,5,2021-05-01,Raath APMC,1975.0
Uttar Pradesh,Wheat,2021,5,2021-05-01,Raibareilly APMC,1975.0
Uttar Pradesh,Wheat,2021,5,2021-05-01,Rampur APMC,1945.0
Uttar Pradesh,Wheat,2021,5,2021-05-01,Rasda APMC,1975.0
Uttar Pradesh,Wheat,2021,5,2021-05-01,Richha APMC,1975.0
Uttar Pradesh,Wheat,2021,5,2021-05-01,Robertsganj APMC,2068.07
Uttar Pradesh,Wheat,2021,5,2021-05-01,Rudauli APMC,1975.0
Uttar Pradesh,Wheat,2021,5,2021-05-01,Rura APMC,1975.0
Uttar Pradesh,Wheat,2021,5,2021-05-01,Safdarganj APMC,1972.78
Uttar Pradesh,Wheat,2021,5,2021-05-01,Saharanpur APMC,1975.0
Uttar Pradesh,Wheat,2021,5,2021-05-01,Sahiyapur APMC,1975.0
Uttar Pradesh,Wheat,2021,5,2021-05-01,Salon APMC,1974.74
Uttar Pradesh,Wheat,2021,5,2021-05-01,Sambhal APMC,
Uttar Pradesh,Wheat,2021,5,2021-05-01,Samsabad APMC,
Uttar Pradesh,Wheat,2021,5,2021-05-01,Sandi APMC,1950.0
Uttar Pradesh,Wheat,2021,5,2021-05-01,Sandila APMC,1975.0
Uttar Pradesh,Wheat,2021,5,2021-05-01,Sardhana APMC,1975.0
Uttar Pradesh,Wheat,2021,5,2021-05-01,Sehjanwa APMC,1975.0
Uttar Pradesh,Wheat,2021,5,2021-05-01,Shadabad APMC,1975.0
Uttar Pradesh,Wheat,2021,5,2021-05-01,Shahabad(New Mandi) APMC,1975.0
Uttar Pradesh,Wheat,2021,5,2021-05-01,Shahganj APMC,1975.0
Uttar Pradesh,Wheat,2021,5,2021-05-01,Shahjahanpur APMC,1975.0
Uttar Pradesh,Wheat,2021,5,2021-05-01,Shahpur APMC,
Uttar Pradesh,Wheat,2021,5,2021-05-01,Shamli APMC,1975.0
Uttar Pradesh,Wheat,2021,5,2021-05-01,Shikohabad APMC,1975.0
Uttar Pradesh,Wheat,2021,5,2021-05-01,Sikanderabad APMC,
Uttar Pradesh,Wheat,2021,5,2021-05-01,Sikandraraau APMC,1975.0
Uttar Pradesh,Wheat,2021,5,2021-05-01,Sirsa APMC,
Uttar Pradesh,Wheat,2021,5,2021-05-01,Sirsaganj APMC,1975.0
Uttar Pradesh,Wheat,2021,5,2021-05-01,Sitapur APMC,1975.0
Uttar Pradesh,Wheat,2021,5,2021-05-01,Siyana APMC,1999.81
Uttar Pradesh,Wheat,2021,5,2021-05-01,Sultanpur APMC,1938.51
Uttar Pradesh,Wheat,2021,5,2021-05-01,Thanabhawan APMC,
Uttar Pradesh,Wheat,2021,5,2021-05-01,Tikonia APMC,1975.0
Uttar Pradesh,Wheat,2021,5,2021-05-01,Tilhar APMC,1741.62
Uttar Pradesh,Wheat,2021,5,2021-05-01,Tulsipur APMC,1975.0
Uttar Pradesh,Wheat,2021,5,2021-05-01,Tundla APMC,1975.0
Uttar Pradesh,Wheat,2021,5,2021-05-01,Ujhani APMC,1975.0
Uttar Pradesh,Wheat,2021,5,2021-05-01,Unnao APMC,1975.0
Uttar Pradesh,Wheat,2021,5,2021-05-01,Uttaripura APMC,1947.22
Uttar Pradesh,Wheat,2021,5,2021-05-01,Varanasi APMC,1975.13
Uttar Pradesh,Wheat,2021,5,2021-05-01,Viswan APMC,
Uttar Pradesh,Wheat,2021,5,2021-05-01,Wazirganj APMC,1975.0
Uttar Pradesh,Wheat,2021,5,2021-05-01,Yusufpur APMC,
Uttar Pradesh,Wheat,2021,5,2021-05-01,Note:,
Uttar Pradesh,Wheat,2021,5,2021-05-01,Weighted Average Price = ∑(arrival quantity * modal price) / ∑arrival quantity,
Uttar Pradesh,Wheat,2021,5,2021-05-01,Change (Over Previous Month) = [Price - Price(Over Previous Month)/Price(Over Previous Month)] * 100,
Uttar Pradesh,Wheat,2021,5,2021-05-01,Change (Over Previous Year) = [Price - Price(Over Previous Year)/Price(Over Previous Year)] * 100,
Uttar Pradesh,Wheat,2021,6,2021-06-01,Achalda APMC,1890.65
Uttar Pradesh,Wheat,2021,6,2021-06-01,Achnera APMC,1966.53
Uttar Pradesh,Wheat,2021,6,2021-06-01,Agra APMC,1956.15
Uttar Pradesh,Wheat,2021,6,2021-06-01,Ait APMC,1550.0
Uttar Pradesh,Wheat,2021,6,2021-06-01,Ajuha APMC,1947.7
Uttar Pradesh,Wheat,2021,6,2021-06-01,Akbarpur APMC,1966.15
Uttar Pradesh,Wheat,2021,6,2021-06-01,Aliganj APMC,1958.93
Uttar Pradesh,Wheat,2021,6,2021-06-01,Aligarh APMC,1925.73
Uttar Pradesh,Wheat,2021,6,2021-06-01,Amroha APMC,1954.77
Uttar Pradesh,Wheat,2021,6,2021-06-01,Anandnagar APMC,1972.47
Uttar Pradesh,Wheat,2021,6,2021-06-01,Anoop Shahar APMC,1875.98
Uttar Pradesh,Wheat,2021,6,2021-06-01,Atarra APMC,1961.57
Uttar Pradesh,Wheat,2021,6,2021-06-01,Atrauli APMC,1912.55
Uttar Pradesh,Wheat,2021,6,2021-06-01,Auraiya APMC,1898.15
Uttar Pradesh,Wheat,2021,6,2021-06-01,Awagarh APMC,
Uttar Pradesh,Wheat,2021,6,2021-06-01,Ayodhya APMC,1935.09
Uttar Pradesh,Wheat,2021,6,2021-06-01,Azamgarh APMC,1967.92
Uttar Pradesh,Wheat,2021,6,2021-06-01,Baberu APMC,1958.67
Uttar Pradesh,Wheat,2021,6,2021-06-01,Babrala APMC,1826.95
Uttar Pradesh,Wheat,2021,6,2021-06-01,Bachranwa APMC,1975.0
Uttar Pradesh,Wheat,2021,6,2021-06-01,Badayoun APMC,1960.56
Uttar Pradesh,Wheat,2021,6,2021-06-01,Baheri APMC,1975.0
Uttar Pradesh,Wheat,2021,6,2021-06-01,Bahraich APMC,1940.41
Uttar Pradesh,Wheat,2021,6,2021-06-01,Ballia APMC,1975.0
Uttar Pradesh,Wheat,2021,6,2021-06-01,Balrampur APMC,1947.57
Uttar Pradesh,Wheat,2021,6,2021-06-01,Banda APMC,1959.42
Uttar Pradesh,Wheat,2021,6,2021-06-01,Bangarmau APMC,1972.21
Uttar Pradesh,Wheat,2021,6,2021-06-01,Bansi APMC,1975.0
Uttar Pradesh,Wheat,2021,6,2021-06-01,Banthara APMC,
Uttar Pradesh,Wheat,2021,6,2021-06-01,Barabanki APMC,1912.35
Uttar Pradesh,Wheat,2021,6,2021-06-01,Bareilly APMC,1970.52
Uttar Pradesh,Wheat,2021,6,2021-06-01,Barhaj APMC,1966.14
Uttar Pradesh,Wheat,2021,6,2021-06-01,Baripaal APMC,1584.66
Uttar Pradesh,Wheat,2021,6,2021-06-01,Basti APMC,1975.0
Uttar Pradesh,Wheat,2021,6,2021-06-01,Bewar APMC,1837.67
Uttar Pradesh,Wheat,2021,6,2021-06-01,Bharthna APMC,1944.69
Uttar Pradesh,Wheat,2021,6,2021-06-01,Bharuasumerpur APMC,1946.15
Uttar Pradesh,Wheat,2021,6,2021-06-01,Bharwari APMC,1668.4
Uttar Pradesh,Wheat,2021,6,2021-06-01,Bhehjoi APMC,1897.63
Uttar Pradesh,Wheat,2021,6,2021-06-01,Bijnaur APMC,1961.97
Uttar Pradesh,Wheat,2021,6,2021-06-01,Bilaspur APMC,
Uttar Pradesh,Wheat,2021,6,2021-06-01,Billsadda APMC,
Uttar Pradesh,Wheat,2021,6,2021-06-01,Bilsi APMC,1954.74
Uttar Pradesh,Wheat,2021,6,2021-06-01,Bindki APMC,1902.93
Uttar Pradesh,Wheat,2021,6,2021-06-01,Bishalpur APMC,1974.94
Uttar Pradesh,Wheat,2021,6,2021-06-01,Bisoli APMC,
Uttar Pradesh,Wheat,2021,6,2021-06-01,Buland Shahr APMC,1970.64
Uttar Pradesh,Wheat,2021,6,2021-06-01,Chandausi APMC,1971.98
Uttar Pradesh,Wheat,2021,6,2021-06-01,Chandoli APMC,1975.0
Uttar Pradesh,Wheat,2021,6,2021-06-01,Charra APMC,1940.69
Uttar Pradesh,Wheat,2021,6,2021-06-01,Chhibramau APMC,1943.81
Uttar Pradesh,Wheat,2021,6,2021-06-01,Chirgaon APMC,1970.75
Uttar Pradesh,Wheat,2021,6,2021-06-01,Chitwadagaon APMC,1975.0
Uttar Pradesh,Wheat,2021,6,2021-06-01,Chorichora APMC,1911.27
Uttar Pradesh,Wheat,2021,6,2021-06-01,Choubepur APMC,1970.71
Uttar Pradesh,Wheat,2021,6,2021-06-01,DADRI APMC,1969.94
Uttar Pradesh,Wheat,2021,6,2021-06-01,Dankaur APMC,1970.37
Uttar Pradesh,Wheat,2021,6,2021-06-01,Dataganj APMC,1735.0
Uttar Pradesh,Wheat,2021,6,2021-06-01,Devariya APMC,1956.74
Uttar Pradesh,Wheat,2021,6,2021-06-01,Dhanaura APMC,1950.0
Uttar Pradesh,Wheat,2021,6,2021-06-01,Dibiapur APMC,1712.16
Uttar Pradesh,Wheat,2021,6,2021-06-01,Doharighat APMC,
Uttar Pradesh,Wheat,2021,6,2021-06-01,Etah APMC,1929.79
Uttar Pradesh,Wheat,2021,6,2021-06-01,Etawah APMC,1960.03
Uttar Pradesh,Wheat,2021,6,2021-06-01,Farukhabad APMC,1990.49
Uttar Pradesh,Wheat,2021,6,2021-06-01,Fatehabad APMC,
Uttar Pradesh,Wheat,2021,6,2021-06-01,Fatehpur APMC,1935.91
Uttar Pradesh,Wheat,2021,6,2021-06-01,Fatehpur Sikri APMC,1975.0
Uttar Pradesh,Wheat,2021,6,2021-06-01,Firozabad APMC,1972.34
Uttar Pradesh,Wheat,2021,6,2021-06-01,Gadaura APMC,1764.61
Uttar Pradesh,Wheat,2021,6,2021-06-01,Gangoh APMC,1853.64
Uttar Pradesh,Wheat,2021,6,2021-06-01,Gazipur APMC,1975.0
Uttar Pradesh,Wheat,2021,6,2021-06-01,Ghaziabad APMC,1972.33
Uttar Pradesh,Wheat,2021,6,2021-06-01,Ghiraur APMC,1975.0
Uttar Pradesh,Wheat,2021,6,2021-06-01,Golagokarnath APMC,1942.5
Uttar Pradesh,Wheat,2021,6,2021-06-01,Gonda APMC,1870.12
Uttar Pradesh,Wheat,2021,6,2021-06-01,Gopiganj APMC,
Uttar Pradesh,Wheat,2021,6,2021-06-01,Gorakhpur APMC,1940.25
Uttar Pradesh,Wheat,2021,6,2021-06-01,Gulavati APMC,
Uttar Pradesh,Wheat,2021,6,2021-06-01,Gurusarai APMC,1975.0
Uttar Pradesh,Wheat,2021,6,2021-06-01,Haathras APMC,1924.04
Uttar Pradesh,Wheat,2021,6,2021-06-01,Haldaur APMC,1850.0
Uttar Pradesh,Wheat,2021,6,2021-06-01,Hamirpur APMC,1630.0
Uttar Pradesh,Wheat,2021,6,2021-06-01,Hapur APMC,1963.22
Uttar Pradesh,Wheat,2021,6,2021-06-01,Hardoi APMC,1895.81
Uttar Pradesh,Wheat,2021,6,2021-06-01,Hargaon (Laharpur) APMC,
Uttar Pradesh,Wheat,2021,6,2021-06-01,Hasanpur APMC,1900.0
Uttar Pradesh,Wheat,2021,6,2021-06-01,Jafarganj APMC,1672.75
Uttar Pradesh,Wheat,2021,6,2021-06-01,Jagnair APMC,
Uttar Pradesh,Wheat,2021,6,2021-06-01,Jahanabad APMC,
Uttar Pradesh,Wheat,2021,6,2021-06-01,Jahangirabad APMC,1970.83
Uttar Pradesh,Wheat,2021,6,2021-06-01,Jalalabad APMC,
Uttar Pradesh,Wheat,2021,6,2021-06-01,Jalaun APMC,1957.32
Uttar Pradesh,Wheat,2021,6,2021-06-01,Jangipura APMC,1975.0
Uttar Pradesh,Wheat,2021,6,2021-06-01,Jasra APMC,1975.0
Uttar Pradesh,Wheat,2021,6,2021-06-01,Jasvantnagar APMC,
Uttar Pradesh,Wheat,2021,6,2021-06-01,Jaunpur APMC,1975.0
Uttar Pradesh,Wheat,2021,6,2021-06-01,Jayas APMC,1951.5
Uttar Pradesh,Wheat,2021,6,2021-06-01,Jhansi APMC,1975.0
Uttar Pradesh,Wheat,2021,6,2021-06-01,Jhijhank APMC,1934.1
Uttar Pradesh,Wheat,2021,6,2021-06-01,Kamlaganj APMC,1975.0
Uttar Pradesh,Wheat,2021,6,2021-06-01,Kannauj APMC,1925.12
Uttar Pradesh,Wheat,2021,6,2021-06-01,Kanpur(Grain) APMC,1949.21
Uttar Pradesh,Wheat,2021,6,2021-06-01,Karvi APMC,1950.78
Uttar Pradesh,Wheat,2021,6,2021-06-01,Kasganj APMC,1919.69
Uttar Pradesh,Wheat,2021,6,2021-06-01,Kayamganj APMC,1925.87
Uttar Pradesh,Wheat,2021,6,2021-06-01,Khaga APMC,1840.0
Uttar Pradesh,Wheat,2021,6,2021-06-01,Khair APMC,1933.52
Uttar Pradesh,Wheat,2021,6,2021-06-01,Khairagarh APMC,1750.33
Uttar Pradesh,Wheat,2021,6,2021-06-01,Khalilabad APMC,
Uttar Pradesh,Wheat,2021,6,2021-06-01,Khurja APMC,1970.78
Uttar Pradesh,Wheat,2021,6,2021-06-01,Kishunpur APMC,1695.37
Uttar Pradesh,Wheat,2021,6,2021-06-01,Konch APMC,1938.84
Uttar Pradesh,Wheat,2021,6,2021-06-01,Kopaganj APMC,1967.16
Uttar Pradesh,Wheat,2021,6,2021-06-01,Kosikalan APMC,1931.19
Uttar Pradesh,Wheat,2021,6,2021-06-01,Kurara APMC,1970.68
Uttar Pradesh,Wheat,2021,6,2021-06-01,Lakhimpur APMC,1880.72
Uttar Pradesh,Wheat,2021,6,2021-06-01,Lalganj APMC,1950.09
Uttar Pradesh,Wheat,2021,6,2021-06-01,Lalitpur APMC,1915.97
Uttar Pradesh,Wheat,2021,6,2021-06-01,Lucknow APMC,1966.73
Uttar Pradesh,Wheat,2021,6,2021-06-01,Madhoganj APMC,1927.01
Uttar Pradesh,Wheat,2021,6,2021-06-01,Madhogarh APMC,1520.0
Uttar Pradesh,Wheat,2021,6,2021-06-01,Maharajganj APMC,
Uttar Pradesh,Wheat,2021,6,2021-06-01,Mahoba APMC,1894.63
Uttar Pradesh,Wheat,2021,6,2021-06-01,Maigalganj APMC,1811.04
Uttar Pradesh,Wheat,2021,6,2021-06-01,Mainpuri APMC,1970.0
Uttar Pradesh,Wheat,2021,6,2021-06-01,Mathura APMC,1938.95
Uttar Pradesh,Wheat,2021,6,2021-06-01,Mau(Chitrakut) APMC,
Uttar Pradesh,Wheat,2021,6,2021-06-01,Maudaha APMC,1933.47
Uttar Pradesh,Wheat,2021,6,2021-06-01,Mauranipur APMC,1975.0
Uttar Pradesh,Wheat,2021,6,2021-06-01,Mawana APMC,1973.59
Uttar Pradesh,Wheat,2021,6,2021-06-01,Meerut APMC,1967.51
Uttar Pradesh,Wheat,2021,6,2021-06-01,Mehmoodabad APMC,1901.83
Uttar Pradesh,Wheat,2021,6,2021-06-01,Milak APMC,1956.26
Uttar Pradesh,Wheat,2021,6,2021-06-01,Mirzapur APMC,1975.0
Uttar Pradesh,Wheat,2021,6,2021-06-01,Mohamadabad APMC,1946.99
Uttar Pradesh,Wheat,2021,6,2021-06-01,Mohammdi APMC,
Uttar Pradesh,Wheat,2021,6,2021-06-01,Moth APMC,1975.0
Uttar Pradesh,Wheat,2021,6,2021-06-01,Mugrabaadshahpur APMC,1975.0
Uttar Pradesh,Wheat,2021,6,2021-06-01,Muradabad APMC,1943.09
Uttar Pradesh,Wheat,2021,6,2021-06-01,Muskara APMC,1870.84
Uttar Pradesh,Wheat,2021,6,2021-06-01,Muzzafarnagar APMC,1971.19
Uttar Pradesh,Wheat,2021,6,2021-06-01,Naanpara APMC,1942.65
Uttar Pradesh,Wheat,2021,6,2021-06-01,Najibabad APMC,1925.62
Uttar Pradesh,Wheat,2021,6,2021-06-01,Naugarh APMC,1872.23
Uttar Pradesh,Wheat,2021,6,2021-06-01,Nautnava APMC,
Uttar Pradesh,Wheat,2021,6,2021-06-01,Nawabganj APMC,1909.13
Uttar Pradesh,Wheat,2021,6,2021-06-01,Orai APMC,1966.83
Uttar Pradesh,Wheat,2021,6,2021-06-01,Paliakala APMC,1900.2
Uttar Pradesh,Wheat,2021,6,2021-06-01,Panchpedwa APMC,1640.34
Uttar Pradesh,Wheat,2021,6,2021-06-01,Partaval APMC,2007.69
Uttar Pradesh,Wheat,2021,6,2021-06-01,Pilibhit APMC,1974.55
Uttar Pradesh,Wheat,2021,6,2021-06-01,Powayan APMC,1971.23
Uttar Pradesh,Wheat,2021,6,2021-06-01,Pratapgarh APMC,1895.7
Uttar Pradesh,Wheat,2021,6,2021-06-01,Prayagraj APMC,
Uttar Pradesh,Wheat,2021,6,2021-06-01,Pukharayan APMC,1954.31
Uttar Pradesh,Wheat,2021,6,2021-06-01,Puranpur APMC,1974.88
Uttar Pradesh,Wheat,2021,6,2021-06-01,Purwa APMC,1948.06
Uttar Pradesh,Wheat,2021,6,2021-06-01,Raath APMC,1895.34
Uttar Pradesh,Wheat,2021,6,2021-06-01,Raibareilly APMC,1959.54
Uttar Pradesh,Wheat,2021,6,2021-06-01,Rampur APMC,1936.93
Uttar Pradesh,Wheat,2021,6,2021-06-01,Rasda APMC,1975.0
Uttar Pradesh,Wheat,2021,6,2021-06-01,Richha APMC,1975.0
Uttar Pradesh,Wheat,2021,6,2021-06-01,Robertsganj APMC,2103.87
Uttar Pradesh,Wheat,2021,6,2021-06-01,Rudauli APMC,1975.0
Uttar Pradesh,Wheat,2021,6,2021-06-01,Rura APMC,1941.29
Uttar Pradesh,Wheat,2021,6,2021-06-01,Safdarganj APMC,1975.0
Uttar Pradesh,Wheat,2021,6,2021-06-01,Saharanpur APMC,1967.22
Uttar Pradesh,Wheat,2021,6,2021-06-01,Sahiyapur APMC,1975.0
Uttar Pradesh,Wheat,2021,6,2021-06-01,Salon APMC,1975.0
Uttar Pradesh,Wheat,2021,6,2021-06-01,Samsabad APMC,
Uttar Pradesh,Wheat,2021,6,2021-06-01,Sandi APMC,1934.54
Uttar Pradesh,Wheat,2021,6,2021-06-01,Sandila APMC,1935.85
Uttar Pradesh,Wheat,2021,6,2021-06-01,Sardhana APMC,
Uttar Pradesh,Wheat,2021,6,2021-06-01,Sehjanwa APMC,1942.79
Uttar Pradesh,Wheat,2021,6,2021-06-01,Shadabad APMC,1975.0
Uttar Pradesh,Wheat,2021,6,2021-06-01,Shahabad(New Mandi) APMC,1854.77
Uttar Pradesh,Wheat,2021,6,2021-06-01,Shahganj APMC,1975.0
Uttar Pradesh,Wheat,2021,6,2021-06-01,Shahjahanpur APMC,1950.66
Uttar Pradesh,Wheat,2021,6,2021-06-01,Shahpur APMC,
Uttar Pradesh,Wheat,2021,6,2021-06-01,Shamli APMC,1972.91
Uttar Pradesh,Wheat,2021,6,2021-06-01,Shikohabad APMC,1944.68
Uttar Pradesh,Wheat,2021,6,2021-06-01,Sikanderabad APMC,
Uttar Pradesh,Wheat,2021,6,2021-06-01,Sikandraraau APMC,1939.52
Uttar Pradesh,Wheat,2021,6,2021-06-01,Sirsa APMC,
Uttar Pradesh,Wheat,2021,6,2021-06-01,Sirsaganj APMC,1975.0
Uttar Pradesh,Wheat,2021,6,2021-06-01,Sitapur APMC,1871.55
Uttar Pradesh,Wheat,2021,6,2021-06-01,Siyana APMC,1868.2
Uttar Pradesh,Wheat,2021,6,2021-06-01,Sultanpur APMC,1917.0
Uttar Pradesh,Wheat,2021,6,2021-06-01,Tamkuhi road APMC,
Uttar Pradesh,Wheat,2021,6,2021-06-01,Thanabhawan APMC,
Uttar Pradesh,Wheat,2021,6,2021-06-01,Tikonia APMC,1975.0
Uttar Pradesh,Wheat,2021,6,2021-06-01,Tilhar APMC,
Uttar Pradesh,Wheat,2021,6,2021-06-01,Tulsipur APMC,1946.38
Uttar Pradesh,Wheat,2021,6,2021-06-01,Tundla APMC,1975.0
Uttar Pradesh,Wheat,2021,6,2021-06-01,Ujhani APMC,1944.33
Uttar Pradesh,Wheat,2021,6,2021-06-01,Unnao APMC,1959.89
Uttar Pradesh,Wheat,2021,6,2021-06-01,Uttaripura APMC,
Uttar Pradesh,Wheat,2021,6,2021-06-01,Varanasi APMC,1975.25
Uttar Pradesh,Wheat,2021,6,2021-06-01,Viswan APMC,
Uttar Pradesh,Wheat,2021,6,2021-06-01,Wazirganj APMC,1899.16
Uttar Pradesh,Wheat,2021,6,2021-06-01,Note:,
Uttar Pradesh,Wheat,2021,6,2021-06-01,Weighted Average Price = ∑(arrival quantity * modal price) / ∑arrival quantity,
Uttar Pradesh,Wheat,2021,6,2021-06-01,Change (Over Previous Month) = [Price - Price(Over Previous Month)/Price(Over Previous Month)] * 100,
Uttar Pradesh,Wheat,2021,6,2021-06-01,Change (Over Previous Year) = [Price - Price(Over Previous Year)/Price(Over Previous Year)] * 100,
Uttar Pradesh,Wheat,2021,7,2021-07-01,Achalda APMC,1618.68
Uttar Pradesh,Wheat,2021,7,2021-07-01,Achnera APMC,1772.02
Uttar Pradesh,Wheat,2021,7,2021-07-01,Agra APMC,1719.49
Uttar Pradesh,Wheat,2021,7,2021-07-01,Ait APMC,1584.61
Uttar Pradesh,Wheat,2021,7,2021-07-01,Ajuha APMC,1740.43
Uttar Pradesh,Wheat,2021,7,2021-07-01,Akbarpur APMC,1603.08
Uttar Pradesh,Wheat,2021,7,2021-07-01,Aliganj APMC,1596.67
Uttar Pradesh,Wheat,2021,7,2021-07-01,Aligarh APMC,1673.0
Uttar Pradesh,Wheat,2021,7,2021-07-01,Amroha APMC,1711.07
Uttar Pradesh,Wheat,2021,7,2021-07-01,Anandnagar APMC,1666.86
Uttar Pradesh,Wheat,2021,7,2021-07-01,Anoop Shahar APMC,1646.34
Uttar Pradesh,Wheat,2021,7,2021-07-01,Atarra APMC,1624.53
Uttar Pradesh,Wheat,2021,7,2021-07-01,Atrauli APMC,1669.56
Uttar Pradesh,Wheat,2021,7,2021-07-01,Auraiya APMC,1613.82
Uttar Pradesh,Wheat,2021,7,2021-07-01,Awagarh APMC,
Uttar Pradesh,Wheat,2021,7,2021-07-01,Ayodhya APMC,1596.73
Uttar Pradesh,Wheat,2021,7,2021-07-01,Azamgarh APMC,1689.6
Uttar Pradesh,Wheat,2021,7,2021-07-01,Baberu APMC,1605.05
Uttar Pradesh,Wheat,2021,7,2021-07-01,Babrala APMC,1825.14
Uttar Pradesh,Wheat,2021,7,2021-07-01,Bachranwa APMC,1565.0
Uttar Pradesh,Wheat,2021,7,2021-07-01,Badayoun APMC,1743.31
Uttar Pradesh,Wheat,2021,7,2021-07-01,Baheri APMC,
Uttar Pradesh,Wheat,2021,7,2021-07-01,Bahraich APMC,1668.35
Uttar Pradesh,Wheat,2021,7,2021-07-01,Ballia APMC,1861.84
Uttar Pradesh,Wheat,2021,7,2021-07-01,Balrampur APMC,1718.61
Uttar Pradesh,Wheat,2021,7,2021-07-01,Banda APMC,1621.07
Uttar Pradesh,Wheat,2021,7,2021-07-01,Bangarmau APMC,1611.33
Uttar Pradesh,Wheat,2021,7,2021-07-01,Bansi APMC,1635.0
Uttar Pradesh,Wheat,2021,7,2021-07-01,Barabanki APMC,1637.3
Uttar Pradesh,Wheat,2021,7,2021-07-01,Bareilly APMC,1743.61
Uttar Pradesh,Wheat,2021,7,2021-07-01,Barhaj APMC,1680.48
Uttar Pradesh,Wheat,2021,7,2021-07-01,Baripaal APMC,1545.14
Uttar Pradesh,Wheat,2021,7,2021-07-01,Basti APMC,1682.06
Uttar Pradesh,Wheat,2021,7,2021-07-01,Bewar APMC,1680.16
Uttar Pradesh,Wheat,2021,7,2021-07-01,Bharthna APMC,1618.3
Uttar Pradesh,Wheat,2021,7,2021-07-01,Bharuasumerpur APMC,1649.13
Uttar Pradesh,Wheat,2021,7,2021-07-01,Bharwari APMC,1679.66
Uttar Pradesh,Wheat,2021,7,2021-07-01,Bhehjoi APMC,
Uttar Pradesh,Wheat,2021,7,2021-07-01,Bijnaur APMC,1702.02
Uttar Pradesh,Wheat,2021,7,2021-07-01,Bilaspur APMC,
Uttar Pradesh,Wheat,2021,7,2021-07-01,Bilsi APMC,1680.93
Uttar Pradesh,Wheat,2021,7,2021-07-01,Bindki APMC,1658.74
Uttar Pradesh,Wheat,2021,7,2021-07-01,Bishalpur APMC,1751.27
Uttar Pradesh,Wheat,2021,7,2021-07-01,Buland Shahr APMC,1822.42
Uttar Pradesh,Wheat,2021,7,2021-07-01,Chandausi APMC,1702.3
Uttar Pradesh,Wheat,2021,7,2021-07-01,Chandoli APMC,1891.68
Uttar Pradesh,Wheat,2021,7,2021-07-01,Charra APMC,1669.5
Uttar Pradesh,Wheat,2021,7,2021-07-01,Chhibramau APMC,1661.02
Uttar Pradesh,Wheat,2021,7,2021-07-01,Chirgaon APMC,1605.16
Uttar Pradesh,Wheat,2021,7,2021-07-01,Chitwadagaon APMC,1894.43
Uttar Pradesh,Wheat,2021,7,2021-07-01,Chorichora APMC,1663.04
Uttar Pradesh,Wheat,2021,7,2021-07-01,Choubepur APMC,1740.16
Uttar Pradesh,Wheat,2021,7,2021-07-01,DADRI APMC,1882.71
Uttar Pradesh,Wheat,2021,7,2021-07-01,Dankaur APMC,1863.29
Uttar Pradesh,Wheat,2021,7,2021-07-01,Dataganj APMC,
Uttar Pradesh,Wheat,2021,7,2021-07-01,Devariya APMC,1688.16
Uttar Pradesh,Wheat,2021,7,2021-07-01,Dhanaura APMC,1950.0
Uttar Pradesh,Wheat,2021,7,2021-07-01,Dibiapur APMC,1686.82
Uttar Pradesh,Wheat,2021,7,2021-07-01,Divai APMC,
Uttar Pradesh,Wheat,2021,7,2021-07-01,Doharighat APMC,
Uttar Pradesh,Wheat,2021,7,2021-07-01,Etah APMC,1665.53
Uttar Pradesh,Wheat,2021,7,2021-07-01,Etawah APMC,1625.71
Uttar Pradesh,Wheat,2021,7,2021-07-01,Farukhabad APMC,1665.07
Uttar Pradesh,Wheat,2021,7,2021-07-01,Fatehabad APMC,
Uttar Pradesh,Wheat,2021,7,2021-07-01,Fatehpur APMC,1628.9
Uttar Pradesh,Wheat,2021,7,2021-07-01,Fatehpur Sikri APMC,1752.53
Uttar Pradesh,Wheat,2021,7,2021-07-01,Firozabad APMC,1725.09
Uttar Pradesh,Wheat,2021,7,2021-07-01,Gadaura APMC,1645.56
Uttar Pradesh,Wheat,2021,7,2021-07-01,Gangoh APMC,
Uttar Pradesh,Wheat,2021,7,2021-07-01,Gazipur APMC,1884.56
Uttar Pradesh,Wheat,2021,7,2021-07-01,Ghaziabad APMC,1907.3
Uttar Pradesh,Wheat,2021,7,2021-07-01,Ghiraur APMC,1683.2
Uttar Pradesh,Wheat,2021,7,2021-07-01,Golagokarnath APMC,1646.02
Uttar Pradesh,Wheat,2021,7,2021-07-01,Gonda APMC,1624.37
Uttar Pradesh,Wheat,2021,7,2021-07-01,Gopiganj APMC,1810.0
Uttar Pradesh,Wheat,2021,7,2021-07-01,Gorakhpur APMC,1659.83
Uttar Pradesh,Wheat,2021,7,2021-07-01,Gurusarai APMC,1751.18
Uttar Pradesh,Wheat,2021,7,2021-07-01,Haathras APMC,1625.19
Uttar Pradesh,Wheat,2021,7,2021-07-01,Haldaur APMC,1850.0
Uttar Pradesh,Wheat,2021,7,2021-07-01,Hamirpur APMC,1650.0
Uttar Pradesh,Wheat,2021,7,2021-07-01,Hapur APMC,1842.2
Uttar Pradesh,Wheat,2021,7,2021-07-01,Hardoi APMC,1620.62
Uttar Pradesh,Wheat,2021,7,2021-07-01,Hargaon (Laharpur) APMC,
Uttar Pradesh,Wheat,2021,7,2021-07-01,Hasanpur APMC,
Uttar Pradesh,Wheat,2021,7,2021-07-01,Jafarganj APMC,1600.95
Uttar Pradesh,Wheat,2021,7,2021-07-01,Jagnair APMC,1687.92
Uttar Pradesh,Wheat,2021,7,2021-07-01,Jahangirabad APMC,1821.71
Uttar Pradesh,Wheat,2021,7,2021-07-01,Jalaun APMC,1579.08
Uttar Pradesh,Wheat,2021,7,2021-07-01,Jangipura APMC,1878.53
Uttar Pradesh,Wheat,2021,7,2021-07-01,Jasra APMC,
Uttar Pradesh,Wheat,2021,7,2021-07-01,Jaunpur APMC,1853.47
Uttar Pradesh,Wheat,2021,7,2021-07-01,Jayas APMC,1570.08
Uttar Pradesh,Wheat,2021,7,2021-07-01,Jhansi APMC,1687.07
Uttar Pradesh,Wheat,2021,7,2021-07-01,Jhijhank APMC,1694.54
Uttar Pradesh,Wheat,2021,7,2021-07-01,Kamlaganj APMC,
Uttar Pradesh,Wheat,2021,7,2021-07-01,Kannauj APMC,1662.54
Uttar Pradesh,Wheat,2021,7,2021-07-01,Kanpur(Grain) APMC,1819.96
Uttar Pradesh,Wheat,2021,7,2021-07-01,Karvi APMC,1609.53
Uttar Pradesh,Wheat,2021,7,2021-07-01,Kasganj APMC,1659.61
Uttar Pradesh,Wheat,2021,7,2021-07-01,Kayamganj APMC,1659.59
Uttar Pradesh,Wheat,2021,7,2021-07-01,Khaga APMC,1840.0
Uttar Pradesh,Wheat,2021,7,2021-07-01,Khair APMC,1660.46
Uttar Pradesh,Wheat,2021,7,2021-07-01,Khairagarh APMC,1630.44
Uttar Pradesh,Wheat,2021,7,2021-07-01,Khalilabad APMC,
Uttar Pradesh,Wheat,2021,7,2021-07-01,Khatauli APMC,
Uttar Pradesh,Wheat,2021,7,2021-07-01,Khurja APMC,1824.25
Uttar Pradesh,Wheat,2021,7,2021-07-01,Kishunpur APMC,1600.0
Uttar Pradesh,Wheat,2021,7,2021-07-01,Konch APMC,1501.58
Uttar Pradesh,Wheat,2021,7,2021-07-01,Kopaganj APMC,1674.91
Uttar Pradesh,Wheat,2021,7,2021-07-01,Kosikalan APMC,1673.47
Uttar Pradesh,Wheat,2021,7,2021-07-01,Kurara APMC,1535.17
Uttar Pradesh,Wheat,2021,7,2021-07-01,Lakhimpur APMC,1646.69
Uttar Pradesh,Wheat,2021,7,2021-07-01,Lalganj APMC,1594.08
Uttar Pradesh,Wheat,2021,7,2021-07-01,Lalitpur APMC,1772.91
Uttar Pradesh,Wheat,2021,7,2021-07-01,Lucknow APMC,1730.81
Uttar Pradesh,Wheat,2021,7,2021-07-01,Madhoganj APMC,1619.69
Uttar Pradesh,Wheat,2021,7,2021-07-01,Madhogarh APMC,1534.12
Uttar Pradesh,Wheat,2021,7,2021-07-01,Maharajganj APMC,
Uttar Pradesh,Wheat,2021,7,2021-07-01,Mahoba APMC,1624.45
Uttar Pradesh,Wheat,2021,7,2021-07-01,Maigalganj APMC,1576.86
Uttar Pradesh,Wheat,2021,7,2021-07-01,Mainpuri APMC,1680.44
Uttar Pradesh,Wheat,2021,7,2021-07-01,Mathura APMC,1727.49
Uttar Pradesh,Wheat,2021,7,2021-07-01,Mau(Chitrakut) APMC,
Uttar Pradesh,Wheat,2021,7,2021-07-01,Maudaha APMC,1596.74
Uttar Pradesh,Wheat,2021,7,2021-07-01,Mauranipur APMC,1724.36
Uttar Pradesh,Wheat,2021,7,2021-07-01,Mawana APMC,1757.4
Uttar Pradesh,Wheat,2021,7,2021-07-01,Meerut APMC,1889.89
Uttar Pradesh,Wheat,2021,7,2021-07-01,Mehmoodabad APMC,1586.79
Uttar Pradesh,Wheat,2021,7,2021-07-01,Mehrauni APMC,
Uttar Pradesh,Wheat,2021,7,2021-07-01,Milak APMC,1745.47
Uttar Pradesh,Wheat,2021,7,2021-07-01,Mirzapur APMC,1878.01
Uttar Pradesh,Wheat,2021,7,2021-07-01,Mohamadabad APMC,1657.24
Uttar Pradesh,Wheat,2021,7,2021-07-01,Mohammdi APMC,1608.38
Uttar Pradesh,Wheat,2021,7,2021-07-01,Moth APMC,
Uttar Pradesh,Wheat,2021,7,2021-07-01,Mugrabaadshahpur APMC,1810.92
Uttar Pradesh,Wheat,2021,7,2021-07-01,Muradabad APMC,1700.23
Uttar Pradesh,Wheat,2021,7,2021-07-01,Muradnagar APMC,188.0
Uttar Pradesh,Wheat,2021,7,2021-07-01,Muskara APMC,1545.07
Uttar Pradesh,Wheat,2021,7,2021-07-01,Muzzafarnagar APMC,1857.01
Uttar Pradesh,Wheat,2021,7,2021-07-01,Naanpara APMC,1664.13
Uttar Pradesh,Wheat,2021,7,2021-07-01,Najibabad APMC,1700.51
Uttar Pradesh,Wheat,2021,7,2021-07-01,Naugarh APMC,1753.28
Uttar Pradesh,Wheat,2021,7,2021-07-01,Nautnava APMC,1678.33
Uttar Pradesh,Wheat,2021,7,2021-07-01,Nawabganj APMC,1640.54
Uttar Pradesh,Wheat,2021,7,2021-07-01,Orai APMC,1563.42
Uttar Pradesh,Wheat,2021,7,2021-07-01,Paliakala APMC,1615.29
Uttar Pradesh,Wheat,2021,7,2021-07-01,Panchpedwa APMC,1617.94
Uttar Pradesh,Wheat,2021,7,2021-07-01,Partaval APMC,1670.45
Uttar Pradesh,Wheat,2021,7,2021-07-01,Pilibhit APMC,1721.84
Uttar Pradesh,Wheat,2021,7,2021-07-01,Powayan APMC,1725.02
Uttar Pradesh,Wheat,2021,7,2021-07-01,Pratapgarh APMC,1651.47
Uttar Pradesh,Wheat,2021,7,2021-07-01,Prayagraj APMC,
Uttar Pradesh,Wheat,2021,7,2021-07-01,Pukharayan APMC,1694.43
Uttar Pradesh,Wheat,2021,7,2021-07-01,Puranpur APMC,1716.28
Uttar Pradesh,Wheat,2021,7,2021-07-01,Purwa APMC,1609.96
Uttar Pradesh,Wheat,2021,7,2021-07-01,Raath APMC,1537.17
Uttar Pradesh,Wheat,2021,7,2021-07-01,Raibareilly APMC,1591.71
Uttar Pradesh,Wheat,2021,7,2021-07-01,Rampur APMC,1726.73
Uttar Pradesh,Wheat,2021,7,2021-07-01,Rasda APMC,1860.21
Uttar Pradesh,Wheat,2021,7,2021-07-01,Richha APMC,1975.0
Uttar Pradesh,Wheat,2021,7,2021-07-01,Robertsganj APMC,2044.45
Uttar Pradesh,Wheat,2021,7,2021-07-01,Rudauli APMC,
Uttar Pradesh,Wheat,2021,7,2021-07-01,Rura APMC,1562.62
Uttar Pradesh,Wheat,2021,7,2021-07-01,Safdarganj APMC,
Uttar Pradesh,Wheat,2021,7,2021-07-01,Saharanpur APMC,1849.98
Uttar Pradesh,Wheat,2021,7,2021-07-01,Sahiyapur APMC,1654.55
Uttar Pradesh,Wheat,2021,7,2021-07-01,Salon APMC,1709.06
Uttar Pradesh,Wheat,2021,7,2021-07-01,Sandi APMC,1927.46
Uttar Pradesh,Wheat,2021,7,2021-07-01,Sandila APMC,1620.91
Uttar Pradesh,Wheat,2021,7,2021-07-01,Sehjanwa APMC,1673.3
Uttar Pradesh,Wheat,2021,7,2021-07-01,Shadabad APMC,
Uttar Pradesh,Wheat,2021,7,2021-07-01,Shahabad(New Mandi) APMC,1637.69
Uttar Pradesh,Wheat,2021,7,2021-07-01,Shahganj APMC,1832.01
Uttar Pradesh,Wheat,2021,7,2021-07-01,Shahjahanpur APMC,1714.06
Uttar Pradesh,Wheat,2021,7,2021-07-01,Shamli APMC,1857.69
Uttar Pradesh,Wheat,2021,7,2021-07-01,Shikohabad APMC,1732.3
Uttar Pradesh,Wheat,2021,7,2021-07-01,Sikandraraau APMC,1592.85
Uttar Pradesh,Wheat,2021,7,2021-07-01,Sirsaganj APMC,1680.0
Uttar Pradesh,Wheat,2021,7,2021-07-01,Sitapur APMC,1563.78
Uttar Pradesh,Wheat,2021,7,2021-07-01,Siyana APMC,
Uttar Pradesh,Wheat,2021,7,2021-07-01,Sultanpur APMC,1562.17
Uttar Pradesh,Wheat,2021,7,2021-07-01,Tamkuhi road APMC,1600.0
Uttar Pradesh,Wheat,2021,7,2021-07-01,Tikonia APMC,1600.0
Uttar Pradesh,Wheat,2021,7,2021-07-01,Tulsipur APMC,1682.09
Uttar Pradesh,Wheat,2021,7,2021-07-01,Tundla APMC,1727.07
Uttar Pradesh,Wheat,2021,7,2021-07-01,Ujhani APMC,1778.39
Uttar Pradesh,Wheat,2021,7,2021-07-01,Unnao APMC,1618.84
Uttar Pradesh,Wheat,2021,7,2021-07-01,Uttaripura APMC,
Uttar Pradesh,Wheat,2021,7,2021-07-01,Varanasi APMC,1858.2
Uttar Pradesh,Wheat,2021,7,2021-07-01,Wazirganj APMC,1706.76
Uttar Pradesh,Wheat,2021,7,2021-07-01,Note:,
Uttar Pradesh,Wheat,2021,7,2021-07-01,Weighted Average Price = ∑(arrival quantity * modal price) / ∑arrival quantity,
Uttar Pradesh,Wheat,2021,7,2021-07-01,Change (Over Previous Month) = [Price - Price(Over Previous Month)/Price(Over Previous Month)] * 100,
Uttar Pradesh,Wheat,2021,7,2021-07-01,Change (Over Previous Year) = [Price - Price(Over Previous Year)/Price(Over Previous Year)] * 100,
Uttar Pradesh,Wheat,2021,8,2021-08-01,Achalda APMC,1693.47
Uttar Pradesh,Wheat,2021,8,2021-08-01,Achnera APMC,1727.83
Uttar Pradesh,Wheat,2021,8,2021-08-01,Agra APMC,1728.89
Uttar Pradesh,Wheat,2021,8,2021-08-01,Ahirora APMC,1831.49
Uttar Pradesh,Wheat,2021,8,2021-08-01,Ait APMC,1669.05
Uttar Pradesh,Wheat,2021,8,2021-08-01,Ajuha APMC,1747.01
Uttar Pradesh,Wheat,2021,8,2021-08-01,Akbarpur APMC,1690.96
Uttar Pradesh,Wheat,2021,8,2021-08-01,Aliganj APMC,1658.37
Uttar Pradesh,Wheat,2021,8,2021-08-01,Aligarh APMC,1740.65
Uttar Pradesh,Wheat,2021,8,2021-08-01,Amroha APMC,1712.12
Uttar Pradesh,Wheat,2021,8,2021-08-01,Anandnagar APMC,1610.67
Uttar Pradesh,Wheat,2021,8,2021-08-01,Anoop Shahar APMC,
Uttar Pradesh,Wheat,2021,8,2021-08-01,Atarra APMC,1653.99
Uttar Pradesh,Wheat,2021,8,2021-08-01,Atrauli APMC,1702.02
Uttar Pradesh,Wheat,2021,8,2021-08-01,Auraiya APMC,1741.57
Uttar Pradesh,Wheat,2021,8,2021-08-01,Awagarh APMC,1725.0
Uttar Pradesh,Wheat,2021,8,2021-08-01,Ayodhya APMC,1702.84
Uttar Pradesh,Wheat,2021,8,2021-08-01,Azamgarh APMC,1635.13
Uttar Pradesh,Wheat,2021,8,2021-08-01,Baberu APMC,1634.99
Uttar Pradesh,Wheat,2021,8,2021-08-01,Babrala APMC,1810.13
Uttar Pradesh,Wheat,2021,8,2021-08-01,Bachranwa APMC,
Uttar Pradesh,Wheat,2021,8,2021-08-01,Badayoun APMC,1722.16
Uttar Pradesh,Wheat,2021,8,2021-08-01,Baheri APMC,1975.0
Uttar Pradesh,Wheat,2021,8,2021-08-01,Bahraich APMC,1706.33
Uttar Pradesh,Wheat,2021,8,2021-08-01,Ballia APMC,1773.17
Uttar Pradesh,Wheat,2021,8,2021-08-01,Balrampur APMC,1749.75
Uttar Pradesh,Wheat,2021,8,2021-08-01,Banda APMC,1645.81
Uttar Pradesh,Wheat,2021,8,2021-08-01,Bangarmau APMC,1608.82
Uttar Pradesh,Wheat,2021,8,2021-08-01,Bansi APMC,1645.0
Uttar Pradesh,Wheat,2021,8,2021-08-01,Barabanki APMC,1693.05
Uttar Pradesh,Wheat,2021,8,2021-08-01,Bareilly APMC,1733.6
Uttar Pradesh,Wheat,2021,8,2021-08-01,Barhaj APMC,1621.51
Uttar Pradesh,Wheat,2021,8,2021-08-01,Baripaal APMC,1649.59
Uttar Pradesh,Wheat,2021,8,2021-08-01,Basti APMC,1625.48
Uttar Pradesh,Wheat,2021,8,2021-08-01,Bewar APMC,1704.45
Uttar Pradesh,Wheat,2021,8,2021-08-01,Bharthna APMC,1697.59
Uttar Pradesh,Wheat,2021,8,2021-08-01,Bharuasumerpur APMC,1664.63
Uttar Pradesh,Wheat,2021,8,2021-08-01,Bharwari APMC,1736.22
Uttar Pradesh,Wheat,2021,8,2021-08-01,Bhehjoi APMC,1650.0
Uttar Pradesh,Wheat,2021,8,2021-08-01,Bijnaur APMC,1720.52
Uttar Pradesh,Wheat,2021,8,2021-08-01,Bilaspur APMC,
Uttar Pradesh,Wheat,2021,8,2021-08-01,Bilsi APMC,1675.83
Uttar Pradesh,Wheat,2021,8,2021-08-01,Bindki APMC,1668.91
Uttar Pradesh,Wheat,2021,8,2021-08-01,Bishalpur APMC,1702.65
Uttar Pradesh,Wheat,2021,8,2021-08-01,Buland Shahr APMC,1802.11
Uttar Pradesh,Wheat,2021,8,2021-08-01,Chandausi APMC,1713.64
Uttar Pradesh,Wheat,2021,8,2021-08-01,Chandoli APMC,1750.78
Uttar Pradesh,Wheat,2021,8,2021-08-01,Charra APMC,1791.26
Uttar Pradesh,Wheat,2021,8,2021-08-01,Chhibramau APMC,1674.26
Uttar Pradesh,Wheat,2021,8,2021-08-01,Chirgaon APMC,1671.15
Uttar Pradesh,Wheat,2021,8,2021-08-01,Chitwadagaon APMC,
Uttar Pradesh,Wheat,2021,8,2021-08-01,Chorichora APMC,1607.67
Uttar Pradesh,Wheat,2021,8,2021-08-01,Choubepur APMC,1735.43
Uttar Pradesh,Wheat,2021,8,2021-08-01,DADRI APMC,1870.81
Uttar Pradesh,Wheat,2021,8,2021-08-01,Dankaur APMC,1844.67
Uttar Pradesh,Wheat,2021,8,2021-08-01,Dataganj APMC,1587.08
Uttar Pradesh,Wheat,2021,8,2021-08-01,Devariya APMC,1623.95
Uttar Pradesh,Wheat,2021,8,2021-08-01,Dhanaura APMC,1950.0
Uttar Pradesh,Wheat,2021,8,2021-08-01,Dibiapur APMC,1700.9
Uttar Pradesh,Wheat,2021,8,2021-08-01,Doharighat APMC,
Uttar Pradesh,Wheat,2021,8,2021-08-01,Etah APMC,1722.95
Uttar Pradesh,Wheat,2021,8,2021-08-01,Etawah APMC,1699.86
Uttar Pradesh,Wheat,2021,8,2021-08-01,Farukhabad APMC,1681.94
Uttar Pradesh,Wheat,2021,8,2021-08-01,Fatehabad APMC,1710.0
Uttar Pradesh,Wheat,2021,8,2021-08-01,Fatehpur APMC,1638.61
Uttar Pradesh,Wheat,2021,8,2021-08-01,Fatehpur Sikri APMC,1718.41
Uttar Pradesh,Wheat,2021,8,2021-08-01,Firozabad APMC,1748.4
Uttar Pradesh,Wheat,2021,8,2021-08-01,Gadaura APMC,1576.76
Uttar Pradesh,Wheat,2021,8,2021-08-01,Gangoh APMC,
Uttar Pradesh,Wheat,2021,8,2021-08-01,Gazipur APMC,1766.01
Uttar Pradesh,Wheat,2021,8,2021-08-01,Ghaziabad APMC,1886.23
Uttar Pradesh,Wheat,2021,8,2021-08-01,Ghiraur APMC,1677.96
Uttar Pradesh,Wheat,2021,8,2021-08-01,Golagokarnath APMC,1674.98
Uttar Pradesh,Wheat,2021,8,2021-08-01,Gonda APMC,1709.88
Uttar Pradesh,Wheat,2021,8,2021-08-01,Gopiganj APMC,1762.35
Uttar Pradesh,Wheat,2021,8,2021-08-01,Gorakhpur APMC,1622.51
Uttar Pradesh,Wheat,2021,8,2021-08-01,Gurusarai APMC,1631.18
Uttar Pradesh,Wheat,2021,8,2021-08-01,Haathras APMC,1699.97
Uttar Pradesh,Wheat,2021,8,2021-08-01,Haldaur APMC,
Uttar Pradesh,Wheat,2021,8,2021-08-01,Hamirpur APMC,1700.0
Uttar Pradesh,Wheat,2021,8,2021-08-01,Hapur APMC,1886.98
Uttar Pradesh,Wheat,2021,8,2021-08-01,Hardoi APMC,1678.91
Uttar Pradesh,Wheat,2021,8,2021-08-01,Jafarganj APMC,1653.44
Uttar Pradesh,Wheat,2021,8,2021-08-01,Jagnair APMC,1699.52
Uttar Pradesh,Wheat,2021,8,2021-08-01,Jahangirabad APMC,1797.17
Uttar Pradesh,Wheat,2021,8,2021-08-01,Jalaun APMC,1652.1
Uttar Pradesh,Wheat,2021,8,2021-08-01,Jamanian APMC,
Uttar Pradesh,Wheat,2021,8,2021-08-01,Jangipura APMC,1757.23
Uttar Pradesh,Wheat,2021,8,2021-08-01,Jasra APMC,
Uttar Pradesh,Wheat,2021,8,2021-08-01,Jaunpur APMC,1717.66
Uttar Pradesh,Wheat,2021,8,2021-08-01,Jayas APMC,1659.25
Uttar Pradesh,Wheat,2021,8,2021-08-01,Jhansi APMC,1680.15
Uttar Pradesh,Wheat,2021,8,2021-08-01,Jhijhank APMC,1688.59
Uttar Pradesh,Wheat,2021,8,2021-08-01,Kalpi APMC,1685.34
Uttar Pradesh,Wheat,2021,8,2021-08-01,Kannauj APMC,1692.05
Uttar Pradesh,Wheat,2021,8,2021-08-01,Kanpur(Grain) APMC,1796.86
Uttar Pradesh,Wheat,2021,8,2021-08-01,Karvi APMC,1641.23
Uttar Pradesh,Wheat,2021,8,2021-08-01,Kasganj APMC,1716.41
Uttar Pradesh,Wheat,2021,8,2021-08-01,Kayamganj APMC,1682.02
Uttar Pradesh,Wheat,2021,8,2021-08-01,Khaga APMC,1674.48
Uttar Pradesh,Wheat,2021,8,2021-08-01,Khair APMC,1810.71
Uttar Pradesh,Wheat,2021,8,2021-08-01,Khairagarh APMC,1659.41
Uttar Pradesh,Wheat,2021,8,2021-08-01,Khalilabad APMC,
Uttar Pradesh,Wheat,2021,8,2021-08-01,Khurja APMC,1805.98
Uttar Pradesh,Wheat,2021,8,2021-08-01,Kishunpur APMC,1614.76
Uttar Pradesh,Wheat,2021,8,2021-08-01,Konch APMC,1597.45
Uttar Pradesh,Wheat,2021,8,2021-08-01,Kopaganj APMC,1630.0
Uttar Pradesh,Wheat,2021,8,2021-08-01,Kosikalan APMC,1738.75
Uttar Pradesh,Wheat,2021,8,2021-08-01,Kurara APMC,1631.52
Uttar Pradesh,Wheat,2021,8,2021-08-01,Lakhimpur APMC,1666.06
Uttar Pradesh,Wheat,2021,8,2021-08-01,Lalganj APMC,1591.02
Uttar Pradesh,Wheat,2021,8,2021-08-01,Lalitpur APMC,1754.19
Uttar Pradesh,Wheat,2021,8,2021-08-01,Lucknow APMC,1705.1
Uttar Pradesh,Wheat,2021,8,2021-08-01,Madhoganj APMC,1677.35
Uttar Pradesh,Wheat,2021,8,2021-08-01,Madhogarh APMC,1590.63
Uttar Pradesh,Wheat,2021,8,2021-08-01,Mahoba APMC,1654.78
Uttar Pradesh,Wheat,2021,8,2021-08-01,Maigalganj APMC,1649.46
Uttar Pradesh,Wheat,2021,8,2021-08-01,Mainpuri APMC,1713.39
Uttar Pradesh,Wheat,2021,8,2021-08-01,Mathura APMC,1734.43
Uttar Pradesh,Wheat,2021,8,2021-08-01,Maudaha APMC,1668.7
Uttar Pradesh,Wheat,2021,8,2021-08-01,Mauranipur APMC,1651.03
Uttar Pradesh,Wheat,2021,8,2021-08-01,Mawana APMC,1760.79
Uttar Pradesh,Wheat,2021,8,2021-08-01,Meerut APMC,1890.46
Uttar Pradesh,Wheat,2021,8,2021-08-01,Mehmoodabad APMC,1690.65
Uttar Pradesh,Wheat,2021,8,2021-08-01,Milak APMC,1733.96
Uttar Pradesh,Wheat,2021,8,2021-08-01,Mirzapur APMC,1789.43
Uttar Pradesh,Wheat,2021,8,2021-08-01,Mohamadabad APMC,1674.31
Uttar Pradesh,Wheat,2021,8,2021-08-01,Mohammdi APMC,1706.12
Uttar Pradesh,Wheat,2021,8,2021-08-01,Moth APMC,1674.0
Uttar Pradesh,Wheat,2021,8,2021-08-01,Mugrabaadshahpur APMC,
Uttar Pradesh,Wheat,2021,8,2021-08-01,Muradabad APMC,1723.86
Uttar Pradesh,Wheat,2021,8,2021-08-01,Muradnagar APMC,1844.8
Uttar Pradesh,Wheat,2021,8,2021-08-01,Muskara APMC,1658.66
Uttar Pradesh,Wheat,2021,8,2021-08-01,Muzzafarnagar APMC,1855.38
Uttar Pradesh,Wheat,2021,8,2021-08-01,Naanpara APMC,1700.6
Uttar Pradesh,Wheat,2021,8,2021-08-01,Najibabad APMC,1716.63
Uttar Pradesh,Wheat,2021,8,2021-08-01,Naugarh APMC,1788.38
Uttar Pradesh,Wheat,2021,8,2021-08-01,Nautnava APMC,1633.4
Uttar Pradesh,Wheat,2021,8,2021-08-01,Nawabganj APMC,1697.12
Uttar Pradesh,Wheat,2021,8,2021-08-01,Orai APMC,1669.52
Uttar Pradesh,Wheat,2021,8,2021-08-01,Paliakala APMC,1636.87
Uttar Pradesh,Wheat,2021,8,2021-08-01,Panchpedwa APMC,
Uttar Pradesh,Wheat,2021,8,2021-08-01,Partaval APMC,1613.59
Uttar Pradesh,Wheat,2021,8,2021-08-01,Pilibhit APMC,1696.23
Uttar Pradesh,Wheat,2021,8,2021-08-01,Powayan APMC,1716.22
Uttar Pradesh,Wheat,2021,8,2021-08-01,Pratapgarh APMC,1654.04
Uttar Pradesh,Wheat,2021,8,2021-08-01,Prayagraj APMC,
Uttar Pradesh,Wheat,2021,8,2021-08-01,Pukharayan APMC,1679.83
Uttar Pradesh,Wheat,2021,8,2021-08-01,Puranpur APMC,1713.97
Uttar Pradesh,Wheat,2021,8,2021-08-01,Purwa APMC,1611.13
Uttar Pradesh,Wheat,2021,8,2021-08-01,Raath APMC,1635.83
Uttar Pradesh,Wheat,2021,8,2021-08-01,Raibareilly APMC,1623.88
Uttar Pradesh,Wheat,2021,8,2021-08-01,Rampur APMC,1718.45
Uttar Pradesh,Wheat,2021,8,2021-08-01,Rasda APMC,1736.24
Uttar Pradesh,Wheat,2021,8,2021-08-01,Richha APMC,1975.0
Uttar Pradesh,Wheat,2021,8,2021-08-01,Robertsganj APMC,1897.44
Uttar Pradesh,Wheat,2021,8,2021-08-01,Rudauli APMC,
Uttar Pradesh,Wheat,2021,8,2021-08-01,Rura APMC,1651.27
Uttar Pradesh,Wheat,2021,8,2021-08-01,Safdarganj APMC,
Uttar Pradesh,Wheat,2021,8,2021-08-01,Saharanpur APMC,1838.13
Uttar Pradesh,Wheat,2021,8,2021-08-01,Sahiyapur APMC,1639.03
Uttar Pradesh,Wheat,2021,8,2021-08-01,Salon APMC,1682.31
Uttar Pradesh,Wheat,2021,8,2021-08-01,Sandi APMC,1586.55
Uttar Pradesh,Wheat,2021,8,2021-08-01,Sandila APMC,1667.62
Uttar Pradesh,Wheat,2021,8,2021-08-01,Sehjanwa APMC,1620.56
Uttar Pradesh,Wheat,2021,8,2021-08-01,Shahabad(New Mandi) APMC,1660.12
Uttar Pradesh,Wheat,2021,8,2021-08-01,Shahganj APMC,1721.74
Uttar Pradesh,Wheat,2021,8,2021-08-01,Shahjahanpur APMC,1712.45
Uttar Pradesh,Wheat,2021,8,2021-08-01,Shamli APMC,1853.28
Uttar Pradesh,Wheat,2021,8,2021-08-01,Shikohabad APMC,1646.67
Uttar Pradesh,Wheat,2021,8,2021-08-01,Sikandraraau APMC,1638.75
Uttar Pradesh,Wheat,2021,8,2021-08-01,Sirsa APMC,1750.31
Uttar Pradesh,Wheat,2021,8,2021-08-01,Sirsaganj APMC,1673.01
Uttar Pradesh,Wheat,2021,8,2021-08-01,Sitapur APMC,1633.49
Uttar Pradesh,Wheat,2021,8,2021-08-01,Sultanpur APMC,1675.72
Uttar Pradesh,Wheat,2021,8,2021-08-01,Tamkuhi road APMC,1655.0
Uttar Pradesh,Wheat,2021,8,2021-08-01,Tikonia APMC,
Uttar Pradesh,Wheat,2021,8,2021-08-01,Tulsipur APMC,1720.19
Uttar Pradesh,Wheat,2021,8,2021-08-01,Tundla APMC,1707.18
Uttar Pradesh,Wheat,2021,8,2021-08-01,Ujhani APMC,1726.62
Uttar Pradesh,Wheat,2021,8,2021-08-01,Unnao APMC,1616.05
Uttar Pradesh,Wheat,2021,8,2021-08-01,Varanasi APMC,1778.44
Uttar Pradesh,Wheat,2021,8,2021-08-01,Wazirganj APMC,1711.64
Uttar Pradesh,Wheat,2021,8,2021-08-01,Yusufpur APMC,
Uttar Pradesh,Wheat,2021,8,2021-08-01,Note:,
Uttar Pradesh,Wheat,2021,8,2021-08-01,Weighted Average Price = ∑(arrival quantity * modal price) / ∑arrival quantity,
Uttar Pradesh,Wheat,2021,8,2021-08-01,Change (Over Previous Month) = [Price - Price(Over Previous Month)/Price(Over Previous Month)] * 100,
Uttar Pradesh,Wheat,2021,8,2021-08-01,Change (Over Previous Year) = [Price - Price(Over Previous Year)/Price(Over Previous Year)] * 100,
Uttar Pradesh,Wheat,2021,9,2021-09-01,Achalda APMC,1839.09
Uttar Pradesh,Wheat,2021,9,2021-09-01,Achnera APMC,1859.7
Uttar Pradesh,Wheat,2021,9,2021-09-01,Agra APMC,1870.14
Uttar Pradesh,Wheat,2021,9,2021-09-01,Ahirora APMC,1787.9
Uttar Pradesh,Wheat,2021,9,2021-09-01,Ait APMC,1821.55
Uttar Pradesh,Wheat,2021,9,2021-09-01,Ajuha APMC,1777.0
Uttar Pradesh,Wheat,2021,9,2021-09-01,Akbarpur APMC,1815.71
Uttar Pradesh,Wheat,2021,9,2021-09-01,Aliganj APMC,1653.81
Uttar Pradesh,Wheat,2021,9,2021-09-01,Aligarh APMC,1879.74
Uttar Pradesh,Wheat,2021,9,2021-09-01,Amroha APMC,1812.27
Uttar Pradesh,Wheat,2021,9,2021-09-01,Anandnagar APMC,1655.26
Uttar Pradesh,Wheat,2021,9,2021-09-01,Anoop Shahar APMC,
Uttar Pradesh,Wheat,2021,9,2021-09-01,Atarra APMC,1776.19
Uttar Pradesh,Wheat,2021,9,2021-09-01,Atrauli APMC,1849.15
Uttar Pradesh,Wheat,2021,9,2021-09-01,Auraiya APMC,1828.77
Uttar Pradesh,Wheat,2021,9,2021-09-01,Awagarh APMC,
Uttar Pradesh,Wheat,2021,9,2021-09-01,Ayodhya APMC,1829.52
Uttar Pradesh,Wheat,2021,9,2021-09-01,Azamgarh APMC,1652.07
Uttar Pradesh,Wheat,2021,9,2021-09-01,Baberu APMC,1764.28
Uttar Pradesh,Wheat,2021,9,2021-09-01,Babrala APMC,1813.85
Uttar Pradesh,Wheat,2021,9,2021-09-01,Bachranwa APMC,1815.0
Uttar Pradesh,Wheat,2021,9,2021-09-01,Badayoun APMC,1798.8
Uttar Pradesh,Wheat,2021,9,2021-09-01,Baheri APMC,
Uttar Pradesh,Wheat,2021,9,2021-09-01,Bahraich APMC,1813.46
Uttar Pradesh,Wheat,2021,9,2021-09-01,Ballia APMC,1764.37
Uttar Pradesh,Wheat,2021,9,2021-09-01,Balrampur APMC,1877.6
Uttar Pradesh,Wheat,2021,9,2021-09-01,Banda APMC,1788.36
Uttar Pradesh,Wheat,2021,9,2021-09-01,Bangarmau APMC,1803.5
Uttar Pradesh,Wheat,2021,9,2021-09-01,Bansi APMC,1715.0
Uttar Pradesh,Wheat,2021,9,2021-09-01,Barabanki APMC,1810.32
Uttar Pradesh,Wheat,2021,9,2021-09-01,Bareilly APMC,1810.55
Uttar Pradesh,Wheat,2021,9,2021-09-01,Barhaj APMC,1659.28
Uttar Pradesh,Wheat,2021,9,2021-09-01,Baripaal APMC,1796.61
Uttar Pradesh,Wheat,2021,9,2021-09-01,Basti APMC,1693.74
Uttar Pradesh,Wheat,2021,9,2021-09-01,Bewar APMC,1744.74
Uttar Pradesh,Wheat,2021,9,2021-09-01,Bharthna APMC,1831.38
Uttar Pradesh,Wheat,2021,9,2021-09-01,Bharuasumerpur APMC,1814.44
Uttar Pradesh,Wheat,2021,9,2021-09-01,Bharwari APMC,1749.18
Uttar Pradesh,Wheat,2021,9,2021-09-01,Bhehjoi APMC,
Uttar Pradesh,Wheat,2021,9,2021-09-01,Bijnaur APMC,1771.47
Uttar Pradesh,Wheat,2021,9,2021-09-01,Bilaspur APMC,
Uttar Pradesh,Wheat,2021,9,2021-09-01,Bilsi APMC,1821.76
Uttar Pradesh,Wheat,2021,9,2021-09-01,Bindki APMC,1806.73
Uttar Pradesh,Wheat,2021,9,2021-09-01,Bishalpur APMC,1809.2
Uttar Pradesh,Wheat,2021,9,2021-09-01,Buland Shahr APMC,1900.16
Uttar Pradesh,Wheat,2021,9,2021-09-01,Chandausi APMC,1794.41
Uttar Pradesh,Wheat,2021,9,2021-09-01,Chandoli APMC,1797.18
Uttar Pradesh,Wheat,2021,9,2021-09-01,Charra APMC,1882.41
Uttar Pradesh,Wheat,2021,9,2021-09-01,Chhibramau APMC,1775.16
Uttar Pradesh,Wheat,2021,9,2021-09-01,Chirgaon APMC,
Uttar Pradesh,Wheat,2021,9,2021-09-01,Chitwadagaon APMC,
Uttar Pradesh,Wheat,2021,9,2021-09-01,Chorichora APMC,1659.91
Uttar Pradesh,Wheat,2021,9,2021-09-01,Choubepur APMC,1872.8
Uttar Pradesh,Wheat,2021,9,2021-09-01,DADRI APMC,1923.84
Uttar Pradesh,Wheat,2021,9,2021-09-01,Dankaur APMC,
Uttar Pradesh,Wheat,2021,9,2021-09-01,Dataganj APMC,
Uttar Pradesh,Wheat,2021,9,2021-09-01,Devariya APMC,1664.63
Uttar Pradesh,Wheat,2021,9,2021-09-01,Dhanaura APMC,1950.0
Uttar Pradesh,Wheat,2021,9,2021-09-01,Dibiapur APMC,1778.76
Uttar Pradesh,Wheat,2021,9,2021-09-01,Doharighat APMC,1690.0
Uttar Pradesh,Wheat,2021,9,2021-09-01,Dudhi APMC,1900.0
Uttar Pradesh,Wheat,2021,9,2021-09-01,Etah APMC,1776.61
Uttar Pradesh,Wheat,2021,9,2021-09-01,Etawah APMC,1838.93
Uttar Pradesh,Wheat,2021,9,2021-09-01,Farukhabad APMC,1783.78
Uttar Pradesh,Wheat,2021,9,2021-09-01,Fatehabad APMC,
Uttar Pradesh,Wheat,2021,9,2021-09-01,Fatehpur APMC,1820.04
Uttar Pradesh,Wheat,2021,9,2021-09-01,Fatehpur Sikri APMC,1837.25
Uttar Pradesh,Wheat,2021,9,2021-09-01,Firozabad APMC,1889.86
Uttar Pradesh,Wheat,2021,9,2021-09-01,Gadaura APMC,1609.0
Uttar Pradesh,Wheat,2021,9,2021-09-01,Gangoh APMC,
Uttar Pradesh,Wheat,2021,9,2021-09-01,Gazipur APMC,1776.83
Uttar Pradesh,Wheat,2021,9,2021-09-01,Ghaziabad APMC,1970.28
Uttar Pradesh,Wheat,2021,9,2021-09-01,Ghiraur APMC,1755.78
Uttar Pradesh,Wheat,2021,9,2021-09-01,Golagokarnath APMC,1802.3
Uttar Pradesh,Wheat,2021,9,2021-09-01,Gonda APMC,1840.49
Uttar Pradesh,Wheat,2021,9,2021-09-01,Gopiganj APMC,1759.67
Uttar Pradesh,Wheat,2021,9,2021-09-01,Gorakhpur APMC,1658.67
Uttar Pradesh,Wheat,2021,9,2021-09-01,Gurusarai APMC,1763.83
Uttar Pradesh,Wheat,2021,9,2021-09-01,Haathras APMC,1852.12
Uttar Pradesh,Wheat,2021,9,2021-09-01,Hamirpur APMC,1808.78
Uttar Pradesh,Wheat,2021,9,2021-09-01,Hapur APMC,1910.94
Uttar Pradesh,Wheat,2021,9,2021-09-01,Hardoi APMC,1838.55
Uttar Pradesh,Wheat,2021,9,2021-09-01,Jafarganj APMC,1776.48
Uttar Pradesh,Wheat,2021,9,2021-09-01,Jagnair APMC,1850.0
Uttar Pradesh,Wheat,2021,9,2021-09-01,Jahangirabad APMC,1879.32
Uttar Pradesh,Wheat,2021,9,2021-09-01,Jalaun APMC,1782.96
Uttar Pradesh,Wheat,2021,9,2021-09-01,Jamanian APMC,
Uttar Pradesh,Wheat,2021,9,2021-09-01,Jangipura APMC,1783.67
Uttar Pradesh,Wheat,2021,9,2021-09-01,Jaunpur APMC,1741.56
Uttar Pradesh,Wheat,2021,9,2021-09-01,Jayas APMC,1830.11
Uttar Pradesh,Wheat,2021,9,2021-09-01,Jhansi APMC,1743.77
Uttar Pradesh,Wheat,2021,9,2021-09-01,Jhijhank APMC,1825.01
Uttar Pradesh,Wheat,2021,9,2021-09-01,Kalpi APMC,1740.0
Uttar Pradesh,Wheat,2021,9,2021-09-01,Kannauj APMC,1809.5
Uttar Pradesh,Wheat,2021,9,2021-09-01,Kanpur(Grain) APMC,1879.27
Uttar Pradesh,Wheat,2021,9,2021-09-01,Karvi APMC,1760.63
Uttar Pradesh,Wheat,2021,9,2021-09-01,Kasganj APMC,1770.87
Uttar Pradesh,Wheat,2021,9,2021-09-01,Kayamganj APMC,1824.95
Uttar Pradesh,Wheat,2021,9,2021-09-01,Khaga APMC,1814.48
Uttar Pradesh,Wheat,2021,9,2021-09-01,Khair APMC,1900.0
Uttar Pradesh,Wheat,2021,9,2021-09-01,Khairagarh APMC,1738.15
Uttar Pradesh,Wheat,2021,9,2021-09-01,Khalilabad APMC,
Uttar Pradesh,Wheat,2021,9,2021-09-01,Khurja APMC,1897.16
Uttar Pradesh,Wheat,2021,9,2021-09-01,Kishunpur APMC,1825.96
Uttar Pradesh,Wheat,2021,9,2021-09-01,Konch APMC,1722.73
Uttar Pradesh,Wheat,2021,9,2021-09-01,Kopaganj APMC,1625.0
Uttar Pradesh,Wheat,2021,9,2021-09-01,Kosikalan APMC,1854.45
Uttar Pradesh,Wheat,2021,9,2021-09-01,Kurara APMC,1770.91
Uttar Pradesh,Wheat,2021,9,2021-09-01,Lakhimpur APMC,1813.11
Uttar Pradesh,Wheat,2021,9,2021-09-01,Lalganj APMC,1789.11
Uttar Pradesh,Wheat,2021,9,2021-09-01,Lalitpur APMC,1855.81
Uttar Pradesh,Wheat,2021,9,2021-09-01,Lucknow APMC,1802.23
Uttar Pradesh,Wheat,2021,9,2021-09-01,Madhoganj APMC,1827.82
Uttar Pradesh,Wheat,2021,9,2021-09-01,Madhogarh APMC,1760.9
Uttar Pradesh,Wheat,2021,9,2021-09-01,Mahoba APMC,1772.79
Uttar Pradesh,Wheat,2021,9,2021-09-01,Maigalganj APMC,1760.32
Uttar Pradesh,Wheat,2021,9,2021-09-01,Mainpuri APMC,1759.34
Uttar Pradesh,Wheat,2021,9,2021-09-01,Mathura APMC,1864.97
Uttar Pradesh,Wheat,2021,9,2021-09-01,Maudaha APMC,1816.91
Uttar Pradesh,Wheat,2021,9,2021-09-01,Mauranipur APMC,1781.19
Uttar Pradesh,Wheat,2021,9,2021-09-01,Mawana APMC,1904.7
Uttar Pradesh,Wheat,2021,9,2021-09-01,Meerut APMC,1931.44
Uttar Pradesh,Wheat,2021,9,2021-09-01,Mehmoodabad APMC,1817.98
Uttar Pradesh,Wheat,2021,9,2021-09-01,Milak APMC,1811.42
Uttar Pradesh,Wheat,2021,9,2021-09-01,Mirzapur APMC,1772.49
Uttar Pradesh,Wheat,2021,9,2021-09-01,Mohamadabad APMC,1800.8
Uttar Pradesh,Wheat,2021,9,2021-09-01,Mohammdi APMC,1806.62
Uttar Pradesh,Wheat,2021,9,2021-09-01,Moth APMC,1825.0
Uttar Pradesh,Wheat,2021,9,2021-09-01,Mugrabaadshahpur APMC,
Uttar Pradesh,Wheat,2021,9,2021-09-01,Muradabad APMC,1780.87
Uttar Pradesh,Wheat,2021,9,2021-09-01,Muradnagar APMC,1900.34
Uttar Pradesh,Wheat,2021,9,2021-09-01,Muskara APMC,1794.18
Uttar Pradesh,Wheat,2021,9,2021-09-01,Muzzafarnagar APMC,1906.44
Uttar Pradesh,Wheat,2021,9,2021-09-01,Naanpara APMC,1819.63
Uttar Pradesh,Wheat,2021,9,2021-09-01,Najibabad APMC,
Uttar Pradesh,Wheat,2021,9,2021-09-01,Naugarh APMC,1551.34
Uttar Pradesh,Wheat,2021,9,2021-09-01,Nautnava APMC,1669.4
Uttar Pradesh,Wheat,2021,9,2021-09-01,Nawabganj APMC,1819.33
Uttar Pradesh,Wheat,2021,9,2021-09-01,Orai APMC,1787.85
Uttar Pradesh,Wheat,2021,9,2021-09-01,Paliakala APMC,1782.63
Uttar Pradesh,Wheat,2021,9,2021-09-01,Partaval APMC,1657.04
Uttar Pradesh,Wheat,2021,9,2021-09-01,Pilibhit APMC,1821.74
Uttar Pradesh,Wheat,2021,9,2021-09-01,Powayan APMC,1827.81
Uttar Pradesh,Wheat,2021,9,2021-09-01,Pratapgarh APMC,1801.68
Uttar Pradesh,Wheat,2021,9,2021-09-01,Prayagraj APMC,
Uttar Pradesh,Wheat,2021,9,2021-09-01,Pukharayan APMC,1822.61
Uttar Pradesh,Wheat,2021,9,2021-09-01,Puranpur APMC,
Uttar Pradesh,Wheat,2021,9,2021-09-01,Purwa APMC,1823.51
Uttar Pradesh,Wheat,2021,9,2021-09-01,Raath APMC,1792.48
Uttar Pradesh,Wheat,2021,9,2021-09-01,Raibareilly APMC,1804.1
Uttar Pradesh,Wheat,2021,9,2021-09-01,Rampur APMC,1739.35
Uttar Pradesh,Wheat,2021,9,2021-09-01,Rasda APMC,1746.2
Uttar Pradesh,Wheat,2021,9,2021-09-01,Richha APMC,1975.0
Uttar Pradesh,Wheat,2021,9,2021-09-01,Robertsganj APMC,1967.47
Uttar Pradesh,Wheat,2021,9,2021-09-01,Rura APMC,1655.66
Uttar Pradesh,Wheat,2021,9,2021-09-01,Saharanpur APMC,1887.98
Uttar Pradesh,Wheat,2021,9,2021-09-01,Sahiyapur APMC,1689.64
Uttar Pradesh,Wheat,2021,9,2021-09-01,Salon APMC,1814.17
Uttar Pradesh,Wheat,2021,9,2021-09-01,Sandi APMC,1620.4
Uttar Pradesh,Wheat,2021,9,2021-09-01,Sandila APMC,1836.9
Uttar Pradesh,Wheat,2021,9,2021-09-01,Sehjanwa APMC,1642.23
Uttar Pradesh,Wheat,2021,9,2021-09-01,Shahabad(New Mandi) APMC,1836.87
Uttar Pradesh,Wheat,2021,9,2021-09-01,Shahganj APMC,1733.52
Uttar Pradesh,Wheat,2021,9,2021-09-01,Shahjahanpur APMC,1805.6
Uttar Pradesh,Wheat,2021,9,2021-09-01,Shamli APMC,1892.0
Uttar Pradesh,Wheat,2021,9,2021-09-01,Shikohabad APMC,1733.78
Uttar Pradesh,Wheat,2021,9,2021-09-01,Sikandraraau APMC,1843.43
Uttar Pradesh,Wheat,2021,9,2021-09-01,Sirsa APMC,1752.33
Uttar Pradesh,Wheat,2021,9,2021-09-01,Sirsaganj APMC,1862.88
Uttar Pradesh,Wheat,2021,9,2021-09-01,Sitapur APMC,1817.09
Uttar Pradesh,Wheat,2021,9,2021-09-01,Sultanpur APMC,1778.73
Uttar Pradesh,Wheat,2021,9,2021-09-01,Tamkuhi road APMC,1725.0
Uttar Pradesh,Wheat,2021,9,2021-09-01,Tulsipur APMC,1829.46
Uttar Pradesh,Wheat,2021,9,2021-09-01,Tundla APMC,1810.64
Uttar Pradesh,Wheat,2021,9,2021-09-01,Ujhani APMC,1796.66
Uttar Pradesh,Wheat,2021,9,2021-09-01,Unnao APMC,1820.71
Uttar Pradesh,Wheat,2021,9,2021-09-01,Varanasi APMC,1771.54
Uttar Pradesh,Wheat,2021,9,2021-09-01,Viswan APMC,
Uttar Pradesh,Wheat,2021,9,2021-09-01,Wazirganj APMC,1826.17
Uttar Pradesh,Wheat,2021,9,2021-09-01,Yusufpur APMC,
Uttar Pradesh,Wheat,2021,9,2021-09-01,Note:,
Uttar Pradesh,Wheat,2021,9,2021-09-01,Weighted Average Price = ∑(arrival quantity * modal price) / ∑arrival quantity,
Uttar Pradesh,Wheat,2021,9,2021-09-01,Change (Over Previous Month) = [Price - Price(Over Previous Month)/Price(Over Previous Month)] * 100,
Uttar Pradesh,Wheat,2021,9,2021-09-01,Change (Over Previous Year) = [Price - Price(Over Previous Year)/Price(Over Previous Year)] * 100,
Uttar Pradesh,Wheat,2021,10,2021-10-01,Achalda APMC,1895.56
Uttar Pradesh,Wheat,2021,10,2021-10-01,Achnera APMC,1918.44
Uttar Pradesh,Wheat,2021,10,2021-10-01,Agra APMC,1927.04
Uttar Pradesh,Wheat,2021,10,2021-10-01,Ahirora APMC,1833.6
Uttar Pradesh,Wheat,2021,10,2021-10-01,Ait APMC,1877.81
Uttar Pradesh,Wheat,2021,10,2021-10-01,Ajuha APMC,1854.77
Uttar Pradesh,Wheat,2021,10,2021-10-01,Akbarpur APMC,1888.51
Uttar Pradesh,Wheat,2021,10,2021-10-01,Aliganj APMC,1744.38
Uttar Pradesh,Wheat,2021,10,2021-10-01,Aligarh APMC,1898.95
Uttar Pradesh,Wheat,2021,10,2021-10-01,Amroha APMC,1902.96
Uttar Pradesh,Wheat,2021,10,2021-10-01,Anandnagar APMC,1823.73
Uttar Pradesh,Wheat,2021,10,2021-10-01,Anoop Shahar APMC,
Uttar Pradesh,Wheat,2021,10,2021-10-01,Atarra APMC,1827.87
Uttar Pradesh,Wheat,2021,10,2021-10-01,Atrauli APMC,1850.0
Uttar Pradesh,Wheat,2021,10,2021-10-01,Auraiya APMC,1904.28
Uttar Pradesh,Wheat,2021,10,2021-10-01,Ayodhya APMC,1902.28
Uttar Pradesh,Wheat,2021,10,2021-10-01,Azamgarh APMC,1824.55
Uttar Pradesh,Wheat,2021,10,2021-10-01,Baberu APMC,1832.46
Uttar Pradesh,Wheat,2021,10,2021-10-01,Babrala APMC,1847.52
Uttar Pradesh,Wheat,2021,10,2021-10-01,Bachranwa APMC,
Uttar Pradesh,Wheat,2021,10,2021-10-01,Badayoun APMC,1896.64
Uttar Pradesh,Wheat,2021,10,2021-10-01,Bahraich APMC,1868.12
Uttar Pradesh,Wheat,2021,10,2021-10-01,Ballia APMC,1825.16
Uttar Pradesh,Wheat,2021,10,2021-10-01,Balrampur APMC,1960.37
Uttar Pradesh,Wheat,2021,10,2021-10-01,Banda APMC,1844.85
Uttar Pradesh,Wheat,2021,10,2021-10-01,Bangarmau APMC,1825.05
Uttar Pradesh,Wheat,2021,10,2021-10-01,Bansi APMC,1850.0
Uttar Pradesh,Wheat,2021,10,2021-10-01,Barabanki APMC,1850.47
Uttar Pradesh,Wheat,2021,10,2021-10-01,Bareilly APMC,1944.85
Uttar Pradesh,Wheat,2021,10,2021-10-01,Barhaj APMC,1843.75
Uttar Pradesh,Wheat,2021,10,2021-10-01,Baripaal APMC,1820.41
Uttar Pradesh,Wheat,2021,10,2021-10-01,Basti APMC,1844.42
Uttar Pradesh,Wheat,2021,10,2021-10-01,Bewar APMC,1790.36
Uttar Pradesh,Wheat,2021,10,2021-10-01,Bharthna APMC,1871.74
Uttar Pradesh,Wheat,2021,10,2021-10-01,Bharuasumerpur APMC,1825.96
Uttar Pradesh,Wheat,2021,10,2021-10-01,Bharwari APMC,1840.57
Uttar Pradesh,Wheat,2021,10,2021-10-01,Bhehjoi APMC,1750.0
Uttar Pradesh,Wheat,2021,10,2021-10-01,Bijnaur APMC,1893.2
Uttar Pradesh,Wheat,2021,10,2021-10-01,Bilaspur APMC,
Uttar Pradesh,Wheat,2021,10,2021-10-01,Bilsi APMC,1879.46
Uttar Pradesh,Wheat,2021,10,2021-10-01,Bindki APMC,1850.94
Uttar Pradesh,Wheat,2021,10,2021-10-01,Bishalpur APMC,1897.21
Uttar Pradesh,Wheat,2021,10,2021-10-01,Buland Shahr APMC,1927.75
Uttar Pradesh,Wheat,2021,10,2021-10-01,Chandausi APMC,1913.4
Uttar Pradesh,Wheat,2021,10,2021-10-01,Chandoli APMC,1824.29
Uttar Pradesh,Wheat,2021,10,2021-10-01,Charra APMC,1920.63
Uttar Pradesh,Wheat,2021,10,2021-10-01,Chhibramau APMC,1854.69
Uttar Pradesh,Wheat,2021,10,2021-10-01,Chirgaon APMC,
Uttar Pradesh,Wheat,2021,10,2021-10-01,Chitwadagaon APMC,
Uttar Pradesh,Wheat,2021,10,2021-10-01,Chorichora APMC,1831.88
Uttar Pradesh,Wheat,2021,10,2021-10-01,Choubepur APMC,1912.83
Uttar Pradesh,Wheat,2021,10,2021-10-01,DADRI APMC,1952.93
Uttar Pradesh,Wheat,2021,10,2021-10-01,Dankaur APMC,1920.07
Uttar Pradesh,Wheat,2021,10,2021-10-01,Dataganj APMC,
Uttar Pradesh,Wheat,2021,10,2021-10-01,Devariya APMC,1837.0
Uttar Pradesh,Wheat,2021,10,2021-10-01,Dhanaura APMC,1950.0
Uttar Pradesh,Wheat,2021,10,2021-10-01,Dibiapur APMC,1863.2
Uttar Pradesh,Wheat,2021,10,2021-10-01,Divai APMC,
Uttar Pradesh,Wheat,2021,10,2021-10-01,Doharighat APMC,
Uttar Pradesh,Wheat,2021,10,2021-10-01,Dudhi APMC,
Uttar Pradesh,Wheat,2021,10,2021-10-01,Etah APMC,1880.63
Uttar Pradesh,Wheat,2021,10,2021-10-01,Etawah APMC,1884.66
Uttar Pradesh,Wheat,2021,10,2021-10-01,Farukhabad APMC,1853.71
Uttar Pradesh,Wheat,2021,10,2021-10-01,Fatehabad APMC,1900.0
Uttar Pradesh,Wheat,2021,10,2021-10-01,Fatehpur APMC,1848.05
Uttar Pradesh,Wheat,2021,10,2021-10-01,Fatehpur Sikri APMC,1912.02
Uttar Pradesh,Wheat,2021,10,2021-10-01,Firozabad APMC,1954.66
Uttar Pradesh,Wheat,2021,10,2021-10-01,Gadaura APMC,1650.0
Uttar Pradesh,Wheat,2021,10,2021-10-01,Gangoh APMC,
Uttar Pradesh,Wheat,2021,10,2021-10-01,Gazipur APMC,1821.6
Uttar Pradesh,Wheat,2021,10,2021-10-01,Ghaziabad APMC,1963.91
Uttar Pradesh,Wheat,2021,10,2021-10-01,Ghiraur APMC,1911.85
Uttar Pradesh,Wheat,2021,10,2021-10-01,Golagokarnath APMC,1842.82
Uttar Pradesh,Wheat,2021,10,2021-10-01,Gonda APMC,1890.6
Uttar Pradesh,Wheat,2021,10,2021-10-01,Gopiganj APMC,1819.78
Uttar Pradesh,Wheat,2021,10,2021-10-01,Gorakhpur APMC,1844.64
Uttar Pradesh,Wheat,2021,10,2021-10-01,Gurusarai APMC,1790.85
Uttar Pradesh,Wheat,2021,10,2021-10-01,Haathras APMC,1904.7
Uttar Pradesh,Wheat,2021,10,2021-10-01,Hamirpur APMC,1850.56
Uttar Pradesh,Wheat,2021,10,2021-10-01,Hapur APMC,2020.92
Uttar Pradesh,Wheat,2021,10,2021-10-01,Hardoi APMC,1849.69
Uttar Pradesh,Wheat,2021,10,2021-10-01,Jafarganj APMC,1866.67
Uttar Pradesh,Wheat,2021,10,2021-10-01,Jagnair APMC,
Uttar Pradesh,Wheat,2021,10,2021-10-01,Jahangirabad APMC,1920.83
Uttar Pradesh,Wheat,2021,10,2021-10-01,Jalaun APMC,1838.45
Uttar Pradesh,Wheat,2021,10,2021-10-01,Jamanian APMC,1860.0
Uttar Pradesh,Wheat,2021,10,2021-10-01,Jangipura APMC,1825.5
Uttar Pradesh,Wheat,2021,10,2021-10-01,Jaunpur APMC,1815.97
Uttar Pradesh,Wheat,2021,10,2021-10-01,Jayas APMC,1814.25
Uttar Pradesh,Wheat,2021,10,2021-10-01,Jhansi APMC,1840.78
Uttar Pradesh,Wheat,2021,10,2021-10-01,Jhijhank APMC,1881.54
Uttar Pradesh,Wheat,2021,10,2021-10-01,Kalpi APMC,
Uttar Pradesh,Wheat,2021,10,2021-10-01,Kamlaganj APMC,1822.96
Uttar Pradesh,Wheat,2021,10,2021-10-01,Kannauj APMC,1867.7
Uttar Pradesh,Wheat,2021,10,2021-10-01,Kanpur(Grain) APMC,1864.6
Uttar Pradesh,Wheat,2021,10,2021-10-01,Karvi APMC,1840.67
Uttar Pradesh,Wheat,2021,10,2021-10-01,Kasganj APMC,1866.75
Uttar Pradesh,Wheat,2021,10,2021-10-01,Kayamganj APMC,1863.86
Uttar Pradesh,Wheat,2021,10,2021-10-01,Khaga APMC,1850.94
Uttar Pradesh,Wheat,2021,10,2021-10-01,Khair APMC,
Uttar Pradesh,Wheat,2021,10,2021-10-01,Khairagarh APMC,1773.73
Uttar Pradesh,Wheat,2021,10,2021-10-01,Khalilabad APMC,
Uttar Pradesh,Wheat,2021,10,2021-10-01,Khurja APMC,1935.02
Uttar Pradesh,Wheat,2021,10,2021-10-01,Kishunpur APMC,1832.43
Uttar Pradesh,Wheat,2021,10,2021-10-01,Konch APMC,1781.82
Uttar Pradesh,Wheat,2021,10,2021-10-01,Kopaganj APMC,1800.0
Uttar Pradesh,Wheat,2021,10,2021-10-01,Kosikalan APMC,1922.14
Uttar Pradesh,Wheat,2021,10,2021-10-01,Kurara APMC,1790.78
Uttar Pradesh,Wheat,2021,10,2021-10-01,Lakhimpur APMC,1852.75
Uttar Pradesh,Wheat,2021,10,2021-10-01,Lalganj APMC,1821.78
Uttar Pradesh,Wheat,2021,10,2021-10-01,Lalitpur APMC,1922.69
Uttar Pradesh,Wheat,2021,10,2021-10-01,Lucknow APMC,1861.27
Uttar Pradesh,Wheat,2021,10,2021-10-01,Madhoganj APMC,1845.96
Uttar Pradesh,Wheat,2021,10,2021-10-01,Madhogarh APMC,1839.13
Uttar Pradesh,Wheat,2021,10,2021-10-01,Mahoba APMC,1850.03
Uttar Pradesh,Wheat,2021,10,2021-10-01,Maigalganj APMC,1787.19
Uttar Pradesh,Wheat,2021,10,2021-10-01,Mainpuri APMC,1915.57
Uttar Pradesh,Wheat,2021,10,2021-10-01,Mathura APMC,1924.27
Uttar Pradesh,Wheat,2021,10,2021-10-01,Maudaha APMC,1851.49
Uttar Pradesh,Wheat,2021,10,2021-10-01,Mauranipur APMC,1830.92
Uttar Pradesh,Wheat,2021,10,2021-10-01,Mawana APMC,1926.76
Uttar Pradesh,Wheat,2021,10,2021-10-01,Meerut APMC,1967.75
Uttar Pradesh,Wheat,2021,10,2021-10-01,Mehmoodabad APMC,1876.55
Uttar Pradesh,Wheat,2021,10,2021-10-01,Milak APMC,1923.52
Uttar Pradesh,Wheat,2021,10,2021-10-01,Mirzapur APMC,1830.9
Uttar Pradesh,Wheat,2021,10,2021-10-01,Mohamadabad APMC,1859.08
Uttar Pradesh,Wheat,2021,10,2021-10-01,Mohammdi APMC,1850.93
Uttar Pradesh,Wheat,2021,10,2021-10-01,Moth APMC,1863.24
Uttar Pradesh,Wheat,2021,10,2021-10-01,Mugrabaadshahpur APMC,
Uttar Pradesh,Wheat,2021,10,2021-10-01,Muradabad APMC,1903.55
Uttar Pradesh,Wheat,2021,10,2021-10-01,Muradnagar APMC,1965.09
Uttar Pradesh,Wheat,2021,10,2021-10-01,Muskara APMC,1829.17
Uttar Pradesh,Wheat,2021,10,2021-10-01,Muzzafarnagar APMC,1938.54
Uttar Pradesh,Wheat,2021,10,2021-10-01,Naanpara APMC,1873.75
Uttar Pradesh,Wheat,2021,10,2021-10-01,Najibabad APMC,1930.0
Uttar Pradesh,Wheat,2021,10,2021-10-01,Naugarh APMC,1651.79
Uttar Pradesh,Wheat,2021,10,2021-10-01,Nautnava APMC,1850.23
Uttar Pradesh,Wheat,2021,10,2021-10-01,Nawabganj APMC,1867.82
Uttar Pradesh,Wheat,2021,10,2021-10-01,Orai APMC,1832.44
Uttar Pradesh,Wheat,2021,10,2021-10-01,Paliakala APMC,1828.95
Uttar Pradesh,Wheat,2021,10,2021-10-01,Partaval APMC,1835.52
Uttar Pradesh,Wheat,2021,10,2021-10-01,Pilibhit APMC,1915.12
Uttar Pradesh,Wheat,2021,10,2021-10-01,Powayan APMC,1927.2
Uttar Pradesh,Wheat,2021,10,2021-10-01,Pratapgarh APMC,1877.53
Uttar Pradesh,Wheat,2021,10,2021-10-01,Prayagraj APMC,
Uttar Pradesh,Wheat,2021,10,2021-10-01,Pukharayan APMC,1878.8
Uttar Pradesh,Wheat,2021,10,2021-10-01,Puranpur APMC,1964.85
Uttar Pradesh,Wheat,2021,10,2021-10-01,Purwa APMC,1832.59
Uttar Pradesh,Wheat,2021,10,2021-10-01,Raath APMC,1811.31
Uttar Pradesh,Wheat,2021,10,2021-10-01,Raibareilly APMC,1865.13
Uttar Pradesh,Wheat,2021,10,2021-10-01,Rampur APMC,1892.21
Uttar Pradesh,Wheat,2021,10,2021-10-01,Rasda APMC,1805.24
Uttar Pradesh,Wheat,2021,10,2021-10-01,Richha APMC,1940.0
Uttar Pradesh,Wheat,2021,10,2021-10-01,Robertsganj APMC,1978.83
Uttar Pradesh,Wheat,2021,10,2021-10-01,Rura APMC,1705.38
Uttar Pradesh,Wheat,2021,10,2021-10-01,Saharanpur APMC,1932.46
Uttar Pradesh,Wheat,2021,10,2021-10-01,Sahiyapur APMC,1855.91
Uttar Pradesh,Wheat,2021,10,2021-10-01,Salon APMC,1871.93
Uttar Pradesh,Wheat,2021,10,2021-10-01,Samsabad APMC,1975.0
Uttar Pradesh,Wheat,2021,10,2021-10-01,Sandi APMC,1659.04
Uttar Pradesh,Wheat,2021,10,2021-10-01,Sandila APMC,1850.23
Uttar Pradesh,Wheat,2021,10,2021-10-01,Sehjanwa APMC,1837.72
Uttar Pradesh,Wheat,2021,10,2021-10-01,Shahabad(New Mandi) APMC,1849.59
Uttar Pradesh,Wheat,2021,10,2021-10-01,Shahganj APMC,1796.8
Uttar Pradesh,Wheat,2021,10,2021-10-01,Shahjahanpur APMC,1928.39
Uttar Pradesh,Wheat,2021,10,2021-10-01,Shamli APMC,1928.61
Uttar Pradesh,Wheat,2021,10,2021-10-01,Shikohabad APMC,1838.24
Uttar Pradesh,Wheat,2021,10,2021-10-01,Sikandraraau APMC,1875.23
Uttar Pradesh,Wheat,2021,10,2021-10-01,Sirsa APMC,1842.67
Uttar Pradesh,Wheat,2021,10,2021-10-01,Sirsaganj APMC,1900.0
Uttar Pradesh,Wheat,2021,10,2021-10-01,Sitapur APMC,1878.62
Uttar Pradesh,Wheat,2021,10,2021-10-01,Sultanpur APMC,1872.79
Uttar Pradesh,Wheat,2021,10,2021-10-01,Tamkuhi road APMC,1850.0
Uttar Pradesh,Wheat,2021,10,2021-10-01,Tulsipur APMC,1876.26
Uttar Pradesh,Wheat,2021,10,2021-10-01,Tundla APMC,1943.53
Uttar Pradesh,Wheat,2021,10,2021-10-01,Ujhani APMC,1897.49
Uttar Pradesh,Wheat,2021,10,2021-10-01,Unnao APMC,1851.18
Uttar Pradesh,Wheat,2021,10,2021-10-01,Uttaripura APMC,2000.0
Uttar Pradesh,Wheat,2021,10,2021-10-01,Varanasi APMC,1838.72
Uttar Pradesh,Wheat,2021,10,2021-10-01,Wazirganj APMC,1896.83
Uttar Pradesh,Wheat,2021,10,2021-10-01,Yusufpur APMC,1850.0
Uttar Pradesh,Wheat,2021,10,2021-10-01,Note:,
Uttar Pradesh,Wheat,2021,10,2021-10-01,Weighted Average Price = ∑(arrival quantity * modal price) / ∑arrival quantity,
Uttar Pradesh,Wheat,2021,10,2021-10-01,Change (Over Previous Month) = [Price - Price(Over Previous Month)/Price(Over Previous Month)] * 100,
Uttar Pradesh,Wheat,2021,10,2021-10-01,Change (Over Previous Year) = [Price - Price(Over Previous Year)/Price(Over Previous Year)] * 100,
Uttar Pradesh,Wheat,2021,11,2021-11-01,Achalda APMC,1943.0
Uttar Pradesh,Wheat,2021,11,2021-11-01,Achnera APMC,1945.67
Uttar Pradesh,Wheat,2021,11,2021-11-01,Agra APMC,1953.95
Uttar Pradesh,Wheat,2021,11,2021-11-01,Ahirora APMC,1867.92
Uttar Pradesh,Wheat,2021,11,2021-11-01,Ait APMC,1926.31
Uttar Pradesh,Wheat,2021,11,2021-11-01,Ajuha APMC,1897.59
Uttar Pradesh,Wheat,2021,11,2021-11-01,Akbarpur APMC,1920.11
Uttar Pradesh,Wheat,2021,11,2021-11-01,Aliganj APMC,1860.0
Uttar Pradesh,Wheat,2021,11,2021-11-01,Aligarh APMC,1932.54
Uttar Pradesh,Wheat,2021,11,2021-11-01,Amroha APMC,1965.57
Uttar Pradesh,Wheat,2021,11,2021-11-01,Anandnagar APMC,1835.93
Uttar Pradesh,Wheat,2021,11,2021-11-01,Atarra APMC,1865.17
Uttar Pradesh,Wheat,2021,11,2021-11-01,Atrauli APMC,
Uttar Pradesh,Wheat,2021,11,2021-11-01,Auraiya APMC,1914.71
Uttar Pradesh,Wheat,2021,11,2021-11-01,Ayodhya APMC,1915.24
Uttar Pradesh,Wheat,2021,11,2021-11-01,Azamgarh APMC,1849.63
Uttar Pradesh,Wheat,2021,11,2021-11-01,Baberu APMC,1863.34
Uttar Pradesh,Wheat,2021,11,2021-11-01,Babrala APMC,1917.94
Uttar Pradesh,Wheat,2021,11,2021-11-01,Bachranwa APMC,
Uttar Pradesh,Wheat,2021,11,2021-11-01,Badayoun APMC,1971.77
Uttar Pradesh,Wheat,2021,11,2021-11-01,Badda APMC,
Uttar Pradesh,Wheat,2021,11,2021-11-01,Bahraich APMC,1919.02
Uttar Pradesh,Wheat,2021,11,2021-11-01,Ballia APMC,1856.55
Uttar Pradesh,Wheat,2021,11,2021-11-01,Balrampur APMC,1947.02
Uttar Pradesh,Wheat,2021,11,2021-11-01,Banda APMC,1869.5
Uttar Pradesh,Wheat,2021,11,2021-11-01,Bangarmau APMC,1902.23
Uttar Pradesh,Wheat,2021,11,2021-11-01,Bansi APMC,1840.0
Uttar Pradesh,Wheat,2021,11,2021-11-01,Barabanki APMC,1916.05
Uttar Pradesh,Wheat,2021,11,2021-11-01,Bareilly APMC,1957.35
Uttar Pradesh,Wheat,2021,11,2021-11-01,Barhaj APMC,1847.73
Uttar Pradesh,Wheat,2021,11,2021-11-01,Baripaal APMC,1845.0
Uttar Pradesh,Wheat,2021,11,2021-11-01,Basti APMC,1849.43
Uttar Pradesh,Wheat,2021,11,2021-11-01,Bewar APMC,1762.05
Uttar Pradesh,Wheat,2021,11,2021-11-01,Bharthna APMC,1913.85
Uttar Pradesh,Wheat,2021,11,2021-11-01,Bharuasumerpur APMC,1900.0
Uttar Pradesh,Wheat,2021,11,2021-11-01,Bharwari APMC,1897.77
Uttar Pradesh,Wheat,2021,11,2021-11-01,Bhehjoi APMC,
Uttar Pradesh,Wheat,2021,11,2021-11-01,Bijnaur APMC,1953.01
Uttar Pradesh,Wheat,2021,11,2021-11-01,Bilaspur APMC,
Uttar Pradesh,Wheat,2021,11,2021-11-01,Bilsi APMC,1964.38
Uttar Pradesh,Wheat,2021,11,2021-11-01,Bindki APMC,1895.65
Uttar Pradesh,Wheat,2021,11,2021-11-01,Bishalpur APMC,1952.19
Uttar Pradesh,Wheat,2021,11,2021-11-01,Buland Shahr APMC,1959.56
Uttar Pradesh,Wheat,2021,11,2021-11-01,Chandausi APMC,1961.74
Uttar Pradesh,Wheat,2021,11,2021-11-01,Chandoli APMC,1874.6
Uttar Pradesh,Wheat,2021,11,2021-11-01,Charra APMC,1937.32
Uttar Pradesh,Wheat,2021,11,2021-11-01,Chhibramau APMC,1900.0
Uttar Pradesh,Wheat,2021,11,2021-11-01,Chitwadagaon APMC,
Uttar Pradesh,Wheat,2021,11,2021-11-01,Chorichora APMC,1848.28
Uttar Pradesh,Wheat,2021,11,2021-11-01,Choubepur APMC,1911.63
Uttar Pradesh,Wheat,2021,11,2021-11-01,DADRI APMC,1963.05
Uttar Pradesh,Wheat,2021,11,2021-11-01,Dankaur APMC,
Uttar Pradesh,Wheat,2021,11,2021-11-01,Devariya APMC,1848.54
Uttar Pradesh,Wheat,2021,11,2021-11-01,Dhanaura APMC,1950.0
Uttar Pradesh,Wheat,2021,11,2021-11-01,Dibiapur APMC,1909.97
Uttar Pradesh,Wheat,2021,11,2021-11-01,Divai APMC,
Uttar Pradesh,Wheat,2021,11,2021-11-01,Doharighat APMC,
Uttar Pradesh,Wheat,2021,11,2021-11-01,Etah APMC,1940.44
Uttar Pradesh,Wheat,2021,11,2021-11-01,Etawah APMC,1926.56
Uttar Pradesh,Wheat,2021,11,2021-11-01,Farukhabad APMC,1897.34
Uttar Pradesh,Wheat,2021,11,2021-11-01,Fatehabad APMC,
Uttar Pradesh,Wheat,2021,11,2021-11-01,Fatehpur APMC,1894.39
Uttar Pradesh,Wheat,2021,11,2021-11-01,Fatehpur Sikri APMC,1916.67
Uttar Pradesh,Wheat,2021,11,2021-11-01,Firozabad APMC,1982.34
Uttar Pradesh,Wheat,2021,11,2021-11-01,Gadaura APMC,
Uttar Pradesh,Wheat,2021,11,2021-11-01,Gazipur APMC,1870.83
Uttar Pradesh,Wheat,2021,11,2021-11-01,Ghaziabad APMC,1973.64
Uttar Pradesh,Wheat,2021,11,2021-11-01,Ghiraur APMC,1934.0
Uttar Pradesh,Wheat,2021,11,2021-11-01,Golagokarnath APMC,1922.21
Uttar Pradesh,Wheat,2021,11,2021-11-01,Gonda APMC,1951.85
Uttar Pradesh,Wheat,2021,11,2021-11-01,Gopiganj APMC,1851.36
Uttar Pradesh,Wheat,2021,11,2021-11-01,Gorakhpur APMC,1846.73
Uttar Pradesh,Wheat,2021,11,2021-11-01,Gurusarai APMC,1846.87
Uttar Pradesh,Wheat,2021,11,2021-11-01,Haathras APMC,1919.59
Uttar Pradesh,Wheat,2021,11,2021-11-01,Haldaur APMC,
Uttar Pradesh,Wheat,2021,11,2021-11-01,Hamirpur APMC,1885.23
Uttar Pradesh,Wheat,2021,11,2021-11-01,Hapur APMC,1952.95
Uttar Pradesh,Wheat,2021,11,2021-11-01,Hardoi APMC,1920.95
Uttar Pradesh,Wheat,2021,11,2021-11-01,Jafarganj APMC,1898.7
Uttar Pradesh,Wheat,2021,11,2021-11-01,Jagnair APMC,1850.0
Uttar Pradesh,Wheat,2021,11,2021-11-01,Jahangirabad APMC,1946.08
Uttar Pradesh,Wheat,2021,11,2021-11-01,Jalaun APMC,1883.08
Uttar Pradesh,Wheat,2021,11,2021-11-01,Jamanian APMC,1880.0
Uttar Pradesh,Wheat,2021,11,2021-11-01,Jangipura APMC,1874.04
Uttar Pradesh,Wheat,2021,11,2021-11-01,Jaunpur APMC,1856.04
Uttar Pradesh,Wheat,2021,11,2021-11-01,Jayas APMC,1914.72
Uttar Pradesh,Wheat,2021,11,2021-11-01,Jhansi APMC,1933.59
Uttar Pradesh,Wheat,2021,11,2021-11-01,Jhijhank APMC,1926.22
Uttar Pradesh,Wheat,2021,11,2021-11-01,Kalpi APMC,1830.0
Uttar Pradesh,Wheat,2021,11,2021-11-01,Kamlaganj APMC,
Uttar Pradesh,Wheat,2021,11,2021-11-01,Kannauj APMC,1910.33
Uttar Pradesh,Wheat,2021,11,2021-11-01,Kanpur(Grain) APMC,1892.87
Uttar Pradesh,Wheat,2021,11,2021-11-01,Karvi APMC,1861.95
Uttar Pradesh,Wheat,2021,11,2021-11-01,Kasganj APMC,1955.55
Uttar Pradesh,Wheat,2021,11,2021-11-01,Kayamganj APMC,1893.98
Uttar Pradesh,Wheat,2021,11,2021-11-01,Khaga APMC,1892.17
Uttar Pradesh,Wheat,2021,11,2021-11-01,Khair APMC,
Uttar Pradesh,Wheat,2021,11,2021-11-01,Khairagarh APMC,1824.03
Uttar Pradesh,Wheat,2021,11,2021-11-01,Khalilabad APMC,
Uttar Pradesh,Wheat,2021,11,2021-11-01,Khurja APMC,1959.32
Uttar Pradesh,Wheat,2021,11,2021-11-01,Kishunpur APMC,1893.06
Uttar Pradesh,Wheat,2021,11,2021-11-01,Konch APMC,1860.1
Uttar Pradesh,Wheat,2021,11,2021-11-01,Kopaganj APMC,1844.53
Uttar Pradesh,Wheat,2021,11,2021-11-01,Kosikalan APMC,1929.33
Uttar Pradesh,Wheat,2021,11,2021-11-01,Kurara APMC,1834.03
Uttar Pradesh,Wheat,2021,11,2021-11-01,Lakhimpur APMC,1926.17
Uttar Pradesh,Wheat,2021,11,2021-11-01,Lalganj APMC,1896.27
Uttar Pradesh,Wheat,2021,11,2021-11-01,Lalitpur APMC,1954.57
Uttar Pradesh,Wheat,2021,11,2021-11-01,Lucknow APMC,1891.15
Uttar Pradesh,Wheat,2021,11,2021-11-01,Madhoganj APMC,1909.28
Uttar Pradesh,Wheat,2021,11,2021-11-01,Madhogarh APMC,1815.15
Uttar Pradesh,Wheat,2021,11,2021-11-01,Mahoba APMC,1883.93
Uttar Pradesh,Wheat,2021,11,2021-11-01,Maigalganj APMC,1863.97
Uttar Pradesh,Wheat,2021,11,2021-11-01,Mainpuri APMC,1830.02
Uttar Pradesh,Wheat,2021,11,2021-11-01,Mathura APMC,1965.57
Uttar Pradesh,Wheat,2021,11,2021-11-01,Maudaha APMC,1879.0
Uttar Pradesh,Wheat,2021,11,2021-11-01,Mauranipur APMC,1845.8
Uttar Pradesh,Wheat,2021,11,2021-11-01,Mawana APMC,1964.61
Uttar Pradesh,Wheat,2021,11,2021-11-01,Meerut APMC,1975.26
Uttar Pradesh,Wheat,2021,11,2021-11-01,Mehmoodabad APMC,1911.79
Uttar Pradesh,Wheat,2021,11,2021-11-01,Milak APMC,1966.23
Uttar Pradesh,Wheat,2021,11,2021-11-01,Mirzapur APMC,1871.71
Uttar Pradesh,Wheat,2021,11,2021-11-01,Mohamadabad APMC,1908.0
Uttar Pradesh,Wheat,2021,11,2021-11-01,Mohammdi APMC,1918.39
Uttar Pradesh,Wheat,2021,11,2021-11-01,Moth APMC,
Uttar Pradesh,Wheat,2021,11,2021-11-01,Mugrabaadshahpur APMC,
Uttar Pradesh,Wheat,2021,11,2021-11-01,Muradabad APMC,1960.61
Uttar Pradesh,Wheat,2021,11,2021-11-01,Muradnagar APMC,1954.67
Uttar Pradesh,Wheat,2021,11,2021-11-01,Muskara APMC,1866.75
Uttar Pradesh,Wheat,2021,11,2021-11-01,Muzzafarnagar APMC,1955.85
Uttar Pradesh,Wheat,2021,11,2021-11-01,Naanpara APMC,1921.69
Uttar Pradesh,Wheat,2021,11,2021-11-01,Najibabad APMC,1966.61
Uttar Pradesh,Wheat,2021,11,2021-11-01,Naugarh APMC,1839.67
Uttar Pradesh,Wheat,2021,11,2021-11-01,Nautnava APMC,1860.07
Uttar Pradesh,Wheat,2021,11,2021-11-01,Nawabganj APMC,1913.18
Uttar Pradesh,Wheat,2021,11,2021-11-01,Orai APMC,1863.09
Uttar Pradesh,Wheat,2021,11,2021-11-01,Paliakala APMC,1906.18
Uttar Pradesh,Wheat,2021,11,2021-11-01,Panchpedwa APMC,
Uttar Pradesh,Wheat,2021,11,2021-11-01,Partaval APMC,1849.2
Uttar Pradesh,Wheat,2021,11,2021-11-01,Pilibhit APMC,1962.83
Uttar Pradesh,Wheat,2021,11,2021-11-01,Powayan APMC,1960.96
Uttar Pradesh,Wheat,2021,11,2021-11-01,Pratapgarh APMC,1941.68
Uttar Pradesh,Wheat,2021,11,2021-11-01,Prayagraj APMC,
Uttar Pradesh,Wheat,2021,11,2021-11-01,Pukharayan APMC,1916.88
Uttar Pradesh,Wheat,2021,11,2021-11-01,Puranpur APMC,1975.3
Uttar Pradesh,Wheat,2021,11,2021-11-01,Purwa APMC,1902.1
Uttar Pradesh,Wheat,2021,11,2021-11-01,Raath APMC,1841.71
Uttar Pradesh,Wheat,2021,11,2021-11-01,Raibareilly APMC,1910.42
Uttar Pradesh,Wheat,2021,11,2021-11-01,Rampur APMC,1955.31
Uttar Pradesh,Wheat,2021,11,2021-11-01,Rasda APMC,1839.6
Uttar Pradesh,Wheat,2021,11,2021-11-01,Richha APMC,
Uttar Pradesh,Wheat,2021,11,2021-11-01,Robertsganj APMC,1974.44
Uttar Pradesh,Wheat,2021,11,2021-11-01,Rura APMC,1764.17
Uttar Pradesh,Wheat,2021,11,2021-11-01,Saharanpur APMC,1953.13
Uttar Pradesh,Wheat,2021,11,2021-11-01,Sahiyapur APMC,1856.06
Uttar Pradesh,Wheat,2021,11,2021-11-01,Salon APMC,1918.19
Uttar Pradesh,Wheat,2021,11,2021-11-01,Samsabad APMC,1975.0
Uttar Pradesh,Wheat,2021,11,2021-11-01,Sandi APMC,1899.64
Uttar Pradesh,Wheat,2021,11,2021-11-01,Sandila APMC,1916.04
Uttar Pradesh,Wheat,2021,11,2021-11-01,Sehjanwa APMC,1848.71
Uttar Pradesh,Wheat,2021,11,2021-11-01,Shahabad(New Mandi) APMC,1911.33
Uttar Pradesh,Wheat,2021,11,2021-11-01,Shahganj APMC,1857.27
Uttar Pradesh,Wheat,2021,11,2021-11-01,Shahjahanpur APMC,1962.59
Uttar Pradesh,Wheat,2021,11,2021-11-01,Shamli APMC,1954.51
Uttar Pradesh,Wheat,2021,11,2021-11-01,Shikohabad APMC,1900.0
Uttar Pradesh,Wheat,2021,11,2021-11-01,Sikandraraau APMC,1914.15
Uttar Pradesh,Wheat,2021,11,2021-11-01,Sirsa APMC,1893.49
Uttar Pradesh,Wheat,2021,11,2021-11-01,Sirsaganj APMC,1925.35
Uttar Pradesh,Wheat,2021,11,2021-11-01,Sitapur APMC,1913.66
Uttar Pradesh,Wheat,2021,11,2021-11-01,Sultanpur APMC,1919.88
Uttar Pradesh,Wheat,2021,11,2021-11-01,Tamkuhi road APMC,1845.0
Uttar Pradesh,Wheat,2021,11,2021-11-01,Tikonia APMC,
Uttar Pradesh,Wheat,2021,11,2021-11-01,Tulsipur APMC,1928.11
Uttar Pradesh,Wheat,2021,11,2021-11-01,Tundla APMC,2005.99
Uttar Pradesh,Wheat,2021,11,2021-11-01,Ujhani APMC,1954.47
Uttar Pradesh,Wheat,2021,11,2021-11-01,Unnao APMC,1911.03
Uttar Pradesh,Wheat,2021,11,2021-11-01,Uttaripura APMC,
Uttar Pradesh,Wheat,2021,11,2021-11-01,Varanasi APMC,1877.43
Uttar Pradesh,Wheat,2021,11,2021-11-01,Wazirganj APMC,1963.4
Uttar Pradesh,Wheat,2021,11,2021-11-01,Yusufpur APMC,1875.0
Uttar Pradesh,Wheat,2021,11,2021-11-01,Note:,
Uttar Pradesh,Wheat,2021,11,2021-11-01,Weighted Average Price = ∑(arrival quantity * modal price) / ∑arrival quantity,
Uttar Pradesh,Wheat,2021,11,2021-11-01,Change (Over Previous Month) = [Price - Price(Over Previous Month)/Price(Over Previous Month)] * 100,
Uttar Pradesh,Wheat,2021,11,2021-11-01,Change (Over Previous Year) = [Price - Price(Over Previous Year)/Price(Over Previous Year)] * 100,
Uttar Pradesh,Wheat,2021,12,2021-12-01,Achalda APMC,1906.35
Uttar Pradesh,Wheat,2021,12,2021-12-01,Achnera APMC,1964.05
Uttar Pradesh,Wheat,2021,12,2021-12-01,Agra APMC,1979.21
Uttar Pradesh,Wheat,2021,12,2021-12-01,Ahirora APMC,1892.0
Uttar Pradesh,Wheat,2021,12,2021-12-01,Ait APMC,1930.25
Uttar Pradesh,Wheat,2021,12,2021-12-01,Ajuha APMC,1902.82
Uttar Pradesh,Wheat,2021,12,2021-12-01,Akbarpur APMC,1874.78
Uttar Pradesh,Wheat,2021,12,2021-12-01,Aliganj APMC,1901.29
Uttar Pradesh,Wheat,2021,12,2021-12-01,Aligarh APMC,1956.09
Uttar Pradesh,Wheat,2021,12,2021-12-01,Amroha APMC,1962.44
Uttar Pradesh,Wheat,2021,12,2021-12-01,Anandnagar APMC,1849.85
Uttar Pradesh,Wheat,2021,12,2021-12-01,Atarra APMC,1875.93
Uttar Pradesh,Wheat,2021,12,2021-12-01,Atrauli APMC,
Uttar Pradesh,Wheat,2021,12,2021-12-01,Auraiya APMC,1906.77
Uttar Pradesh,Wheat,2021,12,2021-12-01,Ayodhya APMC,1878.48
Uttar Pradesh,Wheat,2021,12,2021-12-01,Azamgarh APMC,1866.42
Uttar Pradesh,Wheat,2021,12,2021-12-01,Baberu APMC,1871.51
Uttar Pradesh,Wheat,2021,12,2021-12-01,Babrala APMC,1888.09
Uttar Pradesh,Wheat,2021,12,2021-12-01,Bachranwa APMC,
Uttar Pradesh,Wheat,2021,12,2021-12-01,Badayoun APMC,1958.06
Uttar Pradesh,Wheat,2021,12,2021-12-01,Bahraich APMC,1929.75
Uttar Pradesh,Wheat,2021,12,2021-12-01,Ballia APMC,1878.8
Uttar Pradesh,Wheat,2021,12,2021-12-01,Balrampur APMC,1953.2
Uttar Pradesh,Wheat,2021,12,2021-12-01,Banda APMC,1878.07
Uttar Pradesh,Wheat,2021,12,2021-12-01,Bangarmau APMC,1903.87
Uttar Pradesh,Wheat,2021,12,2021-12-01,Bansi APMC,1890.0
Uttar Pradesh,Wheat,2021,12,2021-12-01,Barabanki APMC,1916.32
Uttar Pradesh,Wheat,2021,12,2021-12-01,Bareilly APMC,1954.61
Uttar Pradesh,Wheat,2021,12,2021-12-01,Barhaj APMC,1876.79
Uttar Pradesh,Wheat,2021,12,2021-12-01,Baripaal APMC,1858.74
Uttar Pradesh,Wheat,2021,12,2021-12-01,Basti APMC,1875.96
Uttar Pradesh,Wheat,2021,12,2021-12-01,Bewar APMC,1685.16
Uttar Pradesh,Wheat,2021,12,2021-12-01,Bharthna APMC,1908.82
Uttar Pradesh,Wheat,2021,12,2021-12-01,Bharuasumerpur APMC,1902.84
Uttar Pradesh,Wheat,2021,12,2021-12-01,Bharwari APMC,1907.28
Uttar Pradesh,Wheat,2021,12,2021-12-01,Bijnaur APMC,1955.39
Uttar Pradesh,Wheat,2021,12,2021-12-01,Bilaspur APMC,
Uttar Pradesh,Wheat,2021,12,2021-12-01,Bilsi APMC,1963.46
Uttar Pradesh,Wheat,2021,12,2021-12-01,Bindki APMC,1900.46
Uttar Pradesh,Wheat,2021,12,2021-12-01,Bishalpur APMC,1955.83
Uttar Pradesh,Wheat,2021,12,2021-12-01,Buland Shahr APMC,1977.61
Uttar Pradesh,Wheat,2021,12,2021-12-01,Chandausi APMC,1954.49
Uttar Pradesh,Wheat,2021,12,2021-12-01,Chandoli APMC,1895.71
Uttar Pradesh,Wheat,2021,12,2021-12-01,Charra APMC,1957.13
Uttar Pradesh,Wheat,2021,12,2021-12-01,Chhibramau APMC,1900.03
Uttar Pradesh,Wheat,2021,12,2021-12-01,Chirgaon APMC,1905.0
Uttar Pradesh,Wheat,2021,12,2021-12-01,Chitwadagaon APMC,
Uttar Pradesh,Wheat,2021,12,2021-12-01,Chorichora APMC,1877.37
Uttar Pradesh,Wheat,2021,12,2021-12-01,Choubepur APMC,1910.21
Uttar Pradesh,Wheat,2021,12,2021-12-01,DADRI APMC,2017.16
Uttar Pradesh,Wheat,2021,12,2021-12-01,Dankaur APMC,1963.02
Uttar Pradesh,Wheat,2021,12,2021-12-01,Devariya APMC,1876.96
Uttar Pradesh,Wheat,2021,12,2021-12-01,Dhanaura APMC,1950.0
Uttar Pradesh,Wheat,2021,12,2021-12-01,Dibiapur APMC,1912.92
Uttar Pradesh,Wheat,2021,12,2021-12-01,Divai APMC,
Uttar Pradesh,Wheat,2021,12,2021-12-01,Etah APMC,1965.36
Uttar Pradesh,Wheat,2021,12,2021-12-01,Etawah APMC,1924.17
Uttar Pradesh,Wheat,2021,12,2021-12-01,Farukhabad APMC,1998.0
Uttar Pradesh,Wheat,2021,12,2021-12-01,Fatehabad APMC,
Uttar Pradesh,Wheat,2021,12,2021-12-01,Fatehpur APMC,1891.73
Uttar Pradesh,Wheat,2021,12,2021-12-01,Fatehpur Sikri APMC,1975.7
Uttar Pradesh,Wheat,2021,12,2021-12-01,Firozabad APMC,1976.38
Uttar Pradesh,Wheat,2021,12,2021-12-01,Gadaura APMC,
Uttar Pradesh,Wheat,2021,12,2021-12-01,Gazipur APMC,1870.76
Uttar Pradesh,Wheat,2021,12,2021-12-01,Ghaziabad APMC,1975.3
Uttar Pradesh,Wheat,2021,12,2021-12-01,Ghiraur APMC,1935.59
Uttar Pradesh,Wheat,2021,12,2021-12-01,Golagokarnath APMC,1913.11
Uttar Pradesh,Wheat,2021,12,2021-12-01,Gonda APMC,1936.98
Uttar Pradesh,Wheat,2021,12,2021-12-01,Gopiganj APMC,1851.27
Uttar Pradesh,Wheat,2021,12,2021-12-01,Gorakhpur APMC,1876.68
Uttar Pradesh,Wheat,2021,12,2021-12-01,Gurusarai APMC,1851.79
Uttar Pradesh,Wheat,2021,12,2021-12-01,Haathras APMC,1938.53
Uttar Pradesh,Wheat,2021,12,2021-12-01,Haldaur APMC,
Uttar Pradesh,Wheat,2021,12,2021-12-01,Hamirpur APMC,1900.0
Uttar Pradesh,Wheat,2021,12,2021-12-01,Hapur APMC,1973.21
Uttar Pradesh,Wheat,2021,12,2021-12-01,Hardoi APMC,1916.78
Uttar Pradesh,Wheat,2021,12,2021-12-01,Hargaon (Laharpur) APMC,1856.6
Uttar Pradesh,Wheat,2021,12,2021-12-01,Jafarganj APMC,1891.97
Uttar Pradesh,Wheat,2021,12,2021-12-01,Jagnair APMC,1853.7
Uttar Pradesh,Wheat,2021,12,2021-12-01,Jahanabad APMC,1887.35
Uttar Pradesh,Wheat,2021,12,2021-12-01,Jahangirabad APMC,1970.56
Uttar Pradesh,Wheat,2021,12,2021-12-01,Jalaun APMC,1900.02
Uttar Pradesh,Wheat,2021,12,2021-12-01,Jamanian APMC,
Uttar Pradesh,Wheat,2021,12,2021-12-01,Jangipura APMC,1869.66
Uttar Pradesh,Wheat,2021,12,2021-12-01,Jaunpur APMC,1868.69
Uttar Pradesh,Wheat,2021,12,2021-12-01,Jayas APMC,1900.0
Uttar Pradesh,Wheat,2021,12,2021-12-01,Jhansi APMC,1918.34
Uttar Pradesh,Wheat,2021,12,2021-12-01,Jhijhank APMC,1931.34
Uttar Pradesh,Wheat,2021,12,2021-12-01,Kalpi APMC,
Uttar Pradesh,Wheat,2021,12,2021-12-01,Kannauj APMC,1904.77
Uttar Pradesh,Wheat,2021,12,2021-12-01,Kanpur(Grain) APMC,1890.13
Uttar Pradesh,Wheat,2021,12,2021-12-01,Karvi APMC,1875.32
Uttar Pradesh,Wheat,2021,12,2021-12-01,Kasganj APMC,1992.49
Uttar Pradesh,Wheat,2021,12,2021-12-01,Kayamganj APMC,1919.51
Uttar Pradesh,Wheat,2021,12,2021-12-01,Khaga APMC,1889.88
Uttar Pradesh,Wheat,2021,12,2021-12-01,Khair APMC,1960.0
Uttar Pradesh,Wheat,2021,12,2021-12-01,Khairagarh APMC,1850.0
Uttar Pradesh,Wheat,2021,12,2021-12-01,Khalilabad APMC,
Uttar Pradesh,Wheat,2021,12,2021-12-01,Khurja APMC,1985.41
Uttar Pradesh,Wheat,2021,12,2021-12-01,Kishunpur APMC,1899.53
Uttar Pradesh,Wheat,2021,12,2021-12-01,Konch APMC,1861.07
Uttar Pradesh,Wheat,2021,12,2021-12-01,Kopaganj APMC,1864.89
Uttar Pradesh,Wheat,2021,12,2021-12-01,Kosikalan APMC,1996.4
Uttar Pradesh,Wheat,2021,12,2021-12-01,Kurara APMC,1800.0
Uttar Pradesh,Wheat,2021,12,2021-12-01,Lakhimpur APMC,1913.52
Uttar Pradesh,Wheat,2021,12,2021-12-01,Lalganj APMC,1861.81
Uttar Pradesh,Wheat,2021,12,2021-12-01,Lalitpur APMC,1941.96
Uttar Pradesh,Wheat,2021,12,2021-12-01,Lucknow APMC,1908.78
Uttar Pradesh,Wheat,2021,12,2021-12-01,Madhoganj APMC,1911.15
Uttar Pradesh,Wheat,2021,12,2021-12-01,Madhogarh APMC,1827.31
Uttar Pradesh,Wheat,2021,12,2021-12-01,Maharajganj APMC,
Uttar Pradesh,Wheat,2021,12,2021-12-01,Mahoba APMC,1911.55
Uttar Pradesh,Wheat,2021,12,2021-12-01,Maigalganj APMC,1858.68
Uttar Pradesh,Wheat,2021,12,2021-12-01,Mainpuri APMC,1941.09
Uttar Pradesh,Wheat,2021,12,2021-12-01,Mathura APMC,1980.39
Uttar Pradesh,Wheat,2021,12,2021-12-01,Maudaha APMC,1911.48
Uttar Pradesh,Wheat,2021,12,2021-12-01,Mauranipur APMC,1847.07
Uttar Pradesh,Wheat,2021,12,2021-12-01,Mawana APMC,1978.16
Uttar Pradesh,Wheat,2021,12,2021-12-01,Meerut APMC,1983.07
Uttar Pradesh,Wheat,2021,12,2021-12-01,Mehmoodabad APMC,1900.0
Uttar Pradesh,Wheat,2021,12,2021-12-01,Milak APMC,1948.92
Uttar Pradesh,Wheat,2021,12,2021-12-01,Mirzapur APMC,1889.92
Uttar Pradesh,Wheat,2021,12,2021-12-01,Mohamadabad APMC,1925.0
Uttar Pradesh,Wheat,2021,12,2021-12-01,Mohammdi APMC,1915.57
Uttar Pradesh,Wheat,2021,12,2021-12-01,Moth APMC,1878.33
Uttar Pradesh,Wheat,2021,12,2021-12-01,Mugrabaadshahpur APMC,
Uttar Pradesh,Wheat,2021,12,2021-12-01,Muradabad APMC,1954.46
Uttar Pradesh,Wheat,2021,12,2021-12-01,Muradnagar APMC,1965.95
Uttar Pradesh,Wheat,2021,12,2021-12-01,Muskara APMC,1887.8
Uttar Pradesh,Wheat,2021,12,2021-12-01,Muzzafarnagar APMC,1971.67
Uttar Pradesh,Wheat,2021,12,2021-12-01,Naanpara APMC,1929.97
Uttar Pradesh,Wheat,2021,12,2021-12-01,Najibabad APMC,1952.67
Uttar Pradesh,Wheat,2021,12,2021-12-01,Naugarh APMC,1867.16
Uttar Pradesh,Wheat,2021,12,2021-12-01,Nautnava APMC,1855.0
Uttar Pradesh,Wheat,2021,12,2021-12-01,Nawabganj APMC,1925.26
Uttar Pradesh,Wheat,2021,12,2021-12-01,Orai APMC,1895.25
Uttar Pradesh,Wheat,2021,12,2021-12-01,Paliakala APMC,1902.74
Uttar Pradesh,Wheat,2021,12,2021-12-01,Panchpedwa APMC,1810.0
Uttar Pradesh,Wheat,2021,12,2021-12-01,Partaval APMC,1875.93
Uttar Pradesh,Wheat,2021,12,2021-12-01,Payagpur APMC,
Uttar Pradesh,Wheat,2021,12,2021-12-01,Pilibhit APMC,1693.45
Uttar Pradesh,Wheat,2021,12,2021-12-01,Powayan APMC,1957.84
Uttar Pradesh,Wheat,2021,12,2021-12-01,Pratapgarh APMC,1947.84
Uttar Pradesh,Wheat,2021,12,2021-12-01,Pukharayan APMC,1919.84
Uttar Pradesh,Wheat,2021,12,2021-12-01,Puranpur APMC,1954.31
Uttar Pradesh,Wheat,2021,12,2021-12-01,Purwa APMC,1897.62
Uttar Pradesh,Wheat,2021,12,2021-12-01,Raath APMC,1857.77
Uttar Pradesh,Wheat,2021,12,2021-12-01,Raibareilly APMC,1877.22
Uttar Pradesh,Wheat,2021,12,2021-12-01,Rampur APMC,1960.0
Uttar Pradesh,Wheat,2021,12,2021-12-01,Rasda APMC,1853.65
Uttar Pradesh,Wheat,2021,12,2021-12-01,Robertsganj APMC,1969.82
Uttar Pradesh,Wheat,2021,12,2021-12-01,Rura APMC,1770.82
Uttar Pradesh,Wheat,2021,12,2021-12-01,Saharanpur APMC,1969.57
Uttar Pradesh,Wheat,2021,12,2021-12-01,Sahiyapur APMC,1887.19
Uttar Pradesh,Wheat,2021,12,2021-12-01,Salon APMC,1863.13
Uttar Pradesh,Wheat,2021,12,2021-12-01,Samsabad APMC,
Uttar Pradesh,Wheat,2021,12,2021-12-01,Sandi APMC,
Uttar Pradesh,Wheat,2021,12,2021-12-01,Sandila APMC,1913.51
Uttar Pradesh,Wheat,2021,12,2021-12-01,Sehjanwa APMC,1874.14
Uttar Pradesh,Wheat,2021,12,2021-12-01,Shahabad(New Mandi) APMC,1913.99
Uttar Pradesh,Wheat,2021,12,2021-12-01,Shahganj APMC,1865.77
Uttar Pradesh,Wheat,2021,12,2021-12-01,Shahjahanpur APMC,1961.46
Uttar Pradesh,Wheat,2021,12,2021-12-01,Shamli APMC,1973.65
Uttar Pradesh,Wheat,2021,12,2021-12-01,Shikohabad APMC,1900.0
Uttar Pradesh,Wheat,2021,12,2021-12-01,Sikandraraau APMC,1939.92
Uttar Pradesh,Wheat,2021,12,2021-12-01,Sirsa APMC,1900.81
Uttar Pradesh,Wheat,2021,12,2021-12-01,Sirsaganj APMC,1928.7
Uttar Pradesh,Wheat,2021,12,2021-12-01,Sitapur APMC,1908.71
Uttar Pradesh,Wheat,2021,12,2021-12-01,Sultanpur APMC,1923.83
Uttar Pradesh,Wheat,2021,12,2021-12-01,Tamkuhi road APMC,1880.0
Uttar Pradesh,Wheat,2021,12,2021-12-01,Tikonia APMC,1980.0
Uttar Pradesh,Wheat,2021,12,2021-12-01,Tulsipur APMC,1939.24
Uttar Pradesh,Wheat,2021,12,2021-12-01,Tundla APMC,2014.53
Uttar Pradesh,Wheat,2021,12,2021-12-01,Ujhani APMC,1951.93
Uttar Pradesh,Wheat,2021,12,2021-12-01,Unnao APMC,1909.32
Uttar Pradesh,Wheat,2021,12,2021-12-01,Uttaripura APMC,1851.58
Uttar Pradesh,Wheat,2021,12,2021-12-01,Varanasi APMC,1891.56
Uttar Pradesh,Wheat,2021,12,2021-12-01,Wazirganj APMC,1954.31
Uttar Pradesh,Wheat,2021,12,2021-12-01,Yusufpur APMC,1870.0
Uttar Pradesh,Wheat,2021,12,2021-12-01,Note:,
Uttar Pradesh,Wheat,2021,12,2021-12-01,Weighted Average Price = ∑(arrival quantity * modal price) / ∑arrival quantity,
Uttar Pradesh,Wheat,2021,12,2021-12-01,Change (Over Previous Month) = [Price - Price(Over Previous Month)/Price(Over Previous Month)] * 100,
Uttar Pradesh,Wheat,2021,12,2021-12-01,Change (Over Previous Year) = [Price - Price(Over Previous Year)/Price(Over Previous Year)] * 100,
Uttar Pradesh,Wheat,2022,1,2022-01-01,Achalda APMC,1955.78
Uttar Pradesh,Wheat,2022,1,2022-01-01,Achnera APMC,2016.69
Uttar Pradesh,Wheat,2022,1,2022-01-01,Agra APMC,1980.04
Uttar Pradesh,Wheat,2022,1,2022-01-01,Ahirora APMC,1928.48
Uttar Pradesh,Wheat,2022,1,2022-01-01,Ait APMC,1978.17
Uttar Pradesh,Wheat,2022,1,2022-01-01,Ajuha APMC,1912.34
Uttar Pradesh,Wheat,2022,1,2022-01-01,Akbarpur APMC,1930.29
Uttar Pradesh,Wheat,2022,1,2022-01-01,Aliganj APMC,1917.88
Uttar Pradesh,Wheat,2022,1,2022-01-01,Aligarh APMC,1994.59
Uttar Pradesh,Wheat,2022,1,2022-01-01,Amroha APMC,1959.42
Uttar Pradesh,Wheat,2022,1,2022-01-01,Anandnagar APMC,1884.75
Uttar Pradesh,Wheat,2022,1,2022-01-01,Atarra APMC,1879.94
Uttar Pradesh,Wheat,2022,1,2022-01-01,Atrauli APMC,1900.0
Uttar Pradesh,Wheat,2022,1,2022-01-01,Auraiya APMC,1954.34
Uttar Pradesh,Wheat,2022,1,2022-01-01,Ayodhya APMC,1940.84
Uttar Pradesh,Wheat,2022,1,2022-01-01,Azamgarh APMC,1883.15
Uttar Pradesh,Wheat,2022,1,2022-01-01,Baberu APMC,1907.46
Uttar Pradesh,Wheat,2022,1,2022-01-01,Babrala APMC,1896.14
Uttar Pradesh,Wheat,2022,1,2022-01-01,Badayoun APMC,1966.48
Uttar Pradesh,Wheat,2022,1,2022-01-01,Bahraich APMC,1911.67
Uttar Pradesh,Wheat,2022,1,2022-01-01,Ballia APMC,1912.75
Uttar Pradesh,Wheat,2022,1,2022-01-01,Balrampur APMC,1918.42
Uttar Pradesh,Wheat,2022,1,2022-01-01,Banda APMC,1930.76
Uttar Pradesh,Wheat,2022,1,2022-01-01,Bangarmau APMC,1909.04
Uttar Pradesh,Wheat,2022,1,2022-01-01,Bansi APMC,1930.0
Uttar Pradesh,Wheat,2022,1,2022-01-01,Barabanki APMC,1916.13
Uttar Pradesh,Wheat,2022,1,2022-01-01,Bareilly APMC,1968.63
Uttar Pradesh,Wheat,2022,1,2022-01-01,Barhaj APMC,1887.17
Uttar Pradesh,Wheat,2022,1,2022-01-01,Baripaal APMC,1852.1
Uttar Pradesh,Wheat,2022,1,2022-01-01,Basti APMC,1896.12
Uttar Pradesh,Wheat,2022,1,2022-01-01,Bewar APMC,1758.39
Uttar Pradesh,Wheat,2022,1,2022-01-01,Bharthna APMC,1942.19
Uttar Pradesh,Wheat,2022,1,2022-01-01,Bharuasumerpur APMC,1900.0
Uttar Pradesh,Wheat,2022,1,2022-01-01,Bharwari APMC,1912.87
Uttar Pradesh,Wheat,2022,1,2022-01-01,Bhehjoi APMC,
Uttar Pradesh,Wheat,2022,1,2022-01-01,Bijnaur APMC,1955.28
Uttar Pradesh,Wheat,2022,1,2022-01-01,Bilaspur APMC,
Uttar Pradesh,Wheat,2022,1,2022-01-01,Bilsi APMC,1976.96
Uttar Pradesh,Wheat,2022,1,2022-01-01,Bindki APMC,1921.79
Uttar Pradesh,Wheat,2022,1,2022-01-01,Bishalpur APMC,1945.8
Uttar Pradesh,Wheat,2022,1,2022-01-01,Buland Shahr APMC,2001.99
Uttar Pradesh,Wheat,2022,1,2022-01-01,Chandausi APMC,1961.69
Uttar Pradesh,Wheat,2022,1,2022-01-01,Chandoli APMC,1918.79
Uttar Pradesh,Wheat,2022,1,2022-01-01,Charkhari APMC,1870.44
Uttar Pradesh,Wheat,2022,1,2022-01-01,Charra APMC,1992.37
Uttar Pradesh,Wheat,2022,1,2022-01-01,Chhibramau APMC,1928.58
Uttar Pradesh,Wheat,2022,1,2022-01-01,Chirgaon APMC,1905.2
Uttar Pradesh,Wheat,2022,1,2022-01-01,Chitwadagaon APMC,
Uttar Pradesh,Wheat,2022,1,2022-01-01,Chorichora APMC,1906.14
Uttar Pradesh,Wheat,2022,1,2022-01-01,Choubepur APMC,1922.47
Uttar Pradesh,Wheat,2022,1,2022-01-01,DADRI APMC,1991.02
Uttar Pradesh,Wheat,2022,1,2022-01-01,Dankaur APMC,1971.24
Uttar Pradesh,Wheat,2022,1,2022-01-01,Devariya APMC,1919.46
Uttar Pradesh,Wheat,2022,1,2022-01-01,Dhanaura APMC,1950.0
Uttar Pradesh,Wheat,2022,1,2022-01-01,Dibiapur APMC,1948.41
Uttar Pradesh,Wheat,2022,1,2022-01-01,Doharighat APMC,1900.0
Uttar Pradesh,Wheat,2022,1,2022-01-01,Etah APMC,1989.03
Uttar Pradesh,Wheat,2022,1,2022-01-01,Etawah APMC,1967.31
Uttar Pradesh,Wheat,2022,1,2022-01-01,Farukhabad APMC,1950.15
Uttar Pradesh,Wheat,2022,1,2022-01-01,Fatehabad APMC,1975.0
Uttar Pradesh,Wheat,2022,1,2022-01-01,Fatehpur APMC,1915.85
Uttar Pradesh,Wheat,2022,1,2022-01-01,Fatehpur Sikri APMC,1985.84
Uttar Pradesh,Wheat,2022,1,2022-01-01,Firozabad APMC,2009.96
Uttar Pradesh,Wheat,2022,1,2022-01-01,Gadaura APMC,
Uttar Pradesh,Wheat,2022,1,2022-01-01,Gazipur APMC,1883.49
Uttar Pradesh,Wheat,2022,1,2022-01-01,Ghaziabad APMC,2000.47
Uttar Pradesh,Wheat,2022,1,2022-01-01,Ghiraur APMC,1962.79
Uttar Pradesh,Wheat,2022,1,2022-01-01,Golagokarnath APMC,1907.21
Uttar Pradesh,Wheat,2022,1,2022-01-01,Gonda APMC,1900.0
Uttar Pradesh,Wheat,2022,1,2022-01-01,Gopiganj APMC,1922.74
Uttar Pradesh,Wheat,2022,1,2022-01-01,Gorakhpur APMC,1909.68
Uttar Pradesh,Wheat,2022,1,2022-01-01,Gurusarai APMC,1858.95
Uttar Pradesh,Wheat,2022,1,2022-01-01,Haathras APMC,1969.49
Uttar Pradesh,Wheat,2022,1,2022-01-01,Haldaur APMC,
Uttar Pradesh,Wheat,2022,1,2022-01-01,Hamirpur APMC,1900.0
Uttar Pradesh,Wheat,2022,1,2022-01-01,Hapur APMC,1987.95
Uttar Pradesh,Wheat,2022,1,2022-01-01,Hardoi APMC,1923.25
Uttar Pradesh,Wheat,2022,1,2022-01-01,Hargaon (Laharpur) APMC,1872.5
Uttar Pradesh,Wheat,2022,1,2022-01-01,Jafarganj APMC,1898.86
Uttar Pradesh,Wheat,2022,1,2022-01-01,Jagnair APMC,1865.22
Uttar Pradesh,Wheat,2022,1,2022-01-01,Jahanabad APMC,1920.3
Uttar Pradesh,Wheat,2022,1,2022-01-01,Jahangirabad APMC,2007.01
Uttar Pradesh,Wheat,2022,1,2022-01-01,Jalaun APMC,1966.64
Uttar Pradesh,Wheat,2022,1,2022-01-01,Jamanian APMC,1880.0
Uttar Pradesh,Wheat,2022,1,2022-01-01,Jangipura APMC,1876.92
Uttar Pradesh,Wheat,2022,1,2022-01-01,Jaunpur APMC,1895.05
Uttar Pradesh,Wheat,2022,1,2022-01-01,Jayas APMC,1900.0
Uttar Pradesh,Wheat,2022,1,2022-01-01,Jhansi APMC,1919.59
Uttar Pradesh,Wheat,2022,1,2022-01-01,Jhijhank APMC,1923.28
Uttar Pradesh,Wheat,2022,1,2022-01-01,Kadaura APMC,1867.14
Uttar Pradesh,Wheat,2022,1,2022-01-01,Kalpi APMC,
Uttar Pradesh,Wheat,2022,1,2022-01-01,Kamlaganj APMC,
Uttar Pradesh,Wheat,2022,1,2022-01-01,Kannauj APMC,1934.56
Uttar Pradesh,Wheat,2022,1,2022-01-01,Kanpur(Grain) APMC,1931.94
Uttar Pradesh,Wheat,2022,1,2022-01-01,Karvi APMC,1888.91
Uttar Pradesh,Wheat,2022,1,2022-01-01,Kasganj APMC,2003.22
Uttar Pradesh,Wheat,2022,1,2022-01-01,Kayamganj APMC,1927.19
Uttar Pradesh,Wheat,2022,1,2022-01-01,Khaga APMC,1901.41
Uttar Pradesh,Wheat,2022,1,2022-01-01,Khair APMC,2060.0
Uttar Pradesh,Wheat,2022,1,2022-01-01,Khairagarh APMC,1865.5
Uttar Pradesh,Wheat,2022,1,2022-01-01,Khalilabad APMC,
Uttar Pradesh,Wheat,2022,1,2022-01-01,Khurja APMC,1994.23
Uttar Pradesh,Wheat,2022,1,2022-01-01,Kishunpur APMC,1846.67
Uttar Pradesh,Wheat,2022,1,2022-01-01,Konch APMC,1936.89
Uttar Pradesh,Wheat,2022,1,2022-01-01,Kopaganj APMC,1900.0
Uttar Pradesh,Wheat,2022,1,2022-01-01,Kosikalan APMC,2016.25
Uttar Pradesh,Wheat,2022,1,2022-01-01,Kurara APMC,1814.9
Uttar Pradesh,Wheat,2022,1,2022-01-01,Lakhimpur APMC,1911.44
Uttar Pradesh,Wheat,2022,1,2022-01-01,Lalganj APMC,1878.75
Uttar Pradesh,Wheat,2022,1,2022-01-01,Lalitpur APMC,1941.51
Uttar Pradesh,Wheat,2022,1,2022-01-01,Lucknow APMC,1925.76
Uttar Pradesh,Wheat,2022,1,2022-01-01,Madhoganj APMC,1916.17
Uttar Pradesh,Wheat,2022,1,2022-01-01,Madhogarh APMC,1878.49
Uttar Pradesh,Wheat,2022,1,2022-01-01,Maharajganj APMC,
Uttar Pradesh,Wheat,2022,1,2022-01-01,Mahoba APMC,1926.49
Uttar Pradesh,Wheat,2022,1,2022-01-01,Maigalganj APMC,1856.88
Uttar Pradesh,Wheat,2022,1,2022-01-01,Mainpuri APMC,1996.13
Uttar Pradesh,Wheat,2022,1,2022-01-01,Mathura APMC,1994.51
Uttar Pradesh,Wheat,2022,1,2022-01-01,Maudaha APMC,1931.59
Uttar Pradesh,Wheat,2022,1,2022-01-01,Mauranipur APMC,1898.98
Uttar Pradesh,Wheat,2022,1,2022-01-01,Mawana APMC,1990.2
Uttar Pradesh,Wheat,2022,1,2022-01-01,Meerut APMC,1988.3
Uttar Pradesh,Wheat,2022,1,2022-01-01,Mehmoodabad APMC,
Uttar Pradesh,Wheat,2022,1,2022-01-01,Mehrauni APMC,2000.0
Uttar Pradesh,Wheat,2022,1,2022-01-01,Milak APMC,1962.42
Uttar Pradesh,Wheat,2022,1,2022-01-01,Mirzapur APMC,1931.58
Uttar Pradesh,Wheat,2022,1,2022-01-01,Mohamadabad APMC,1921.82
Uttar Pradesh,Wheat,2022,1,2022-01-01,Mohammdi APMC,1907.72
Uttar Pradesh,Wheat,2022,1,2022-01-01,Moth APMC,
Uttar Pradesh,Wheat,2022,1,2022-01-01,Mugrabaadshahpur APMC,
Uttar Pradesh,Wheat,2022,1,2022-01-01,Muradabad APMC,1960.67
Uttar Pradesh,Wheat,2022,1,2022-01-01,Muradnagar APMC,2020.96
Uttar Pradesh,Wheat,2022,1,2022-01-01,Muskara APMC,1925.49
Uttar Pradesh,Wheat,2022,1,2022-01-01,Muzzafarnagar APMC,1986.11
Uttar Pradesh,Wheat,2022,1,2022-01-01,Naanpara APMC,1913.1
Uttar Pradesh,Wheat,2022,1,2022-01-01,Najibabad APMC,1955.71
Uttar Pradesh,Wheat,2022,1,2022-01-01,Naugarh APMC,1873.72
Uttar Pradesh,Wheat,2022,1,2022-01-01,Nautnava APMC,
Uttar Pradesh,Wheat,2022,1,2022-01-01,Nawabganj APMC,1902.19
Uttar Pradesh,Wheat,2022,1,2022-01-01,Orai APMC,1961.61
Uttar Pradesh,Wheat,2022,1,2022-01-01,Paliakala APMC,1896.82
Uttar Pradesh,Wheat,2022,1,2022-01-01,Panchpedwa APMC,1876.0
Uttar Pradesh,Wheat,2022,1,2022-01-01,Partaval APMC,1894.17
Uttar Pradesh,Wheat,2022,1,2022-01-01,Pilibhit APMC,2097.82
Uttar Pradesh,Wheat,2022,1,2022-01-01,Powayan APMC,1961.59
Uttar Pradesh,Wheat,2022,1,2022-01-01,Pratapgarh APMC,1921.44
Uttar Pradesh,Wheat,2022,1,2022-01-01,Pukharayan APMC,1928.08
Uttar Pradesh,Wheat,2022,1,2022-01-01,Puranpur APMC,1925.51
Uttar Pradesh,Wheat,2022,1,2022-01-01,Purwa APMC,1901.45
Uttar Pradesh,Wheat,2022,1,2022-01-01,Raath APMC,1937.18
Uttar Pradesh,Wheat,2022,1,2022-01-01,Raibareilly APMC,1883.94
Uttar Pradesh,Wheat,2022,1,2022-01-01,Rampur APMC,1951.55
Uttar Pradesh,Wheat,2022,1,2022-01-01,Rasda APMC,1891.03
Uttar Pradesh,Wheat,2022,1,2022-01-01,Robertsganj APMC,1976.04
Uttar Pradesh,Wheat,2022,1,2022-01-01,Rura APMC,1920.26
Uttar Pradesh,Wheat,2022,1,2022-01-01,Saharanpur APMC,1988.04
Uttar Pradesh,Wheat,2022,1,2022-01-01,Sahiyapur APMC,1915.0
Uttar Pradesh,Wheat,2022,1,2022-01-01,Salon APMC,1834.0
Uttar Pradesh,Wheat,2022,1,2022-01-01,Samsabad APMC,2100.0
Uttar Pradesh,Wheat,2022,1,2022-01-01,Sandila APMC,1916.51
Uttar Pradesh,Wheat,2022,1,2022-01-01,Sehjanwa APMC,1892.2
Uttar Pradesh,Wheat,2022,1,2022-01-01,Shahabad(New Mandi) APMC,1916.18
Uttar Pradesh,Wheat,2022,1,2022-01-01,Shahganj APMC,1856.36
Uttar Pradesh,Wheat,2022,1,2022-01-01,Shahjahanpur APMC,1951.16
Uttar Pradesh,Wheat,2022,1,2022-01-01,Shamli APMC,1993.16
Uttar Pradesh,Wheat,2022,1,2022-01-01,Shikohabad APMC,1900.0
Uttar Pradesh,Wheat,2022,1,2022-01-01,Sikandraraau APMC,1961.23
Uttar Pradesh,Wheat,2022,1,2022-01-01,Sirsa APMC,1914.19
Uttar Pradesh,Wheat,2022,1,2022-01-01,Sirsaganj APMC,1950.0
Uttar Pradesh,Wheat,2022,1,2022-01-01,Sitapur APMC,1918.97
Uttar Pradesh,Wheat,2022,1,2022-01-01,Sultanpur APMC,1911.9
Uttar Pradesh,Wheat,2022,1,2022-01-01,Tamkuhi road APMC,1925.0
Uttar Pradesh,Wheat,2022,1,2022-01-01,Tikonia APMC,
Uttar Pradesh,Wheat,2022,1,2022-01-01,Tulsipur APMC,1906.81
Uttar Pradesh,Wheat,2022,1,2022-01-01,Tundla APMC,2030.02
Uttar Pradesh,Wheat,2022,1,2022-01-01,Ujhani APMC,1956.13
Uttar Pradesh,Wheat,2022,1,2022-01-01,Unnao APMC,1913.2
Uttar Pradesh,Wheat,2022,1,2022-01-01,Uttaripura APMC,1783.9
Uttar Pradesh,Wheat,2022,1,2022-01-01,Varanasi APMC,1938.59
Uttar Pradesh,Wheat,2022,1,2022-01-01,Wazirganj APMC,1958.12
Uttar Pradesh,Wheat,2022,1,2022-01-01,Yusufpur APMC,
Uttar Pradesh,Wheat,2022,1,2022-01-01,Note:,
Uttar Pradesh,Wheat,2022,1,2022-01-01,Weighted Average Price = ∑(arrival quantity * modal price) / ∑arrival quantity,
Uttar Pradesh,Wheat,2022,1,2022-01-01,Change (Over Previous Month) = [Price - Price(Over Previous Month)/Price(Over Previous Month)] * 100,
Uttar Pradesh,Wheat,2022,1,2022-01-01,Change (Over Previous Year) = [Price - Price(Over Previous Year)/Price(Over Previous Year)] * 100,
Uttar Pradesh,Wheat,2022,2,2022-02-01,Achalda APMC,2010.84
Uttar Pradesh,Wheat,2022,2,2022-02-01,Achnera APMC,2026.42
Uttar Pradesh,Wheat,2022,2,2022-02-01,Agra APMC,2034.0
Uttar Pradesh,Wheat,2022,2,2022-02-01,Ahirora APMC,1996.77
Uttar Pradesh,Wheat,2022,2,2022-02-01,Ait APMC,2030.47
Uttar Pradesh,Wheat,2022,2,2022-02-01,Ajuha APMC,1929.61
Uttar Pradesh,Wheat,2022,2,2022-02-01,Akbarpur APMC,1969.16
Uttar Pradesh,Wheat,2022,2,2022-02-01,Aliganj APMC,1928.62
Uttar Pradesh,Wheat,2022,2,2022-02-01,Aligarh APMC,2073.68
Uttar Pradesh,Wheat,2022,2,2022-02-01,Amroha APMC,1981.65
Uttar Pradesh,Wheat,2022,2,2022-02-01,Anandnagar APMC,1925.45
Uttar Pradesh,Wheat,2022,2,2022-02-01,Anoop Shahar APMC,2071.13
Uttar Pradesh,Wheat,2022,2,2022-02-01,Atarra APMC,1920.9
Uttar Pradesh,Wheat,2022,2,2022-02-01,Atrauli APMC,1900.0
Uttar Pradesh,Wheat,2022,2,2022-02-01,Auraiya APMC,2009.86
Uttar Pradesh,Wheat,2022,2,2022-02-01,Ayodhya APMC,1971.9
Uttar Pradesh,Wheat,2022,2,2022-02-01,Azamgarh APMC,1922.57
Uttar Pradesh,Wheat,2022,2,2022-02-01,Baberu APMC,1922.4
Uttar Pradesh,Wheat,2022,2,2022-02-01,Babrala APMC,1893.21
Uttar Pradesh,Wheat,2022,2,2022-02-01,Bachranwa APMC,1965.0
Uttar Pradesh,Wheat,2022,2,2022-02-01,Badayoun APMC,1975.51
Uttar Pradesh,Wheat,2022,2,2022-02-01,Bahraich APMC,1950.2
Uttar Pradesh,Wheat,2022,2,2022-02-01,Ballia APMC,1961.32
Uttar Pradesh,Wheat,2022,2,2022-02-01,Balrampur APMC,1907.97
Uttar Pradesh,Wheat,2022,2,2022-02-01,Banda APMC,1925.33
Uttar Pradesh,Wheat,2022,2,2022-02-01,Bangarmau APMC,1957.44
Uttar Pradesh,Wheat,2022,2,2022-02-01,Bansi APMC,1940.0
Uttar Pradesh,Wheat,2022,2,2022-02-01,Barabanki APMC,1920.73
Uttar Pradesh,Wheat,2022,2,2022-02-01,Bareilly APMC,1976.72
Uttar Pradesh,Wheat,2022,2,2022-02-01,Barhaj APMC,1931.46
Uttar Pradesh,Wheat,2022,2,2022-02-01,Baripaal APMC,1942.72
Uttar Pradesh,Wheat,2022,2,2022-02-01,Basti APMC,1929.76
Uttar Pradesh,Wheat,2022,2,2022-02-01,Bewar APMC,1792.85
Uttar Pradesh,Wheat,2022,2,2022-02-01,Bharthna APMC,2000.48
Uttar Pradesh,Wheat,2022,2,2022-02-01,Bharuasumerpur APMC,1914.88
Uttar Pradesh,Wheat,2022,2,2022-02-01,Bharwari APMC,1913.92
Uttar Pradesh,Wheat,2022,2,2022-02-01,Bhehjoi APMC,
Uttar Pradesh,Wheat,2022,2,2022-02-01,Bijnaur APMC,1968.26
Uttar Pradesh,Wheat,2022,2,2022-02-01,Bilaspur APMC,
Uttar Pradesh,Wheat,2022,2,2022-02-01,Bilsi APMC,2008.08
Uttar Pradesh,Wheat,2022,2,2022-02-01,Bindki APMC,2002.95
Uttar Pradesh,Wheat,2022,2,2022-02-01,Bishalpur APMC,1975.6
Uttar Pradesh,Wheat,2022,2,2022-02-01,Buland Shahr APMC,2082.86
Uttar Pradesh,Wheat,2022,2,2022-02-01,Chandausi APMC,1985.48
Uttar Pradesh,Wheat,2022,2,2022-02-01,Chandoli APMC,1972.46
Uttar Pradesh,Wheat,2022,2,2022-02-01,Charkhari APMC,1929.37
Uttar Pradesh,Wheat,2022,2,2022-02-01,Charra APMC,2056.44
Uttar Pradesh,Wheat,2022,2,2022-02-01,Chhibramau APMC,1968.17
Uttar Pradesh,Wheat,2022,2,2022-02-01,Chirgaon APMC,1930.65
Uttar Pradesh,Wheat,2022,2,2022-02-01,Chitwadagaon APMC,
Uttar Pradesh,Wheat,2022,2,2022-02-01,Chorichora APMC,1948.97
Uttar Pradesh,Wheat,2022,2,2022-02-01,Choubepur APMC,1970.89
Uttar Pradesh,Wheat,2022,2,2022-02-01,DADRI APMC,2041.72
Uttar Pradesh,Wheat,2022,2,2022-02-01,Dankaur APMC,2014.56
Uttar Pradesh,Wheat,2022,2,2022-02-01,Dataganj APMC,
Uttar Pradesh,Wheat,2022,2,2022-02-01,Devariya APMC,1930.28
Uttar Pradesh,Wheat,2022,2,2022-02-01,Dhanaura APMC,1950.0
Uttar Pradesh,Wheat,2022,2,2022-02-01,Dibiapur APMC,1960.94
Uttar Pradesh,Wheat,2022,2,2022-02-01,Doharighat APMC,1945.0
Uttar Pradesh,Wheat,2022,2,2022-02-01,Etah APMC,2013.97
Uttar Pradesh,Wheat,2022,2,2022-02-01,Etawah APMC,2027.88
Uttar Pradesh,Wheat,2022,2,2022-02-01,Farukhabad APMC,1974.9
Uttar Pradesh,Wheat,2022,2,2022-02-01,Fatehabad APMC,2020.0
Uttar Pradesh,Wheat,2022,2,2022-02-01,Fatehpur APMC,1944.02
Uttar Pradesh,Wheat,2022,2,2022-02-01,Fatehpur Sikri APMC,2016.35
Uttar Pradesh,Wheat,2022,2,2022-02-01,Firozabad APMC,2100.73
Uttar Pradesh,Wheat,2022,2,2022-02-01,Gadaura APMC,1840.0
Uttar Pradesh,Wheat,2022,2,2022-02-01,Gazipur APMC,1952.26
Uttar Pradesh,Wheat,2022,2,2022-02-01,Ghaziabad APMC,2076.76
Uttar Pradesh,Wheat,2022,2,2022-02-01,Ghiraur APMC,2052.77
Uttar Pradesh,Wheat,2022,2,2022-02-01,Golagokarnath APMC,1931.03
Uttar Pradesh,Wheat,2022,2,2022-02-01,Gonda APMC,1903.57
Uttar Pradesh,Wheat,2022,2,2022-02-01,Gopiganj APMC,1962.76
Uttar Pradesh,Wheat,2022,2,2022-02-01,Gorakhpur APMC,1942.4
Uttar Pradesh,Wheat,2022,2,2022-02-01,Gurusarai APMC,1950.75
Uttar Pradesh,Wheat,2022,2,2022-02-01,Haathras APMC,1976.31
Uttar Pradesh,Wheat,2022,2,2022-02-01,Haldaur APMC,
Uttar Pradesh,Wheat,2022,2,2022-02-01,Hamirpur APMC,1925.0
Uttar Pradesh,Wheat,2022,2,2022-02-01,Hapur APMC,2036.06
Uttar Pradesh,Wheat,2022,2,2022-02-01,Hardoi APMC,1941.13
Uttar Pradesh,Wheat,2022,2,2022-02-01,Hargaon (Laharpur) APMC,1884.0
Uttar Pradesh,Wheat,2022,2,2022-02-01,Jafarganj APMC,1916.73
Uttar Pradesh,Wheat,2022,2,2022-02-01,Jagnair APMC,1850.0
Uttar Pradesh,Wheat,2022,2,2022-02-01,Jahanabad APMC,1927.59
Uttar Pradesh,Wheat,2022,2,2022-02-01,Jahangirabad APMC,2071.53
Uttar Pradesh,Wheat,2022,2,2022-02-01,Jalaun APMC,1996.73
Uttar Pradesh,Wheat,2022,2,2022-02-01,Jamanian APMC,1970.0
Uttar Pradesh,Wheat,2022,2,2022-02-01,Jangipura APMC,1927.51
Uttar Pradesh,Wheat,2022,2,2022-02-01,Jaunpur APMC,1945.88
Uttar Pradesh,Wheat,2022,2,2022-02-01,Jayas APMC,1900.0
Uttar Pradesh,Wheat,2022,2,2022-02-01,Jhansi APMC,1937.46
Uttar Pradesh,Wheat,2022,2,2022-02-01,Jhijhank APMC,2004.59
Uttar Pradesh,Wheat,2022,2,2022-02-01,Kadaura APMC,2007.11
Uttar Pradesh,Wheat,2022,2,2022-02-01,Kalpi APMC,
Uttar Pradesh,Wheat,2022,2,2022-02-01,Kamlaganj APMC,1930.0
Uttar Pradesh,Wheat,2022,2,2022-02-01,Kannauj APMC,1976.5
Uttar Pradesh,Wheat,2022,2,2022-02-01,Kanpur(Grain) APMC,1938.53
Uttar Pradesh,Wheat,2022,2,2022-02-01,Karvi APMC,1923.03
Uttar Pradesh,Wheat,2022,2,2022-02-01,Kasganj APMC,2005.54
Uttar Pradesh,Wheat,2022,2,2022-02-01,Kayamganj APMC,1978.29
Uttar Pradesh,Wheat,2022,2,2022-02-01,Khaga APMC,1928.9
Uttar Pradesh,Wheat,2022,2,2022-02-01,Khair APMC,2050.0
Uttar Pradesh,Wheat,2022,2,2022-02-01,Khairagarh APMC,1935.63
Uttar Pradesh,Wheat,2022,2,2022-02-01,Khalilabad APMC,
Uttar Pradesh,Wheat,2022,2,2022-02-01,Khurja APMC,2068.21
Uttar Pradesh,Wheat,2022,2,2022-02-01,Kishunpur APMC,1919.73
Uttar Pradesh,Wheat,2022,2,2022-02-01,Konch APMC,1931.34
Uttar Pradesh,Wheat,2022,2,2022-02-01,Kopaganj APMC,1928.5
Uttar Pradesh,Wheat,2022,2,2022-02-01,Kosikalan APMC,2064.99
Uttar Pradesh,Wheat,2022,2,2022-02-01,Kurara APMC,2180.0
Uttar Pradesh,Wheat,2022,2,2022-02-01,Lakhimpur APMC,1940.12
Uttar Pradesh,Wheat,2022,2,2022-02-01,Lalganj APMC,1918.34
Uttar Pradesh,Wheat,2022,2,2022-02-01,Lalitpur APMC,1948.7
Uttar Pradesh,Wheat,2022,2,2022-02-01,Lucknow APMC,1936.98
Uttar Pradesh,Wheat,2022,2,2022-02-01,Madhoganj APMC,1931.19
Uttar Pradesh,Wheat,2022,2,2022-02-01,Madhogarh APMC,1933.52
Uttar Pradesh,Wheat,2022,2,2022-02-01,Maharajganj APMC,
Uttar Pradesh,Wheat,2022,2,2022-02-01,Mahoba APMC,1973.33
Uttar Pradesh,Wheat,2022,2,2022-02-01,Maigalganj APMC,1875.55
Uttar Pradesh,Wheat,2022,2,2022-02-01,Mainpuri APMC,2091.38
Uttar Pradesh,Wheat,2022,2,2022-02-01,Mathura APMC,2031.94
Uttar Pradesh,Wheat,2022,2,2022-02-01,Maudaha APMC,1963.87
Uttar Pradesh,Wheat,2022,2,2022-02-01,Mauranipur APMC,1931.98
Uttar Pradesh,Wheat,2022,2,2022-02-01,Mawana APMC,2034.92
Uttar Pradesh,Wheat,2022,2,2022-02-01,Meerut APMC,2040.12
Uttar Pradesh,Wheat,2022,2,2022-02-01,Mehmoodabad APMC,
Uttar Pradesh,Wheat,2022,2,2022-02-01,Mehrauni APMC,2000.0
Uttar Pradesh,Wheat,2022,2,2022-02-01,Milak APMC,1974.22
Uttar Pradesh,Wheat,2022,2,2022-02-01,Mirzapur APMC,1980.6
Uttar Pradesh,Wheat,2022,2,2022-02-01,Mohamadabad APMC,
Uttar Pradesh,Wheat,2022,2,2022-02-01,Mohammdi APMC,1935.29
Uttar Pradesh,Wheat,2022,2,2022-02-01,Mugrabaadshahpur APMC,
Uttar Pradesh,Wheat,2022,2,2022-02-01,Muradabad APMC,1973.15
Uttar Pradesh,Wheat,2022,2,2022-02-01,Muradnagar APMC,2009.62
Uttar Pradesh,Wheat,2022,2,2022-02-01,Muskara APMC,1951.59
Uttar Pradesh,Wheat,2022,2,2022-02-01,Muzzafarnagar APMC,2025.09
Uttar Pradesh,Wheat,2022,2,2022-02-01,Naanpara APMC,1948.28
Uttar Pradesh,Wheat,2022,2,2022-02-01,Najibabad APMC,1972.78
Uttar Pradesh,Wheat,2022,2,2022-02-01,Naugarh APMC,1923.12
Uttar Pradesh,Wheat,2022,2,2022-02-01,Nawabganj APMC,1899.53
Uttar Pradesh,Wheat,2022,2,2022-02-01,Orai APMC,2004.43
Uttar Pradesh,Wheat,2022,2,2022-02-01,Paliakala APMC,1925.98
Uttar Pradesh,Wheat,2022,2,2022-02-01,Panchpedwa APMC,
Uttar Pradesh,Wheat,2022,2,2022-02-01,Partaval APMC,1939.07
Uttar Pradesh,Wheat,2022,2,2022-02-01,Pilibhit APMC,1990.25
Uttar Pradesh,Wheat,2022,2,2022-02-01,Powayan APMC,1975.5
Uttar Pradesh,Wheat,2022,2,2022-02-01,Pratapgarh APMC,1934.78
Uttar Pradesh,Wheat,2022,2,2022-02-01,Pukharayan APMC,1989.27
Uttar Pradesh,Wheat,2022,2,2022-02-01,Puranpur APMC,2023.28
Uttar Pradesh,Wheat,2022,2,2022-02-01,Purwa APMC,1936.84
Uttar Pradesh,Wheat,2022,2,2022-02-01,Raath APMC,1941.85
Uttar Pradesh,Wheat,2022,2,2022-02-01,Raibareilly APMC,1953.55
Uttar Pradesh,Wheat,2022,2,2022-02-01,Rampur APMC,1959.75
Uttar Pradesh,Wheat,2022,2,2022-02-01,Rasda APMC,1948.09
Uttar Pradesh,Wheat,2022,2,2022-02-01,Robertsganj APMC,2089.05
Uttar Pradesh,Wheat,2022,2,2022-02-01,Rura APMC,1975.0
Uttar Pradesh,Wheat,2022,2,2022-02-01,Saharanpur APMC,2028.7
Uttar Pradesh,Wheat,2022,2,2022-02-01,Sahiyapur APMC,1944.35
Uttar Pradesh,Wheat,2022,2,2022-02-01,Salon APMC,1907.76
Uttar Pradesh,Wheat,2022,2,2022-02-01,Samsabad APMC,2237.5
Uttar Pradesh,Wheat,2022,2,2022-02-01,Sandi APMC,1938.79
Uttar Pradesh,Wheat,2022,2,2022-02-01,Sandila APMC,1932.41
Uttar Pradesh,Wheat,2022,2,2022-02-01,Sehjanwa APMC,1934.58
Uttar Pradesh,Wheat,2022,2,2022-02-01,Shahabad(New Mandi) APMC,1925.37
Uttar Pradesh,Wheat,2022,2,2022-02-01,Shahganj APMC,1926.29
Uttar Pradesh,Wheat,2022,2,2022-02-01,Shahjahanpur APMC,1955.95
Uttar Pradesh,Wheat,2022,2,2022-02-01,Shamli APMC,2025.6
Uttar Pradesh,Wheat,2022,2,2022-02-01,Shikohabad APMC,1900.0
Uttar Pradesh,Wheat,2022,2,2022-02-01,Sikandraraau APMC,1977.64
Uttar Pradesh,Wheat,2022,2,2022-02-01,Sirsa APMC,1916.26
Uttar Pradesh,Wheat,2022,2,2022-02-01,Sirsaganj APMC,2002.57
Uttar Pradesh,Wheat,2022,2,2022-02-01,Sitapur APMC,1991.72
Uttar Pradesh,Wheat,2022,2,2022-02-01,Sultanpur APMC,1919.66
Uttar Pradesh,Wheat,2022,2,2022-02-01,Tamkuhi road APMC,1940.0
Uttar Pradesh,Wheat,2022,2,2022-02-01,Tikonia APMC,1800.0
Uttar Pradesh,Wheat,2022,2,2022-02-01,Tulsipur APMC,1900.66
Uttar Pradesh,Wheat,2022,2,2022-02-01,Tundla APMC,2183.67
Uttar Pradesh,Wheat,2022,2,2022-02-01,Ujhani APMC,1969.08
Uttar Pradesh,Wheat,2022,2,2022-02-01,Unnao APMC,1960.92
Uttar Pradesh,Wheat,2022,2,2022-02-01,Uttaripura APMC,1758.36
Uttar Pradesh,Wheat,2022,2,2022-02-01,Varanasi APMC,1978.07
Uttar Pradesh,Wheat,2022,2,2022-02-01,Wazirganj APMC,1983.9
Uttar Pradesh,Wheat,2022,2,2022-02-01,Note:,
Uttar Pradesh,Wheat,2022,2,2022-02-01,Weighted Average Price = ∑(arrival quantity * modal price) / ∑arrival quantity,
Uttar Pradesh,Wheat,2022,2,2022-02-01,Change (Over Previous Month) = [Price - Price(Over Previous Month)/Price(Over Previous Month)] * 100,
Uttar Pradesh,Wheat,2022,2,2022-02-01,Change (Over Previous Year) = [Price - Price(Over Previous Year)/Price(Over Previous Year)] * 100,
Uttar Pradesh,Wheat,2022,3,2022-03-01,Achalda APMC,2037.67
Uttar Pradesh,Wheat,2022,3,2022-03-01,Achnera APMC,2102.99
Uttar Pradesh,Wheat,2022,3,2022-03-01,Agra APMC,2085.1
Uttar Pradesh,Wheat,2022,3,2022-03-01,Ahirora APMC,1983.72
Uttar Pradesh,Wheat,2022,3,2022-03-01,Ait APMC,2071.69
Uttar Pradesh,Wheat,2022,3,2022-03-01,Ajuha APMC,2003.83
Uttar Pradesh,Wheat,2022,3,2022-03-01,Akbarpur APMC,2025.06
Uttar Pradesh,Wheat,2022,3,2022-03-01,Aliganj APMC,1920.0
Uttar Pradesh,Wheat,2022,3,2022-03-01,Aligarh APMC,2088.99
Uttar Pradesh,Wheat,2022,3,2022-03-01,Amroha APMC,2050.3
Uttar Pradesh,Wheat,2022,3,2022-03-01,Anandnagar APMC,1954.82
Uttar Pradesh,Wheat,2022,3,2022-03-01,Anoop Shahar APMC,2110.0
Uttar Pradesh,Wheat,2022,3,2022-03-01,Atarra APMC,1982.26
Uttar Pradesh,Wheat,2022,3,2022-03-01,Atrauli APMC,1900.0
Uttar Pradesh,Wheat,2022,3,2022-03-01,Auraiya APMC,2026.24
Uttar Pradesh,Wheat,2022,3,2022-03-01,Ayodhya APMC,2048.05
Uttar Pradesh,Wheat,2022,3,2022-03-01,Azamgarh APMC,1966.13
Uttar Pradesh,Wheat,2022,3,2022-03-01,Baberu APMC,1986.33
Uttar Pradesh,Wheat,2022,3,2022-03-01,Babrala APMC,1923.71
Uttar Pradesh,Wheat,2022,3,2022-03-01,Bachranwa APMC,2050.0
Uttar Pradesh,Wheat,2022,3,2022-03-01,Badayoun APMC,2046.15
Uttar Pradesh,Wheat,2022,3,2022-03-01,Badda APMC,2022.44
Uttar Pradesh,Wheat,2022,3,2022-03-01,Bahraich APMC,2000.74
Uttar Pradesh,Wheat,2022,3,2022-03-01,Ballia APMC,1980.66
Uttar Pradesh,Wheat,2022,3,2022-03-01,Balrampur APMC,2053.42
Uttar Pradesh,Wheat,2022,3,2022-03-01,Banda APMC,1992.64
Uttar Pradesh,Wheat,2022,3,2022-03-01,Bangarmau APMC,2017.03
Uttar Pradesh,Wheat,2022,3,2022-03-01,Bansi APMC,1990.0
Uttar Pradesh,Wheat,2022,3,2022-03-01,Barabanki APMC,1985.59
Uttar Pradesh,Wheat,2022,3,2022-03-01,Bareilly APMC,2013.64
Uttar Pradesh,Wheat,2022,3,2022-03-01,Barhaj APMC,1966.54
Uttar Pradesh,Wheat,2022,3,2022-03-01,Baripaal APMC,1979.64
Uttar Pradesh,Wheat,2022,3,2022-03-01,Basti APMC,1979.03
Uttar Pradesh,Wheat,2022,3,2022-03-01,Bewar APMC,1866.02
Uttar Pradesh,Wheat,2022,3,2022-03-01,Bharthna APMC,2026.52
Uttar Pradesh,Wheat,2022,3,2022-03-01,Bharuasumerpur APMC,1981.07
Uttar Pradesh,Wheat,2022,3,2022-03-01,Bharwari APMC,1973.97
Uttar Pradesh,Wheat,2022,3,2022-03-01,Bhehjoi APMC,
Uttar Pradesh,Wheat,2022,3,2022-03-01,Bijnaur APMC,1977.68
Uttar Pradesh,Wheat,2022,3,2022-03-01,Bilsi APMC,2148.63
Uttar Pradesh,Wheat,2022,3,2022-03-01,Bindki APMC,2090.42
Uttar Pradesh,Wheat,2022,3,2022-03-01,Bishalpur APMC,2025.87
Uttar Pradesh,Wheat,2022,3,2022-03-01,Bisoli APMC,2011.79
Uttar Pradesh,Wheat,2022,3,2022-03-01,Buland Shahr APMC,2119.03
Uttar Pradesh,Wheat,2022,3,2022-03-01,Chandausi APMC,2029.55
Uttar Pradesh,Wheat,2022,3,2022-03-01,Chandoli APMC,1978.05
Uttar Pradesh,Wheat,2022,3,2022-03-01,Charkhari APMC,1982.54
Uttar Pradesh,Wheat,2022,3,2022-03-01,Charra APMC,2080.41
Uttar Pradesh,Wheat,2022,3,2022-03-01,Chhibramau APMC,2005.29
Uttar Pradesh,Wheat,2022,3,2022-03-01,Chirgaon APMC,1971.12
Uttar Pradesh,Wheat,2022,3,2022-03-01,Chitwadagaon APMC,
Uttar Pradesh,Wheat,2022,3,2022-03-01,Chorichora APMC,1973.38
Uttar Pradesh,Wheat,2022,3,2022-03-01,Choubepur APMC,2066.6
Uttar Pradesh,Wheat,2022,3,2022-03-01,DADRI APMC,2139.43
Uttar Pradesh,Wheat,2022,3,2022-03-01,Dankaur APMC,
Uttar Pradesh,Wheat,2022,3,2022-03-01,Devariya APMC,1965.13
Uttar Pradesh,Wheat,2022,3,2022-03-01,Dhanaura APMC,2019.11
Uttar Pradesh,Wheat,2022,3,2022-03-01,Dibiapur APMC,1978.94
Uttar Pradesh,Wheat,2022,3,2022-03-01,Doharighat APMC,1980.0
Uttar Pradesh,Wheat,2022,3,2022-03-01,Etah APMC,2032.47
Uttar Pradesh,Wheat,2022,3,2022-03-01,Etawah APMC,2026.54
Uttar Pradesh,Wheat,2022,3,2022-03-01,Farukhabad APMC,2039.11
Uttar Pradesh,Wheat,2022,3,2022-03-01,Fatehabad APMC,2064.92
Uttar Pradesh,Wheat,2022,3,2022-03-01,Fatehpur APMC,2019.62
Uttar Pradesh,Wheat,2022,3,2022-03-01,Fatehpur Sikri APMC,2097.79
Uttar Pradesh,Wheat,2022,3,2022-03-01,Firozabad APMC,2156.11
Uttar Pradesh,Wheat,2022,3,2022-03-01,Gadaura APMC,
Uttar Pradesh,Wheat,2022,3,2022-03-01,Gazipur APMC,1975.51
Uttar Pradesh,Wheat,2022,3,2022-03-01,Ghaziabad APMC,2139.23
Uttar Pradesh,Wheat,2022,3,2022-03-01,Ghiraur APMC,2090.34
Uttar Pradesh,Wheat,2022,3,2022-03-01,Golagokarnath APMC,1958.45
Uttar Pradesh,Wheat,2022,3,2022-03-01,Gonda APMC,2041.41
Uttar Pradesh,Wheat,2022,3,2022-03-01,Gopiganj APMC,1978.38
Uttar Pradesh,Wheat,2022,3,2022-03-01,Gorakhpur APMC,1968.03
Uttar Pradesh,Wheat,2022,3,2022-03-01,Gurusarai APMC,1991.22
Uttar Pradesh,Wheat,2022,3,2022-03-01,Haathras APMC,2063.12
Uttar Pradesh,Wheat,2022,3,2022-03-01,Haldaur APMC,2015.0
Uttar Pradesh,Wheat,2022,3,2022-03-01,Hamirpur APMC,2021.43
Uttar Pradesh,Wheat,2022,3,2022-03-01,Hapur APMC,2111.9
Uttar Pradesh,Wheat,2022,3,2022-03-01,Hardoi APMC,2064.72
Uttar Pradesh,Wheat,2022,3,2022-03-01,Hargaon (Laharpur) APMC,1983.02
Uttar Pradesh,Wheat,2022,3,2022-03-01,Jafarganj APMC,1983.02
Uttar Pradesh,Wheat,2022,3,2022-03-01,Jagnair APMC,
Uttar Pradesh,Wheat,2022,3,2022-03-01,Jahanabad APMC,1988.49
Uttar Pradesh,Wheat,2022,3,2022-03-01,Jahangirabad APMC,2100.0
Uttar Pradesh,Wheat,2022,3,2022-03-01,Jalaun APMC,2044.15
Uttar Pradesh,Wheat,2022,3,2022-03-01,Jamanian APMC,
Uttar Pradesh,Wheat,2022,3,2022-03-01,Jangipura APMC,1982.06
Uttar Pradesh,Wheat,2022,3,2022-03-01,Jaunpur APMC,1974.38
Uttar Pradesh,Wheat,2022,3,2022-03-01,Jayas APMC,1976.77
Uttar Pradesh,Wheat,2022,3,2022-03-01,Jhansi APMC,1964.44
Uttar Pradesh,Wheat,2022,3,2022-03-01,Jhijhank APMC,2083.15
Uttar Pradesh,Wheat,2022,3,2022-03-01,Kadaura APMC,2010.77
Uttar Pradesh,Wheat,2022,3,2022-03-01,Kalpi APMC,1906.63
Uttar Pradesh,Wheat,2022,3,2022-03-01,Kamlaganj APMC,2000.0
Uttar Pradesh,Wheat,2022,3,2022-03-01,Kannauj APMC,1989.18
Uttar Pradesh,Wheat,2022,3,2022-03-01,Kanpur(Grain) APMC,1967.09
Uttar Pradesh,Wheat,2022,3,2022-03-01,Karvi APMC,2033.52
Uttar Pradesh,Wheat,2022,3,2022-03-01,Kasganj APMC,2008.21
Uttar Pradesh,Wheat,2022,3,2022-03-01,Kayamganj APMC,2037.61
Uttar Pradesh,Wheat,2022,3,2022-03-01,Khaga APMC,2099.81
Uttar Pradesh,Wheat,2022,3,2022-03-01,Khair APMC,2100.0
Uttar Pradesh,Wheat,2022,3,2022-03-01,Khairagarh APMC,2032.17
Uttar Pradesh,Wheat,2022,3,2022-03-01,Khalilabad APMC,
Uttar Pradesh,Wheat,2022,3,2022-03-01,Khurja APMC,2140.65
Uttar Pradesh,Wheat,2022,3,2022-03-01,Kishunpur APMC,1990.2
Uttar Pradesh,Wheat,2022,3,2022-03-01,Konch APMC,1958.59
Uttar Pradesh,Wheat,2022,3,2022-03-01,Kopaganj APMC,1963.64
Uttar Pradesh,Wheat,2022,3,2022-03-01,Kosikalan APMC,2097.45
Uttar Pradesh,Wheat,2022,3,2022-03-01,Kurara APMC,1888.52
Uttar Pradesh,Wheat,2022,3,2022-03-01,Lakhimpur APMC,1965.86
Uttar Pradesh,Wheat,2022,3,2022-03-01,Lalganj APMC,2006.75
Uttar Pradesh,Wheat,2022,3,2022-03-01,Lalitpur APMC,2000.12
Uttar Pradesh,Wheat,2022,3,2022-03-01,Lucknow APMC,2012.9
Uttar Pradesh,Wheat,2022,3,2022-03-01,Madhoganj APMC,2047.63
Uttar Pradesh,Wheat,2022,3,2022-03-01,Madhogarh APMC,2003.48
Uttar Pradesh,Wheat,2022,3,2022-03-01,Maharajganj APMC,
Uttar Pradesh,Wheat,2022,3,2022-03-01,Mahoba APMC,2011.16
Uttar Pradesh,Wheat,2022,3,2022-03-01,Maigalganj APMC,1894.76
Uttar Pradesh,Wheat,2022,3,2022-03-01,Mainpuri APMC,2088.4
Uttar Pradesh,Wheat,2022,3,2022-03-01,Mathura APMC,2046.73
Uttar Pradesh,Wheat,2022,3,2022-03-01,Maudaha APMC,2041.95
Uttar Pradesh,Wheat,2022,3,2022-03-01,Mauranipur APMC,1994.81
Uttar Pradesh,Wheat,2022,3,2022-03-01,Mawana APMC,2159.92
Uttar Pradesh,Wheat,2022,3,2022-03-01,Meerut APMC,2141.15
Uttar Pradesh,Wheat,2022,3,2022-03-01,Mehmoodabad APMC,
Uttar Pradesh,Wheat,2022,3,2022-03-01,Mehrauni APMC,1984.56
Uttar Pradesh,Wheat,2022,3,2022-03-01,Milak APMC,2009.6
Uttar Pradesh,Wheat,2022,3,2022-03-01,Mirzapur APMC,1990.8
Uttar Pradesh,Wheat,2022,3,2022-03-01,Mohamadabad APMC,1942.86
Uttar Pradesh,Wheat,2022,3,2022-03-01,Mohammdi APMC,1968.73
Uttar Pradesh,Wheat,2022,3,2022-03-01,Moth APMC,1980.0
Uttar Pradesh,Wheat,2022,3,2022-03-01,Mugrabaadshahpur APMC,
Uttar Pradesh,Wheat,2022,3,2022-03-01,Muradabad APMC,2037.51
Uttar Pradesh,Wheat,2022,3,2022-03-01,Muradnagar APMC,2110.7
Uttar Pradesh,Wheat,2022,3,2022-03-01,Muskara APMC,2004.65
Uttar Pradesh,Wheat,2022,3,2022-03-01,Muzzafarnagar APMC,2119.6
Uttar Pradesh,Wheat,2022,3,2022-03-01,Naanpara APMC,2000.55
Uttar Pradesh,Wheat,2022,3,2022-03-01,Najibabad APMC,2034.29
Uttar Pradesh,Wheat,2022,3,2022-03-01,Naugarh APMC,1957.31
Uttar Pradesh,Wheat,2022,3,2022-03-01,Nawabganj APMC,1997.92
Uttar Pradesh,Wheat,2022,3,2022-03-01,Orai APMC,2063.54
Uttar Pradesh,Wheat,2022,3,2022-03-01,Paliakala APMC,1945.91
Uttar Pradesh,Wheat,2022,3,2022-03-01,Panchpedwa APMC,1831.69
Uttar Pradesh,Wheat,2022,3,2022-03-01,Partaval APMC,1970.1
Uttar Pradesh,Wheat,2022,3,2022-03-01,Pilibhit APMC,2049.34
Uttar Pradesh,Wheat,2022,3,2022-03-01,Powayan APMC,2033.26
Uttar Pradesh,Wheat,2022,3,2022-03-01,Pratapgarh APMC,1996.15
Uttar Pradesh,Wheat,2022,3,2022-03-01,Pukharayan APMC,2127.77
Uttar Pradesh,Wheat,2022,3,2022-03-01,Puranpur APMC,2042.57
Uttar Pradesh,Wheat,2022,3,2022-03-01,Purwa APMC,2028.99
Uttar Pradesh,Wheat,2022,3,2022-03-01,Raath APMC,1997.39
Uttar Pradesh,Wheat,2022,3,2022-03-01,Raibareilly APMC,2032.44
Uttar Pradesh,Wheat,2022,3,2022-03-01,Rampur APMC,2010.02
Uttar Pradesh,Wheat,2022,3,2022-03-01,Rasda APMC,1968.17
Uttar Pradesh,Wheat,2022,3,2022-03-01,Robertsganj APMC,2106.69
Uttar Pradesh,Wheat,2022,3,2022-03-01,Rura APMC,1975.0
Uttar Pradesh,Wheat,2022,3,2022-03-01,Safdarganj APMC,
Uttar Pradesh,Wheat,2022,3,2022-03-01,Saharanpur APMC,2117.17
Uttar Pradesh,Wheat,2022,3,2022-03-01,Sahiyapur APMC,1981.88
Uttar Pradesh,Wheat,2022,3,2022-03-01,Salon APMC,1919.58
Uttar Pradesh,Wheat,2022,3,2022-03-01,Samsabad APMC,2050.0
Uttar Pradesh,Wheat,2022,3,2022-03-01,Sandi APMC,1950.0
Uttar Pradesh,Wheat,2022,3,2022-03-01,Sandila APMC,2069.45
Uttar Pradesh,Wheat,2022,3,2022-03-01,Sehjanwa APMC,1980.08
Uttar Pradesh,Wheat,2022,3,2022-03-01,Shahabad(New Mandi) APMC,2011.55
Uttar Pradesh,Wheat,2022,3,2022-03-01,Shahganj APMC,1975.27
Uttar Pradesh,Wheat,2022,3,2022-03-01,Shahjahanpur APMC,2074.18
Uttar Pradesh,Wheat,2022,3,2022-03-01,Shamli APMC,2129.06
Uttar Pradesh,Wheat,2022,3,2022-03-01,Shikohabad APMC,1968.11
Uttar Pradesh,Wheat,2022,3,2022-03-01,Sikandraraau APMC,2031.03
Uttar Pradesh,Wheat,2022,3,2022-03-01,Sirsa APMC,1946.71
Uttar Pradesh,Wheat,2022,3,2022-03-01,Sirsaganj APMC,2088.41
Uttar Pradesh,Wheat,2022,3,2022-03-01,Sitapur APMC,2012.39
Uttar Pradesh,Wheat,2022,3,2022-03-01,Sultanpur APMC,1981.18
Uttar Pradesh,Wheat,2022,3,2022-03-01,Tamkuhi road APMC,1985.0
Uttar Pradesh,Wheat,2022,3,2022-03-01,Tikonia APMC,1800.0
Uttar Pradesh,Wheat,2022,3,2022-03-01,Tilhar APMC,1978.96
Uttar Pradesh,Wheat,2022,3,2022-03-01,Tulsipur APMC,1997.91
Uttar Pradesh,Wheat,2022,3,2022-03-01,Tundla APMC,2200.33
Uttar Pradesh,Wheat,2022,3,2022-03-01,Ujhani APMC,2033.75
Uttar Pradesh,Wheat,2022,3,2022-03-01,Unnao APMC,2055.11
Uttar Pradesh,Wheat,2022,3,2022-03-01,Uttaripura APMC,1754.78
Uttar Pradesh,Wheat,2022,3,2022-03-01,Varanasi APMC,1989.13
Uttar Pradesh,Wheat,2022,3,2022-03-01,Wazirganj APMC,2057.21
Uttar Pradesh,Wheat,2022,3,2022-03-01,Yusufpur APMC,2000.0
Uttar Pradesh,Wheat,2022,3,2022-03-01,Note:,
Uttar Pradesh,Wheat,2022,3,2022-03-01,Weighted Average Price = ∑(arrival quantity * modal price) / ∑arrival quantity,
Uttar Pradesh,Wheat,2022,3,2022-03-01,Change (Over Previous Month) = [Price - Price(Over Previous Month)/Price(Over Previous Month)] * 100,
Uttar Pradesh,Wheat,2022,3,2022-03-01,Change (Over Previous Year) = [Price - Price(Over Previous Year)/Price(Over Previous Year)] * 100,
Uttar Pradesh,Wheat,2022,4,2022-04-01,Achalda APMC,2053.97
Uttar Pradesh,Wheat,2022,4,2022-04-01,Achnera APMC,2138.45
Uttar Pradesh,Wheat,2022,4,2022-04-01,Agra APMC,2106.52
Uttar Pradesh,Wheat,2022,4,2022-04-01,Ahirora APMC,2034.3
Uttar Pradesh,Wheat,2022,4,2022-04-01,Ait APMC,2044.34
Uttar Pradesh,Wheat,2022,4,2022-04-01,Ajuha APMC,2040.39
Uttar Pradesh,Wheat,2022,4,2022-04-01,Akbarpur APMC,2019.54
Uttar Pradesh,Wheat,2022,4,2022-04-01,Aliganj APMC,2024.92
Uttar Pradesh,Wheat,2022,4,2022-04-01,Aligarh APMC,2093.73
Uttar Pradesh,Wheat,2022,4,2022-04-01,Amroha APMC,2017.64
Uttar Pradesh,Wheat,2022,4,2022-04-01,Anandnagar APMC,2014.83
Uttar Pradesh,Wheat,2022,4,2022-04-01,Anoop Shahar APMC,2100.36
Uttar Pradesh,Wheat,2022,4,2022-04-01,Atarra APMC,2015.0
Uttar Pradesh,Wheat,2022,4,2022-04-01,Atrauli APMC,1999.73
Uttar Pradesh,Wheat,2022,4,2022-04-01,Auraiya APMC,2066.53
Uttar Pradesh,Wheat,2022,4,2022-04-01,Ayodhya APMC,2016.17
Uttar Pradesh,Wheat,2022,4,2022-04-01,Azamgarh APMC,2015.04
Uttar Pradesh,Wheat,2022,4,2022-04-01,Baberu APMC,2015.0
Uttar Pradesh,Wheat,2022,4,2022-04-01,Babrala APMC,2059.69
Uttar Pradesh,Wheat,2022,4,2022-04-01,Bachranwa APMC,2015.0
Uttar Pradesh,Wheat,2022,4,2022-04-01,Badayoun APMC,2050.65
Uttar Pradesh,Wheat,2022,4,2022-04-01,Badda APMC,2036.71
Uttar Pradesh,Wheat,2022,4,2022-04-01,Baheri APMC,
Uttar Pradesh,Wheat,2022,4,2022-04-01,Bahraich APMC,2040.36
Uttar Pradesh,Wheat,2022,4,2022-04-01,Ballia APMC,2018.28
Uttar Pradesh,Wheat,2022,4,2022-04-01,Balrampur APMC,2034.31
Uttar Pradesh,Wheat,2022,4,2022-04-01,Banda APMC,2015.0
Uttar Pradesh,Wheat,2022,4,2022-04-01,Bangarmau APMC,2029.19
Uttar Pradesh,Wheat,2022,4,2022-04-01,Bansi APMC,2015.0
Uttar Pradesh,Wheat,2022,4,2022-04-01,Barabanki APMC,2015.53
Uttar Pradesh,Wheat,2022,4,2022-04-01,Bareilly APMC,2015.0
Uttar Pradesh,Wheat,2022,4,2022-04-01,Barhaj APMC,2014.47
Uttar Pradesh,Wheat,2022,4,2022-04-01,Baripaal APMC,2023.1
Uttar Pradesh,Wheat,2022,4,2022-04-01,Basti APMC,2015.0
Uttar Pradesh,Wheat,2022,4,2022-04-01,Bewar APMC,2011.89
Uttar Pradesh,Wheat,2022,4,2022-04-01,Bharthna APMC,2083.79
Uttar Pradesh,Wheat,2022,4,2022-04-01,Bharuasumerpur APMC,2024.21
Uttar Pradesh,Wheat,2022,4,2022-04-01,Bharwari APMC,2034.31
Uttar Pradesh,Wheat,2022,4,2022-04-01,Bhehjoi APMC,2065.67
Uttar Pradesh,Wheat,2022,4,2022-04-01,Bijnaur APMC,2020.76
Uttar Pradesh,Wheat,2022,4,2022-04-01,Bilaspur APMC,2038.16
Uttar Pradesh,Wheat,2022,4,2022-04-01,Bilsi APMC,2098.6
Uttar Pradesh,Wheat,2022,4,2022-04-01,Bindki APMC,2070.04
Uttar Pradesh,Wheat,2022,4,2022-04-01,Bishalpur APMC,2015.22
Uttar Pradesh,Wheat,2022,4,2022-04-01,Bisoli APMC,2095.34
Uttar Pradesh,Wheat,2022,4,2022-04-01,Buland Shahr APMC,2089.39
Uttar Pradesh,Wheat,2022,4,2022-04-01,Chandausi APMC,2026.28
Uttar Pradesh,Wheat,2022,4,2022-04-01,Chandoli APMC,2015.0
Uttar Pradesh,Wheat,2022,4,2022-04-01,Charkhari APMC,2036.27
Uttar Pradesh,Wheat,2022,4,2022-04-01,Charra APMC,2083.21
Uttar Pradesh,Wheat,2022,4,2022-04-01,Chhibramau APMC,2023.88
Uttar Pradesh,Wheat,2022,4,2022-04-01,Chirgaon APMC,2036.77
Uttar Pradesh,Wheat,2022,4,2022-04-01,Chitwadagaon APMC,
Uttar Pradesh,Wheat,2022,4,2022-04-01,Chorichora APMC,2015.0
Uttar Pradesh,Wheat,2022,4,2022-04-01,Choubepur APMC,2025.89
Uttar Pradesh,Wheat,2022,4,2022-04-01,DADRI APMC,2113.09
Uttar Pradesh,Wheat,2022,4,2022-04-01,Dankaur APMC,2038.07
Uttar Pradesh,Wheat,2022,4,2022-04-01,Dataganj APMC,2039.28
Uttar Pradesh,Wheat,2022,4,2022-04-01,Devariya APMC,2015.24
Uttar Pradesh,Wheat,2022,4,2022-04-01,Dhanaura APMC,2020.0
Uttar Pradesh,Wheat,2022,4,2022-04-01,Dibiapur APMC,2005.66
Uttar Pradesh,Wheat,2022,4,2022-04-01,Divai APMC,2039.29
Uttar Pradesh,Wheat,2022,4,2022-04-01,Doharighat APMC,1995.49
Uttar Pradesh,Wheat,2022,4,2022-04-01,Etah APMC,2068.92
Uttar Pradesh,Wheat,2022,4,2022-04-01,Etawah APMC,2092.0
Uttar Pradesh,Wheat,2022,4,2022-04-01,Farukhabad APMC,2072.17
Uttar Pradesh,Wheat,2022,4,2022-04-01,Fatehabad APMC,2210.0
Uttar Pradesh,Wheat,2022,4,2022-04-01,Fatehpur APMC,2035.81
Uttar Pradesh,Wheat,2022,4,2022-04-01,Fatehpur Sikri APMC,2106.15
Uttar Pradesh,Wheat,2022,4,2022-04-01,Firozabad APMC,2130.13
Uttar Pradesh,Wheat,2022,4,2022-04-01,Gadaura APMC,
Uttar Pradesh,Wheat,2022,4,2022-04-01,Gangoh APMC,
Uttar Pradesh,Wheat,2022,4,2022-04-01,Gazipur APMC,2015.14
Uttar Pradesh,Wheat,2022,4,2022-04-01,Ghaziabad APMC,2110.29
Uttar Pradesh,Wheat,2022,4,2022-04-01,Ghiraur APMC,2080.99
Uttar Pradesh,Wheat,2022,4,2022-04-01,Golagokarnath APMC,2034.39
Uttar Pradesh,Wheat,2022,4,2022-04-01,Gonda APMC,2025.93
Uttar Pradesh,Wheat,2022,4,2022-04-01,Gopiganj APMC,2019.09
Uttar Pradesh,Wheat,2022,4,2022-04-01,Gorakhpur APMC,2015.0
Uttar Pradesh,Wheat,2022,4,2022-04-01,Gurusarai APMC,2033.94
Uttar Pradesh,Wheat,2022,4,2022-04-01,Haathras APMC,2116.58
Uttar Pradesh,Wheat,2022,4,2022-04-01,Haldaur APMC,
Uttar Pradesh,Wheat,2022,4,2022-04-01,Hamirpur APMC,2024.74
Uttar Pradesh,Wheat,2022,4,2022-04-01,Hapur APMC,2109.13
Uttar Pradesh,Wheat,2022,4,2022-04-01,Hardoi APMC,2040.24
Uttar Pradesh,Wheat,2022,4,2022-04-01,Hargaon (Laharpur) APMC,2017.92
Uttar Pradesh,Wheat,2022,4,2022-04-01,Hasanpur APMC,
Uttar Pradesh,Wheat,2022,4,2022-04-01,Jafarganj APMC,2029.91
Uttar Pradesh,Wheat,2022,4,2022-04-01,Jagnair APMC,2056.93
Uttar Pradesh,Wheat,2022,4,2022-04-01,Jahanabad APMC,2015.54
Uttar Pradesh,Wheat,2022,4,2022-04-01,Jahangirabad APMC,2109.99
Uttar Pradesh,Wheat,2022,4,2022-04-01,Jalaun APMC,2027.59
Uttar Pradesh,Wheat,2022,4,2022-04-01,Jamanian APMC,2010.23
Uttar Pradesh,Wheat,2022,4,2022-04-01,Jangipura APMC,2015.0
Uttar Pradesh,Wheat,2022,4,2022-04-01,Jasra APMC,2015.0
Uttar Pradesh,Wheat,2022,4,2022-04-01,Jasvantnagar APMC,2098.72
Uttar Pradesh,Wheat,2022,4,2022-04-01,Jaunpur APMC,2021.47
Uttar Pradesh,Wheat,2022,4,2022-04-01,Jayas APMC,2007.66
Uttar Pradesh,Wheat,2022,4,2022-04-01,Jhansi APMC,2040.14
Uttar Pradesh,Wheat,2022,4,2022-04-01,Jhijhank APMC,2019.1
Uttar Pradesh,Wheat,2022,4,2022-04-01,Kadaura APMC,2025.0
Uttar Pradesh,Wheat,2022,4,2022-04-01,Kalpi APMC,
Uttar Pradesh,Wheat,2022,4,2022-04-01,Kamlaganj APMC,2028.47
Uttar Pradesh,Wheat,2022,4,2022-04-01,Kannauj APMC,2020.37
Uttar Pradesh,Wheat,2022,4,2022-04-01,Kanpur(Grain) APMC,2028.42
Uttar Pradesh,Wheat,2022,4,2022-04-01,Karvi APMC,2015.1
Uttar Pradesh,Wheat,2022,4,2022-04-01,Kasganj APMC,2045.92
Uttar Pradesh,Wheat,2022,4,2022-04-01,Kayamganj APMC,2041.66
Uttar Pradesh,Wheat,2022,4,2022-04-01,Khaga APMC,2030.85
Uttar Pradesh,Wheat,2022,4,2022-04-01,Khair APMC,2036.06
Uttar Pradesh,Wheat,2022,4,2022-04-01,Khairagarh APMC,2077.68
Uttar Pradesh,Wheat,2022,4,2022-04-01,Khalilabad APMC,
Uttar Pradesh,Wheat,2022,4,2022-04-01,Khurja APMC,2079.02
Uttar Pradesh,Wheat,2022,4,2022-04-01,Kishunpur APMC,2032.01
Uttar Pradesh,Wheat,2022,4,2022-04-01,Konch APMC,2015.0
Uttar Pradesh,Wheat,2022,4,2022-04-01,Kopaganj APMC,2015.0
Uttar Pradesh,Wheat,2022,4,2022-04-01,Kosikalan APMC,2065.35
Uttar Pradesh,Wheat,2022,4,2022-04-01,Kurara APMC,1896.18
Uttar Pradesh,Wheat,2022,4,2022-04-01,Lakhimpur APMC,2020.43
Uttar Pradesh,Wheat,2022,4,2022-04-01,Lalganj APMC,2015.0
Uttar Pradesh,Wheat,2022,4,2022-04-01,Lalitpur APMC,2025.52
Uttar Pradesh,Wheat,2022,4,2022-04-01,Lucknow APMC,2031.11
Uttar Pradesh,Wheat,2022,4,2022-04-01,Madhoganj APMC,2020.85
Uttar Pradesh,Wheat,2022,4,2022-04-01,Madhogarh APMC,2023.11
Uttar Pradesh,Wheat,2022,4,2022-04-01,Maharajganj APMC,
Uttar Pradesh,Wheat,2022,4,2022-04-01,Mahoba APMC,2034.78
Uttar Pradesh,Wheat,2022,4,2022-04-01,Maigalganj APMC,2010.12
Uttar Pradesh,Wheat,2022,4,2022-04-01,Mainpuri APMC,2178.07
Uttar Pradesh,Wheat,2022,4,2022-04-01,Mathura APMC,2072.04
Uttar Pradesh,Wheat,2022,4,2022-04-01,Maudaha APMC,2015.0
Uttar Pradesh,Wheat,2022,4,2022-04-01,Mauranipur APMC,2023.02
Uttar Pradesh,Wheat,2022,4,2022-04-01,Mawana APMC,2086.95
Uttar Pradesh,Wheat,2022,4,2022-04-01,Meerut APMC,2121.95
Uttar Pradesh,Wheat,2022,4,2022-04-01,Mehmoodabad APMC,
Uttar Pradesh,Wheat,2022,4,2022-04-01,Mehrauni APMC,2037.1
Uttar Pradesh,Wheat,2022,4,2022-04-01,Milak APMC,2015.26
Uttar Pradesh,Wheat,2022,4,2022-04-01,Mirzapur APMC,2024.09
Uttar Pradesh,Wheat,2022,4,2022-04-01,Mohamadabad APMC,2029.35
Uttar Pradesh,Wheat,2022,4,2022-04-01,Mohammdi APMC,2015.76
Uttar Pradesh,Wheat,2022,4,2022-04-01,Moth APMC,2015.0
Uttar Pradesh,Wheat,2022,4,2022-04-01,Mugrabaadshahpur APMC,
Uttar Pradesh,Wheat,2022,4,2022-04-01,Muradabad APMC,2031.89
Uttar Pradesh,Wheat,2022,4,2022-04-01,Muradnagar APMC,2095.73
Uttar Pradesh,Wheat,2022,4,2022-04-01,Muskara APMC,2017.92
Uttar Pradesh,Wheat,2022,4,2022-04-01,Muzzafarnagar APMC,2074.21
Uttar Pradesh,Wheat,2022,4,2022-04-01,Naanpara APMC,2040.35
Uttar Pradesh,Wheat,2022,4,2022-04-01,Najibabad APMC,2019.57
Uttar Pradesh,Wheat,2022,4,2022-04-01,Naugarh APMC,2015.27
Uttar Pradesh,Wheat,2022,4,2022-04-01,Nautnava APMC,1996.46
Uttar Pradesh,Wheat,2022,4,2022-04-01,Nawabganj APMC,2022.46
Uttar Pradesh,Wheat,2022,4,2022-04-01,Orai APMC,2040.42
Uttar Pradesh,Wheat,2022,4,2022-04-01,Paliakala APMC,2013.36
Uttar Pradesh,Wheat,2022,4,2022-04-01,Panchpedwa APMC,1921.82
Uttar Pradesh,Wheat,2022,4,2022-04-01,Partaval APMC,2015.0
Uttar Pradesh,Wheat,2022,4,2022-04-01,Pilibhit APMC,2034.28
Uttar Pradesh,Wheat,2022,4,2022-04-01,Powayan APMC,2027.26
Uttar Pradesh,Wheat,2022,4,2022-04-01,Pratapgarh APMC,2027.16
Uttar Pradesh,Wheat,2022,4,2022-04-01,Pukharayan APMC,2015.95
Uttar Pradesh,Wheat,2022,4,2022-04-01,Puranpur APMC,2056.49
Uttar Pradesh,Wheat,2022,4,2022-04-01,Purwa APMC,2015.11
Uttar Pradesh,Wheat,2022,4,2022-04-01,Raath APMC,2020.29
Uttar Pradesh,Wheat,2022,4,2022-04-01,Raibareilly APMC,2015.0
Uttar Pradesh,Wheat,2022,4,2022-04-01,Rampur APMC,2029.35
Uttar Pradesh,Wheat,2022,4,2022-04-01,Rasda APMC,2012.83
Uttar Pradesh,Wheat,2022,4,2022-04-01,Richha APMC,2020.99
Uttar Pradesh,Wheat,2022,4,2022-04-01,Robertsganj APMC,2121.97
Uttar Pradesh,Wheat,2022,4,2022-04-01,Rudauli APMC,2015.0
Uttar Pradesh,Wheat,2022,4,2022-04-01,Rura APMC,2015.98
Uttar Pradesh,Wheat,2022,4,2022-04-01,Safdarganj APMC,2015.0
Uttar Pradesh,Wheat,2022,4,2022-04-01,Saharanpur APMC,2071.96
Uttar Pradesh,Wheat,2022,4,2022-04-01,Sahiyapur APMC,2015.0
Uttar Pradesh,Wheat,2022,4,2022-04-01,Salon APMC,2015.0
Uttar Pradesh,Wheat,2022,4,2022-04-01,Samsabad APMC,2150.0
Uttar Pradesh,Wheat,2022,4,2022-04-01,Sandi APMC,1967.22
Uttar Pradesh,Wheat,2022,4,2022-04-01,Sandila APMC,2022.18
Uttar Pradesh,Wheat,2022,4,2022-04-01,Sehjanwa APMC,2016.01
Uttar Pradesh,Wheat,2022,4,2022-04-01,Shadabad APMC,
Uttar Pradesh,Wheat,2022,4,2022-04-01,Shahabad APMC,2034.58
Uttar Pradesh,Wheat,2022,4,2022-04-01,Shahabad(New Mandi) APMC,2026.52
Uttar Pradesh,Wheat,2022,4,2022-04-01,Shahganj APMC,2015.13
Uttar Pradesh,Wheat,2022,4,2022-04-01,Shahjahanpur APMC,2030.01
Uttar Pradesh,Wheat,2022,4,2022-04-01,Shahpur APMC,2028.51
Uttar Pradesh,Wheat,2022,4,2022-04-01,Shamli APMC,2077.03
Uttar Pradesh,Wheat,2022,4,2022-04-01,Shikohabad APMC,2081.87
Uttar Pradesh,Wheat,2022,4,2022-04-01,Sikandraraau APMC,2018.84
Uttar Pradesh,Wheat,2022,4,2022-04-01,Sirsa APMC,2029.36
Uttar Pradesh,Wheat,2022,4,2022-04-01,Sirsaganj APMC,2108.28
Uttar Pradesh,Wheat,2022,4,2022-04-01,Sitapur APMC,2030.1
Uttar Pradesh,Wheat,2022,4,2022-04-01,Siyana APMC,2040.57
Uttar Pradesh,Wheat,2022,4,2022-04-01,Sultanpur APMC,2031.82
Uttar Pradesh,Wheat,2022,4,2022-04-01,Tamkuhi road APMC,2015.0
Uttar Pradesh,Wheat,2022,4,2022-04-01,Thanabhawan APMC,2053.07
Uttar Pradesh,Wheat,2022,4,2022-04-01,Tikonia APMC,2013.41
Uttar Pradesh,Wheat,2022,4,2022-04-01,Tilhar APMC,1991.92
Uttar Pradesh,Wheat,2022,4,2022-04-01,Tulsipur APMC,2015.04
Uttar Pradesh,Wheat,2022,4,2022-04-01,Tundla APMC,2139.27
Uttar Pradesh,Wheat,2022,4,2022-04-01,Ujhani APMC,2022.28
Uttar Pradesh,Wheat,2022,4,2022-04-01,Unnao APMC,2024.9
Uttar Pradesh,Wheat,2022,4,2022-04-01,Uttaripura APMC,1943.71
Uttar Pradesh,Wheat,2022,4,2022-04-01,Varanasi APMC,2028.89
Uttar Pradesh,Wheat,2022,4,2022-04-01,Viswan APMC,2015.55
Uttar Pradesh,Wheat,2022,4,2022-04-01,Wazirganj APMC,2035.34
Uttar Pradesh,Wheat,2022,4,2022-04-01,Yusufpur APMC,
Uttar Pradesh,Wheat,2022,4,2022-04-01,Note:,
Uttar Pradesh,Wheat,2022,4,2022-04-01,Weighted Average Price = ∑(arrival quantity * modal price) / ∑arrival quantity,
Uttar Pradesh,Wheat,2022,4,2022-04-01,Change (Over Previous Month) = [Price - Price(Over Previous Month)/Price(Over Previous Month)] * 100,
Uttar Pradesh,Wheat,2022,4,2022-04-01,Change (Over Previous Year) = [Price - Price(Over Previous Year)/Price(Over Previous Year)] * 100,
Uttar Pradesh,Wheat,2022,5,2022-05-01,Achalda APMC,2054.73
Uttar Pradesh,Wheat,2022,5,2022-05-01,Achnera APMC,2171.08
Uttar Pradesh,Wheat,2022,5,2022-05-01,Agra APMC,2159.68
Uttar Pradesh,Wheat,2022,5,2022-05-01,Ahirora APMC,2024.98
Uttar Pradesh,Wheat,2022,5,2022-05-01,Ait APMC,2069.18
Uttar Pradesh,Wheat,2022,5,2022-05-01,Ajuha APMC,2040.06
Uttar Pradesh,Wheat,2022,5,2022-05-01,Akbarpur APMC,2015.0
Uttar Pradesh,Wheat,2022,5,2022-05-01,Aliganj APMC,2023.36
Uttar Pradesh,Wheat,2022,5,2022-05-01,Aligarh APMC,2100.49
Uttar Pradesh,Wheat,2022,5,2022-05-01,Amroha APMC,2061.95
Uttar Pradesh,Wheat,2022,5,2022-05-01,Anandnagar APMC,2015.0
Uttar Pradesh,Wheat,2022,5,2022-05-01,Anoop Shahar APMC,2092.0
Uttar Pradesh,Wheat,2022,5,2022-05-01,Atarra APMC,2015.0
Uttar Pradesh,Wheat,2022,5,2022-05-01,Atrauli APMC,2034.93
Uttar Pradesh,Wheat,2022,5,2022-05-01,Auraiya APMC,2072.93
Uttar Pradesh,Wheat,2022,5,2022-05-01,Ayodhya APMC,2015.0
Uttar Pradesh,Wheat,2022,5,2022-05-01,Azamgarh APMC,2015.0
Uttar Pradesh,Wheat,2022,5,2022-05-01,Baberu APMC,2018.3
Uttar Pradesh,Wheat,2022,5,2022-05-01,Babrala APMC,2050.11
Uttar Pradesh,Wheat,2022,5,2022-05-01,Bachranwa APMC,2017.54
Uttar Pradesh,Wheat,2022,5,2022-05-01,Badayoun APMC,2081.44
Uttar Pradesh,Wheat,2022,5,2022-05-01,Badda APMC,2020.0
Uttar Pradesh,Wheat,2022,5,2022-05-01,Baheri APMC,
Uttar Pradesh,Wheat,2022,5,2022-05-01,Bahraich APMC,2031.63
Uttar Pradesh,Wheat,2022,5,2022-05-01,Ballia APMC,2019.34
Uttar Pradesh,Wheat,2022,5,2022-05-01,Balrampur APMC,2031.21
Uttar Pradesh,Wheat,2022,5,2022-05-01,Banda APMC,2020.48
Uttar Pradesh,Wheat,2022,5,2022-05-01,Bangarmau APMC,2030.83
Uttar Pradesh,Wheat,2022,5,2022-05-01,Bansi APMC,2015.0
Uttar Pradesh,Wheat,2022,5,2022-05-01,Banthara APMC,2015.0
Uttar Pradesh,Wheat,2022,5,2022-05-01,Barabanki APMC,2041.11
Uttar Pradesh,Wheat,2022,5,2022-05-01,Bareilly APMC,2043.88
Uttar Pradesh,Wheat,2022,5,2022-05-01,Barhaj APMC,2015.0
Uttar Pradesh,Wheat,2022,5,2022-05-01,Baripaal APMC,2021.98
Uttar Pradesh,Wheat,2022,5,2022-05-01,Basti APMC,2015.0
Uttar Pradesh,Wheat,2022,5,2022-05-01,Bewar APMC,2042.01
Uttar Pradesh,Wheat,2022,5,2022-05-01,Bharthna APMC,2045.4
Uttar Pradesh,Wheat,2022,5,2022-05-01,Bharuasumerpur APMC,2047.27
Uttar Pradesh,Wheat,2022,5,2022-05-01,Bharwari APMC,2035.77
Uttar Pradesh,Wheat,2022,5,2022-05-01,Bhehjoi APMC,2073.41
Uttar Pradesh,Wheat,2022,5,2022-05-01,Bijnaur APMC,2042.44
Uttar Pradesh,Wheat,2022,5,2022-05-01,Bilaspur APMC,2042.05
Uttar Pradesh,Wheat,2022,5,2022-05-01,Bilsi APMC,2088.47
Uttar Pradesh,Wheat,2022,5,2022-05-01,Bindki APMC,2071.34
Uttar Pradesh,Wheat,2022,5,2022-05-01,Bishalpur APMC,2060.9
Uttar Pradesh,Wheat,2022,5,2022-05-01,Bisoli APMC,2092.68
Uttar Pradesh,Wheat,2022,5,2022-05-01,Buland Shahr APMC,2096.43
Uttar Pradesh,Wheat,2022,5,2022-05-01,CHHUTMALPUR APMC,2016.0
Uttar Pradesh,Wheat,2022,5,2022-05-01,Chandausi APMC,2055.67
Uttar Pradesh,Wheat,2022,5,2022-05-01,Chandoli APMC,2015.0
Uttar Pradesh,Wheat,2022,5,2022-05-01,Charkhari APMC,2041.09
Uttar Pradesh,Wheat,2022,5,2022-05-01,Charra APMC,2102.83
Uttar Pradesh,Wheat,2022,5,2022-05-01,Chhibramau APMC,2024.23
Uttar Pradesh,Wheat,2022,5,2022-05-01,Chirgaon APMC,2042.16
Uttar Pradesh,Wheat,2022,5,2022-05-01,Chitwadagaon APMC,
Uttar Pradesh,Wheat,2022,5,2022-05-01,Chorichora APMC,2015.0
Uttar Pradesh,Wheat,2022,5,2022-05-01,Choubepur APMC,2034.46
Uttar Pradesh,Wheat,2022,5,2022-05-01,Colonelganj APMC,2020.0
Uttar Pradesh,Wheat,2022,5,2022-05-01,DADRI APMC,2127.3
Uttar Pradesh,Wheat,2022,5,2022-05-01,Dankaur APMC,2088.48
Uttar Pradesh,Wheat,2022,5,2022-05-01,Dataganj APMC,2042.07
Uttar Pradesh,Wheat,2022,5,2022-05-01,Devariya APMC,2015.0
Uttar Pradesh,Wheat,2022,5,2022-05-01,Dhanaura APMC,2020.0
Uttar Pradesh,Wheat,2022,5,2022-05-01,Dibiapur APMC,2058.5
Uttar Pradesh,Wheat,2022,5,2022-05-01,Divai APMC,2044.17
Uttar Pradesh,Wheat,2022,5,2022-05-01,Doharighat APMC,1950.58
Uttar Pradesh,Wheat,2022,5,2022-05-01,Etah APMC,2170.26
Uttar Pradesh,Wheat,2022,5,2022-05-01,Etawah APMC,2077.37
Uttar Pradesh,Wheat,2022,5,2022-05-01,Farukhabad APMC,2055.25
Uttar Pradesh,Wheat,2022,5,2022-05-01,Fatehabad APMC,2056.71
Uttar Pradesh,Wheat,2022,5,2022-05-01,Fatehpur APMC,2030.52
Uttar Pradesh,Wheat,2022,5,2022-05-01,Fatehpur Sikri APMC,2162.46
Uttar Pradesh,Wheat,2022,5,2022-05-01,Firozabad APMC,2163.26
Uttar Pradesh,Wheat,2022,5,2022-05-01,Gadaura APMC,2015.0
Uttar Pradesh,Wheat,2022,5,2022-05-01,Gangoh APMC,
Uttar Pradesh,Wheat,2022,5,2022-05-01,Gazipur APMC,2015.57
Uttar Pradesh,Wheat,2022,5,2022-05-01,Ghaziabad APMC,2144.43
Uttar Pradesh,Wheat,2022,5,2022-05-01,Ghiraur APMC,2055.18
Uttar Pradesh,Wheat,2022,5,2022-05-01,Golagokarnath APMC,2040.96
Uttar Pradesh,Wheat,2022,5,2022-05-01,Gonda APMC,2029.21
Uttar Pradesh,Wheat,2022,5,2022-05-01,Gopiganj APMC,2020.0
Uttar Pradesh,Wheat,2022,5,2022-05-01,Gorakhpur APMC,2015.0
Uttar Pradesh,Wheat,2022,5,2022-05-01,Gurusarai APMC,2018.89
Uttar Pradesh,Wheat,2022,5,2022-05-01,Haathras APMC,2111.97
Uttar Pradesh,Wheat,2022,5,2022-05-01,Haldaur APMC,
Uttar Pradesh,Wheat,2022,5,2022-05-01,Hamirpur APMC,2050.0
Uttar Pradesh,Wheat,2022,5,2022-05-01,Hapur APMC,2117.65
Uttar Pradesh,Wheat,2022,5,2022-05-01,Hardoi APMC,2041.65
Uttar Pradesh,Wheat,2022,5,2022-05-01,Hargaon (Laharpur) APMC,2022.13
Uttar Pradesh,Wheat,2022,5,2022-05-01,Hasanpur APMC,
Uttar Pradesh,Wheat,2022,5,2022-05-01,Jafarganj APMC,2030.27
Uttar Pradesh,Wheat,2022,5,2022-05-01,Jagnair APMC,2087.33
Uttar Pradesh,Wheat,2022,5,2022-05-01,Jahanabad APMC,2023.52
Uttar Pradesh,Wheat,2022,5,2022-05-01,Jahangirabad APMC,2116.88
Uttar Pradesh,Wheat,2022,5,2022-05-01,Jalaun APMC,2039.51
Uttar Pradesh,Wheat,2022,5,2022-05-01,Jamanian APMC,2015.0
Uttar Pradesh,Wheat,2022,5,2022-05-01,Jangipura APMC,2015.41
Uttar Pradesh,Wheat,2022,5,2022-05-01,Jasra APMC,2032.04
Uttar Pradesh,Wheat,2022,5,2022-05-01,Jasvantnagar APMC,2159.76
Uttar Pradesh,Wheat,2022,5,2022-05-01,Jaunpur APMC,2025.57
Uttar Pradesh,Wheat,2022,5,2022-05-01,Jayas APMC,2015.36
Uttar Pradesh,Wheat,2022,5,2022-05-01,Jhansi APMC,2047.11
Uttar Pradesh,Wheat,2022,5,2022-05-01,Jhijhank APMC,2028.89
Uttar Pradesh,Wheat,2022,5,2022-05-01,Kadaura APMC,
Uttar Pradesh,Wheat,2022,5,2022-05-01,Kalpi APMC,2050.0
Uttar Pradesh,Wheat,2022,5,2022-05-01,Kamlaganj APMC,2036.5
Uttar Pradesh,Wheat,2022,5,2022-05-01,Kannauj APMC,2054.26
Uttar Pradesh,Wheat,2022,5,2022-05-01,Kanpur(Grain) APMC,2045.93
Uttar Pradesh,Wheat,2022,5,2022-05-01,Karvi APMC,2015.0
Uttar Pradesh,Wheat,2022,5,2022-05-01,Kasganj APMC,2159.27
Uttar Pradesh,Wheat,2022,5,2022-05-01,Kayamganj APMC,2055.46
Uttar Pradesh,Wheat,2022,5,2022-05-01,Khaga APMC,2036.92
Uttar Pradesh,Wheat,2022,5,2022-05-01,Khair APMC,2090.2
Uttar Pradesh,Wheat,2022,5,2022-05-01,Khairagarh APMC,2145.7
Uttar Pradesh,Wheat,2022,5,2022-05-01,Khalilabad APMC,2015.0
Uttar Pradesh,Wheat,2022,5,2022-05-01,Khatauli APMC,2030.0
Uttar Pradesh,Wheat,2022,5,2022-05-01,Khurja APMC,2120.31
Uttar Pradesh,Wheat,2022,5,2022-05-01,Kishunpur APMC,2028.77
Uttar Pradesh,Wheat,2022,5,2022-05-01,Konch APMC,2018.51
Uttar Pradesh,Wheat,2022,5,2022-05-01,Kopaganj APMC,2015.0
Uttar Pradesh,Wheat,2022,5,2022-05-01,Kosikalan APMC,2166.59
Uttar Pradesh,Wheat,2022,5,2022-05-01,Kurara APMC,2000.0
Uttar Pradesh,Wheat,2022,5,2022-05-01,Lakhimpur APMC,2033.96
Uttar Pradesh,Wheat,2022,5,2022-05-01,Lalganj APMC,2015.0
Uttar Pradesh,Wheat,2022,5,2022-05-01,Lalitpur APMC,2031.9
Uttar Pradesh,Wheat,2022,5,2022-05-01,Lucknow APMC,2030.0
Uttar Pradesh,Wheat,2022,5,2022-05-01,Madhoganj APMC,2030.11
Uttar Pradesh,Wheat,2022,5,2022-05-01,Madhogarh APMC,2026.12
Uttar Pradesh,Wheat,2022,5,2022-05-01,Maharajganj APMC,
Uttar Pradesh,Wheat,2022,5,2022-05-01,Mahoba APMC,2035.65
Uttar Pradesh,Wheat,2022,5,2022-05-01,Maigalganj APMC,1989.32
Uttar Pradesh,Wheat,2022,5,2022-05-01,Mainpuri APMC,2055.41
Uttar Pradesh,Wheat,2022,5,2022-05-01,Mathura APMC,2143.87
Uttar Pradesh,Wheat,2022,5,2022-05-01,Maudaha APMC,2015.0
Uttar Pradesh,Wheat,2022,5,2022-05-01,Mauranipur APMC,2016.22
Uttar Pradesh,Wheat,2022,5,2022-05-01,Mawana APMC,2102.31
Uttar Pradesh,Wheat,2022,5,2022-05-01,Meerut APMC,2151.17
Uttar Pradesh,Wheat,2022,5,2022-05-01,Mehmoodabad APMC,
Uttar Pradesh,Wheat,2022,5,2022-05-01,Mehrauni APMC,2030.0
Uttar Pradesh,Wheat,2022,5,2022-05-01,Milak APMC,2046.51
Uttar Pradesh,Wheat,2022,5,2022-05-01,Mirzapur APMC,2015.88
Uttar Pradesh,Wheat,2022,5,2022-05-01,Mohamadabad APMC,2048.13
Uttar Pradesh,Wheat,2022,5,2022-05-01,Mohammdi APMC,2026.82
Uttar Pradesh,Wheat,2022,5,2022-05-01,Moth APMC,2041.88
Uttar Pradesh,Wheat,2022,5,2022-05-01,Mugrabaadshahpur APMC,2053.87
Uttar Pradesh,Wheat,2022,5,2022-05-01,Muradabad APMC,2068.34
Uttar Pradesh,Wheat,2022,5,2022-05-01,Muradnagar APMC,2118.25
Uttar Pradesh,Wheat,2022,5,2022-05-01,Muskara APMC,2020.0
Uttar Pradesh,Wheat,2022,5,2022-05-01,Muzzafarnagar APMC,2112.59
Uttar Pradesh,Wheat,2022,5,2022-05-01,Naanpara APMC,2031.61
Uttar Pradesh,Wheat,2022,5,2022-05-01,Najibabad APMC,2075.82
Uttar Pradesh,Wheat,2022,5,2022-05-01,Naugarh APMC,2015.01
Uttar Pradesh,Wheat,2022,5,2022-05-01,Nautnava APMC,2000.0
Uttar Pradesh,Wheat,2022,5,2022-05-01,Nawabganj APMC,2019.4
Uttar Pradesh,Wheat,2022,5,2022-05-01,Orai APMC,2078.93
Uttar Pradesh,Wheat,2022,5,2022-05-01,Paliakala APMC,2018.22
Uttar Pradesh,Wheat,2022,5,2022-05-01,Panchpedwa APMC,1986.78
Uttar Pradesh,Wheat,2022,5,2022-05-01,Parikshitgarh APMC,800.0
Uttar Pradesh,Wheat,2022,5,2022-05-01,Partaval APMC,2015.0
Uttar Pradesh,Wheat,2022,5,2022-05-01,Pilibhit APMC,2083.64
Uttar Pradesh,Wheat,2022,5,2022-05-01,Powayan APMC,2074.75
Uttar Pradesh,Wheat,2022,5,2022-05-01,Pratapgarh APMC,2023.74
Uttar Pradesh,Wheat,2022,5,2022-05-01,Prayagraj APMC,
Uttar Pradesh,Wheat,2022,5,2022-05-01,Pukharayan APMC,2060.26
Uttar Pradesh,Wheat,2022,5,2022-05-01,Puranpur APMC,2101.71
Uttar Pradesh,Wheat,2022,5,2022-05-01,Purwa APMC,2015.0
Uttar Pradesh,Wheat,2022,5,2022-05-01,Raath APMC,2025.43
Uttar Pradesh,Wheat,2022,5,2022-05-01,Raibareilly APMC,2015.0
Uttar Pradesh,Wheat,2022,5,2022-05-01,Rampur APMC,2064.66
Uttar Pradesh,Wheat,2022,5,2022-05-01,Rasda APMC,2017.76
Uttar Pradesh,Wheat,2022,5,2022-05-01,Richha APMC,2020.87
Uttar Pradesh,Wheat,2022,5,2022-05-01,Robertsganj APMC,2143.43
Uttar Pradesh,Wheat,2022,5,2022-05-01,Rudauli APMC,2015.0
Uttar Pradesh,Wheat,2022,5,2022-05-01,Rura APMC,2021.91
Uttar Pradesh,Wheat,2022,5,2022-05-01,Safdarganj APMC,
Uttar Pradesh,Wheat,2022,5,2022-05-01,Saharanpur APMC,2114.04
Uttar Pradesh,Wheat,2022,5,2022-05-01,Sahiyapur APMC,2014.93
Uttar Pradesh,Wheat,2022,5,2022-05-01,Salon APMC,2015.0
Uttar Pradesh,Wheat,2022,5,2022-05-01,Samsabad APMC,2129.46
Uttar Pradesh,Wheat,2022,5,2022-05-01,Sandi APMC,1998.94
Uttar Pradesh,Wheat,2022,5,2022-05-01,Sandila APMC,2032.9
Uttar Pradesh,Wheat,2022,5,2022-05-01,Sardhana APMC,2025.0
Uttar Pradesh,Wheat,2022,5,2022-05-01,Sehjanwa APMC,2015.0
Uttar Pradesh,Wheat,2022,5,2022-05-01,Shadabad APMC,
Uttar Pradesh,Wheat,2022,5,2022-05-01,Shahabad APMC,2045.65
Uttar Pradesh,Wheat,2022,5,2022-05-01,Shahabad(New Mandi) APMC,2030.38
Uttar Pradesh,Wheat,2022,5,2022-05-01,Shahaswan APMC,2033.94
Uttar Pradesh,Wheat,2022,5,2022-05-01,Shahganj APMC,2017.6
Uttar Pradesh,Wheat,2022,5,2022-05-01,Shahjahanpur APMC,2083.67
Uttar Pradesh,Wheat,2022,5,2022-05-01,Shahpur APMC,
Uttar Pradesh,Wheat,2022,5,2022-05-01,Shamli APMC,2114.12
Uttar Pradesh,Wheat,2022,5,2022-05-01,Shikohabad APMC,2106.01
Uttar Pradesh,Wheat,2022,5,2022-05-01,Sikandraraau APMC,2029.66
Uttar Pradesh,Wheat,2022,5,2022-05-01,Sirsa APMC,2038.29
Uttar Pradesh,Wheat,2022,5,2022-05-01,Sirsaganj APMC,2138.13
Uttar Pradesh,Wheat,2022,5,2022-05-01,Sitapur APMC,2037.11
Uttar Pradesh,Wheat,2022,5,2022-05-01,Siyana APMC,2065.17
Uttar Pradesh,Wheat,2022,5,2022-05-01,Sultanpur APMC,2027.27
Uttar Pradesh,Wheat,2022,5,2022-05-01,Tamkuhi road APMC,2015.0
Uttar Pradesh,Wheat,2022,5,2022-05-01,Thanabhawan APMC,2053.14
Uttar Pradesh,Wheat,2022,5,2022-05-01,Tikonia APMC,2055.36
Uttar Pradesh,Wheat,2022,5,2022-05-01,Tilhar APMC,2037.77
Uttar Pradesh,Wheat,2022,5,2022-05-01,Tulsipur APMC,2020.68
Uttar Pradesh,Wheat,2022,5,2022-05-01,Tundla APMC,2162.72
Uttar Pradesh,Wheat,2022,5,2022-05-01,Ujhani APMC,2084.2
Uttar Pradesh,Wheat,2022,5,2022-05-01,Unnao APMC,2033.33
Uttar Pradesh,Wheat,2022,5,2022-05-01,Uttaripura APMC,1985.63
Uttar Pradesh,Wheat,2022,5,2022-05-01,Varanasi APMC,2041.11
Uttar Pradesh,Wheat,2022,5,2022-05-01,Viswan APMC,2015.0
Uttar Pradesh,Wheat,2022,5,2022-05-01,Wazirganj APMC,2048.88
Uttar Pradesh,Wheat,2022,5,2022-05-01,Yusufpur APMC,2013.84
Uttar Pradesh,Wheat,2022,5,2022-05-01,Note:,
Uttar Pradesh,Wheat,2022,5,2022-05-01,Weighted Average Price = ∑(arrival quantity * modal price) / ∑arrival quantity,
Uttar Pradesh,Wheat,2022,5,2022-05-01,Change (Over Previous Month) = [Price - Price(Over Previous Month)/Price(Over Previous Month)] * 100,
Uttar Pradesh,Wheat,2022,5,2022-05-01,Change (Over Previous Year) = [Price - Price(Over Previous Year)/Price(Over Previous Year)] * 100,
Uttar Pradesh,Wheat,2022,6,2022-06-01,Achalda APMC,2016.42
Uttar Pradesh,Wheat,2022,6,2022-06-01,Achnera APMC,2085.25
Uttar Pradesh,Wheat,2022,6,2022-06-01,Agra APMC,2085.51
Uttar Pradesh,Wheat,2022,6,2022-06-01,Ahirora APMC,2036.08
Uttar Pradesh,Wheat,2022,6,2022-06-01,Ait APMC,2028.03
Uttar Pradesh,Wheat,2022,6,2022-06-01,Ajuha APMC,2029.93
Uttar Pradesh,Wheat,2022,6,2022-06-01,Akbarpur APMC,2015.0
Uttar Pradesh,Wheat,2022,6,2022-06-01,Aliganj APMC,2020.39
Uttar Pradesh,Wheat,2022,6,2022-06-01,Aligarh APMC,2073.26
Uttar Pradesh,Wheat,2022,6,2022-06-01,Amroha APMC,2062.49
Uttar Pradesh,Wheat,2022,6,2022-06-01,Anandnagar APMC,2015.0
Uttar Pradesh,Wheat,2022,6,2022-06-01,Anoop Shahar APMC,2065.68
Uttar Pradesh,Wheat,2022,6,2022-06-01,Atarra APMC,2015.3
Uttar Pradesh,Wheat,2022,6,2022-06-01,Atrauli APMC,2020.33
Uttar Pradesh,Wheat,2022,6,2022-06-01,Auraiya APMC,2016.1
Uttar Pradesh,Wheat,2022,6,2022-06-01,Ayodhya APMC,2015.0
Uttar Pradesh,Wheat,2022,6,2022-06-01,Azamgarh APMC,2015.0
Uttar Pradesh,Wheat,2022,6,2022-06-01,Baberu APMC,2015.0
Uttar Pradesh,Wheat,2022,6,2022-06-01,Babrala APMC,2040.0
Uttar Pradesh,Wheat,2022,6,2022-06-01,Bachranwa APMC,2015.02
Uttar Pradesh,Wheat,2022,6,2022-06-01,Badayoun APMC,2064.65
Uttar Pradesh,Wheat,2022,6,2022-06-01,Badda APMC,2016.19
Uttar Pradesh,Wheat,2022,6,2022-06-01,Baheri APMC,
Uttar Pradesh,Wheat,2022,6,2022-06-01,Bahraich APMC,2024.78
Uttar Pradesh,Wheat,2022,6,2022-06-01,Ballia APMC,2027.64
Uttar Pradesh,Wheat,2022,6,2022-06-01,Balrampur APMC,2026.07
Uttar Pradesh,Wheat,2022,6,2022-06-01,Banda APMC,2015.52
Uttar Pradesh,Wheat,2022,6,2022-06-01,Bangarmau APMC,2022.44
Uttar Pradesh,Wheat,2022,6,2022-06-01,Bansi APMC,2015.0
Uttar Pradesh,Wheat,2022,6,2022-06-01,Banthara APMC,
Uttar Pradesh,Wheat,2022,6,2022-06-01,Barabanki APMC,2018.54
Uttar Pradesh,Wheat,2022,6,2022-06-01,Bareilly APMC,2066.42
Uttar Pradesh,Wheat,2022,6,2022-06-01,Barhaj APMC,2017.86
Uttar Pradesh,Wheat,2022,6,2022-06-01,Baripaal APMC,2018.28
Uttar Pradesh,Wheat,2022,6,2022-06-01,Basti APMC,2015.0
Uttar Pradesh,Wheat,2022,6,2022-06-01,Bewar APMC,2032.71
Uttar Pradesh,Wheat,2022,6,2022-06-01,Bharthna APMC,2018.67
Uttar Pradesh,Wheat,2022,6,2022-06-01,Bharuasumerpur APMC,2032.57
Uttar Pradesh,Wheat,2022,6,2022-06-01,Bharwari APMC,2048.63
Uttar Pradesh,Wheat,2022,6,2022-06-01,Bhehjoi APMC,2064.38
Uttar Pradesh,Wheat,2022,6,2022-06-01,Bijnaur APMC,2048.17
Uttar Pradesh,Wheat,2022,6,2022-06-01,Bilaspur APMC,
Uttar Pradesh,Wheat,2022,6,2022-06-01,Bilsi APMC,2073.32
Uttar Pradesh,Wheat,2022,6,2022-06-01,Bindki APMC,2039.98
Uttar Pradesh,Wheat,2022,6,2022-06-01,Bishalpur APMC,2056.1
Uttar Pradesh,Wheat,2022,6,2022-06-01,Bisoli APMC,2038.73
Uttar Pradesh,Wheat,2022,6,2022-06-01,Buland Shahr APMC,2079.67
Uttar Pradesh,Wheat,2022,6,2022-06-01,CHHUTMALPUR APMC,
Uttar Pradesh,Wheat,2022,6,2022-06-01,Chandausi APMC,2055.14
Uttar Pradesh,Wheat,2022,6,2022-06-01,Chandoli APMC,2019.36
Uttar Pradesh,Wheat,2022,6,2022-06-01,Charkhari APMC,2033.53
Uttar Pradesh,Wheat,2022,6,2022-06-01,Charra APMC,2076.87
Uttar Pradesh,Wheat,2022,6,2022-06-01,Chhibramau APMC,2020.93
Uttar Pradesh,Wheat,2022,6,2022-06-01,Chirgaon APMC,2022.34
Uttar Pradesh,Wheat,2022,6,2022-06-01,Chitwadagaon APMC,
Uttar Pradesh,Wheat,2022,6,2022-06-01,Chorichora APMC,2015.0
Uttar Pradesh,Wheat,2022,6,2022-06-01,Choubepur APMC,2025.19
Uttar Pradesh,Wheat,2022,6,2022-06-01,Colonelganj APMC,
Uttar Pradesh,Wheat,2022,6,2022-06-01,DADRI APMC,2105.89
Uttar Pradesh,Wheat,2022,6,2022-06-01,Dankaur APMC,2072.16
Uttar Pradesh,Wheat,2022,6,2022-06-01,Dataganj APMC,2034.41
Uttar Pradesh,Wheat,2022,6,2022-06-01,Devariya APMC,2019.02
Uttar Pradesh,Wheat,2022,6,2022-06-01,Dhanaura APMC,2020.0
Uttar Pradesh,Wheat,2022,6,2022-06-01,Dibiapur APMC,2035.09
Uttar Pradesh,Wheat,2022,6,2022-06-01,Divai APMC,2033.27
Uttar Pradesh,Wheat,2022,6,2022-06-01,Doharighat APMC,1983.95
Uttar Pradesh,Wheat,2022,6,2022-06-01,Etah APMC,2091.35
Uttar Pradesh,Wheat,2022,6,2022-06-01,Etawah APMC,2021.8
Uttar Pradesh,Wheat,2022,6,2022-06-01,Farukhabad APMC,2044.93
Uttar Pradesh,Wheat,2022,6,2022-06-01,Fatehabad APMC,2006.26
Uttar Pradesh,Wheat,2022,6,2022-06-01,Fatehpur APMC,2017.59
Uttar Pradesh,Wheat,2022,6,2022-06-01,Fatehpur Sikri APMC,2114.16
Uttar Pradesh,Wheat,2022,6,2022-06-01,Firozabad APMC,2095.29
Uttar Pradesh,Wheat,2022,6,2022-06-01,Gadaura APMC,2015.0
Uttar Pradesh,Wheat,2022,6,2022-06-01,Gangoh APMC,
Uttar Pradesh,Wheat,2022,6,2022-06-01,Gazipur APMC,2024.51
Uttar Pradesh,Wheat,2022,6,2022-06-01,Ghaziabad APMC,2147.34
Uttar Pradesh,Wheat,2022,6,2022-06-01,Ghiraur APMC,2056.92
Uttar Pradesh,Wheat,2022,6,2022-06-01,Golagokarnath APMC,2030.56
Uttar Pradesh,Wheat,2022,6,2022-06-01,Gonda APMC,2025.0
Uttar Pradesh,Wheat,2022,6,2022-06-01,Gopiganj APMC,2025.49
Uttar Pradesh,Wheat,2022,6,2022-06-01,Gorakhpur APMC,2015.0
Uttar Pradesh,Wheat,2022,6,2022-06-01,Gurusarai APMC,2038.57
Uttar Pradesh,Wheat,2022,6,2022-06-01,Haathras APMC,2083.32
Uttar Pradesh,Wheat,2022,6,2022-06-01,Haldaur APMC,2020.0
Uttar Pradesh,Wheat,2022,6,2022-06-01,Hamirpur APMC,2031.0
Uttar Pradesh,Wheat,2022,6,2022-06-01,Hapur APMC,2100.67
Uttar Pradesh,Wheat,2022,6,2022-06-01,Hardoi APMC,2033.87
Uttar Pradesh,Wheat,2022,6,2022-06-01,Hargaon (Laharpur) APMC,2020.29
Uttar Pradesh,Wheat,2022,6,2022-06-01,Hasanpur APMC,
Uttar Pradesh,Wheat,2022,6,2022-06-01,Jafarganj APMC,2015.72
Uttar Pradesh,Wheat,2022,6,2022-06-01,Jagnair APMC,2060.38
Uttar Pradesh,Wheat,2022,6,2022-06-01,Jahanabad APMC,2023.22
Uttar Pradesh,Wheat,2022,6,2022-06-01,Jahangirabad APMC,2068.08
Uttar Pradesh,Wheat,2022,6,2022-06-01,Jalaun APMC,2018.84
Uttar Pradesh,Wheat,2022,6,2022-06-01,Jamanian APMC,2034.94
Uttar Pradesh,Wheat,2022,6,2022-06-01,Jangipura APMC,2023.37
Uttar Pradesh,Wheat,2022,6,2022-06-01,Jasra APMC,2035.61
Uttar Pradesh,Wheat,2022,6,2022-06-01,Jasvantnagar APMC,
Uttar Pradesh,Wheat,2022,6,2022-06-01,Jaunpur APMC,2025.18
Uttar Pradesh,Wheat,2022,6,2022-06-01,Jayas APMC,2011.65
Uttar Pradesh,Wheat,2022,6,2022-06-01,Jhansi APMC,2042.22
Uttar Pradesh,Wheat,2022,6,2022-06-01,Jhijhank APMC,2047.68
Uttar Pradesh,Wheat,2022,6,2022-06-01,Kalpi APMC,
Uttar Pradesh,Wheat,2022,6,2022-06-01,Kamlaganj APMC,2030.0
Uttar Pradesh,Wheat,2022,6,2022-06-01,Kannauj APMC,2051.62
Uttar Pradesh,Wheat,2022,6,2022-06-01,Kanpur(Grain) APMC,2028.62
Uttar Pradesh,Wheat,2022,6,2022-06-01,Karvi APMC,2016.2
Uttar Pradesh,Wheat,2022,6,2022-06-01,Kasganj APMC,2086.99
Uttar Pradesh,Wheat,2022,6,2022-06-01,Kayamganj APMC,2039.63
Uttar Pradesh,Wheat,2022,6,2022-06-01,Khaga APMC,2015.72
Uttar Pradesh,Wheat,2022,6,2022-06-01,Khair APMC,2046.79
Uttar Pradesh,Wheat,2022,6,2022-06-01,Khairagarh APMC,2105.0
Uttar Pradesh,Wheat,2022,6,2022-06-01,Khalilabad APMC,
Uttar Pradesh,Wheat,2022,6,2022-06-01,Khatauli APMC,2025.0
Uttar Pradesh,Wheat,2022,6,2022-06-01,Khurja APMC,2119.93
Uttar Pradesh,Wheat,2022,6,2022-06-01,Kishunpur APMC,2015.0
Uttar Pradesh,Wheat,2022,6,2022-06-01,Konch APMC,2015.0
Uttar Pradesh,Wheat,2022,6,2022-06-01,Kopaganj APMC,2015.0
Uttar Pradesh,Wheat,2022,6,2022-06-01,Kosikalan APMC,2076.47
Uttar Pradesh,Wheat,2022,6,2022-06-01,Kurara APMC,2000.0
Uttar Pradesh,Wheat,2022,6,2022-06-01,Lakhimpur APMC,2024.67
Uttar Pradesh,Wheat,2022,6,2022-06-01,Lalganj APMC,2015.0
Uttar Pradesh,Wheat,2022,6,2022-06-01,Lalitpur APMC,2033.85
Uttar Pradesh,Wheat,2022,6,2022-06-01,Lucknow APMC,2030.0
Uttar Pradesh,Wheat,2022,6,2022-06-01,Madhoganj APMC,2022.43
Uttar Pradesh,Wheat,2022,6,2022-06-01,Madhogarh APMC,2019.15
Uttar Pradesh,Wheat,2022,6,2022-06-01,Mahoba APMC,2033.48
Uttar Pradesh,Wheat,2022,6,2022-06-01,Maigalganj APMC,1991.19
Uttar Pradesh,Wheat,2022,6,2022-06-01,Mainpuri APMC,2069.05
Uttar Pradesh,Wheat,2022,6,2022-06-01,Mathura APMC,2086.96
Uttar Pradesh,Wheat,2022,6,2022-06-01,Mau(Chitrakut) APMC,1982.5
Uttar Pradesh,Wheat,2022,6,2022-06-01,Maudaha APMC,2015.0
Uttar Pradesh,Wheat,2022,6,2022-06-01,Mauranipur APMC,2031.84
Uttar Pradesh,Wheat,2022,6,2022-06-01,Mawana APMC,2073.75
Uttar Pradesh,Wheat,2022,6,2022-06-01,Meerut APMC,2138.08
Uttar Pradesh,Wheat,2022,6,2022-06-01,Mehmoodabad APMC,
Uttar Pradesh,Wheat,2022,6,2022-06-01,Mehrauni APMC,2030.0
Uttar Pradesh,Wheat,2022,6,2022-06-01,Milak APMC,2068.92
Uttar Pradesh,Wheat,2022,6,2022-06-01,Mirzapur APMC,2016.72
Uttar Pradesh,Wheat,2022,6,2022-06-01,Mohamadabad APMC,2048.53
Uttar Pradesh,Wheat,2022,6,2022-06-01,Mohammdi APMC,2022.83
Uttar Pradesh,Wheat,2022,6,2022-06-01,Moth APMC,2034.01
Uttar Pradesh,Wheat,2022,6,2022-06-01,Mugrabaadshahpur APMC,
Uttar Pradesh,Wheat,2022,6,2022-06-01,Muradabad APMC,2070.28
Uttar Pradesh,Wheat,2022,6,2022-06-01,Muradnagar APMC,2116.96
Uttar Pradesh,Wheat,2022,6,2022-06-01,Muskara APMC,2015.0
Uttar Pradesh,Wheat,2022,6,2022-06-01,Muzzafarnagar APMC,2105.38
Uttar Pradesh,Wheat,2022,6,2022-06-01,Naanpara APMC,2023.84
Uttar Pradesh,Wheat,2022,6,2022-06-01,Najibabad APMC,2062.04
Uttar Pradesh,Wheat,2022,6,2022-06-01,Naugarh APMC,2015.0
Uttar Pradesh,Wheat,2022,6,2022-06-01,Nautnava APMC,2000.0
Uttar Pradesh,Wheat,2022,6,2022-06-01,Nawabganj APMC,2015.0
Uttar Pradesh,Wheat,2022,6,2022-06-01,Orai APMC,2022.64
Uttar Pradesh,Wheat,2022,6,2022-06-01,Paliakala APMC,2016.51
Uttar Pradesh,Wheat,2022,6,2022-06-01,Panchpedwa APMC,1945.42
Uttar Pradesh,Wheat,2022,6,2022-06-01,Parikshitgarh APMC,
Uttar Pradesh,Wheat,2022,6,2022-06-01,Partaval APMC,2015.0
Uttar Pradesh,Wheat,2022,6,2022-06-01,Pilibhit APMC,2082.71
Uttar Pradesh,Wheat,2022,6,2022-06-01,Powayan APMC,2061.23
Uttar Pradesh,Wheat,2022,6,2022-06-01,Pratapgarh APMC,2022.98
Uttar Pradesh,Wheat,2022,6,2022-06-01,Pukharayan APMC,2041.73
Uttar Pradesh,Wheat,2022,6,2022-06-01,Puranpur APMC,2096.55
Uttar Pradesh,Wheat,2022,6,2022-06-01,Purwa APMC,2015.0
Uttar Pradesh,Wheat,2022,6,2022-06-01,Raath APMC,2015.0
Uttar Pradesh,Wheat,2022,6,2022-06-01,Raibareilly APMC,2015.0
Uttar Pradesh,Wheat,2022,6,2022-06-01,Rampur APMC,2059.42
Uttar Pradesh,Wheat,2022,6,2022-06-01,Rasda APMC,2021.96
Uttar Pradesh,Wheat,2022,6,2022-06-01,Richha APMC,2025.01
Uttar Pradesh,Wheat,2022,6,2022-06-01,Robertsganj APMC,2182.48
Uttar Pradesh,Wheat,2022,6,2022-06-01,Rudauli APMC,2015.0
Uttar Pradesh,Wheat,2022,6,2022-06-01,Rura APMC,2021.26
Uttar Pradesh,Wheat,2022,6,2022-06-01,Safdarganj APMC,
Uttar Pradesh,Wheat,2022,6,2022-06-01,Saharanpur APMC,2117.7
Uttar Pradesh,Wheat,2022,6,2022-06-01,Sahiyapur APMC,2015.0
Uttar Pradesh,Wheat,2022,6,2022-06-01,Salon APMC,1982.27
Uttar Pradesh,Wheat,2022,6,2022-06-01,Samsabad APMC,2100.0
Uttar Pradesh,Wheat,2022,6,2022-06-01,Sandi APMC,2001.23
Uttar Pradesh,Wheat,2022,6,2022-06-01,Sandila APMC,2023.62
Uttar Pradesh,Wheat,2022,6,2022-06-01,Sardhana APMC,2025.0
Uttar Pradesh,Wheat,2022,6,2022-06-01,Sehjanwa APMC,2015.0
Uttar Pradesh,Wheat,2022,6,2022-06-01,Shadabad APMC,
Uttar Pradesh,Wheat,2022,6,2022-06-01,Shahabad APMC,2055.0
Uttar Pradesh,Wheat,2022,6,2022-06-01,Shahabad(New Mandi) APMC,2020.0
Uttar Pradesh,Wheat,2022,6,2022-06-01,Shahaswan APMC,
Uttar Pradesh,Wheat,2022,6,2022-06-01,Shahganj APMC,2038.68
Uttar Pradesh,Wheat,2022,6,2022-06-01,Shahjahanpur APMC,2045.87
Uttar Pradesh,Wheat,2022,6,2022-06-01,Shahpur APMC,2027.93
Uttar Pradesh,Wheat,2022,6,2022-06-01,Shamli APMC,2106.6
Uttar Pradesh,Wheat,2022,6,2022-06-01,Shikohabad APMC,2053.27
Uttar Pradesh,Wheat,2022,6,2022-06-01,Sikandraraau APMC,2015.0
Uttar Pradesh,Wheat,2022,6,2022-06-01,Sirsa APMC,2036.62
Uttar Pradesh,Wheat,2022,6,2022-06-01,Sirsaganj APMC,2076.25
Uttar Pradesh,Wheat,2022,6,2022-06-01,Sitapur APMC,2018.16
Uttar Pradesh,Wheat,2022,6,2022-06-01,Siyana APMC,2058.05
Uttar Pradesh,Wheat,2022,6,2022-06-01,Sultanpur APMC,2015.17
Uttar Pradesh,Wheat,2022,6,2022-06-01,Tamkuhi road APMC,2015.0
Uttar Pradesh,Wheat,2022,6,2022-06-01,Thanabhawan APMC,2051.86
Uttar Pradesh,Wheat,2022,6,2022-06-01,Tikonia APMC,2018.67
Uttar Pradesh,Wheat,2022,6,2022-06-01,Tilhar APMC,2033.39
Uttar Pradesh,Wheat,2022,6,2022-06-01,Tulsipur APMC,2017.46
Uttar Pradesh,Wheat,2022,6,2022-06-01,Tundla APMC,2085.5
Uttar Pradesh,Wheat,2022,6,2022-06-01,Ujhani APMC,2078.37
Uttar Pradesh,Wheat,2022,6,2022-06-01,Unnao APMC,2019.82
Uttar Pradesh,Wheat,2022,6,2022-06-01,Uttaripura APMC,2004.78
Uttar Pradesh,Wheat,2022,6,2022-06-01,Varanasi APMC,2060.98
Uttar Pradesh,Wheat,2022,6,2022-06-01,Viswan APMC,2015.0
Uttar Pradesh,Wheat,2022,6,2022-06-01,Wazirganj APMC,2047.08
Uttar Pradesh,Wheat,2022,6,2022-06-01,Yusufpur APMC,2015.0
Uttar Pradesh,Wheat,2022,6,2022-06-01,Note:,
Uttar Pradesh,Wheat,2022,6,2022-06-01,Weighted Average Price = ∑(arrival quantity * modal price) / ∑arrival quantity,
Uttar Pradesh,Wheat,2022,6,2022-06-01,Change (Over Previous Month) = [Price - Price(Over Previous Month)/Price(Over Previous Month)] * 100,
Uttar Pradesh,Wheat,2022,6,2022-06-01,Change (Over Previous Year) = [Price - Price(Over Previous Year)/Price(Over Previous Year)] * 100,
Uttar Pradesh,Wheat,2022,7,2022-07-01,Achalda APMC,2074.47
Uttar Pradesh,Wheat,2022,7,2022-07-01,Achnera APMC,
Uttar Pradesh,Wheat,2022,7,2022-07-01,Agra APMC,2110.42
Uttar Pradesh,Wheat,2022,7,2022-07-01,Ahirora APMC,2065.91
Uttar Pradesh,Wheat,2022,7,2022-07-01,Ait APMC,2144.16
Uttar Pradesh,Wheat,2022,7,2022-07-01,Ajuha APMC,2063.61
Uttar Pradesh,Wheat,2022,7,2022-07-01,Akbarpur APMC,2083.64
Uttar Pradesh,Wheat,2022,7,2022-07-01,Aliganj APMC,2023.99
Uttar Pradesh,Wheat,2022,7,2022-07-01,Aligarh APMC,2104.32
Uttar Pradesh,Wheat,2022,7,2022-07-01,Amroha APMC,2041.29
Uttar Pradesh,Wheat,2022,7,2022-07-01,Anandnagar APMC,2020.82
Uttar Pradesh,Wheat,2022,7,2022-07-01,Anoop Shahar APMC,2137.93
Uttar Pradesh,Wheat,2022,7,2022-07-01,Atarra APMC,2025.83
Uttar Pradesh,Wheat,2022,7,2022-07-01,Atrauli APMC,2015.54
Uttar Pradesh,Wheat,2022,7,2022-07-01,Auraiya APMC,2105.73
Uttar Pradesh,Wheat,2022,7,2022-07-01,Ayodhya APMC,2096.58
Uttar Pradesh,Wheat,2022,7,2022-07-01,Azamgarh APMC,2019.28
Uttar Pradesh,Wheat,2022,7,2022-07-01,Baberu APMC,2015.0
Uttar Pradesh,Wheat,2022,7,2022-07-01,Babrala APMC,2089.18
Uttar Pradesh,Wheat,2022,7,2022-07-01,Bachranwa APMC,2046.07
Uttar Pradesh,Wheat,2022,7,2022-07-01,Badayoun APMC,2047.41
Uttar Pradesh,Wheat,2022,7,2022-07-01,Badda APMC,2013.82
Uttar Pradesh,Wheat,2022,7,2022-07-01,Bahraich APMC,2067.72
Uttar Pradesh,Wheat,2022,7,2022-07-01,Ballia APMC,2064.94
Uttar Pradesh,Wheat,2022,7,2022-07-01,Balrampur APMC,2043.17
Uttar Pradesh,Wheat,2022,7,2022-07-01,Banda APMC,2034.48
Uttar Pradesh,Wheat,2022,7,2022-07-01,Bangarmau APMC,2091.21
Uttar Pradesh,Wheat,2022,7,2022-07-01,Bansi APMC,2045.0
Uttar Pradesh,Wheat,2022,7,2022-07-01,Barabanki APMC,2035.89
Uttar Pradesh,Wheat,2022,7,2022-07-01,Bareilly APMC,2062.17
Uttar Pradesh,Wheat,2022,7,2022-07-01,Barhaj APMC,2020.38
Uttar Pradesh,Wheat,2022,7,2022-07-01,Baripaal APMC,2076.91
Uttar Pradesh,Wheat,2022,7,2022-07-01,Basti APMC,2023.91
Uttar Pradesh,Wheat,2022,7,2022-07-01,Bewar APMC,2065.21
Uttar Pradesh,Wheat,2022,7,2022-07-01,Bharthna APMC,2055.17
Uttar Pradesh,Wheat,2022,7,2022-07-01,Bharuasumerpur APMC,2020.62
Uttar Pradesh,Wheat,2022,7,2022-07-01,Bharwari APMC,2047.15
Uttar Pradesh,Wheat,2022,7,2022-07-01,Bhehjoi APMC,
Uttar Pradesh,Wheat,2022,7,2022-07-01,Bijnaur APMC,2032.32
Uttar Pradesh,Wheat,2022,7,2022-07-01,Bilsi APMC,2055.68
Uttar Pradesh,Wheat,2022,7,2022-07-01,Bindki APMC,2066.77
Uttar Pradesh,Wheat,2022,7,2022-07-01,Bishalpur APMC,2051.06
Uttar Pradesh,Wheat,2022,7,2022-07-01,Bisoli APMC,
Uttar Pradesh,Wheat,2022,7,2022-07-01,Buland Shahr APMC,2130.55
Uttar Pradesh,Wheat,2022,7,2022-07-01,Chandausi APMC,2040.0
Uttar Pradesh,Wheat,2022,7,2022-07-01,Chandoli APMC,2058.29
Uttar Pradesh,Wheat,2022,7,2022-07-01,Charkhari APMC,2006.43
Uttar Pradesh,Wheat,2022,7,2022-07-01,Charra APMC,2118.16
Uttar Pradesh,Wheat,2022,7,2022-07-01,Chhibramau APMC,2117.25
Uttar Pradesh,Wheat,2022,7,2022-07-01,Chirgaon APMC,2036.79
Uttar Pradesh,Wheat,2022,7,2022-07-01,Chitwadagaon APMC,
Uttar Pradesh,Wheat,2022,7,2022-07-01,Chorichora APMC,2022.97
Uttar Pradesh,Wheat,2022,7,2022-07-01,Choubepur APMC,2060.09
Uttar Pradesh,Wheat,2022,7,2022-07-01,DADRI APMC,2156.63
Uttar Pradesh,Wheat,2022,7,2022-07-01,Dankaur APMC,2087.75
Uttar Pradesh,Wheat,2022,7,2022-07-01,Dataganj APMC,2023.2
Uttar Pradesh,Wheat,2022,7,2022-07-01,Devariya APMC,2020.55
Uttar Pradesh,Wheat,2022,7,2022-07-01,Dhanaura APMC,2020.0
Uttar Pradesh,Wheat,2022,7,2022-07-01,Dibiapur APMC,2040.73
Uttar Pradesh,Wheat,2022,7,2022-07-01,Divai APMC,2035.77
Uttar Pradesh,Wheat,2022,7,2022-07-01,Doharighat APMC,2025.0
Uttar Pradesh,Wheat,2022,7,2022-07-01,Etah APMC,2078.11
Uttar Pradesh,Wheat,2022,7,2022-07-01,Etawah APMC,2072.72
Uttar Pradesh,Wheat,2022,7,2022-07-01,Farukhabad APMC,2117.13
Uttar Pradesh,Wheat,2022,7,2022-07-01,Fatehabad APMC,2031.51
Uttar Pradesh,Wheat,2022,7,2022-07-01,Fatehpur APMC,2025.83
Uttar Pradesh,Wheat,2022,7,2022-07-01,Fatehpur Sikri APMC,2112.74
Uttar Pradesh,Wheat,2022,7,2022-07-01,Firozabad APMC,2140.3
Uttar Pradesh,Wheat,2022,7,2022-07-01,Gadaura APMC,
Uttar Pradesh,Wheat,2022,7,2022-07-01,Gazipur APMC,2072.39
Uttar Pradesh,Wheat,2022,7,2022-07-01,Ghaziabad APMC,2161.73
Uttar Pradesh,Wheat,2022,7,2022-07-01,Ghiraur APMC,2070.83
Uttar Pradesh,Wheat,2022,7,2022-07-01,Golagokarnath APMC,2072.76
Uttar Pradesh,Wheat,2022,7,2022-07-01,Gonda APMC,2047.63
Uttar Pradesh,Wheat,2022,7,2022-07-01,Gopiganj APMC,2058.95
Uttar Pradesh,Wheat,2022,7,2022-07-01,Gorakhpur APMC,2021.9
Uttar Pradesh,Wheat,2022,7,2022-07-01,Gurusarai APMC,2042.35
Uttar Pradesh,Wheat,2022,7,2022-07-01,Haathras APMC,2116.45
Uttar Pradesh,Wheat,2022,7,2022-07-01,Haldaur APMC,2217.23
Uttar Pradesh,Wheat,2022,7,2022-07-01,Hamirpur APMC,2067.58
Uttar Pradesh,Wheat,2022,7,2022-07-01,Hapur APMC,2142.97
Uttar Pradesh,Wheat,2022,7,2022-07-01,Hardoi APMC,2068.62
Uttar Pradesh,Wheat,2022,7,2022-07-01,Hargaon (Laharpur) APMC,2027.2
Uttar Pradesh,Wheat,2022,7,2022-07-01,Jafarganj APMC,2047.1
Uttar Pradesh,Wheat,2022,7,2022-07-01,Jagnair APMC,2050.0
Uttar Pradesh,Wheat,2022,7,2022-07-01,Jahanabad APMC,2020.44
Uttar Pradesh,Wheat,2022,7,2022-07-01,Jahangirabad APMC,2198.97
Uttar Pradesh,Wheat,2022,7,2022-07-01,Jalaun APMC,2116.35
Uttar Pradesh,Wheat,2022,7,2022-07-01,Jamanian APMC,2015.0
Uttar Pradesh,Wheat,2022,7,2022-07-01,Jangipura APMC,2015.0
Uttar Pradesh,Wheat,2022,7,2022-07-01,Jasra APMC,2056.59
Uttar Pradesh,Wheat,2022,7,2022-07-01,Jaunpur APMC,2047.14
Uttar Pradesh,Wheat,2022,7,2022-07-01,Jayas APMC,2233.37
Uttar Pradesh,Wheat,2022,7,2022-07-01,Jhansi APMC,2042.72
Uttar Pradesh,Wheat,2022,7,2022-07-01,Jhijhank APMC,2051.8
Uttar Pradesh,Wheat,2022,7,2022-07-01,Kadaura APMC,2029.81
Uttar Pradesh,Wheat,2022,7,2022-07-01,Kalpi APMC,2111.82
Uttar Pradesh,Wheat,2022,7,2022-07-01,Kamlaganj APMC,2050.0
Uttar Pradesh,Wheat,2022,7,2022-07-01,Kannauj APMC,2078.13
Uttar Pradesh,Wheat,2022,7,2022-07-01,Kanpur(Grain) APMC,2068.49
Uttar Pradesh,Wheat,2022,7,2022-07-01,Karvi APMC,2021.41
Uttar Pradesh,Wheat,2022,7,2022-07-01,Kasganj APMC,2085.06
Uttar Pradesh,Wheat,2022,7,2022-07-01,Kayamganj APMC,2085.96
Uttar Pradesh,Wheat,2022,7,2022-07-01,Khaga APMC,2018.69
Uttar Pradesh,Wheat,2022,7,2022-07-01,Khair APMC,2123.79
Uttar Pradesh,Wheat,2022,7,2022-07-01,Khairagarh APMC,2078.89
Uttar Pradesh,Wheat,2022,7,2022-07-01,Khatauli APMC,
Uttar Pradesh,Wheat,2022,7,2022-07-01,Khurja APMC,2152.85
Uttar Pradesh,Wheat,2022,7,2022-07-01,Kishunpur APMC,1968.79
Uttar Pradesh,Wheat,2022,7,2022-07-01,Konch APMC,
Uttar Pradesh,Wheat,2022,7,2022-07-01,Kopaganj APMC,2015.0
Uttar Pradesh,Wheat,2022,7,2022-07-01,Kosikalan APMC,2103.65
Uttar Pradesh,Wheat,2022,7,2022-07-01,Kurara APMC,1927.16
Uttar Pradesh,Wheat,2022,7,2022-07-01,Lakhimpur APMC,2063.16
Uttar Pradesh,Wheat,2022,7,2022-07-01,Lalganj APMC,2157.5
Uttar Pradesh,Wheat,2022,7,2022-07-01,Lalitpur APMC,2042.05
Uttar Pradesh,Wheat,2022,7,2022-07-01,Lucknow APMC,2061.19
Uttar Pradesh,Wheat,2022,7,2022-07-01,Madhoganj APMC,2050.08
Uttar Pradesh,Wheat,2022,7,2022-07-01,Madhogarh APMC,2051.72
Uttar Pradesh,Wheat,2022,7,2022-07-01,Mahoba APMC,2087.89
Uttar Pradesh,Wheat,2022,7,2022-07-01,Maigalganj APMC,2004.25
Uttar Pradesh,Wheat,2022,7,2022-07-01,Mainpuri APMC,2104.37
Uttar Pradesh,Wheat,2022,7,2022-07-01,Mathura APMC,2091.97
Uttar Pradesh,Wheat,2022,7,2022-07-01,Mau(Chitrakut) APMC,2031.0
Uttar Pradesh,Wheat,2022,7,2022-07-01,Maudaha APMC,2039.76
Uttar Pradesh,Wheat,2022,7,2022-07-01,Mauranipur APMC,2072.65
Uttar Pradesh,Wheat,2022,7,2022-07-01,Mawana APMC,2150.24
Uttar Pradesh,Wheat,2022,7,2022-07-01,Meerut APMC,2153.58
Uttar Pradesh,Wheat,2022,7,2022-07-01,Mehmoodabad APMC,
Uttar Pradesh,Wheat,2022,7,2022-07-01,Mehrauni APMC,2042.89
Uttar Pradesh,Wheat,2022,7,2022-07-01,Milak APMC,2063.32
Uttar Pradesh,Wheat,2022,7,2022-07-01,Mirzapur APMC,2078.15
Uttar Pradesh,Wheat,2022,7,2022-07-01,Mohamadabad APMC,2066.76
Uttar Pradesh,Wheat,2022,7,2022-07-01,Mohammdi APMC,2065.14
Uttar Pradesh,Wheat,2022,7,2022-07-01,Moth APMC,
Uttar Pradesh,Wheat,2022,7,2022-07-01,Mugrabaadshahpur APMC,2048.45
Uttar Pradesh,Wheat,2022,7,2022-07-01,Muradabad APMC,2043.3
Uttar Pradesh,Wheat,2022,7,2022-07-01,Muradnagar APMC,2125.82
Uttar Pradesh,Wheat,2022,7,2022-07-01,Muskara APMC,2081.28
Uttar Pradesh,Wheat,2022,7,2022-07-01,Muzzafarnagar APMC,2141.02
Uttar Pradesh,Wheat,2022,7,2022-07-01,Naanpara APMC,2053.43
Uttar Pradesh,Wheat,2022,7,2022-07-01,Najibabad APMC,2043.4
Uttar Pradesh,Wheat,2022,7,2022-07-01,Naugarh APMC,2020.93
Uttar Pradesh,Wheat,2022,7,2022-07-01,Nautnava APMC,2000.0
Uttar Pradesh,Wheat,2022,7,2022-07-01,Nawabganj APMC,2025.16
Uttar Pradesh,Wheat,2022,7,2022-07-01,Orai APMC,2150.06
Uttar Pradesh,Wheat,2022,7,2022-07-01,Paliakala APMC,2016.15
Uttar Pradesh,Wheat,2022,7,2022-07-01,Panchpedwa APMC,2010.63
Uttar Pradesh,Wheat,2022,7,2022-07-01,Partaval APMC,2021.78
Uttar Pradesh,Wheat,2022,7,2022-07-01,Pilibhit APMC,2043.61
Uttar Pradesh,Wheat,2022,7,2022-07-01,Powayan APMC,2047.76
Uttar Pradesh,Wheat,2022,7,2022-07-01,Pratapgarh APMC,2053.48
Uttar Pradesh,Wheat,2022,7,2022-07-01,Pukharayan APMC,2051.68
Uttar Pradesh,Wheat,2022,7,2022-07-01,Puranpur APMC,2040.94
Uttar Pradesh,Wheat,2022,7,2022-07-01,Purwa APMC,2042.9
Uttar Pradesh,Wheat,2022,7,2022-07-01,Raath APMC,2099.66
Uttar Pradesh,Wheat,2022,7,2022-07-01,Raibareilly APMC,2057.22
Uttar Pradesh,Wheat,2022,7,2022-07-01,Rampur APMC,2055.29
Uttar Pradesh,Wheat,2022,7,2022-07-01,Rasda APMC,2048.04
Uttar Pradesh,Wheat,2022,7,2022-07-01,Richha APMC,2024.67
Uttar Pradesh,Wheat,2022,7,2022-07-01,Robertsganj APMC,2171.65
Uttar Pradesh,Wheat,2022,7,2022-07-01,Rudauli APMC,
Uttar Pradesh,Wheat,2022,7,2022-07-01,Rura APMC,2079.05
Uttar Pradesh,Wheat,2022,7,2022-07-01,Safdarganj APMC,2021.17
Uttar Pradesh,Wheat,2022,7,2022-07-01,Saharanpur APMC,2134.85
Uttar Pradesh,Wheat,2022,7,2022-07-01,Sahiyapur APMC,2028.77
Uttar Pradesh,Wheat,2022,7,2022-07-01,Salon APMC,1951.76
Uttar Pradesh,Wheat,2022,7,2022-07-01,Samsabad APMC,2200.0
Uttar Pradesh,Wheat,2022,7,2022-07-01,Sandi APMC,2032.35
Uttar Pradesh,Wheat,2022,7,2022-07-01,Sandila APMC,2067.21
Uttar Pradesh,Wheat,2022,7,2022-07-01,Sardhana APMC,
Uttar Pradesh,Wheat,2022,7,2022-07-01,Sehjanwa APMC,2020.14
Uttar Pradesh,Wheat,2022,7,2022-07-01,Shahabad APMC,2150.0
Uttar Pradesh,Wheat,2022,7,2022-07-01,Shahabad(New Mandi) APMC,2094.24
Uttar Pradesh,Wheat,2022,7,2022-07-01,Shahganj APMC,2044.87
Uttar Pradesh,Wheat,2022,7,2022-07-01,Shahjahanpur APMC,2056.51
Uttar Pradesh,Wheat,2022,7,2022-07-01,Shahpur APMC,2024.68
Uttar Pradesh,Wheat,2022,7,2022-07-01,Shamli APMC,2187.05
Uttar Pradesh,Wheat,2022,7,2022-07-01,Shikohabad APMC,2008.55
Uttar Pradesh,Wheat,2022,7,2022-07-01,Sikandraraau APMC,2037.38
Uttar Pradesh,Wheat,2022,7,2022-07-01,Sirsa APMC,2048.83
Uttar Pradesh,Wheat,2022,7,2022-07-01,Sirsaganj APMC,2090.79
Uttar Pradesh,Wheat,2022,7,2022-07-01,Sitapur APMC,2144.25
Uttar Pradesh,Wheat,2022,7,2022-07-01,Siyana APMC,2210.0
Uttar Pradesh,Wheat,2022,7,2022-07-01,Sultanpur APMC,2049.5
Uttar Pradesh,Wheat,2022,7,2022-07-01,Tamkuhi road APMC,2025.0
Uttar Pradesh,Wheat,2022,7,2022-07-01,Thanabhawan APMC,2068.72
Uttar Pradesh,Wheat,2022,7,2022-07-01,Tikonia APMC,2016.6
Uttar Pradesh,Wheat,2022,7,2022-07-01,Tilhar APMC,2023.98
Uttar Pradesh,Wheat,2022,7,2022-07-01,Tulsipur APMC,2023.81
Uttar Pradesh,Wheat,2022,7,2022-07-01,Tundla APMC,2099.8
Uttar Pradesh,Wheat,2022,7,2022-07-01,Ujhani APMC,2078.45
Uttar Pradesh,Wheat,2022,7,2022-07-01,Unnao APMC,2095.03
Uttar Pradesh,Wheat,2022,7,2022-07-01,Uttaripura APMC,2005.0
Uttar Pradesh,Wheat,2022,7,2022-07-01,Varanasi APMC,2092.96
Uttar Pradesh,Wheat,2022,7,2022-07-01,Viswan APMC,2068.29
Uttar Pradesh,Wheat,2022,7,2022-07-01,Wazirganj APMC,2057.17
Uttar Pradesh,Wheat,2022,7,2022-07-01,Yusufpur APMC,2015.9
Uttar Pradesh,Wheat,2022,7,2022-07-01,Note:,
Uttar Pradesh,Wheat,2022,7,2022-07-01,Weighted Average Price = ∑(arrival quantity * modal price) / ∑arrival quantity,
Uttar Pradesh,Wheat,2022,7,2022-07-01,Change (Over Previous Month) = [Price - Price(Over Previous Month)/Price(Over Previous Month)] * 100,
Uttar Pradesh,Wheat,2022,7,2022-07-01,Change (Over Previous Year) = [Price - Price(Over Previous Year)/Price(Over Previous Year)] * 100,
Uttar Pradesh,Wheat,2022,8,2022-08-01,Achalda APMC,2300.29
Uttar Pradesh,Wheat,2022,8,2022-08-01,Achnera APMC,2300.0
Uttar Pradesh,Wheat,2022,8,2022-08-01,Agra APMC,2317.36
Uttar Pradesh,Wheat,2022,8,2022-08-01,Ahirora APMC,2197.21
Uttar Pradesh,Wheat,2022,8,2022-08-01,Ait APMC,2309.03
Uttar Pradesh,Wheat,2022,8,2022-08-01,Ajuha APMC,2308.86
Uttar Pradesh,Wheat,2022,8,2022-08-01,Akbarpur APMC,2309.88
Uttar Pradesh,Wheat,2022,8,2022-08-01,Aliganj APMC,2144.11
Uttar Pradesh,Wheat,2022,8,2022-08-01,Aligarh APMC,2313.71
Uttar Pradesh,Wheat,2022,8,2022-08-01,Amroha APMC,2160.29
Uttar Pradesh,Wheat,2022,8,2022-08-01,Anandnagar APMC,2067.02
Uttar Pradesh,Wheat,2022,8,2022-08-01,Anoop Shahar APMC,2277.57
Uttar Pradesh,Wheat,2022,8,2022-08-01,Atarra APMC,2216.86
Uttar Pradesh,Wheat,2022,8,2022-08-01,Atrauli APMC,2135.81
Uttar Pradesh,Wheat,2022,8,2022-08-01,Auraiya APMC,2304.29
Uttar Pradesh,Wheat,2022,8,2022-08-01,Awagarh APMC,
Uttar Pradesh,Wheat,2022,8,2022-08-01,Ayodhya APMC,2350.43
Uttar Pradesh,Wheat,2022,8,2022-08-01,Azamgarh APMC,2072.68
Uttar Pradesh,Wheat,2022,8,2022-08-01,Baberu APMC,2272.12
Uttar Pradesh,Wheat,2022,8,2022-08-01,Babrala APMC,2092.81
Uttar Pradesh,Wheat,2022,8,2022-08-01,Bachranwa APMC,2145.14
Uttar Pradesh,Wheat,2022,8,2022-08-01,Badayoun APMC,2160.59
Uttar Pradesh,Wheat,2022,8,2022-08-01,Badda APMC,
Uttar Pradesh,Wheat,2022,8,2022-08-01,Baheri APMC,
Uttar Pradesh,Wheat,2022,8,2022-08-01,Bahraich APMC,2309.07
Uttar Pradesh,Wheat,2022,8,2022-08-01,Ballia APMC,2185.45
Uttar Pradesh,Wheat,2022,8,2022-08-01,Balrampur APMC,2245.05
Uttar Pradesh,Wheat,2022,8,2022-08-01,Banda APMC,2218.02
Uttar Pradesh,Wheat,2022,8,2022-08-01,Bangarmau APMC,2284.02
Uttar Pradesh,Wheat,2022,8,2022-08-01,Bansi APMC,2125.0
Uttar Pradesh,Wheat,2022,8,2022-08-01,Barabanki APMC,2126.46
Uttar Pradesh,Wheat,2022,8,2022-08-01,Bareilly APMC,2128.86
Uttar Pradesh,Wheat,2022,8,2022-08-01,Barhaj APMC,2064.46
Uttar Pradesh,Wheat,2022,8,2022-08-01,Baripaal APMC,2276.48
Uttar Pradesh,Wheat,2022,8,2022-08-01,Basti APMC,2072.5
Uttar Pradesh,Wheat,2022,8,2022-08-01,Bewar APMC,2121.68
Uttar Pradesh,Wheat,2022,8,2022-08-01,Bharthna APMC,2313.85
Uttar Pradesh,Wheat,2022,8,2022-08-01,Bharuasumerpur APMC,2248.33
Uttar Pradesh,Wheat,2022,8,2022-08-01,Bharwari APMC,2232.0
Uttar Pradesh,Wheat,2022,8,2022-08-01,Bhehjoi APMC,2129.84
Uttar Pradesh,Wheat,2022,8,2022-08-01,Bijnaur APMC,2127.33
Uttar Pradesh,Wheat,2022,8,2022-08-01,Bilsi APMC,2225.43
Uttar Pradesh,Wheat,2022,8,2022-08-01,Bindki APMC,2383.9
Uttar Pradesh,Wheat,2022,8,2022-08-01,Bishalpur APMC,2092.87
Uttar Pradesh,Wheat,2022,8,2022-08-01,Buland Shahr APMC,2334.13
Uttar Pradesh,Wheat,2022,8,2022-08-01,Chandausi APMC,2152.22
Uttar Pradesh,Wheat,2022,8,2022-08-01,Chandoli APMC,2171.63
Uttar Pradesh,Wheat,2022,8,2022-08-01,Charkhari APMC,2101.16
Uttar Pradesh,Wheat,2022,8,2022-08-01,Charra APMC,2316.13
Uttar Pradesh,Wheat,2022,8,2022-08-01,Chhibramau APMC,2313.12
Uttar Pradesh,Wheat,2022,8,2022-08-01,Chirgaon APMC,2261.85
Uttar Pradesh,Wheat,2022,8,2022-08-01,Chorichora APMC,2135.22
Uttar Pradesh,Wheat,2022,8,2022-08-01,Choubepur APMC,2299.05
Uttar Pradesh,Wheat,2022,8,2022-08-01,Colonelganj APMC,2042.23
Uttar Pradesh,Wheat,2022,8,2022-08-01,DADRI APMC,2304.85
Uttar Pradesh,Wheat,2022,8,2022-08-01,Dankaur APMC,2127.42
Uttar Pradesh,Wheat,2022,8,2022-08-01,Dataganj APMC,2040.53
Uttar Pradesh,Wheat,2022,8,2022-08-01,Devariya APMC,2062.81
Uttar Pradesh,Wheat,2022,8,2022-08-01,Dhanaura APMC,2020.39
Uttar Pradesh,Wheat,2022,8,2022-08-01,Dibiapur APMC,2230.15
Uttar Pradesh,Wheat,2022,8,2022-08-01,Divai APMC,2089.64
Uttar Pradesh,Wheat,2022,8,2022-08-01,Doharighat APMC,2120.0
Uttar Pradesh,Wheat,2022,8,2022-08-01,Etah APMC,2155.07
Uttar Pradesh,Wheat,2022,8,2022-08-01,Etawah APMC,2327.88
Uttar Pradesh,Wheat,2022,8,2022-08-01,Farukhabad APMC,2341.59
Uttar Pradesh,Wheat,2022,8,2022-08-01,Fatehabad APMC,2123.98
Uttar Pradesh,Wheat,2022,8,2022-08-01,Fatehpur APMC,2235.24
Uttar Pradesh,Wheat,2022,8,2022-08-01,Fatehpur Sikri APMC,2253.8
Uttar Pradesh,Wheat,2022,8,2022-08-01,Firozabad APMC,2328.71
Uttar Pradesh,Wheat,2022,8,2022-08-01,Gadaura APMC,
Uttar Pradesh,Wheat,2022,8,2022-08-01,Gazipur APMC,2177.56
Uttar Pradesh,Wheat,2022,8,2022-08-01,Ghaziabad APMC,2321.05
Uttar Pradesh,Wheat,2022,8,2022-08-01,Ghiraur APMC,2277.93
Uttar Pradesh,Wheat,2022,8,2022-08-01,Golagokarnath APMC,2257.16
Uttar Pradesh,Wheat,2022,8,2022-08-01,Gonda APMC,2231.06
Uttar Pradesh,Wheat,2022,8,2022-08-01,Gopiganj APMC,2181.9
Uttar Pradesh,Wheat,2022,8,2022-08-01,Gorakhpur APMC,2074.07
Uttar Pradesh,Wheat,2022,8,2022-08-01,Gurusarai APMC,2249.64
Uttar Pradesh,Wheat,2022,8,2022-08-01,Haathras APMC,2294.53
Uttar Pradesh,Wheat,2022,8,2022-08-01,Haldaur APMC,2020.0
Uttar Pradesh,Wheat,2022,8,2022-08-01,Hamirpur APMC,2279.64
Uttar Pradesh,Wheat,2022,8,2022-08-01,Hapur APMC,2271.66
Uttar Pradesh,Wheat,2022,8,2022-08-01,Hardoi APMC,2262.65
Uttar Pradesh,Wheat,2022,8,2022-08-01,Hargaon (Laharpur) APMC,2202.32
Uttar Pradesh,Wheat,2022,8,2022-08-01,Jafarganj APMC,2291.39
Uttar Pradesh,Wheat,2022,8,2022-08-01,Jagnair APMC,2130.29
Uttar Pradesh,Wheat,2022,8,2022-08-01,Jahanabad APMC,2044.17
Uttar Pradesh,Wheat,2022,8,2022-08-01,Jahangirabad APMC,2311.51
Uttar Pradesh,Wheat,2022,8,2022-08-01,Jalaun APMC,2281.62
Uttar Pradesh,Wheat,2022,8,2022-08-01,Jamanian APMC,
Uttar Pradesh,Wheat,2022,8,2022-08-01,Jangipura APMC,2139.05
Uttar Pradesh,Wheat,2022,8,2022-08-01,Jasra APMC,2263.42
Uttar Pradesh,Wheat,2022,8,2022-08-01,Jaunpur APMC,2165.89
Uttar Pradesh,Wheat,2022,8,2022-08-01,Jayas APMC,2299.42
Uttar Pradesh,Wheat,2022,8,2022-08-01,Jhansi APMC,2177.34
Uttar Pradesh,Wheat,2022,8,2022-08-01,Jhijhank APMC,2274.77
Uttar Pradesh,Wheat,2022,8,2022-08-01,Kadaura APMC,
Uttar Pradesh,Wheat,2022,8,2022-08-01,Kalpi APMC,2272.66
Uttar Pradesh,Wheat,2022,8,2022-08-01,Kamlaganj APMC,
Uttar Pradesh,Wheat,2022,8,2022-08-01,Kannauj APMC,2287.23
Uttar Pradesh,Wheat,2022,8,2022-08-01,Kanpur(Grain) APMC,2294.5
Uttar Pradesh,Wheat,2022,8,2022-08-01,Karvi APMC,2214.8
Uttar Pradesh,Wheat,2022,8,2022-08-01,Kasganj APMC,2158.62
Uttar Pradesh,Wheat,2022,8,2022-08-01,Kayamganj APMC,2326.85
Uttar Pradesh,Wheat,2022,8,2022-08-01,Khaga APMC,2189.03
Uttar Pradesh,Wheat,2022,8,2022-08-01,Khair APMC,2179.16
Uttar Pradesh,Wheat,2022,8,2022-08-01,Khairagarh APMC,2040.02
Uttar Pradesh,Wheat,2022,8,2022-08-01,Khurja APMC,2319.79
Uttar Pradesh,Wheat,2022,8,2022-08-01,Kishunpur APMC,2193.79
Uttar Pradesh,Wheat,2022,8,2022-08-01,Konch APMC,
Uttar Pradesh,Wheat,2022,8,2022-08-01,Kopaganj APMC,2120.0
Uttar Pradesh,Wheat,2022,8,2022-08-01,Kosikalan APMC,2280.34
Uttar Pradesh,Wheat,2022,8,2022-08-01,Kurara APMC,2106.28
Uttar Pradesh,Wheat,2022,8,2022-08-01,Lakhimpur APMC,2260.87
Uttar Pradesh,Wheat,2022,8,2022-08-01,Lalganj APMC,2272.54
Uttar Pradesh,Wheat,2022,8,2022-08-01,Lalitpur APMC,2164.81
Uttar Pradesh,Wheat,2022,8,2022-08-01,Lucknow APMC,2265.46
Uttar Pradesh,Wheat,2022,8,2022-08-01,Madhoganj APMC,2258.08
Uttar Pradesh,Wheat,2022,8,2022-08-01,Madhogarh APMC,2201.0
Uttar Pradesh,Wheat,2022,8,2022-08-01,Mahoba APMC,2235.31
Uttar Pradesh,Wheat,2022,8,2022-08-01,Maigalganj APMC,2194.65
Uttar Pradesh,Wheat,2022,8,2022-08-01,Mainpuri APMC,2291.9
Uttar Pradesh,Wheat,2022,8,2022-08-01,Mathura APMC,2285.73
Uttar Pradesh,Wheat,2022,8,2022-08-01,Mau(Chitrakut) APMC,2295.28
Uttar Pradesh,Wheat,2022,8,2022-08-01,Maudaha APMC,2188.26
Uttar Pradesh,Wheat,2022,8,2022-08-01,Mauranipur APMC,2259.38
Uttar Pradesh,Wheat,2022,8,2022-08-01,Mawana APMC,2299.98
Uttar Pradesh,Wheat,2022,8,2022-08-01,Meerut APMC,2318.8
Uttar Pradesh,Wheat,2022,8,2022-08-01,Mehmoodabad APMC,
Uttar Pradesh,Wheat,2022,8,2022-08-01,Mehrauni APMC,2100.0
Uttar Pradesh,Wheat,2022,8,2022-08-01,Milak APMC,2138.26
Uttar Pradesh,Wheat,2022,8,2022-08-01,Mirzapur APMC,2196.75
Uttar Pradesh,Wheat,2022,8,2022-08-01,Mohamadabad APMC,2262.5
Uttar Pradesh,Wheat,2022,8,2022-08-01,Mohammdi APMC,2256.02
Uttar Pradesh,Wheat,2022,8,2022-08-01,Moth APMC,2225.96
Uttar Pradesh,Wheat,2022,8,2022-08-01,Mugrabaadshahpur APMC,2178.97
Uttar Pradesh,Wheat,2022,8,2022-08-01,Muradabad APMC,2161.79
Uttar Pradesh,Wheat,2022,8,2022-08-01,Muradnagar APMC,2300.0
Uttar Pradesh,Wheat,2022,8,2022-08-01,Muskara APMC,2252.96
Uttar Pradesh,Wheat,2022,8,2022-08-01,Muzzafarnagar APMC,2292.47
Uttar Pradesh,Wheat,2022,8,2022-08-01,Naanpara APMC,2311.53
Uttar Pradesh,Wheat,2022,8,2022-08-01,Najibabad APMC,2197.35
Uttar Pradesh,Wheat,2022,8,2022-08-01,Naugarh APMC,2061.77
Uttar Pradesh,Wheat,2022,8,2022-08-01,Nautnava APMC,2076.14
Uttar Pradesh,Wheat,2022,8,2022-08-01,Nawabganj APMC,2162.45
Uttar Pradesh,Wheat,2022,8,2022-08-01,Orai APMC,2292.87
Uttar Pradesh,Wheat,2022,8,2022-08-01,Paliakala APMC,
Uttar Pradesh,Wheat,2022,8,2022-08-01,Panchpedwa APMC,2290.24
Uttar Pradesh,Wheat,2022,8,2022-08-01,Partaval APMC,2110.41
Uttar Pradesh,Wheat,2022,8,2022-08-01,Pilibhit APMC,2080.65
Uttar Pradesh,Wheat,2022,8,2022-08-01,Powayan APMC,2224.0
Uttar Pradesh,Wheat,2022,8,2022-08-01,Pratapgarh APMC,2297.56
Uttar Pradesh,Wheat,2022,8,2022-08-01,Prayagraj APMC,2363.01
Uttar Pradesh,Wheat,2022,8,2022-08-01,Pukharayan APMC,2226.2
Uttar Pradesh,Wheat,2022,8,2022-08-01,Puranpur APMC,2091.85
Uttar Pradesh,Wheat,2022,8,2022-08-01,Purwa APMC,2268.72
Uttar Pradesh,Wheat,2022,8,2022-08-01,Raath APMC,2271.68
Uttar Pradesh,Wheat,2022,8,2022-08-01,Raibareilly APMC,2233.91
Uttar Pradesh,Wheat,2022,8,2022-08-01,Rampur APMC,2141.93
Uttar Pradesh,Wheat,2022,8,2022-08-01,Rasda APMC,2174.43
Uttar Pradesh,Wheat,2022,8,2022-08-01,Richha APMC,2067.97
Uttar Pradesh,Wheat,2022,8,2022-08-01,Robertsganj APMC,2281.75
Uttar Pradesh,Wheat,2022,8,2022-08-01,Rura APMC,2187.37
Uttar Pradesh,Wheat,2022,8,2022-08-01,Safdarganj APMC,2025.97
Uttar Pradesh,Wheat,2022,8,2022-08-01,Saharanpur APMC,2267.04
Uttar Pradesh,Wheat,2022,8,2022-08-01,Sahiyapur APMC,2115.81
Uttar Pradesh,Wheat,2022,8,2022-08-01,Salon APMC,2060.01
Uttar Pradesh,Wheat,2022,8,2022-08-01,Samsabad APMC,2294.79
Uttar Pradesh,Wheat,2022,8,2022-08-01,Sandi APMC,2162.03
Uttar Pradesh,Wheat,2022,8,2022-08-01,Sandila APMC,2227.67
Uttar Pradesh,Wheat,2022,8,2022-08-01,Sehjanwa APMC,2051.94
Uttar Pradesh,Wheat,2022,8,2022-08-01,Shahabad APMC,2168.1
Uttar Pradesh,Wheat,2022,8,2022-08-01,Shahabad(New Mandi) APMC,2173.66
Uttar Pradesh,Wheat,2022,8,2022-08-01,Shahganj APMC,2199.82
Uttar Pradesh,Wheat,2022,8,2022-08-01,Shahjahanpur APMC,2251.8
Uttar Pradesh,Wheat,2022,8,2022-08-01,Shahpur APMC,2067.36
Uttar Pradesh,Wheat,2022,8,2022-08-01,Shamli APMC,2284.25
Uttar Pradesh,Wheat,2022,8,2022-08-01,Shikohabad APMC,2258.26
Uttar Pradesh,Wheat,2022,8,2022-08-01,Sikandraraau APMC,2198.53
Uttar Pradesh,Wheat,2022,8,2022-08-01,Sikarpur APMC,2174.77
Uttar Pradesh,Wheat,2022,8,2022-08-01,Sirsa APMC,2255.04
Uttar Pradesh,Wheat,2022,8,2022-08-01,Sirsaganj APMC,2300.68
Uttar Pradesh,Wheat,2022,8,2022-08-01,Sitapur APMC,2295.34
Uttar Pradesh,Wheat,2022,8,2022-08-01,Siyana APMC,
Uttar Pradesh,Wheat,2022,8,2022-08-01,Sultanpur APMC,2286.74
Uttar Pradesh,Wheat,2022,8,2022-08-01,Tamkuhi road APMC,2130.0
Uttar Pradesh,Wheat,2022,8,2022-08-01,Thanabhawan APMC,2077.87
Uttar Pradesh,Wheat,2022,8,2022-08-01,Tikonia APMC,2273.22
Uttar Pradesh,Wheat,2022,8,2022-08-01,Tilhar APMC,
Uttar Pradesh,Wheat,2022,8,2022-08-01,Tulsipur APMC,2208.28
Uttar Pradesh,Wheat,2022,8,2022-08-01,Tundla APMC,2313.24
Uttar Pradesh,Wheat,2022,8,2022-08-01,Ujhani APMC,2329.74
Uttar Pradesh,Wheat,2022,8,2022-08-01,Unnao APMC,2270.54
Uttar Pradesh,Wheat,2022,8,2022-08-01,Uttaripura APMC,2010.0
Uttar Pradesh,Wheat,2022,8,2022-08-01,Varanasi APMC,2205.18
Uttar Pradesh,Wheat,2022,8,2022-08-01,Viswan APMC,2244.76
Uttar Pradesh,Wheat,2022,8,2022-08-01,Wazirganj APMC,2176.22
Uttar Pradesh,Wheat,2022,8,2022-08-01,Yusufpur APMC,2201.82
Uttar Pradesh,Wheat,2022,8,2022-08-01,Note:,
Uttar Pradesh,Wheat,2022,8,2022-08-01,Weighted Average Price = ∑(arrival quantity * modal price) / ∑arrival quantity,
Uttar Pradesh,Wheat,2022,8,2022-08-01,Change (Over Previous Month) = [Price - Price(Over Previous Month)/Price(Over Previous Month)] * 100,
Uttar Pradesh,Wheat,2022,8,2022-08-01,Change (Over Previous Year) = [Price - Price(Over Previous Year)/Price(Over Previous Year)] * 100,
Uttar Pradesh,Wheat,2022,9,2022-09-01,Achalda APMC,2299.66
Uttar Pradesh,Wheat,2022,9,2022-09-01,Achnera APMC,2310.0
Uttar Pradesh,Wheat,2022,9,2022-09-01,Agra APMC,2332.36
Uttar Pradesh,Wheat,2022,9,2022-09-01,Ahirora APMC,2223.16
Uttar Pradesh,Wheat,2022,9,2022-09-01,Ait APMC,2317.31
Uttar Pradesh,Wheat,2022,9,2022-09-01,Ajuha APMC,2323.67
Uttar Pradesh,Wheat,2022,9,2022-09-01,Akbarpur APMC,2369.04
Uttar Pradesh,Wheat,2022,9,2022-09-01,Aliganj APMC,2197.68
Uttar Pradesh,Wheat,2022,9,2022-09-01,Aligarh APMC,2326.93
Uttar Pradesh,Wheat,2022,9,2022-09-01,Amroha APMC,2256.43
Uttar Pradesh,Wheat,2022,9,2022-09-01,Anandnagar APMC,2157.13
Uttar Pradesh,Wheat,2022,9,2022-09-01,Anoop Shahar APMC,2310.0
Uttar Pradesh,Wheat,2022,9,2022-09-01,Atarra APMC,2247.45
Uttar Pradesh,Wheat,2022,9,2022-09-01,Atrauli APMC,2210.62
Uttar Pradesh,Wheat,2022,9,2022-09-01,Auraiya APMC,2297.05
Uttar Pradesh,Wheat,2022,9,2022-09-01,Ayodhya APMC,2367.68
Uttar Pradesh,Wheat,2022,9,2022-09-01,Azamgarh APMC,2164.16
Uttar Pradesh,Wheat,2022,9,2022-09-01,Baberu APMC,2257.5
Uttar Pradesh,Wheat,2022,9,2022-09-01,Babrala APMC,2249.46
Uttar Pradesh,Wheat,2022,9,2022-09-01,Bachranwa APMC,2256.01
Uttar Pradesh,Wheat,2022,9,2022-09-01,Badayoun APMC,2264.61
Uttar Pradesh,Wheat,2022,9,2022-09-01,Badda APMC,2062.32
Uttar Pradesh,Wheat,2022,9,2022-09-01,Bahraich APMC,2378.4
Uttar Pradesh,Wheat,2022,9,2022-09-01,Ballia APMC,2236.43
Uttar Pradesh,Wheat,2022,9,2022-09-01,Balrampur APMC,2289.01
Uttar Pradesh,Wheat,2022,9,2022-09-01,Banda APMC,2245.58
Uttar Pradesh,Wheat,2022,9,2022-09-01,Bangarmau APMC,2306.86
Uttar Pradesh,Wheat,2022,9,2022-09-01,Bansi APMC,
Uttar Pradesh,Wheat,2022,9,2022-09-01,Barabanki APMC,2292.38
Uttar Pradesh,Wheat,2022,9,2022-09-01,Bareilly APMC,2247.0
Uttar Pradesh,Wheat,2022,9,2022-09-01,Barhaj APMC,2164.95
Uttar Pradesh,Wheat,2022,9,2022-09-01,Baripaal APMC,2248.35
Uttar Pradesh,Wheat,2022,9,2022-09-01,Basti APMC,2175.72
Uttar Pradesh,Wheat,2022,9,2022-09-01,Bewar APMC,2119.06
Uttar Pradesh,Wheat,2022,9,2022-09-01,Bharthna APMC,2310.61
Uttar Pradesh,Wheat,2022,9,2022-09-01,Bharuasumerpur APMC,2269.07
Uttar Pradesh,Wheat,2022,9,2022-09-01,Bharwari APMC,2309.44
Uttar Pradesh,Wheat,2022,9,2022-09-01,Bhehjoi APMC,2140.81
Uttar Pradesh,Wheat,2022,9,2022-09-01,Bijnaur APMC,2239.59
Uttar Pradesh,Wheat,2022,9,2022-09-01,Bilsi APMC,2320.19
Uttar Pradesh,Wheat,2022,9,2022-09-01,Bindki APMC,2390.9
Uttar Pradesh,Wheat,2022,9,2022-09-01,Bishalpur APMC,2232.5
Uttar Pradesh,Wheat,2022,9,2022-09-01,Buland Shahr APMC,2322.01
Uttar Pradesh,Wheat,2022,9,2022-09-01,Chandausi APMC,2248.23
Uttar Pradesh,Wheat,2022,9,2022-09-01,Chandoli APMC,2244.02
Uttar Pradesh,Wheat,2022,9,2022-09-01,Charkhari APMC,2181.23
Uttar Pradesh,Wheat,2022,9,2022-09-01,Charra APMC,2318.79
Uttar Pradesh,Wheat,2022,9,2022-09-01,Chhibramau APMC,2218.11
Uttar Pradesh,Wheat,2022,9,2022-09-01,Chirgaon APMC,2269.91
Uttar Pradesh,Wheat,2022,9,2022-09-01,Chorichora APMC,2164.66
Uttar Pradesh,Wheat,2022,9,2022-09-01,Choubepur APMC,2322.87
Uttar Pradesh,Wheat,2022,9,2022-09-01,Colonelganj APMC,2120.76
Uttar Pradesh,Wheat,2022,9,2022-09-01,DADRI APMC,2330.11
Uttar Pradesh,Wheat,2022,9,2022-09-01,Dankaur APMC,2268.62
Uttar Pradesh,Wheat,2022,9,2022-09-01,Dataganj APMC,2050.0
Uttar Pradesh,Wheat,2022,9,2022-09-01,Devariya APMC,2188.39
Uttar Pradesh,Wheat,2022,9,2022-09-01,Dhanaura APMC,2025.16
Uttar Pradesh,Wheat,2022,9,2022-09-01,Dibiapur APMC,2245.81
Uttar Pradesh,Wheat,2022,9,2022-09-01,Divai APMC,2105.91
Uttar Pradesh,Wheat,2022,9,2022-09-01,Doharighat APMC,2210.0
Uttar Pradesh,Wheat,2022,9,2022-09-01,Dudhi APMC,
Uttar Pradesh,Wheat,2022,9,2022-09-01,Etah APMC,2329.95
Uttar Pradesh,Wheat,2022,9,2022-09-01,Etawah APMC,2328.66
Uttar Pradesh,Wheat,2022,9,2022-09-01,Farukhabad APMC,2351.01
Uttar Pradesh,Wheat,2022,9,2022-09-01,Fatehabad APMC,2329.77
Uttar Pradesh,Wheat,2022,9,2022-09-01,Fatehpur APMC,2303.27
Uttar Pradesh,Wheat,2022,9,2022-09-01,Fatehpur Sikri APMC,2330.06
Uttar Pradesh,Wheat,2022,9,2022-09-01,Firozabad APMC,2412.24
Uttar Pradesh,Wheat,2022,9,2022-09-01,Gadaura APMC,
Uttar Pradesh,Wheat,2022,9,2022-09-01,Gazipur APMC,2233.72
Uttar Pradesh,Wheat,2022,9,2022-09-01,Ghaziabad APMC,2367.26
Uttar Pradesh,Wheat,2022,9,2022-09-01,Ghiraur APMC,2287.03
Uttar Pradesh,Wheat,2022,9,2022-09-01,Golagokarnath APMC,2271.93
Uttar Pradesh,Wheat,2022,9,2022-09-01,Gonda APMC,2279.92
Uttar Pradesh,Wheat,2022,9,2022-09-01,Gopiganj APMC,2220.69
Uttar Pradesh,Wheat,2022,9,2022-09-01,Gorakhpur APMC,2171.05
Uttar Pradesh,Wheat,2022,9,2022-09-01,Gurusarai APMC,2271.36
Uttar Pradesh,Wheat,2022,9,2022-09-01,Haathras APMC,2349.56
Uttar Pradesh,Wheat,2022,9,2022-09-01,Haldaur APMC,
Uttar Pradesh,Wheat,2022,9,2022-09-01,Hamirpur APMC,
Uttar Pradesh,Wheat,2022,9,2022-09-01,Hapur APMC,2336.1
Uttar Pradesh,Wheat,2022,9,2022-09-01,Hardoi APMC,2330.56
Uttar Pradesh,Wheat,2022,9,2022-09-01,Hargaon (Laharpur) APMC,2345.1
Uttar Pradesh,Wheat,2022,9,2022-09-01,Jafarganj APMC,2343.47
Uttar Pradesh,Wheat,2022,9,2022-09-01,Jagnair APMC,2238.98
Uttar Pradesh,Wheat,2022,9,2022-09-01,Jahanabad APMC,2138.6
Uttar Pradesh,Wheat,2022,9,2022-09-01,Jahangirabad APMC,2310.0
Uttar Pradesh,Wheat,2022,9,2022-09-01,Jalaun APMC,2264.96
Uttar Pradesh,Wheat,2022,9,2022-09-01,Jamanian APMC,2600.0
Uttar Pradesh,Wheat,2022,9,2022-09-01,Jangipura APMC,2203.69
Uttar Pradesh,Wheat,2022,9,2022-09-01,Jasra APMC,2323.16
Uttar Pradesh,Wheat,2022,9,2022-09-01,Jaunpur APMC,2227.0
Uttar Pradesh,Wheat,2022,9,2022-09-01,Jayas APMC,2312.23
Uttar Pradesh,Wheat,2022,9,2022-09-01,Jhansi APMC,2300.44
Uttar Pradesh,Wheat,2022,9,2022-09-01,Jhijhank APMC,2301.8
Uttar Pradesh,Wheat,2022,9,2022-09-01,Kadaura APMC,2152.13
Uttar Pradesh,Wheat,2022,9,2022-09-01,Kalpi APMC,2240.26
Uttar Pradesh,Wheat,2022,9,2022-09-01,Kannauj APMC,2350.56
Uttar Pradesh,Wheat,2022,9,2022-09-01,Kanpur(Grain) APMC,2379.42
Uttar Pradesh,Wheat,2022,9,2022-09-01,Karvi APMC,2229.05
Uttar Pradesh,Wheat,2022,9,2022-09-01,Kasganj APMC,2333.02
Uttar Pradesh,Wheat,2022,9,2022-09-01,Kayamganj APMC,2341.0
Uttar Pradesh,Wheat,2022,9,2022-09-01,Khaga APMC,2283.39
Uttar Pradesh,Wheat,2022,9,2022-09-01,Khair APMC,2222.21
Uttar Pradesh,Wheat,2022,9,2022-09-01,Khairagarh APMC,2116.91
Uttar Pradesh,Wheat,2022,9,2022-09-01,Khurja APMC,2324.32
Uttar Pradesh,Wheat,2022,9,2022-09-01,Kishunpur APMC,2276.49
Uttar Pradesh,Wheat,2022,9,2022-09-01,Konch APMC,2244.89
Uttar Pradesh,Wheat,2022,9,2022-09-01,Kopaganj APMC,2175.59
Uttar Pradesh,Wheat,2022,9,2022-09-01,Kosikalan APMC,2301.93
Uttar Pradesh,Wheat,2022,9,2022-09-01,Kurara APMC,2100.0
Uttar Pradesh,Wheat,2022,9,2022-09-01,Lakhimpur APMC,2277.2
Uttar Pradesh,Wheat,2022,9,2022-09-01,Lalganj APMC,2274.36
Uttar Pradesh,Wheat,2022,9,2022-09-01,Lalitpur APMC,2266.0
Uttar Pradesh,Wheat,2022,9,2022-09-01,Lucknow APMC,2359.16
Uttar Pradesh,Wheat,2022,9,2022-09-01,Madhoganj APMC,2310.01
Uttar Pradesh,Wheat,2022,9,2022-09-01,Madhogarh APMC,2209.65
Uttar Pradesh,Wheat,2022,9,2022-09-01,Mahoba APMC,2271.82
Uttar Pradesh,Wheat,2022,9,2022-09-01,Maigalganj APMC,2199.58
Uttar Pradesh,Wheat,2022,9,2022-09-01,Mainpuri APMC,2291.23
Uttar Pradesh,Wheat,2022,9,2022-09-01,Mathura APMC,2316.17
Uttar Pradesh,Wheat,2022,9,2022-09-01,Mau(Chitrakut) APMC,2292.81
Uttar Pradesh,Wheat,2022,9,2022-09-01,Maudaha APMC,2215.94
Uttar Pradesh,Wheat,2022,9,2022-09-01,Mauranipur APMC,2291.53
Uttar Pradesh,Wheat,2022,9,2022-09-01,Mawana APMC,2336.84
Uttar Pradesh,Wheat,2022,9,2022-09-01,Meerut APMC,2365.07
Uttar Pradesh,Wheat,2022,9,2022-09-01,Mehmoodabad APMC,
Uttar Pradesh,Wheat,2022,9,2022-09-01,Mehrauni APMC,2100.0
Uttar Pradesh,Wheat,2022,9,2022-09-01,Milak APMC,2247.93
Uttar Pradesh,Wheat,2022,9,2022-09-01,Mirzapur APMC,2265.64
Uttar Pradesh,Wheat,2022,9,2022-09-01,Mohamadabad APMC,2311.26
Uttar Pradesh,Wheat,2022,9,2022-09-01,Mohammdi APMC,2275.86
Uttar Pradesh,Wheat,2022,9,2022-09-01,Moth APMC,2274.85
Uttar Pradesh,Wheat,2022,9,2022-09-01,Mugrabaadshahpur APMC,2228.3
Uttar Pradesh,Wheat,2022,9,2022-09-01,Muradabad APMC,2254.47
Uttar Pradesh,Wheat,2022,9,2022-09-01,Muradnagar APMC,2340.0
Uttar Pradesh,Wheat,2022,9,2022-09-01,Muskara APMC,2235.75
Uttar Pradesh,Wheat,2022,9,2022-09-01,Muzzafarnagar APMC,2347.08
Uttar Pradesh,Wheat,2022,9,2022-09-01,Naanpara APMC,2377.3
Uttar Pradesh,Wheat,2022,9,2022-09-01,Najibabad APMC,2231.9
Uttar Pradesh,Wheat,2022,9,2022-09-01,Naugarh APMC,2165.2
Uttar Pradesh,Wheat,2022,9,2022-09-01,Nautnava APMC,2158.53
Uttar Pradesh,Wheat,2022,9,2022-09-01,Nawabganj APMC,2291.01
Uttar Pradesh,Wheat,2022,9,2022-09-01,Orai APMC,2277.97
Uttar Pradesh,Wheat,2022,9,2022-09-01,Paliakala APMC,
Uttar Pradesh,Wheat,2022,9,2022-09-01,Panchpedwa APMC,2326.11
Uttar Pradesh,Wheat,2022,9,2022-09-01,Partaval APMC,2213.12
Uttar Pradesh,Wheat,2022,9,2022-09-01,Pilibhit APMC,2254.92
Uttar Pradesh,Wheat,2022,9,2022-09-01,Powayan APMC,2269.74
Uttar Pradesh,Wheat,2022,9,2022-09-01,Pratapgarh APMC,2373.88
Uttar Pradesh,Wheat,2022,9,2022-09-01,Prayagraj APMC,2317.5
Uttar Pradesh,Wheat,2022,9,2022-09-01,Pukharayan APMC,2309.94
Uttar Pradesh,Wheat,2022,9,2022-09-01,Puranpur APMC,2235.96
Uttar Pradesh,Wheat,2022,9,2022-09-01,Purwa APMC,2298.74
Uttar Pradesh,Wheat,2022,9,2022-09-01,Raath APMC,2240.59
Uttar Pradesh,Wheat,2022,9,2022-09-01,Raibareilly APMC,2272.49
Uttar Pradesh,Wheat,2022,9,2022-09-01,Rampur APMC,2231.62
Uttar Pradesh,Wheat,2022,9,2022-09-01,Rasda APMC,2219.98
Uttar Pradesh,Wheat,2022,9,2022-09-01,Richha APMC,2091.07
Uttar Pradesh,Wheat,2022,9,2022-09-01,Robertsganj APMC,2350.59
Uttar Pradesh,Wheat,2022,9,2022-09-01,Rura APMC,2200.0
Uttar Pradesh,Wheat,2022,9,2022-09-01,Safdarganj APMC,2229.68
Uttar Pradesh,Wheat,2022,9,2022-09-01,Saharanpur APMC,2345.42
Uttar Pradesh,Wheat,2022,9,2022-09-01,Sahiyapur APMC,2192.03
Uttar Pradesh,Wheat,2022,9,2022-09-01,Salon APMC,2224.57
Uttar Pradesh,Wheat,2022,9,2022-09-01,Samsabad APMC,2351.04
Uttar Pradesh,Wheat,2022,9,2022-09-01,Sandi APMC,2161.52
Uttar Pradesh,Wheat,2022,9,2022-09-01,Sandila APMC,2311.19
Uttar Pradesh,Wheat,2022,9,2022-09-01,Sehjanwa APMC,2173.07
Uttar Pradesh,Wheat,2022,9,2022-09-01,Shahabad APMC,2249.69
Uttar Pradesh,Wheat,2022,9,2022-09-01,Shahabad(New Mandi) APMC,2300.0
Uttar Pradesh,Wheat,2022,9,2022-09-01,Shahganj APMC,2219.28
Uttar Pradesh,Wheat,2022,9,2022-09-01,Shahjahanpur APMC,2283.68
Uttar Pradesh,Wheat,2022,9,2022-09-01,Shahpur APMC,2152.5
Uttar Pradesh,Wheat,2022,9,2022-09-01,Shamli APMC,2334.87
Uttar Pradesh,Wheat,2022,9,2022-09-01,Shikohabad APMC,2242.94
Uttar Pradesh,Wheat,2022,9,2022-09-01,Sikandraraau APMC,2282.62
Uttar Pradesh,Wheat,2022,9,2022-09-01,Sikarpur APMC,2202.98
Uttar Pradesh,Wheat,2022,9,2022-09-01,Sirsa APMC,2406.22
Uttar Pradesh,Wheat,2022,9,2022-09-01,Sirsaganj APMC,2293.36
Uttar Pradesh,Wheat,2022,9,2022-09-01,Sitapur APMC,2311.81
Uttar Pradesh,Wheat,2022,9,2022-09-01,Sultanpur APMC,2347.58
Uttar Pradesh,Wheat,2022,9,2022-09-01,Tamkuhi road APMC,2240.0
Uttar Pradesh,Wheat,2022,9,2022-09-01,Thanabhawan APMC,2098.46
Uttar Pradesh,Wheat,2022,9,2022-09-01,Tikonia APMC,2206.33
Uttar Pradesh,Wheat,2022,9,2022-09-01,Tulsipur APMC,2284.24
Uttar Pradesh,Wheat,2022,9,2022-09-01,Tundla APMC,2415.39
Uttar Pradesh,Wheat,2022,9,2022-09-01,Ujhani APMC,2212.94
Uttar Pradesh,Wheat,2022,9,2022-09-01,Unnao APMC,2314.99
Uttar Pradesh,Wheat,2022,9,2022-09-01,Uttaripura APMC,2100.41
Uttar Pradesh,Wheat,2022,9,2022-09-01,Varanasi APMC,2254.62
Uttar Pradesh,Wheat,2022,9,2022-09-01,Viswan APMC,2293.63
Uttar Pradesh,Wheat,2022,9,2022-09-01,Wazirganj APMC,2258.48
Uttar Pradesh,Wheat,2022,9,2022-09-01,Yusufpur APMC,2210.71
Uttar Pradesh,Wheat,2022,9,2022-09-01,Note:,
Uttar Pradesh,Wheat,2022,9,2022-09-01,Weighted Average Price = ∑(arrival quantity * modal price) / ∑arrival quantity,
Uttar Pradesh,Wheat,2022,9,2022-09-01,Change (Over Previous Month) = [Price - Price(Over Previous Month)/Price(Over Previous Month)] * 100,
Uttar Pradesh,Wheat,2022,9,2022-09-01,Change (Over Previous Year) = [Price - Price(Over Previous Year)/Price(Over Previous Year)] * 100,
Uttar Pradesh,Wheat,2022,10,2022-10-01,Achalda APMC,2324.32
Uttar Pradesh,Wheat,2022,10,2022-10-01,Achnera APMC,2435.0
Uttar Pradesh,Wheat,2022,10,2022-10-01,Agra APMC,2405.35
Uttar Pradesh,Wheat,2022,10,2022-10-01,Ahirora APMC,2293.48
Uttar Pradesh,Wheat,2022,10,2022-10-01,Ait APMC,2343.76
Uttar Pradesh,Wheat,2022,10,2022-10-01,Ajuha APMC,2324.6
Uttar Pradesh,Wheat,2022,10,2022-10-01,Akbarpur APMC,2394.58
Uttar Pradesh,Wheat,2022,10,2022-10-01,Aliganj APMC,2212.92
Uttar Pradesh,Wheat,2022,10,2022-10-01,Aligarh APMC,2398.22
Uttar Pradesh,Wheat,2022,10,2022-10-01,Amroha APMC,2310.95
Uttar Pradesh,Wheat,2022,10,2022-10-01,Anandnagar APMC,2253.37
Uttar Pradesh,Wheat,2022,10,2022-10-01,Anoop Shahar APMC,
Uttar Pradesh,Wheat,2022,10,2022-10-01,Atarra APMC,2286.67
Uttar Pradesh,Wheat,2022,10,2022-10-01,Atrauli APMC,2233.33
Uttar Pradesh,Wheat,2022,10,2022-10-01,Auraiya APMC,2329.83
Uttar Pradesh,Wheat,2022,10,2022-10-01,Ayodhya APMC,2395.37
Uttar Pradesh,Wheat,2022,10,2022-10-01,Azamgarh APMC,2260.3
Uttar Pradesh,Wheat,2022,10,2022-10-01,Baberu APMC,2322.8
Uttar Pradesh,Wheat,2022,10,2022-10-01,Babrala APMC,2118.07
Uttar Pradesh,Wheat,2022,10,2022-10-01,Bachranwa APMC,2237.27
Uttar Pradesh,Wheat,2022,10,2022-10-01,Badayoun APMC,2311.54
Uttar Pradesh,Wheat,2022,10,2022-10-01,Badda APMC,
Uttar Pradesh,Wheat,2022,10,2022-10-01,Bahraich APMC,2382.54
Uttar Pradesh,Wheat,2022,10,2022-10-01,Ballia APMC,2286.09
Uttar Pradesh,Wheat,2022,10,2022-10-01,Balrampur APMC,2332.16
Uttar Pradesh,Wheat,2022,10,2022-10-01,Banda APMC,2306.42
Uttar Pradesh,Wheat,2022,10,2022-10-01,Bangarmau APMC,2331.65
Uttar Pradesh,Wheat,2022,10,2022-10-01,Bansi APMC,2300.0
Uttar Pradesh,Wheat,2022,10,2022-10-01,Barabanki APMC,2359.89
Uttar Pradesh,Wheat,2022,10,2022-10-01,Bareilly APMC,2307.64
Uttar Pradesh,Wheat,2022,10,2022-10-01,Barhaj APMC,2264.41
Uttar Pradesh,Wheat,2022,10,2022-10-01,Baripaal APMC,2291.92
Uttar Pradesh,Wheat,2022,10,2022-10-01,Basti APMC,2278.45
Uttar Pradesh,Wheat,2022,10,2022-10-01,Bewar APMC,2150.64
Uttar Pradesh,Wheat,2022,10,2022-10-01,Bharthna APMC,2334.45
Uttar Pradesh,Wheat,2022,10,2022-10-01,Bharuasumerpur APMC,2322.27
Uttar Pradesh,Wheat,2022,10,2022-10-01,Bharwari APMC,2327.72
Uttar Pradesh,Wheat,2022,10,2022-10-01,Bhehjoi APMC,2148.82
Uttar Pradesh,Wheat,2022,10,2022-10-01,Bijnaur APMC,2305.17
Uttar Pradesh,Wheat,2022,10,2022-10-01,Bilsi APMC,2374.94
Uttar Pradesh,Wheat,2022,10,2022-10-01,Bindki APMC,2397.67
Uttar Pradesh,Wheat,2022,10,2022-10-01,Bishalpur APMC,2301.53
Uttar Pradesh,Wheat,2022,10,2022-10-01,Buland Shahr APMC,2368.46
Uttar Pradesh,Wheat,2022,10,2022-10-01,Chandausi APMC,2302.27
Uttar Pradesh,Wheat,2022,10,2022-10-01,Chandoli APMC,2289.33
Uttar Pradesh,Wheat,2022,10,2022-10-01,Charkhari APMC,2208.89
Uttar Pradesh,Wheat,2022,10,2022-10-01,Charra APMC,2387.22
Uttar Pradesh,Wheat,2022,10,2022-10-01,Chhibramau APMC,2283.64
Uttar Pradesh,Wheat,2022,10,2022-10-01,Chirgaon APMC,2307.42
Uttar Pradesh,Wheat,2022,10,2022-10-01,Chorichora APMC,2299.27
Uttar Pradesh,Wheat,2022,10,2022-10-01,Choubepur APMC,2342.27
Uttar Pradesh,Wheat,2022,10,2022-10-01,Colonelganj APMC,2173.52
Uttar Pradesh,Wheat,2022,10,2022-10-01,DADRI APMC,2389.94
Uttar Pradesh,Wheat,2022,10,2022-10-01,Dankaur APMC,2344.39
Uttar Pradesh,Wheat,2022,10,2022-10-01,Dataganj APMC,2050.0
Uttar Pradesh,Wheat,2022,10,2022-10-01,Devariya APMC,2268.8
Uttar Pradesh,Wheat,2022,10,2022-10-01,Dhanaura APMC,2024.48
Uttar Pradesh,Wheat,2022,10,2022-10-01,Dibiapur APMC,2310.41
Uttar Pradesh,Wheat,2022,10,2022-10-01,Divai APMC,2137.08
Uttar Pradesh,Wheat,2022,10,2022-10-01,Doharighat APMC,2285.0
Uttar Pradesh,Wheat,2022,10,2022-10-01,Etah APMC,2382.6
Uttar Pradesh,Wheat,2022,10,2022-10-01,Etawah APMC,2354.96
Uttar Pradesh,Wheat,2022,10,2022-10-01,Farukhabad APMC,2333.17
Uttar Pradesh,Wheat,2022,10,2022-10-01,Fatehabad APMC,2015.0
Uttar Pradesh,Wheat,2022,10,2022-10-01,Fatehpur APMC,2274.49
Uttar Pradesh,Wheat,2022,10,2022-10-01,Fatehpur Sikri APMC,2367.06
Uttar Pradesh,Wheat,2022,10,2022-10-01,Firozabad APMC,2454.61
Uttar Pradesh,Wheat,2022,10,2022-10-01,Gadaura APMC,
Uttar Pradesh,Wheat,2022,10,2022-10-01,Gazipur APMC,2280.86
Uttar Pradesh,Wheat,2022,10,2022-10-01,Ghaziabad APMC,2416.79
Uttar Pradesh,Wheat,2022,10,2022-10-01,Ghiraur APMC,2304.79
Uttar Pradesh,Wheat,2022,10,2022-10-01,Golagokarnath APMC,2293.09
Uttar Pradesh,Wheat,2022,10,2022-10-01,Gonda APMC,2334.92
Uttar Pradesh,Wheat,2022,10,2022-10-01,Gopiganj APMC,2276.96
Uttar Pradesh,Wheat,2022,10,2022-10-01,Gorakhpur APMC,2287.98
Uttar Pradesh,Wheat,2022,10,2022-10-01,Gurusarai APMC,2286.93
Uttar Pradesh,Wheat,2022,10,2022-10-01,Haathras APMC,2375.25
Uttar Pradesh,Wheat,2022,10,2022-10-01,Hamirpur APMC,
Uttar Pradesh,Wheat,2022,10,2022-10-01,Hapur APMC,2391.74
Uttar Pradesh,Wheat,2022,10,2022-10-01,Hardoi APMC,2328.58
Uttar Pradesh,Wheat,2022,10,2022-10-01,Hargaon (Laharpur) APMC,2338.5
Uttar Pradesh,Wheat,2022,10,2022-10-01,Jafarganj APMC,2350.44
Uttar Pradesh,Wheat,2022,10,2022-10-01,Jagnair APMC,2238.82
Uttar Pradesh,Wheat,2022,10,2022-10-01,Jahanabad APMC,2150.0
Uttar Pradesh,Wheat,2022,10,2022-10-01,Jahangirabad APMC,2372.03
Uttar Pradesh,Wheat,2022,10,2022-10-01,Jalaun APMC,2277.6
Uttar Pradesh,Wheat,2022,10,2022-10-01,Jamanian APMC,
Uttar Pradesh,Wheat,2022,10,2022-10-01,Jangipura APMC,2247.33
Uttar Pradesh,Wheat,2022,10,2022-10-01,Jasra APMC,2330.08
Uttar Pradesh,Wheat,2022,10,2022-10-01,Jaunpur APMC,2283.81
Uttar Pradesh,Wheat,2022,10,2022-10-01,Jayas APMC,2354.45
Uttar Pradesh,Wheat,2022,10,2022-10-01,Jhansi APMC,2350.78
Uttar Pradesh,Wheat,2022,10,2022-10-01,Jhijhank APMC,2328.72
Uttar Pradesh,Wheat,2022,10,2022-10-01,Kadaura APMC,2268.69
Uttar Pradesh,Wheat,2022,10,2022-10-01,Kalpi APMC,2233.25
Uttar Pradesh,Wheat,2022,10,2022-10-01,Kamlaganj APMC,2350.0
Uttar Pradesh,Wheat,2022,10,2022-10-01,Kannauj APMC,2349.4
Uttar Pradesh,Wheat,2022,10,2022-10-01,Kanpur(Grain) APMC,2407.69
Uttar Pradesh,Wheat,2022,10,2022-10-01,Karvi APMC,2257.3
Uttar Pradesh,Wheat,2022,10,2022-10-01,Kasganj APMC,2393.93
Uttar Pradesh,Wheat,2022,10,2022-10-01,Kayamganj APMC,2356.39
Uttar Pradesh,Wheat,2022,10,2022-10-01,Khaga APMC,2275.03
Uttar Pradesh,Wheat,2022,10,2022-10-01,Khair APMC,2237.21
Uttar Pradesh,Wheat,2022,10,2022-10-01,Khairagarh APMC,2292.35
Uttar Pradesh,Wheat,2022,10,2022-10-01,Khurja APMC,2393.01
Uttar Pradesh,Wheat,2022,10,2022-10-01,Kishunpur APMC,2230.88
Uttar Pradesh,Wheat,2022,10,2022-10-01,Konch APMC,2277.59
Uttar Pradesh,Wheat,2022,10,2022-10-01,Kopaganj APMC,2285.0
Uttar Pradesh,Wheat,2022,10,2022-10-01,Kosikalan APMC,2366.14
Uttar Pradesh,Wheat,2022,10,2022-10-01,Kurara APMC,2148.84
Uttar Pradesh,Wheat,2022,10,2022-10-01,Lakhimpur APMC,2296.12
Uttar Pradesh,Wheat,2022,10,2022-10-01,Lalganj APMC,2340.2
Uttar Pradesh,Wheat,2022,10,2022-10-01,Lalitpur APMC,2307.44
Uttar Pradesh,Wheat,2022,10,2022-10-01,Lucknow APMC,2367.58
Uttar Pradesh,Wheat,2022,10,2022-10-01,Madhoganj APMC,2316.94
Uttar Pradesh,Wheat,2022,10,2022-10-01,Madhogarh APMC,2235.15
Uttar Pradesh,Wheat,2022,10,2022-10-01,Mahoba APMC,2307.41
Uttar Pradesh,Wheat,2022,10,2022-10-01,Maigalganj APMC,2230.48
Uttar Pradesh,Wheat,2022,10,2022-10-01,Mainpuri APMC,2315.73
Uttar Pradesh,Wheat,2022,10,2022-10-01,Mathura APMC,2396.87
Uttar Pradesh,Wheat,2022,10,2022-10-01,Mau(Chitrakut) APMC,2318.41
Uttar Pradesh,Wheat,2022,10,2022-10-01,Maudaha APMC,2301.07
Uttar Pradesh,Wheat,2022,10,2022-10-01,Mauranipur APMC,2296.06
Uttar Pradesh,Wheat,2022,10,2022-10-01,Mawana APMC,2406.68
Uttar Pradesh,Wheat,2022,10,2022-10-01,Meerut APMC,2396.65
Uttar Pradesh,Wheat,2022,10,2022-10-01,Mehmoodabad APMC,
Uttar Pradesh,Wheat,2022,10,2022-10-01,Mehrauni APMC,2100.0
Uttar Pradesh,Wheat,2022,10,2022-10-01,Milak APMC,2305.89
Uttar Pradesh,Wheat,2022,10,2022-10-01,Mirzapur APMC,2305.7
Uttar Pradesh,Wheat,2022,10,2022-10-01,Mohamadabad APMC,2344.03
Uttar Pradesh,Wheat,2022,10,2022-10-01,Mohammdi APMC,2296.24
Uttar Pradesh,Wheat,2022,10,2022-10-01,Moth APMC,2254.84
Uttar Pradesh,Wheat,2022,10,2022-10-01,Mugrabaadshahpur APMC,2291.99
Uttar Pradesh,Wheat,2022,10,2022-10-01,Muradabad APMC,2306.19
Uttar Pradesh,Wheat,2022,10,2022-10-01,Muradnagar APMC,2420.0
Uttar Pradesh,Wheat,2022,10,2022-10-01,Muskara APMC,2286.59
Uttar Pradesh,Wheat,2022,10,2022-10-01,Muzzafarnagar APMC,2374.68
Uttar Pradesh,Wheat,2022,10,2022-10-01,Naanpara APMC,2382.33
Uttar Pradesh,Wheat,2022,10,2022-10-01,Najibabad APMC,2305.99
Uttar Pradesh,Wheat,2022,10,2022-10-01,Naugarh APMC,2254.92
Uttar Pradesh,Wheat,2022,10,2022-10-01,Nautnava APMC,2176.79
Uttar Pradesh,Wheat,2022,10,2022-10-01,Nawabganj APMC,2324.37
Uttar Pradesh,Wheat,2022,10,2022-10-01,Orai APMC,2301.03
Uttar Pradesh,Wheat,2022,10,2022-10-01,Paliakala APMC,
Uttar Pradesh,Wheat,2022,10,2022-10-01,Panchpedwa APMC,2283.67
Uttar Pradesh,Wheat,2022,10,2022-10-01,Partaval APMC,2276.42
Uttar Pradesh,Wheat,2022,10,2022-10-01,Pilibhit APMC,2308.64
Uttar Pradesh,Wheat,2022,10,2022-10-01,Powayan APMC,2313.06
Uttar Pradesh,Wheat,2022,10,2022-10-01,Pratapgarh APMC,2379.74
Uttar Pradesh,Wheat,2022,10,2022-10-01,Prayagraj APMC,2334.26
Uttar Pradesh,Wheat,2022,10,2022-10-01,Pukharayan APMC,2352.14
Uttar Pradesh,Wheat,2022,10,2022-10-01,Puranpur APMC,2305.09
Uttar Pradesh,Wheat,2022,10,2022-10-01,Purwa APMC,2302.29
Uttar Pradesh,Wheat,2022,10,2022-10-01,Raath APMC,2286.17
Uttar Pradesh,Wheat,2022,10,2022-10-01,Raibareilly APMC,2314.76
Uttar Pradesh,Wheat,2022,10,2022-10-01,Rampur APMC,2259.62
Uttar Pradesh,Wheat,2022,10,2022-10-01,Rasda APMC,2264.06
Uttar Pradesh,Wheat,2022,10,2022-10-01,Richha APMC,2051.1
Uttar Pradesh,Wheat,2022,10,2022-10-01,Robertsganj APMC,2422.45
Uttar Pradesh,Wheat,2022,10,2022-10-01,Rura APMC,2223.3
Uttar Pradesh,Wheat,2022,10,2022-10-01,Safdarganj APMC,2343.3
Uttar Pradesh,Wheat,2022,10,2022-10-01,Saharanpur APMC,2367.82
Uttar Pradesh,Wheat,2022,10,2022-10-01,Sahiyapur APMC,2148.07
Uttar Pradesh,Wheat,2022,10,2022-10-01,Salon APMC,2264.3
Uttar Pradesh,Wheat,2022,10,2022-10-01,Samsabad APMC,2396.0
Uttar Pradesh,Wheat,2022,10,2022-10-01,Sandi APMC,2153.7
Uttar Pradesh,Wheat,2022,10,2022-10-01,Sandila APMC,2318.12
Uttar Pradesh,Wheat,2022,10,2022-10-01,Sehjanwa APMC,2330.47
Uttar Pradesh,Wheat,2022,10,2022-10-01,Shahabad APMC,
Uttar Pradesh,Wheat,2022,10,2022-10-01,Shahabad(New Mandi) APMC,2300.0
Uttar Pradesh,Wheat,2022,10,2022-10-01,Shahganj APMC,2272.6
Uttar Pradesh,Wheat,2022,10,2022-10-01,Shahjahanpur APMC,2255.81
Uttar Pradesh,Wheat,2022,10,2022-10-01,Shahpur APMC,2267.03
Uttar Pradesh,Wheat,2022,10,2022-10-01,Shamli APMC,2375.98
Uttar Pradesh,Wheat,2022,10,2022-10-01,Shikohabad APMC,
Uttar Pradesh,Wheat,2022,10,2022-10-01,Sikandraraau APMC,2280.92
Uttar Pradesh,Wheat,2022,10,2022-10-01,Sikarpur APMC,2264.04
Uttar Pradesh,Wheat,2022,10,2022-10-01,Sirsa APMC,2326.07
Uttar Pradesh,Wheat,2022,10,2022-10-01,Sirsaganj APMC,2336.78
Uttar Pradesh,Wheat,2022,10,2022-10-01,Sitapur APMC,2315.49
Uttar Pradesh,Wheat,2022,10,2022-10-01,Sultanpur APMC,2346.38
Uttar Pradesh,Wheat,2022,10,2022-10-01,Tamkuhi road APMC,2280.0
Uttar Pradesh,Wheat,2022,10,2022-10-01,Thanabhawan APMC,2100.0
Uttar Pradesh,Wheat,2022,10,2022-10-01,Tikonia APMC,2200.0
Uttar Pradesh,Wheat,2022,10,2022-10-01,Tulsipur APMC,2324.63
Uttar Pradesh,Wheat,2022,10,2022-10-01,Tundla APMC,2427.3
Uttar Pradesh,Wheat,2022,10,2022-10-01,Ujhani APMC,
Uttar Pradesh,Wheat,2022,10,2022-10-01,Unnao APMC,2311.66
Uttar Pradesh,Wheat,2022,10,2022-10-01,Uttaripura APMC,2194.22
Uttar Pradesh,Wheat,2022,10,2022-10-01,Varanasi APMC,2331.94
Uttar Pradesh,Wheat,2022,10,2022-10-01,Viswan APMC,2300.65
Uttar Pradesh,Wheat,2022,10,2022-10-01,Wazirganj APMC,2296.1
Uttar Pradesh,Wheat,2022,10,2022-10-01,Yusufpur APMC,
Uttar Pradesh,Wheat,2022,10,2022-10-01,Note:,
Uttar Pradesh,Wheat,2022,10,2022-10-01,Weighted Average Price = ∑(arrival quantity * modal price) / ∑arrival quantity,
Uttar Pradesh,Wheat,2022,10,2022-10-01,Change (Over Previous Month) = [Price - Price(Over Previous Month)/Price(Over Previous Month)] * 100,
Uttar Pradesh,Wheat,2022,10,2022-10-01,Change (Over Previous Year) = [Price - Price(Over Previous Year)/Price(Over Previous Year)] * 100,
Uttar Pradesh,Wheat,2022,11,2022-11-01,Achalda APMC,2508.1
Uttar Pradesh,Wheat,2022,11,2022-11-01,Achnera APMC,2670.0
Uttar Pradesh,Wheat,2022,11,2022-11-01,Agra APMC,2555.31
Uttar Pradesh,Wheat,2022,11,2022-11-01,Ahirora APMC,2393.9
Uttar Pradesh,Wheat,2022,11,2022-11-01,Ait APMC,2602.68
Uttar Pradesh,Wheat,2022,11,2022-11-01,Ajuha APMC,2440.87
Uttar Pradesh,Wheat,2022,11,2022-11-01,Akbarpur APMC,2532.45
Uttar Pradesh,Wheat,2022,11,2022-11-01,Aliganj APMC,2379.92
Uttar Pradesh,Wheat,2022,11,2022-11-01,Aligarh APMC,2573.39
Uttar Pradesh,Wheat,2022,11,2022-11-01,Amroha APMC,2432.17
Uttar Pradesh,Wheat,2022,11,2022-11-01,Anandnagar APMC,2418.23
Uttar Pradesh,Wheat,2022,11,2022-11-01,Atarra APMC,2423.34
Uttar Pradesh,Wheat,2022,11,2022-11-01,Atrauli APMC,
Uttar Pradesh,Wheat,2022,11,2022-11-01,Auraiya APMC,2496.39
Uttar Pradesh,Wheat,2022,11,2022-11-01,Awagarh APMC,2400.0
Uttar Pradesh,Wheat,2022,11,2022-11-01,Ayodhya APMC,2555.85
Uttar Pradesh,Wheat,2022,11,2022-11-01,Azamgarh APMC,2414.05
Uttar Pradesh,Wheat,2022,11,2022-11-01,Baberu APMC,2451.82
Uttar Pradesh,Wheat,2022,11,2022-11-01,Babrala APMC,2253.73
Uttar Pradesh,Wheat,2022,11,2022-11-01,Bachranwa APMC,2447.23
Uttar Pradesh,Wheat,2022,11,2022-11-01,Badayoun APMC,2407.66
Uttar Pradesh,Wheat,2022,11,2022-11-01,Bahraich APMC,2484.86
Uttar Pradesh,Wheat,2022,11,2022-11-01,Ballia APMC,2392.92
Uttar Pradesh,Wheat,2022,11,2022-11-01,Balrampur APMC,2370.83
Uttar Pradesh,Wheat,2022,11,2022-11-01,Banda APMC,2427.85
Uttar Pradesh,Wheat,2022,11,2022-11-01,Bangarmau APMC,2419.65
Uttar Pradesh,Wheat,2022,11,2022-11-01,Bansi APMC,2475.0
Uttar Pradesh,Wheat,2022,11,2022-11-01,Barabanki APMC,2339.7
Uttar Pradesh,Wheat,2022,11,2022-11-01,Bareilly APMC,2440.5
Uttar Pradesh,Wheat,2022,11,2022-11-01,Barhaj APMC,2422.82
Uttar Pradesh,Wheat,2022,11,2022-11-01,Baripaal APMC,2407.38
Uttar Pradesh,Wheat,2022,11,2022-11-01,Basti APMC,2437.2
Uttar Pradesh,Wheat,2022,11,2022-11-01,Bewar APMC,2369.99
Uttar Pradesh,Wheat,2022,11,2022-11-01,Bharthna APMC,2550.65
Uttar Pradesh,Wheat,2022,11,2022-11-01,Bharuasumerpur APMC,2502.14
Uttar Pradesh,Wheat,2022,11,2022-11-01,Bharwari APMC,2369.17
Uttar Pradesh,Wheat,2022,11,2022-11-01,Bhehjoi APMC,2150.0
Uttar Pradesh,Wheat,2022,11,2022-11-01,Bijnaur APMC,2405.64
Uttar Pradesh,Wheat,2022,11,2022-11-01,Bilsi APMC,2499.09
Uttar Pradesh,Wheat,2022,11,2022-11-01,Bindki APMC,2599.83
Uttar Pradesh,Wheat,2022,11,2022-11-01,Bishalpur APMC,2346.64
Uttar Pradesh,Wheat,2022,11,2022-11-01,Buland Shahr APMC,2549.31
Uttar Pradesh,Wheat,2022,11,2022-11-01,Chandausi APMC,2367.86
Uttar Pradesh,Wheat,2022,11,2022-11-01,Chandoli APMC,2360.37
Uttar Pradesh,Wheat,2022,11,2022-11-01,Charkhari APMC,2250.0
Uttar Pradesh,Wheat,2022,11,2022-11-01,Charra APMC,2537.93
Uttar Pradesh,Wheat,2022,11,2022-11-01,Chhibramau APMC,2365.77
Uttar Pradesh,Wheat,2022,11,2022-11-01,Chirgaon APMC,2391.72
Uttar Pradesh,Wheat,2022,11,2022-11-01,Chorichora APMC,2431.99
Uttar Pradesh,Wheat,2022,11,2022-11-01,Choubepur APMC,2504.91
Uttar Pradesh,Wheat,2022,11,2022-11-01,Colonelganj APMC,2350.0
Uttar Pradesh,Wheat,2022,11,2022-11-01,DADRI APMC,2537.62
Uttar Pradesh,Wheat,2022,11,2022-11-01,Dankaur APMC,
Uttar Pradesh,Wheat,2022,11,2022-11-01,Dataganj APMC,
Uttar Pradesh,Wheat,2022,11,2022-11-01,Devariya APMC,2407.06
Uttar Pradesh,Wheat,2022,11,2022-11-01,Dhanaura APMC,2022.97
Uttar Pradesh,Wheat,2022,11,2022-11-01,Dibiapur APMC,2381.03
Uttar Pradesh,Wheat,2022,11,2022-11-01,Divai APMC,2300.95
Uttar Pradesh,Wheat,2022,11,2022-11-01,Doharighat APMC,2455.0
Uttar Pradesh,Wheat,2022,11,2022-11-01,Etah APMC,2442.12
Uttar Pradesh,Wheat,2022,11,2022-11-01,Etawah APMC,2575.66
Uttar Pradesh,Wheat,2022,11,2022-11-01,Farukhabad APMC,2533.3
Uttar Pradesh,Wheat,2022,11,2022-11-01,Fatehabad APMC,2262.5
Uttar Pradesh,Wheat,2022,11,2022-11-01,Fatehpur APMC,2417.69
Uttar Pradesh,Wheat,2022,11,2022-11-01,Fatehpur Sikri APMC,2495.41
Uttar Pradesh,Wheat,2022,11,2022-11-01,Firozabad APMC,2593.31
Uttar Pradesh,Wheat,2022,11,2022-11-01,Gazipur APMC,2380.22
Uttar Pradesh,Wheat,2022,11,2022-11-01,Ghaziabad APMC,2558.45
Uttar Pradesh,Wheat,2022,11,2022-11-01,Ghiraur APMC,2517.94
Uttar Pradesh,Wheat,2022,11,2022-11-01,Golagokarnath APMC,2281.35
Uttar Pradesh,Wheat,2022,11,2022-11-01,Gonda APMC,2374.27
Uttar Pradesh,Wheat,2022,11,2022-11-01,Gopiganj APMC,2348.9
Uttar Pradesh,Wheat,2022,11,2022-11-01,Gorakhpur APMC,2427.53
Uttar Pradesh,Wheat,2022,11,2022-11-01,Gurusarai APMC,2366.51
Uttar Pradesh,Wheat,2022,11,2022-11-01,Haathras APMC,2594.64
Uttar Pradesh,Wheat,2022,11,2022-11-01,Hamirpur APMC,
Uttar Pradesh,Wheat,2022,11,2022-11-01,Hapur APMC,2532.78
Uttar Pradesh,Wheat,2022,11,2022-11-01,Hardoi APMC,2431.6
Uttar Pradesh,Wheat,2022,11,2022-11-01,Hargaon (Laharpur) APMC,2344.32
Uttar Pradesh,Wheat,2022,11,2022-11-01,Jafarganj APMC,2428.28
Uttar Pradesh,Wheat,2022,11,2022-11-01,Jagnair APMC,2279.08
Uttar Pradesh,Wheat,2022,11,2022-11-01,Jahanabad APMC,
Uttar Pradesh,Wheat,2022,11,2022-11-01,Jahangirabad APMC,2532.62
Uttar Pradesh,Wheat,2022,11,2022-11-01,Jalaun APMC,2465.54
Uttar Pradesh,Wheat,2022,11,2022-11-01,Jamanian APMC,2500.0
Uttar Pradesh,Wheat,2022,11,2022-11-01,Jangipura APMC,2380.23
Uttar Pradesh,Wheat,2022,11,2022-11-01,Jasra APMC,2416.13
Uttar Pradesh,Wheat,2022,11,2022-11-01,Jaunpur APMC,2371.73
Uttar Pradesh,Wheat,2022,11,2022-11-01,Jayas APMC,2482.49
Uttar Pradesh,Wheat,2022,11,2022-11-01,Jhansi APMC,2444.29
Uttar Pradesh,Wheat,2022,11,2022-11-01,Jhijhank APMC,2372.34
Uttar Pradesh,Wheat,2022,11,2022-11-01,Kadaura APMC,2284.85
Uttar Pradesh,Wheat,2022,11,2022-11-01,Kalpi APMC,2352.82
Uttar Pradesh,Wheat,2022,11,2022-11-01,Kamlaganj APMC,2650.0
Uttar Pradesh,Wheat,2022,11,2022-11-01,Kannauj APMC,2485.13
Uttar Pradesh,Wheat,2022,11,2022-11-01,Kanpur(Grain) APMC,2581.47
Uttar Pradesh,Wheat,2022,11,2022-11-01,Karvi APMC,2435.35
Uttar Pradesh,Wheat,2022,11,2022-11-01,Kasganj APMC,2455.09
Uttar Pradesh,Wheat,2022,11,2022-11-01,Kayamganj APMC,2471.47
Uttar Pradesh,Wheat,2022,11,2022-11-01,Khaga APMC,2387.24
Uttar Pradesh,Wheat,2022,11,2022-11-01,Khair APMC,2550.8
Uttar Pradesh,Wheat,2022,11,2022-11-01,Khairagarh APMC,2514.17
Uttar Pradesh,Wheat,2022,11,2022-11-01,Khurja APMC,2558.83
Uttar Pradesh,Wheat,2022,11,2022-11-01,Kishunpur APMC,2468.75
Uttar Pradesh,Wheat,2022,11,2022-11-01,Konch APMC,2497.65
Uttar Pradesh,Wheat,2022,11,2022-11-01,Kopaganj APMC,2428.76
Uttar Pradesh,Wheat,2022,11,2022-11-01,Kosikalan APMC,2569.92
Uttar Pradesh,Wheat,2022,11,2022-11-01,Kurara APMC,2316.2
Uttar Pradesh,Wheat,2022,11,2022-11-01,Lakhimpur APMC,2279.25
Uttar Pradesh,Wheat,2022,11,2022-11-01,Lalganj APMC,2417.46
Uttar Pradesh,Wheat,2022,11,2022-11-01,Lalitpur APMC,2494.73
Uttar Pradesh,Wheat,2022,11,2022-11-01,Lucknow APMC,2495.83
Uttar Pradesh,Wheat,2022,11,2022-11-01,Madhoganj APMC,2402.65
Uttar Pradesh,Wheat,2022,11,2022-11-01,Madhogarh APMC,2326.23
Uttar Pradesh,Wheat,2022,11,2022-11-01,Mahoba APMC,2413.49
Uttar Pradesh,Wheat,2022,11,2022-11-01,Maigalganj APMC,2213.03
Uttar Pradesh,Wheat,2022,11,2022-11-01,Mainpuri APMC,2528.87
Uttar Pradesh,Wheat,2022,11,2022-11-01,Mathura APMC,2575.41
Uttar Pradesh,Wheat,2022,11,2022-11-01,Mau(Chitrakut) APMC,2475.18
Uttar Pradesh,Wheat,2022,11,2022-11-01,Maudaha APMC,2446.08
Uttar Pradesh,Wheat,2022,11,2022-11-01,Mauranipur APMC,2378.26
Uttar Pradesh,Wheat,2022,11,2022-11-01,Mawana APMC,2650.0
Uttar Pradesh,Wheat,2022,11,2022-11-01,Meerut APMC,2546.94
Uttar Pradesh,Wheat,2022,11,2022-11-01,Mehmoodabad APMC,
Uttar Pradesh,Wheat,2022,11,2022-11-01,Mehrauni APMC,2273.29
Uttar Pradesh,Wheat,2022,11,2022-11-01,Milak APMC,2446.38
Uttar Pradesh,Wheat,2022,11,2022-11-01,Mirzapur APMC,2398.2
Uttar Pradesh,Wheat,2022,11,2022-11-01,Mohamadabad APMC,2532.65
Uttar Pradesh,Wheat,2022,11,2022-11-01,Mohammdi APMC,2287.18
Uttar Pradesh,Wheat,2022,11,2022-11-01,Moth APMC,2340.0
Uttar Pradesh,Wheat,2022,11,2022-11-01,Mugrabaadshahpur APMC,2362.66
Uttar Pradesh,Wheat,2022,11,2022-11-01,Muradabad APMC,2339.67
Uttar Pradesh,Wheat,2022,11,2022-11-01,Muradnagar APMC,2650.0
Uttar Pradesh,Wheat,2022,11,2022-11-01,Muskara APMC,2431.16
Uttar Pradesh,Wheat,2022,11,2022-11-01,Muzzafarnagar APMC,2529.75
Uttar Pradesh,Wheat,2022,11,2022-11-01,Naanpara APMC,2486.01
Uttar Pradesh,Wheat,2022,11,2022-11-01,Najibabad APMC,2353.32
Uttar Pradesh,Wheat,2022,11,2022-11-01,Naugarh APMC,2445.38
Uttar Pradesh,Wheat,2022,11,2022-11-01,Nautnava APMC,2218.0
Uttar Pradesh,Wheat,2022,11,2022-11-01,Nawabganj APMC,2400.12
Uttar Pradesh,Wheat,2022,11,2022-11-01,Orai APMC,2532.25
Uttar Pradesh,Wheat,2022,11,2022-11-01,Paliakala APMC,
Uttar Pradesh,Wheat,2022,11,2022-11-01,Panchpedwa APMC,2372.77
Uttar Pradesh,Wheat,2022,11,2022-11-01,Partaval APMC,2422.16
Uttar Pradesh,Wheat,2022,11,2022-11-01,Pilibhit APMC,2383.66
Uttar Pradesh,Wheat,2022,11,2022-11-01,Powayan APMC,2414.97
Uttar Pradesh,Wheat,2022,11,2022-11-01,Pratapgarh APMC,2455.13
Uttar Pradesh,Wheat,2022,11,2022-11-01,Prayagraj APMC,2406.78
Uttar Pradesh,Wheat,2022,11,2022-11-01,Pukharayan APMC,2370.18
Uttar Pradesh,Wheat,2022,11,2022-11-01,Puranpur APMC,2376.63
Uttar Pradesh,Wheat,2022,11,2022-11-01,Purwa APMC,2352.78
Uttar Pradesh,Wheat,2022,11,2022-11-01,Raath APMC,2439.62
Uttar Pradesh,Wheat,2022,11,2022-11-01,Raibareilly APMC,2473.28
Uttar Pradesh,Wheat,2022,11,2022-11-01,Rampur APMC,2427.02
Uttar Pradesh,Wheat,2022,11,2022-11-01,Rasda APMC,2363.52
Uttar Pradesh,Wheat,2022,11,2022-11-01,Richha APMC,
Uttar Pradesh,Wheat,2022,11,2022-11-01,Robertsganj APMC,2478.47
Uttar Pradesh,Wheat,2022,11,2022-11-01,Rura APMC,2300.0
Uttar Pradesh,Wheat,2022,11,2022-11-01,Safdarganj APMC,2328.67
Uttar Pradesh,Wheat,2022,11,2022-11-01,Saharanpur APMC,2511.02
Uttar Pradesh,Wheat,2022,11,2022-11-01,Sahiyapur APMC,2432.74
Uttar Pradesh,Wheat,2022,11,2022-11-01,Salon APMC,2405.0
Uttar Pradesh,Wheat,2022,11,2022-11-01,Samsabad APMC,2488.15
Uttar Pradesh,Wheat,2022,11,2022-11-01,Sandi APMC,2251.61
Uttar Pradesh,Wheat,2022,11,2022-11-01,Sandila APMC,2406.4
Uttar Pradesh,Wheat,2022,11,2022-11-01,Sehjanwa APMC,2398.58
Uttar Pradesh,Wheat,2022,11,2022-11-01,Shahabad(New Mandi) APMC,2354.04
Uttar Pradesh,Wheat,2022,11,2022-11-01,Shahaswan APMC,2400.0
Uttar Pradesh,Wheat,2022,11,2022-11-01,Shahganj APMC,2315.61
Uttar Pradesh,Wheat,2022,11,2022-11-01,Shahjahanpur APMC,2370.7
Uttar Pradesh,Wheat,2022,11,2022-11-01,Shahpur APMC,2250.0
Uttar Pradesh,Wheat,2022,11,2022-11-01,Shamli APMC,2567.92
Uttar Pradesh,Wheat,2022,11,2022-11-01,Shikohabad APMC,
Uttar Pradesh,Wheat,2022,11,2022-11-01,Sikandraraau APMC,2412.62
Uttar Pradesh,Wheat,2022,11,2022-11-01,Sikarpur APMC,2369.19
Uttar Pradesh,Wheat,2022,11,2022-11-01,Sirsa APMC,2397.84
Uttar Pradesh,Wheat,2022,11,2022-11-01,Sirsaganj APMC,2512.68
Uttar Pradesh,Wheat,2022,11,2022-11-01,Sitapur APMC,2404.37
Uttar Pradesh,Wheat,2022,11,2022-11-01,Sultanpur APMC,2398.17
Uttar Pradesh,Wheat,2022,11,2022-11-01,Tamkuhi road APMC,2470.0
Uttar Pradesh,Wheat,2022,11,2022-11-01,Thanabhawan APMC,2150.0
Uttar Pradesh,Wheat,2022,11,2022-11-01,Tikonia APMC,2432.3
Uttar Pradesh,Wheat,2022,11,2022-11-01,Tulsipur APMC,2383.11
Uttar Pradesh,Wheat,2022,11,2022-11-01,Tundla APMC,2605.79
Uttar Pradesh,Wheat,2022,11,2022-11-01,Ujhani APMC,
Uttar Pradesh,Wheat,2022,11,2022-11-01,Unnao APMC,2344.67
Uttar Pradesh,Wheat,2022,11,2022-11-01,Uttaripura APMC,2311.63
Uttar Pradesh,Wheat,2022,11,2022-11-01,Varanasi APMC,2416.91
Uttar Pradesh,Wheat,2022,11,2022-11-01,Viswan APMC,2381.25
Uttar Pradesh,Wheat,2022,11,2022-11-01,Wazirganj APMC,2405.08
Uttar Pradesh,Wheat,2022,11,2022-11-01,Yusufpur APMC,2500.0
Uttar Pradesh,Wheat,2022,11,2022-11-01,Note:,
Uttar Pradesh,Wheat,2022,11,2022-11-01,Weighted Average Price = ∑(arrival quantity * modal price) / ∑arrival quantity,
Uttar Pradesh,Wheat,2022,11,2022-11-01,Change (Over Previous Month) = [Price - Price(Over Previous Month)/Price(Over Previous Month)] * 100,
Uttar Pradesh,Wheat,2022,11,2022-11-01,Change (Over Previous Year) = [Price - Price(Over Previous Year)/Price(Over Previous Year)] * 100,
Uttar Pradesh,Wheat,2022,12,2022-12-01,Achalda APMC,2621.62
Uttar Pradesh,Wheat,2022,12,2022-12-01,Achnera APMC,
Uttar Pradesh,Wheat,2022,12,2022-12-01,Agra APMC,2708.26
Uttar Pradesh,Wheat,2022,12,2022-12-01,Ahirora APMC,2569.01
Uttar Pradesh,Wheat,2022,12,2022-12-01,Ait APMC,2652.45
Uttar Pradesh,Wheat,2022,12,2022-12-01,Ajuha APMC,2567.79
Uttar Pradesh,Wheat,2022,12,2022-12-01,Akbarpur APMC,2593.2
Uttar Pradesh,Wheat,2022,12,2022-12-01,Aliganj APMC,2445.39
Uttar Pradesh,Wheat,2022,12,2022-12-01,Aligarh APMC,2703.7
Uttar Pradesh,Wheat,2022,12,2022-12-01,Amroha APMC,2541.39
Uttar Pradesh,Wheat,2022,12,2022-12-01,Anandnagar APMC,2457.93
Uttar Pradesh,Wheat,2022,12,2022-12-01,Atarra APMC,2528.52
Uttar Pradesh,Wheat,2022,12,2022-12-01,Auraiya APMC,2598.29
Uttar Pradesh,Wheat,2022,12,2022-12-01,Awagarh APMC,
Uttar Pradesh,Wheat,2022,12,2022-12-01,Ayodhya APMC,2614.8
Uttar Pradesh,Wheat,2022,12,2022-12-01,Azamgarh APMC,2460.95
Uttar Pradesh,Wheat,2022,12,2022-12-01,Baberu APMC,2553.39
Uttar Pradesh,Wheat,2022,12,2022-12-01,Babrala APMC,2300.0
Uttar Pradesh,Wheat,2022,12,2022-12-01,Bachranwa APMC,2567.89
Uttar Pradesh,Wheat,2022,12,2022-12-01,Badayoun APMC,2554.75
Uttar Pradesh,Wheat,2022,12,2022-12-01,Bahraich APMC,2590.08
Uttar Pradesh,Wheat,2022,12,2022-12-01,Ballia APMC,2595.88
Uttar Pradesh,Wheat,2022,12,2022-12-01,Balrampur APMC,2487.44
Uttar Pradesh,Wheat,2022,12,2022-12-01,Banda APMC,2544.8
Uttar Pradesh,Wheat,2022,12,2022-12-01,Bangarmau APMC,2488.66
Uttar Pradesh,Wheat,2022,12,2022-12-01,Bansi APMC,2460.0
Uttar Pradesh,Wheat,2022,12,2022-12-01,Barabanki APMC,2412.15
Uttar Pradesh,Wheat,2022,12,2022-12-01,Bareilly APMC,2492.66
Uttar Pradesh,Wheat,2022,12,2022-12-01,Barhaj APMC,2461.79
Uttar Pradesh,Wheat,2022,12,2022-12-01,Baripaal APMC,2518.15
Uttar Pradesh,Wheat,2022,12,2022-12-01,Basti APMC,2467.42
Uttar Pradesh,Wheat,2022,12,2022-12-01,Bewar APMC,2524.77
Uttar Pradesh,Wheat,2022,12,2022-12-01,Bharthna APMC,2640.66
Uttar Pradesh,Wheat,2022,12,2022-12-01,Bharuasumerpur APMC,2605.22
Uttar Pradesh,Wheat,2022,12,2022-12-01,Bharwari APMC,
Uttar Pradesh,Wheat,2022,12,2022-12-01,Bhehjoi APMC,2150.0
Uttar Pradesh,Wheat,2022,12,2022-12-01,Bijnaur APMC,2524.83
Uttar Pradesh,Wheat,2022,12,2022-12-01,Bilsi APMC,2631.7
Uttar Pradesh,Wheat,2022,12,2022-12-01,Bindki APMC,2684.63
Uttar Pradesh,Wheat,2022,12,2022-12-01,Bishalpur APMC,2544.77
Uttar Pradesh,Wheat,2022,12,2022-12-01,Buland Shahr APMC,2686.54
Uttar Pradesh,Wheat,2022,12,2022-12-01,Chandausi APMC,2550.53
Uttar Pradesh,Wheat,2022,12,2022-12-01,Chandoli APMC,2572.73
Uttar Pradesh,Wheat,2022,12,2022-12-01,Charkhari APMC,2450.0
Uttar Pradesh,Wheat,2022,12,2022-12-01,Charra APMC,2691.09
Uttar Pradesh,Wheat,2022,12,2022-12-01,Chhibramau APMC,2504.11
Uttar Pradesh,Wheat,2022,12,2022-12-01,Chirgaon APMC,2572.75
Uttar Pradesh,Wheat,2022,12,2022-12-01,Chorichora APMC,2465.03
Uttar Pradesh,Wheat,2022,12,2022-12-01,Choubepur APMC,2625.84
Uttar Pradesh,Wheat,2022,12,2022-12-01,Colonelganj APMC,
Uttar Pradesh,Wheat,2022,12,2022-12-01,DADRI APMC,2669.55
Uttar Pradesh,Wheat,2022,12,2022-12-01,Dankaur APMC,
Uttar Pradesh,Wheat,2022,12,2022-12-01,Devariya APMC,2468.65
Uttar Pradesh,Wheat,2022,12,2022-12-01,Dhanaura APMC,2023.0
Uttar Pradesh,Wheat,2022,12,2022-12-01,Dibiapur APMC,2510.47
Uttar Pradesh,Wheat,2022,12,2022-12-01,Divai APMC,2452.51
Uttar Pradesh,Wheat,2022,12,2022-12-01,Doharighat APMC,
Uttar Pradesh,Wheat,2022,12,2022-12-01,Etah APMC,2708.63
Uttar Pradesh,Wheat,2022,12,2022-12-01,Etawah APMC,2667.59
Uttar Pradesh,Wheat,2022,12,2022-12-01,Farukhabad APMC,2624.19
Uttar Pradesh,Wheat,2022,12,2022-12-01,Fatehabad APMC,2353.7
Uttar Pradesh,Wheat,2022,12,2022-12-01,Fatehpur APMC,2550.69
Uttar Pradesh,Wheat,2022,12,2022-12-01,Fatehpur Sikri APMC,2692.14
Uttar Pradesh,Wheat,2022,12,2022-12-01,Firozabad APMC,2704.98
Uttar Pradesh,Wheat,2022,12,2022-12-01,Gazipur APMC,2597.24
Uttar Pradesh,Wheat,2022,12,2022-12-01,Ghaziabad APMC,2660.0
Uttar Pradesh,Wheat,2022,12,2022-12-01,Ghiraur APMC,2610.5
Uttar Pradesh,Wheat,2022,12,2022-12-01,Golagokarnath APMC,2352.47
Uttar Pradesh,Wheat,2022,12,2022-12-01,Gonda APMC,2449.26
Uttar Pradesh,Wheat,2022,12,2022-12-01,Gopiganj APMC,2595.1
Uttar Pradesh,Wheat,2022,12,2022-12-01,Gorakhpur APMC,2465.56
Uttar Pradesh,Wheat,2022,12,2022-12-01,Gurusarai APMC,2479.97
Uttar Pradesh,Wheat,2022,12,2022-12-01,Haathras APMC,2717.2
Uttar Pradesh,Wheat,2022,12,2022-12-01,Haldaur APMC,2600.0
Uttar Pradesh,Wheat,2022,12,2022-12-01,Hamirpur APMC,
Uttar Pradesh,Wheat,2022,12,2022-12-01,Hapur APMC,2664.36
Uttar Pradesh,Wheat,2022,12,2022-12-01,Hardoi APMC,2439.66
Uttar Pradesh,Wheat,2022,12,2022-12-01,Hargaon (Laharpur) APMC,2507.69
Uttar Pradesh,Wheat,2022,12,2022-12-01,Jafarganj APMC,2526.93
Uttar Pradesh,Wheat,2022,12,2022-12-01,Jagnair APMC,2380.53
Uttar Pradesh,Wheat,2022,12,2022-12-01,Jahanabad APMC,
Uttar Pradesh,Wheat,2022,12,2022-12-01,Jahangirabad APMC,2651.6
Uttar Pradesh,Wheat,2022,12,2022-12-01,Jalaun APMC,2623.59
Uttar Pradesh,Wheat,2022,12,2022-12-01,Jamanian APMC,2650.0
Uttar Pradesh,Wheat,2022,12,2022-12-01,Jangipura APMC,2587.21
Uttar Pradesh,Wheat,2022,12,2022-12-01,Jasra APMC,2577.14
Uttar Pradesh,Wheat,2022,12,2022-12-01,Jaunpur APMC,2574.81
Uttar Pradesh,Wheat,2022,12,2022-12-01,Jayas APMC,2558.37
Uttar Pradesh,Wheat,2022,12,2022-12-01,Jhansi APMC,2536.1
Uttar Pradesh,Wheat,2022,12,2022-12-01,Jhijhank APMC,2530.77
Uttar Pradesh,Wheat,2022,12,2022-12-01,Kadaura APMC,2138.98
Uttar Pradesh,Wheat,2022,12,2022-12-01,Kalpi APMC,
Uttar Pradesh,Wheat,2022,12,2022-12-01,Kamlaganj APMC,2650.0
Uttar Pradesh,Wheat,2022,12,2022-12-01,Kannauj APMC,2602.43
Uttar Pradesh,Wheat,2022,12,2022-12-01,Kanpur(Grain) APMC,2674.52
Uttar Pradesh,Wheat,2022,12,2022-12-01,Karvi APMC,2549.95
Uttar Pradesh,Wheat,2022,12,2022-12-01,Kasganj APMC,2619.12
Uttar Pradesh,Wheat,2022,12,2022-12-01,Kayamganj APMC,2622.19
Uttar Pradesh,Wheat,2022,12,2022-12-01,Khaga APMC,2379.38
Uttar Pradesh,Wheat,2022,12,2022-12-01,Khair APMC,2689.42
Uttar Pradesh,Wheat,2022,12,2022-12-01,Khairagarh APMC,2647.88
Uttar Pradesh,Wheat,2022,12,2022-12-01,Khurja APMC,2677.83
Uttar Pradesh,Wheat,2022,12,2022-12-01,Kishunpur APMC,2455.56
Uttar Pradesh,Wheat,2022,12,2022-12-01,Konch APMC,2573.22
Uttar Pradesh,Wheat,2022,12,2022-12-01,Kopaganj APMC,2460.0
Uttar Pradesh,Wheat,2022,12,2022-12-01,Kosikalan APMC,2678.11
Uttar Pradesh,Wheat,2022,12,2022-12-01,Kurara APMC,2439.2
Uttar Pradesh,Wheat,2022,12,2022-12-01,Lakhimpur APMC,2357.86
Uttar Pradesh,Wheat,2022,12,2022-12-01,Lalganj APMC,2576.89
Uttar Pradesh,Wheat,2022,12,2022-12-01,Lalitpur APMC,2492.44
Uttar Pradesh,Wheat,2022,12,2022-12-01,Lucknow APMC,2570.63
Uttar Pradesh,Wheat,2022,12,2022-12-01,Madhoganj APMC,2483.62
Uttar Pradesh,Wheat,2022,12,2022-12-01,Madhogarh APMC,2438.84
Uttar Pradesh,Wheat,2022,12,2022-12-01,Mahoba APMC,2578.47
Uttar Pradesh,Wheat,2022,12,2022-12-01,Maigalganj APMC,2275.8
Uttar Pradesh,Wheat,2022,12,2022-12-01,Mainpuri APMC,2620.21
Uttar Pradesh,Wheat,2022,12,2022-12-01,Mathura APMC,2708.6
Uttar Pradesh,Wheat,2022,12,2022-12-01,Mau(Chitrakut) APMC,2555.0
Uttar Pradesh,Wheat,2022,12,2022-12-01,Maudaha APMC,2487.78
Uttar Pradesh,Wheat,2022,12,2022-12-01,Mauranipur APMC,2509.0
Uttar Pradesh,Wheat,2022,12,2022-12-01,Mawana APMC,
Uttar Pradesh,Wheat,2022,12,2022-12-01,Meerut APMC,2664.26
Uttar Pradesh,Wheat,2022,12,2022-12-01,Mehmoodabad APMC,
Uttar Pradesh,Wheat,2022,12,2022-12-01,Mehrauni APMC,2300.0
Uttar Pradesh,Wheat,2022,12,2022-12-01,Milak APMC,2489.85
Uttar Pradesh,Wheat,2022,12,2022-12-01,Mirzapur APMC,2609.53
Uttar Pradesh,Wheat,2022,12,2022-12-01,Mohamadabad APMC,2612.89
Uttar Pradesh,Wheat,2022,12,2022-12-01,Mohammdi APMC,2349.22
Uttar Pradesh,Wheat,2022,12,2022-12-01,Moth APMC,2588.27
Uttar Pradesh,Wheat,2022,12,2022-12-01,Mugrabaadshahpur APMC,2585.6
Uttar Pradesh,Wheat,2022,12,2022-12-01,Muradabad APMC,2531.49
Uttar Pradesh,Wheat,2022,12,2022-12-01,Muradnagar APMC,2650.0
Uttar Pradesh,Wheat,2022,12,2022-12-01,Muskara APMC,2548.79
Uttar Pradesh,Wheat,2022,12,2022-12-01,Muzzafarnagar APMC,2660.14
Uttar Pradesh,Wheat,2022,12,2022-12-01,Naanpara APMC,2590.93
Uttar Pradesh,Wheat,2022,12,2022-12-01,Najibabad APMC,2500.0
Uttar Pradesh,Wheat,2022,12,2022-12-01,Naugarh APMC,2455.0
Uttar Pradesh,Wheat,2022,12,2022-12-01,Nautnava APMC,2264.45
Uttar Pradesh,Wheat,2022,12,2022-12-01,Nawabganj APMC,2450.86
Uttar Pradesh,Wheat,2022,12,2022-12-01,Orai APMC,2644.29
Uttar Pradesh,Wheat,2022,12,2022-12-01,Paliakala APMC,
Uttar Pradesh,Wheat,2022,12,2022-12-01,Panchpedwa APMC,2463.72
Uttar Pradesh,Wheat,2022,12,2022-12-01,Partaval APMC,2468.74
Uttar Pradesh,Wheat,2022,12,2022-12-01,Pilibhit APMC,2403.28
Uttar Pradesh,Wheat,2022,12,2022-12-01,Powayan APMC,2516.46
Uttar Pradesh,Wheat,2022,12,2022-12-01,Pratapgarh APMC,2603.88
Uttar Pradesh,Wheat,2022,12,2022-12-01,Prayagraj APMC,2486.64
Uttar Pradesh,Wheat,2022,12,2022-12-01,Pukharayan APMC,2538.92
Uttar Pradesh,Wheat,2022,12,2022-12-01,Puranpur APMC,2527.99
Uttar Pradesh,Wheat,2022,12,2022-12-01,Purwa APMC,2543.64
Uttar Pradesh,Wheat,2022,12,2022-12-01,Raath APMC,2549.49
Uttar Pradesh,Wheat,2022,12,2022-12-01,Raibareilly APMC,2541.34
Uttar Pradesh,Wheat,2022,12,2022-12-01,Rampur APMC,2551.69
Uttar Pradesh,Wheat,2022,12,2022-12-01,Rasda APMC,2582.16
Uttar Pradesh,Wheat,2022,12,2022-12-01,Robertsganj APMC,2567.78
Uttar Pradesh,Wheat,2022,12,2022-12-01,Rura APMC,2300.0
Uttar Pradesh,Wheat,2022,12,2022-12-01,Safdarganj APMC,2389.01
Uttar Pradesh,Wheat,2022,12,2022-12-01,Saharanpur APMC,2651.7
Uttar Pradesh,Wheat,2022,12,2022-12-01,Sahiyapur APMC,2459.55
Uttar Pradesh,Wheat,2022,12,2022-12-01,Salon APMC,2241.42
Uttar Pradesh,Wheat,2022,12,2022-12-01,Samsabad APMC,2746.03
Uttar Pradesh,Wheat,2022,12,2022-12-01,Sandi APMC,2450.0
Uttar Pradesh,Wheat,2022,12,2022-12-01,Sandila APMC,2482.12
Uttar Pradesh,Wheat,2022,12,2022-12-01,Sehjanwa APMC,2463.62
Uttar Pradesh,Wheat,2022,12,2022-12-01,Shahabad(New Mandi) APMC,2464.6
Uttar Pradesh,Wheat,2022,12,2022-12-01,Shahaswan APMC,
Uttar Pradesh,Wheat,2022,12,2022-12-01,Shahganj APMC,2466.96
Uttar Pradesh,Wheat,2022,12,2022-12-01,Shahjahanpur APMC,2535.19
Uttar Pradesh,Wheat,2022,12,2022-12-01,Shahpur APMC,2416.36
Uttar Pradesh,Wheat,2022,12,2022-12-01,Shamli APMC,2665.36
Uttar Pradesh,Wheat,2022,12,2022-12-01,Shikohabad APMC,
Uttar Pradesh,Wheat,2022,12,2022-12-01,Sikandraraau APMC,2509.94
Uttar Pradesh,Wheat,2022,12,2022-12-01,Sikarpur APMC,2450.0
Uttar Pradesh,Wheat,2022,12,2022-12-01,Sirsa APMC,2614.91
Uttar Pradesh,Wheat,2022,12,2022-12-01,Sirsaganj APMC,2629.79
Uttar Pradesh,Wheat,2022,12,2022-12-01,Sitapur APMC,2518.89
Uttar Pradesh,Wheat,2022,12,2022-12-01,Sultanpur APMC,2517.75
Uttar Pradesh,Wheat,2022,12,2022-12-01,Tamkuhi road APMC,2465.0
Uttar Pradesh,Wheat,2022,12,2022-12-01,Thanabhawan APMC,2605.56
Uttar Pradesh,Wheat,2022,12,2022-12-01,Tikonia APMC,2668.84
Uttar Pradesh,Wheat,2022,12,2022-12-01,Tulsipur APMC,2443.07
Uttar Pradesh,Wheat,2022,12,2022-12-01,Tundla APMC,2734.66
Uttar Pradesh,Wheat,2022,12,2022-12-01,Ujhani APMC,
Uttar Pradesh,Wheat,2022,12,2022-12-01,Unnao APMC,2474.8
Uttar Pradesh,Wheat,2022,12,2022-12-01,Uttaripura APMC,2382.29
Uttar Pradesh,Wheat,2022,12,2022-12-01,Varanasi APMC,2629.49
Uttar Pradesh,Wheat,2022,12,2022-12-01,Viswan APMC,2507.07
Uttar Pradesh,Wheat,2022,12,2022-12-01,Wazirganj APMC,2554.85
Uttar Pradesh,Wheat,2022,12,2022-12-01,Yusufpur APMC,2650.0
Uttar Pradesh,Wheat,2022,12,2022-12-01,Note:,
Uttar Pradesh,Wheat,2022,12,2022-12-01,Weighted Average Price = ∑(arrival quantity * modal price) / ∑arrival quantity,
Uttar Pradesh,Wheat,2022,12,2022-12-01,Change (Over Previous Month) = [Price - Price(Over Previous Month)/Price(Over Previous Month)] * 100,
Uttar Pradesh,Wheat,2022,12,2022-12-01,Change (Over Previous Year) = [Price - Price(Over Previous Year)/Price(Over Previous Year)] * 100,
Uttar Pradesh,Wheat,2023,1,2023-01-01,Achalda APMC,2675.73
Uttar Pradesh,Wheat,2023,1,2023-01-01,Achnera APMC,2800.0
Uttar Pradesh,Wheat,2023,1,2023-01-01,Agra APMC,2780.6
Uttar Pradesh,Wheat,2023,1,2023-01-01,Ahirora APMC,2723.18
Uttar Pradesh,Wheat,2023,1,2023-01-01,Ait APMC,2806.47
Uttar Pradesh,Wheat,2023,1,2023-01-01,Ajuha APMC,2678.93
Uttar Pradesh,Wheat,2023,1,2023-01-01,Akbarpur APMC,2787.13
Uttar Pradesh,Wheat,2023,1,2023-01-01,Aliganj APMC,2621.11
Uttar Pradesh,Wheat,2023,1,2023-01-01,Aligarh APMC,2783.55
Uttar Pradesh,Wheat,2023,1,2023-01-01,Amroha APMC,2637.58
Uttar Pradesh,Wheat,2023,1,2023-01-01,Anandnagar APMC,2547.26
Uttar Pradesh,Wheat,2023,1,2023-01-01,Atarra APMC,2627.98
Uttar Pradesh,Wheat,2023,1,2023-01-01,Atrauli APMC,
Uttar Pradesh,Wheat,2023,1,2023-01-01,Auraiya APMC,2722.84
Uttar Pradesh,Wheat,2023,1,2023-01-01,Ayodhya APMC,2770.12
Uttar Pradesh,Wheat,2023,1,2023-01-01,Azamgarh APMC,2562.68
Uttar Pradesh,Wheat,2023,1,2023-01-01,Baberu APMC,2713.99
Uttar Pradesh,Wheat,2023,1,2023-01-01,Babrala APMC,
Uttar Pradesh,Wheat,2023,1,2023-01-01,Bachranwa APMC,2662.59
Uttar Pradesh,Wheat,2023,1,2023-01-01,Badayoun APMC,2637.84
Uttar Pradesh,Wheat,2023,1,2023-01-01,Bahraich APMC,2685.49
Uttar Pradesh,Wheat,2023,1,2023-01-01,Ballia APMC,2725.12
Uttar Pradesh,Wheat,2023,1,2023-01-01,Balrampur APMC,2709.67
Uttar Pradesh,Wheat,2023,1,2023-01-01,Banda APMC,2677.25
Uttar Pradesh,Wheat,2023,1,2023-01-01,Bangarmau APMC,2619.08
Uttar Pradesh,Wheat,2023,1,2023-01-01,Bansi APMC,2780.0
Uttar Pradesh,Wheat,2023,1,2023-01-01,Barabanki APMC,2728.25
Uttar Pradesh,Wheat,2023,1,2023-01-01,Bareilly APMC,2634.51
Uttar Pradesh,Wheat,2023,1,2023-01-01,Barhaj APMC,2556.96
Uttar Pradesh,Wheat,2023,1,2023-01-01,Baripaal APMC,2628.22
Uttar Pradesh,Wheat,2023,1,2023-01-01,Basti APMC,2591.18
Uttar Pradesh,Wheat,2023,1,2023-01-01,Bewar APMC,2500.0
Uttar Pradesh,Wheat,2023,1,2023-01-01,Bharthna APMC,2747.06
Uttar Pradesh,Wheat,2023,1,2023-01-01,Bharuasumerpur APMC,2715.33
Uttar Pradesh,Wheat,2023,1,2023-01-01,Bharwari APMC,2670.95
Uttar Pradesh,Wheat,2023,1,2023-01-01,Bhehjoi APMC,
Uttar Pradesh,Wheat,2023,1,2023-01-01,Bijnaur APMC,2636.87
Uttar Pradesh,Wheat,2023,1,2023-01-01,Bilsi APMC,2692.45
Uttar Pradesh,Wheat,2023,1,2023-01-01,Bindki APMC,2686.08
Uttar Pradesh,Wheat,2023,1,2023-01-01,Bishalpur APMC,2629.58
Uttar Pradesh,Wheat,2023,1,2023-01-01,Buland Shahr APMC,2797.0
Uttar Pradesh,Wheat,2023,1,2023-01-01,Chandausi APMC,2653.15
Uttar Pradesh,Wheat,2023,1,2023-01-01,Chandoli APMC,2722.34
Uttar Pradesh,Wheat,2023,1,2023-01-01,Charkhari APMC,2610.4
Uttar Pradesh,Wheat,2023,1,2023-01-01,Charra APMC,2774.06
Uttar Pradesh,Wheat,2023,1,2023-01-01,Chhibramau APMC,2654.95
Uttar Pradesh,Wheat,2023,1,2023-01-01,Chirgaon APMC,2667.41
Uttar Pradesh,Wheat,2023,1,2023-01-01,Chorichora APMC,2557.06
Uttar Pradesh,Wheat,2023,1,2023-01-01,Choubepur APMC,2772.5
Uttar Pradesh,Wheat,2023,1,2023-01-01,DADRI APMC,2809.62
Uttar Pradesh,Wheat,2023,1,2023-01-01,Dankaur APMC,
Uttar Pradesh,Wheat,2023,1,2023-01-01,Devariya APMC,2572.16
Uttar Pradesh,Wheat,2023,1,2023-01-01,Dhanaura APMC,2022.9
Uttar Pradesh,Wheat,2023,1,2023-01-01,Dibiapur APMC,2660.45
Uttar Pradesh,Wheat,2023,1,2023-01-01,Divai APMC,2526.36
Uttar Pradesh,Wheat,2023,1,2023-01-01,Doharighat APMC,2755.0
Uttar Pradesh,Wheat,2023,1,2023-01-01,Etah APMC,2734.4
Uttar Pradesh,Wheat,2023,1,2023-01-01,Etawah APMC,2775.87
Uttar Pradesh,Wheat,2023,1,2023-01-01,Farukhabad APMC,2787.64
Uttar Pradesh,Wheat,2023,1,2023-01-01,Fatehabad APMC,2809.64
Uttar Pradesh,Wheat,2023,1,2023-01-01,Fatehpur APMC,2694.26
Uttar Pradesh,Wheat,2023,1,2023-01-01,Fatehpur Sikri APMC,2749.5
Uttar Pradesh,Wheat,2023,1,2023-01-01,Firozabad APMC,2769.23
Uttar Pradesh,Wheat,2023,1,2023-01-01,Gazipur APMC,2734.3
Uttar Pradesh,Wheat,2023,1,2023-01-01,Ghaziabad APMC,2822.11
Uttar Pradesh,Wheat,2023,1,2023-01-01,Ghiraur APMC,2720.06
Uttar Pradesh,Wheat,2023,1,2023-01-01,Golagokarnath APMC,2716.67
Uttar Pradesh,Wheat,2023,1,2023-01-01,Gonda APMC,2737.25
Uttar Pradesh,Wheat,2023,1,2023-01-01,Gopiganj APMC,2700.13
Uttar Pradesh,Wheat,2023,1,2023-01-01,Gorakhpur APMC,2475.2
Uttar Pradesh,Wheat,2023,1,2023-01-01,Gurusarai APMC,2628.17
Uttar Pradesh,Wheat,2023,1,2023-01-01,Haathras APMC,2753.55
Uttar Pradesh,Wheat,2023,1,2023-01-01,Haldaur APMC,
Uttar Pradesh,Wheat,2023,1,2023-01-01,Hamirpur APMC,
Uttar Pradesh,Wheat,2023,1,2023-01-01,Hapur APMC,2762.21
Uttar Pradesh,Wheat,2023,1,2023-01-01,Hardoi APMC,2627.45
Uttar Pradesh,Wheat,2023,1,2023-01-01,Hargaon (Laharpur) APMC,2543.5
Uttar Pradesh,Wheat,2023,1,2023-01-01,Jafarganj APMC,2787.12
Uttar Pradesh,Wheat,2023,1,2023-01-01,Jagnair APMC,2450.0
Uttar Pradesh,Wheat,2023,1,2023-01-01,Jahanabad APMC,
Uttar Pradesh,Wheat,2023,1,2023-01-01,Jahangirabad APMC,2773.29
Uttar Pradesh,Wheat,2023,1,2023-01-01,Jalaun APMC,2723.86
Uttar Pradesh,Wheat,2023,1,2023-01-01,Jamanian APMC,2770.0
Uttar Pradesh,Wheat,2023,1,2023-01-01,Jangipura APMC,2589.19
Uttar Pradesh,Wheat,2023,1,2023-01-01,Jasra APMC,2687.79
Uttar Pradesh,Wheat,2023,1,2023-01-01,Jaunpur APMC,2719.39
Uttar Pradesh,Wheat,2023,1,2023-01-01,Jayas APMC,2726.35
Uttar Pradesh,Wheat,2023,1,2023-01-01,Jhansi APMC,2668.55
Uttar Pradesh,Wheat,2023,1,2023-01-01,Jhijhank APMC,2718.84
Uttar Pradesh,Wheat,2023,1,2023-01-01,Kadaura APMC,2538.61
Uttar Pradesh,Wheat,2023,1,2023-01-01,Kalpi APMC,2885.0
Uttar Pradesh,Wheat,2023,1,2023-01-01,Kamlaganj APMC,2855.56
Uttar Pradesh,Wheat,2023,1,2023-01-01,Kannauj APMC,2704.17
Uttar Pradesh,Wheat,2023,1,2023-01-01,Kanpur(Grain) APMC,2784.69
Uttar Pradesh,Wheat,2023,1,2023-01-01,Karvi APMC,2656.81
Uttar Pradesh,Wheat,2023,1,2023-01-01,Kasganj APMC,2738.82
Uttar Pradesh,Wheat,2023,1,2023-01-01,Kayamganj APMC,2740.9
Uttar Pradesh,Wheat,2023,1,2023-01-01,Khaga APMC,2346.03
Uttar Pradesh,Wheat,2023,1,2023-01-01,Khair APMC,2771.89
Uttar Pradesh,Wheat,2023,1,2023-01-01,Khairagarh APMC,2870.83
Uttar Pradesh,Wheat,2023,1,2023-01-01,Khurja APMC,2774.58
Uttar Pradesh,Wheat,2023,1,2023-01-01,Kishunpur APMC,2677.1
Uttar Pradesh,Wheat,2023,1,2023-01-01,Konch APMC,2651.49
Uttar Pradesh,Wheat,2023,1,2023-01-01,Kopaganj APMC,2610.58
Uttar Pradesh,Wheat,2023,1,2023-01-01,Kosikalan APMC,2761.9
Uttar Pradesh,Wheat,2023,1,2023-01-01,Kurara APMC,2622.81
Uttar Pradesh,Wheat,2023,1,2023-01-01,Lakhimpur APMC,2702.06
Uttar Pradesh,Wheat,2023,1,2023-01-01,Lalganj APMC,2717.65
Uttar Pradesh,Wheat,2023,1,2023-01-01,Lalitpur APMC,2537.25
Uttar Pradesh,Wheat,2023,1,2023-01-01,Lucknow APMC,2652.42
Uttar Pradesh,Wheat,2023,1,2023-01-01,Madhoganj APMC,2612.69
Uttar Pradesh,Wheat,2023,1,2023-01-01,Madhogarh APMC,2697.98
Uttar Pradesh,Wheat,2023,1,2023-01-01,Mahoba APMC,2691.9
Uttar Pradesh,Wheat,2023,1,2023-01-01,Maigalganj APMC,2636.89
Uttar Pradesh,Wheat,2023,1,2023-01-01,Mainpuri APMC,2728.16
Uttar Pradesh,Wheat,2023,1,2023-01-01,Mathura APMC,2779.37
Uttar Pradesh,Wheat,2023,1,2023-01-01,Mau(Chitrakut) APMC,
Uttar Pradesh,Wheat,2023,1,2023-01-01,Maudaha APMC,2608.11
Uttar Pradesh,Wheat,2023,1,2023-01-01,Mauranipur APMC,2620.52
Uttar Pradesh,Wheat,2023,1,2023-01-01,Mawana APMC,2950.0
Uttar Pradesh,Wheat,2023,1,2023-01-01,Meerut APMC,2811.03
Uttar Pradesh,Wheat,2023,1,2023-01-01,Mehrauni APMC,2300.0
Uttar Pradesh,Wheat,2023,1,2023-01-01,Milak APMC,2620.62
Uttar Pradesh,Wheat,2023,1,2023-01-01,Mirzapur APMC,2748.92
Uttar Pradesh,Wheat,2023,1,2023-01-01,Mohamadabad APMC,2800.0
Uttar Pradesh,Wheat,2023,1,2023-01-01,Mohammdi APMC,2697.94
Uttar Pradesh,Wheat,2023,1,2023-01-01,Moth APMC,2579.64
Uttar Pradesh,Wheat,2023,1,2023-01-01,Mugrabaadshahpur APMC,2717.44
Uttar Pradesh,Wheat,2023,1,2023-01-01,Muradabad APMC,2631.62
Uttar Pradesh,Wheat,2023,1,2023-01-01,Muradnagar APMC,2930.0
Uttar Pradesh,Wheat,2023,1,2023-01-01,Muskara APMC,2669.6
Uttar Pradesh,Wheat,2023,1,2023-01-01,Muzzafarnagar APMC,2788.08
Uttar Pradesh,Wheat,2023,1,2023-01-01,Naanpara APMC,2684.71
Uttar Pradesh,Wheat,2023,1,2023-01-01,Najibabad APMC,
Uttar Pradesh,Wheat,2023,1,2023-01-01,Naugarh APMC,2501.11
Uttar Pradesh,Wheat,2023,1,2023-01-01,Nautnava APMC,2500.0
Uttar Pradesh,Wheat,2023,1,2023-01-01,Nawabganj APMC,2595.15
Uttar Pradesh,Wheat,2023,1,2023-01-01,Orai APMC,2731.8
Uttar Pradesh,Wheat,2023,1,2023-01-01,Paliakala APMC,
Uttar Pradesh,Wheat,2023,1,2023-01-01,Panchpedwa APMC,
Uttar Pradesh,Wheat,2023,1,2023-01-01,Partaval APMC,2601.83
Uttar Pradesh,Wheat,2023,1,2023-01-01,Pilibhit APMC,2638.24
Uttar Pradesh,Wheat,2023,1,2023-01-01,Powayan APMC,2626.46
Uttar Pradesh,Wheat,2023,1,2023-01-01,Pratapgarh APMC,2740.53
Uttar Pradesh,Wheat,2023,1,2023-01-01,Prayagraj APMC,2662.16
Uttar Pradesh,Wheat,2023,1,2023-01-01,Pukharayan APMC,2701.75
Uttar Pradesh,Wheat,2023,1,2023-01-01,Puranpur APMC,2634.65
Uttar Pradesh,Wheat,2023,1,2023-01-01,Purwa APMC,2615.0
Uttar Pradesh,Wheat,2023,1,2023-01-01,Raath APMC,2707.15
Uttar Pradesh,Wheat,2023,1,2023-01-01,Raibareilly APMC,2678.71
Uttar Pradesh,Wheat,2023,1,2023-01-01,Rampur APMC,2641.11
Uttar Pradesh,Wheat,2023,1,2023-01-01,Rasda APMC,2705.92
Uttar Pradesh,Wheat,2023,1,2023-01-01,Robertsganj APMC,2699.45
Uttar Pradesh,Wheat,2023,1,2023-01-01,Rura APMC,
Uttar Pradesh,Wheat,2023,1,2023-01-01,Safdarganj APMC,2640.35
Uttar Pradesh,Wheat,2023,1,2023-01-01,Saharanpur APMC,2837.03
Uttar Pradesh,Wheat,2023,1,2023-01-01,Sahiyapur APMC,2747.89
Uttar Pradesh,Wheat,2023,1,2023-01-01,Salon APMC,2719.9
Uttar Pradesh,Wheat,2023,1,2023-01-01,Samsabad APMC,2700.0
Uttar Pradesh,Wheat,2023,1,2023-01-01,Sandi APMC,
Uttar Pradesh,Wheat,2023,1,2023-01-01,Sandila APMC,2631.71
Uttar Pradesh,Wheat,2023,1,2023-01-01,Sehjanwa APMC,2556.3
Uttar Pradesh,Wheat,2023,1,2023-01-01,Shahabad APMC,2350.0
Uttar Pradesh,Wheat,2023,1,2023-01-01,Shahabad(New Mandi) APMC,2629.25
Uttar Pradesh,Wheat,2023,1,2023-01-01,Shahganj APMC,2646.89
Uttar Pradesh,Wheat,2023,1,2023-01-01,Shahjahanpur APMC,2606.43
Uttar Pradesh,Wheat,2023,1,2023-01-01,Shahpur APMC,2568.18
Uttar Pradesh,Wheat,2023,1,2023-01-01,Shamli APMC,2782.5
Uttar Pradesh,Wheat,2023,1,2023-01-01,Shikohabad APMC,2770.46
Uttar Pradesh,Wheat,2023,1,2023-01-01,Sikandraraau APMC,2685.24
Uttar Pradesh,Wheat,2023,1,2023-01-01,Sikarpur APMC,
Uttar Pradesh,Wheat,2023,1,2023-01-01,Sirsa APMC,2647.11
Uttar Pradesh,Wheat,2023,1,2023-01-01,Sirsaganj APMC,2748.36
Uttar Pradesh,Wheat,2023,1,2023-01-01,Sitapur APMC,2649.02
Uttar Pradesh,Wheat,2023,1,2023-01-01,Sultanpur APMC,2727.29
Uttar Pradesh,Wheat,2023,1,2023-01-01,Tamkuhi road APMC,2780.0
Uttar Pradesh,Wheat,2023,1,2023-01-01,Thanabhawan APMC,
Uttar Pradesh,Wheat,2023,1,2023-01-01,Tikonia APMC,2632.05
Uttar Pradesh,Wheat,2023,1,2023-01-01,Tulsipur APMC,2660.04
Uttar Pradesh,Wheat,2023,1,2023-01-01,Tundla APMC,2833.88
Uttar Pradesh,Wheat,2023,1,2023-01-01,Ujhani APMC,
Uttar Pradesh,Wheat,2023,1,2023-01-01,Unnao APMC,2631.29
Uttar Pradesh,Wheat,2023,1,2023-01-01,Uttaripura APMC,2409.59
Uttar Pradesh,Wheat,2023,1,2023-01-01,Varanasi APMC,2753.6
Uttar Pradesh,Wheat,2023,1,2023-01-01,Viswan APMC,2630.83
Uttar Pradesh,Wheat,2023,1,2023-01-01,Wazirganj APMC,2629.97
Uttar Pradesh,Wheat,2023,1,2023-01-01,Yusufpur APMC,2800.0
Uttar Pradesh,Wheat,2023,1,2023-01-01,Note:,
Uttar Pradesh,Wheat,2023,1,2023-01-01,Weighted Average Price = ∑(arrival quantity * modal price) / ∑arrival quantity,
Uttar Pradesh,Wheat,2023,1,2023-01-01,Change (Over Previous Month) = [Price - Price(Over Previous Month)/Price(Over Previous Month)] * 100,
Uttar Pradesh,Wheat,2023,1,2023-01-01,Change (Over Previous Year) = [Price - Price(Over Previous Year)/Price(Over Previous Year)] * 100,
Uttar Pradesh,Wheat,2023,2,2023-02-01,Achalda APMC,2421.98
Uttar Pradesh,Wheat,2023,2,2023-02-01,Achnera APMC,2590.0
Uttar Pradesh,Wheat,2023,2,2023-02-01,Agra APMC,2726.3
Uttar Pradesh,Wheat,2023,2,2023-02-01,Ahirora APMC,2707.14
Uttar Pradesh,Wheat,2023,2,2023-02-01,Ait APMC,2810.0
Uttar Pradesh,Wheat,2023,2,2023-02-01,Ajuha APMC,2490.44
Uttar Pradesh,Wheat,2023,2,2023-02-01,Akbarpur APMC,2471.79
Uttar Pradesh,Wheat,2023,2,2023-02-01,Aliganj APMC,2393.26
Uttar Pradesh,Wheat,2023,2,2023-02-01,Aligarh APMC,2533.0
Uttar Pradesh,Wheat,2023,2,2023-02-01,Amroha APMC,2661.12
Uttar Pradesh,Wheat,2023,2,2023-02-01,Anandnagar APMC,2693.73
Uttar Pradesh,Wheat,2023,2,2023-02-01,Anoop Shahar APMC,
Uttar Pradesh,Wheat,2023,2,2023-02-01,Atarra APMC,2506.19
Uttar Pradesh,Wheat,2023,2,2023-02-01,Atrauli APMC,
Uttar Pradesh,Wheat,2023,2,2023-02-01,Auraiya APMC,2385.65
Uttar Pradesh,Wheat,2023,2,2023-02-01,Ayodhya APMC,2379.69
Uttar Pradesh,Wheat,2023,2,2023-02-01,Azamgarh APMC,2683.18
Uttar Pradesh,Wheat,2023,2,2023-02-01,Baberu APMC,2475.59
Uttar Pradesh,Wheat,2023,2,2023-02-01,Babrala APMC,2280.0
Uttar Pradesh,Wheat,2023,2,2023-02-01,Bachranwa APMC,2547.08
Uttar Pradesh,Wheat,2023,2,2023-02-01,Badayoun APMC,2652.9
Uttar Pradesh,Wheat,2023,2,2023-02-01,Bahraich APMC,2480.4
Uttar Pradesh,Wheat,2023,2,2023-02-01,Ballia APMC,2770.39
Uttar Pradesh,Wheat,2023,2,2023-02-01,Balrampur APMC,2659.18
Uttar Pradesh,Wheat,2023,2,2023-02-01,Banda APMC,2403.09
Uttar Pradesh,Wheat,2023,2,2023-02-01,Bangarmau APMC,2457.77
Uttar Pradesh,Wheat,2023,2,2023-02-01,Bansi APMC,2440.0
Uttar Pradesh,Wheat,2023,2,2023-02-01,Barabanki APMC,2445.99
Uttar Pradesh,Wheat,2023,2,2023-02-01,Bareilly APMC,2654.02
Uttar Pradesh,Wheat,2023,2,2023-02-01,Barhaj APMC,2679.55
Uttar Pradesh,Wheat,2023,2,2023-02-01,Baripaal APMC,2240.22
Uttar Pradesh,Wheat,2023,2,2023-02-01,Basti APMC,2670.52
Uttar Pradesh,Wheat,2023,2,2023-02-01,Bewar APMC,2280.52
Uttar Pradesh,Wheat,2023,2,2023-02-01,Bharthna APMC,2387.82
Uttar Pradesh,Wheat,2023,2,2023-02-01,Bharuasumerpur APMC,2338.99
Uttar Pradesh,Wheat,2023,2,2023-02-01,Bharwari APMC,2612.62
Uttar Pradesh,Wheat,2023,2,2023-02-01,Bijnaur APMC,2658.12
Uttar Pradesh,Wheat,2023,2,2023-02-01,Bilsi APMC,2614.59
Uttar Pradesh,Wheat,2023,2,2023-02-01,Bindki APMC,2433.3
Uttar Pradesh,Wheat,2023,2,2023-02-01,Bishalpur APMC,2631.68
Uttar Pradesh,Wheat,2023,2,2023-02-01,Buland Shahr APMC,2522.32
Uttar Pradesh,Wheat,2023,2,2023-02-01,Chandausi APMC,2707.33
Uttar Pradesh,Wheat,2023,2,2023-02-01,Chandoli APMC,2626.13
Uttar Pradesh,Wheat,2023,2,2023-02-01,Charkhari APMC,2262.61
Uttar Pradesh,Wheat,2023,2,2023-02-01,Charra APMC,2547.67
Uttar Pradesh,Wheat,2023,2,2023-02-01,Chhibramau APMC,2536.53
Uttar Pradesh,Wheat,2023,2,2023-02-01,Chirgaon APMC,2668.87
Uttar Pradesh,Wheat,2023,2,2023-02-01,Chorichora APMC,2617.48
Uttar Pradesh,Wheat,2023,2,2023-02-01,Choubepur APMC,2482.52
Uttar Pradesh,Wheat,2023,2,2023-02-01,DADRI APMC,2578.68
Uttar Pradesh,Wheat,2023,2,2023-02-01,Dankaur APMC,
Uttar Pradesh,Wheat,2023,2,2023-02-01,Devariya APMC,2679.39
Uttar Pradesh,Wheat,2023,2,2023-02-01,Dhanaura APMC,2023.0
Uttar Pradesh,Wheat,2023,2,2023-02-01,Dibiapur APMC,2069.07
Uttar Pradesh,Wheat,2023,2,2023-02-01,Divai APMC,2382.76
Uttar Pradesh,Wheat,2023,2,2023-02-01,Doharighat APMC,2485.0
Uttar Pradesh,Wheat,2023,2,2023-02-01,Etah APMC,2670.8
Uttar Pradesh,Wheat,2023,2,2023-02-01,Etawah APMC,2355.38
Uttar Pradesh,Wheat,2023,2,2023-02-01,Farukhabad APMC,2524.41
Uttar Pradesh,Wheat,2023,2,2023-02-01,Fatehabad APMC,2565.0
Uttar Pradesh,Wheat,2023,2,2023-02-01,Fatehpur APMC,2529.5
Uttar Pradesh,Wheat,2023,2,2023-02-01,Fatehpur Sikri APMC,2688.2
Uttar Pradesh,Wheat,2023,2,2023-02-01,Firozabad APMC,2572.05
Uttar Pradesh,Wheat,2023,2,2023-02-01,Gadaura APMC,
Uttar Pradesh,Wheat,2023,2,2023-02-01,Gazipur APMC,2759.77
Uttar Pradesh,Wheat,2023,2,2023-02-01,Ghaziabad APMC,2588.42
Uttar Pradesh,Wheat,2023,2,2023-02-01,Ghiraur APMC,2511.79
Uttar Pradesh,Wheat,2023,2,2023-02-01,Golagokarnath APMC,2380.25
Uttar Pradesh,Wheat,2023,2,2023-02-01,Gonda APMC,2471.47
Uttar Pradesh,Wheat,2023,2,2023-02-01,Gopiganj APMC,2717.96
Uttar Pradesh,Wheat,2023,2,2023-02-01,Gorakhpur APMC,2578.45
Uttar Pradesh,Wheat,2023,2,2023-02-01,Gurusarai APMC,2683.83
Uttar Pradesh,Wheat,2023,2,2023-02-01,Haathras APMC,2623.57
Uttar Pradesh,Wheat,2023,2,2023-02-01,Hamirpur APMC,
Uttar Pradesh,Wheat,2023,2,2023-02-01,Hapur APMC,2567.28
Uttar Pradesh,Wheat,2023,2,2023-02-01,Hardoi APMC,2461.45
Uttar Pradesh,Wheat,2023,2,2023-02-01,Hargaon (Laharpur) APMC,2465.69
Uttar Pradesh,Wheat,2023,2,2023-02-01,Jafarganj APMC,2457.73
Uttar Pradesh,Wheat,2023,2,2023-02-01,Jagnair APMC,
Uttar Pradesh,Wheat,2023,2,2023-02-01,Jahanabad APMC,
Uttar Pradesh,Wheat,2023,2,2023-02-01,Jahangirabad APMC,2524.66
Uttar Pradesh,Wheat,2023,2,2023-02-01,Jalaun APMC,2358.95
Uttar Pradesh,Wheat,2023,2,2023-02-01,Jamanian APMC,2650.0
Uttar Pradesh,Wheat,2023,2,2023-02-01,Jangipura APMC,2752.08
Uttar Pradesh,Wheat,2023,2,2023-02-01,Jasra APMC,2527.19
Uttar Pradesh,Wheat,2023,2,2023-02-01,Jaunpur APMC,2749.6
Uttar Pradesh,Wheat,2023,2,2023-02-01,Jayas APMC,2481.11
Uttar Pradesh,Wheat,2023,2,2023-02-01,Jhansi APMC,2707.71
Uttar Pradesh,Wheat,2023,2,2023-02-01,Jhijhank APMC,2622.05
Uttar Pradesh,Wheat,2023,2,2023-02-01,Kadaura APMC,
Uttar Pradesh,Wheat,2023,2,2023-02-01,Kalpi APMC,2336.9
Uttar Pradesh,Wheat,2023,2,2023-02-01,Kamlaganj APMC,2350.0
Uttar Pradesh,Wheat,2023,2,2023-02-01,Kannauj APMC,2554.1
Uttar Pradesh,Wheat,2023,2,2023-02-01,Kanpur(Grain) APMC,2573.41
Uttar Pradesh,Wheat,2023,2,2023-02-01,Karvi APMC,2410.92
Uttar Pradesh,Wheat,2023,2,2023-02-01,Kasganj APMC,2718.96
Uttar Pradesh,Wheat,2023,2,2023-02-01,Kayamganj APMC,2509.94
Uttar Pradesh,Wheat,2023,2,2023-02-01,Khaga APMC,2305.45
Uttar Pradesh,Wheat,2023,2,2023-02-01,Khair APMC,2555.72
Uttar Pradesh,Wheat,2023,2,2023-02-01,Khairagarh APMC,2383.33
Uttar Pradesh,Wheat,2023,2,2023-02-01,Khurja APMC,2531.77
Uttar Pradesh,Wheat,2023,2,2023-02-01,Kishunpur APMC,2455.39
Uttar Pradesh,Wheat,2023,2,2023-02-01,Konch APMC,2309.95
Uttar Pradesh,Wheat,2023,2,2023-02-01,Kopaganj APMC,2640.88
Uttar Pradesh,Wheat,2023,2,2023-02-01,Kosikalan APMC,2478.23
Uttar Pradesh,Wheat,2023,2,2023-02-01,Kurara APMC,2152.94
Uttar Pradesh,Wheat,2023,2,2023-02-01,Lakhimpur APMC,2385.64
Uttar Pradesh,Wheat,2023,2,2023-02-01,Lalganj APMC,2403.66
Uttar Pradesh,Wheat,2023,2,2023-02-01,Lalitpur APMC,2435.57
Uttar Pradesh,Wheat,2023,2,2023-02-01,Lucknow APMC,2661.21
Uttar Pradesh,Wheat,2023,2,2023-02-01,Madhoganj APMC,2495.27
Uttar Pradesh,Wheat,2023,2,2023-02-01,Madhogarh APMC,2215.92
Uttar Pradesh,Wheat,2023,2,2023-02-01,Mahoba APMC,2612.26
Uttar Pradesh,Wheat,2023,2,2023-02-01,Maigalganj APMC,2346.56
Uttar Pradesh,Wheat,2023,2,2023-02-01,Mainpuri APMC,2403.68
Uttar Pradesh,Wheat,2023,2,2023-02-01,Mathura APMC,2507.22
Uttar Pradesh,Wheat,2023,2,2023-02-01,Maudaha APMC,2311.56
Uttar Pradesh,Wheat,2023,2,2023-02-01,Mauranipur APMC,2638.1
Uttar Pradesh,Wheat,2023,2,2023-02-01,Mawana APMC,
Uttar Pradesh,Wheat,2023,2,2023-02-01,Meerut APMC,2589.83
Uttar Pradesh,Wheat,2023,2,2023-02-01,Mehrauni APMC,2244.21
Uttar Pradesh,Wheat,2023,2,2023-02-01,Milak APMC,2655.06
Uttar Pradesh,Wheat,2023,2,2023-02-01,Mirzapur APMC,2761.97
Uttar Pradesh,Wheat,2023,2,2023-02-01,Mohamadabad APMC,2300.0
Uttar Pradesh,Wheat,2023,2,2023-02-01,Mohammdi APMC,2461.67
Uttar Pradesh,Wheat,2023,2,2023-02-01,Moth APMC,2600.0
Uttar Pradesh,Wheat,2023,2,2023-02-01,Mugrabaadshahpur APMC,2760.96
Uttar Pradesh,Wheat,2023,2,2023-02-01,Muradabad APMC,2620.32
Uttar Pradesh,Wheat,2023,2,2023-02-01,Muradnagar APMC,2350.0
Uttar Pradesh,Wheat,2023,2,2023-02-01,Muskara APMC,2368.04
Uttar Pradesh,Wheat,2023,2,2023-02-01,Muzzafarnagar APMC,2575.79
Uttar Pradesh,Wheat,2023,2,2023-02-01,Naanpara APMC,2475.13
Uttar Pradesh,Wheat,2023,2,2023-02-01,Najibabad APMC,2690.04
Uttar Pradesh,Wheat,2023,2,2023-02-01,Naugarh APMC,2621.33
Uttar Pradesh,Wheat,2023,2,2023-02-01,Nautnava APMC,
Uttar Pradesh,Wheat,2023,2,2023-02-01,Nawabganj APMC,2537.63
Uttar Pradesh,Wheat,2023,2,2023-02-01,Orai APMC,2461.6
Uttar Pradesh,Wheat,2023,2,2023-02-01,Paliakala APMC,
Uttar Pradesh,Wheat,2023,2,2023-02-01,Partaval APMC,2699.03
Uttar Pradesh,Wheat,2023,2,2023-02-01,Pilibhit APMC,2661.96
Uttar Pradesh,Wheat,2023,2,2023-02-01,Powayan APMC,2610.19
Uttar Pradesh,Wheat,2023,2,2023-02-01,Pratapgarh APMC,2506.34
Uttar Pradesh,Wheat,2023,2,2023-02-01,Prayagraj APMC,2797.35
Uttar Pradesh,Wheat,2023,2,2023-02-01,Pukharayan APMC,2491.95
Uttar Pradesh,Wheat,2023,2,2023-02-01,Puranpur APMC,2648.12
Uttar Pradesh,Wheat,2023,2,2023-02-01,Purwa APMC,2613.41
Uttar Pradesh,Wheat,2023,2,2023-02-01,Raath APMC,2251.22
Uttar Pradesh,Wheat,2023,2,2023-02-01,Raibareilly APMC,2506.0
Uttar Pradesh,Wheat,2023,2,2023-02-01,Rampur APMC,2675.89
Uttar Pradesh,Wheat,2023,2,2023-02-01,Rasda APMC,2766.27
Uttar Pradesh,Wheat,2023,2,2023-02-01,Robertsganj APMC,2758.41
Uttar Pradesh,Wheat,2023,2,2023-02-01,Rura APMC,
Uttar Pradesh,Wheat,2023,2,2023-02-01,Safdarganj APMC,2600.88
Uttar Pradesh,Wheat,2023,2,2023-02-01,Saharanpur APMC,2582.51
Uttar Pradesh,Wheat,2023,2,2023-02-01,Sahiyapur APMC,2625.87
Uttar Pradesh,Wheat,2023,2,2023-02-01,Salon APMC,1712.81
Uttar Pradesh,Wheat,2023,2,2023-02-01,Samsabad APMC,2689.8
Uttar Pradesh,Wheat,2023,2,2023-02-01,Sandi APMC,
Uttar Pradesh,Wheat,2023,2,2023-02-01,Sandila APMC,2527.88
Uttar Pradesh,Wheat,2023,2,2023-02-01,Sehjanwa APMC,2696.45
Uttar Pradesh,Wheat,2023,2,2023-02-01,Shahabad APMC,
Uttar Pradesh,Wheat,2023,2,2023-02-01,Shahabad(New Mandi) APMC,2574.12
Uttar Pradesh,Wheat,2023,2,2023-02-01,Shahganj APMC,2699.82
Uttar Pradesh,Wheat,2023,2,2023-02-01,Shahjahanpur APMC,2678.6
Uttar Pradesh,Wheat,2023,2,2023-02-01,Shahpur APMC,2148.34
Uttar Pradesh,Wheat,2023,2,2023-02-01,Shamli APMC,2505.83
Uttar Pradesh,Wheat,2023,2,2023-02-01,Shikohabad APMC,2514.26
Uttar Pradesh,Wheat,2023,2,2023-02-01,Sikandraraau APMC,2570.98
Uttar Pradesh,Wheat,2023,2,2023-02-01,Sirsa APMC,2469.28
Uttar Pradesh,Wheat,2023,2,2023-02-01,Sirsaganj APMC,2470.73
Uttar Pradesh,Wheat,2023,2,2023-02-01,Sitapur APMC,2506.4
Uttar Pradesh,Wheat,2023,2,2023-02-01,Sultanpur APMC,2381.2
Uttar Pradesh,Wheat,2023,2,2023-02-01,Tamkuhi road APMC,
Uttar Pradesh,Wheat,2023,2,2023-02-01,Thanabhawan APMC,2450.0
Uttar Pradesh,Wheat,2023,2,2023-02-01,Tikonia APMC,
Uttar Pradesh,Wheat,2023,2,2023-02-01,Tulsipur APMC,2557.46
Uttar Pradesh,Wheat,2023,2,2023-02-01,Tundla APMC,2476.17
Uttar Pradesh,Wheat,2023,2,2023-02-01,Ujhani APMC,
Uttar Pradesh,Wheat,2023,2,2023-02-01,Unnao APMC,2484.45
Uttar Pradesh,Wheat,2023,2,2023-02-01,Uttaripura APMC,2362.65
Uttar Pradesh,Wheat,2023,2,2023-02-01,Varanasi APMC,2778.34
Uttar Pradesh,Wheat,2023,2,2023-02-01,Viswan APMC,2484.02
Uttar Pradesh,Wheat,2023,2,2023-02-01,Wazirganj APMC,2617.41
Uttar Pradesh,Wheat,2023,2,2023-02-01,Yusufpur APMC,2510.0
Uttar Pradesh,Wheat,2023,2,2023-02-01,Note:,
Uttar Pradesh,Wheat,2023,2,2023-02-01,Weighted Average Price = ∑(arrival quantity * modal price) / ∑arrival quantity,
Uttar Pradesh,Wheat,2023,2,2023-02-01,Change (Over Previous Month) = [Price - Price(Over Previous Month)/Price(Over Previous Month)] * 100,
Uttar Pradesh,Wheat,2023,2,2023-02-01,Change (Over Previous Year) = [Price - Price(Over Previous Year)/Price(Over Previous Year)] * 100,
Uttar Pradesh,Wheat,2023,3,2023-03-01,Achalda APMC,2221.55
Uttar Pradesh,Wheat,2023,3,2023-03-01,Achnera APMC,
Uttar Pradesh,Wheat,2023,3,2023-03-01,Agra APMC,2349.62
Uttar Pradesh,Wheat,2023,3,2023-03-01,Ahirora APMC,2375.09
Uttar Pradesh,Wheat,2023,3,2023-03-01,Ait APMC,2130.37
Uttar Pradesh,Wheat,2023,3,2023-03-01,Ajuha APMC,2246.16
Uttar Pradesh,Wheat,2023,3,2023-03-01,Akbarpur APMC,2265.2
Uttar Pradesh,Wheat,2023,3,2023-03-01,Aliganj APMC,2216.25
Uttar Pradesh,Wheat,2023,3,2023-03-01,Aligarh APMC,2308.63
Uttar Pradesh,Wheat,2023,3,2023-03-01,Amroha APMC,2247.85
Uttar Pradesh,Wheat,2023,3,2023-03-01,Anandnagar APMC,2206.25
Uttar Pradesh,Wheat,2023,3,2023-03-01,Anoop Shahar APMC,
Uttar Pradesh,Wheat,2023,3,2023-03-01,Atarra APMC,2180.34
Uttar Pradesh,Wheat,2023,3,2023-03-01,Atrauli APMC,
Uttar Pradesh,Wheat,2023,3,2023-03-01,Auraiya APMC,2242.37
Uttar Pradesh,Wheat,2023,3,2023-03-01,Ayodhya APMC,2270.55
Uttar Pradesh,Wheat,2023,3,2023-03-01,Azamgarh APMC,2221.21
Uttar Pradesh,Wheat,2023,3,2023-03-01,Baberu APMC,2170.2
Uttar Pradesh,Wheat,2023,3,2023-03-01,Babrala APMC,2180.75
Uttar Pradesh,Wheat,2023,3,2023-03-01,Bachranwa APMC,2061.41
Uttar Pradesh,Wheat,2023,3,2023-03-01,Badayoun APMC,2245.18
Uttar Pradesh,Wheat,2023,3,2023-03-01,Badda APMC,
Uttar Pradesh,Wheat,2023,3,2023-03-01,Bahraich APMC,2188.11
Uttar Pradesh,Wheat,2023,3,2023-03-01,Ballia APMC,2375.17
Uttar Pradesh,Wheat,2023,3,2023-03-01,Balrampur APMC,2258.55
Uttar Pradesh,Wheat,2023,3,2023-03-01,Banda APMC,2169.63
Uttar Pradesh,Wheat,2023,3,2023-03-01,Bangarmau APMC,2259.86
Uttar Pradesh,Wheat,2023,3,2023-03-01,Bansi APMC,2200.0
Uttar Pradesh,Wheat,2023,3,2023-03-01,Barabanki APMC,2285.85
Uttar Pradesh,Wheat,2023,3,2023-03-01,Bareilly APMC,2204.05
Uttar Pradesh,Wheat,2023,3,2023-03-01,Barhaj APMC,2215.71
Uttar Pradesh,Wheat,2023,3,2023-03-01,Baripaal APMC,2139.09
Uttar Pradesh,Wheat,2023,3,2023-03-01,Basti APMC,2206.6
Uttar Pradesh,Wheat,2023,3,2023-03-01,Bewar APMC,2154.76
Uttar Pradesh,Wheat,2023,3,2023-03-01,Bharthna APMC,2268.4
Uttar Pradesh,Wheat,2023,3,2023-03-01,Bharuasumerpur APMC,2157.03
Uttar Pradesh,Wheat,2023,3,2023-03-01,Bharwari APMC,2229.5
Uttar Pradesh,Wheat,2023,3,2023-03-01,Bijnaur APMC,2247.01
Uttar Pradesh,Wheat,2023,3,2023-03-01,Bilsi APMC,2216.77
Uttar Pradesh,Wheat,2023,3,2023-03-01,Bindki APMC,2241.21
Uttar Pradesh,Wheat,2023,3,2023-03-01,Bishalpur APMC,2235.87
Uttar Pradesh,Wheat,2023,3,2023-03-01,Bisoli APMC,2200.0
Uttar Pradesh,Wheat,2023,3,2023-03-01,Buland Shahr APMC,2327.66
Uttar Pradesh,Wheat,2023,3,2023-03-01,Chandausi APMC,2480.0
Uttar Pradesh,Wheat,2023,3,2023-03-01,Chandoli APMC,2266.01
Uttar Pradesh,Wheat,2023,3,2023-03-01,Charkhari APMC,2150.0
Uttar Pradesh,Wheat,2023,3,2023-03-01,Charra APMC,2307.7
Uttar Pradesh,Wheat,2023,3,2023-03-01,Chhibramau APMC,2204.25
Uttar Pradesh,Wheat,2023,3,2023-03-01,Chirgaon APMC,2301.79
Uttar Pradesh,Wheat,2023,3,2023-03-01,Chorichora APMC,2205.6
Uttar Pradesh,Wheat,2023,3,2023-03-01,Choubepur APMC,2248.33
Uttar Pradesh,Wheat,2023,3,2023-03-01,DADRI APMC,2311.92
Uttar Pradesh,Wheat,2023,3,2023-03-01,Devariya APMC,2213.96
Uttar Pradesh,Wheat,2023,3,2023-03-01,Dhanaura APMC,2115.14
Uttar Pradesh,Wheat,2023,3,2023-03-01,Dibiapur APMC,
Uttar Pradesh,Wheat,2023,3,2023-03-01,Divai APMC,2221.84
Uttar Pradesh,Wheat,2023,3,2023-03-01,Doharighat APMC,2185.0
Uttar Pradesh,Wheat,2023,3,2023-03-01,Etah APMC,2368.16
Uttar Pradesh,Wheat,2023,3,2023-03-01,Etawah APMC,2267.37
Uttar Pradesh,Wheat,2023,3,2023-03-01,Farukhabad APMC,2281.43
Uttar Pradesh,Wheat,2023,3,2023-03-01,Fatehabad APMC,2236.54
Uttar Pradesh,Wheat,2023,3,2023-03-01,Fatehpur APMC,2215.69
Uttar Pradesh,Wheat,2023,3,2023-03-01,Fatehpur Sikri APMC,2385.58
Uttar Pradesh,Wheat,2023,3,2023-03-01,Firozabad APMC,2374.41
Uttar Pradesh,Wheat,2023,3,2023-03-01,Gazipur APMC,2385.2
Uttar Pradesh,Wheat,2023,3,2023-03-01,Ghaziabad APMC,2318.92
Uttar Pradesh,Wheat,2023,3,2023-03-01,Ghiraur APMC,2182.37
Uttar Pradesh,Wheat,2023,3,2023-03-01,Golagokarnath APMC,2092.95
Uttar Pradesh,Wheat,2023,3,2023-03-01,Gonda APMC,2260.53
Uttar Pradesh,Wheat,2023,3,2023-03-01,Gopiganj APMC,2395.67
Uttar Pradesh,Wheat,2023,3,2023-03-01,Gorakhpur APMC,2193.48
Uttar Pradesh,Wheat,2023,3,2023-03-01,Gurusarai APMC,2264.06
Uttar Pradesh,Wheat,2023,3,2023-03-01,Haathras APMC,2292.9
Uttar Pradesh,Wheat,2023,3,2023-03-01,Haldaur APMC,
Uttar Pradesh,Wheat,2023,3,2023-03-01,Hamirpur APMC,
Uttar Pradesh,Wheat,2023,3,2023-03-01,Hapur APMC,2285.88
Uttar Pradesh,Wheat,2023,3,2023-03-01,Hardoi APMC,2268.65
Uttar Pradesh,Wheat,2023,3,2023-03-01,Hargaon (Laharpur) APMC,2084.8
Uttar Pradesh,Wheat,2023,3,2023-03-01,Jafarganj APMC,2203.17
Uttar Pradesh,Wheat,2023,3,2023-03-01,Jagnair APMC,2125.0
Uttar Pradesh,Wheat,2023,3,2023-03-01,Jahanabad APMC,2142.96
Uttar Pradesh,Wheat,2023,3,2023-03-01,Jahangirabad APMC,2292.47
Uttar Pradesh,Wheat,2023,3,2023-03-01,Jalaun APMC,2160.76
Uttar Pradesh,Wheat,2023,3,2023-03-01,Jamanian APMC,2255.0
Uttar Pradesh,Wheat,2023,3,2023-03-01,Jangipura APMC,2378.82
Uttar Pradesh,Wheat,2023,3,2023-03-01,Jasra APMC,2250.11
Uttar Pradesh,Wheat,2023,3,2023-03-01,Jaunpur APMC,2351.51
Uttar Pradesh,Wheat,2023,3,2023-03-01,Jayas APMC,2192.56
Uttar Pradesh,Wheat,2023,3,2023-03-01,Jhansi APMC,2278.87
Uttar Pradesh,Wheat,2023,3,2023-03-01,Jhijhank APMC,2203.54
Uttar Pradesh,Wheat,2023,3,2023-03-01,Kadaura APMC,2200.0
Uttar Pradesh,Wheat,2023,3,2023-03-01,Kalpi APMC,2070.79
Uttar Pradesh,Wheat,2023,3,2023-03-01,Kamlaganj APMC,
Uttar Pradesh,Wheat,2023,3,2023-03-01,Kannauj APMC,2240.41
Uttar Pradesh,Wheat,2023,3,2023-03-01,Kanpur(Grain) APMC,2264.19
Uttar Pradesh,Wheat,2023,3,2023-03-01,Karvi APMC,2162.21
Uttar Pradesh,Wheat,2023,3,2023-03-01,Kasganj APMC,2345.51
Uttar Pradesh,Wheat,2023,3,2023-03-01,Kayamganj APMC,2264.62
Uttar Pradesh,Wheat,2023,3,2023-03-01,Khaga APMC,2176.79
Uttar Pradesh,Wheat,2023,3,2023-03-01,Khair APMC,2288.32
Uttar Pradesh,Wheat,2023,3,2023-03-01,Khairagarh APMC,2016.67
Uttar Pradesh,Wheat,2023,3,2023-03-01,Khurja APMC,2337.81
Uttar Pradesh,Wheat,2023,3,2023-03-01,Kishunpur APMC,2121.82
Uttar Pradesh,Wheat,2023,3,2023-03-01,Konch APMC,2085.26
Uttar Pradesh,Wheat,2023,3,2023-03-01,Kopaganj APMC,2209.64
Uttar Pradesh,Wheat,2023,3,2023-03-01,Kosikalan APMC,2325.1
Uttar Pradesh,Wheat,2023,3,2023-03-01,Kurara APMC,2253.09
Uttar Pradesh,Wheat,2023,3,2023-03-01,Lakhimpur APMC,2095.02
Uttar Pradesh,Wheat,2023,3,2023-03-01,Lalganj APMC,2188.53
Uttar Pradesh,Wheat,2023,3,2023-03-01,Lalitpur APMC,2238.46
Uttar Pradesh,Wheat,2023,3,2023-03-01,Lucknow APMC,2316.5
Uttar Pradesh,Wheat,2023,3,2023-03-01,Madhoganj APMC,2234.32
Uttar Pradesh,Wheat,2023,3,2023-03-01,Madhogarh APMC,2159.82
Uttar Pradesh,Wheat,2023,3,2023-03-01,Mahoba APMC,2214.14
Uttar Pradesh,Wheat,2023,3,2023-03-01,Maigalganj APMC,2028.1
Uttar Pradesh,Wheat,2023,3,2023-03-01,Mainpuri APMC,2143.25
Uttar Pradesh,Wheat,2023,3,2023-03-01,Mathura APMC,2264.85
Uttar Pradesh,Wheat,2023,3,2023-03-01,Maudaha APMC,2060.82
Uttar Pradesh,Wheat,2023,3,2023-03-01,Mauranipur APMC,2240.86
Uttar Pradesh,Wheat,2023,3,2023-03-01,Mawana APMC,2400.0
Uttar Pradesh,Wheat,2023,3,2023-03-01,Meerut APMC,2322.88
Uttar Pradesh,Wheat,2023,3,2023-03-01,Mehrauni APMC,2200.0
Uttar Pradesh,Wheat,2023,3,2023-03-01,Milak APMC,2203.94
Uttar Pradesh,Wheat,2023,3,2023-03-01,Mirzapur APMC,2331.49
Uttar Pradesh,Wheat,2023,3,2023-03-01,Mohamadabad APMC,2300.0
Uttar Pradesh,Wheat,2023,3,2023-03-01,Mohammdi APMC,2079.51
Uttar Pradesh,Wheat,2023,3,2023-03-01,Moth APMC,2626.82
Uttar Pradesh,Wheat,2023,3,2023-03-01,Mugrabaadshahpur APMC,2395.91
Uttar Pradesh,Wheat,2023,3,2023-03-01,Muradabad APMC,2211.89
Uttar Pradesh,Wheat,2023,3,2023-03-01,Muradnagar APMC,2560.0
Uttar Pradesh,Wheat,2023,3,2023-03-01,Muskara APMC,2032.14
Uttar Pradesh,Wheat,2023,3,2023-03-01,Muzzafarnagar APMC,2289.84
Uttar Pradesh,Wheat,2023,3,2023-03-01,Naanpara APMC,2185.89
Uttar Pradesh,Wheat,2023,3,2023-03-01,Najibabad APMC,
Uttar Pradesh,Wheat,2023,3,2023-03-01,Naugarh APMC,2203.41
Uttar Pradesh,Wheat,2023,3,2023-03-01,Nautnava APMC,2058.33
Uttar Pradesh,Wheat,2023,3,2023-03-01,Nawabganj APMC,2251.21
Uttar Pradesh,Wheat,2023,3,2023-03-01,Orai APMC,2092.74
Uttar Pradesh,Wheat,2023,3,2023-03-01,Paliakala APMC,
Uttar Pradesh,Wheat,2023,3,2023-03-01,Panchpedwa APMC,
Uttar Pradesh,Wheat,2023,3,2023-03-01,Partaval APMC,2203.16
Uttar Pradesh,Wheat,2023,3,2023-03-01,Pilibhit APMC,2403.05
Uttar Pradesh,Wheat,2023,3,2023-03-01,Powayan APMC,2201.38
Uttar Pradesh,Wheat,2023,3,2023-03-01,Pratapgarh APMC,2283.29
Uttar Pradesh,Wheat,2023,3,2023-03-01,Prayagraj APMC,2279.37
Uttar Pradesh,Wheat,2023,3,2023-03-01,Pukharayan APMC,2205.33
Uttar Pradesh,Wheat,2023,3,2023-03-01,Puranpur APMC,2392.85
Uttar Pradesh,Wheat,2023,3,2023-03-01,Purwa APMC,
Uttar Pradesh,Wheat,2023,3,2023-03-01,Raath APMC,2028.47
Uttar Pradesh,Wheat,2023,3,2023-03-01,Raibareilly APMC,2182.94
Uttar Pradesh,Wheat,2023,3,2023-03-01,Rampur APMC,2233.55
Uttar Pradesh,Wheat,2023,3,2023-03-01,Rasda APMC,2374.0
Uttar Pradesh,Wheat,2023,3,2023-03-01,Robertsganj APMC,2390.79
Uttar Pradesh,Wheat,2023,3,2023-03-01,Rura APMC,
Uttar Pradesh,Wheat,2023,3,2023-03-01,Safdarganj APMC,2333.39
Uttar Pradesh,Wheat,2023,3,2023-03-01,Saharanpur APMC,2282.31
Uttar Pradesh,Wheat,2023,3,2023-03-01,Sahiyapur APMC,2220.7
Uttar Pradesh,Wheat,2023,3,2023-03-01,Salon APMC,2035.53
Uttar Pradesh,Wheat,2023,3,2023-03-01,Samsabad APMC,2363.48
Uttar Pradesh,Wheat,2023,3,2023-03-01,Sandi APMC,1950.0
Uttar Pradesh,Wheat,2023,3,2023-03-01,Sandila APMC,2273.45
Uttar Pradesh,Wheat,2023,3,2023-03-01,Sehjanwa APMC,2191.71
Uttar Pradesh,Wheat,2023,3,2023-03-01,Shahabad(New Mandi) APMC,2246.56
Uttar Pradesh,Wheat,2023,3,2023-03-01,Shahaswan APMC,2200.0
Uttar Pradesh,Wheat,2023,3,2023-03-01,Shahganj APMC,2317.06
Uttar Pradesh,Wheat,2023,3,2023-03-01,Shahjahanpur APMC,2310.91
Uttar Pradesh,Wheat,2023,3,2023-03-01,Shahpur APMC,
Uttar Pradesh,Wheat,2023,3,2023-03-01,Shamli APMC,2284.14
Uttar Pradesh,Wheat,2023,3,2023-03-01,Shikohabad APMC,2199.29
Uttar Pradesh,Wheat,2023,3,2023-03-01,Sikandraraau APMC,2216.35
Uttar Pradesh,Wheat,2023,3,2023-03-01,Sirsa APMC,2338.52
Uttar Pradesh,Wheat,2023,3,2023-03-01,Sirsaganj APMC,2236.81
Uttar Pradesh,Wheat,2023,3,2023-03-01,Sitapur APMC,2240.23
Uttar Pradesh,Wheat,2023,3,2023-03-01,Sultanpur APMC,2198.65
Uttar Pradesh,Wheat,2023,3,2023-03-01,Tamkuhi road APMC,2200.0
Uttar Pradesh,Wheat,2023,3,2023-03-01,Thanabhawan APMC,2100.0
Uttar Pradesh,Wheat,2023,3,2023-03-01,Tikonia APMC,2200.0
Uttar Pradesh,Wheat,2023,3,2023-03-01,Tilhar APMC,
Uttar Pradesh,Wheat,2023,3,2023-03-01,Tulsipur APMC,2251.5
Uttar Pradesh,Wheat,2023,3,2023-03-01,Tundla APMC,2399.27
Uttar Pradesh,Wheat,2023,3,2023-03-01,Ujhani APMC,
Uttar Pradesh,Wheat,2023,3,2023-03-01,Unnao APMC,2302.15
Uttar Pradesh,Wheat,2023,3,2023-03-01,Uttaripura APMC,2233.7
Uttar Pradesh,Wheat,2023,3,2023-03-01,Varanasi APMC,2385.95
Uttar Pradesh,Wheat,2023,3,2023-03-01,Viswan APMC,2207.42
Uttar Pradesh,Wheat,2023,3,2023-03-01,Wazirganj APMC,2213.46
Uttar Pradesh,Wheat,2023,3,2023-03-01,Yusufpur APMC,2250.0
Uttar Pradesh,Wheat,2023,3,2023-03-01,Note:,
Uttar Pradesh,Wheat,2023,3,2023-03-01,Weighted Average Price = ∑(arrival quantity * modal price) / ∑arrival quantity,
Uttar Pradesh,Wheat,2023,3,2023-03-01,Change (Over Previous Month) = [Price - Price(Over Previous Month)/Price(Over Previous Month)] * 100,
Uttar Pradesh,Wheat,2023,3,2023-03-01,Change (Over Previous Year) = [Price - Price(Over Previous Year)/Price(Over Previous Year)] * 100,
Uttar Pradesh,Wheat,2023,4,2023-04-01,Achalda APMC,2126.47
Uttar Pradesh,Wheat,2023,4,2023-04-01,Achnera APMC,
Uttar Pradesh,Wheat,2023,4,2023-04-01,Agra APMC,2192.05
Uttar Pradesh,Wheat,2023,4,2023-04-01,Ahirora APMC,2145.41
Uttar Pradesh,Wheat,2023,4,2023-04-01,Ait APMC,2125.0
Uttar Pradesh,Wheat,2023,4,2023-04-01,Ajuha APMC,2144.83
Uttar Pradesh,Wheat,2023,4,2023-04-01,Akbarpur APMC,2135.27
Uttar Pradesh,Wheat,2023,4,2023-04-01,Aliganj APMC,2132.33
Uttar Pradesh,Wheat,2023,4,2023-04-01,Aligarh APMC,2152.16
Uttar Pradesh,Wheat,2023,4,2023-04-01,Amroha APMC,2163.66
Uttar Pradesh,Wheat,2023,4,2023-04-01,Anandnagar APMC,2153.32
Uttar Pradesh,Wheat,2023,4,2023-04-01,Anoop Shahar APMC,2126.59
Uttar Pradesh,Wheat,2023,4,2023-04-01,Atarra APMC,2126.21
Uttar Pradesh,Wheat,2023,4,2023-04-01,Atrauli APMC,2070.52
Uttar Pradesh,Wheat,2023,4,2023-04-01,Auraiya APMC,2126.02
Uttar Pradesh,Wheat,2023,4,2023-04-01,Ayodhya APMC,2135.49
Uttar Pradesh,Wheat,2023,4,2023-04-01,Azamgarh APMC,2154.07
Uttar Pradesh,Wheat,2023,4,2023-04-01,Baberu APMC,2125.0
Uttar Pradesh,Wheat,2023,4,2023-04-01,Babrala APMC,2133.29
Uttar Pradesh,Wheat,2023,4,2023-04-01,Bachranwa APMC,2118.17
Uttar Pradesh,Wheat,2023,4,2023-04-01,Badayoun APMC,2129.41
Uttar Pradesh,Wheat,2023,4,2023-04-01,Badda APMC,
Uttar Pradesh,Wheat,2023,4,2023-04-01,Baheri APMC,2125.0
Uttar Pradesh,Wheat,2023,4,2023-04-01,Bahraich APMC,2146.34
Uttar Pradesh,Wheat,2023,4,2023-04-01,Ballia APMC,2139.83
Uttar Pradesh,Wheat,2023,4,2023-04-01,Balrampur APMC,2208.99
Uttar Pradesh,Wheat,2023,4,2023-04-01,Banda APMC,2125.15
Uttar Pradesh,Wheat,2023,4,2023-04-01,Bangarmau APMC,2127.31
Uttar Pradesh,Wheat,2023,4,2023-04-01,Bansi APMC,2150.0
Uttar Pradesh,Wheat,2023,4,2023-04-01,Barabanki APMC,2177.62
Uttar Pradesh,Wheat,2023,4,2023-04-01,Bareilly APMC,2128.42
Uttar Pradesh,Wheat,2023,4,2023-04-01,Barhaj APMC,2145.57
Uttar Pradesh,Wheat,2023,4,2023-04-01,Baripaal APMC,2129.93
Uttar Pradesh,Wheat,2023,4,2023-04-01,Basti APMC,2149.82
Uttar Pradesh,Wheat,2023,4,2023-04-01,Bewar APMC,2126.84
Uttar Pradesh,Wheat,2023,4,2023-04-01,Bharthna APMC,2126.55
Uttar Pradesh,Wheat,2023,4,2023-04-01,Bharuasumerpur APMC,2139.89
Uttar Pradesh,Wheat,2023,4,2023-04-01,Bharwari APMC,2166.0
Uttar Pradesh,Wheat,2023,4,2023-04-01,Bhehjoi APMC,2153.88
Uttar Pradesh,Wheat,2023,4,2023-04-01,Bijnaur APMC,2159.07
Uttar Pradesh,Wheat,2023,4,2023-04-01,Bilaspur APMC,2162.02
Uttar Pradesh,Wheat,2023,4,2023-04-01,Bilsi APMC,2157.63
Uttar Pradesh,Wheat,2023,4,2023-04-01,Bindki APMC,2181.13
Uttar Pradesh,Wheat,2023,4,2023-04-01,Bishalpur APMC,2142.41
Uttar Pradesh,Wheat,2023,4,2023-04-01,Bisoli APMC,2131.32
Uttar Pradesh,Wheat,2023,4,2023-04-01,Buland Shahr APMC,2155.16
Uttar Pradesh,Wheat,2023,4,2023-04-01,Chandausi APMC,2146.67
Uttar Pradesh,Wheat,2023,4,2023-04-01,Chandoli APMC,2129.69
Uttar Pradesh,Wheat,2023,4,2023-04-01,Charkhari APMC,2138.05
Uttar Pradesh,Wheat,2023,4,2023-04-01,Charra APMC,2121.03
Uttar Pradesh,Wheat,2023,4,2023-04-01,Chhibramau APMC,2156.1
Uttar Pradesh,Wheat,2023,4,2023-04-01,Chirgaon APMC,2139.81
Uttar Pradesh,Wheat,2023,4,2023-04-01,Chorichora APMC,2147.87
Uttar Pradesh,Wheat,2023,4,2023-04-01,Choubepur APMC,2136.52
Uttar Pradesh,Wheat,2023,4,2023-04-01,DADRI APMC,2215.27
Uttar Pradesh,Wheat,2023,4,2023-04-01,Dankaur APMC,2143.86
Uttar Pradesh,Wheat,2023,4,2023-04-01,Dataganj APMC,2127.51
Uttar Pradesh,Wheat,2023,4,2023-04-01,Devariya APMC,2138.09
Uttar Pradesh,Wheat,2023,4,2023-04-01,Dhanaura APMC,2128.61
Uttar Pradesh,Wheat,2023,4,2023-04-01,Dibiapur APMC,2169.81
Uttar Pradesh,Wheat,2023,4,2023-04-01,Divai APMC,2151.33
Uttar Pradesh,Wheat,2023,4,2023-04-01,Doharighat APMC,1998.77
Uttar Pradesh,Wheat,2023,4,2023-04-01,Etah APMC,2155.61
Uttar Pradesh,Wheat,2023,4,2023-04-01,Etawah APMC,2126.35
Uttar Pradesh,Wheat,2023,4,2023-04-01,Farukhabad APMC,2174.07
Uttar Pradesh,Wheat,2023,4,2023-04-01,Fatehabad APMC,2125.0
Uttar Pradesh,Wheat,2023,4,2023-04-01,Fatehpur APMC,2158.86
Uttar Pradesh,Wheat,2023,4,2023-04-01,Fatehpur Sikri APMC,2222.63
Uttar Pradesh,Wheat,2023,4,2023-04-01,Firozabad APMC,2214.16
Uttar Pradesh,Wheat,2023,4,2023-04-01,Gazipur APMC,2138.16
Uttar Pradesh,Wheat,2023,4,2023-04-01,Ghaziabad APMC,2205.62
Uttar Pradesh,Wheat,2023,4,2023-04-01,Ghiraur APMC,2141.67
Uttar Pradesh,Wheat,2023,4,2023-04-01,Golagokarnath APMC,2151.13
Uttar Pradesh,Wheat,2023,4,2023-04-01,Gonda APMC,2223.19
Uttar Pradesh,Wheat,2023,4,2023-04-01,Gopiganj APMC,2144.05
Uttar Pradesh,Wheat,2023,4,2023-04-01,Gorakhpur APMC,2154.7
Uttar Pradesh,Wheat,2023,4,2023-04-01,Gurusarai APMC,2145.49
Uttar Pradesh,Wheat,2023,4,2023-04-01,Haathras APMC,2157.68
Uttar Pradesh,Wheat,2023,4,2023-04-01,Hamirpur APMC,
Uttar Pradesh,Wheat,2023,4,2023-04-01,Hapur APMC,2148.26
Uttar Pradesh,Wheat,2023,4,2023-04-01,Hardoi APMC,2150.72
Uttar Pradesh,Wheat,2023,4,2023-04-01,Hargaon (Laharpur) APMC,
Uttar Pradesh,Wheat,2023,4,2023-04-01,Jafarganj APMC,2142.34
Uttar Pradesh,Wheat,2023,4,2023-04-01,Jagnair APMC,2124.21
Uttar Pradesh,Wheat,2023,4,2023-04-01,Jahanabad APMC,2173.0
Uttar Pradesh,Wheat,2023,4,2023-04-01,Jahangirabad APMC,2142.5
Uttar Pradesh,Wheat,2023,4,2023-04-01,Jalaun APMC,2123.45
Uttar Pradesh,Wheat,2023,4,2023-04-01,Jamanian APMC,2135.0
Uttar Pradesh,Wheat,2023,4,2023-04-01,Jangipura APMC,2136.73
Uttar Pradesh,Wheat,2023,4,2023-04-01,Jasra APMC,2160.01
Uttar Pradesh,Wheat,2023,4,2023-04-01,Jasvantnagar APMC,
Uttar Pradesh,Wheat,2023,4,2023-04-01,Jaunpur APMC,2139.9
Uttar Pradesh,Wheat,2023,4,2023-04-01,Jayas APMC,2137.28
Uttar Pradesh,Wheat,2023,4,2023-04-01,Jhansi APMC,2145.37
Uttar Pradesh,Wheat,2023,4,2023-04-01,Jhijhank APMC,2136.81
Uttar Pradesh,Wheat,2023,4,2023-04-01,Kadaura APMC,2150.0
Uttar Pradesh,Wheat,2023,4,2023-04-01,Kalpi APMC,2121.51
Uttar Pradesh,Wheat,2023,4,2023-04-01,Kamlaganj APMC,2125.0
Uttar Pradesh,Wheat,2023,4,2023-04-01,Kannauj APMC,2155.37
Uttar Pradesh,Wheat,2023,4,2023-04-01,Kanpur(Grain) APMC,2194.98
Uttar Pradesh,Wheat,2023,4,2023-04-01,Karvi APMC,2126.2
Uttar Pradesh,Wheat,2023,4,2023-04-01,Kasganj APMC,2126.33
Uttar Pradesh,Wheat,2023,4,2023-04-01,Kayamganj APMC,2170.15
Uttar Pradesh,Wheat,2023,4,2023-04-01,Khaga APMC,2158.74
Uttar Pradesh,Wheat,2023,4,2023-04-01,Khair APMC,2151.56
Uttar Pradesh,Wheat,2023,4,2023-04-01,Khairagarh APMC,2138.99
Uttar Pradesh,Wheat,2023,4,2023-04-01,Khatauli APMC,2131.67
Uttar Pradesh,Wheat,2023,4,2023-04-01,Khurja APMC,2153.13
Uttar Pradesh,Wheat,2023,4,2023-04-01,Kishunpur APMC,2145.95
Uttar Pradesh,Wheat,2023,4,2023-04-01,Konch APMC,2125.0
Uttar Pradesh,Wheat,2023,4,2023-04-01,Kopaganj APMC,2145.45
Uttar Pradesh,Wheat,2023,4,2023-04-01,Kosikalan APMC,2085.97
Uttar Pradesh,Wheat,2023,4,2023-04-01,Kurara APMC,2100.0
Uttar Pradesh,Wheat,2023,4,2023-04-01,Lakhimpur APMC,2136.62
Uttar Pradesh,Wheat,2023,4,2023-04-01,Lalganj APMC,2128.4
Uttar Pradesh,Wheat,2023,4,2023-04-01,Lalitpur APMC,2183.93
Uttar Pradesh,Wheat,2023,4,2023-04-01,Lucknow APMC,2161.81
Uttar Pradesh,Wheat,2023,4,2023-04-01,Madhoganj APMC,2143.31
Uttar Pradesh,Wheat,2023,4,2023-04-01,Madhogarh APMC,2132.64
Uttar Pradesh,Wheat,2023,4,2023-04-01,Mahoba APMC,2134.28
Uttar Pradesh,Wheat,2023,4,2023-04-01,Maigalganj APMC,2117.09
Uttar Pradesh,Wheat,2023,4,2023-04-01,Mainpuri APMC,2145.15
Uttar Pradesh,Wheat,2023,4,2023-04-01,Mathura APMC,2140.27
Uttar Pradesh,Wheat,2023,4,2023-04-01,Maudaha APMC,2125.0
Uttar Pradesh,Wheat,2023,4,2023-04-01,Mauranipur APMC,2144.58
Uttar Pradesh,Wheat,2023,4,2023-04-01,Mawana APMC,2170.0
Uttar Pradesh,Wheat,2023,4,2023-04-01,Meerut APMC,2225.05
Uttar Pradesh,Wheat,2023,4,2023-04-01,Mehrauni APMC,2200.0
Uttar Pradesh,Wheat,2023,4,2023-04-01,Milak APMC,2128.44
Uttar Pradesh,Wheat,2023,4,2023-04-01,Mirzapur APMC,2132.08
Uttar Pradesh,Wheat,2023,4,2023-04-01,Mohamadabad APMC,2128.32
Uttar Pradesh,Wheat,2023,4,2023-04-01,Mohammdi APMC,2157.03
Uttar Pradesh,Wheat,2023,4,2023-04-01,Moth APMC,2131.04
Uttar Pradesh,Wheat,2023,4,2023-04-01,Mugrabaadshahpur APMC,2154.56
Uttar Pradesh,Wheat,2023,4,2023-04-01,Muradabad APMC,2141.75
Uttar Pradesh,Wheat,2023,4,2023-04-01,Muradnagar APMC,2160.0
Uttar Pradesh,Wheat,2023,4,2023-04-01,Muskara APMC,2125.0
Uttar Pradesh,Wheat,2023,4,2023-04-01,Muzzafarnagar APMC,2184.04
Uttar Pradesh,Wheat,2023,4,2023-04-01,Naanpara APMC,2146.0
Uttar Pradesh,Wheat,2023,4,2023-04-01,Najibabad APMC,
Uttar Pradesh,Wheat,2023,4,2023-04-01,Naugarh APMC,2137.88
Uttar Pradesh,Wheat,2023,4,2023-04-01,Nautnava APMC,2063.14
Uttar Pradesh,Wheat,2023,4,2023-04-01,Nawabganj APMC,2176.93
Uttar Pradesh,Wheat,2023,4,2023-04-01,Orai APMC,2125.0
Uttar Pradesh,Wheat,2023,4,2023-04-01,Paliakala APMC,
Uttar Pradesh,Wheat,2023,4,2023-04-01,Panchpedwa APMC,
Uttar Pradesh,Wheat,2023,4,2023-04-01,Partaval APMC,2144.33
Uttar Pradesh,Wheat,2023,4,2023-04-01,Pilibhit APMC,2178.37
Uttar Pradesh,Wheat,2023,4,2023-04-01,Powayan APMC,2143.9
Uttar Pradesh,Wheat,2023,4,2023-04-01,Pratapgarh APMC,2165.4
Uttar Pradesh,Wheat,2023,4,2023-04-01,Prayagraj APMC,2191.97
Uttar Pradesh,Wheat,2023,4,2023-04-01,Pukharayan APMC,2142.25
Uttar Pradesh,Wheat,2023,4,2023-04-01,Puranpur APMC,2158.61
Uttar Pradesh,Wheat,2023,4,2023-04-01,Purwa APMC,2157.53
Uttar Pradesh,Wheat,2023,4,2023-04-01,Raath APMC,2125.0
Uttar Pradesh,Wheat,2023,4,2023-04-01,Raibareilly APMC,2129.99
Uttar Pradesh,Wheat,2023,4,2023-04-01,Rampur APMC,2154.79
Uttar Pradesh,Wheat,2023,4,2023-04-01,Rasda APMC,2144.78
Uttar Pradesh,Wheat,2023,4,2023-04-01,Richha APMC,2131.02
Uttar Pradesh,Wheat,2023,4,2023-04-01,Robertsganj APMC,2225.15
Uttar Pradesh,Wheat,2023,4,2023-04-01,Rudauli APMC,
Uttar Pradesh,Wheat,2023,4,2023-04-01,Rura APMC,2149.59
Uttar Pradesh,Wheat,2023,4,2023-04-01,Safdarganj APMC,2181.17
Uttar Pradesh,Wheat,2023,4,2023-04-01,Saharanpur APMC,2168.3
Uttar Pradesh,Wheat,2023,4,2023-04-01,Sahiyapur APMC,2139.51
Uttar Pradesh,Wheat,2023,4,2023-04-01,Salon APMC,2136.35
Uttar Pradesh,Wheat,2023,4,2023-04-01,Sambhal APMC,2148.3
Uttar Pradesh,Wheat,2023,4,2023-04-01,Samsabad APMC,2162.96
Uttar Pradesh,Wheat,2023,4,2023-04-01,Sandi APMC,2087.26
Uttar Pradesh,Wheat,2023,4,2023-04-01,Sandila APMC,2144.25
Uttar Pradesh,Wheat,2023,4,2023-04-01,Sehjanwa APMC,2125.0
Uttar Pradesh,Wheat,2023,4,2023-04-01,Shahabad APMC,2150.0
Uttar Pradesh,Wheat,2023,4,2023-04-01,Shahabad(New Mandi) APMC,2148.9
Uttar Pradesh,Wheat,2023,4,2023-04-01,Shahaswan APMC,2125.24
Uttar Pradesh,Wheat,2023,4,2023-04-01,Shahganj APMC,2144.39
Uttar Pradesh,Wheat,2023,4,2023-04-01,Shahjahanpur APMC,2129.62
Uttar Pradesh,Wheat,2023,4,2023-04-01,Shahpur APMC,2141.02
Uttar Pradesh,Wheat,2023,4,2023-04-01,Shamli APMC,2180.74
Uttar Pradesh,Wheat,2023,4,2023-04-01,Shikohabad APMC,2149.84
Uttar Pradesh,Wheat,2023,4,2023-04-01,Sikandraraau APMC,2129.32
Uttar Pradesh,Wheat,2023,4,2023-04-01,Sikarpur APMC,2126.98
Uttar Pradesh,Wheat,2023,4,2023-04-01,Sirsa APMC,
Uttar Pradesh,Wheat,2023,4,2023-04-01,Sirsaganj APMC,2149.16
Uttar Pradesh,Wheat,2023,4,2023-04-01,Sitapur APMC,2144.51
Uttar Pradesh,Wheat,2023,4,2023-04-01,Siyana APMC,2127.32
Uttar Pradesh,Wheat,2023,4,2023-04-01,Sultanpur APMC,2140.88
Uttar Pradesh,Wheat,2023,4,2023-04-01,Tamkuhi road APMC,2150.0
Uttar Pradesh,Wheat,2023,4,2023-04-01,Thanabhawan APMC,2131.59
Uttar Pradesh,Wheat,2023,4,2023-04-01,Tikonia APMC,2165.87
Uttar Pradesh,Wheat,2023,4,2023-04-01,Tilhar APMC,2125.05
Uttar Pradesh,Wheat,2023,4,2023-04-01,Tulsipur APMC,2196.89
Uttar Pradesh,Wheat,2023,4,2023-04-01,Tundla APMC,2176.42
Uttar Pradesh,Wheat,2023,4,2023-04-01,Ujhani APMC,
Uttar Pradesh,Wheat,2023,4,2023-04-01,Unnao APMC,2144.66
Uttar Pradesh,Wheat,2023,4,2023-04-01,Uttaripura APMC,2205.0
Uttar Pradesh,Wheat,2023,4,2023-04-01,Varanasi APMC,2151.89
Uttar Pradesh,Wheat,2023,4,2023-04-01,Vilthararoad APMC,2218.36
Uttar Pradesh,Wheat,2023,4,2023-04-01,Viswan APMC,2129.3
Uttar Pradesh,Wheat,2023,4,2023-04-01,Wazirganj APMC,2126.95
Uttar Pradesh,Wheat,2023,4,2023-04-01,Yusufpur APMC,2130.0
Uttar Pradesh,Wheat,2023,4,2023-04-01,Note:,
Uttar Pradesh,Wheat,2023,4,2023-04-01,Weighted Average Price = ∑(arrival quantity * modal price) / ∑arrival quantity,
Uttar Pradesh,Wheat,2023,4,2023-04-01,Change (Over Previous Month) = [Price - Price(Over Previous Month)/Price(Over Previous Month)] * 100,
Uttar Pradesh,Wheat,2023,4,2023-04-01,Change (Over Previous Year) = [Price - Price(Over Previous Year)/Price(Over Previous Year)] * 100,
Uttar Pradesh,Wheat,2023,5,2023-05-01,Achalda APMC,2157.62
Uttar Pradesh,Wheat,2023,5,2023-05-01,Achnera APMC,
Uttar Pradesh,Wheat,2023,5,2023-05-01,Agra APMC,2220.63
Uttar Pradesh,Wheat,2023,5,2023-05-01,Ahirora APMC,2125.0
Uttar Pradesh,Wheat,2023,5,2023-05-01,Ait APMC,2168.62
Uttar Pradesh,Wheat,2023,5,2023-05-01,Ajuha APMC,2138.84
Uttar Pradesh,Wheat,2023,5,2023-05-01,Akbarpur APMC,2186.1
Uttar Pradesh,Wheat,2023,5,2023-05-01,Aliganj APMC,2148.81
Uttar Pradesh,Wheat,2023,5,2023-05-01,Aligarh APMC,2220.2
Uttar Pradesh,Wheat,2023,5,2023-05-01,Amroha APMC,2136.03
Uttar Pradesh,Wheat,2023,5,2023-05-01,Anandnagar APMC,2172.08
Uttar Pradesh,Wheat,2023,5,2023-05-01,Anoop Shahar APMC,2156.21
Uttar Pradesh,Wheat,2023,5,2023-05-01,Atarra APMC,2143.29
Uttar Pradesh,Wheat,2023,5,2023-05-01,Atrauli APMC,2143.76
Uttar Pradesh,Wheat,2023,5,2023-05-01,Auraiya APMC,2159.23
Uttar Pradesh,Wheat,2023,5,2023-05-01,Awagarh APMC,2172.86
Uttar Pradesh,Wheat,2023,5,2023-05-01,Ayodhya APMC,2214.28
Uttar Pradesh,Wheat,2023,5,2023-05-01,Azamgarh APMC,2177.24
Uttar Pradesh,Wheat,2023,5,2023-05-01,Baberu APMC,2138.86
Uttar Pradesh,Wheat,2023,5,2023-05-01,Babrala APMC,2141.88
Uttar Pradesh,Wheat,2023,5,2023-05-01,Bachranwa APMC,2157.86
Uttar Pradesh,Wheat,2023,5,2023-05-01,Badayoun APMC,2134.05
Uttar Pradesh,Wheat,2023,5,2023-05-01,Badda APMC,
Uttar Pradesh,Wheat,2023,5,2023-05-01,Baheri APMC,
Uttar Pradesh,Wheat,2023,5,2023-05-01,Bahraich APMC,2183.48
Uttar Pradesh,Wheat,2023,5,2023-05-01,Ballia APMC,2138.65
Uttar Pradesh,Wheat,2023,5,2023-05-01,Balrampur APMC,2204.43
Uttar Pradesh,Wheat,2023,5,2023-05-01,Banda APMC,2143.9
Uttar Pradesh,Wheat,2023,5,2023-05-01,Bangarmau APMC,2136.3
Uttar Pradesh,Wheat,2023,5,2023-05-01,Bansi APMC,2240.0
Uttar Pradesh,Wheat,2023,5,2023-05-01,Banthara APMC,
Uttar Pradesh,Wheat,2023,5,2023-05-01,Barabanki APMC,2256.7
Uttar Pradesh,Wheat,2023,5,2023-05-01,Bareilly APMC,2125.2
Uttar Pradesh,Wheat,2023,5,2023-05-01,Barhaj APMC,2159.6
Uttar Pradesh,Wheat,2023,5,2023-05-01,Baripaal APMC,2141.66
Uttar Pradesh,Wheat,2023,5,2023-05-01,Basti APMC,2176.0
Uttar Pradesh,Wheat,2023,5,2023-05-01,Bewar APMC,2140.98
Uttar Pradesh,Wheat,2023,5,2023-05-01,Bharthna APMC,2150.95
Uttar Pradesh,Wheat,2023,5,2023-05-01,Bharuasumerpur APMC,2143.24
Uttar Pradesh,Wheat,2023,5,2023-05-01,Bharwari APMC,2147.34
Uttar Pradesh,Wheat,2023,5,2023-05-01,Bhehjoi APMC,2169.28
Uttar Pradesh,Wheat,2023,5,2023-05-01,Bijnaur APMC,2153.87
Uttar Pradesh,Wheat,2023,5,2023-05-01,Bilaspur APMC,2159.84
Uttar Pradesh,Wheat,2023,5,2023-05-01,Bilsi APMC,2161.11
Uttar Pradesh,Wheat,2023,5,2023-05-01,Bindki APMC,2214.17
Uttar Pradesh,Wheat,2023,5,2023-05-01,Bishalpur APMC,2132.23
Uttar Pradesh,Wheat,2023,5,2023-05-01,Bisoli APMC,2137.92
Uttar Pradesh,Wheat,2023,5,2023-05-01,Buland Shahr APMC,2157.33
Uttar Pradesh,Wheat,2023,5,2023-05-01,CHHUTMALPUR APMC,
Uttar Pradesh,Wheat,2023,5,2023-05-01,Chandausi APMC,2139.27
Uttar Pradesh,Wheat,2023,5,2023-05-01,Chandoli APMC,2143.2
Uttar Pradesh,Wheat,2023,5,2023-05-01,Charkhari APMC,2143.45
Uttar Pradesh,Wheat,2023,5,2023-05-01,Charra APMC,2191.78
Uttar Pradesh,Wheat,2023,5,2023-05-01,Chhibramau APMC,2148.78
Uttar Pradesh,Wheat,2023,5,2023-05-01,Chirgaon APMC,2142.96
Uttar Pradesh,Wheat,2023,5,2023-05-01,Chorichora APMC,2183.64
Uttar Pradesh,Wheat,2023,5,2023-05-01,Choubepur APMC,2168.32
Uttar Pradesh,Wheat,2023,5,2023-05-01,Colonelganj APMC,
Uttar Pradesh,Wheat,2023,5,2023-05-01,DADRI APMC,2167.71
Uttar Pradesh,Wheat,2023,5,2023-05-01,Dankaur APMC,2161.66
Uttar Pradesh,Wheat,2023,5,2023-05-01,Dataganj APMC,2137.68
Uttar Pradesh,Wheat,2023,5,2023-05-01,Devariya APMC,2167.49
Uttar Pradesh,Wheat,2023,5,2023-05-01,Dhanaura APMC,2134.48
Uttar Pradesh,Wheat,2023,5,2023-05-01,Dibiapur APMC,2175.34
Uttar Pradesh,Wheat,2023,5,2023-05-01,Divai APMC,2170.26
Uttar Pradesh,Wheat,2023,5,2023-05-01,Doharighat APMC,2038.56
Uttar Pradesh,Wheat,2023,5,2023-05-01,Etah APMC,2173.27
Uttar Pradesh,Wheat,2023,5,2023-05-01,Etawah APMC,2145.03
Uttar Pradesh,Wheat,2023,5,2023-05-01,Farukhabad APMC,2153.85
Uttar Pradesh,Wheat,2023,5,2023-05-01,Fatehabad APMC,2125.0
Uttar Pradesh,Wheat,2023,5,2023-05-01,Fatehpur APMC,2167.18
Uttar Pradesh,Wheat,2023,5,2023-05-01,Fatehpur Sikri APMC,2168.1
Uttar Pradesh,Wheat,2023,5,2023-05-01,Firozabad APMC,2211.48
Uttar Pradesh,Wheat,2023,5,2023-05-01,Gadaura APMC,
Uttar Pradesh,Wheat,2023,5,2023-05-01,Gazipur APMC,2142.2
Uttar Pradesh,Wheat,2023,5,2023-05-01,Ghaziabad APMC,2217.49
Uttar Pradesh,Wheat,2023,5,2023-05-01,Ghiraur APMC,2157.59
Uttar Pradesh,Wheat,2023,5,2023-05-01,Golagokarnath APMC,2192.25
Uttar Pradesh,Wheat,2023,5,2023-05-01,Gonda APMC,2229.91
Uttar Pradesh,Wheat,2023,5,2023-05-01,Gopiganj APMC,2123.99
Uttar Pradesh,Wheat,2023,5,2023-05-01,Gorakhpur APMC,2186.55
Uttar Pradesh,Wheat,2023,5,2023-05-01,Gurusarai APMC,2144.8
Uttar Pradesh,Wheat,2023,5,2023-05-01,Haathras APMC,2201.67
Uttar Pradesh,Wheat,2023,5,2023-05-01,Hamirpur APMC,
Uttar Pradesh,Wheat,2023,5,2023-05-01,Hapur APMC,2167.99
Uttar Pradesh,Wheat,2023,5,2023-05-01,Hardoi APMC,2188.41
Uttar Pradesh,Wheat,2023,5,2023-05-01,Hargaon (Laharpur) APMC,2217.4
Uttar Pradesh,Wheat,2023,5,2023-05-01,Jafarganj APMC,2200.15
Uttar Pradesh,Wheat,2023,5,2023-05-01,Jagnair APMC,2136.93
Uttar Pradesh,Wheat,2023,5,2023-05-01,Jahanabad APMC,2155.95
Uttar Pradesh,Wheat,2023,5,2023-05-01,Jahangirabad APMC,2155.3
Uttar Pradesh,Wheat,2023,5,2023-05-01,Jalaun APMC,2142.92
Uttar Pradesh,Wheat,2023,5,2023-05-01,Jamanian APMC,2140.0
Uttar Pradesh,Wheat,2023,5,2023-05-01,Jangipura APMC,2137.57
Uttar Pradesh,Wheat,2023,5,2023-05-01,Jasra APMC,2136.36
Uttar Pradesh,Wheat,2023,5,2023-05-01,Jasvantnagar APMC,
Uttar Pradesh,Wheat,2023,5,2023-05-01,Jaunpur APMC,2141.28
Uttar Pradesh,Wheat,2023,5,2023-05-01,Jayas APMC,2138.41
Uttar Pradesh,Wheat,2023,5,2023-05-01,Jhansi APMC,2166.1
Uttar Pradesh,Wheat,2023,5,2023-05-01,Jhijhank APMC,2138.55
Uttar Pradesh,Wheat,2023,5,2023-05-01,Kadaura APMC,
Uttar Pradesh,Wheat,2023,5,2023-05-01,Kalpi APMC,
Uttar Pradesh,Wheat,2023,5,2023-05-01,Kamlaganj APMC,2140.0
Uttar Pradesh,Wheat,2023,5,2023-05-01,Kannauj APMC,2149.86
Uttar Pradesh,Wheat,2023,5,2023-05-01,Kanpur(Grain) APMC,2284.18
Uttar Pradesh,Wheat,2023,5,2023-05-01,Karvi APMC,2138.95
Uttar Pradesh,Wheat,2023,5,2023-05-01,Kasganj APMC,2173.49
Uttar Pradesh,Wheat,2023,5,2023-05-01,Kayamganj APMC,2151.52
Uttar Pradesh,Wheat,2023,5,2023-05-01,Khaga APMC,2178.77
Uttar Pradesh,Wheat,2023,5,2023-05-01,Khair APMC,2176.36
Uttar Pradesh,Wheat,2023,5,2023-05-01,Khairagarh APMC,2135.32
Uttar Pradesh,Wheat,2023,5,2023-05-01,Khalilabad APMC,
Uttar Pradesh,Wheat,2023,5,2023-05-01,Khatauli APMC,2141.67
Uttar Pradesh,Wheat,2023,5,2023-05-01,Khurja APMC,2158.38
Uttar Pradesh,Wheat,2023,5,2023-05-01,Kishunpur APMC,2180.18
Uttar Pradesh,Wheat,2023,5,2023-05-01,Konch APMC,2153.5
Uttar Pradesh,Wheat,2023,5,2023-05-01,Kopaganj APMC,2174.29
Uttar Pradesh,Wheat,2023,5,2023-05-01,Kosikalan APMC,2214.27
Uttar Pradesh,Wheat,2023,5,2023-05-01,Kurara APMC,2102.51
Uttar Pradesh,Wheat,2023,5,2023-05-01,Lakhimpur APMC,2182.44
Uttar Pradesh,Wheat,2023,5,2023-05-01,Lalganj APMC,2142.57
Uttar Pradesh,Wheat,2023,5,2023-05-01,Lalitpur APMC,2182.47
Uttar Pradesh,Wheat,2023,5,2023-05-01,Lucknow APMC,2181.77
Uttar Pradesh,Wheat,2023,5,2023-05-01,Madhoganj APMC,2166.93
Uttar Pradesh,Wheat,2023,5,2023-05-01,Madhogarh APMC,2144.75
Uttar Pradesh,Wheat,2023,5,2023-05-01,Mahoba APMC,2142.16
Uttar Pradesh,Wheat,2023,5,2023-05-01,Maigalganj APMC,2155.34
Uttar Pradesh,Wheat,2023,5,2023-05-01,Mainpuri APMC,2154.53
Uttar Pradesh,Wheat,2023,5,2023-05-01,Mathura APMC,2198.27
Uttar Pradesh,Wheat,2023,5,2023-05-01,Maudaha APMC,2127.63
Uttar Pradesh,Wheat,2023,5,2023-05-01,Mauranipur APMC,2152.47
Uttar Pradesh,Wheat,2023,5,2023-05-01,Mawana APMC,2220.0
Uttar Pradesh,Wheat,2023,5,2023-05-01,Meerut APMC,2192.16
Uttar Pradesh,Wheat,2023,5,2023-05-01,Mehrauni APMC,2200.0
Uttar Pradesh,Wheat,2023,5,2023-05-01,Milak APMC,2125.0
Uttar Pradesh,Wheat,2023,5,2023-05-01,Mirzapur APMC,2125.0
Uttar Pradesh,Wheat,2023,5,2023-05-01,Mohamadabad APMC,2169.16
Uttar Pradesh,Wheat,2023,5,2023-05-01,Mohammdi APMC,2180.17
Uttar Pradesh,Wheat,2023,5,2023-05-01,Moth APMC,2138.52
Uttar Pradesh,Wheat,2023,5,2023-05-01,Mugrabaadshahpur APMC,2144.24
Uttar Pradesh,Wheat,2023,5,2023-05-01,Muradabad APMC,2138.96
Uttar Pradesh,Wheat,2023,5,2023-05-01,Muradnagar APMC,2280.0
Uttar Pradesh,Wheat,2023,5,2023-05-01,Muskara APMC,2142.25
Uttar Pradesh,Wheat,2023,5,2023-05-01,Muzzafarnagar APMC,2153.66
Uttar Pradesh,Wheat,2023,5,2023-05-01,Naanpara APMC,2186.89
Uttar Pradesh,Wheat,2023,5,2023-05-01,Najibabad APMC,2150.74
Uttar Pradesh,Wheat,2023,5,2023-05-01,Naugarh APMC,2178.54
Uttar Pradesh,Wheat,2023,5,2023-05-01,Nautnava APMC,2111.41
Uttar Pradesh,Wheat,2023,5,2023-05-01,Nawabganj APMC,2163.22
Uttar Pradesh,Wheat,2023,5,2023-05-01,Noida APMC,2227.75
Uttar Pradesh,Wheat,2023,5,2023-05-01,Orai APMC,2143.56
Uttar Pradesh,Wheat,2023,5,2023-05-01,Paliakala APMC,
Uttar Pradesh,Wheat,2023,5,2023-05-01,Panchpedwa APMC,
Uttar Pradesh,Wheat,2023,5,2023-05-01,Parikshitgarh APMC,
Uttar Pradesh,Wheat,2023,5,2023-05-01,Partaval APMC,2179.92
Uttar Pradesh,Wheat,2023,5,2023-05-01,Pilibhit APMC,2172.9
Uttar Pradesh,Wheat,2023,5,2023-05-01,Powayan APMC,2132.92
Uttar Pradesh,Wheat,2023,5,2023-05-01,Pratapgarh APMC,2164.91
Uttar Pradesh,Wheat,2023,5,2023-05-01,Prayagraj APMC,2154.06
Uttar Pradesh,Wheat,2023,5,2023-05-01,Pukharayan APMC,2146.42
Uttar Pradesh,Wheat,2023,5,2023-05-01,Puranpur APMC,2170.58
Uttar Pradesh,Wheat,2023,5,2023-05-01,Purwa APMC,2144.67
Uttar Pradesh,Wheat,2023,5,2023-05-01,Raath APMC,2147.7
Uttar Pradesh,Wheat,2023,5,2023-05-01,Raibareilly APMC,2131.05
Uttar Pradesh,Wheat,2023,5,2023-05-01,Rampur APMC,2145.71
Uttar Pradesh,Wheat,2023,5,2023-05-01,Rampurmaniharan APMC,2130.0
Uttar Pradesh,Wheat,2023,5,2023-05-01,Rasda APMC,2131.62
Uttar Pradesh,Wheat,2023,5,2023-05-01,Richha APMC,
Uttar Pradesh,Wheat,2023,5,2023-05-01,Robertsganj APMC,2230.08
Uttar Pradesh,Wheat,2023,5,2023-05-01,Rudauli APMC,
Uttar Pradesh,Wheat,2023,5,2023-05-01,Rura APMC,2185.71
Uttar Pradesh,Wheat,2023,5,2023-05-01,Safdarganj APMC,2181.78
Uttar Pradesh,Wheat,2023,5,2023-05-01,Saharanpur APMC,2148.43
Uttar Pradesh,Wheat,2023,5,2023-05-01,Sahiyapur APMC,2173.57
Uttar Pradesh,Wheat,2023,5,2023-05-01,Salon APMC,2125.0
Uttar Pradesh,Wheat,2023,5,2023-05-01,Sambhal APMC,2157.42
Uttar Pradesh,Wheat,2023,5,2023-05-01,Samsabad APMC,
Uttar Pradesh,Wheat,2023,5,2023-05-01,Sandi APMC,2138.96
Uttar Pradesh,Wheat,2023,5,2023-05-01,Sandila APMC,2169.2
Uttar Pradesh,Wheat,2023,5,2023-05-01,Sardhana APMC,
Uttar Pradesh,Wheat,2023,5,2023-05-01,Sehjanwa APMC,
Uttar Pradesh,Wheat,2023,5,2023-05-01,Shahabad APMC,2150.0
Uttar Pradesh,Wheat,2023,5,2023-05-01,Shahabad(New Mandi) APMC,2176.05
Uttar Pradesh,Wheat,2023,5,2023-05-01,Shahaswan APMC,2135.64
Uttar Pradesh,Wheat,2023,5,2023-05-01,Shahganj APMC,2176.0
Uttar Pradesh,Wheat,2023,5,2023-05-01,Shahjahanpur APMC,2154.83
Uttar Pradesh,Wheat,2023,5,2023-05-01,Shahpur APMC,
Uttar Pradesh,Wheat,2023,5,2023-05-01,Shamli APMC,2150.45
Uttar Pradesh,Wheat,2023,5,2023-05-01,Shikohabad APMC,2167.02
Uttar Pradesh,Wheat,2023,5,2023-05-01,Sikandraraau APMC,2133.7
Uttar Pradesh,Wheat,2023,5,2023-05-01,Sikarpur APMC,2130.94
Uttar Pradesh,Wheat,2023,5,2023-05-01,Sirsa APMC,
Uttar Pradesh,Wheat,2023,5,2023-05-01,Sirsaganj APMC,2158.86
Uttar Pradesh,Wheat,2023,5,2023-05-01,Sitapur APMC,2178.42
Uttar Pradesh,Wheat,2023,5,2023-05-01,Siyana APMC,2127.91
Uttar Pradesh,Wheat,2023,5,2023-05-01,Sultanpur APMC,2175.36
Uttar Pradesh,Wheat,2023,5,2023-05-01,Tamkuhi road APMC,2230.0
Uttar Pradesh,Wheat,2023,5,2023-05-01,Thanabhawan APMC,2131.55
Uttar Pradesh,Wheat,2023,5,2023-05-01,Tikonia APMC,2219.24
Uttar Pradesh,Wheat,2023,5,2023-05-01,Tilhar APMC,2145.97
Uttar Pradesh,Wheat,2023,5,2023-05-01,Tulsipur APMC,2172.11
Uttar Pradesh,Wheat,2023,5,2023-05-01,Tundla APMC,2212.28
Uttar Pradesh,Wheat,2023,5,2023-05-01,Ujhani APMC,
Uttar Pradesh,Wheat,2023,5,2023-05-01,Unnao APMC,2142.35
Uttar Pradesh,Wheat,2023,5,2023-05-01,Uttaripura APMC,2219.77
Uttar Pradesh,Wheat,2023,5,2023-05-01,Varanasi APMC,2171.62
Uttar Pradesh,Wheat,2023,5,2023-05-01,Vilthararoad APMC,2201.62
Uttar Pradesh,Wheat,2023,5,2023-05-01,Viswan APMC,2164.88
Uttar Pradesh,Wheat,2023,5,2023-05-01,Wazirganj APMC,2137.2
Uttar Pradesh,Wheat,2023,5,2023-05-01,Yusufpur APMC,2145.0
Uttar Pradesh,Wheat,2023,5,2023-05-01,Note:,
Uttar Pradesh,Wheat,2023,5,2023-05-01,Weighted Average Price = ∑(arrival quantity * modal price) / ∑arrival quantity,
Uttar Pradesh,Wheat,2023,5,2023-05-01,Change (Over Previous Month) = [Price - Price(Over Previous Month)/Price(Over Previous Month)] * 100,
Uttar Pradesh,Wheat,2023,5,2023-05-01,Change (Over Previous Year) = [Price - Price(Over Previous Year)/Price(Over Previous Year)] * 100,
Uttar Pradesh,Wheat,2023,6,2023-06-01,Achalda APMC,2214.15
Uttar Pradesh,Wheat,2023,6,2023-06-01,Achnera APMC,
Uttar Pradesh,Wheat,2023,6,2023-06-01,Agra APMC,2323.93
Uttar Pradesh,Wheat,2023,6,2023-06-01,Ahirora APMC,2211.77
Uttar Pradesh,Wheat,2023,6,2023-06-01,Ait APMC,2222.09
Uttar Pradesh,Wheat,2023,6,2023-06-01,Ajuha APMC,2255.19
Uttar Pradesh,Wheat,2023,6,2023-06-01,Akbarpur APMC,2336.49
Uttar Pradesh,Wheat,2023,6,2023-06-01,Aliganj APMC,2229.72
Uttar Pradesh,Wheat,2023,6,2023-06-01,Aligarh APMC,2292.83
Uttar Pradesh,Wheat,2023,6,2023-06-01,Amroha APMC,2239.76
Uttar Pradesh,Wheat,2023,6,2023-06-01,Anandnagar APMC,2233.47
Uttar Pradesh,Wheat,2023,6,2023-06-01,Anoop Shahar APMC,2248.88
Uttar Pradesh,Wheat,2023,6,2023-06-01,Atarra APMC,2218.15
Uttar Pradesh,Wheat,2023,6,2023-06-01,Atrauli APMC,2217.31
Uttar Pradesh,Wheat,2023,6,2023-06-01,Auraiya APMC,2229.11
Uttar Pradesh,Wheat,2023,6,2023-06-01,Awagarh APMC,
Uttar Pradesh,Wheat,2023,6,2023-06-01,Ayodhya APMC,2330.78
Uttar Pradesh,Wheat,2023,6,2023-06-01,Azamgarh APMC,2250.07
Uttar Pradesh,Wheat,2023,6,2023-06-01,Baberu APMC,2195.34
Uttar Pradesh,Wheat,2023,6,2023-06-01,Babrala APMC,2198.03
Uttar Pradesh,Wheat,2023,6,2023-06-01,Bachranwa APMC,2222.15
Uttar Pradesh,Wheat,2023,6,2023-06-01,Badayoun APMC,2242.88
Uttar Pradesh,Wheat,2023,6,2023-06-01,Badda APMC,
Uttar Pradesh,Wheat,2023,6,2023-06-01,Bahraich APMC,2336.96
Uttar Pradesh,Wheat,2023,6,2023-06-01,Ballia APMC,2228.42
Uttar Pradesh,Wheat,2023,6,2023-06-01,Balrampur APMC,2328.16
Uttar Pradesh,Wheat,2023,6,2023-06-01,Banda APMC,2198.38
Uttar Pradesh,Wheat,2023,6,2023-06-01,Bangarmau APMC,2194.67
Uttar Pradesh,Wheat,2023,6,2023-06-01,Bansi APMC,2255.0
Uttar Pradesh,Wheat,2023,6,2023-06-01,Barabanki APMC,2334.23
Uttar Pradesh,Wheat,2023,6,2023-06-01,Bareilly APMC,2213.76
Uttar Pradesh,Wheat,2023,6,2023-06-01,Barhaj APMC,2248.78
Uttar Pradesh,Wheat,2023,6,2023-06-01,Baripaal APMC,2201.49
Uttar Pradesh,Wheat,2023,6,2023-06-01,Basti APMC,2256.03
Uttar Pradesh,Wheat,2023,6,2023-06-01,Bewar APMC,2222.86
Uttar Pradesh,Wheat,2023,6,2023-06-01,Bharthna APMC,2229.47
Uttar Pradesh,Wheat,2023,6,2023-06-01,Bharuasumerpur APMC,2166.97
Uttar Pradesh,Wheat,2023,6,2023-06-01,Bharwari APMC,2253.06
Uttar Pradesh,Wheat,2023,6,2023-06-01,Bhehjoi APMC,2251.87
Uttar Pradesh,Wheat,2023,6,2023-06-01,Bijnaur APMC,2230.86
Uttar Pradesh,Wheat,2023,6,2023-06-01,Bilaspur APMC,
Uttar Pradesh,Wheat,2023,6,2023-06-01,Bilsi APMC,2280.79
Uttar Pradesh,Wheat,2023,6,2023-06-01,Bindki APMC,2241.0
Uttar Pradesh,Wheat,2023,6,2023-06-01,Bishalpur APMC,2177.11
Uttar Pradesh,Wheat,2023,6,2023-06-01,Bisoli APMC,2258.6
Uttar Pradesh,Wheat,2023,6,2023-06-01,Buland Shahr APMC,2262.4
Uttar Pradesh,Wheat,2023,6,2023-06-01,Chandausi APMC,
Uttar Pradesh,Wheat,2023,6,2023-06-01,Chandoli APMC,2197.38
Uttar Pradesh,Wheat,2023,6,2023-06-01,Charkhari APMC,2168.7
Uttar Pradesh,Wheat,2023,6,2023-06-01,Charra APMC,2290.22
Uttar Pradesh,Wheat,2023,6,2023-06-01,Chhibramau APMC,2203.59
Uttar Pradesh,Wheat,2023,6,2023-06-01,Chirgaon APMC,2211.14
Uttar Pradesh,Wheat,2023,6,2023-06-01,Chorichora APMC,2248.97
Uttar Pradesh,Wheat,2023,6,2023-06-01,Choubepur APMC,2233.25
Uttar Pradesh,Wheat,2023,6,2023-06-01,DADRI APMC,2275.64
Uttar Pradesh,Wheat,2023,6,2023-06-01,Dankaur APMC,
Uttar Pradesh,Wheat,2023,6,2023-06-01,Dataganj APMC,2180.0
Uttar Pradesh,Wheat,2023,6,2023-06-01,Devariya APMC,2249.13
Uttar Pradesh,Wheat,2023,6,2023-06-01,Dhanaura APMC,2134.48
Uttar Pradesh,Wheat,2023,6,2023-06-01,Dibiapur APMC,2216.45
Uttar Pradesh,Wheat,2023,6,2023-06-01,Divai APMC,2188.21
Uttar Pradesh,Wheat,2023,6,2023-06-01,Doharighat APMC,2059.11
Uttar Pradesh,Wheat,2023,6,2023-06-01,Etah APMC,2303.22
Uttar Pradesh,Wheat,2023,6,2023-06-01,Etawah APMC,2252.66
Uttar Pradesh,Wheat,2023,6,2023-06-01,Farukhabad APMC,2230.24
Uttar Pradesh,Wheat,2023,6,2023-06-01,Fatehabad APMC,2193.85
Uttar Pradesh,Wheat,2023,6,2023-06-01,Fatehpur APMC,2273.37
Uttar Pradesh,Wheat,2023,6,2023-06-01,Fatehpur Sikri APMC,2206.11
Uttar Pradesh,Wheat,2023,6,2023-06-01,Firozabad APMC,2302.89
Uttar Pradesh,Wheat,2023,6,2023-06-01,Gadaura APMC,
Uttar Pradesh,Wheat,2023,6,2023-06-01,Gazipur APMC,2255.36
Uttar Pradesh,Wheat,2023,6,2023-06-01,Ghaziabad APMC,2344.86
Uttar Pradesh,Wheat,2023,6,2023-06-01,Ghiraur APMC,2208.04
Uttar Pradesh,Wheat,2023,6,2023-06-01,Golagokarnath APMC,2285.64
Uttar Pradesh,Wheat,2023,6,2023-06-01,Gonda APMC,2337.81
Uttar Pradesh,Wheat,2023,6,2023-06-01,Gopiganj APMC,2128.12
Uttar Pradesh,Wheat,2023,6,2023-06-01,Gorakhpur APMC,2249.28
Uttar Pradesh,Wheat,2023,6,2023-06-01,Gurusarai APMC,2207.16
Uttar Pradesh,Wheat,2023,6,2023-06-01,Haathras APMC,2312.76
Uttar Pradesh,Wheat,2023,6,2023-06-01,Haldaur APMC,
Uttar Pradesh,Wheat,2023,6,2023-06-01,Hamirpur APMC,
Uttar Pradesh,Wheat,2023,6,2023-06-01,Hapur APMC,2281.03
Uttar Pradesh,Wheat,2023,6,2023-06-01,Hardoi APMC,2275.89
Uttar Pradesh,Wheat,2023,6,2023-06-01,Hargaon (Laharpur) APMC,2213.86
Uttar Pradesh,Wheat,2023,6,2023-06-01,Jafarganj APMC,2322.75
Uttar Pradesh,Wheat,2023,6,2023-06-01,Jagnair APMC,2200.56
Uttar Pradesh,Wheat,2023,6,2023-06-01,Jahanabad APMC,2233.12
Uttar Pradesh,Wheat,2023,6,2023-06-01,Jahangirabad APMC,2284.77
Uttar Pradesh,Wheat,2023,6,2023-06-01,Jalaun APMC,2174.94
Uttar Pradesh,Wheat,2023,6,2023-06-01,Jamanian APMC,
Uttar Pradesh,Wheat,2023,6,2023-06-01,Jangipura APMC,2205.51
Uttar Pradesh,Wheat,2023,6,2023-06-01,Jasra APMC,2243.83
Uttar Pradesh,Wheat,2023,6,2023-06-01,Jaunpur APMC,2254.99
Uttar Pradesh,Wheat,2023,6,2023-06-01,Jayas APMC,2296.88
Uttar Pradesh,Wheat,2023,6,2023-06-01,Jhansi APMC,2220.81
Uttar Pradesh,Wheat,2023,6,2023-06-01,Jhijhank APMC,2211.87
Uttar Pradesh,Wheat,2023,6,2023-06-01,Kamlaganj APMC,2177.86
Uttar Pradesh,Wheat,2023,6,2023-06-01,Kannauj APMC,2254.82
Uttar Pradesh,Wheat,2023,6,2023-06-01,Kanpur(Grain) APMC,2390.74
Uttar Pradesh,Wheat,2023,6,2023-06-01,Karvi APMC,2174.09
Uttar Pradesh,Wheat,2023,6,2023-06-01,Kasganj APMC,2282.05
Uttar Pradesh,Wheat,2023,6,2023-06-01,Kayamganj APMC,2250.08
Uttar Pradesh,Wheat,2023,6,2023-06-01,Khaga APMC,2204.23
Uttar Pradesh,Wheat,2023,6,2023-06-01,Khair APMC,2282.1
Uttar Pradesh,Wheat,2023,6,2023-06-01,Khairagarh APMC,2229.29
Uttar Pradesh,Wheat,2023,6,2023-06-01,Khatauli APMC,
Uttar Pradesh,Wheat,2023,6,2023-06-01,Khurja APMC,2223.79
Uttar Pradesh,Wheat,2023,6,2023-06-01,Kishunpur APMC,2197.14
Uttar Pradesh,Wheat,2023,6,2023-06-01,Konch APMC,2199.18
Uttar Pradesh,Wheat,2023,6,2023-06-01,Kopaganj APMC,2256.19
Uttar Pradesh,Wheat,2023,6,2023-06-01,Kosikalan APMC,2288.35
Uttar Pradesh,Wheat,2023,6,2023-06-01,Kurara APMC,2105.32
Uttar Pradesh,Wheat,2023,6,2023-06-01,Lakhimpur APMC,2285.68
Uttar Pradesh,Wheat,2023,6,2023-06-01,Lalganj APMC,2263.83
Uttar Pradesh,Wheat,2023,6,2023-06-01,Lalitpur APMC,2197.68
Uttar Pradesh,Wheat,2023,6,2023-06-01,Lucknow APMC,2300.3
Uttar Pradesh,Wheat,2023,6,2023-06-01,Madhoganj APMC,2261.07
Uttar Pradesh,Wheat,2023,6,2023-06-01,Madhogarh APMC,2182.17
Uttar Pradesh,Wheat,2023,6,2023-06-01,Mahoba APMC,2196.46
Uttar Pradesh,Wheat,2023,6,2023-06-01,Maigalganj APMC,2252.02
Uttar Pradesh,Wheat,2023,6,2023-06-01,Mainpuri APMC,2189.79
Uttar Pradesh,Wheat,2023,6,2023-06-01,Mathura APMC,2274.41
Uttar Pradesh,Wheat,2023,6,2023-06-01,Mau(Chitrakut) APMC,
Uttar Pradesh,Wheat,2023,6,2023-06-01,Maudaha APMC,2137.22
Uttar Pradesh,Wheat,2023,6,2023-06-01,Mauranipur APMC,2241.14
Uttar Pradesh,Wheat,2023,6,2023-06-01,Mawana APMC,2300.0
Uttar Pradesh,Wheat,2023,6,2023-06-01,Meerut APMC,2309.66
Uttar Pradesh,Wheat,2023,6,2023-06-01,Mehrauni APMC,2200.0
Uttar Pradesh,Wheat,2023,6,2023-06-01,Milak APMC,2222.8
Uttar Pradesh,Wheat,2023,6,2023-06-01,Mirzapur APMC,2218.92
Uttar Pradesh,Wheat,2023,6,2023-06-01,Mohamadabad APMC,2245.97
Uttar Pradesh,Wheat,2023,6,2023-06-01,Mohammdi APMC,2276.49
Uttar Pradesh,Wheat,2023,6,2023-06-01,Moth APMC,2173.68
Uttar Pradesh,Wheat,2023,6,2023-06-01,Mugrabaadshahpur APMC,2246.95
Uttar Pradesh,Wheat,2023,6,2023-06-01,Muradabad APMC,2262.24
Uttar Pradesh,Wheat,2023,6,2023-06-01,Muradnagar APMC,2300.0
Uttar Pradesh,Wheat,2023,6,2023-06-01,Muskara APMC,2176.07
Uttar Pradesh,Wheat,2023,6,2023-06-01,Muzzafarnagar APMC,2251.11
Uttar Pradesh,Wheat,2023,6,2023-06-01,Naanpara APMC,2325.09
Uttar Pradesh,Wheat,2023,6,2023-06-01,Najibabad APMC,
Uttar Pradesh,Wheat,2023,6,2023-06-01,Naugarh APMC,2228.37
Uttar Pradesh,Wheat,2023,6,2023-06-01,Nautnava APMC,2188.3
Uttar Pradesh,Wheat,2023,6,2023-06-01,Nawabganj APMC,2313.2
Uttar Pradesh,Wheat,2023,6,2023-06-01,Noida APMC,2291.03
Uttar Pradesh,Wheat,2023,6,2023-06-01,Orai APMC,2162.45
Uttar Pradesh,Wheat,2023,6,2023-06-01,Paliakala APMC,
Uttar Pradesh,Wheat,2023,6,2023-06-01,Panchpedwa APMC,
Uttar Pradesh,Wheat,2023,6,2023-06-01,Partaval APMC,2248.44
Uttar Pradesh,Wheat,2023,6,2023-06-01,Pilibhit APMC,2251.78
Uttar Pradesh,Wheat,2023,6,2023-06-01,Powayan APMC,2241.45
Uttar Pradesh,Wheat,2023,6,2023-06-01,Pratapgarh APMC,2337.77
Uttar Pradesh,Wheat,2023,6,2023-06-01,Prayagraj APMC,2293.84
Uttar Pradesh,Wheat,2023,6,2023-06-01,Pukharayan APMC,2197.32
Uttar Pradesh,Wheat,2023,6,2023-06-01,Puranpur APMC,2241.13
Uttar Pradesh,Wheat,2023,6,2023-06-01,Purwa APMC,2206.18
Uttar Pradesh,Wheat,2023,6,2023-06-01,Raath APMC,2181.49
Uttar Pradesh,Wheat,2023,6,2023-06-01,Raibareilly APMC,2219.35
Uttar Pradesh,Wheat,2023,6,2023-06-01,Rampur APMC,2233.25
Uttar Pradesh,Wheat,2023,6,2023-06-01,Rampurmaniharan APMC,2149.06
Uttar Pradesh,Wheat,2023,6,2023-06-01,Rasda APMC,2211.5
Uttar Pradesh,Wheat,2023,6,2023-06-01,Richha APMC,
Uttar Pradesh,Wheat,2023,6,2023-06-01,Robertsganj APMC,2263.01
Uttar Pradesh,Wheat,2023,6,2023-06-01,Rudauli APMC,
Uttar Pradesh,Wheat,2023,6,2023-06-01,Rura APMC,2255.54
Uttar Pradesh,Wheat,2023,6,2023-06-01,Safdarganj APMC,2330.24
Uttar Pradesh,Wheat,2023,6,2023-06-01,Saharanpur APMC,2247.41
Uttar Pradesh,Wheat,2023,6,2023-06-01,Sahiyapur APMC,2259.58
Uttar Pradesh,Wheat,2023,6,2023-06-01,Salon APMC,2148.29
Uttar Pradesh,Wheat,2023,6,2023-06-01,Sambhal APMC,
Uttar Pradesh,Wheat,2023,6,2023-06-01,Samsabad APMC,2300.0
Uttar Pradesh,Wheat,2023,6,2023-06-01,Sandi APMC,2194.59
Uttar Pradesh,Wheat,2023,6,2023-06-01,Sandila APMC,2272.24
Uttar Pradesh,Wheat,2023,6,2023-06-01,Sardhana APMC,
Uttar Pradesh,Wheat,2023,6,2023-06-01,Sehjanwa APMC,
Uttar Pradesh,Wheat,2023,6,2023-06-01,Shahabad APMC,2150.0
Uttar Pradesh,Wheat,2023,6,2023-06-01,Shahabad(New Mandi) APMC,2280.0
Uttar Pradesh,Wheat,2023,6,2023-06-01,Shahaswan APMC,2234.12
Uttar Pradesh,Wheat,2023,6,2023-06-01,Shahganj APMC,2267.63
Uttar Pradesh,Wheat,2023,6,2023-06-01,Shahjahanpur APMC,2297.63
Uttar Pradesh,Wheat,2023,6,2023-06-01,Shahpur APMC,
Uttar Pradesh,Wheat,2023,6,2023-06-01,Shamli APMC,2246.31
Uttar Pradesh,Wheat,2023,6,2023-06-01,Shikohabad APMC,2228.11
Uttar Pradesh,Wheat,2023,6,2023-06-01,Sikandraraau APMC,2269.95
Uttar Pradesh,Wheat,2023,6,2023-06-01,Sikarpur APMC,2184.95
Uttar Pradesh,Wheat,2023,6,2023-06-01,Sirsa APMC,2123.21
Uttar Pradesh,Wheat,2023,6,2023-06-01,Sirsaganj APMC,2210.76
Uttar Pradesh,Wheat,2023,6,2023-06-01,Sitapur APMC,2287.91
Uttar Pradesh,Wheat,2023,6,2023-06-01,Siyana APMC,2171.16
Uttar Pradesh,Wheat,2023,6,2023-06-01,Sultanpur APMC,2320.16
Uttar Pradesh,Wheat,2023,6,2023-06-01,Tamkuhi road APMC,2250.0
Uttar Pradesh,Wheat,2023,6,2023-06-01,Thanabhawan APMC,2158.38
Uttar Pradesh,Wheat,2023,6,2023-06-01,Tikonia APMC,2256.64
Uttar Pradesh,Wheat,2023,6,2023-06-01,Tilhar APMC,2236.6
Uttar Pradesh,Wheat,2023,6,2023-06-01,Tulsipur APMC,2321.84
Uttar Pradesh,Wheat,2023,6,2023-06-01,Tundla APMC,2310.43
Uttar Pradesh,Wheat,2023,6,2023-06-01,Ujhani APMC,
Uttar Pradesh,Wheat,2023,6,2023-06-01,Unnao APMC,2167.55
Uttar Pradesh,Wheat,2023,6,2023-06-01,Uttaripura APMC,2210.72
Uttar Pradesh,Wheat,2023,6,2023-06-01,Varanasi APMC,2302.21
Uttar Pradesh,Wheat,2023,6,2023-06-01,Vilthararoad APMC,2198.21
Uttar Pradesh,Wheat,2023,6,2023-06-01,Viswan APMC,2274.62
Uttar Pradesh,Wheat,2023,6,2023-06-01,Wazirganj APMC,2211.49
Uttar Pradesh,Wheat,2023,6,2023-06-01,Yusufpur APMC,
Uttar Pradesh,Wheat,2023,6,2023-06-01,Note:,
Uttar Pradesh,Wheat,2023,6,2023-06-01,Weighted Average Price = ∑(arrival quantity * modal price) / ∑arrival quantity,
Uttar Pradesh,Wheat,2023,6,2023-06-01,Change (Over Previous Month) = [Price - Price(Over Previous Month)/Price(Over Previous Month)] * 100,
Uttar Pradesh,Wheat,2023,6,2023-06-01,Change (Over Previous Year) = [Price - Price(Over Previous Year)/Price(Over Previous Year)] * 100,
Uttar Pradesh,Wheat,2023,7,2023-07-01,Achalda APMC,2235.41
Uttar Pradesh,Wheat,2023,7,2023-07-01,Achnera APMC,2262.07
Uttar Pradesh,Wheat,2023,7,2023-07-01,Agra APMC,2283.26
Uttar Pradesh,Wheat,2023,7,2023-07-01,Ahirora APMC,2293.28
Uttar Pradesh,Wheat,2023,7,2023-07-01,Ait APMC,2215.13
Uttar Pradesh,Wheat,2023,7,2023-07-01,Ajuha APMC,2280.57
Uttar Pradesh,Wheat,2023,7,2023-07-01,Akbarpur APMC,2287.15
Uttar Pradesh,Wheat,2023,7,2023-07-01,Aliganj APMC,2205.63
Uttar Pradesh,Wheat,2023,7,2023-07-01,Aligarh APMC,2273.88
Uttar Pradesh,Wheat,2023,7,2023-07-01,Amroha APMC,2308.05
Uttar Pradesh,Wheat,2023,7,2023-07-01,Anandnagar APMC,2245.7
Uttar Pradesh,Wheat,2023,7,2023-07-01,Anoop Shahar APMC,2240.15
Uttar Pradesh,Wheat,2023,7,2023-07-01,Atarra APMC,2158.24
Uttar Pradesh,Wheat,2023,7,2023-07-01,Atrauli APMC,2165.62
Uttar Pradesh,Wheat,2023,7,2023-07-01,Auraiya APMC,2234.47
Uttar Pradesh,Wheat,2023,7,2023-07-01,Ayodhya APMC,2295.88
Uttar Pradesh,Wheat,2023,7,2023-07-01,Azamgarh APMC,2258.56
Uttar Pradesh,Wheat,2023,7,2023-07-01,Baberu APMC,2162.61
Uttar Pradesh,Wheat,2023,7,2023-07-01,Babrala APMC,2215.75
Uttar Pradesh,Wheat,2023,7,2023-07-01,Bachranwa APMC,2217.52
Uttar Pradesh,Wheat,2023,7,2023-07-01,Badayoun APMC,2320.11
Uttar Pradesh,Wheat,2023,7,2023-07-01,Badda APMC,2300.0
Uttar Pradesh,Wheat,2023,7,2023-07-01,Bahraich APMC,2292.55
Uttar Pradesh,Wheat,2023,7,2023-07-01,Ballia APMC,2270.11
Uttar Pradesh,Wheat,2023,7,2023-07-01,Balrampur APMC,2312.61
Uttar Pradesh,Wheat,2023,7,2023-07-01,Banda APMC,2187.3
Uttar Pradesh,Wheat,2023,7,2023-07-01,Bangarmau APMC,2267.27
Uttar Pradesh,Wheat,2023,7,2023-07-01,Bansi APMC,2260.0
Uttar Pradesh,Wheat,2023,7,2023-07-01,Barabanki APMC,2295.5
Uttar Pradesh,Wheat,2023,7,2023-07-01,Bareilly APMC,2313.28
Uttar Pradesh,Wheat,2023,7,2023-07-01,Barhaj APMC,2260.0
Uttar Pradesh,Wheat,2023,7,2023-07-01,Baripaal APMC,2174.55
Uttar Pradesh,Wheat,2023,7,2023-07-01,Basti APMC,2265.35
Uttar Pradesh,Wheat,2023,7,2023-07-01,Bewar APMC,2214.58
Uttar Pradesh,Wheat,2023,7,2023-07-01,Bharthna APMC,2258.59
Uttar Pradesh,Wheat,2023,7,2023-07-01,Bharuasumerpur APMC,2203.07
Uttar Pradesh,Wheat,2023,7,2023-07-01,Bharwari APMC,2289.59
Uttar Pradesh,Wheat,2023,7,2023-07-01,Bhehjoi APMC,2210.0
Uttar Pradesh,Wheat,2023,7,2023-07-01,Bijnaur APMC,2312.64
Uttar Pradesh,Wheat,2023,7,2023-07-01,Bilsi APMC,2276.6
Uttar Pradesh,Wheat,2023,7,2023-07-01,Bindki APMC,2272.41
Uttar Pradesh,Wheat,2023,7,2023-07-01,Bishalpur APMC,2337.23
Uttar Pradesh,Wheat,2023,7,2023-07-01,Bisoli APMC,2202.16
Uttar Pradesh,Wheat,2023,7,2023-07-01,Buland Shahr APMC,2231.25
Uttar Pradesh,Wheat,2023,7,2023-07-01,Chandausi APMC,2302.61
Uttar Pradesh,Wheat,2023,7,2023-07-01,Chandoli APMC,2289.95
Uttar Pradesh,Wheat,2023,7,2023-07-01,Charkhari APMC,2195.57
Uttar Pradesh,Wheat,2023,7,2023-07-01,Charra APMC,2252.76
Uttar Pradesh,Wheat,2023,7,2023-07-01,Chhibramau APMC,2210.32
Uttar Pradesh,Wheat,2023,7,2023-07-01,Chirgaon APMC,2183.97
Uttar Pradesh,Wheat,2023,7,2023-07-01,Chorichora APMC,2258.07
Uttar Pradesh,Wheat,2023,7,2023-07-01,Choubepur APMC,2269.94
Uttar Pradesh,Wheat,2023,7,2023-07-01,DADRI APMC,2265.71
Uttar Pradesh,Wheat,2023,7,2023-07-01,Dankaur APMC,
Uttar Pradesh,Wheat,2023,7,2023-07-01,Dataganj APMC,2192.94
Uttar Pradesh,Wheat,2023,7,2023-07-01,Devariya APMC,2254.34
Uttar Pradesh,Wheat,2023,7,2023-07-01,Dhanaura APMC,2130.77
Uttar Pradesh,Wheat,2023,7,2023-07-01,Dibiapur APMC,2233.48
Uttar Pradesh,Wheat,2023,7,2023-07-01,Divai APMC,2164.87
Uttar Pradesh,Wheat,2023,7,2023-07-01,Doharighat APMC,2255.0
Uttar Pradesh,Wheat,2023,7,2023-07-01,Etah APMC,2246.81
Uttar Pradesh,Wheat,2023,7,2023-07-01,Etawah APMC,2295.35
Uttar Pradesh,Wheat,2023,7,2023-07-01,Farukhabad APMC,2303.99
Uttar Pradesh,Wheat,2023,7,2023-07-01,Fatehabad APMC,
Uttar Pradesh,Wheat,2023,7,2023-07-01,Fatehpur APMC,2287.74
Uttar Pradesh,Wheat,2023,7,2023-07-01,Fatehpur Sikri APMC,2244.06
Uttar Pradesh,Wheat,2023,7,2023-07-01,Firozabad APMC,2280.87
Uttar Pradesh,Wheat,2023,7,2023-07-01,Gazipur APMC,2302.24
Uttar Pradesh,Wheat,2023,7,2023-07-01,Ghaziabad APMC,2278.52
Uttar Pradesh,Wheat,2023,7,2023-07-01,Ghiraur APMC,2180.03
Uttar Pradesh,Wheat,2023,7,2023-07-01,Golagokarnath APMC,2236.46
Uttar Pradesh,Wheat,2023,7,2023-07-01,Gonda APMC,2312.42
Uttar Pradesh,Wheat,2023,7,2023-07-01,Gopiganj APMC,2190.32
Uttar Pradesh,Wheat,2023,7,2023-07-01,Gorakhpur APMC,2298.33
Uttar Pradesh,Wheat,2023,7,2023-07-01,Gurusarai APMC,2216.04
Uttar Pradesh,Wheat,2023,7,2023-07-01,Haathras APMC,2254.41
Uttar Pradesh,Wheat,2023,7,2023-07-01,Haldaur APMC,
Uttar Pradesh,Wheat,2023,7,2023-07-01,Hamirpur APMC,
Uttar Pradesh,Wheat,2023,7,2023-07-01,Hapur APMC,2265.3
Uttar Pradesh,Wheat,2023,7,2023-07-01,Hardoi APMC,2267.51
Uttar Pradesh,Wheat,2023,7,2023-07-01,Hargaon (Laharpur) APMC,2210.38
Uttar Pradesh,Wheat,2023,7,2023-07-01,Jafarganj APMC,2290.0
Uttar Pradesh,Wheat,2023,7,2023-07-01,Jagnair APMC,2166.56
Uttar Pradesh,Wheat,2023,7,2023-07-01,Jahanabad APMC,2203.92
Uttar Pradesh,Wheat,2023,7,2023-07-01,Jahangirabad APMC,2241.08
Uttar Pradesh,Wheat,2023,7,2023-07-01,Jalaun APMC,2132.28
Uttar Pradesh,Wheat,2023,7,2023-07-01,Jamanian APMC,
Uttar Pradesh,Wheat,2023,7,2023-07-01,Jangipura APMC,2283.13
Uttar Pradesh,Wheat,2023,7,2023-07-01,Jasra APMC,2287.27
Uttar Pradesh,Wheat,2023,7,2023-07-01,Jaunpur APMC,2311.29
Uttar Pradesh,Wheat,2023,7,2023-07-01,Jayas APMC,2262.29
Uttar Pradesh,Wheat,2023,7,2023-07-01,Jhansi APMC,2217.98
Uttar Pradesh,Wheat,2023,7,2023-07-01,Jhijhank APMC,2253.87
Uttar Pradesh,Wheat,2023,7,2023-07-01,Kadaura APMC,
Uttar Pradesh,Wheat,2023,7,2023-07-01,Kalpi APMC,
Uttar Pradesh,Wheat,2023,7,2023-07-01,Kamlaganj APMC,
Uttar Pradesh,Wheat,2023,7,2023-07-01,Kannauj APMC,2288.4
Uttar Pradesh,Wheat,2023,7,2023-07-01,Kanpur(Grain) APMC,2342.2
Uttar Pradesh,Wheat,2023,7,2023-07-01,Karvi APMC,2188.71
Uttar Pradesh,Wheat,2023,7,2023-07-01,Kasganj APMC,2269.95
Uttar Pradesh,Wheat,2023,7,2023-07-01,Kayamganj APMC,2290.45
Uttar Pradesh,Wheat,2023,7,2023-07-01,Khaga APMC,2230.94
Uttar Pradesh,Wheat,2023,7,2023-07-01,Khair APMC,2256.87
Uttar Pradesh,Wheat,2023,7,2023-07-01,Khairagarh APMC,2255.43
Uttar Pradesh,Wheat,2023,7,2023-07-01,Khurja APMC,2229.91
Uttar Pradesh,Wheat,2023,7,2023-07-01,Kishunpur APMC,2189.05
Uttar Pradesh,Wheat,2023,7,2023-07-01,Konch APMC,2145.41
Uttar Pradesh,Wheat,2023,7,2023-07-01,Kopaganj APMC,2255.0
Uttar Pradesh,Wheat,2023,7,2023-07-01,Kosikalan APMC,2200.19
Uttar Pradesh,Wheat,2023,7,2023-07-01,Kurara APMC,2100.0
Uttar Pradesh,Wheat,2023,7,2023-07-01,Lakhimpur APMC,2256.33
Uttar Pradesh,Wheat,2023,7,2023-07-01,Lalganj APMC,2229.92
Uttar Pradesh,Wheat,2023,7,2023-07-01,Lalitpur APMC,2194.83
Uttar Pradesh,Wheat,2023,7,2023-07-01,Lucknow APMC,2310.08
Uttar Pradesh,Wheat,2023,7,2023-07-01,Madhoganj APMC,2265.85
Uttar Pradesh,Wheat,2023,7,2023-07-01,Madhogarh APMC,2150.56
Uttar Pradesh,Wheat,2023,7,2023-07-01,Mahoba APMC,2194.97
Uttar Pradesh,Wheat,2023,7,2023-07-01,Maigalganj APMC,2227.97
Uttar Pradesh,Wheat,2023,7,2023-07-01,Mainpuri APMC,2178.16
Uttar Pradesh,Wheat,2023,7,2023-07-01,Mathura APMC,2254.87
Uttar Pradesh,Wheat,2023,7,2023-07-01,Mau(Chitrakut) APMC,
Uttar Pradesh,Wheat,2023,7,2023-07-01,Maudaha APMC,2172.91
Uttar Pradesh,Wheat,2023,7,2023-07-01,Mauranipur APMC,2197.56
Uttar Pradesh,Wheat,2023,7,2023-07-01,Mawana APMC,2250.0
Uttar Pradesh,Wheat,2023,7,2023-07-01,Meerut APMC,2284.94
Uttar Pradesh,Wheat,2023,7,2023-07-01,Mehrauni APMC,2200.0
Uttar Pradesh,Wheat,2023,7,2023-07-01,Milak APMC,2318.0
Uttar Pradesh,Wheat,2023,7,2023-07-01,Mirzapur APMC,2311.42
Uttar Pradesh,Wheat,2023,7,2023-07-01,Mohamadabad APMC,2309.31
Uttar Pradesh,Wheat,2023,7,2023-07-01,Mohammdi APMC,2253.69
Uttar Pradesh,Wheat,2023,7,2023-07-01,Moth APMC,2183.77
Uttar Pradesh,Wheat,2023,7,2023-07-01,Mugrabaadshahpur APMC,2312.79
Uttar Pradesh,Wheat,2023,7,2023-07-01,Muradabad APMC,2326.27
Uttar Pradesh,Wheat,2023,7,2023-07-01,Muradnagar APMC,2250.0
Uttar Pradesh,Wheat,2023,7,2023-07-01,Muskara APMC,2167.1
Uttar Pradesh,Wheat,2023,7,2023-07-01,Muzzafarnagar APMC,2275.16
Uttar Pradesh,Wheat,2023,7,2023-07-01,Naanpara APMC,2291.72
Uttar Pradesh,Wheat,2023,7,2023-07-01,Najibabad APMC,
Uttar Pradesh,Wheat,2023,7,2023-07-01,Naugarh APMC,2246.29
Uttar Pradesh,Wheat,2023,7,2023-07-01,Nautnava APMC,2197.06
Uttar Pradesh,Wheat,2023,7,2023-07-01,Nawabganj APMC,2293.69
Uttar Pradesh,Wheat,2023,7,2023-07-01,Noida APMC,2272.04
Uttar Pradesh,Wheat,2023,7,2023-07-01,Orai APMC,2157.38
Uttar Pradesh,Wheat,2023,7,2023-07-01,Paliakala APMC,2241.07
Uttar Pradesh,Wheat,2023,7,2023-07-01,Panchpedwa APMC,
Uttar Pradesh,Wheat,2023,7,2023-07-01,Partaval APMC,2254.41
Uttar Pradesh,Wheat,2023,7,2023-07-01,Pilibhit APMC,2373.18
Uttar Pradesh,Wheat,2023,7,2023-07-01,Powayan APMC,2302.36
Uttar Pradesh,Wheat,2023,7,2023-07-01,Pratapgarh APMC,2308.53
Uttar Pradesh,Wheat,2023,7,2023-07-01,Prayagraj APMC,2361.47
Uttar Pradesh,Wheat,2023,7,2023-07-01,Pukharayan APMC,2178.18
Uttar Pradesh,Wheat,2023,7,2023-07-01,Puranpur APMC,2368.04
Uttar Pradesh,Wheat,2023,7,2023-07-01,Purwa APMC,2279.48
Uttar Pradesh,Wheat,2023,7,2023-07-01,Raath APMC,2156.31
Uttar Pradesh,Wheat,2023,7,2023-07-01,Raibareilly APMC,2209.33
Uttar Pradesh,Wheat,2023,7,2023-07-01,Rampur APMC,2320.38
Uttar Pradesh,Wheat,2023,7,2023-07-01,Rampurmaniharan APMC,
Uttar Pradesh,Wheat,2023,7,2023-07-01,Rasda APMC,2262.71
Uttar Pradesh,Wheat,2023,7,2023-07-01,Richha APMC,
Uttar Pradesh,Wheat,2023,7,2023-07-01,Robertsganj APMC,2297.92
Uttar Pradesh,Wheat,2023,7,2023-07-01,Rura APMC,2171.27
Uttar Pradesh,Wheat,2023,7,2023-07-01,Safdarganj APMC,2294.2
Uttar Pradesh,Wheat,2023,7,2023-07-01,Saharanpur APMC,2273.03
Uttar Pradesh,Wheat,2023,7,2023-07-01,Sahiyapur APMC,2251.95
Uttar Pradesh,Wheat,2023,7,2023-07-01,Salon APMC,2243.53
Uttar Pradesh,Wheat,2023,7,2023-07-01,Samsabad APMC,2299.25
Uttar Pradesh,Wheat,2023,7,2023-07-01,Sandi APMC,2080.88
Uttar Pradesh,Wheat,2023,7,2023-07-01,Sandila APMC,2262.6
Uttar Pradesh,Wheat,2023,7,2023-07-01,Sehjanwa APMC,
Uttar Pradesh,Wheat,2023,7,2023-07-01,Shahabad APMC,2150.0
Uttar Pradesh,Wheat,2023,7,2023-07-01,Shahabad(New Mandi) APMC,2279.82
Uttar Pradesh,Wheat,2023,7,2023-07-01,Shahaswan APMC,2250.0
Uttar Pradesh,Wheat,2023,7,2023-07-01,Shahganj APMC,2309.96
Uttar Pradesh,Wheat,2023,7,2023-07-01,Shahjahanpur APMC,2331.59
Uttar Pradesh,Wheat,2023,7,2023-07-01,Shahpur APMC,
Uttar Pradesh,Wheat,2023,7,2023-07-01,Shamli APMC,2275.45
Uttar Pradesh,Wheat,2023,7,2023-07-01,Shikohabad APMC,2275.0
Uttar Pradesh,Wheat,2023,7,2023-07-01,Sikandraraau APMC,2138.37
Uttar Pradesh,Wheat,2023,7,2023-07-01,Sikarpur APMC,2200.0
Uttar Pradesh,Wheat,2023,7,2023-07-01,Sirsa APMC,
Uttar Pradesh,Wheat,2023,7,2023-07-01,Sirsaganj APMC,2187.5
Uttar Pradesh,Wheat,2023,7,2023-07-01,Sitapur APMC,2275.75
Uttar Pradesh,Wheat,2023,7,2023-07-01,Siyana APMC,2275.52
Uttar Pradesh,Wheat,2023,7,2023-07-01,Sultanpur APMC,2292.53
Uttar Pradesh,Wheat,2023,7,2023-07-01,Tamkuhi road APMC,
Uttar Pradesh,Wheat,2023,7,2023-07-01,Thanabhawan APMC,2184.44
Uttar Pradesh,Wheat,2023,7,2023-07-01,Tikonia APMC,2219.96
Uttar Pradesh,Wheat,2023,7,2023-07-01,Tilhar APMC,
Uttar Pradesh,Wheat,2023,7,2023-07-01,Tulsipur APMC,2297.83
Uttar Pradesh,Wheat,2023,7,2023-07-01,Tundla APMC,2252.66
Uttar Pradesh,Wheat,2023,7,2023-07-01,Ujhani APMC,2260.2
Uttar Pradesh,Wheat,2023,7,2023-07-01,Unnao APMC,2282.83
Uttar Pradesh,Wheat,2023,7,2023-07-01,Uttaripura APMC,2227.59
Uttar Pradesh,Wheat,2023,7,2023-07-01,Varanasi APMC,2306.95
Uttar Pradesh,Wheat,2023,7,2023-07-01,Vilthararoad APMC,
Uttar Pradesh,Wheat,2023,7,2023-07-01,Viswan APMC,2248.82
Uttar Pradesh,Wheat,2023,7,2023-07-01,Wazirganj APMC,2263.13
Uttar Pradesh,Wheat,2023,7,2023-07-01,Yusufpur APMC,
Uttar Pradesh,Wheat,2023,7,2023-07-01,Note:,
Uttar Pradesh,Wheat,2023,7,2023-07-01,Weighted Average Price = ∑(arrival quantity * modal price) / ∑arrival quantity,
Uttar Pradesh,Wheat,2023,7,2023-07-01,Change (Over Previous Month) = [Price - Price(Over Previous Month)/Price(Over Previous Month)] * 100,
Uttar Pradesh,Wheat,2023,7,2023-07-01,Change (Over Previous Year) = [Price - Price(Over Previous Year)/Price(Over Previous Year)] * 100,
Uttar Pradesh,Wheat,2023,8,2023-08-01,Achalda APMC,2296.75
Uttar Pradesh,Wheat,2023,8,2023-08-01,Achnera APMC,2318.37
Uttar Pradesh,Wheat,2023,8,2023-08-01,Agra APMC,2342.28
Uttar Pradesh,Wheat,2023,8,2023-08-01,Ahirora APMC,2312.0
Uttar Pradesh,Wheat,2023,8,2023-08-01,Ait APMC,2338.27
Uttar Pradesh,Wheat,2023,8,2023-08-01,Ajuha APMC,2294.34
Uttar Pradesh,Wheat,2023,8,2023-08-01,Akbarpur APMC,2287.86
Uttar Pradesh,Wheat,2023,8,2023-08-01,Aliganj APMC,2158.87
Uttar Pradesh,Wheat,2023,8,2023-08-01,Aligarh APMC,2257.8
Uttar Pradesh,Wheat,2023,8,2023-08-01,Amroha APMC,2339.71
Uttar Pradesh,Wheat,2023,8,2023-08-01,Anandnagar APMC,2251.16
Uttar Pradesh,Wheat,2023,8,2023-08-01,Anoop Shahar APMC,2229.44
Uttar Pradesh,Wheat,2023,8,2023-08-01,Atarra APMC,2214.66
Uttar Pradesh,Wheat,2023,8,2023-08-01,Atrauli APMC,2162.75
Uttar Pradesh,Wheat,2023,8,2023-08-01,Auraiya APMC,2302.35
Uttar Pradesh,Wheat,2023,8,2023-08-01,Ayodhya APMC,2281.7
Uttar Pradesh,Wheat,2023,8,2023-08-01,Azamgarh APMC,2299.69
Uttar Pradesh,Wheat,2023,8,2023-08-01,Baberu APMC,2221.59
Uttar Pradesh,Wheat,2023,8,2023-08-01,Babrala APMC,2265.4
Uttar Pradesh,Wheat,2023,8,2023-08-01,Bachranwa APMC,2351.34
Uttar Pradesh,Wheat,2023,8,2023-08-01,Badayoun APMC,2346.35
Uttar Pradesh,Wheat,2023,8,2023-08-01,Badda APMC,2316.94
Uttar Pradesh,Wheat,2023,8,2023-08-01,Bahraich APMC,2323.7
Uttar Pradesh,Wheat,2023,8,2023-08-01,Ballia APMC,2291.86
Uttar Pradesh,Wheat,2023,8,2023-08-01,Balrampur APMC,2310.39
Uttar Pradesh,Wheat,2023,8,2023-08-01,Banda APMC,2247.49
Uttar Pradesh,Wheat,2023,8,2023-08-01,Bangarmau APMC,2290.22
Uttar Pradesh,Wheat,2023,8,2023-08-01,Bansi APMC,2270.0
Uttar Pradesh,Wheat,2023,8,2023-08-01,Barabanki APMC,2331.26
Uttar Pradesh,Wheat,2023,8,2023-08-01,Bareilly APMC,2352.09
Uttar Pradesh,Wheat,2023,8,2023-08-01,Barhaj APMC,
Uttar Pradesh,Wheat,2023,8,2023-08-01,Baripaal APMC,2208.6
Uttar Pradesh,Wheat,2023,8,2023-08-01,Basti APMC,2276.75
Uttar Pradesh,Wheat,2023,8,2023-08-01,Bewar APMC,2199.42
Uttar Pradesh,Wheat,2023,8,2023-08-01,Bharthna APMC,2261.14
Uttar Pradesh,Wheat,2023,8,2023-08-01,Bharuasumerpur APMC,2278.19
Uttar Pradesh,Wheat,2023,8,2023-08-01,Bharwari APMC,2265.93
Uttar Pradesh,Wheat,2023,8,2023-08-01,Bhehjoi APMC,2221.57
Uttar Pradesh,Wheat,2023,8,2023-08-01,Bijnaur APMC,2341.28
Uttar Pradesh,Wheat,2023,8,2023-08-01,Bilsi APMC,323.59
Uttar Pradesh,Wheat,2023,8,2023-08-01,Bindki APMC,2312.41
Uttar Pradesh,Wheat,2023,8,2023-08-01,Bishalpur APMC,2347.78
Uttar Pradesh,Wheat,2023,8,2023-08-01,Bisoli APMC,2223.69
Uttar Pradesh,Wheat,2023,8,2023-08-01,Buland Shahr APMC,2242.21
Uttar Pradesh,Wheat,2023,8,2023-08-01,Chandausi APMC,2259.55
Uttar Pradesh,Wheat,2023,8,2023-08-01,Chandoli APMC,2317.34
Uttar Pradesh,Wheat,2023,8,2023-08-01,Charkhari APMC,2244.31
Uttar Pradesh,Wheat,2023,8,2023-08-01,Charra APMC,2249.66
Uttar Pradesh,Wheat,2023,8,2023-08-01,Chhibramau APMC,2212.67
Uttar Pradesh,Wheat,2023,8,2023-08-01,Chirgaon APMC,2333.12
Uttar Pradesh,Wheat,2023,8,2023-08-01,Chorichora APMC,2265.8
Uttar Pradesh,Wheat,2023,8,2023-08-01,Choubepur APMC,2365.48
Uttar Pradesh,Wheat,2023,8,2023-08-01,Colonelganj APMC,
Uttar Pradesh,Wheat,2023,8,2023-08-01,DADRI APMC,2279.68
Uttar Pradesh,Wheat,2023,8,2023-08-01,Dankaur APMC,
Uttar Pradesh,Wheat,2023,8,2023-08-01,Dataganj APMC,2180.0
Uttar Pradesh,Wheat,2023,8,2023-08-01,Devariya APMC,2264.22
Uttar Pradesh,Wheat,2023,8,2023-08-01,Dhanaura APMC,2130.69
Uttar Pradesh,Wheat,2023,8,2023-08-01,Dibiapur APMC,2248.12
Uttar Pradesh,Wheat,2023,8,2023-08-01,Divai APMC,2182.26
Uttar Pradesh,Wheat,2023,8,2023-08-01,Doharighat APMC,2330.0
Uttar Pradesh,Wheat,2023,8,2023-08-01,Etah APMC,2223.65
Uttar Pradesh,Wheat,2023,8,2023-08-01,Etawah APMC,2294.35
Uttar Pradesh,Wheat,2023,8,2023-08-01,Farukhabad APMC,2323.02
Uttar Pradesh,Wheat,2023,8,2023-08-01,Fatehabad APMC,
Uttar Pradesh,Wheat,2023,8,2023-08-01,Fatehpur APMC,2282.75
Uttar Pradesh,Wheat,2023,8,2023-08-01,Fatehpur Sikri APMC,2264.45
Uttar Pradesh,Wheat,2023,8,2023-08-01,Firozabad APMC,2316.08
Uttar Pradesh,Wheat,2023,8,2023-08-01,Gazipur APMC,2319.23
Uttar Pradesh,Wheat,2023,8,2023-08-01,Ghaziabad APMC,2277.9
Uttar Pradesh,Wheat,2023,8,2023-08-01,Ghiraur APMC,2191.6
Uttar Pradesh,Wheat,2023,8,2023-08-01,Golagokarnath APMC,2304.67
Uttar Pradesh,Wheat,2023,8,2023-08-01,Gonda APMC,2338.01
Uttar Pradesh,Wheat,2023,8,2023-08-01,Gopiganj APMC,2253.09
Uttar Pradesh,Wheat,2023,8,2023-08-01,Gorakhpur APMC,2264.94
Uttar Pradesh,Wheat,2023,8,2023-08-01,Gurusarai APMC,2343.41
Uttar Pradesh,Wheat,2023,8,2023-08-01,Haathras APMC,2233.5
Uttar Pradesh,Wheat,2023,8,2023-08-01,Haldaur APMC,
Uttar Pradesh,Wheat,2023,8,2023-08-01,Hamirpur APMC,
Uttar Pradesh,Wheat,2023,8,2023-08-01,Hapur APMC,2271.09
Uttar Pradesh,Wheat,2023,8,2023-08-01,Hardoi APMC,2299.51
Uttar Pradesh,Wheat,2023,8,2023-08-01,Hargaon (Laharpur) APMC,2211.31
Uttar Pradesh,Wheat,2023,8,2023-08-01,Jafarganj APMC,2273.58
Uttar Pradesh,Wheat,2023,8,2023-08-01,Jagnair APMC,2201.59
Uttar Pradesh,Wheat,2023,8,2023-08-01,Jahanabad APMC,2272.31
Uttar Pradesh,Wheat,2023,8,2023-08-01,Jahangirabad APMC,2273.95
Uttar Pradesh,Wheat,2023,8,2023-08-01,Jalaun APMC,2205.29
Uttar Pradesh,Wheat,2023,8,2023-08-01,Jangipura APMC,2310.0
Uttar Pradesh,Wheat,2023,8,2023-08-01,Jasra APMC,2272.4
Uttar Pradesh,Wheat,2023,8,2023-08-01,Jaunpur APMC,2315.48
Uttar Pradesh,Wheat,2023,8,2023-08-01,Jayas APMC,2269.05
Uttar Pradesh,Wheat,2023,8,2023-08-01,Jhansi APMC,2351.71
Uttar Pradesh,Wheat,2023,8,2023-08-01,Jhijhank APMC,2303.52
Uttar Pradesh,Wheat,2023,8,2023-08-01,Kalpi APMC,
Uttar Pradesh,Wheat,2023,8,2023-08-01,Kannauj APMC,2288.26
Uttar Pradesh,Wheat,2023,8,2023-08-01,Kanpur(Grain) APMC,2351.55
Uttar Pradesh,Wheat,2023,8,2023-08-01,Karvi APMC,2242.24
Uttar Pradesh,Wheat,2023,8,2023-08-01,Kasganj APMC,2252.77
Uttar Pradesh,Wheat,2023,8,2023-08-01,Kayamganj APMC,2299.72
Uttar Pradesh,Wheat,2023,8,2023-08-01,Khaga APMC,2294.04
Uttar Pradesh,Wheat,2023,8,2023-08-01,Khair APMC,2257.59
Uttar Pradesh,Wheat,2023,8,2023-08-01,Khairagarh APMC,2275.0
Uttar Pradesh,Wheat,2023,8,2023-08-01,Khatauli APMC,2200.0
Uttar Pradesh,Wheat,2023,8,2023-08-01,Khurja APMC,2261.77
Uttar Pradesh,Wheat,2023,8,2023-08-01,Kishunpur APMC,2243.06
Uttar Pradesh,Wheat,2023,8,2023-08-01,Konch APMC,2243.36
Uttar Pradesh,Wheat,2023,8,2023-08-01,Kopaganj APMC,
Uttar Pradesh,Wheat,2023,8,2023-08-01,Kosikalan APMC,2287.44
Uttar Pradesh,Wheat,2023,8,2023-08-01,Kurara APMC,2100.0
Uttar Pradesh,Wheat,2023,8,2023-08-01,Lakhimpur APMC,2312.1
Uttar Pradesh,Wheat,2023,8,2023-08-01,Lalganj APMC,2273.4
Uttar Pradesh,Wheat,2023,8,2023-08-01,Lalitpur APMC,2371.91
Uttar Pradesh,Wheat,2023,8,2023-08-01,Lucknow APMC,2339.83
Uttar Pradesh,Wheat,2023,8,2023-08-01,Madhoganj APMC,2292.84
Uttar Pradesh,Wheat,2023,8,2023-08-01,Madhogarh APMC,2231.94
Uttar Pradesh,Wheat,2023,8,2023-08-01,Mahoba APMC,2236.6
Uttar Pradesh,Wheat,2023,8,2023-08-01,Maigalganj APMC,2260.37
Uttar Pradesh,Wheat,2023,8,2023-08-01,Mainpuri APMC,2192.9
Uttar Pradesh,Wheat,2023,8,2023-08-01,Mathura APMC,2297.62
Uttar Pradesh,Wheat,2023,8,2023-08-01,Mau(Chitrakut) APMC,
Uttar Pradesh,Wheat,2023,8,2023-08-01,Maudaha APMC,2263.97
Uttar Pradesh,Wheat,2023,8,2023-08-01,Mauranipur APMC,2344.97
Uttar Pradesh,Wheat,2023,8,2023-08-01,Mawana APMC,2308.5
Uttar Pradesh,Wheat,2023,8,2023-08-01,Meerut APMC,2291.26
Uttar Pradesh,Wheat,2023,8,2023-08-01,Mehrauni APMC,2200.0
Uttar Pradesh,Wheat,2023,8,2023-08-01,Milak APMC,2356.42
Uttar Pradesh,Wheat,2023,8,2023-08-01,Mirzapur APMC,2315.53
Uttar Pradesh,Wheat,2023,8,2023-08-01,Mohamadabad APMC,2326.67
Uttar Pradesh,Wheat,2023,8,2023-08-01,Mohammdi APMC,2309.38
Uttar Pradesh,Wheat,2023,8,2023-08-01,Moth APMC,2341.21
Uttar Pradesh,Wheat,2023,8,2023-08-01,Mugrabaadshahpur APMC,2320.88
Uttar Pradesh,Wheat,2023,8,2023-08-01,Muradabad APMC,2346.52
Uttar Pradesh,Wheat,2023,8,2023-08-01,Muradnagar APMC,2300.0
Uttar Pradesh,Wheat,2023,8,2023-08-01,Muskara APMC,2232.3
Uttar Pradesh,Wheat,2023,8,2023-08-01,Muzzafarnagar APMC,2296.09
Uttar Pradesh,Wheat,2023,8,2023-08-01,Naanpara APMC,2320.93
Uttar Pradesh,Wheat,2023,8,2023-08-01,Najibabad APMC,
Uttar Pradesh,Wheat,2023,8,2023-08-01,Naugarh APMC,2250.38
Uttar Pradesh,Wheat,2023,8,2023-08-01,Nautnava APMC,2195.0
Uttar Pradesh,Wheat,2023,8,2023-08-01,Nawabganj APMC,2314.22
Uttar Pradesh,Wheat,2023,8,2023-08-01,Noida APMC,2279.74
Uttar Pradesh,Wheat,2023,8,2023-08-01,Orai APMC,2272.15
Uttar Pradesh,Wheat,2023,8,2023-08-01,Paliakala APMC,2230.59
Uttar Pradesh,Wheat,2023,8,2023-08-01,Panchpedwa APMC,
Uttar Pradesh,Wheat,2023,8,2023-08-01,Partaval APMC,2275.09
Uttar Pradesh,Wheat,2023,8,2023-08-01,Pilibhit APMC,2382.28
Uttar Pradesh,Wheat,2023,8,2023-08-01,Powayan APMC,2329.28
Uttar Pradesh,Wheat,2023,8,2023-08-01,Pratapgarh APMC,2307.14
Uttar Pradesh,Wheat,2023,8,2023-08-01,Prayagraj APMC,2329.8
Uttar Pradesh,Wheat,2023,8,2023-08-01,Pukharayan APMC,2252.62
Uttar Pradesh,Wheat,2023,8,2023-08-01,Puranpur APMC,2379.65
Uttar Pradesh,Wheat,2023,8,2023-08-01,Purwa APMC,2292.57
Uttar Pradesh,Wheat,2023,8,2023-08-01,Raath APMC,2248.12
Uttar Pradesh,Wheat,2023,8,2023-08-01,Raibareilly APMC,2242.43
Uttar Pradesh,Wheat,2023,8,2023-08-01,Rampur APMC,2352.17
Uttar Pradesh,Wheat,2023,8,2023-08-01,Rasda APMC,2281.6
Uttar Pradesh,Wheat,2023,8,2023-08-01,Richha APMC,
Uttar Pradesh,Wheat,2023,8,2023-08-01,Robertsganj APMC,2300.87
Uttar Pradesh,Wheat,2023,8,2023-08-01,Rura APMC,2210.18
Uttar Pradesh,Wheat,2023,8,2023-08-01,Safdarganj APMC,2328.31
Uttar Pradesh,Wheat,2023,8,2023-08-01,Saharanpur APMC,2294.1
Uttar Pradesh,Wheat,2023,8,2023-08-01,Sahiyapur APMC,2261.05
Uttar Pradesh,Wheat,2023,8,2023-08-01,Salon APMC,2193.42
Uttar Pradesh,Wheat,2023,8,2023-08-01,Samsabad APMC,2280.0
Uttar Pradesh,Wheat,2023,8,2023-08-01,Sandi APMC,2230.52
Uttar Pradesh,Wheat,2023,8,2023-08-01,Sandila APMC,2286.87
Uttar Pradesh,Wheat,2023,8,2023-08-01,Sehjanwa APMC,
Uttar Pradesh,Wheat,2023,8,2023-08-01,Shahabad APMC,2155.26
Uttar Pradesh,Wheat,2023,8,2023-08-01,Shahabad(New Mandi) APMC,2288.56
Uttar Pradesh,Wheat,2023,8,2023-08-01,Shahaswan APMC,2250.0
Uttar Pradesh,Wheat,2023,8,2023-08-01,Shahganj APMC,2282.11
Uttar Pradesh,Wheat,2023,8,2023-08-01,Shahjahanpur APMC,2325.07
Uttar Pradesh,Wheat,2023,8,2023-08-01,Shahpur APMC,2202.88
Uttar Pradesh,Wheat,2023,8,2023-08-01,Shamli APMC,2296.38
Uttar Pradesh,Wheat,2023,8,2023-08-01,Shikohabad APMC,2325.0
Uttar Pradesh,Wheat,2023,8,2023-08-01,Sikandraraau APMC,2155.34
Uttar Pradesh,Wheat,2023,8,2023-08-01,Sikarpur APMC,2250.0
Uttar Pradesh,Wheat,2023,8,2023-08-01,Sirsa APMC,
Uttar Pradesh,Wheat,2023,8,2023-08-01,Sirsaganj APMC,2316.12
Uttar Pradesh,Wheat,2023,8,2023-08-01,Sitapur APMC,2316.55
Uttar Pradesh,Wheat,2023,8,2023-08-01,Siyana APMC,2280.68
Uttar Pradesh,Wheat,2023,8,2023-08-01,Sultanpur APMC,2271.09
Uttar Pradesh,Wheat,2023,8,2023-08-01,Tamkuhi road APMC,2260.0
Uttar Pradesh,Wheat,2023,8,2023-08-01,Thanabhawan APMC,2550.0
Uttar Pradesh,Wheat,2023,8,2023-08-01,Tikonia APMC,2164.65
Uttar Pradesh,Wheat,2023,8,2023-08-01,Tulsipur APMC,2290.53
Uttar Pradesh,Wheat,2023,8,2023-08-01,Tundla APMC,2309.05
Uttar Pradesh,Wheat,2023,8,2023-08-01,Ujhani APMC,2298.28
Uttar Pradesh,Wheat,2023,8,2023-08-01,Unnao APMC,2300.15
Uttar Pradesh,Wheat,2023,8,2023-08-01,Uttaripura APMC,2292.99
Uttar Pradesh,Wheat,2023,8,2023-08-01,Varanasi APMC,2326.46
Uttar Pradesh,Wheat,2023,8,2023-08-01,Viswan APMC,2286.19
Uttar Pradesh,Wheat,2023,8,2023-08-01,Wazirganj APMC,2313.69
Uttar Pradesh,Wheat,2023,8,2023-08-01,Yusufpur APMC,
Uttar Pradesh,Wheat,2023,8,2023-08-01,Note:,
Uttar Pradesh,Wheat,2023,8,2023-08-01,Weighted Average Price = ∑(arrival quantity * modal price) / ∑arrival quantity,
Uttar Pradesh,Wheat,2023,8,2023-08-01,Change (Over Previous Month) = [Price - Price(Over Previous Month)/Price(Over Previous Month)] * 100,
Uttar Pradesh,Wheat,2023,8,2023-08-01,Change (Over Previous Year) = [Price - Price(Over Previous Year)/Price(Over Previous Year)] * 100,
Uttar Pradesh,Wheat,2023,9,2023-09-01,Achalda APMC,2331.64
Uttar Pradesh,Wheat,2023,9,2023-09-01,Achnera APMC,2353.31
Uttar Pradesh,Wheat,2023,9,2023-09-01,Agra APMC,2356.05
Uttar Pradesh,Wheat,2023,9,2023-09-01,Ahirora APMC,2334.18
Uttar Pradesh,Wheat,2023,9,2023-09-01,Ait APMC,2387.33
Uttar Pradesh,Wheat,2023,9,2023-09-01,Ajuha APMC,2311.87
Uttar Pradesh,Wheat,2023,9,2023-09-01,Akbarpur APMC,2289.37
Uttar Pradesh,Wheat,2023,9,2023-09-01,Aliganj APMC,2189.31
Uttar Pradesh,Wheat,2023,9,2023-09-01,Aligarh APMC,2310.54
Uttar Pradesh,Wheat,2023,9,2023-09-01,Amroha APMC,2309.1
Uttar Pradesh,Wheat,2023,9,2023-09-01,Anandnagar APMC,2292.23
Uttar Pradesh,Wheat,2023,9,2023-09-01,Anoop Shahar APMC,2260.0
Uttar Pradesh,Wheat,2023,9,2023-09-01,Atarra APMC,2239.69
Uttar Pradesh,Wheat,2023,9,2023-09-01,Atrauli APMC,2194.06
Uttar Pradesh,Wheat,2023,9,2023-09-01,Auraiya APMC,2340.83
Uttar Pradesh,Wheat,2023,9,2023-09-01,Ayodhya APMC,2286.86
Uttar Pradesh,Wheat,2023,9,2023-09-01,Azamgarh APMC,2340.77
Uttar Pradesh,Wheat,2023,9,2023-09-01,Baberu APMC,2279.35
Uttar Pradesh,Wheat,2023,9,2023-09-01,Babrala APMC,2275.39
Uttar Pradesh,Wheat,2023,9,2023-09-01,Bachranwa APMC,2304.12
Uttar Pradesh,Wheat,2023,9,2023-09-01,Badayoun APMC,2362.26
Uttar Pradesh,Wheat,2023,9,2023-09-01,Badda APMC,
Uttar Pradesh,Wheat,2023,9,2023-09-01,Bahraich APMC,2359.17
Uttar Pradesh,Wheat,2023,9,2023-09-01,Ballia APMC,2336.51
Uttar Pradesh,Wheat,2023,9,2023-09-01,Balrampur APMC,2358.68
Uttar Pradesh,Wheat,2023,9,2023-09-01,Banda APMC,2302.74
Uttar Pradesh,Wheat,2023,9,2023-09-01,Bangarmau APMC,2304.19
Uttar Pradesh,Wheat,2023,9,2023-09-01,Bansi APMC,2325.0
Uttar Pradesh,Wheat,2023,9,2023-09-01,Barabanki APMC,2384.25
Uttar Pradesh,Wheat,2023,9,2023-09-01,Bareilly APMC,2354.2
Uttar Pradesh,Wheat,2023,9,2023-09-01,Barhaj APMC,
Uttar Pradesh,Wheat,2023,9,2023-09-01,Baripaal APMC,2252.45
Uttar Pradesh,Wheat,2023,9,2023-09-01,Basti APMC,2314.61
Uttar Pradesh,Wheat,2023,9,2023-09-01,Bewar APMC,2195.55
Uttar Pradesh,Wheat,2023,9,2023-09-01,Bharthna APMC,2290.48
Uttar Pradesh,Wheat,2023,9,2023-09-01,Bharuasumerpur APMC,2328.37
Uttar Pradesh,Wheat,2023,9,2023-09-01,Bharwari APMC,2323.43
Uttar Pradesh,Wheat,2023,9,2023-09-01,Bhehjoi APMC,2210.0
Uttar Pradesh,Wheat,2023,9,2023-09-01,Bijnaur APMC,2314.91
Uttar Pradesh,Wheat,2023,9,2023-09-01,Bilsi APMC,
Uttar Pradesh,Wheat,2023,9,2023-09-01,Bindki APMC,2359.69
Uttar Pradesh,Wheat,2023,9,2023-09-01,Bishalpur APMC,2365.36
Uttar Pradesh,Wheat,2023,9,2023-09-01,Bisoli APMC,2299.23
Uttar Pradesh,Wheat,2023,9,2023-09-01,Buland Shahr APMC,2294.35
Uttar Pradesh,Wheat,2023,9,2023-09-01,Chandausi APMC,2294.74
Uttar Pradesh,Wheat,2023,9,2023-09-01,Chandoli APMC,2339.02
Uttar Pradesh,Wheat,2023,9,2023-09-01,Charkhari APMC,2246.38
Uttar Pradesh,Wheat,2023,9,2023-09-01,Charra APMC,2290.07
Uttar Pradesh,Wheat,2023,9,2023-09-01,Chhibramau APMC,2204.66
Uttar Pradesh,Wheat,2023,9,2023-09-01,Chirgaon APMC,2378.65
Uttar Pradesh,Wheat,2023,9,2023-09-01,Chorichora APMC,2321.85
Uttar Pradesh,Wheat,2023,9,2023-09-01,Choubepur APMC,2356.42
Uttar Pradesh,Wheat,2023,9,2023-09-01,Colonelganj APMC,
Uttar Pradesh,Wheat,2023,9,2023-09-01,DADRI APMC,2293.66
Uttar Pradesh,Wheat,2023,9,2023-09-01,Dankaur APMC,
Uttar Pradesh,Wheat,2023,9,2023-09-01,Dataganj APMC,2276.63
Uttar Pradesh,Wheat,2023,9,2023-09-01,Devariya APMC,2313.03
Uttar Pradesh,Wheat,2023,9,2023-09-01,Dhanaura APMC,2132.0
Uttar Pradesh,Wheat,2023,9,2023-09-01,Dibiapur APMC,2251.38
Uttar Pradesh,Wheat,2023,9,2023-09-01,Divai APMC,2194.44
Uttar Pradesh,Wheat,2023,9,2023-09-01,Doharighat APMC,2365.0
Uttar Pradesh,Wheat,2023,9,2023-09-01,Etah APMC,2228.66
Uttar Pradesh,Wheat,2023,9,2023-09-01,Etawah APMC,2319.94
Uttar Pradesh,Wheat,2023,9,2023-09-01,Farukhabad APMC,2312.66
Uttar Pradesh,Wheat,2023,9,2023-09-01,Fatehabad APMC,
Uttar Pradesh,Wheat,2023,9,2023-09-01,Fatehpur APMC,2322.07
Uttar Pradesh,Wheat,2023,9,2023-09-01,Fatehpur Sikri APMC,2323.33
Uttar Pradesh,Wheat,2023,9,2023-09-01,Firozabad APMC,2349.42
Uttar Pradesh,Wheat,2023,9,2023-09-01,Gazipur APMC,2403.76
Uttar Pradesh,Wheat,2023,9,2023-09-01,Ghaziabad APMC,2305.75
Uttar Pradesh,Wheat,2023,9,2023-09-01,Ghiraur APMC,2221.45
Uttar Pradesh,Wheat,2023,9,2023-09-01,Golagokarnath APMC,2323.8
Uttar Pradesh,Wheat,2023,9,2023-09-01,Gonda APMC,2373.49
Uttar Pradesh,Wheat,2023,9,2023-09-01,Gopiganj APMC,2309.72
Uttar Pradesh,Wheat,2023,9,2023-09-01,Gorakhpur APMC,2313.03
Uttar Pradesh,Wheat,2023,9,2023-09-01,Gurusarai APMC,2360.49
Uttar Pradesh,Wheat,2023,9,2023-09-01,Haathras APMC,2258.47
Uttar Pradesh,Wheat,2023,9,2023-09-01,Hapur APMC,2332.24
Uttar Pradesh,Wheat,2023,9,2023-09-01,Hardoi APMC,2314.47
Uttar Pradesh,Wheat,2023,9,2023-09-01,Hargaon (Laharpur) APMC,2220.96
Uttar Pradesh,Wheat,2023,9,2023-09-01,Jafarganj APMC,2295.62
Uttar Pradesh,Wheat,2023,9,2023-09-01,Jagnair APMC,2225.13
Uttar Pradesh,Wheat,2023,9,2023-09-01,Jahanabad APMC,2230.56
Uttar Pradesh,Wheat,2023,9,2023-09-01,Jahangirabad APMC,2300.15
Uttar Pradesh,Wheat,2023,9,2023-09-01,Jalaun APMC,2253.13
Uttar Pradesh,Wheat,2023,9,2023-09-01,Jamanian APMC,
Uttar Pradesh,Wheat,2023,9,2023-09-01,Jangipura APMC,2350.0
Uttar Pradesh,Wheat,2023,9,2023-09-01,Jasra APMC,2296.88
Uttar Pradesh,Wheat,2023,9,2023-09-01,Jaunpur APMC,2343.2
Uttar Pradesh,Wheat,2023,9,2023-09-01,Jayas APMC,2281.73
Uttar Pradesh,Wheat,2023,9,2023-09-01,Jhansi APMC,2373.11
Uttar Pradesh,Wheat,2023,9,2023-09-01,Jhijhank APMC,2305.83
Uttar Pradesh,Wheat,2023,9,2023-09-01,Kadaura APMC,
Uttar Pradesh,Wheat,2023,9,2023-09-01,Kalpi APMC,
Uttar Pradesh,Wheat,2023,9,2023-09-01,Kannauj APMC,2327.52
Uttar Pradesh,Wheat,2023,9,2023-09-01,Kanpur(Grain) APMC,2384.97
Uttar Pradesh,Wheat,2023,9,2023-09-01,Karvi APMC,2299.3
Uttar Pradesh,Wheat,2023,9,2023-09-01,Kasganj APMC,2238.85
Uttar Pradesh,Wheat,2023,9,2023-09-01,Kayamganj APMC,2324.06
Uttar Pradesh,Wheat,2023,9,2023-09-01,Khaga APMC,2331.25
Uttar Pradesh,Wheat,2023,9,2023-09-01,Khair APMC,2290.55
Uttar Pradesh,Wheat,2023,9,2023-09-01,Khairagarh APMC,
Uttar Pradesh,Wheat,2023,9,2023-09-01,Khatauli APMC,
Uttar Pradesh,Wheat,2023,9,2023-09-01,Khurja APMC,2297.95
Uttar Pradesh,Wheat,2023,9,2023-09-01,Kishunpur APMC,2286.13
Uttar Pradesh,Wheat,2023,9,2023-09-01,Konch APMC,2280.4
Uttar Pradesh,Wheat,2023,9,2023-09-01,Kopaganj APMC,2345.51
Uttar Pradesh,Wheat,2023,9,2023-09-01,Kosikalan APMC,2282.56
Uttar Pradesh,Wheat,2023,9,2023-09-01,Kurara APMC,2195.14
Uttar Pradesh,Wheat,2023,9,2023-09-01,Lakhimpur APMC,2324.63
Uttar Pradesh,Wheat,2023,9,2023-09-01,Lalganj APMC,2297.9
Uttar Pradesh,Wheat,2023,9,2023-09-01,Lalitpur APMC,2358.03
Uttar Pradesh,Wheat,2023,9,2023-09-01,Lucknow APMC,2347.02
Uttar Pradesh,Wheat,2023,9,2023-09-01,Madhoganj APMC,2314.14
Uttar Pradesh,Wheat,2023,9,2023-09-01,Madhogarh APMC,2279.87
Uttar Pradesh,Wheat,2023,9,2023-09-01,Mahoba APMC,2290.3
Uttar Pradesh,Wheat,2023,9,2023-09-01,Maigalganj APMC,
Uttar Pradesh,Wheat,2023,9,2023-09-01,Mainpuri APMC,2219.38
Uttar Pradesh,Wheat,2023,9,2023-09-01,Mathura APMC,2320.89
Uttar Pradesh,Wheat,2023,9,2023-09-01,Mau(Chitrakut) APMC,
Uttar Pradesh,Wheat,2023,9,2023-09-01,Maudaha APMC,2232.07
Uttar Pradesh,Wheat,2023,9,2023-09-01,Mauranipur APMC,2388.2
Uttar Pradesh,Wheat,2023,9,2023-09-01,Mawana APMC,2299.83
Uttar Pradesh,Wheat,2023,9,2023-09-01,Meerut APMC,2307.78
Uttar Pradesh,Wheat,2023,9,2023-09-01,Mehrauni APMC,2300.0
Uttar Pradesh,Wheat,2023,9,2023-09-01,Milak APMC,2342.63
Uttar Pradesh,Wheat,2023,9,2023-09-01,Mirzapur APMC,2347.03
Uttar Pradesh,Wheat,2023,9,2023-09-01,Mohamadabad APMC,2323.79
Uttar Pradesh,Wheat,2023,9,2023-09-01,Mohammdi APMC,2316.65
Uttar Pradesh,Wheat,2023,9,2023-09-01,Moth APMC,2394.39
Uttar Pradesh,Wheat,2023,9,2023-09-01,Mugrabaadshahpur APMC,2347.43
Uttar Pradesh,Wheat,2023,9,2023-09-01,Muradabad APMC,2308.59
Uttar Pradesh,Wheat,2023,9,2023-09-01,Muradnagar APMC,2330.0
Uttar Pradesh,Wheat,2023,9,2023-09-01,Muskara APMC,2292.16
Uttar Pradesh,Wheat,2023,9,2023-09-01,Muzzafarnagar APMC,2316.17
Uttar Pradesh,Wheat,2023,9,2023-09-01,Naanpara APMC,2357.12
Uttar Pradesh,Wheat,2023,9,2023-09-01,Najibabad APMC,
Uttar Pradesh,Wheat,2023,9,2023-09-01,Naugarh APMC,2303.94
Uttar Pradesh,Wheat,2023,9,2023-09-01,Nautnava APMC,2200.0
Uttar Pradesh,Wheat,2023,9,2023-09-01,Nawabganj APMC,2356.85
Uttar Pradesh,Wheat,2023,9,2023-09-01,Noida APMC,2300.13
Uttar Pradesh,Wheat,2023,9,2023-09-01,Orai APMC,2305.99
Uttar Pradesh,Wheat,2023,9,2023-09-01,Paliakala APMC,2274.94
Uttar Pradesh,Wheat,2023,9,2023-09-01,Panchpedwa APMC,
Uttar Pradesh,Wheat,2023,9,2023-09-01,Partaval APMC,2288.46
Uttar Pradesh,Wheat,2023,9,2023-09-01,Pilibhit APMC,2377.14
Uttar Pradesh,Wheat,2023,9,2023-09-01,Powayan APMC,2355.32
Uttar Pradesh,Wheat,2023,9,2023-09-01,Pratapgarh APMC,2344.77
Uttar Pradesh,Wheat,2023,9,2023-09-01,Prayagraj APMC,2304.53
Uttar Pradesh,Wheat,2023,9,2023-09-01,Pukharayan APMC,2356.1
Uttar Pradesh,Wheat,2023,9,2023-09-01,Puranpur APMC,2372.3
Uttar Pradesh,Wheat,2023,9,2023-09-01,Purwa APMC,2307.39
Uttar Pradesh,Wheat,2023,9,2023-09-01,Raath APMC,2302.19
Uttar Pradesh,Wheat,2023,9,2023-09-01,Raibareilly APMC,2284.65
Uttar Pradesh,Wheat,2023,9,2023-09-01,Rampur APMC,2342.17
Uttar Pradesh,Wheat,2023,9,2023-09-01,Rasda APMC,2322.02
Uttar Pradesh,Wheat,2023,9,2023-09-01,Richha APMC,
Uttar Pradesh,Wheat,2023,9,2023-09-01,Robertsganj APMC,2324.99
Uttar Pradesh,Wheat,2023,9,2023-09-01,Rura APMC,2281.67
Uttar Pradesh,Wheat,2023,9,2023-09-01,Safdarganj APMC,2317.1
Uttar Pradesh,Wheat,2023,9,2023-09-01,Saharanpur APMC,2321.15
Uttar Pradesh,Wheat,2023,9,2023-09-01,Sahiyapur APMC,2270.14
Uttar Pradesh,Wheat,2023,9,2023-09-01,Salon APMC,2263.7
Uttar Pradesh,Wheat,2023,9,2023-09-01,Samsabad APMC,2341.67
Uttar Pradesh,Wheat,2023,9,2023-09-01,Sandi APMC,2306.52
Uttar Pradesh,Wheat,2023,9,2023-09-01,Sandila APMC,2311.88
Uttar Pradesh,Wheat,2023,9,2023-09-01,Sehjanwa APMC,
Uttar Pradesh,Wheat,2023,9,2023-09-01,Shahabad APMC,2250.0
Uttar Pradesh,Wheat,2023,9,2023-09-01,Shahabad(New Mandi) APMC,2305.33
Uttar Pradesh,Wheat,2023,9,2023-09-01,Shahaswan APMC,2346.51
Uttar Pradesh,Wheat,2023,9,2023-09-01,Shahganj APMC,2328.93
Uttar Pradesh,Wheat,2023,9,2023-09-01,Shahjahanpur APMC,2335.44
Uttar Pradesh,Wheat,2023,9,2023-09-01,Shahpur APMC,2170.68
Uttar Pradesh,Wheat,2023,9,2023-09-01,Shamli APMC,2317.03
Uttar Pradesh,Wheat,2023,9,2023-09-01,Shikohabad APMC,2354.0
Uttar Pradesh,Wheat,2023,9,2023-09-01,Sikandraraau APMC,2247.88
Uttar Pradesh,Wheat,2023,9,2023-09-01,Sikarpur APMC,2262.33
Uttar Pradesh,Wheat,2023,9,2023-09-01,Sirsa APMC,
Uttar Pradesh,Wheat,2023,9,2023-09-01,Sirsaganj APMC,2373.02
Uttar Pradesh,Wheat,2023,9,2023-09-01,Sitapur APMC,2333.83
Uttar Pradesh,Wheat,2023,9,2023-09-01,Siyana APMC,2296.71
Uttar Pradesh,Wheat,2023,9,2023-09-01,Sultanpur APMC,2292.71
Uttar Pradesh,Wheat,2023,9,2023-09-01,Tamkuhi road APMC,2360.0
Uttar Pradesh,Wheat,2023,9,2023-09-01,Thanabhawan APMC,
Uttar Pradesh,Wheat,2023,9,2023-09-01,Tikonia APMC,2220.35
Uttar Pradesh,Wheat,2023,9,2023-09-01,Tulsipur APMC,2336.63
Uttar Pradesh,Wheat,2023,9,2023-09-01,Tundla APMC,2381.02
Uttar Pradesh,Wheat,2023,9,2023-09-01,Ujhani APMC,2364.52
Uttar Pradesh,Wheat,2023,9,2023-09-01,Unnao APMC,2312.11
Uttar Pradesh,Wheat,2023,9,2023-09-01,Uttaripura APMC,2355.46
Uttar Pradesh,Wheat,2023,9,2023-09-01,Varanasi APMC,2353.82
Uttar Pradesh,Wheat,2023,9,2023-09-01,Viswan APMC,2313.3
Uttar Pradesh,Wheat,2023,9,2023-09-01,Wazirganj APMC,2355.58
Uttar Pradesh,Wheat,2023,9,2023-09-01,Yusufpur APMC,
Uttar Pradesh,Wheat,2023,9,2023-09-01,Note:,
Uttar Pradesh,Wheat,2023,9,2023-09-01,Weighted Average Price = ∑(arrival quantity * modal price) / ∑arrival quantity,
Uttar Pradesh,Wheat,2023,9,2023-09-01,Change (Over Previous Month) = [Price - Price(Over Previous Month)/Price(Over Previous Month)] * 100,
Uttar Pradesh,Wheat,2023,9,2023-09-01,Change (Over Previous Year) = [Price - Price(Over Previous Year)/Price(Over Previous Year)] * 100,
Uttar Pradesh,Wheat,2023,10,2023-10-01,Achalda APMC,2384.32
Uttar Pradesh,Wheat,2023,10,2023-10-01,Achnera APMC,2382.85
Uttar Pradesh,Wheat,2023,10,2023-10-01,Agra APMC,2401.86
Uttar Pradesh,Wheat,2023,10,2023-10-01,Ahirora APMC,2369.38
Uttar Pradesh,Wheat,2023,10,2023-10-01,Ait APMC,2437.75
Uttar Pradesh,Wheat,2023,10,2023-10-01,Ajuha APMC,2331.83
Uttar Pradesh,Wheat,2023,10,2023-10-01,Akbarpur APMC,2320.48
Uttar Pradesh,Wheat,2023,10,2023-10-01,Aliganj APMC,2320.86
Uttar Pradesh,Wheat,2023,10,2023-10-01,Aligarh APMC,2364.91
Uttar Pradesh,Wheat,2023,10,2023-10-01,Amroha APMC,2324.8
Uttar Pradesh,Wheat,2023,10,2023-10-01,Anandnagar APMC,2345.02
Uttar Pradesh,Wheat,2023,10,2023-10-01,Anoop Shahar APMC,
Uttar Pradesh,Wheat,2023,10,2023-10-01,Atarra APMC,2295.51
Uttar Pradesh,Wheat,2023,10,2023-10-01,Atrauli APMC,2200.0
Uttar Pradesh,Wheat,2023,10,2023-10-01,Auraiya APMC,2368.16
Uttar Pradesh,Wheat,2023,10,2023-10-01,Ayodhya APMC,2323.81
Uttar Pradesh,Wheat,2023,10,2023-10-01,Azamgarh APMC,2371.14
Uttar Pradesh,Wheat,2023,10,2023-10-01,Baberu APMC,2347.51
Uttar Pradesh,Wheat,2023,10,2023-10-01,Babrala APMC,2289.63
Uttar Pradesh,Wheat,2023,10,2023-10-01,Bachranwa APMC,2314.01
Uttar Pradesh,Wheat,2023,10,2023-10-01,Badayoun APMC,2364.73
Uttar Pradesh,Wheat,2023,10,2023-10-01,Bahraich APMC,2375.54
Uttar Pradesh,Wheat,2023,10,2023-10-01,Ballia APMC,2372.11
Uttar Pradesh,Wheat,2023,10,2023-10-01,Balrampur APMC,2378.75
Uttar Pradesh,Wheat,2023,10,2023-10-01,Banda APMC,2329.29
Uttar Pradesh,Wheat,2023,10,2023-10-01,Bangarmau APMC,2338.52
Uttar Pradesh,Wheat,2023,10,2023-10-01,Bansi APMC,2340.0
Uttar Pradesh,Wheat,2023,10,2023-10-01,Banthara APMC,2409.82
Uttar Pradesh,Wheat,2023,10,2023-10-01,Barabanki APMC,2300.13
Uttar Pradesh,Wheat,2023,10,2023-10-01,Bareilly APMC,2337.32
Uttar Pradesh,Wheat,2023,10,2023-10-01,Barhaj APMC,
Uttar Pradesh,Wheat,2023,10,2023-10-01,Baripaal APMC,2334.32
Uttar Pradesh,Wheat,2023,10,2023-10-01,Basti APMC,2353.28
Uttar Pradesh,Wheat,2023,10,2023-10-01,Bewar APMC,2215.41
Uttar Pradesh,Wheat,2023,10,2023-10-01,Bharthna APMC,2352.75
Uttar Pradesh,Wheat,2023,10,2023-10-01,Bharuasumerpur APMC,2388.27
Uttar Pradesh,Wheat,2023,10,2023-10-01,Bharwari APMC,2327.52
Uttar Pradesh,Wheat,2023,10,2023-10-01,Bhehjoi APMC,
Uttar Pradesh,Wheat,2023,10,2023-10-01,Bijnaur APMC,2327.51
Uttar Pradesh,Wheat,2023,10,2023-10-01,Bilsi APMC,
Uttar Pradesh,Wheat,2023,10,2023-10-01,Bindki APMC,2376.75
Uttar Pradesh,Wheat,2023,10,2023-10-01,Bishalpur APMC,2376.62
Uttar Pradesh,Wheat,2023,10,2023-10-01,Bisoli APMC,2342.93
Uttar Pradesh,Wheat,2023,10,2023-10-01,Buland Shahr APMC,2990.84
Uttar Pradesh,Wheat,2023,10,2023-10-01,Chandausi APMC,2340.82
Uttar Pradesh,Wheat,2023,10,2023-10-01,Chandoli APMC,2371.77
Uttar Pradesh,Wheat,2023,10,2023-10-01,Charkhari APMC,2281.57
Uttar Pradesh,Wheat,2023,10,2023-10-01,Charra APMC,2350.93
Uttar Pradesh,Wheat,2023,10,2023-10-01,Chhibramau APMC,2199.15
Uttar Pradesh,Wheat,2023,10,2023-10-01,Chirgaon APMC,2383.44
Uttar Pradesh,Wheat,2023,10,2023-10-01,Chorichora APMC,2352.27
Uttar Pradesh,Wheat,2023,10,2023-10-01,Choubepur APMC,2390.1
Uttar Pradesh,Wheat,2023,10,2023-10-01,Colonelganj APMC,2223.75
Uttar Pradesh,Wheat,2023,10,2023-10-01,DADRI APMC,2356.82
Uttar Pradesh,Wheat,2023,10,2023-10-01,Dankaur APMC,
Uttar Pradesh,Wheat,2023,10,2023-10-01,Dataganj APMC,2280.0
Uttar Pradesh,Wheat,2023,10,2023-10-01,Devariya APMC,2351.96
Uttar Pradesh,Wheat,2023,10,2023-10-01,Dhanaura APMC,2131.92
Uttar Pradesh,Wheat,2023,10,2023-10-01,Dibiapur APMC,2271.0
Uttar Pradesh,Wheat,2023,10,2023-10-01,Divai APMC,2200.0
Uttar Pradesh,Wheat,2023,10,2023-10-01,Doharighat APMC,2365.0
Uttar Pradesh,Wheat,2023,10,2023-10-01,Etah APMC,2282.86
Uttar Pradesh,Wheat,2023,10,2023-10-01,Etawah APMC,2374.27
Uttar Pradesh,Wheat,2023,10,2023-10-01,Farukhabad APMC,2313.75
Uttar Pradesh,Wheat,2023,10,2023-10-01,Fatehabad APMC,2400.0
Uttar Pradesh,Wheat,2023,10,2023-10-01,Fatehpur APMC,2330.09
Uttar Pradesh,Wheat,2023,10,2023-10-01,Fatehpur Sikri APMC,2430.0
Uttar Pradesh,Wheat,2023,10,2023-10-01,Firozabad APMC,2408.89
Uttar Pradesh,Wheat,2023,10,2023-10-01,Gazipur APMC,2368.22
Uttar Pradesh,Wheat,2023,10,2023-10-01,Ghaziabad APMC,2378.25
Uttar Pradesh,Wheat,2023,10,2023-10-01,Ghiraur APMC,2302.46
Uttar Pradesh,Wheat,2023,10,2023-10-01,Golagokarnath APMC,2313.21
Uttar Pradesh,Wheat,2023,10,2023-10-01,Gonda APMC,2391.57
Uttar Pradesh,Wheat,2023,10,2023-10-01,Gopiganj APMC,2360.79
Uttar Pradesh,Wheat,2023,10,2023-10-01,Gorakhpur APMC,2369.51
Uttar Pradesh,Wheat,2023,10,2023-10-01,Gurusarai APMC,2409.45
Uttar Pradesh,Wheat,2023,10,2023-10-01,Haathras APMC,2357.45
Uttar Pradesh,Wheat,2023,10,2023-10-01,Hapur APMC,2342.83
Uttar Pradesh,Wheat,2023,10,2023-10-01,Hardoi APMC,2321.92
Uttar Pradesh,Wheat,2023,10,2023-10-01,Hargaon (Laharpur) APMC,2243.73
Uttar Pradesh,Wheat,2023,10,2023-10-01,Jafarganj APMC,2352.21
Uttar Pradesh,Wheat,2023,10,2023-10-01,Jagnair APMC,2248.96
Uttar Pradesh,Wheat,2023,10,2023-10-01,Jahanabad APMC,2164.44
Uttar Pradesh,Wheat,2023,10,2023-10-01,Jahangirabad APMC,2340.9
Uttar Pradesh,Wheat,2023,10,2023-10-01,Jalaun APMC,2318.68
Uttar Pradesh,Wheat,2023,10,2023-10-01,Jangipura APMC,
Uttar Pradesh,Wheat,2023,10,2023-10-01,Jasra APMC,2337.83
Uttar Pradesh,Wheat,2023,10,2023-10-01,Jaunpur APMC,2370.58
Uttar Pradesh,Wheat,2023,10,2023-10-01,Jayas APMC,2341.69
Uttar Pradesh,Wheat,2023,10,2023-10-01,Jhansi APMC,2399.08
Uttar Pradesh,Wheat,2023,10,2023-10-01,Jhijhank APMC,2342.49
Uttar Pradesh,Wheat,2023,10,2023-10-01,Kadaura APMC,
Uttar Pradesh,Wheat,2023,10,2023-10-01,Kalpi APMC,
Uttar Pradesh,Wheat,2023,10,2023-10-01,Kamlaganj APMC,
Uttar Pradesh,Wheat,2023,10,2023-10-01,Kannauj APMC,2345.87
Uttar Pradesh,Wheat,2023,10,2023-10-01,Kanpur(Grain) APMC,2422.68
Uttar Pradesh,Wheat,2023,10,2023-10-01,Karvi APMC,2330.47
Uttar Pradesh,Wheat,2023,10,2023-10-01,Kasganj APMC,2264.27
Uttar Pradesh,Wheat,2023,10,2023-10-01,Kayamganj APMC,2323.35
Uttar Pradesh,Wheat,2023,10,2023-10-01,Khaga APMC,2338.88
Uttar Pradesh,Wheat,2023,10,2023-10-01,Khair APMC,2341.9
Uttar Pradesh,Wheat,2023,10,2023-10-01,Khairagarh APMC,
Uttar Pradesh,Wheat,2023,10,2023-10-01,Khurja APMC,2378.3
Uttar Pradesh,Wheat,2023,10,2023-10-01,Kishunpur APMC,2288.18
Uttar Pradesh,Wheat,2023,10,2023-10-01,Konch APMC,2343.46
Uttar Pradesh,Wheat,2023,10,2023-10-01,Kopaganj APMC,
Uttar Pradesh,Wheat,2023,10,2023-10-01,Kosikalan APMC,2465.54
Uttar Pradesh,Wheat,2023,10,2023-10-01,Kurara APMC,2200.0
Uttar Pradesh,Wheat,2023,10,2023-10-01,Lakhimpur APMC,2316.49
Uttar Pradesh,Wheat,2023,10,2023-10-01,Lalganj APMC,2335.37
Uttar Pradesh,Wheat,2023,10,2023-10-01,Lalitpur APMC,2404.87
Uttar Pradesh,Wheat,2023,10,2023-10-01,Lucknow APMC,2359.45
Uttar Pradesh,Wheat,2023,10,2023-10-01,Madhoganj APMC,2322.83
Uttar Pradesh,Wheat,2023,10,2023-10-01,Madhogarh APMC,2326.74
Uttar Pradesh,Wheat,2023,10,2023-10-01,Mahoba APMC,2327.16
Uttar Pradesh,Wheat,2023,10,2023-10-01,Maigalganj APMC,
Uttar Pradesh,Wheat,2023,10,2023-10-01,Mainpuri APMC,2315.27
Uttar Pradesh,Wheat,2023,10,2023-10-01,Mathura APMC,2376.18
Uttar Pradesh,Wheat,2023,10,2023-10-01,Mau(Chitrakut) APMC,
Uttar Pradesh,Wheat,2023,10,2023-10-01,Maudaha APMC,2150.56
Uttar Pradesh,Wheat,2023,10,2023-10-01,Mauranipur APMC,2407.58
Uttar Pradesh,Wheat,2023,10,2023-10-01,Mawana APMC,
Uttar Pradesh,Wheat,2023,10,2023-10-01,Meerut APMC,2354.23
Uttar Pradesh,Wheat,2023,10,2023-10-01,Mehmoodabad APMC,2344.22
Uttar Pradesh,Wheat,2023,10,2023-10-01,Mehrauni APMC,2300.0
Uttar Pradesh,Wheat,2023,10,2023-10-01,Milak APMC,2353.47
Uttar Pradesh,Wheat,2023,10,2023-10-01,Mirzapur APMC,2377.08
Uttar Pradesh,Wheat,2023,10,2023-10-01,Mohamadabad APMC,2319.71
Uttar Pradesh,Wheat,2023,10,2023-10-01,Mohammdi APMC,2315.58
Uttar Pradesh,Wheat,2023,10,2023-10-01,Moth APMC,2388.61
Uttar Pradesh,Wheat,2023,10,2023-10-01,Mugrabaadshahpur APMC,2371.37
Uttar Pradesh,Wheat,2023,10,2023-10-01,Muradabad APMC,2336.19
Uttar Pradesh,Wheat,2023,10,2023-10-01,Muradnagar APMC,2400.0
Uttar Pradesh,Wheat,2023,10,2023-10-01,Muskara APMC,2367.71
Uttar Pradesh,Wheat,2023,10,2023-10-01,Muzzafarnagar APMC,2363.56
Uttar Pradesh,Wheat,2023,10,2023-10-01,Naanpara APMC,2375.39
Uttar Pradesh,Wheat,2023,10,2023-10-01,Najibabad APMC,
Uttar Pradesh,Wheat,2023,10,2023-10-01,Naugarh APMC,2345.13
Uttar Pradesh,Wheat,2023,10,2023-10-01,Nautnava APMC,2323.21
Uttar Pradesh,Wheat,2023,10,2023-10-01,Nawabganj APMC,2381.26
Uttar Pradesh,Wheat,2023,10,2023-10-01,Noida APMC,2343.32
Uttar Pradesh,Wheat,2023,10,2023-10-01,Orai APMC,2364.25
Uttar Pradesh,Wheat,2023,10,2023-10-01,Paliakala APMC,2263.21
Uttar Pradesh,Wheat,2023,10,2023-10-01,Panchpedwa APMC,2185.73
Uttar Pradesh,Wheat,2023,10,2023-10-01,Partaval APMC,2361.62
Uttar Pradesh,Wheat,2023,10,2023-10-01,Pilibhit APMC,2389.2
Uttar Pradesh,Wheat,2023,10,2023-10-01,Powayan APMC,2358.87
Uttar Pradesh,Wheat,2023,10,2023-10-01,Pratapgarh APMC,2389.2
Uttar Pradesh,Wheat,2023,10,2023-10-01,Prayagraj APMC,2304.38
Uttar Pradesh,Wheat,2023,10,2023-10-01,Pukharayan APMC,2356.37
Uttar Pradesh,Wheat,2023,10,2023-10-01,Puranpur APMC,2381.16
Uttar Pradesh,Wheat,2023,10,2023-10-01,Purwa APMC,2318.09
Uttar Pradesh,Wheat,2023,10,2023-10-01,Raath APMC,2345.17
Uttar Pradesh,Wheat,2023,10,2023-10-01,Raibareilly APMC,2327.81
Uttar Pradesh,Wheat,2023,10,2023-10-01,Rampur APMC,2352.38
Uttar Pradesh,Wheat,2023,10,2023-10-01,Rasda APMC,2356.29
Uttar Pradesh,Wheat,2023,10,2023-10-01,Richha APMC,
Uttar Pradesh,Wheat,2023,10,2023-10-01,Robertsganj APMC,2368.45
Uttar Pradesh,Wheat,2023,10,2023-10-01,Rura APMC,2261.98
Uttar Pradesh,Wheat,2023,10,2023-10-01,Safdarganj APMC,2314.93
Uttar Pradesh,Wheat,2023,10,2023-10-01,Saharanpur APMC,2370.36
Uttar Pradesh,Wheat,2023,10,2023-10-01,Sahiyapur APMC,2251.72
Uttar Pradesh,Wheat,2023,10,2023-10-01,Salon APMC,2305.85
Uttar Pradesh,Wheat,2023,10,2023-10-01,Samsabad APMC,2386.05
Uttar Pradesh,Wheat,2023,10,2023-10-01,Sandi APMC,2320.99
Uttar Pradesh,Wheat,2023,10,2023-10-01,Sandila APMC,2330.06
Uttar Pradesh,Wheat,2023,10,2023-10-01,Sehjanwa APMC,
Uttar Pradesh,Wheat,2023,10,2023-10-01,Shahabad APMC,2250.0
Uttar Pradesh,Wheat,2023,10,2023-10-01,Shahabad(New Mandi) APMC,2326.03
Uttar Pradesh,Wheat,2023,10,2023-10-01,Shahaswan APMC,2400.0
Uttar Pradesh,Wheat,2023,10,2023-10-01,Shahganj APMC,2351.15
Uttar Pradesh,Wheat,2023,10,2023-10-01,Shahjahanpur APMC,2322.19
Uttar Pradesh,Wheat,2023,10,2023-10-01,Shahpur APMC,2140.0
Uttar Pradesh,Wheat,2023,10,2023-10-01,Shamli APMC,2372.23
Uttar Pradesh,Wheat,2023,10,2023-10-01,Shikohabad APMC,2335.32
Uttar Pradesh,Wheat,2023,10,2023-10-01,Sikandraraau APMC,2325.06
Uttar Pradesh,Wheat,2023,10,2023-10-01,Sikarpur APMC,
Uttar Pradesh,Wheat,2023,10,2023-10-01,Sirsa APMC,
Uttar Pradesh,Wheat,2023,10,2023-10-01,Sirsaganj APMC,2385.0
Uttar Pradesh,Wheat,2023,10,2023-10-01,Sitapur APMC,2360.98
Uttar Pradesh,Wheat,2023,10,2023-10-01,Siyana APMC,2293.02
Uttar Pradesh,Wheat,2023,10,2023-10-01,Sultanpur APMC,2351.11
Uttar Pradesh,Wheat,2023,10,2023-10-01,Tamkuhi road APMC,2330.93
Uttar Pradesh,Wheat,2023,10,2023-10-01,Thanabhawan APMC,
Uttar Pradesh,Wheat,2023,10,2023-10-01,Tikonia APMC,2235.28
Uttar Pradesh,Wheat,2023,10,2023-10-01,Tulsipur APMC,2337.22
Uttar Pradesh,Wheat,2023,10,2023-10-01,Tundla APMC,2419.14
Uttar Pradesh,Wheat,2023,10,2023-10-01,Ujhani APMC,2362.88
Uttar Pradesh,Wheat,2023,10,2023-10-01,Unnao APMC,2326.88
Uttar Pradesh,Wheat,2023,10,2023-10-01,Uttaripura APMC,2368.83
Uttar Pradesh,Wheat,2023,10,2023-10-01,Varanasi APMC,2377.48
Uttar Pradesh,Wheat,2023,10,2023-10-01,Viswan APMC,2323.37
Uttar Pradesh,Wheat,2023,10,2023-10-01,Wazirganj APMC,2374.48
Uttar Pradesh,Wheat,2023,10,2023-10-01,Note:,
Uttar Pradesh,Wheat,2023,10,2023-10-01,Weighted Average Price = ∑(arrival quantity * modal price) / ∑arrival quantity,
Uttar Pradesh,Wheat,2023,10,2023-10-01,Change (Over Previous Month) = [Price - Price(Over Previous Month)/Price(Over Previous Month)] * 100,
Uttar Pradesh,Wheat,2023,10,2023-10-01,Change (Over Previous Year) = [Price - Price(Over Previous Year)/Price(Over Previous Year)] * 100,
Uttar Pradesh,Wheat,2023,11,2023-11-01,Achalda APMC,2506.33
Uttar Pradesh,Wheat,2023,11,2023-11-01,Achnera APMC,2534.73
Uttar Pradesh,Wheat,2023,11,2023-11-01,Agra APMC,2546.12
Uttar Pradesh,Wheat,2023,11,2023-11-01,Ahirora APMC,2389.35
Uttar Pradesh,Wheat,2023,11,2023-11-01,Ait APMC,2561.9
Uttar Pradesh,Wheat,2023,11,2023-11-01,Ajuha APMC,2447.47
Uttar Pradesh,Wheat,2023,11,2023-11-01,Akbarpur APMC,2486.09
Uttar Pradesh,Wheat,2023,11,2023-11-01,Aliganj APMC,2445.81
Uttar Pradesh,Wheat,2023,11,2023-11-01,Aligarh APMC,2503.11
Uttar Pradesh,Wheat,2023,11,2023-11-01,Amroha APMC,2423.86
Uttar Pradesh,Wheat,2023,11,2023-11-01,Anandnagar APMC,2346.61
Uttar Pradesh,Wheat,2023,11,2023-11-01,Atarra APMC,2372.09
Uttar Pradesh,Wheat,2023,11,2023-11-01,Atrauli APMC,
Uttar Pradesh,Wheat,2023,11,2023-11-01,Auraiya APMC,2507.1
Uttar Pradesh,Wheat,2023,11,2023-11-01,Awagarh APMC,
Uttar Pradesh,Wheat,2023,11,2023-11-01,Ayodhya APMC,2482.67
Uttar Pradesh,Wheat,2023,11,2023-11-01,Azamgarh APMC,2382.89
Uttar Pradesh,Wheat,2023,11,2023-11-01,Baberu APMC,2159.09
Uttar Pradesh,Wheat,2023,11,2023-11-01,Babrala APMC,2458.0
Uttar Pradesh,Wheat,2023,11,2023-11-01,Bachranwa APMC,2367.39
Uttar Pradesh,Wheat,2023,11,2023-11-01,Badayoun APMC,2502.96
Uttar Pradesh,Wheat,2023,11,2023-11-01,Bahraich APMC,2486.52
Uttar Pradesh,Wheat,2023,11,2023-11-01,Ballia APMC,2381.23
Uttar Pradesh,Wheat,2023,11,2023-11-01,Balrampur APMC,2479.59
Uttar Pradesh,Wheat,2023,11,2023-11-01,Banda APMC,2446.8
Uttar Pradesh,Wheat,2023,11,2023-11-01,Bangarmau APMC,2400.31
Uttar Pradesh,Wheat,2023,11,2023-11-01,Bansi APMC,
Uttar Pradesh,Wheat,2023,11,2023-11-01,Banthara APMC,2543.26
Uttar Pradesh,Wheat,2023,11,2023-11-01,Barabanki APMC,2492.86
Uttar Pradesh,Wheat,2023,11,2023-11-01,Bareilly APMC,2380.08
Uttar Pradesh,Wheat,2023,11,2023-11-01,Barhaj APMC,
Uttar Pradesh,Wheat,2023,11,2023-11-01,Baripaal APMC,2370.47
Uttar Pradesh,Wheat,2023,11,2023-11-01,Basti APMC,2367.8
Uttar Pradesh,Wheat,2023,11,2023-11-01,Bewar APMC,2241.8
Uttar Pradesh,Wheat,2023,11,2023-11-01,Bharthna APMC,2564.39
Uttar Pradesh,Wheat,2023,11,2023-11-01,Bharuasumerpur APMC,2501.55
Uttar Pradesh,Wheat,2023,11,2023-11-01,Bharwari APMC,2445.05
Uttar Pradesh,Wheat,2023,11,2023-11-01,Bhehjoi APMC,2550.0
Uttar Pradesh,Wheat,2023,11,2023-11-01,Bijnaur APMC,2399.34
Uttar Pradesh,Wheat,2023,11,2023-11-01,Bilsi APMC,
Uttar Pradesh,Wheat,2023,11,2023-11-01,Bindki APMC,2481.17
Uttar Pradesh,Wheat,2023,11,2023-11-01,Bishalpur APMC,2476.89
Uttar Pradesh,Wheat,2023,11,2023-11-01,Bisoli APMC,2466.42
Uttar Pradesh,Wheat,2023,11,2023-11-01,Buland Shahr APMC,2456.09
Uttar Pradesh,Wheat,2023,11,2023-11-01,Chandausi APMC,2415.74
Uttar Pradesh,Wheat,2023,11,2023-11-01,Chandoli APMC,2381.68
Uttar Pradesh,Wheat,2023,11,2023-11-01,Charkhari APMC,2402.1
Uttar Pradesh,Wheat,2023,11,2023-11-01,Charra APMC,2483.07
Uttar Pradesh,Wheat,2023,11,2023-11-01,Chhibramau APMC,2212.91
Uttar Pradesh,Wheat,2023,11,2023-11-01,Chirgaon APMC,
Uttar Pradesh,Wheat,2023,11,2023-11-01,Chorichora APMC,
Uttar Pradesh,Wheat,2023,11,2023-11-01,Choubepur APMC,2521.53
Uttar Pradesh,Wheat,2023,11,2023-11-01,Colonelganj APMC,2500.0
Uttar Pradesh,Wheat,2023,11,2023-11-01,DADRI APMC,2500.6
Uttar Pradesh,Wheat,2023,11,2023-11-01,Dankaur APMC,2448.35
Uttar Pradesh,Wheat,2023,11,2023-11-01,Dataganj APMC,
Uttar Pradesh,Wheat,2023,11,2023-11-01,Devariya APMC,2361.91
Uttar Pradesh,Wheat,2023,11,2023-11-01,Dhanaura APMC,2133.74
Uttar Pradesh,Wheat,2023,11,2023-11-01,Dibiapur APMC,2450.0
Uttar Pradesh,Wheat,2023,11,2023-11-01,Divai APMC,
Uttar Pradesh,Wheat,2023,11,2023-11-01,Doharighat APMC,2390.0
Uttar Pradesh,Wheat,2023,11,2023-11-01,Etah APMC,2433.88
Uttar Pradesh,Wheat,2023,11,2023-11-01,Etawah APMC,2565.39
Uttar Pradesh,Wheat,2023,11,2023-11-01,Farukhabad APMC,2538.76
Uttar Pradesh,Wheat,2023,11,2023-11-01,Fatehabad APMC,2550.0
Uttar Pradesh,Wheat,2023,11,2023-11-01,Fatehpur APMC,2435.28
Uttar Pradesh,Wheat,2023,11,2023-11-01,Fatehpur Sikri APMC,2545.0
Uttar Pradesh,Wheat,2023,11,2023-11-01,Firozabad APMC,2552.73
Uttar Pradesh,Wheat,2023,11,2023-11-01,Gazipur APMC,2387.27
Uttar Pradesh,Wheat,2023,11,2023-11-01,Ghaziabad APMC,2500.75
Uttar Pradesh,Wheat,2023,11,2023-11-01,Ghiraur APMC,2384.32
Uttar Pradesh,Wheat,2023,11,2023-11-01,Golagokarnath APMC,2361.58
Uttar Pradesh,Wheat,2023,11,2023-11-01,Gonda APMC,2516.09
Uttar Pradesh,Wheat,2023,11,2023-11-01,Gopiganj APMC,2375.12
Uttar Pradesh,Wheat,2023,11,2023-11-01,Gorakhpur APMC,2360.32
Uttar Pradesh,Wheat,2023,11,2023-11-01,Gurusarai APMC,2452.14
Uttar Pradesh,Wheat,2023,11,2023-11-01,Haathras APMC,2451.39
Uttar Pradesh,Wheat,2023,11,2023-11-01,Hapur APMC,2485.57
Uttar Pradesh,Wheat,2023,11,2023-11-01,Hardoi APMC,2419.57
Uttar Pradesh,Wheat,2023,11,2023-11-01,Hargaon (Laharpur) APMC,2277.12
Uttar Pradesh,Wheat,2023,11,2023-11-01,Jafarganj APMC,2489.33
Uttar Pradesh,Wheat,2023,11,2023-11-01,Jagnair APMC,2324.64
Uttar Pradesh,Wheat,2023,11,2023-11-01,Jahanabad APMC,2168.8
Uttar Pradesh,Wheat,2023,11,2023-11-01,Jahangirabad APMC,2484.07
Uttar Pradesh,Wheat,2023,11,2023-11-01,Jalaun APMC,2431.28
Uttar Pradesh,Wheat,2023,11,2023-11-01,Jamanian APMC,
Uttar Pradesh,Wheat,2023,11,2023-11-01,Jangipura APMC,
Uttar Pradesh,Wheat,2023,11,2023-11-01,Jasra APMC,2500.0
Uttar Pradesh,Wheat,2023,11,2023-11-01,Jaunpur APMC,2388.67
Uttar Pradesh,Wheat,2023,11,2023-11-01,Jayas APMC,2484.67
Uttar Pradesh,Wheat,2023,11,2023-11-01,Jhansi APMC,2407.66
Uttar Pradesh,Wheat,2023,11,2023-11-01,Jhijhank APMC,2464.83
Uttar Pradesh,Wheat,2023,11,2023-11-01,Kadaura APMC,2383.96
Uttar Pradesh,Wheat,2023,11,2023-11-01,Kalpi APMC,
Uttar Pradesh,Wheat,2023,11,2023-11-01,Kamlaganj APMC,
Uttar Pradesh,Wheat,2023,11,2023-11-01,Kannauj APMC,2511.34
Uttar Pradesh,Wheat,2023,11,2023-11-01,Kanpur(Grain) APMC,2580.27
Uttar Pradesh,Wheat,2023,11,2023-11-01,Karvi APMC,2441.83
Uttar Pradesh,Wheat,2023,11,2023-11-01,Kasganj APMC,2411.24
Uttar Pradesh,Wheat,2023,11,2023-11-01,Kayamganj APMC,2545.09
Uttar Pradesh,Wheat,2023,11,2023-11-01,Khaga APMC,2434.6
Uttar Pradesh,Wheat,2023,11,2023-11-01,Khair APMC,2493.96
Uttar Pradesh,Wheat,2023,11,2023-11-01,Khairagarh APMC,
Uttar Pradesh,Wheat,2023,11,2023-11-01,Khurja APMC,2476.39
Uttar Pradesh,Wheat,2023,11,2023-11-01,Kishunpur APMC,2448.77
Uttar Pradesh,Wheat,2023,11,2023-11-01,Konch APMC,2458.84
Uttar Pradesh,Wheat,2023,11,2023-11-01,Kopaganj APMC,2390.0
Uttar Pradesh,Wheat,2023,11,2023-11-01,Kosikalan APMC,2472.38
Uttar Pradesh,Wheat,2023,11,2023-11-01,Kurara APMC,2334.77
Uttar Pradesh,Wheat,2023,11,2023-11-01,Lakhimpur APMC,2378.14
Uttar Pradesh,Wheat,2023,11,2023-11-01,Lalganj APMC,2457.11
Uttar Pradesh,Wheat,2023,11,2023-11-01,Lalitpur APMC,2412.64
Uttar Pradesh,Wheat,2023,11,2023-11-01,Lucknow APMC,2441.84
Uttar Pradesh,Wheat,2023,11,2023-11-01,Madhoganj APMC,2416.58
Uttar Pradesh,Wheat,2023,11,2023-11-01,Madhogarh APMC,2454.24
Uttar Pradesh,Wheat,2023,11,2023-11-01,Mahoba APMC,2515.32
Uttar Pradesh,Wheat,2023,11,2023-11-01,Maigalganj APMC,
Uttar Pradesh,Wheat,2023,11,2023-11-01,Mainpuri APMC,2366.69
Uttar Pradesh,Wheat,2023,11,2023-11-01,Mathura APMC,2540.8
Uttar Pradesh,Wheat,2023,11,2023-11-01,Mau(Chitrakut) APMC,
Uttar Pradesh,Wheat,2023,11,2023-11-01,Maudaha APMC,2276.5
Uttar Pradesh,Wheat,2023,11,2023-11-01,Mauranipur APMC,2438.42
Uttar Pradesh,Wheat,2023,11,2023-11-01,Mawana APMC,
Uttar Pradesh,Wheat,2023,11,2023-11-01,Meerut APMC,2504.34
Uttar Pradesh,Wheat,2023,11,2023-11-01,Mehmoodabad APMC,2309.88
Uttar Pradesh,Wheat,2023,11,2023-11-01,Mehrauni APMC,2442.69
Uttar Pradesh,Wheat,2023,11,2023-11-01,Milak APMC,2387.57
Uttar Pradesh,Wheat,2023,11,2023-11-01,Mirzapur APMC,2392.19
Uttar Pradesh,Wheat,2023,11,2023-11-01,Mohamadabad APMC,2523.35
Uttar Pradesh,Wheat,2023,11,2023-11-01,Mohammdi APMC,2385.96
Uttar Pradesh,Wheat,2023,11,2023-11-01,Moth APMC,2415.86
Uttar Pradesh,Wheat,2023,11,2023-11-01,Mugrabaadshahpur APMC,2388.82
Uttar Pradesh,Wheat,2023,11,2023-11-01,Muradabad APMC,2398.35
Uttar Pradesh,Wheat,2023,11,2023-11-01,Muradnagar APMC,2540.0
Uttar Pradesh,Wheat,2023,11,2023-11-01,Muskara APMC,2447.38
Uttar Pradesh,Wheat,2023,11,2023-11-01,Muzzafarnagar APMC,2521.4
Uttar Pradesh,Wheat,2023,11,2023-11-01,Naanpara APMC,2459.81
Uttar Pradesh,Wheat,2023,11,2023-11-01,Najibabad APMC,
Uttar Pradesh,Wheat,2023,11,2023-11-01,Naugarh APMC,2357.24
Uttar Pradesh,Wheat,2023,11,2023-11-01,Nautnava APMC,2474.59
Uttar Pradesh,Wheat,2023,11,2023-11-01,Nawabganj APMC,2481.59
Uttar Pradesh,Wheat,2023,11,2023-11-01,Noida APMC,
Uttar Pradesh,Wheat,2023,11,2023-11-01,Orai APMC,2490.28
Uttar Pradesh,Wheat,2023,11,2023-11-01,Paliakala APMC,2279.01
Uttar Pradesh,Wheat,2023,11,2023-11-01,Panchpedwa APMC,2579.27
Uttar Pradesh,Wheat,2023,11,2023-11-01,Partaval APMC,2359.25
Uttar Pradesh,Wheat,2023,11,2023-11-01,Pilibhit APMC,2471.06
Uttar Pradesh,Wheat,2023,11,2023-11-01,Powayan APMC,2429.5
Uttar Pradesh,Wheat,2023,11,2023-11-01,Pratapgarh APMC,2457.03
Uttar Pradesh,Wheat,2023,11,2023-11-01,Prayagraj APMC,2411.32
Uttar Pradesh,Wheat,2023,11,2023-11-01,Pukharayan APMC,2410.84
Uttar Pradesh,Wheat,2023,11,2023-11-01,Puranpur APMC,2483.54
Uttar Pradesh,Wheat,2023,11,2023-11-01,Purwa APMC,
Uttar Pradesh,Wheat,2023,11,2023-11-01,Raath APMC,
Uttar Pradesh,Wheat,2023,11,2023-11-01,Raibareilly APMC,2446.82
Uttar Pradesh,Wheat,2023,11,2023-11-01,Rampur APMC,2379.2
Uttar Pradesh,Wheat,2023,11,2023-11-01,Rasda APMC,2365.73
Uttar Pradesh,Wheat,2023,11,2023-11-01,Robertsganj APMC,2384.7
Uttar Pradesh,Wheat,2023,11,2023-11-01,Rura APMC,2290.61
Uttar Pradesh,Wheat,2023,11,2023-11-01,Safdarganj APMC,2468.09
Uttar Pradesh,Wheat,2023,11,2023-11-01,Saharanpur APMC,2507.56
Uttar Pradesh,Wheat,2023,11,2023-11-01,Sahiyapur APMC,2181.78
Uttar Pradesh,Wheat,2023,11,2023-11-01,Salon APMC,2394.33
Uttar Pradesh,Wheat,2023,11,2023-11-01,Samsabad APMC,2500.0
Uttar Pradesh,Wheat,2023,11,2023-11-01,Sandi APMC,2413.8
Uttar Pradesh,Wheat,2023,11,2023-11-01,Sandila APMC,2419.54
Uttar Pradesh,Wheat,2023,11,2023-11-01,Sehjanwa APMC,
Uttar Pradesh,Wheat,2023,11,2023-11-01,Shahabad APMC,2450.0
Uttar Pradesh,Wheat,2023,11,2023-11-01,Shahabad(New Mandi) APMC,2379.58
Uttar Pradesh,Wheat,2023,11,2023-11-01,Shahaswan APMC,
Uttar Pradesh,Wheat,2023,11,2023-11-01,Shahganj APMC,2388.4
Uttar Pradesh,Wheat,2023,11,2023-11-01,Shahjahanpur APMC,2408.02
Uttar Pradesh,Wheat,2023,11,2023-11-01,Shahpur APMC,2140.0
Uttar Pradesh,Wheat,2023,11,2023-11-01,Shamli APMC,2477.83
Uttar Pradesh,Wheat,2023,11,2023-11-01,Shikohabad APMC,
Uttar Pradesh,Wheat,2023,11,2023-11-01,Sikandraraau APMC,2425.32
Uttar Pradesh,Wheat,2023,11,2023-11-01,Sikarpur APMC,
Uttar Pradesh,Wheat,2023,11,2023-11-01,Sirsa APMC,
Uttar Pradesh,Wheat,2023,11,2023-11-01,Sirsaganj APMC,
Uttar Pradesh,Wheat,2023,11,2023-11-01,Sitapur APMC,2428.89
Uttar Pradesh,Wheat,2023,11,2023-11-01,Siyana APMC,2294.25
Uttar Pradesh,Wheat,2023,11,2023-11-01,Sultanpur APMC,2490.82
Uttar Pradesh,Wheat,2023,11,2023-11-01,Tamkuhi road APMC,2334.64
Uttar Pradesh,Wheat,2023,11,2023-11-01,Thanabhawan APMC,2400.0
Uttar Pradesh,Wheat,2023,11,2023-11-01,Tikonia APMC,2490.17
Uttar Pradesh,Wheat,2023,11,2023-11-01,Tulsipur APMC,2662.78
Uttar Pradesh,Wheat,2023,11,2023-11-01,Tundla APMC,2562.79
Uttar Pradesh,Wheat,2023,11,2023-11-01,Ujhani APMC,2505.83
Uttar Pradesh,Wheat,2023,11,2023-11-01,Unnao APMC,2435.26
Uttar Pradesh,Wheat,2023,11,2023-11-01,Uttaripura APMC,2524.34
Uttar Pradesh,Wheat,2023,11,2023-11-01,Varanasi APMC,2390.83
Uttar Pradesh,Wheat,2023,11,2023-11-01,Viswan APMC,2404.35
Uttar Pradesh,Wheat,2023,11,2023-11-01,Wazirganj APMC,2470.51
Uttar Pradesh,Wheat,2023,11,2023-11-01,Yusufpur APMC,
Uttar Pradesh,Wheat,2023,11,2023-11-01,Note:,
Uttar Pradesh,Wheat,2023,11,2023-11-01,Weighted Average Price = ∑(arrival quantity * modal price) / ∑arrival quantity,
Uttar Pradesh,Wheat,2023,11,2023-11-01,Change (Over Previous Month) = [Price - Price(Over Previous Month)/Price(Over Previous Month)] * 100,
Uttar Pradesh,Wheat,2023,11,2023-11-01,Change (Over Previous Year) = [Price - Price(Over Previous Year)/Price(Over Previous Year)] * 100,
Uttar Pradesh,Wheat,2023,12,2023-12-01,Achalda APMC,2479.93
Uttar Pradesh,Wheat,2023,12,2023-12-01,Achnera APMC,2564.57
Uttar Pradesh,Wheat,2023,12,2023-12-01,Agra APMC,2569.51
Uttar Pradesh,Wheat,2023,12,2023-12-01,Ahirora APMC,2478.56
Uttar Pradesh,Wheat,2023,12,2023-12-01,Ait APMC,2488.76
Uttar Pradesh,Wheat,2023,12,2023-12-01,Ajuha APMC,2464.35
Uttar Pradesh,Wheat,2023,12,2023-12-01,Akbarpur APMC,2498.09
Uttar Pradesh,Wheat,2023,12,2023-12-01,Aliganj APMC,2408.53
Uttar Pradesh,Wheat,2023,12,2023-12-01,Aligarh APMC,2460.5
Uttar Pradesh,Wheat,2023,12,2023-12-01,Amroha APMC,2490.79
Uttar Pradesh,Wheat,2023,12,2023-12-01,Anandnagar APMC,2436.8
Uttar Pradesh,Wheat,2023,12,2023-12-01,Atarra APMC,2381.11
Uttar Pradesh,Wheat,2023,12,2023-12-01,Auraiya APMC,2481.13
Uttar Pradesh,Wheat,2023,12,2023-12-01,Ayodhya APMC,2497.64
Uttar Pradesh,Wheat,2023,12,2023-12-01,Azamgarh APMC,2471.39
Uttar Pradesh,Wheat,2023,12,2023-12-01,Baberu APMC,2189.66
Uttar Pradesh,Wheat,2023,12,2023-12-01,Babrala APMC,
Uttar Pradesh,Wheat,2023,12,2023-12-01,Bachranwa APMC,2490.2
Uttar Pradesh,Wheat,2023,12,2023-12-01,Badayoun APMC,2520.88
Uttar Pradesh,Wheat,2023,12,2023-12-01,Bahraich APMC,2491.49
Uttar Pradesh,Wheat,2023,12,2023-12-01,Ballia APMC,2466.66
Uttar Pradesh,Wheat,2023,12,2023-12-01,Balrampur APMC,2451.34
Uttar Pradesh,Wheat,2023,12,2023-12-01,Banda APMC,2398.5
Uttar Pradesh,Wheat,2023,12,2023-12-01,Bangarmau APMC,2469.18
Uttar Pradesh,Wheat,2023,12,2023-12-01,Bansi APMC,2480.0
Uttar Pradesh,Wheat,2023,12,2023-12-01,Banthara APMC,2551.06
Uttar Pradesh,Wheat,2023,12,2023-12-01,Barabanki APMC,2522.8
Uttar Pradesh,Wheat,2023,12,2023-12-01,Bareilly APMC,2466.05
Uttar Pradesh,Wheat,2023,12,2023-12-01,Barhaj APMC,2448.06
Uttar Pradesh,Wheat,2023,12,2023-12-01,Baripaal APMC,2357.62
Uttar Pradesh,Wheat,2023,12,2023-12-01,Basti APMC,2460.53
Uttar Pradesh,Wheat,2023,12,2023-12-01,Bewar APMC,
Uttar Pradesh,Wheat,2023,12,2023-12-01,Bharthna APMC,2460.38
Uttar Pradesh,Wheat,2023,12,2023-12-01,Bharuasumerpur APMC,2429.14
Uttar Pradesh,Wheat,2023,12,2023-12-01,Bharwari APMC,2449.93
Uttar Pradesh,Wheat,2023,12,2023-12-01,Bhehjoi APMC,
Uttar Pradesh,Wheat,2023,12,2023-12-01,Bijnaur APMC,2488.75
Uttar Pradesh,Wheat,2023,12,2023-12-01,Bilsi APMC,
Uttar Pradesh,Wheat,2023,12,2023-12-01,Bindki APMC,2472.47
Uttar Pradesh,Wheat,2023,12,2023-12-01,Bishalpur APMC,2504.41
Uttar Pradesh,Wheat,2023,12,2023-12-01,Bisoli APMC,2400.0
Uttar Pradesh,Wheat,2023,12,2023-12-01,Buland Shahr APMC,2456.1
Uttar Pradesh,Wheat,2023,12,2023-12-01,Chandausi APMC,2485.0
Uttar Pradesh,Wheat,2023,12,2023-12-01,Chandoli APMC,2466.53
Uttar Pradesh,Wheat,2023,12,2023-12-01,Charkhari APMC,2408.5
Uttar Pradesh,Wheat,2023,12,2023-12-01,Charra APMC,2446.69
Uttar Pradesh,Wheat,2023,12,2023-12-01,Chhibramau APMC,2252.68
Uttar Pradesh,Wheat,2023,12,2023-12-01,Chirgaon APMC,2311.97
Uttar Pradesh,Wheat,2023,12,2023-12-01,Chorichora APMC,
Uttar Pradesh,Wheat,2023,12,2023-12-01,Choubepur APMC,2555.82
Uttar Pradesh,Wheat,2023,12,2023-12-01,Colonelganj APMC,2400.0
Uttar Pradesh,Wheat,2023,12,2023-12-01,DADRI APMC,2506.75
Uttar Pradesh,Wheat,2023,12,2023-12-01,Dankaur APMC,2475.49
Uttar Pradesh,Wheat,2023,12,2023-12-01,Devariya APMC,2449.71
Uttar Pradesh,Wheat,2023,12,2023-12-01,Dhanaura APMC,2134.79
Uttar Pradesh,Wheat,2023,12,2023-12-01,Dibiapur APMC,
Uttar Pradesh,Wheat,2023,12,2023-12-01,Divai APMC,
Uttar Pradesh,Wheat,2023,12,2023-12-01,Doharighat APMC,2510.0
Uttar Pradesh,Wheat,2023,12,2023-12-01,Etah APMC,2412.57
Uttar Pradesh,Wheat,2023,12,2023-12-01,Etawah APMC,2484.57
Uttar Pradesh,Wheat,2023,12,2023-12-01,Farukhabad APMC,2485.69
Uttar Pradesh,Wheat,2023,12,2023-12-01,Fatehabad APMC,
Uttar Pradesh,Wheat,2023,12,2023-12-01,Fatehpur APMC,2423.68
Uttar Pradesh,Wheat,2023,12,2023-12-01,Fatehpur Sikri APMC,
Uttar Pradesh,Wheat,2023,12,2023-12-01,Firozabad APMC,2595.19
Uttar Pradesh,Wheat,2023,12,2023-12-01,Gazipur APMC,2469.28
Uttar Pradesh,Wheat,2023,12,2023-12-01,Ghaziabad APMC,2534.89
Uttar Pradesh,Wheat,2023,12,2023-12-01,Ghiraur APMC,2377.87
Uttar Pradesh,Wheat,2023,12,2023-12-01,Golagokarnath APMC,2446.65
Uttar Pradesh,Wheat,2023,12,2023-12-01,Gonda APMC,2511.55
Uttar Pradesh,Wheat,2023,12,2023-12-01,Gopiganj APMC,2444.54
Uttar Pradesh,Wheat,2023,12,2023-12-01,Gorakhpur APMC,2452.69
Uttar Pradesh,Wheat,2023,12,2023-12-01,Gurusarai APMC,2430.5
Uttar Pradesh,Wheat,2023,12,2023-12-01,Haathras APMC,2520.32
Uttar Pradesh,Wheat,2023,12,2023-12-01,Haldaur APMC,
Uttar Pradesh,Wheat,2023,12,2023-12-01,Hapur APMC,2520.24
Uttar Pradesh,Wheat,2023,12,2023-12-01,Hardoi APMC,2437.9
Uttar Pradesh,Wheat,2023,12,2023-12-01,Hargaon (Laharpur) APMC,2331.21
Uttar Pradesh,Wheat,2023,12,2023-12-01,Jafarganj APMC,2491.88
Uttar Pradesh,Wheat,2023,12,2023-12-01,Jagnair APMC,2313.62
Uttar Pradesh,Wheat,2023,12,2023-12-01,Jahanabad APMC,2160.26
Uttar Pradesh,Wheat,2023,12,2023-12-01,Jahangirabad APMC,2461.55
Uttar Pradesh,Wheat,2023,12,2023-12-01,Jalaun APMC,2387.37
Uttar Pradesh,Wheat,2023,12,2023-12-01,Jamanian APMC,
Uttar Pradesh,Wheat,2023,12,2023-12-01,Jangipura APMC,2500.0
Uttar Pradesh,Wheat,2023,12,2023-12-01,Jasra APMC,2440.0
Uttar Pradesh,Wheat,2023,12,2023-12-01,Jaunpur APMC,2491.64
Uttar Pradesh,Wheat,2023,12,2023-12-01,Jayas APMC,2467.57
Uttar Pradesh,Wheat,2023,12,2023-12-01,Jhansi APMC,2378.37
Uttar Pradesh,Wheat,2023,12,2023-12-01,Jhijhank APMC,2481.36
Uttar Pradesh,Wheat,2023,12,2023-12-01,Kadaura APMC,
Uttar Pradesh,Wheat,2023,12,2023-12-01,Kamlaganj APMC,
Uttar Pradesh,Wheat,2023,12,2023-12-01,Kannauj APMC,2493.77
Uttar Pradesh,Wheat,2023,12,2023-12-01,Kanpur(Grain) APMC,2523.13
Uttar Pradesh,Wheat,2023,12,2023-12-01,Karvi APMC,2409.82
Uttar Pradesh,Wheat,2023,12,2023-12-01,Kasganj APMC,2442.85
Uttar Pradesh,Wheat,2023,12,2023-12-01,Kayamganj APMC,2513.68
Uttar Pradesh,Wheat,2023,12,2023-12-01,Khaga APMC,2451.58
Uttar Pradesh,Wheat,2023,12,2023-12-01,Khair APMC,2476.07
Uttar Pradesh,Wheat,2023,12,2023-12-01,Khairagarh APMC,
Uttar Pradesh,Wheat,2023,12,2023-12-01,Khurja APMC,2458.35
Uttar Pradesh,Wheat,2023,12,2023-12-01,Kishunpur APMC,2407.93
Uttar Pradesh,Wheat,2023,12,2023-12-01,Konch APMC,2425.69
Uttar Pradesh,Wheat,2023,12,2023-12-01,Kopaganj APMC,
Uttar Pradesh,Wheat,2023,12,2023-12-01,Kosikalan APMC,2520.32
Uttar Pradesh,Wheat,2023,12,2023-12-01,Kurara APMC,2415.54
Uttar Pradesh,Wheat,2023,12,2023-12-01,Lakhimpur APMC,2444.93
Uttar Pradesh,Wheat,2023,12,2023-12-01,Lalganj APMC,2422.76
Uttar Pradesh,Wheat,2023,12,2023-12-01,Lalitpur APMC,2451.89
Uttar Pradesh,Wheat,2023,12,2023-12-01,Lucknow APMC,2537.82
Uttar Pradesh,Wheat,2023,12,2023-12-01,Madhoganj APMC,2443.39
Uttar Pradesh,Wheat,2023,12,2023-12-01,Madhogarh APMC,2386.85
Uttar Pradesh,Wheat,2023,12,2023-12-01,Mahoba APMC,2451.5
Uttar Pradesh,Wheat,2023,12,2023-12-01,Maigalganj APMC,
Uttar Pradesh,Wheat,2023,12,2023-12-01,Mainpuri APMC,2364.06
Uttar Pradesh,Wheat,2023,12,2023-12-01,Mathura APMC,2521.03
Uttar Pradesh,Wheat,2023,12,2023-12-01,Mau(Chitrakut) APMC,
Uttar Pradesh,Wheat,2023,12,2023-12-01,Maudaha APMC,2322.46
Uttar Pradesh,Wheat,2023,12,2023-12-01,Mauranipur APMC,2388.09
Uttar Pradesh,Wheat,2023,12,2023-12-01,Meerut APMC,2521.18
Uttar Pradesh,Wheat,2023,12,2023-12-01,Mehmoodabad APMC,2432.5
Uttar Pradesh,Wheat,2023,12,2023-12-01,Mehrauni APMC,2365.8
Uttar Pradesh,Wheat,2023,12,2023-12-01,Milak APMC,2503.51
Uttar Pradesh,Wheat,2023,12,2023-12-01,Mirzapur APMC,2491.47
Uttar Pradesh,Wheat,2023,12,2023-12-01,Mohamadabad APMC,2522.8
Uttar Pradesh,Wheat,2023,12,2023-12-01,Mohammdi APMC,2454.15
Uttar Pradesh,Wheat,2023,12,2023-12-01,Moth APMC,2367.38
Uttar Pradesh,Wheat,2023,12,2023-12-01,Mugrabaadshahpur APMC,2490.93
Uttar Pradesh,Wheat,2023,12,2023-12-01,Muradabad APMC,2495.15
Uttar Pradesh,Wheat,2023,12,2023-12-01,Muradnagar APMC,2480.0
Uttar Pradesh,Wheat,2023,12,2023-12-01,Muskara APMC,2422.52
Uttar Pradesh,Wheat,2023,12,2023-12-01,Muzzafarnagar APMC,2550.3
Uttar Pradesh,Wheat,2023,12,2023-12-01,Naanpara APMC,2471.26
Uttar Pradesh,Wheat,2023,12,2023-12-01,Najibabad APMC,
Uttar Pradesh,Wheat,2023,12,2023-12-01,Naugarh APMC,2439.12
Uttar Pradesh,Wheat,2023,12,2023-12-01,Nautnava APMC,2528.26
Uttar Pradesh,Wheat,2023,12,2023-12-01,Nawabganj APMC,2423.24
Uttar Pradesh,Wheat,2023,12,2023-12-01,Orai APMC,2447.12
Uttar Pradesh,Wheat,2023,12,2023-12-01,Paliakala APMC,2392.73
Uttar Pradesh,Wheat,2023,12,2023-12-01,Panchpedwa APMC,2566.36
Uttar Pradesh,Wheat,2023,12,2023-12-01,Partaval APMC,2399.45
Uttar Pradesh,Wheat,2023,12,2023-12-01,Pilibhit APMC,2528.81
Uttar Pradesh,Wheat,2023,12,2023-12-01,Powayan APMC,2508.85
Uttar Pradesh,Wheat,2023,12,2023-12-01,Pratapgarh APMC,2479.07
Uttar Pradesh,Wheat,2023,12,2023-12-01,Prayagraj APMC,2449.29
Uttar Pradesh,Wheat,2023,12,2023-12-01,Pukharayan APMC,2516.19
Uttar Pradesh,Wheat,2023,12,2023-12-01,Puranpur APMC,2522.34
Uttar Pradesh,Wheat,2023,12,2023-12-01,Purwa APMC,2505.44
Uttar Pradesh,Wheat,2023,12,2023-12-01,Raath APMC,
Uttar Pradesh,Wheat,2023,12,2023-12-01,Raibareilly APMC,2419.05
Uttar Pradesh,Wheat,2023,12,2023-12-01,Rampur APMC,2529.76
Uttar Pradesh,Wheat,2023,12,2023-12-01,Rasda APMC,2437.1
Uttar Pradesh,Wheat,2023,12,2023-12-01,Robertsganj APMC,2460.56
Uttar Pradesh,Wheat,2023,12,2023-12-01,Rura APMC,2295.69
Uttar Pradesh,Wheat,2023,12,2023-12-01,Safdarganj APMC,2532.84
Uttar Pradesh,Wheat,2023,12,2023-12-01,Saharanpur APMC,2565.43
Uttar Pradesh,Wheat,2023,12,2023-12-01,Sahiyapur APMC,2197.3
Uttar Pradesh,Wheat,2023,12,2023-12-01,Salon APMC,2404.19
Uttar Pradesh,Wheat,2023,12,2023-12-01,Samsabad APMC,2500.0
Uttar Pradesh,Wheat,2023,12,2023-12-01,Sandi APMC,2439.78
Uttar Pradesh,Wheat,2023,12,2023-12-01,Sandila APMC,2448.37
Uttar Pradesh,Wheat,2023,12,2023-12-01,Sehjanwa APMC,2450.0
Uttar Pradesh,Wheat,2023,12,2023-12-01,Shahabad APMC,
Uttar Pradesh,Wheat,2023,12,2023-12-01,Shahabad(New Mandi) APMC,2453.0
Uttar Pradesh,Wheat,2023,12,2023-12-01,Shahganj APMC,2489.94
Uttar Pradesh,Wheat,2023,12,2023-12-01,Shahjahanpur APMC,2509.8
Uttar Pradesh,Wheat,2023,12,2023-12-01,Shahpur APMC,
Uttar Pradesh,Wheat,2023,12,2023-12-01,Shamli APMC,2556.98
Uttar Pradesh,Wheat,2023,12,2023-12-01,Sikandraraau APMC,2394.32
Uttar Pradesh,Wheat,2023,12,2023-12-01,Sikarpur APMC,
Uttar Pradesh,Wheat,2023,12,2023-12-01,Sirsa APMC,
Uttar Pradesh,Wheat,2023,12,2023-12-01,Sirsaganj APMC,
Uttar Pradesh,Wheat,2023,12,2023-12-01,Sitapur APMC,2432.28
Uttar Pradesh,Wheat,2023,12,2023-12-01,Siyana APMC,2338.11
Uttar Pradesh,Wheat,2023,12,2023-12-01,Sultanpur APMC,2506.02
Uttar Pradesh,Wheat,2023,12,2023-12-01,Tamkuhi road APMC,2424.44
Uttar Pradesh,Wheat,2023,12,2023-12-01,Thanabhawan APMC,
Uttar Pradesh,Wheat,2023,12,2023-12-01,Tikonia APMC,
Uttar Pradesh,Wheat,2023,12,2023-12-01,Tulsipur APMC,2402.58
Uttar Pradesh,Wheat,2023,12,2023-12-01,Tundla APMC,2539.82
Uttar Pradesh,Wheat,2023,12,2023-12-01,Ujhani APMC,2548.72
Uttar Pradesh,Wheat,2023,12,2023-12-01,Unnao APMC,2510.06
Uttar Pradesh,Wheat,2023,12,2023-12-01,Uttaripura APMC,2528.37
Uttar Pradesh,Wheat,2023,12,2023-12-01,Varanasi APMC,2493.53
Uttar Pradesh,Wheat,2023,12,2023-12-01,Viswan APMC,2414.02
Uttar Pradesh,Wheat,2023,12,2023-12-01,Wazirganj APMC,2504.17
Uttar Pradesh,Wheat,2023,12,2023-12-01,Yusufpur APMC,
Uttar Pradesh,Wheat,2023,12,2023-12-01,Note:,
Uttar Pradesh,Wheat,2023,12,2023-12-01,Weighted Average Price = ∑(arrival quantity * modal price) / ∑arrival quantity,
Uttar Pradesh,Wheat,2023,12,2023-12-01,Change (Over Previous Month) = [Price - Price(Over Previous Month)/Price(Over Previous Month)] * 100,
Uttar Pradesh,Wheat,2023,12,2023-12-01,Change (Over Previous Year) = [Price - Price(Over Previous Year)/Price(Over Previous Year)] * 100,
Uttar Pradesh,Wheat,2024,1,2024-01-01,Achalda APMC,2497.39
Uttar Pradesh,Wheat,2024,1,2024-01-01,Achnera APMC,2551.54
Uttar Pradesh,Wheat,2024,1,2024-01-01,Agra APMC,2558.03
Uttar Pradesh,Wheat,2024,1,2024-01-01,Ahirora APMC,2528.86
Uttar Pradesh,Wheat,2024,1,2024-01-01,Ait APMC,2557.72
Uttar Pradesh,Wheat,2024,1,2024-01-01,Ajuha APMC,2431.18
Uttar Pradesh,Wheat,2024,1,2024-01-01,Akbarpur APMC,2559.01
Uttar Pradesh,Wheat,2024,1,2024-01-01,Aliganj APMC,2335.65
Uttar Pradesh,Wheat,2024,1,2024-01-01,Aligarh APMC,2536.2
Uttar Pradesh,Wheat,2024,1,2024-01-01,Amroha APMC,2550.72
Uttar Pradesh,Wheat,2024,1,2024-01-01,Anandnagar APMC,2444.54
Uttar Pradesh,Wheat,2024,1,2024-01-01,Atarra APMC,2452.79
Uttar Pradesh,Wheat,2024,1,2024-01-01,Auraiya APMC,2503.34
Uttar Pradesh,Wheat,2024,1,2024-01-01,Ayodhya APMC,2561.59
Uttar Pradesh,Wheat,2024,1,2024-01-01,Azamgarh APMC,2517.09
Uttar Pradesh,Wheat,2024,1,2024-01-01,Baberu APMC,2200.0
Uttar Pradesh,Wheat,2024,1,2024-01-01,Babrala APMC,2165.0
Uttar Pradesh,Wheat,2024,1,2024-01-01,Bachranwa APMC,2496.05
Uttar Pradesh,Wheat,2024,1,2024-01-01,Badayoun APMC,2542.08
Uttar Pradesh,Wheat,2024,1,2024-01-01,Bahraich APMC,2498.83
Uttar Pradesh,Wheat,2024,1,2024-01-01,Ballia APMC,2510.6
Uttar Pradesh,Wheat,2024,1,2024-01-01,Balrampur APMC,
Uttar Pradesh,Wheat,2024,1,2024-01-01,Banda APMC,2465.6
Uttar Pradesh,Wheat,2024,1,2024-01-01,Bangarmau APMC,2504.96
Uttar Pradesh,Wheat,2024,1,2024-01-01,Bansi APMC,2530.0
Uttar Pradesh,Wheat,2024,1,2024-01-01,Banthara APMC,2526.2
Uttar Pradesh,Wheat,2024,1,2024-01-01,Barabanki APMC,2538.73
Uttar Pradesh,Wheat,2024,1,2024-01-01,Bareilly APMC,2468.24
Uttar Pradesh,Wheat,2024,1,2024-01-01,Barhaj APMC,2442.54
Uttar Pradesh,Wheat,2024,1,2024-01-01,Baripaal APMC,2390.4
Uttar Pradesh,Wheat,2024,1,2024-01-01,Basti APMC,2516.84
Uttar Pradesh,Wheat,2024,1,2024-01-01,Bewar APMC,2316.25
Uttar Pradesh,Wheat,2024,1,2024-01-01,Bharthna APMC,2460.29
Uttar Pradesh,Wheat,2024,1,2024-01-01,Bharuasumerpur APMC,2493.84
Uttar Pradesh,Wheat,2024,1,2024-01-01,Bharwari APMC,2379.0
Uttar Pradesh,Wheat,2024,1,2024-01-01,Bijnaur APMC,2550.36
Uttar Pradesh,Wheat,2024,1,2024-01-01,Bilsi APMC,2530.04
Uttar Pradesh,Wheat,2024,1,2024-01-01,Bindki APMC,2537.3
Uttar Pradesh,Wheat,2024,1,2024-01-01,Bishalpur APMC,2539.12
Uttar Pradesh,Wheat,2024,1,2024-01-01,Bisoli APMC,2400.0
Uttar Pradesh,Wheat,2024,1,2024-01-01,Buland Shahr APMC,2472.06
Uttar Pradesh,Wheat,2024,1,2024-01-01,Chandausi APMC,2544.74
Uttar Pradesh,Wheat,2024,1,2024-01-01,Chandoli APMC,2520.03
Uttar Pradesh,Wheat,2024,1,2024-01-01,Charkhari APMC,
Uttar Pradesh,Wheat,2024,1,2024-01-01,Charra APMC,2495.76
Uttar Pradesh,Wheat,2024,1,2024-01-01,Chhibramau APMC,2335.09
Uttar Pradesh,Wheat,2024,1,2024-01-01,Chirgaon APMC,
Uttar Pradesh,Wheat,2024,1,2024-01-01,Chorichora APMC,2238.57
Uttar Pradesh,Wheat,2024,1,2024-01-01,Choubepur APMC,2518.12
Uttar Pradesh,Wheat,2024,1,2024-01-01,Colonelganj APMC,2550.0
Uttar Pradesh,Wheat,2024,1,2024-01-01,DADRI APMC,2519.4
Uttar Pradesh,Wheat,2024,1,2024-01-01,Dankaur APMC,2532.47
Uttar Pradesh,Wheat,2024,1,2024-01-01,Devariya APMC,2448.17
Uttar Pradesh,Wheat,2024,1,2024-01-01,Dhanaura APMC,2135.4
Uttar Pradesh,Wheat,2024,1,2024-01-01,Dibiapur APMC,2358.3
Uttar Pradesh,Wheat,2024,1,2024-01-01,Divai APMC,
Uttar Pradesh,Wheat,2024,1,2024-01-01,Doharighat APMC,2525.0
Uttar Pradesh,Wheat,2024,1,2024-01-01,Etah APMC,2318.44
Uttar Pradesh,Wheat,2024,1,2024-01-01,Etawah APMC,2472.29
Uttar Pradesh,Wheat,2024,1,2024-01-01,Farukhabad APMC,2494.01
Uttar Pradesh,Wheat,2024,1,2024-01-01,Fatehabad APMC,
Uttar Pradesh,Wheat,2024,1,2024-01-01,Fatehpur APMC,2406.64
Uttar Pradesh,Wheat,2024,1,2024-01-01,Fatehpur Sikri APMC,2575.0
Uttar Pradesh,Wheat,2024,1,2024-01-01,Firozabad APMC,2668.45
Uttar Pradesh,Wheat,2024,1,2024-01-01,Gazipur APMC,2518.2
Uttar Pradesh,Wheat,2024,1,2024-01-01,Ghaziabad APMC,2535.39
Uttar Pradesh,Wheat,2024,1,2024-01-01,Ghiraur APMC,2447.42
Uttar Pradesh,Wheat,2024,1,2024-01-01,Golagokarnath APMC,2489.31
Uttar Pradesh,Wheat,2024,1,2024-01-01,Gonda APMC,2581.23
Uttar Pradesh,Wheat,2024,1,2024-01-01,Gopiganj APMC,2467.62
Uttar Pradesh,Wheat,2024,1,2024-01-01,Gorakhpur APMC,2434.47
Uttar Pradesh,Wheat,2024,1,2024-01-01,Gurusarai APMC,2386.76
Uttar Pradesh,Wheat,2024,1,2024-01-01,Haathras APMC,2489.03
Uttar Pradesh,Wheat,2024,1,2024-01-01,Hapur APMC,2515.67
Uttar Pradesh,Wheat,2024,1,2024-01-01,Hardoi APMC,2489.41
Uttar Pradesh,Wheat,2024,1,2024-01-01,Hargaon (Laharpur) APMC,2410.71
Uttar Pradesh,Wheat,2024,1,2024-01-01,Jafarganj APMC,2549.44
Uttar Pradesh,Wheat,2024,1,2024-01-01,Jagnair APMC,2244.85
Uttar Pradesh,Wheat,2024,1,2024-01-01,Jahanabad APMC,2160.0
Uttar Pradesh,Wheat,2024,1,2024-01-01,Jahangirabad APMC,2518.82
Uttar Pradesh,Wheat,2024,1,2024-01-01,Jalaun APMC,2487.42
Uttar Pradesh,Wheat,2024,1,2024-01-01,Jamanian APMC,
Uttar Pradesh,Wheat,2024,1,2024-01-01,Jangipura APMC,
Uttar Pradesh,Wheat,2024,1,2024-01-01,Jasra APMC,2414.96
Uttar Pradesh,Wheat,2024,1,2024-01-01,Jasvantnagar APMC,2484.24
Uttar Pradesh,Wheat,2024,1,2024-01-01,Jaunpur APMC,2526.1
Uttar Pradesh,Wheat,2024,1,2024-01-01,Jayas APMC,2533.55
Uttar Pradesh,Wheat,2024,1,2024-01-01,Jhansi APMC,2433.38
Uttar Pradesh,Wheat,2024,1,2024-01-01,Jhijhank APMC,2500.59
Uttar Pradesh,Wheat,2024,1,2024-01-01,Kadaura APMC,
Uttar Pradesh,Wheat,2024,1,2024-01-01,Kalpi APMC,
Uttar Pradesh,Wheat,2024,1,2024-01-01,Kamlaganj APMC,
Uttar Pradesh,Wheat,2024,1,2024-01-01,Kannauj APMC,2477.11
Uttar Pradesh,Wheat,2024,1,2024-01-01,Kanpur(Grain) APMC,2549.38
Uttar Pradesh,Wheat,2024,1,2024-01-01,Karvi APMC,2453.14
Uttar Pradesh,Wheat,2024,1,2024-01-01,Kasganj APMC,2348.53
Uttar Pradesh,Wheat,2024,1,2024-01-01,Kayamganj APMC,2520.78
Uttar Pradesh,Wheat,2024,1,2024-01-01,Khaga APMC,2463.36
Uttar Pradesh,Wheat,2024,1,2024-01-01,Khair APMC,2528.09
Uttar Pradesh,Wheat,2024,1,2024-01-01,Khairagarh APMC,
Uttar Pradesh,Wheat,2024,1,2024-01-01,Khurja APMC,2489.45
Uttar Pradesh,Wheat,2024,1,2024-01-01,Kishunpur APMC,2452.09
Uttar Pradesh,Wheat,2024,1,2024-01-01,Konch APMC,2461.46
Uttar Pradesh,Wheat,2024,1,2024-01-01,Kopaganj APMC,2525.0
Uttar Pradesh,Wheat,2024,1,2024-01-01,Kosikalan APMC,2490.0
Uttar Pradesh,Wheat,2024,1,2024-01-01,Kurara APMC,2387.62
Uttar Pradesh,Wheat,2024,1,2024-01-01,Lakhimpur APMC,2493.95
Uttar Pradesh,Wheat,2024,1,2024-01-01,Lalganj APMC,2474.04
Uttar Pradesh,Wheat,2024,1,2024-01-01,Lalitpur APMC,2459.86
Uttar Pradesh,Wheat,2024,1,2024-01-01,Lucknow APMC,2542.82
Uttar Pradesh,Wheat,2024,1,2024-01-01,Madhoganj APMC,2475.19
Uttar Pradesh,Wheat,2024,1,2024-01-01,Madhogarh APMC,2429.79
Uttar Pradesh,Wheat,2024,1,2024-01-01,Mahoba APMC,2468.11
Uttar Pradesh,Wheat,2024,1,2024-01-01,Maigalganj APMC,
Uttar Pradesh,Wheat,2024,1,2024-01-01,Mainpuri APMC,2428.75
Uttar Pradesh,Wheat,2024,1,2024-01-01,Mathura APMC,2530.51
Uttar Pradesh,Wheat,2024,1,2024-01-01,Maudaha APMC,2326.56
Uttar Pradesh,Wheat,2024,1,2024-01-01,Mauranipur APMC,2365.4
Uttar Pradesh,Wheat,2024,1,2024-01-01,Mawana APMC,
Uttar Pradesh,Wheat,2024,1,2024-01-01,Meerut APMC,2519.22
Uttar Pradesh,Wheat,2024,1,2024-01-01,Mehmoodabad APMC,2456.02
Uttar Pradesh,Wheat,2024,1,2024-01-01,Mehrauni APMC,
Uttar Pradesh,Wheat,2024,1,2024-01-01,Milak APMC,2526.47
Uttar Pradesh,Wheat,2024,1,2024-01-01,Mirzapur APMC,2523.91
Uttar Pradesh,Wheat,2024,1,2024-01-01,Mohamadabad APMC,2500.76
Uttar Pradesh,Wheat,2024,1,2024-01-01,Mohammdi APMC,2494.37
Uttar Pradesh,Wheat,2024,1,2024-01-01,Moth APMC,2427.73
Uttar Pradesh,Wheat,2024,1,2024-01-01,Mugrabaadshahpur APMC,2524.48
Uttar Pradesh,Wheat,2024,1,2024-01-01,Muradabad APMC,2551.43
Uttar Pradesh,Wheat,2024,1,2024-01-01,Muradnagar APMC,2560.0
Uttar Pradesh,Wheat,2024,1,2024-01-01,Muskara APMC,2456.06
Uttar Pradesh,Wheat,2024,1,2024-01-01,Muzzafarnagar APMC,2517.12
Uttar Pradesh,Wheat,2024,1,2024-01-01,Naanpara APMC,2517.34
Uttar Pradesh,Wheat,2024,1,2024-01-01,Naugarh APMC,2470.23
Uttar Pradesh,Wheat,2024,1,2024-01-01,Nautnava APMC,2520.51
Uttar Pradesh,Wheat,2024,1,2024-01-01,Nawabganj APMC,2536.26
Uttar Pradesh,Wheat,2024,1,2024-01-01,Orai APMC,2513.7
Uttar Pradesh,Wheat,2024,1,2024-01-01,Paliakala APMC,2455.58
Uttar Pradesh,Wheat,2024,1,2024-01-01,Panchpedwa APMC,2599.5
Uttar Pradesh,Wheat,2024,1,2024-01-01,Partaval APMC,2460.0
Uttar Pradesh,Wheat,2024,1,2024-01-01,Pilibhit APMC,2571.75
Uttar Pradesh,Wheat,2024,1,2024-01-01,Powayan APMC,2526.54
Uttar Pradesh,Wheat,2024,1,2024-01-01,Pratapgarh APMC,2478.46
Uttar Pradesh,Wheat,2024,1,2024-01-01,Prayagraj APMC,2433.64
Uttar Pradesh,Wheat,2024,1,2024-01-01,Pukharayan APMC,2477.38
Uttar Pradesh,Wheat,2024,1,2024-01-01,Puranpur APMC,2579.26
Uttar Pradesh,Wheat,2024,1,2024-01-01,Purwa APMC,2508.71
Uttar Pradesh,Wheat,2024,1,2024-01-01,Raath APMC,
Uttar Pradesh,Wheat,2024,1,2024-01-01,Raibareilly APMC,2452.8
Uttar Pradesh,Wheat,2024,1,2024-01-01,Rampur APMC,2554.59
Uttar Pradesh,Wheat,2024,1,2024-01-01,Rasda APMC,2497.24
Uttar Pradesh,Wheat,2024,1,2024-01-01,Robertsganj APMC,2529.76
Uttar Pradesh,Wheat,2024,1,2024-01-01,Rura APMC,
Uttar Pradesh,Wheat,2024,1,2024-01-01,Safdarganj APMC,2538.71
Uttar Pradesh,Wheat,2024,1,2024-01-01,Saharanpur APMC,2510.74
Uttar Pradesh,Wheat,2024,1,2024-01-01,Sahiyapur APMC,2512.74
Uttar Pradesh,Wheat,2024,1,2024-01-01,Salon APMC,2460.5
Uttar Pradesh,Wheat,2024,1,2024-01-01,Samsabad APMC,2500.0
Uttar Pradesh,Wheat,2024,1,2024-01-01,Sandi APMC,2481.43
Uttar Pradesh,Wheat,2024,1,2024-01-01,Sandila APMC,2481.5
Uttar Pradesh,Wheat,2024,1,2024-01-01,Sehjanwa APMC,
Uttar Pradesh,Wheat,2024,1,2024-01-01,Shahabad APMC,
Uttar Pradesh,Wheat,2024,1,2024-01-01,Shahabad(New Mandi) APMC,2482.69
Uttar Pradesh,Wheat,2024,1,2024-01-01,Shahaswan APMC,2492.31
Uttar Pradesh,Wheat,2024,1,2024-01-01,Shahganj APMC,2511.74
Uttar Pradesh,Wheat,2024,1,2024-01-01,Shahjahanpur APMC,2572.2
Uttar Pradesh,Wheat,2024,1,2024-01-01,Shahpur APMC,
Uttar Pradesh,Wheat,2024,1,2024-01-01,Shamli APMC,2508.06
Uttar Pradesh,Wheat,2024,1,2024-01-01,Shikohabad APMC,2450.0
Uttar Pradesh,Wheat,2024,1,2024-01-01,Sikandraraau APMC,2392.04
Uttar Pradesh,Wheat,2024,1,2024-01-01,Sirsa APMC,2250.0
Uttar Pradesh,Wheat,2024,1,2024-01-01,Sirsaganj APMC,
Uttar Pradesh,Wheat,2024,1,2024-01-01,Sitapur APMC,2454.28
Uttar Pradesh,Wheat,2024,1,2024-01-01,Siyana APMC,2388.62
Uttar Pradesh,Wheat,2024,1,2024-01-01,Sultanpur APMC,2557.93
Uttar Pradesh,Wheat,2024,1,2024-01-01,Tamkuhi road APMC,2417.14
Uttar Pradesh,Wheat,2024,1,2024-01-01,Tikonia APMC,
Uttar Pradesh,Wheat,2024,1,2024-01-01,Tulsipur APMC,2443.85
Uttar Pradesh,Wheat,2024,1,2024-01-01,Tundla APMC,2581.43
Uttar Pradesh,Wheat,2024,1,2024-01-01,Ujhani APMC,2518.65
Uttar Pradesh,Wheat,2024,1,2024-01-01,Unnao APMC,2513.85
Uttar Pradesh,Wheat,2024,1,2024-01-01,Uttaripura APMC,2473.93
Uttar Pradesh,Wheat,2024,1,2024-01-01,Varanasi APMC,2525.15
Uttar Pradesh,Wheat,2024,1,2024-01-01,Viswan APMC,2434.43
Uttar Pradesh,Wheat,2024,1,2024-01-01,Wazirganj APMC,2514.71
Uttar Pradesh,Wheat,2024,1,2024-01-01,Yusufpur APMC,
Uttar Pradesh,Wheat,2024,1,2024-01-01,Note:,
Uttar Pradesh,Wheat,2024,1,2024-01-01,Weighted Average Price = ∑(arrival quantity * modal price) / ∑arrival quantity,
Uttar Pradesh,Wheat,2024,1,2024-01-01,Change (Over Previous Month) = [Price - Price(Over Previous Month)/Price(Over Previous Month)] * 100,
Uttar Pradesh,Wheat,2024,1,2024-01-01,Change (Over Previous Year) = [Price - Price(Over Previous Year)/Price(Over Previous Year)] * 100,
Uttar Pradesh,Wheat,2024,2,2024-02-01,Achalda APMC,2488.15
Uttar Pradesh,Wheat,2024,2,2024-02-01,Achnera APMC,2625.22
Uttar Pradesh,Wheat,2024,2,2024-02-01,Agra APMC,2588.41
Uttar Pradesh,Wheat,2024,2,2024-02-01,Ahirora APMC,2560.58
Uttar Pradesh,Wheat,2024,2,2024-02-01,Ait APMC,2442.8
Uttar Pradesh,Wheat,2024,2,2024-02-01,Ajuha APMC,2448.3
Uttar Pradesh,Wheat,2024,2,2024-02-01,Akbarpur APMC,2626.43
Uttar Pradesh,Wheat,2024,2,2024-02-01,Aliganj APMC,2315.49
Uttar Pradesh,Wheat,2024,2,2024-02-01,Aligarh APMC,2486.8
Uttar Pradesh,Wheat,2024,2,2024-02-01,Amroha APMC,2565.24
Uttar Pradesh,Wheat,2024,2,2024-02-01,Anandnagar APMC,2170.8
Uttar Pradesh,Wheat,2024,2,2024-02-01,Anoop Shahar APMC,2342.57
Uttar Pradesh,Wheat,2024,2,2024-02-01,Atarra APMC,2392.28
Uttar Pradesh,Wheat,2024,2,2024-02-01,Atrauli APMC,2235.71
Uttar Pradesh,Wheat,2024,2,2024-02-01,Auraiya APMC,2476.54
Uttar Pradesh,Wheat,2024,2,2024-02-01,Ayodhya APMC,2622.24
Uttar Pradesh,Wheat,2024,2,2024-02-01,Azamgarh APMC,2538.36
Uttar Pradesh,Wheat,2024,2,2024-02-01,Baberu APMC,2200.0
Uttar Pradesh,Wheat,2024,2,2024-02-01,Babrala APMC,
Uttar Pradesh,Wheat,2024,2,2024-02-01,Bachranwa APMC,2415.07
Uttar Pradesh,Wheat,2024,2,2024-02-01,Badayoun APMC,2567.25
Uttar Pradesh,Wheat,2024,2,2024-02-01,Baheri APMC,2175.0
Uttar Pradesh,Wheat,2024,2,2024-02-01,Bahraich APMC,2543.01
Uttar Pradesh,Wheat,2024,2,2024-02-01,Ballia APMC,2520.98
Uttar Pradesh,Wheat,2024,2,2024-02-01,Balrampur APMC,2550.0
Uttar Pradesh,Wheat,2024,2,2024-02-01,Banda APMC,2420.21
Uttar Pradesh,Wheat,2024,2,2024-02-01,Bangarmau APMC,2467.53
Uttar Pradesh,Wheat,2024,2,2024-02-01,Bansi APMC,2460.0
Uttar Pradesh,Wheat,2024,2,2024-02-01,Banthara APMC,2504.41
Uttar Pradesh,Wheat,2024,2,2024-02-01,Barabanki APMC,2594.26
Uttar Pradesh,Wheat,2024,2,2024-02-01,Bareilly APMC,2450.91
Uttar Pradesh,Wheat,2024,2,2024-02-01,Barhaj APMC,
Uttar Pradesh,Wheat,2024,2,2024-02-01,Baripaal APMC,2368.63
Uttar Pradesh,Wheat,2024,2,2024-02-01,Basti APMC,2465.72
Uttar Pradesh,Wheat,2024,2,2024-02-01,Bewar APMC,2250.0
Uttar Pradesh,Wheat,2024,2,2024-02-01,Bharthna APMC,2494.32
Uttar Pradesh,Wheat,2024,2,2024-02-01,Bharuasumerpur APMC,2406.39
Uttar Pradesh,Wheat,2024,2,2024-02-01,Bharwari APMC,2445.43
Uttar Pradesh,Wheat,2024,2,2024-02-01,Bijnaur APMC,2569.1
Uttar Pradesh,Wheat,2024,2,2024-02-01,Bilsi APMC,2511.69
Uttar Pradesh,Wheat,2024,2,2024-02-01,Bindki APMC,2439.21
Uttar Pradesh,Wheat,2024,2,2024-02-01,Bishalpur APMC,2580.73
Uttar Pradesh,Wheat,2024,2,2024-02-01,Bisoli APMC,2400.0
Uttar Pradesh,Wheat,2024,2,2024-02-01,Buland Shahr APMC,2432.27
Uttar Pradesh,Wheat,2024,2,2024-02-01,Chandausi APMC,2569.62
Uttar Pradesh,Wheat,2024,2,2024-02-01,Chandoli APMC,2544.58
Uttar Pradesh,Wheat,2024,2,2024-02-01,Charkhari APMC,
Uttar Pradesh,Wheat,2024,2,2024-02-01,Charra APMC,2465.79
Uttar Pradesh,Wheat,2024,2,2024-02-01,Chhibramau APMC,2334.09
Uttar Pradesh,Wheat,2024,2,2024-02-01,Chirgaon APMC,
Uttar Pradesh,Wheat,2024,2,2024-02-01,Chorichora APMC,2186.93
Uttar Pradesh,Wheat,2024,2,2024-02-01,Choubepur APMC,2536.17
Uttar Pradesh,Wheat,2024,2,2024-02-01,Colonelganj APMC,2560.0
Uttar Pradesh,Wheat,2024,2,2024-02-01,DADRI APMC,2523.57
Uttar Pradesh,Wheat,2024,2,2024-02-01,Dankaur APMC,2512.6
Uttar Pradesh,Wheat,2024,2,2024-02-01,Devariya APMC,2427.74
Uttar Pradesh,Wheat,2024,2,2024-02-01,Dhanaura APMC,2135.0
Uttar Pradesh,Wheat,2024,2,2024-02-01,Dibiapur APMC,2436.24
Uttar Pradesh,Wheat,2024,2,2024-02-01,Divai APMC,
Uttar Pradesh,Wheat,2024,2,2024-02-01,Doharighat APMC,2560.0
Uttar Pradesh,Wheat,2024,2,2024-02-01,Etah APMC,2316.72
Uttar Pradesh,Wheat,2024,2,2024-02-01,Etawah APMC,2506.52
Uttar Pradesh,Wheat,2024,2,2024-02-01,Farukhabad APMC,2441.79
Uttar Pradesh,Wheat,2024,2,2024-02-01,Fatehabad APMC,
Uttar Pradesh,Wheat,2024,2,2024-02-01,Fatehpur APMC,2414.52
Uttar Pradesh,Wheat,2024,2,2024-02-01,Fatehpur Sikri APMC,
Uttar Pradesh,Wheat,2024,2,2024-02-01,Firozabad APMC,2649.96
Uttar Pradesh,Wheat,2024,2,2024-02-01,Gazipur APMC,2543.08
Uttar Pradesh,Wheat,2024,2,2024-02-01,Ghaziabad APMC,2562.35
Uttar Pradesh,Wheat,2024,2,2024-02-01,Ghiraur APMC,2381.03
Uttar Pradesh,Wheat,2024,2,2024-02-01,Golagokarnath APMC,2479.81
Uttar Pradesh,Wheat,2024,2,2024-02-01,Gonda APMC,2595.08
Uttar Pradesh,Wheat,2024,2,2024-02-01,Gopiganj APMC,2493.12
Uttar Pradesh,Wheat,2024,2,2024-02-01,Gorakhpur APMC,2431.13
Uttar Pradesh,Wheat,2024,2,2024-02-01,Gurusarai APMC,2385.89
Uttar Pradesh,Wheat,2024,2,2024-02-01,Haathras APMC,2480.27
Uttar Pradesh,Wheat,2024,2,2024-02-01,Hapur APMC,2534.04
Uttar Pradesh,Wheat,2024,2,2024-02-01,Hardoi APMC,2475.93
Uttar Pradesh,Wheat,2024,2,2024-02-01,Hargaon (Laharpur) APMC,2465.0
Uttar Pradesh,Wheat,2024,2,2024-02-01,Jafarganj APMC,2561.37
Uttar Pradesh,Wheat,2024,2,2024-02-01,Jagnair APMC,2245.44
Uttar Pradesh,Wheat,2024,2,2024-02-01,Jahanabad APMC,2160.0
Uttar Pradesh,Wheat,2024,2,2024-02-01,Jahangirabad APMC,2404.75
Uttar Pradesh,Wheat,2024,2,2024-02-01,Jalaun APMC,2379.27
Uttar Pradesh,Wheat,2024,2,2024-02-01,Jamanian APMC,
Uttar Pradesh,Wheat,2024,2,2024-02-01,Jangipura APMC,2580.0
Uttar Pradesh,Wheat,2024,2,2024-02-01,Jasra APMC,2410.0
Uttar Pradesh,Wheat,2024,2,2024-02-01,Jasvantnagar APMC,2535.27
Uttar Pradesh,Wheat,2024,2,2024-02-01,Jaunpur APMC,2547.96
Uttar Pradesh,Wheat,2024,2,2024-02-01,Jayas APMC,2593.05
Uttar Pradesh,Wheat,2024,2,2024-02-01,Jhansi APMC,2450.92
Uttar Pradesh,Wheat,2024,2,2024-02-01,Jhijhank APMC,2509.97
Uttar Pradesh,Wheat,2024,2,2024-02-01,Kalpi APMC,
Uttar Pradesh,Wheat,2024,2,2024-02-01,Kamlaganj APMC,
Uttar Pradesh,Wheat,2024,2,2024-02-01,Kannauj APMC,2493.82
Uttar Pradesh,Wheat,2024,2,2024-02-01,Kanpur(Grain) APMC,2526.35
Uttar Pradesh,Wheat,2024,2,2024-02-01,Karvi APMC,2411.35
Uttar Pradesh,Wheat,2024,2,2024-02-01,Kasganj APMC,2397.12
Uttar Pradesh,Wheat,2024,2,2024-02-01,Kayamganj APMC,2476.19
Uttar Pradesh,Wheat,2024,2,2024-02-01,Khaga APMC,2460.05
Uttar Pradesh,Wheat,2024,2,2024-02-01,Khair APMC,2507.95
Uttar Pradesh,Wheat,2024,2,2024-02-01,Khairagarh APMC,
Uttar Pradesh,Wheat,2024,2,2024-02-01,Khurja APMC,2449.34
Uttar Pradesh,Wheat,2024,2,2024-02-01,Kishunpur APMC,2397.46
Uttar Pradesh,Wheat,2024,2,2024-02-01,Konch APMC,2371.31
Uttar Pradesh,Wheat,2024,2,2024-02-01,Kopaganj APMC,2545.33
Uttar Pradesh,Wheat,2024,2,2024-02-01,Kosikalan APMC,2440.56
Uttar Pradesh,Wheat,2024,2,2024-02-01,Kurara APMC,2337.44
Uttar Pradesh,Wheat,2024,2,2024-02-01,Lakhimpur APMC,2484.27
Uttar Pradesh,Wheat,2024,2,2024-02-01,Lalganj APMC,2417.49
Uttar Pradesh,Wheat,2024,2,2024-02-01,Lalitpur APMC,2454.09
Uttar Pradesh,Wheat,2024,2,2024-02-01,Lucknow APMC,2577.0
Uttar Pradesh,Wheat,2024,2,2024-02-01,Madhoganj APMC,2471.12
Uttar Pradesh,Wheat,2024,2,2024-02-01,Madhogarh APMC,2343.49
Uttar Pradesh,Wheat,2024,2,2024-02-01,Mahoba APMC,2422.74
Uttar Pradesh,Wheat,2024,2,2024-02-01,Maigalganj APMC,
Uttar Pradesh,Wheat,2024,2,2024-02-01,Mainpuri APMC,2325.93
Uttar Pradesh,Wheat,2024,2,2024-02-01,Mathura APMC,2597.92
Uttar Pradesh,Wheat,2024,2,2024-02-01,Maudaha APMC,2350.0
Uttar Pradesh,Wheat,2024,2,2024-02-01,Mauranipur APMC,2386.07
Uttar Pradesh,Wheat,2024,2,2024-02-01,Meerut APMC,2571.55
Uttar Pradesh,Wheat,2024,2,2024-02-01,Mehmoodabad APMC,2417.23
Uttar Pradesh,Wheat,2024,2,2024-02-01,Mehrauni APMC,
Uttar Pradesh,Wheat,2024,2,2024-02-01,Milak APMC,2558.06
Uttar Pradesh,Wheat,2024,2,2024-02-01,Mirzapur APMC,2566.12
Uttar Pradesh,Wheat,2024,2,2024-02-01,Mohamadabad APMC,2474.57
Uttar Pradesh,Wheat,2024,2,2024-02-01,Mohammdi APMC,2485.97
Uttar Pradesh,Wheat,2024,2,2024-02-01,Moth APMC,2425.22
Uttar Pradesh,Wheat,2024,2,2024-02-01,Mugrabaadshahpur APMC,2551.94
Uttar Pradesh,Wheat,2024,2,2024-02-01,Muradabad APMC,2573.69
Uttar Pradesh,Wheat,2024,2,2024-02-01,Muradnagar APMC,2540.0
Uttar Pradesh,Wheat,2024,2,2024-02-01,Muskara APMC,2398.5
Uttar Pradesh,Wheat,2024,2,2024-02-01,Muzzafarnagar APMC,2559.02
Uttar Pradesh,Wheat,2024,2,2024-02-01,Naanpara APMC,2555.57
Uttar Pradesh,Wheat,2024,2,2024-02-01,Najibabad APMC,
Uttar Pradesh,Wheat,2024,2,2024-02-01,Naugarh APMC,2461.72
Uttar Pradesh,Wheat,2024,2,2024-02-01,Nautnava APMC,2443.16
Uttar Pradesh,Wheat,2024,2,2024-02-01,Nawabganj APMC,2550.08
Uttar Pradesh,Wheat,2024,2,2024-02-01,Orai APMC,2487.69
Uttar Pradesh,Wheat,2024,2,2024-02-01,Paliakala APMC,2389.03
Uttar Pradesh,Wheat,2024,2,2024-02-01,Panchpedwa APMC,2608.87
Uttar Pradesh,Wheat,2024,2,2024-02-01,Partaval APMC,2440.73
Uttar Pradesh,Wheat,2024,2,2024-02-01,Pilibhit APMC,2574.07
Uttar Pradesh,Wheat,2024,2,2024-02-01,Powayan APMC,2545.66
Uttar Pradesh,Wheat,2024,2,2024-02-01,Pratapgarh APMC,2475.21
Uttar Pradesh,Wheat,2024,2,2024-02-01,Prayagraj APMC,2460.72
Uttar Pradesh,Wheat,2024,2,2024-02-01,Pukharayan APMC,2482.99
Uttar Pradesh,Wheat,2024,2,2024-02-01,Puranpur APMC,2553.77
Uttar Pradesh,Wheat,2024,2,2024-02-01,Purwa APMC,2503.32
Uttar Pradesh,Wheat,2024,2,2024-02-01,Raath APMC,
Uttar Pradesh,Wheat,2024,2,2024-02-01,Raibareilly APMC,2404.31
Uttar Pradesh,Wheat,2024,2,2024-02-01,Rampur APMC,2563.26
Uttar Pradesh,Wheat,2024,2,2024-02-01,Rasda APMC,2514.07
Uttar Pradesh,Wheat,2024,2,2024-02-01,Robertsganj APMC,2557.36
Uttar Pradesh,Wheat,2024,2,2024-02-01,Safdarganj APMC,2583.03
Uttar Pradesh,Wheat,2024,2,2024-02-01,Saharanpur APMC,2558.72
Uttar Pradesh,Wheat,2024,2,2024-02-01,Sahiyapur APMC,2438.78
Uttar Pradesh,Wheat,2024,2,2024-02-01,Salon APMC,2458.16
Uttar Pradesh,Wheat,2024,2,2024-02-01,Samsabad APMC,2500.0
Uttar Pradesh,Wheat,2024,2,2024-02-01,Sandi APMC,2469.49
Uttar Pradesh,Wheat,2024,2,2024-02-01,Sandila APMC,2472.75
Uttar Pradesh,Wheat,2024,2,2024-02-01,Sehjanwa APMC,2430.0
Uttar Pradesh,Wheat,2024,2,2024-02-01,Shahabad(New Mandi) APMC,2474.08
Uttar Pradesh,Wheat,2024,2,2024-02-01,Shahaswan APMC,
Uttar Pradesh,Wheat,2024,2,2024-02-01,Shahganj APMC,2540.45
Uttar Pradesh,Wheat,2024,2,2024-02-01,Shahjahanpur APMC,2626.83
Uttar Pradesh,Wheat,2024,2,2024-02-01,Shahpur APMC,
Uttar Pradesh,Wheat,2024,2,2024-02-01,Shamli APMC,2552.29
Uttar Pradesh,Wheat,2024,2,2024-02-01,Shikohabad APMC,2550.0
Uttar Pradesh,Wheat,2024,2,2024-02-01,Sikanderabad APMC,2500.0
Uttar Pradesh,Wheat,2024,2,2024-02-01,Sikandraraau APMC,2380.62
Uttar Pradesh,Wheat,2024,2,2024-02-01,Sirsa APMC,2450.0
Uttar Pradesh,Wheat,2024,2,2024-02-01,Sirsaganj APMC,
Uttar Pradesh,Wheat,2024,2,2024-02-01,Sitapur APMC,2419.77
Uttar Pradesh,Wheat,2024,2,2024-02-01,Siyana APMC,2272.96
Uttar Pradesh,Wheat,2024,2,2024-02-01,Sultanpur APMC,2560.49
Uttar Pradesh,Wheat,2024,2,2024-02-01,Tamkuhi road APMC,
Uttar Pradesh,Wheat,2024,2,2024-02-01,Thanabhawan APMC,
Uttar Pradesh,Wheat,2024,2,2024-02-01,Tulsipur APMC,2435.93
Uttar Pradesh,Wheat,2024,2,2024-02-01,Tundla APMC,2559.09
Uttar Pradesh,Wheat,2024,2,2024-02-01,Ujhani APMC,2515.99
Uttar Pradesh,Wheat,2024,2,2024-02-01,Unnao APMC,2479.75
Uttar Pradesh,Wheat,2024,2,2024-02-01,Uttaripura APMC,2520.57
Uttar Pradesh,Wheat,2024,2,2024-02-01,Varanasi APMC,2560.33
Uttar Pradesh,Wheat,2024,2,2024-02-01,Viswan APMC,2401.76
Uttar Pradesh,Wheat,2024,2,2024-02-01,Wazirganj APMC,2531.25
Uttar Pradesh,Wheat,2024,2,2024-02-01,Yusufpur APMC,
Uttar Pradesh,Wheat,2024,2,2024-02-01,Note:,
Uttar Pradesh,Wheat,2024,2,2024-02-01,Weighted Average Price = ∑(arrival quantity * modal price) / ∑arrival quantity,
Uttar Pradesh,Wheat,2024,2,2024-02-01,Change (Over Previous Month) = [Price - Price(Over Previous Month)/Price(Over Previous Month)] * 100,
Uttar Pradesh,Wheat,2024,2,2024-02-01,Change (Over Previous Year) = [Price - Price(Over Previous Year)/Price(Over Previous Year)] * 100,
Uttar Pradesh,Wheat,2024,3,2024-03-01,Achalda APMC,2451.61
Uttar Pradesh,Wheat,2024,3,2024-03-01,Achnera APMC,2560.37
Uttar Pradesh,Wheat,2024,3,2024-03-01,Agra APMC,2547.72
Uttar Pradesh,Wheat,2024,3,2024-03-01,Ahirora APMC,2482.52
Uttar Pradesh,Wheat,2024,3,2024-03-01,Ait APMC,2454.77
Uttar Pradesh,Wheat,2024,3,2024-03-01,Ajuha APMC,2440.82
Uttar Pradesh,Wheat,2024,3,2024-03-01,Akbarpur APMC,2565.0
Uttar Pradesh,Wheat,2024,3,2024-03-01,Aliganj APMC,2335.45
Uttar Pradesh,Wheat,2024,3,2024-03-01,Aligarh APMC,2528.03
Uttar Pradesh,Wheat,2024,3,2024-03-01,Amroha APMC,2488.51
Uttar Pradesh,Wheat,2024,3,2024-03-01,Anandnagar APMC,2162.89
Uttar Pradesh,Wheat,2024,3,2024-03-01,Anoop Shahar APMC,2428.29
Uttar Pradesh,Wheat,2024,3,2024-03-01,Atarra APMC,2350.91
Uttar Pradesh,Wheat,2024,3,2024-03-01,Atrauli APMC,2366.67
Uttar Pradesh,Wheat,2024,3,2024-03-01,Auraiya APMC,2465.16
Uttar Pradesh,Wheat,2024,3,2024-03-01,Ayodhya APMC,2549.82
Uttar Pradesh,Wheat,2024,3,2024-03-01,Azamgarh APMC,2446.41
Uttar Pradesh,Wheat,2024,3,2024-03-01,Baberu APMC,2285.71
Uttar Pradesh,Wheat,2024,3,2024-03-01,Babrala APMC,2362.76
Uttar Pradesh,Wheat,2024,3,2024-03-01,Bachranwa APMC,2400.15
Uttar Pradesh,Wheat,2024,3,2024-03-01,Badayoun APMC,2525.9
Uttar Pradesh,Wheat,2024,3,2024-03-01,Baheri APMC,
Uttar Pradesh,Wheat,2024,3,2024-03-01,Bahraich APMC,2450.75
Uttar Pradesh,Wheat,2024,3,2024-03-01,Ballia APMC,2457.19
Uttar Pradesh,Wheat,2024,3,2024-03-01,Balrampur APMC,2407.81
Uttar Pradesh,Wheat,2024,3,2024-03-01,Banda APMC,2399.32
Uttar Pradesh,Wheat,2024,3,2024-03-01,Bangarmau APMC,2412.79
Uttar Pradesh,Wheat,2024,3,2024-03-01,Bansi APMC,2510.0
Uttar Pradesh,Wheat,2024,3,2024-03-01,Banthara APMC,2488.88
Uttar Pradesh,Wheat,2024,3,2024-03-01,Barabanki APMC,2551.61
Uttar Pradesh,Wheat,2024,3,2024-03-01,Bareilly APMC,2367.46
Uttar Pradesh,Wheat,2024,3,2024-03-01,Barhaj APMC,
Uttar Pradesh,Wheat,2024,3,2024-03-01,Baripaal APMC,2332.65
Uttar Pradesh,Wheat,2024,3,2024-03-01,Basti APMC,2483.25
Uttar Pradesh,Wheat,2024,3,2024-03-01,Bewar APMC,2251.15
Uttar Pradesh,Wheat,2024,3,2024-03-01,Bharthna APMC,2433.61
Uttar Pradesh,Wheat,2024,3,2024-03-01,Bharuasumerpur APMC,2362.61
Uttar Pradesh,Wheat,2024,3,2024-03-01,Bharwari APMC,2447.38
Uttar Pradesh,Wheat,2024,3,2024-03-01,Bijnaur APMC,2493.93
Uttar Pradesh,Wheat,2024,3,2024-03-01,Bilsi APMC,2520.64
Uttar Pradesh,Wheat,2024,3,2024-03-01,Bindki APMC,2450.87
Uttar Pradesh,Wheat,2024,3,2024-03-01,Bishalpur APMC,2522.13
Uttar Pradesh,Wheat,2024,3,2024-03-01,Bisoli APMC,
Uttar Pradesh,Wheat,2024,3,2024-03-01,Buland Shahr APMC,2482.34
Uttar Pradesh,Wheat,2024,3,2024-03-01,Chandausi APMC,2481.07
Uttar Pradesh,Wheat,2024,3,2024-03-01,Chandoli APMC,2486.62
Uttar Pradesh,Wheat,2024,3,2024-03-01,Charkhari APMC,2314.18
Uttar Pradesh,Wheat,2024,3,2024-03-01,Charra APMC,2447.18
Uttar Pradesh,Wheat,2024,3,2024-03-01,Chhibramau APMC,2339.16
Uttar Pradesh,Wheat,2024,3,2024-03-01,Chirgaon APMC,2410.0
Uttar Pradesh,Wheat,2024,3,2024-03-01,Chorichora APMC,2296.36
Uttar Pradesh,Wheat,2024,3,2024-03-01,Choubepur APMC,2503.33
Uttar Pradesh,Wheat,2024,3,2024-03-01,Colonelganj APMC,2400.0
Uttar Pradesh,Wheat,2024,3,2024-03-01,DADRI APMC,2501.72
Uttar Pradesh,Wheat,2024,3,2024-03-01,Dankaur APMC,2463.73
Uttar Pradesh,Wheat,2024,3,2024-03-01,Devariya APMC,2456.22
Uttar Pradesh,Wheat,2024,3,2024-03-01,Dhanaura APMC,2161.67
Uttar Pradesh,Wheat,2024,3,2024-03-01,Dibiapur APMC,
Uttar Pradesh,Wheat,2024,3,2024-03-01,Divai APMC,2212.74
Uttar Pradesh,Wheat,2024,3,2024-03-01,Doharighat APMC,2267.64
Uttar Pradesh,Wheat,2024,3,2024-03-01,Etah APMC,2372.35
Uttar Pradesh,Wheat,2024,3,2024-03-01,Etawah APMC,2461.63
Uttar Pradesh,Wheat,2024,3,2024-03-01,Farukhabad APMC,2447.27
Uttar Pradesh,Wheat,2024,3,2024-03-01,Fatehabad APMC,
Uttar Pradesh,Wheat,2024,3,2024-03-01,Fatehpur APMC,2413.8
Uttar Pradesh,Wheat,2024,3,2024-03-01,Fatehpur Sikri APMC,
Uttar Pradesh,Wheat,2024,3,2024-03-01,Firozabad APMC,2639.43
Uttar Pradesh,Wheat,2024,3,2024-03-01,Gazipur APMC,2471.55
Uttar Pradesh,Wheat,2024,3,2024-03-01,Ghaziabad APMC,2530.94
Uttar Pradesh,Wheat,2024,3,2024-03-01,Ghiraur APMC,2412.75
Uttar Pradesh,Wheat,2024,3,2024-03-01,Golagokarnath APMC,2450.04
Uttar Pradesh,Wheat,2024,3,2024-03-01,Gonda APMC,2530.14
Uttar Pradesh,Wheat,2024,3,2024-03-01,Gopiganj APMC,2492.84
Uttar Pradesh,Wheat,2024,3,2024-03-01,Gorakhpur APMC,2450.38
Uttar Pradesh,Wheat,2024,3,2024-03-01,Gurusarai APMC,2406.73
Uttar Pradesh,Wheat,2024,3,2024-03-01,Haathras APMC,2505.42
Uttar Pradesh,Wheat,2024,3,2024-03-01,Hapur APMC,2500.94
Uttar Pradesh,Wheat,2024,3,2024-03-01,Hardoi APMC,2423.53
Uttar Pradesh,Wheat,2024,3,2024-03-01,Hargaon (Laharpur) APMC,2300.0
Uttar Pradesh,Wheat,2024,3,2024-03-01,Jafarganj APMC,2487.11
Uttar Pradesh,Wheat,2024,3,2024-03-01,Jagnair APMC,2275.62
Uttar Pradesh,Wheat,2024,3,2024-03-01,Jahanabad APMC,2127.34
Uttar Pradesh,Wheat,2024,3,2024-03-01,Jahangirabad APMC,2516.53
Uttar Pradesh,Wheat,2024,3,2024-03-01,Jalaun APMC,2423.19
Uttar Pradesh,Wheat,2024,3,2024-03-01,Jamanian APMC,
Uttar Pradesh,Wheat,2024,3,2024-03-01,Jangipura APMC,
Uttar Pradesh,Wheat,2024,3,2024-03-01,Jasra APMC,2467.73
Uttar Pradesh,Wheat,2024,3,2024-03-01,Jasvantnagar APMC,
Uttar Pradesh,Wheat,2024,3,2024-03-01,Jaunpur APMC,2443.62
Uttar Pradesh,Wheat,2024,3,2024-03-01,Jayas APMC,2597.83
Uttar Pradesh,Wheat,2024,3,2024-03-01,Jhansi APMC,2456.41
Uttar Pradesh,Wheat,2024,3,2024-03-01,Jhijhank APMC,2478.69
Uttar Pradesh,Wheat,2024,3,2024-03-01,Kadaura APMC,2405.93
Uttar Pradesh,Wheat,2024,3,2024-03-01,Kalpi APMC,
Uttar Pradesh,Wheat,2024,3,2024-03-01,Kannauj APMC,2458.85
Uttar Pradesh,Wheat,2024,3,2024-03-01,Kanpur(Grain) APMC,2513.45
Uttar Pradesh,Wheat,2024,3,2024-03-01,Karvi APMC,2360.22
Uttar Pradesh,Wheat,2024,3,2024-03-01,Kasganj APMC,2375.54
Uttar Pradesh,Wheat,2024,3,2024-03-01,Kayamganj APMC,2467.47
Uttar Pradesh,Wheat,2024,3,2024-03-01,Khaga APMC,2440.08
Uttar Pradesh,Wheat,2024,3,2024-03-01,Khair APMC,2527.42
Uttar Pradesh,Wheat,2024,3,2024-03-01,Khairagarh APMC,2303.68
Uttar Pradesh,Wheat,2024,3,2024-03-01,Khurja APMC,2480.73
Uttar Pradesh,Wheat,2024,3,2024-03-01,Kishunpur APMC,2347.71
Uttar Pradesh,Wheat,2024,3,2024-03-01,Konch APMC,2347.67
Uttar Pradesh,Wheat,2024,3,2024-03-01,Kopaganj APMC,2442.66
Uttar Pradesh,Wheat,2024,3,2024-03-01,Kosikalan APMC,2486.82
Uttar Pradesh,Wheat,2024,3,2024-03-01,Kurara APMC,2265.56
Uttar Pradesh,Wheat,2024,3,2024-03-01,Lakhimpur APMC,2457.7
Uttar Pradesh,Wheat,2024,3,2024-03-01,Lalganj APMC,2351.6
Uttar Pradesh,Wheat,2024,3,2024-03-01,Lalitpur APMC,2481.19
Uttar Pradesh,Wheat,2024,3,2024-03-01,Lucknow APMC,2558.83
Uttar Pradesh,Wheat,2024,3,2024-03-01,Madhoganj APMC,2414.03
Uttar Pradesh,Wheat,2024,3,2024-03-01,Madhogarh APMC,2363.25
Uttar Pradesh,Wheat,2024,3,2024-03-01,Mahoba APMC,2346.76
Uttar Pradesh,Wheat,2024,3,2024-03-01,Maigalganj APMC,2416.92
Uttar Pradesh,Wheat,2024,3,2024-03-01,Mainpuri APMC,2374.63
Uttar Pradesh,Wheat,2024,3,2024-03-01,Mathura APMC,2530.13
Uttar Pradesh,Wheat,2024,3,2024-03-01,Maudaha APMC,2315.78
Uttar Pradesh,Wheat,2024,3,2024-03-01,Mauranipur APMC,2390.12
Uttar Pradesh,Wheat,2024,3,2024-03-01,Mawana APMC,
Uttar Pradesh,Wheat,2024,3,2024-03-01,Meerut APMC,2481.95
Uttar Pradesh,Wheat,2024,3,2024-03-01,Mehmoodabad APMC,2419.08
Uttar Pradesh,Wheat,2024,3,2024-03-01,Mehrauni APMC,2416.73
Uttar Pradesh,Wheat,2024,3,2024-03-01,Milak APMC,2450.0
Uttar Pradesh,Wheat,2024,3,2024-03-01,Mirzapur APMC,2488.83
Uttar Pradesh,Wheat,2024,3,2024-03-01,Mohamadabad APMC,2474.68
Uttar Pradesh,Wheat,2024,3,2024-03-01,Mohammdi APMC,2477.47
Uttar Pradesh,Wheat,2024,3,2024-03-01,Moth APMC,2335.69
Uttar Pradesh,Wheat,2024,3,2024-03-01,Mugrabaadshahpur APMC,2471.3
Uttar Pradesh,Wheat,2024,3,2024-03-01,Muradabad APMC,2493.3
Uttar Pradesh,Wheat,2024,3,2024-03-01,Muradnagar APMC,2540.0
Uttar Pradesh,Wheat,2024,3,2024-03-01,Muskara APMC,2382.57
Uttar Pradesh,Wheat,2024,3,2024-03-01,Muzzafarnagar APMC,2494.51
Uttar Pradesh,Wheat,2024,3,2024-03-01,Naanpara APMC,2439.35
Uttar Pradesh,Wheat,2024,3,2024-03-01,Naugarh APMC,2485.97
Uttar Pradesh,Wheat,2024,3,2024-03-01,Nautnava APMC,2506.25
Uttar Pradesh,Wheat,2024,3,2024-03-01,Nawabganj APMC,2416.54
Uttar Pradesh,Wheat,2024,3,2024-03-01,Orai APMC,2311.77
Uttar Pradesh,Wheat,2024,3,2024-03-01,Paliakala APMC,2352.22
Uttar Pradesh,Wheat,2024,3,2024-03-01,Panchpedwa APMC,2481.97
Uttar Pradesh,Wheat,2024,3,2024-03-01,Partaval APMC,2445.61
Uttar Pradesh,Wheat,2024,3,2024-03-01,Pilibhit APMC,2552.86
Uttar Pradesh,Wheat,2024,3,2024-03-01,Powayan APMC,2468.54
Uttar Pradesh,Wheat,2024,3,2024-03-01,Pratapgarh APMC,2481.32
Uttar Pradesh,Wheat,2024,3,2024-03-01,Prayagraj APMC,2518.79
Uttar Pradesh,Wheat,2024,3,2024-03-01,Pukharayan APMC,2458.67
Uttar Pradesh,Wheat,2024,3,2024-03-01,Puranpur APMC,2546.74
Uttar Pradesh,Wheat,2024,3,2024-03-01,Purwa APMC,2414.79
Uttar Pradesh,Wheat,2024,3,2024-03-01,Raath APMC,
Uttar Pradesh,Wheat,2024,3,2024-03-01,Raibareilly APMC,2367.47
Uttar Pradesh,Wheat,2024,3,2024-03-01,Rampur APMC,2483.07
Uttar Pradesh,Wheat,2024,3,2024-03-01,Rasda APMC,2453.76
Uttar Pradesh,Wheat,2024,3,2024-03-01,Robertsganj APMC,2448.86
Uttar Pradesh,Wheat,2024,3,2024-03-01,Rura APMC,2378.48
Uttar Pradesh,Wheat,2024,3,2024-03-01,Safdarganj APMC,2601.85
Uttar Pradesh,Wheat,2024,3,2024-03-01,Saharanpur APMC,2494.42
Uttar Pradesh,Wheat,2024,3,2024-03-01,Sahiyapur APMC,2448.69
Uttar Pradesh,Wheat,2024,3,2024-03-01,Salon APMC,2352.59
Uttar Pradesh,Wheat,2024,3,2024-03-01,Samsabad APMC,2510.0
Uttar Pradesh,Wheat,2024,3,2024-03-01,Sandi APMC,2415.26
Uttar Pradesh,Wheat,2024,3,2024-03-01,Sandila APMC,2415.94
Uttar Pradesh,Wheat,2024,3,2024-03-01,Sehjanwa APMC,
Uttar Pradesh,Wheat,2024,3,2024-03-01,Shahabad(New Mandi) APMC,2411.42
Uttar Pradesh,Wheat,2024,3,2024-03-01,Shahaswan APMC,2450.0
Uttar Pradesh,Wheat,2024,3,2024-03-01,Shahganj APMC,2425.43
Uttar Pradesh,Wheat,2024,3,2024-03-01,Shahjahanpur APMC,2544.38
Uttar Pradesh,Wheat,2024,3,2024-03-01,Shahpur APMC,2328.31
Uttar Pradesh,Wheat,2024,3,2024-03-01,Shamli APMC,2495.73
Uttar Pradesh,Wheat,2024,3,2024-03-01,Shikohabad APMC,2550.0
Uttar Pradesh,Wheat,2024,3,2024-03-01,Sikanderabad APMC,2500.0
Uttar Pradesh,Wheat,2024,3,2024-03-01,Sikandraraau APMC,2416.01
Uttar Pradesh,Wheat,2024,3,2024-03-01,Sirsa APMC,2350.0
Uttar Pradesh,Wheat,2024,3,2024-03-01,Sirsaganj APMC,
Uttar Pradesh,Wheat,2024,3,2024-03-01,Sitapur APMC,2424.17
Uttar Pradesh,Wheat,2024,3,2024-03-01,Siyana APMC,2426.76
Uttar Pradesh,Wheat,2024,3,2024-03-01,Sultanpur APMC,2450.75
Uttar Pradesh,Wheat,2024,3,2024-03-01,Tamkuhi road APMC,2423.04
Uttar Pradesh,Wheat,2024,3,2024-03-01,Thanabhawan APMC,
Uttar Pradesh,Wheat,2024,3,2024-03-01,Tikonia APMC,2544.63
Uttar Pradesh,Wheat,2024,3,2024-03-01,Tilhar APMC,2266.11
Uttar Pradesh,Wheat,2024,3,2024-03-01,Tulsipur APMC,2428.06
Uttar Pradesh,Wheat,2024,3,2024-03-01,Tundla APMC,2570.83
Uttar Pradesh,Wheat,2024,3,2024-03-01,Ujhani APMC,2526.29
Uttar Pradesh,Wheat,2024,3,2024-03-01,Unnao APMC,2411.3
Uttar Pradesh,Wheat,2024,3,2024-03-01,Uttaripura APMC,2481.65
Uttar Pradesh,Wheat,2024,3,2024-03-01,Varanasi APMC,2474.32
Uttar Pradesh,Wheat,2024,3,2024-03-01,Vilthararoad APMC,2344.58
Uttar Pradesh,Wheat,2024,3,2024-03-01,Viswan APMC,2405.4
Uttar Pradesh,Wheat,2024,3,2024-03-01,Wazirganj APMC,2454.53
Uttar Pradesh,Wheat,2024,3,2024-03-01,Yusufpur APMC,2275.0
Uttar Pradesh,Wheat,2024,3,2024-03-01,Note:,
Uttar Pradesh,Wheat,2024,3,2024-03-01,Weighted Average Price = ∑(arrival quantity * modal price) / ∑arrival quantity,
Uttar Pradesh,Wheat,2024,3,2024-03-01,Change (Over Previous Month) = [Price - Price(Over Previous Month)/Price(Over Previous Month)] * 100,
Uttar Pradesh,Wheat,2024,3,2024-03-01,Change (Over Previous Year) = [Price - Price(Over Previous Year)/Price(Over Previous Year)] * 100,
Uttar Pradesh,Wheat,2024,4,2024-04-01,Achalda APMC,2294.88
Uttar Pradesh,Wheat,2024,4,2024-04-01,Achnera APMC,2328.23
Uttar Pradesh,Wheat,2024,4,2024-04-01,Agra APMC,2333.38
Uttar Pradesh,Wheat,2024,4,2024-04-01,Ahirora APMC,2295.13
Uttar Pradesh,Wheat,2024,4,2024-04-01,Ait APMC,2290.1
Uttar Pradesh,Wheat,2024,4,2024-04-01,Ajuha APMC,2320.75
Uttar Pradesh,Wheat,2024,4,2024-04-01,Akbarpur APMC,2352.21
Uttar Pradesh,Wheat,2024,4,2024-04-01,Aliganj APMC,2281.33
Uttar Pradesh,Wheat,2024,4,2024-04-01,Aligarh APMC,2300.67
Uttar Pradesh,Wheat,2024,4,2024-04-01,Amroha APMC,2330.57
Uttar Pradesh,Wheat,2024,4,2024-04-01,Anandnagar APMC,2335.34
Uttar Pradesh,Wheat,2024,4,2024-04-01,Anoop Shahar APMC,2303.16
Uttar Pradesh,Wheat,2024,4,2024-04-01,Anwala APMC,2316.49
Uttar Pradesh,Wheat,2024,4,2024-04-01,Atarra APMC,2346.58
Uttar Pradesh,Wheat,2024,4,2024-04-01,Atrauli APMC,2311.41
Uttar Pradesh,Wheat,2024,4,2024-04-01,Auraiya APMC,2291.91
Uttar Pradesh,Wheat,2024,4,2024-04-01,Awagarh APMC,2284.79
Uttar Pradesh,Wheat,2024,4,2024-04-01,Ayodhya APMC,2359.92
Uttar Pradesh,Wheat,2024,4,2024-04-01,Azamgarh APMC,2335.47
Uttar Pradesh,Wheat,2024,4,2024-04-01,Baberu APMC,2334.39
Uttar Pradesh,Wheat,2024,4,2024-04-01,Babrala APMC,2316.19
Uttar Pradesh,Wheat,2024,4,2024-04-01,Bachranwa APMC,2306.73
Uttar Pradesh,Wheat,2024,4,2024-04-01,Badayoun APMC,2326.9
Uttar Pradesh,Wheat,2024,4,2024-04-01,Baheri APMC,2370.0
Uttar Pradesh,Wheat,2024,4,2024-04-01,Bahraich APMC,2393.66
Uttar Pradesh,Wheat,2024,4,2024-04-01,Ballia APMC,2315.44
Uttar Pradesh,Wheat,2024,4,2024-04-01,Balrampur APMC,2340.36
Uttar Pradesh,Wheat,2024,4,2024-04-01,Banda APMC,2291.58
Uttar Pradesh,Wheat,2024,4,2024-04-01,Bangarmau APMC,2316.55
Uttar Pradesh,Wheat,2024,4,2024-04-01,Bansi APMC,2340.0
Uttar Pradesh,Wheat,2024,4,2024-04-01,Banthara APMC,2346.84
Uttar Pradesh,Wheat,2024,4,2024-04-01,Barabanki APMC,2366.68
Uttar Pradesh,Wheat,2024,4,2024-04-01,Bareilly APMC,2302.11
Uttar Pradesh,Wheat,2024,4,2024-04-01,Barhaj APMC,
Uttar Pradesh,Wheat,2024,4,2024-04-01,Baripaal APMC,2287.81
Uttar Pradesh,Wheat,2024,4,2024-04-01,Basti APMC,2333.98
Uttar Pradesh,Wheat,2024,4,2024-04-01,Bewar APMC,2309.87
Uttar Pradesh,Wheat,2024,4,2024-04-01,Bharthna APMC,2311.48
Uttar Pradesh,Wheat,2024,4,2024-04-01,Bharuasumerpur APMC,2283.1
Uttar Pradesh,Wheat,2024,4,2024-04-01,Bharwari APMC,2335.0
Uttar Pradesh,Wheat,2024,4,2024-04-01,Bhehjoi APMC,2358.75
Uttar Pradesh,Wheat,2024,4,2024-04-01,Bijnaur APMC,2339.04
Uttar Pradesh,Wheat,2024,4,2024-04-01,Bilaspur APMC,2312.42
Uttar Pradesh,Wheat,2024,4,2024-04-01,Bilsi APMC,2316.1
Uttar Pradesh,Wheat,2024,4,2024-04-01,Bindki APMC,2309.51
Uttar Pradesh,Wheat,2024,4,2024-04-01,Bishalpur APMC,2347.26
Uttar Pradesh,Wheat,2024,4,2024-04-01,Bisoli APMC,2313.82
Uttar Pradesh,Wheat,2024,4,2024-04-01,Buland Shahr APMC,2305.13
Uttar Pradesh,Wheat,2024,4,2024-04-01,Chandausi APMC,2289.94
Uttar Pradesh,Wheat,2024,4,2024-04-01,Chandoli APMC,2341.56
Uttar Pradesh,Wheat,2024,4,2024-04-01,Charkhari APMC,2332.76
Uttar Pradesh,Wheat,2024,4,2024-04-01,Charra APMC,2302.82
Uttar Pradesh,Wheat,2024,4,2024-04-01,Chhibramau APMC,2364.32
Uttar Pradesh,Wheat,2024,4,2024-04-01,Chirgaon APMC,2388.5
Uttar Pradesh,Wheat,2024,4,2024-04-01,Chorichora APMC,2299.34
Uttar Pradesh,Wheat,2024,4,2024-04-01,Choubepur APMC,2329.41
Uttar Pradesh,Wheat,2024,4,2024-04-01,Colonelganj APMC,2320.92
Uttar Pradesh,Wheat,2024,4,2024-04-01,DADRI APMC,2316.2
Uttar Pradesh,Wheat,2024,4,2024-04-01,Dankaur APMC,2335.49
Uttar Pradesh,Wheat,2024,4,2024-04-01,Dataganj APMC,2333.67
Uttar Pradesh,Wheat,2024,4,2024-04-01,Devariya APMC,2359.94
Uttar Pradesh,Wheat,2024,4,2024-04-01,Dhanaura APMC,2296.98
Uttar Pradesh,Wheat,2024,4,2024-04-01,Dibiapur APMC,2292.0
Uttar Pradesh,Wheat,2024,4,2024-04-01,Divai APMC,2315.27
Uttar Pradesh,Wheat,2024,4,2024-04-01,Doharighat APMC,2375.96
Uttar Pradesh,Wheat,2024,4,2024-04-01,Dudhi APMC,2285.46
Uttar Pradesh,Wheat,2024,4,2024-04-01,Etah APMC,2347.28
Uttar Pradesh,Wheat,2024,4,2024-04-01,Etawah APMC,2307.8
Uttar Pradesh,Wheat,2024,4,2024-04-01,Farukhabad APMC,2328.54
Uttar Pradesh,Wheat,2024,4,2024-04-01,Fatehabad APMC,2275.0
Uttar Pradesh,Wheat,2024,4,2024-04-01,Fatehpur APMC,2310.85
Uttar Pradesh,Wheat,2024,4,2024-04-01,Fatehpur Sikri APMC,2345.25
Uttar Pradesh,Wheat,2024,4,2024-04-01,Firozabad APMC,2341.5
Uttar Pradesh,Wheat,2024,4,2024-04-01,Gadaura APMC,2296.36
Uttar Pradesh,Wheat,2024,4,2024-04-01,Gazipur APMC,2311.43
Uttar Pradesh,Wheat,2024,4,2024-04-01,Ghaziabad APMC,2404.13
Uttar Pradesh,Wheat,2024,4,2024-04-01,Ghiraur APMC,2320.6
Uttar Pradesh,Wheat,2024,4,2024-04-01,Golagokarnath APMC,2330.82
Uttar Pradesh,Wheat,2024,4,2024-04-01,Gonda APMC,2320.49
Uttar Pradesh,Wheat,2024,4,2024-04-01,Gopiganj APMC,2317.31
Uttar Pradesh,Wheat,2024,4,2024-04-01,Gorakhpur APMC,2336.1
Uttar Pradesh,Wheat,2024,4,2024-04-01,Gurusarai APMC,2351.82
Uttar Pradesh,Wheat,2024,4,2024-04-01,Haathras APMC,2316.45
Uttar Pradesh,Wheat,2024,4,2024-04-01,Hapur APMC,2331.25
Uttar Pradesh,Wheat,2024,4,2024-04-01,Hardoi APMC,2328.49
Uttar Pradesh,Wheat,2024,4,2024-04-01,Hargaon (Laharpur) APMC,2300.03
Uttar Pradesh,Wheat,2024,4,2024-04-01,Jafarganj APMC,2330.44
Uttar Pradesh,Wheat,2024,4,2024-04-01,Jagnair APMC,2294.45
Uttar Pradesh,Wheat,2024,4,2024-04-01,Jahanabad APMC,2322.18
Uttar Pradesh,Wheat,2024,4,2024-04-01,Jahangirabad APMC,2304.19
Uttar Pradesh,Wheat,2024,4,2024-04-01,Jalaun APMC,2306.1
Uttar Pradesh,Wheat,2024,4,2024-04-01,Jamanian APMC,
Uttar Pradesh,Wheat,2024,4,2024-04-01,Jangipura APMC,2323.7
Uttar Pradesh,Wheat,2024,4,2024-04-01,Jasra APMC,2315.25
Uttar Pradesh,Wheat,2024,4,2024-04-01,Jasvantnagar APMC,2293.69
Uttar Pradesh,Wheat,2024,4,2024-04-01,Jaunpur APMC,2342.37
Uttar Pradesh,Wheat,2024,4,2024-04-01,Jayas APMC,2346.08
Uttar Pradesh,Wheat,2024,4,2024-04-01,Jhansi APMC,2399.8
Uttar Pradesh,Wheat,2024,4,2024-04-01,Jhijhank APMC,2295.54
Uttar Pradesh,Wheat,2024,4,2024-04-01,Kadaura APMC,2308.81
Uttar Pradesh,Wheat,2024,4,2024-04-01,Kalpi APMC,2285.07
Uttar Pradesh,Wheat,2024,4,2024-04-01,Kamlaganj APMC,2318.24
Uttar Pradesh,Wheat,2024,4,2024-04-01,Kannauj APMC,2337.13
Uttar Pradesh,Wheat,2024,4,2024-04-01,Kanpur(Grain) APMC,2349.44
Uttar Pradesh,Wheat,2024,4,2024-04-01,Karvi APMC,2388.31
Uttar Pradesh,Wheat,2024,4,2024-04-01,Kasganj APMC,2331.64
Uttar Pradesh,Wheat,2024,4,2024-04-01,Kayamganj APMC,2331.19
Uttar Pradesh,Wheat,2024,4,2024-04-01,Khaga APMC,2309.75
Uttar Pradesh,Wheat,2024,4,2024-04-01,Khair APMC,2283.49
Uttar Pradesh,Wheat,2024,4,2024-04-01,Khairagarh APMC,2305.38
Uttar Pradesh,Wheat,2024,4,2024-04-01,Khatauli APMC,
Uttar Pradesh,Wheat,2024,4,2024-04-01,Khurja APMC,2311.14
Uttar Pradesh,Wheat,2024,4,2024-04-01,Kishunpur APMC,2304.81
Uttar Pradesh,Wheat,2024,4,2024-04-01,Konch APMC,2298.83
Uttar Pradesh,Wheat,2024,4,2024-04-01,Kopaganj APMC,2317.35
Uttar Pradesh,Wheat,2024,4,2024-04-01,Kosikalan APMC,2331.89
Uttar Pradesh,Wheat,2024,4,2024-04-01,Kurara APMC,2310.97
Uttar Pradesh,Wheat,2024,4,2024-04-01,Lakhimpur APMC,2336.1
Uttar Pradesh,Wheat,2024,4,2024-04-01,Lalganj APMC,2304.52
Uttar Pradesh,Wheat,2024,4,2024-04-01,Lalitpur APMC,2349.23
Uttar Pradesh,Wheat,2024,4,2024-04-01,Lucknow APMC,2374.78
Uttar Pradesh,Wheat,2024,4,2024-04-01,Madhoganj APMC,2319.3
Uttar Pradesh,Wheat,2024,4,2024-04-01,Madhogarh APMC,2347.77
Uttar Pradesh,Wheat,2024,4,2024-04-01,Mahoba APMC,2313.74
Uttar Pradesh,Wheat,2024,4,2024-04-01,Maigalganj APMC,2329.39
Uttar Pradesh,Wheat,2024,4,2024-04-01,Mainpuri APMC,2297.8
Uttar Pradesh,Wheat,2024,4,2024-04-01,Mathura APMC,2301.46
Uttar Pradesh,Wheat,2024,4,2024-04-01,Maudaha APMC,2300.27
Uttar Pradesh,Wheat,2024,4,2024-04-01,Mauranipur APMC,2382.08
Uttar Pradesh,Wheat,2024,4,2024-04-01,Mawana APMC,
Uttar Pradesh,Wheat,2024,4,2024-04-01,Meerut APMC,2555.98
Uttar Pradesh,Wheat,2024,4,2024-04-01,Mehmoodabad APMC,2320.12
Uttar Pradesh,Wheat,2024,4,2024-04-01,Mehrauni APMC,2430.01
Uttar Pradesh,Wheat,2024,4,2024-04-01,Milak APMC,2280.0
Uttar Pradesh,Wheat,2024,4,2024-04-01,Mirzapur APMC,2297.67
Uttar Pradesh,Wheat,2024,4,2024-04-01,Mohamadabad APMC,2360.7
Uttar Pradesh,Wheat,2024,4,2024-04-01,Mohammdi APMC,2380.98
Uttar Pradesh,Wheat,2024,4,2024-04-01,Moth APMC,2358.04
Uttar Pradesh,Wheat,2024,4,2024-04-01,Mugrabaadshahpur APMC,2336.2
Uttar Pradesh,Wheat,2024,4,2024-04-01,Muradabad APMC,2308.28
Uttar Pradesh,Wheat,2024,4,2024-04-01,Muradnagar APMC,2300.0
Uttar Pradesh,Wheat,2024,4,2024-04-01,Muskara APMC,2295.12
Uttar Pradesh,Wheat,2024,4,2024-04-01,Muzzafarnagar APMC,2359.56
Uttar Pradesh,Wheat,2024,4,2024-04-01,Naanpara APMC,2349.54
Uttar Pradesh,Wheat,2024,4,2024-04-01,Naugarh APMC,2333.15
Uttar Pradesh,Wheat,2024,4,2024-04-01,Nautnava APMC,2336.92
Uttar Pradesh,Wheat,2024,4,2024-04-01,Nawabganj APMC,2358.15
Uttar Pradesh,Wheat,2024,4,2024-04-01,Orai APMC,2314.76
Uttar Pradesh,Wheat,2024,4,2024-04-01,Paliakala APMC,2350.0
Uttar Pradesh,Wheat,2024,4,2024-04-01,Panchpedwa APMC,2305.2
Uttar Pradesh,Wheat,2024,4,2024-04-01,Partaval APMC,2349.93
Uttar Pradesh,Wheat,2024,4,2024-04-01,Pilibhit APMC,2331.7
Uttar Pradesh,Wheat,2024,4,2024-04-01,Powayan APMC,2326.12
Uttar Pradesh,Wheat,2024,4,2024-04-01,Pratapgarh APMC,2362.91
Uttar Pradesh,Wheat,2024,4,2024-04-01,Prayagraj APMC,2417.18
Uttar Pradesh,Wheat,2024,4,2024-04-01,Pukharayan APMC,2306.59
Uttar Pradesh,Wheat,2024,4,2024-04-01,Puranpur APMC,2314.45
Uttar Pradesh,Wheat,2024,4,2024-04-01,Purwa APMC,2316.82
Uttar Pradesh,Wheat,2024,4,2024-04-01,Raath APMC,2295.29
Uttar Pradesh,Wheat,2024,4,2024-04-01,Raibareilly APMC,2302.77
Uttar Pradesh,Wheat,2024,4,2024-04-01,Rampur APMC,2330.35
Uttar Pradesh,Wheat,2024,4,2024-04-01,Rasda APMC,2353.72
Uttar Pradesh,Wheat,2024,4,2024-04-01,Richha APMC,2368.33
Uttar Pradesh,Wheat,2024,4,2024-04-01,Robertsganj APMC,2277.74
Uttar Pradesh,Wheat,2024,4,2024-04-01,Rura APMC,2387.39
Uttar Pradesh,Wheat,2024,4,2024-04-01,Safdarganj APMC,2361.07
Uttar Pradesh,Wheat,2024,4,2024-04-01,Saharanpur APMC,2357.56
Uttar Pradesh,Wheat,2024,4,2024-04-01,Sahiyapur APMC,2338.43
Uttar Pradesh,Wheat,2024,4,2024-04-01,Salon APMC,2306.63
Uttar Pradesh,Wheat,2024,4,2024-04-01,Sambhal APMC,
Uttar Pradesh,Wheat,2024,4,2024-04-01,Samsabad APMC,2300.0
Uttar Pradesh,Wheat,2024,4,2024-04-01,Sandi APMC,2320.72
Uttar Pradesh,Wheat,2024,4,2024-04-01,Sandila APMC,2320.78
Uttar Pradesh,Wheat,2024,4,2024-04-01,Sehjanwa APMC,2325.0
Uttar Pradesh,Wheat,2024,4,2024-04-01,Shahabad APMC,2300.01
Uttar Pradesh,Wheat,2024,4,2024-04-01,Shahabad(New Mandi) APMC,2321.7
Uttar Pradesh,Wheat,2024,4,2024-04-01,Shahaswan APMC,2290.0
Uttar Pradesh,Wheat,2024,4,2024-04-01,Shahganj APMC,2322.88
Uttar Pradesh,Wheat,2024,4,2024-04-01,Shahjahanpur APMC,2299.98
Uttar Pradesh,Wheat,2024,4,2024-04-01,Shahpur APMC,2301.91
Uttar Pradesh,Wheat,2024,4,2024-04-01,Shamli APMC,2374.05
Uttar Pradesh,Wheat,2024,4,2024-04-01,Shikohabad APMC,2302.51
Uttar Pradesh,Wheat,2024,4,2024-04-01,Sikanderabad APMC,
Uttar Pradesh,Wheat,2024,4,2024-04-01,Sikandraraau APMC,2291.16
Uttar Pradesh,Wheat,2024,4,2024-04-01,Sikarpur APMC,2305.27
Uttar Pradesh,Wheat,2024,4,2024-04-01,Sirsa APMC,2350.0
Uttar Pradesh,Wheat,2024,4,2024-04-01,Sirsaganj APMC,
Uttar Pradesh,Wheat,2024,4,2024-04-01,Sitapur APMC,2318.23
Uttar Pradesh,Wheat,2024,4,2024-04-01,Siyana APMC,2299.81
Uttar Pradesh,Wheat,2024,4,2024-04-01,Sultanpur APMC,2313.66
Uttar Pradesh,Wheat,2024,4,2024-04-01,Tamkuhi road APMC,2311.19
Uttar Pradesh,Wheat,2024,4,2024-04-01,Thanabhawan APMC,
Uttar Pradesh,Wheat,2024,4,2024-04-01,Tikonia APMC,2292.26
Uttar Pradesh,Wheat,2024,4,2024-04-01,Tilhar APMC,2309.91
Uttar Pradesh,Wheat,2024,4,2024-04-01,Tulsipur APMC,2351.33
Uttar Pradesh,Wheat,2024,4,2024-04-01,Tundla APMC,2319.84
Uttar Pradesh,Wheat,2024,4,2024-04-01,Ujhani APMC,2316.29
Uttar Pradesh,Wheat,2024,4,2024-04-01,Unnao APMC,2331.96
Uttar Pradesh,Wheat,2024,4,2024-04-01,Uttaripura APMC,2321.73
Uttar Pradesh,Wheat,2024,4,2024-04-01,Varanasi APMC,2361.72
Uttar Pradesh,Wheat,2024,4,2024-04-01,Vilthararoad APMC,2285.22
Uttar Pradesh,Wheat,2024,4,2024-04-01,Viswan APMC,2301.02
Uttar Pradesh,Wheat,2024,4,2024-04-01,Wazirganj APMC,2324.87
Uttar Pradesh,Wheat,2024,4,2024-04-01,Yusufpur APMC,2275.0
Uttar Pradesh,Wheat,2024,4,2024-04-01,Note:,
Uttar Pradesh,Wheat,2024,4,2024-04-01,Weighted Average Price = ∑(arrival quantity * modal price) / ∑arrival quantity,
Uttar Pradesh,Wheat,2024,4,2024-04-01,Change (Over Previous Month) = [Price - Price(Over Previous Month)/Price(Over Previous Month)] * 100,
Uttar Pradesh,Wheat,2024,4,2024-04-01,Change (Over Previous Year) = [Price - Price(Over Previous Year)/Price(Over Previous Year)] * 100,
Uttar Pradesh,Wheat,2024,5,2024-05-01,Achalda APMC,2317.44
Uttar Pradesh,Wheat,2024,5,2024-05-01,Achnera APMC,2348.11
Uttar Pradesh,Wheat,2024,5,2024-05-01,Agra APMC,2354.12
Uttar Pradesh,Wheat,2024,5,2024-05-01,Ahirora APMC,2311.87
Uttar Pradesh,Wheat,2024,5,2024-05-01,Ait APMC,2297.43
Uttar Pradesh,Wheat,2024,5,2024-05-01,Ajuha APMC,2308.01
Uttar Pradesh,Wheat,2024,5,2024-05-01,Akbarpur APMC,2359.47
Uttar Pradesh,Wheat,2024,5,2024-05-01,Aliganj APMC,2288.9
Uttar Pradesh,Wheat,2024,5,2024-05-01,Aligarh APMC,2316.62
Uttar Pradesh,Wheat,2024,5,2024-05-01,Amroha APMC,2316.09
Uttar Pradesh,Wheat,2024,5,2024-05-01,Anandnagar APMC,2344.72
Uttar Pradesh,Wheat,2024,5,2024-05-01,Anoop Shahar APMC,2304.74
Uttar Pradesh,Wheat,2024,5,2024-05-01,Anwala APMC,2305.48
Uttar Pradesh,Wheat,2024,5,2024-05-01,Atarra APMC,2350.0
Uttar Pradesh,Wheat,2024,5,2024-05-01,Atrauli APMC,2300.0
Uttar Pradesh,Wheat,2024,5,2024-05-01,Auraiya APMC,2328.23
Uttar Pradesh,Wheat,2024,5,2024-05-01,Awagarh APMC,2336.88
Uttar Pradesh,Wheat,2024,5,2024-05-01,Ayodhya APMC,2367.77
Uttar Pradesh,Wheat,2024,5,2024-05-01,Azamgarh APMC,2301.15
Uttar Pradesh,Wheat,2024,5,2024-05-01,Baberu APMC,2348.82
Uttar Pradesh,Wheat,2024,5,2024-05-01,Babrala APMC,2310.84
Uttar Pradesh,Wheat,2024,5,2024-05-01,Bachranwa APMC,2311.19
Uttar Pradesh,Wheat,2024,5,2024-05-01,Badayoun APMC,2335.08
Uttar Pradesh,Wheat,2024,5,2024-05-01,Baheri APMC,2345.0
Uttar Pradesh,Wheat,2024,5,2024-05-01,Bahraich APMC,2353.42
Uttar Pradesh,Wheat,2024,5,2024-05-01,Ballia APMC,2305.65
Uttar Pradesh,Wheat,2024,5,2024-05-01,Balrampur APMC,2362.03
Uttar Pradesh,Wheat,2024,5,2024-05-01,Banda APMC,2322.32
Uttar Pradesh,Wheat,2024,5,2024-05-01,Bangarmau APMC,2303.62
Uttar Pradesh,Wheat,2024,5,2024-05-01,Bansi APMC,2330.0
Uttar Pradesh,Wheat,2024,5,2024-05-01,Banthara APMC,2361.56
Uttar Pradesh,Wheat,2024,5,2024-05-01,Barabanki APMC,2348.37
Uttar Pradesh,Wheat,2024,5,2024-05-01,Bareilly APMC,2312.14
Uttar Pradesh,Wheat,2024,5,2024-05-01,Barhaj APMC,
Uttar Pradesh,Wheat,2024,5,2024-05-01,Baripaal APMC,2293.02
Uttar Pradesh,Wheat,2024,5,2024-05-01,Basti APMC,2320.62
Uttar Pradesh,Wheat,2024,5,2024-05-01,Bewar APMC,2322.01
Uttar Pradesh,Wheat,2024,5,2024-05-01,Bharthna APMC,2314.72
Uttar Pradesh,Wheat,2024,5,2024-05-01,Bharuasumerpur APMC,2306.86
Uttar Pradesh,Wheat,2024,5,2024-05-01,Bharwari APMC,2304.83
Uttar Pradesh,Wheat,2024,5,2024-05-01,Bhehjoi APMC,2338.31
Uttar Pradesh,Wheat,2024,5,2024-05-01,Bhinga APMC,2354.28
Uttar Pradesh,Wheat,2024,5,2024-05-01,Bijnaur APMC,2297.04
Uttar Pradesh,Wheat,2024,5,2024-05-01,Bilaspur APMC,2322.31
Uttar Pradesh,Wheat,2024,5,2024-05-01,Bilsi APMC,2311.93
Uttar Pradesh,Wheat,2024,5,2024-05-01,Bindki APMC,2314.44
Uttar Pradesh,Wheat,2024,5,2024-05-01,Bishalpur APMC,2350.73
Uttar Pradesh,Wheat,2024,5,2024-05-01,Bisoli APMC,2312.52
Uttar Pradesh,Wheat,2024,5,2024-05-01,Buland Shahr APMC,2317.17
Uttar Pradesh,Wheat,2024,5,2024-05-01,Chandausi APMC,2297.49
Uttar Pradesh,Wheat,2024,5,2024-05-01,Chandoli APMC,2302.09
Uttar Pradesh,Wheat,2024,5,2024-05-01,Charkhari APMC,2319.17
Uttar Pradesh,Wheat,2024,5,2024-05-01,Charra APMC,2321.4
Uttar Pradesh,Wheat,2024,5,2024-05-01,Chhibramau APMC,2339.31
Uttar Pradesh,Wheat,2024,5,2024-05-01,Chirgaon APMC,2369.37
Uttar Pradesh,Wheat,2024,5,2024-05-01,Chorichora APMC,2300.93
Uttar Pradesh,Wheat,2024,5,2024-05-01,Choubepur APMC,2337.26
Uttar Pradesh,Wheat,2024,5,2024-05-01,Colonelganj APMC,2350.0
Uttar Pradesh,Wheat,2024,5,2024-05-01,DADRI APMC,2309.81
Uttar Pradesh,Wheat,2024,5,2024-05-01,Dankaur APMC,2313.43
Uttar Pradesh,Wheat,2024,5,2024-05-01,Dataganj APMC,2329.13
Uttar Pradesh,Wheat,2024,5,2024-05-01,Deoband APMC,2300.0
Uttar Pradesh,Wheat,2024,5,2024-05-01,Devariya APMC,2339.06
Uttar Pradesh,Wheat,2024,5,2024-05-01,Dhanaura APMC,2285.69
Uttar Pradesh,Wheat,2024,5,2024-05-01,Dibiapur APMC,2292.16
Uttar Pradesh,Wheat,2024,5,2024-05-01,Divai APMC,2309.19
Uttar Pradesh,Wheat,2024,5,2024-05-01,Doharighat APMC,2397.54
Uttar Pradesh,Wheat,2024,5,2024-05-01,Dudhi APMC,2289.0
Uttar Pradesh,Wheat,2024,5,2024-05-01,Etah APMC,2348.69
Uttar Pradesh,Wheat,2024,5,2024-05-01,Etawah APMC,2328.51
Uttar Pradesh,Wheat,2024,5,2024-05-01,Farukhabad APMC,2311.5
Uttar Pradesh,Wheat,2024,5,2024-05-01,Fatehabad APMC,
Uttar Pradesh,Wheat,2024,5,2024-05-01,Fatehpur APMC,2313.75
Uttar Pradesh,Wheat,2024,5,2024-05-01,Fatehpur Sikri APMC,2320.17
Uttar Pradesh,Wheat,2024,5,2024-05-01,Firozabad APMC,2335.66
Uttar Pradesh,Wheat,2024,5,2024-05-01,Gadaura APMC,2290.0
Uttar Pradesh,Wheat,2024,5,2024-05-01,Gazipur APMC,2305.68
Uttar Pradesh,Wheat,2024,5,2024-05-01,Ghaziabad APMC,2343.52
Uttar Pradesh,Wheat,2024,5,2024-05-01,Ghiraur APMC,2305.32
Uttar Pradesh,Wheat,2024,5,2024-05-01,Golagokarnath APMC,2331.59
Uttar Pradesh,Wheat,2024,5,2024-05-01,Gonda APMC,2346.57
Uttar Pradesh,Wheat,2024,5,2024-05-01,Gopiganj APMC,2286.41
Uttar Pradesh,Wheat,2024,5,2024-05-01,Gorakhpur APMC,2337.78
Uttar Pradesh,Wheat,2024,5,2024-05-01,Gurusarai APMC,2374.79
Uttar Pradesh,Wheat,2024,5,2024-05-01,Haathras APMC,2326.66
Uttar Pradesh,Wheat,2024,5,2024-05-01,Hapur APMC,2310.35
Uttar Pradesh,Wheat,2024,5,2024-05-01,Hardoi APMC,2329.13
Uttar Pradesh,Wheat,2024,5,2024-05-01,Hargaon (Laharpur) APMC,2307.01
Uttar Pradesh,Wheat,2024,5,2024-05-01,Jafarganj APMC,2332.65
Uttar Pradesh,Wheat,2024,5,2024-05-01,Jagnair APMC,2304.45
Uttar Pradesh,Wheat,2024,5,2024-05-01,Jahanabad APMC,2302.08
Uttar Pradesh,Wheat,2024,5,2024-05-01,Jahangirabad APMC,2314.6
Uttar Pradesh,Wheat,2024,5,2024-05-01,Jalaun APMC,2304.26
Uttar Pradesh,Wheat,2024,5,2024-05-01,Jamanian APMC,
Uttar Pradesh,Wheat,2024,5,2024-05-01,Jangipura APMC,
Uttar Pradesh,Wheat,2024,5,2024-05-01,Jasra APMC,2300.91
Uttar Pradesh,Wheat,2024,5,2024-05-01,Jasvantnagar APMC,2316.55
Uttar Pradesh,Wheat,2024,5,2024-05-01,Jaunpur APMC,2303.54
Uttar Pradesh,Wheat,2024,5,2024-05-01,Jayas APMC,2345.26
Uttar Pradesh,Wheat,2024,5,2024-05-01,Jhansi APMC,2363.2
Uttar Pradesh,Wheat,2024,5,2024-05-01,Jhansi Grain APMC,2366.94
Uttar Pradesh,Wheat,2024,5,2024-05-01,Jhijhank APMC,2306.76
Uttar Pradesh,Wheat,2024,5,2024-05-01,Kadaura APMC,2291.33
Uttar Pradesh,Wheat,2024,5,2024-05-01,Kalpi APMC,4010.0
Uttar Pradesh,Wheat,2024,5,2024-05-01,Kamlaganj APMC,2300.0
Uttar Pradesh,Wheat,2024,5,2024-05-01,Kannauj APMC,2317.38
Uttar Pradesh,Wheat,2024,5,2024-05-01,Kanpur(Grain) APMC,2355.41
Uttar Pradesh,Wheat,2024,5,2024-05-01,Karvi APMC,2373.54
Uttar Pradesh,Wheat,2024,5,2024-05-01,Kasganj APMC,2321.84
Uttar Pradesh,Wheat,2024,5,2024-05-01,Kayamganj APMC,2313.94
Uttar Pradesh,Wheat,2024,5,2024-05-01,Khaga APMC,2317.8
Uttar Pradesh,Wheat,2024,5,2024-05-01,Khair APMC,2300.19
Uttar Pradesh,Wheat,2024,5,2024-05-01,Khairagarh APMC,2336.58
Uttar Pradesh,Wheat,2024,5,2024-05-01,Khatauli APMC,
Uttar Pradesh,Wheat,2024,5,2024-05-01,Khurja APMC,2309.82
Uttar Pradesh,Wheat,2024,5,2024-05-01,Kishunpur APMC,2309.76
Uttar Pradesh,Wheat,2024,5,2024-05-01,Konch APMC,2293.68
Uttar Pradesh,Wheat,2024,5,2024-05-01,Kopaganj APMC,2296.33
Uttar Pradesh,Wheat,2024,5,2024-05-01,Kosikalan APMC,2308.49
Uttar Pradesh,Wheat,2024,5,2024-05-01,Kurara APMC,2306.29
Uttar Pradesh,Wheat,2024,5,2024-05-01,Lakhimpur APMC,2337.84
Uttar Pradesh,Wheat,2024,5,2024-05-01,Lalganj APMC,2312.44
Uttar Pradesh,Wheat,2024,5,2024-05-01,Lalitpur APMC,2390.62
Uttar Pradesh,Wheat,2024,5,2024-05-01,Lediyari APMC,2400.0
Uttar Pradesh,Wheat,2024,5,2024-05-01,Lucknow APMC,2328.07
Uttar Pradesh,Wheat,2024,5,2024-05-01,Madhoganj APMC,2312.7
Uttar Pradesh,Wheat,2024,5,2024-05-01,Madhogarh APMC,2325.13
Uttar Pradesh,Wheat,2024,5,2024-05-01,Mahoba APMC,2329.32
Uttar Pradesh,Wheat,2024,5,2024-05-01,Maigalganj APMC,2310.28
Uttar Pradesh,Wheat,2024,5,2024-05-01,Mainpuri APMC,2305.73
Uttar Pradesh,Wheat,2024,5,2024-05-01,Mathura APMC,2330.85
Uttar Pradesh,Wheat,2024,5,2024-05-01,Maudaha APMC,2300.0
Uttar Pradesh,Wheat,2024,5,2024-05-01,Mauranipur APMC,2378.45
Uttar Pradesh,Wheat,2024,5,2024-05-01,Mawana APMC,2400.0
Uttar Pradesh,Wheat,2024,5,2024-05-01,Meerut APMC,2322.37
Uttar Pradesh,Wheat,2024,5,2024-05-01,Mehmoodabad APMC,2324.77
Uttar Pradesh,Wheat,2024,5,2024-05-01,Mehrauni APMC,2495.04
Uttar Pradesh,Wheat,2024,5,2024-05-01,Milak APMC,2312.31
Uttar Pradesh,Wheat,2024,5,2024-05-01,Mirzapur APMC,2315.18
Uttar Pradesh,Wheat,2024,5,2024-05-01,Mohamadabad APMC,2316.17
Uttar Pradesh,Wheat,2024,5,2024-05-01,Mohammdi APMC,2326.57
Uttar Pradesh,Wheat,2024,5,2024-05-01,Moth APMC,2387.57
Uttar Pradesh,Wheat,2024,5,2024-05-01,Mugrabaadshahpur APMC,2300.34
Uttar Pradesh,Wheat,2024,5,2024-05-01,Muradabad APMC,2306.51
Uttar Pradesh,Wheat,2024,5,2024-05-01,Muradnagar APMC,2330.0
Uttar Pradesh,Wheat,2024,5,2024-05-01,Muskara APMC,2312.61
Uttar Pradesh,Wheat,2024,5,2024-05-01,Muzzafarnagar APMC,2309.99
Uttar Pradesh,Wheat,2024,5,2024-05-01,Naanpara APMC,2341.22
Uttar Pradesh,Wheat,2024,5,2024-05-01,Najibabad APMC,
Uttar Pradesh,Wheat,2024,5,2024-05-01,Naugarh APMC,2333.37
Uttar Pradesh,Wheat,2024,5,2024-05-01,Nautnava APMC,2337.31
Uttar Pradesh,Wheat,2024,5,2024-05-01,Nawabganj APMC,2339.39
Uttar Pradesh,Wheat,2024,5,2024-05-01,Noida APMC,
Uttar Pradesh,Wheat,2024,5,2024-05-01,Orai APMC,2314.32
Uttar Pradesh,Wheat,2024,5,2024-05-01,Paliakala APMC,2350.0
Uttar Pradesh,Wheat,2024,5,2024-05-01,Panchpedwa APMC,2384.51
Uttar Pradesh,Wheat,2024,5,2024-05-01,Partaval APMC,2334.53
Uttar Pradesh,Wheat,2024,5,2024-05-01,Pilibhit APMC,2344.55
Uttar Pradesh,Wheat,2024,5,2024-05-01,Powayan APMC,2332.74
Uttar Pradesh,Wheat,2024,5,2024-05-01,Pratapgarh APMC,2312.46
Uttar Pradesh,Wheat,2024,5,2024-05-01,Prayagraj APMC,
Uttar Pradesh,Wheat,2024,5,2024-05-01,Pukharayan APMC,2299.32
Uttar Pradesh,Wheat,2024,5,2024-05-01,Puranpur APMC,2338.78
Uttar Pradesh,Wheat,2024,5,2024-05-01,Purwa APMC,2328.33
Uttar Pradesh,Wheat,2024,5,2024-05-01,Raath APMC,2343.6
Uttar Pradesh,Wheat,2024,5,2024-05-01,Raibareilly APMC,2303.29
Uttar Pradesh,Wheat,2024,5,2024-05-01,Rampur APMC,2315.39
Uttar Pradesh,Wheat,2024,5,2024-05-01,Rampurmaniharan APMC,2300.0
Uttar Pradesh,Wheat,2024,5,2024-05-01,Rasda APMC,2312.5
Uttar Pradesh,Wheat,2024,5,2024-05-01,Richha APMC,2393.57
Uttar Pradesh,Wheat,2024,5,2024-05-01,Robertsganj APMC,2329.86
Uttar Pradesh,Wheat,2024,5,2024-05-01,Rura APMC,2363.89
Uttar Pradesh,Wheat,2024,5,2024-05-01,Safdarganj APMC,2338.54
Uttar Pradesh,Wheat,2024,5,2024-05-01,Saharanpur APMC,2300.0
Uttar Pradesh,Wheat,2024,5,2024-05-01,Sahiyapur APMC,2347.06
Uttar Pradesh,Wheat,2024,5,2024-05-01,Salon APMC,2320.34
Uttar Pradesh,Wheat,2024,5,2024-05-01,Sambhal APMC,
Uttar Pradesh,Wheat,2024,5,2024-05-01,Samsabad APMC,2349.31
Uttar Pradesh,Wheat,2024,5,2024-05-01,Sandi APMC,2318.84
Uttar Pradesh,Wheat,2024,5,2024-05-01,Sandila APMC,2320.21
Uttar Pradesh,Wheat,2024,5,2024-05-01,Sehjanwa APMC,2340.51
Uttar Pradesh,Wheat,2024,5,2024-05-01,Shahabad APMC,2300.0
Uttar Pradesh,Wheat,2024,5,2024-05-01,Shahabad(New Mandi) APMC,2326.95
Uttar Pradesh,Wheat,2024,5,2024-05-01,Shahaswan APMC,2312.87
Uttar Pradesh,Wheat,2024,5,2024-05-01,Shahganj APMC,2300.47
Uttar Pradesh,Wheat,2024,5,2024-05-01,Shahjahanpur APMC,2311.74
Uttar Pradesh,Wheat,2024,5,2024-05-01,Shahpur APMC,2312.16
Uttar Pradesh,Wheat,2024,5,2024-05-01,Shamli APMC,2304.36
Uttar Pradesh,Wheat,2024,5,2024-05-01,Shikohabad APMC,2303.69
Uttar Pradesh,Wheat,2024,5,2024-05-01,Sikandraraau APMC,2294.71
Uttar Pradesh,Wheat,2024,5,2024-05-01,Sikarpur APMC,2310.83
Uttar Pradesh,Wheat,2024,5,2024-05-01,Sirsa APMC,2350.0
Uttar Pradesh,Wheat,2024,5,2024-05-01,Sirsaganj APMC,
Uttar Pradesh,Wheat,2024,5,2024-05-01,Sitapur APMC,2326.18
Uttar Pradesh,Wheat,2024,5,2024-05-01,Siyana APMC,2301.42
Uttar Pradesh,Wheat,2024,5,2024-05-01,Sultanpur APMC,2324.66
Uttar Pradesh,Wheat,2024,5,2024-05-01,Tamkuhi road APMC,2326.15
Uttar Pradesh,Wheat,2024,5,2024-05-01,Thanabhawan APMC,2308.57
Uttar Pradesh,Wheat,2024,5,2024-05-01,Tikonia APMC,2287.2
Uttar Pradesh,Wheat,2024,5,2024-05-01,Tilhar APMC,2335.28
Uttar Pradesh,Wheat,2024,5,2024-05-01,Tulsipur APMC,2336.6
Uttar Pradesh,Wheat,2024,5,2024-05-01,Tundla APMC,2354.46
Uttar Pradesh,Wheat,2024,5,2024-05-01,Ujhani APMC,2319.91
Uttar Pradesh,Wheat,2024,5,2024-05-01,Unnao APMC,2324.66
Uttar Pradesh,Wheat,2024,5,2024-05-01,Uttaripura APMC,2318.25
Uttar Pradesh,Wheat,2024,5,2024-05-01,Varanasi APMC,2338.47
Uttar Pradesh,Wheat,2024,5,2024-05-01,Vilthararoad APMC,2281.2
Uttar Pradesh,Wheat,2024,5,2024-05-01,Viswan APMC,2305.14
Uttar Pradesh,Wheat,2024,5,2024-05-01,Wazirganj APMC,2328.03
Uttar Pradesh,Wheat,2024,5,2024-05-01,Yusufpur APMC,2350.0
Uttar Pradesh,Wheat,2024,5,2024-05-01,Note:,
Uttar Pradesh,Wheat,2024,5,2024-05-01,Weighted Average Price = ∑(arrival quantity * modal price) / ∑arrival quantity,
Uttar Pradesh,Wheat,2024,5,2024-05-01,Change (Over Previous Month) = [Price - Price(Over Previous Month)/Price(Over Previous Month)] * 100,
Uttar Pradesh,Wheat,2024,5,2024-05-01,Change (Over Previous Year) = [Price - Price(Over Previous Year)/Price(Over Previous Year)] * 100,
Uttar Pradesh,Wheat,2024,6,2024-06-01,Achalda APMC,2398.42
Uttar Pradesh,Wheat,2024,6,2024-06-01,Achnera APMC,2444.3
Uttar Pradesh,Wheat,2024,6,2024-06-01,Agra APMC,2419.55
Uttar Pradesh,Wheat,2024,6,2024-06-01,Ahirora APMC,2370.22
Uttar Pradesh,Wheat,2024,6,2024-06-01,Ait APMC,2411.34
Uttar Pradesh,Wheat,2024,6,2024-06-01,Ajuha APMC,2406.85
Uttar Pradesh,Wheat,2024,6,2024-06-01,Akbarpur APMC,2394.3
Uttar Pradesh,Wheat,2024,6,2024-06-01,Aliganj APMC,2300.07
Uttar Pradesh,Wheat,2024,6,2024-06-01,Aligarh APMC,2397.26
Uttar Pradesh,Wheat,2024,6,2024-06-01,Amroha APMC,2380.28
Uttar Pradesh,Wheat,2024,6,2024-06-01,Anandnagar APMC,2344.67
Uttar Pradesh,Wheat,2024,6,2024-06-01,Anoop Shahar APMC,2377.96
Uttar Pradesh,Wheat,2024,6,2024-06-01,Anwala APMC,2331.79
Uttar Pradesh,Wheat,2024,6,2024-06-01,Atarra APMC,2358.3
Uttar Pradesh,Wheat,2024,6,2024-06-01,Atrauli APMC,2303.84
Uttar Pradesh,Wheat,2024,6,2024-06-01,Auraiya APMC,2402.38
Uttar Pradesh,Wheat,2024,6,2024-06-01,Awagarh APMC,2294.43
Uttar Pradesh,Wheat,2024,6,2024-06-01,Ayodhya APMC,2396.79
Uttar Pradesh,Wheat,2024,6,2024-06-01,Azamgarh APMC,2327.92
Uttar Pradesh,Wheat,2024,6,2024-06-01,Baberu APMC,2350.0
Uttar Pradesh,Wheat,2024,6,2024-06-01,Babrala APMC,2341.14
Uttar Pradesh,Wheat,2024,6,2024-06-01,Bachranwa APMC,2355.94
Uttar Pradesh,Wheat,2024,6,2024-06-01,Badayoun APMC,2388.49
Uttar Pradesh,Wheat,2024,6,2024-06-01,Baheri APMC,
Uttar Pradesh,Wheat,2024,6,2024-06-01,Bahraich APMC,2380.94
Uttar Pradesh,Wheat,2024,6,2024-06-01,Ballia APMC,2332.71
Uttar Pradesh,Wheat,2024,6,2024-06-01,Balrampur APMC,2407.75
Uttar Pradesh,Wheat,2024,6,2024-06-01,Banda APMC,2355.66
Uttar Pradesh,Wheat,2024,6,2024-06-01,Bangarmau APMC,2385.2
Uttar Pradesh,Wheat,2024,6,2024-06-01,Bansi APMC,
Uttar Pradesh,Wheat,2024,6,2024-06-01,Banthara APMC,2395.7
Uttar Pradesh,Wheat,2024,6,2024-06-01,Barabanki APMC,2401.38
Uttar Pradesh,Wheat,2024,6,2024-06-01,Bareilly APMC,2360.86
Uttar Pradesh,Wheat,2024,6,2024-06-01,Barhaj APMC,
Uttar Pradesh,Wheat,2024,6,2024-06-01,Baripaal APMC,2360.25
Uttar Pradesh,Wheat,2024,6,2024-06-01,Basti APMC,2379.02
Uttar Pradesh,Wheat,2024,6,2024-06-01,Bewar APMC,2341.3
Uttar Pradesh,Wheat,2024,6,2024-06-01,Bharthna APMC,2375.1
Uttar Pradesh,Wheat,2024,6,2024-06-01,Bharuasumerpur APMC,2391.97
Uttar Pradesh,Wheat,2024,6,2024-06-01,Bharwari APMC,2414.82
Uttar Pradesh,Wheat,2024,6,2024-06-01,Bhehjoi APMC,2340.0
Uttar Pradesh,Wheat,2024,6,2024-06-01,Bhinga APMC,2377.48
Uttar Pradesh,Wheat,2024,6,2024-06-01,Bijnaur APMC,2375.42
Uttar Pradesh,Wheat,2024,6,2024-06-01,Bilaspur APMC,
Uttar Pradesh,Wheat,2024,6,2024-06-01,Bilsi APMC,2379.97
Uttar Pradesh,Wheat,2024,6,2024-06-01,Bindki APMC,2416.35
Uttar Pradesh,Wheat,2024,6,2024-06-01,Bishalpur APMC,2393.86
Uttar Pradesh,Wheat,2024,6,2024-06-01,Bisoli APMC,2332.01
Uttar Pradesh,Wheat,2024,6,2024-06-01,Buland Shahr APMC,2419.31
Uttar Pradesh,Wheat,2024,6,2024-06-01,Chandausi APMC,2390.75
Uttar Pradesh,Wheat,2024,6,2024-06-01,Chandoli APMC,2329.32
Uttar Pradesh,Wheat,2024,6,2024-06-01,Charkhari APMC,2359.07
Uttar Pradesh,Wheat,2024,6,2024-06-01,Charra APMC,2384.93
Uttar Pradesh,Wheat,2024,6,2024-06-01,Chhibramau APMC,2343.49
Uttar Pradesh,Wheat,2024,6,2024-06-01,Chirgaon APMC,2431.57
Uttar Pradesh,Wheat,2024,6,2024-06-01,Chorichora APMC,2326.56
Uttar Pradesh,Wheat,2024,6,2024-06-01,Choubepur APMC,2402.68
Uttar Pradesh,Wheat,2024,6,2024-06-01,Colonelganj APMC,
Uttar Pradesh,Wheat,2024,6,2024-06-01,DADRI APMC,2380.99
Uttar Pradesh,Wheat,2024,6,2024-06-01,Dankaur APMC,2355.05
Uttar Pradesh,Wheat,2024,6,2024-06-01,Dataganj APMC,2342.83
Uttar Pradesh,Wheat,2024,6,2024-06-01,Deoband APMC,2400.0
Uttar Pradesh,Wheat,2024,6,2024-06-01,Devariya APMC,2351.49
Uttar Pradesh,Wheat,2024,6,2024-06-01,Dhanaura APMC,2290.56
Uttar Pradesh,Wheat,2024,6,2024-06-01,Dibiapur APMC,
Uttar Pradesh,Wheat,2024,6,2024-06-01,Divai APMC,2314.44
Uttar Pradesh,Wheat,2024,6,2024-06-01,Doharighat APMC,2381.75
Uttar Pradesh,Wheat,2024,6,2024-06-01,Dudhi APMC,2400.0
Uttar Pradesh,Wheat,2024,6,2024-06-01,Etah APMC,2351.01
Uttar Pradesh,Wheat,2024,6,2024-06-01,Etawah APMC,2380.75
Uttar Pradesh,Wheat,2024,6,2024-06-01,Farukhabad APMC,2378.79
Uttar Pradesh,Wheat,2024,6,2024-06-01,Fatehabad APMC,
Uttar Pradesh,Wheat,2024,6,2024-06-01,Fatehpur APMC,2401.97
Uttar Pradesh,Wheat,2024,6,2024-06-01,Fatehpur Sikri APMC,
Uttar Pradesh,Wheat,2024,6,2024-06-01,Firozabad APMC,2426.41
Uttar Pradesh,Wheat,2024,6,2024-06-01,Gadaura APMC,2321.0
Uttar Pradesh,Wheat,2024,6,2024-06-01,Gazipur APMC,2350.0
Uttar Pradesh,Wheat,2024,6,2024-06-01,Ghaziabad APMC,2366.11
Uttar Pradesh,Wheat,2024,6,2024-06-01,Ghiraur APMC,2398.28
Uttar Pradesh,Wheat,2024,6,2024-06-01,Golagokarnath APMC,2385.89
Uttar Pradesh,Wheat,2024,6,2024-06-01,Gonda APMC,2455.77
Uttar Pradesh,Wheat,2024,6,2024-06-01,Gopiganj APMC,2303.27
Uttar Pradesh,Wheat,2024,6,2024-06-01,Gorakhpur APMC,2348.82
Uttar Pradesh,Wheat,2024,6,2024-06-01,Gurusarai APMC,2495.23
Uttar Pradesh,Wheat,2024,6,2024-06-01,Haathras APMC,2382.29
Uttar Pradesh,Wheat,2024,6,2024-06-01,Hapur APMC,2408.45
Uttar Pradesh,Wheat,2024,6,2024-06-01,Hardoi APMC,2374.78
Uttar Pradesh,Wheat,2024,6,2024-06-01,Hargaon (Laharpur) APMC,2367.95
Uttar Pradesh,Wheat,2024,6,2024-06-01,Jafarganj APMC,2420.48
Uttar Pradesh,Wheat,2024,6,2024-06-01,Jagnair APMC,2342.38
Uttar Pradesh,Wheat,2024,6,2024-06-01,Jahanabad APMC,2303.0
Uttar Pradesh,Wheat,2024,6,2024-06-01,Jahangirabad APMC,2412.77
Uttar Pradesh,Wheat,2024,6,2024-06-01,Jalaun APMC,2349.0
Uttar Pradesh,Wheat,2024,6,2024-06-01,Jangipura APMC,
Uttar Pradesh,Wheat,2024,6,2024-06-01,Jasra APMC,2400.0
Uttar Pradesh,Wheat,2024,6,2024-06-01,Jasvantnagar APMC,2371.84
Uttar Pradesh,Wheat,2024,6,2024-06-01,Jaunpur APMC,2339.41
Uttar Pradesh,Wheat,2024,6,2024-06-01,Jayas APMC,2420.67
Uttar Pradesh,Wheat,2024,6,2024-06-01,Jhansi APMC,
Uttar Pradesh,Wheat,2024,6,2024-06-01,Jhansi Grain APMC,2460.89
Uttar Pradesh,Wheat,2024,6,2024-06-01,Jhijhank APMC,2380.82
Uttar Pradesh,Wheat,2024,6,2024-06-01,Kadaura APMC,2374.33
Uttar Pradesh,Wheat,2024,6,2024-06-01,Kalpi APMC,2327.66
Uttar Pradesh,Wheat,2024,6,2024-06-01,Kamlaganj APMC,2362.65
Uttar Pradesh,Wheat,2024,6,2024-06-01,Kannauj APMC,2366.93
Uttar Pradesh,Wheat,2024,6,2024-06-01,Kanpur(Grain) APMC,2444.34
Uttar Pradesh,Wheat,2024,6,2024-06-01,Karvi APMC,2397.06
Uttar Pradesh,Wheat,2024,6,2024-06-01,Kasganj APMC,2361.93
Uttar Pradesh,Wheat,2024,6,2024-06-01,Kayamganj APMC,2373.18
Uttar Pradesh,Wheat,2024,6,2024-06-01,Khaga APMC,2407.46
Uttar Pradesh,Wheat,2024,6,2024-06-01,Khair APMC,2398.44
Uttar Pradesh,Wheat,2024,6,2024-06-01,Khairagarh APMC,2438.7
Uttar Pradesh,Wheat,2024,6,2024-06-01,Khalilabad APMC,2420.0
Uttar Pradesh,Wheat,2024,6,2024-06-01,Khurja APMC,2411.06
Uttar Pradesh,Wheat,2024,6,2024-06-01,Kishunpur APMC,2400.15
Uttar Pradesh,Wheat,2024,6,2024-06-01,Konch APMC,2352.6
Uttar Pradesh,Wheat,2024,6,2024-06-01,Kopaganj APMC,2375.0
Uttar Pradesh,Wheat,2024,6,2024-06-01,Kosikalan APMC,2397.93
Uttar Pradesh,Wheat,2024,6,2024-06-01,Kurara APMC,2356.16
Uttar Pradesh,Wheat,2024,6,2024-06-01,Lakhimpur APMC,2398.35
Uttar Pradesh,Wheat,2024,6,2024-06-01,Lalganj APMC,2389.33
Uttar Pradesh,Wheat,2024,6,2024-06-01,Lalitpur APMC,2444.54
Uttar Pradesh,Wheat,2024,6,2024-06-01,Lediyari APMC,2399.15
Uttar Pradesh,Wheat,2024,6,2024-06-01,Lucknow APMC,2385.22
Uttar Pradesh,Wheat,2024,6,2024-06-01,Madhoganj APMC,2375.02
Uttar Pradesh,Wheat,2024,6,2024-06-01,Madhogarh APMC,2336.85
Uttar Pradesh,Wheat,2024,6,2024-06-01,Mahoba APMC,2371.14
Uttar Pradesh,Wheat,2024,6,2024-06-01,Maigalganj APMC,2326.52
Uttar Pradesh,Wheat,2024,6,2024-06-01,Mainpuri APMC,2367.72
Uttar Pradesh,Wheat,2024,6,2024-06-01,Manjhanpur APMC,2399.58
Uttar Pradesh,Wheat,2024,6,2024-06-01,Mathura APMC,2439.85
Uttar Pradesh,Wheat,2024,6,2024-06-01,Maudaha APMC,2300.0
Uttar Pradesh,Wheat,2024,6,2024-06-01,Mauranipur APMC,2439.28
Uttar Pradesh,Wheat,2024,6,2024-06-01,Mawana APMC,2400.0
Uttar Pradesh,Wheat,2024,6,2024-06-01,Meerut APMC,2416.42
Uttar Pradesh,Wheat,2024,6,2024-06-01,Mehmoodabad APMC,2370.2
Uttar Pradesh,Wheat,2024,6,2024-06-01,Mehrauni APMC,2400.0
Uttar Pradesh,Wheat,2024,6,2024-06-01,Milak APMC,
Uttar Pradesh,Wheat,2024,6,2024-06-01,Mirzapur APMC,2374.54
Uttar Pradesh,Wheat,2024,6,2024-06-01,Mohamadabad APMC,2374.99
Uttar Pradesh,Wheat,2024,6,2024-06-01,Mohammdi APMC,2384.93
Uttar Pradesh,Wheat,2024,6,2024-06-01,Moth APMC,2464.02
Uttar Pradesh,Wheat,2024,6,2024-06-01,Mugrabaadshahpur APMC,2338.65
Uttar Pradesh,Wheat,2024,6,2024-06-01,Muradabad APMC,2368.57
Uttar Pradesh,Wheat,2024,6,2024-06-01,Muradnagar APMC,2400.0
Uttar Pradesh,Wheat,2024,6,2024-06-01,Muskara APMC,2377.63
Uttar Pradesh,Wheat,2024,6,2024-06-01,Muzzafarnagar APMC,2372.4
Uttar Pradesh,Wheat,2024,6,2024-06-01,Naanpara APMC,2375.81
Uttar Pradesh,Wheat,2024,6,2024-06-01,Naugarh APMC,2371.29
Uttar Pradesh,Wheat,2024,6,2024-06-01,Nautnava APMC,2348.03
Uttar Pradesh,Wheat,2024,6,2024-06-01,Nawabganj APMC,2402.73
Uttar Pradesh,Wheat,2024,6,2024-06-01,Noida APMC,
Uttar Pradesh,Wheat,2024,6,2024-06-01,Orai APMC,2355.27
Uttar Pradesh,Wheat,2024,6,2024-06-01,Paliakala APMC,2350.0
Uttar Pradesh,Wheat,2024,6,2024-06-01,Panchpedwa APMC,2421.59
Uttar Pradesh,Wheat,2024,6,2024-06-01,Partaval APMC,2343.9
Uttar Pradesh,Wheat,2024,6,2024-06-01,Pilibhit APMC,2383.94
Uttar Pradesh,Wheat,2024,6,2024-06-01,Powayan APMC,2406.52
Uttar Pradesh,Wheat,2024,6,2024-06-01,Pratapgarh APMC,2388.2
Uttar Pradesh,Wheat,2024,6,2024-06-01,Prayagraj APMC,
Uttar Pradesh,Wheat,2024,6,2024-06-01,Pukharayan APMC,2335.34
Uttar Pradesh,Wheat,2024,6,2024-06-01,Puranpur APMC,2377.67
Uttar Pradesh,Wheat,2024,6,2024-06-01,Purwa APMC,2409.25
Uttar Pradesh,Wheat,2024,6,2024-06-01,Raath APMC,2350.0
Uttar Pradesh,Wheat,2024,6,2024-06-01,Raibareilly APMC,2345.32
Uttar Pradesh,Wheat,2024,6,2024-06-01,Rampur APMC,2374.74
Uttar Pradesh,Wheat,2024,6,2024-06-01,Rampurmaniharan APMC,2400.0
Uttar Pradesh,Wheat,2024,6,2024-06-01,Rasda APMC,2324.14
Uttar Pradesh,Wheat,2024,6,2024-06-01,Richha APMC,
Uttar Pradesh,Wheat,2024,6,2024-06-01,Robertsganj APMC,2351.69
Uttar Pradesh,Wheat,2024,6,2024-06-01,Rura APMC,2400.0
Uttar Pradesh,Wheat,2024,6,2024-06-01,Safdarganj APMC,2432.86
Uttar Pradesh,Wheat,2024,6,2024-06-01,Saharanpur APMC,2361.36
Uttar Pradesh,Wheat,2024,6,2024-06-01,Sahiyapur APMC,2367.49
Uttar Pradesh,Wheat,2024,6,2024-06-01,Salon APMC,2375.03
Uttar Pradesh,Wheat,2024,6,2024-06-01,Samsabad APMC,2331.82
Uttar Pradesh,Wheat,2024,6,2024-06-01,Sandi APMC,2378.7
Uttar Pradesh,Wheat,2024,6,2024-06-01,Sandila APMC,2379.47
Uttar Pradesh,Wheat,2024,6,2024-06-01,Sehjanwa APMC,
Uttar Pradesh,Wheat,2024,6,2024-06-01,Shahabad APMC,2300.0
Uttar Pradesh,Wheat,2024,6,2024-06-01,Shahabad(New Mandi) APMC,2378.39
Uttar Pradesh,Wheat,2024,6,2024-06-01,Shahaswan APMC,2405.45
Uttar Pradesh,Wheat,2024,6,2024-06-01,Shahganj APMC,2333.67
Uttar Pradesh,Wheat,2024,6,2024-06-01,Shahjahanpur APMC,2386.04
Uttar Pradesh,Wheat,2024,6,2024-06-01,Shahpur APMC,2310.72
Uttar Pradesh,Wheat,2024,6,2024-06-01,Shamli APMC,2353.8
Uttar Pradesh,Wheat,2024,6,2024-06-01,Shikohabad APMC,2357.45
Uttar Pradesh,Wheat,2024,6,2024-06-01,Sikandraraau APMC,2331.85
Uttar Pradesh,Wheat,2024,6,2024-06-01,Sikarpur APMC,2387.59
Uttar Pradesh,Wheat,2024,6,2024-06-01,Sirsa APMC,2457.7
Uttar Pradesh,Wheat,2024,6,2024-06-01,Sirsaganj APMC,
Uttar Pradesh,Wheat,2024,6,2024-06-01,Sitapur APMC,2379.03
Uttar Pradesh,Wheat,2024,6,2024-06-01,Siyana APMC,2395.95
Uttar Pradesh,Wheat,2024,6,2024-06-01,Sultanpur APMC,2435.44
Uttar Pradesh,Wheat,2024,6,2024-06-01,Tamkuhi road APMC,2324.94
Uttar Pradesh,Wheat,2024,6,2024-06-01,Thanabhawan APMC,2350.0
Uttar Pradesh,Wheat,2024,6,2024-06-01,Tikonia APMC,2361.32
Uttar Pradesh,Wheat,2024,6,2024-06-01,Tilhar APMC,2343.83
Uttar Pradesh,Wheat,2024,6,2024-06-01,Tulsipur APMC,2353.57
Uttar Pradesh,Wheat,2024,6,2024-06-01,Tundla APMC,2447.13
Uttar Pradesh,Wheat,2024,6,2024-06-01,Ujhani APMC,2381.7
Uttar Pradesh,Wheat,2024,6,2024-06-01,Unnao APMC,2410.56
Uttar Pradesh,Wheat,2024,6,2024-06-01,Uttaripura APMC,2370.12
Uttar Pradesh,Wheat,2024,6,2024-06-01,Varanasi APMC,2399.03
Uttar Pradesh,Wheat,2024,6,2024-06-01,Vilthararoad APMC,2322.5
Uttar Pradesh,Wheat,2024,6,2024-06-01,Viswan APMC,2355.57
Uttar Pradesh,Wheat,2024,6,2024-06-01,Wazirganj APMC,2375.45
Uttar Pradesh,Wheat,2024,6,2024-06-01,Yusufpur APMC,
Uttar Pradesh,Wheat,2024,6,2024-06-01,Note:,
Uttar Pradesh,Wheat,2024,6,2024-06-01,Weighted Average Price = ∑(arrival quantity * modal price) / ∑arrival quantity,
Uttar Pradesh,Wheat,2024,6,2024-06-01,Change (Over Previous Month) = [Price - Price(Over Previous Month)/Price(Over Previous Month)] * 100,
Uttar Pradesh,Wheat,2024,6,2024-06-01,Change (Over Previous Year) = [Price - Price(Over Previous Year)/Price(Over Previous Year)] * 100,
Uttar Pradesh,Wheat,2024,7,2024-07-01,Achalda APMC,2421.4
Uttar Pradesh,Wheat,2024,7,2024-07-01,Achnera APMC,2475.44
Uttar Pradesh,Wheat,2024,7,2024-07-01,Agra APMC,2462.86
Uttar Pradesh,Wheat,2024,7,2024-07-01,Ahirora APMC,
Uttar Pradesh,Wheat,2024,7,2024-07-01,Ait APMC,2458.87
Uttar Pradesh,Wheat,2024,7,2024-07-01,Ajuha APMC,2420.18
Uttar Pradesh,Wheat,2024,7,2024-07-01,Akbarpur APMC,2420.93
Uttar Pradesh,Wheat,2024,7,2024-07-01,Aliganj APMC,2330.27
Uttar Pradesh,Wheat,2024,7,2024-07-01,Aligarh APMC,2439.2
Uttar Pradesh,Wheat,2024,7,2024-07-01,Amroha APMC,2445.95
Uttar Pradesh,Wheat,2024,7,2024-07-01,Anandnagar APMC,2359.72
Uttar Pradesh,Wheat,2024,7,2024-07-01,Anoop Shahar APMC,2446.45
Uttar Pradesh,Wheat,2024,7,2024-07-01,Anwala APMC,
Uttar Pradesh,Wheat,2024,7,2024-07-01,Atarra APMC,2352.03
Uttar Pradesh,Wheat,2024,7,2024-07-01,Atrauli APMC,2329.76
Uttar Pradesh,Wheat,2024,7,2024-07-01,Auraiya APMC,2427.52
Uttar Pradesh,Wheat,2024,7,2024-07-01,Awagarh APMC,
Uttar Pradesh,Wheat,2024,7,2024-07-01,Ayodhya APMC,2469.66
Uttar Pradesh,Wheat,2024,7,2024-07-01,Azamgarh APMC,2419.19
Uttar Pradesh,Wheat,2024,7,2024-07-01,Baberu APMC,2350.0
Uttar Pradesh,Wheat,2024,7,2024-07-01,Babrala APMC,2399.14
Uttar Pradesh,Wheat,2024,7,2024-07-01,Bachranwa APMC,2371.88
Uttar Pradesh,Wheat,2024,7,2024-07-01,Badayoun APMC,2414.05
Uttar Pradesh,Wheat,2024,7,2024-07-01,Badda APMC,
Uttar Pradesh,Wheat,2024,7,2024-07-01,Bahraich APMC,2403.68
Uttar Pradesh,Wheat,2024,7,2024-07-01,Ballia APMC,2417.39
Uttar Pradesh,Wheat,2024,7,2024-07-01,Balrampur APMC,2460.95
Uttar Pradesh,Wheat,2024,7,2024-07-01,Banda APMC,2431.5
Uttar Pradesh,Wheat,2024,7,2024-07-01,Bangarmau APMC,2423.04
Uttar Pradesh,Wheat,2024,7,2024-07-01,Bansi APMC,
Uttar Pradesh,Wheat,2024,7,2024-07-01,Banthara APMC,2429.66
Uttar Pradesh,Wheat,2024,7,2024-07-01,Barabanki APMC,2433.32
Uttar Pradesh,Wheat,2024,7,2024-07-01,Baraut APMC,2477.74
Uttar Pradesh,Wheat,2024,7,2024-07-01,Bareilly APMC,2395.2
Uttar Pradesh,Wheat,2024,7,2024-07-01,Barhaj APMC,
Uttar Pradesh,Wheat,2024,7,2024-07-01,Baripaal APMC,2379.7
Uttar Pradesh,Wheat,2024,7,2024-07-01,Basti APMC,2427.62
Uttar Pradesh,Wheat,2024,7,2024-07-01,Bewar APMC,2341.04
Uttar Pradesh,Wheat,2024,7,2024-07-01,Bharthna APMC,2383.81
Uttar Pradesh,Wheat,2024,7,2024-07-01,Bharuasumerpur APMC,2437.04
Uttar Pradesh,Wheat,2024,7,2024-07-01,Bharwari APMC,2424.21
Uttar Pradesh,Wheat,2024,7,2024-07-01,Bhehjoi APMC,2375.91
Uttar Pradesh,Wheat,2024,7,2024-07-01,Bhinga APMC,2465.73
Uttar Pradesh,Wheat,2024,7,2024-07-01,Bijnaur APMC,2433.59
Uttar Pradesh,Wheat,2024,7,2024-07-01,Bilsi APMC,2381.94
Uttar Pradesh,Wheat,2024,7,2024-07-01,Bindki APMC,2418.61
Uttar Pradesh,Wheat,2024,7,2024-07-01,Bishalpur APMC,2441.4
Uttar Pradesh,Wheat,2024,7,2024-07-01,Bisoli APMC,2338.43
Uttar Pradesh,Wheat,2024,7,2024-07-01,Buland Shahr APMC,2480.38
Uttar Pradesh,Wheat,2024,7,2024-07-01,Chandausi APMC,2453.55
Uttar Pradesh,Wheat,2024,7,2024-07-01,Chandoli APMC,2431.56
Uttar Pradesh,Wheat,2024,7,2024-07-01,Charkhari APMC,2368.2
Uttar Pradesh,Wheat,2024,7,2024-07-01,Charra APMC,2396.43
Uttar Pradesh,Wheat,2024,7,2024-07-01,Chhibramau APMC,2445.38
Uttar Pradesh,Wheat,2024,7,2024-07-01,Chirgaon APMC,2492.08
Uttar Pradesh,Wheat,2024,7,2024-07-01,Chorichora APMC,2399.71
Uttar Pradesh,Wheat,2024,7,2024-07-01,Choubepur APMC,2465.07
Uttar Pradesh,Wheat,2024,7,2024-07-01,Colonelganj APMC,2340.97
Uttar Pradesh,Wheat,2024,7,2024-07-01,DADRI APMC,2461.36
Uttar Pradesh,Wheat,2024,7,2024-07-01,Dankaur APMC,2450.0
Uttar Pradesh,Wheat,2024,7,2024-07-01,Dataganj APMC,2380.77
Uttar Pradesh,Wheat,2024,7,2024-07-01,Deoband APMC,2480.0
Uttar Pradesh,Wheat,2024,7,2024-07-01,Devariya APMC,2420.58
Uttar Pradesh,Wheat,2024,7,2024-07-01,Dhanaura APMC,2290.57
Uttar Pradesh,Wheat,2024,7,2024-07-01,Dibiapur APMC,
Uttar Pradesh,Wheat,2024,7,2024-07-01,Divai APMC,2353.95
Uttar Pradesh,Wheat,2024,7,2024-07-01,Doharighat APMC,
Uttar Pradesh,Wheat,2024,7,2024-07-01,Dudhi APMC,2400.0
Uttar Pradesh,Wheat,2024,7,2024-07-01,Etah APMC,2404.05
Uttar Pradesh,Wheat,2024,7,2024-07-01,Etawah APMC,2390.36
Uttar Pradesh,Wheat,2024,7,2024-07-01,Farukhabad APMC,2461.09
Uttar Pradesh,Wheat,2024,7,2024-07-01,Fatehpur APMC,2405.68
Uttar Pradesh,Wheat,2024,7,2024-07-01,Fatehpur Sikri APMC,2469.18
Uttar Pradesh,Wheat,2024,7,2024-07-01,Firozabad APMC,2478.16
Uttar Pradesh,Wheat,2024,7,2024-07-01,Gadaura APMC,2320.0
Uttar Pradesh,Wheat,2024,7,2024-07-01,Gazipur APMC,2424.97
Uttar Pradesh,Wheat,2024,7,2024-07-01,Ghaziabad APMC,2483.4
Uttar Pradesh,Wheat,2024,7,2024-07-01,Ghiraur APMC,2404.47
Uttar Pradesh,Wheat,2024,7,2024-07-01,Golagokarnath APMC,2421.11
Uttar Pradesh,Wheat,2024,7,2024-07-01,Gonda APMC,2487.33
Uttar Pradesh,Wheat,2024,7,2024-07-01,Gopiganj APMC,2413.43
Uttar Pradesh,Wheat,2024,7,2024-07-01,Gorakhpur APMC,2417.59
Uttar Pradesh,Wheat,2024,7,2024-07-01,Gurusarai APMC,2453.92
Uttar Pradesh,Wheat,2024,7,2024-07-01,Haathras APMC,2439.18
Uttar Pradesh,Wheat,2024,7,2024-07-01,Hapur APMC,2481.62
Uttar Pradesh,Wheat,2024,7,2024-07-01,Hardoi APMC,2420.25
Uttar Pradesh,Wheat,2024,7,2024-07-01,Hargaon (Laharpur) APMC,2413.57
Uttar Pradesh,Wheat,2024,7,2024-07-01,Jafarganj APMC,2441.88
Uttar Pradesh,Wheat,2024,7,2024-07-01,Jagnair APMC,2389.83
Uttar Pradesh,Wheat,2024,7,2024-07-01,Jahanabad APMC,2303.38
Uttar Pradesh,Wheat,2024,7,2024-07-01,Jahangirabad APMC,2463.33
Uttar Pradesh,Wheat,2024,7,2024-07-01,Jalaun APMC,2411.12
Uttar Pradesh,Wheat,2024,7,2024-07-01,Jangipura APMC,
Uttar Pradesh,Wheat,2024,7,2024-07-01,Jasra APMC,2426.28
Uttar Pradesh,Wheat,2024,7,2024-07-01,Jasvantnagar APMC,2400.77
Uttar Pradesh,Wheat,2024,7,2024-07-01,Jaunpur APMC,2435.57
Uttar Pradesh,Wheat,2024,7,2024-07-01,Jayas APMC,2448.17
Uttar Pradesh,Wheat,2024,7,2024-07-01,Jhansi APMC,
Uttar Pradesh,Wheat,2024,7,2024-07-01,Jhansi Grain APMC,2473.34
Uttar Pradesh,Wheat,2024,7,2024-07-01,Jhijhank APMC,2418.73
Uttar Pradesh,Wheat,2024,7,2024-07-01,Kadaura APMC,2393.24
Uttar Pradesh,Wheat,2024,7,2024-07-01,Kalpi APMC,2382.62
Uttar Pradesh,Wheat,2024,7,2024-07-01,Kamlaganj APMC,2451.34
Uttar Pradesh,Wheat,2024,7,2024-07-01,Kannauj APMC,2431.34
Uttar Pradesh,Wheat,2024,7,2024-07-01,Kanpur(Grain) APMC,2476.21
Uttar Pradesh,Wheat,2024,7,2024-07-01,Karvi APMC,2417.27
Uttar Pradesh,Wheat,2024,7,2024-07-01,Kasganj APMC,2408.03
Uttar Pradesh,Wheat,2024,7,2024-07-01,Kayamganj APMC,2448.58
Uttar Pradesh,Wheat,2024,7,2024-07-01,Khaga APMC,2427.27
Uttar Pradesh,Wheat,2024,7,2024-07-01,Khair APMC,2420.0
Uttar Pradesh,Wheat,2024,7,2024-07-01,Khairagarh APMC,2464.44
Uttar Pradesh,Wheat,2024,7,2024-07-01,Khalilabad APMC,2460.0
Uttar Pradesh,Wheat,2024,7,2024-07-01,Khurja APMC,2471.24
Uttar Pradesh,Wheat,2024,7,2024-07-01,Kishunpur APMC,2401.44
Uttar Pradesh,Wheat,2024,7,2024-07-01,Konch APMC,2391.4
Uttar Pradesh,Wheat,2024,7,2024-07-01,Kopaganj APMC,2424.54
Uttar Pradesh,Wheat,2024,7,2024-07-01,Kosikalan APMC,2409.44
Uttar Pradesh,Wheat,2024,7,2024-07-01,Kurara APMC,2356.3
Uttar Pradesh,Wheat,2024,7,2024-07-01,Lakhimpur APMC,2431.5
Uttar Pradesh,Wheat,2024,7,2024-07-01,Lalganj APMC,2412.33
Uttar Pradesh,Wheat,2024,7,2024-07-01,Lalitpur APMC,2461.27
Uttar Pradesh,Wheat,2024,7,2024-07-01,Lediyari APMC,2383.33
Uttar Pradesh,Wheat,2024,7,2024-07-01,Lucknow APMC,2425.53
Uttar Pradesh,Wheat,2024,7,2024-07-01,Madhoganj APMC,2415.48
Uttar Pradesh,Wheat,2024,7,2024-07-01,Madhogarh APMC,2350.21
Uttar Pradesh,Wheat,2024,7,2024-07-01,Mahoba APMC,2408.79
Uttar Pradesh,Wheat,2024,7,2024-07-01,Maigalganj APMC,2381.57
Uttar Pradesh,Wheat,2024,7,2024-07-01,Mainpuri APMC,2390.9
Uttar Pradesh,Wheat,2024,7,2024-07-01,Manjhanpur APMC,2419.8
Uttar Pradesh,Wheat,2024,7,2024-07-01,Mathura APMC,2450.84
Uttar Pradesh,Wheat,2024,7,2024-07-01,Maudaha APMC,2300.0
Uttar Pradesh,Wheat,2024,7,2024-07-01,Mauranipur APMC,2429.46
Uttar Pradesh,Wheat,2024,7,2024-07-01,Mawana APMC,2450.0
Uttar Pradesh,Wheat,2024,7,2024-07-01,Meerut APMC,2477.82
Uttar Pradesh,Wheat,2024,7,2024-07-01,Mehmoodabad APMC,2415.39
Uttar Pradesh,Wheat,2024,7,2024-07-01,Mehrauni APMC,2400.0
Uttar Pradesh,Wheat,2024,7,2024-07-01,Milak APMC,
Uttar Pradesh,Wheat,2024,7,2024-07-01,Mirzapur APMC,2428.81
Uttar Pradesh,Wheat,2024,7,2024-07-01,Mohamadabad APMC,2467.18
Uttar Pradesh,Wheat,2024,7,2024-07-01,Mohammdi APMC,2425.91
Uttar Pradesh,Wheat,2024,7,2024-07-01,Moth APMC,2482.08
Uttar Pradesh,Wheat,2024,7,2024-07-01,Mugrabaadshahpur APMC,2438.24
Uttar Pradesh,Wheat,2024,7,2024-07-01,Muradabad APMC,2442.71
Uttar Pradesh,Wheat,2024,7,2024-07-01,Muradnagar APMC,
Uttar Pradesh,Wheat,2024,7,2024-07-01,Muskara APMC,2423.31
Uttar Pradesh,Wheat,2024,7,2024-07-01,Muzzafarnagar APMC,2469.12
Uttar Pradesh,Wheat,2024,7,2024-07-01,Naanpara APMC,2403.12
Uttar Pradesh,Wheat,2024,7,2024-07-01,Naugarh APMC,2442.38
Uttar Pradesh,Wheat,2024,7,2024-07-01,Nautnava APMC,2433.45
Uttar Pradesh,Wheat,2024,7,2024-07-01,Nawabganj APMC,2460.16
Uttar Pradesh,Wheat,2024,7,2024-07-01,Noida APMC,
Uttar Pradesh,Wheat,2024,7,2024-07-01,Orai APMC,2395.42
Uttar Pradesh,Wheat,2024,7,2024-07-01,Paliakala APMC,2358.15
Uttar Pradesh,Wheat,2024,7,2024-07-01,Panchpedwa APMC,2421.23
Uttar Pradesh,Wheat,2024,7,2024-07-01,Partaval APMC,2418.49
Uttar Pradesh,Wheat,2024,7,2024-07-01,Pilibhit APMC,2471.75
Uttar Pradesh,Wheat,2024,7,2024-07-01,Powayan APMC,2441.92
Uttar Pradesh,Wheat,2024,7,2024-07-01,Pratapgarh APMC,2442.64
Uttar Pradesh,Wheat,2024,7,2024-07-01,Prayagraj APMC,2439.38
Uttar Pradesh,Wheat,2024,7,2024-07-01,Pukharayan APMC,2424.32
Uttar Pradesh,Wheat,2024,7,2024-07-01,Puranpur APMC,2490.81
Uttar Pradesh,Wheat,2024,7,2024-07-01,Purwa APMC,2434.5
Uttar Pradesh,Wheat,2024,7,2024-07-01,Raath APMC,2333.98
Uttar Pradesh,Wheat,2024,7,2024-07-01,Raibareilly APMC,2400.12
Uttar Pradesh,Wheat,2024,7,2024-07-01,Rampur APMC,2445.48
Uttar Pradesh,Wheat,2024,7,2024-07-01,Rampurmaniharan APMC,2480.0
Uttar Pradesh,Wheat,2024,7,2024-07-01,Rasda APMC,2403.61
Uttar Pradesh,Wheat,2024,7,2024-07-01,Robertsganj APMC,2423.13
Uttar Pradesh,Wheat,2024,7,2024-07-01,Rura APMC,2374.16
Uttar Pradesh,Wheat,2024,7,2024-07-01,Safdarganj APMC,2444.62
Uttar Pradesh,Wheat,2024,7,2024-07-01,Saharanpur APMC,2462.51
Uttar Pradesh,Wheat,2024,7,2024-07-01,Sahiyapur APMC,2419.45
Uttar Pradesh,Wheat,2024,7,2024-07-01,Salon APMC,2416.25
Uttar Pradesh,Wheat,2024,7,2024-07-01,Samsabad APMC,2393.55
Uttar Pradesh,Wheat,2024,7,2024-07-01,Sandi APMC,2418.64
Uttar Pradesh,Wheat,2024,7,2024-07-01,Sandila APMC,2418.77
Uttar Pradesh,Wheat,2024,7,2024-07-01,Shahabad APMC,2300.0
Uttar Pradesh,Wheat,2024,7,2024-07-01,Shahabad(New Mandi) APMC,2413.03
Uttar Pradesh,Wheat,2024,7,2024-07-01,Shahaswan APMC,2431.92
Uttar Pradesh,Wheat,2024,7,2024-07-01,Shahganj APMC,2427.94
Uttar Pradesh,Wheat,2024,7,2024-07-01,Shahjahanpur APMC,2450.69
Uttar Pradesh,Wheat,2024,7,2024-07-01,Shahpur APMC,2313.26
Uttar Pradesh,Wheat,2024,7,2024-07-01,Shamli APMC,2468.52
Uttar Pradesh,Wheat,2024,7,2024-07-01,Shikohabad APMC,2447.74
Uttar Pradesh,Wheat,2024,7,2024-07-01,Sikandraraau APMC,2366.69
Uttar Pradesh,Wheat,2024,7,2024-07-01,Sikarpur APMC,2387.79
Uttar Pradesh,Wheat,2024,7,2024-07-01,Sirsa APMC,2450.0
Uttar Pradesh,Wheat,2024,7,2024-07-01,Sirsaganj APMC,
Uttar Pradesh,Wheat,2024,7,2024-07-01,Sitapur APMC,2423.36
Uttar Pradesh,Wheat,2024,7,2024-07-01,Siyana APMC,2470.86
Uttar Pradesh,Wheat,2024,7,2024-07-01,Sultanpur APMC,2433.74
Uttar Pradesh,Wheat,2024,7,2024-07-01,Tamkuhi road APMC,2381.95
Uttar Pradesh,Wheat,2024,7,2024-07-01,Thanabhawan APMC,
Uttar Pradesh,Wheat,2024,7,2024-07-01,Tikonia APMC,2410.0
Uttar Pradesh,Wheat,2024,7,2024-07-01,Tilhar APMC,2443.56
Uttar Pradesh,Wheat,2024,7,2024-07-01,Tulsipur APMC,2361.32
Uttar Pradesh,Wheat,2024,7,2024-07-01,Tundla APMC,2474.26
Uttar Pradesh,Wheat,2024,7,2024-07-01,Ujhani APMC,2385.07
Uttar Pradesh,Wheat,2024,7,2024-07-01,Unnao APMC,2458.34
Uttar Pradesh,Wheat,2024,7,2024-07-01,Uttaripura APMC,2442.78
Uttar Pradesh,Wheat,2024,7,2024-07-01,Varanasi APMC,2444.57
Uttar Pradesh,Wheat,2024,7,2024-07-01,Vilthararoad APMC,2475.0
Uttar Pradesh,Wheat,2024,7,2024-07-01,Viswan APMC,2399.58
Uttar Pradesh,Wheat,2024,7,2024-07-01,Wazirganj APMC,2413.59
Uttar Pradesh,Wheat,2024,7,2024-07-01,Note:,
Uttar Pradesh,Wheat,2024,7,2024-07-01,Weighted Average Price = ∑(arrival quantity * modal price) / ∑arrival quantity,
Uttar Pradesh,Wheat,2024,7,2024-07-01,Change (Over Previous Month) = [Price - Price(Over Previous Month)/Price(Over Previous Month)] * 100,
Uttar Pradesh,Wheat,2024,7,2024-07-01,Change (Over Previous Year) = [Price - Price(Over Previous Year)/Price(Over Previous Year)] * 100,
Uttar Pradesh,Wheat,2024,8,2024-08-01,Achalda APMC,2502.46
Uttar Pradesh,Wheat,2024,8,2024-08-01,Achnera APMC,2505.66
Uttar Pradesh,Wheat,2024,8,2024-08-01,Agra APMC,2530.59
Uttar Pradesh,Wheat,2024,8,2024-08-01,Ahirora APMC,
Uttar Pradesh,Wheat,2024,8,2024-08-01,Ait APMC,2574.55
Uttar Pradesh,Wheat,2024,8,2024-08-01,Ajuha APMC,2490.38
Uttar Pradesh,Wheat,2024,8,2024-08-01,Akbarpur APMC,2451.9
Uttar Pradesh,Wheat,2024,8,2024-08-01,Aliganj APMC,2355.3
Uttar Pradesh,Wheat,2024,8,2024-08-01,Aligarh APMC,2522.1
Uttar Pradesh,Wheat,2024,8,2024-08-01,Amroha APMC,2469.38
Uttar Pradesh,Wheat,2024,8,2024-08-01,Anandnagar APMC,2347.98
Uttar Pradesh,Wheat,2024,8,2024-08-01,Anoop Shahar APMC,2492.24
Uttar Pradesh,Wheat,2024,8,2024-08-01,Atarra APMC,2364.05
Uttar Pradesh,Wheat,2024,8,2024-08-01,Atrauli APMC,2356.21
Uttar Pradesh,Wheat,2024,8,2024-08-01,Auraiya APMC,2531.46
Uttar Pradesh,Wheat,2024,8,2024-08-01,Ayodhya APMC,2451.19
Uttar Pradesh,Wheat,2024,8,2024-08-01,Azamgarh APMC,2466.13
Uttar Pradesh,Wheat,2024,8,2024-08-01,Baberu APMC,2402.38
Uttar Pradesh,Wheat,2024,8,2024-08-01,Babrala APMC,2444.2
Uttar Pradesh,Wheat,2024,8,2024-08-01,Bachranwa APMC,2457.78
Uttar Pradesh,Wheat,2024,8,2024-08-01,Badayoun APMC,2460.0
Uttar Pradesh,Wheat,2024,8,2024-08-01,Badda APMC,
Uttar Pradesh,Wheat,2024,8,2024-08-01,Bahraich APMC,2475.03
Uttar Pradesh,Wheat,2024,8,2024-08-01,Ballia APMC,2466.1
Uttar Pradesh,Wheat,2024,8,2024-08-01,Balrampur APMC,2481.52
Uttar Pradesh,Wheat,2024,8,2024-08-01,Banda APMC,2527.14
Uttar Pradesh,Wheat,2024,8,2024-08-01,Bangarmau APMC,2449.13
Uttar Pradesh,Wheat,2024,8,2024-08-01,Bansi APMC,2480.0
Uttar Pradesh,Wheat,2024,8,2024-08-01,Banthara APMC,2522.99
Uttar Pradesh,Wheat,2024,8,2024-08-01,Barabanki APMC,2495.77
Uttar Pradesh,Wheat,2024,8,2024-08-01,Baraut APMC,2486.47
Uttar Pradesh,Wheat,2024,8,2024-08-01,Bareilly APMC,2417.65
Uttar Pradesh,Wheat,2024,8,2024-08-01,Baripaal APMC,2458.36
Uttar Pradesh,Wheat,2024,8,2024-08-01,Basti APMC,2473.88
Uttar Pradesh,Wheat,2024,8,2024-08-01,Bewar APMC,2359.04
Uttar Pradesh,Wheat,2024,8,2024-08-01,Bharthna APMC,2441.09
Uttar Pradesh,Wheat,2024,8,2024-08-01,Bharuasumerpur APMC,2556.24
Uttar Pradesh,Wheat,2024,8,2024-08-01,Bharwari APMC,2470.28
Uttar Pradesh,Wheat,2024,8,2024-08-01,Bhehjoi APMC,2396.83
Uttar Pradesh,Wheat,2024,8,2024-08-01,Bhinga APMC,2472.38
Uttar Pradesh,Wheat,2024,8,2024-08-01,Bijnaur APMC,2467.03
Uttar Pradesh,Wheat,2024,8,2024-08-01,Bilsi APMC,2435.08
Uttar Pradesh,Wheat,2024,8,2024-08-01,Bindki APMC,2504.04
Uttar Pradesh,Wheat,2024,8,2024-08-01,Bishalpur APMC,2468.7
Uttar Pradesh,Wheat,2024,8,2024-08-01,Bisoli APMC,2320.0
Uttar Pradesh,Wheat,2024,8,2024-08-01,Buland Shahr APMC,2544.44
Uttar Pradesh,Wheat,2024,8,2024-08-01,Chandausi APMC,2471.37
Uttar Pradesh,Wheat,2024,8,2024-08-01,Chandoli APMC,2471.92
Uttar Pradesh,Wheat,2024,8,2024-08-01,Charkhari APMC,2488.92
Uttar Pradesh,Wheat,2024,8,2024-08-01,Charra APMC,2400.0
Uttar Pradesh,Wheat,2024,8,2024-08-01,Chhibramau APMC,2482.57
Uttar Pradesh,Wheat,2024,8,2024-08-01,Chirgaon APMC,
Uttar Pradesh,Wheat,2024,8,2024-08-01,Chorichora APMC,2368.24
Uttar Pradesh,Wheat,2024,8,2024-08-01,Choubepur APMC,2518.3
Uttar Pradesh,Wheat,2024,8,2024-08-01,Colonelganj APMC,2480.02
Uttar Pradesh,Wheat,2024,8,2024-08-01,DADRI APMC,2478.46
Uttar Pradesh,Wheat,2024,8,2024-08-01,Dankaur APMC,2468.76
Uttar Pradesh,Wheat,2024,8,2024-08-01,Dataganj APMC,2430.84
Uttar Pradesh,Wheat,2024,8,2024-08-01,Deoband APMC,2500.0
Uttar Pradesh,Wheat,2024,8,2024-08-01,Devariya APMC,2461.05
Uttar Pradesh,Wheat,2024,8,2024-08-01,Dhanaura APMC,2291.05
Uttar Pradesh,Wheat,2024,8,2024-08-01,Dibiapur APMC,2350.0
Uttar Pradesh,Wheat,2024,8,2024-08-01,Divai APMC,2366.67
Uttar Pradesh,Wheat,2024,8,2024-08-01,Doharighat APMC,2480.0
Uttar Pradesh,Wheat,2024,8,2024-08-01,Dudhi APMC,2400.0
Uttar Pradesh,Wheat,2024,8,2024-08-01,Etah APMC,2389.04
Uttar Pradesh,Wheat,2024,8,2024-08-01,Etawah APMC,2456.49
Uttar Pradesh,Wheat,2024,8,2024-08-01,Farukhabad APMC,2499.87
Uttar Pradesh,Wheat,2024,8,2024-08-01,Fatehpur APMC,2473.55
Uttar Pradesh,Wheat,2024,8,2024-08-01,Fatehpur Sikri APMC,2514.21
Uttar Pradesh,Wheat,2024,8,2024-08-01,Firozabad APMC,2518.73
Uttar Pradesh,Wheat,2024,8,2024-08-01,Gadaura APMC,
Uttar Pradesh,Wheat,2024,8,2024-08-01,Gazipur APMC,2473.75
Uttar Pradesh,Wheat,2024,8,2024-08-01,Ghaziabad APMC,2490.15
Uttar Pradesh,Wheat,2024,8,2024-08-01,Ghiraur APMC,2439.41
Uttar Pradesh,Wheat,2024,8,2024-08-01,Golagokarnath APMC,2487.3
Uttar Pradesh,Wheat,2024,8,2024-08-01,Gonda APMC,2515.08
Uttar Pradesh,Wheat,2024,8,2024-08-01,Gopiganj APMC,2428.36
Uttar Pradesh,Wheat,2024,8,2024-08-01,Gorakhpur APMC,2463.56
Uttar Pradesh,Wheat,2024,8,2024-08-01,Gurusarai APMC,2585.0
Uttar Pradesh,Wheat,2024,8,2024-08-01,Haathras APMC,2483.52
Uttar Pradesh,Wheat,2024,8,2024-08-01,Hapur APMC,2556.52
Uttar Pradesh,Wheat,2024,8,2024-08-01,Hardoi APMC,2460.31
Uttar Pradesh,Wheat,2024,8,2024-08-01,Hargaon (Laharpur) APMC,2407.28
Uttar Pradesh,Wheat,2024,8,2024-08-01,Jafarganj APMC,2458.12
Uttar Pradesh,Wheat,2024,8,2024-08-01,Jagnair APMC,2417.22
Uttar Pradesh,Wheat,2024,8,2024-08-01,Jahanabad APMC,2301.75
Uttar Pradesh,Wheat,2024,8,2024-08-01,Jahangirabad APMC,2537.79
Uttar Pradesh,Wheat,2024,8,2024-08-01,Jalalabad APMC,2451.07
Uttar Pradesh,Wheat,2024,8,2024-08-01,Jalaun APMC,2518.92
Uttar Pradesh,Wheat,2024,8,2024-08-01,Jangipura APMC,
Uttar Pradesh,Wheat,2024,8,2024-08-01,Jasra APMC,2435.0
Uttar Pradesh,Wheat,2024,8,2024-08-01,Jasvantnagar APMC,2452.58
Uttar Pradesh,Wheat,2024,8,2024-08-01,Jaunpur APMC,2471.6
Uttar Pradesh,Wheat,2024,8,2024-08-01,Jayas APMC,2463.17
Uttar Pradesh,Wheat,2024,8,2024-08-01,Jhansi APMC,
Uttar Pradesh,Wheat,2024,8,2024-08-01,Jhansi Grain APMC,2507.66
Uttar Pradesh,Wheat,2024,8,2024-08-01,Jhijhank APMC,
Uttar Pradesh,Wheat,2024,8,2024-08-01,Kadaura APMC,2438.33
Uttar Pradesh,Wheat,2024,8,2024-08-01,Kalpi APMC,2461.99
Uttar Pradesh,Wheat,2024,8,2024-08-01,Kamlaganj APMC,2481.45
Uttar Pradesh,Wheat,2024,8,2024-08-01,Kannauj APMC,2477.83
Uttar Pradesh,Wheat,2024,8,2024-08-01,Kanpur(Grain) APMC,2552.64
Uttar Pradesh,Wheat,2024,8,2024-08-01,Karvi APMC,2470.94
Uttar Pradesh,Wheat,2024,8,2024-08-01,Kasganj APMC,2456.58
Uttar Pradesh,Wheat,2024,8,2024-08-01,Kayamganj APMC,2487.62
Uttar Pradesh,Wheat,2024,8,2024-08-01,Khaga APMC,2473.65
Uttar Pradesh,Wheat,2024,8,2024-08-01,Khair APMC,2446.08
Uttar Pradesh,Wheat,2024,8,2024-08-01,Khairagarh APMC,2451.18
Uttar Pradesh,Wheat,2024,8,2024-08-01,Khalilabad APMC,2490.0
Uttar Pradesh,Wheat,2024,8,2024-08-01,Khatauli APMC,
Uttar Pradesh,Wheat,2024,8,2024-08-01,Khurja APMC,2514.42
Uttar Pradesh,Wheat,2024,8,2024-08-01,Kishunpur APMC,2410.9
Uttar Pradesh,Wheat,2024,8,2024-08-01,Konch APMC,2484.06
Uttar Pradesh,Wheat,2024,8,2024-08-01,Kopaganj APMC,2474.76
Uttar Pradesh,Wheat,2024,8,2024-08-01,Kosikalan APMC,2457.18
Uttar Pradesh,Wheat,2024,8,2024-08-01,Kurara APMC,2379.46
Uttar Pradesh,Wheat,2024,8,2024-08-01,Lakhimpur APMC,2471.62
Uttar Pradesh,Wheat,2024,8,2024-08-01,Lalganj APMC,2462.3
Uttar Pradesh,Wheat,2024,8,2024-08-01,Lalitpur APMC,2492.12
Uttar Pradesh,Wheat,2024,8,2024-08-01,Lediyari APMC,2424.44
Uttar Pradesh,Wheat,2024,8,2024-08-01,Lucknow APMC,2472.83
Uttar Pradesh,Wheat,2024,8,2024-08-01,Madhoganj APMC,2457.59
Uttar Pradesh,Wheat,2024,8,2024-08-01,Madhogarh APMC,2472.35
Uttar Pradesh,Wheat,2024,8,2024-08-01,Mahoba APMC,2458.04
Uttar Pradesh,Wheat,2024,8,2024-08-01,Maigalganj APMC,2440.18
Uttar Pradesh,Wheat,2024,8,2024-08-01,Mainpuri APMC,2454.39
Uttar Pradesh,Wheat,2024,8,2024-08-01,Manjhanpur APMC,2475.7
Uttar Pradesh,Wheat,2024,8,2024-08-01,Mathura APMC,2530.19
Uttar Pradesh,Wheat,2024,8,2024-08-01,Maudaha APMC,2300.0
Uttar Pradesh,Wheat,2024,8,2024-08-01,Mauranipur APMC,2511.37
Uttar Pradesh,Wheat,2024,8,2024-08-01,Mawana APMC,
Uttar Pradesh,Wheat,2024,8,2024-08-01,Meerut APMC,2492.54
Uttar Pradesh,Wheat,2024,8,2024-08-01,Mehmoodabad APMC,2447.33
Uttar Pradesh,Wheat,2024,8,2024-08-01,Mehrauni APMC,2551.05
Uttar Pradesh,Wheat,2024,8,2024-08-01,Milak APMC,
Uttar Pradesh,Wheat,2024,8,2024-08-01,Mirzapur APMC,2471.69
Uttar Pradesh,Wheat,2024,8,2024-08-01,Mohamadabad APMC,2490.99
Uttar Pradesh,Wheat,2024,8,2024-08-01,Mohammdi APMC,2466.43
Uttar Pradesh,Wheat,2024,8,2024-08-01,Moth APMC,2546.63
Uttar Pradesh,Wheat,2024,8,2024-08-01,Mugrabaadshahpur APMC,2473.36
Uttar Pradesh,Wheat,2024,8,2024-08-01,Muradabad APMC,2465.53
Uttar Pradesh,Wheat,2024,8,2024-08-01,Muradnagar APMC,2520.0
Uttar Pradesh,Wheat,2024,8,2024-08-01,Muskara APMC,2476.86
Uttar Pradesh,Wheat,2024,8,2024-08-01,Muzzafarnagar APMC,2490.75
Uttar Pradesh,Wheat,2024,8,2024-08-01,Naanpara APMC,2455.0
Uttar Pradesh,Wheat,2024,8,2024-08-01,Naugarh APMC,2472.65
Uttar Pradesh,Wheat,2024,8,2024-08-01,Nautnava APMC,2449.57
Uttar Pradesh,Wheat,2024,8,2024-08-01,Nawabganj APMC,2489.64
Uttar Pradesh,Wheat,2024,8,2024-08-01,Noida APMC,2485.05
Uttar Pradesh,Wheat,2024,8,2024-08-01,Orai APMC,2494.09
Uttar Pradesh,Wheat,2024,8,2024-08-01,Paliakala APMC,2382.53
Uttar Pradesh,Wheat,2024,8,2024-08-01,Panchpedwa APMC,2486.8
Uttar Pradesh,Wheat,2024,8,2024-08-01,Partaval APMC,2449.38
Uttar Pradesh,Wheat,2024,8,2024-08-01,Pilibhit APMC,2479.49
Uttar Pradesh,Wheat,2024,8,2024-08-01,Powayan APMC,2456.69
Uttar Pradesh,Wheat,2024,8,2024-08-01,Pratapgarh APMC,2476.14
Uttar Pradesh,Wheat,2024,8,2024-08-01,Prayagraj APMC,2475.33
Uttar Pradesh,Wheat,2024,8,2024-08-01,Pukharayan APMC,2477.59
Uttar Pradesh,Wheat,2024,8,2024-08-01,Puranpur APMC,2475.56
Uttar Pradesh,Wheat,2024,8,2024-08-01,Purwa APMC,2477.45
Uttar Pradesh,Wheat,2024,8,2024-08-01,Raath APMC,2322.07
Uttar Pradesh,Wheat,2024,8,2024-08-01,Raibareilly APMC,2419.39
Uttar Pradesh,Wheat,2024,8,2024-08-01,Rampur APMC,2461.5
Uttar Pradesh,Wheat,2024,8,2024-08-01,Rampurmaniharan APMC,
Uttar Pradesh,Wheat,2024,8,2024-08-01,Rasda APMC,2445.85
Uttar Pradesh,Wheat,2024,8,2024-08-01,Robertsganj APMC,2457.97
Uttar Pradesh,Wheat,2024,8,2024-08-01,Rura APMC,
Uttar Pradesh,Wheat,2024,8,2024-08-01,Safdarganj APMC,2450.46
Uttar Pradesh,Wheat,2024,8,2024-08-01,Saharanpur APMC,2490.76
Uttar Pradesh,Wheat,2024,8,2024-08-01,Sahiyapur APMC,2492.38
Uttar Pradesh,Wheat,2024,8,2024-08-01,Salon APMC,2455.38
Uttar Pradesh,Wheat,2024,8,2024-08-01,Samsabad APMC,2516.67
Uttar Pradesh,Wheat,2024,8,2024-08-01,Sandi APMC,2460.25
Uttar Pradesh,Wheat,2024,8,2024-08-01,Sandila APMC,2453.24
Uttar Pradesh,Wheat,2024,8,2024-08-01,Shahabad APMC,2300.0
Uttar Pradesh,Wheat,2024,8,2024-08-01,Shahabad(New Mandi) APMC,2452.33
Uttar Pradesh,Wheat,2024,8,2024-08-01,Shahaswan APMC,2467.22
Uttar Pradesh,Wheat,2024,8,2024-08-01,Shahganj APMC,2455.48
Uttar Pradesh,Wheat,2024,8,2024-08-01,Shahjahanpur APMC,2462.73
Uttar Pradesh,Wheat,2024,8,2024-08-01,Shahpur APMC,2319.58
Uttar Pradesh,Wheat,2024,8,2024-08-01,Shamli APMC,2482.97
Uttar Pradesh,Wheat,2024,8,2024-08-01,Shikohabad APMC,2445.63
Uttar Pradesh,Wheat,2024,8,2024-08-01,Sikandraraau APMC,2424.86
Uttar Pradesh,Wheat,2024,8,2024-08-01,Sikarpur APMC,2394.29
Uttar Pradesh,Wheat,2024,8,2024-08-01,Sirsa APMC,2472.85
Uttar Pradesh,Wheat,2024,8,2024-08-01,Sirsaganj APMC,
Uttar Pradesh,Wheat,2024,8,2024-08-01,Sitapur APMC,2458.07
Uttar Pradesh,Wheat,2024,8,2024-08-01,Siyana APMC,2492.89
Uttar Pradesh,Wheat,2024,8,2024-08-01,Sultanpur APMC,2455.85
Uttar Pradesh,Wheat,2024,8,2024-08-01,Tamkuhi road APMC,2437.67
Uttar Pradesh,Wheat,2024,8,2024-08-01,Thanabhawan APMC,
Uttar Pradesh,Wheat,2024,8,2024-08-01,Tikonia APMC,
Uttar Pradesh,Wheat,2024,8,2024-08-01,Tilhar APMC,2457.18
Uttar Pradesh,Wheat,2024,8,2024-08-01,Tulsipur APMC,2453.07
Uttar Pradesh,Wheat,2024,8,2024-08-01,Tundla APMC,2528.37
Uttar Pradesh,Wheat,2024,8,2024-08-01,Ujhani APMC,2407.86
Uttar Pradesh,Wheat,2024,8,2024-08-01,Unnao APMC,2499.58
Uttar Pradesh,Wheat,2024,8,2024-08-01,Uttaripura APMC,2490.7
Uttar Pradesh,Wheat,2024,8,2024-08-01,Varanasi APMC,2483.63
Uttar Pradesh,Wheat,2024,8,2024-08-01,Vilthararoad APMC,2460.0
Uttar Pradesh,Wheat,2024,8,2024-08-01,Viswan APMC,2446.52
Uttar Pradesh,Wheat,2024,8,2024-08-01,Wazirganj APMC,2448.12
Uttar Pradesh,Wheat,2024,8,2024-08-01,Note:,
Uttar Pradesh,Wheat,2024,8,2024-08-01,Weighted Average Price = ∑(arrival quantity * modal price) / ∑arrival quantity,
Uttar Pradesh,Wheat,2024,8,2024-08-01,Change (Over Previous Month) = [Price - Price(Over Previous Month)/Price(Over Previous Month)] * 100,
Uttar Pradesh,Wheat,2024,8,2024-08-01,Change (Over Previous Year) = [Price - Price(Over Previous Year)/Price(Over Previous Year)] * 100,
Uttar Pradesh,Wheat,2024,9,2024-09-01,Achalda APMC,2584.01
Uttar Pradesh,Wheat,2024,9,2024-09-01,Achnera APMC,2612.43
Uttar Pradesh,Wheat,2024,9,2024-09-01,Agra APMC,2616.07
Uttar Pradesh,Wheat,2024,9,2024-09-01,Ahirora APMC,1900.0
Uttar Pradesh,Wheat,2024,9,2024-09-01,Ait APMC,2632.32
Uttar Pradesh,Wheat,2024,9,2024-09-01,Ajuha APMC,2546.06
Uttar Pradesh,Wheat,2024,9,2024-09-01,Akbarpur APMC,2516.43
Uttar Pradesh,Wheat,2024,9,2024-09-01,Aliganj APMC,2447.94
Uttar Pradesh,Wheat,2024,9,2024-09-01,Aligarh APMC,2624.34
Uttar Pradesh,Wheat,2024,9,2024-09-01,Amroha APMC,2545.86
Uttar Pradesh,Wheat,2024,9,2024-09-01,Anandnagar APMC,2354.06
Uttar Pradesh,Wheat,2024,9,2024-09-01,Anoop Shahar APMC,2561.44
Uttar Pradesh,Wheat,2024,9,2024-09-01,Atarra APMC,2478.8
Uttar Pradesh,Wheat,2024,9,2024-09-01,Atrauli APMC,2384.94
Uttar Pradesh,Wheat,2024,9,2024-09-01,Auraiya APMC,2610.08
Uttar Pradesh,Wheat,2024,9,2024-09-01,Ayodhya APMC,2505.03
Uttar Pradesh,Wheat,2024,9,2024-09-01,Azamgarh APMC,2515.28
Uttar Pradesh,Wheat,2024,9,2024-09-01,Baberu APMC,2455.01
Uttar Pradesh,Wheat,2024,9,2024-09-01,Babrala APMC,2643.32
Uttar Pradesh,Wheat,2024,9,2024-09-01,Bachranwa APMC,2518.2
Uttar Pradesh,Wheat,2024,9,2024-09-01,Badayoun APMC,2532.81
Uttar Pradesh,Wheat,2024,9,2024-09-01,Bahraich APMC,2596.28
Uttar Pradesh,Wheat,2024,9,2024-09-01,Ballia APMC,2514.43
Uttar Pradesh,Wheat,2024,9,2024-09-01,Balrampur APMC,2590.22
Uttar Pradesh,Wheat,2024,9,2024-09-01,Banda APMC,2568.36
Uttar Pradesh,Wheat,2024,9,2024-09-01,Bangarmau APMC,2529.54
Uttar Pradesh,Wheat,2024,9,2024-09-01,Bansi APMC,2540.0
Uttar Pradesh,Wheat,2024,9,2024-09-01,Banthara APMC,2588.08
Uttar Pradesh,Wheat,2024,9,2024-09-01,Barabanki APMC,2602.88
Uttar Pradesh,Wheat,2024,9,2024-09-01,Baraut APMC,2567.25
Uttar Pradesh,Wheat,2024,9,2024-09-01,Bareilly APMC,2462.56
Uttar Pradesh,Wheat,2024,9,2024-09-01,Baripaal APMC,2573.98
Uttar Pradesh,Wheat,2024,9,2024-09-01,Basti APMC,2527.75
Uttar Pradesh,Wheat,2024,9,2024-09-01,Bewar APMC,2474.26
Uttar Pradesh,Wheat,2024,9,2024-09-01,Bharthna APMC,2565.97
Uttar Pradesh,Wheat,2024,9,2024-09-01,Bharuasumerpur APMC,2600.14
Uttar Pradesh,Wheat,2024,9,2024-09-01,Bharwari APMC,2550.0
Uttar Pradesh,Wheat,2024,9,2024-09-01,Bhehjoi APMC,2429.85
Uttar Pradesh,Wheat,2024,9,2024-09-01,Bhinga APMC,2575.53
Uttar Pradesh,Wheat,2024,9,2024-09-01,Bijnaur APMC,2527.81
Uttar Pradesh,Wheat,2024,9,2024-09-01,Bilsi APMC,
Uttar Pradesh,Wheat,2024,9,2024-09-01,Bindki APMC,2577.98
Uttar Pradesh,Wheat,2024,9,2024-09-01,Bishalpur APMC,2535.49
Uttar Pradesh,Wheat,2024,9,2024-09-01,Bisoli APMC,2334.35
Uttar Pradesh,Wheat,2024,9,2024-09-01,Buland Shahr APMC,2628.39
Uttar Pradesh,Wheat,2024,9,2024-09-01,Chandausi APMC,2553.37
Uttar Pradesh,Wheat,2024,9,2024-09-01,Chandoli APMC,2518.98
Uttar Pradesh,Wheat,2024,9,2024-09-01,Charkhari APMC,2486.44
Uttar Pradesh,Wheat,2024,9,2024-09-01,Charra APMC,2430.31
Uttar Pradesh,Wheat,2024,9,2024-09-01,Chhibramau APMC,2533.37
Uttar Pradesh,Wheat,2024,9,2024-09-01,Chirgaon APMC,
Uttar Pradesh,Wheat,2024,9,2024-09-01,Chorichora APMC,2497.3
Uttar Pradesh,Wheat,2024,9,2024-09-01,Choubepur APMC,2579.03
Uttar Pradesh,Wheat,2024,9,2024-09-01,Colonelganj APMC,2650.0
Uttar Pradesh,Wheat,2024,9,2024-09-01,DADRI APMC,2587.9
Uttar Pradesh,Wheat,2024,9,2024-09-01,Dankaur APMC,
Uttar Pradesh,Wheat,2024,9,2024-09-01,Dataganj APMC,2488.5
Uttar Pradesh,Wheat,2024,9,2024-09-01,Deoband APMC,
Uttar Pradesh,Wheat,2024,9,2024-09-01,Devariya APMC,2497.44
Uttar Pradesh,Wheat,2024,9,2024-09-01,Dhanaura APMC,2296.94
Uttar Pradesh,Wheat,2024,9,2024-09-01,Dibiapur APMC,2464.8
Uttar Pradesh,Wheat,2024,9,2024-09-01,Divai APMC,2351.82
Uttar Pradesh,Wheat,2024,9,2024-09-01,Doharighat APMC,
Uttar Pradesh,Wheat,2024,9,2024-09-01,Dudhi APMC,2400.0
Uttar Pradesh,Wheat,2024,9,2024-09-01,Etah APMC,2513.7
Uttar Pradesh,Wheat,2024,9,2024-09-01,Etawah APMC,2577.62
Uttar Pradesh,Wheat,2024,9,2024-09-01,Farukhabad APMC,2544.77
Uttar Pradesh,Wheat,2024,9,2024-09-01,Fatehpur APMC,2559.72
Uttar Pradesh,Wheat,2024,9,2024-09-01,Fatehpur Sikri APMC,
Uttar Pradesh,Wheat,2024,9,2024-09-01,Firozabad APMC,2645.56
Uttar Pradesh,Wheat,2024,9,2024-09-01,Gazipur APMC,2520.58
Uttar Pradesh,Wheat,2024,9,2024-09-01,Ghaziabad APMC,2596.04
Uttar Pradesh,Wheat,2024,9,2024-09-01,Ghiraur APMC,2577.0
Uttar Pradesh,Wheat,2024,9,2024-09-01,Golagokarnath APMC,2551.52
Uttar Pradesh,Wheat,2024,9,2024-09-01,Gonda APMC,2669.17
Uttar Pradesh,Wheat,2024,9,2024-09-01,Gopiganj APMC,2505.07
Uttar Pradesh,Wheat,2024,9,2024-09-01,Gorakhpur APMC,2521.11
Uttar Pradesh,Wheat,2024,9,2024-09-01,Gurusarai APMC,2574.31
Uttar Pradesh,Wheat,2024,9,2024-09-01,Haathras APMC,2599.5
Uttar Pradesh,Wheat,2024,9,2024-09-01,Hapur APMC,2622.94
Uttar Pradesh,Wheat,2024,9,2024-09-01,Hardoi APMC,2547.64
Uttar Pradesh,Wheat,2024,9,2024-09-01,Hargaon (Laharpur) APMC,2522.98
Uttar Pradesh,Wheat,2024,9,2024-09-01,Jafarganj APMC,2554.12
Uttar Pradesh,Wheat,2024,9,2024-09-01,Jagnair APMC,2446.75
Uttar Pradesh,Wheat,2024,9,2024-09-01,Jahanabad APMC,2311.55
Uttar Pradesh,Wheat,2024,9,2024-09-01,Jahangirabad APMC,2598.5
Uttar Pradesh,Wheat,2024,9,2024-09-01,Jalalabad APMC,2478.38
Uttar Pradesh,Wheat,2024,9,2024-09-01,Jalaun APMC,2569.26
Uttar Pradesh,Wheat,2024,9,2024-09-01,Jangipura APMC,
Uttar Pradesh,Wheat,2024,9,2024-09-01,Jasra APMC,2565.0
Uttar Pradesh,Wheat,2024,9,2024-09-01,Jasvantnagar APMC,2579.72
Uttar Pradesh,Wheat,2024,9,2024-09-01,Jaunpur APMC,2525.28
Uttar Pradesh,Wheat,2024,9,2024-09-01,Jayas APMC,2598.09
Uttar Pradesh,Wheat,2024,9,2024-09-01,Jhansi APMC,
Uttar Pradesh,Wheat,2024,9,2024-09-01,Jhansi Grain APMC,2575.45
Uttar Pradesh,Wheat,2024,9,2024-09-01,Jhijhank APMC,
Uttar Pradesh,Wheat,2024,9,2024-09-01,Kadaura APMC,2446.15
Uttar Pradesh,Wheat,2024,9,2024-09-01,Kalpi APMC,2535.85
Uttar Pradesh,Wheat,2024,9,2024-09-01,Kamlaganj APMC,2556.14
Uttar Pradesh,Wheat,2024,9,2024-09-01,Kannauj APMC,2516.47
Uttar Pradesh,Wheat,2024,9,2024-09-01,Kanpur(Grain) APMC,2620.23
Uttar Pradesh,Wheat,2024,9,2024-09-01,Karvi APMC,2551.31
Uttar Pradesh,Wheat,2024,9,2024-09-01,Kasganj APMC,2511.99
Uttar Pradesh,Wheat,2024,9,2024-09-01,Kayamganj APMC,2557.75
Uttar Pradesh,Wheat,2024,9,2024-09-01,Khaga APMC,2564.9
Uttar Pradesh,Wheat,2024,9,2024-09-01,Khair APMC,2501.81
Uttar Pradesh,Wheat,2024,9,2024-09-01,Khairagarh APMC,2586.77
Uttar Pradesh,Wheat,2024,9,2024-09-01,Khalilabad APMC,2630.0
Uttar Pradesh,Wheat,2024,9,2024-09-01,Khurja APMC,2607.17
Uttar Pradesh,Wheat,2024,9,2024-09-01,Kishunpur APMC,2502.85
Uttar Pradesh,Wheat,2024,9,2024-09-01,Konch APMC,2548.48
Uttar Pradesh,Wheat,2024,9,2024-09-01,Kopaganj APMC,2517.33
Uttar Pradesh,Wheat,2024,9,2024-09-01,Kosikalan APMC,2528.08
Uttar Pradesh,Wheat,2024,9,2024-09-01,Kurara APMC,2473.97
Uttar Pradesh,Wheat,2024,9,2024-09-01,Lakhimpur APMC,2565.44
Uttar Pradesh,Wheat,2024,9,2024-09-01,Lalganj APMC,2553.02
Uttar Pradesh,Wheat,2024,9,2024-09-01,Lalitpur APMC,2574.28
Uttar Pradesh,Wheat,2024,9,2024-09-01,Lediyari APMC,2450.31
Uttar Pradesh,Wheat,2024,9,2024-09-01,Lucknow APMC,2568.74
Uttar Pradesh,Wheat,2024,9,2024-09-01,Madhoganj APMC,2533.25
Uttar Pradesh,Wheat,2024,9,2024-09-01,Madhogarh APMC,2529.99
Uttar Pradesh,Wheat,2024,9,2024-09-01,Mahoba APMC,2521.96
Uttar Pradesh,Wheat,2024,9,2024-09-01,Maigalganj APMC,2520.39
Uttar Pradesh,Wheat,2024,9,2024-09-01,Mainpuri APMC,2594.66
Uttar Pradesh,Wheat,2024,9,2024-09-01,Manjhanpur APMC,2548.24
Uttar Pradesh,Wheat,2024,9,2024-09-01,Mathura APMC,2612.29
Uttar Pradesh,Wheat,2024,9,2024-09-01,Maudaha APMC,2300.0
Uttar Pradesh,Wheat,2024,9,2024-09-01,Mauranipur APMC,2547.21
Uttar Pradesh,Wheat,2024,9,2024-09-01,Mawana APMC,2580.0
Uttar Pradesh,Wheat,2024,9,2024-09-01,Meerut APMC,2548.92
Uttar Pradesh,Wheat,2024,9,2024-09-01,Mehmoodabad APMC,2544.65
Uttar Pradesh,Wheat,2024,9,2024-09-01,Mehrauni APMC,2604.63
Uttar Pradesh,Wheat,2024,9,2024-09-01,Milak APMC,
Uttar Pradesh,Wheat,2024,9,2024-09-01,Mirzapur APMC,2525.91
Uttar Pradesh,Wheat,2024,9,2024-09-01,Mohamadabad APMC,2554.17
Uttar Pradesh,Wheat,2024,9,2024-09-01,Mohammdi APMC,2546.56
Uttar Pradesh,Wheat,2024,9,2024-09-01,Moth APMC,2584.13
Uttar Pradesh,Wheat,2024,9,2024-09-01,Mugrabaadshahpur APMC,2527.83
Uttar Pradesh,Wheat,2024,9,2024-09-01,Muradabad APMC,2527.41
Uttar Pradesh,Wheat,2024,9,2024-09-01,Muradnagar APMC,2620.0
Uttar Pradesh,Wheat,2024,9,2024-09-01,Muskara APMC,2535.85
Uttar Pradesh,Wheat,2024,9,2024-09-01,Muzzafarnagar APMC,2540.07
Uttar Pradesh,Wheat,2024,9,2024-09-01,Naanpara APMC,2500.51
Uttar Pradesh,Wheat,2024,9,2024-09-01,Naugarh APMC,2617.05
Uttar Pradesh,Wheat,2024,9,2024-09-01,Nautnava APMC,2472.78
Uttar Pradesh,Wheat,2024,9,2024-09-01,Nawabganj APMC,2628.38
Uttar Pradesh,Wheat,2024,9,2024-09-01,Noida APMC,
Uttar Pradesh,Wheat,2024,9,2024-09-01,Orai APMC,2564.3
Uttar Pradesh,Wheat,2024,9,2024-09-01,Paliakala APMC,2477.3
Uttar Pradesh,Wheat,2024,9,2024-09-01,Panchpedwa APMC,2602.22
Uttar Pradesh,Wheat,2024,9,2024-09-01,Partaval APMC,2538.67
Uttar Pradesh,Wheat,2024,9,2024-09-01,Pilibhit APMC,2539.78
Uttar Pradesh,Wheat,2024,9,2024-09-01,Powayan APMC,2519.9
Uttar Pradesh,Wheat,2024,9,2024-09-01,Pratapgarh APMC,2562.55
Uttar Pradesh,Wheat,2024,9,2024-09-01,Prayagraj APMC,2581.67
Uttar Pradesh,Wheat,2024,9,2024-09-01,Pukharayan APMC,2546.7
Uttar Pradesh,Wheat,2024,9,2024-09-01,Puranpur APMC,2557.08
Uttar Pradesh,Wheat,2024,9,2024-09-01,Purwa APMC,2578.14
Uttar Pradesh,Wheat,2024,9,2024-09-01,Raath APMC,2334.81
Uttar Pradesh,Wheat,2024,9,2024-09-01,Raibareilly APMC,2518.48
Uttar Pradesh,Wheat,2024,9,2024-09-01,Rampur APMC,2535.82
Uttar Pradesh,Wheat,2024,9,2024-09-01,Rasda APMC,2494.67
Uttar Pradesh,Wheat,2024,9,2024-09-01,Robertsganj APMC,2523.71
Uttar Pradesh,Wheat,2024,9,2024-09-01,Rura APMC,
Uttar Pradesh,Wheat,2024,9,2024-09-01,Safdarganj APMC,2583.56
Uttar Pradesh,Wheat,2024,9,2024-09-01,Saharanpur APMC,2551.93
Uttar Pradesh,Wheat,2024,9,2024-09-01,Sahiyapur APMC,2546.16
Uttar Pradesh,Wheat,2024,9,2024-09-01,Salon APMC,2531.1
Uttar Pradesh,Wheat,2024,9,2024-09-01,Samsabad APMC,2664.47
Uttar Pradesh,Wheat,2024,9,2024-09-01,Sandi APMC,2541.61
Uttar Pradesh,Wheat,2024,9,2024-09-01,Sandila APMC,2542.13
Uttar Pradesh,Wheat,2024,9,2024-09-01,Shahabad APMC,2328.57
Uttar Pradesh,Wheat,2024,9,2024-09-01,Shahabad(New Mandi) APMC,2545.7
Uttar Pradesh,Wheat,2024,9,2024-09-01,Shahaswan APMC,2543.89
Uttar Pradesh,Wheat,2024,9,2024-09-01,Shahganj APMC,2511.81
Uttar Pradesh,Wheat,2024,9,2024-09-01,Shahjahanpur APMC,2528.03
Uttar Pradesh,Wheat,2024,9,2024-09-01,Shahpur APMC,2372.72
Uttar Pradesh,Wheat,2024,9,2024-09-01,Shamli APMC,2532.72
Uttar Pradesh,Wheat,2024,9,2024-09-01,Shikohabad APMC,2420.0
Uttar Pradesh,Wheat,2024,9,2024-09-01,Sikandraraau APMC,2535.53
Uttar Pradesh,Wheat,2024,9,2024-09-01,Sikarpur APMC,2512.04
Uttar Pradesh,Wheat,2024,9,2024-09-01,Sirsa APMC,2500.0
Uttar Pradesh,Wheat,2024,9,2024-09-01,Sirsaganj APMC,
Uttar Pradesh,Wheat,2024,9,2024-09-01,Sitapur APMC,2546.89
Uttar Pradesh,Wheat,2024,9,2024-09-01,Siyana APMC,2544.03
Uttar Pradesh,Wheat,2024,9,2024-09-01,Sultanpur APMC,2539.18
Uttar Pradesh,Wheat,2024,9,2024-09-01,Tamkuhi road APMC,2465.0
Uttar Pradesh,Wheat,2024,9,2024-09-01,Tikonia APMC,2410.0
Uttar Pradesh,Wheat,2024,9,2024-09-01,Tilhar APMC,2530.25
Uttar Pradesh,Wheat,2024,9,2024-09-01,Tulsipur APMC,2462.66
Uttar Pradesh,Wheat,2024,9,2024-09-01,Tundla APMC,2653.28
Uttar Pradesh,Wheat,2024,9,2024-09-01,Ujhani APMC,
Uttar Pradesh,Wheat,2024,9,2024-09-01,Unnao APMC,2586.02
Uttar Pradesh,Wheat,2024,9,2024-09-01,Uttaripura APMC,2561.69
Uttar Pradesh,Wheat,2024,9,2024-09-01,Varanasi APMC,2531.71
Uttar Pradesh,Wheat,2024,9,2024-09-01,Vilthararoad APMC,2518.75
Uttar Pradesh,Wheat,2024,9,2024-09-01,Viswan APMC,2530.13
Uttar Pradesh,Wheat,2024,9,2024-09-01,Wazirganj APMC,2498.26
Uttar Pradesh,Wheat,2024,9,2024-09-01,Note:,
Uttar Pradesh,Wheat,2024,9,2024-09-01,Weighted Average Price = ∑(arrival quantity * modal price) / ∑arrival quantity,
Uttar Pradesh,Wheat,2024,9,2024-09-01,Change (Over Previous Month) = [Price - Price(Over Previous Month)/Price(Over Previous Month)] * 100,
Uttar Pradesh,Wheat,2024,9,2024-09-01,Change (Over Previous Year) = [Price - Price(Over Previous Year)/Price(Over Previous Year)] * 100,
Uttar Pradesh,Wheat,2024,10,2024-10-01,Achalda APMC,2728.71
Uttar Pradesh,Wheat,2024,10,2024-10-01,Achnera APMC,2783.96
Uttar Pradesh,Wheat,2024,10,2024-10-01,Agra APMC,2755.31
Uttar Pradesh,Wheat,2024,10,2024-10-01,Ahirora APMC,
Uttar Pradesh,Wheat,2024,10,2024-10-01,Ait APMC,2794.42
Uttar Pradesh,Wheat,2024,10,2024-10-01,Ajuha APMC,2694.13
Uttar Pradesh,Wheat,2024,10,2024-10-01,Akbarpur APMC,2623.81
Uttar Pradesh,Wheat,2024,10,2024-10-01,Aliganj APMC,2578.51
Uttar Pradesh,Wheat,2024,10,2024-10-01,Aligarh APMC,2726.6
Uttar Pradesh,Wheat,2024,10,2024-10-01,Amroha APMC,2658.0
Uttar Pradesh,Wheat,2024,10,2024-10-01,Anandnagar APMC,2350.0
Uttar Pradesh,Wheat,2024,10,2024-10-01,Anoop Shahar APMC,2574.56
Uttar Pradesh,Wheat,2024,10,2024-10-01,Atarra APMC,2609.42
Uttar Pradesh,Wheat,2024,10,2024-10-01,Atrauli APMC,2568.27
Uttar Pradesh,Wheat,2024,10,2024-10-01,Auraiya APMC,2732.22
Uttar Pradesh,Wheat,2024,10,2024-10-01,Ayodhya APMC,2697.7
Uttar Pradesh,Wheat,2024,10,2024-10-01,Azamgarh APMC,2635.97
Uttar Pradesh,Wheat,2024,10,2024-10-01,Baberu APMC,2449.38
Uttar Pradesh,Wheat,2024,10,2024-10-01,Babrala APMC,2702.34
Uttar Pradesh,Wheat,2024,10,2024-10-01,Bachranwa APMC,2621.55
Uttar Pradesh,Wheat,2024,10,2024-10-01,Badayoun APMC,2654.0
Uttar Pradesh,Wheat,2024,10,2024-10-01,Bahraich APMC,2694.15
Uttar Pradesh,Wheat,2024,10,2024-10-01,Ballia APMC,2617.35
Uttar Pradesh,Wheat,2024,10,2024-10-01,Balrampur APMC,2742.67
Uttar Pradesh,Wheat,2024,10,2024-10-01,Banda APMC,2662.61
Uttar Pradesh,Wheat,2024,10,2024-10-01,Bangarmau APMC,2630.02
Uttar Pradesh,Wheat,2024,10,2024-10-01,Bansi APMC,2700.0
Uttar Pradesh,Wheat,2024,10,2024-10-01,Banthara APMC,2778.07
Uttar Pradesh,Wheat,2024,10,2024-10-01,Barabanki APMC,2675.58
Uttar Pradesh,Wheat,2024,10,2024-10-01,Baraut APMC,2679.02
Uttar Pradesh,Wheat,2024,10,2024-10-01,Bareilly APMC,2612.35
Uttar Pradesh,Wheat,2024,10,2024-10-01,Baripaal APMC,2650.38
Uttar Pradesh,Wheat,2024,10,2024-10-01,Basti APMC,2655.83
Uttar Pradesh,Wheat,2024,10,2024-10-01,Bewar APMC,2539.6
Uttar Pradesh,Wheat,2024,10,2024-10-01,Bharthna APMC,2681.19
Uttar Pradesh,Wheat,2024,10,2024-10-01,Bharuasumerpur APMC,2722.78
Uttar Pradesh,Wheat,2024,10,2024-10-01,Bharwari APMC,2741.27
Uttar Pradesh,Wheat,2024,10,2024-10-01,Bhehjoi APMC,2434.76
Uttar Pradesh,Wheat,2024,10,2024-10-01,Bhinga APMC,2683.51
Uttar Pradesh,Wheat,2024,10,2024-10-01,Bijnaur APMC,2645.25
Uttar Pradesh,Wheat,2024,10,2024-10-01,Bindki APMC,2711.78
Uttar Pradesh,Wheat,2024,10,2024-10-01,Bishalpur APMC,2684.72
Uttar Pradesh,Wheat,2024,10,2024-10-01,Bisoli APMC,2328.93
Uttar Pradesh,Wheat,2024,10,2024-10-01,Buland Shahr APMC,2727.75
Uttar Pradesh,Wheat,2024,10,2024-10-01,Chandausi APMC,
Uttar Pradesh,Wheat,2024,10,2024-10-01,Chandoli APMC,2649.7
Uttar Pradesh,Wheat,2024,10,2024-10-01,Charkhari APMC,2610.23
Uttar Pradesh,Wheat,2024,10,2024-10-01,Charra APMC,2563.81
Uttar Pradesh,Wheat,2024,10,2024-10-01,Chhibramau APMC,2691.5
Uttar Pradesh,Wheat,2024,10,2024-10-01,Chirgaon APMC,
Uttar Pradesh,Wheat,2024,10,2024-10-01,Chorichora APMC,2422.45
Uttar Pradesh,Wheat,2024,10,2024-10-01,Choubepur APMC,2698.78
Uttar Pradesh,Wheat,2024,10,2024-10-01,Colonelganj APMC,2750.0
Uttar Pradesh,Wheat,2024,10,2024-10-01,DADRI APMC,2699.47
Uttar Pradesh,Wheat,2024,10,2024-10-01,Dataganj APMC,2574.25
Uttar Pradesh,Wheat,2024,10,2024-10-01,Deoband APMC,2720.0
Uttar Pradesh,Wheat,2024,10,2024-10-01,Devariya APMC,2623.71
Uttar Pradesh,Wheat,2024,10,2024-10-01,Dhanaura APMC,2290.0
Uttar Pradesh,Wheat,2024,10,2024-10-01,Dibiapur APMC,2576.68
Uttar Pradesh,Wheat,2024,10,2024-10-01,Divai APMC,2485.71
Uttar Pradesh,Wheat,2024,10,2024-10-01,Doharighat APMC,2685.0
Uttar Pradesh,Wheat,2024,10,2024-10-01,Dudhi APMC,2400.0
Uttar Pradesh,Wheat,2024,10,2024-10-01,Etah APMC,2578.31
Uttar Pradesh,Wheat,2024,10,2024-10-01,Etawah APMC,2696.63
Uttar Pradesh,Wheat,2024,10,2024-10-01,Farukhabad APMC,2712.05
Uttar Pradesh,Wheat,2024,10,2024-10-01,Fatehabad APMC,
Uttar Pradesh,Wheat,2024,10,2024-10-01,Fatehpur APMC,2674.63
Uttar Pradesh,Wheat,2024,10,2024-10-01,Fatehpur Sikri APMC,
Uttar Pradesh,Wheat,2024,10,2024-10-01,Firozabad APMC,2777.32
Uttar Pradesh,Wheat,2024,10,2024-10-01,Gazipur APMC,2644.59
Uttar Pradesh,Wheat,2024,10,2024-10-01,Ghaziabad APMC,2680.4
Uttar Pradesh,Wheat,2024,10,2024-10-01,Ghiraur APMC,2700.38
Uttar Pradesh,Wheat,2024,10,2024-10-01,Golagokarnath APMC,2674.72
Uttar Pradesh,Wheat,2024,10,2024-10-01,Gonda APMC,2773.64
Uttar Pradesh,Wheat,2024,10,2024-10-01,Gopiganj APMC,2584.18
Uttar Pradesh,Wheat,2024,10,2024-10-01,Gorakhpur APMC,2621.35
Uttar Pradesh,Wheat,2024,10,2024-10-01,Gurusarai APMC,2695.88
Uttar Pradesh,Wheat,2024,10,2024-10-01,Haathras APMC,2729.83
Uttar Pradesh,Wheat,2024,10,2024-10-01,Hapur APMC,2719.45
Uttar Pradesh,Wheat,2024,10,2024-10-01,Hardoi APMC,2632.41
Uttar Pradesh,Wheat,2024,10,2024-10-01,Hargaon (Laharpur) APMC,2654.42
Uttar Pradesh,Wheat,2024,10,2024-10-01,Jafarganj APMC,2662.04
Uttar Pradesh,Wheat,2024,10,2024-10-01,Jagnair APMC,2521.34
Uttar Pradesh,Wheat,2024,10,2024-10-01,Jahanabad APMC,2317.72
Uttar Pradesh,Wheat,2024,10,2024-10-01,Jahangirabad APMC,2713.44
Uttar Pradesh,Wheat,2024,10,2024-10-01,Jalalabad APMC,2526.2
Uttar Pradesh,Wheat,2024,10,2024-10-01,Jalaun APMC,2668.52
Uttar Pradesh,Wheat,2024,10,2024-10-01,Jasra APMC,2725.0
Uttar Pradesh,Wheat,2024,10,2024-10-01,Jasvantnagar APMC,2689.75
Uttar Pradesh,Wheat,2024,10,2024-10-01,Jaunpur APMC,2708.36
Uttar Pradesh,Wheat,2024,10,2024-10-01,Jayas APMC,2672.7
Uttar Pradesh,Wheat,2024,10,2024-10-01,Jhansi APMC,
Uttar Pradesh,Wheat,2024,10,2024-10-01,Jhansi Grain APMC,2622.66
Uttar Pradesh,Wheat,2024,10,2024-10-01,Jhijhank APMC,
Uttar Pradesh,Wheat,2024,10,2024-10-01,Kadaura APMC,2509.17
Uttar Pradesh,Wheat,2024,10,2024-10-01,Kalpi APMC,2638.07
Uttar Pradesh,Wheat,2024,10,2024-10-01,Kamlaganj APMC,2693.95
Uttar Pradesh,Wheat,2024,10,2024-10-01,Kannauj APMC,2700.94
Uttar Pradesh,Wheat,2024,10,2024-10-01,Kanpur(Grain) APMC,2674.97
Uttar Pradesh,Wheat,2024,10,2024-10-01,Karvi APMC,2642.0
Uttar Pradesh,Wheat,2024,10,2024-10-01,Kasganj APMC,2588.02
Uttar Pradesh,Wheat,2024,10,2024-10-01,Kayamganj APMC,2697.68
Uttar Pradesh,Wheat,2024,10,2024-10-01,Khaga APMC,2716.24
Uttar Pradesh,Wheat,2024,10,2024-10-01,Khair APMC,2578.03
Uttar Pradesh,Wheat,2024,10,2024-10-01,Khairagarh APMC,2700.0
Uttar Pradesh,Wheat,2024,10,2024-10-01,Khalilabad APMC,2710.0
Uttar Pradesh,Wheat,2024,10,2024-10-01,Khurja APMC,2712.26
Uttar Pradesh,Wheat,2024,10,2024-10-01,Kishunpur APMC,2556.41
Uttar Pradesh,Wheat,2024,10,2024-10-01,Konch APMC,2665.7
Uttar Pradesh,Wheat,2024,10,2024-10-01,Kopaganj APMC,2682.68
Uttar Pradesh,Wheat,2024,10,2024-10-01,Kosikalan APMC,2726.54
Uttar Pradesh,Wheat,2024,10,2024-10-01,Kurara APMC,2544.74
Uttar Pradesh,Wheat,2024,10,2024-10-01,Lakhimpur APMC,2662.01
Uttar Pradesh,Wheat,2024,10,2024-10-01,Lalganj APMC,2635.96
Uttar Pradesh,Wheat,2024,10,2024-10-01,Lalitpur APMC,2712.04
Uttar Pradesh,Wheat,2024,10,2024-10-01,Lediyari APMC,2489.86
Uttar Pradesh,Wheat,2024,10,2024-10-01,Lucknow APMC,2649.95
Uttar Pradesh,Wheat,2024,10,2024-10-01,Madhoganj APMC,2638.67
Uttar Pradesh,Wheat,2024,10,2024-10-01,Madhogarh APMC,2669.29
Uttar Pradesh,Wheat,2024,10,2024-10-01,Mahoba APMC,2686.21
Uttar Pradesh,Wheat,2024,10,2024-10-01,Maigalganj APMC,2594.06
Uttar Pradesh,Wheat,2024,10,2024-10-01,Mainpuri APMC,2673.91
Uttar Pradesh,Wheat,2024,10,2024-10-01,Manjhanpur APMC,2699.34
Uttar Pradesh,Wheat,2024,10,2024-10-01,Mathura APMC,2780.14
Uttar Pradesh,Wheat,2024,10,2024-10-01,Maudaha APMC,2438.01
Uttar Pradesh,Wheat,2024,10,2024-10-01,Mauranipur APMC,2667.83
Uttar Pradesh,Wheat,2024,10,2024-10-01,Mawana APMC,
Uttar Pradesh,Wheat,2024,10,2024-10-01,Meerut APMC,2629.36
Uttar Pradesh,Wheat,2024,10,2024-10-01,Mehmoodabad APMC,2637.24
Uttar Pradesh,Wheat,2024,10,2024-10-01,Mehrauni APMC,2649.82
Uttar Pradesh,Wheat,2024,10,2024-10-01,Milak APMC,
Uttar Pradesh,Wheat,2024,10,2024-10-01,Mirzapur APMC,2650.73
Uttar Pradesh,Wheat,2024,10,2024-10-01,Mohamadabad APMC,2688.37
Uttar Pradesh,Wheat,2024,10,2024-10-01,Mohammdi APMC,2651.28
Uttar Pradesh,Wheat,2024,10,2024-10-01,Moth APMC,2704.18
Uttar Pradesh,Wheat,2024,10,2024-10-01,Mugrabaadshahpur APMC,2645.31
Uttar Pradesh,Wheat,2024,10,2024-10-01,Muradabad APMC,2664.46
Uttar Pradesh,Wheat,2024,10,2024-10-01,Muradnagar APMC,2710.0
Uttar Pradesh,Wheat,2024,10,2024-10-01,Muskara APMC,2664.78
Uttar Pradesh,Wheat,2024,10,2024-10-01,Muzzafarnagar APMC,2697.38
Uttar Pradesh,Wheat,2024,10,2024-10-01,Naanpara APMC,2547.86
Uttar Pradesh,Wheat,2024,10,2024-10-01,Naugarh APMC,2692.57
Uttar Pradesh,Wheat,2024,10,2024-10-01,Nautnava APMC,2541.63
Uttar Pradesh,Wheat,2024,10,2024-10-01,Nawabganj APMC,2737.8
Uttar Pradesh,Wheat,2024,10,2024-10-01,Noida APMC,2711.96
Uttar Pradesh,Wheat,2024,10,2024-10-01,Orai APMC,2693.4
Uttar Pradesh,Wheat,2024,10,2024-10-01,Paliakala APMC,2590.93
Uttar Pradesh,Wheat,2024,10,2024-10-01,Panchpedwa APMC,2800.0
Uttar Pradesh,Wheat,2024,10,2024-10-01,Partaval APMC,2612.08
Uttar Pradesh,Wheat,2024,10,2024-10-01,Pilibhit APMC,2641.0
Uttar Pradesh,Wheat,2024,10,2024-10-01,Powayan APMC,2693.06
Uttar Pradesh,Wheat,2024,10,2024-10-01,Pratapgarh APMC,2674.92
Uttar Pradesh,Wheat,2024,10,2024-10-01,Prayagraj APMC,2714.31
Uttar Pradesh,Wheat,2024,10,2024-10-01,Pukharayan APMC,2683.24
Uttar Pradesh,Wheat,2024,10,2024-10-01,Puranpur APMC,2627.97
Uttar Pradesh,Wheat,2024,10,2024-10-01,Purwa APMC,2642.83
Uttar Pradesh,Wheat,2024,10,2024-10-01,Raath APMC,2360.0
Uttar Pradesh,Wheat,2024,10,2024-10-01,Raibareilly APMC,2618.83
Uttar Pradesh,Wheat,2024,10,2024-10-01,Rampur APMC,2652.95
Uttar Pradesh,Wheat,2024,10,2024-10-01,Rasda APMC,2603.82
Uttar Pradesh,Wheat,2024,10,2024-10-01,Robertsganj APMC,2624.5
Uttar Pradesh,Wheat,2024,10,2024-10-01,Rura APMC,
Uttar Pradesh,Wheat,2024,10,2024-10-01,Safdarganj APMC,2612.14
Uttar Pradesh,Wheat,2024,10,2024-10-01,Saharanpur APMC,2690.74
Uttar Pradesh,Wheat,2024,10,2024-10-01,Sahiyapur APMC,2663.15
Uttar Pradesh,Wheat,2024,10,2024-10-01,Salon APMC,2635.15
Uttar Pradesh,Wheat,2024,10,2024-10-01,Samsabad APMC,2800.0
Uttar Pradesh,Wheat,2024,10,2024-10-01,Sandi APMC,2626.27
Uttar Pradesh,Wheat,2024,10,2024-10-01,Sandila APMC,2632.26
Uttar Pradesh,Wheat,2024,10,2024-10-01,Shahabad APMC,2400.0
Uttar Pradesh,Wheat,2024,10,2024-10-01,Shahabad(New Mandi) APMC,2636.78
Uttar Pradesh,Wheat,2024,10,2024-10-01,Shahaswan APMC,2604.29
Uttar Pradesh,Wheat,2024,10,2024-10-01,Shahganj APMC,2664.05
Uttar Pradesh,Wheat,2024,10,2024-10-01,Shahjahanpur APMC,2732.16
Uttar Pradesh,Wheat,2024,10,2024-10-01,Shahpur APMC,2412.37
Uttar Pradesh,Wheat,2024,10,2024-10-01,Shamli APMC,2692.59
Uttar Pradesh,Wheat,2024,10,2024-10-01,Shikohabad APMC,
Uttar Pradesh,Wheat,2024,10,2024-10-01,Sikandraraau APMC,2674.43
Uttar Pradesh,Wheat,2024,10,2024-10-01,Sikarpur APMC,2592.52
Uttar Pradesh,Wheat,2024,10,2024-10-01,Sirsa APMC,2500.0
Uttar Pradesh,Wheat,2024,10,2024-10-01,Sirsaganj APMC,
Uttar Pradesh,Wheat,2024,10,2024-10-01,Sitapur APMC,2637.54
Uttar Pradesh,Wheat,2024,10,2024-10-01,Siyana APMC,2698.35
Uttar Pradesh,Wheat,2024,10,2024-10-01,Sultanpur APMC,2664.72
Uttar Pradesh,Wheat,2024,10,2024-10-01,Tamkuhi road APMC,
Uttar Pradesh,Wheat,2024,10,2024-10-01,Tikonia APMC,
Uttar Pradesh,Wheat,2024,10,2024-10-01,Tilhar APMC,2668.64
Uttar Pradesh,Wheat,2024,10,2024-10-01,Tulsipur APMC,2683.25
Uttar Pradesh,Wheat,2024,10,2024-10-01,Tundla APMC,2764.77
Uttar Pradesh,Wheat,2024,10,2024-10-01,Ujhani APMC,
Uttar Pradesh,Wheat,2024,10,2024-10-01,Unnao APMC,2633.0
Uttar Pradesh,Wheat,2024,10,2024-10-01,Uttaripura APMC,2693.73
Uttar Pradesh,Wheat,2024,10,2024-10-01,Varanasi APMC,2693.38
Uttar Pradesh,Wheat,2024,10,2024-10-01,Vilthararoad APMC,2550.0
Uttar Pradesh,Wheat,2024,10,2024-10-01,Viswan APMC,2627.57
Uttar Pradesh,Wheat,2024,10,2024-10-01,Wazirganj APMC,2607.49
Uttar Pradesh,Wheat,2024,10,2024-10-01,Note:,
Uttar Pradesh,Wheat,2024,10,2024-10-01,Weighted Average Price = ∑(arrival quantity * modal price) / ∑arrival quantity,
Uttar Pradesh,Wheat,2024,10,2024-10-01,Change (Over Previous Month) = [Price - Price(Over Previous Month)/Price(Over Previous Month)] * 100,
Uttar Pradesh,Wheat,2024,10,2024-10-01,Change (Over Previous Year) = [Price - Price(Over Previous Year)/Price(Over Previous Year)] * 100,
Uttar Pradesh,Wheat,2024,11,2024-11-01,Achalda APMC,2787.46
Uttar Pradesh,Wheat,2024,11,2024-11-01,Achnera APMC,2855.49
Uttar Pradesh,Wheat,2024,11,2024-11-01,Agra APMC,2876.29
Uttar Pradesh,Wheat,2024,11,2024-11-01,Ahirora APMC,2403.29
Uttar Pradesh,Wheat,2024,11,2024-11-01,Ait APMC,2839.0
Uttar Pradesh,Wheat,2024,11,2024-11-01,Ajuha APMC,2752.8
Uttar Pradesh,Wheat,2024,11,2024-11-01,Akbarpur APMC,2772.19
Uttar Pradesh,Wheat,2024,11,2024-11-01,Aliganj APMC,2642.28
Uttar Pradesh,Wheat,2024,11,2024-11-01,Aligarh APMC,2765.1
Uttar Pradesh,Wheat,2024,11,2024-11-01,Amroha APMC,2750.93
Uttar Pradesh,Wheat,2024,11,2024-11-01,Anandnagar APMC,2350.0
Uttar Pradesh,Wheat,2024,11,2024-11-01,Anoop Shahar APMC,
Uttar Pradesh,Wheat,2024,11,2024-11-01,Atarra APMC,2658.88
Uttar Pradesh,Wheat,2024,11,2024-11-01,Atrauli APMC,2704.12
Uttar Pradesh,Wheat,2024,11,2024-11-01,Auraiya APMC,2799.93
Uttar Pradesh,Wheat,2024,11,2024-11-01,Ayodhya APMC,2785.27
Uttar Pradesh,Wheat,2024,11,2024-11-01,Azamgarh APMC,2736.13
Uttar Pradesh,Wheat,2024,11,2024-11-01,Baberu APMC,2450.0
Uttar Pradesh,Wheat,2024,11,2024-11-01,Babrala APMC,2750.13
Uttar Pradesh,Wheat,2024,11,2024-11-01,Bachranwa APMC,2691.19
Uttar Pradesh,Wheat,2024,11,2024-11-01,Badayoun APMC,2713.26
Uttar Pradesh,Wheat,2024,11,2024-11-01,Bahraich APMC,2770.51
Uttar Pradesh,Wheat,2024,11,2024-11-01,Ballia APMC,2740.84
Uttar Pradesh,Wheat,2024,11,2024-11-01,Balrampur APMC,2788.89
Uttar Pradesh,Wheat,2024,11,2024-11-01,Banda APMC,2739.71
Uttar Pradesh,Wheat,2024,11,2024-11-01,Bangarmau APMC,2706.71
Uttar Pradesh,Wheat,2024,11,2024-11-01,Bansi APMC,
Uttar Pradesh,Wheat,2024,11,2024-11-01,Banthara APMC,2945.78
Uttar Pradesh,Wheat,2024,11,2024-11-01,Barabanki APMC,2764.86
Uttar Pradesh,Wheat,2024,11,2024-11-01,Baraut APMC,2788.19
Uttar Pradesh,Wheat,2024,11,2024-11-01,Bareilly APMC,2751.29
Uttar Pradesh,Wheat,2024,11,2024-11-01,Baripaal APMC,2691.5
Uttar Pradesh,Wheat,2024,11,2024-11-01,Basti APMC,2718.92
Uttar Pradesh,Wheat,2024,11,2024-11-01,Bewar APMC,2646.21
Uttar Pradesh,Wheat,2024,11,2024-11-01,Bharthna APMC,2747.11
Uttar Pradesh,Wheat,2024,11,2024-11-01,Bharuasumerpur APMC,2788.69
Uttar Pradesh,Wheat,2024,11,2024-11-01,Bharwari APMC,
Uttar Pradesh,Wheat,2024,11,2024-11-01,Bhehjoi APMC,2483.85
Uttar Pradesh,Wheat,2024,11,2024-11-01,Bhinga APMC,2772.2
Uttar Pradesh,Wheat,2024,11,2024-11-01,Bijnaur APMC,2736.36
Uttar Pradesh,Wheat,2024,11,2024-11-01,Bilsi APMC,2726.17
Uttar Pradesh,Wheat,2024,11,2024-11-01,Bindki APMC,2755.08
Uttar Pradesh,Wheat,2024,11,2024-11-01,Bishalpur APMC,2731.78
Uttar Pradesh,Wheat,2024,11,2024-11-01,Bisoli APMC,2537.88
Uttar Pradesh,Wheat,2024,11,2024-11-01,Buland Shahr APMC,2797.08
Uttar Pradesh,Wheat,2024,11,2024-11-01,Chandausi APMC,2745.84
Uttar Pradesh,Wheat,2024,11,2024-11-01,Chandoli APMC,2748.69
Uttar Pradesh,Wheat,2024,11,2024-11-01,Charkhari APMC,2672.15
Uttar Pradesh,Wheat,2024,11,2024-11-01,Charra APMC,2650.0
Uttar Pradesh,Wheat,2024,11,2024-11-01,Chhibramau APMC,2770.46
Uttar Pradesh,Wheat,2024,11,2024-11-01,Chorichora APMC,2450.0
Uttar Pradesh,Wheat,2024,11,2024-11-01,Choubepur APMC,2776.87
Uttar Pradesh,Wheat,2024,11,2024-11-01,Colonelganj APMC,2750.0
Uttar Pradesh,Wheat,2024,11,2024-11-01,DADRI APMC,2785.75
Uttar Pradesh,Wheat,2024,11,2024-11-01,Dankaur APMC,
Uttar Pradesh,Wheat,2024,11,2024-11-01,Dataganj APMC,
Uttar Pradesh,Wheat,2024,11,2024-11-01,Deoband APMC,
Uttar Pradesh,Wheat,2024,11,2024-11-01,Devariya APMC,2660.64
Uttar Pradesh,Wheat,2024,11,2024-11-01,Dhanaura APMC,2298.47
Uttar Pradesh,Wheat,2024,11,2024-11-01,Dibiapur APMC,
Uttar Pradesh,Wheat,2024,11,2024-11-01,Divai APMC,
Uttar Pradesh,Wheat,2024,11,2024-11-01,Doharighat APMC,2760.0
Uttar Pradesh,Wheat,2024,11,2024-11-01,Dudhi APMC,2400.0
Uttar Pradesh,Wheat,2024,11,2024-11-01,Etah APMC,2616.14
Uttar Pradesh,Wheat,2024,11,2024-11-01,Etawah APMC,2762.2
Uttar Pradesh,Wheat,2024,11,2024-11-01,Farukhabad APMC,2763.2
Uttar Pradesh,Wheat,2024,11,2024-11-01,Fatehabad APMC,
Uttar Pradesh,Wheat,2024,11,2024-11-01,Fatehpur APMC,2730.3
Uttar Pradesh,Wheat,2024,11,2024-11-01,Fatehpur Sikri APMC,
Uttar Pradesh,Wheat,2024,11,2024-11-01,Firozabad APMC,2893.57
Uttar Pradesh,Wheat,2024,11,2024-11-01,Gazipur APMC,2753.92
Uttar Pradesh,Wheat,2024,11,2024-11-01,Ghaziabad APMC,2778.38
Uttar Pradesh,Wheat,2024,11,2024-11-01,Ghiraur APMC,2785.57
Uttar Pradesh,Wheat,2024,11,2024-11-01,Golagokarnath APMC,2696.82
Uttar Pradesh,Wheat,2024,11,2024-11-01,Gonda APMC,2840.42
Uttar Pradesh,Wheat,2024,11,2024-11-01,Gopiganj APMC,2717.21
Uttar Pradesh,Wheat,2024,11,2024-11-01,Gorakhpur APMC,2691.14
Uttar Pradesh,Wheat,2024,11,2024-11-01,Gurusarai APMC,2745.0
Uttar Pradesh,Wheat,2024,11,2024-11-01,Haathras APMC,2779.86
Uttar Pradesh,Wheat,2024,11,2024-11-01,Hapur APMC,2818.22
Uttar Pradesh,Wheat,2024,11,2024-11-01,Hardoi APMC,2714.35
Uttar Pradesh,Wheat,2024,11,2024-11-01,Hargaon (Laharpur) APMC,2768.21
Uttar Pradesh,Wheat,2024,11,2024-11-01,Jafarganj APMC,2785.89
Uttar Pradesh,Wheat,2024,11,2024-11-01,Jagnair APMC,2656.88
Uttar Pradesh,Wheat,2024,11,2024-11-01,Jahanabad APMC,2303.1
Uttar Pradesh,Wheat,2024,11,2024-11-01,Jahangirabad APMC,2804.86
Uttar Pradesh,Wheat,2024,11,2024-11-01,Jalalabad APMC,2584.33
Uttar Pradesh,Wheat,2024,11,2024-11-01,Jalaun APMC,2766.03
Uttar Pradesh,Wheat,2024,11,2024-11-01,Jasra APMC,
Uttar Pradesh,Wheat,2024,11,2024-11-01,Jasvantnagar APMC,2751.86
Uttar Pradesh,Wheat,2024,11,2024-11-01,Jaunpur APMC,2767.87
Uttar Pradesh,Wheat,2024,11,2024-11-01,Jayas APMC,2784.94
Uttar Pradesh,Wheat,2024,11,2024-11-01,Jhansi APMC,
Uttar Pradesh,Wheat,2024,11,2024-11-01,Jhansi Grain APMC,2676.11
Uttar Pradesh,Wheat,2024,11,2024-11-01,Jhijhank APMC,
Uttar Pradesh,Wheat,2024,11,2024-11-01,Kadaura APMC,2573.04
Uttar Pradesh,Wheat,2024,11,2024-11-01,Kalpi APMC,2660.0
Uttar Pradesh,Wheat,2024,11,2024-11-01,Kamlaganj APMC,2765.86
Uttar Pradesh,Wheat,2024,11,2024-11-01,Kannauj APMC,2765.19
Uttar Pradesh,Wheat,2024,11,2024-11-01,Kanpur(Grain) APMC,2765.21
Uttar Pradesh,Wheat,2024,11,2024-11-01,Karvi APMC,2763.97
Uttar Pradesh,Wheat,2024,11,2024-11-01,Kasganj APMC,2673.13
Uttar Pradesh,Wheat,2024,11,2024-11-01,Kayamganj APMC,2770.36
Uttar Pradesh,Wheat,2024,11,2024-11-01,Khaga APMC,2785.74
Uttar Pradesh,Wheat,2024,11,2024-11-01,Khair APMC,2821.56
Uttar Pradesh,Wheat,2024,11,2024-11-01,Khairagarh APMC,
Uttar Pradesh,Wheat,2024,11,2024-11-01,Khalilabad APMC,2740.0
Uttar Pradesh,Wheat,2024,11,2024-11-01,Khurja APMC,2804.12
Uttar Pradesh,Wheat,2024,11,2024-11-01,Kishunpur APMC,2694.46
Uttar Pradesh,Wheat,2024,11,2024-11-01,Konch APMC,2756.08
Uttar Pradesh,Wheat,2024,11,2024-11-01,Kopaganj APMC,2760.0
Uttar Pradesh,Wheat,2024,11,2024-11-01,Kosikalan APMC,2865.28
Uttar Pradesh,Wheat,2024,11,2024-11-01,Kurara APMC,2598.38
Uttar Pradesh,Wheat,2024,11,2024-11-01,Lakhimpur APMC,2707.5
Uttar Pradesh,Wheat,2024,11,2024-11-01,Lalganj APMC,2712.03
Uttar Pradesh,Wheat,2024,11,2024-11-01,Lalitpur APMC,2761.21
Uttar Pradesh,Wheat,2024,11,2024-11-01,Lediyari APMC,2656.37
Uttar Pradesh,Wheat,2024,11,2024-11-01,Lucknow APMC,2737.51
Uttar Pradesh,Wheat,2024,11,2024-11-01,Madhoganj APMC,2710.62
Uttar Pradesh,Wheat,2024,11,2024-11-01,Madhogarh APMC,2733.1
Uttar Pradesh,Wheat,2024,11,2024-11-01,Mahoba APMC,2749.78
Uttar Pradesh,Wheat,2024,11,2024-11-01,Maigalganj APMC,2739.46
Uttar Pradesh,Wheat,2024,11,2024-11-01,Mainpuri APMC,2763.05
Uttar Pradesh,Wheat,2024,11,2024-11-01,Manjhanpur APMC,2748.63
Uttar Pradesh,Wheat,2024,11,2024-11-01,Mathura APMC,2878.67
Uttar Pradesh,Wheat,2024,11,2024-11-01,Maudaha APMC,
Uttar Pradesh,Wheat,2024,11,2024-11-01,Mauranipur APMC,2721.79
Uttar Pradesh,Wheat,2024,11,2024-11-01,Meerut APMC,2798.01
Uttar Pradesh,Wheat,2024,11,2024-11-01,Mehmoodabad APMC,2715.38
Uttar Pradesh,Wheat,2024,11,2024-11-01,Mehrauni APMC,2613.06
Uttar Pradesh,Wheat,2024,11,2024-11-01,Milak APMC,
Uttar Pradesh,Wheat,2024,11,2024-11-01,Mirzapur APMC,2749.89
Uttar Pradesh,Wheat,2024,11,2024-11-01,Mohamadabad APMC,2768.5
Uttar Pradesh,Wheat,2024,11,2024-11-01,Mohammdi APMC,2708.71
Uttar Pradesh,Wheat,2024,11,2024-11-01,Moth APMC,2757.43
Uttar Pradesh,Wheat,2024,11,2024-11-01,Mugrabaadshahpur APMC,2761.0
Uttar Pradesh,Wheat,2024,11,2024-11-01,Muradabad APMC,2749.99
Uttar Pradesh,Wheat,2024,11,2024-11-01,Muradnagar APMC,2820.0
Uttar Pradesh,Wheat,2024,11,2024-11-01,Muskara APMC,2754.28
Uttar Pradesh,Wheat,2024,11,2024-11-01,Muzzafarnagar APMC,2802.61
Uttar Pradesh,Wheat,2024,11,2024-11-01,Naanpara APMC,
Uttar Pradesh,Wheat,2024,11,2024-11-01,Naugarh APMC,2760.0
Uttar Pradesh,Wheat,2024,11,2024-11-01,Nautnava APMC,2673.33
Uttar Pradesh,Wheat,2024,11,2024-11-01,Nawabganj APMC,2780.87
Uttar Pradesh,Wheat,2024,11,2024-11-01,Noida APMC,
Uttar Pradesh,Wheat,2024,11,2024-11-01,Orai APMC,2793.62
Uttar Pradesh,Wheat,2024,11,2024-11-01,Paliakala APMC,2785.91
Uttar Pradesh,Wheat,2024,11,2024-11-01,Panchpedwa APMC,2800.0
Uttar Pradesh,Wheat,2024,11,2024-11-01,Partaval APMC,2686.34
Uttar Pradesh,Wheat,2024,11,2024-11-01,Pilibhit APMC,2741.75
Uttar Pradesh,Wheat,2024,11,2024-11-01,Powayan APMC,2734.25
Uttar Pradesh,Wheat,2024,11,2024-11-01,Pratapgarh APMC,2753.85
Uttar Pradesh,Wheat,2024,11,2024-11-01,Prayagraj APMC,2755.64
Uttar Pradesh,Wheat,2024,11,2024-11-01,Pukharayan APMC,2793.38
Uttar Pradesh,Wheat,2024,11,2024-11-01,Puranpur APMC,2736.15
Uttar Pradesh,Wheat,2024,11,2024-11-01,Purwa APMC,2722.83
Uttar Pradesh,Wheat,2024,11,2024-11-01,Raath APMC,
Uttar Pradesh,Wheat,2024,11,2024-11-01,Raibareilly APMC,2707.11
Uttar Pradesh,Wheat,2024,11,2024-11-01,Rampur APMC,2740.27
Uttar Pradesh,Wheat,2024,11,2024-11-01,Rasda APMC,2727.12
Uttar Pradesh,Wheat,2024,11,2024-11-01,Robertsganj APMC,2729.07
Uttar Pradesh,Wheat,2024,11,2024-11-01,Rudauli APMC,2760.0
Uttar Pradesh,Wheat,2024,11,2024-11-01,Rura APMC,
Uttar Pradesh,Wheat,2024,11,2024-11-01,Safdarganj APMC,2733.66
Uttar Pradesh,Wheat,2024,11,2024-11-01,Saharanpur APMC,2803.28
Uttar Pradesh,Wheat,2024,11,2024-11-01,Sahiyapur APMC,2744.44
Uttar Pradesh,Wheat,2024,11,2024-11-01,Salon APMC,2714.05
Uttar Pradesh,Wheat,2024,11,2024-11-01,Samsabad APMC,2863.64
Uttar Pradesh,Wheat,2024,11,2024-11-01,Sandi APMC,2707.25
Uttar Pradesh,Wheat,2024,11,2024-11-01,Sandila APMC,2710.9
Uttar Pradesh,Wheat,2024,11,2024-11-01,Shahabad APMC,2400.0
Uttar Pradesh,Wheat,2024,11,2024-11-01,Shahabad(New Mandi) APMC,2717.57
Uttar Pradesh,Wheat,2024,11,2024-11-01,Shahaswan APMC,2648.33
Uttar Pradesh,Wheat,2024,11,2024-11-01,Shahganj APMC,2722.98
Uttar Pradesh,Wheat,2024,11,2024-11-01,Shahjahanpur APMC,2754.82
Uttar Pradesh,Wheat,2024,11,2024-11-01,Shahpur APMC,2400.0
Uttar Pradesh,Wheat,2024,11,2024-11-01,Shamli APMC,2795.29
Uttar Pradesh,Wheat,2024,11,2024-11-01,Sikandraraau APMC,2712.02
Uttar Pradesh,Wheat,2024,11,2024-11-01,Sikarpur APMC,2491.1
Uttar Pradesh,Wheat,2024,11,2024-11-01,Sirsa APMC,2500.0
Uttar Pradesh,Wheat,2024,11,2024-11-01,Sitapur APMC,2717.28
Uttar Pradesh,Wheat,2024,11,2024-11-01,Siyana APMC,2800.54
Uttar Pradesh,Wheat,2024,11,2024-11-01,Sultanpur APMC,2798.49
Uttar Pradesh,Wheat,2024,11,2024-11-01,Tamkuhi road APMC,
Uttar Pradesh,Wheat,2024,11,2024-11-01,Thanabhawan APMC,
Uttar Pradesh,Wheat,2024,11,2024-11-01,Tikonia APMC,
Uttar Pradesh,Wheat,2024,11,2024-11-01,Tilhar APMC,2724.82
Uttar Pradesh,Wheat,2024,11,2024-11-01,Tulsipur APMC,2802.69
Uttar Pradesh,Wheat,2024,11,2024-11-01,Tundla APMC,2897.73
Uttar Pradesh,Wheat,2024,11,2024-11-01,Ujhani APMC,2721.95
Uttar Pradesh,Wheat,2024,11,2024-11-01,Unnao APMC,2717.26
Uttar Pradesh,Wheat,2024,11,2024-11-01,Uttaripura APMC,2767.82
Uttar Pradesh,Wheat,2024,11,2024-11-01,Varanasi APMC,2817.73
Uttar Pradesh,Wheat,2024,11,2024-11-01,Vilthararoad APMC,2600.0
Uttar Pradesh,Wheat,2024,11,2024-11-01,Viswan APMC,2705.95
Uttar Pradesh,Wheat,2024,11,2024-11-01,Wazirganj APMC,2697.73
Uttar Pradesh,Wheat,2024,11,2024-11-01,Note:,
Uttar Pradesh,Wheat,2024,11,2024-11-01,Weighted Average Price = ∑(arrival quantity * modal price) / ∑arrival quantity,
Uttar Pradesh,Wheat,2024,11,2024-11-01,Change (Over Previous Month) = [Price - Price(Over Previous Month)/Price(Over Previous Month)] * 100,
Uttar Pradesh,Wheat,2024,11,2024-11-01,Change (Over Previous Year) = [Price - Price(Over Previous Year)/Price(Over Previous Year)] * 100,
Uttar Pradesh,Wheat,2024,12,2024-12-01,Achalda APMC,2788.46
Uttar Pradesh,Wheat,2024,12,2024-12-01,Achnera APMC,2876.45
Uttar Pradesh,Wheat,2024,12,2024-12-01,Agra APMC,2869.1
Uttar Pradesh,Wheat,2024,12,2024-12-01,Ahirora APMC,2400.0
Uttar Pradesh,Wheat,2024,12,2024-12-01,Ait APMC,2862.16
Uttar Pradesh,Wheat,2024,12,2024-12-01,Ajuha APMC,2753.84
Uttar Pradesh,Wheat,2024,12,2024-12-01,Akbarpur APMC,2812.68
Uttar Pradesh,Wheat,2024,12,2024-12-01,Aliganj APMC,2659.51
Uttar Pradesh,Wheat,2024,12,2024-12-01,Aligarh APMC,2776.76
Uttar Pradesh,Wheat,2024,12,2024-12-01,Amroha APMC,2795.38
Uttar Pradesh,Wheat,2024,12,2024-12-01,Anandnagar APMC,2361.47
Uttar Pradesh,Wheat,2024,12,2024-12-01,Atarra APMC,2600.0
Uttar Pradesh,Wheat,2024,12,2024-12-01,Atrauli APMC,2773.11
Uttar Pradesh,Wheat,2024,12,2024-12-01,Auraiya APMC,2808.43
Uttar Pradesh,Wheat,2024,12,2024-12-01,Ayodhya APMC,2820.69
Uttar Pradesh,Wheat,2024,12,2024-12-01,Azamgarh APMC,2784.92
Uttar Pradesh,Wheat,2024,12,2024-12-01,Baberu APMC,
Uttar Pradesh,Wheat,2024,12,2024-12-01,Babrala APMC,2752.83
Uttar Pradesh,Wheat,2024,12,2024-12-01,Bachranwa APMC,2681.45
Uttar Pradesh,Wheat,2024,12,2024-12-01,Badayoun APMC,2720.17
Uttar Pradesh,Wheat,2024,12,2024-12-01,Bahraich APMC,2750.54
Uttar Pradesh,Wheat,2024,12,2024-12-01,Ballia APMC,2780.03
Uttar Pradesh,Wheat,2024,12,2024-12-01,Balrampur APMC,2783.8
Uttar Pradesh,Wheat,2024,12,2024-12-01,Banda APMC,2714.92
Uttar Pradesh,Wheat,2024,12,2024-12-01,Bangarmau APMC,2727.0
Uttar Pradesh,Wheat,2024,12,2024-12-01,Bansi APMC,
Uttar Pradesh,Wheat,2024,12,2024-12-01,Banthara APMC,2918.67
Uttar Pradesh,Wheat,2024,12,2024-12-01,Barabanki APMC,2782.03
Uttar Pradesh,Wheat,2024,12,2024-12-01,Baraut APMC,2807.93
Uttar Pradesh,Wheat,2024,12,2024-12-01,Bareilly APMC,2738.21
Uttar Pradesh,Wheat,2024,12,2024-12-01,Barhaj APMC,
Uttar Pradesh,Wheat,2024,12,2024-12-01,Baripaal APMC,2692.4
Uttar Pradesh,Wheat,2024,12,2024-12-01,Basti APMC,2779.75
Uttar Pradesh,Wheat,2024,12,2024-12-01,Bewar APMC,2643.51
Uttar Pradesh,Wheat,2024,12,2024-12-01,Bharthna APMC,2730.35
Uttar Pradesh,Wheat,2024,12,2024-12-01,Bharuasumerpur APMC,2761.86
Uttar Pradesh,Wheat,2024,12,2024-12-01,Bharwari APMC,2700.0
Uttar Pradesh,Wheat,2024,12,2024-12-01,Bhehjoi APMC,2486.68
Uttar Pradesh,Wheat,2024,12,2024-12-01,Bhinga APMC,2749.83
Uttar Pradesh,Wheat,2024,12,2024-12-01,Bijnaur APMC,2797.59
Uttar Pradesh,Wheat,2024,12,2024-12-01,Bilsi APMC,2745.36
Uttar Pradesh,Wheat,2024,12,2024-12-01,Bindki APMC,2763.29
Uttar Pradesh,Wheat,2024,12,2024-12-01,Bishalpur APMC,2742.64
Uttar Pradesh,Wheat,2024,12,2024-12-01,Bisoli APMC,2350.0
Uttar Pradesh,Wheat,2024,12,2024-12-01,Buland Shahr APMC,2833.69
Uttar Pradesh,Wheat,2024,12,2024-12-01,Chandausi APMC,2801.52
Uttar Pradesh,Wheat,2024,12,2024-12-01,Chandoli APMC,2798.39
Uttar Pradesh,Wheat,2024,12,2024-12-01,Charkhari APMC,2690.34
Uttar Pradesh,Wheat,2024,12,2024-12-01,Charra APMC,2650.0
Uttar Pradesh,Wheat,2024,12,2024-12-01,Chhibramau APMC,2773.28
Uttar Pradesh,Wheat,2024,12,2024-12-01,Chirgaon APMC,
Uttar Pradesh,Wheat,2024,12,2024-12-01,Chorichora APMC,2430.0
Uttar Pradesh,Wheat,2024,12,2024-12-01,Choubepur APMC,2762.25
Uttar Pradesh,Wheat,2024,12,2024-12-01,Colonelganj APMC,2800.0
Uttar Pradesh,Wheat,2024,12,2024-12-01,DADRI APMC,2813.2
Uttar Pradesh,Wheat,2024,12,2024-12-01,Dankaur APMC,2811.43
Uttar Pradesh,Wheat,2024,12,2024-12-01,Deoband APMC,2825.0
Uttar Pradesh,Wheat,2024,12,2024-12-01,Devariya APMC,2736.75
Uttar Pradesh,Wheat,2024,12,2024-12-01,Dhanaura APMC,2290.69
Uttar Pradesh,Wheat,2024,12,2024-12-01,Doharighat APMC,2785.0
Uttar Pradesh,Wheat,2024,12,2024-12-01,Dudhi APMC,2400.0
Uttar Pradesh,Wheat,2024,12,2024-12-01,Etah APMC,2647.11
Uttar Pradesh,Wheat,2024,12,2024-12-01,Etawah APMC,2747.34
Uttar Pradesh,Wheat,2024,12,2024-12-01,Farukhabad APMC,2752.11
Uttar Pradesh,Wheat,2024,12,2024-12-01,Fatehpur APMC,2728.01
Uttar Pradesh,Wheat,2024,12,2024-12-01,Fatehpur Sikri APMC,2866.39
Uttar Pradesh,Wheat,2024,12,2024-12-01,Firozabad APMC,2909.44
Uttar Pradesh,Wheat,2024,12,2024-12-01,Gazipur APMC,2801.15
Uttar Pradesh,Wheat,2024,12,2024-12-01,Ghaziabad APMC,2822.17
Uttar Pradesh,Wheat,2024,12,2024-12-01,Ghiraur APMC,2780.89
Uttar Pradesh,Wheat,2024,12,2024-12-01,Golagokarnath APMC,2766.26
Uttar Pradesh,Wheat,2024,12,2024-12-01,Gonda APMC,2825.78
Uttar Pradesh,Wheat,2024,12,2024-12-01,Gopiganj APMC,2779.28
Uttar Pradesh,Wheat,2024,12,2024-12-01,Gorakhpur APMC,2734.13
Uttar Pradesh,Wheat,2024,12,2024-12-01,Gurusarai APMC,2750.0
Uttar Pradesh,Wheat,2024,12,2024-12-01,Haathras APMC,2789.35
Uttar Pradesh,Wheat,2024,12,2024-12-01,Hapur APMC,2830.56
Uttar Pradesh,Wheat,2024,12,2024-12-01,Hardoi APMC,2728.0
Uttar Pradesh,Wheat,2024,12,2024-12-01,Hargaon (Laharpur) APMC,2697.64
Uttar Pradesh,Wheat,2024,12,2024-12-01,Jafarganj APMC,2785.57
Uttar Pradesh,Wheat,2024,12,2024-12-01,Jagnair APMC,2804.98
Uttar Pradesh,Wheat,2024,12,2024-12-01,Jahanabad APMC,2303.18
Uttar Pradesh,Wheat,2024,12,2024-12-01,Jahangirabad APMC,2814.32
Uttar Pradesh,Wheat,2024,12,2024-12-01,Jalalabad APMC,2603.9
Uttar Pradesh,Wheat,2024,12,2024-12-01,Jalaun APMC,2795.61
Uttar Pradesh,Wheat,2024,12,2024-12-01,Jangipura APMC,
Uttar Pradesh,Wheat,2024,12,2024-12-01,Jasra APMC,2800.0
Uttar Pradesh,Wheat,2024,12,2024-12-01,Jasvantnagar APMC,2751.78
Uttar Pradesh,Wheat,2024,12,2024-12-01,Jaunpur APMC,2809.44
Uttar Pradesh,Wheat,2024,12,2024-12-01,Jayas APMC,2785.88
Uttar Pradesh,Wheat,2024,12,2024-12-01,Jhansi APMC,
Uttar Pradesh,Wheat,2024,12,2024-12-01,Jhansi Grain APMC,2769.98
Uttar Pradesh,Wheat,2024,12,2024-12-01,Jhijhank APMC,
Uttar Pradesh,Wheat,2024,12,2024-12-01,Kadaura APMC,2590.96
Uttar Pradesh,Wheat,2024,12,2024-12-01,Kalpi APMC,
Uttar Pradesh,Wheat,2024,12,2024-12-01,Kamlaganj APMC,2753.83
Uttar Pradesh,Wheat,2024,12,2024-12-01,Kannauj APMC,2768.55
Uttar Pradesh,Wheat,2024,12,2024-12-01,Kanpur(Grain) APMC,2754.92
Uttar Pradesh,Wheat,2024,12,2024-12-01,Karvi APMC,2701.56
Uttar Pradesh,Wheat,2024,12,2024-12-01,Kasganj APMC,2727.94
Uttar Pradesh,Wheat,2024,12,2024-12-01,Kayamganj APMC,2764.01
Uttar Pradesh,Wheat,2024,12,2024-12-01,Khaga APMC,2842.79
Uttar Pradesh,Wheat,2024,12,2024-12-01,Khair APMC,2742.45
Uttar Pradesh,Wheat,2024,12,2024-12-01,Khalilabad APMC,
Uttar Pradesh,Wheat,2024,12,2024-12-01,Khurja APMC,2828.29
Uttar Pradesh,Wheat,2024,12,2024-12-01,Kishunpur APMC,2683.26
Uttar Pradesh,Wheat,2024,12,2024-12-01,Konch APMC,2754.36
Uttar Pradesh,Wheat,2024,12,2024-12-01,Kopaganj APMC,2780.0
Uttar Pradesh,Wheat,2024,12,2024-12-01,Kosikalan APMC,2849.12
Uttar Pradesh,Wheat,2024,12,2024-12-01,Kurara APMC,2569.92
Uttar Pradesh,Wheat,2024,12,2024-12-01,Lakhimpur APMC,2775.84
Uttar Pradesh,Wheat,2024,12,2024-12-01,Lalganj APMC,2678.68
Uttar Pradesh,Wheat,2024,12,2024-12-01,Lalitpur APMC,2741.91
Uttar Pradesh,Wheat,2024,12,2024-12-01,Lediyari APMC,2457.63
Uttar Pradesh,Wheat,2024,12,2024-12-01,Lucknow APMC,2807.26
Uttar Pradesh,Wheat,2024,12,2024-12-01,Madhoganj APMC,2726.24
Uttar Pradesh,Wheat,2024,12,2024-12-01,Madhogarh APMC,2762.9
Uttar Pradesh,Wheat,2024,12,2024-12-01,Mahoba APMC,2743.1
Uttar Pradesh,Wheat,2024,12,2024-12-01,Maigalganj APMC,2931.69
Uttar Pradesh,Wheat,2024,12,2024-12-01,Mainpuri APMC,2781.8
Uttar Pradesh,Wheat,2024,12,2024-12-01,Manjhanpur APMC,2761.75
Uttar Pradesh,Wheat,2024,12,2024-12-01,Mathura APMC,2834.58
Uttar Pradesh,Wheat,2024,12,2024-12-01,Maudaha APMC,
Uttar Pradesh,Wheat,2024,12,2024-12-01,Mauranipur APMC,2722.84
Uttar Pradesh,Wheat,2024,12,2024-12-01,Meerut APMC,2814.91
Uttar Pradesh,Wheat,2024,12,2024-12-01,Mehmoodabad APMC,2710.83
Uttar Pradesh,Wheat,2024,12,2024-12-01,Mehrauni APMC,2573.21
Uttar Pradesh,Wheat,2024,12,2024-12-01,Milak APMC,
Uttar Pradesh,Wheat,2024,12,2024-12-01,Mirzapur APMC,2789.03
Uttar Pradesh,Wheat,2024,12,2024-12-01,Mohamadabad APMC,2759.79
Uttar Pradesh,Wheat,2024,12,2024-12-01,Mohammdi APMC,2768.54
Uttar Pradesh,Wheat,2024,12,2024-12-01,Moth APMC,2777.52
Uttar Pradesh,Wheat,2024,12,2024-12-01,Mugrabaadshahpur APMC,2811.14
Uttar Pradesh,Wheat,2024,12,2024-12-01,Muradabad APMC,2799.04
Uttar Pradesh,Wheat,2024,12,2024-12-01,Muradnagar APMC,2840.0
Uttar Pradesh,Wheat,2024,12,2024-12-01,Muskara APMC,
Uttar Pradesh,Wheat,2024,12,2024-12-01,Muzzafarnagar APMC,2806.97
Uttar Pradesh,Wheat,2024,12,2024-12-01,Naanpara APMC,2278.57
Uttar Pradesh,Wheat,2024,12,2024-12-01,Naugarh APMC,2759.89
Uttar Pradesh,Wheat,2024,12,2024-12-01,Nautnava APMC,
Uttar Pradesh,Wheat,2024,12,2024-12-01,Nawabganj APMC,2794.23
Uttar Pradesh,Wheat,2024,12,2024-12-01,Orai APMC,2791.5
Uttar Pradesh,Wheat,2024,12,2024-12-01,Paliakala APMC,2725.31
Uttar Pradesh,Wheat,2024,12,2024-12-01,Panchpedwa APMC,2801.45
Uttar Pradesh,Wheat,2024,12,2024-12-01,Partaval APMC,2724.85
Uttar Pradesh,Wheat,2024,12,2024-12-01,Pilibhit APMC,2774.52
Uttar Pradesh,Wheat,2024,12,2024-12-01,Powayan APMC,2759.77
Uttar Pradesh,Wheat,2024,12,2024-12-01,Pratapgarh APMC,2770.57
Uttar Pradesh,Wheat,2024,12,2024-12-01,Prayagraj APMC,2767.76
Uttar Pradesh,Wheat,2024,12,2024-12-01,Pukharayan APMC,2784.36
Uttar Pradesh,Wheat,2024,12,2024-12-01,Puranpur APMC,2773.47
Uttar Pradesh,Wheat,2024,12,2024-12-01,Purwa APMC,2740.85
Uttar Pradesh,Wheat,2024,12,2024-12-01,Raibareilly APMC,2673.5
Uttar Pradesh,Wheat,2024,12,2024-12-01,Rampur APMC,2794.72
Uttar Pradesh,Wheat,2024,12,2024-12-01,Rasda APMC,2758.39
Uttar Pradesh,Wheat,2024,12,2024-12-01,Robertsganj APMC,2781.94
Uttar Pradesh,Wheat,2024,12,2024-12-01,Rudauli APMC,2800.0
Uttar Pradesh,Wheat,2024,12,2024-12-01,Rura APMC,2300.0
Uttar Pradesh,Wheat,2024,12,2024-12-01,Safdarganj APMC,2753.07
Uttar Pradesh,Wheat,2024,12,2024-12-01,Saharanpur APMC,2814.88
Uttar Pradesh,Wheat,2024,12,2024-12-01,Sahiyapur APMC,2807.68
Uttar Pradesh,Wheat,2024,12,2024-12-01,Salon APMC,2688.56
Uttar Pradesh,Wheat,2024,12,2024-12-01,Samsabad APMC,2800.0
Uttar Pradesh,Wheat,2024,12,2024-12-01,Sandi APMC,2724.33
Uttar Pradesh,Wheat,2024,12,2024-12-01,Sandila APMC,2731.49
Uttar Pradesh,Wheat,2024,12,2024-12-01,Sehjanwa APMC,
Uttar Pradesh,Wheat,2024,12,2024-12-01,Shahabad APMC,
Uttar Pradesh,Wheat,2024,12,2024-12-01,Shahabad(New Mandi) APMC,2729.03
Uttar Pradesh,Wheat,2024,12,2024-12-01,Shahaswan APMC,2820.0
Uttar Pradesh,Wheat,2024,12,2024-12-01,Shahganj APMC,2793.99
Uttar Pradesh,Wheat,2024,12,2024-12-01,Shahjahanpur APMC,2785.21
Uttar Pradesh,Wheat,2024,12,2024-12-01,Shahpur APMC,2429.77
Uttar Pradesh,Wheat,2024,12,2024-12-01,Shamli APMC,2815.87
Uttar Pradesh,Wheat,2024,12,2024-12-01,Sikandraraau APMC,2760.98
Uttar Pradesh,Wheat,2024,12,2024-12-01,Sikarpur APMC,2452.61
Uttar Pradesh,Wheat,2024,12,2024-12-01,Sirsa APMC,
Uttar Pradesh,Wheat,2024,12,2024-12-01,Sitapur APMC,2735.66
Uttar Pradesh,Wheat,2024,12,2024-12-01,Siyana APMC,2772.69
Uttar Pradesh,Wheat,2024,12,2024-12-01,Sultanpur APMC,2775.56
Uttar Pradesh,Wheat,2024,12,2024-12-01,Tamkuhi road APMC,
Uttar Pradesh,Wheat,2024,12,2024-12-01,Tilhar APMC,2742.08
Uttar Pradesh,Wheat,2024,12,2024-12-01,Tulsipur APMC,2768.4
Uttar Pradesh,Wheat,2024,12,2024-12-01,Tundla APMC,2891.66
Uttar Pradesh,Wheat,2024,12,2024-12-01,Ujhani APMC,2747.66
Uttar Pradesh,Wheat,2024,12,2024-12-01,Unnao APMC,2734.05
Uttar Pradesh,Wheat,2024,12,2024-12-01,Uttaripura APMC,2766.31
Uttar Pradesh,Wheat,2024,12,2024-12-01,Varanasi APMC,2837.25
Uttar Pradesh,Wheat,2024,12,2024-12-01,Vilthararoad APMC,2694.44
Uttar Pradesh,Wheat,2024,12,2024-12-01,Viswan APMC,2718.61
Uttar Pradesh,Wheat,2024,12,2024-12-01,Wazirganj APMC,2705.09
Uttar Pradesh,Wheat,2024,12,2024-12-01,Note:,
Uttar Pradesh,Wheat,2024,12,2024-12-01,Weighted Average Price = ∑(arrival quantity * modal price) / ∑arrival quantity,
Uttar Pradesh,Wheat,2024,12,2024-12-01,Change (Over Previous Month) = [Price - Price(Over Previous Month)/Price(Over Previous Month)] * 100,
Uttar Pradesh,Wheat,2024,12,2024-12-01,Change (Over Previous Year) = [Price - Price(Over Previous Year)/Price(Over Previous Year)] * 100,
Uttar Pradesh,Wheat,2025,1,2025-01-01,Achalda APMC,2955.66
Uttar Pradesh,Wheat,2025,1,2025-01-01,Achnera APMC,3002.25
Uttar Pradesh,Wheat,2025,1,2025-01-01,Agra APMC,3037.06
Uttar Pradesh,Wheat,2025,1,2025-01-01,Ahirora APMC,
Uttar Pradesh,Wheat,2025,1,2025-01-01,Ait APMC,2986.72
Uttar Pradesh,Wheat,2025,1,2025-01-01,Ajuha APMC,2831.58
Uttar Pradesh,Wheat,2025,1,2025-01-01,Akbarpur APMC,2804.83
Uttar Pradesh,Wheat,2025,1,2025-01-01,Aliganj APMC,2751.19
Uttar Pradesh,Wheat,2025,1,2025-01-01,Aligarh APMC,2938.59
Uttar Pradesh,Wheat,2025,1,2025-01-01,Amroha APMC,2836.96
Uttar Pradesh,Wheat,2025,1,2025-01-01,Anandnagar APMC,2351.82
Uttar Pradesh,Wheat,2025,1,2025-01-01,Atarra APMC,2750.65
Uttar Pradesh,Wheat,2025,1,2025-01-01,Atrauli APMC,2750.0
Uttar Pradesh,Wheat,2025,1,2025-01-01,Auraiya APMC,2953.57
Uttar Pradesh,Wheat,2025,1,2025-01-01,Ayodhya APMC,2838.87
Uttar Pradesh,Wheat,2025,1,2025-01-01,Azamgarh APMC,2871.66
Uttar Pradesh,Wheat,2025,1,2025-01-01,Baberu APMC,
Uttar Pradesh,Wheat,2025,1,2025-01-01,Babrala APMC,2980.0
Uttar Pradesh,Wheat,2025,1,2025-01-01,Bachranwa APMC,2703.12
Uttar Pradesh,Wheat,2025,1,2025-01-01,Badayoun APMC,2882.64
Uttar Pradesh,Wheat,2025,1,2025-01-01,Bahraich APMC,2835.88
Uttar Pradesh,Wheat,2025,1,2025-01-01,Ballia APMC,2869.09
Uttar Pradesh,Wheat,2025,1,2025-01-01,Balrampur APMC,2861.96
Uttar Pradesh,Wheat,2025,1,2025-01-01,Banda APMC,2824.35
Uttar Pradesh,Wheat,2025,1,2025-01-01,Bangarmau APMC,2764.33
Uttar Pradesh,Wheat,2025,1,2025-01-01,Bansi APMC,
Uttar Pradesh,Wheat,2025,1,2025-01-01,Banthara APMC,2931.95
Uttar Pradesh,Wheat,2025,1,2025-01-01,Barabanki APMC,2873.92
Uttar Pradesh,Wheat,2025,1,2025-01-01,Baraut APMC,2883.52
Uttar Pradesh,Wheat,2025,1,2025-01-01,Bareilly APMC,2795.81
Uttar Pradesh,Wheat,2025,1,2025-01-01,Barhaj APMC,
Uttar Pradesh,Wheat,2025,1,2025-01-01,Baripaal APMC,2766.32
Uttar Pradesh,Wheat,2025,1,2025-01-01,Basti APMC,2827.53
Uttar Pradesh,Wheat,2025,1,2025-01-01,Bewar APMC,2681.36
Uttar Pradesh,Wheat,2025,1,2025-01-01,Bharthna APMC,2855.4
Uttar Pradesh,Wheat,2025,1,2025-01-01,Bharuasumerpur APMC,2923.64
Uttar Pradesh,Wheat,2025,1,2025-01-01,Bharwari APMC,2835.9
Uttar Pradesh,Wheat,2025,1,2025-01-01,Bhehjoi APMC,2656.3
Uttar Pradesh,Wheat,2025,1,2025-01-01,Bhinga APMC,2852.94
Uttar Pradesh,Wheat,2025,1,2025-01-01,Bijnaur APMC,2827.5
Uttar Pradesh,Wheat,2025,1,2025-01-01,Bilsi APMC,2761.3
Uttar Pradesh,Wheat,2025,1,2025-01-01,Bindki APMC,2873.59
Uttar Pradesh,Wheat,2025,1,2025-01-01,Bishalpur APMC,2789.69
Uttar Pradesh,Wheat,2025,1,2025-01-01,Bisoli APMC,2800.0
Uttar Pradesh,Wheat,2025,1,2025-01-01,Buland Shahr APMC,2916.29
Uttar Pradesh,Wheat,2025,1,2025-01-01,Chandausi APMC,2856.26
Uttar Pradesh,Wheat,2025,1,2025-01-01,Chandoli APMC,2885.28
Uttar Pradesh,Wheat,2025,1,2025-01-01,Charkhari APMC,2767.65
Uttar Pradesh,Wheat,2025,1,2025-01-01,Charra APMC,2845.74
Uttar Pradesh,Wheat,2025,1,2025-01-01,Chhibramau APMC,2831.96
Uttar Pradesh,Wheat,2025,1,2025-01-01,Chorichora APMC,2405.26
Uttar Pradesh,Wheat,2025,1,2025-01-01,Choubepur APMC,2863.94
Uttar Pradesh,Wheat,2025,1,2025-01-01,Colonelganj APMC,2850.0
Uttar Pradesh,Wheat,2025,1,2025-01-01,DADRI APMC,2861.12
Uttar Pradesh,Wheat,2025,1,2025-01-01,Dankaur APMC,2903.75
Uttar Pradesh,Wheat,2025,1,2025-01-01,Deoband APMC,
Uttar Pradesh,Wheat,2025,1,2025-01-01,Devariya APMC,2801.14
Uttar Pradesh,Wheat,2025,1,2025-01-01,Dhanaura APMC,2290.89
Uttar Pradesh,Wheat,2025,1,2025-01-01,Dibiapur APMC,2850.0
Uttar Pradesh,Wheat,2025,1,2025-01-01,Divai APMC,2676.47
Uttar Pradesh,Wheat,2025,1,2025-01-01,Doharighat APMC,
Uttar Pradesh,Wheat,2025,1,2025-01-01,Dudhi APMC,2400.0
Uttar Pradesh,Wheat,2025,1,2025-01-01,Etah APMC,2829.28
Uttar Pradesh,Wheat,2025,1,2025-01-01,Etawah APMC,2865.06
Uttar Pradesh,Wheat,2025,1,2025-01-01,Farukhabad APMC,2775.9
Uttar Pradesh,Wheat,2025,1,2025-01-01,Fatehpur APMC,2838.15
Uttar Pradesh,Wheat,2025,1,2025-01-01,Fatehpur Sikri APMC,2970.63
Uttar Pradesh,Wheat,2025,1,2025-01-01,Firozabad APMC,3062.83
Uttar Pradesh,Wheat,2025,1,2025-01-01,Gazipur APMC,2885.33
Uttar Pradesh,Wheat,2025,1,2025-01-01,Ghaziabad APMC,2881.41
Uttar Pradesh,Wheat,2025,1,2025-01-01,Ghiraur APMC,2913.31
Uttar Pradesh,Wheat,2025,1,2025-01-01,Golagokarnath APMC,2861.99
Uttar Pradesh,Wheat,2025,1,2025-01-01,Gonda APMC,2958.05
Uttar Pradesh,Wheat,2025,1,2025-01-01,Gopiganj APMC,2488.64
Uttar Pradesh,Wheat,2025,1,2025-01-01,Gorakhpur APMC,2789.44
Uttar Pradesh,Wheat,2025,1,2025-01-01,Gurusarai APMC,2924.02
Uttar Pradesh,Wheat,2025,1,2025-01-01,Haathras APMC,2945.89
Uttar Pradesh,Wheat,2025,1,2025-01-01,Hapur APMC,2984.16
Uttar Pradesh,Wheat,2025,1,2025-01-01,Hardoi APMC,2797.23
Uttar Pradesh,Wheat,2025,1,2025-01-01,Hargaon (Laharpur) APMC,2750.09
Uttar Pradesh,Wheat,2025,1,2025-01-01,Jafarganj APMC,2825.73
Uttar Pradesh,Wheat,2025,1,2025-01-01,Jagnair APMC,2824.86
Uttar Pradesh,Wheat,2025,1,2025-01-01,Jahanabad APMC,2303.44
Uttar Pradesh,Wheat,2025,1,2025-01-01,Jahangirabad APMC,2906.88
Uttar Pradesh,Wheat,2025,1,2025-01-01,Jalalabad APMC,2836.4
Uttar Pradesh,Wheat,2025,1,2025-01-01,Jalaun APMC,2887.28
Uttar Pradesh,Wheat,2025,1,2025-01-01,Jasra APMC,2875.0
Uttar Pradesh,Wheat,2025,1,2025-01-01,Jasvantnagar APMC,2865.77
Uttar Pradesh,Wheat,2025,1,2025-01-01,Jaunpur APMC,2897.05
Uttar Pradesh,Wheat,2025,1,2025-01-01,Jayas APMC,2826.64
Uttar Pradesh,Wheat,2025,1,2025-01-01,Jhansi APMC,
Uttar Pradesh,Wheat,2025,1,2025-01-01,Jhansi Grain APMC,2878.68
Uttar Pradesh,Wheat,2025,1,2025-01-01,Jhijhank APMC,
Uttar Pradesh,Wheat,2025,1,2025-01-01,Kadaura APMC,
Uttar Pradesh,Wheat,2025,1,2025-01-01,Kamlaganj APMC,2832.19
Uttar Pradesh,Wheat,2025,1,2025-01-01,Kannauj APMC,2817.0
Uttar Pradesh,Wheat,2025,1,2025-01-01,Kanpur(Grain) APMC,2854.08
Uttar Pradesh,Wheat,2025,1,2025-01-01,Karvi APMC,2868.97
Uttar Pradesh,Wheat,2025,1,2025-01-01,Kasganj APMC,2804.99
Uttar Pradesh,Wheat,2025,1,2025-01-01,Kayamganj APMC,2872.73
Uttar Pradesh,Wheat,2025,1,2025-01-01,Khaga APMC,2905.84
Uttar Pradesh,Wheat,2025,1,2025-01-01,Khair APMC,2804.05
Uttar Pradesh,Wheat,2025,1,2025-01-01,Khairagarh APMC,2815.18
Uttar Pradesh,Wheat,2025,1,2025-01-01,Khurja APMC,2907.39
Uttar Pradesh,Wheat,2025,1,2025-01-01,Kishunpur APMC,2778.72
Uttar Pradesh,Wheat,2025,1,2025-01-01,Konch APMC,2855.93
Uttar Pradesh,Wheat,2025,1,2025-01-01,Kopaganj APMC,2880.91
Uttar Pradesh,Wheat,2025,1,2025-01-01,Kosikalan APMC,3005.03
Uttar Pradesh,Wheat,2025,1,2025-01-01,Kurara APMC,2717.05
Uttar Pradesh,Wheat,2025,1,2025-01-01,Lakhimpur APMC,2865.87
Uttar Pradesh,Wheat,2025,1,2025-01-01,Lalganj APMC,2707.78
Uttar Pradesh,Wheat,2025,1,2025-01-01,Lalitpur APMC,2953.07
Uttar Pradesh,Wheat,2025,1,2025-01-01,Lediyari APMC,2695.68
Uttar Pradesh,Wheat,2025,1,2025-01-01,Lucknow APMC,2885.8
Uttar Pradesh,Wheat,2025,1,2025-01-01,Madhoganj APMC,2767.04
Uttar Pradesh,Wheat,2025,1,2025-01-01,Madhogarh APMC,2878.93
Uttar Pradesh,Wheat,2025,1,2025-01-01,Mahoba APMC,2836.62
Uttar Pradesh,Wheat,2025,1,2025-01-01,Maigalganj APMC,
Uttar Pradesh,Wheat,2025,1,2025-01-01,Mainpuri APMC,2886.17
Uttar Pradesh,Wheat,2025,1,2025-01-01,Manjhanpur APMC,2823.0
Uttar Pradesh,Wheat,2025,1,2025-01-01,Mathura APMC,2966.39
Uttar Pradesh,Wheat,2025,1,2025-01-01,Maudaha APMC,
Uttar Pradesh,Wheat,2025,1,2025-01-01,Mauranipur APMC,2907.0
Uttar Pradesh,Wheat,2025,1,2025-01-01,Meerut APMC,2900.32
Uttar Pradesh,Wheat,2025,1,2025-01-01,Mehmoodabad APMC,2764.76
Uttar Pradesh,Wheat,2025,1,2025-01-01,Mehrauni APMC,2628.35
Uttar Pradesh,Wheat,2025,1,2025-01-01,Milak APMC,2844.54
Uttar Pradesh,Wheat,2025,1,2025-01-01,Mirzapur APMC,2904.18
Uttar Pradesh,Wheat,2025,1,2025-01-01,Mohamadabad APMC,2835.68
Uttar Pradesh,Wheat,2025,1,2025-01-01,Mohammdi APMC,2860.1
Uttar Pradesh,Wheat,2025,1,2025-01-01,Moth APMC,2916.76
Uttar Pradesh,Wheat,2025,1,2025-01-01,Mugrabaadshahpur APMC,2894.73
Uttar Pradesh,Wheat,2025,1,2025-01-01,Muradabad APMC,2835.34
Uttar Pradesh,Wheat,2025,1,2025-01-01,Muradnagar APMC,2960.0
Uttar Pradesh,Wheat,2025,1,2025-01-01,Muskara APMC,2800.0
Uttar Pradesh,Wheat,2025,1,2025-01-01,Muzzafarnagar APMC,2850.82
Uttar Pradesh,Wheat,2025,1,2025-01-01,Naanpara APMC,2440.35
Uttar Pradesh,Wheat,2025,1,2025-01-01,Naugarh APMC,2830.2
Uttar Pradesh,Wheat,2025,1,2025-01-01,Nautnava APMC,
Uttar Pradesh,Wheat,2025,1,2025-01-01,Nawabganj APMC,2881.15
Uttar Pradesh,Wheat,2025,1,2025-01-01,Noida APMC,2953.29
Uttar Pradesh,Wheat,2025,1,2025-01-01,Orai APMC,2887.2
Uttar Pradesh,Wheat,2025,1,2025-01-01,Paliakala APMC,2703.9
Uttar Pradesh,Wheat,2025,1,2025-01-01,Panchpedwa APMC,2784.95
Uttar Pradesh,Wheat,2025,1,2025-01-01,Partaval APMC,2770.85
Uttar Pradesh,Wheat,2025,1,2025-01-01,Pilibhit APMC,2782.81
Uttar Pradesh,Wheat,2025,1,2025-01-01,Powayan APMC,2794.7
Uttar Pradesh,Wheat,2025,1,2025-01-01,Pratapgarh APMC,2828.02
Uttar Pradesh,Wheat,2025,1,2025-01-01,Prayagraj APMC,2823.78
Uttar Pradesh,Wheat,2025,1,2025-01-01,Pukharayan APMC,2841.0
Uttar Pradesh,Wheat,2025,1,2025-01-01,Puranpur APMC,2655.98
Uttar Pradesh,Wheat,2025,1,2025-01-01,Purwa APMC,2778.02
Uttar Pradesh,Wheat,2025,1,2025-01-01,Raibareilly APMC,2702.04
Uttar Pradesh,Wheat,2025,1,2025-01-01,Rampur APMC,2828.54
Uttar Pradesh,Wheat,2025,1,2025-01-01,Rampurmaniharan APMC,2850.0
Uttar Pradesh,Wheat,2025,1,2025-01-01,Rasda APMC,2842.7
Uttar Pradesh,Wheat,2025,1,2025-01-01,Robertsganj APMC,2876.07
Uttar Pradesh,Wheat,2025,1,2025-01-01,Rudauli APMC,2800.77
Uttar Pradesh,Wheat,2025,1,2025-01-01,Rura APMC,
Uttar Pradesh,Wheat,2025,1,2025-01-01,Safdarganj APMC,2827.22
Uttar Pradesh,Wheat,2025,1,2025-01-01,Saharanpur APMC,2904.58
Uttar Pradesh,Wheat,2025,1,2025-01-01,Sahiyapur APMC,2804.76
Uttar Pradesh,Wheat,2025,1,2025-01-01,Salon APMC,2711.61
Uttar Pradesh,Wheat,2025,1,2025-01-01,Samsabad APMC,2900.0
Uttar Pradesh,Wheat,2025,1,2025-01-01,Sandi APMC,2766.88
Uttar Pradesh,Wheat,2025,1,2025-01-01,Sandila APMC,2790.46
Uttar Pradesh,Wheat,2025,1,2025-01-01,Shahabad(New Mandi) APMC,2764.44
Uttar Pradesh,Wheat,2025,1,2025-01-01,Shahaswan APMC,
Uttar Pradesh,Wheat,2025,1,2025-01-01,Shahganj APMC,2882.81
Uttar Pradesh,Wheat,2025,1,2025-01-01,Shahjahanpur APMC,2807.04
Uttar Pradesh,Wheat,2025,1,2025-01-01,Shahpur APMC,2382.56
Uttar Pradesh,Wheat,2025,1,2025-01-01,Shamli APMC,2885.77
Uttar Pradesh,Wheat,2025,1,2025-01-01,Shikohabad APMC,
Uttar Pradesh,Wheat,2025,1,2025-01-01,Sikandraraau APMC,2886.7
Uttar Pradesh,Wheat,2025,1,2025-01-01,Sikarpur APMC,2792.31
Uttar Pradesh,Wheat,2025,1,2025-01-01,Sirsa APMC,2922.95
Uttar Pradesh,Wheat,2025,1,2025-01-01,Sitapur APMC,2774.82
Uttar Pradesh,Wheat,2025,1,2025-01-01,Siyana APMC,2900.0
Uttar Pradesh,Wheat,2025,1,2025-01-01,Sultanpur APMC,2807.95
Uttar Pradesh,Wheat,2025,1,2025-01-01,Tamkuhi road APMC,
Uttar Pradesh,Wheat,2025,1,2025-01-01,Tilhar APMC,2775.47
Uttar Pradesh,Wheat,2025,1,2025-01-01,Tulsipur APMC,2819.95
Uttar Pradesh,Wheat,2025,1,2025-01-01,Tundla APMC,3032.57
Uttar Pradesh,Wheat,2025,1,2025-01-01,Ujhani APMC,2763.7
Uttar Pradesh,Wheat,2025,1,2025-01-01,Unnao APMC,2761.71
Uttar Pradesh,Wheat,2025,1,2025-01-01,Uttaripura APMC,2870.67
Uttar Pradesh,Wheat,2025,1,2025-01-01,Varanasi APMC,2903.32
Uttar Pradesh,Wheat,2025,1,2025-01-01,Vilthararoad APMC,2795.24
Uttar Pradesh,Wheat,2025,1,2025-01-01,Viswan APMC,2762.14
Uttar Pradesh,Wheat,2025,1,2025-01-01,Wazirganj APMC,2834.58
Uttar Pradesh,Wheat,2025,1,2025-01-01,Note:,
Uttar Pradesh,Wheat,2025,1,2025-01-01,Weighted Average Price = ∑(arrival quantity * modal price) / ∑arrival quantity,
Uttar Pradesh,Wheat,2025,1,2025-01-01,Change (Over Previous Month) = [Price - Price(Over Previous Month)/Price(Over Previous Month)] * 100,
Uttar Pradesh,Wheat,2025,1,2025-01-01,Change (Over Previous Year) = [Price - Price(Over Previous Year)/Price(Over Previous Year)] * 100,
Uttar Pradesh,Wheat,2025,2,2025-02-01,Achalda APMC,2908.34
Uttar Pradesh,Wheat,2025,2,2025-02-01,Achnera APMC,2973.88
Uttar Pradesh,Wheat,2025,2,2025-02-01,Agra APMC,2991.75
Uttar Pradesh,Wheat,2025,2,2025-02-01,Ahirora APMC,
Uttar Pradesh,Wheat,2025,2,2025-02-01,Ait APMC,2948.25
Uttar Pradesh,Wheat,2025,2,2025-02-01,Ajuha APMC,2849.59
Uttar Pradesh,Wheat,2025,2,2025-02-01,Akbarpur APMC,2708.78
Uttar Pradesh,Wheat,2025,2,2025-02-01,Aliganj APMC,2719.5
Uttar Pradesh,Wheat,2025,2,2025-02-01,Aligarh APMC,2909.38
Uttar Pradesh,Wheat,2025,2,2025-02-01,Amroha APMC,2925.5
Uttar Pradesh,Wheat,2025,2,2025-02-01,Anandnagar APMC,2350.0
Uttar Pradesh,Wheat,2025,2,2025-02-01,Anoop Shahar APMC,
Uttar Pradesh,Wheat,2025,2,2025-02-01,Atarra APMC,2807.29
Uttar Pradesh,Wheat,2025,2,2025-02-01,Atrauli APMC,2804.55
Uttar Pradesh,Wheat,2025,2,2025-02-01,Auraiya APMC,2923.75
Uttar Pradesh,Wheat,2025,2,2025-02-01,Ayodhya APMC,2835.18
Uttar Pradesh,Wheat,2025,2,2025-02-01,Azamgarh APMC,2893.29
Uttar Pradesh,Wheat,2025,2,2025-02-01,Baberu APMC,
Uttar Pradesh,Wheat,2025,2,2025-02-01,Babrala APMC,2766.92
Uttar Pradesh,Wheat,2025,2,2025-02-01,Bachranwa APMC,2781.63
Uttar Pradesh,Wheat,2025,2,2025-02-01,Badayoun APMC,2930.14
Uttar Pradesh,Wheat,2025,2,2025-02-01,Baheri APMC,
Uttar Pradesh,Wheat,2025,2,2025-02-01,Bahraich APMC,2840.29
Uttar Pradesh,Wheat,2025,2,2025-02-01,Ballia APMC,2901.98
Uttar Pradesh,Wheat,2025,2,2025-02-01,Balrampur APMC,2938.48
Uttar Pradesh,Wheat,2025,2,2025-02-01,Banda APMC,2864.37
Uttar Pradesh,Wheat,2025,2,2025-02-01,Bangarmau APMC,2846.23
Uttar Pradesh,Wheat,2025,2,2025-02-01,Bansi APMC,
Uttar Pradesh,Wheat,2025,2,2025-02-01,Banthara APMC,2948.9
Uttar Pradesh,Wheat,2025,2,2025-02-01,Barabanki APMC,2932.08
Uttar Pradesh,Wheat,2025,2,2025-02-01,Baraut APMC,2938.07
Uttar Pradesh,Wheat,2025,2,2025-02-01,Bareilly APMC,2769.88
Uttar Pradesh,Wheat,2025,2,2025-02-01,Baripaal APMC,2773.85
Uttar Pradesh,Wheat,2025,2,2025-02-01,Basti APMC,2859.25
Uttar Pradesh,Wheat,2025,2,2025-02-01,Bewar APMC,2698.12
Uttar Pradesh,Wheat,2025,2,2025-02-01,Bharthna APMC,2916.15
Uttar Pradesh,Wheat,2025,2,2025-02-01,Bharuasumerpur APMC,2906.67
Uttar Pradesh,Wheat,2025,2,2025-02-01,Bharwari APMC,2872.0
Uttar Pradesh,Wheat,2025,2,2025-02-01,Bhehjoi APMC,2850.0
Uttar Pradesh,Wheat,2025,2,2025-02-01,Bhinga APMC,2817.0
Uttar Pradesh,Wheat,2025,2,2025-02-01,Bijnaur APMC,2924.72
Uttar Pradesh,Wheat,2025,2,2025-02-01,Bilsi APMC,2920.92
Uttar Pradesh,Wheat,2025,2,2025-02-01,Bindki APMC,2926.66
Uttar Pradesh,Wheat,2025,2,2025-02-01,Bishalpur APMC,2908.63
Uttar Pradesh,Wheat,2025,2,2025-02-01,Bisoli APMC,2334.89
Uttar Pradesh,Wheat,2025,2,2025-02-01,Buland Shahr APMC,2948.56
Uttar Pradesh,Wheat,2025,2,2025-02-01,Chandausi APMC,2900.0
Uttar Pradesh,Wheat,2025,2,2025-02-01,Chandoli APMC,2937.87
Uttar Pradesh,Wheat,2025,2,2025-02-01,Charkhari APMC,2798.64
Uttar Pradesh,Wheat,2025,2,2025-02-01,Charra APMC,2874.0
Uttar Pradesh,Wheat,2025,2,2025-02-01,Chhibramau APMC,2876.62
Uttar Pradesh,Wheat,2025,2,2025-02-01,Chirgaon APMC,2900.0
Uttar Pradesh,Wheat,2025,2,2025-02-01,Chorichora APMC,2543.83
Uttar Pradesh,Wheat,2025,2,2025-02-01,Choubepur APMC,2929.81
Uttar Pradesh,Wheat,2025,2,2025-02-01,Colonelganj APMC,2930.0
Uttar Pradesh,Wheat,2025,2,2025-02-01,DADRI APMC,2853.59
Uttar Pradesh,Wheat,2025,2,2025-02-01,Dankaur APMC,2860.64
Uttar Pradesh,Wheat,2025,2,2025-02-01,Devariya APMC,2875.0
Uttar Pradesh,Wheat,2025,2,2025-02-01,Dhanaura APMC,2290.0
Uttar Pradesh,Wheat,2025,2,2025-02-01,Dibiapur APMC,2800.0
Uttar Pradesh,Wheat,2025,2,2025-02-01,Divai APMC,2664.29
Uttar Pradesh,Wheat,2025,2,2025-02-01,Doharighat APMC,2910.0
Uttar Pradesh,Wheat,2025,2,2025-02-01,Dudhi APMC,2400.0
Uttar Pradesh,Wheat,2025,2,2025-02-01,Etah APMC,2822.64
Uttar Pradesh,Wheat,2025,2,2025-02-01,Etawah APMC,2918.45
Uttar Pradesh,Wheat,2025,2,2025-02-01,Farukhabad APMC,2845.29
Uttar Pradesh,Wheat,2025,2,2025-02-01,Fatehpur APMC,2825.84
Uttar Pradesh,Wheat,2025,2,2025-02-01,Fatehpur Sikri APMC,2993.57
Uttar Pradesh,Wheat,2025,2,2025-02-01,Firozabad APMC,3038.54
Uttar Pradesh,Wheat,2025,2,2025-02-01,Gazipur APMC,2954.2
Uttar Pradesh,Wheat,2025,2,2025-02-01,Ghaziabad APMC,2864.41
Uttar Pradesh,Wheat,2025,2,2025-02-01,Ghiraur APMC,2930.88
Uttar Pradesh,Wheat,2025,2,2025-02-01,Golagokarnath APMC,2745.32
Uttar Pradesh,Wheat,2025,2,2025-02-01,Gonda APMC,3004.5
Uttar Pradesh,Wheat,2025,2,2025-02-01,Gopiganj APMC,2883.25
Uttar Pradesh,Wheat,2025,2,2025-02-01,Gorakhpur APMC,2863.91
Uttar Pradesh,Wheat,2025,2,2025-02-01,Gurusarai APMC,2889.72
Uttar Pradesh,Wheat,2025,2,2025-02-01,Haathras APMC,2917.64
Uttar Pradesh,Wheat,2025,2,2025-02-01,Hapur APMC,2940.43
Uttar Pradesh,Wheat,2025,2,2025-02-01,Hardoi APMC,2877.53
Uttar Pradesh,Wheat,2025,2,2025-02-01,Hargaon (Laharpur) APMC,2803.98
Uttar Pradesh,Wheat,2025,2,2025-02-01,Jafarganj APMC,2790.88
Uttar Pradesh,Wheat,2025,2,2025-02-01,Jagnair APMC,2792.15
Uttar Pradesh,Wheat,2025,2,2025-02-01,Jahanabad APMC,2327.87
Uttar Pradesh,Wheat,2025,2,2025-02-01,Jahangirabad APMC,2917.57
Uttar Pradesh,Wheat,2025,2,2025-02-01,Jalalabad APMC,2767.94
Uttar Pradesh,Wheat,2025,2,2025-02-01,Jalaun APMC,2882.51
Uttar Pradesh,Wheat,2025,2,2025-02-01,Jangipura APMC,2960.0
Uttar Pradesh,Wheat,2025,2,2025-02-01,Jasra APMC,2950.0
Uttar Pradesh,Wheat,2025,2,2025-02-01,Jasvantnagar APMC,2941.78
Uttar Pradesh,Wheat,2025,2,2025-02-01,Jaunpur APMC,2928.49
Uttar Pradesh,Wheat,2025,2,2025-02-01,Jayas APMC,2805.36
Uttar Pradesh,Wheat,2025,2,2025-02-01,Jhansi APMC,
Uttar Pradesh,Wheat,2025,2,2025-02-01,Jhansi Grain APMC,2924.47
Uttar Pradesh,Wheat,2025,2,2025-02-01,Jhijhank APMC,
Uttar Pradesh,Wheat,2025,2,2025-02-01,Kadaura APMC,2750.0
Uttar Pradesh,Wheat,2025,2,2025-02-01,Kamlaganj APMC,2872.48
Uttar Pradesh,Wheat,2025,2,2025-02-01,Kannauj APMC,2875.25
Uttar Pradesh,Wheat,2025,2,2025-02-01,Kanpur(Grain) APMC,2900.83
Uttar Pradesh,Wheat,2025,2,2025-02-01,Karvi APMC,2876.63
Uttar Pradesh,Wheat,2025,2,2025-02-01,Kasganj APMC,2880.66
Uttar Pradesh,Wheat,2025,2,2025-02-01,Kayamganj APMC,2889.38
Uttar Pradesh,Wheat,2025,2,2025-02-01,Khaga APMC,2869.81
Uttar Pradesh,Wheat,2025,2,2025-02-01,Khair APMC,2813.22
Uttar Pradesh,Wheat,2025,2,2025-02-01,Khairagarh APMC,2789.21
Uttar Pradesh,Wheat,2025,2,2025-02-01,Khalilabad APMC,2870.0
Uttar Pradesh,Wheat,2025,2,2025-02-01,Khatauli APMC,3100.0
Uttar Pradesh,Wheat,2025,2,2025-02-01,Khurja APMC,2940.04
Uttar Pradesh,Wheat,2025,2,2025-02-01,Kishunpur APMC,2777.91
Uttar Pradesh,Wheat,2025,2,2025-02-01,Konch APMC,2856.39
Uttar Pradesh,Wheat,2025,2,2025-02-01,Kopaganj APMC,2910.0
Uttar Pradesh,Wheat,2025,2,2025-02-01,Kosikalan APMC,2989.81
Uttar Pradesh,Wheat,2025,2,2025-02-01,Kurara APMC,2697.5
Uttar Pradesh,Wheat,2025,2,2025-02-01,Lakhimpur APMC,2710.82
Uttar Pradesh,Wheat,2025,2,2025-02-01,Lalganj APMC,2774.82
Uttar Pradesh,Wheat,2025,2,2025-02-01,Lalitpur APMC,2946.14
Uttar Pradesh,Wheat,2025,2,2025-02-01,Lediyari APMC,2500.0
Uttar Pradesh,Wheat,2025,2,2025-02-01,Lucknow APMC,2937.41
Uttar Pradesh,Wheat,2025,2,2025-02-01,Madhoganj APMC,2857.76
Uttar Pradesh,Wheat,2025,2,2025-02-01,Madhogarh APMC,2889.05
Uttar Pradesh,Wheat,2025,2,2025-02-01,Mahoba APMC,2848.49
Uttar Pradesh,Wheat,2025,2,2025-02-01,Mainpuri APMC,2864.11
Uttar Pradesh,Wheat,2025,2,2025-02-01,Manjhanpur APMC,2839.49
Uttar Pradesh,Wheat,2025,2,2025-02-01,Mathura APMC,2951.68
Uttar Pradesh,Wheat,2025,2,2025-02-01,Maudaha APMC,
Uttar Pradesh,Wheat,2025,2,2025-02-01,Mauranipur APMC,2890.83
Uttar Pradesh,Wheat,2025,2,2025-02-01,Meerut APMC,2903.14
Uttar Pradesh,Wheat,2025,2,2025-02-01,Mehmoodabad APMC,2740.0
Uttar Pradesh,Wheat,2025,2,2025-02-01,Mehrauni APMC,2482.22
Uttar Pradesh,Wheat,2025,2,2025-02-01,Milak APMC,2930.0
Uttar Pradesh,Wheat,2025,2,2025-02-01,Mirzapur APMC,2811.5
Uttar Pradesh,Wheat,2025,2,2025-02-01,Mohamadabad APMC,2869.03
Uttar Pradesh,Wheat,2025,2,2025-02-01,Mohammdi APMC,2730.51
Uttar Pradesh,Wheat,2025,2,2025-02-01,Moth APMC,2924.82
Uttar Pradesh,Wheat,2025,2,2025-02-01,Mugrabaadshahpur APMC,2919.64
Uttar Pradesh,Wheat,2025,2,2025-02-01,Muradabad APMC,2935.43
Uttar Pradesh,Wheat,2025,2,2025-02-01,Muradnagar APMC,2845.04
Uttar Pradesh,Wheat,2025,2,2025-02-01,Muskara APMC,2896.49
Uttar Pradesh,Wheat,2025,2,2025-02-01,Muzzafarnagar APMC,2933.43
Uttar Pradesh,Wheat,2025,2,2025-02-01,Naanpara APMC,2288.54
Uttar Pradesh,Wheat,2025,2,2025-02-01,Naugarh APMC,2864.95
Uttar Pradesh,Wheat,2025,2,2025-02-01,Nautnava APMC,
Uttar Pradesh,Wheat,2025,2,2025-02-01,Nawabganj APMC,2928.15
Uttar Pradesh,Wheat,2025,2,2025-02-01,Noida APMC,2942.75
Uttar Pradesh,Wheat,2025,2,2025-02-01,Orai APMC,2861.48
Uttar Pradesh,Wheat,2025,2,2025-02-01,Paliakala APMC,3000.48
Uttar Pradesh,Wheat,2025,2,2025-02-01,Panchpedwa APMC,2613.11
Uttar Pradesh,Wheat,2025,2,2025-02-01,Partaval APMC,2854.23
Uttar Pradesh,Wheat,2025,2,2025-02-01,Pilibhit APMC,2923.23
Uttar Pradesh,Wheat,2025,2,2025-02-01,Powayan APMC,2914.3
Uttar Pradesh,Wheat,2025,2,2025-02-01,Pratapgarh APMC,2872.53
Uttar Pradesh,Wheat,2025,2,2025-02-01,Prayagraj APMC,2985.16
Uttar Pradesh,Wheat,2025,2,2025-02-01,Pukharayan APMC,2915.21
Uttar Pradesh,Wheat,2025,2,2025-02-01,Puranpur APMC,2915.74
Uttar Pradesh,Wheat,2025,2,2025-02-01,Purwa APMC,2825.72
Uttar Pradesh,Wheat,2025,2,2025-02-01,Raibareilly APMC,2813.79
Uttar Pradesh,Wheat,2025,2,2025-02-01,Rampur APMC,2930.52
Uttar Pradesh,Wheat,2025,2,2025-02-01,Rampurmaniharan APMC,
Uttar Pradesh,Wheat,2025,2,2025-02-01,Rasda APMC,2891.48
Uttar Pradesh,Wheat,2025,2,2025-02-01,Robertsganj APMC,2943.26
Uttar Pradesh,Wheat,2025,2,2025-02-01,Rudauli APMC,2694.78
Uttar Pradesh,Wheat,2025,2,2025-02-01,Safdarganj APMC,2807.95
Uttar Pradesh,Wheat,2025,2,2025-02-01,Saharanpur APMC,2937.05
Uttar Pradesh,Wheat,2025,2,2025-02-01,Sahiyapur APMC,2862.03
Uttar Pradesh,Wheat,2025,2,2025-02-01,Salon APMC,2817.65
Uttar Pradesh,Wheat,2025,2,2025-02-01,Samsabad APMC,2900.0
Uttar Pradesh,Wheat,2025,2,2025-02-01,Sandi APMC,2847.74
Uttar Pradesh,Wheat,2025,2,2025-02-01,Sandila APMC,2858.61
Uttar Pradesh,Wheat,2025,2,2025-02-01,Sehjanwa APMC,
Uttar Pradesh,Wheat,2025,2,2025-02-01,Shahabad(New Mandi) APMC,2835.89
Uttar Pradesh,Wheat,2025,2,2025-02-01,Shahganj APMC,2903.19
Uttar Pradesh,Wheat,2025,2,2025-02-01,Shahjahanpur APMC,2923.16
Uttar Pradesh,Wheat,2025,2,2025-02-01,Shahpur APMC,2455.0
Uttar Pradesh,Wheat,2025,2,2025-02-01,Shamli APMC,2957.0
Uttar Pradesh,Wheat,2025,2,2025-02-01,Shikohabad APMC,
Uttar Pradesh,Wheat,2025,2,2025-02-01,Sikanderabad APMC,
Uttar Pradesh,Wheat,2025,2,2025-02-01,Sikandraraau APMC,2801.39
Uttar Pradesh,Wheat,2025,2,2025-02-01,Sikarpur APMC,2875.35
Uttar Pradesh,Wheat,2025,2,2025-02-01,Sirsa APMC,3000.0
Uttar Pradesh,Wheat,2025,2,2025-02-01,Sitapur APMC,2832.14
Uttar Pradesh,Wheat,2025,2,2025-02-01,Siyana APMC,2853.77
Uttar Pradesh,Wheat,2025,2,2025-02-01,Sultanpur APMC,2765.45
Uttar Pradesh,Wheat,2025,2,2025-02-01,Tamkuhi road APMC,2360.47
Uttar Pradesh,Wheat,2025,2,2025-02-01,Tilhar APMC,2910.32
Uttar Pradesh,Wheat,2025,2,2025-02-01,Tulsipur APMC,2933.29
Uttar Pradesh,Wheat,2025,2,2025-02-01,Tundla APMC,3040.99
Uttar Pradesh,Wheat,2025,2,2025-02-01,Ujhani APMC,2939.62
Uttar Pradesh,Wheat,2025,2,2025-02-01,Unnao APMC,2814.12
Uttar Pradesh,Wheat,2025,2,2025-02-01,Uttaripura APMC,2898.46
Uttar Pradesh,Wheat,2025,2,2025-02-01,Varanasi APMC,2957.97
Uttar Pradesh,Wheat,2025,2,2025-02-01,Vilthararoad APMC,2688.46
Uttar Pradesh,Wheat,2025,2,2025-02-01,Viswan APMC,2807.61
Uttar Pradesh,Wheat,2025,2,2025-02-01,Wazirganj APMC,2840.64
Uttar Pradesh,Wheat,2025,2,2025-02-01,Note:,
Uttar Pradesh,Wheat,2025,2,2025-02-01,Weighted Average Price = ∑(arrival quantity * modal price) / ∑arrival quantity,
Uttar Pradesh,Wheat,2025,2,2025-02-01,Change (Over Previous Month) = [Price - Price(Over Previous Month)/Price(Over Previous Month)] * 100,
Uttar Pradesh,Wheat,2025,2,2025-02-01,Change (Over Previous Year) = [Price - Price(Over Previous Year)/Price(Over Previous Year)] * 100,
Uttar Pradesh,Wheat,2025,3,2025-03-01,Achalda APMC,2797.73
Uttar Pradesh,Wheat,2025,3,2025-03-01,Achnera APMC,2577.9
Uttar Pradesh,Wheat,2025,3,2025-03-01,Agra APMC,2844.64
Uttar Pradesh,Wheat,2025,3,2025-03-01,Ahirora APMC,
Uttar Pradesh,Wheat,2025,3,2025-03-01,Ait APMC,2556.49
Uttar Pradesh,Wheat,2025,3,2025-03-01,Ajuha APMC,2838.69
Uttar Pradesh,Wheat,2025,3,2025-03-01,Akbarpur APMC,2744.21
Uttar Pradesh,Wheat,2025,3,2025-03-01,Aliganj APMC,2746.68
Uttar Pradesh,Wheat,2025,3,2025-03-01,Aligarh APMC,2875.52
Uttar Pradesh,Wheat,2025,3,2025-03-01,Amroha APMC,2866.66
Uttar Pradesh,Wheat,2025,3,2025-03-01,Anandnagar APMC,2362.06
Uttar Pradesh,Wheat,2025,3,2025-03-01,Anoop Shahar APMC,
Uttar Pradesh,Wheat,2025,3,2025-03-01,Atarra APMC,2721.34
Uttar Pradesh,Wheat,2025,3,2025-03-01,Atrauli APMC,2513.56
Uttar Pradesh,Wheat,2025,3,2025-03-01,Auraiya APMC,2695.81
Uttar Pradesh,Wheat,2025,3,2025-03-01,Ayodhya APMC,2836.16
Uttar Pradesh,Wheat,2025,3,2025-03-01,Azamgarh APMC,2873.04
Uttar Pradesh,Wheat,2025,3,2025-03-01,Baberu APMC,
Uttar Pradesh,Wheat,2025,3,2025-03-01,Babrala APMC,2515.0
Uttar Pradesh,Wheat,2025,3,2025-03-01,Bachranwa APMC,2789.09
Uttar Pradesh,Wheat,2025,3,2025-03-01,Badayoun APMC,2802.57
Uttar Pradesh,Wheat,2025,3,2025-03-01,Bahraich APMC,2783.24
Uttar Pradesh,Wheat,2025,3,2025-03-01,Ballia APMC,2842.86
Uttar Pradesh,Wheat,2025,3,2025-03-01,Balrampur APMC,2858.66
Uttar Pradesh,Wheat,2025,3,2025-03-01,Banda APMC,2693.45
Uttar Pradesh,Wheat,2025,3,2025-03-01,Bangarmau APMC,2792.55
Uttar Pradesh,Wheat,2025,3,2025-03-01,Bansi APMC,
Uttar Pradesh,Wheat,2025,3,2025-03-01,Banthara APMC,2625.87
Uttar Pradesh,Wheat,2025,3,2025-03-01,Barabanki APMC,2908.33
Uttar Pradesh,Wheat,2025,3,2025-03-01,Baraut APMC,2827.49
Uttar Pradesh,Wheat,2025,3,2025-03-01,Bareilly APMC,2694.9
Uttar Pradesh,Wheat,2025,3,2025-03-01,Baripaal APMC,2500.73
Uttar Pradesh,Wheat,2025,3,2025-03-01,Basti APMC,2860.9
Uttar Pradesh,Wheat,2025,3,2025-03-01,Bewar APMC,2644.66
Uttar Pradesh,Wheat,2025,3,2025-03-01,Bharthna APMC,2827.06
Uttar Pradesh,Wheat,2025,3,2025-03-01,Bharuasumerpur APMC,2601.72
Uttar Pradesh,Wheat,2025,3,2025-03-01,Bharwari APMC,2802.77
Uttar Pradesh,Wheat,2025,3,2025-03-01,Bhehjoi APMC,
Uttar Pradesh,Wheat,2025,3,2025-03-01,Bhinga APMC,2726.06
Uttar Pradesh,Wheat,2025,3,2025-03-01,Bijnaur APMC,2878.39
Uttar Pradesh,Wheat,2025,3,2025-03-01,Bilsi APMC,2885.08
Uttar Pradesh,Wheat,2025,3,2025-03-01,Bindki APMC,2827.84
Uttar Pradesh,Wheat,2025,3,2025-03-01,Bishalpur APMC,2861.56
Uttar Pradesh,Wheat,2025,3,2025-03-01,Bisoli APMC,2431.91
Uttar Pradesh,Wheat,2025,3,2025-03-01,Buland Shahr APMC,2765.42
Uttar Pradesh,Wheat,2025,3,2025-03-01,Chandausi APMC,2893.43
Uttar Pradesh,Wheat,2025,3,2025-03-01,Chandoli APMC,2795.35
Uttar Pradesh,Wheat,2025,3,2025-03-01,Charkhari APMC,2511.72
Uttar Pradesh,Wheat,2025,3,2025-03-01,Charra APMC,2843.4
Uttar Pradesh,Wheat,2025,3,2025-03-01,Chhibramau APMC,2854.31
Uttar Pradesh,Wheat,2025,3,2025-03-01,Chirgaon APMC,
Uttar Pradesh,Wheat,2025,3,2025-03-01,Chorichora APMC,2438.9
Uttar Pradesh,Wheat,2025,3,2025-03-01,Choubepur APMC,2893.94
Uttar Pradesh,Wheat,2025,3,2025-03-01,Colonelganj APMC,2366.67
Uttar Pradesh,Wheat,2025,3,2025-03-01,DADRI APMC,2796.95
Uttar Pradesh,Wheat,2025,3,2025-03-01,Dankaur APMC,2854.78
Uttar Pradesh,Wheat,2025,3,2025-03-01,Devariya APMC,
Uttar Pradesh,Wheat,2025,3,2025-03-01,Dhanaura APMC,2532.14
Uttar Pradesh,Wheat,2025,3,2025-03-01,Dibiapur APMC,2800.0
Uttar Pradesh,Wheat,2025,3,2025-03-01,Divai APMC,
Uttar Pradesh,Wheat,2025,3,2025-03-01,Doharighat APMC,2810.0
Uttar Pradesh,Wheat,2025,3,2025-03-01,Dudhi APMC,2425.0
Uttar Pradesh,Wheat,2025,3,2025-03-01,Etah APMC,2735.6
Uttar Pradesh,Wheat,2025,3,2025-03-01,Etawah APMC,2831.83
Uttar Pradesh,Wheat,2025,3,2025-03-01,Farukhabad APMC,2826.22
Uttar Pradesh,Wheat,2025,3,2025-03-01,Fatehpur APMC,2846.78
Uttar Pradesh,Wheat,2025,3,2025-03-01,Fatehpur Sikri APMC,3003.27
Uttar Pradesh,Wheat,2025,3,2025-03-01,Firozabad APMC,2821.47
Uttar Pradesh,Wheat,2025,3,2025-03-01,Gazipur APMC,2858.08
Uttar Pradesh,Wheat,2025,3,2025-03-01,Ghaziabad APMC,2779.02
Uttar Pradesh,Wheat,2025,3,2025-03-01,Ghiraur APMC,2670.99
Uttar Pradesh,Wheat,2025,3,2025-03-01,Golagokarnath APMC,2732.89
Uttar Pradesh,Wheat,2025,3,2025-03-01,Gonda APMC,2876.92
Uttar Pradesh,Wheat,2025,3,2025-03-01,Gopiganj APMC,2839.14
Uttar Pradesh,Wheat,2025,3,2025-03-01,Gorakhpur APMC,2862.77
Uttar Pradesh,Wheat,2025,3,2025-03-01,Gurusarai APMC,2718.6
Uttar Pradesh,Wheat,2025,3,2025-03-01,Haathras APMC,2841.52
Uttar Pradesh,Wheat,2025,3,2025-03-01,Hapur APMC,2866.81
Uttar Pradesh,Wheat,2025,3,2025-03-01,Hardoi APMC,2833.15
Uttar Pradesh,Wheat,2025,3,2025-03-01,Hargaon (Laharpur) APMC,2716.36
Uttar Pradesh,Wheat,2025,3,2025-03-01,Jafarganj APMC,2785.54
Uttar Pradesh,Wheat,2025,3,2025-03-01,Jagnair APMC,2512.16
Uttar Pradesh,Wheat,2025,3,2025-03-01,Jahanabad APMC,2327.33
Uttar Pradesh,Wheat,2025,3,2025-03-01,Jahangirabad APMC,2768.56
Uttar Pradesh,Wheat,2025,3,2025-03-01,Jalalabad APMC,2646.47
Uttar Pradesh,Wheat,2025,3,2025-03-01,Jalaun APMC,2524.87
Uttar Pradesh,Wheat,2025,3,2025-03-01,Jangipura APMC,
Uttar Pradesh,Wheat,2025,3,2025-03-01,Jasra APMC,
Uttar Pradesh,Wheat,2025,3,2025-03-01,Jasvantnagar APMC,2881.77
Uttar Pradesh,Wheat,2025,3,2025-03-01,Jaunpur APMC,2871.96
Uttar Pradesh,Wheat,2025,3,2025-03-01,Jayas APMC,2804.95
Uttar Pradesh,Wheat,2025,3,2025-03-01,Jhansi APMC,
Uttar Pradesh,Wheat,2025,3,2025-03-01,Jhansi Grain APMC,2713.03
Uttar Pradesh,Wheat,2025,3,2025-03-01,Jhijhank APMC,
Uttar Pradesh,Wheat,2025,3,2025-03-01,Kadaura APMC,2459.69
Uttar Pradesh,Wheat,2025,3,2025-03-01,Kamlaganj APMC,2845.23
Uttar Pradesh,Wheat,2025,3,2025-03-01,Kannauj APMC,2849.71
Uttar Pradesh,Wheat,2025,3,2025-03-01,Kanpur(Grain) APMC,2881.0
Uttar Pradesh,Wheat,2025,3,2025-03-01,Karvi APMC,2788.95
Uttar Pradesh,Wheat,2025,3,2025-03-01,Kasganj APMC,2774.0
Uttar Pradesh,Wheat,2025,3,2025-03-01,Kayamganj APMC,2824.65
Uttar Pradesh,Wheat,2025,3,2025-03-01,Khaga APMC,2801.72
Uttar Pradesh,Wheat,2025,3,2025-03-01,Khair APMC,2670.44
Uttar Pradesh,Wheat,2025,3,2025-03-01,Khairagarh APMC,2778.37
Uttar Pradesh,Wheat,2025,3,2025-03-01,Khalilabad APMC,2900.0
Uttar Pradesh,Wheat,2025,3,2025-03-01,Khatauli APMC,3200.0
Uttar Pradesh,Wheat,2025,3,2025-03-01,Khurja APMC,2869.1
Uttar Pradesh,Wheat,2025,3,2025-03-01,Kishunpur APMC,2740.7
Uttar Pradesh,Wheat,2025,3,2025-03-01,Konch APMC,2463.99
Uttar Pradesh,Wheat,2025,3,2025-03-01,Kopaganj APMC,2870.31
Uttar Pradesh,Wheat,2025,3,2025-03-01,Kosikalan APMC,2825.09
Uttar Pradesh,Wheat,2025,3,2025-03-01,Kurara APMC,2526.18
Uttar Pradesh,Wheat,2025,3,2025-03-01,Lakhimpur APMC,2660.78
Uttar Pradesh,Wheat,2025,3,2025-03-01,Lalganj APMC,2797.17
Uttar Pradesh,Wheat,2025,3,2025-03-01,Lalitpur APMC,2514.99
Uttar Pradesh,Wheat,2025,3,2025-03-01,Lediyari APMC,2594.4
Uttar Pradesh,Wheat,2025,3,2025-03-01,Lucknow APMC,2854.08
Uttar Pradesh,Wheat,2025,3,2025-03-01,Madhoganj APMC,2823.01
Uttar Pradesh,Wheat,2025,3,2025-03-01,Madhogarh APMC,2677.84
Uttar Pradesh,Wheat,2025,3,2025-03-01,Mahoba APMC,2660.97
Uttar Pradesh,Wheat,2025,3,2025-03-01,Maigalganj APMC,2821.52
Uttar Pradesh,Wheat,2025,3,2025-03-01,Mainpuri APMC,2578.1
Uttar Pradesh,Wheat,2025,3,2025-03-01,Manjhanpur APMC,2844.33
Uttar Pradesh,Wheat,2025,3,2025-03-01,Mathura APMC,2673.69
Uttar Pradesh,Wheat,2025,3,2025-03-01,Maudaha APMC,
Uttar Pradesh,Wheat,2025,3,2025-03-01,Mauranipur APMC,2700.95
Uttar Pradesh,Wheat,2025,3,2025-03-01,Meerut APMC,2821.84
Uttar Pradesh,Wheat,2025,3,2025-03-01,Mehmoodabad APMC,2701.62
Uttar Pradesh,Wheat,2025,3,2025-03-01,Mehrauni APMC,2499.83
Uttar Pradesh,Wheat,2025,3,2025-03-01,Milak APMC,2950.0
Uttar Pradesh,Wheat,2025,3,2025-03-01,Mirzapur APMC,2784.45
Uttar Pradesh,Wheat,2025,3,2025-03-01,Mohamadabad APMC,2838.49
Uttar Pradesh,Wheat,2025,3,2025-03-01,Mohammdi APMC,2674.55
Uttar Pradesh,Wheat,2025,3,2025-03-01,Moth APMC,2595.41
Uttar Pradesh,Wheat,2025,3,2025-03-01,Mugrabaadshahpur APMC,2889.1
Uttar Pradesh,Wheat,2025,3,2025-03-01,Muradabad APMC,2865.16
Uttar Pradesh,Wheat,2025,3,2025-03-01,Muradnagar APMC,2662.68
Uttar Pradesh,Wheat,2025,3,2025-03-01,Muskara APMC,2754.19
Uttar Pradesh,Wheat,2025,3,2025-03-01,Muzzafarnagar APMC,2881.31
Uttar Pradesh,Wheat,2025,3,2025-03-01,Naanpara APMC,2300.0
Uttar Pradesh,Wheat,2025,3,2025-03-01,Naugarh APMC,2884.79
Uttar Pradesh,Wheat,2025,3,2025-03-01,Nautnava APMC,
Uttar Pradesh,Wheat,2025,3,2025-03-01,Nawabganj APMC,2864.58
Uttar Pradesh,Wheat,2025,3,2025-03-01,Noida APMC,2889.0
Uttar Pradesh,Wheat,2025,3,2025-03-01,Orai APMC,2623.69
Uttar Pradesh,Wheat,2025,3,2025-03-01,Paliakala APMC,2770.59
Uttar Pradesh,Wheat,2025,3,2025-03-01,Panchpedwa APMC,
Uttar Pradesh,Wheat,2025,3,2025-03-01,Partaval APMC,2856.38
Uttar Pradesh,Wheat,2025,3,2025-03-01,Pilibhit APMC,2849.42
Uttar Pradesh,Wheat,2025,3,2025-03-01,Powayan APMC,2796.38
Uttar Pradesh,Wheat,2025,3,2025-03-01,Pratapgarh APMC,2884.07
Uttar Pradesh,Wheat,2025,3,2025-03-01,Prayagraj APMC,2711.54
Uttar Pradesh,Wheat,2025,3,2025-03-01,Pukharayan APMC,2851.27
Uttar Pradesh,Wheat,2025,3,2025-03-01,Puranpur APMC,2844.73
Uttar Pradesh,Wheat,2025,3,2025-03-01,Purwa APMC,2816.55
Uttar Pradesh,Wheat,2025,3,2025-03-01,Raath APMC,2446.27
Uttar Pradesh,Wheat,2025,3,2025-03-01,Raibareilly APMC,2803.2
Uttar Pradesh,Wheat,2025,3,2025-03-01,Rampur APMC,2859.08
Uttar Pradesh,Wheat,2025,3,2025-03-01,Rasda APMC,2886.4
Uttar Pradesh,Wheat,2025,3,2025-03-01,Robertsganj APMC,2747.35
Uttar Pradesh,Wheat,2025,3,2025-03-01,Rudauli APMC,2803.45
Uttar Pradesh,Wheat,2025,3,2025-03-01,Rura APMC,
Uttar Pradesh,Wheat,2025,3,2025-03-01,Safdarganj APMC,2788.14
Uttar Pradesh,Wheat,2025,3,2025-03-01,Saharanpur APMC,2855.35
Uttar Pradesh,Wheat,2025,3,2025-03-01,Sahiyapur APMC,2509.16
Uttar Pradesh,Wheat,2025,3,2025-03-01,Salon APMC,2793.23
Uttar Pradesh,Wheat,2025,3,2025-03-01,Samsabad APMC,2522.92
Uttar Pradesh,Wheat,2025,3,2025-03-01,Sandi APMC,2828.86
Uttar Pradesh,Wheat,2025,3,2025-03-01,Sandila APMC,2831.45
Uttar Pradesh,Wheat,2025,3,2025-03-01,Shahabad(New Mandi) APMC,2874.08
Uttar Pradesh,Wheat,2025,3,2025-03-01,Shahaswan APMC,
Uttar Pradesh,Wheat,2025,3,2025-03-01,Shahganj APMC,2894.46
Uttar Pradesh,Wheat,2025,3,2025-03-01,Shahjahanpur APMC,2720.96
Uttar Pradesh,Wheat,2025,3,2025-03-01,Shahpur APMC,2586.87
Uttar Pradesh,Wheat,2025,3,2025-03-01,Shamli APMC,2854.73
Uttar Pradesh,Wheat,2025,3,2025-03-01,Shikohabad APMC,
Uttar Pradesh,Wheat,2025,3,2025-03-01,Sikanderabad APMC,
Uttar Pradesh,Wheat,2025,3,2025-03-01,Sikandraraau APMC,2691.13
Uttar Pradesh,Wheat,2025,3,2025-03-01,Sikarpur APMC,2648.19
Uttar Pradesh,Wheat,2025,3,2025-03-01,Sirsa APMC,2525.0
Uttar Pradesh,Wheat,2025,3,2025-03-01,Sitapur APMC,2768.55
Uttar Pradesh,Wheat,2025,3,2025-03-01,Siyana APMC,2677.0
Uttar Pradesh,Wheat,2025,3,2025-03-01,Sultanpur APMC,2748.84
Uttar Pradesh,Wheat,2025,3,2025-03-01,Tamkuhi road APMC,2300.0
Uttar Pradesh,Wheat,2025,3,2025-03-01,Tikonia APMC,
Uttar Pradesh,Wheat,2025,3,2025-03-01,Tilhar APMC,2564.55
Uttar Pradesh,Wheat,2025,3,2025-03-01,Tulsipur APMC,2903.33
Uttar Pradesh,Wheat,2025,3,2025-03-01,Tundla APMC,2965.84
Uttar Pradesh,Wheat,2025,3,2025-03-01,Ujhani APMC,2881.51
Uttar Pradesh,Wheat,2025,3,2025-03-01,Unnao APMC,2751.72
Uttar Pradesh,Wheat,2025,3,2025-03-01,Uttaripura APMC,2898.96
Uttar Pradesh,Wheat,2025,3,2025-03-01,Varanasi APMC,2882.97
Uttar Pradesh,Wheat,2025,3,2025-03-01,Vilthararoad APMC,2555.0
Uttar Pradesh,Wheat,2025,3,2025-03-01,Viswan APMC,2755.06
Uttar Pradesh,Wheat,2025,3,2025-03-01,Wazirganj APMC,2768.57
Uttar Pradesh,Wheat,2025,3,2025-03-01,Yusufpur APMC,
Uttar Pradesh,Wheat,2025,3,2025-03-01,Note:,
Uttar Pradesh,Wheat,2025,3,2025-03-01,Weighted Average Price = ∑(arrival quantity * modal price) / ∑arrival quantity,
Uttar Pradesh,Wheat,2025,3,2025-03-01,Change (Over Previous Month) = [Price - Price(Over Previous Month)/Price(Over Previous Month)] * 100,
Uttar Pradesh,Wheat,2025,3,2025-03-01,Change (Over Previous Year) = [Price - Price(Over Previous Year)/Price(Over Previous Year)] * 100,
Uttar Pradesh,Wheat,2025,4,2025-04-01,Achalda APMC,2451.03
Uttar Pradesh,Wheat,2025,4,2025-04-01,Achnera APMC,2450.98
Uttar Pradesh,Wheat,2025,4,2025-04-01,Agra APMC,2455.42
Uttar Pradesh,Wheat,2025,4,2025-04-01,Ahirora APMC,2449.59
Uttar Pradesh,Wheat,2025,4,2025-04-01,Ait APMC,2433.52
Uttar Pradesh,Wheat,2025,4,2025-04-01,Ajuha APMC,2458.63
Uttar Pradesh,Wheat,2025,4,2025-04-01,Akbarpur APMC,2377.32
Uttar Pradesh,Wheat,2025,4,2025-04-01,Aliganj APMC,2493.38
Uttar Pradesh,Wheat,2025,4,2025-04-01,Aligarh APMC,2432.76
Uttar Pradesh,Wheat,2025,4,2025-04-01,Amroha APMC,2456.49
Uttar Pradesh,Wheat,2025,4,2025-04-01,Anandnagar APMC,2449.93
Uttar Pradesh,Wheat,2025,4,2025-04-01,Anoop Shahar APMC,2448.61
Uttar Pradesh,Wheat,2025,4,2025-04-01,Anwala APMC,
Uttar Pradesh,Wheat,2025,4,2025-04-01,Atarra APMC,2451.91
Uttar Pradesh,Wheat,2025,4,2025-04-01,Atrauli APMC,2456.66
Uttar Pradesh,Wheat,2025,4,2025-04-01,Auraiya APMC,2450.92
Uttar Pradesh,Wheat,2025,4,2025-04-01,Awagarh APMC,
Uttar Pradesh,Wheat,2025,4,2025-04-01,Ayodhya APMC,2484.46
Uttar Pradesh,Wheat,2025,4,2025-04-01,Azamgarh APMC,2481.94
Uttar Pradesh,Wheat,2025,4,2025-04-01,Baberu APMC,
Uttar Pradesh,Wheat,2025,4,2025-04-01,Babrala APMC,2447.91
Uttar Pradesh,Wheat,2025,4,2025-04-01,Bachranwa APMC,2428.09
Uttar Pradesh,Wheat,2025,4,2025-04-01,Badayoun APMC,2466.43
Uttar Pradesh,Wheat,2025,4,2025-04-01,Baheri APMC,2467.24
Uttar Pradesh,Wheat,2025,4,2025-04-01,Bahraich APMC,2461.41
Uttar Pradesh,Wheat,2025,4,2025-04-01,Ballia APMC,2465.03
Uttar Pradesh,Wheat,2025,4,2025-04-01,Balrampur APMC,2473.2
Uttar Pradesh,Wheat,2025,4,2025-04-01,Banda APMC,2478.81
Uttar Pradesh,Wheat,2025,4,2025-04-01,Bangarmau APMC,2434.34
Uttar Pradesh,Wheat,2025,4,2025-04-01,Bansi APMC,
Uttar Pradesh,Wheat,2025,4,2025-04-01,Banthara APMC,2462.86
Uttar Pradesh,Wheat,2025,4,2025-04-01,Barabanki APMC,2474.69
Uttar Pradesh,Wheat,2025,4,2025-04-01,Baraut APMC,2463.5
Uttar Pradesh,Wheat,2025,4,2025-04-01,Bareilly APMC,2412.23
Uttar Pradesh,Wheat,2025,4,2025-04-01,Baripaal APMC,2431.03
Uttar Pradesh,Wheat,2025,4,2025-04-01,Basti APMC,2489.18
Uttar Pradesh,Wheat,2025,4,2025-04-01,Bewar APMC,2452.72
Uttar Pradesh,Wheat,2025,4,2025-04-01,Bharthna APMC,2450.96
Uttar Pradesh,Wheat,2025,4,2025-04-01,Bharuasumerpur APMC,2425.0
Uttar Pradesh,Wheat,2025,4,2025-04-01,Bharwari APMC,2463.41
Uttar Pradesh,Wheat,2025,4,2025-04-01,Bhehjoi APMC,2469.97
Uttar Pradesh,Wheat,2025,4,2025-04-01,Bhinga APMC,2439.0
Uttar Pradesh,Wheat,2025,4,2025-04-01,Bijnaur APMC,2441.07
Uttar Pradesh,Wheat,2025,4,2025-04-01,Bilaspur APMC,2474.58
Uttar Pradesh,Wheat,2025,4,2025-04-01,Bilsi APMC,2446.91
Uttar Pradesh,Wheat,2025,4,2025-04-01,Bindki APMC,2441.07
Uttar Pradesh,Wheat,2025,4,2025-04-01,Bishalpur APMC,2468.09
Uttar Pradesh,Wheat,2025,4,2025-04-01,Bisoli APMC,2441.78
Uttar Pradesh,Wheat,2025,4,2025-04-01,Buland Shahr APMC,2450.29
Uttar Pradesh,Wheat,2025,4,2025-04-01,Chandausi APMC,2434.12
Uttar Pradesh,Wheat,2025,4,2025-04-01,Chandoli APMC,2435.41
Uttar Pradesh,Wheat,2025,4,2025-04-01,Charkhari APMC,2450.0
Uttar Pradesh,Wheat,2025,4,2025-04-01,Charra APMC,2459.08
Uttar Pradesh,Wheat,2025,4,2025-04-01,Chhibramau APMC,2464.48
Uttar Pradesh,Wheat,2025,4,2025-04-01,Chirgaon APMC,
Uttar Pradesh,Wheat,2025,4,2025-04-01,Chorichora APMC,2552.43
Uttar Pradesh,Wheat,2025,4,2025-04-01,Choubepur APMC,2484.55
Uttar Pradesh,Wheat,2025,4,2025-04-01,Colonelganj APMC,2475.0
Uttar Pradesh,Wheat,2025,4,2025-04-01,DADRI APMC,2442.5
Uttar Pradesh,Wheat,2025,4,2025-04-01,Dankaur APMC,2444.26
Uttar Pradesh,Wheat,2025,4,2025-04-01,Dataganj APMC,2460.4
Uttar Pradesh,Wheat,2025,4,2025-04-01,Devariya APMC,
Uttar Pradesh,Wheat,2025,4,2025-04-01,Dhanaura APMC,2432.42
Uttar Pradesh,Wheat,2025,4,2025-04-01,Dibiapur APMC,2457.75
Uttar Pradesh,Wheat,2025,4,2025-04-01,Divai APMC,
Uttar Pradesh,Wheat,2025,4,2025-04-01,Doharighat APMC,2418.3
Uttar Pradesh,Wheat,2025,4,2025-04-01,Dudhi APMC,2466.47
Uttar Pradesh,Wheat,2025,4,2025-04-01,Etah APMC,2505.4
Uttar Pradesh,Wheat,2025,4,2025-04-01,Etawah APMC,2440.11
Uttar Pradesh,Wheat,2025,4,2025-04-01,Farukhabad APMC,2471.15
Uttar Pradesh,Wheat,2025,4,2025-04-01,Fatehabad APMC,2412.5
Uttar Pradesh,Wheat,2025,4,2025-04-01,Fatehpur APMC,2445.64
Uttar Pradesh,Wheat,2025,4,2025-04-01,Fatehpur Sikri APMC,
Uttar Pradesh,Wheat,2025,4,2025-04-01,Firozabad APMC,2459.74
Uttar Pradesh,Wheat,2025,4,2025-04-01,Gadaura APMC,2402.79
Uttar Pradesh,Wheat,2025,4,2025-04-01,Gazipur APMC,2451.96
Uttar Pradesh,Wheat,2025,4,2025-04-01,Ghaziabad APMC,2380.75
Uttar Pradesh,Wheat,2025,4,2025-04-01,Ghiraur APMC,2445.84
Uttar Pradesh,Wheat,2025,4,2025-04-01,Golagokarnath APMC,2416.38
Uttar Pradesh,Wheat,2025,4,2025-04-01,Gonda APMC,2489.2
Uttar Pradesh,Wheat,2025,4,2025-04-01,Gopiganj APMC,2425.13
Uttar Pradesh,Wheat,2025,4,2025-04-01,Gorakhpur APMC,2460.77
Uttar Pradesh,Wheat,2025,4,2025-04-01,Gurusarai APMC,2536.51
Uttar Pradesh,Wheat,2025,4,2025-04-01,Haathras APMC,2461.84
Uttar Pradesh,Wheat,2025,4,2025-04-01,Hapur APMC,2454.48
Uttar Pradesh,Wheat,2025,4,2025-04-01,Hardoi APMC,2453.8
Uttar Pradesh,Wheat,2025,4,2025-04-01,Hargaon (Laharpur) APMC,2449.62
Uttar Pradesh,Wheat,2025,4,2025-04-01,Jafarganj APMC,2517.27
Uttar Pradesh,Wheat,2025,4,2025-04-01,Jagnair APMC,2426.4
Uttar Pradesh,Wheat,2025,4,2025-04-01,Jahanabad APMC,2426.82
Uttar Pradesh,Wheat,2025,4,2025-04-01,Jahangirabad APMC,2440.9
Uttar Pradesh,Wheat,2025,4,2025-04-01,Jalalabad APMC,2488.44
Uttar Pradesh,Wheat,2025,4,2025-04-01,Jalaun APMC,2421.29
Uttar Pradesh,Wheat,2025,4,2025-04-01,Jangipura APMC,
Uttar Pradesh,Wheat,2025,4,2025-04-01,Jasra APMC,2445.0
Uttar Pradesh,Wheat,2025,4,2025-04-01,Jasvantnagar APMC,2451.76
Uttar Pradesh,Wheat,2025,4,2025-04-01,Jaunpur APMC,2476.32
Uttar Pradesh,Wheat,2025,4,2025-04-01,Jayas APMC,2427.39
Uttar Pradesh,Wheat,2025,4,2025-04-01,Jhansi APMC,
Uttar Pradesh,Wheat,2025,4,2025-04-01,Jhansi Grain APMC,2560.3
Uttar Pradesh,Wheat,2025,4,2025-04-01,Jhijhank APMC,
Uttar Pradesh,Wheat,2025,4,2025-04-01,Kadaura APMC,2445.0
Uttar Pradesh,Wheat,2025,4,2025-04-01,Kalpi APMC,
Uttar Pradesh,Wheat,2025,4,2025-04-01,Kamlaganj APMC,2467.45
Uttar Pradesh,Wheat,2025,4,2025-04-01,Kannauj APMC,2462.45
Uttar Pradesh,Wheat,2025,4,2025-04-01,Kanpur(Grain) APMC,2485.23
Uttar Pradesh,Wheat,2025,4,2025-04-01,Karvi APMC,2539.05
Uttar Pradesh,Wheat,2025,4,2025-04-01,Kasganj APMC,2442.84
Uttar Pradesh,Wheat,2025,4,2025-04-01,Kayamganj APMC,2458.68
Uttar Pradesh,Wheat,2025,4,2025-04-01,Khaga APMC,2458.02
Uttar Pradesh,Wheat,2025,4,2025-04-01,Khair APMC,2397.61
Uttar Pradesh,Wheat,2025,4,2025-04-01,Khairagarh APMC,2453.19
Uttar Pradesh,Wheat,2025,4,2025-04-01,Khalilabad APMC,2470.0
Uttar Pradesh,Wheat,2025,4,2025-04-01,Khatauli APMC,2592.59
Uttar Pradesh,Wheat,2025,4,2025-04-01,Khurja APMC,2452.02
Uttar Pradesh,Wheat,2025,4,2025-04-01,Kishunpur APMC,2467.43
Uttar Pradesh,Wheat,2025,4,2025-04-01,Konch APMC,2430.33
Uttar Pradesh,Wheat,2025,4,2025-04-01,Kopaganj APMC,2440.54
Uttar Pradesh,Wheat,2025,4,2025-04-01,Kosikalan APMC,2489.88
Uttar Pradesh,Wheat,2025,4,2025-04-01,Kurara APMC,2486.16
Uttar Pradesh,Wheat,2025,4,2025-04-01,Lakhimpur APMC,2372.47
Uttar Pradesh,Wheat,2025,4,2025-04-01,Lalganj APMC,2433.64
Uttar Pradesh,Wheat,2025,4,2025-04-01,Lalitpur APMC,2430.64
Uttar Pradesh,Wheat,2025,4,2025-04-01,Lediyari APMC,2450.0
Uttar Pradesh,Wheat,2025,4,2025-04-01,Lucknow APMC,2425.0
Uttar Pradesh,Wheat,2025,4,2025-04-01,Madhoganj APMC,2439.16
Uttar Pradesh,Wheat,2025,4,2025-04-01,Madhogarh APMC,2451.81
Uttar Pradesh,Wheat,2025,4,2025-04-01,Mahoba APMC,2481.83
Uttar Pradesh,Wheat,2025,4,2025-04-01,Maigalganj APMC,2428.17
Uttar Pradesh,Wheat,2025,4,2025-04-01,Mainpuri APMC,2425.65
Uttar Pradesh,Wheat,2025,4,2025-04-01,Manjhanpur APMC,2465.18
Uttar Pradesh,Wheat,2025,4,2025-04-01,Mathura APMC,2434.82
Uttar Pradesh,Wheat,2025,4,2025-04-01,Maudaha APMC,2450.0
Uttar Pradesh,Wheat,2025,4,2025-04-01,Mauranipur APMC,2548.48
Uttar Pradesh,Wheat,2025,4,2025-04-01,Meerut APMC,2467.65
Uttar Pradesh,Wheat,2025,4,2025-04-01,Mehmoodabad APMC,2425.0
Uttar Pradesh,Wheat,2025,4,2025-04-01,Mehrauni APMC,2500.0
Uttar Pradesh,Wheat,2025,4,2025-04-01,Milak APMC,2425.0
Uttar Pradesh,Wheat,2025,4,2025-04-01,Mirzapur APMC,2428.39
Uttar Pradesh,Wheat,2025,4,2025-04-01,Mohamadabad APMC,2466.57
Uttar Pradesh,Wheat,2025,4,2025-04-01,Mohammdi APMC,2341.53
Uttar Pradesh,Wheat,2025,4,2025-04-01,Moth APMC,2518.93
Uttar Pradesh,Wheat,2025,4,2025-04-01,Mugrabaadshahpur APMC,2477.47
Uttar Pradesh,Wheat,2025,4,2025-04-01,Muradabad APMC,2447.12
Uttar Pradesh,Wheat,2025,4,2025-04-01,Muradnagar APMC,2447.1
Uttar Pradesh,Wheat,2025,4,2025-04-01,Muskara APMC,2427.37
Uttar Pradesh,Wheat,2025,4,2025-04-01,Muzzafarnagar APMC,2456.97
Uttar Pradesh,Wheat,2025,4,2025-04-01,Naanpara APMC,2432.25
Uttar Pradesh,Wheat,2025,4,2025-04-01,Naugarh APMC,2485.5
Uttar Pradesh,Wheat,2025,4,2025-04-01,Nautnava APMC,2425.0
Uttar Pradesh,Wheat,2025,4,2025-04-01,Nawabganj APMC,2466.6
Uttar Pradesh,Wheat,2025,4,2025-04-01,Noida APMC,2476.99
Uttar Pradesh,Wheat,2025,4,2025-04-01,Orai APMC,2419.62
Uttar Pradesh,Wheat,2025,4,2025-04-01,Paliakala APMC,2427.76
Uttar Pradesh,Wheat,2025,4,2025-04-01,Panchpedwa APMC,2489.02
Uttar Pradesh,Wheat,2025,4,2025-04-01,Partaval APMC,2455.86
Uttar Pradesh,Wheat,2025,4,2025-04-01,Pilibhit APMC,2459.01
Uttar Pradesh,Wheat,2025,4,2025-04-01,Powayan APMC,2469.11
Uttar Pradesh,Wheat,2025,4,2025-04-01,Pratapgarh APMC,2475.63
Uttar Pradesh,Wheat,2025,4,2025-04-01,Prayagraj APMC,2433.77
Uttar Pradesh,Wheat,2025,4,2025-04-01,Pukharayan APMC,2416.96
Uttar Pradesh,Wheat,2025,4,2025-04-01,Puranpur APMC,2467.12
Uttar Pradesh,Wheat,2025,4,2025-04-01,Purwa APMC,2445.12
Uttar Pradesh,Wheat,2025,4,2025-04-01,Raath APMC,2441.56
Uttar Pradesh,Wheat,2025,4,2025-04-01,Raibareilly APMC,2429.52
Uttar Pradesh,Wheat,2025,4,2025-04-01,Rampur APMC,2466.73
Uttar Pradesh,Wheat,2025,4,2025-04-01,Rampurmaniharan APMC,2450.0
Uttar Pradesh,Wheat,2025,4,2025-04-01,Rasda APMC,2475.21
Uttar Pradesh,Wheat,2025,4,2025-04-01,Richha APMC,
Uttar Pradesh,Wheat,2025,4,2025-04-01,Robertsganj APMC,2480.94
Uttar Pradesh,Wheat,2025,4,2025-04-01,Rudauli APMC,2500.0
Uttar Pradesh,Wheat,2025,4,2025-04-01,Rura APMC,
Uttar Pradesh,Wheat,2025,4,2025-04-01,Safdarganj APMC,2480.66
Uttar Pradesh,Wheat,2025,4,2025-04-01,Saharanpur APMC,2449.57
Uttar Pradesh,Wheat,2025,4,2025-04-01,Sahiyapur APMC,2473.77
Uttar Pradesh,Wheat,2025,4,2025-04-01,Salon APMC,2467.45
Uttar Pradesh,Wheat,2025,4,2025-04-01,Samsabad APMC,2450.0
Uttar Pradesh,Wheat,2025,4,2025-04-01,Sandi APMC,2444.67
Uttar Pradesh,Wheat,2025,4,2025-04-01,Sandila APMC,2432.78
Uttar Pradesh,Wheat,2025,4,2025-04-01,Sehjanwa APMC,
Uttar Pradesh,Wheat,2025,4,2025-04-01,Shahabad APMC,
Uttar Pradesh,Wheat,2025,4,2025-04-01,Shahabad(New Mandi) APMC,2440.82
Uttar Pradesh,Wheat,2025,4,2025-04-01,Shahaswan APMC,
Uttar Pradesh,Wheat,2025,4,2025-04-01,Shahganj APMC,2480.09
Uttar Pradesh,Wheat,2025,4,2025-04-01,Shahjahanpur APMC,2458.03
Uttar Pradesh,Wheat,2025,4,2025-04-01,Shahpur APMC,2460.25
Uttar Pradesh,Wheat,2025,4,2025-04-01,Shamli APMC,2460.8
Uttar Pradesh,Wheat,2025,4,2025-04-01,Shikohabad APMC,
Uttar Pradesh,Wheat,2025,4,2025-04-01,Sikandraraau APMC,2444.72
Uttar Pradesh,Wheat,2025,4,2025-04-01,Sikarpur APMC,2435.64
Uttar Pradesh,Wheat,2025,4,2025-04-01,Sirsa APMC,2541.24
Uttar Pradesh,Wheat,2025,4,2025-04-01,Sitapur APMC,2426.14
Uttar Pradesh,Wheat,2025,4,2025-04-01,Siyana APMC,2433.08
Uttar Pradesh,Wheat,2025,4,2025-04-01,Sultanpur APMC,2462.5
Uttar Pradesh,Wheat,2025,4,2025-04-01,Tamkuhi road APMC,2439.55
Uttar Pradesh,Wheat,2025,4,2025-04-01,Thanabhawan APMC,2475.94
Uttar Pradesh,Wheat,2025,4,2025-04-01,Tikonia APMC,
Uttar Pradesh,Wheat,2025,4,2025-04-01,Tilhar APMC,2487.34
Uttar Pradesh,Wheat,2025,4,2025-04-01,Tulsipur APMC,2513.36
Uttar Pradesh,Wheat,2025,4,2025-04-01,Tundla APMC,2452.17
Uttar Pradesh,Wheat,2025,4,2025-04-01,Ujhani APMC,2440.37
Uttar Pradesh,Wheat,2025,4,2025-04-01,Unnao APMC,2396.74
Uttar Pradesh,Wheat,2025,4,2025-04-01,Uttaripura APMC,2472.51
Uttar Pradesh,Wheat,2025,4,2025-04-01,Varanasi APMC,2509.85
Uttar Pradesh,Wheat,2025,4,2025-04-01,Vilthararoad APMC,2535.71
Uttar Pradesh,Wheat,2025,4,2025-04-01,Viswan APMC,2425.45
Uttar Pradesh,Wheat,2025,4,2025-04-01,Wazirganj APMC,2412.64
Uttar Pradesh,Wheat,2025,4,2025-04-01,Yusufpur APMC,
Uttar Pradesh,Wheat,2025,4,2025-04-01,Note:,
Uttar Pradesh,Wheat,2025,4,2025-04-01,Weighted Average Price = ∑(arrival quantity * modal price) / ∑arrival quantity,
Uttar Pradesh,Wheat,2025,4,2025-04-01,Change (Over Previous Month) = [Price - Price(Over Previous Month)/Price(Over Previous Month)] * 100,
Uttar Pradesh,Wheat,2025,4,2025-04-01,Change (Over Previous Year) = [Price - Price(Over Previous Year)/Price(Over Previous Year)] * 100,
Uttar Pradesh,Wheat,2025,5,2025-05-01,Achalda APMC,2479.35
Uttar Pradesh,Wheat,2025,5,2025-05-01,Achnera APMC,2510.79
Uttar Pradesh,Wheat,2025,5,2025-05-01,Agra APMC,2481.16
Uttar Pradesh,Wheat,2025,5,2025-05-01,Ahirora APMC,2455.73
Uttar Pradesh,Wheat,2025,5,2025-05-01,Ait APMC,2450.45
Uttar Pradesh,Wheat,2025,5,2025-05-01,Ajuha APMC,2462.01
Uttar Pradesh,Wheat,2025,5,2025-05-01,Akbarpur APMC,2393.12
Uttar Pradesh,Wheat,2025,5,2025-05-01,Aliganj APMC,2466.52
Uttar Pradesh,Wheat,2025,5,2025-05-01,Aligarh APMC,2486.03
Uttar Pradesh,Wheat,2025,5,2025-05-01,Amroha APMC,2471.63
Uttar Pradesh,Wheat,2025,5,2025-05-01,Anandnagar APMC,2450.0
Uttar Pradesh,Wheat,2025,5,2025-05-01,Anoop Shahar APMC,2475.83
Uttar Pradesh,Wheat,2025,5,2025-05-01,Anwala APMC,
Uttar Pradesh,Wheat,2025,5,2025-05-01,Atarra APMC,2450.0
Uttar Pradesh,Wheat,2025,5,2025-05-01,Atrauli APMC,2475.1
Uttar Pradesh,Wheat,2025,5,2025-05-01,Auraiya APMC,2479.06
Uttar Pradesh,Wheat,2025,5,2025-05-01,Awagarh APMC,2444.88
Uttar Pradesh,Wheat,2025,5,2025-05-01,Ayodhya APMC,2407.52
Uttar Pradesh,Wheat,2025,5,2025-05-01,Azamgarh APMC,2461.42
Uttar Pradesh,Wheat,2025,5,2025-05-01,Baberu APMC,2483.9
Uttar Pradesh,Wheat,2025,5,2025-05-01,Babrala APMC,2455.01
Uttar Pradesh,Wheat,2025,5,2025-05-01,Bachranwa APMC,2426.74
Uttar Pradesh,Wheat,2025,5,2025-05-01,Badayoun APMC,2473.34
Uttar Pradesh,Wheat,2025,5,2025-05-01,Baheri APMC,2450.38
Uttar Pradesh,Wheat,2025,5,2025-05-01,Bahraich APMC,2472.97
Uttar Pradesh,Wheat,2025,5,2025-05-01,Ballia APMC,2440.78
Uttar Pradesh,Wheat,2025,5,2025-05-01,Balrampur APMC,2472.12
Uttar Pradesh,Wheat,2025,5,2025-05-01,Banda APMC,2461.97
Uttar Pradesh,Wheat,2025,5,2025-05-01,Bangarmau APMC,2428.34
Uttar Pradesh,Wheat,2025,5,2025-05-01,Bansi APMC,
Uttar Pradesh,Wheat,2025,5,2025-05-01,Banthara APMC,2509.73
Uttar Pradesh,Wheat,2025,5,2025-05-01,Barabanki APMC,2474.22
Uttar Pradesh,Wheat,2025,5,2025-05-01,Baraut APMC,2455.66
Uttar Pradesh,Wheat,2025,5,2025-05-01,Bareilly APMC,2444.59
Uttar Pradesh,Wheat,2025,5,2025-05-01,Baripaal APMC,2433.87
Uttar Pradesh,Wheat,2025,5,2025-05-01,Basti APMC,2461.34
Uttar Pradesh,Wheat,2025,5,2025-05-01,Bewar APMC,2451.59
Uttar Pradesh,Wheat,2025,5,2025-05-01,Bharthna APMC,2454.93
Uttar Pradesh,Wheat,2025,5,2025-05-01,Bharuasumerpur APMC,2472.88
Uttar Pradesh,Wheat,2025,5,2025-05-01,Bharwari APMC,2457.52
Uttar Pradesh,Wheat,2025,5,2025-05-01,Bhehjoi APMC,2487.06
Uttar Pradesh,Wheat,2025,5,2025-05-01,Bhinga APMC,2453.1
Uttar Pradesh,Wheat,2025,5,2025-05-01,Bijnaur APMC,2466.19
Uttar Pradesh,Wheat,2025,5,2025-05-01,Bilaspur APMC,2493.37
Uttar Pradesh,Wheat,2025,5,2025-05-01,Bilsi APMC,2434.66
Uttar Pradesh,Wheat,2025,5,2025-05-01,Bindki APMC,2467.44
Uttar Pradesh,Wheat,2025,5,2025-05-01,Bishalpur APMC,2449.0
Uttar Pradesh,Wheat,2025,5,2025-05-01,Bisoli APMC,2447.62
Uttar Pradesh,Wheat,2025,5,2025-05-01,Buland Shahr APMC,2483.65
Uttar Pradesh,Wheat,2025,5,2025-05-01,Chandausi APMC,2459.64
Uttar Pradesh,Wheat,2025,5,2025-05-01,Chandoli APMC,2451.91
Uttar Pradesh,Wheat,2025,5,2025-05-01,Charkhari APMC,2458.76
Uttar Pradesh,Wheat,2025,5,2025-05-01,Charra APMC,2477.86
Uttar Pradesh,Wheat,2025,5,2025-05-01,Chhibramau APMC,2462.91
Uttar Pradesh,Wheat,2025,5,2025-05-01,Chirgaon APMC,
Uttar Pradesh,Wheat,2025,5,2025-05-01,Chorichora APMC,2501.15
Uttar Pradesh,Wheat,2025,5,2025-05-01,Choubepur APMC,2493.37
Uttar Pradesh,Wheat,2025,5,2025-05-01,Colonelganj APMC,2465.5
Uttar Pradesh,Wheat,2025,5,2025-05-01,DADRI APMC,2460.52
Uttar Pradesh,Wheat,2025,5,2025-05-01,Dankaur APMC,2450.79
Uttar Pradesh,Wheat,2025,5,2025-05-01,Dataganj APMC,2461.05
Uttar Pradesh,Wheat,2025,5,2025-05-01,Deoband APMC,
Uttar Pradesh,Wheat,2025,5,2025-05-01,Devariya APMC,
Uttar Pradesh,Wheat,2025,5,2025-05-01,Dhanaura APMC,2457.3
Uttar Pradesh,Wheat,2025,5,2025-05-01,Dibiapur APMC,2459.9
Uttar Pradesh,Wheat,2025,5,2025-05-01,Divai APMC,
Uttar Pradesh,Wheat,2025,5,2025-05-01,Doharighat APMC,2425.65
Uttar Pradesh,Wheat,2025,5,2025-05-01,Dudhi APMC,2475.0
Uttar Pradesh,Wheat,2025,5,2025-05-01,Etah APMC,2478.42
Uttar Pradesh,Wheat,2025,5,2025-05-01,Etawah APMC,2456.14
Uttar Pradesh,Wheat,2025,5,2025-05-01,Farukhabad APMC,2469.66
Uttar Pradesh,Wheat,2025,5,2025-05-01,Fatehabad APMC,2426.0
Uttar Pradesh,Wheat,2025,5,2025-05-01,Fatehpur APMC,2456.85
Uttar Pradesh,Wheat,2025,5,2025-05-01,Fatehpur Sikri APMC,2460.0
Uttar Pradesh,Wheat,2025,5,2025-05-01,Firozabad APMC,2491.74
Uttar Pradesh,Wheat,2025,5,2025-05-01,Gadaura APMC,2424.61
Uttar Pradesh,Wheat,2025,5,2025-05-01,Gazipur APMC,2437.76
Uttar Pradesh,Wheat,2025,5,2025-05-01,Ghaziabad APMC,2325.48
Uttar Pradesh,Wheat,2025,5,2025-05-01,Ghiraur APMC,2478.21
Uttar Pradesh,Wheat,2025,5,2025-05-01,Golagokarnath APMC,2412.51
Uttar Pradesh,Wheat,2025,5,2025-05-01,Gonda APMC,2486.21
Uttar Pradesh,Wheat,2025,5,2025-05-01,Gopiganj APMC,2432.63
Uttar Pradesh,Wheat,2025,5,2025-05-01,Gorakhpur APMC,2456.42
Uttar Pradesh,Wheat,2025,5,2025-05-01,Gurusarai APMC,2536.71
Uttar Pradesh,Wheat,2025,5,2025-05-01,Haathras APMC,2487.51
Uttar Pradesh,Wheat,2025,5,2025-05-01,Hapur APMC,2460.4
Uttar Pradesh,Wheat,2025,5,2025-05-01,Hardoi APMC,2441.61
Uttar Pradesh,Wheat,2025,5,2025-05-01,Hargaon (Laharpur) APMC,2450.0
Uttar Pradesh,Wheat,2025,5,2025-05-01,Jafarganj APMC,2450.0
Uttar Pradesh,Wheat,2025,5,2025-05-01,Jagnair APMC,2449.78
Uttar Pradesh,Wheat,2025,5,2025-05-01,Jahanabad APMC,2497.03
Uttar Pradesh,Wheat,2025,5,2025-05-01,Jahangirabad APMC,2468.73
Uttar Pradesh,Wheat,2025,5,2025-05-01,Jalalabad APMC,2496.16
Uttar Pradesh,Wheat,2025,5,2025-05-01,Jalaun APMC,2435.74
Uttar Pradesh,Wheat,2025,5,2025-05-01,Jasra APMC,2485.0
Uttar Pradesh,Wheat,2025,5,2025-05-01,Jasvantnagar APMC,2469.59
Uttar Pradesh,Wheat,2025,5,2025-05-01,Jaunpur APMC,2454.93
Uttar Pradesh,Wheat,2025,5,2025-05-01,Jayas APMC,2463.79
Uttar Pradesh,Wheat,2025,5,2025-05-01,Jhansi APMC,
Uttar Pradesh,Wheat,2025,5,2025-05-01,Jhansi Grain APMC,2566.69
Uttar Pradesh,Wheat,2025,5,2025-05-01,Jhijhank APMC,2451.93
Uttar Pradesh,Wheat,2025,5,2025-05-01,Kadaura APMC,2447.71
Uttar Pradesh,Wheat,2025,5,2025-05-01,Kalpi APMC,
Uttar Pradesh,Wheat,2025,5,2025-05-01,Kamlaganj APMC,2464.35
Uttar Pradesh,Wheat,2025,5,2025-05-01,Kannauj APMC,2460.81
Uttar Pradesh,Wheat,2025,5,2025-05-01,Kanpur(Grain) APMC,2456.99
Uttar Pradesh,Wheat,2025,5,2025-05-01,Karvi APMC,2461.22
Uttar Pradesh,Wheat,2025,5,2025-05-01,Kasganj APMC,2469.59
Uttar Pradesh,Wheat,2025,5,2025-05-01,Kayamganj APMC,2463.48
Uttar Pradesh,Wheat,2025,5,2025-05-01,Khaga APMC,2470.44
Uttar Pradesh,Wheat,2025,5,2025-05-01,Khair APMC,2446.15
Uttar Pradesh,Wheat,2025,5,2025-05-01,Khairagarh APMC,2464.48
Uttar Pradesh,Wheat,2025,5,2025-05-01,Khalilabad APMC,2450.0
Uttar Pradesh,Wheat,2025,5,2025-05-01,Khatauli APMC,2600.0
Uttar Pradesh,Wheat,2025,5,2025-05-01,Khurja APMC,2465.28
Uttar Pradesh,Wheat,2025,5,2025-05-01,Kishunpur APMC,2452.26
Uttar Pradesh,Wheat,2025,5,2025-05-01,Konch APMC,2439.49
Uttar Pradesh,Wheat,2025,5,2025-05-01,Kopaganj APMC,2641.74
Uttar Pradesh,Wheat,2025,5,2025-05-01,Kosikalan APMC,2483.1
Uttar Pradesh,Wheat,2025,5,2025-05-01,Kurara APMC,2475.0
Uttar Pradesh,Wheat,2025,5,2025-05-01,Lakhimpur APMC,2370.02
Uttar Pradesh,Wheat,2025,5,2025-05-01,Lalganj APMC,2442.77
Uttar Pradesh,Wheat,2025,5,2025-05-01,Lalitpur APMC,2502.34
Uttar Pradesh,Wheat,2025,5,2025-05-01,Lediyari APMC,2450.0
Uttar Pradesh,Wheat,2025,5,2025-05-01,Lucknow APMC,2425.0
Uttar Pradesh,Wheat,2025,5,2025-05-01,Madhoganj APMC,2439.66
Uttar Pradesh,Wheat,2025,5,2025-05-01,Madhogarh APMC,2443.82
Uttar Pradesh,Wheat,2025,5,2025-05-01,Mahoba APMC,2467.04
Uttar Pradesh,Wheat,2025,5,2025-05-01,Maigalganj APMC,2426.35
Uttar Pradesh,Wheat,2025,5,2025-05-01,Mainpuri APMC,2442.31
Uttar Pradesh,Wheat,2025,5,2025-05-01,Manjhanpur APMC,2459.93
Uttar Pradesh,Wheat,2025,5,2025-05-01,Mathura APMC,2482.54
Uttar Pradesh,Wheat,2025,5,2025-05-01,Maudaha APMC,
Uttar Pradesh,Wheat,2025,5,2025-05-01,Mauranipur APMC,2549.37
Uttar Pradesh,Wheat,2025,5,2025-05-01,Mawana APMC,2437.0
Uttar Pradesh,Wheat,2025,5,2025-05-01,Meerut APMC,2470.37
Uttar Pradesh,Wheat,2025,5,2025-05-01,Mehmoodabad APMC,2425.0
Uttar Pradesh,Wheat,2025,5,2025-05-01,Mehrauni APMC,2500.0
Uttar Pradesh,Wheat,2025,5,2025-05-01,Milak APMC,2481.29
Uttar Pradesh,Wheat,2025,5,2025-05-01,Mirzapur APMC,2427.03
Uttar Pradesh,Wheat,2025,5,2025-05-01,Mohamadabad APMC,2467.49
Uttar Pradesh,Wheat,2025,5,2025-05-01,Mohammdi APMC,2302.5
Uttar Pradesh,Wheat,2025,5,2025-05-01,Moth APMC,2527.38
Uttar Pradesh,Wheat,2025,5,2025-05-01,Mugrabaadshahpur APMC,2459.46
Uttar Pradesh,Wheat,2025,5,2025-05-01,Muradabad APMC,2471.86
Uttar Pradesh,Wheat,2025,5,2025-05-01,Muradnagar APMC,2335.96
Uttar Pradesh,Wheat,2025,5,2025-05-01,Muskara APMC,2431.28
Uttar Pradesh,Wheat,2025,5,2025-05-01,Muzzafarnagar APMC,2454.45
Uttar Pradesh,Wheat,2025,5,2025-05-01,Naanpara APMC,2450.0
Uttar Pradesh,Wheat,2025,5,2025-05-01,Naugarh APMC,2459.91
Uttar Pradesh,Wheat,2025,5,2025-05-01,Nautnava APMC,2428.24
Uttar Pradesh,Wheat,2025,5,2025-05-01,Nawabganj APMC,2476.07
Uttar Pradesh,Wheat,2025,5,2025-05-01,Noida APMC,
Uttar Pradesh,Wheat,2025,5,2025-05-01,Orai APMC,2478.97
Uttar Pradesh,Wheat,2025,5,2025-05-01,Paliakala APMC,2432.6
Uttar Pradesh,Wheat,2025,5,2025-05-01,Panchpedwa APMC,2490.46
Uttar Pradesh,Wheat,2025,5,2025-05-01,Partaval APMC,2439.63
Uttar Pradesh,Wheat,2025,5,2025-05-01,Pilibhit APMC,2421.34
Uttar Pradesh,Wheat,2025,5,2025-05-01,Powayan APMC,2460.17
Uttar Pradesh,Wheat,2025,5,2025-05-01,Pratapgarh APMC,2457.05
Uttar Pradesh,Wheat,2025,5,2025-05-01,Prayagraj APMC,2455.07
Uttar Pradesh,Wheat,2025,5,2025-05-01,Pukharayan APMC,2419.48
Uttar Pradesh,Wheat,2025,5,2025-05-01,Puranpur APMC,2420.33
Uttar Pradesh,Wheat,2025,5,2025-05-01,Purwa APMC,2452.48
Uttar Pradesh,Wheat,2025,5,2025-05-01,Raath APMC,2445.56
Uttar Pradesh,Wheat,2025,5,2025-05-01,Raibareilly APMC,2431.19
Uttar Pradesh,Wheat,2025,5,2025-05-01,Rampur APMC,2471.65
Uttar Pradesh,Wheat,2025,5,2025-05-01,Rampurmaniharan APMC,2460.0
Uttar Pradesh,Wheat,2025,5,2025-05-01,Rasda APMC,2440.0
Uttar Pradesh,Wheat,2025,5,2025-05-01,Richha APMC,2452.5
Uttar Pradesh,Wheat,2025,5,2025-05-01,Robertsganj APMC,2426.1
Uttar Pradesh,Wheat,2025,5,2025-05-01,Rudauli APMC,2499.89
Uttar Pradesh,Wheat,2025,5,2025-05-01,Rura APMC,2478.82
Uttar Pradesh,Wheat,2025,5,2025-05-01,Safdarganj APMC,2398.19
Uttar Pradesh,Wheat,2025,5,2025-05-01,Saharanpur APMC,2446.04
Uttar Pradesh,Wheat,2025,5,2025-05-01,Sahiyapur APMC,2460.12
Uttar Pradesh,Wheat,2025,5,2025-05-01,Salon APMC,2465.08
Uttar Pradesh,Wheat,2025,5,2025-05-01,Samsabad APMC,2511.63
Uttar Pradesh,Wheat,2025,5,2025-05-01,Sandi APMC,2437.19
Uttar Pradesh,Wheat,2025,5,2025-05-01,Sandila APMC,2433.15
Uttar Pradesh,Wheat,2025,5,2025-05-01,Sehjanwa APMC,
Uttar Pradesh,Wheat,2025,5,2025-05-01,Shahabad APMC,2461.56
Uttar Pradesh,Wheat,2025,5,2025-05-01,Shahabad(New Mandi) APMC,2447.02
Uttar Pradesh,Wheat,2025,5,2025-05-01,Shahaswan APMC,
Uttar Pradesh,Wheat,2025,5,2025-05-01,Shahganj APMC,2469.25
Uttar Pradesh,Wheat,2025,5,2025-05-01,Shahjahanpur APMC,2461.8
Uttar Pradesh,Wheat,2025,5,2025-05-01,Shahpur APMC,2463.03
Uttar Pradesh,Wheat,2025,5,2025-05-01,Shamli APMC,2449.28
Uttar Pradesh,Wheat,2025,5,2025-05-01,Shikohabad APMC,
Uttar Pradesh,Wheat,2025,5,2025-05-01,Sikandraraau APMC,2449.59
Uttar Pradesh,Wheat,2025,5,2025-05-01,Sikarpur APMC,2471.52
Uttar Pradesh,Wheat,2025,5,2025-05-01,Sirsa APMC,2450.0
Uttar Pradesh,Wheat,2025,5,2025-05-01,Sitapur APMC,2426.1
Uttar Pradesh,Wheat,2025,5,2025-05-01,Siyana APMC,2475.92
Uttar Pradesh,Wheat,2025,5,2025-05-01,Sultanpur APMC,
Uttar Pradesh,Wheat,2025,5,2025-05-01,Tamkuhi road APMC,2438.61
Uttar Pradesh,Wheat,2025,5,2025-05-01,Thanabhawan APMC,2457.23
Uttar Pradesh,Wheat,2025,5,2025-05-01,Tikonia APMC,2440.0
Uttar Pradesh,Wheat,2025,5,2025-05-01,Tilhar APMC,2455.17
Uttar Pradesh,Wheat,2025,5,2025-05-01,Tulsipur APMC,2404.23
Uttar Pradesh,Wheat,2025,5,2025-05-01,Tundla APMC,2481.4
Uttar Pradesh,Wheat,2025,5,2025-05-01,Ujhani APMC,2433.36
Uttar Pradesh,Wheat,2025,5,2025-05-01,Unnao APMC,2451.89
Uttar Pradesh,Wheat,2025,5,2025-05-01,Uttaripura APMC,2478.92
Uttar Pradesh,Wheat,2025,5,2025-05-01,Varanasi APMC,2496.36
Uttar Pradesh,Wheat,2025,5,2025-05-01,Vilthararoad APMC,2557.69
Uttar Pradesh,Wheat,2025,5,2025-05-01,Viswan APMC,2425.2
Uttar Pradesh,Wheat,2025,5,2025-05-01,Wazirganj APMC,2437.7
Uttar Pradesh,Wheat,2025,5,2025-05-01,Yusufpur APMC,
Uttar Pradesh,Wheat,2025,5,2025-05-01,Note:,
Uttar Pradesh,Wheat,2025,5,2025-05-01,Weighted Average Price = ∑(arrival quantity * modal price) / ∑arrival quantity,
Uttar Pradesh,Wheat,2025,5,2025-05-01,Change (Over Previous Month) = [Price - Price(Over Previous Month)/Price(Over Previous Month)] * 100,
Uttar Pradesh,Wheat,2025,5,2025-05-01,Change (Over Previous Year) = [Price - Price(Over Previous Year)/Price(Over Previous Year)] * 100,
Uttar Pradesh,Wheat,2025,6,2025-06-01,Achalda APMC,2487.48
Uttar Pradesh,Wheat,2025,6,2025-06-01,Achnera APMC,2528.99
Uttar Pradesh,Wheat,2025,6,2025-06-01,Agra APMC,2524.9
Uttar Pradesh,Wheat,2025,6,2025-06-01,Ahirora APMC,2461.1
Uttar Pradesh,Wheat,2025,6,2025-06-01,Ait APMC,2437.24
Uttar Pradesh,Wheat,2025,6,2025-06-01,Ajuha APMC,2514.2
Uttar Pradesh,Wheat,2025,6,2025-06-01,Akbarpur APMC,2461.03
Uttar Pradesh,Wheat,2025,6,2025-06-01,Aliganj APMC,2472.88
Uttar Pradesh,Wheat,2025,6,2025-06-01,Aligarh APMC,2502.36
Uttar Pradesh,Wheat,2025,6,2025-06-01,Amroha APMC,2519.76
Uttar Pradesh,Wheat,2025,6,2025-06-01,Anandnagar APMC,2450.0
Uttar Pradesh,Wheat,2025,6,2025-06-01,Anoop Shahar APMC,2503.75
Uttar Pradesh,Wheat,2025,6,2025-06-01,Anwala APMC,
Uttar Pradesh,Wheat,2025,6,2025-06-01,Atarra APMC,2450.0
Uttar Pradesh,Wheat,2025,6,2025-06-01,Atrauli APMC,2467.45
Uttar Pradesh,Wheat,2025,6,2025-06-01,Auraiya APMC,2483.4
Uttar Pradesh,Wheat,2025,6,2025-06-01,Awagarh APMC,
Uttar Pradesh,Wheat,2025,6,2025-06-01,Ayodhya APMC,2446.92
Uttar Pradesh,Wheat,2025,6,2025-06-01,Azamgarh APMC,2482.44
Uttar Pradesh,Wheat,2025,6,2025-06-01,Baberu APMC,2457.77
Uttar Pradesh,Wheat,2025,6,2025-06-01,Babrala APMC,2479.78
Uttar Pradesh,Wheat,2025,6,2025-06-01,Bachranwa APMC,2465.45
Uttar Pradesh,Wheat,2025,6,2025-06-01,Badayoun APMC,2500.0
Uttar Pradesh,Wheat,2025,6,2025-06-01,Baheri APMC,2451.11
Uttar Pradesh,Wheat,2025,6,2025-06-01,Bahraich APMC,2502.26
Uttar Pradesh,Wheat,2025,6,2025-06-01,Ballia APMC,2478.32
Uttar Pradesh,Wheat,2025,6,2025-06-01,Balrampur APMC,2592.45
Uttar Pradesh,Wheat,2025,6,2025-06-01,Banda APMC,2458.08
Uttar Pradesh,Wheat,2025,6,2025-06-01,Bangarmau APMC,2468.61
Uttar Pradesh,Wheat,2025,6,2025-06-01,Banthara APMC,2581.36
Uttar Pradesh,Wheat,2025,6,2025-06-01,Barabanki APMC,2533.69
Uttar Pradesh,Wheat,2025,6,2025-06-01,Baraut APMC,2510.84
Uttar Pradesh,Wheat,2025,6,2025-06-01,Bareilly APMC,2482.04
Uttar Pradesh,Wheat,2025,6,2025-06-01,Baripaal APMC,2453.91
Uttar Pradesh,Wheat,2025,6,2025-06-01,Basti APMC,2482.47
Uttar Pradesh,Wheat,2025,6,2025-06-01,Bewar APMC,2446.65
Uttar Pradesh,Wheat,2025,6,2025-06-01,Bharthna APMC,2463.8
Uttar Pradesh,Wheat,2025,6,2025-06-01,Bharuasumerpur APMC,2497.22
Uttar Pradesh,Wheat,2025,6,2025-06-01,Bharwari APMC,2495.26
Uttar Pradesh,Wheat,2025,6,2025-06-01,Bhehjoi APMC,2505.0
Uttar Pradesh,Wheat,2025,6,2025-06-01,Bhinga APMC,2515.0
Uttar Pradesh,Wheat,2025,6,2025-06-01,Bijnaur APMC,2518.26
Uttar Pradesh,Wheat,2025,6,2025-06-01,Bilaspur APMC,
Uttar Pradesh,Wheat,2025,6,2025-06-01,Bilsi APMC,2460.31
Uttar Pradesh,Wheat,2025,6,2025-06-01,Bindki APMC,2503.43
Uttar Pradesh,Wheat,2025,6,2025-06-01,Bishalpur APMC,2492.78
Uttar Pradesh,Wheat,2025,6,2025-06-01,Bisoli APMC,2450.26
Uttar Pradesh,Wheat,2025,6,2025-06-01,Buland Shahr APMC,2506.07
Uttar Pradesh,Wheat,2025,6,2025-06-01,Chandausi APMC,2514.55
Uttar Pradesh,Wheat,2025,6,2025-06-01,Chandoli APMC,2494.37
Uttar Pradesh,Wheat,2025,6,2025-06-01,Charkhari APMC,2450.0
Uttar Pradesh,Wheat,2025,6,2025-06-01,Charra APMC,2502.49
Uttar Pradesh,Wheat,2025,6,2025-06-01,Chhibramau APMC,2478.78
Uttar Pradesh,Wheat,2025,6,2025-06-01,Chirgaon APMC,
Uttar Pradesh,Wheat,2025,6,2025-06-01,Chorichora APMC,2472.03
Uttar Pradesh,Wheat,2025,6,2025-06-01,Choubepur APMC,2489.84
Uttar Pradesh,Wheat,2025,6,2025-06-01,Colonelganj APMC,2457.09
Uttar Pradesh,Wheat,2025,6,2025-06-01,DADRI APMC,2511.11
Uttar Pradesh,Wheat,2025,6,2025-06-01,Dankaur APMC,2502.56
Uttar Pradesh,Wheat,2025,6,2025-06-01,Dataganj APMC,2515.0
Uttar Pradesh,Wheat,2025,6,2025-06-01,Deoband APMC,
Uttar Pradesh,Wheat,2025,6,2025-06-01,Devariya APMC,2463.38
Uttar Pradesh,Wheat,2025,6,2025-06-01,Dhanaura APMC,2501.98
Uttar Pradesh,Wheat,2025,6,2025-06-01,Dibiapur APMC,2467.25
Uttar Pradesh,Wheat,2025,6,2025-06-01,Divai APMC,
Uttar Pradesh,Wheat,2025,6,2025-06-01,Doharighat APMC,2425.0
Uttar Pradesh,Wheat,2025,6,2025-06-01,Dudhi APMC,2475.0
Uttar Pradesh,Wheat,2025,6,2025-06-01,Etah APMC,2497.63
Uttar Pradesh,Wheat,2025,6,2025-06-01,Etawah APMC,2492.63
Uttar Pradesh,Wheat,2025,6,2025-06-01,Farukhabad APMC,2482.05
Uttar Pradesh,Wheat,2025,6,2025-06-01,Fatehabad APMC,
Uttar Pradesh,Wheat,2025,6,2025-06-01,Fatehpur APMC,2509.32
Uttar Pradesh,Wheat,2025,6,2025-06-01,Fatehpur Sikri APMC,2517.5
Uttar Pradesh,Wheat,2025,6,2025-06-01,Firozabad APMC,2516.82
Uttar Pradesh,Wheat,2025,6,2025-06-01,Gadaura APMC,2457.13
Uttar Pradesh,Wheat,2025,6,2025-06-01,Gazipur APMC,2485.86
Uttar Pradesh,Wheat,2025,6,2025-06-01,Ghaziabad APMC,2458.62
Uttar Pradesh,Wheat,2025,6,2025-06-01,Ghiraur APMC,2485.06
Uttar Pradesh,Wheat,2025,6,2025-06-01,Golagokarnath APMC,2429.06
Uttar Pradesh,Wheat,2025,6,2025-06-01,Gonda APMC,2521.01
Uttar Pradesh,Wheat,2025,6,2025-06-01,Gopiganj APMC,2459.09
Uttar Pradesh,Wheat,2025,6,2025-06-01,Gorakhpur APMC,2478.25
Uttar Pradesh,Wheat,2025,6,2025-06-01,Gurusarai APMC,2548.99
Uttar Pradesh,Wheat,2025,6,2025-06-01,Haathras APMC,2523.33
Uttar Pradesh,Wheat,2025,6,2025-06-01,Hapur APMC,2534.4
Uttar Pradesh,Wheat,2025,6,2025-06-01,Hardoi APMC,2485.73
Uttar Pradesh,Wheat,2025,6,2025-06-01,Hargaon (Laharpur) APMC,2455.47
Uttar Pradesh,Wheat,2025,6,2025-06-01,Jafarganj APMC,2522.5
Uttar Pradesh,Wheat,2025,6,2025-06-01,Jagnair APMC,2459.77
Uttar Pradesh,Wheat,2025,6,2025-06-01,Jahanabad APMC,2425.17
Uttar Pradesh,Wheat,2025,6,2025-06-01,Jahangirabad APMC,2492.74
Uttar Pradesh,Wheat,2025,6,2025-06-01,Jalalabad APMC,2530.26
Uttar Pradesh,Wheat,2025,6,2025-06-01,Jalaun APMC,2420.73
Uttar Pradesh,Wheat,2025,6,2025-06-01,Jamanian APMC,2475.0
Uttar Pradesh,Wheat,2025,6,2025-06-01,Jangipura APMC,2450.0
Uttar Pradesh,Wheat,2025,6,2025-06-01,Jasra APMC,2500.0
Uttar Pradesh,Wheat,2025,6,2025-06-01,Jasvantnagar APMC,2452.31
Uttar Pradesh,Wheat,2025,6,2025-06-01,Jaunpur APMC,2509.07
Uttar Pradesh,Wheat,2025,6,2025-06-01,Jayas APMC,2510.11
Uttar Pradesh,Wheat,2025,6,2025-06-01,Jhansi Grain APMC,2565.47
Uttar Pradesh,Wheat,2025,6,2025-06-01,Jhijhank APMC,2456.07
Uttar Pradesh,Wheat,2025,6,2025-06-01,Kadaura APMC,2450.0
Uttar Pradesh,Wheat,2025,6,2025-06-01,Kalpi APMC,
Uttar Pradesh,Wheat,2025,6,2025-06-01,Kamlaganj APMC,2480.87
Uttar Pradesh,Wheat,2025,6,2025-06-01,Kannauj APMC,2482.41
Uttar Pradesh,Wheat,2025,6,2025-06-01,Kanpur(Grain) APMC,2468.87
Uttar Pradesh,Wheat,2025,6,2025-06-01,Karvi APMC,2472.81
Uttar Pradesh,Wheat,2025,6,2025-06-01,Kasganj APMC,2500.44
Uttar Pradesh,Wheat,2025,6,2025-06-01,Kayamganj APMC,2470.0
Uttar Pradesh,Wheat,2025,6,2025-06-01,Khaga APMC,2525.23
Uttar Pradesh,Wheat,2025,6,2025-06-01,Khair APMC,2499.71
Uttar Pradesh,Wheat,2025,6,2025-06-01,Khairagarh APMC,2498.63
Uttar Pradesh,Wheat,2025,6,2025-06-01,Khalilabad APMC,2510.0
Uttar Pradesh,Wheat,2025,6,2025-06-01,Khatauli APMC,2600.0
Uttar Pradesh,Wheat,2025,6,2025-06-01,Khurja APMC,2501.45
Uttar Pradesh,Wheat,2025,6,2025-06-01,Kishunpur APMC,2450.12
Uttar Pradesh,Wheat,2025,6,2025-06-01,Konch APMC,2397.85
Uttar Pradesh,Wheat,2025,6,2025-06-01,Kopaganj APMC,2500.0
Uttar Pradesh,Wheat,2025,6,2025-06-01,Kosikalan APMC,2497.79
Uttar Pradesh,Wheat,2025,6,2025-06-01,Kurara APMC,2475.0
Uttar Pradesh,Wheat,2025,6,2025-06-01,Lakhimpur APMC,2394.55
Uttar Pradesh,Wheat,2025,6,2025-06-01,Lalganj APMC,2472.49
Uttar Pradesh,Wheat,2025,6,2025-06-01,Lalitpur APMC,2439.17
Uttar Pradesh,Wheat,2025,6,2025-06-01,Lediyari APMC,2450.0
Uttar Pradesh,Wheat,2025,6,2025-06-01,Lucknow APMC,2468.49
Uttar Pradesh,Wheat,2025,6,2025-06-01,Madhoganj APMC,2472.23
Uttar Pradesh,Wheat,2025,6,2025-06-01,Madhogarh APMC,2436.81
Uttar Pradesh,Wheat,2025,6,2025-06-01,Mahoba APMC,2465.73
Uttar Pradesh,Wheat,2025,6,2025-06-01,Maigalganj APMC,2444.38
Uttar Pradesh,Wheat,2025,6,2025-06-01,Mainpuri APMC,2444.54
Uttar Pradesh,Wheat,2025,6,2025-06-01,Manjhanpur APMC,2517.47
Uttar Pradesh,Wheat,2025,6,2025-06-01,Mathura APMC,2494.19
Uttar Pradesh,Wheat,2025,6,2025-06-01,Maudaha APMC,2474.07
Uttar Pradesh,Wheat,2025,6,2025-06-01,Mauranipur APMC,2543.78
Uttar Pradesh,Wheat,2025,6,2025-06-01,Mawana APMC,2436.02
Uttar Pradesh,Wheat,2025,6,2025-06-01,Meerut APMC,2506.79
Uttar Pradesh,Wheat,2025,6,2025-06-01,Mehmoodabad APMC,2425.0
Uttar Pradesh,Wheat,2025,6,2025-06-01,Mehrauni APMC,2500.0
Uttar Pradesh,Wheat,2025,6,2025-06-01,Milak APMC,2522.09
Uttar Pradesh,Wheat,2025,6,2025-06-01,Mirzapur APMC,2462.83
Uttar Pradesh,Wheat,2025,6,2025-06-01,Mohamadabad APMC,2481.91
Uttar Pradesh,Wheat,2025,6,2025-06-01,Mohammdi APMC,2322.31
Uttar Pradesh,Wheat,2025,6,2025-06-01,Moth APMC,2526.27
Uttar Pradesh,Wheat,2025,6,2025-06-01,Mugrabaadshahpur APMC,2510.94
Uttar Pradesh,Wheat,2025,6,2025-06-01,Muradabad APMC,2517.33
Uttar Pradesh,Wheat,2025,6,2025-06-01,Muradnagar APMC,2470.49
Uttar Pradesh,Wheat,2025,6,2025-06-01,Muskara APMC,2459.36
Uttar Pradesh,Wheat,2025,6,2025-06-01,Muzzafarnagar APMC,2528.01
Uttar Pradesh,Wheat,2025,6,2025-06-01,Naanpara APMC,2443.48
Uttar Pradesh,Wheat,2025,6,2025-06-01,Naugarh APMC,2491.33
Uttar Pradesh,Wheat,2025,6,2025-06-01,Nautnava APMC,2500.0
Uttar Pradesh,Wheat,2025,6,2025-06-01,Nawabganj APMC,2512.27
Uttar Pradesh,Wheat,2025,6,2025-06-01,Orai APMC,2461.09
Uttar Pradesh,Wheat,2025,6,2025-06-01,Paliakala APMC,2461.46
Uttar Pradesh,Wheat,2025,6,2025-06-01,Panchpedwa APMC,2507.38
Uttar Pradesh,Wheat,2025,6,2025-06-01,Partaval APMC,2467.52
Uttar Pradesh,Wheat,2025,6,2025-06-01,Pilibhit APMC,2502.15
Uttar Pradesh,Wheat,2025,6,2025-06-01,Powayan APMC,2481.09
Uttar Pradesh,Wheat,2025,6,2025-06-01,Pratapgarh APMC,2527.73
Uttar Pradesh,Wheat,2025,6,2025-06-01,Prayagraj APMC,2531.11
Uttar Pradesh,Wheat,2025,6,2025-06-01,Pukharayan APMC,2464.08
Uttar Pradesh,Wheat,2025,6,2025-06-01,Puranpur APMC,2499.4
Uttar Pradesh,Wheat,2025,6,2025-06-01,Purwa APMC,2506.19
Uttar Pradesh,Wheat,2025,6,2025-06-01,Raath APMC,2431.08
Uttar Pradesh,Wheat,2025,6,2025-06-01,Raibareilly APMC,2450.99
Uttar Pradesh,Wheat,2025,6,2025-06-01,Rampur APMC,2521.78
Uttar Pradesh,Wheat,2025,6,2025-06-01,Rampurmaniharan APMC,
Uttar Pradesh,Wheat,2025,6,2025-06-01,Rasda APMC,2471.89
Uttar Pradesh,Wheat,2025,6,2025-06-01,Richha APMC,
Uttar Pradesh,Wheat,2025,6,2025-06-01,Robertsganj APMC,2457.43
Uttar Pradesh,Wheat,2025,6,2025-06-01,Rudauli APMC,2505.5
Uttar Pradesh,Wheat,2025,6,2025-06-01,Rura APMC,2475.83
Uttar Pradesh,Wheat,2025,6,2025-06-01,Safdarganj APMC,2519.16
Uttar Pradesh,Wheat,2025,6,2025-06-01,Saharanpur APMC,2536.74
Uttar Pradesh,Wheat,2025,6,2025-06-01,Sahiyapur APMC,2508.51
Uttar Pradesh,Wheat,2025,6,2025-06-01,Salon APMC,2486.95
Uttar Pradesh,Wheat,2025,6,2025-06-01,Samsabad APMC,2500.0
Uttar Pradesh,Wheat,2025,6,2025-06-01,Sandi APMC,2471.37
Uttar Pradesh,Wheat,2025,6,2025-06-01,Sandila APMC,2473.64
Uttar Pradesh,Wheat,2025,6,2025-06-01,Shahabad APMC,2494.08
Uttar Pradesh,Wheat,2025,6,2025-06-01,Shahabad(New Mandi) APMC,2470.59
Uttar Pradesh,Wheat,2025,6,2025-06-01,Shahaswan APMC,
Uttar Pradesh,Wheat,2025,6,2025-06-01,Shahganj APMC,2506.46
Uttar Pradesh,Wheat,2025,6,2025-06-01,Shahjahanpur APMC,2512.93
Uttar Pradesh,Wheat,2025,6,2025-06-01,Shahpur APMC,2462.58
Uttar Pradesh,Wheat,2025,6,2025-06-01,Shamli APMC,2539.08
Uttar Pradesh,Wheat,2025,6,2025-06-01,Shikohabad APMC,2500.0
Uttar Pradesh,Wheat,2025,6,2025-06-01,Sikandraraau APMC,2468.23
Uttar Pradesh,Wheat,2025,6,2025-06-01,Sikarpur APMC,2506.45
Uttar Pradesh,Wheat,2025,6,2025-06-01,Sirsa APMC,2479.53
Uttar Pradesh,Wheat,2025,6,2025-06-01,Sitapur APMC,2440.43
Uttar Pradesh,Wheat,2025,6,2025-06-01,Siyana APMC,2510.0
Uttar Pradesh,Wheat,2025,6,2025-06-01,Sultanpur APMC,
Uttar Pradesh,Wheat,2025,6,2025-06-01,Tamkuhi road APMC,2469.35
Uttar Pradesh,Wheat,2025,6,2025-06-01,Thanabhawan APMC,2528.37
Uttar Pradesh,Wheat,2025,6,2025-06-01,Tikonia APMC,
Uttar Pradesh,Wheat,2025,6,2025-06-01,Tilhar APMC,2528.05
Uttar Pradesh,Wheat,2025,6,2025-06-01,Tulsipur APMC,2495.48
Uttar Pradesh,Wheat,2025,6,2025-06-01,Tundla APMC,2501.66
Uttar Pradesh,Wheat,2025,6,2025-06-01,Ujhani APMC,2466.23
Uttar Pradesh,Wheat,2025,6,2025-06-01,Unnao APMC,2505.12
Uttar Pradesh,Wheat,2025,6,2025-06-01,Uttaripura APMC,2477.56
Uttar Pradesh,Wheat,2025,6,2025-06-01,Varanasi APMC,2558.68
Uttar Pradesh,Wheat,2025,6,2025-06-01,Vilthararoad APMC,2550.0
Uttar Pradesh,Wheat,2025,6,2025-06-01,Viswan APMC,2431.94
Uttar Pradesh,Wheat,2025,6,2025-06-01,Wazirganj APMC,2470.15
Uttar Pradesh,Wheat,2025,6,2025-06-01,Note:,
Uttar Pradesh,Wheat,2025,6,2025-06-01,Weighted Average Price = ∑(arrival quantity * modal price) / ∑arrival quantity,
Uttar Pradesh,Wheat,2025,6,2025-06-01,Change (Over Previous Month) = [Price - Price(Over Previous Month)/Price(Over Previous Month)] * 100,
Uttar Pradesh,Wheat,2025,6,2025-06-01,Change (Over Previous Year) = [Price - Price(Over Previous Year)/Price(Over Previous Year)] * 100,
