State,Commodity,Market,Arrival_Date,Arrivals_MT,Variety,Min_Price,Max_Price,Modal_Price,District
Uttar Pradesh,Wheat,Achalda APMC,2021-01-01,6.0,Dara,1590.0,1610.0,1600.0,Auraiya
Uttar Pradesh,Wheat,Achalda APMC,2021-01-02,5.0,Dara,1560.0,1600.0,1580.0,Auraiya
Uttar Pradesh,Wheat,Achalda APMC,2021-01-04,6.0,Dara,1560.0,1600.0,1580.0,Auraiya
Uttar Pradesh,Wheat,Achalda APMC,2021-01-05,5.0,Dara,1560.0,1600.0,1580.0,Auraiya
Uttar Pradesh,Wheat,Achalda APMC,2021-01-06,6.0,Dara,1600.0,1700.0,1680.0,Auraiya
Uttar Pradesh,Wheat,Achalda APMC,2021-01-08,6.0,Dara,1650.0,1670.0,1660.0,Auraiya
Uttar Pradesh,Wheat,Achalda APMC,2021-01-09,5.0,Dara,1670.0,1690.0,1680.0,Auraiya
Uttar Pradesh,Wheat,Achalda APMC,2021-01-11,6.0,Dara,1650.0,1690.0,1670.0,Auraiya
Uttar Pradesh,Wheat,Achalda APMC,2021-01-12,7.0,Dara,1690.0,1710.0,1700.0,Auraiya
Uttar Pradesh,Wheat,Achalda APMC,2021-01-13,40.0,Dara,1600.0,1720.0,1700.0,Auraiya
Uttar Pradesh,Wheat,Achalda APMC,2021-01-14,5.0,Dara,1670.0,1720.0,1700.0,Auraiya
Uttar Pradesh,Wheat,Achalda APMC,2021-01-15,6.0,Dara,1670.0,1710.0,1700.0,Auraiya
Uttar Pradesh,Wheat,Achalda APMC,2021-01-16,5.0,Dara,1670.0,1720.0,1700.0,Auraiya
Uttar Pradesh,Wheat,Achalda APMC,2021-01-18,6.0,Dara,1670.0,1720.0,1700.0,Auraiya
Uttar Pradesh,Wheat,Achalda APMC,2021-01-19,4.0,Dara,1690.0,1710.0,1700.0,Auraiya
Uttar Pradesh,Wheat,Achalda APMC,2021-01-20,5.0,Dara,1670.0,1720.0,1700.0,Auraiya
Uttar Pradesh,Wheat,Achalda APMC,2021-01-21,6.0,Dara,1690.0,1710.0,1700.0,Auraiya
Uttar Pradesh,Wheat,Achalda APMC,2021-01-22,5.0,Dara,1700.0,1730.0,1720.0,Auraiya
Uttar Pradesh,Wheat,Achalda APMC,2021-01-23,6.0,Dara,1700.0,1730.0,1720.0,Auraiya
Uttar Pradesh,Wheat,Achalda APMC,2021-01-27,5.0,Dara,1690.0,1710.0,1700.0,Auraiya
Uttar Pradesh,Wheat,Achalda APMC,2021-01-28,6.0,Dara,1670.0,1720.0,1700.0,Auraiya
Uttar Pradesh,Wheat,Achalda APMC,2021-01-29,5.0,Dara,1670.0,1700.0,1680.0,Auraiya
Uttar Pradesh,Wheat,Achalda APMC,2021-01-30,6.0,Dara,1650.0,1690.0,1680.0,Auraiya
Uttar Pradesh,Wheat,Achnera APMC,2021-01-01,10.0,Dara,1580.0,1640.0,1610.0,Agra
Uttar Pradesh,Wheat,Achnera APMC,2021-01-02,11.0,Dara,1570.0,1670.0,1620.0,Agra
Uttar Pradesh,Wheat,Achnera APMC,2021-01-03,12.0,Dara,1600.0,1660.0,1630.0,Agra
Uttar Pradesh,Wheat,Achnera APMC,2021-01-05,13.0,Dara,1590.0,1650.0,1620.0,Agra
Uttar Pradesh,Wheat,Achnera APMC,2021-01-06,14.0,Dara,1600.0,1660.0,1630.0,Agra
Uttar Pradesh,Wheat,Achnera APMC,2021-01-08,13.0,Dara,1590.0,1670.0,1625.0,Agra
Uttar Pradesh,Wheat,Achnera APMC,2021-01-09,11.0,Dara,1590.0,1670.0,1625.0,Agra
Uttar Pradesh,Wheat,Achnera APMC,2021-01-10,13.0,Dara,1600.0,1650.0,1625.0,Agra
Uttar Pradesh,Wheat,Achnera APMC,2021-01-11,102.0,Dara,1590.0,1670.0,1625.0,Agra
Uttar Pradesh,Wheat,Achnera APMC,2021-01-12,11.0,Dara,1610.0,1670.0,1640.0,Agra
Uttar Pradesh,Wheat,Achnera APMC,2021-01-13,12.0,Dara,1600.0,1660.0,1630.0,Agra
Uttar Pradesh,Wheat,Achnera APMC,2021-01-15,13.0,Dara,1620.0,1700.0,1660.0,Agra
Uttar Pradesh,Wheat,Achnera APMC,2021-01-16,12.0,Dara,1600.0,1680.0,1640.0,Agra
Uttar Pradesh,Wheat,Achnera APMC,2021-01-17,12.0,Dara,1600.0,1680.0,1640.0,Agra
Uttar Pradesh,Wheat,Achnera APMC,2021-01-18,12.0,Dara,1610.0,1690.0,1650.0,Agra
Uttar Pradesh,Wheat,Achnera APMC,2021-01-19,11.0,Dara,1600.0,1680.0,1640.0,Agra
Uttar Pradesh,Wheat,Achnera APMC,2021-01-20,11.0,Dara,1600.0,1650.0,1625.0,Agra
Uttar Pradesh,Wheat,Achnera APMC,2021-01-22,12.0,Dara,1670.0,1730.0,1700.0,Agra
Uttar Pradesh,Wheat,Achnera APMC,2021-01-23,10.0,Dara,1700.0,1780.0,1740.0,Agra
Uttar Pradesh,Wheat,Achnera APMC,2021-01-24,16.0,Dara,1740.0,1820.0,1780.0,Agra
Uttar Pradesh,Wheat,Achnera APMC,2021-01-25,29.0,Dara,1760.0,1840.0,1800.0,Agra
Uttar Pradesh,Wheat,Achnera APMC,2021-01-27,28.0,Dara,1800.0,1880.0,1840.0,Agra
Uttar Pradesh,Wheat,Achnera APMC,2021-01-29,32.0,Dara,1840.0,1940.0,1890.0,Agra
Uttar Pradesh,Wheat,Achnera APMC,2021-01-30,33.0,Dara,1820.0,1900.0,1870.0,Agra
Uttar Pradesh,Wheat,Achnera APMC,2021-01-31,35.0,Dara,1740.0,1820.0,1780.0,Agra
Uttar Pradesh,Wheat,Agra APMC,2021-01-01,545.0,Dara,1600.0,1650.0,1625.0,Agra
Uttar Pradesh,Wheat,Agra APMC,2021-01-02,544.0,Dara,1600.0,1640.0,1620.0,Agra
Uttar Pradesh,Wheat,Agra APMC,2021-01-04,528.0,Dara,1600.0,1650.0,1630.0,Agra
Uttar Pradesh,Wheat,Agra APMC,2021-01-05,5300.0,Dara,1610.0,1650.0,1635.0,Agra
Uttar Pradesh,Wheat,Agra APMC,2021-01-06,539.0,Dara,1610.0,1650.0,1630.0,Agra
Uttar Pradesh,Wheat,Agra APMC,2021-01-07,545.0,Dara,1600.0,1650.0,1625.0,Agra
Uttar Pradesh,Wheat,Agra APMC,2021-01-08,539.0,Dara,1600.0,1650.0,1630.0,Agra
Uttar Pradesh,Wheat,Agra APMC,2021-01-09,549.0,Dara,1600.0,1650.0,1625.0,Agra
Uttar Pradesh,Wheat,Agra APMC,2021-01-11,540.0,Dara,1620.0,1670.0,1650.0,Agra
Uttar Pradesh,Wheat,Agra APMC,2021-01-12,547.0,Dara,1630.0,1675.0,1655.0,Agra
Uttar Pradesh,Wheat,Agra APMC,2021-01-13,532.0,Dara,1630.0,1680.0,1660.0,Agra
Uttar Pradesh,Wheat,Agra APMC,2021-01-14,540.0,Dara,1650.0,1700.0,1670.0,Agra
Uttar Pradesh,Wheat,Agra APMC,2021-01-15,552.5,Dara,1650.0,1690.0,1665.0,Agra
Uttar Pradesh,Wheat,Agra APMC,2021-01-16,567.0,Dara,1640.0,1680.0,1660.0,Agra
Uttar Pradesh,Wheat,Agra APMC,2021-01-18,573.0,Dara,1620.0,1670.0,1650.0,Agra
Uttar Pradesh,Wheat,Agra APMC,2021-01-19,555.0,Dara,1680.0,1720.0,1700.0,Agra
Uttar Pradesh,Wheat,Agra APMC,2021-01-21,582.5,Dara,1700.0,1750.0,1730.0,Agra
Uttar Pradesh,Wheat,Agra APMC,2021-01-22,596.0,Dara,1700.0,1750.0,1725.0,Agra
Uttar Pradesh,Wheat,Agra APMC,2021-01-23,598.0,Dara,1700.0,1750.0,1730.0,Agra
Uttar Pradesh,Wheat,Agra APMC,2021-01-25,607.0,Dara,1700.0,1750.0,1725.0,Agra
Uttar Pradesh,Wheat,Agra APMC,2021-01-27,589.0,Dara,1720.0,1750.0,1735.0,Agra
Uttar Pradesh,Wheat,Agra APMC,2021-01-28,595.0,Dara,1710.0,1750.0,1730.0,Agra
Uttar Pradesh,Wheat,Agra APMC,2021-01-29,610.0,Dara,1710.0,1740.0,1725.0,Agra
Uttar Pradesh,Wheat,Agra APMC,2021-01-30,600.0,Dara,1710.0,1750.0,1730.0,Agra
Uttar Pradesh,Wheat,Ait APMC,2021-01-01,2.6,Dara,1570.0,1570.0,1570.0,Jalaun
Uttar Pradesh,Wheat,Ait APMC,2021-01-02,3.8,Dara,1570.0,1580.0,1575.0,Jalaun
Uttar Pradesh,Wheat,Ait APMC,2021-01-03,2.2,Dara,1580.0,1580.0,1580.0,Jalaun
Uttar Pradesh,Wheat,Ait APMC,2021-01-04,3.6,Dara,1570.0,1570.0,1570.0,Jalaun
Uttar Pradesh,Wheat,Ait APMC,2021-01-05,1.7,Dara,1580.0,1590.0,1585.0,Jalaun
Uttar Pradesh,Wheat,Ait APMC,2021-01-06,4.5,Dara,1620.0,1640.0,1630.0,Jalaun
Uttar Pradesh,Wheat,Ait APMC,2021-01-07,4.6,Dara,1690.0,1700.0,1695.0,Jalaun
Uttar Pradesh,Wheat,Ait APMC,2021-01-08,6.1,Dara,1680.0,1690.0,1685.0,Jalaun
Uttar Pradesh,Wheat,Ait APMC,2021-01-09,2.2,Dara,1670.0,1670.0,1670.0,Jalaun
Uttar Pradesh,Wheat,Ait APMC,2021-01-11,5.6,Dara,1660.0,1680.0,1670.0,Jalaun
Uttar Pradesh,Wheat,Ait APMC,2021-01-12,1.2,Dara,1680.0,1680.0,1680.0,Jalaun
Uttar Pradesh,Wheat,Ait APMC,2021-01-13,9.0,Dara,1700.0,1700.0,1700.0,Jalaun
Uttar Pradesh,Wheat,Ait APMC,2021-01-14,1.9,Dara,1670.0,1680.0,1675.0,Jalaun
Uttar Pradesh,Wheat,Ait APMC,2021-01-15,4.3,Dara,1680.0,1690.0,1685.0,Jalaun
Uttar Pradesh,Wheat,Ait APMC,2021-01-16,3.0,Dara,1670.0,1690.0,1680.0,Jalaun
Uttar Pradesh,Wheat,Ait APMC,2021-01-17,2.3,Dara,1690.0,1700.0,1695.0,Jalaun
Uttar Pradesh,Wheat,Ait APMC,2021-01-18,3.4,Dara,1700.0,1700.0,1700.0,Jalaun
Uttar Pradesh,Wheat,Ait APMC,2021-01-19,23.0,Dara,1670.0,1690.0,1680.0,Jalaun
Uttar Pradesh,Wheat,Ait APMC,2021-01-20,5.0,Dara,1680.0,1690.0,1685.0,Jalaun
Uttar Pradesh,Wheat,Ait APMC,2021-01-22,3.4,Dara,1720.0,1730.0,1725.0,Jalaun
Uttar Pradesh,Wheat,Ait APMC,2021-01-23,3.4,Dara,1700.0,1720.0,1710.0,Jalaun
Uttar Pradesh,Wheat,Ait APMC,2021-01-24,8.0,Dara,1710.0,1720.0,1715.0,Jalaun
Uttar Pradesh,Wheat,Ait APMC,2021-01-25,56.0,Dara,1680.0,1690.0,1685.0,Jalaun
Uttar Pradesh,Wheat,Ait APMC,2021-01-27,52.7,Dara,1680.0,1690.0,1685.0,Jalaun
Uttar Pradesh,Wheat,Ait APMC,2021-01-28,20.0,Dara,1690.0,1700.0,1695.0,Jalaun
Uttar Pradesh,Wheat,Ait APMC,2021-01-29,35.1,Dara,1680.0,1700.0,1690.0,Jalaun
Uttar Pradesh,Wheat,Ait APMC,2021-01-30,11.0,Dara,1670.0,1680.0,1675.0,Jalaun
Uttar Pradesh,Wheat,Ait APMC,2021-01-31,25.0,Dara,1680.0,1690.0,1685.0,Jalaun
Uttar Pradesh,Wheat,Ajuha APMC,2021-01-01,8.0,Dara,1650.0,1850.0,1700.0,Prayagraj
Uttar Pradesh,Wheat,Ajuha APMC,2021-01-02,11.0,Dara,1650.0,1850.0,1700.0,Prayagraj
Uttar Pradesh,Wheat,Ajuha APMC,2021-01-04,5.0,Dara,1650.0,1850.0,1700.0,Prayagraj
Uttar Pradesh,Wheat,Ajuha APMC,2021-01-05,12.0,Dara,1620.0,1800.0,1660.0,Prayagraj
Uttar Pradesh,Wheat,Ajuha APMC,2021-01-06,12.0,Dara,1650.0,1850.0,1680.0,Prayagraj
Uttar Pradesh,Wheat,Ajuha APMC,2021-01-07,8.0,Dara,1600.0,1800.0,1660.0,Prayagraj
Uttar Pradesh,Wheat,Ajuha APMC,2021-01-08,15.0,Dara,1650.0,1850.0,1680.0,Prayagraj
Uttar Pradesh,Wheat,Ajuha APMC,2021-01-09,11.0,Dara,1630.0,1700.0,1650.0,Prayagraj
Uttar Pradesh,Wheat,Ajuha APMC,2021-01-10,11.0,Dara,1600.0,1800.0,1650.0,Prayagraj
Uttar Pradesh,Wheat,Ajuha APMC,2021-01-11,12.0,Dara,1600.0,1850.0,1630.0,Prayagraj
Uttar Pradesh,Wheat,Ajuha APMC,2021-01-12,13.0,Dara,1630.0,1800.0,1670.0,Prayagraj
Uttar Pradesh,Wheat,Ajuha APMC,2021-01-13,9.0,Dara,1650.0,1850.0,1680.0,Prayagraj
Uttar Pradesh,Wheat,Ajuha APMC,2021-01-14,12.0,Dara,1625.0,1850.0,1650.0,Prayagraj
Uttar Pradesh,Wheat,Ajuha APMC,2021-01-15,11.0,Dara,1600.0,1850.0,1650.0,Prayagraj
Uttar Pradesh,Wheat,Ajuha APMC,2021-01-16,12.0,Dara,1630.0,1850.0,1650.0,Prayagraj
Uttar Pradesh,Wheat,Ajuha APMC,2021-01-18,15.0,Dara,1650.0,1850.0,1700.0,Prayagraj
Uttar Pradesh,Wheat,Ajuha APMC,2021-01-20,5.0,Dara,1650.0,1850.0,1700.0,Prayagraj
Uttar Pradesh,Wheat,Ajuha APMC,2021-01-21,12.0,Dara,1650.0,1850.0,1700.0,Prayagraj
Uttar Pradesh,Wheat,Ajuha APMC,2021-01-22,8.0,Dara,1650.0,1850.0,1700.0,Prayagraj
Uttar Pradesh,Wheat,Ajuha APMC,2021-01-23,11.0,Dara,1650.0,1800.0,1680.0,Prayagraj
Uttar Pradesh,Wheat,Ajuha APMC,2021-01-25,12.0,Dara,1650.0,1850.0,1700.0,Prayagraj
Uttar Pradesh,Wheat,Ajuha APMC,2021-01-27,12.5,Dara,1650.0,1800.0,1685.0,Prayagraj
Uttar Pradesh,Wheat,Ajuha APMC,2021-01-28,14.0,Dara,1630.0,1850.0,1660.0,Prayagraj
Uttar Pradesh,Wheat,Ajuha APMC,2021-01-29,8.0,Dara,1640.0,1850.0,1660.0,Prayagraj
Uttar Pradesh,Wheat,Ajuha APMC,2021-01-30,9.0,Dara,1640.0,1850.0,1665.0,Prayagraj
Uttar Pradesh,Wheat,Aliganj APMC,2021-01-06,5.0,Dara,1525.0,1550.0,1545.0,Etah
Uttar Pradesh,Wheat,Aliganj APMC,2021-01-07,5.0,Dara,1520.0,1550.0,1535.0,Etah
Uttar Pradesh,Wheat,Aliganj APMC,2021-01-10,2.0,Dara,1600.0,1640.0,1620.0,Etah
Uttar Pradesh,Wheat,Aliganj APMC,2021-01-11,2.0,Dara,1620.0,1680.0,1650.0,Etah
Uttar Pradesh,Wheat,Aliganj APMC,2021-01-12,1.0,Dara,1620.0,1680.0,1650.0,Etah
Uttar Pradesh,Wheat,Aliganj APMC,2021-01-13,2.0,Dara,1620.0,1680.0,1650.0,Etah
Uttar Pradesh,Wheat,Aliganj APMC,2021-01-14,3.0,Dara,1620.0,1660.0,1640.0,Etah
Uttar Pradesh,Wheat,Aliganj APMC,2021-01-15,2.0,Dara,1680.0,1700.0,1690.0,Etah
Uttar Pradesh,Wheat,Aliganj APMC,2021-01-17,3.0,Dara,1620.0,1660.0,1640.0,Etah
Uttar Pradesh,Wheat,Aliganj APMC,2021-01-18,2.0,Dara,1620.0,1660.0,1640.0,Etah
Uttar Pradesh,Wheat,Aliganj APMC,2021-01-19,1.0,Dara,1630.0,1660.0,1640.0,Etah
Uttar Pradesh,Wheat,Aliganj APMC,2021-01-20,2.0,Dara,1630.0,1660.0,1640.0,Etah
Uttar Pradesh,Wheat,Aliganj APMC,2021-01-21,1.0,Dara,1650.0,1680.0,1660.0,Etah
Uttar Pradesh,Wheat,Aliganj APMC,2021-01-22,2.0,Dara,1650.0,1660.0,1652.0,Etah
Uttar Pradesh,Wheat,Aliganj APMC,2021-01-24,2.0,Dara,1680.0,1700.0,1690.0,Etah
Uttar Pradesh,Wheat,Aliganj APMC,2021-01-25,5.0,Dara,1680.0,1700.0,1690.0,Etah
Uttar Pradesh,Wheat,Aliganj APMC,2021-01-27,3.0,Dara,1680.0,1685.0,1685.0,Etah
Uttar Pradesh,Wheat,Aliganj APMC,2021-01-28,4.0,Dara,1680.0,1700.0,1690.0,Etah
Uttar Pradesh,Wheat,Aliganj APMC,2021-01-30,3.0,Dara,1680.0,1700.0,1690.0,Etah
Uttar Pradesh,Wheat,Aliganj APMC,2021-01-31,2.0,Dara,1680.0,1700.0,1690.0,Etah
Uttar Pradesh,Wheat,Aligarh APMC,2021-01-01,300.0,Dara,1620.0,1660.0,1640.0,Aligarh
Uttar Pradesh,Wheat,Aligarh APMC,2021-01-02,280.0,Dara,1630.0,1670.0,1650.0,Aligarh
Uttar Pradesh,Wheat,Aligarh APMC,2021-01-04,260.0,Dara,1620.0,1640.0,1640.0,Aligarh
Uttar Pradesh,Wheat,Aligarh APMC,2021-01-05,210.0,Dara,1620.0,1660.0,1640.0,Aligarh
Uttar Pradesh,Wheat,Aligarh APMC,2021-01-06,200.0,Dara,1680.0,1720.0,1700.0,Aligarh
Uttar Pradesh,Wheat,Aligarh APMC,2021-01-07,150.0,Dara,1730.0,1770.0,1750.0,Aligarh
Uttar Pradesh,Wheat,Aligarh APMC,2021-01-08,220.0,Dara,1720.0,1740.0,1730.0,Aligarh
Uttar Pradesh,Wheat,Aligarh APMC,2021-01-09,250.0,Dara,1700.0,1740.0,1720.0,Aligarh
Uttar Pradesh,Wheat,Aligarh APMC,2021-01-11,240.0,Dara,1710.0,1750.0,1730.0,Aligarh
Uttar Pradesh,Wheat,Aligarh APMC,2021-01-12,250.0,Dara,1700.0,1740.0,1720.0,Aligarh
Uttar Pradesh,Wheat,Aligarh APMC,2021-01-13,220.0,Dara,1740.0,1780.0,1760.0,Aligarh
Uttar Pradesh,Wheat,Aligarh APMC,2021-01-14,260.0,Dara,1740.0,1780.0,1760.0,Aligarh
Uttar Pradesh,Wheat,Aligarh APMC,2021-01-15,210.0,Dara,1760.0,1780.0,1770.0,Aligarh
Uttar Pradesh,Wheat,Aligarh APMC,2021-01-16,200.0,Dara,1780.0,1800.0,1790.0,Aligarh
Uttar Pradesh,Wheat,Aligarh APMC,2021-01-18,240.0,Dara,1760.0,1800.0,1780.0,Aligarh
Uttar Pradesh,Wheat,Aligarh APMC,2021-01-19,250.0,Dara,1770.0,1810.0,1790.0,Aligarh
Uttar Pradesh,Wheat,Aligarh APMC,2021-01-20,220.0,Dara,1780.0,1820.0,1800.0,Aligarh
Uttar Pradesh,Wheat,Aligarh APMC,2021-01-21,200.0,Dara,1780.0,1800.0,1790.0,Aligarh
Uttar Pradesh,Wheat,Aligarh APMC,2021-01-22,240.0,Dara,1810.0,1830.0,1820.0,Aligarh
Uttar Pradesh,Wheat,Aligarh APMC,2021-01-23,220.0,Dara,1800.0,1820.0,1810.0,Aligarh
Uttar Pradesh,Wheat,Aligarh APMC,2021-01-25,250.0,Dara,1800.0,1840.0,1820.0,Aligarh
Uttar Pradesh,Wheat,Aligarh APMC,2021-01-26,240.0,Dara,1820.0,1840.0,1830.0,Aligarh
Uttar Pradesh,Wheat,Aligarh APMC,2021-01-27,220.0,Dara,1800.0,1840.0,1820.0,Aligarh
Uttar Pradesh,Wheat,Aligarh APMC,2021-01-28,250.0,Dara,1780.0,1820.0,1800.0,Aligarh
Uttar Pradesh,Wheat,Aligarh APMC,2021-01-29,240.0,Dara,1780.0,1820.0,1800.0,Aligarh
Uttar Pradesh,Wheat,Aligarh APMC,2021-01-30,260.0,Dara,1760.0,1800.0,1780.0,Aligarh
Uttar Pradesh,Wheat,Amroha APMC,2021-01-02,12.0,Dara,1690.0,1720.0,1705.0,Amroha
Uttar Pradesh,Wheat,Amroha APMC,2021-01-06,10.0,Dara,1700.0,1730.0,1715.0,Amroha
Uttar Pradesh,Wheat,Amroha APMC,2021-01-07,11.0,Dara,1700.0,1720.0,1710.0,Amroha
Uttar Pradesh,Wheat,Amroha APMC,2021-01-08,10.5,Dara,1690.0,1710.0,1700.0,Amroha
Uttar Pradesh,Wheat,Amroha APMC,2021-01-09,12.0,Dara,1700.0,1720.0,1710.0,Amroha
Uttar Pradesh,Wheat,Amroha APMC,2021-01-10,11.0,Dara,1690.0,1720.0,1705.0,Amroha
Uttar Pradesh,Wheat,Amroha APMC,2021-01-11,10.0,Dara,1690.0,1720.0,1700.0,Amroha
Uttar Pradesh,Wheat,Amroha APMC,2021-01-13,12.0,Dara,1710.0,1730.0,1720.0,Amroha
Uttar Pradesh,Wheat,Amroha APMC,2021-01-16,12.0,Dara,1700.0,1720.0,1710.0,Amroha
Uttar Pradesh,Wheat,Amroha APMC,2021-01-22,12.5,Dara,1700.0,1730.0,1715.0,Amroha
Uttar Pradesh,Wheat,Amroha APMC,2021-01-23,10.0,Dara,1700.0,1720.0,1710.0,Amroha
Uttar Pradesh,Wheat,Amroha APMC,2021-01-24,13.5,Dara,1700.0,1730.0,1720.0,Amroha
Uttar Pradesh,Wheat,Amroha APMC,2021-01-25,14.0,Dara,1710.0,1740.0,1725.0,Amroha
Uttar Pradesh,Wheat,Amroha APMC,2021-01-26,14.0,Dara,1700.0,1740.0,1720.0,Amroha
Uttar Pradesh,Wheat,Amroha APMC,2021-01-27,12.5,Dara,1710.0,1750.0,1730.0,Amroha
Uttar Pradesh,Wheat,Amroha APMC,2021-01-28,14.0,Dara,1700.0,1740.0,1720.0,Amroha
Uttar Pradesh,Wheat,Amroha APMC,2021-01-29,11.0,Dara,1710.0,1750.0,1730.0,Amroha
Uttar Pradesh,Wheat,Amroha APMC,2021-01-30,10.5,Dara,1715.0,1740.0,1730.0,Amroha
Uttar Pradesh,Wheat,Amroha APMC,2021-01-31,13.0,Dara,1710.0,1745.0,1730.0,Amroha
Uttar Pradesh,Wheat,Anandnagar APMC,2021-01-01,1.3,Dara,1645.0,1810.0,1730.0,Mahrajganj
Uttar Pradesh,Wheat,Anandnagar APMC,2021-01-02,1.5,Dara,1650.0,1810.0,1725.0,Mahrajganj
Uttar Pradesh,Wheat,Anandnagar APMC,2021-01-04,1.6,Dara,1650.0,1785.0,1710.0,Mahrajganj
Uttar Pradesh,Wheat,Anandnagar APMC,2021-01-05,1.3,Dara,1655.0,1800.0,1715.0,Mahrajganj
Uttar Pradesh,Wheat,Anandnagar APMC,2021-01-06,1.2,Dara,1650.0,1810.0,1720.0,Mahrajganj
Uttar Pradesh,Wheat,Anandnagar APMC,2021-01-07,1.4,Dara,1645.0,1815.0,1725.0,Mahrajganj
Uttar Pradesh,Wheat,Anandnagar APMC,2021-01-08,1.5,Dara,1640.0,1800.0,1715.0,Mahrajganj
Uttar Pradesh,Wheat,Anandnagar APMC,2021-01-09,1.2,Dara,1645.0,1810.0,1720.0,Mahrajganj
Uttar Pradesh,Wheat,Anandnagar APMC,2021-01-11,1.4,Dara,1655.0,1820.0,1730.0,Mahrajganj
Uttar Pradesh,Wheat,Anandnagar APMC,2021-01-12,1.3,Dara,1640.0,1825.0,1720.0,Mahrajganj
Uttar Pradesh,Wheat,Anandnagar APMC,2021-01-13,1.5,Dara,1635.0,1800.0,1710.0,Mahrajganj
Uttar Pradesh,Wheat,Anandnagar APMC,2021-01-14,1.2,Dara,1650.0,1810.0,1725.0,Mahrajganj
Uttar Pradesh,Wheat,Anandnagar APMC,2021-01-15,1.4,Dara,1640.0,1800.0,1720.0,Mahrajganj
Uttar Pradesh,Wheat,Anandnagar APMC,2021-01-16,1.3,Dara,1650.0,1820.0,1725.0,Mahrajganj
Uttar Pradesh,Wheat,Anandnagar APMC,2021-01-18,1.2,Dara,1630.0,1810.0,1715.0,Mahrajganj
Uttar Pradesh,Wheat,Anandnagar APMC,2021-01-19,1.3,Dara,1640.0,1815.0,1720.0,Mahrajganj
Uttar Pradesh,Wheat,Anandnagar APMC,2021-01-20,1.0,Dara,1650.0,1820.0,1725.0,Mahrajganj
Uttar Pradesh,Wheat,Anandnagar APMC,2021-01-21,1.2,Dara,1635.0,1810.0,1720.0,Mahrajganj
Uttar Pradesh,Wheat,Anandnagar APMC,2021-01-22,1.3,Dara,1650.0,1810.0,1725.0,Mahrajganj
Uttar Pradesh,Wheat,Anandnagar APMC,2021-01-23,1.1,Dara,1640.0,1815.0,1720.0,Mahrajganj
Uttar Pradesh,Wheat,Anandnagar APMC,2021-01-25,1.4,Dara,1655.0,1815.0,1730.0,Mahrajganj
Uttar Pradesh,Wheat,Anandnagar APMC,2021-01-27,1.3,Dara,1660.0,1820.0,1735.0,Mahrajganj
Uttar Pradesh,Wheat,Anandnagar APMC,2021-01-28,1.1,Dara,1650.0,1810.0,1725.0,Mahrajganj
Uttar Pradesh,Wheat,Anandnagar APMC,2021-01-29,1.2,Dara,1655.0,1815.0,1730.0,Mahrajganj
Uttar Pradesh,Wheat,Anandnagar APMC,2021-01-30,1.0,Dara,1660.0,1820.0,1735.0,Mahrajganj
Uttar Pradesh,Wheat,Atarra APMC,2021-01-02,10.0,Dara,1480.0,1580.0,1530.0,Banda
Uttar Pradesh,Wheat,Atarra APMC,2021-01-03,12.0,Dara,1480.0,1580.0,1530.0,Banda
Uttar Pradesh,Wheat,Atarra APMC,2021-01-04,11.0,Dara,1450.0,1550.0,1500.0,Banda
Uttar Pradesh,Wheat,Atarra APMC,2021-01-05,9.0,Dara,1450.0,1550.0,1500.0,Banda
Uttar Pradesh,Wheat,Atarra APMC,2021-01-06,12.0,Dara,1475.0,1575.0,1525.0,Banda
Uttar Pradesh,Wheat,Atarra APMC,2021-01-07,10.0,Dara,1500.0,1550.0,1525.0,Banda
Uttar Pradesh,Wheat,Atarra APMC,2021-01-09,12.5,Dara,1510.0,1610.0,1560.0,Banda
Uttar Pradesh,Wheat,Atarra APMC,2021-01-10,11.0,Dara,1500.0,1600.0,1550.0,Banda
Uttar Pradesh,Wheat,Atarra APMC,2021-01-11,15.0,Dara,1500.0,1600.0,1550.0,Banda
Uttar Pradesh,Wheat,Atarra APMC,2021-01-12,9.0,Dara,1530.0,1630.0,1580.0,Banda
Uttar Pradesh,Wheat,Atarra APMC,2021-01-13,10.0,Dara,1530.0,1630.0,1580.0,Banda
Uttar Pradesh,Wheat,Atarra APMC,2021-01-14,12.0,Dara,1525.0,1600.0,1575.0,Banda
Uttar Pradesh,Wheat,Atarra APMC,2021-01-16,8.0,Dara,1530.0,1620.0,1575.0,Banda
Uttar Pradesh,Wheat,Atarra APMC,2021-01-17,10.0,Dara,1510.0,1610.0,1560.0,Banda
Uttar Pradesh,Wheat,Atarra APMC,2021-01-18,9.0,Dara,1580.0,1670.0,1625.0,Banda
Uttar Pradesh,Wheat,Atarra APMC,2021-01-19,12.0,Dara,1580.0,1670.0,1625.0,Banda
Uttar Pradesh,Wheat,Atarra APMC,2021-01-20,10.0,Dara,1550.0,1650.0,1600.0,Banda
Uttar Pradesh,Wheat,Atarra APMC,2021-01-21,12.5,Dara,1550.0,1650.0,1600.0,Banda
Uttar Pradesh,Wheat,Atarra APMC,2021-01-23,15.0,Dara,1500.0,1600.0,1550.0,Banda
Uttar Pradesh,Wheat,Atarra APMC,2021-01-24,10.0,Dara,1550.0,1650.0,1600.0,Banda
Uttar Pradesh,Wheat,Atarra APMC,2021-01-25,12.0,Dara,1550.0,1650.0,1600.0,Banda
Uttar Pradesh,Wheat,Atarra APMC,2021-01-27,20.0,Dara,1600.0,1700.0,1650.0,Banda
Uttar Pradesh,Wheat,Atarra APMC,2021-01-28,18.0,Dara,1600.0,1700.0,1650.0,Banda
Uttar Pradesh,Wheat,Atarra APMC,2021-01-31,10.0,Dara,1610.0,1710.0,1660.0,Banda
Uttar Pradesh,Wheat,Atrauli APMC,2021-01-01,5.6,Dara,1600.0,1660.0,1650.0,Aligarh
Uttar Pradesh,Wheat,Atrauli APMC,2021-01-02,5.0,Dara,1630.0,1660.0,1650.0,Aligarh
Uttar Pradesh,Wheat,Atrauli APMC,2021-01-03,4.5,Dara,1600.0,1660.0,1650.0,Aligarh
Uttar Pradesh,Wheat,Atrauli APMC,2021-01-04,0.8,Dara,1600.0,1670.0,1650.0,Aligarh
Uttar Pradesh,Wheat,Atrauli APMC,2021-01-05,1.2,Dara,1600.0,1665.0,1650.0,Aligarh
Uttar Pradesh,Wheat,Atrauli APMC,2021-01-06,2.0,Dara,1640.0,1710.0,1690.0,Aligarh
Uttar Pradesh,Wheat,Atrauli APMC,2021-01-08,3.0,Dara,1700.0,1760.0,1740.0,Aligarh
Uttar Pradesh,Wheat,Atrauli APMC,2021-01-09,3.5,Dara,1700.0,1750.0,1735.0,Aligarh
Uttar Pradesh,Wheat,Atrauli APMC,2021-01-10,3.0,Dara,1700.0,1755.0,1740.0,Aligarh
Uttar Pradesh,Wheat,Atrauli APMC,2021-01-11,4.0,Dara,1690.0,1750.0,1735.0,Aligarh
Uttar Pradesh,Wheat,Atrauli APMC,2021-01-12,3.5,Dara,1690.0,1745.0,1730.0,Aligarh
Uttar Pradesh,Wheat,Atrauli APMC,2021-01-13,3.0,Dara,1720.0,1780.0,1760.0,Aligarh
Uttar Pradesh,Wheat,Atrauli APMC,2021-01-15,3.5,Dara,1730.0,1785.0,1770.0,Aligarh
Uttar Pradesh,Wheat,Atrauli APMC,2021-01-16,3.2,Dara,1750.0,1800.0,1790.0,Aligarh
Uttar Pradesh,Wheat,Atrauli APMC,2021-01-17,3.0,Dara,1735.0,1800.0,1785.0,Aligarh
Uttar Pradesh,Wheat,Atrauli APMC,2021-01-18,3.3,Dara,1760.0,1820.0,1800.0,Aligarh
Uttar Pradesh,Wheat,Atrauli APMC,2021-01-19,3.0,Dara,1760.0,1820.0,1800.0,Aligarh
Uttar Pradesh,Wheat,Atrauli APMC,2021-01-20,2.8,Dara,1750.0,1810.0,1795.0,Aligarh
Uttar Pradesh,Wheat,Atrauli APMC,2021-01-22,3.0,Dara,1760.0,1830.0,1800.0,Aligarh
Uttar Pradesh,Wheat,Atrauli APMC,2021-01-23,3.5,Dara,1760.0,1820.0,1792.0,Aligarh
Uttar Pradesh,Wheat,Atrauli APMC,2021-01-24,3.0,Dara,1770.0,1830.0,1810.0,Aligarh
Uttar Pradesh,Wheat,Atrauli APMC,2021-01-25,3.5,Dara,1775.0,1840.0,1815.0,Aligarh
Uttar Pradesh,Wheat,Atrauli APMC,2021-01-27,3.8,Dara,1785.0,1840.0,1820.0,Aligarh
Uttar Pradesh,Wheat,Atrauli APMC,2021-01-29,3.5,Dara,1770.0,1840.0,1810.0,Aligarh
Uttar Pradesh,Wheat,Atrauli APMC,2021-01-30,3.5,Dara,1730.0,1800.0,1780.0,Aligarh
Uttar Pradesh,Wheat,Atrauli APMC,2021-01-31,3.0,Dara,1760.0,1820.0,1790.0,Aligarh
Uttar Pradesh,Wheat,Auraiya APMC,2021-01-01,17.0,Dara,1540.0,1640.0,1580.0,Auraiya
Uttar Pradesh,Wheat,Auraiya APMC,2021-01-02,22.0,Dara,1540.0,1630.0,1580.0,Auraiya
Uttar Pradesh,Wheat,Auraiya APMC,2021-01-04,20.0,Dara,1540.0,1640.0,1585.0,Auraiya
Uttar Pradesh,Wheat,Auraiya APMC,2021-01-05,18.0,Dara,1600.0,1750.0,1680.0,Auraiya
Uttar Pradesh,Wheat,Auraiya APMC,2021-01-06,55.0,Dara,1600.0,1750.0,1680.0,Auraiya
Uttar Pradesh,Wheat,Auraiya APMC,2021-01-07,70.0,Dara,1600.0,1740.0,1675.0,Auraiya
Uttar Pradesh,Wheat,Auraiya APMC,2021-01-08,50.0,Dara,1600.0,1740.0,1675.0,Auraiya
Uttar Pradesh,Wheat,Auraiya APMC,2021-01-09,40.0,Dara,1620.0,1750.0,1700.0,Auraiya
Uttar Pradesh,Wheat,Auraiya APMC,2021-01-11,50.0,Dara,1620.0,1750.0,1700.0,Auraiya
Uttar Pradesh,Wheat,Auraiya APMC,2021-01-12,70.0,Dara,1640.0,1750.0,1690.0,Auraiya
Uttar Pradesh,Wheat,Auraiya APMC,2021-01-13,60.0,Dara,1600.0,1780.0,1700.0,Auraiya
Uttar Pradesh,Wheat,Auraiya APMC,2021-01-14,40.0,Dara,1620.0,1750.0,1700.0,Auraiya
Uttar Pradesh,Wheat,Auraiya APMC,2021-01-15,37.0,Dara,1640.0,1780.0,1710.0,Auraiya
Uttar Pradesh,Wheat,Auraiya APMC,2021-01-16,50.0,Dara,1640.0,1760.0,1710.0,Auraiya
Uttar Pradesh,Wheat,Auraiya APMC,2021-01-18,55.0,Dara,1620.0,1760.0,1700.0,Auraiya
Uttar Pradesh,Wheat,Auraiya APMC,2021-01-19,30.0,Dara,1630.0,1760.0,1710.0,Auraiya
Uttar Pradesh,Wheat,Auraiya APMC,2021-01-20,120.0,Dara,1650.0,1770.0,1710.0,Auraiya
Uttar Pradesh,Wheat,Auraiya APMC,2021-01-21,100.0,Dara,1650.0,1770.0,1720.0,Auraiya
Uttar Pradesh,Wheat,Auraiya APMC,2021-01-22,40.0,Dara,1650.0,1770.0,1720.0,Auraiya
Uttar Pradesh,Wheat,Auraiya APMC,2021-01-23,30.0,Dara,1650.0,1750.0,1710.0,Auraiya
Uttar Pradesh,Wheat,Auraiya APMC,2021-01-25,25.0,Dara,1630.0,1760.0,1720.0,Auraiya
Uttar Pradesh,Wheat,Auraiya APMC,2021-01-27,50.0,Dara,1640.0,1750.0,1700.0,Auraiya
Uttar Pradesh,Wheat,Auraiya APMC,2021-01-29,50.0,Dara,1650.0,1750.0,1700.0,Auraiya
Uttar Pradesh,Wheat,Ayodhya APMC,2021-01-01,22.0,Dara,1735.0,1750.0,1750.0,Ayodhya
Uttar Pradesh,Wheat,Ayodhya APMC,2021-01-02,19.0,Dara,1735.0,1770.0,1750.0,Ayodhya
Uttar Pradesh,Wheat,Ayodhya APMC,2021-01-03,18.0,Dara,1710.0,1750.0,1730.0,Ayodhya
Uttar Pradesh,Wheat,Ayodhya APMC,2021-01-04,20.0,Dara,1700.0,1740.0,1720.0,Ayodhya
Uttar Pradesh,Wheat,Ayodhya APMC,2021-01-05,22.0,Dara,1700.0,1740.0,1720.0,Ayodhya
Uttar Pradesh,Wheat,Ayodhya APMC,2021-01-06,25.0,Dara,1680.0,1715.0,1700.0,Ayodhya
Uttar Pradesh,Wheat,Ayodhya APMC,2021-01-08,18.0,Dara,1680.0,1815.0,1700.0,Ayodhya
Uttar Pradesh,Wheat,Ayodhya APMC,2021-01-09,16.0,Dara,1680.0,1715.0,1700.0,Ayodhya
Uttar Pradesh,Wheat,Ayodhya APMC,2021-01-10,18.0,Dara,1680.0,1715.0,1700.0,Ayodhya
Uttar Pradesh,Wheat,Ayodhya APMC,2021-01-11,15.0,Dara,1680.0,1720.0,1700.0,Ayodhya
Uttar Pradesh,Wheat,Ayodhya APMC,2021-01-12,17.0,Dara,1670.0,1720.0,1700.0,Ayodhya
Uttar Pradesh,Wheat,Ayodhya APMC,2021-01-13,20.0,Dara,1660.0,1700.0,1680.0,Ayodhya
Uttar Pradesh,Wheat,Ayodhya APMC,2021-01-15,16.0,Dara,1660.0,1700.0,1680.0,Ayodhya
Uttar Pradesh,Wheat,Ayodhya APMC,2021-01-16,15.0,Dara,1665.0,1700.0,1680.0,Ayodhya
Uttar Pradesh,Wheat,Ayodhya APMC,2021-01-17,15.0,Dara,1650.0,1695.0,1670.0,Ayodhya
Uttar Pradesh,Wheat,Ayodhya APMC,2021-01-18,16.0,Dara,1650.0,1695.0,1670.0,Ayodhya
Uttar Pradesh,Wheat,Ayodhya APMC,2021-01-19,15.0,Dara,1660.0,1700.0,1680.0,Ayodhya
Uttar Pradesh,Wheat,Ayodhya APMC,2021-01-20,13.5,Dara,1660.0,1700.0,1680.0,Ayodhya
Uttar Pradesh,Wheat,Ayodhya APMC,2021-01-22,16.0,Dara,1680.0,1720.0,1700.0,Ayodhya
Uttar Pradesh,Wheat,Ayodhya APMC,2021-01-23,15.0,Dara,1680.0,1720.0,1700.0,Ayodhya
Uttar Pradesh,Wheat,Ayodhya APMC,2021-01-24,16.0,Dara,1680.0,1720.0,1700.0,Ayodhya
Uttar Pradesh,Wheat,Ayodhya APMC,2021-01-25,15.0,Dara,1680.0,1720.0,1700.0,Ayodhya
Uttar Pradesh,Wheat,Ayodhya APMC,2021-01-27,15.5,Dara,1660.0,1710.0,1685.0,Ayodhya
Uttar Pradesh,Wheat,Ayodhya APMC,2021-01-29,14.0,Dara,1670.0,1715.0,1690.0,Ayodhya
Uttar Pradesh,Wheat,Ayodhya APMC,2021-01-31,10.5,Dara,1680.0,1715.0,1700.0,Ayodhya
Uttar Pradesh,Wheat,Azamgarh APMC,2021-01-02,47.5,Dara,1700.0,1800.0,1740.0,Azamgarh
Uttar Pradesh,Wheat,Azamgarh APMC,2021-01-04,52.5,Dara,1685.0,1785.0,1735.0,Azamgarh
Uttar Pradesh,Wheat,Azamgarh APMC,2021-01-05,40.0,Dara,1700.0,1765.0,1735.0,Azamgarh
Uttar Pradesh,Wheat,Azamgarh APMC,2021-01-07,38.5,Dara,1700.0,1800.0,1745.0,Azamgarh
Uttar Pradesh,Wheat,Azamgarh APMC,2021-01-08,50.0,Dara,1700.0,1800.0,1740.0,Azamgarh
Uttar Pradesh,Wheat,Azamgarh APMC,2021-01-09,40.0,Dara,1700.0,1800.0,1740.0,Azamgarh
Uttar Pradesh,Wheat,Azamgarh APMC,2021-01-11,60.0,Dara,1700.0,1800.0,1740.0,Azamgarh
Uttar Pradesh,Wheat,Azamgarh APMC,2021-01-12,55.0,Dara,1700.0,1785.0,1745.0,Azamgarh
Uttar Pradesh,Wheat,Azamgarh APMC,2021-01-13,65.0,Dara,1700.0,1800.0,1745.0,Azamgarh
Uttar Pradesh,Wheat,Azamgarh APMC,2021-01-15,60.0,Dara,1700.0,1800.0,1740.0,Azamgarh
Uttar Pradesh,Wheat,Azamgarh APMC,2021-01-16,58.0,Dara,1700.0,1800.0,1740.0,Azamgarh
Uttar Pradesh,Wheat,Azamgarh APMC,2021-01-18,55.0,Dara,1700.0,1800.0,1745.0,Azamgarh
Uttar Pradesh,Wheat,Azamgarh APMC,2021-01-19,62.5,Dara,1700.0,1800.0,1745.0,Azamgarh
Uttar Pradesh,Wheat,Azamgarh APMC,2021-01-20,61.5,Dara,1700.0,1785.0,1740.0,Azamgarh
Uttar Pradesh,Wheat,Azamgarh APMC,2021-01-21,6.0,Dara,1700.0,1785.0,1740.0,Azamgarh
Uttar Pradesh,Wheat,Azamgarh APMC,2021-01-22,61.0,Dara,1700.0,1765.0,1735.0,Azamgarh
Uttar Pradesh,Wheat,Azamgarh APMC,2021-01-23,70.0,Dara,1700.0,1765.0,1735.0,Azamgarh
Uttar Pradesh,Wheat,Azamgarh APMC,2021-01-25,50.0,Dara,1685.0,1785.0,1735.0,Azamgarh
Uttar Pradesh,Wheat,Azamgarh APMC,2021-01-27,45.0,Dara,1700.0,1765.0,1730.0,Azamgarh
Uttar Pradesh,Wheat,Azamgarh APMC,2021-01-28,48.5,Dara,1700.0,1760.0,1730.0,Azamgarh
Uttar Pradesh,Wheat,Azamgarh APMC,2021-01-29,40.0,Dara,1700.0,1800.0,1740.0,Azamgarh
Uttar Pradesh,Wheat,Azamgarh APMC,2021-01-30,35.0,Dara,1700.0,1775.0,1740.0,Azamgarh
Uttar Pradesh,Wheat,Baberu APMC,2021-01-01,7.5,Dara,1440.0,1565.0,1500.0,Banda
Uttar Pradesh,Wheat,Baberu APMC,2021-01-02,8.0,Dara,1450.0,1580.0,1520.0,Banda
Uttar Pradesh,Wheat,Baberu APMC,2021-01-05,7.0,Dara,1440.0,1565.0,1500.0,Banda
Uttar Pradesh,Wheat,Baberu APMC,2021-01-08,7.0,Dara,1460.0,1580.0,1520.0,Banda
Uttar Pradesh,Wheat,Baberu APMC,2021-01-11,8.0,Dara,1500.0,1625.0,1560.0,Banda
Uttar Pradesh,Wheat,Baberu APMC,2021-01-12,7.5,Dara,1510.0,1640.0,1575.0,Banda
Uttar Pradesh,Wheat,Baberu APMC,2021-01-14,7.5,Dara,1510.0,1630.0,1570.0,Banda
Uttar Pradesh,Wheat,Baberu APMC,2021-01-16,7.5,Dara,1525.0,1650.0,1590.0,Banda
Uttar Pradesh,Wheat,Baberu APMC,2021-01-18,7.0,Dara,1540.0,1660.0,1600.0,Banda
Uttar Pradesh,Wheat,Baberu APMC,2021-01-19,8.0,Dara,1550.0,1675.0,1615.0,Banda
Uttar Pradesh,Wheat,Baberu APMC,2021-01-21,8.0,Dara,1540.0,1665.0,1600.0,Banda
Uttar Pradesh,Wheat,Baberu APMC,2021-01-22,7.0,Dara,1550.0,1675.0,1615.0,Banda
Uttar Pradesh,Wheat,Baberu APMC,2021-01-23,7.5,Dara,1540.0,1660.0,1600.0,Banda
Uttar Pradesh,Wheat,Baberu APMC,2021-01-25,8.0,Dara,1560.0,1690.0,1630.0,Banda
Uttar Pradesh,Wheat,Baberu APMC,2021-01-28,7.0,Dara,1580.0,1715.0,1650.0,Banda
Uttar Pradesh,Wheat,Baberu APMC,2021-01-29,8.5,Dara,1580.0,1720.0,1650.0,Banda
Uttar Pradesh,Wheat,Baberu APMC,2021-01-30,7.5,Dara,1570.0,1700.0,1630.0,Banda
Uttar Pradesh,Wheat,Babrala APMC,2021-01-01,40.0,Dara,1800.0,1865.0,1840.0,Budaun
Uttar Pradesh,Wheat,Babrala APMC,2021-01-02,30.0,Dara,1800.0,1865.0,1850.0,Budaun
Uttar Pradesh,Wheat,Babrala APMC,2021-01-03,55.0,Dara,1800.0,1885.0,1850.0,Budaun
Uttar Pradesh,Wheat,Babrala APMC,2021-01-04,45.0,Dara,1800.0,1865.0,1850.0,Budaun
Uttar Pradesh,Wheat,Babrala APMC,2021-01-05,30.0,Dara,1800.0,1890.0,1840.0,Budaun
Uttar Pradesh,Wheat,Babrala APMC,2021-01-06,40.0,Dara,1820.0,1885.0,1860.0,Budaun
Uttar Pradesh,Wheat,Babrala APMC,2021-01-07,25.0,Dara,1820.0,1890.0,1860.0,Budaun
Uttar Pradesh,Wheat,Babrala APMC,2021-01-08,25.0,Dara,1800.0,1900.0,1850.0,Budaun
Uttar Pradesh,Wheat,Babrala APMC,2021-01-09,32.0,Dara,1800.0,1950.0,1850.0,Budaun
Uttar Pradesh,Wheat,Babrala APMC,2021-01-10,44.0,Dara,1800.0,1870.0,1835.0,Budaun
Uttar Pradesh,Wheat,Babrala APMC,2021-01-11,25.0,Dara,1800.0,1900.0,1850.0,Budaun
Uttar Pradesh,Wheat,Babrala APMC,2021-01-12,42.0,Dara,1800.0,1900.0,1850.0,Budaun
Uttar Pradesh,Wheat,Babrala APMC,2021-01-13,32.0,Dara,1800.0,1950.0,1850.0,Budaun
Uttar Pradesh,Wheat,Babrala APMC,2021-01-14,29.0,Dara,1800.0,1900.0,1850.0,Budaun
Uttar Pradesh,Wheat,Babrala APMC,2021-01-15,35.0,Dara,1850.0,1950.0,1900.0,Budaun
Uttar Pradesh,Wheat,Babrala APMC,2021-01-16,10.0,Dara,1600.0,1800.0,1650.0,Budaun
Uttar Pradesh,Wheat,Babrala APMC,2021-01-17,10.0,Other,1700.0,1800.0,1750.0,Budaun
Uttar Pradesh,Wheat,Babrala APMC,2021-01-18,22.0,Dara,1650.0,1800.0,1700.0,Budaun
Uttar Pradesh,Wheat,Babrala APMC,2021-01-19,15.0,Dara,1650.0,1900.0,1800.0,Budaun
Uttar Pradesh,Wheat,Babrala APMC,2021-01-20,20.0,Dara,1650.0,1870.0,1760.0,Budaun
Uttar Pradesh,Wheat,Babrala APMC,2021-01-21,10.0,Dara,1650.0,1770.0,1700.0,Budaun
Uttar Pradesh,Wheat,Babrala APMC,2021-01-22,20.0,Dara,1600.0,1800.0,1750.0,Budaun
Uttar Pradesh,Wheat,Babrala APMC,2021-01-23,22.0,Dara,1550.0,1770.0,1600.0,Budaun
Uttar Pradesh,Wheat,Babrala APMC,2021-01-24,32.0,Dara,1650.0,1800.0,1750.0,Budaun
Uttar Pradesh,Wheat,Babrala APMC,2021-01-25,22.0,Dara,1600.0,1800.0,1700.0,Budaun
Uttar Pradesh,Wheat,Babrala APMC,2021-01-26,25.0,Dara,1600.0,1840.0,1700.0,Budaun
Uttar Pradesh,Wheat,Babrala APMC,2021-01-27,30.0,Dara,1650.0,1800.0,1700.0,Budaun
Uttar Pradesh,Wheat,Babrala APMC,2021-01-28,22.0,Dara,1500.0,1765.0,1650.0,Budaun
Uttar Pradesh,Wheat,Babrala APMC,2021-01-29,23.0,Dara,1590.0,1770.0,1650.0,Budaun
Uttar Pradesh,Wheat,Babrala APMC,2021-01-30,20.0,Dara,1550.0,1770.0,1650.0,Budaun
Uttar Pradesh,Wheat,Babrala APMC,2021-01-31,32.0,Dara,1650.0,1785.0,1700.0,Budaun
Uttar Pradesh,Wheat,Badayoun APMC,2021-01-01,5.0,Dara,1680.0,1750.0,1710.0,Budaun
Uttar Pradesh,Wheat,Badayoun APMC,2021-01-02,11.0,Dara,1670.0,1750.0,1700.0,Budaun
Uttar Pradesh,Wheat,Badayoun APMC,2021-01-04,8.0,Dara,1670.0,1750.0,1710.0,Budaun
Uttar Pradesh,Wheat,Badayoun APMC,2021-01-05,9.0,Dara,1650.0,1750.0,1700.0,Budaun
Uttar Pradesh,Wheat,Badayoun APMC,2021-01-06,4.2,Dara,1700.0,1800.0,1725.0,Budaun
Uttar Pradesh,Wheat,Badayoun APMC,2021-01-07,5.0,Dara,1690.0,1800.0,1720.0,Budaun
Uttar Pradesh,Wheat,Badayoun APMC,2021-01-08,6.0,Dara,1680.0,1780.0,1710.0,Budaun
Uttar Pradesh,Wheat,Badayoun APMC,2021-01-09,5.0,Dara,1680.0,1770.0,1710.0,Budaun
Uttar Pradesh,Wheat,Badayoun APMC,2021-01-11,7.0,Dara,1670.0,1750.0,1700.0,Budaun
Uttar Pradesh,Wheat,Badayoun APMC,2021-01-12,16.0,Dara,1670.0,1760.0,1710.0,Budaun
Uttar Pradesh,Wheat,Badayoun APMC,2021-01-13,12.0,Dara,1680.0,1770.0,1720.0,Budaun
Uttar Pradesh,Wheat,Badayoun APMC,2021-01-14,8.0,Dara,1700.0,1800.0,1725.0,Budaun
Uttar Pradesh,Wheat,Badayoun APMC,2021-01-15,9.5,Dara,1680.0,1770.0,1720.0,Budaun
Uttar Pradesh,Wheat,Badayoun APMC,2021-01-16,8.0,Dara,1680.0,1780.0,1725.0,Budaun
Uttar Pradesh,Wheat,Badayoun APMC,2021-01-18,9.5,Dara,1680.0,1780.0,1720.0,Budaun
Uttar Pradesh,Wheat,Badayoun APMC,2021-01-19,8.0,Dara,1700.0,1780.0,1725.0,Budaun
Uttar Pradesh,Wheat,Badayoun APMC,2021-01-20,14.0,Dara,1690.0,1770.0,1715.0,Budaun
Uttar Pradesh,Wheat,Badayoun APMC,2021-01-21,5.0,Dara,1700.0,1780.0,1730.0,Budaun
Uttar Pradesh,Wheat,Badayoun APMC,2021-01-22,8.0,Dara,1700.0,1780.0,1725.0,Budaun
Uttar Pradesh,Wheat,Badayoun APMC,2021-01-23,6.0,Dara,1700.0,1780.0,1730.0,Budaun
Uttar Pradesh,Wheat,Badayoun APMC,2021-01-25,9.0,Dara,1690.0,1770.0,1720.0,Budaun
Uttar Pradesh,Wheat,Badayoun APMC,2021-01-27,7.0,Dara,1690.0,1770.0,1730.0,Budaun
Uttar Pradesh,Wheat,Badayoun APMC,2021-01-28,9.0,Dara,1690.0,1770.0,1720.0,Budaun
Uttar Pradesh,Wheat,Badayoun APMC,2021-01-29,8.0,Dara,1690.0,1770.0,1725.0,Budaun
Uttar Pradesh,Wheat,Badayoun APMC,2021-01-30,9.0,Dara,1690.0,1770.0,1720.0,Budaun
Uttar Pradesh,Wheat,Bahraich APMC,2021-01-01,23.2,Dara,1700.0,1810.0,1740.0,Bahraich
Uttar Pradesh,Wheat,Bahraich APMC,2021-01-02,24.6,Dara,1700.0,1820.0,1750.0,Bahraich
Uttar Pradesh,Wheat,Bahraich APMC,2021-01-04,12.4,Dara,1660.0,1810.0,1720.0,Bahraich
Uttar Pradesh,Wheat,Bahraich APMC,2021-01-05,8.8,Dara,1660.0,1840.0,1720.0,Bahraich
Uttar Pradesh,Wheat,Bahraich APMC,2021-01-06,7.8,Dara,1700.0,1840.0,1720.0,Bahraich
Uttar Pradesh,Wheat,Bahraich APMC,2021-01-07,8.2,Dara,1690.0,1840.0,1730.0,Bahraich
Uttar Pradesh,Wheat,Bahraich APMC,2021-01-08,9.2,Dara,1700.0,1840.0,1730.0,Bahraich
Uttar Pradesh,Wheat,Bahraich APMC,2021-01-09,7.8,Dara,1660.0,1840.0,1730.0,Bahraich
Uttar Pradesh,Wheat,Bahraich APMC,2021-01-11,8.2,Dara,1660.0,1840.0,1720.0,Bahraich
Uttar Pradesh,Wheat,Bahraich APMC,2021-01-12,7.8,Dara,1670.0,1840.0,1730.0,Bahraich
Uttar Pradesh,Wheat,Bahraich APMC,2021-01-13,13.5,Dara,1670.0,1840.0,1720.0,Bahraich
Uttar Pradesh,Wheat,Bahraich APMC,2021-01-14,14.8,Dara,1670.0,1840.0,1720.0,Bahraich
Uttar Pradesh,Wheat,Bahraich APMC,2021-01-15,12.0,Dara,1670.0,1840.0,1720.0,Bahraich
Uttar Pradesh,Wheat,Bahraich APMC,2021-01-16,14.0,Dara,1700.0,1840.0,1730.0,Bahraich
Uttar Pradesh,Wheat,Bahraich APMC,2021-01-18,6.4,Dara,1670.0,1840.0,1720.0,Bahraich
Uttar Pradesh,Wheat,Bahraich APMC,2021-01-19,7.0,Dara,1660.0,1840.0,1720.0,Bahraich
Uttar Pradesh,Wheat,Bahraich APMC,2021-01-20,6.0,Dara,1690.0,1840.0,1720.0,Bahraich
Uttar Pradesh,Wheat,Bahraich APMC,2021-01-21,5.0,Dara,1680.0,1840.0,1720.0,Bahraich
Uttar Pradesh,Wheat,Bahraich APMC,2021-01-22,34.0,Dara,1680.0,1800.0,1710.0,Bahraich
Uttar Pradesh,Wheat,Bahraich APMC,2021-01-23,28.0,Dara,1680.0,1780.0,1710.0,Bahraich
Uttar Pradesh,Wheat,Bahraich APMC,2021-01-25,8.5,Dara,1650.0,1840.0,1710.0,Bahraich
Uttar Pradesh,Wheat,Bahraich APMC,2021-01-26,8.6,Dara,1660.0,1840.0,1720.0,Bahraich
Uttar Pradesh,Wheat,Bahraich APMC,2021-01-27,7.6,Dara,1660.0,1840.0,1720.0,Bahraich
Uttar Pradesh,Wheat,Bahraich APMC,2021-01-28,7.5,Dara,1680.0,1840.0,1720.0,Bahraich
Uttar Pradesh,Wheat,Bahraich APMC,2021-01-29,8.2,Dara,1670.0,1840.0,1740.0,Bahraich
Uttar Pradesh,Wheat,Bahraich APMC,2021-01-30,7.2,Dara,1700.0,1840.0,1740.0,Bahraich
Uttar Pradesh,Wheat,Ballia APMC,2021-01-01,70.0,Dara,1690.0,1820.0,1750.0,Ballia
Uttar Pradesh,Wheat,Ballia APMC,2021-01-02,60.0,Dara,1700.0,1830.0,1760.0,Ballia
Uttar Pradesh,Wheat,Ballia APMC,2021-01-04,50.0,Dara,1690.0,1820.0,1750.0,Ballia
Uttar Pradesh,Wheat,Ballia APMC,2021-01-05,60.0,Dara,1700.0,1830.0,1760.0,Ballia
Uttar Pradesh,Wheat,Ballia APMC,2021-01-06,50.0,Dara,1710.0,1840.0,1770.0,Ballia
Uttar Pradesh,Wheat,Ballia APMC,2021-01-07,60.0,Dara,1680.0,1810.0,1740.0,Ballia
Uttar Pradesh,Wheat,Ballia APMC,2021-01-08,50.0,Dara,1670.0,1790.0,1730.0,Ballia
Uttar Pradesh,Wheat,Ballia APMC,2021-01-09,40.0,Dara,1660.0,1780.0,1720.0,Ballia
Uttar Pradesh,Wheat,Ballia APMC,2021-01-11,35.0,Dara,1680.0,1810.0,1740.0,Ballia
Uttar Pradesh,Wheat,Ballia APMC,2021-01-12,30.0,Dara,1700.0,1800.0,1750.0,Ballia
Uttar Pradesh,Wheat,Ballia APMC,2021-01-13,25.0,Dara,1700.0,1820.0,1760.0,Ballia
Uttar Pradesh,Wheat,Ballia APMC,2021-01-14,20.0,Dara,1710.0,1850.0,1770.0,Ballia
Uttar Pradesh,Wheat,Ballia APMC,2021-01-15,20.0,Dara,1730.0,1840.0,1780.0,Ballia
Uttar Pradesh,Wheat,Ballia APMC,2021-01-16,25.0,Dara,1690.0,1820.0,1750.0,Ballia
Uttar Pradesh,Wheat,Ballia APMC,2021-01-18,28.0,Dara,1700.0,1830.0,1760.0,Ballia
Uttar Pradesh,Wheat,Ballia APMC,2021-01-19,26.0,Dara,1700.0,1850.0,1770.0,Ballia
Uttar Pradesh,Wheat,Ballia APMC,2021-01-20,25.0,Dara,1710.0,1840.0,1770.0,Ballia
Uttar Pradesh,Wheat,Ballia APMC,2021-01-21,30.0,Dara,1715.0,1850.0,1775.0,Ballia
Uttar Pradesh,Wheat,Ballia APMC,2021-01-22,26.0,Dara,1720.0,1850.0,1770.0,Ballia
Uttar Pradesh,Wheat,Ballia APMC,2021-01-23,20.0,Dara,1720.0,1850.0,1780.0,Ballia
Uttar Pradesh,Wheat,Ballia APMC,2021-01-25,30.0,Dara,1725.0,1825.0,1775.0,Ballia
Uttar Pradesh,Wheat,Ballia APMC,2021-01-26,27.5,Dara,1720.0,1820.0,1770.0,Ballia
Uttar Pradesh,Wheat,Ballia APMC,2021-01-27,30.0,Dara,1700.0,1830.0,1760.0,Ballia
Uttar Pradesh,Wheat,Ballia APMC,2021-01-28,40.0,Dara,1720.0,1820.0,1770.0,Ballia
Uttar Pradesh,Wheat,Balrampur APMC,2021-01-02,12.0,Dara,1680.0,1750.0,1700.0,Balrampur
Uttar Pradesh,Wheat,Balrampur APMC,2021-01-04,14.0,Dara,1650.0,1725.0,1700.0,Balrampur
Uttar Pradesh,Wheat,Balrampur APMC,2021-01-05,16.0,Dara,1650.0,1725.0,1700.0,Balrampur
Uttar Pradesh,Wheat,Balrampur APMC,2021-01-06,13.0,Dara,1650.0,1740.0,1700.0,Balrampur
Uttar Pradesh,Wheat,Balrampur APMC,2021-01-07,16.0,Dara,1650.0,1740.0,1700.0,Balrampur
Uttar Pradesh,Wheat,Balrampur APMC,2021-01-08,20.0,Dara,1650.0,1720.0,1700.0,Balrampur
Uttar Pradesh,Wheat,Balrampur APMC,2021-01-09,17.0,Dara,1650.0,1725.0,1700.0,Balrampur
Uttar Pradesh,Wheat,Balrampur APMC,2021-01-11,19.0,Dara,1650.0,1720.0,1700.0,Balrampur
Uttar Pradesh,Wheat,Balrampur APMC,2021-01-12,15.0,Dara,1600.0,1720.0,1700.0,Balrampur
Uttar Pradesh,Wheat,Balrampur APMC,2021-01-13,12.0,Dara,1650.0,1720.0,1700.0,Balrampur
Uttar Pradesh,Wheat,Balrampur APMC,2021-01-14,19.0,Dara,1650.0,1730.0,1700.0,Balrampur
Uttar Pradesh,Wheat,Balrampur APMC,2021-01-15,15.0,Dara,1650.0,1730.0,1700.0,Balrampur
Uttar Pradesh,Wheat,Balrampur APMC,2021-01-16,14.0,Dara,1650.0,1730.0,1700.0,Balrampur
Uttar Pradesh,Wheat,Balrampur APMC,2021-01-18,15.0,Dara,1670.0,1740.0,1710.0,Balrampur
Uttar Pradesh,Wheat,Balrampur APMC,2021-01-19,17.0,Dara,1650.0,1740.0,1710.0,Balrampur
Uttar Pradesh,Wheat,Balrampur APMC,2021-01-20,14.0,Dara,1650.0,1725.0,1710.0,Balrampur
Uttar Pradesh,Wheat,Balrampur APMC,2021-01-21,18.0,Dara,1680.0,1750.0,1720.0,Balrampur
Uttar Pradesh,Wheat,Balrampur APMC,2021-01-22,11.0,Dara,1680.0,1750.0,1725.0,Balrampur
Uttar Pradesh,Wheat,Balrampur APMC,2021-01-23,14.0,Dara,1680.0,1750.0,1725.0,Balrampur
Uttar Pradesh,Wheat,Balrampur APMC,2021-01-25,14.0,Dara,1600.0,1740.0,1700.0,Balrampur
Uttar Pradesh,Wheat,Balrampur APMC,2021-01-26,11.0,Dara,1600.0,1740.0,1700.0,Balrampur
Uttar Pradesh,Wheat,Balrampur APMC,2021-01-27,18.0,Dara,1650.0,1725.0,1700.0,Balrampur
Uttar Pradesh,Wheat,Balrampur APMC,2021-01-28,18.0,Dara,1650.0,1730.0,1700.0,Balrampur
Uttar Pradesh,Wheat,Balrampur APMC,2021-01-29,12.0,Dara,1650.0,1720.0,1700.0,Balrampur
Uttar Pradesh,Wheat,Balrampur APMC,2021-01-30,16.0,Dara,1650.0,1725.0,1700.0,Balrampur
Uttar Pradesh,Wheat,Banda APMC,2021-01-01,18.0,Dara,1475.0,1550.0,1525.0,Banda
Uttar Pradesh,Wheat,Banda APMC,2021-01-02,20.0,Dara,1475.0,1550.0,1520.0,Banda
Uttar Pradesh,Wheat,Banda APMC,2021-01-03,18.5,Dara,1480.0,1550.0,1525.0,Banda
Uttar Pradesh,Wheat,Banda APMC,2021-01-04,16.0,Dara,1480.0,1550.0,1520.0,Banda
Uttar Pradesh,Wheat,Banda APMC,2021-01-06,17.0,Dara,1480.0,1550.0,1530.0,Banda
Uttar Pradesh,Wheat,Banda APMC,2021-01-07,18.0,Dara,1475.0,1550.0,1525.0,Banda
Uttar Pradesh,Wheat,Banda APMC,2021-01-08,16.0,Dara,1480.0,1550.0,1520.0,Banda
Uttar Pradesh,Wheat,Banda APMC,2021-01-09,10.0,Dara,1460.0,1530.0,1510.0,Banda
Uttar Pradesh,Wheat,Banda APMC,2021-01-10,7.0,Dara,1500.0,1570.0,1560.0,Banda
Uttar Pradesh,Wheat,Banda APMC,2021-01-11,6.0,Dara,1550.0,1610.0,1575.0,Banda
Uttar Pradesh,Wheat,Banda APMC,2021-01-13,8.0,Dara,1550.0,1610.0,1575.0,Banda
Uttar Pradesh,Wheat,Banda APMC,2021-01-14,7.0,Dara,1520.0,1600.0,1570.0,Banda
Uttar Pradesh,Wheat,Banda APMC,2021-01-15,9.0,Dara,1550.0,1610.0,1585.0,Banda
Uttar Pradesh,Wheat,Banda APMC,2021-01-16,7.5,Dara,1585.0,1635.0,1600.0,Banda
Uttar Pradesh,Wheat,Banda APMC,2021-01-17,8.0,Dara,1595.0,1655.0,1620.0,Banda
Uttar Pradesh,Wheat,Banda APMC,2021-01-18,7.5,Dara,1575.0,1625.0,1610.0,Banda
Uttar Pradesh,Wheat,Banda APMC,2021-01-20,9.0,Dara,1585.0,1635.0,1620.0,Banda
Uttar Pradesh,Wheat,Banda APMC,2021-01-21,8.0,Dara,1580.0,1655.0,1625.0,Banda
Uttar Pradesh,Wheat,Banda APMC,2021-01-22,11.0,Dara,1600.0,1650.0,1625.0,Banda
Uttar Pradesh,Wheat,Banda APMC,2021-01-24,9.0,Dara,1585.0,1660.0,1625.0,Banda
Uttar Pradesh,Wheat,Banda APMC,2021-01-25,7.0,Dara,1620.0,1675.0,1650.0,Banda
Uttar Pradesh,Wheat,Banda APMC,2021-01-27,8.5,Dara,1625.0,1675.0,1650.0,Banda
Uttar Pradesh,Wheat,Banda APMC,2021-01-28,7.5,Dara,1630.0,1680.0,1660.0,Banda
Uttar Pradesh,Wheat,Banda APMC,2021-01-29,6.0,Dara,1640.0,1700.0,1670.0,Banda
Uttar Pradesh,Wheat,Banda APMC,2021-01-30,7.5,Dara,1625.0,1690.0,1660.0,Banda
Uttar Pradesh,Wheat,Banda APMC,2021-01-31,15.0,Dara,1600.0,1690.0,1650.0,Banda
Uttar Pradesh,Wheat,Bangarmau APMC,2021-01-01,3.0,Dara,1600.0,1700.0,1640.0,Unnao
Uttar Pradesh,Wheat,Bangarmau APMC,2021-01-02,2.8,Dara,1600.0,1700.0,1640.0,Unnao
Uttar Pradesh,Wheat,Bangarmau APMC,2021-01-03,3.0,Dara,1600.0,1700.0,1635.0,Unnao
Uttar Pradesh,Wheat,Bangarmau APMC,2021-01-04,10.5,Dara,1600.0,1700.0,1635.0,Unnao
Uttar Pradesh,Wheat,Bangarmau APMC,2021-01-08,3.0,Dara,1600.0,1725.0,1635.0,Unnao
Uttar Pradesh,Wheat,Bangarmau APMC,2021-01-10,3.5,Dara,1600.0,1700.0,1640.0,Unnao
Uttar Pradesh,Wheat,Bangarmau APMC,2021-01-11,2.5,Dara,1600.0,1700.0,1650.0,Unnao
Uttar Pradesh,Wheat,Bangarmau APMC,2021-01-13,5.0,Dara,1600.0,1725.0,1665.0,Unnao
Uttar Pradesh,Wheat,Bangarmau APMC,2021-01-16,4.0,Dara,1600.0,1725.0,1665.0,Unnao
Uttar Pradesh,Wheat,Bangarmau APMC,2021-01-17,4.0,Dara,1600.0,1725.0,1665.0,Unnao
Uttar Pradesh,Wheat,Bangarmau APMC,2021-01-18,6.0,Dara,1600.0,1725.0,1670.0,Unnao
Uttar Pradesh,Wheat,Bangarmau APMC,2021-01-19,8.0,Dara,1600.0,1725.0,1670.0,Unnao
Uttar Pradesh,Wheat,Bangarmau APMC,2021-01-20,8.0,Dara,1600.0,1725.0,1670.0,Unnao
Uttar Pradesh,Wheat,Bangarmau APMC,2021-01-22,4.0,Dara,1600.0,1725.0,1680.0,Unnao
Uttar Pradesh,Wheat,Bangarmau APMC,2021-01-23,18.0,Dara,1600.0,1725.0,1670.0,Unnao
Uttar Pradesh,Wheat,Bangarmau APMC,2021-01-24,3.5,Dara,1600.0,1725.0,1680.0,Unnao
Uttar Pradesh,Wheat,Bangarmau APMC,2021-01-25,5.0,Dara,1650.0,1725.0,1675.0,Unnao
Uttar Pradesh,Wheat,Bangarmau APMC,2021-01-27,4.0,Dara,1600.0,1700.0,1680.0,Unnao
Uttar Pradesh,Wheat,Bangarmau APMC,2021-01-29,4.5,Dara,1600.0,1700.0,1675.0,Unnao
Uttar Pradesh,Wheat,Bangarmau APMC,2021-01-30,4.5,Dara,1600.0,1700.0,1675.0,Unnao
Uttar Pradesh,Wheat,Bangarmau APMC,2021-01-31,4.0,Dara,1600.0,1700.0,1675.0,Unnao
Uttar Pradesh,Wheat,Bansi APMC,2021-01-29,500.0,Dara,1695.0,1795.0,1745.0,Siddharthnagar
Uttar Pradesh,Wheat,Barabanki APMC,2021-01-02,80.0,Dara,1700.0,1750.0,1710.0,Bara Banki
Uttar Pradesh,Wheat,Barabanki APMC,2021-01-05,78.0,Dara,1700.0,1720.0,1710.0,Bara Banki
Uttar Pradesh,Wheat,Barabanki APMC,2021-01-09,71.0,Dara,1700.0,1750.0,1740.0,Bara Banki
Uttar Pradesh,Wheat,Barabanki APMC,2021-01-12,73.5,Dara,1670.0,1720.0,1700.0,Bara Banki
Uttar Pradesh,Wheat,Barabanki APMC,2021-01-16,70.0,Dara,1650.0,1690.0,1685.0,Bara Banki
Uttar Pradesh,Wheat,Barabanki APMC,2021-01-19,68.0,Dara,1650.0,1700.0,1685.0,Bara Banki
Uttar Pradesh,Wheat,Barabanki APMC,2021-01-23,65.0,Dara,1600.0,1690.0,1680.0,Bara Banki
Uttar Pradesh,Wheat,Barabanki APMC,2021-01-26,65.0,Dara,1670.0,1700.0,1680.0,Bara Banki
Uttar Pradesh,Wheat,Barabanki APMC,2021-01-30,52.5,Dara,1670.0,1690.0,1680.0,Bara Banki
Uttar Pradesh,Wheat,Bareilly APMC,2021-01-01,2.5,Dara,1700.0,1850.0,1725.0,Bareilly
Uttar Pradesh,Wheat,Bareilly APMC,2021-01-02,2.0,Dara,1700.0,1850.0,1730.0,Bareilly
Uttar Pradesh,Wheat,Bareilly APMC,2021-01-05,5.0,Dara,1675.0,1850.0,1700.0,Bareilly
Uttar Pradesh,Wheat,Bareilly APMC,2021-01-06,2.5,Dara,1720.0,1850.0,1720.0,Bareilly
Uttar Pradesh,Wheat,Bareilly APMC,2021-01-07,4.0,Dara,1675.0,1850.0,1710.0,Bareilly
Uttar Pradesh,Wheat,Bareilly APMC,2021-01-08,6.0,Dara,1650.0,1850.0,1700.0,Bareilly
Uttar Pradesh,Wheat,Bareilly APMC,2021-01-11,4.5,Dara,1675.0,1850.0,1720.0,Bareilly
Uttar Pradesh,Wheat,Bareilly APMC,2021-01-12,3.5,Dara,1700.0,1850.0,1725.0,Bareilly
Uttar Pradesh,Wheat,Bareilly APMC,2021-01-13,3.2,Dara,1700.0,1850.0,1730.0,Bareilly
Uttar Pradesh,Wheat,Bareilly APMC,2021-01-15,2.5,Dara,1700.0,1850.0,1725.0,Bareilly
Uttar Pradesh,Wheat,Bareilly APMC,2021-01-16,3.6,Dara,1675.0,1850.0,1710.0,Bareilly
Uttar Pradesh,Wheat,Bareilly APMC,2021-01-18,3.2,Dara,1675.0,1850.0,1720.0,Bareilly
Uttar Pradesh,Wheat,Bareilly APMC,2021-01-19,2.5,Dara,1700.0,1850.0,1725.0,Bareilly
Uttar Pradesh,Wheat,Bareilly APMC,2021-01-20,4.0,Dara,1700.0,1750.0,1730.0,Bareilly
Uttar Pradesh,Wheat,Bareilly APMC,2021-01-22,2.8,Dara,1700.0,1850.0,1710.0,Bareilly
Uttar Pradesh,Wheat,Bareilly APMC,2021-01-23,3.5,Dara,1675.0,1850.0,1700.0,Bareilly
Uttar Pradesh,Wheat,Bareilly APMC,2021-01-25,2.0,Dara,1675.0,1850.0,1700.0,Bareilly
Uttar Pradesh,Wheat,Bareilly APMC,2021-01-27,1.6,Dara,1700.0,1850.0,1720.0,Bareilly
Uttar Pradesh,Wheat,Bareilly APMC,2021-01-28,1.8,Dara,1700.0,1850.0,1725.0,Bareilly
Uttar Pradesh,Wheat,Bareilly APMC,2021-01-29,5.0,Dara,1700.0,1750.0,1725.0,Bareilly
Uttar Pradesh,Wheat,Bareilly APMC,2021-01-30,4.0,Dara,1700.0,1850.0,1725.0,Bareilly
Uttar Pradesh,Wheat,Barhaj APMC,2021-01-01,70.0,Dara,1730.0,1750.0,1740.0,Deoria
Uttar Pradesh,Wheat,Barhaj APMC,2021-01-02,65.0,Dara,1730.0,1750.0,1740.0,Deoria
Uttar Pradesh,Wheat,Barhaj APMC,2021-01-04,72.0,Dara,1730.0,1740.0,1735.0,Deoria
Uttar Pradesh,Wheat,Barhaj APMC,2021-01-05,66.0,Dara,1730.0,1740.0,1735.0,Deoria
Uttar Pradesh,Wheat,Barhaj APMC,2021-01-06,70.0,Dara,1720.0,1750.0,1730.0,Deoria
Uttar Pradesh,Wheat,Barhaj APMC,2021-01-07,68.0,Dara,1720.0,1750.0,1730.0,Deoria
Uttar Pradesh,Wheat,Barhaj APMC,2021-01-08,72.0,Dara,1720.0,1750.0,1730.0,Deoria
Uttar Pradesh,Wheat,Barhaj APMC,2021-01-09,76.0,Dara,1720.0,1750.0,1730.0,Deoria
Uttar Pradesh,Wheat,Barhaj APMC,2021-01-11,70.0,Dara,1740.0,1760.0,1750.0,Deoria
Uttar Pradesh,Wheat,Barhaj APMC,2021-01-12,60.0,Dara,1740.0,1760.0,1750.0,Deoria
Uttar Pradesh,Wheat,Barhaj APMC,2021-01-13,50.0,Dara,1740.0,1760.0,1750.0,Deoria
Uttar Pradesh,Wheat,Barhaj APMC,2021-01-14,40.0,Dara,1740.0,1770.0,1750.0,Deoria
Uttar Pradesh,Wheat,Barhaj APMC,2021-01-15,70.0,Dara,1725.0,1785.0,1750.0,Deoria
Uttar Pradesh,Wheat,Barhaj APMC,2021-01-16,75.0,Dara,1730.0,1750.0,1740.0,Deoria
Uttar Pradesh,Wheat,Barhaj APMC,2021-01-18,66.0,Dara,1730.0,1750.0,1740.0,Deoria
Uttar Pradesh,Wheat,Barhaj APMC,2021-01-19,60.0,Dara,1730.0,1750.0,1740.0,Deoria
Uttar Pradesh,Wheat,Barhaj APMC,2021-01-20,50.0,Dara,1730.0,1750.0,1740.0,Deoria
Uttar Pradesh,Wheat,Barhaj APMC,2021-01-21,56.0,Dara,1730.0,1750.0,1740.0,Deoria
Uttar Pradesh,Wheat,Barhaj APMC,2021-01-22,48.0,Dara,1740.0,1760.0,1750.0,Deoria
Uttar Pradesh,Wheat,Barhaj APMC,2021-01-23,52.0,Dara,1740.0,1760.0,1750.0,Deoria
Uttar Pradesh,Wheat,Barhaj APMC,2021-01-25,45.0,Dara,1740.0,1760.0,1750.0,Deoria
Uttar Pradesh,Wheat,Barhaj APMC,2021-01-27,40.0,Dara,1740.0,1760.0,1750.0,Deoria
Uttar Pradesh,Wheat,Barhaj APMC,2021-01-28,50.0,Dara,1720.0,1750.0,1730.0,Deoria
Uttar Pradesh,Wheat,Barhaj APMC,2021-01-29,56.0,Dara,1720.0,1750.0,1730.0,Deoria
Uttar Pradesh,Wheat,Barhaj APMC,2021-01-30,48.0,Dara,1730.0,1750.0,1740.0,Deoria
Uttar Pradesh,Wheat,Baripaal APMC,2021-01-01,7.8,Dara,1500.0,1530.0,1510.0,Jaunpur
Uttar Pradesh,Wheat,Baripaal APMC,2021-01-04,4.6,Dara,1500.0,1530.0,1520.0,Jaunpur
Uttar Pradesh,Wheat,Baripaal APMC,2021-01-05,7.2,Dara,1500.0,1530.0,1520.0,Jaunpur
Uttar Pradesh,Wheat,Baripaal APMC,2021-01-06,6.9,Dara,1500.0,1520.0,1510.0,Jaunpur
Uttar Pradesh,Wheat,Baripaal APMC,2021-01-08,3.8,Dara,1500.0,1530.0,1520.0,Jaunpur
Uttar Pradesh,Wheat,Baripaal APMC,2021-01-09,3.9,Dara,1500.0,1550.0,1523.0,Jaunpur
Uttar Pradesh,Wheat,Baripaal APMC,2021-01-11,2.5,Dara,1500.0,1550.0,1530.0,Jaunpur
Uttar Pradesh,Wheat,Baripaal APMC,2021-01-16,6.0,Dara,1500.0,1550.0,1520.0,Jaunpur
Uttar Pradesh,Wheat,Baripaal APMC,2021-01-18,7.1,Dara,1500.0,1600.0,1550.0,Jaunpur
Uttar Pradesh,Wheat,Baripaal APMC,2021-01-23,3.8,Dara,1600.0,1620.0,1600.0,Jaunpur
Uttar Pradesh,Wheat,Basti APMC,2021-01-01,30.0,Dara,1680.0,1840.0,1730.0,Basti
Uttar Pradesh,Wheat,Basti APMC,2021-01-02,50.0,Dara,1680.0,1780.0,1730.0,Basti
Uttar Pradesh,Wheat,Basti APMC,2021-01-03,35.0,Dara,1680.0,1780.0,1730.0,Basti
Uttar Pradesh,Wheat,Basti APMC,2021-01-05,41.5,Dara,1680.0,1780.0,1730.0,Basti
Uttar Pradesh,Wheat,Basti APMC,2021-01-06,30.0,Dara,1680.0,1780.0,1730.0,Basti
Uttar Pradesh,Wheat,Basti APMC,2021-01-07,29.0,Dara,1685.0,1785.0,1735.0,Basti
Uttar Pradesh,Wheat,Basti APMC,2021-01-08,31.5,Dara,1685.0,1785.0,1735.0,Basti
Uttar Pradesh,Wheat,Basti APMC,2021-01-09,20.0,Dara,1685.0,1785.0,1735.0,Basti
Uttar Pradesh,Wheat,Basti APMC,2021-01-10,26.0,Dara,1685.0,1785.0,1735.0,Basti
Uttar Pradesh,Wheat,Basti APMC,2021-01-12,35.0,Dara,1680.0,1780.0,1730.0,Basti
Uttar Pradesh,Wheat,Basti APMC,2021-01-13,29.0,Dara,1680.0,1780.0,1730.0,Basti
Uttar Pradesh,Wheat,Basti APMC,2021-01-14,20.0,Dara,1680.0,1780.0,1730.0,Basti
Uttar Pradesh,Wheat,Basti APMC,2021-01-15,26.0,Dara,1680.0,1780.0,1730.0,Basti
Uttar Pradesh,Wheat,Basti APMC,2021-01-16,30.0,Dara,1680.0,1780.0,1730.0,Basti
Uttar Pradesh,Wheat,Basti APMC,2021-01-17,35.0,Dara,1680.0,1780.0,1730.0,Basti
Uttar Pradesh,Wheat,Basti APMC,2021-01-19,29.0,Dara,1680.0,1780.0,1730.0,Basti
Uttar Pradesh,Wheat,Basti APMC,2021-01-20,20.0,Dara,1680.0,1780.0,1730.0,Basti
Uttar Pradesh,Wheat,Basti APMC,2021-01-21,17.0,Dara,1685.0,1785.0,1735.0,Basti
Uttar Pradesh,Wheat,Basti APMC,2021-01-22,26.0,Dara,1685.0,1785.0,1735.0,Basti
Uttar Pradesh,Wheat,Basti APMC,2021-01-23,30.0,Dara,1680.0,1770.0,1720.0,Basti
Uttar Pradesh,Wheat,Basti APMC,2021-01-24,20.0,Dara,1670.0,1770.0,1720.0,Basti
Uttar Pradesh,Wheat,Basti APMC,2021-01-27,17.0,Dara,1685.0,1785.0,1735.0,Basti
Uttar Pradesh,Wheat,Basti APMC,2021-01-28,26.0,Dara,1685.0,1785.0,1735.0,Basti
Uttar Pradesh,Wheat,Basti APMC,2021-01-29,29.0,Dara,1675.0,1775.0,1725.0,Basti
Uttar Pradesh,Wheat,Basti APMC,2021-01-30,21.0,Dara,1675.0,1775.0,1725.0,Basti
Uttar Pradesh,Wheat,Basti APMC,2021-01-31,27.0,Dara,1675.0,1775.0,1725.0,Basti
Uttar Pradesh,Wheat,Bewar APMC,2021-01-01,1.5,Dara,1500.0,1550.0,1530.0,Mainpuri
Uttar Pradesh,Wheat,Bewar APMC,2021-01-02,1.8,Dara,1500.0,1550.0,1520.0,Mainpuri
Uttar Pradesh,Wheat,Bewar APMC,2021-01-04,2.0,Dara,1510.0,1600.0,1530.0,Mainpuri
Uttar Pradesh,Wheat,Bewar APMC,2021-01-05,1.8,Dara,1500.0,1570.0,1530.0,Mainpuri
Uttar Pradesh,Wheat,Bewar APMC,2021-01-06,1.5,Dara,1510.0,1560.0,1540.0,Mainpuri
Uttar Pradesh,Wheat,Bewar APMC,2021-01-07,1.2,Dara,1400.0,1530.0,1450.0,Mainpuri
Uttar Pradesh,Wheat,Bewar APMC,2021-01-08,1.5,Dara,1520.0,1570.0,1540.0,Mainpuri
Uttar Pradesh,Wheat,Bewar APMC,2021-01-09,1.5,Dara,1510.0,1570.0,1540.0,Mainpuri
Uttar Pradesh,Wheat,Bewar APMC,2021-01-11,1.5,Dara,1500.0,1550.0,1530.0,Mainpuri
Uttar Pradesh,Wheat,Bewar APMC,2021-01-12,1.3,Dara,1500.0,1560.0,1530.0,Mainpuri
Uttar Pradesh,Wheat,Bewar APMC,2021-01-13,1.1,Dara,1500.0,1540.0,1520.0,Mainpuri
Uttar Pradesh,Wheat,Bewar APMC,2021-01-15,1.5,Dara,1505.0,1570.0,1540.0,Mainpuri
Uttar Pradesh,Wheat,Bewar APMC,2021-01-16,1.2,Dara,1510.0,1560.0,1530.0,Mainpuri
Uttar Pradesh,Wheat,Bewar APMC,2021-01-18,1.4,Dara,1510.0,1570.0,1530.0,Mainpuri
Uttar Pradesh,Wheat,Bewar APMC,2021-01-19,1.5,Dara,1500.0,1570.0,1555.0,Mainpuri
Uttar Pradesh,Wheat,Bewar APMC,2021-01-20,1.3,Dara,1515.0,1565.0,1530.0,Mainpuri
Uttar Pradesh,Wheat,Bewar APMC,2021-01-21,1.5,Dara,1505.0,1540.0,1530.0,Mainpuri
Uttar Pradesh,Wheat,Bewar APMC,2021-01-22,1.3,Dara,1515.0,1560.0,1530.0,Mainpuri
Uttar Pradesh,Wheat,Bewar APMC,2021-01-23,1.0,Dara,1520.0,1565.0,1530.0,Mainpuri
Uttar Pradesh,Wheat,Bewar APMC,2021-01-25,1.5,Dara,1550.0,1650.0,1600.0,Mainpuri
Uttar Pradesh,Wheat,Bewar APMC,2021-01-27,1.2,Dara,1650.0,1750.0,1700.0,Mainpuri
Uttar Pradesh,Wheat,Bewar APMC,2021-01-28,1.2,Dara,1580.0,1690.0,1600.0,Mainpuri
Uttar Pradesh,Wheat,Bewar APMC,2021-01-29,1.5,Dara,1520.0,1690.0,1580.0,Mainpuri
Uttar Pradesh,Wheat,Bewar APMC,2021-01-30,1.5,Dara,1600.0,1720.0,1650.0,Mainpuri
Uttar Pradesh,Wheat,Bharthna APMC,2021-01-01,8.0,Dara,1575.0,1630.0,1605.0,Etawah
Uttar Pradesh,Wheat,Bharthna APMC,2021-01-04,8.5,Dara,1570.0,1630.0,1600.0,Etawah
Uttar Pradesh,Wheat,Bharthna APMC,2021-01-05,7.0,Dara,1620.0,1680.0,1650.0,Etawah
Uttar Pradesh,Wheat,Bharthna APMC,2021-01-06,6.0,Dara,1640.0,1690.0,1665.0,Etawah
Uttar Pradesh,Wheat,Bharthna APMC,2021-01-07,7.0,Dara,1650.0,1700.0,1680.0,Etawah
Uttar Pradesh,Wheat,Bharthna APMC,2021-01-08,6.0,Dara,1660.0,1720.0,1690.0,Etawah
Uttar Pradesh,Wheat,Bharthna APMC,2021-01-09,7.5,Dara,1650.0,1720.0,1690.0,Etawah
Uttar Pradesh,Wheat,Bharthna APMC,2021-01-11,6.5,Dara,1670.0,1725.0,1700.0,Etawah
Uttar Pradesh,Wheat,Bharthna APMC,2021-01-12,6.0,Dara,1680.0,1730.0,1710.0,Etawah
Uttar Pradesh,Wheat,Bharthna APMC,2021-01-13,7.5,Dara,1675.0,1730.0,1710.0,Etawah
Uttar Pradesh,Wheat,Bharthna APMC,2021-01-14,6.5,Dara,1680.0,1750.0,1715.0,Etawah
Uttar Pradesh,Wheat,Bharthna APMC,2021-01-16,7.0,Dara,1690.0,1750.0,1720.0,Etawah
Uttar Pradesh,Wheat,Bharthna APMC,2021-01-18,6.0,Dara,1690.0,1750.0,1720.0,Etawah
Uttar Pradesh,Wheat,Bharthna APMC,2021-01-19,7.5,Dara,1700.0,1750.0,1725.0,Etawah
Uttar Pradesh,Wheat,Bharthna APMC,2021-01-20,8.0,Dara,1690.0,1750.0,1720.0,Etawah
Uttar Pradesh,Wheat,Bharthna APMC,2021-01-21,7.0,Dara,1700.0,1750.0,1725.0,Etawah
Uttar Pradesh,Wheat,Bharthna APMC,2021-01-22,8.0,Dara,1700.0,1760.0,1730.0,Etawah
Uttar Pradesh,Wheat,Bharthna APMC,2021-01-23,9.0,Dara,1700.0,1750.0,1725.0,Etawah
Uttar Pradesh,Wheat,Bharthna APMC,2021-01-25,7.0,Dara,1690.0,1750.0,1720.0,Etawah
Uttar Pradesh,Wheat,Bharthna APMC,2021-01-27,8.0,Dara,1660.0,1720.0,1690.0,Etawah
Uttar Pradesh,Wheat,Bharthna APMC,2021-01-28,7.0,Dara,1660.0,1720.0,1690.0,Etawah
Uttar Pradesh,Wheat,Bharthna APMC,2021-01-29,9.0,Dara,1640.0,1690.0,1670.0,Etawah
Uttar Pradesh,Wheat,Bharthna APMC,2021-01-30,6.5,Dara,1640.0,1690.0,1670.0,Etawah
Uttar Pradesh,Wheat,Bharuasumerpur APMC,2021-01-01,50.0,Dara,1510.0,1565.0,1540.0,Hamirpur
Uttar Pradesh,Wheat,Bharuasumerpur APMC,2021-01-02,70.0,Dara,1510.0,1560.0,1540.0,Hamirpur
Uttar Pradesh,Wheat,Bharuasumerpur APMC,2021-01-03,65.0,Dara,1510.0,1565.0,1540.0,Hamirpur
Uttar Pradesh,Wheat,Bharuasumerpur APMC,2021-01-04,80.0,Dara,1510.0,1570.0,1540.0,Hamirpur
Uttar Pradesh,Wheat,Bharuasumerpur APMC,2021-01-05,90.0,Dara,1510.0,1570.0,1540.0,Hamirpur
Uttar Pradesh,Wheat,Bharuasumerpur APMC,2021-01-06,25.0,Dara,1520.0,1580.0,1550.0,Hamirpur
Uttar Pradesh,Wheat,Bharuasumerpur APMC,2021-01-08,85.0,Dara,1620.0,1680.0,1650.0,Hamirpur
Uttar Pradesh,Wheat,Bharuasumerpur APMC,2021-01-09,30.0,Dara,1620.0,1680.0,1650.0,Hamirpur
Uttar Pradesh,Wheat,Bharuasumerpur APMC,2021-01-10,40.0,Dara,1610.0,1680.0,1650.0,Hamirpur
Uttar Pradesh,Wheat,Bharuasumerpur APMC,2021-01-11,50.0,Dara,1610.0,1680.0,1650.0,Hamirpur
Uttar Pradesh,Wheat,Bharuasumerpur APMC,2021-01-12,12.0,Dara,1620.0,1700.0,1680.0,Hamirpur
Uttar Pradesh,Wheat,Bharuasumerpur APMC,2021-01-13,26.0,Dara,1650.0,1700.0,1680.0,Hamirpur
Uttar Pradesh,Wheat,Bharuasumerpur APMC,2021-01-15,15.0,Dara,1620.0,1700.0,1680.0,Hamirpur
Uttar Pradesh,Wheat,Bharuasumerpur APMC,2021-01-16,90.0,Dara,1620.0,1700.0,1680.0,Hamirpur
Uttar Pradesh,Wheat,Bharuasumerpur APMC,2021-01-17,50.0,Dara,1620.0,1700.0,1680.0,Hamirpur
Uttar Pradesh,Wheat,Bharuasumerpur APMC,2021-01-18,130.0,Dara,1620.0,1700.0,1680.0,Hamirpur
Uttar Pradesh,Wheat,Bharuasumerpur APMC,2021-01-19,55.0,Dara,1620.0,1700.0,1670.0,Hamirpur
Uttar Pradesh,Wheat,Bharuasumerpur APMC,2021-01-20,120.0,Dara,1620.0,1700.0,1670.0,Hamirpur
Uttar Pradesh,Wheat,Bharuasumerpur APMC,2021-01-22,65.0,Dara,1620.0,1700.0,1670.0,Hamirpur
Uttar Pradesh,Wheat,Bharuasumerpur APMC,2021-01-23,40.0,Dara,1630.0,1700.0,1670.0,Hamirpur
Uttar Pradesh,Wheat,Bharuasumerpur APMC,2021-01-24,60.0,Dara,1620.0,1700.0,1670.0,Hamirpur
Uttar Pradesh,Wheat,Bharuasumerpur APMC,2021-01-25,65.0,Dara,1620.0,1700.0,1670.0,Hamirpur
Uttar Pradesh,Wheat,Bharuasumerpur APMC,2021-01-27,45.0,Dara,1620.0,1700.0,1670.0,Hamirpur
Uttar Pradesh,Wheat,Bharuasumerpur APMC,2021-01-29,30.0,Dara,1620.0,1700.0,1675.0,Hamirpur
Uttar Pradesh,Wheat,Bharuasumerpur APMC,2021-01-30,35.0,Dara,1620.0,1710.0,1675.0,Hamirpur
Uttar Pradesh,Wheat,Bharuasumerpur APMC,2021-01-31,50.0,Dara,1620.0,1700.0,1675.0,Hamirpur
Uttar Pradesh,Wheat,Bhehjoi APMC,2021-01-07,2.5,Dara,1600.0,1650.0,1625.0,Sambhal
Uttar Pradesh,Wheat,Bhehjoi APMC,2021-01-08,2.5,Dara,1600.0,1650.0,1625.0,Sambhal
Uttar Pradesh,Wheat,Bhehjoi APMC,2021-01-18,5.5,Dara,1600.0,1700.0,1650.0,Sambhal
Uttar Pradesh,Wheat,Bhehjoi APMC,2021-01-22,6.0,Dara,1600.0,1675.0,1650.0,Sambhal
Uttar Pradesh,Wheat,Bhehjoi APMC,2021-01-30,4.5,Dara,1600.0,1650.0,1625.0,Sambhal
Uttar Pradesh,Wheat,Bijnaur APMC,2021-01-02,6.5,Dara,1700.0,1850.0,1720.0,Bijnor
Uttar Pradesh,Wheat,Bijnaur APMC,2021-01-04,7.0,Dara,1700.0,1850.0,1720.0,Bijnor
Uttar Pradesh,Wheat,Bijnaur APMC,2021-01-05,1.2,Dara,1675.0,1850.0,1700.0,Bijnor
Uttar Pradesh,Wheat,Bijnaur APMC,2021-01-06,1.4,Dara,1700.0,1850.0,1710.0,Bijnor
Uttar Pradesh,Wheat,Bijnaur APMC,2021-01-07,1.5,Dara,1680.0,1850.0,1700.0,Bijnor
Uttar Pradesh,Wheat,Bijnaur APMC,2021-01-08,2.5,Dara,1650.0,1850.0,1700.0,Bijnor
Uttar Pradesh,Wheat,Bijnaur APMC,2021-01-11,1.2,Dara,1700.0,1850.0,1725.0,Bijnor
Uttar Pradesh,Wheat,Bijnaur APMC,2021-01-12,1.2,Dara,1700.0,1850.0,1710.0,Bijnor
Uttar Pradesh,Wheat,Bijnaur APMC,2021-01-13,1.8,Dara,1700.0,1850.0,1720.0,Bijnor
Uttar Pradesh,Wheat,Bijnaur APMC,2021-01-14,1.2,Dara,1675.0,1850.0,1710.0,Bijnor
Uttar Pradesh,Wheat,Bijnaur APMC,2021-01-15,1.0,Dara,1675.0,1850.0,1715.0,Bijnor
Uttar Pradesh,Wheat,Bijnaur APMC,2021-01-16,5.0,Dara,1675.0,1850.0,1700.0,Bijnor
Uttar Pradesh,Wheat,Bijnaur APMC,2021-01-18,7.0,Dara,1700.0,1850.0,1720.0,Bijnor
Uttar Pradesh,Wheat,Bijnaur APMC,2021-01-19,6.0,Dara,1675.0,1850.0,1700.0,Bijnor
Uttar Pradesh,Wheat,Bijnaur APMC,2021-01-21,6.5,Dara,1700.0,1850.0,1720.0,Bijnor
Uttar Pradesh,Wheat,Bijnaur APMC,2021-01-22,8.0,Dara,1700.0,1850.0,1730.0,Bijnor
Uttar Pradesh,Wheat,Bijnaur APMC,2021-01-23,9.0,Dara,1700.0,1850.0,1725.0,Bijnor
Uttar Pradesh,Wheat,Bijnaur APMC,2021-01-25,8.0,Dara,1700.0,1850.0,1720.0,Bijnor
Uttar Pradesh,Wheat,Bijnaur APMC,2021-01-29,7.5,Dara,1700.0,1850.0,1730.0,Bijnor
Uttar Pradesh,Wheat,Bijnaur APMC,2021-01-30,8.0,Dara,1700.0,1850.0,1735.0,Bijnor
Uttar Pradesh,Wheat,Bilaspur APMC,2021-01-01,9.0,Dara,1600.0,1840.0,1720.0,Rampur
Uttar Pradesh,Wheat,Bilaspur APMC,2021-01-02,10.0,Dara,1600.0,1840.0,1720.0,Rampur
Uttar Pradesh,Wheat,Bilaspur APMC,2021-01-04,9.5,Dara,1600.0,1840.0,1710.0,Rampur
Uttar Pradesh,Wheat,Bilaspur APMC,2021-01-05,10.2,Dara,1600.0,1840.0,1710.0,Rampur
Uttar Pradesh,Wheat,Bilaspur APMC,2021-01-06,9.7,Dara,1600.0,1840.0,1710.0,Rampur
Uttar Pradesh,Wheat,Bilaspur APMC,2021-01-07,9.5,Dara,1600.0,1840.0,1710.0,Rampur
Uttar Pradesh,Wheat,Bilaspur APMC,2021-01-08,9.0,Dara,1600.0,1840.0,1705.0,Rampur
Uttar Pradesh,Wheat,Bilaspur APMC,2021-01-09,9.6,Dara,1600.0,1840.0,1705.0,Rampur
Uttar Pradesh,Wheat,Bilaspur APMC,2021-01-10,9.0,Dara,1600.0,1840.0,1700.0,Rampur
Uttar Pradesh,Wheat,Bilaspur APMC,2021-01-11,9.6,Dara,1600.0,1840.0,1710.0,Rampur
Uttar Pradesh,Wheat,Bilaspur APMC,2021-01-12,9.4,Dara,1600.0,1840.0,1710.0,Rampur
Uttar Pradesh,Wheat,Bilaspur APMC,2021-01-13,10.0,Dara,1600.0,1840.0,1720.0,Rampur
Uttar Pradesh,Wheat,Bilaspur APMC,2021-01-14,10.2,Dara,1600.0,1840.0,1720.0,Rampur
Uttar Pradesh,Wheat,Bilaspur APMC,2021-01-16,10.0,Dara,1600.0,1840.0,1710.0,Rampur
Uttar Pradesh,Wheat,Bilaspur APMC,2021-01-17,9.8,Dara,1600.0,1840.0,1715.0,Rampur
Uttar Pradesh,Wheat,Bilaspur APMC,2021-01-18,9.5,Dara,1600.0,1840.0,1720.0,Rampur
Uttar Pradesh,Wheat,Bilaspur APMC,2021-01-19,9.8,Dara,1620.0,1840.0,1725.0,Rampur
Uttar Pradesh,Wheat,Bilaspur APMC,2021-01-20,9.8,Dara,1600.0,1840.0,1720.0,Rampur
Uttar Pradesh,Wheat,Bilaspur APMC,2021-01-21,10.0,Dara,1600.0,1840.0,1715.0,Rampur
Uttar Pradesh,Wheat,Bilaspur APMC,2021-01-22,8.3,Dara,1600.0,1840.0,1710.0,Rampur
Uttar Pradesh,Wheat,Bilaspur APMC,2021-01-23,9.6,Dara,1600.0,1840.0,1710.0,Rampur
Uttar Pradesh,Wheat,Bilaspur APMC,2021-01-24,8.8,Dara,1600.0,1840.0,1715.0,Rampur
Uttar Pradesh,Wheat,Bilaspur APMC,2021-01-25,9.0,Dara,1600.0,1840.0,1720.0,Rampur
Uttar Pradesh,Wheat,Bilaspur APMC,2021-01-27,9.0,Dara,1600.0,1840.0,1720.0,Rampur
Uttar Pradesh,Wheat,Bilaspur APMC,2021-01-29,9.3,Dara,1600.0,1840.0,1710.0,Rampur
Uttar Pradesh,Wheat,Bilsi APMC,2021-01-01,7.2,Local,1650.0,1750.0,1685.0,Budaun
Uttar Pradesh,Wheat,Bilsi APMC,2021-01-02,7.5,Local,1600.0,1700.0,1685.0,Budaun
Uttar Pradesh,Wheat,Bilsi APMC,2021-01-03,8.0,Local,1650.0,1750.0,1680.0,Budaun
Uttar Pradesh,Wheat,Bilsi APMC,2021-01-04,5.5,Local,1650.0,1750.0,1680.0,Budaun
Uttar Pradesh,Wheat,Bilsi APMC,2021-01-05,9.0,Local,1650.0,1750.0,1680.0,Budaun
Uttar Pradesh,Wheat,Bilsi APMC,2021-01-06,5.4,Local,1650.0,1700.0,1680.0,Budaun
Uttar Pradesh,Wheat,Bilsi APMC,2021-01-08,18.0,Local,1660.0,1750.0,1685.0,Budaun
Uttar Pradesh,Wheat,Bilsi APMC,2021-01-09,13.5,Local,1650.0,1750.0,1680.0,Budaun
Uttar Pradesh,Wheat,Bilsi APMC,2021-01-10,9.0,Local,1650.0,1750.0,1680.0,Budaun
Uttar Pradesh,Wheat,Bilsi APMC,2021-01-11,11.5,Local,1650.0,1750.0,1700.0,Budaun
Uttar Pradesh,Wheat,Bilsi APMC,2021-01-12,16.0,Local,1650.0,1750.0,1700.0,Budaun
Uttar Pradesh,Wheat,Bilsi APMC,2021-01-13,15.0,Local,1650.0,1750.0,1700.0,Budaun
Uttar Pradesh,Wheat,Bilsi APMC,2021-01-15,6.8,Local,1650.0,1750.0,1710.0,Budaun
Uttar Pradesh,Wheat,Bilsi APMC,2021-01-16,7.5,Local,1680.0,1760.0,1710.0,Budaun
Uttar Pradesh,Wheat,Bilsi APMC,2021-01-17,4.3,Local,1700.0,1760.0,1715.0,Budaun
Uttar Pradesh,Wheat,Bilsi APMC,2021-01-18,8.0,Local,1680.0,1750.0,1715.0,Budaun
Uttar Pradesh,Wheat,Bilsi APMC,2021-01-19,15.5,Local,1700.0,1800.0,1760.0,Budaun
Uttar Pradesh,Wheat,Bilsi APMC,2021-01-21,9.3,Local,1680.0,1750.0,1712.0,Budaun
Uttar Pradesh,Wheat,Bilsi APMC,2021-01-22,3.4,Local,1650.0,1760.0,1715.0,Budaun
Uttar Pradesh,Wheat,Bilsi APMC,2021-01-23,6.0,Local,1700.0,1800.0,1740.0,Budaun
Uttar Pradesh,Wheat,Bilsi APMC,2021-01-24,1.6,Local,1700.0,1760.0,1725.0,Budaun
Uttar Pradesh,Wheat,Bilsi APMC,2021-01-26,3.0,Local,1700.0,1800.0,1728.0,Budaun
Uttar Pradesh,Wheat,Bilsi APMC,2021-01-27,7.8,Local,1700.0,1800.0,1728.0,Budaun
Uttar Pradesh,Wheat,Bilsi APMC,2021-01-29,5.2,Local,1700.0,1800.0,1730.0,Budaun
Uttar Pradesh,Wheat,Bilsi APMC,2021-01-30,8.0,Local,1700.0,1800.0,1745.0,Budaun
Uttar Pradesh,Wheat,Bilsi APMC,2021-01-31,7.0,Local,1685.0,1775.0,1730.0,Budaun
Uttar Pradesh,Wheat,Bindki APMC,2021-01-03,300.0,Dara,1600.0,1700.0,1660.0,Fatehpur
Uttar Pradesh,Wheat,Bindki APMC,2021-01-04,300.0,Dara,1600.0,1730.0,1660.0,Fatehpur
Uttar Pradesh,Wheat,Bindki APMC,2021-01-05,350.0,Dara,1600.0,1730.0,1660.0,Fatehpur
Uttar Pradesh,Wheat,Bindki APMC,2021-01-06,300.0,Dara,1600.0,1720.0,1660.0,Fatehpur
Uttar Pradesh,Wheat,Bindki APMC,2021-01-07,300.0,Dara,1600.0,1730.0,1650.0,Fatehpur
Uttar Pradesh,Wheat,Bindki APMC,2021-01-08,320.0,Dara,1600.0,1700.0,1660.0,Fatehpur
Uttar Pradesh,Wheat,Bindki APMC,2021-01-10,200.0,Dara,1600.0,1730.0,1650.0,Fatehpur
Uttar Pradesh,Wheat,Bindki APMC,2021-01-11,300.0,Dara,1600.0,1730.0,1660.0,Fatehpur
Uttar Pradesh,Wheat,Bindki APMC,2021-01-12,320.0,Dara,1600.0,1730.0,1660.0,Fatehpur
Uttar Pradesh,Wheat,Bindki APMC,2021-01-13,240.0,Dara,1600.0,1700.0,1650.0,Fatehpur
Uttar Pradesh,Wheat,Bindki APMC,2021-01-14,300.0,Dara,1600.0,1730.0,1650.0,Fatehpur
Uttar Pradesh,Wheat,Bindki APMC,2021-01-15,320.0,Dara,1600.0,1720.0,1650.0,Fatehpur
Uttar Pradesh,Wheat,Bindki APMC,2021-01-17,310.0,Dara,1600.0,1700.0,1660.0,Fatehpur
Uttar Pradesh,Wheat,Bindki APMC,2021-01-18,300.0,Dara,1600.0,1730.0,1650.0,Fatehpur
Uttar Pradesh,Wheat,Bindki APMC,2021-01-19,310.0,Dara,1600.0,1730.0,1650.0,Fatehpur
Uttar Pradesh,Wheat,Bindki APMC,2021-01-20,230.0,Dara,1600.0,1740.0,1660.0,Fatehpur
Uttar Pradesh,Wheat,Bindki APMC,2021-01-21,300.0,Dara,1600.0,1720.0,1680.0,Fatehpur
Uttar Pradesh,Wheat,Bindki APMC,2021-01-22,300.0,Dara,1680.0,1760.0,1700.0,Fatehpur
Uttar Pradesh,Wheat,Bindki APMC,2021-01-24,300.0,Dara,1680.0,1790.0,1720.0,Fatehpur
Uttar Pradesh,Wheat,Bindki APMC,2021-01-25,280.0,Dara,1700.0,1790.0,1730.0,Fatehpur
Uttar Pradesh,Wheat,Bindki APMC,2021-01-27,320.0,Dara,1680.0,1790.0,1730.0,Fatehpur
Uttar Pradesh,Wheat,Bindki APMC,2021-01-28,250.0,Dara,1680.0,1790.0,1730.0,Fatehpur
Uttar Pradesh,Wheat,Bindki APMC,2021-01-29,240.0,Dara,1680.0,1780.0,1720.0,Fatehpur
Uttar Pradesh,Wheat,Bindki APMC,2021-01-31,230.0,Dara,1650.0,1780.0,1720.0,Fatehpur
Uttar Pradesh,Wheat,Bishalpur APMC,2021-01-01,1.9,Dara,1700.0,1745.0,1725.0,Pilibhit
Uttar Pradesh,Wheat,Bishalpur APMC,2021-01-02,3.5,Dara,1690.0,1735.0,1715.0,Pilibhit
Uttar Pradesh,Wheat,Bishalpur APMC,2021-01-04,3.5,Dara,1700.0,1745.0,1725.0,Pilibhit
Uttar Pradesh,Wheat,Bishalpur APMC,2021-01-05,3.3,Dara,1700.0,1750.0,1730.0,Pilibhit
Uttar Pradesh,Wheat,Bishalpur APMC,2021-01-15,4.5,Dara,1690.0,1735.0,1710.0,Pilibhit
Uttar Pradesh,Wheat,Bishalpur APMC,2021-01-16,0.19,Dara,1660.0,1750.0,1705.0,Pilibhit
Uttar Pradesh,Wheat,Bishalpur APMC,2021-01-18,0.8,Dara,1700.0,1735.0,1715.0,Pilibhit
Uttar Pradesh,Wheat,Bishalpur APMC,2021-01-19,1.5,Dara,1700.0,1735.0,1715.0,Pilibhit
Uttar Pradesh,Wheat,Bishalpur APMC,2021-01-20,1.5,Dara,1670.0,1720.0,1695.0,Pilibhit
Uttar Pradesh,Wheat,Bishalpur APMC,2021-01-21,1.3,Dara,1670.0,1715.0,1690.0,Pilibhit
Uttar Pradesh,Wheat,Bishalpur APMC,2021-01-22,1.6,Dara,1670.0,1715.0,1698.0,Pilibhit
Uttar Pradesh,Wheat,Bishalpur APMC,2021-01-23,0.5,Dara,1670.0,1715.0,1690.0,Pilibhit
Uttar Pradesh,Wheat,Bishalpur APMC,2021-01-25,2.2,Dara,1670.0,1715.0,1690.0,Pilibhit
Uttar Pradesh,Wheat,Bishalpur APMC,2021-01-27,3.5,Dara,1650.0,1690.0,1670.0,Pilibhit
Uttar Pradesh,Wheat,Bishalpur APMC,2021-01-28,2.2,Dara,1670.0,1715.0,1690.0,Pilibhit
Uttar Pradesh,Wheat,Bishalpur APMC,2021-01-30,2.0,Dara,1675.0,1725.0,1700.0,Pilibhit
Uttar Pradesh,Wheat,Buland Shahr APMC,2021-01-01,8.0,Dara,1700.0,1730.0,1722.0,Bulandshahr
Uttar Pradesh,Wheat,Buland Shahr APMC,2021-01-02,9.5,Dara,1700.0,1730.0,1722.0,Bulandshahr
Uttar Pradesh,Wheat,Buland Shahr APMC,2021-01-04,10.0,Dara,1700.0,1730.0,1720.0,Bulandshahr
Uttar Pradesh,Wheat,Buland Shahr APMC,2021-01-05,10.0,Dara,1740.0,1760.0,1750.0,Bulandshahr
Uttar Pradesh,Wheat,Buland Shahr APMC,2021-01-06,5.0,Dara,1750.0,1770.0,1760.0,Bulandshahr
Uttar Pradesh,Wheat,Buland Shahr APMC,2021-01-07,8.0,Dara,1760.0,1780.0,1770.0,Bulandshahr
Uttar Pradesh,Wheat,Buland Shahr APMC,2021-01-08,8.5,Dara,1740.0,1760.0,1750.0,Bulandshahr
Uttar Pradesh,Wheat,Buland Shahr APMC,2021-01-09,11.0,Dara,1720.0,1760.0,1740.0,Bulandshahr
Uttar Pradesh,Wheat,Buland Shahr APMC,2021-01-11,9.0,Dara,1720.0,1760.0,1750.0,Bulandshahr
Uttar Pradesh,Wheat,Buland Shahr APMC,2021-01-12,8.0,Dara,1770.0,1790.0,1780.0,Bulandshahr
Uttar Pradesh,Wheat,Buland Shahr APMC,2021-01-14,6.5,Dara,1790.0,1810.0,1800.0,Bulandshahr
Uttar Pradesh,Wheat,Buland Shahr APMC,2021-01-15,6.0,Dara,1770.0,1800.0,1780.0,Bulandshahr
Uttar Pradesh,Wheat,Buland Shahr APMC,2021-01-16,12.0,Dara,1790.0,1820.0,1800.0,Bulandshahr
Uttar Pradesh,Wheat,Buland Shahr APMC,2021-01-18,11.0,Dara,1800.0,1830.0,1820.0,Bulandshahr
Uttar Pradesh,Wheat,Buland Shahr APMC,2021-01-19,6.0,Dara,1790.0,1820.0,1800.0,Bulandshahr
Uttar Pradesh,Wheat,Buland Shahr APMC,2021-01-20,8.0,Dara,1775.0,1820.0,1800.0,Bulandshahr
Uttar Pradesh,Wheat,Buland Shahr APMC,2021-01-21,8.5,Dara,1770.0,1800.0,1790.0,Bulandshahr
Uttar Pradesh,Wheat,Buland Shahr APMC,2021-01-22,15.0,Dara,1760.0,1800.0,1780.0,Bulandshahr
Uttar Pradesh,Wheat,Buland Shahr APMC,2021-01-25,14.0,Dara,1760.0,1800.0,1790.0,Bulandshahr
Uttar Pradesh,Wheat,Buland Shahr APMC,2021-01-27,10.0,Dara,1770.0,1800.0,1780.0,Bulandshahr
Uttar Pradesh,Wheat,Buland Shahr APMC,2021-01-28,13.0,Dara,1780.0,1800.0,1790.0,Bulandshahr
Uttar Pradesh,Wheat,Buland Shahr APMC,2021-01-29,10.0,Dara,1780.0,1810.0,1800.0,Bulandshahr
Uttar Pradesh,Wheat,Buland Shahr APMC,2021-01-30,13.0,Dara,1790.0,1810.0,1805.0,Bulandshahr
Uttar Pradesh,Wheat,Chandausi APMC,2021-01-14,5.0,Dara,1680.0,1700.0,1700.0,Sambhal
Uttar Pradesh,Wheat,Chandausi APMC,2021-01-15,8.5,Dara,1700.0,1710.0,1710.0,Sambhal
Uttar Pradesh,Wheat,Chandausi APMC,2021-01-16,9.0,Dara,1680.0,1700.0,1700.0,Sambhal
Uttar Pradesh,Wheat,Chandausi APMC,2021-01-18,6.0,Dara,1700.0,1720.0,1710.0,Sambhal
Uttar Pradesh,Wheat,Chandausi APMC,2021-01-19,7.0,Dara,1680.0,1700.0,1700.0,Sambhal
Uttar Pradesh,Wheat,Chandausi APMC,2021-01-20,8.0,Dara,1700.0,1720.0,1720.0,Sambhal
Uttar Pradesh,Wheat,Chandausi APMC,2021-01-21,7.5,Dara,1690.0,1710.0,1710.0,Sambhal
Uttar Pradesh,Wheat,Chandausi APMC,2021-01-22,9.5,Dara,1730.0,1750.0,1740.0,Sambhal
Uttar Pradesh,Wheat,Chandausi APMC,2021-01-23,8.0,Dara,1710.0,1735.0,1735.0,Sambhal
Uttar Pradesh,Wheat,Chandausi APMC,2021-01-25,11.0,Dara,1710.0,1730.0,1730.0,Sambhal
Uttar Pradesh,Wheat,Chandausi APMC,2021-01-27,8.0,Dara,1710.0,1725.0,1725.0,Sambhal
Uttar Pradesh,Wheat,Chandoli APMC,2021-01-01,1.0,Dara,1700.0,1750.0,1725.0,Chandauli
Uttar Pradesh,Wheat,Chandoli APMC,2021-01-02,1.2,Dara,1700.0,1750.0,1720.0,Chandauli
Uttar Pradesh,Wheat,Chandoli APMC,2021-01-04,1.3,Dara,1700.0,1750.0,1730.0,Chandauli
Uttar Pradesh,Wheat,Chandoli APMC,2021-01-05,1.2,Dara,1700.0,1750.0,1725.0,Chandauli
Uttar Pradesh,Wheat,Chandoli APMC,2021-01-06,1.5,Dara,1700.0,1750.0,1720.0,Chandauli
Uttar Pradesh,Wheat,Chandoli APMC,2021-01-07,1.3,Dara,1700.0,1750.0,1730.0,Chandauli
Uttar Pradesh,Wheat,Chandoli APMC,2021-01-08,1.2,Dara,1700.0,1750.0,1725.0,Chandauli
Uttar Pradesh,Wheat,Chandoli APMC,2021-01-09,1.0,Dara,1700.0,1750.0,1720.0,Chandauli
Uttar Pradesh,Wheat,Chandoli APMC,2021-01-11,1.4,Dara,1700.0,1750.0,1725.0,Chandauli
Uttar Pradesh,Wheat,Chandoli APMC,2021-01-12,1.3,Dara,1700.0,1750.0,1730.0,Chandauli
Uttar Pradesh,Wheat,Chandoli APMC,2021-01-13,1.5,Dara,1700.0,1750.0,1725.0,Chandauli
Uttar Pradesh,Wheat,Chandoli APMC,2021-01-14,0.8,Dara,1700.0,1750.0,1725.0,Chandauli
Uttar Pradesh,Wheat,Chandoli APMC,2021-01-15,1.5,Dara,1700.0,1750.0,1720.0,Chandauli
Uttar Pradesh,Wheat,Chandoli APMC,2021-01-16,1.7,Dara,1700.0,1750.0,1725.0,Chandauli
Uttar Pradesh,Wheat,Chandoli APMC,2021-01-18,1.6,Dara,1700.0,1750.0,1720.0,Chandauli
Uttar Pradesh,Wheat,Chandoli APMC,2021-01-19,1.8,Dara,1700.0,1750.0,1725.0,Chandauli
Uttar Pradesh,Wheat,Chandoli APMC,2021-01-20,1.7,Dara,1700.0,1750.0,1730.0,Chandauli
Uttar Pradesh,Wheat,Chandoli APMC,2021-01-21,1.6,Dara,1720.0,1760.0,1740.0,Chandauli
Uttar Pradesh,Wheat,Chandoli APMC,2021-01-22,1.5,Dara,1710.0,1760.0,1735.0,Chandauli
Uttar Pradesh,Wheat,Chandoli APMC,2021-01-23,1.7,Dara,1720.0,1760.0,1740.0,Chandauli
Uttar Pradesh,Wheat,Chandoli APMC,2021-01-25,1.6,Dara,1725.0,1775.0,1750.0,Chandauli
Uttar Pradesh,Wheat,Chandoli APMC,2021-01-27,1.5,Dara,1740.0,1780.0,1760.0,Chandauli
Uttar Pradesh,Wheat,Chandoli APMC,2021-01-28,1.7,Dara,1740.0,1775.0,1765.0,Chandauli
Uttar Pradesh,Wheat,Chandoli APMC,2021-01-29,1.6,Dara,1750.0,1800.0,1775.0,Chandauli
Uttar Pradesh,Wheat,Chandoli APMC,2021-01-30,1.7,Dara,1750.0,1800.0,1775.0,Chandauli
Uttar Pradesh,Wheat,Charra APMC,2021-01-01,4.8,Dara,1570.0,1640.0,1620.0,Aligarh
Uttar Pradesh,Wheat,Charra APMC,2021-01-02,4.0,Dara,1600.0,1660.0,1640.0,Aligarh
Uttar Pradesh,Wheat,Charra APMC,2021-01-04,4.3,Dara,1600.0,1670.0,1650.0,Aligarh
Uttar Pradesh,Wheat,Charra APMC,2021-01-05,5.2,Dara,1600.0,1670.0,1650.0,Aligarh
Uttar Pradesh,Wheat,Charra APMC,2021-01-06,6.0,Dara,1630.0,1700.0,1680.0,Aligarh
Uttar Pradesh,Wheat,Charra APMC,2021-01-07,4.5,Dara,1680.0,1750.0,1730.0,Aligarh
Uttar Pradesh,Wheat,Charra APMC,2021-01-08,6.5,Dara,1680.0,1750.0,1730.0,Aligarh
Uttar Pradesh,Wheat,Charra APMC,2021-01-09,5.0,Dara,1700.0,1760.0,1740.0,Aligarh
Uttar Pradesh,Wheat,Charra APMC,2021-01-11,7.0,Dara,1670.0,1740.0,1720.0,Aligarh
Uttar Pradesh,Wheat,Charra APMC,2021-01-12,6.0,Dara,1670.0,1740.0,1720.0,Aligarh
Uttar Pradesh,Wheat,Charra APMC,2021-01-13,5.5,Dara,1670.0,1740.0,1720.0,Aligarh
Uttar Pradesh,Wheat,Charra APMC,2021-01-14,5.0,Dara,1660.0,1730.0,1710.0,Aligarh
Uttar Pradesh,Wheat,Charra APMC,2021-01-15,4.5,Dara,1700.0,1760.0,1740.0,Aligarh
Uttar Pradesh,Wheat,Charra APMC,2021-01-16,5.5,Dara,1710.0,1780.0,1760.0,Aligarh
Uttar Pradesh,Wheat,Charra APMC,2021-01-18,6.7,Dara,1720.0,1800.0,1770.0,Aligarh
Uttar Pradesh,Wheat,Charra APMC,2021-01-19,7.0,Dara,1720.0,1800.0,1770.0,Aligarh
Uttar Pradesh,Wheat,Charra APMC,2021-01-20,6.0,Dara,1720.0,1800.0,1770.0,Aligarh
Uttar Pradesh,Wheat,Charra APMC,2021-01-21,5.0,Dara,1730.0,1800.0,1780.0,Aligarh
Uttar Pradesh,Wheat,Charra APMC,2021-01-22,6.5,Dara,1750.0,1820.0,1800.0,Aligarh
Uttar Pradesh,Wheat,Charra APMC,2021-01-23,5.2,Dara,1750.0,1820.0,1800.0,Aligarh
Uttar Pradesh,Wheat,Charra APMC,2021-01-25,6.5,Dara,1750.0,1830.0,1810.0,Aligarh
Uttar Pradesh,Wheat,Charra APMC,2021-01-26,7.0,Dara,1750.0,1830.0,1810.0,Aligarh
Uttar Pradesh,Wheat,Charra APMC,2021-01-27,5.0,Dara,1760.0,1830.0,1810.0,Aligarh
Uttar Pradesh,Wheat,Charra APMC,2021-01-28,7.5,Dara,1750.0,1820.0,1800.0,Aligarh
Uttar Pradesh,Wheat,Charra APMC,2021-01-29,9.0,Dara,1750.0,1820.0,1800.0,Aligarh
Uttar Pradesh,Wheat,Charra APMC,2021-01-30,7.0,Dara,1750.0,1820.0,1800.0,Aligarh
Uttar Pradesh,Wheat,Chhibramau APMC,2021-01-01,2.4,Dara,1600.0,1700.0,1650.0,Kannauj
Uttar Pradesh,Wheat,Chhibramau APMC,2021-01-02,2.2,Dara,1600.0,1700.0,1650.0,Kannauj
Uttar Pradesh,Wheat,Chhibramau APMC,2021-01-03,2.1,Dara,1610.0,1710.0,1660.0,Kannauj
Uttar Pradesh,Wheat,Chhibramau APMC,2021-01-04,2.1,Dara,1600.0,1700.0,1650.0,Kannauj
Uttar Pradesh,Wheat,Chhibramau APMC,2021-01-05,2.0,Dara,1600.0,1700.0,1650.0,Kannauj
Uttar Pradesh,Wheat,Chhibramau APMC,2021-01-06,2.2,Dara,1610.0,1710.0,1660.0,Kannauj
Uttar Pradesh,Wheat,Chhibramau APMC,2021-01-08,2.4,Dara,1600.0,1700.0,1650.0,Kannauj
Uttar Pradesh,Wheat,Chhibramau APMC,2021-01-09,2.1,Dara,1620.0,1720.0,1670.0,Kannauj
Uttar Pradesh,Wheat,Chhibramau APMC,2021-01-10,2.2,Dara,1630.0,1730.0,1680.0,Kannauj
Uttar Pradesh,Wheat,Chhibramau APMC,2021-01-11,2.2,Dara,1640.0,1740.0,1690.0,Kannauj
Uttar Pradesh,Wheat,Chhibramau APMC,2021-01-12,2.4,Dara,1630.0,1730.0,1680.0,Kannauj
Uttar Pradesh,Wheat,Chhibramau APMC,2021-01-13,2.6,Dara,1640.0,1740.0,1690.0,Kannauj
Uttar Pradesh,Wheat,Chhibramau APMC,2021-01-14,2.6,Dara,1650.0,1750.0,1700.0,Kannauj
Uttar Pradesh,Wheat,Chhibramau APMC,2021-01-15,2.6,Dara,1650.0,1750.0,1700.0,Kannauj
Uttar Pradesh,Wheat,Chhibramau APMC,2021-01-16,2.4,Dara,1650.0,1750.0,1700.0,Kannauj
Uttar Pradesh,Wheat,Chhibramau APMC,2021-01-17,2.7,Dara,1650.0,1750.0,1700.0,Kannauj
Uttar Pradesh,Wheat,Chhibramau APMC,2021-01-18,2.4,Dara,1650.0,1750.0,1700.0,Kannauj
Uttar Pradesh,Wheat,Chhibramau APMC,2021-01-19,2.4,Dara,1670.0,1770.0,1720.0,Kannauj
Uttar Pradesh,Wheat,Chhibramau APMC,2021-01-20,2.6,Dara,1660.0,1760.0,1710.0,Kannauj
Uttar Pradesh,Wheat,Chhibramau APMC,2021-01-22,2.6,Dara,1660.0,1760.0,1710.0,Kannauj
Uttar Pradesh,Wheat,Chhibramau APMC,2021-01-23,2.2,Dara,1670.0,1770.0,1720.0,Kannauj
Uttar Pradesh,Wheat,Chhibramau APMC,2021-01-24,2.3,Dara,1660.0,1760.0,1710.0,Kannauj
Uttar Pradesh,Wheat,Chhibramau APMC,2021-01-25,2.4,Dara,1660.0,1760.0,1710.0,Kannauj
Uttar Pradesh,Wheat,Chhibramau APMC,2021-01-27,2.3,Dara,1650.0,1750.0,1700.0,Kannauj
Uttar Pradesh,Wheat,Chhibramau APMC,2021-01-29,2.4,Dara,1660.0,1760.0,1710.0,Kannauj
Uttar Pradesh,Wheat,Chhibramau APMC,2021-01-30,2.3,Dara,1650.0,1750.0,1700.0,Kannauj
Uttar Pradesh,Wheat,Chhibramau APMC,2021-01-31,2.2,Dara,1660.0,1760.0,1710.0,Kannauj
Uttar Pradesh,Wheat,Chirgaon APMC,2021-01-12,1.5,Dara,1650.0,1700.0,1675.0,Jhansi
Uttar Pradesh,Wheat,Chirgaon APMC,2021-01-20,1.5,Dara,1650.0,1725.0,1700.0,Jhansi
Uttar Pradesh,Wheat,Chirgaon APMC,2021-01-21,1.0,Dara,1700.0,1775.0,1750.0,Jhansi
Uttar Pradesh,Wheat,Chirgaon APMC,2021-01-22,2.5,Dara,1710.0,1770.0,1750.0,Jhansi
Uttar Pradesh,Wheat,Chirgaon APMC,2021-01-23,3.0,Dara,1700.0,1750.0,1715.0,Jhansi
Uttar Pradesh,Wheat,Chirgaon APMC,2021-01-24,4.0,Dara,1650.0,1710.0,1700.0,Jhansi
Uttar Pradesh,Wheat,Chirgaon APMC,2021-01-27,2.0,Dara,1625.0,1700.0,1650.0,Jhansi
Uttar Pradesh,Wheat,Chirgaon APMC,2021-01-28,1.5,Dara,1625.0,1675.0,1650.0,Jhansi
Uttar Pradesh,Wheat,Chirgaon APMC,2021-01-29,3.5,Dara,1600.0,1650.0,1625.0,Jhansi
Uttar Pradesh,Wheat,Chirgaon APMC,2021-01-30,2.0,Dara,1600.0,1650.0,1625.0,Jhansi
Uttar Pradesh,Wheat,Chirgaon APMC,2021-01-31,3.5,Dara,1600.0,1650.0,1625.0,Jhansi
Uttar Pradesh,Wheat,Chitwadagaon APMC,2021-01-01,4.5,Dara,1700.0,1760.0,1730.0,Ballia
Uttar Pradesh,Wheat,Chitwadagaon APMC,2021-01-02,4.0,Dara,1700.0,1800.0,1750.0,Ballia
Uttar Pradesh,Wheat,Chitwadagaon APMC,2021-01-04,4.0,Dara,1700.0,1760.0,1730.0,Ballia
Uttar Pradesh,Wheat,Chitwadagaon APMC,2021-01-05,4.5,Dara,1700.0,1800.0,1750.0,Ballia
Uttar Pradesh,Wheat,Chitwadagaon APMC,2021-01-06,4.0,Dara,1710.0,1810.0,1760.0,Ballia
Uttar Pradesh,Wheat,Chitwadagaon APMC,2021-01-07,3.5,Dara,1670.0,1770.0,1720.0,Ballia
Uttar Pradesh,Wheat,Chitwadagaon APMC,2021-01-08,4.0,Dara,1660.0,1760.0,1710.0,Ballia
Uttar Pradesh,Wheat,Chitwadagaon APMC,2021-01-09,3.5,Dara,1660.0,1760.0,1710.0,Ballia
Uttar Pradesh,Wheat,Chitwadagaon APMC,2021-01-11,3.0,Dara,1670.0,1770.0,1720.0,Ballia
Uttar Pradesh,Wheat,Chitwadagaon APMC,2021-01-12,2.0,Dara,1700.0,1760.0,1730.0,Ballia
Uttar Pradesh,Wheat,Chitwadagaon APMC,2021-01-13,2.1,Dara,1700.0,1800.0,1750.0,Ballia
Uttar Pradesh,Wheat,Chitwadagaon APMC,2021-01-15,1.8,Dara,1710.0,1810.0,1760.0,Ballia
Uttar Pradesh,Wheat,Chitwadagaon APMC,2021-01-16,2.0,Dara,1700.0,1780.0,1740.0,Ballia
Uttar Pradesh,Wheat,Chitwadagaon APMC,2021-01-18,2.0,Dara,1700.0,1800.0,1750.0,Ballia
Uttar Pradesh,Wheat,Chitwadagaon APMC,2021-01-19,2.2,Dara,1710.0,1810.0,1760.0,Ballia
Uttar Pradesh,Wheat,Chitwadagaon APMC,2021-01-22,2.3,Dara,1700.0,1800.0,1750.0,Ballia
Uttar Pradesh,Wheat,Chitwadagaon APMC,2021-01-23,1.5,Dara,1710.0,1810.0,1760.0,Ballia
Uttar Pradesh,Wheat,Chitwadagaon APMC,2021-01-25,2.5,Dara,1700.0,1800.0,1750.0,Ballia
Uttar Pradesh,Wheat,Chitwadagaon APMC,2021-01-26,2.4,Dara,1710.0,1810.0,1760.0,Ballia
Uttar Pradesh,Wheat,Chitwadagaon APMC,2021-01-27,2.5,Dara,1700.0,1760.0,1730.0,Ballia
Uttar Pradesh,Wheat,Chitwadagaon APMC,2021-01-28,3.0,Dara,1700.0,1800.0,1750.0,Ballia
Uttar Pradesh,Wheat,Chitwadagaon APMC,2021-01-29,2.5,Dara,1700.0,1780.0,1740.0,Ballia
Uttar Pradesh,Wheat,Chorichora APMC,2021-01-01,26.5,Dara,1670.0,1750.0,1700.0,Gorakhpur
Uttar Pradesh,Wheat,Chorichora APMC,2021-01-02,24.0,Dara,1700.0,1760.0,1725.0,Gorakhpur
Uttar Pradesh,Wheat,Chorichora APMC,2021-01-04,26.0,Dara,1680.0,1760.0,1720.0,Gorakhpur
Uttar Pradesh,Wheat,Chorichora APMC,2021-01-05,28.0,Dara,1650.0,1750.0,1700.0,Gorakhpur
Uttar Pradesh,Wheat,Chorichora APMC,2021-01-06,26.0,Dara,1660.0,1760.0,1720.0,Gorakhpur
Uttar Pradesh,Wheat,Chorichora APMC,2021-01-07,27.5,Dara,1680.0,1780.0,1720.0,Gorakhpur
Uttar Pradesh,Wheat,Chorichora APMC,2021-01-08,30.0,Dara,1650.0,1750.0,1700.0,Gorakhpur
Uttar Pradesh,Wheat,Chorichora APMC,2021-01-09,26.0,Dara,1680.0,1760.0,1720.0,Gorakhpur
Uttar Pradesh,Wheat,Chorichora APMC,2021-01-11,24.0,Dara,1650.0,1750.0,1700.0,Gorakhpur
Uttar Pradesh,Wheat,Chorichora APMC,2021-01-12,22.0,Dara,1680.0,1760.0,1725.0,Gorakhpur
Uttar Pradesh,Wheat,Chorichora APMC,2021-01-13,25.0,Dara,1680.0,1760.0,1720.0,Gorakhpur
Uttar Pradesh,Wheat,Chorichora APMC,2021-01-14,26.5,Dara,1650.0,1750.0,1700.0,Gorakhpur
Uttar Pradesh,Wheat,Chorichora APMC,2021-01-15,24.5,Dara,1680.0,1780.0,1720.0,Gorakhpur
Uttar Pradesh,Wheat,Chorichora APMC,2021-01-16,22.5,Dara,1680.0,1780.0,1725.0,Gorakhpur
Uttar Pradesh,Wheat,Chorichora APMC,2021-01-18,25.0,Dara,1650.0,1780.0,1720.0,Gorakhpur
Uttar Pradesh,Wheat,Chorichora APMC,2021-01-19,21.5,Dara,1700.0,1780.0,1735.0,Gorakhpur
Uttar Pradesh,Wheat,Chorichora APMC,2021-01-20,22.0,Dara,2370.0,2460.0,2420.0,Gorakhpur
Uttar Pradesh,Wheat,Chorichora APMC,2021-01-21,22.5,Dara,1680.0,1780.0,1730.0,Gorakhpur
Uttar Pradesh,Wheat,Chorichora APMC,2021-01-22,20.0,Dara,1700.0,1800.0,1735.0,Gorakhpur
Uttar Pradesh,Wheat,Chorichora APMC,2021-01-23,25.0,Dara,1650.0,1750.0,1700.0,Gorakhpur
Uttar Pradesh,Wheat,Chorichora APMC,2021-01-25,22.0,Dara,1680.0,1780.0,1730.0,Gorakhpur
Uttar Pradesh,Wheat,Chorichora APMC,2021-01-27,26.5,Dara,1680.0,1780.0,1725.0,Gorakhpur
Uttar Pradesh,Wheat,Chorichora APMC,2021-01-29,26.5,Dara,1660.0,1780.0,1730.0,Gorakhpur
Uttar Pradesh,Wheat,Chorichora APMC,2021-01-30,24.0,Dara,1700.0,1780.0,1740.0,Gorakhpur
Uttar Pradesh,Wheat,Choubepur APMC,2021-01-01,64.0,Dara,1662.0,1760.0,1700.0,Jaunpur
Uttar Pradesh,Wheat,Choubepur APMC,2021-01-02,78.0,Dara,1650.0,1750.0,1700.0,Jaunpur
Uttar Pradesh,Wheat,Choubepur APMC,2021-01-04,56.5,Dara,1640.0,1750.0,1700.0,Jaunpur
Uttar Pradesh,Wheat,Choubepur APMC,2021-01-05,63.5,Dara,1663.0,1760.0,1700.0,Jaunpur
Uttar Pradesh,Wheat,Choubepur APMC,2021-01-06,52.0,Dara,1625.0,1700.0,1675.0,Jaunpur
Uttar Pradesh,Wheat,Choubepur APMC,2021-01-07,66.0,Dara,1638.0,1748.0,1685.0,Jaunpur
Uttar Pradesh,Wheat,Choubepur APMC,2021-01-08,68.0,Dara,1648.0,1750.0,1700.0,Jaunpur
Uttar Pradesh,Wheat,Choubepur APMC,2021-01-09,69.0,Dara,1650.0,1750.0,1700.0,Jaunpur
Uttar Pradesh,Wheat,Choubepur APMC,2021-01-11,57.5,Dara,1637.0,1745.0,1685.0,Jaunpur
Uttar Pradesh,Wheat,Choubepur APMC,2021-01-12,67.0,Dara,1642.0,1750.0,1700.0,Jaunpur
Uttar Pradesh,Wheat,Choubepur APMC,2021-01-13,52.5,Dara,1680.0,1800.0,1740.0,Jaunpur
Uttar Pradesh,Wheat,Choubepur APMC,2021-01-14,62.0,Dara,1650.0,1750.0,1700.0,Jaunpur
Uttar Pradesh,Wheat,Choubepur APMC,2021-01-15,71.0,Dara,1664.0,1760.0,1700.0,Jaunpur
Uttar Pradesh,Wheat,Choubepur APMC,2021-01-16,51.0,Dara,1676.0,1750.0,1700.0,Jaunpur
Uttar Pradesh,Wheat,Choubepur APMC,2021-01-18,78.0,Dara,1680.0,1800.0,1740.0,Jaunpur
Uttar Pradesh,Wheat,Choubepur APMC,2021-01-19,65.0,Dara,1665.0,1750.0,1700.0,Jaunpur
Uttar Pradesh,Wheat,Choubepur APMC,2021-01-20,52.0,Dara,1685.0,1800.0,1745.0,Jaunpur
Uttar Pradesh,Wheat,Choubepur APMC,2021-01-21,71.5,Dara,1678.0,1785.0,1730.0,Jaunpur
Uttar Pradesh,Wheat,Choubepur APMC,2021-01-22,63.5,Dara,1686.0,1800.0,1745.0,Jaunpur
Uttar Pradesh,Wheat,Choubepur APMC,2021-01-23,70.0,Dara,1675.0,1780.0,1725.0,Jaunpur
Uttar Pradesh,Wheat,Choubepur APMC,2021-01-25,65.5,Dara,1685.0,1800.0,1745.0,Jaunpur
Uttar Pradesh,Wheat,Choubepur APMC,2021-01-26,73.0,Dara,1700.0,1800.0,1750.0,Jaunpur
Uttar Pradesh,Wheat,Choubepur APMC,2021-01-27,68.0,Dara,1725.0,1825.0,1775.0,Jaunpur
Uttar Pradesh,Wheat,Choubepur APMC,2021-01-28,59.0,Dara,1730.0,1840.0,1780.0,Jaunpur
Uttar Pradesh,Wheat,Choubepur APMC,2021-01-29,65.0,Dara,1722.0,1830.0,1770.0,Jaunpur
Uttar Pradesh,Wheat,Choubepur APMC,2021-01-30,57.0,Dara,1725.0,1825.0,1775.0,Jaunpur
Uttar Pradesh,Wheat,DADRI APMC,2021-01-01,40.0,Dara,1710.0,1790.0,1750.0,Gautam Buddha Nagar
Uttar Pradesh,Wheat,DADRI APMC,2021-01-03,45.0,Dara,1700.0,1780.0,1740.0,Gautam Buddha Nagar
Uttar Pradesh,Wheat,DADRI APMC,2021-01-04,40.0,Dara,1700.0,1780.0,1740.0,Gautam Buddha Nagar
Uttar Pradesh,Wheat,DADRI APMC,2021-01-05,35.0,Dara,1730.0,1800.0,1770.0,Gautam Buddha Nagar
Uttar Pradesh,Wheat,DADRI APMC,2021-01-07,40.0,Dara,1710.0,1790.0,1750.0,Gautam Buddha Nagar
Uttar Pradesh,Wheat,DADRI APMC,2021-01-08,40.0,Dara,1720.0,1800.0,1760.0,Gautam Buddha Nagar
Uttar Pradesh,Wheat,DADRI APMC,2021-01-09,30.0,Dara,1730.0,1820.0,1780.0,Gautam Buddha Nagar
Uttar Pradesh,Wheat,DADRI APMC,2021-01-10,50.0,Dara,1720.0,1810.0,1770.0,Gautam Buddha Nagar
Uttar Pradesh,Wheat,DADRI APMC,2021-01-11,50.0,Dara,1720.0,1800.0,1760.0,Gautam Buddha Nagar
Uttar Pradesh,Wheat,DADRI APMC,2021-01-12,40.0,Dara,1730.0,1820.0,1770.0,Gautam Buddha Nagar
Uttar Pradesh,Wheat,DADRI APMC,2021-01-14,40.0,Dara,1730.0,1820.0,1780.0,Gautam Buddha Nagar
Uttar Pradesh,Wheat,DADRI APMC,2021-01-15,50.0,Dara,1730.0,1830.0,1780.0,Gautam Buddha Nagar
Uttar Pradesh,Wheat,DADRI APMC,2021-01-16,50.0,Dara,1730.0,1810.0,1770.0,Gautam Buddha Nagar
Uttar Pradesh,Wheat,DADRI APMC,2021-01-17,40.0,Dara,1730.0,1810.0,1770.0,Gautam Buddha Nagar
Uttar Pradesh,Wheat,DADRI APMC,2021-01-18,40.0,Dara,1740.0,1820.0,1780.0,Gautam Buddha Nagar
Uttar Pradesh,Wheat,DADRI APMC,2021-01-19,50.0,Dara,1730.0,1820.0,1780.0,Gautam Buddha Nagar
Uttar Pradesh,Wheat,DADRI APMC,2021-01-21,50.0,Dara,1730.0,1810.0,1770.0,Gautam Buddha Nagar
Uttar Pradesh,Wheat,DADRI APMC,2021-01-22,40.0,Dara,1730.0,1820.0,1770.0,Gautam Buddha Nagar
Uttar Pradesh,Wheat,DADRI APMC,2021-01-23,40.0,Dara,1700.0,1820.0,1780.0,Gautam Buddha Nagar
Uttar Pradesh,Wheat,DADRI APMC,2021-01-24,50.0,Dara,1690.0,1770.0,1730.0,Gautam Buddha Nagar
Uttar Pradesh,Wheat,DADRI APMC,2021-01-25,40.0,Dara,1700.0,1790.0,1750.0,Gautam Buddha Nagar
Uttar Pradesh,Wheat,DADRI APMC,2021-01-26,30.0,Dara,1710.0,1790.0,1750.0,Gautam Buddha Nagar
Uttar Pradesh,Wheat,DADRI APMC,2021-01-28,30.0,Dara,1720.0,1800.0,1760.0,Gautam Buddha Nagar
Uttar Pradesh,Wheat,DADRI APMC,2021-01-29,40.0,Dara,1690.0,1770.0,1730.0,Gautam Buddha Nagar
Uttar Pradesh,Wheat,DADRI APMC,2021-01-30,30.0,Dara,1680.0,1780.0,1730.0,Gautam Buddha Nagar
Uttar Pradesh,Wheat,DADRI APMC,2021-01-31,30.0,Dara,1710.0,1790.0,1750.0,Gautam Buddha Nagar
Uttar Pradesh,Wheat,Dankaur APMC,2021-01-01,4.0,Dara,1740.0,1770.0,1760.0,Gautam Buddha Nagar
Uttar Pradesh,Wheat,Dankaur APMC,2021-01-02,4.5,Dara,1700.0,1782.0,1755.0,Gautam Buddha Nagar
Uttar Pradesh,Wheat,Dankaur APMC,2021-01-03,4.0,Dara,1740.0,1760.0,1740.0,Gautam Buddha Nagar
Uttar Pradesh,Wheat,Dankaur APMC,2021-01-05,4.4,Dara,1740.0,1765.0,1745.0,Gautam Buddha Nagar
Uttar Pradesh,Wheat,Dankaur APMC,2021-01-06,4.5,Dara,1760.0,1780.0,1780.0,Gautam Buddha Nagar
Uttar Pradesh,Wheat,Dankaur APMC,2021-01-08,4.0,Dara,1755.0,1760.0,1760.0,Gautam Buddha Nagar
Uttar Pradesh,Wheat,Dankaur APMC,2021-01-09,4.5,Dara,1732.0,1750.0,1740.0,Gautam Buddha Nagar
Uttar Pradesh,Wheat,Dankaur APMC,2021-01-10,5.0,Dara,1740.0,1770.0,1760.0,Gautam Buddha Nagar
Uttar Pradesh,Wheat,Dankaur APMC,2021-01-11,5.5,Dara,1725.0,1780.0,1765.0,Gautam Buddha Nagar
Uttar Pradesh,Wheat,Dankaur APMC,2021-01-12,5.0,Dara,1730.0,1760.0,1740.0,Gautam Buddha Nagar
Uttar Pradesh,Wheat,Dankaur APMC,2021-01-13,5.2,Dara,1740.0,1760.0,1750.0,Gautam Buddha Nagar
Uttar Pradesh,Wheat,Dankaur APMC,2021-01-15,5.0,Dara,1740.0,1780.0,1760.0,Gautam Buddha Nagar
Uttar Pradesh,Wheat,Dankaur APMC,2021-01-16,5.5,Dara,1740.0,1760.0,1750.0,Gautam Buddha Nagar
Uttar Pradesh,Wheat,Dankaur APMC,2021-01-17,5.2,Dara,1730.0,1760.0,1740.0,Gautam Buddha Nagar
Uttar Pradesh,Wheat,Dankaur APMC,2021-01-18,5.0,Dara,1740.0,1780.0,1760.0,Gautam Buddha Nagar
Uttar Pradesh,Wheat,Dankaur APMC,2021-01-19,4.0,Dara,1730.0,1760.0,1740.0,Gautam Buddha Nagar
Uttar Pradesh,Wheat,Dankaur APMC,2021-01-20,3.0,Dara,1740.0,1780.0,1760.0,Gautam Buddha Nagar
Uttar Pradesh,Wheat,Dankaur APMC,2021-01-22,4.0,Dara,1740.0,1780.0,1760.0,Gautam Buddha Nagar
Uttar Pradesh,Wheat,Dankaur APMC,2021-01-23,5.0,Dara,1730.0,1760.0,1740.0,Gautam Buddha Nagar
Uttar Pradesh,Wheat,Dankaur APMC,2021-01-25,4.0,Dara,1655.0,1750.0,1700.0,Gautam Buddha Nagar
Uttar Pradesh,Wheat,Dankaur APMC,2021-01-27,4.5,Dara,1730.0,1770.0,1756.0,Gautam Buddha Nagar
Uttar Pradesh,Wheat,Dankaur APMC,2021-01-29,4.0,Dara,1740.0,1780.0,1760.0,Gautam Buddha Nagar
Uttar Pradesh,Wheat,Dankaur APMC,2021-01-30,5.0,Dara,1730.0,1780.0,1750.0,Gautam Buddha Nagar
Uttar Pradesh,Wheat,Dankaur APMC,2021-01-31,4.5,Dara,1720.0,1760.0,1740.0,Gautam Buddha Nagar
Uttar Pradesh,Wheat,Devariya APMC,2021-01-01,25.0,Dara,1720.0,1745.0,1735.0,Deoria
Uttar Pradesh,Wheat,Devariya APMC,2021-01-02,40.0,Dara,1720.0,1760.0,1740.0,Deoria
Uttar Pradesh,Wheat,Devariya APMC,2021-01-04,18.5,Dara,1700.0,1735.0,1725.0,Deoria
Uttar Pradesh,Wheat,Devariya APMC,2021-01-06,23.0,Dara,1720.0,1760.0,1740.0,Deoria
Uttar Pradesh,Wheat,Devariya APMC,2021-01-07,35.0,Dara,1700.0,1740.0,1730.0,Deoria
Uttar Pradesh,Wheat,Devariya APMC,2021-01-08,30.0,Dara,1725.0,1745.0,1735.0,Deoria
Uttar Pradesh,Wheat,Devariya APMC,2021-01-09,26.5,Dara,1720.0,1750.0,1740.0,Deoria
Uttar Pradesh,Wheat,Devariya APMC,2021-01-11,25.0,Dara,1725.0,1745.0,1735.0,Deoria
Uttar Pradesh,Wheat,Devariya APMC,2021-01-12,26.0,Dara,1725.0,1745.0,1735.0,Deoria
Uttar Pradesh,Wheat,Devariya APMC,2021-01-13,10.8,Dara,1720.0,1750.0,1735.0,Deoria
Uttar Pradesh,Wheat,Devariya APMC,2021-01-16,20.0,Dara,1700.0,1735.0,1725.0,Deoria
Uttar Pradesh,Wheat,Devariya APMC,2021-01-18,25.0,Dara,1720.0,1760.0,1740.0,Deoria
Uttar Pradesh,Wheat,Devariya APMC,2021-01-19,20.0,Dara,1720.0,1740.0,1730.0,Deoria
Uttar Pradesh,Wheat,Devariya APMC,2021-01-20,28.0,Dara,1700.0,1735.0,1725.0,Deoria
Uttar Pradesh,Wheat,Devariya APMC,2021-01-21,30.0,Dara,1720.0,1750.0,1740.0,Deoria
Uttar Pradesh,Wheat,Devariya APMC,2021-01-22,25.0,Dara,1720.0,1750.0,1740.0,Deoria
Uttar Pradesh,Wheat,Devariya APMC,2021-01-23,55.0,Dara,1850.0,1885.0,1868.0,Deoria
Uttar Pradesh,Wheat,Devariya APMC,2021-01-27,23.5,Dara,1725.0,1750.0,1735.0,Deoria
Uttar Pradesh,Wheat,Devariya APMC,2021-01-28,25.0,Dara,1720.0,1755.0,1740.0,Deoria
Uttar Pradesh,Wheat,Devariya APMC,2021-01-29,24.0,Dara,1720.0,1755.0,1740.0,Deoria
Uttar Pradesh,Wheat,Devariya APMC,2021-01-30,30.0,Dara,1725.0,1745.0,1735.0,Deoria
Uttar Pradesh,Wheat,Dhanaura APMC,2021-01-01,1.0,Dara,1840.0,1925.0,1900.0,Amroha
Uttar Pradesh,Wheat,Dhanaura APMC,2021-01-02,0.8,Dara,1840.0,1925.0,1900.0,Amroha
Uttar Pradesh,Wheat,Dhanaura APMC,2021-01-03,1.3,Dara,1840.0,1925.0,1900.0,Amroha
Uttar Pradesh,Wheat,Dhanaura APMC,2021-01-04,1.0,Dara,1840.0,1925.0,1900.0,Amroha
Uttar Pradesh,Wheat,Dhanaura APMC,2021-01-05,1.0,Dara,1840.0,1925.0,1900.0,Amroha
Uttar Pradesh,Wheat,Dhanaura APMC,2021-01-07,0.6,Dara,1840.0,1925.0,1900.0,Amroha
Uttar Pradesh,Wheat,Dhanaura APMC,2021-01-11,0.5,Dara,1840.0,1925.0,1900.0,Amroha
Uttar Pradesh,Wheat,Dhanaura APMC,2021-01-12,1.0,Dara,1840.0,1925.0,1900.0,Amroha
Uttar Pradesh,Wheat,Dhanaura APMC,2021-01-13,1.0,Dara,1840.0,1925.0,1900.0,Amroha
Uttar Pradesh,Wheat,Dhanaura APMC,2021-01-14,1.0,Dara,1840.0,1925.0,1900.0,Amroha
Uttar Pradesh,Wheat,Dhanaura APMC,2021-01-15,1.2,Dara,1840.0,1925.0,1900.0,Amroha
Uttar Pradesh,Wheat,Dhanaura APMC,2021-01-16,1.2,Dara,1840.0,1925.0,1900.0,Amroha
Uttar Pradesh,Wheat,Dhanaura APMC,2021-01-17,1.2,Dara,1840.0,1925.0,1900.0,Amroha
Uttar Pradesh,Wheat,Dhanaura APMC,2021-01-18,1.2,Dara,1840.0,1925.0,1900.0,Amroha
Uttar Pradesh,Wheat,Dhanaura APMC,2021-01-19,0.5,Dara,1840.0,1925.0,1900.0,Amroha
Uttar Pradesh,Wheat,Dhanaura APMC,2021-01-20,1.2,Dara,1840.0,1925.0,1900.0,Amroha
Uttar Pradesh,Wheat,Dhanaura APMC,2021-01-21,1.2,Dara,1840.0,1925.0,1900.0,Amroha
Uttar Pradesh,Wheat,Dhanaura APMC,2021-01-22,1.2,Dara,1840.0,1925.0,1900.0,Amroha
Uttar Pradesh,Wheat,Dhanaura APMC,2021-01-23,1.2,Dara,1840.0,1925.0,1900.0,Amroha
Uttar Pradesh,Wheat,Dhanaura APMC,2021-01-24,1.2,Dara,1840.0,1925.0,1900.0,Amroha
Uttar Pradesh,Wheat,Dhanaura APMC,2021-01-25,1.0,Dara,1840.0,1925.0,1900.0,Amroha
Uttar Pradesh,Wheat,Dhanaura APMC,2021-01-26,1.0,Dara,1840.0,1925.0,1900.0,Amroha
Uttar Pradesh,Wheat,Dhanaura APMC,2021-01-27,1.0,Dara,1840.0,1925.0,1900.0,Amroha
Uttar Pradesh,Wheat,Dhanaura APMC,2021-01-28,1.2,Dara,1840.0,1925.0,1900.0,Amroha
Uttar Pradesh,Wheat,Dhanaura APMC,2021-01-29,1.2,Dara,1840.0,1925.0,1900.0,Amroha
Uttar Pradesh,Wheat,Dhanaura APMC,2021-01-30,1.0,Dara,1840.0,1925.0,1900.0,Amroha
Uttar Pradesh,Wheat,Dhanaura APMC,2021-01-31,1.0,Dara,1840.0,1925.0,1900.0,Amroha
Uttar Pradesh,Wheat,Etah APMC,2021-01-01,28.0,Dara,1590.0,1630.0,1610.0,Etah
Uttar Pradesh,Wheat,Etah APMC,2021-01-02,30.0,Dara,1600.0,1640.0,1620.0,Etah
Uttar Pradesh,Wheat,Etah APMC,2021-01-03,26.0,Dara,1600.0,1630.0,1610.0,Etah
Uttar Pradesh,Wheat,Etah APMC,2021-01-04,40.0,Dara,1610.0,1650.0,1630.0,Etah
Uttar Pradesh,Wheat,Etah APMC,2021-01-06,45.0,Dara,1640.0,1670.0,1650.0,Etah
Uttar Pradesh,Wheat,Etah APMC,2021-01-07,60.0,Dara,1670.0,1700.0,1680.0,Etah
Uttar Pradesh,Wheat,Etah APMC,2021-01-08,55.0,Dara,1660.0,1690.0,1670.0,Etah
Uttar Pradesh,Wheat,Etah APMC,2021-01-09,70.0,Dara,1670.0,1700.0,1680.0,Etah
Uttar Pradesh,Wheat,Etah APMC,2021-01-10,65.0,Dara,1680.0,1700.0,1690.0,Etah
Uttar Pradesh,Wheat,Etah APMC,2021-01-11,60.0,Dara,1670.0,1700.0,1680.0,Etah
Uttar Pradesh,Wheat,Etah APMC,2021-01-13,80.0,Dara,1680.0,1700.0,1690.0,Etah
Uttar Pradesh,Wheat,Etah APMC,2021-01-14,65.0,Dara,1700.0,1730.0,1710.0,Etah
Uttar Pradesh,Wheat,Etah APMC,2021-01-15,60.0,Dara,1700.0,1740.0,1720.0,Etah
Uttar Pradesh,Wheat,Etah APMC,2021-01-16,55.0,Dara,1710.0,1740.0,1730.0,Etah
Uttar Pradesh,Wheat,Etah APMC,2021-01-17,45.0,Dara,1700.0,1740.0,1720.0,Etah
Uttar Pradesh,Wheat,Etah APMC,2021-01-18,50.0,Dara,1730.0,1750.0,1740.0,Etah
Uttar Pradesh,Wheat,Etah APMC,2021-01-20,54.0,Dara,1740.0,1770.0,1750.0,Etah
Uttar Pradesh,Wheat,Etah APMC,2021-01-21,50.0,Dara,1750.0,1780.0,1760.0,Etah
Uttar Pradesh,Wheat,Etah APMC,2021-01-22,40.0,Dara,1760.0,1790.0,1770.0,Etah
Uttar Pradesh,Wheat,Etah APMC,2021-01-23,50.0,Dara,1750.0,1780.0,1760.0,Etah
Uttar Pradesh,Wheat,Etah APMC,2021-01-24,46.0,Dara,1740.0,1770.0,1750.0,Etah
Uttar Pradesh,Wheat,Etah APMC,2021-01-25,40.0,Dara,1730.0,1760.0,1740.0,Etah
Uttar Pradesh,Wheat,Etah APMC,2021-01-27,48.0,Dara,1730.0,1760.0,1750.0,Etah
Uttar Pradesh,Wheat,Etah APMC,2021-01-28,55.0,Dara,1730.0,1750.0,1740.0,Etah
Uttar Pradesh,Wheat,Etah APMC,2021-01-29,46.0,Dara,1700.0,1740.0,1720.0,Etah
Uttar Pradesh,Wheat,Etah APMC,2021-01-30,40.0,Dara,1700.0,1750.0,1740.0,Etah
Uttar Pradesh,Wheat,Etah APMC,2021-01-31,38.0,Dara,1720.0,1760.0,1750.0,Etah
Uttar Pradesh,Wheat,Etawah APMC,2021-01-01,6.0,Dara,1535.0,1670.0,1625.0,Etawah
Uttar Pradesh,Wheat,Etawah APMC,2021-01-02,5.0,Dara,1540.0,1675.0,1630.0,Etawah
Uttar Pradesh,Wheat,Etawah APMC,2021-01-04,6.5,Dara,1540.0,1680.0,1630.0,Etawah
Uttar Pradesh,Wheat,Etawah APMC,2021-01-05,5.0,Dara,1575.0,1725.0,1660.0,Etawah
Uttar Pradesh,Wheat,Etawah APMC,2021-01-06,6.0,Dara,1575.0,1725.0,1660.0,Etawah
Uttar Pradesh,Wheat,Etawah APMC,2021-01-07,5.5,Dara,1600.0,1750.0,1675.0,Etawah
Uttar Pradesh,Wheat,Etawah APMC,2021-01-08,4.5,Dara,1650.0,1785.0,1725.0,Etawah
Uttar Pradesh,Wheat,Etawah APMC,2021-01-09,6.5,Dara,1650.0,1770.0,1720.0,Etawah
Uttar Pradesh,Wheat,Etawah APMC,2021-01-11,5.5,Dara,1650.0,1770.0,1730.0,Etawah
Uttar Pradesh,Wheat,Etawah APMC,2021-01-12,5.0,Dara,1675.0,1775.0,1730.0,Etawah
Uttar Pradesh,Wheat,Etawah APMC,2021-01-13,4.0,Dara,1675.0,1785.0,1735.0,Etawah
Uttar Pradesh,Wheat,Etawah APMC,2021-01-14,5.0,Dara,1665.0,1785.0,1735.0,Etawah
Uttar Pradesh,Wheat,Etawah APMC,2021-01-15,6.5,Dara,1650.0,1780.0,1730.0,Etawah
Uttar Pradesh,Wheat,Etawah APMC,2021-01-16,7.0,Dara,1660.0,1760.0,1725.0,Etawah
Uttar Pradesh,Wheat,Etawah APMC,2021-01-18,7.5,Dara,1660.0,1770.0,1725.0,Etawah
Uttar Pradesh,Wheat,Etawah APMC,2021-01-19,6.5,Dara,1650.0,1785.0,1730.0,Etawah
Uttar Pradesh,Wheat,Etawah APMC,2021-01-20,7.5,Dara,1650.0,1775.0,1725.0,Etawah
Uttar Pradesh,Wheat,Etawah APMC,2021-01-21,6.0,Dara,1655.0,1780.0,1735.0,Etawah
Uttar Pradesh,Wheat,Etawah APMC,2021-01-22,7.5,Dara,1655.0,1780.0,1735.0,Etawah
Uttar Pradesh,Wheat,Etawah APMC,2021-01-23,6.0,Dara,1680.0,1800.0,1740.0,Etawah
Uttar Pradesh,Wheat,Etawah APMC,2021-01-25,8.0,Dara,1670.0,1800.0,1735.0,Etawah
Uttar Pradesh,Wheat,Etawah APMC,2021-01-27,9.5,Dara,1660.0,1750.0,1705.0,Etawah
Uttar Pradesh,Wheat,Etawah APMC,2021-01-28,7.5,Dara,1665.0,1760.0,1710.0,Etawah
Uttar Pradesh,Wheat,Etawah APMC,2021-01-29,8.0,Dara,1635.0,1725.0,1680.0,Etawah
Uttar Pradesh,Wheat,Etawah APMC,2021-01-30,7.0,Dara,1650.0,1750.0,1700.0,Etawah
Uttar Pradesh,Wheat,Farukhabad APMC,2021-01-01,15.0,Dara,1640.0,1675.0,1660.0,Farrukhabad
Uttar Pradesh,Wheat,Farukhabad APMC,2021-01-02,14.0,Dara,1630.0,1680.0,1660.0,Farrukhabad
Uttar Pradesh,Wheat,Farukhabad APMC,2021-01-04,13.0,Dara,1640.0,1675.0,1665.0,Farrukhabad
Uttar Pradesh,Wheat,Farukhabad APMC,2021-01-05,13.5,Dara,1630.0,1675.0,1655.0,Farrukhabad
Uttar Pradesh,Wheat,Farukhabad APMC,2021-01-06,13.5,Dara,1640.0,1675.0,1660.0,Farrukhabad
Uttar Pradesh,Wheat,Farukhabad APMC,2021-01-07,14.0,Dara,1630.0,1665.0,1650.0,Farrukhabad
Uttar Pradesh,Wheat,Farukhabad APMC,2021-01-08,15.0,Dara,1630.0,1670.0,1650.0,Farrukhabad
Uttar Pradesh,Wheat,Farukhabad APMC,2021-01-09,13.5,Dara,1630.0,1675.0,1650.0,Farrukhabad
Uttar Pradesh,Wheat,Farukhabad APMC,2021-01-11,14.0,Dara,1625.0,1665.0,1640.0,Farrukhabad
Uttar Pradesh,Wheat,Farukhabad APMC,2021-01-12,16.0,Dara,1630.0,1675.0,1655.0,Farrukhabad
Uttar Pradesh,Wheat,Farukhabad APMC,2021-01-13,14.0,Dara,1640.0,1660.0,1650.0,Farrukhabad
Uttar Pradesh,Wheat,Farukhabad APMC,2021-01-14,15.0,Dara,1635.0,1675.0,1655.0,Farrukhabad
Uttar Pradesh,Wheat,Farukhabad APMC,2021-01-15,15.0,Dara,2200.0,2300.0,2250.0,Farrukhabad
Uttar Pradesh,Wheat,Farukhabad APMC,2021-01-16,13.5,Dara,1630.0,1675.0,1650.0,Farrukhabad
Uttar Pradesh,Wheat,Farukhabad APMC,2021-01-18,15.0,Dara,1625.0,1675.0,1655.0,Farrukhabad
Uttar Pradesh,Wheat,Farukhabad APMC,2021-01-19,15.0,Dara,1620.0,1700.0,1660.0,Farrukhabad
Uttar Pradesh,Wheat,Farukhabad APMC,2021-01-20,13.0,Dara,1620.0,1680.0,1650.0,Farrukhabad
Uttar Pradesh,Wheat,Farukhabad APMC,2021-01-21,15.0,Dara,1630.0,1690.0,1660.0,Farrukhabad
Uttar Pradesh,Wheat,Farukhabad APMC,2021-01-22,16.0,Dara,1625.0,1680.0,1645.0,Farrukhabad
Uttar Pradesh,Wheat,Farukhabad APMC,2021-01-23,14.0,Dara,1630.0,1690.0,1660.0,Farrukhabad
Uttar Pradesh,Wheat,Farukhabad APMC,2021-01-25,16.0,Dara,1630.0,1680.0,1650.0,Farrukhabad
Uttar Pradesh,Wheat,Farukhabad APMC,2021-01-27,15.0,Dara,1640.0,1680.0,1660.0,Farrukhabad
Uttar Pradesh,Wheat,Farukhabad APMC,2021-01-28,16.0,Dara,1650.0,1700.0,1675.0,Farrukhabad
Uttar Pradesh,Wheat,Farukhabad APMC,2021-01-29,17.0,Dara,1640.0,1720.0,1680.0,Farrukhabad
Uttar Pradesh,Wheat,Farukhabad APMC,2021-01-30,14.0,Dara,1645.0,1720.0,1680.0,Farrukhabad
Uttar Pradesh,Wheat,Fatehabad APMC,2021-01-16,0.7,Dara,1600.0,1650.0,1620.0,Agra
Uttar Pradesh,Wheat,Fatehabad APMC,2021-01-28,0.8,Dara,1550.0,1650.0,1600.0,Agra
Uttar Pradesh,Wheat,Fatehpur APMC,2021-01-01,26.0,Dara,1610.0,1630.0,1620.0,Fatehpur
Uttar Pradesh,Wheat,Fatehpur APMC,2021-01-02,19.5,Dara,1600.0,1620.0,1610.0,Fatehpur
Uttar Pradesh,Wheat,Fatehpur APMC,2021-01-03,16.5,Dara,1600.0,1625.0,1615.0,Fatehpur
Uttar Pradesh,Wheat,Fatehpur APMC,2021-01-04,17.5,Dara,1610.0,1630.0,1620.0,Fatehpur
Uttar Pradesh,Wheat,Fatehpur APMC,2021-01-05,16.2,Dara,1600.0,1620.0,1610.0,Fatehpur
Uttar Pradesh,Wheat,Fatehpur APMC,2021-01-06,16.8,Dara,1600.0,1625.0,1615.0,Fatehpur
Uttar Pradesh,Wheat,Fatehpur APMC,2021-01-08,14.6,Dara,1610.0,1630.0,1620.0,Fatehpur
Uttar Pradesh,Wheat,Fatehpur APMC,2021-01-09,15.2,Dara,1600.0,1625.0,1615.0,Fatehpur
Uttar Pradesh,Wheat,Fatehpur APMC,2021-01-10,16.5,Dara,1600.0,1625.0,1615.0,Fatehpur
Uttar Pradesh,Wheat,Fatehpur APMC,2021-01-11,14.5,Dara,1610.0,1630.0,1620.0,Fatehpur
Uttar Pradesh,Wheat,Fatehpur APMC,2021-01-12,16.2,Dara,1610.0,1635.0,1625.0,Fatehpur
Uttar Pradesh,Wheat,Fatehpur APMC,2021-01-13,18.5,Dara,1610.0,1630.0,1620.0,Fatehpur
Uttar Pradesh,Wheat,Fatehpur APMC,2021-01-15,16.5,Dara,1615.0,1635.0,1625.0,Fatehpur
Uttar Pradesh,Wheat,Fatehpur APMC,2021-01-16,17.8,Dara,1610.0,1630.0,1620.0,Fatehpur
Uttar Pradesh,Wheat,Fatehpur APMC,2021-01-17,14.5,Dara,1615.0,1635.0,1625.0,Fatehpur
Uttar Pradesh,Wheat,Fatehpur APMC,2021-01-18,16.2,Dara,1620.0,1640.0,1630.0,Fatehpur
Uttar Pradesh,Wheat,Fatehpur APMC,2021-01-19,15.3,Dara,1625.0,1645.0,1635.0,Fatehpur
Uttar Pradesh,Wheat,Fatehpur APMC,2021-01-20,16.6,Dara,1630.0,1650.0,1640.0,Fatehpur
Uttar Pradesh,Wheat,Fatehpur APMC,2021-01-22,17.5,Dara,1640.0,1660.0,1650.0,Fatehpur
Uttar Pradesh,Wheat,Fatehpur APMC,2021-01-23,14.6,Dara,1640.0,1660.0,1650.0,Fatehpur
Uttar Pradesh,Wheat,Fatehpur APMC,2021-01-24,12.5,Dara,1635.0,1655.0,1645.0,Fatehpur
Uttar Pradesh,Wheat,Fatehpur APMC,2021-01-25,14.5,Dara,1650.0,1670.0,1660.0,Fatehpur
Uttar Pradesh,Wheat,Fatehpur APMC,2021-01-27,13.5,Dara,1650.0,1675.0,1665.0,Fatehpur
Uttar Pradesh,Wheat,Fatehpur APMC,2021-01-29,14.6,Dara,1660.0,1680.0,1670.0,Fatehpur
Uttar Pradesh,Wheat,Fatehpur APMC,2021-01-30,16.2,Dara,1660.0,1690.0,1675.0,Fatehpur
Uttar Pradesh,Wheat,Fatehpur APMC,2021-01-31,14.5,Dara,1660.0,1680.0,1670.0,Fatehpur
Uttar Pradesh,Wheat,Fatehpur Sikri APMC,2021-01-01,10.5,Dara,1600.0,1720.0,1655.0,Agra
Uttar Pradesh,Wheat,Fatehpur Sikri APMC,2021-01-02,9.0,Dara,1600.0,1750.0,1675.0,Agra
Uttar Pradesh,Wheat,Fatehpur Sikri APMC,2021-01-04,12.0,Dara,1550.0,1750.0,1660.0,Agra
Uttar Pradesh,Wheat,Fatehpur Sikri APMC,2021-01-05,8.5,Dara,1550.0,1780.0,1680.0,Agra
Uttar Pradesh,Wheat,Fatehpur Sikri APMC,2021-01-06,10.0,Dara,1600.0,1750.0,1670.0,Agra
Uttar Pradesh,Wheat,Fatehpur Sikri APMC,2021-01-07,11.5,Dara,1550.0,1750.0,1645.0,Agra
Uttar Pradesh,Wheat,Fatehpur Sikri APMC,2021-01-10,12.0,Dara,,,1635.0,Agra
Uttar Pradesh,Wheat,Fatehpur Sikri APMC,2021-01-11,13.5,Dara,,,1620.0,Agra
Uttar Pradesh,Wheat,Fatehpur Sikri APMC,2021-01-12,11.0,Dara,,,1630.0,Agra
Uttar Pradesh,Wheat,Fatehpur Sikri APMC,2021-01-13,13.0,Dara,,,1615.0,Agra
Uttar Pradesh,Wheat,Fatehpur Sikri APMC,2021-01-14,9.5,Dara,,,1625.0,Agra
Uttar Pradesh,Wheat,Fatehpur Sikri APMC,2021-01-15,8.0,Dara,,,1640.0,Agra
Uttar Pradesh,Wheat,Fatehpur Sikri APMC,2021-01-16,10.0,Dara,1550.0,1700.0,1620.0,Agra
Uttar Pradesh,Wheat,Fatehpur Sikri APMC,2021-01-18,7.5,Dara,1550.0,1700.0,1635.0,Agra
Uttar Pradesh,Wheat,Fatehpur Sikri APMC,2021-01-19,9.0,Dara,1550.0,1700.0,1625.0,Agra
Uttar Pradesh,Wheat,Fatehpur Sikri APMC,2021-01-20,8.0,Dara,,,1650.0,Agra
Uttar Pradesh,Wheat,Fatehpur Sikri APMC,2021-01-21,9.5,Dara,1500.0,1800.0,1630.0,Agra
Uttar Pradesh,Wheat,Fatehpur Sikri APMC,2021-01-22,7.5,Dara,1600.0,1720.0,1655.0,Agra
Uttar Pradesh,Wheat,Fatehpur Sikri APMC,2021-01-23,6.0,Dara,1600.0,1750.0,1670.0,Agra
Uttar Pradesh,Wheat,Fatehpur Sikri APMC,2021-01-25,5.0,Dara,1600.0,1800.0,1705.0,Agra
Uttar Pradesh,Wheat,Fatehpur Sikri APMC,2021-01-27,3.0,Dara,1650.0,1850.0,1745.0,Agra
Uttar Pradesh,Wheat,Fatehpur Sikri APMC,2021-01-29,5.5,Dara,1650.0,1850.0,1750.0,Agra
Uttar Pradesh,Wheat,Fatehpur Sikri APMC,2021-01-30,9.0,Dara,1650.0,1850.0,1730.0,Agra
Uttar Pradesh,Wheat,Firozabad APMC,2021-01-01,19.0,Dara,1625.0,1670.0,1650.0,Firozabad
Uttar Pradesh,Wheat,Firozabad APMC,2021-01-02,21.5,Dara,1625.0,1665.0,1645.0,Firozabad
Uttar Pradesh,Wheat,Firozabad APMC,2021-01-03,18.0,Dara,1630.0,1665.0,1646.0,Firozabad
Uttar Pradesh,Wheat,Firozabad APMC,2021-01-04,21.0,Dara,1620.0,1660.0,1640.0,Firozabad
Uttar Pradesh,Wheat,Firozabad APMC,2021-01-06,17.0,Dara,1640.0,1700.0,1675.0,Firozabad
Uttar Pradesh,Wheat,Firozabad APMC,2021-01-07,16.5,Dara,1700.0,1770.0,1740.0,Firozabad
Uttar Pradesh,Wheat,Firozabad APMC,2021-01-08,19.0,Dara,1700.0,1770.0,1735.0,Firozabad
Uttar Pradesh,Wheat,Firozabad APMC,2021-01-09,22.0,Dara,1720.0,1770.0,1745.0,Firozabad
Uttar Pradesh,Wheat,Firozabad APMC,2021-01-10,17.0,Dara,1730.0,1775.0,1755.0,Firozabad
Uttar Pradesh,Wheat,Firozabad APMC,2021-01-11,19.5,Dara,1700.0,1750.0,1730.0,Firozabad
Uttar Pradesh,Wheat,Firozabad APMC,2021-01-13,21.0,Dara,1700.0,1745.0,1725.0,Firozabad
Uttar Pradesh,Wheat,Firozabad APMC,2021-01-14,17.0,Dara,1720.0,1775.0,1740.0,Firozabad
Uttar Pradesh,Wheat,Firozabad APMC,2021-01-15,19.5,Dara,1715.0,1760.0,1730.0,Firozabad
Uttar Pradesh,Wheat,Firozabad APMC,2021-01-16,22.0,Dara,1690.0,1740.0,1715.0,Firozabad
Uttar Pradesh,Wheat,Firozabad APMC,2021-01-17,15.0,Dara,1710.0,1745.0,1730.0,Firozabad
Uttar Pradesh,Wheat,Firozabad APMC,2021-01-18,14.0,Dara,1730.0,1765.0,1745.0,Firozabad
Uttar Pradesh,Wheat,Firozabad APMC,2021-01-20,16.0,Dara,1730.0,1770.0,1750.0,Firozabad
Uttar Pradesh,Wheat,Firozabad APMC,2021-01-21,18.5,Dara,1720.0,1760.0,1740.0,Firozabad
Uttar Pradesh,Wheat,Firozabad APMC,2021-01-22,14.0,Dara,1740.0,1800.0,1765.0,Firozabad
Uttar Pradesh,Wheat,Firozabad APMC,2021-01-23,14.7,Dara,1730.0,1770.0,1750.0,Firozabad
Uttar Pradesh,Wheat,Firozabad APMC,2021-01-24,12.0,Dara,1740.0,1785.0,1760.0,Firozabad
Uttar Pradesh,Wheat,Firozabad APMC,2021-01-25,14.0,Dara,1740.0,1770.0,1755.0,Firozabad
Uttar Pradesh,Wheat,Firozabad APMC,2021-01-27,12.5,Dara,1740.0,1780.0,1760.0,Firozabad
Uttar Pradesh,Wheat,Firozabad APMC,2021-01-28,12.0,Dara,1750.0,1800.0,1775.0,Firozabad
Uttar Pradesh,Wheat,Firozabad APMC,2021-01-29,11.0,Dara,1770.0,1820.0,1790.0,Firozabad
Uttar Pradesh,Wheat,Firozabad APMC,2021-01-30,11.5,Dara,1760.0,1810.0,1780.0,Firozabad
Uttar Pradesh,Wheat,Firozabad APMC,2021-01-31,11.0,Dara,1770.0,1825.0,1795.0,Firozabad
Uttar Pradesh,Wheat,Gadaura APMC,2021-01-01,0.2,Dara,1820.0,1860.0,1840.0,Maharajganj
Uttar Pradesh,Wheat,Gadaura APMC,2021-01-02,0.1,Dara,1820.0,1850.0,1840.0,Maharajganj
Uttar Pradesh,Wheat,Gadaura APMC,2021-01-03,0.2,Dara,1800.0,1850.0,1830.0,Maharajganj
Uttar Pradesh,Wheat,Gadaura APMC,2021-01-05,0.3,Dara,1820.0,1860.0,1850.0,Maharajganj
Uttar Pradesh,Wheat,Gadaura APMC,2021-01-06,0.3,Dara,1820.0,1860.0,1850.0,Maharajganj
Uttar Pradesh,Wheat,Gadaura APMC,2021-01-07,0.3,Dara,1820.0,1860.0,1850.0,Maharajganj
Uttar Pradesh,Wheat,Gadaura APMC,2021-01-08,0.1,Dara,1820.0,1860.0,1850.0,Maharajganj
Uttar Pradesh,Wheat,Gadaura APMC,2021-01-09,0.3,Dara,1840.0,1860.0,1850.0,Maharajganj
Uttar Pradesh,Wheat,Gadaura APMC,2021-01-10,0.2,Dara,1820.0,1860.0,1850.0,Maharajganj
Uttar Pradesh,Wheat,Gadaura APMC,2021-01-11,0.4,Dara,1840.0,1860.0,1850.0,Maharajganj
Uttar Pradesh,Wheat,Gadaura APMC,2021-01-12,0.2,Dara,1840.0,1860.0,1850.0,Maharajganj
Uttar Pradesh,Wheat,Gadaura APMC,2021-01-13,0.3,Dara,1840.0,1860.0,1850.0,Maharajganj
Uttar Pradesh,Wheat,Gadaura APMC,2021-01-14,0.2,Dara,1840.0,1860.0,1850.0,Maharajganj
Uttar Pradesh,Wheat,Gadaura APMC,2021-01-15,0.2,Dara,1840.0,1860.0,1850.0,Maharajganj
Uttar Pradesh,Wheat,Gadaura APMC,2021-01-16,0.3,Dara,1840.0,1860.0,1850.0,Maharajganj
Uttar Pradesh,Wheat,Gadaura APMC,2021-01-17,0.2,Dara,1840.0,1860.0,1850.0,Maharajganj
Uttar Pradesh,Wheat,Gadaura APMC,2021-01-18,0.4,Dara,1840.0,1860.0,1850.0,Maharajganj
Uttar Pradesh,Wheat,Gadaura APMC,2021-01-19,0.3,Dara,1840.0,1860.0,1850.0,Maharajganj
Uttar Pradesh,Wheat,Gadaura APMC,2021-01-20,0.3,Dara,1840.0,1860.0,1850.0,Maharajganj
Uttar Pradesh,Wheat,Gadaura APMC,2021-01-21,0.4,Dara,1840.0,1860.0,1850.0,Maharajganj
Uttar Pradesh,Wheat,Gadaura APMC,2021-01-22,0.2,Dara,1840.0,1860.0,1850.0,Maharajganj
Uttar Pradesh,Wheat,Gadaura APMC,2021-01-23,0.3,Dara,1840.0,1860.0,1850.0,Maharajganj
Uttar Pradesh,Wheat,Gadaura APMC,2021-01-24,0.2,Dara,1840.0,1860.0,1850.0,Maharajganj
Uttar Pradesh,Wheat,Gadaura APMC,2021-01-25,0.2,Dara,1840.0,1860.0,1850.0,Maharajganj
Uttar Pradesh,Wheat,Gadaura APMC,2021-01-26,0.3,Dara,1840.0,1860.0,1850.0,Maharajganj
Uttar Pradesh,Wheat,Gadaura APMC,2021-01-27,0.4,Dara,1840.0,1860.0,1850.0,Maharajganj
Uttar Pradesh,Wheat,Gadaura APMC,2021-01-28,0.5,Dara,1840.0,1860.0,1850.0,Maharajganj
Uttar Pradesh,Wheat,Gadaura APMC,2021-01-29,0.6,Dara,1840.0,1860.0,1850.0,Maharajganj
Uttar Pradesh,Wheat,Gadaura APMC,2021-01-30,0.4,Dara,1840.0,1860.0,1850.0,Maharajganj
Uttar Pradesh,Wheat,Gadaura APMC,2021-01-31,0.4,Dara,1840.0,1860.0,1850.0,Maharajganj
Uttar Pradesh,Wheat,Gazipur APMC,2021-01-01,27.0,Dara,1700.0,1750.0,1720.0,Azamgarh
Uttar Pradesh,Wheat,Gazipur APMC,2021-01-02,2.4,Dara,1700.0,1740.0,1720.0,Azamgarh
Uttar Pradesh,Wheat,Gazipur APMC,2021-01-04,25.0,Dara,1690.0,1750.0,1720.0,Azamgarh
Uttar Pradesh,Wheat,Gazipur APMC,2021-01-05,20.0,Dara,1700.0,1750.0,1730.0,Azamgarh
Uttar Pradesh,Wheat,Gazipur APMC,2021-01-06,21.0,Dara,1710.0,1750.0,1730.0,Azamgarh
Uttar Pradesh,Wheat,Gazipur APMC,2021-01-07,21.0,Dara,1710.0,1750.0,1730.0,Azamgarh
Uttar Pradesh,Wheat,Gazipur APMC,2021-01-08,23.0,Dara,1720.0,1750.0,1730.0,Azamgarh
Uttar Pradesh,Wheat,Gazipur APMC,2021-01-09,23.0,Dara,1710.0,1750.0,1730.0,Azamgarh
Uttar Pradesh,Wheat,Gazipur APMC,2021-01-11,24.0,Dara,1700.0,1760.0,1730.0,Azamgarh
Uttar Pradesh,Wheat,Gazipur APMC,2021-01-12,26.0,Dara,1700.0,1750.0,1730.0,Azamgarh
Uttar Pradesh,Wheat,Gazipur APMC,2021-01-13,27.0,Dara,1710.0,1750.0,1730.0,Azamgarh
Uttar Pradesh,Wheat,Gazipur APMC,2021-01-14,29.0,Dara,1710.0,1750.0,1730.0,Azamgarh
Uttar Pradesh,Wheat,Gazipur APMC,2021-01-15,30.0,Dara,1710.0,1750.0,1730.0,Azamgarh
Uttar Pradesh,Wheat,Gazipur APMC,2021-01-16,20.0,Dara,1710.0,1750.0,1730.0,Azamgarh
Uttar Pradesh,Wheat,Gazipur APMC,2021-01-18,12.0,Dara,1710.0,1770.0,1740.0,Azamgarh
Uttar Pradesh,Wheat,Gazipur APMC,2021-01-19,13.0,Dara,1710.0,1760.0,1740.0,Azamgarh
Uttar Pradesh,Wheat,Gazipur APMC,2021-01-20,13.0,Dara,1710.0,1770.0,1740.0,Azamgarh
Uttar Pradesh,Wheat,Gazipur APMC,2021-01-21,13.0,Dara,1720.0,1760.0,1740.0,Azamgarh
Uttar Pradesh,Wheat,Gazipur APMC,2021-01-22,15.0,Dara,1710.0,1770.0,1740.0,Azamgarh
Uttar Pradesh,Wheat,Gazipur APMC,2021-01-23,17.0,Dara,1720.0,1760.0,1740.0,Azamgarh
Uttar Pradesh,Wheat,Gazipur APMC,2021-01-25,18.0,Dara,1720.0,1760.0,1740.0,Azamgarh
Uttar Pradesh,Wheat,Gazipur APMC,2021-01-27,19.0,Dara,1710.0,1770.0,1740.0,Azamgarh
Uttar Pradesh,Wheat,Gazipur APMC,2021-01-28,20.0,Dara,1705.0,1765.0,1735.0,Azamgarh
Uttar Pradesh,Wheat,Gazipur APMC,2021-01-29,21.0,Dara,1720.0,1750.0,1735.0,Azamgarh
Uttar Pradesh,Wheat,Gazipur APMC,2021-01-30,23.0,Dara,1720.0,1750.0,1735.0,Azamgarh
Uttar Pradesh,Wheat,Ghaziabad APMC,2021-01-01,50.0,Dara,1800.0,1835.0,1820.0,Ghaziabad
Uttar Pradesh,Wheat,Ghaziabad APMC,2021-01-02,50.0,Dara,1800.0,1835.0,1820.0,Ghaziabad
Uttar Pradesh,Wheat,Ghaziabad APMC,2021-01-03,55.0,Dara,1810.0,1830.0,1820.0,Ghaziabad
Uttar Pradesh,Wheat,Ghaziabad APMC,2021-01-04,40.0,Dara,1800.0,1830.0,1820.0,Ghaziabad
Uttar Pradesh,Wheat,Ghaziabad APMC,2021-01-06,70.0,Dara,1810.0,1830.0,1820.0,Ghaziabad
Uttar Pradesh,Wheat,Ghaziabad APMC,2021-01-07,60.0,Dara,1800.0,1830.0,1820.0,Ghaziabad
Uttar Pradesh,Wheat,Ghaziabad APMC,2021-01-08,50.0,Dara,1810.0,1830.0,1820.0,Ghaziabad
Uttar Pradesh,Wheat,Ghaziabad APMC,2021-01-09,35.0,Dara,1800.0,1825.0,1820.0,Ghaziabad
Uttar Pradesh,Wheat,Ghaziabad APMC,2021-01-10,40.0,Dara,1800.0,1830.0,1820.0,Ghaziabad
Uttar Pradesh,Wheat,Ghaziabad APMC,2021-01-11,35.0,Dara,1820.0,1840.0,1830.0,Ghaziabad
Uttar Pradesh,Wheat,Ghaziabad APMC,2021-01-13,30.0,Dara,1830.0,1850.0,1840.0,Ghaziabad
Uttar Pradesh,Wheat,Ghaziabad APMC,2021-01-14,35.0,Dara,1820.0,1840.0,1830.0,Ghaziabad
Uttar Pradesh,Wheat,Ghaziabad APMC,2021-01-15,50.0,Dara,1810.0,1840.0,1830.0,Ghaziabad
Uttar Pradesh,Wheat,Ghaziabad APMC,2021-01-16,45.0,Dara,1820.0,1840.0,1830.0,Ghaziabad
Uttar Pradesh,Wheat,Ghaziabad APMC,2021-01-17,30.0,Dara,1820.0,1840.0,1830.0,Ghaziabad
Uttar Pradesh,Wheat,Ghaziabad APMC,2021-01-18,40.0,Dara,1830.0,1850.0,1840.0,Ghaziabad
Uttar Pradesh,Wheat,Ghaziabad APMC,2021-01-20,45.0,Dara,1830.0,1850.0,1840.0,Ghaziabad
Uttar Pradesh,Wheat,Ghaziabad APMC,2021-01-21,40.0,Dara,1820.0,1840.0,1830.0,Ghaziabad
Uttar Pradesh,Wheat,Ghaziabad APMC,2021-01-22,35.0,Dara,1820.0,1840.0,1830.0,Ghaziabad
Uttar Pradesh,Wheat,Ghaziabad APMC,2021-01-23,50.0,Dara,1820.0,1840.0,1830.0,Ghaziabad
Uttar Pradesh,Wheat,Ghaziabad APMC,2021-01-24,40.0,Dara,1820.0,1840.0,1830.0,Ghaziabad
Uttar Pradesh,Wheat,Ghaziabad APMC,2021-01-27,30.0,Dara,1830.0,1850.0,1840.0,Ghaziabad
Uttar Pradesh,Wheat,Ghaziabad APMC,2021-01-28,20.0,Dara,1820.0,1840.0,1830.0,Ghaziabad
Uttar Pradesh,Wheat,Ghaziabad APMC,2021-01-29,50.0,Dara,1820.0,1840.0,1830.0,Ghaziabad
Uttar Pradesh,Wheat,Ghaziabad APMC,2021-01-30,35.0,Dara,1820.0,1840.0,1830.0,Ghaziabad
Uttar Pradesh,Wheat,Ghaziabad APMC,2021-01-31,30.0,Dara,1840.0,1860.0,1850.0,Ghaziabad
Uttar Pradesh,Wheat,Ghiraur APMC,2021-01-01,4.5,Dara,1550.0,1600.0,1580.0,Mainpuri
Uttar Pradesh,Wheat,Ghiraur APMC,2021-01-03,3.5,Dara,1570.0,1620.0,1600.0,Mainpuri
Uttar Pradesh,Wheat,Ghiraur APMC,2021-01-04,4.5,Dara,1550.0,1600.0,1580.0,Mainpuri
Uttar Pradesh,Wheat,Ghiraur APMC,2021-01-05,5.0,Dara,1570.0,1620.0,1600.0,Mainpuri
Uttar Pradesh,Wheat,Ghiraur APMC,2021-01-06,4.5,Dara,1550.0,1600.0,1580.0,Mainpuri
Uttar Pradesh,Wheat,Ghiraur APMC,2021-01-07,5.0,Dara,1570.0,1620.0,1600.0,Mainpuri
Uttar Pradesh,Wheat,Ghiraur APMC,2021-01-08,5.0,Dara,1590.0,1640.0,1620.0,Mainpuri
Uttar Pradesh,Wheat,Ghiraur APMC,2021-01-10,4.5,Dara,1570.0,1620.0,1600.0,Mainpuri
Uttar Pradesh,Wheat,Ghiraur APMC,2021-01-11,5.0,Dara,1550.0,1600.0,1570.0,Mainpuri
Uttar Pradesh,Wheat,Ghiraur APMC,2021-01-12,5.5,Dara,1570.0,1610.0,1590.0,Mainpuri
Uttar Pradesh,Wheat,Ghiraur APMC,2021-01-13,5.5,Dara,1560.0,1620.0,1590.0,Mainpuri
Uttar Pradesh,Wheat,Ghiraur APMC,2021-01-14,4.5,Dara,1570.0,1620.0,1600.0,Mainpuri
Uttar Pradesh,Wheat,Ghiraur APMC,2021-01-15,5.0,Dara,1550.0,1600.0,1580.0,Mainpuri
Uttar Pradesh,Wheat,Ghiraur APMC,2021-01-17,4.5,Dara,1570.0,1620.0,1600.0,Mainpuri
Uttar Pradesh,Wheat,Ghiraur APMC,2021-01-18,5.0,Dara,1570.0,1620.0,1600.0,Mainpuri
Uttar Pradesh,Wheat,Ghiraur APMC,2021-01-19,5.0,Dara,1550.0,1600.0,1580.0,Mainpuri
Uttar Pradesh,Wheat,Ghiraur APMC,2021-01-20,6.0,Dara,1550.0,1600.0,1580.0,Mainpuri
Uttar Pradesh,Wheat,Ghiraur APMC,2021-01-21,5.0,Dara,1580.0,1620.0,1600.0,Mainpuri
Uttar Pradesh,Wheat,Ghiraur APMC,2021-01-22,5.5,Dara,1570.0,1620.0,1600.0,Mainpuri
Uttar Pradesh,Wheat,Ghiraur APMC,2021-01-24,5.5,Dara,1550.0,1620.0,1580.0,Mainpuri
Uttar Pradesh,Wheat,Ghiraur APMC,2021-01-25,5.5,Dara,1560.0,1610.0,1590.0,Mainpuri
Uttar Pradesh,Wheat,Ghiraur APMC,2021-01-26,5.5,Dara,1570.0,1630.0,1600.0,Mainpuri
Uttar Pradesh,Wheat,Ghiraur APMC,2021-01-27,6.0,Dara,1560.0,1610.0,1590.0,Mainpuri
Uttar Pradesh,Wheat,Ghiraur APMC,2021-01-28,6.0,Dara,1570.0,1620.0,1600.0,Mainpuri
Uttar Pradesh,Wheat,Ghiraur APMC,2021-01-29,6.0,Dara,1550.0,1600.0,1580.0,Mainpuri
Uttar Pradesh,Wheat,Ghiraur APMC,2021-01-31,6.0,Dara,1540.0,1600.0,1570.0,Mainpuri
Uttar Pradesh,Wheat,Golagokarnath APMC,2021-01-01,80.0,Dara,1680.0,1880.0,1780.0,Lalitpur
Uttar Pradesh,Wheat,Golagokarnath APMC,2021-01-02,90.0,Dara,1620.0,1820.0,1720.0,Lalitpur
Uttar Pradesh,Wheat,Golagokarnath APMC,2021-01-04,80.0,Dara,1600.0,1800.0,1700.0,Lalitpur
Uttar Pradesh,Wheat,Golagokarnath APMC,2021-01-05,100.0,Dara,1610.0,1810.0,1710.0,Lalitpur
Uttar Pradesh,Wheat,Golagokarnath APMC,2021-01-06,90.0,Dara,1600.0,1800.0,1700.0,Lalitpur
Uttar Pradesh,Wheat,Golagokarnath APMC,2021-01-07,60.0,Dara,1600.0,1800.0,1690.0,Lalitpur
Uttar Pradesh,Wheat,Golagokarnath APMC,2021-01-08,50.0,Dara,1650.0,1850.0,1750.0,Lalitpur
Uttar Pradesh,Wheat,Golagokarnath APMC,2021-01-09,50.0,Dara,1630.0,1830.0,1730.0,Lalitpur
Uttar Pradesh,Wheat,Golagokarnath APMC,2021-01-11,60.0,Dara,1640.0,1840.0,1740.0,Lalitpur
Uttar Pradesh,Wheat,Golagokarnath APMC,2021-01-12,50.0,Dara,1650.0,1850.0,1750.0,Lalitpur
Uttar Pradesh,Wheat,Golagokarnath APMC,2021-01-13,65.0,Dara,1640.0,1840.0,1740.0,Lalitpur
Uttar Pradesh,Wheat,Golagokarnath APMC,2021-01-14,60.0,Dara,1650.0,1850.0,1750.0,Lalitpur
Uttar Pradesh,Wheat,Golagokarnath APMC,2021-01-15,50.0,Dara,1640.0,1840.0,1740.0,Lalitpur
Uttar Pradesh,Wheat,Golagokarnath APMC,2021-01-16,60.0,Dara,1600.0,1800.0,1700.0,Lalitpur
Uttar Pradesh,Wheat,Golagokarnath APMC,2021-01-18,50.0,Dara,1620.0,1820.0,1720.0,Lalitpur
Uttar Pradesh,Wheat,Golagokarnath APMC,2021-01-19,60.0,Dara,1600.0,1800.0,1710.0,Lalitpur
Uttar Pradesh,Wheat,Golagokarnath APMC,2021-01-20,50.0,Dara,1600.0,1800.0,1710.0,Lalitpur
Uttar Pradesh,Wheat,Golagokarnath APMC,2021-01-21,50.0,Dara,1600.0,1800.0,1700.0,Lalitpur
Uttar Pradesh,Wheat,Golagokarnath APMC,2021-01-22,60.0,Dara,1610.0,1810.0,1710.0,Lalitpur
Uttar Pradesh,Wheat,Golagokarnath APMC,2021-01-23,65.0,Dara,1600.0,1800.0,1700.0,Lalitpur
Uttar Pradesh,Wheat,Golagokarnath APMC,2021-01-25,60.0,Dara,1600.0,1810.0,1710.0,Lalitpur
Uttar Pradesh,Wheat,Golagokarnath APMC,2021-01-27,55.0,Dara,1600.0,1800.0,1700.0,Lalitpur
Uttar Pradesh,Wheat,Golagokarnath APMC,2021-01-28,50.0,Dara,1620.0,1820.0,1720.0,Lalitpur
Uttar Pradesh,Wheat,Golagokarnath APMC,2021-01-29,60.0,Dara,1610.0,1810.0,1710.0,Lalitpur
Uttar Pradesh,Wheat,Golagokarnath APMC,2021-01-30,50.0,Dara,1600.0,1800.0,1700.0,Lalitpur
Uttar Pradesh,Wheat,Gonda APMC,2021-01-01,126.0,Dara,1700.0,1740.0,1720.0,Gonda
Uttar Pradesh,Wheat,Gonda APMC,2021-01-05,137.5,Dara,1680.0,1720.0,1700.0,Gonda
Uttar Pradesh,Wheat,Gonda APMC,2021-01-07,127.5,Dara,1680.0,1720.0,1700.0,Gonda
Uttar Pradesh,Wheat,Gonda APMC,2021-01-08,117.5,Dara,1680.0,1720.0,1700.0,Gonda
Uttar Pradesh,Wheat,Gonda APMC,2021-01-14,120.5,Dara,1680.0,1720.0,1700.0,Gonda
Uttar Pradesh,Wheat,Gonda APMC,2021-01-15,117.5,Dara,1660.0,1700.0,1680.0,Gonda
Uttar Pradesh,Wheat,Gonda APMC,2021-01-18,103.0,Dara,1660.0,1680.0,1670.0,Gonda
Uttar Pradesh,Wheat,Gonda APMC,2021-01-20,122.5,Dara,1640.0,1660.0,1650.0,Gonda
Uttar Pradesh,Wheat,Gonda APMC,2021-01-21,123.5,Dara,1630.0,1670.0,1650.0,Gonda
Uttar Pradesh,Wheat,Gonda APMC,2021-01-22,129.5,Dara,1640.0,1660.0,1650.0,Gonda
Uttar Pradesh,Wheat,Gonda APMC,2021-01-26,133.5,Dara,1860.0,1880.0,1868.0,Gonda
Uttar Pradesh,Wheat,Gonda APMC,2021-01-27,119.0,Dara,1640.0,1660.0,1650.0,Gonda
Uttar Pradesh,Wheat,Gonda APMC,2021-01-29,135.5,Dara,1640.0,1660.0,1650.0,Gonda
Uttar Pradesh,Wheat,Gonda APMC,2021-01-30,117.5,Dara,1630.0,1670.0,1650.0,Gonda
Uttar Pradesh,Wheat,Gorakhpur APMC,2021-01-01,55.0,Dara,1700.0,1760.0,1730.0,Gorakhpur
Uttar Pradesh,Wheat,Gorakhpur APMC,2021-01-02,62.5,Dara,1650.0,1750.0,1700.0,Gorakhpur
Uttar Pradesh,Wheat,Gorakhpur APMC,2021-01-03,57.0,Dara,1680.0,1760.0,1720.0,Gorakhpur
Uttar Pradesh,Wheat,Gorakhpur APMC,2021-01-04,62.5,Dara,1650.0,1750.0,1700.0,Gorakhpur
Uttar Pradesh,Wheat,Gorakhpur APMC,2021-01-06,56.0,Dara,1680.0,1780.0,1730.0,Gorakhpur
Uttar Pradesh,Wheat,Gorakhpur APMC,2021-01-07,66.0,Dara,1650.0,1750.0,1700.0,Gorakhpur
Uttar Pradesh,Wheat,Gorakhpur APMC,2021-01-08,61.5,Dara,1680.0,1760.0,1730.0,Gorakhpur
Uttar Pradesh,Wheat,Gorakhpur APMC,2021-01-09,57.0,Dara,1700.0,1780.0,1735.0,Gorakhpur
Uttar Pradesh,Wheat,Gorakhpur APMC,2021-01-10,57.5,Dara,1680.0,1780.0,1730.0,Gorakhpur
Uttar Pradesh,Wheat,Gorakhpur APMC,2021-01-11,63.5,Dara,1680.0,1780.0,1725.0,Gorakhpur
Uttar Pradesh,Wheat,Gorakhpur APMC,2021-01-13,55.0,Dara,1680.0,1780.0,1730.0,Gorakhpur
Uttar Pradesh,Wheat,Gorakhpur APMC,2021-01-14,45.0,Dara,1700.0,1800.0,1740.0,Gorakhpur
Uttar Pradesh,Wheat,Gorakhpur APMC,2021-01-15,57.5,Dara,1680.0,1780.0,1730.0,Gorakhpur
Uttar Pradesh,Wheat,Gorakhpur APMC,2021-01-16,52.5,Dara,1700.0,1780.0,1735.0,Gorakhpur
Uttar Pradesh,Wheat,Gorakhpur APMC,2021-01-17,63.0,Dara,1650.0,1760.0,1720.0,Gorakhpur
Uttar Pradesh,Wheat,Gorakhpur APMC,2021-01-18,50.0,Dara,1700.0,1780.0,1735.0,Gorakhpur
Uttar Pradesh,Wheat,Gorakhpur APMC,2021-01-20,65.0,Dara,1650.0,1750.0,1700.0,Gorakhpur
Uttar Pradesh,Wheat,Gorakhpur APMC,2021-01-21,61.0,Dara,1700.0,1800.0,1740.0,Gorakhpur
Uttar Pradesh,Wheat,Gorakhpur APMC,2021-01-22,65.0,Dara,1680.0,1780.0,1730.0,Gorakhpur
Uttar Pradesh,Wheat,Gorakhpur APMC,2021-01-23,72.5,Dara,1680.0,1780.0,1725.0,Gorakhpur
Uttar Pradesh,Wheat,Gorakhpur APMC,2021-01-24,62.0,Dara,1680.0,1780.0,1730.0,Gorakhpur
Uttar Pradesh,Wheat,Gorakhpur APMC,2021-01-25,70.0,Dara,1700.0,1800.0,1750.0,Gorakhpur
Uttar Pradesh,Wheat,Gorakhpur APMC,2021-01-27,79.0,Dara,1700.0,1780.0,1735.0,Gorakhpur
Uttar Pradesh,Wheat,Gorakhpur APMC,2021-01-28,75.0,Dara,1700.0,1780.0,1745.0,Gorakhpur
Uttar Pradesh,Wheat,Gorakhpur APMC,2021-01-29,80.0,Dara,1700.0,1800.0,1740.0,Gorakhpur
Uttar Pradesh,Wheat,Gorakhpur APMC,2021-01-30,74.0,Dara,1700.0,1800.0,1755.0,Gorakhpur
Uttar Pradesh,Wheat,Gorakhpur APMC,2021-01-31,81.0,Dara,1700.0,1800.0,1750.0,Gorakhpur
Uttar Pradesh,Wheat,Gurusarai APMC,2021-01-01,1.6,Dara,1530.0,1600.0,1580.0,Jhansi
Uttar Pradesh,Wheat,Gurusarai APMC,2021-01-03,1.0,Dara,1550.0,1625.0,1580.0,Jhansi
Uttar Pradesh,Wheat,Gurusarai APMC,2021-01-04,1.0,Dara,1550.0,1610.0,1580.0,Jhansi
Uttar Pradesh,Wheat,Gurusarai APMC,2021-01-05,1.7,Dara,1550.0,1600.0,1580.0,Jhansi
Uttar Pradesh,Wheat,Gurusarai APMC,2021-01-06,1.7,Dara,1550.0,1625.0,1580.0,Jhansi
Uttar Pradesh,Wheat,Gurusarai APMC,2021-01-07,1.9,Dara,1550.0,1625.0,1580.0,Jhansi
Uttar Pradesh,Wheat,Gurusarai APMC,2021-01-08,1.0,Dara,1550.0,1600.0,1580.0,Jhansi
Uttar Pradesh,Wheat,Gurusarai APMC,2021-01-10,1.6,Dara,1550.0,1620.0,1580.0,Jhansi
Uttar Pradesh,Wheat,Gurusarai APMC,2021-01-11,0.8,Dara,1550.0,1620.0,1580.0,Jhansi
Uttar Pradesh,Wheat,Gurusarai APMC,2021-01-12,1.2,Dara,1550.0,1620.0,1580.0,Jhansi
Uttar Pradesh,Wheat,Gurusarai APMC,2021-01-13,1.0,Dara,1550.0,1600.0,1580.0,Jhansi
Uttar Pradesh,Wheat,Gurusarai APMC,2021-01-14,0.6,Dara,1525.0,1620.0,1580.0,Jhansi
Uttar Pradesh,Wheat,Gurusarai APMC,2021-01-15,1.0,Dara,1550.0,1620.0,1580.0,Jhansi
Uttar Pradesh,Wheat,Gurusarai APMC,2021-01-17,0.9,Dara,1550.0,1600.0,1580.0,Jhansi
Uttar Pradesh,Wheat,Gurusarai APMC,2021-01-18,0.6,Dara,1525.0,1600.0,1580.0,Jhansi
Uttar Pradesh,Wheat,Gurusarai APMC,2021-01-19,1.0,Dara,1550.0,1620.0,1580.0,Jhansi
Uttar Pradesh,Wheat,Gurusarai APMC,2021-01-20,1.6,Dara,1550.0,1620.0,1580.0,Jhansi
Uttar Pradesh,Wheat,Gurusarai APMC,2021-01-21,0.9,Dara,1565.0,1600.0,1580.0,Jhansi
Uttar Pradesh,Wheat,Gurusarai APMC,2021-01-22,2.0,Dara,1550.0,1600.0,1580.0,Jhansi
Uttar Pradesh,Wheat,Gurusarai APMC,2021-01-24,2.0,Dara,1550.0,1600.0,1580.0,Jhansi
Uttar Pradesh,Wheat,Gurusarai APMC,2021-01-25,1.2,Dara,1565.0,1620.0,1580.0,Jhansi
Uttar Pradesh,Wheat,Gurusarai APMC,2021-01-27,0.8,Dara,1550.0,1620.0,1580.0,Jhansi
Uttar Pradesh,Wheat,Gurusarai APMC,2021-01-29,1.1,Dara,1580.0,1600.0,1580.0,Jhansi
Uttar Pradesh,Wheat,Gurusarai APMC,2021-01-31,0.9,Dara,1550.0,1620.0,1580.0,Jhansi
Uttar Pradesh,Wheat,Haathras APMC,2021-01-01,30.0,Dara,1610.0,1640.0,1625.0,Hathras
Uttar Pradesh,Wheat,Haathras APMC,2021-01-02,20.0,Dara,1600.0,1640.0,1630.0,Hathras
Uttar Pradesh,Wheat,Haathras APMC,2021-01-04,20.0,Dara,1610.0,1640.0,1625.0,Hathras
Uttar Pradesh,Wheat,Haathras APMC,2021-01-05,15.0,Dara,1600.0,1630.0,1620.0,Hathras
Uttar Pradesh,Wheat,Haathras APMC,2021-01-06,30.0,Dara,1600.0,1630.0,1620.0,Hathras
Uttar Pradesh,Wheat,Haathras APMC,2021-01-07,30.0,Dara,1700.0,1750.0,1740.0,Hathras
Uttar Pradesh,Wheat,Haathras APMC,2021-01-08,25.0,Dara,1700.0,1740.0,1720.0,Hathras
Uttar Pradesh,Wheat,Haathras APMC,2021-01-09,5.0,Dara,1710.0,1750.0,1740.0,Hathras
Uttar Pradesh,Wheat,Haathras APMC,2021-01-10,5.0,Dara,1710.0,1750.0,1740.0,Hathras
Uttar Pradesh,Wheat,Haathras APMC,2021-01-11,10.0,Dara,1700.0,1735.0,1715.0,Hathras
Uttar Pradesh,Wheat,Haathras APMC,2021-01-12,5.0,Dara,1700.0,1745.0,1720.0,Hathras
Uttar Pradesh,Wheat,Haathras APMC,2021-01-13,8.0,Dara,1690.0,1730.0,1700.0,Hathras
Uttar Pradesh,Wheat,Haathras APMC,2021-01-14,6.0,Dara,1690.0,1715.0,1700.0,Hathras
Uttar Pradesh,Wheat,Haathras APMC,2021-01-15,18.0,Dara,1680.0,1720.0,1690.0,Hathras
Uttar Pradesh,Wheat,Haathras APMC,2021-01-18,6.0,Dara,1735.0,1780.0,1760.0,Hathras
Uttar Pradesh,Wheat,Haathras APMC,2021-01-19,12.0,Dara,1750.0,1800.0,1780.0,Hathras
Uttar Pradesh,Wheat,Haathras APMC,2021-01-20,15.0,Dara,1660.0,1700.0,1680.0,Hathras
Uttar Pradesh,Wheat,Haathras APMC,2021-01-21,21.0,Dara,1760.0,1800.0,1775.0,Hathras
Uttar Pradesh,Wheat,Haathras APMC,2021-01-22,7.5,Dara,1780.0,1800.0,1790.0,Hathras
Uttar Pradesh,Wheat,Haathras APMC,2021-01-23,6.0,Dara,1780.0,1810.0,1800.0,Hathras
Uttar Pradesh,Wheat,Haathras APMC,2021-01-25,10.0,Dara,1780.0,1820.0,1800.0,Hathras
Uttar Pradesh,Wheat,Haathras APMC,2021-01-27,13.0,Dara,1800.0,1835.0,1825.0,Hathras
Uttar Pradesh,Wheat,Haathras APMC,2021-01-28,20.0,Dara,1800.0,1850.0,1830.0,Hathras
Uttar Pradesh,Wheat,Haathras APMC,2021-01-29,30.0,Dara,1790.0,1830.0,1800.0,Hathras
Uttar Pradesh,Wheat,Haathras APMC,2021-01-30,30.0,Dara,1800.0,1820.0,1815.0,Hathras
Uttar Pradesh,Wheat,Haldaur APMC,2021-01-01,1.0,Dara,1650.0,1800.0,1700.0,Bijnor
Uttar Pradesh,Wheat,Haldaur APMC,2021-01-02,1.0,Dara,1650.0,1800.0,1700.0,Bijnor
Uttar Pradesh,Wheat,Haldaur APMC,2021-01-03,1.0,Dara,1650.0,1800.0,1700.0,Bijnor
Uttar Pradesh,Wheat,Haldaur APMC,2021-01-04,1.0,Dara,1650.0,1800.0,1700.0,Bijnor
Uttar Pradesh,Wheat,Haldaur APMC,2021-01-05,1.0,Dara,1650.0,1800.0,1700.0,Bijnor
Uttar Pradesh,Wheat,Haldaur APMC,2021-01-06,1.0,Dara,1650.0,1800.0,1700.0,Bijnor
Uttar Pradesh,Wheat,Haldaur APMC,2021-01-07,1.0,Dara,1650.0,1800.0,1700.0,Bijnor
Uttar Pradesh,Wheat,Haldaur APMC,2021-01-08,1.0,Dara,1650.0,1800.0,1700.0,Bijnor
Uttar Pradesh,Wheat,Haldaur APMC,2021-01-09,1.0,Dara,1650.0,1800.0,1700.0,Bijnor
Uttar Pradesh,Wheat,Haldaur APMC,2021-01-10,1.0,Dara,1650.0,1800.0,1700.0,Bijnor
Uttar Pradesh,Wheat,Haldaur APMC,2021-01-11,1.0,Dara,1650.0,1800.0,1700.0,Bijnor
Uttar Pradesh,Wheat,Haldaur APMC,2021-01-12,1.0,Dara,1650.0,1800.0,1700.0,Bijnor
Uttar Pradesh,Wheat,Haldaur APMC,2021-01-13,1.0,Dara,1650.0,1800.0,1700.0,Bijnor
Uttar Pradesh,Wheat,Haldaur APMC,2021-01-14,1.0,Dara,1650.0,1800.0,1700.0,Bijnor
Uttar Pradesh,Wheat,Haldaur APMC,2021-01-15,1.0,Dara,1650.0,1800.0,1700.0,Bijnor
Uttar Pradesh,Wheat,Haldaur APMC,2021-01-16,1.0,Dara,1650.0,1800.0,1700.0,Bijnor
Uttar Pradesh,Wheat,Haldaur APMC,2021-01-17,1.0,Dara,1650.0,1800.0,1700.0,Bijnor
Uttar Pradesh,Wheat,Haldaur APMC,2021-01-18,1.0,Dara,1650.0,1800.0,1700.0,Bijnor
Uttar Pradesh,Wheat,Haldaur APMC,2021-01-19,1.0,Dara,1650.0,1800.0,1700.0,Bijnor
Uttar Pradesh,Wheat,Haldaur APMC,2021-01-20,1.0,Dara,1650.0,1800.0,1700.0,Bijnor
Uttar Pradesh,Wheat,Haldaur APMC,2021-01-21,1.0,Dara,1650.0,1800.0,1700.0,Bijnor
Uttar Pradesh,Wheat,Haldaur APMC,2021-01-22,1.0,Dara,1650.0,1800.0,1700.0,Bijnor
Uttar Pradesh,Wheat,Haldaur APMC,2021-01-23,1.0,Dara,1650.0,1800.0,1700.0,Bijnor
Uttar Pradesh,Wheat,Haldaur APMC,2021-01-24,1.0,Dara,1650.0,1800.0,1700.0,Bijnor
Uttar Pradesh,Wheat,Haldaur APMC,2021-01-25,1.0,Dara,1650.0,1800.0,1700.0,Bijnor
Uttar Pradesh,Wheat,Haldaur APMC,2021-01-26,1.0,Dara,1650.0,1800.0,1700.0,Bijnor
Uttar Pradesh,Wheat,Haldaur APMC,2021-01-27,1.0,Dara,1650.0,1800.0,1700.0,Bijnor
Uttar Pradesh,Wheat,Hamirpur APMC,2021-01-15,280.0,Dara,1620.0,1700.0,1675.0,Hamirpur
Uttar Pradesh,Wheat,Hamirpur APMC,2021-01-30,300.0,Dara,1630.0,1700.0,1675.0,Hamirpur
Uttar Pradesh,Wheat,Hapur APMC,2021-01-01,120.0,Dara,1700.0,1850.0,1760.0,Ghaziabad
Uttar Pradesh,Wheat,Hapur APMC,2021-01-02,110.0,Dara,1700.0,1850.0,1760.0,Ghaziabad
Uttar Pradesh,Wheat,Hapur APMC,2021-01-04,120.0,Dara,1700.0,1850.0,1770.0,Ghaziabad
Uttar Pradesh,Wheat,Hapur APMC,2021-01-05,120.0,Dara,1700.0,1850.0,1780.0,Ghaziabad
Uttar Pradesh,Wheat,Hapur APMC,2021-01-06,100.0,Dara,1700.0,1850.0,1780.0,Ghaziabad
Uttar Pradesh,Wheat,Hapur APMC,2021-01-07,90.0,Dara,1700.0,1850.0,1780.0,Ghaziabad
Uttar Pradesh,Wheat,Hapur APMC,2021-01-08,100.0,Dara,1700.0,1850.0,1780.0,Ghaziabad
Uttar Pradesh,Wheat,Hapur APMC,2021-01-09,110.0,Dara,1700.0,1850.0,1780.0,Ghaziabad
Uttar Pradesh,Wheat,Hapur APMC,2021-01-11,120.0,Dara,1700.0,1850.0,1790.0,Ghaziabad
Uttar Pradesh,Wheat,Hapur APMC,2021-01-12,140.0,Dara,1700.0,1850.0,1780.0,Ghaziabad
Uttar Pradesh,Wheat,Hapur APMC,2021-01-13,150.0,Dara,1700.0,1850.0,1780.0,Ghaziabad
Uttar Pradesh,Wheat,Hapur APMC,2021-01-14,160.0,Dara,1700.0,1850.0,1790.0,Ghaziabad
Uttar Pradesh,Wheat,Hapur APMC,2021-01-15,150.0,Dara,1700.0,1850.0,1790.0,Ghaziabad
Uttar Pradesh,Wheat,Hapur APMC,2021-01-16,140.0,Dara,1700.0,1850.0,1790.0,Ghaziabad
Uttar Pradesh,Wheat,Hapur APMC,2021-01-18,130.0,Dara,1700.0,1850.0,1790.0,Ghaziabad
Uttar Pradesh,Wheat,Hapur APMC,2021-01-19,120.0,Dara,1700.0,1850.0,1780.0,Ghaziabad
Uttar Pradesh,Wheat,Hapur APMC,2021-01-20,130.0,Dara,1700.0,1850.0,1780.0,Ghaziabad
Uttar Pradesh,Wheat,Hapur APMC,2021-01-22,150.0,Dara,1700.0,1850.0,1780.0,Ghaziabad
Uttar Pradesh,Wheat,Hapur APMC,2021-01-23,140.0,Dara,1700.0,1850.0,1780.0,Ghaziabad
Uttar Pradesh,Wheat,Hapur APMC,2021-01-25,120.0,Dara,1700.0,1850.0,1780.0,Ghaziabad
Uttar Pradesh,Wheat,Hapur APMC,2021-01-27,100.0,Dara,1700.0,1850.0,1780.0,Ghaziabad
Uttar Pradesh,Wheat,Hapur APMC,2021-01-29,120.0,Dara,1700.0,1850.0,1770.0,Ghaziabad
Uttar Pradesh,Wheat,Hapur APMC,2021-01-30,110.0,Dara,1700.0,1850.0,1770.0,Ghaziabad
Uttar Pradesh,Wheat,Hardoi APMC,2021-01-01,210.0,Dara,1660.0,1680.0,1670.0,Hardoi
Uttar Pradesh,Wheat,Hardoi APMC,2021-01-04,190.0,Dara,1660.0,1690.0,1670.0,Hardoi
Uttar Pradesh,Wheat,Hardoi APMC,2021-01-05,160.0,Dara,1670.0,1690.0,1685.0,Hardoi
Uttar Pradesh,Wheat,Hardoi APMC,2021-01-06,170.0,Dara,1670.0,1690.0,1680.0,Hardoi
Uttar Pradesh,Wheat,Hardoi APMC,2021-01-07,180.0,Dara,1650.0,1670.0,1660.0,Hardoi
Uttar Pradesh,Wheat,Hardoi APMC,2021-01-08,170.0,Dara,1650.0,1690.0,1670.0,Hardoi
Uttar Pradesh,Wheat,Hardoi APMC,2021-01-09,170.0,Dara,1650.0,1670.0,1660.0,Hardoi
Uttar Pradesh,Wheat,Hardoi APMC,2021-01-11,140.0,Dara,1670.0,1690.0,1680.0,Hardoi
Uttar Pradesh,Wheat,Hardoi APMC,2021-01-12,160.0,Dara,1670.0,1680.0,1675.0,Hardoi
Uttar Pradesh,Wheat,Hardoi APMC,2021-01-13,150.0,Dara,1670.0,1690.0,1680.0,Hardoi
Uttar Pradesh,Wheat,Hardoi APMC,2021-01-14,160.0,Dara,1650.0,1675.0,1670.0,Hardoi
Uttar Pradesh,Wheat,Hardoi APMC,2021-01-15,140.0,Dara,1660.0,1685.0,1670.0,Hardoi
Uttar Pradesh,Wheat,Hardoi APMC,2021-01-16,130.0,Dara,1670.0,1680.0,1675.0,Hardoi
Uttar Pradesh,Wheat,Hardoi APMC,2021-01-18,140.0,Dara,1660.0,1680.0,1670.0,Hardoi
Uttar Pradesh,Wheat,Hardoi APMC,2021-01-19,130.0,Dara,1675.0,1690.0,1680.0,Hardoi
Uttar Pradesh,Wheat,Hardoi APMC,2021-01-20,160.0,Dara,1660.0,1680.0,1670.0,Hardoi
Uttar Pradesh,Wheat,Hardoi APMC,2021-01-21,140.0,Dara,1660.0,1690.0,1675.0,Hardoi
Uttar Pradesh,Wheat,Hardoi APMC,2021-01-22,240.0,Dara,1660.0,1680.0,1670.0,Hardoi
Uttar Pradesh,Wheat,Hardoi APMC,2021-01-23,200.0,Dara,1670.0,1690.0,1680.0,Hardoi
Uttar Pradesh,Wheat,Hardoi APMC,2021-01-25,140.0,Dara,1660.0,1680.0,1670.0,Hardoi
Uttar Pradesh,Wheat,Hardoi APMC,2021-01-27,180.0,Dara,1660.0,1680.0,1670.0,Hardoi
Uttar Pradesh,Wheat,Hardoi APMC,2021-01-28,170.0,Dara,1970.0,1980.0,1975.0,Hardoi
Uttar Pradesh,Wheat,Hardoi APMC,2021-01-29,130.0,Dara,1680.0,1700.0,1690.0,Hardoi
Uttar Pradesh,Wheat,Hardoi APMC,2021-01-30,140.0,Dara,1680.0,1690.0,1685.0,Hardoi
Uttar Pradesh,Wheat,Jafarganj APMC,2021-01-01,11.0,Dara,1740.0,1780.0,1760.0,Amethi
Uttar Pradesh,Wheat,Jafarganj APMC,2021-01-02,8.0,Dara,1700.0,1750.0,1720.0,Amethi
Uttar Pradesh,Wheat,Jafarganj APMC,2021-01-04,35.0,Dara,1700.0,1750.0,1725.0,Amethi
Uttar Pradesh,Wheat,Jafarganj APMC,2021-01-05,10.0,Dara,1700.0,1750.0,1720.0,Amethi
Uttar Pradesh,Wheat,Jafarganj APMC,2021-01-06,28.0,Dara,1690.0,1730.0,1700.0,Amethi
Uttar Pradesh,Wheat,Jafarganj APMC,2021-01-07,25.0,Dara,1690.0,1720.0,1700.0,Amethi
Uttar Pradesh,Wheat,Jafarganj APMC,2021-01-08,11.0,Dara,1710.0,1750.0,1730.0,Amethi
Uttar Pradesh,Wheat,Jafarganj APMC,2021-01-11,21.0,Dara,1690.0,1720.0,1700.0,Amethi
Uttar Pradesh,Wheat,Jafarganj APMC,2021-01-12,8.0,Dara,1690.0,1720.0,1700.0,Amethi
Uttar Pradesh,Wheat,Jafarganj APMC,2021-01-13,16.0,Dara,1700.0,1750.0,1720.0,Amethi
Uttar Pradesh,Wheat,Jafarganj APMC,2021-01-14,24.0,Dara,1700.0,1750.0,1725.0,Amethi
Uttar Pradesh,Wheat,Jafarganj APMC,2021-01-15,11.0,Dara,1680.0,1720.0,1700.0,Amethi
Uttar Pradesh,Wheat,Jafarganj APMC,2021-01-16,9.0,Dara,1680.0,1720.0,1700.0,Amethi
Uttar Pradesh,Wheat,Jafarganj APMC,2021-01-18,25.0,Dara,1710.0,1750.0,1730.0,Amethi
Uttar Pradesh,Wheat,Jafarganj APMC,2021-01-19,10.0,Dara,1700.0,1740.0,1720.0,Amethi
Uttar Pradesh,Wheat,Jafarganj APMC,2021-01-21,14.0,Dara,1710.0,1750.0,1730.0,Amethi
Uttar Pradesh,Wheat,Jafarganj APMC,2021-01-22,15.0,Dara,1710.0,1750.0,1725.0,Amethi
Uttar Pradesh,Wheat,Jafarganj APMC,2021-01-23,14.0,Dara,1710.0,1750.0,1730.0,Amethi
Uttar Pradesh,Wheat,Jafarganj APMC,2021-01-25,24.0,Dara,1700.0,1740.0,1720.0,Amethi
Uttar Pradesh,Wheat,Jafarganj APMC,2021-01-27,18.0,Dara,1680.0,1720.0,1700.0,Amethi
Uttar Pradesh,Wheat,Jafarganj APMC,2021-01-28,23.0,Dara,1680.0,1720.0,1700.0,Amethi
Uttar Pradesh,Wheat,Jafarganj APMC,2021-01-29,12.0,Dara,1660.0,1700.0,1680.0,Amethi
Uttar Pradesh,Wheat,Jafarganj APMC,2021-01-30,9.0,Dara,1660.0,1700.0,1680.0,Amethi
Uttar Pradesh,Wheat,Jagnair APMC,2021-01-02,2.8,Dara,1600.0,1670.0,1635.0,Agra
Uttar Pradesh,Wheat,Jagnair APMC,2021-01-04,2.4,Dara,1600.0,1650.0,1625.0,Agra
Uttar Pradesh,Wheat,Jagnair APMC,2021-01-09,3.4,Dara,1600.0,1700.0,1650.0,Agra
Uttar Pradesh,Wheat,Jagnair APMC,2021-01-28,4.5,Dara,1600.0,1700.0,1650.0,Agra
Uttar Pradesh,Wheat,Jalaun APMC,2021-01-01,26.7,Dara,1520.0,1560.0,1540.0,Jalaun
Uttar Pradesh,Wheat,Jalaun APMC,2021-01-02,30.1,Dara,1550.0,1590.0,1570.0,Jalaun
Uttar Pradesh,Wheat,Jalaun APMC,2021-01-03,23.3,Dara,1550.0,1590.0,1575.0,Jalaun
Uttar Pradesh,Wheat,Jalaun APMC,2021-01-05,26.4,Dara,1600.0,1660.0,1650.0,Jalaun
Uttar Pradesh,Wheat,Jalaun APMC,2021-01-06,28.2,Dara,1650.0,1690.0,1670.0,Jalaun
Uttar Pradesh,Wheat,Jalaun APMC,2021-01-07,25.3,Dara,1670.0,1690.0,1685.0,Jalaun
Uttar Pradesh,Wheat,Jalaun APMC,2021-01-08,26.5,Dara,1650.0,1680.0,1660.0,Jalaun
Uttar Pradesh,Wheat,Jalaun APMC,2021-01-09,24.8,Dara,1660.0,1680.0,1670.0,Jalaun
Uttar Pradesh,Wheat,Jalaun APMC,2021-01-10,34.3,Dara,1640.0,1700.0,1680.0,Jalaun
Uttar Pradesh,Wheat,Jalaun APMC,2021-01-12,35.2,Dara,1670.0,1700.0,1690.0,Jalaun
Uttar Pradesh,Wheat,Jalaun APMC,2021-01-13,23.4,Dara,1660.0,1690.0,1674.0,Jalaun
Uttar Pradesh,Wheat,Jalaun APMC,2021-01-14,5.8,Dara,1600.0,1700.0,1682.0,Jalaun
Uttar Pradesh,Wheat,Jalaun APMC,2021-01-15,23.3,Dara,1650.0,1700.0,1675.0,Jalaun
Uttar Pradesh,Wheat,Jalaun APMC,2021-01-16,21.0,Dara,1676.0,1700.0,1686.0,Jalaun
Uttar Pradesh,Wheat,Jalaun APMC,2021-01-17,22.0,Dara,1670.0,1700.0,1686.0,Jalaun
Uttar Pradesh,Wheat,Jalaun APMC,2021-01-19,24.0,Dara,1650.0,1680.0,1665.0,Jalaun
Uttar Pradesh,Wheat,Jalaun APMC,2021-01-20,16.2,Dara,1650.0,1725.0,1713.0,Jalaun
Uttar Pradesh,Wheat,Jalaun APMC,2021-01-21,30.1,Dara,1670.0,1700.0,1682.0,Jalaun
Uttar Pradesh,Wheat,Jalaun APMC,2021-01-22,29.0,Dara,1663.0,1690.0,1673.0,Jalaun
Uttar Pradesh,Wheat,Jalaun APMC,2021-01-23,21.0,Dara,1650.0,1680.0,1660.0,Jalaun
Uttar Pradesh,Wheat,Jalaun APMC,2021-01-24,34.2,Dara,1620.0,1660.0,1641.0,Jalaun
Uttar Pradesh,Wheat,Jalaun APMC,2021-01-26,31.5,Dara,1600.0,1640.0,1625.0,Jalaun
Uttar Pradesh,Wheat,Jalaun APMC,2021-01-27,2.4,Dara,1630.0,1670.0,1651.0,Jalaun
Uttar Pradesh,Wheat,Jalaun APMC,2021-01-29,14.0,Dara,1600.0,1650.0,1620.0,Jalaun
Uttar Pradesh,Wheat,Jalaun APMC,2021-01-30,34.8,Dara,1600.0,1650.0,1621.0,Jalaun
Uttar Pradesh,Wheat,Jalaun APMC,2021-01-31,30.2,Dara,1600.0,1640.0,1620.0,Jalaun
Uttar Pradesh,Wheat,Jangipura APMC,2021-01-01,27.0,Dara,1700.0,1750.0,1730.0,Ghazipur
Uttar Pradesh,Wheat,Jangipura APMC,2021-01-02,26.0,Dara,1700.0,1740.0,1720.0,Ghazipur
Uttar Pradesh,Wheat,Jangipura APMC,2021-01-03,22.0,Dara,1700.0,1740.0,1720.0,Ghazipur
Uttar Pradesh,Wheat,Jangipura APMC,2021-01-04,26.0,Dara,1700.0,1750.0,1730.0,Ghazipur
Uttar Pradesh,Wheat,Jangipura APMC,2021-01-06,23.0,Dara,1720.0,1760.0,1740.0,Ghazipur
Uttar Pradesh,Wheat,Jangipura APMC,2021-01-07,20.0,Dara,1700.0,1750.0,1720.0,Ghazipur
Uttar Pradesh,Wheat,Jangipura APMC,2021-01-08,24.0,Dara,1700.0,1740.0,1720.0,Ghazipur
Uttar Pradesh,Wheat,Jangipura APMC,2021-01-09,20.0,Dara,1720.0,1760.0,1740.0,Ghazipur
Uttar Pradesh,Wheat,Jangipura APMC,2021-01-10,25.0,Dara,1720.0,1760.0,1740.0,Ghazipur
Uttar Pradesh,Wheat,Jangipura APMC,2021-01-11,23.0,Dara,1720.0,1760.0,1740.0,Ghazipur
Uttar Pradesh,Wheat,Jangipura APMC,2021-01-14,30.0,Dara,1720.0,1760.0,1740.0,Ghazipur
Uttar Pradesh,Wheat,Jangipura APMC,2021-01-15,27.0,Dara,1720.0,1760.0,1730.0,Ghazipur
Uttar Pradesh,Wheat,Jangipura APMC,2021-01-16,22.0,Dara,1720.0,1760.0,1740.0,Ghazipur
Uttar Pradesh,Wheat,Jangipura APMC,2021-01-17,20.0,Dara,1720.0,1760.0,1740.0,Ghazipur
Uttar Pradesh,Wheat,Jangipura APMC,2021-01-18,14.0,Dara,1720.0,1780.0,1750.0,Ghazipur
Uttar Pradesh,Wheat,Jangipura APMC,2021-01-21,14.0,Dara,1720.0,1760.0,1740.0,Ghazipur
Uttar Pradesh,Wheat,Jangipura APMC,2021-01-22,16.0,Dara,1720.0,1760.0,1740.0,Ghazipur
Uttar Pradesh,Wheat,Jangipura APMC,2021-01-23,20.0,Dara,1720.0,1760.0,1740.0,Ghazipur
Uttar Pradesh,Wheat,Jangipura APMC,2021-01-24,18.0,Dara,1720.0,1760.0,1740.0,Ghazipur
Uttar Pradesh,Wheat,Jangipura APMC,2021-01-25,20.0,Dara,1720.0,1760.0,1740.0,Ghazipur
Uttar Pradesh,Wheat,Jangipura APMC,2021-01-27,16.0,Dara,1730.0,1780.0,1750.0,Ghazipur
Uttar Pradesh,Wheat,Jangipura APMC,2021-01-28,20.0,Dara,1720.0,1760.0,1740.0,Ghazipur
Uttar Pradesh,Wheat,Jangipura APMC,2021-01-29,20.0,Dara,1720.0,1750.0,1735.0,Ghazipur
Uttar Pradesh,Wheat,Jangipura APMC,2021-01-30,25.0,Dara,1720.0,1750.0,1735.0,Ghazipur
Uttar Pradesh,Wheat,Jangipura APMC,2021-01-31,22.0,Dara,1720.0,1760.0,1740.0,Ghazipur
Uttar Pradesh,Wheat,Jaunpur APMC,2021-01-01,32.5,Dara,1710.0,1740.0,1730.0,Jaunpur
Uttar Pradesh,Wheat,Jaunpur APMC,2021-01-04,30.0,Dara,1715.0,1750.0,1735.0,Jaunpur
Uttar Pradesh,Wheat,Jaunpur APMC,2021-01-05,40.0,Dara,1720.0,1760.0,1740.0,Jaunpur
Uttar Pradesh,Wheat,Jaunpur APMC,2021-01-07,50.0,Dara,1710.0,1750.0,1735.0,Jaunpur
Uttar Pradesh,Wheat,Jaunpur APMC,2021-01-08,20.8,Dara,1700.0,1750.0,1720.0,Jaunpur
Uttar Pradesh,Wheat,Jaunpur APMC,2021-01-09,30.0,Dara,1680.0,1730.0,1710.0,Jaunpur
Uttar Pradesh,Wheat,Jaunpur APMC,2021-01-11,30.0,Dara,1685.0,1730.0,1710.0,Jaunpur
Uttar Pradesh,Wheat,Jaunpur APMC,2021-01-12,33.0,Dara,1670.0,1720.0,1700.0,Jaunpur
Uttar Pradesh,Wheat,Jaunpur APMC,2021-01-14,46.0,Dara,1700.0,1750.0,1725.0,Jaunpur
Uttar Pradesh,Wheat,Jaunpur APMC,2021-01-15,46.0,Dara,1700.0,1750.0,1725.0,Jaunpur
Uttar Pradesh,Wheat,Jaunpur APMC,2021-01-16,59.0,Dara,1700.0,1760.0,1730.0,Jaunpur
Uttar Pradesh,Wheat,Jaunpur APMC,2021-01-18,18.5,Dara,1690.0,1730.0,1710.0,Jaunpur
Uttar Pradesh,Wheat,Jaunpur APMC,2021-01-19,30.0,Dara,1700.0,1750.0,1720.0,Jaunpur
Uttar Pradesh,Wheat,Jaunpur APMC,2021-01-20,26.0,Dara,1690.0,1735.0,1710.0,Jaunpur
Uttar Pradesh,Wheat,Jaunpur APMC,2021-01-21,30.8,Dara,1690.0,1730.0,1710.0,Jaunpur
Uttar Pradesh,Wheat,Jaunpur APMC,2021-01-22,40.0,Dara,1690.0,1720.0,1710.0,Jaunpur
Uttar Pradesh,Wheat,Jaunpur APMC,2021-01-23,20.0,Dara,1675.0,1730.0,1700.0,Jaunpur
Uttar Pradesh,Wheat,Jaunpur APMC,2021-01-25,22.5,Dara,1685.0,1720.0,1700.0,Jaunpur
Uttar Pradesh,Wheat,Jaunpur APMC,2021-01-27,20.0,Dara,1685.0,1730.0,1710.0,Jaunpur
Uttar Pradesh,Wheat,Jaunpur APMC,2021-01-28,34.0,Dara,1700.0,1740.0,1720.0,Jaunpur
Uttar Pradesh,Wheat,Jaunpur APMC,2021-01-29,20.0,Dara,1695.0,1730.0,1710.0,Jaunpur
Uttar Pradesh,Wheat,Jaunpur APMC,2021-01-30,40.0,Dara,1690.0,1730.0,1710.0,Jaunpur
Uttar Pradesh,Wheat,Jayas APMC,2021-01-02,2.0,Dara,1500.0,1550.0,1530.0,Rae Bareli
Uttar Pradesh,Wheat,Jayas APMC,2021-01-03,1.3,Dara,1550.0,1585.0,1560.0,Rae Bareli
Uttar Pradesh,Wheat,Jayas APMC,2021-01-04,2.3,Dara,1550.0,1585.0,1560.0,Rae Bareli
Uttar Pradesh,Wheat,Jayas APMC,2021-01-05,2.4,Dara,1550.0,1600.0,1560.0,Rae Bareli
Uttar Pradesh,Wheat,Jayas APMC,2021-01-08,2.3,Dara,1650.0,1700.0,1670.0,Rae Bareli
Uttar Pradesh,Wheat,Jayas APMC,2021-01-10,2.4,Dara,1650.0,1700.0,1665.0,Rae Bareli
Uttar Pradesh,Wheat,Jayas APMC,2021-01-11,2.2,Dara,1650.0,1710.0,1700.0,Rae Bareli
Uttar Pradesh,Wheat,Jayas APMC,2021-01-12,3.0,Dara,1650.0,1700.0,1690.0,Rae Bareli
Uttar Pradesh,Wheat,Jayas APMC,2021-01-14,2.2,Dara,1650.0,1700.0,1695.0,Rae Bareli
Uttar Pradesh,Wheat,Jayas APMC,2021-01-15,1.1,Dara,1650.0,1700.0,1695.0,Rae Bareli
Uttar Pradesh,Wheat,Jayas APMC,2021-01-16,1.2,Dara,1650.0,1710.0,1695.0,Rae Bareli
Uttar Pradesh,Wheat,Jayas APMC,2021-01-17,1.8,Dara,1650.0,1710.0,1695.0,Rae Bareli
Uttar Pradesh,Wheat,Jayas APMC,2021-01-18,2.4,Dara,1650.0,1715.0,1690.0,Rae Bareli
Uttar Pradesh,Wheat,Jayas APMC,2021-01-19,3.4,Dara,1650.0,1715.0,1700.0,Rae Bareli
Uttar Pradesh,Wheat,Jayas APMC,2021-01-22,2.3,Dara,1650.0,1715.0,1695.0,Rae Bareli
Uttar Pradesh,Wheat,Jayas APMC,2021-01-23,2.3,Dara,1650.0,1710.0,1680.0,Rae Bareli
Uttar Pradesh,Wheat,Jayas APMC,2021-01-24,2.2,Dara,1650.0,1700.0,1685.0,Rae Bareli
Uttar Pradesh,Wheat,Jayas APMC,2021-01-25,2.5,Dara,1680.0,1760.0,1750.0,Rae Bareli
Uttar Pradesh,Wheat,Jayas APMC,2021-01-26,1.5,Dara,1680.0,1750.0,1720.0,Rae Bareli
Uttar Pradesh,Wheat,Jayas APMC,2021-01-28,2.0,Dara,1680.0,1715.0,1700.0,Rae Bareli
Uttar Pradesh,Wheat,Jayas APMC,2021-01-29,1.4,Dara,1700.0,1760.0,1755.0,Rae Bareli
Uttar Pradesh,Wheat,Jayas APMC,2021-01-30,2.6,Dara,1680.0,1765.0,1760.0,Rae Bareli
Uttar Pradesh,Wheat,Jhansi APMC,2021-01-01,94.0,Dara,1560.0,1650.0,1605.0,Jhansi
Uttar Pradesh,Wheat,Jhansi APMC,2021-01-06,76.0,Dara,1560.0,1660.0,1615.0,Jhansi
Uttar Pradesh,Wheat,Jhansi APMC,2021-01-07,87.5,Dara,1560.0,1660.0,1610.0,Jhansi
Uttar Pradesh,Wheat,Jhansi APMC,2021-01-08,90.0,Dara,1550.0,1650.0,1605.0,Jhansi
Uttar Pradesh,Wheat,Jhansi APMC,2021-01-09,85.0,Dara,1560.0,1665.0,1615.0,Jhansi
Uttar Pradesh,Wheat,Jhansi APMC,2021-01-10,90.0,Dara,1550.0,1650.0,1605.0,Jhansi
Uttar Pradesh,Wheat,Jhansi APMC,2021-01-11,87.0,Dara,1560.0,1660.0,1610.0,Jhansi
Uttar Pradesh,Wheat,Jhansi APMC,2021-01-13,90.0,Dara,1550.0,1650.0,1605.0,Jhansi
Uttar Pradesh,Wheat,Jhansi APMC,2021-01-15,85.0,Dara,1560.0,1660.0,1610.0,Jhansi
Uttar Pradesh,Wheat,Jhansi APMC,2021-01-16,92.5,Dara,1550.0,1650.0,1605.0,Jhansi
Uttar Pradesh,Wheat,Jhansi APMC,2021-01-17,87.5,Dara,1560.0,1660.0,1610.0,Jhansi
Uttar Pradesh,Wheat,Jhansi APMC,2021-01-18,89.0,Dara,1560.0,1660.0,1610.0,Jhansi
Uttar Pradesh,Wheat,Jhansi APMC,2021-01-20,90.0,Dara,1550.0,1650.0,1605.0,Jhansi
Uttar Pradesh,Wheat,Jhansi APMC,2021-01-21,85.0,Dara,1560.0,1660.0,1610.0,Jhansi
Uttar Pradesh,Wheat,Jhansi APMC,2021-01-22,92.5,Dara,1560.0,1660.0,1610.0,Jhansi
Uttar Pradesh,Wheat,Jhansi APMC,2021-01-23,86.0,Dara,1560.0,1660.0,1615.0,Jhansi
Uttar Pradesh,Wheat,Jhansi APMC,2021-01-24,87.5,Dara,1560.0,1660.0,1610.0,Jhansi
Uttar Pradesh,Wheat,Jhansi APMC,2021-01-25,85.0,Dara,1560.0,1650.0,1615.0,Jhansi
Uttar Pradesh,Wheat,Jhansi APMC,2021-01-27,92.5,Dara,1560.0,1660.0,1610.0,Jhansi
Uttar Pradesh,Wheat,Jhansi APMC,2021-01-29,88.0,Dara,1560.0,1660.0,1610.0,Jhansi
Uttar Pradesh,Wheat,Jhansi APMC,2021-01-30,90.0,Dara,1550.0,1650.0,1605.0,Jhansi
Uttar Pradesh,Wheat,Jhansi APMC,2021-01-31,95.0,Dara,1550.0,1650.0,1600.0,Jhansi
Uttar Pradesh,Wheat,Jhijhank APMC,2021-01-01,5.0,Dara,1550.0,1750.0,1650.0,Kanpur Dehat
Uttar Pradesh,Wheat,Jhijhank APMC,2021-01-02,13.0,Dara,1550.0,1700.0,1630.0,Kanpur Dehat
Uttar Pradesh,Wheat,Jhijhank APMC,2021-01-03,10.0,Dara,1550.0,1700.0,1620.0,Kanpur Dehat
Uttar Pradesh,Wheat,Jhijhank APMC,2021-01-05,8.0,Dara,1550.0,1700.0,1640.0,Kanpur Dehat
Uttar Pradesh,Wheat,Jhijhank APMC,2021-01-06,16.0,Dara,1500.0,1700.0,1600.0,Kanpur Dehat
Uttar Pradesh,Wheat,Jhijhank APMC,2021-01-07,5.0,Dara,1550.0,1750.0,1650.0,Kanpur Dehat
Uttar Pradesh,Wheat,Jhijhank APMC,2021-01-08,17.0,Dara,1550.0,1750.0,1660.0,Kanpur Dehat
Uttar Pradesh,Wheat,Jhijhank APMC,2021-01-09,10.0,Dara,1550.0,1700.0,1640.0,Kanpur Dehat
Uttar Pradesh,Wheat,Jhijhank APMC,2021-01-10,12.0,Dara,1550.0,1750.0,1650.0,Kanpur Dehat
Uttar Pradesh,Wheat,Jhijhank APMC,2021-01-12,15.0,Dara,1575.0,1750.0,1680.0,Kanpur Dehat
Uttar Pradesh,Wheat,Jhijhank APMC,2021-01-13,18.0,Dara,1600.0,1750.0,1675.0,Kanpur Dehat
Uttar Pradesh,Wheat,Jhijhank APMC,2021-01-14,10.0,Dara,1600.0,1750.0,1690.0,Kanpur Dehat
Uttar Pradesh,Wheat,Jhijhank APMC,2021-01-15,12.0,Dara,1600.0,1750.0,1670.0,Kanpur Dehat
Uttar Pradesh,Wheat,Jhijhank APMC,2021-01-16,15.0,Dara,1600.0,1750.0,1680.0,Kanpur Dehat
Uttar Pradesh,Wheat,Jhijhank APMC,2021-01-17,18.0,Dara,1600.0,1750.0,1685.0,Kanpur Dehat
Uttar Pradesh,Wheat,Jhijhank APMC,2021-01-19,20.0,Dara,1600.0,1750.0,1675.0,Kanpur Dehat
Uttar Pradesh,Wheat,Jhijhank APMC,2021-01-20,16.0,Dara,1600.0,1800.0,1700.0,Kanpur Dehat
Uttar Pradesh,Wheat,Jhijhank APMC,2021-01-21,15.0,Dara,1600.0,1750.0,1690.0,Kanpur Dehat
Uttar Pradesh,Wheat,Jhijhank APMC,2021-01-22,10.0,Dara,1650.0,1800.0,1720.0,Kanpur Dehat
Uttar Pradesh,Wheat,Jhijhank APMC,2021-01-23,16.0,Dara,1600.0,1800.0,1700.0,Kanpur Dehat
Uttar Pradesh,Wheat,Jhijhank APMC,2021-01-24,15.0,Dara,1650.0,1800.0,1720.0,Kanpur Dehat
Uttar Pradesh,Wheat,Jhijhank APMC,2021-01-28,10.0,Dara,1650.0,1800.0,1730.0,Kanpur Dehat
Uttar Pradesh,Wheat,Jhijhank APMC,2021-01-29,17.0,Dara,1650.0,1800.0,1720.0,Kanpur Dehat
Uttar Pradesh,Wheat,Jhijhank APMC,2021-01-30,13.0,Dara,1650.0,1800.0,1730.0,Kanpur Dehat
Uttar Pradesh,Wheat,Jhijhank APMC,2021-01-31,16.0,Dara,1650.0,1800.0,1720.0,Kanpur Dehat
Uttar Pradesh,Wheat,Kalpi APMC,2021-01-02,14.0,Dara,1540.0,1551.0,1545.0,Jalaun
Uttar Pradesh,Wheat,Kalpi APMC,2021-01-04,13.7,Dara,1580.0,1600.0,1590.0,Jalaun
Uttar Pradesh,Wheat,Kalpi APMC,2021-01-05,7.5,Dara,1580.0,1600.0,1590.0,Jalaun
Uttar Pradesh,Wheat,Kalpi APMC,2021-01-06,12.0,Dara,1580.0,1600.0,1590.0,Jalaun
Uttar Pradesh,Wheat,Kalpi APMC,2021-01-07,12.5,Dara,1580.0,1600.0,1590.0,Jalaun
Uttar Pradesh,Wheat,Kalpi APMC,2021-01-08,21.0,Dara,1580.0,1595.0,1590.0,Jalaun
Uttar Pradesh,Wheat,Kalpi APMC,2021-01-09,21.3,Dara,1610.0,1621.0,1615.0,Jalaun
Uttar Pradesh,Wheat,Kalpi APMC,2021-01-11,19.8,Dara,1625.0,1641.0,1630.0,Jalaun
Uttar Pradesh,Wheat,Kalpi APMC,2021-01-13,5.0,Dara,1635.0,1651.0,1640.0,Jalaun
Uttar Pradesh,Wheat,Kalpi APMC,2021-01-16,10.0,Dara,1625.0,1641.0,1635.0,Jalaun
Uttar Pradesh,Wheat,Kalpi APMC,2021-01-18,4.5,Dara,1665.0,1675.0,1670.0,Jalaun
Uttar Pradesh,Wheat,Kalpi APMC,2021-01-20,5.5,Dara,1660.0,1675.0,1670.0,Jalaun
Uttar Pradesh,Wheat,Kalpi APMC,2021-01-21,12.5,Dara,1675.0,1685.0,1680.0,Jalaun
Uttar Pradesh,Wheat,Kalpi APMC,2021-01-22,36.0,Dara,1650.0,1670.0,1660.0,Jalaun
Uttar Pradesh,Wheat,Kalpi APMC,2021-01-23,12.5,Dara,1630.0,1650.0,1640.0,Jalaun
Uttar Pradesh,Wheat,Kalpi APMC,2021-01-25,5.5,Dara,1640.0,1660.0,1650.0,Jalaun
Uttar Pradesh,Wheat,Kamlaganj APMC,2021-01-09,2.5,Dara,1600.0,1650.0,1620.0,Farrukhabad
Uttar Pradesh,Wheat,Kamlaganj APMC,2021-01-12,10.0,Dara,1500.0,1650.0,1600.0,Farrukhabad
Uttar Pradesh,Wheat,Kamlaganj APMC,2021-01-14,8.0,Dara,1500.0,1600.0,1550.0,Farrukhabad
Uttar Pradesh,Wheat,Kamlaganj APMC,2021-01-16,8.0,Dara,1500.0,1650.0,1550.0,Farrukhabad
Uttar Pradesh,Wheat,Kamlaganj APMC,2021-01-17,15.0,Dara,1500.0,1600.0,1550.0,Farrukhabad
Uttar Pradesh,Wheat,Kamlaganj APMC,2021-01-29,21.0,Dara,1500.0,1700.0,1600.0,Farrukhabad
Uttar Pradesh,Wheat,Kamlaganj APMC,2021-01-31,19.0,Dara,1600.0,1700.0,1650.0,Farrukhabad
Uttar Pradesh,Wheat,Kannauj APMC,2021-01-01,12.0,Dara,1600.0,1700.0,1640.0,Kannauj
Uttar Pradesh,Wheat,Kannauj APMC,2021-01-02,11.5,Dara,1600.0,1690.0,1640.0,Kannauj
Uttar Pradesh,Wheat,Kannauj APMC,2021-01-03,11.0,Dara,1600.0,1700.0,1640.0,Kannauj
Uttar Pradesh,Wheat,Kannauj APMC,2021-01-04,12.0,Dara,1600.0,1700.0,1640.0,Kannauj
Uttar Pradesh,Wheat,Kannauj APMC,2021-01-06,11.5,Dara,1600.0,1660.0,1645.0,Kannauj
Uttar Pradesh,Wheat,Kannauj APMC,2021-01-07,11.0,Dara,1600.0,1700.0,1640.0,Kannauj
Uttar Pradesh,Wheat,Kannauj APMC,2021-01-08,10.0,Dara,1620.0,1720.0,1670.0,Kannauj
Uttar Pradesh,Wheat,Kannauj APMC,2021-01-09,10.0,Dara,1650.0,1750.0,1690.0,Kannauj
Uttar Pradesh,Wheat,Kannauj APMC,2021-01-10,12.0,Dara,1650.0,1750.0,1690.0,Kannauj
Uttar Pradesh,Wheat,Kannauj APMC,2021-01-11,11.0,Dara,1650.0,1750.0,1700.0,Kannauj
Uttar Pradesh,Wheat,Kannauj APMC,2021-01-13,13.0,Dara,1650.0,1750.0,1700.0,Kannauj
Uttar Pradesh,Wheat,Kannauj APMC,2021-01-14,12.0,Dara,1650.0,1750.0,1710.0,Kannauj
Uttar Pradesh,Wheat,Kannauj APMC,2021-01-15,11.5,Dara,1680.0,1750.0,1715.0,Kannauj
Uttar Pradesh,Wheat,Kannauj APMC,2021-01-16,11.0,Dara,1680.0,1750.0,1715.0,Kannauj
Uttar Pradesh,Wheat,Kannauj APMC,2021-01-17,11.0,Dara,1650.0,1750.0,1715.0,Kannauj
Uttar Pradesh,Wheat,Kannauj APMC,2021-01-18,10.0,Dara,1700.0,1760.0,1735.0,Kannauj
Uttar Pradesh,Wheat,Kannauj APMC,2021-01-20,14.0,Dara,1650.0,1760.0,1720.0,Kannauj
Uttar Pradesh,Wheat,Kannauj APMC,2021-01-21,13.0,Dara,1680.0,1760.0,1730.0,Kannauj
Uttar Pradesh,Wheat,Kannauj APMC,2021-01-22,12.0,Dara,1680.0,1780.0,1730.0,Kannauj
Uttar Pradesh,Wheat,Kannauj APMC,2021-01-23,15.0,Dara,1680.0,1760.0,1730.0,Kannauj
Uttar Pradesh,Wheat,Kannauj APMC,2021-01-24,16.0,Dara,1680.0,1760.0,1725.0,Kannauj
Uttar Pradesh,Wheat,Kannauj APMC,2021-01-25,16.0,Dara,1680.0,1750.0,1720.0,Kannauj
Uttar Pradesh,Wheat,Kannauj APMC,2021-01-27,14.0,Dara,1680.0,1750.0,1720.0,Kannauj
Uttar Pradesh,Wheat,Kannauj APMC,2021-01-28,15.0,Dara,1650.0,1725.0,1700.0,Kannauj
Uttar Pradesh,Wheat,Kannauj APMC,2021-01-29,16.0,Dara,1650.0,1750.0,1710.0,Kannauj
Uttar Pradesh,Wheat,Kannauj APMC,2021-01-31,14.0,Dara,1680.0,1750.0,1720.0,Kannauj
Uttar Pradesh,Wheat,Kanpur(Grain) APMC,2021-01-01,420.0,Dara,1650.0,1700.0,1680.0,Jaunpur
Uttar Pradesh,Wheat,Kanpur(Grain) APMC,2021-01-02,400.0,Dara,1625.0,1750.0,1690.0,Jaunpur
Uttar Pradesh,Wheat,Kanpur(Grain) APMC,2021-01-04,450.0,Dara,1650.0,1750.0,1700.0,Jaunpur
Uttar Pradesh,Wheat,Kanpur(Grain) APMC,2021-01-05,410.0,Dara,1650.0,1750.0,1700.0,Jaunpur
Uttar Pradesh,Wheat,Kanpur(Grain) APMC,2021-01-06,440.0,Dara,1615.0,1725.0,1685.0,Jaunpur
Uttar Pradesh,Wheat,Kanpur(Grain) APMC,2021-01-07,460.0,Dara,1680.0,1750.0,1725.0,Jaunpur
Uttar Pradesh,Wheat,Kanpur(Grain) APMC,2021-01-08,430.0,Dara,1675.0,1800.0,1715.0,Jaunpur
Uttar Pradesh,Wheat,Kanpur(Grain) APMC,2021-01-09,400.0,Dara,1700.0,1800.0,1725.0,Jaunpur
Uttar Pradesh,Wheat,Kanpur(Grain) APMC,2021-01-11,3800.0,Dara,1650.0,1800.0,1740.0,Jaunpur
Uttar Pradesh,Wheat,Kanpur(Grain) APMC,2021-01-12,360.0,Dara,1700.0,1800.0,1750.0,Jaunpur
Uttar Pradesh,Wheat,Kanpur(Grain) APMC,2021-01-13,350.0,Dara,1700.0,1750.0,1730.0,Jaunpur
Uttar Pradesh,Wheat,Kanpur(Grain) APMC,2021-01-14,365.0,Dara,1700.0,1750.0,1720.0,Jaunpur
Uttar Pradesh,Wheat,Kanpur(Grain) APMC,2021-01-15,340.0,Dara,1700.0,1750.0,1725.0,Jaunpur
Uttar Pradesh,Wheat,Kanpur(Grain) APMC,2021-01-16,360.0,Dara,1675.0,1800.0,1725.0,Jaunpur
Uttar Pradesh,Wheat,Kanpur(Grain) APMC,2021-01-18,340.0,Dara,1700.0,1800.0,1750.0,Jaunpur
Uttar Pradesh,Wheat,Kanpur(Grain) APMC,2021-01-19,350.0,Dara,1710.0,1750.0,1730.0,Jaunpur
Uttar Pradesh,Wheat,Kanpur(Grain) APMC,2021-01-20,380.0,Dara,1650.0,1750.0,1700.0,Jaunpur
Uttar Pradesh,Wheat,Kanpur(Grain) APMC,2021-01-21,350.0,Dara,1650.0,1750.0,1725.0,Jaunpur
Uttar Pradesh,Wheat,Kanpur(Grain) APMC,2021-01-22,320.0,Dara,1700.0,1800.0,1740.0,Jaunpur
Uttar Pradesh,Wheat,Kanpur(Grain) APMC,2021-01-23,370.0,Dara,1700.0,1750.0,1720.0,Jaunpur
Uttar Pradesh,Wheat,Kanpur(Grain) APMC,2021-01-25,360.0,Dara,1675.0,1750.0,1700.0,Jaunpur
Uttar Pradesh,Wheat,Kanpur(Grain) APMC,2021-01-27,400.0,Dara,1680.0,1740.0,1715.0,Jaunpur
Uttar Pradesh,Wheat,Kanpur(Grain) APMC,2021-01-29,420.0,Dara,1650.0,1750.0,1710.0,Jaunpur
Uttar Pradesh,Wheat,Kanpur(Grain) APMC,2021-01-30,450.0,Dara,1670.0,1750.0,1700.0,Jaunpur
Uttar Pradesh,Wheat,Karvi APMC,2021-01-01,23.5,Dara,1450.0,1570.0,1520.0,Chitrakoot
Uttar Pradesh,Wheat,Karvi APMC,2021-01-02,28.0,Dara,1450.0,1550.0,1510.0,Chitrakoot
Uttar Pradesh,Wheat,Karvi APMC,2021-01-03,34.0,Dara,1440.0,1550.0,1500.0,Chitrakoot
Uttar Pradesh,Wheat,Karvi APMC,2021-01-04,32.5,Dara,1455.0,1570.0,1515.0,Chitrakoot
Uttar Pradesh,Wheat,Karvi APMC,2021-01-05,30.0,Dara,1455.0,1575.0,1525.0,Chitrakoot
Uttar Pradesh,Wheat,Karvi APMC,2021-01-06,34.0,Dara,1440.0,1560.0,1520.0,Chitrakoot
Uttar Pradesh,Wheat,Karvi APMC,2021-01-08,31.0,Dara,1500.0,1610.0,1560.0,Chitrakoot
Uttar Pradesh,Wheat,Karvi APMC,2021-01-09,27.0,Dara,1550.0,1675.0,1600.0,Chitrakoot
Uttar Pradesh,Wheat,Karvi APMC,2021-01-10,32.5,Dara,1550.0,1665.0,1590.0,Chitrakoot
Uttar Pradesh,Wheat,Karvi APMC,2021-01-11,30.0,Dara,1560.0,1680.0,1615.0,Chitrakoot
Uttar Pradesh,Wheat,Karvi APMC,2021-01-12,25.0,Dara,1575.0,1685.0,1615.0,Chitrakoot
Uttar Pradesh,Wheat,Karvi APMC,2021-01-13,27.0,Dara,1580.0,1690.0,1630.0,Chitrakoot
Uttar Pradesh,Wheat,Karvi APMC,2021-01-15,31.0,Dara,1560.0,1665.0,1610.0,Chitrakoot
Uttar Pradesh,Wheat,Karvi APMC,2021-01-16,36.5,Dara,1550.0,1660.0,1600.0,Chitrakoot
Uttar Pradesh,Wheat,Karvi APMC,2021-01-17,31.0,Dara,1590.0,1700.0,1650.0,Chitrakoot
Uttar Pradesh,Wheat,Karvi APMC,2021-01-18,25.0,Dara,1600.0,1715.0,1660.0,Chitrakoot
Uttar Pradesh,Wheat,Karvi APMC,2021-01-19,30.0,Dara,1585.0,1700.0,1645.0,Chitrakoot
Uttar Pradesh,Wheat,Karvi APMC,2021-01-20,25.0,Dara,1615.0,1740.0,1680.0,Chitrakoot
Uttar Pradesh,Wheat,Karvi APMC,2021-01-22,24.0,Dara,1650.0,1745.0,1700.0,Chitrakoot
Uttar Pradesh,Wheat,Karvi APMC,2021-01-23,33.0,Dara,1620.0,1710.0,1665.0,Chitrakoot
Uttar Pradesh,Wheat,Karvi APMC,2021-01-24,38.0,Dara,1600.0,1710.0,1650.0,Chitrakoot
Uttar Pradesh,Wheat,Karvi APMC,2021-01-25,40.0,Dara,1600.0,1700.0,1645.0,Chitrakoot
Uttar Pradesh,Wheat,Karvi APMC,2021-01-27,33.0,Dara,1610.0,1720.0,1660.0,Chitrakoot
Uttar Pradesh,Wheat,Karvi APMC,2021-01-29,36.0,Dara,1570.0,1685.0,1630.0,Chitrakoot
Uttar Pradesh,Wheat,Karvi APMC,2021-01-30,31.5,Dara,1600.0,1700.0,1645.0,Chitrakoot
Uttar Pradesh,Wheat,Karvi APMC,2021-01-31,42.5,Dara,1565.0,1650.0,1600.0,Chitrakoot
Uttar Pradesh,Wheat,Kasganj APMC,2021-01-01,36.0,Dara,1590.0,1620.0,1610.0,Kasganj
Uttar Pradesh,Wheat,Kasganj APMC,2021-01-02,40.0,Dara,1580.0,1620.0,1600.0,Kasganj
Uttar Pradesh,Wheat,Kasganj APMC,2021-01-03,30.0,Dara,1610.0,1630.0,1620.0,Kasganj
Uttar Pradesh,Wheat,Kasganj APMC,2021-01-05,40.0,Dara,1620.0,1640.0,1630.0,Kasganj
Uttar Pradesh,Wheat,Kasganj APMC,2021-01-06,45.0,Dara,1620.0,1650.0,1640.0,Kasganj
Uttar Pradesh,Wheat,Kasganj APMC,2021-01-07,140.0,Dara,1640.0,1670.0,1660.0,Kasganj
Uttar Pradesh,Wheat,Kasganj APMC,2021-01-08,120.0,Dara,1660.0,1690.0,1670.0,Kasganj
Uttar Pradesh,Wheat,Kasganj APMC,2021-01-09,80.0,Dara,1650.0,1680.0,1660.0,Kasganj
Uttar Pradesh,Wheat,Kasganj APMC,2021-01-10,30.0,Dara,1660.0,1700.0,1670.0,Kasganj
Uttar Pradesh,Wheat,Kasganj APMC,2021-01-12,60.0,Dara,1660.0,1690.0,1680.0,Kasganj
Uttar Pradesh,Wheat,Kasganj APMC,2021-01-13,100.0,Dara,1670.0,1720.0,1690.0,Kasganj
Uttar Pradesh,Wheat,Kasganj APMC,2021-01-14,90.0,Dara,1660.0,1700.0,1680.0,Kasganj
Uttar Pradesh,Wheat,Kasganj APMC,2021-01-15,60.0,Dara,1700.0,1730.0,1720.0,Kasganj
Uttar Pradesh,Wheat,Kasganj APMC,2021-01-16,51.0,Dara,1690.0,1720.0,1710.0,Kasganj
Uttar Pradesh,Wheat,Kasganj APMC,2021-01-17,48.0,Dara,1700.0,1730.0,1720.0,Kasganj
Uttar Pradesh,Wheat,Kasganj APMC,2021-01-20,71.0,Dara,1690.0,1720.0,1710.0,Kasganj
Uttar Pradesh,Wheat,Kasganj APMC,2021-01-21,60.0,Dara,1730.0,1760.0,1740.0,Kasganj
Uttar Pradesh,Wheat,Kasganj APMC,2021-01-22,55.0,Dara,1720.0,1750.0,1730.0,Kasganj
Uttar Pradesh,Wheat,Kasganj APMC,2021-01-23,65.3,Dara,1710.0,1740.0,1720.0,Kasganj
Uttar Pradesh,Wheat,Kasganj APMC,2021-01-24,54.0,Dara,1720.0,1750.0,1730.0,Kasganj
Uttar Pradesh,Wheat,Kasganj APMC,2021-01-26,60.0,Dara,1730.0,1750.0,1740.0,Kasganj
Uttar Pradesh,Wheat,Kasganj APMC,2021-01-27,50.0,Dara,1740.0,1760.0,1750.0,Kasganj
Uttar Pradesh,Wheat,Kasganj APMC,2021-01-28,60.0,Dara,1730.0,1750.0,1740.0,Kasganj
Uttar Pradesh,Wheat,Kasganj APMC,2021-01-29,50.0,Dara,1720.0,1740.0,1730.0,Kasganj
Uttar Pradesh,Wheat,Kasganj APMC,2021-01-30,60.0,Dara,1730.0,1750.0,1740.0,Kasganj
Uttar Pradesh,Wheat,Kasganj APMC,2021-01-31,50.0,Dara,1720.0,1740.0,1730.0,Kasganj
Uttar Pradesh,Wheat,Kayamganj APMC,2021-01-01,12.0,Dara,1650.0,1670.0,1660.0,Farrukhabad
Uttar Pradesh,Wheat,Kayamganj APMC,2021-01-02,15.0,Dara,1640.0,1660.0,1650.0,Farrukhabad
Uttar Pradesh,Wheat,Kayamganj APMC,2021-01-04,18.0,Dara,1650.0,1670.0,1660.0,Farrukhabad
Uttar Pradesh,Wheat,Kayamganj APMC,2021-01-05,15.0,Dara,1640.0,1670.0,1650.0,Farrukhabad
Uttar Pradesh,Wheat,Kayamganj APMC,2021-01-06,18.0,Dara,1640.0,1660.0,1650.0,Farrukhabad
Uttar Pradesh,Wheat,Kayamganj APMC,2021-01-07,15.0,Dara,1650.0,1670.0,1660.0,Farrukhabad
Uttar Pradesh,Wheat,Kayamganj APMC,2021-01-08,18.0,Dara,1640.0,1660.0,1650.0,Farrukhabad
Uttar Pradesh,Wheat,Kayamganj APMC,2021-01-09,18.0,Dara,1650.0,1670.0,1660.0,Farrukhabad
Uttar Pradesh,Wheat,Kayamganj APMC,2021-01-11,20.0,Dara,1630.0,1650.0,1640.0,Farrukhabad
Uttar Pradesh,Wheat,Kayamganj APMC,2021-01-12,18.0,Dara,1660.0,1700.0,1680.0,Farrukhabad
Uttar Pradesh,Wheat,Kayamganj APMC,2021-01-13,20.0,Dara,1650.0,1680.0,1660.0,Farrukhabad
Uttar Pradesh,Wheat,Kayamganj APMC,2021-01-14,25.0,Dara,1550.0,1570.0,1560.0,Farrukhabad
Uttar Pradesh,Wheat,Kayamganj APMC,2021-01-15,15.0,Dara,1660.0,1700.0,1680.0,Farrukhabad
Uttar Pradesh,Wheat,Kayamganj APMC,2021-01-16,17.0,Dara,1680.0,1700.0,1690.0,Farrukhabad
Uttar Pradesh,Wheat,Kayamganj APMC,2021-01-18,14.0,Dara,1690.0,1720.0,1700.0,Farrukhabad
Uttar Pradesh,Wheat,Kayamganj APMC,2021-01-19,15.0,Dara,1680.0,1720.0,1700.0,Farrukhabad
Uttar Pradesh,Wheat,Kayamganj APMC,2021-01-20,17.0,Dara,1670.0,1700.0,1680.0,Farrukhabad
Uttar Pradesh,Wheat,Kayamganj APMC,2021-01-21,15.0,Dara,1680.0,1700.0,1690.0,Farrukhabad
Uttar Pradesh,Wheat,Kayamganj APMC,2021-01-22,14.0,Dara,1690.0,1720.0,1700.0,Farrukhabad
Uttar Pradesh,Wheat,Kayamganj APMC,2021-01-23,18.0,Dara,1700.0,1750.0,1730.0,Farrukhabad
Uttar Pradesh,Wheat,Kayamganj APMC,2021-01-25,20.0,Dara,1720.0,1740.0,1730.0,Farrukhabad
Uttar Pradesh,Wheat,Kayamganj APMC,2021-01-27,25.0,Dara,1720.0,1740.0,1730.0,Farrukhabad
Uttar Pradesh,Wheat,Kayamganj APMC,2021-01-28,20.0,Dara,1700.0,1740.0,1720.0,Farrukhabad
Uttar Pradesh,Wheat,Kayamganj APMC,2021-01-29,15.0,Dara,1720.0,1740.0,1730.0,Farrukhabad
Uttar Pradesh,Wheat,Kayamganj APMC,2021-01-30,20.0,Dara,1710.0,1750.0,1725.0,Farrukhabad
Uttar Pradesh,Wheat,Khaga APMC,2021-01-01,2.7,Dara,1800.0,1900.0,1840.0,Fatehpur
Uttar Pradesh,Wheat,Khaga APMC,2021-01-02,3.2,Dara,1800.0,1900.0,1840.0,Fatehpur
Uttar Pradesh,Wheat,Khaga APMC,2021-01-03,1.2,Dara,1800.0,1900.0,1840.0,Fatehpur
Uttar Pradesh,Wheat,Khaga APMC,2021-01-04,1.4,Dara,1800.0,1900.0,1840.0,Fatehpur
Uttar Pradesh,Wheat,Khaga APMC,2021-01-05,1.6,Dara,1800.0,1900.0,1840.0,Fatehpur
Uttar Pradesh,Wheat,Khaga APMC,2021-01-06,1.6,Dara,1800.0,1900.0,1840.0,Fatehpur
Uttar Pradesh,Wheat,Khaga APMC,2021-01-07,2.8,Dara,1800.0,1900.0,1840.0,Fatehpur
Uttar Pradesh,Wheat,Khaga APMC,2021-01-08,2.9,Dara,1800.0,1900.0,1840.0,Fatehpur
Uttar Pradesh,Wheat,Khaga APMC,2021-01-09,2.1,Dara,1800.0,1900.0,1840.0,Fatehpur
Uttar Pradesh,Wheat,Khaga APMC,2021-01-10,2.0,Dara,1800.0,1900.0,1840.0,Fatehpur
Uttar Pradesh,Wheat,Khaga APMC,2021-01-11,1.9,Dara,1800.0,1900.0,1840.0,Fatehpur
Uttar Pradesh,Wheat,Khaga APMC,2021-01-12,1.7,Dara,1800.0,1900.0,1840.0,Fatehpur
Uttar Pradesh,Wheat,Khaga APMC,2021-01-13,2.3,Dara,1800.0,1900.0,1840.0,Fatehpur
Uttar Pradesh,Wheat,Khaga APMC,2021-01-14,1.3,Dara,1800.0,1900.0,1840.0,Fatehpur
Uttar Pradesh,Wheat,Khaga APMC,2021-01-15,1.6,Dara,1800.0,1900.0,1840.0,Fatehpur
Uttar Pradesh,Wheat,Khaga APMC,2021-01-16,1.5,Dara,1800.0,1900.0,1840.0,Fatehpur
Uttar Pradesh,Wheat,Khaga APMC,2021-01-17,1.0,Dara,1800.0,1900.0,1840.0,Fatehpur
Uttar Pradesh,Wheat,Khaga APMC,2021-01-18,1.3,Dara,1800.0,1900.0,1840.0,Fatehpur
Uttar Pradesh,Wheat,Khaga APMC,2021-01-19,1.6,Dara,1800.0,1900.0,1840.0,Fatehpur
Uttar Pradesh,Wheat,Khaga APMC,2021-01-20,1.9,Dara,1800.0,1900.0,1840.0,Fatehpur
Uttar Pradesh,Wheat,Khaga APMC,2021-01-21,1.8,Dara,1800.0,1900.0,1840.0,Fatehpur
Uttar Pradesh,Wheat,Khaga APMC,2021-01-22,2.6,Dara,1800.0,1900.0,1840.0,Fatehpur
Uttar Pradesh,Wheat,Khaga APMC,2021-01-23,2.9,Dara,1800.0,1900.0,1840.0,Fatehpur
Uttar Pradesh,Wheat,Khaga APMC,2021-01-24,2.7,Dara,1800.0,1900.0,1840.0,Fatehpur
Uttar Pradesh,Wheat,Khaga APMC,2021-01-25,2.1,Dara,1800.0,1900.0,1840.0,Fatehpur
Uttar Pradesh,Wheat,Khaga APMC,2021-01-26,1.6,Dara,1800.0,1900.0,1840.0,Fatehpur
Uttar Pradesh,Wheat,Khaga APMC,2021-01-29,2.3,Dara,1800.0,1900.0,1840.0,Fatehpur
Uttar Pradesh,Wheat,Khaga APMC,2021-01-30,2.5,Dara,1800.0,1900.0,1840.0,Fatehpur
Uttar Pradesh,Wheat,Khaga APMC,2021-01-31,2.0,Dara,1800.0,1900.0,1840.0,Fatehpur
Uttar Pradesh,Wheat,Khair APMC,2021-01-01,40.0,Dara,1560.0,1650.0,1630.0,Aligarh
Uttar Pradesh,Wheat,Khair APMC,2021-01-02,25.0,Dara,1600.0,1660.0,1620.0,Aligarh
Uttar Pradesh,Wheat,Khair APMC,2021-01-03,25.0,Dara,1580.0,1650.0,1620.0,Aligarh
Uttar Pradesh,Wheat,Khair APMC,2021-01-07,40.0,Dara,1640.0,1720.0,1690.0,Aligarh
Uttar Pradesh,Wheat,Khair APMC,2021-01-08,20.0,Dara,1650.0,1750.0,1700.0,Aligarh
Uttar Pradesh,Wheat,Khair APMC,2021-01-09,20.0,Dara,1650.0,1720.0,1690.0,Aligarh
Uttar Pradesh,Wheat,Khair APMC,2021-01-10,35.0,Dara,1640.0,1710.0,1680.0,Aligarh
Uttar Pradesh,Wheat,Khair APMC,2021-01-11,25.0,Dara,1680.0,1740.0,1710.0,Aligarh
Uttar Pradesh,Wheat,Khair APMC,2021-01-12,20.0,Dara,1670.0,1730.0,1700.0,Aligarh
Uttar Pradesh,Wheat,Khair APMC,2021-01-16,25.0,Dara,1700.0,1800.0,1750.0,Aligarh
Uttar Pradesh,Wheat,Khair APMC,2021-01-17,25.0,Dara,1700.0,1800.0,1740.0,Aligarh
Uttar Pradesh,Wheat,Khair APMC,2021-01-18,30.0,Dara,1700.0,1780.0,1760.0,Aligarh
Uttar Pradesh,Wheat,Khair APMC,2021-01-19,20.0,Dara,1720.0,1780.0,1760.0,Aligarh
Uttar Pradesh,Wheat,Khair APMC,2021-01-21,40.0,Dara,1720.0,1790.0,1770.0,Aligarh
Uttar Pradesh,Wheat,Khair APMC,2021-01-22,12.0,Dara,1740.0,1820.0,1790.0,Aligarh
Uttar Pradesh,Wheat,Khair APMC,2021-01-23,10.0,Dara,1730.0,1840.0,1770.0,Aligarh
Uttar Pradesh,Wheat,Khair APMC,2021-01-24,15.0,Dara,1740.0,1820.0,1790.0,Aligarh
Uttar Pradesh,Wheat,Khair APMC,2021-01-25,25.0,Dara,1740.0,1820.0,1780.0,Aligarh
Uttar Pradesh,Wheat,Khair APMC,2021-01-26,15.0,Dara,1750.0,1850.0,1800.0,Aligarh
Uttar Pradesh,Wheat,Khair APMC,2021-01-28,20.0,Dara,1760.0,1830.0,1800.0,Aligarh
Uttar Pradesh,Wheat,Khair APMC,2021-01-29,20.0,Dara,1780.0,1830.0,1800.0,Aligarh
Uttar Pradesh,Wheat,Khair APMC,2021-01-30,25.0,Dara,1760.0,1830.0,1800.0,Aligarh
Uttar Pradesh,Wheat,Khair APMC,2021-01-31,50.0,Dara,1750.0,1800.0,1780.0,Aligarh
Uttar Pradesh,Wheat,Khairagarh APMC,2021-01-01,1.0,Dara,1500.0,1600.0,1550.0,Agra
Uttar Pradesh,Wheat,Khairagarh APMC,2021-01-03,1.0,Dara,1500.0,1600.0,1550.0,Agra
Uttar Pradesh,Wheat,Khairagarh APMC,2021-01-04,1.2,Dara,1500.0,1600.0,1550.0,Agra
Uttar Pradesh,Wheat,Khairagarh APMC,2021-01-05,1.0,Dara,1500.0,1600.0,1550.0,Agra
Uttar Pradesh,Wheat,Khairagarh APMC,2021-01-06,1.0,Dara,1500.0,1600.0,1550.0,Agra
Uttar Pradesh,Wheat,Khairagarh APMC,2021-01-07,2.0,Dara,1500.0,1600.0,1550.0,Agra
Uttar Pradesh,Wheat,Khairagarh APMC,2021-01-08,2.0,Dara,1500.0,1600.0,1550.0,Agra
Uttar Pradesh,Wheat,Khairagarh APMC,2021-01-09,2.0,Dara,1600.0,1700.0,1650.0,Agra
Uttar Pradesh,Wheat,Khairagarh APMC,2021-01-10,1.0,Dara,1500.0,1600.0,1550.0,Agra
Uttar Pradesh,Wheat,Khairagarh APMC,2021-01-11,1.0,Dara,1500.0,1600.0,1550.0,Agra
Uttar Pradesh,Wheat,Khairagarh APMC,2021-01-12,1.0,Dara,1600.0,1700.0,1650.0,Agra
Uttar Pradesh,Wheat,Khairagarh APMC,2021-01-13,1.2,Dara,1500.0,1600.0,1550.0,Agra
Uttar Pradesh,Wheat,Khairagarh APMC,2021-01-15,2.0,Dara,1500.0,1600.0,1550.0,Agra
Uttar Pradesh,Wheat,Khairagarh APMC,2021-01-17,1.0,Dara,1500.0,1600.0,1550.0,Agra
Uttar Pradesh,Wheat,Khairagarh APMC,2021-01-18,1.0,Dara,1500.0,1600.0,1550.0,Agra
Uttar Pradesh,Wheat,Khairagarh APMC,2021-01-19,1.0,Dara,1500.0,1600.0,1550.0,Agra
Uttar Pradesh,Wheat,Khairagarh APMC,2021-01-21,0.9,Dara,1500.0,1600.0,1550.0,Agra
Uttar Pradesh,Wheat,Khairagarh APMC,2021-01-22,2.0,Dara,1500.0,1600.0,1550.0,Agra
Uttar Pradesh,Wheat,Khairagarh APMC,2021-01-24,1.0,Dara,1550.0,1650.0,1600.0,Agra
Uttar Pradesh,Wheat,Khairagarh APMC,2021-01-25,2.0,Dara,1600.0,1700.0,1650.0,Agra
Uttar Pradesh,Wheat,Khairagarh APMC,2021-01-26,1.0,Dara,1600.0,1700.0,1650.0,Agra
Uttar Pradesh,Wheat,Khairagarh APMC,2021-01-27,1.0,Dara,1600.0,1700.0,1650.0,Agra
Uttar Pradesh,Wheat,Khairagarh APMC,2021-01-28,1.0,Dara,1600.0,1700.0,1650.0,Agra
Uttar Pradesh,Wheat,Khairagarh APMC,2021-01-29,1.0,Dara,1600.0,1700.0,1650.0,Agra
Uttar Pradesh,Wheat,Khairagarh APMC,2021-01-31,1.5,Dara,1600.0,1700.0,1650.0,Agra
Uttar Pradesh,Wheat,Khalilabad APMC,2021-01-01,30.0,Dara,1740.0,1900.0,1840.0,Sant Kabir Nagar
Uttar Pradesh,Wheat,Khalilabad APMC,2021-01-02,20.0,Dara,1725.0,1900.0,1840.0,Sant Kabir Nagar
Uttar Pradesh,Wheat,Khalilabad APMC,2021-01-04,30.0,Dara,1725.0,1900.0,1850.0,Sant Kabir Nagar
Uttar Pradesh,Wheat,Khalilabad APMC,2021-01-05,20.0,Dara,1750.0,1900.0,1840.0,Sant Kabir Nagar
Uttar Pradesh,Wheat,Khalilabad APMC,2021-01-06,20.0,Dara,1750.0,1900.0,1840.0,Sant Kabir Nagar
Uttar Pradesh,Wheat,Khalilabad APMC,2021-01-07,30.0,Dara,1760.0,1925.0,1850.0,Sant Kabir Nagar
Uttar Pradesh,Wheat,Khalilabad APMC,2021-01-08,30.0,Dara,1750.0,1900.0,1850.0,Sant Kabir Nagar
Uttar Pradesh,Wheat,Khalilabad APMC,2021-01-09,30.0,Dara,1750.0,1900.0,1850.0,Sant Kabir Nagar
Uttar Pradesh,Wheat,Khalilabad APMC,2021-01-11,20.0,Dara,1750.0,1900.0,1850.0,Sant Kabir Nagar
Uttar Pradesh,Wheat,Khalilabad APMC,2021-01-12,25.0,Dara,1750.0,1910.0,1850.0,Sant Kabir Nagar
Uttar Pradesh,Wheat,Khalilabad APMC,2021-01-13,20.0,Dara,1740.0,1900.0,1840.0,Sant Kabir Nagar
Uttar Pradesh,Wheat,Khalilabad APMC,2021-01-14,30.0,Dara,1750.0,1900.0,1840.0,Sant Kabir Nagar
Uttar Pradesh,Wheat,Khalilabad APMC,2021-01-15,30.0,Dara,1750.0,1900.0,1840.0,Sant Kabir Nagar
Uttar Pradesh,Wheat,Khalilabad APMC,2021-01-16,40.0,Dara,1750.0,1900.0,1840.0,Sant Kabir Nagar
Uttar Pradesh,Wheat,Khalilabad APMC,2021-01-18,30.0,Dara,1750.0,1900.0,1840.0,Sant Kabir Nagar
Uttar Pradesh,Wheat,Khalilabad APMC,2021-01-20,25.0,Dara,1740.0,1900.0,1840.0,Sant Kabir Nagar
Uttar Pradesh,Wheat,Khalilabad APMC,2021-01-21,20.0,Dara,1750.0,1900.0,1840.0,Sant Kabir Nagar
Uttar Pradesh,Wheat,Khalilabad APMC,2021-01-22,20.0,Dara,1750.0,1900.0,1850.0,Sant Kabir Nagar
Uttar Pradesh,Wheat,Khalilabad APMC,2021-01-23,25.0,Dara,1760.0,1900.0,1860.0,Sant Kabir Nagar
Uttar Pradesh,Wheat,Khalilabad APMC,2021-01-25,30.0,Dara,1760.0,1900.0,1860.0,Sant Kabir Nagar
Uttar Pradesh,Wheat,Khalilabad APMC,2021-01-27,30.0,Dara,1750.0,1925.0,1850.0,Sant Kabir Nagar
Uttar Pradesh,Wheat,Khalilabad APMC,2021-01-28,25.0,Dara,1750.0,1900.0,1850.0,Sant Kabir Nagar
Uttar Pradesh,Wheat,Khalilabad APMC,2021-01-30,25.0,Dara,1725.0,1875.0,1800.0,Sant Kabir Nagar
Uttar Pradesh,Wheat,Khurja APMC,2021-01-01,1.0,Dara,1700.0,1740.0,1720.0,Bulandshahr
Uttar Pradesh,Wheat,Khurja APMC,2021-01-02,1.1,Dara,1700.0,1740.0,1718.0,Bulandshahr
Uttar Pradesh,Wheat,Khurja APMC,2021-01-04,1.0,Dara,1700.0,1745.0,1720.0,Bulandshahr
Uttar Pradesh,Wheat,Khurja APMC,2021-01-05,1.2,Dara,1700.0,1740.0,1719.0,Bulandshahr
Uttar Pradesh,Wheat,Khurja APMC,2021-01-06,1.5,Dara,1700.0,1745.0,1721.0,Bulandshahr
Uttar Pradesh,Wheat,Khurja APMC,2021-01-07,6.0,Dara,1740.0,1761.0,1751.0,Bulandshahr
Uttar Pradesh,Wheat,Khurja APMC,2021-01-08,8.0,Dara,1751.0,1771.0,1761.0,Bulandshahr
Uttar Pradesh,Wheat,Khurja APMC,2021-01-09,9.5,Dara,1751.0,1781.0,1771.0,Bulandshahr
Uttar Pradesh,Wheat,Khurja APMC,2021-01-11,9.0,Dara,1751.0,1781.0,1761.0,Bulandshahr
Uttar Pradesh,Wheat,Khurja APMC,2021-01-12,8.0,Dara,1750.0,1761.0,1751.0,Bulandshahr
Uttar Pradesh,Wheat,Khurja APMC,2021-01-13,8.5,Dara,1731.0,1751.0,1741.0,Bulandshahr
Uttar Pradesh,Wheat,Khurja APMC,2021-01-14,9.0,Dara,1741.0,1771.0,1751.0,Bulandshahr
Uttar Pradesh,Wheat,Khurja APMC,2021-01-15,10.0,Dara,1741.0,1781.0,1761.0,Bulandshahr
Uttar Pradesh,Wheat,Khurja APMC,2021-01-16,12.0,Dara,1751.0,1791.0,1771.0,Bulandshahr
Uttar Pradesh,Wheat,Khurja APMC,2021-01-18,10.0,Dara,1781.0,1821.0,1800.0,Bulandshahr
Uttar Pradesh,Wheat,Khurja APMC,2021-01-19,13.0,Dara,1781.0,1800.0,1791.0,Bulandshahr
Uttar Pradesh,Wheat,Khurja APMC,2021-01-20,15.0,Dara,1781.0,1821.0,1800.0,Bulandshahr
Uttar Pradesh,Wheat,Khurja APMC,2021-01-21,14.0,Dara,1781.0,1821.0,1801.0,Bulandshahr
Uttar Pradesh,Wheat,Khurja APMC,2021-01-22,20.0,Dara,1741.0,1781.0,1761.0,Bulandshahr
Uttar Pradesh,Wheat,Khurja APMC,2021-01-23,21.0,Dara,1761.0,1781.0,1771.0,Bulandshahr
Uttar Pradesh,Wheat,Khurja APMC,2021-01-25,20.0,Dara,1751.0,1781.0,1761.0,Bulandshahr
Uttar Pradesh,Wheat,Khurja APMC,2021-01-27,15.0,Dara,1751.0,1791.0,1771.0,Bulandshahr
Uttar Pradesh,Wheat,Khurja APMC,2021-01-28,13.0,Dara,1771.0,1791.0,1781.0,Bulandshahr
Uttar Pradesh,Wheat,Khurja APMC,2021-01-29,9.0,Dara,1781.0,1801.0,1791.0,Bulandshahr
Uttar Pradesh,Wheat,Khurja APMC,2021-01-30,8.5,Dara,1781.0,1821.0,1800.0,Bulandshahr
Uttar Pradesh,Wheat,Kishunpur APMC,2021-01-02,1.0,Dara,1600.0,1800.0,1700.0,Bahraich
Uttar Pradesh,Wheat,Kishunpur APMC,2021-01-05,4.0,Dara,1600.0,1800.0,1700.0,Bahraich
Uttar Pradesh,Wheat,Kishunpur APMC,2021-01-06,1.0,Dara,1600.0,1800.0,1700.0,Bahraich
Uttar Pradesh,Wheat,Kishunpur APMC,2021-01-07,9.0,Dara,1600.0,1800.0,1700.0,Bahraich
Uttar Pradesh,Wheat,Kishunpur APMC,2021-01-08,8.0,Dara,1600.0,1800.0,1700.0,Bahraich
Uttar Pradesh,Wheat,Kishunpur APMC,2021-01-12,12.0,Dara,1600.0,1800.0,1700.0,Bahraich
Uttar Pradesh,Wheat,Kishunpur APMC,2021-01-13,1.0,Dara,1600.0,1800.0,1700.0,Bahraich
Uttar Pradesh,Wheat,Kishunpur APMC,2021-01-15,2.0,Dara,1600.0,1800.0,1700.0,Bahraich
Uttar Pradesh,Wheat,Kishunpur APMC,2021-01-16,4.0,Dara,1600.0,1800.0,1700.0,Bahraich
Uttar Pradesh,Wheat,Kishunpur APMC,2021-01-17,10.0,Dara,1600.0,1800.0,1700.0,Bahraich
Uttar Pradesh,Wheat,Kishunpur APMC,2021-01-19,5.0,Dara,1600.0,1800.0,1700.0,Bahraich
Uttar Pradesh,Wheat,Kishunpur APMC,2021-01-20,3.0,Dara,1600.0,1800.0,1700.0,Bahraich
Uttar Pradesh,Wheat,Kishunpur APMC,2021-01-22,12.0,Dara,1600.0,1800.0,1700.0,Bahraich
Uttar Pradesh,Wheat,Kishunpur APMC,2021-01-26,5.0,Dara,1600.0,1800.0,1700.0,Bahraich
Uttar Pradesh,Wheat,Kishunpur APMC,2021-01-28,8.0,Dara,1600.0,1800.0,1700.0,Bahraich
Uttar Pradesh,Wheat,Kishunpur APMC,2021-01-29,2.0,Dara,1600.0,1800.0,1700.0,Bahraich
Uttar Pradesh,Wheat,Kishunpur APMC,2021-01-30,1.0,Dara,1600.0,1800.0,1700.0,Bahraich
Uttar Pradesh,Wheat,Kishunpur APMC,2021-01-31,2.0,Dara,1600.0,1800.0,1700.0,Bahraich
Uttar Pradesh,Wheat,Konch APMC,2021-01-01,19.0,Dara,1495.0,1515.0,1505.0,Jalaun
Uttar Pradesh,Wheat,Konch APMC,2021-01-02,22.0,Dara,1500.0,1515.0,1505.0,Jalaun
Uttar Pradesh,Wheat,Konch APMC,2021-01-03,19.0,Dara,1490.0,1515.0,1505.0,Jalaun
Uttar Pradesh,Wheat,Konch APMC,2021-01-04,24.0,Dara,1560.0,1580.0,1570.0,Jalaun
Uttar Pradesh,Wheat,Konch APMC,2021-01-05,26.0,Dara,1570.0,1590.0,1580.0,Jalaun
Uttar Pradesh,Wheat,Konch APMC,2021-01-07,24.0,Dara,1570.0,1590.0,1580.0,Jalaun
Uttar Pradesh,Wheat,Konch APMC,2021-01-08,21.0,Dara,1620.0,1650.0,1640.0,Jalaun
Uttar Pradesh,Wheat,Konch APMC,2021-01-09,24.0,Dara,1650.0,1670.0,1660.0,Jalaun
Uttar Pradesh,Wheat,Konch APMC,2021-01-10,22.0,Dara,1640.0,1660.0,1650.0,Jalaun
Uttar Pradesh,Wheat,Konch APMC,2021-01-11,18.0,Dara,1660.0,1680.0,1671.0,Jalaun
Uttar Pradesh,Wheat,Konch APMC,2021-01-14,18.0,Dara,1660.0,1680.0,1670.0,Jalaun
Uttar Pradesh,Wheat,Konch APMC,2021-01-15,16.0,Dara,1640.0,1660.0,1650.0,Jalaun
Uttar Pradesh,Wheat,Konch APMC,2021-01-16,19.0,Dara,1650.0,1670.0,1660.0,Jalaun
Uttar Pradesh,Wheat,Konch APMC,2021-01-17,22.0,Dara,1650.0,1670.0,1660.0,Jalaun
Uttar Pradesh,Wheat,Konch APMC,2021-01-18,20.0,Dara,1660.0,1680.0,1670.0,Jalaun
Uttar Pradesh,Wheat,Konch APMC,2021-01-19,23.0,Dara,1660.0,1680.0,1669.0,Jalaun
Uttar Pradesh,Wheat,Konch APMC,2021-01-21,25.0,Dara,1670.0,1690.0,1680.0,Jalaun
Uttar Pradesh,Wheat,Konch APMC,2021-01-22,22.0,Dara,1660.0,1680.0,1670.0,Jalaun
Uttar Pradesh,Wheat,Konch APMC,2021-01-23,25.0,Dara,1660.0,1680.0,1670.0,Jalaun
Uttar Pradesh,Wheat,Konch APMC,2021-01-24,19.0,Dara,1660.0,1680.0,1670.0,Jalaun
Uttar Pradesh,Wheat,Konch APMC,2021-01-25,22.0,Dara,1650.0,1670.0,1660.0,Jalaun
Uttar Pradesh,Wheat,Konch APMC,2021-01-29,15.0,Dara,1625.0,1640.0,1630.0,Jalaun
Uttar Pradesh,Wheat,Konch APMC,2021-01-30,23.0,Dara,1550.0,1600.0,1580.0,Jalaun
Uttar Pradesh,Wheat,Konch APMC,2021-01-31,21.0,Dara,1590.0,1610.0,1600.0,Jalaun
Uttar Pradesh,Wheat,Kopaganj APMC,2021-01-01,36.0,Dara,1700.0,1800.0,1740.0, 
Uttar Pradesh,Wheat,Kopaganj APMC,2021-01-02,35.0,Dara,1700.0,1800.0,1740.0, 
Uttar Pradesh,Wheat,Kopaganj APMC,2021-01-04,37.0,Dara,1700.0,1775.0,1730.0, 
Uttar Pradesh,Wheat,Kopaganj APMC,2021-01-05,47.0,Dara,1700.0,1775.0,1730.0, 
Uttar Pradesh,Wheat,Kopaganj APMC,2021-01-06,39.0,Dara,1700.0,1800.0,1740.0, 
Uttar Pradesh,Wheat,Kopaganj APMC,2021-01-07,45.0,Dara,1700.0,1800.0,1740.0, 
Uttar Pradesh,Wheat,Kopaganj APMC,2021-01-08,41.0,Dara,1700.0,1800.0,1745.0, 
Uttar Pradesh,Wheat,Kopaganj APMC,2021-01-09,38.0,Dara,1700.0,1800.0,1745.0, 
Uttar Pradesh,Wheat,Kopaganj APMC,2021-01-11,46.0,Dara,1700.0,1800.0,1745.0, 
Uttar Pradesh,Wheat,Kopaganj APMC,2021-01-12,43.0,Dara,1700.0,1800.0,1740.0, 
Uttar Pradesh,Wheat,Kopaganj APMC,2021-01-13,39.0,Dara,1700.0,1800.0,1740.0, 
Uttar Pradesh,Wheat,Kopaganj APMC,2021-01-14,35.0,Dara,1700.0,1800.0,1745.0, 
Uttar Pradesh,Wheat,Kopaganj APMC,2021-01-15,32.0,Dara,1700.0,1800.0,1745.0, 
Uttar Pradesh,Wheat,Kopaganj APMC,2021-01-16,37.0,Dara,1700.0,1800.0,1740.0, 
Uttar Pradesh,Wheat,Kopaganj APMC,2021-01-18,45.0,Dara,1700.0,1800.0,1740.0, 
Uttar Pradesh,Wheat,Kopaganj APMC,2021-01-19,41.0,Dara,1700.0,1800.0,1740.0, 
Uttar Pradesh,Wheat,Kopaganj APMC,2021-01-20,40.0,Dara,1700.0,1800.0,1745.0, 
Uttar Pradesh,Wheat,Kopaganj APMC,2021-01-21,39.0,Dara,1700.0,1800.0,1745.0, 
Uttar Pradesh,Wheat,Kopaganj APMC,2021-01-22,43.0,Dara,1700.0,1800.0,1740.0, 
Uttar Pradesh,Wheat,Kopaganj APMC,2021-01-23,46.0,Dara,1700.0,1800.0,1740.0, 
Uttar Pradesh,Wheat,Kopaganj APMC,2021-01-25,41.0,Dara,1700.0,1800.0,1745.0, 
Uttar Pradesh,Wheat,Kopaganj APMC,2021-01-27,45.0,Dara,1700.0,1800.0,1740.0, 
Uttar Pradesh,Wheat,Kopaganj APMC,2021-01-28,48.0,Dara,1700.0,1800.0,1740.0, 
Uttar Pradesh,Wheat,Kopaganj APMC,2021-01-29,44.0,Dara,1700.0,1800.0,1745.0, 
Uttar Pradesh,Wheat,Kopaganj APMC,2021-01-30,40.0,Dara,1700.0,1800.0,1745.0, 
Uttar Pradesh,Wheat,Kosikalan APMC,2021-01-01,85.0,Dara,1570.0,1660.0,1620.0,Mathura
Uttar Pradesh,Wheat,Kosikalan APMC,2021-01-02,80.0,Dara,1600.0,1670.0,1630.0,Mathura
Uttar Pradesh,Wheat,Kosikalan APMC,2021-01-04,80.0,Dara,1580.0,1670.0,1620.0,Mathura
Uttar Pradesh,Wheat,Kosikalan APMC,2021-01-05,85.0,Dara,1600.0,1670.0,1630.0,Mathura
Uttar Pradesh,Wheat,Kosikalan APMC,2021-01-06,50.0,Dara,1580.0,1625.0,1610.0,Mathura
Uttar Pradesh,Wheat,Kosikalan APMC,2021-01-07,65.0,Dara,1590.0,1660.0,1620.0,Mathura
Uttar Pradesh,Wheat,Kosikalan APMC,2021-01-08,70.0,Dara,1580.0,1650.0,1610.0,Mathura
Uttar Pradesh,Wheat,Kosikalan APMC,2021-01-11,70.0,Dara,1560.0,1640.0,1600.0,Mathura
Uttar Pradesh,Wheat,Kosikalan APMC,2021-01-12,80.0,Dara,1610.0,1690.0,1650.0,Mathura
Uttar Pradesh,Wheat,Kosikalan APMC,2021-01-13,85.0,Dara,1600.0,1670.0,1630.0,Mathura
Uttar Pradesh,Wheat,Kosikalan APMC,2021-01-14,65.0,Dara,1580.0,1660.0,1620.0,Mathura
Uttar Pradesh,Wheat,Kosikalan APMC,2021-01-15,70.0,Dara,1600.0,1670.0,1630.0,Mathura
Uttar Pradesh,Wheat,Kosikalan APMC,2021-01-16,70.0,Dara,1580.0,1660.0,1620.0,Mathura
Uttar Pradesh,Wheat,Kosikalan APMC,2021-01-18,65.0,Dara,1610.0,1690.0,1650.0,Mathura
Uttar Pradesh,Wheat,Kosikalan APMC,2021-01-19,80.0,Dara,1600.0,1670.0,1630.0,Mathura
Uttar Pradesh,Wheat,Kosikalan APMC,2021-01-21,75.0,Dara,1600.0,1690.0,1650.0,Mathura
Uttar Pradesh,Wheat,Kosikalan APMC,2021-01-22,80.0,Dara,1600.0,1700.0,1640.0,Mathura
Uttar Pradesh,Wheat,Kosikalan APMC,2021-01-23,75.0,Dara,1620.0,1710.0,1670.0,Mathura
Uttar Pradesh,Wheat,Kosikalan APMC,2021-01-25,80.0,Dara,1670.0,1750.0,1700.0,Mathura
Uttar Pradesh,Wheat,Kosikalan APMC,2021-01-27,85.0,Dara,1670.0,1760.0,1720.0,Mathura
Uttar Pradesh,Wheat,Kosikalan APMC,2021-01-28,65.0,Dara,1700.0,1800.0,1750.0,Mathura
Uttar Pradesh,Wheat,Kosikalan APMC,2021-01-29,85.0,Dara,1710.0,1800.0,1760.0,Mathura
Uttar Pradesh,Wheat,Kosikalan APMC,2021-01-30,80.0,Dara,1700.0,1800.0,1760.0,Mathura
Uttar Pradesh,Wheat,Kurara APMC,2021-01-02,52.0,Dara,1400.0,1500.0,1450.0,Hamirpur
Uttar Pradesh,Wheat,Kurara APMC,2021-01-03,50.0,Dara,1400.0,1500.0,1450.0,Hamirpur
Uttar Pradesh,Wheat,Kurara APMC,2021-01-04,12.0,Dara,1400.0,1500.0,1470.0,Hamirpur
Uttar Pradesh,Wheat,Kurara APMC,2021-01-05,30.0,Dara,1400.0,1500.0,1450.0,Hamirpur
Uttar Pradesh,Wheat,Kurara APMC,2021-01-07,12.0,Dara,1450.0,1600.0,1500.0,Hamirpur
Uttar Pradesh,Wheat,Kurara APMC,2021-01-10,32.0,Dara,1400.0,1600.0,1500.0,Hamirpur
Uttar Pradesh,Wheat,Kurara APMC,2021-01-12,17.0,Dara,1500.0,1650.0,1600.0,Hamirpur
Uttar Pradesh,Wheat,Kurara APMC,2021-01-14,34.5,Dara,1400.0,1600.0,1500.0,Hamirpur
Uttar Pradesh,Wheat,Kurara APMC,2021-01-15,10.0,Dara,1400.0,1600.0,1500.0,Hamirpur
Uttar Pradesh,Wheat,Kurara APMC,2021-01-16,28.5,Dara,1500.0,1680.0,1600.0,Hamirpur
Uttar Pradesh,Wheat,Kurara APMC,2021-01-17,34.4,Dara,1500.0,1660.0,1600.0,Hamirpur
Uttar Pradesh,Wheat,Kurara APMC,2021-01-18,12.0,Dara,1500.0,1680.0,1600.0,Hamirpur
Uttar Pradesh,Wheat,Kurara APMC,2021-01-21,10.0,Dara,1500.0,1650.0,1550.0,Hamirpur
Uttar Pradesh,Wheat,Kurara APMC,2021-01-22,45.0,Dara,1500.0,1700.0,1600.0,Hamirpur
Uttar Pradesh,Wheat,Kurara APMC,2021-01-24,42.2,Dara,1500.0,1700.0,1600.0,Hamirpur
Uttar Pradesh,Wheat,Kurara APMC,2021-01-25,12.0,Dara,1500.0,1700.0,1600.0,Hamirpur
Uttar Pradesh,Wheat,Kurara APMC,2021-01-27,16.0,Dara,1500.0,1700.0,1600.0,Hamirpur
Uttar Pradesh,Wheat,Kurara APMC,2021-01-28,20.0,Dara,1500.0,1700.0,1600.0,Hamirpur
Uttar Pradesh,Wheat,Kurara APMC,2021-01-29,10.0,Dara,1500.0,1650.0,1600.0,Hamirpur
Uttar Pradesh,Wheat,Kurara APMC,2021-01-31,3.0,Dara,1500.0,1640.0,1600.0,Hamirpur
Uttar Pradesh,Wheat,Lakhimpur APMC,2021-01-01,350.0,Dara,1710.0,1810.0,1760.0,Lalitpur
Uttar Pradesh,Wheat,Lakhimpur APMC,2021-01-04,400.0,Dara,1670.0,1790.0,1720.0,Lalitpur
Uttar Pradesh,Wheat,Lakhimpur APMC,2021-01-05,450.0,Dara,1670.0,1790.0,1710.0,Lalitpur
Uttar Pradesh,Wheat,Lakhimpur APMC,2021-01-06,400.0,Dara,1650.0,1740.0,1690.0,Lalitpur
Uttar Pradesh,Wheat,Lakhimpur APMC,2021-01-07,420.0,Dara,1620.0,1740.0,1680.0,Lalitpur
Uttar Pradesh,Wheat,Lakhimpur APMC,2021-01-08,600.0,Dara,1600.0,1800.0,1760.0,Lalitpur
Uttar Pradesh,Wheat,Lakhimpur APMC,2021-01-09,650.0,Dara,1670.0,1780.0,1730.0,Lalitpur
Uttar Pradesh,Wheat,Lakhimpur APMC,2021-01-11,600.0,Dara,1700.0,1800.0,1750.0,Lalitpur
Uttar Pradesh,Wheat,Lakhimpur APMC,2021-01-12,700.0,Dara,1680.0,1770.0,1740.0,Lalitpur
Uttar Pradesh,Wheat,Lakhimpur APMC,2021-01-13,800.0,Dara,1650.0,1750.0,1730.0,Lalitpur
Uttar Pradesh,Wheat,Lakhimpur APMC,2021-01-14,750.0,Dara,1700.0,1770.0,1740.0,Lalitpur
Uttar Pradesh,Wheat,Lakhimpur APMC,2021-01-15,800.0,Dara,1700.0,1780.0,1730.0,Lalitpur
Uttar Pradesh,Wheat,Lakhimpur APMC,2021-01-16,1000.0,Dara,1690.0,1780.0,1710.0,Lalitpur
Uttar Pradesh,Wheat,Lakhimpur APMC,2021-01-18,1100.0,Dara,1600.0,1730.0,1700.0,Lalitpur
Uttar Pradesh,Wheat,Lakhimpur APMC,2021-01-19,1000.0,Dara,1620.0,1730.0,1710.0,Lalitpur
Uttar Pradesh,Wheat,Lakhimpur APMC,2021-01-20,1100.0,Dara,1650.0,1740.0,1700.0,Lalitpur
Uttar Pradesh,Wheat,Lakhimpur APMC,2021-01-21,1000.0,Dara,1680.0,1760.0,1720.0,Lalitpur
Uttar Pradesh,Wheat,Lakhimpur APMC,2021-01-22,1200.0,Dara,1670.0,1740.0,1700.0,Lalitpur
Uttar Pradesh,Wheat,Lakhimpur APMC,2021-01-23,1150.0,Dara,1680.0,1740.0,1710.0,Lalitpur
Uttar Pradesh,Wheat,Lakhimpur APMC,2021-01-25,1200.0,Dara,1650.0,1740.0,1690.0,Lalitpur
Uttar Pradesh,Wheat,Lakhimpur APMC,2021-01-27,1000.0,Dara,1650.0,1770.0,1700.0,Lalitpur
Uttar Pradesh,Wheat,Lakhimpur APMC,2021-01-28,950.0,Dara,1670.0,1750.0,1710.0,Lalitpur
Uttar Pradesh,Wheat,Lakhimpur APMC,2021-01-29,1000.0,Dara,1670.0,1740.0,1700.0,Lalitpur
Uttar Pradesh,Wheat,Lakhimpur APMC,2021-01-30,900.0,Dara,1680.0,1750.0,1710.0,Lalitpur
Uttar Pradesh,Wheat,Lalganj APMC,2021-01-01,2.7,Dara,1550.0,1600.0,1575.0,Rae Bareli
Uttar Pradesh,Wheat,Lalganj APMC,2021-01-02,37.5,Dara,1550.0,1600.0,1570.0,Rae Bareli
Uttar Pradesh,Wheat,Lalganj APMC,2021-01-04,2.5,Dara,1550.0,1600.0,1570.0,Rae Bareli
Uttar Pradesh,Wheat,Lalganj APMC,2021-01-05,1.8,Dara,1550.0,1600.0,1570.0,Rae Bareli
Uttar Pradesh,Wheat,Lalganj APMC,2021-01-06,2.7,Dara,1550.0,1600.0,1575.0,Rae Bareli
Uttar Pradesh,Wheat,Lalganj APMC,2021-01-07,2.0,Dara,1550.0,1600.0,1580.0,Rae Bareli
Uttar Pradesh,Wheat,Lalganj APMC,2021-01-08,2.0,Dara,1550.0,1600.0,1580.0,Rae Bareli
Uttar Pradesh,Wheat,Lalganj APMC,2021-01-09,1.8,Dara,1550.0,1600.0,1570.0,Rae Bareli
Uttar Pradesh,Wheat,Lalganj APMC,2021-01-11,1.5,Dara,1550.0,1600.0,1570.0,Rae Bareli
Uttar Pradesh,Wheat,Lalganj APMC,2021-01-12,2.0,Dara,1550.0,1600.0,1570.0,Rae Bareli
Uttar Pradesh,Wheat,Lalganj APMC,2021-01-13,1.5,Dara,1550.0,1600.0,1575.0,Rae Bareli
Uttar Pradesh,Wheat,Lalganj APMC,2021-01-14,2.7,Dara,1560.0,1600.0,1580.0,Rae Bareli
Uttar Pradesh,Wheat,Lalganj APMC,2021-01-15,1.5,Dara,1560.0,1600.0,1580.0,Rae Bareli
Uttar Pradesh,Wheat,Lalganj APMC,2021-01-16,2.5,Dara,1560.0,1600.0,1580.0,Rae Bareli
Uttar Pradesh,Wheat,Lalganj APMC,2021-01-18,1.5,Dara,1560.0,1600.0,1580.0,Rae Bareli
Uttar Pradesh,Wheat,Lalganj APMC,2021-01-19,2.0,Dara,1560.0,1600.0,1580.0,Rae Bareli
Uttar Pradesh,Wheat,Lalganj APMC,2021-01-20,3.0,Dara,1650.0,1700.0,1680.0,Rae Bareli
Uttar Pradesh,Wheat,Lalganj APMC,2021-01-21,2.5,Dara,1675.0,1715.0,1700.0,Rae Bareli
Uttar Pradesh,Wheat,Lalganj APMC,2021-01-22,2.5,Dara,1675.0,1715.0,1700.0,Rae Bareli
Uttar Pradesh,Wheat,Lalganj APMC,2021-01-23,3.6,Dara,1680.0,1715.0,1700.0,Rae Bareli
Uttar Pradesh,Wheat,Lalganj APMC,2021-01-25,2.7,Dara,1680.0,1715.0,1700.0,Rae Bareli
Uttar Pradesh,Wheat,Lalganj APMC,2021-01-27,2.5,Dara,1685.0,1710.0,1700.0,Rae Bareli
Uttar Pradesh,Wheat,Lalganj APMC,2021-01-28,1.8,Dara,1685.0,1710.0,1700.0,Rae Bareli
Uttar Pradesh,Wheat,Lalganj APMC,2021-01-29,2.7,Dara,1685.0,1710.0,1700.0,Rae Bareli
Uttar Pradesh,Wheat,Lalganj APMC,2021-01-30,3.0,Dara,1685.0,1715.0,1700.0,Rae Bareli
Uttar Pradesh,Wheat,Lalitpur APMC,2021-01-01,1600.0,Dara,1600.0,1675.0,1640.0,Lalitpur
Uttar Pradesh,Wheat,Lalitpur APMC,2021-01-02,1650.0,Dara,1580.0,1680.0,1635.0,Lalitpur
Uttar Pradesh,Wheat,Lalitpur APMC,2021-01-04,1600.0,Dara,1600.0,1700.0,1650.0,Lalitpur
Uttar Pradesh,Wheat,Lalitpur APMC,2021-01-05,1650.0,Dara,1600.0,1675.0,1640.0,Lalitpur
Uttar Pradesh,Wheat,Lalitpur APMC,2021-01-06,1600.0,Dara,1580.0,1700.0,1645.0,Lalitpur
Uttar Pradesh,Wheat,Lalitpur APMC,2021-01-08,1400.0,Dara,1600.0,1700.0,1660.0,Lalitpur
Uttar Pradesh,Wheat,Lalitpur APMC,2021-01-11,1300.0,Dara,1620.0,1720.0,1670.0,Lalitpur
Uttar Pradesh,Wheat,Lalitpur APMC,2021-01-12,1400.0,Dara,1600.0,1700.0,1650.0,Lalitpur
Uttar Pradesh,Wheat,Lalitpur APMC,2021-01-13,1300.0,Dara,1600.0,1700.0,1650.0,Lalitpur
Uttar Pradesh,Wheat,Lalitpur APMC,2021-01-16,1200.0,Dara,1600.0,1700.0,1660.0,Lalitpur
Uttar Pradesh,Wheat,Lalitpur APMC,2021-01-18,1150.0,Dara,1675.0,1740.0,1700.0,Lalitpur
Uttar Pradesh,Wheat,Lalitpur APMC,2021-01-19,1200.0,Dara,1675.0,1740.0,1700.0,Lalitpur
Uttar Pradesh,Wheat,Lalitpur APMC,2021-01-20,1150.0,Dara,1700.0,1760.0,1740.0,Lalitpur
Uttar Pradesh,Wheat,Lalitpur APMC,2021-01-21,1100.0,Dara,1720.0,1775.0,1750.0,Lalitpur
Uttar Pradesh,Wheat,Lalitpur APMC,2021-01-22,1200.0,Dara,1700.0,1800.0,1750.0,Lalitpur
Uttar Pradesh,Wheat,Lalitpur APMC,2021-01-23,1400.0,Dara,1720.0,1790.0,1750.0,Lalitpur
Uttar Pradesh,Wheat,Lalitpur APMC,2021-01-25,1200.0,Dara,1700.0,1770.0,1740.0,Lalitpur
Uttar Pradesh,Wheat,Lalitpur APMC,2021-01-27,1250.0,Dara,1700.0,1760.0,1725.0,Lalitpur
Uttar Pradesh,Wheat,Lalitpur APMC,2021-01-28,1200.0,Dara,1650.0,1750.0,1700.0,Lalitpur
Uttar Pradesh,Wheat,Lalitpur APMC,2021-01-29,1250.0,Dara,1600.0,1700.0,1660.0,Lalitpur
Uttar Pradesh,Wheat,Lalitpur APMC,2021-01-30,1200.0,Dara,1600.0,1690.0,1650.0,Lalitpur
Uttar Pradesh,Wheat,Lucknow APMC,2021-01-01,4.4,Dara,1600.0,1800.0,1700.0,Lucknow
Uttar Pradesh,Wheat,Lucknow APMC,2021-01-02,5.6,Dara,1600.0,1800.0,1700.0,Lucknow
Uttar Pradesh,Wheat,Lucknow APMC,2021-01-04,2.3,Dara,1680.0,1790.0,1710.0,Lucknow
Uttar Pradesh,Wheat,Lucknow APMC,2021-01-05,2.6,Dara,1660.0,1740.0,1700.0,Lucknow
Uttar Pradesh,Wheat,Lucknow APMC,2021-01-06,3.0,Dara,1650.0,1740.0,1690.0,Lucknow
Uttar Pradesh,Wheat,Lucknow APMC,2021-01-07,3.8,Dara,1640.0,1720.0,1680.0,Lucknow
Uttar Pradesh,Wheat,Lucknow APMC,2021-01-08,4.0,Dara,1640.0,1730.0,1680.0,Lucknow
Uttar Pradesh,Wheat,Lucknow APMC,2021-01-09,3.8,Dara,1640.0,1730.0,1680.0,Lucknow
Uttar Pradesh,Wheat,Lucknow APMC,2021-01-11,4.0,Dara,1640.0,1730.0,1690.0,Lucknow
Uttar Pradesh,Wheat,Lucknow APMC,2021-01-12,2.6,Dara,1650.0,1750.0,1690.0,Lucknow
Uttar Pradesh,Wheat,Lucknow APMC,2021-01-13,3.3,Dara,1625.0,1700.0,1650.0,Lucknow
Uttar Pradesh,Wheat,Lucknow APMC,2021-01-14,2.8,Dara,1625.0,1700.0,1675.0,Lucknow
Uttar Pradesh,Wheat,Lucknow APMC,2021-01-15,2.9,Dara,1640.0,1730.0,1680.0,Lucknow
Uttar Pradesh,Wheat,Lucknow APMC,2021-01-16,2.8,Dara,1640.0,1730.0,1680.0,Lucknow
Uttar Pradesh,Wheat,Lucknow APMC,2021-01-18,2.5,Dara,1640.0,1700.0,1670.0,Lucknow
Uttar Pradesh,Wheat,Lucknow APMC,2021-01-19,2.4,Dara,1640.0,1700.0,1670.0,Lucknow
Uttar Pradesh,Wheat,Lucknow APMC,2021-01-20,2.4,Dara,1600.0,1720.0,1660.0,Lucknow
Uttar Pradesh,Wheat,Lucknow APMC,2021-01-21,2.4,Dara,1620.0,1740.0,1670.0,Lucknow
Uttar Pradesh,Wheat,Lucknow APMC,2021-01-22,3.0,Dara,1625.0,1700.0,1675.0,Lucknow
Uttar Pradesh,Wheat,Lucknow APMC,2021-01-23,3.8,Dara,1640.0,1720.0,1680.0,Lucknow
Uttar Pradesh,Wheat,Lucknow APMC,2021-01-25,2.4,Dara,1640.0,1730.0,1680.0,Lucknow
Uttar Pradesh,Wheat,Lucknow APMC,2021-01-27,2.8,Dara,1640.0,1730.0,1675.0,Lucknow
Uttar Pradesh,Wheat,Lucknow APMC,2021-01-28,3.6,Dara,1640.0,1740.0,1690.0,Lucknow
Uttar Pradesh,Wheat,Lucknow APMC,2021-01-29,1.9,Dara,1660.0,1750.0,1690.0,Lucknow
Uttar Pradesh,Wheat,Lucknow APMC,2021-01-30,2.4,Dara,1675.0,1750.0,1700.0,Lucknow
Uttar Pradesh,Wheat,Madhoganj APMC,2021-01-01,50.0,Dara,1650.0,1700.0,1670.0,Hardoi
Uttar Pradesh,Wheat,Madhoganj APMC,2021-01-03,90.0,Dara,1650.0,1700.0,1675.0,Hardoi
Uttar Pradesh,Wheat,Madhoganj APMC,2021-01-04,85.0,Dara,1620.0,1700.0,1660.0,Hardoi
Uttar Pradesh,Wheat,Madhoganj APMC,2021-01-05,90.0,Dara,1600.0,1700.0,1655.0,Hardoi
Uttar Pradesh,Wheat,Madhoganj APMC,2021-01-07,102.0,Dara,1600.0,1700.0,1650.0,Hardoi
Uttar Pradesh,Wheat,Madhoganj APMC,2021-01-08,100.0,Dara,1650.0,1700.0,1675.0,Hardoi
Uttar Pradesh,Wheat,Madhoganj APMC,2021-01-10,120.0,Dara,1650.0,1700.0,1670.0,Hardoi
Uttar Pradesh,Wheat,Madhoganj APMC,2021-01-11,90.0,Dara,1650.0,1700.0,1675.0,Hardoi
Uttar Pradesh,Wheat,Madhoganj APMC,2021-01-13,90.0,Dara,1650.0,1700.0,1675.0,Hardoi
Uttar Pradesh,Wheat,Madhoganj APMC,2021-01-14,70.0,Dara,1650.0,1700.0,1675.0,Hardoi
Uttar Pradesh,Wheat,Madhoganj APMC,2021-01-15,61.5,Dara,1650.0,1700.0,1680.0,Hardoi
Uttar Pradesh,Wheat,Madhoganj APMC,2021-01-17,50.0,Dara,1600.0,1700.0,1670.0,Hardoi
Uttar Pradesh,Wheat,Madhoganj APMC,2021-01-18,65.0,Dara,1650.0,1700.0,1675.0,Hardoi
Uttar Pradesh,Wheat,Madhoganj APMC,2021-01-19,55.0,Dara,1600.0,1700.0,1670.0,Hardoi
Uttar Pradesh,Wheat,Madhoganj APMC,2021-01-20,60.0,Dara,1600.0,1750.0,1675.0,Hardoi
Uttar Pradesh,Wheat,Madhoganj APMC,2021-01-21,50.0,Dara,1650.0,1750.0,1690.0,Hardoi
Uttar Pradesh,Wheat,Madhoganj APMC,2021-01-22,72.0,Dara,1650.0,1750.0,1700.0,Hardoi
Uttar Pradesh,Wheat,Madhoganj APMC,2021-01-24,75.0,Dara,1650.0,1700.0,1680.0,Hardoi
Uttar Pradesh,Wheat,Madhoganj APMC,2021-01-25,60.0,Dara,1650.0,1700.0,1675.0,Hardoi
Uttar Pradesh,Wheat,Madhoganj APMC,2021-01-27,60.0,Dara,1650.0,1700.0,1675.0,Hardoi
Uttar Pradesh,Wheat,Madhoganj APMC,2021-01-28,55.0,Dara,1650.0,1700.0,1680.0,Hardoi
Uttar Pradesh,Wheat,Madhoganj APMC,2021-01-29,61.0,Dara,1650.0,1700.0,1680.0,Hardoi
Uttar Pradesh,Wheat,Madhoganj APMC,2021-01-31,51.0,Dara,1650.0,1750.0,1700.0,Hardoi
Uttar Pradesh,Wheat,Madhogarh APMC,2021-01-04,12.0,Other,1500.0,1520.0,1510.0,Jalaun
Uttar Pradesh,Wheat,Madhogarh APMC,2021-01-05,18.0,Other,1600.0,1620.0,1610.0,Jalaun
Uttar Pradesh,Wheat,Madhogarh APMC,2021-01-06,20.0,Other,1600.0,1660.0,1640.0,Jalaun
Uttar Pradesh,Wheat,Madhogarh APMC,2021-01-07,2.0,Other,1600.0,1660.0,1630.0,Jalaun
Uttar Pradesh,Wheat,Madhogarh APMC,2021-01-08,18.0,Other,1600.0,1660.0,1630.0,Jalaun
Uttar Pradesh,Wheat,Madhogarh APMC,2021-01-09,22.0,Other,1600.0,1650.0,1630.0,Jalaun
Uttar Pradesh,Wheat,Madhogarh APMC,2021-01-10,22.0,Other,1600.0,1660.0,1650.0,Jalaun
Uttar Pradesh,Wheat,Madhogarh APMC,2021-01-11,22.0,Other,1600.0,1660.0,1640.0,Jalaun
Uttar Pradesh,Wheat,Madhogarh APMC,2021-01-12,25.0,Other,1640.0,1678.0,1650.0,Jalaun
Uttar Pradesh,Wheat,Madhogarh APMC,2021-01-13,15.0,Other,1600.0,1678.0,1650.0,Jalaun
Uttar Pradesh,Wheat,Madhogarh APMC,2021-01-14,1.0,Other,1650.0,1670.0,1660.0,Jalaun
Uttar Pradesh,Wheat,Madhogarh APMC,2021-01-15,28.0,Other,1650.0,1680.0,1660.0,Jalaun
Uttar Pradesh,Wheat,Madhogarh APMC,2021-01-16,30.0,Other,1660.0,1680.0,1670.0,Jalaun
Uttar Pradesh,Wheat,Madhogarh APMC,2021-01-17,15.0,Other,1660.0,1675.0,1670.0,Jalaun
Uttar Pradesh,Wheat,Madhogarh APMC,2021-01-18,22.0,Other,1650.0,1670.0,1660.0,Jalaun
Uttar Pradesh,Wheat,Madhogarh APMC,2021-01-19,22.0,Other,1650.0,1670.0,1660.0,Jalaun
Uttar Pradesh,Wheat,Madhogarh APMC,2021-01-20,25.0,Other,1680.0,1700.0,1690.0,Jalaun
Uttar Pradesh,Wheat,Madhogarh APMC,2021-01-21,1.0,Other,1670.0,1700.0,1680.0,Jalaun
Uttar Pradesh,Wheat,Madhogarh APMC,2021-01-22,30.0,Other,1650.0,1670.0,1660.0,Jalaun
Uttar Pradesh,Wheat,Madhogarh APMC,2021-01-23,30.0,Other,1670.0,1680.0,1675.0,Jalaun
Uttar Pradesh,Wheat,Madhogarh APMC,2021-01-24,30.0,Other,1650.0,1670.0,1660.0,Jalaun
Uttar Pradesh,Wheat,Madhogarh APMC,2021-01-25,30.0,Other,1650.0,1670.0,1660.0,Jalaun
Uttar Pradesh,Wheat,Madhogarh APMC,2021-01-26,1.9,Other,1650.0,1675.0,1660.0,Jalaun
Uttar Pradesh,Wheat,Madhogarh APMC,2021-01-27,30.0,Other,1650.0,1660.0,1650.0,Jalaun
Uttar Pradesh,Wheat,Madhogarh APMC,2021-01-28,1.0,Other,1650.0,1670.0,1660.0,Jalaun
Uttar Pradesh,Wheat,Madhogarh APMC,2021-01-29,28.0,Other,1600.0,1616.0,1610.0,Jalaun
Uttar Pradesh,Wheat,Madhogarh APMC,2021-01-30,22.9,Other,1600.0,1630.0,1615.0,Jalaun
Uttar Pradesh,Wheat,Madhogarh APMC,2021-01-31,22.0,Other,1600.0,1640.0,1630.0,Jalaun
Uttar Pradesh,Wheat,Maharajganj APMC,2021-01-01,2.0,Dara,1700.0,1850.0,1800.0,Rae Bareli
Uttar Pradesh,Wheat,Maharajganj APMC,2021-01-02,2.0,Dara,1600.0,1750.0,1700.0,Rae Bareli
Uttar Pradesh,Wheat,Maharajganj APMC,2021-01-03,2.0,Dara,1700.0,1800.0,1750.0,Rae Bareli
Uttar Pradesh,Wheat,Maharajganj APMC,2021-01-04,2.0,Dara,1600.0,1750.0,1700.0,Rae Bareli
Uttar Pradesh,Wheat,Maharajganj APMC,2021-01-05,2.0,Dara,1600.0,1750.0,1700.0,Rae Bareli
Uttar Pradesh,Wheat,Maharajganj APMC,2021-01-06,2.0,Dara,1700.0,1775.0,1750.0,Rae Bareli
Uttar Pradesh,Wheat,Maharajganj APMC,2021-01-07,2.0,Dara,1700.0,1850.0,1800.0,Rae Bareli
Uttar Pradesh,Wheat,Maharajganj APMC,2021-01-08,2.0,Dara,1600.0,1750.0,1700.0,Rae Bareli
Uttar Pradesh,Wheat,Maharajganj APMC,2021-01-09,1.0,Dara,1700.0,1775.0,1750.0,Rae Bareli
Uttar Pradesh,Wheat,Maharajganj APMC,2021-01-10,3.0,Dara,1700.0,1850.0,1800.0,Rae Bareli
Uttar Pradesh,Wheat,Maharajganj APMC,2021-01-11,1.0,Dara,1600.0,1750.0,1700.0,Rae Bareli
Uttar Pradesh,Wheat,Maharajganj APMC,2021-01-12,4.0,Dara,1800.0,1900.0,1850.0,Rae Bareli
Uttar Pradesh,Wheat,Maharajganj APMC,2021-01-13,2.0,Dara,1700.0,1850.0,1800.0,Rae Bareli
Uttar Pradesh,Wheat,Maharajganj APMC,2021-01-14,1.0,Dara,1800.0,1875.0,1850.0,Rae Bareli
Uttar Pradesh,Wheat,Maharajganj APMC,2021-01-15,2.0,Dara,1700.0,1800.0,1750.0,Rae Bareli
Uttar Pradesh,Wheat,Maharajganj APMC,2021-01-16,3.0,Dara,1800.0,1875.0,1850.0,Rae Bareli
Uttar Pradesh,Wheat,Maharajganj APMC,2021-01-17,2.0,Dara,1800.0,1875.0,1850.0,Rae Bareli
Uttar Pradesh,Wheat,Maharajganj APMC,2021-01-18,3.0,Dara,1700.0,1850.0,1800.0,Rae Bareli
Uttar Pradesh,Wheat,Maharajganj APMC,2021-01-19,3.0,Dara,1800.0,1850.0,1825.0,Rae Bareli
Uttar Pradesh,Wheat,Maharajganj APMC,2021-01-22,2.0,Dara,1810.0,1875.0,1850.0,Rae Bareli
Uttar Pradesh,Wheat,Maharajganj APMC,2021-01-23,2.0,Dara,1800.0,1860.0,1850.0,Rae Bareli
Uttar Pradesh,Wheat,Maharajganj APMC,2021-01-25,3.0,Dara,1800.0,1875.0,1850.0,Rae Bareli
Uttar Pradesh,Wheat,Maharajganj APMC,2021-01-26,2.0,Dara,1800.0,1850.0,1825.0,Rae Bareli
Uttar Pradesh,Wheat,Maharajganj APMC,2021-01-27,2.0,Dara,1800.0,1850.0,1825.0,Rae Bareli
Uttar Pradesh,Wheat,Maharajganj APMC,2021-01-28,2.0,Dara,1800.0,1830.0,1825.0,Rae Bareli
Uttar Pradesh,Wheat,Maharajganj APMC,2021-01-30,2.0,Dara,1800.0,1855.0,1850.0,Rae Bareli
Uttar Pradesh,Wheat,Mahoba APMC,2021-01-01,12.6,Dara,1540.0,1585.0,1560.0,Mahoba
Uttar Pradesh,Wheat,Mahoba APMC,2021-01-02,11.0,Dara,1540.0,1585.0,1565.0,Mahoba
Uttar Pradesh,Wheat,Mahoba APMC,2021-01-03,8.8,Dara,1550.0,1590.0,1570.0,Mahoba
Uttar Pradesh,Wheat,Mahoba APMC,2021-01-04,9.5,Dara,1530.0,1600.0,1570.0,Mahoba
Uttar Pradesh,Wheat,Mahoba APMC,2021-01-06,10.5,Dara,1540.0,1600.0,1585.0,Mahoba
Uttar Pradesh,Wheat,Mahoba APMC,2021-01-07,8.4,Dara,1560.0,1640.0,1600.0,Mahoba
Uttar Pradesh,Wheat,Mahoba APMC,2021-01-08,8.9,Dara,1585.0,1630.0,1610.0,Mahoba
Uttar Pradesh,Wheat,Mahoba APMC,2021-01-09,9.5,Dara,1590.0,1635.0,1610.0,Mahoba
Uttar Pradesh,Wheat,Mahoba APMC,2021-01-10,8.6,Dara,1570.0,1640.0,1600.0,Mahoba
Uttar Pradesh,Wheat,Mahoba APMC,2021-01-11,11.2,Dara,1570.0,1610.0,1590.0,Mahoba
Uttar Pradesh,Wheat,Mahoba APMC,2021-01-13,9.5,Dara,1590.0,1650.0,1615.0,Mahoba
Uttar Pradesh,Wheat,Mahoba APMC,2021-01-14,11.0,Dara,1560.0,1630.0,1610.0,Mahoba
Uttar Pradesh,Wheat,Mahoba APMC,2021-01-15,7.5,Dara,1580.0,1640.0,1615.0,Mahoba
Uttar Pradesh,Wheat,Mahoba APMC,2021-01-16,12.5,Dara,1585.0,1650.0,1620.0,Mahoba
Uttar Pradesh,Wheat,Mahoba APMC,2021-01-17,13.0,Dara,1585.0,1640.0,1615.0,Mahoba
Uttar Pradesh,Wheat,Mahoba APMC,2021-01-18,11.6,Dara,1580.0,1650.0,1630.0,Mahoba
Uttar Pradesh,Wheat,Mahoba APMC,2021-01-20,18.5,Dara,1580.0,1650.0,1630.0,Mahoba
Uttar Pradesh,Wheat,Mahoba APMC,2021-01-21,19.2,Dara,1610.0,1685.0,1640.0,Mahoba
Uttar Pradesh,Wheat,Mahoba APMC,2021-01-22,18.0,Dara,1630.0,1670.0,1650.0,Mahoba
Uttar Pradesh,Wheat,Mahoba APMC,2021-01-23,19.6,Dara,1650.0,1685.0,1665.0,Mahoba
Uttar Pradesh,Wheat,Mahoba APMC,2021-01-24,14.0,Dara,1670.0,1700.0,1685.0,Mahoba
Uttar Pradesh,Wheat,Mahoba APMC,2021-01-25,16.5,Dara,1630.0,1690.0,1670.0,Mahoba
Uttar Pradesh,Wheat,Mahoba APMC,2021-01-27,15.3,Dara,1655.0,1700.0,1675.0,Mahoba
Uttar Pradesh,Wheat,Mahoba APMC,2021-01-28,16.8,Dara,1665.0,1700.0,1680.0,Mahoba
Uttar Pradesh,Wheat,Mahoba APMC,2021-01-29,14.0,Dara,1665.0,1710.0,1685.0,Mahoba
Uttar Pradesh,Wheat,Mahoba APMC,2021-01-30,15.6,Dara,1650.0,1710.0,1690.0,Mahoba
Uttar Pradesh,Wheat,Mahoba APMC,2021-01-31,13.0,Dara,1660.0,1700.0,1680.0,Mahoba
Uttar Pradesh,Wheat,Maigalganj APMC,2021-01-01,70.0,Dara,1600.0,1750.0,1700.0,Gorakhpur
Uttar Pradesh,Wheat,Maigalganj APMC,2021-01-02,60.0,Other,1550.0,1680.0,1600.0,Gorakhpur
Uttar Pradesh,Wheat,Maigalganj APMC,2021-01-04,80.0,Dara,1600.0,1710.0,1660.0,Gorakhpur
Uttar Pradesh,Wheat,Maigalganj APMC,2021-01-05,50.0,Dara,1600.0,1700.0,1650.0,Gorakhpur
Uttar Pradesh,Wheat,Maigalganj APMC,2021-01-06,70.0,Dara,1600.0,1690.0,1640.0,Gorakhpur
Uttar Pradesh,Wheat,Maigalganj APMC,2021-01-07,50.0,Dara,1580.0,1680.0,1650.0,Gorakhpur
Uttar Pradesh,Wheat,Maigalganj APMC,2021-01-08,50.0,Dara,1630.0,1740.0,1690.0,Gorakhpur
Uttar Pradesh,Wheat,Maigalganj APMC,2021-01-09,45.0,Dara,1600.0,1720.0,1670.0,Gorakhpur
Uttar Pradesh,Wheat,Maigalganj APMC,2021-01-11,40.0,Dara,1640.0,1730.0,1680.0,Gorakhpur
Uttar Pradesh,Wheat,Maigalganj APMC,2021-01-12,60.0,Dara,1650.0,1740.0,1700.0,Gorakhpur
Uttar Pradesh,Wheat,Maigalganj APMC,2021-01-13,50.0,Dara,1600.0,1720.0,1680.0,Gorakhpur
Uttar Pradesh,Wheat,Maigalganj APMC,2021-01-14,30.0,Dara,1600.0,1730.0,1670.0,Gorakhpur
Uttar Pradesh,Wheat,Maigalganj APMC,2021-01-15,45.0,Dara,1640.0,1720.0,1680.0,Gorakhpur
Uttar Pradesh,Wheat,Maigalganj APMC,2021-01-16,55.0,Dara,1550.0,1700.0,1640.0,Gorakhpur
Uttar Pradesh,Wheat,Maigalganj APMC,2021-01-18,60.0,Dara,1600.0,1710.0,1650.0,Gorakhpur
Uttar Pradesh,Wheat,Maigalganj APMC,2021-01-19,40.0,Dara,1600.0,1700.0,1650.0,Gorakhpur
Uttar Pradesh,Wheat,Maigalganj APMC,2021-01-20,30.0,Dara,1600.0,1690.0,1640.0,Gorakhpur
Uttar Pradesh,Wheat,Maigalganj APMC,2021-01-21,40.0,Dara,1650.0,1710.0,1690.0,Gorakhpur
Uttar Pradesh,Wheat,Maigalganj APMC,2021-01-22,60.0,Dara,1600.0,1720.0,1660.0,Gorakhpur
Uttar Pradesh,Wheat,Maigalganj APMC,2021-01-23,70.0,Dara,1600.0,1710.0,1650.0,Gorakhpur
Uttar Pradesh,Wheat,Maigalganj APMC,2021-01-25,60.0,Dara,1600.0,1680.0,1640.0,Gorakhpur
Uttar Pradesh,Wheat,Maigalganj APMC,2021-01-27,50.0,Dara,1600.0,1690.0,1640.0,Gorakhpur
Uttar Pradesh,Wheat,Maigalganj APMC,2021-01-28,70.0,Dara,1600.0,1710.0,1660.0,Gorakhpur
Uttar Pradesh,Wheat,Maigalganj APMC,2021-01-29,80.0,Dara,1600.0,1700.0,1650.0,Gorakhpur
Uttar Pradesh,Wheat,Maigalganj APMC,2021-01-30,50.0,Other,1600.0,1710.0,1660.0,Gorakhpur
Uttar Pradesh,Wheat,Mainpuri APMC,2021-01-01,32.0,Dara,1495.0,1665.0,1580.0,Mainpuri
Uttar Pradesh,Wheat,Mainpuri APMC,2021-01-02,30.0,Dara,1495.0,1670.0,1590.0,Mainpuri
Uttar Pradesh,Wheat,Mainpuri APMC,2021-01-04,34.0,Dara,1490.0,1680.0,1595.0,Mainpuri
Uttar Pradesh,Wheat,Mainpuri APMC,2021-01-05,33.0,Dara,1495.0,1685.0,1600.0,Mainpuri
Uttar Pradesh,Wheat,Mainpuri APMC,2021-01-06,11.5,Dara,1490.0,1675.0,1585.0,Mainpuri
Uttar Pradesh,Wheat,Mainpuri APMC,2021-01-07,10.0,Dara,1490.0,1680.0,1590.0,Mainpuri
Uttar Pradesh,Wheat,Mainpuri APMC,2021-01-08,11.0,Dara,1500.0,1680.0,1595.0,Mainpuri
Uttar Pradesh,Wheat,Mainpuri APMC,2021-01-09,10.5,Dara,1570.0,1700.0,1610.0,Mainpuri
Uttar Pradesh,Wheat,Mainpuri APMC,2021-01-11,20.0,Dara,1480.0,1670.0,1595.0,Mainpuri
Uttar Pradesh,Wheat,Mainpuri APMC,2021-01-13,30.0,Dara,1520.0,1705.0,1610.0,Mainpuri
Uttar Pradesh,Wheat,Mainpuri APMC,2021-01-14,38.0,Dara,1500.0,1700.0,1600.0,Mainpuri
Uttar Pradesh,Wheat,Mainpuri APMC,2021-01-15,40.0,Dara,1520.0,1695.0,1610.0,Mainpuri
Uttar Pradesh,Wheat,Mainpuri APMC,2021-01-16,48.0,Dara,1500.0,1690.0,1600.0,Mainpuri
Uttar Pradesh,Wheat,Mainpuri APMC,2021-01-18,50.0,Dara,1450.0,1670.0,1585.0,Mainpuri
Uttar Pradesh,Wheat,Mainpuri APMC,2021-01-19,47.5,Dara,1495.0,1680.0,1590.0,Mainpuri
Uttar Pradesh,Wheat,Mainpuri APMC,2021-01-20,47.0,Dara,1540.0,1720.0,1625.0,Mainpuri
Uttar Pradesh,Wheat,Mainpuri APMC,2021-01-21,46.0,Dara,1540.0,1730.0,1635.0,Mainpuri
Uttar Pradesh,Wheat,Mainpuri APMC,2021-01-22,40.0,Dara,1600.0,1740.0,1700.0,Mainpuri
Uttar Pradesh,Wheat,Mainpuri APMC,2021-01-23,39.0,Dara,1660.0,1800.0,1721.0,Mainpuri
Uttar Pradesh,Wheat,Mainpuri APMC,2021-01-25,44.0,Dara,1670.0,1790.0,1721.0,Mainpuri
Uttar Pradesh,Wheat,Mainpuri APMC,2021-01-26,48.0,Dara,1660.0,1800.0,1721.0,Mainpuri
Uttar Pradesh,Wheat,Mainpuri APMC,2021-01-27,48.5,Dara,1640.0,1790.0,1711.0,Mainpuri
Uttar Pradesh,Wheat,Mainpuri APMC,2021-01-28,49.5,Dara,1600.0,1760.0,1690.0,Mainpuri
Uttar Pradesh,Wheat,Mainpuri APMC,2021-01-29,50.0,Dara,1595.0,1760.0,1681.0,Mainpuri
Uttar Pradesh,Wheat,Mainpuri APMC,2021-01-30,45.0,Dara,1600.0,1770.0,1685.0,Mainpuri
Uttar Pradesh,Wheat,Mathura APMC,2021-01-01,44.0,Dara,1620.0,1660.0,1640.0,Mathura
Uttar Pradesh,Wheat,Mathura APMC,2021-01-02,40.0,Dara,1625.0,1670.0,1650.0,Mathura
Uttar Pradesh,Wheat,Mathura APMC,2021-01-04,40.0,Dara,1630.0,1665.0,1650.0,Mathura
Uttar Pradesh,Wheat,Mathura APMC,2021-01-05,35.0,Dara,1615.0,1660.0,1645.0,Mathura
Uttar Pradesh,Wheat,Mathura APMC,2021-01-06,36.0,Dara,1610.0,1660.0,1640.0,Mathura
Uttar Pradesh,Wheat,Mathura APMC,2021-01-07,33.0,Dara,1610.0,1660.0,1640.0,Mathura
Uttar Pradesh,Wheat,Mathura APMC,2021-01-08,30.0,Dara,1620.0,1665.0,1645.0,Mathura
Uttar Pradesh,Wheat,Mathura APMC,2021-01-09,25.0,Dara,1640.0,1680.0,1660.0,Mathura
Uttar Pradesh,Wheat,Mathura APMC,2021-01-11,24.0,Dara,1640.0,1685.0,1670.0,Mathura
Uttar Pradesh,Wheat,Mathura APMC,2021-01-12,35.0,Dara,1620.0,1660.0,1645.0,Mathura
Uttar Pradesh,Wheat,Mathura APMC,2021-01-13,24.0,Dara,1630.0,1665.0,1650.0,Mathura
Uttar Pradesh,Wheat,Mathura APMC,2021-01-14,23.0,Dara,1630.0,1670.0,1655.0,Mathura
Uttar Pradesh,Wheat,Mathura APMC,2021-01-15,22.0,Dara,1630.0,1680.0,1660.0,Mathura
Uttar Pradesh,Wheat,Mathura APMC,2021-01-16,28.0,Dara,1620.0,1670.0,1650.0,Mathura
Uttar Pradesh,Wheat,Mathura APMC,2021-01-18,24.0,Dara,1650.0,1780.0,1750.0,Mathura
Uttar Pradesh,Wheat,Mathura APMC,2021-01-19,30.0,Dara,1650.0,1775.0,1740.0,Mathura
Uttar Pradesh,Wheat,Mathura APMC,2021-01-20,14.0,Dara,1680.0,1725.0,1710.0,Mathura
Uttar Pradesh,Wheat,Mathura APMC,2021-01-21,26.0,Dara,1680.0,1740.0,1720.0,Mathura
Uttar Pradesh,Wheat,Mathura APMC,2021-01-22,30.0,Dara,1710.0,1750.0,1730.0,Mathura
Uttar Pradesh,Wheat,Mathura APMC,2021-01-23,28.0,Dara,1700.0,1745.0,1730.0,Mathura
Uttar Pradesh,Wheat,Mathura APMC,2021-01-25,26.0,Dara,1700.0,1760.0,1740.0,Mathura
Uttar Pradesh,Wheat,Mathura APMC,2021-01-27,23.0,Dara,1700.0,1775.0,1750.0,Mathura
Uttar Pradesh,Wheat,Mathura APMC,2021-01-28,26.0,Dara,1700.0,1770.0,1740.0,Mathura
Uttar Pradesh,Wheat,Mathura APMC,2021-01-29,28.0,Dara,1700.0,1760.0,1730.0,Mathura
Uttar Pradesh,Wheat,Mathura APMC,2021-01-30,26.0,Dara,1700.0,1765.0,1740.0,Mathura
Uttar Pradesh,Wheat,Maudaha APMC,2021-01-01,28.5,Dara,1440.0,1565.0,1500.0,Hamirpur
Uttar Pradesh,Wheat,Maudaha APMC,2021-01-02,25.0,Dara,1500.0,1550.0,1540.0,Hamirpur
Uttar Pradesh,Wheat,Maudaha APMC,2021-01-03,26.0,Dara,1480.0,1580.0,1530.0,Hamirpur
Uttar Pradesh,Wheat,Maudaha APMC,2021-01-04,25.0,Dara,1525.0,1600.0,1560.0,Hamirpur
Uttar Pradesh,Wheat,Maudaha APMC,2021-01-06,26.0,Dara,1550.0,1650.0,1600.0,Hamirpur
Uttar Pradesh,Wheat,Maudaha APMC,2021-01-08,40.0,Dara,1550.0,1660.0,1625.0,Hamirpur
Uttar Pradesh,Wheat,Maudaha APMC,2021-01-09,42.0,Dara,1535.0,1665.0,1600.0,Hamirpur
Uttar Pradesh,Wheat,Maudaha APMC,2021-01-10,35.0,Dara,1540.0,1660.0,1600.0,Hamirpur
Uttar Pradesh,Wheat,Maudaha APMC,2021-01-11,70.0,Dara,1575.0,1700.0,1650.0,Hamirpur
Uttar Pradesh,Wheat,Maudaha APMC,2021-01-13,65.0,Dara,1650.0,1700.0,1680.0,Hamirpur
Uttar Pradesh,Wheat,Maudaha APMC,2021-01-15,55.0,Dara,1600.0,1675.0,1615.0,Hamirpur
Uttar Pradesh,Wheat,Maudaha APMC,2021-01-16,54.0,Dara,1600.0,1650.0,1620.0,Hamirpur
Uttar Pradesh,Wheat,Maudaha APMC,2021-01-17,57.5,Dara,1600.0,1650.0,1615.0,Hamirpur
Uttar Pradesh,Wheat,Maudaha APMC,2021-01-18,57.5,Dara,1550.0,1650.0,1615.0,Hamirpur
Uttar Pradesh,Wheat,Maudaha APMC,2021-01-19,57.0,Dara,1550.0,1675.0,1625.0,Hamirpur
Uttar Pradesh,Wheat,Maudaha APMC,2021-01-22,45.0,Dara,1650.0,1750.0,1710.0,Hamirpur
Uttar Pradesh,Wheat,Maudaha APMC,2021-01-23,36.0,Dara,1650.0,1725.0,1700.0,Hamirpur
Uttar Pradesh,Wheat,Maudaha APMC,2021-01-24,38.5,Dara,1655.0,1700.0,1685.0,Hamirpur
Uttar Pradesh,Wheat,Maudaha APMC,2021-01-25,39.0,Dara,1650.0,1700.0,1670.0,Hamirpur
Uttar Pradesh,Wheat,Maudaha APMC,2021-01-27,38.5,Dara,1650.0,1700.0,1670.0,Hamirpur
Uttar Pradesh,Wheat,Maudaha APMC,2021-01-29,42.5,Dara,1600.0,1725.0,1650.0,Hamirpur
Uttar Pradesh,Wheat,Maudaha APMC,2021-01-30,4.5,Dara,1600.0,1675.0,1630.0,Hamirpur
Uttar Pradesh,Wheat,Maudaha APMC,2021-01-31,42.5,Dara,1625.0,1700.0,1675.0,Hamirpur
Uttar Pradesh,Wheat,Mauranipur APMC,2021-01-01,18.5,Dara,1565.0,1625.0,1600.0,Jhansi
Uttar Pradesh,Wheat,Mauranipur APMC,2021-01-02,20.0,Dara,1580.0,1625.0,1600.0,Jhansi
Uttar Pradesh,Wheat,Mauranipur APMC,2021-01-05,24.8,Dara,1550.0,1600.0,1585.0,Jhansi
Uttar Pradesh,Wheat,Mauranipur APMC,2021-01-06,14.0,Dara,1580.0,1620.0,1600.0,Jhansi
Uttar Pradesh,Wheat,Mauranipur APMC,2021-01-07,7.0,Dara,1580.0,1650.0,1625.0,Jhansi
Uttar Pradesh,Wheat,Mauranipur APMC,2021-01-09,20.8,Dara,1580.0,1625.0,1600.0,Jhansi
Uttar Pradesh,Wheat,Mauranipur APMC,2021-01-10,19.0,Dara,1565.0,1625.0,1600.0,Jhansi
Uttar Pradesh,Wheat,Mauranipur APMC,2021-01-12,16.5,Dara,1580.0,1630.0,1600.0,Jhansi
Uttar Pradesh,Wheat,Mauranipur APMC,2021-01-13,14.0,Dara,1580.0,1620.0,1600.0,Jhansi
Uttar Pradesh,Wheat,Mauranipur APMC,2021-01-15,12.0,Dara,1580.0,1625.0,1620.0,Jhansi
Uttar Pradesh,Wheat,Mauranipur APMC,2021-01-16,6.0,Dara,1580.0,1625.0,1625.0,Jhansi
Uttar Pradesh,Wheat,Mauranipur APMC,2021-01-17,16.0,Dara,1565.0,1625.0,1620.0,Jhansi
Uttar Pradesh,Wheat,Mauranipur APMC,2021-01-19,8.0,Dara,1585.0,1650.0,1625.0,Jhansi
Uttar Pradesh,Wheat,Mauranipur APMC,2021-01-20,5.0,Dara,1580.0,1625.0,1620.0,Jhansi
Uttar Pradesh,Wheat,Mauranipur APMC,2021-01-21,6.0,Dara,1580.0,1625.0,1620.0,Jhansi
Uttar Pradesh,Wheat,Mauranipur APMC,2021-01-22,10.0,Dara,1580.0,1625.0,1600.0,Jhansi
Uttar Pradesh,Wheat,Mauranipur APMC,2021-01-23,8.0,Dara,1565.0,1620.0,1585.0,Jhansi
Uttar Pradesh,Wheat,Mauranipur APMC,2021-01-24,4.8,Dara,1550.0,1600.0,1580.0,Jhansi
Uttar Pradesh,Wheat,Mauranipur APMC,2021-01-27,12.0,Dara,1550.0,1600.0,1585.0,Jhansi
Uttar Pradesh,Wheat,Mauranipur APMC,2021-01-29,9.0,Dara,1580.0,1625.0,1600.0,Jhansi
Uttar Pradesh,Wheat,Mauranipur APMC,2021-01-30,10.0,Dara,1580.0,1625.0,1600.0,Jhansi
Uttar Pradesh,Wheat,Mauranipur APMC,2021-01-31,8.0,Dara,1580.0,1625.0,1600.0,Jhansi
Uttar Pradesh,Wheat,Mawana APMC,2021-01-01,35.0,Dara,1700.0,1850.0,1770.0,Meerut
Uttar Pradesh,Wheat,Mawana APMC,2021-01-04,20.0,Dara,1700.0,1850.0,1750.0,Meerut
Uttar Pradesh,Wheat,Mawana APMC,2021-01-06,25.0,Dara,1700.0,1850.0,1730.0,Meerut
Uttar Pradesh,Wheat,Mawana APMC,2021-01-07,25.0,Dara,1700.0,1850.0,1750.0,Meerut
Uttar Pradesh,Wheat,Mawana APMC,2021-01-08,15.0,Dara,1700.0,1850.0,1750.0,Meerut
Uttar Pradesh,Wheat,Mawana APMC,2021-01-11,12.0,Dara,1700.0,1850.0,1760.0,Meerut
Uttar Pradesh,Wheat,Mawana APMC,2021-01-13,22.0,Dara,1700.0,1850.0,1750.0,Meerut
Uttar Pradesh,Wheat,Mawana APMC,2021-01-14,23.0,Dara,1700.0,1850.0,1740.0,Meerut
Uttar Pradesh,Wheat,Mawana APMC,2021-01-15,15.0,Dara,1700.0,1850.0,1750.0,Meerut
Uttar Pradesh,Wheat,Mawana APMC,2021-01-19,15.0,Dara,1700.0,1850.0,1730.0,Meerut
Uttar Pradesh,Wheat,Mawana APMC,2021-01-21,12.0,Dara,1700.0,1850.0,1740.0,Meerut
Uttar Pradesh,Wheat,Mawana APMC,2021-01-22,13.0,Dara,1700.0,1850.0,1730.0,Meerut
Uttar Pradesh,Wheat,Mawana APMC,2021-01-23,12.0,Dara,1700.0,1850.0,1740.0,Meerut
Uttar Pradesh,Wheat,Mawana APMC,2021-01-25,15.0,Dara,1650.0,1800.0,1720.0,Meerut
Uttar Pradesh,Wheat,Mawana APMC,2021-01-28,12.0,Dara,1700.0,1850.0,1730.0,Meerut
Uttar Pradesh,Wheat,Mawana APMC,2021-01-29,15.0,Dara,1650.0,1850.0,1710.0,Meerut
Uttar Pradesh,Wheat,Meerut APMC,2021-01-01,30.0,Dara,1750.0,1800.0,1775.0,Meerut
Uttar Pradesh,Wheat,Meerut APMC,2021-01-02,62.0,Dara,1750.0,1800.0,1770.0,Meerut
Uttar Pradesh,Wheat,Meerut APMC,2021-01-04,57.5,Dara,1750.0,1800.0,1770.0,Meerut
Uttar Pradesh,Wheat,Meerut APMC,2021-01-05,56.0,Dara,1750.0,1800.0,1775.0,Meerut
Uttar Pradesh,Wheat,Meerut APMC,2021-01-06,29.0,Dara,1760.0,1800.0,1775.0,Meerut
Uttar Pradesh,Wheat,Meerut APMC,2021-01-07,42.5,Dara,1760.0,1800.0,1770.0,Meerut
Uttar Pradesh,Wheat,Meerut APMC,2021-01-08,41.0,Dara,1760.0,1800.0,1775.0,Meerut
Uttar Pradesh,Wheat,Meerut APMC,2021-01-09,40.0,Dara,1750.0,1800.0,1770.0,Meerut
Uttar Pradesh,Wheat,Meerut APMC,2021-01-11,45.0,Dara,1750.0,1800.0,1765.0,Meerut
Uttar Pradesh,Wheat,Meerut APMC,2021-01-12,64.0,Dara,1750.0,1800.0,1750.0,Meerut
Uttar Pradesh,Wheat,Meerut APMC,2021-01-13,47.5,Dara,1760.0,1800.0,1775.0,Meerut
Uttar Pradesh,Wheat,Meerut APMC,2021-01-14,42.5,Dara,1740.0,1780.0,1750.0,Meerut
Uttar Pradesh,Wheat,Meerut APMC,2021-01-15,65.0,Dara,1710.0,1760.0,1725.0,Meerut
Uttar Pradesh,Wheat,Meerut APMC,2021-01-16,70.0,Dara,1700.0,1750.0,1725.0,Meerut
Uttar Pradesh,Wheat,Meerut APMC,2021-01-18,84.0,Dara,1700.0,1750.0,1720.0,Meerut
Uttar Pradesh,Wheat,Meerut APMC,2021-01-19,45.0,Dara,1700.0,1750.0,1720.0,Meerut
Uttar Pradesh,Wheat,Meerut APMC,2021-01-20,43.0,Dara,1715.0,1750.0,1725.0,Meerut
Uttar Pradesh,Wheat,Meerut APMC,2021-01-21,46.0,Dara,1710.0,1750.0,1725.0,Meerut
Uttar Pradesh,Wheat,Meerut APMC,2021-01-22,45.0,Dara,1710.0,1750.0,1730.0,Meerut
Uttar Pradesh,Wheat,Meerut APMC,2021-01-23,65.0,Dara,1700.0,1745.0,1720.0,Meerut
Uttar Pradesh,Wheat,Meerut APMC,2021-01-25,50.0,Dara,1710.0,1750.0,1725.0,Meerut
Uttar Pradesh,Wheat,Meerut APMC,2021-01-27,47.5,Dara,1710.0,1750.0,1730.0,Meerut
Uttar Pradesh,Wheat,Meerut APMC,2021-01-29,42.5,Dara,1710.0,1750.0,1725.0,Meerut
Uttar Pradesh,Wheat,Meerut APMC,2021-01-30,78.0,Dara,1710.0,1745.0,1720.0,Meerut
Uttar Pradesh,Wheat,Mehmoodabad APMC,2021-01-02,35.0,Dara,1560.0,1600.0,1580.0,Sitapur
Uttar Pradesh,Wheat,Mehmoodabad APMC,2021-01-03,44.0,Dara,1550.0,1580.0,1560.0,Sitapur
Uttar Pradesh,Wheat,Mehmoodabad APMC,2021-01-04,30.0,Dara,1560.0,1590.0,1575.0,Sitapur
Uttar Pradesh,Wheat,Mehmoodabad APMC,2021-01-05,50.0,Dara,1550.0,1580.0,1570.0,Sitapur
Uttar Pradesh,Wheat,Mehmoodabad APMC,2021-01-06,40.0,Dara,1560.0,1590.0,1580.0,Sitapur
Uttar Pradesh,Wheat,Mehmoodabad APMC,2021-01-07,55.0,Dara,1555.0,1580.0,1570.0,Sitapur
Uttar Pradesh,Wheat,Mehmoodabad APMC,2021-01-10,55.0,Dara,1580.0,1610.0,1600.0,Sitapur
Uttar Pradesh,Wheat,Mehmoodabad APMC,2021-01-11,48.0,Dara,1590.0,1630.0,1620.0,Sitapur
Uttar Pradesh,Wheat,Mehmoodabad APMC,2021-01-12,56.0,Dara,1580.0,1625.0,1610.0,Sitapur
Uttar Pradesh,Wheat,Mehmoodabad APMC,2021-01-13,40.0,Dara,1590.0,1700.0,1640.0,Sitapur
Uttar Pradesh,Wheat,Mehmoodabad APMC,2021-01-14,33.0,Dara,1620.0,1710.0,1670.0,Sitapur
Uttar Pradesh,Wheat,Mehmoodabad APMC,2021-01-17,55.0,Dara,1550.0,1610.0,1580.0,Sitapur
Uttar Pradesh,Wheat,Mehmoodabad APMC,2021-01-18,44.0,Dara,1630.0,1740.0,1670.0,Sitapur
Uttar Pradesh,Wheat,Mehmoodabad APMC,2021-01-23,28.0,Dara,1700.0,1780.0,1760.0,Sitapur
Uttar Pradesh,Wheat,Mehmoodabad APMC,2021-01-25,30.0,Dara,1690.0,1780.0,1740.0,Sitapur
Uttar Pradesh,Wheat,Mehmoodabad APMC,2021-01-27,45.0,Dara,1680.0,1750.0,1720.0,Sitapur
Uttar Pradesh,Wheat,Mehmoodabad APMC,2021-01-28,36.0,Dara,1690.0,1760.0,1740.0,Sitapur
Uttar Pradesh,Wheat,Milak APMC,2021-01-01,1.0,Dara,1645.0,1795.0,1720.0,Rampur
Uttar Pradesh,Wheat,Milak APMC,2021-01-03,1.7,Dara,1645.0,1795.0,1720.0,Rampur
Uttar Pradesh,Wheat,Milak APMC,2021-01-04,2.1,Dara,1655.0,1805.0,1730.0,Rampur
Uttar Pradesh,Wheat,Milak APMC,2021-01-06,1.4,Dara,1655.0,1805.0,1730.0,Rampur
Uttar Pradesh,Wheat,Milak APMC,2021-01-07,1.2,Dara,1655.0,1805.0,1730.0,Rampur
Uttar Pradesh,Wheat,Milak APMC,2021-01-08,2.0,Dara,1655.0,1805.0,1730.0,Rampur
Uttar Pradesh,Wheat,Milak APMC,2021-01-10,1.5,Dara,1630.0,1775.0,1700.0,Rampur
Uttar Pradesh,Wheat,Milak APMC,2021-01-12,2.0,Dara,1640.0,1785.0,1710.0,Rampur
Uttar Pradesh,Wheat,Milak APMC,2021-01-13,2.0,Dara,1630.0,1775.0,1700.0,Rampur
Uttar Pradesh,Wheat,Milak APMC,2021-01-14,1.9,Dara,1655.0,1805.0,1730.0,Rampur
Uttar Pradesh,Wheat,Milak APMC,2021-01-15,1.6,Dara,1655.0,1805.0,1730.0,Rampur
Uttar Pradesh,Wheat,Milak APMC,2021-01-17,1.0,Dara,1645.0,1795.0,1720.0,Rampur
Uttar Pradesh,Wheat,Milak APMC,2021-01-18,1.8,Dara,1635.0,1785.0,1710.0,Rampur
Uttar Pradesh,Wheat,Milak APMC,2021-01-19,2.1,Dara,1635.0,1785.0,1710.0,Rampur
Uttar Pradesh,Wheat,Milak APMC,2021-01-22,1.0,Dara,1645.0,1795.0,1720.0,Rampur
Uttar Pradesh,Wheat,Milak APMC,2021-01-25,2.8,Dara,1630.0,1775.0,1700.0,Rampur
Uttar Pradesh,Wheat,Milak APMC,2021-01-29,2.8,Dara,1635.0,1785.0,1710.0,Rampur
Uttar Pradesh,Wheat,Milak APMC,2021-01-31,1.7,Dara,1640.0,1785.0,1710.0,Rampur
Uttar Pradesh,Wheat,Mirzapur APMC,2021-01-01,2.5,Dara,1700.0,1800.0,1730.0,Mirzapur
Uttar Pradesh,Wheat,Mirzapur APMC,2021-01-06,2.5,Dara,1700.0,1800.0,1745.0,Mirzapur
Uttar Pradesh,Wheat,Mirzapur APMC,2021-01-08,3.0,Dara,1700.0,1785.0,1735.0,Mirzapur
Uttar Pradesh,Wheat,Mirzapur APMC,2021-01-14,2.5,Dara,1700.0,1800.0,1730.0,Mirzapur
Uttar Pradesh,Wheat,Mirzapur APMC,2021-01-22,3.5,Dara,1650.0,1785.0,1710.0,Mirzapur
Uttar Pradesh,Wheat,Mirzapur APMC,2021-01-23,3.0,Dara,1675.0,1785.0,1715.0,Mirzapur
Uttar Pradesh,Wheat,Mirzapur APMC,2021-01-25,2.5,Dara,1600.0,1800.0,1710.0,Mirzapur
Uttar Pradesh,Wheat,Mirzapur APMC,2021-01-28,2.5,Dara,1675.0,1785.0,1725.0,Mirzapur
Uttar Pradesh,Wheat,Mohamadabad APMC,2021-01-01,3.5,Dara,1600.0,1650.0,1640.0,Farrukhabad
Uttar Pradesh,Wheat,Mohamadabad APMC,2021-01-02,3.8,Dara,1600.0,1650.0,1640.0,Farrukhabad
Uttar Pradesh,Wheat,Mohamadabad APMC,2021-01-03,3.0,Dara,1620.0,1665.0,1650.0,Farrukhabad
Uttar Pradesh,Wheat,Mohamadabad APMC,2021-01-06,4.5,Dara,1610.0,1660.0,1650.0,Farrukhabad
Uttar Pradesh,Wheat,Mohamadabad APMC,2021-01-07,3.4,Dara,1600.0,1660.0,1640.0,Farrukhabad
Uttar Pradesh,Wheat,Mohamadabad APMC,2021-01-08,3.0,Dara,1580.0,1650.0,1640.0,Farrukhabad
Uttar Pradesh,Wheat,Mohamadabad APMC,2021-01-09,3.5,Dara,1600.0,1665.0,1650.0,Farrukhabad
Uttar Pradesh,Wheat,Mohamadabad APMC,2021-01-10,4.2,Dara,1610.0,1660.0,1650.0,Farrukhabad
Uttar Pradesh,Wheat,Mohamadabad APMC,2021-01-11,5.5,Dara,1580.0,1650.0,1640.0,Farrukhabad
Uttar Pradesh,Wheat,Mohamadabad APMC,2021-01-13,4.5,Dara,1600.0,1650.0,1640.0,Farrukhabad
Uttar Pradesh,Wheat,Mohamadabad APMC,2021-01-14,4.8,Dara,1620.0,1670.0,1660.0,Farrukhabad
Uttar Pradesh,Wheat,Mohamadabad APMC,2021-01-15,4.0,Dara,1630.0,1670.0,1660.0,Farrukhabad
Uttar Pradesh,Wheat,Mohamadabad APMC,2021-01-16,4.0,Dara,1610.0,1660.0,1650.0,Farrukhabad
Uttar Pradesh,Wheat,Mohamadabad APMC,2021-01-17,4.8,Dara,1650.0,1720.0,1700.0,Farrukhabad
Uttar Pradesh,Wheat,Mohamadabad APMC,2021-01-18,5.5,Dara,1680.0,1720.0,1700.0,Farrukhabad
Uttar Pradesh,Wheat,Mohamadabad APMC,2021-01-20,6.0,Dara,1680.0,1730.0,1710.0,Farrukhabad
Uttar Pradesh,Wheat,Mohamadabad APMC,2021-01-21,6.0,Dara,1690.0,1730.0,1720.0,Farrukhabad
Uttar Pradesh,Wheat,Mohamadabad APMC,2021-01-22,6.8,Dara,1700.0,1730.0,1720.0,Farrukhabad
Uttar Pradesh,Wheat,Mohamadabad APMC,2021-01-23,5.8,Dara,1690.0,1730.0,1720.0,Farrukhabad
Uttar Pradesh,Wheat,Mohamadabad APMC,2021-01-24,5.0,Dara,1700.0,1740.0,1725.0,Farrukhabad
Uttar Pradesh,Wheat,Mohamadabad APMC,2021-01-25,6.2,Dara,1700.0,1740.0,1725.0,Farrukhabad
Uttar Pradesh,Wheat,Mohamadabad APMC,2021-01-27,5.2,Dara,1700.0,1740.0,1720.0,Farrukhabad
Uttar Pradesh,Wheat,Mohamadabad APMC,2021-01-28,6.0,Dara,1690.0,1750.0,1720.0,Farrukhabad
Uttar Pradesh,Wheat,Mohamadabad APMC,2021-01-29,5.5,Dara,1700.0,1740.0,1725.0,Farrukhabad
Uttar Pradesh,Wheat,Mohamadabad APMC,2021-01-30,6.2,Dara,1690.0,1740.0,1720.0,Farrukhabad
Uttar Pradesh,Wheat,Mohamadabad APMC,2021-01-31,5.5,Dara,1700.0,1740.0,1725.0,Farrukhabad
Uttar Pradesh,Wheat,Mugrabaadshahpur APMC,2021-01-01,2.0,Dara,1700.0,1800.0,1730.0,Jaunpur
Uttar Pradesh,Wheat,Mugrabaadshahpur APMC,2021-01-05,1.0,Dara,1700.0,1800.0,1730.0,Jaunpur
Uttar Pradesh,Wheat,Mugrabaadshahpur APMC,2021-01-06,1.0,Dara,1700.0,1800.0,1735.0,Jaunpur
Uttar Pradesh,Wheat,Mugrabaadshahpur APMC,2021-01-07,1.0,Dara,1700.0,1800.0,1740.0,Jaunpur
Uttar Pradesh,Wheat,Mugrabaadshahpur APMC,2021-01-08,1.0,Dara,1700.0,1800.0,1750.0,Jaunpur
Uttar Pradesh,Wheat,Mugrabaadshahpur APMC,2021-01-11,1.2,Dara,1700.0,1820.0,1750.0,Jaunpur
Uttar Pradesh,Wheat,Mugrabaadshahpur APMC,2021-01-12,2.0,Dara,1700.0,1800.0,1725.0,Jaunpur
Uttar Pradesh,Wheat,Mugrabaadshahpur APMC,2021-01-13,1.0,Dara,1700.0,1780.0,1735.0,Jaunpur
Uttar Pradesh,Wheat,Mugrabaadshahpur APMC,2021-01-15,1.7,Dara,1700.0,1800.0,1735.0,Jaunpur
Uttar Pradesh,Wheat,Mugrabaadshahpur APMC,2021-01-18,1.2,Dara,1700.0,1800.0,1730.0,Jaunpur
Uttar Pradesh,Wheat,Mugrabaadshahpur APMC,2021-01-19,1.5,Dara,1680.0,1750.0,1710.0,Jaunpur
Uttar Pradesh,Wheat,Mugrabaadshahpur APMC,2021-01-21,1.5,Dara,1650.0,1760.0,1710.0,Jaunpur
Uttar Pradesh,Wheat,Mugrabaadshahpur APMC,2021-01-22,1.8,Dara,1680.0,1750.0,1720.0,Jaunpur
Uttar Pradesh,Wheat,Mugrabaadshahpur APMC,2021-01-23,2.0,Dara,1700.0,1800.0,1740.0,Jaunpur
Uttar Pradesh,Wheat,Mugrabaadshahpur APMC,2021-01-24,1.5,Dara,1680.0,1760.0,1715.0,Jaunpur
Uttar Pradesh,Wheat,Mugrabaadshahpur APMC,2021-01-25,1.6,Dara,1650.0,1780.0,1710.0,Jaunpur
Uttar Pradesh,Wheat,Mugrabaadshahpur APMC,2021-01-27,2.5,Dara,1680.0,1750.0,1710.0,Jaunpur
Uttar Pradesh,Wheat,Mugrabaadshahpur APMC,2021-01-28,2.3,Dara,1650.0,1780.0,1700.0,Jaunpur
Uttar Pradesh,Wheat,Mugrabaadshahpur APMC,2021-01-29,1.8,Dara,1670.0,1800.0,1710.0,Jaunpur
Uttar Pradesh,Wheat,Muradabad APMC,2021-01-01,57.0,Hybrid,1700.0,1725.0,1715.0,Sambhal
Uttar Pradesh,Wheat,Muradabad APMC,2021-01-02,52.0,Hybrid,1700.0,1720.0,1710.0,Sambhal
Uttar Pradesh,Wheat,Muradabad APMC,2021-01-03,50.0,Hybrid,1700.0,1725.0,1715.0,Sambhal
Uttar Pradesh,Wheat,Muradabad APMC,2021-01-04,55.0,Hybrid,1700.0,1720.0,1710.0,Sambhal
Uttar Pradesh,Wheat,Muradabad APMC,2021-01-06,55.0,Hybrid,1700.0,1720.0,1710.0,Sambhal
Uttar Pradesh,Wheat,Muradabad APMC,2021-01-08,56.0,Hybrid,1700.0,1720.0,1710.0,Sambhal
Uttar Pradesh,Wheat,Muradabad APMC,2021-01-09,54.0,Hybrid,1705.0,1725.0,1715.0,Sambhal
Uttar Pradesh,Wheat,Muradabad APMC,2021-01-10,55.0,Hybrid,1690.0,1715.0,1705.0,Sambhal
Uttar Pradesh,Wheat,Muradabad APMC,2021-01-11,61.0,Hybrid,1690.0,1710.0,1700.0,Sambhal
Uttar Pradesh,Wheat,Muradabad APMC,2021-01-13,55.0,Hybrid,1700.0,1720.0,1710.0,Sambhal
Uttar Pradesh,Wheat,Muradabad APMC,2021-01-14,50.0,Hybrid,1705.0,1725.0,1715.0,Sambhal
Uttar Pradesh,Wheat,Muradabad APMC,2021-01-15,60.0,Hybrid,1700.0,1720.0,1710.0,Sambhal
Uttar Pradesh,Wheat,Muradabad APMC,2021-01-16,63.0,Hybrid,1700.0,1720.0,1710.0,Sambhal
Uttar Pradesh,Wheat,Muradabad APMC,2021-01-17,60.0,Hybrid,1700.0,1725.0,1715.0,Sambhal
Uttar Pradesh,Wheat,Muradabad APMC,2021-01-18,65.0,Hybrid,1700.0,1720.0,1710.0,Sambhal
Uttar Pradesh,Wheat,Muradabad APMC,2021-01-20,66.0,Hybrid,1700.0,1720.0,1710.0,Sambhal
Uttar Pradesh,Wheat,Muradabad APMC,2021-01-21,65.0,Hybrid,1705.0,1725.0,1715.0,Sambhal
Uttar Pradesh,Wheat,Muradabad APMC,2021-01-22,67.0,Hybrid,1700.0,1720.0,1710.0,Sambhal
Uttar Pradesh,Wheat,Muradabad APMC,2021-01-23,65.0,Hybrid,1695.0,1715.0,1705.0,Sambhal
Uttar Pradesh,Wheat,Muradabad APMC,2021-01-24,60.0,Hybrid,1700.0,1720.0,1710.0,Sambhal
Uttar Pradesh,Wheat,Muradabad APMC,2021-01-25,60.0,Hybrid,1700.0,1725.0,1715.0,Sambhal
Uttar Pradesh,Wheat,Muradabad APMC,2021-01-27,55.0,Hybrid,1710.0,1730.0,1720.0,Sambhal
Uttar Pradesh,Wheat,Muradabad APMC,2021-01-28,60.0,Hybrid,1715.0,1735.0,1725.0,Sambhal
Uttar Pradesh,Wheat,Muradabad APMC,2021-01-29,50.0,Hybrid,1720.0,1740.0,1730.0,Sambhal
Uttar Pradesh,Wheat,Muradabad APMC,2021-01-30,57.0,Hybrid,1710.0,1730.0,1720.0,Sambhal
Uttar Pradesh,Wheat,Muskara APMC,2021-01-01,61.5,Dara,1500.0,1520.0,1510.0,Mahoba
Uttar Pradesh,Wheat,Muskara APMC,2021-01-02,63.0,Dara,1480.0,1510.0,1500.0,Mahoba
Uttar Pradesh,Wheat,Muskara APMC,2021-01-03,58.0,Dara,1500.0,1530.0,1525.0,Mahoba
Uttar Pradesh,Wheat,Muskara APMC,2021-01-05,45.0,Dara,1500.0,1600.0,1550.0,Mahoba
Uttar Pradesh,Wheat,Muskara APMC,2021-01-06,51.5,Dara,1550.0,1610.0,1600.0,Mahoba
Uttar Pradesh,Wheat,Muskara APMC,2021-01-07,52.0,Dara,1560.0,1620.0,1600.0,Mahoba
Uttar Pradesh,Wheat,Muskara APMC,2021-01-08,53.5,Dara,1600.0,1630.0,1625.0,Mahoba
Uttar Pradesh,Wheat,Muskara APMC,2021-01-09,45.0,Dara,1600.0,1630.0,1625.0,Mahoba
Uttar Pradesh,Wheat,Muskara APMC,2021-01-10,42.5,Dara,1600.0,1635.0,1630.0,Mahoba
Uttar Pradesh,Wheat,Muskara APMC,2021-01-12,45.0,Dara,1600.0,1650.0,1645.0,Mahoba
Uttar Pradesh,Wheat,Muskara APMC,2021-01-13,25.0,Dara,1630.0,1660.0,1650.0,Mahoba
Uttar Pradesh,Wheat,Muskara APMC,2021-01-14,15.0,Dara,1600.0,1650.0,1630.0,Mahoba
Uttar Pradesh,Wheat,Muskara APMC,2021-01-15,26.0,Dara,1630.0,1660.0,1650.0,Mahoba
Uttar Pradesh,Wheat,Muskara APMC,2021-01-16,35.0,Dara,1600.0,1650.0,1640.0,Mahoba
Uttar Pradesh,Wheat,Muskara APMC,2021-01-17,41.2,Dara,1610.0,1650.0,1645.0,Mahoba
Uttar Pradesh,Wheat,Muskara APMC,2021-01-19,60.0,Dara,1630.0,1660.0,1650.0,Mahoba
Uttar Pradesh,Wheat,Muskara APMC,2021-01-20,65.0,Dara,1650.0,1700.0,1660.0,Mahoba
Uttar Pradesh,Wheat,Muskara APMC,2021-01-21,55.5,Dara,1650.0,1680.0,1670.0,Mahoba
Uttar Pradesh,Wheat,Muskara APMC,2021-01-22,58.2,Dara,1650.0,1675.0,1665.0,Mahoba
Uttar Pradesh,Wheat,Muskara APMC,2021-01-23,71.0,Dara,1650.0,1710.0,1700.0,Mahoba
Uttar Pradesh,Wheat,Muskara APMC,2021-01-24,70.0,Dara,1660.0,1700.0,1690.0,Mahoba
Uttar Pradesh,Wheat,Muskara APMC,2021-01-27,63.0,Dara,1650.0,1700.0,1680.0,Mahoba
Uttar Pradesh,Wheat,Muskara APMC,2021-01-28,70.0,Dara,1660.0,1680.0,1675.0,Mahoba
Uttar Pradesh,Wheat,Muskara APMC,2021-01-29,75.0,Dara,1650.0,1700.0,1675.0,Mahoba
Uttar Pradesh,Wheat,Muskara APMC,2021-01-30,63.0,Dara,1615.0,1700.0,1650.0,Mahoba
Uttar Pradesh,Wheat,Muskara APMC,2021-01-31,54.5,Dara,1630.0,1680.0,1660.0,Mahoba
Uttar Pradesh,Wheat,Muzzafarnagar APMC,2021-01-01,35.0,Dara,1700.0,1750.0,1730.0,Muzaffarnagar
Uttar Pradesh,Wheat,Muzzafarnagar APMC,2021-01-02,27.0,Dara,1710.0,1750.0,1730.0,Muzaffarnagar
Uttar Pradesh,Wheat,Muzzafarnagar APMC,2021-01-04,25.0,Dara,1700.0,1750.0,1730.0,Muzaffarnagar
Uttar Pradesh,Wheat,Muzzafarnagar APMC,2021-01-05,24.0,Dara,1700.0,1755.0,1735.0,Muzaffarnagar
Uttar Pradesh,Wheat,Muzzafarnagar APMC,2021-01-06,20.0,Dara,1720.0,1750.0,1735.0,Muzaffarnagar
Uttar Pradesh,Wheat,Muzzafarnagar APMC,2021-01-07,28.0,Dara,1725.0,1750.0,1740.0,Muzaffarnagar
Uttar Pradesh,Wheat,Muzzafarnagar APMC,2021-01-08,33.0,Dara,1735.0,1760.0,1745.0,Muzaffarnagar
Uttar Pradesh,Wheat,Muzzafarnagar APMC,2021-01-09,30.0,Dara,1730.0,1760.0,1745.0,Muzaffarnagar
Uttar Pradesh,Wheat,Muzzafarnagar APMC,2021-01-11,28.0,Dara,1740.0,1760.0,1750.0,Muzaffarnagar
Uttar Pradesh,Wheat,Muzzafarnagar APMC,2021-01-12,22.0,Dara,1740.0,1760.0,1750.0,Muzaffarnagar
Uttar Pradesh,Wheat,Muzzafarnagar APMC,2021-01-13,23.0,Dara,1740.0,1760.0,1750.0,Muzaffarnagar
Uttar Pradesh,Wheat,Muzzafarnagar APMC,2021-01-14,30.0,Dara,1740.0,1760.0,1750.0,Muzaffarnagar
Uttar Pradesh,Wheat,Muzzafarnagar APMC,2021-01-15,26.0,Dara,1740.0,1765.0,1755.0,Muzaffarnagar
Uttar Pradesh,Wheat,Muzzafarnagar APMC,2021-01-16,30.0,Dara,1730.0,1760.0,1750.0,Muzaffarnagar
Uttar Pradesh,Wheat,Muzzafarnagar APMC,2021-01-18,30.0,Dara,1740.0,1760.0,1750.0,Muzaffarnagar
Uttar Pradesh,Wheat,Muzzafarnagar APMC,2021-01-19,33.0,Dara,1730.0,1750.0,1740.0,Muzaffarnagar
Uttar Pradesh,Wheat,Muzzafarnagar APMC,2021-01-20,33.0,Dara,1725.0,1750.0,1740.0,Muzaffarnagar
Uttar Pradesh,Wheat,Muzzafarnagar APMC,2021-01-21,32.0,Dara,1725.0,1750.0,1740.0,Muzaffarnagar
Uttar Pradesh,Wheat,Muzzafarnagar APMC,2021-01-22,28.0,Dara,1740.0,1800.0,1750.0,Muzaffarnagar
Uttar Pradesh,Wheat,Muzzafarnagar APMC,2021-01-23,30.0,Dara,1735.0,1755.0,1745.0,Muzaffarnagar
Uttar Pradesh,Wheat,Muzzafarnagar APMC,2021-01-25,28.0,Dara,1730.0,1770.0,1750.0,Muzaffarnagar
Uttar Pradesh,Wheat,Muzzafarnagar APMC,2021-01-27,35.0,Dara,1730.0,1760.0,1750.0,Muzaffarnagar
Uttar Pradesh,Wheat,Muzzafarnagar APMC,2021-01-28,28.0,Dara,1730.0,1760.0,1750.0,Muzaffarnagar
Uttar Pradesh,Wheat,Muzzafarnagar APMC,2021-01-29,32.0,Dara,1730.0,1760.0,1750.0,Muzaffarnagar
Uttar Pradesh,Wheat,Muzzafarnagar APMC,2021-01-30,30.0,Dara,1730.0,1760.0,1750.0,Muzaffarnagar
Uttar Pradesh,Wheat,Naanpara APMC,2021-01-01,5.6,Dara,1700.0,1750.0,1720.0,Bahraich
Uttar Pradesh,Wheat,Naanpara APMC,2021-01-02,5.0,Dara,1710.0,1760.0,1735.0,Bahraich
Uttar Pradesh,Wheat,Naanpara APMC,2021-01-04,5.8,Dara,1700.0,1760.0,1730.0,Bahraich
Uttar Pradesh,Wheat,Naanpara APMC,2021-01-05,6.4,Dara,1690.0,1750.0,1720.0,Bahraich
Uttar Pradesh,Wheat,Naanpara APMC,2021-01-06,5.6,Dara,1690.0,1750.0,1720.0,Bahraich
Uttar Pradesh,Wheat,Naanpara APMC,2021-01-07,6.8,Dara,1700.0,1760.0,1730.0,Bahraich
Uttar Pradesh,Wheat,Naanpara APMC,2021-01-08,6.2,Dara,1700.0,1760.0,1730.0,Bahraich
Uttar Pradesh,Wheat,Naanpara APMC,2021-01-09,6.5,Dara,1690.0,1750.0,1720.0,Bahraich
Uttar Pradesh,Wheat,Naanpara APMC,2021-01-11,5.5,Dara,1690.0,1750.0,1720.0,Bahraich
Uttar Pradesh,Wheat,Naanpara APMC,2021-01-12,5.0,Dara,1690.0,1750.0,1720.0,Bahraich
Uttar Pradesh,Wheat,Naanpara APMC,2021-01-13,5.6,Dara,1690.0,1750.0,1720.0,Bahraich
Uttar Pradesh,Wheat,Naanpara APMC,2021-01-15,6.0,Dara,1680.0,1740.0,1710.0,Bahraich
Uttar Pradesh,Wheat,Naanpara APMC,2021-01-16,5.4,Dara,1690.0,1750.0,1720.0,Bahraich
Uttar Pradesh,Wheat,Naanpara APMC,2021-01-18,6.2,Dara,1670.0,1730.0,1700.0,Bahraich
Uttar Pradesh,Wheat,Naanpara APMC,2021-01-19,5.6,Dara,1670.0,1730.0,1700.0,Bahraich
Uttar Pradesh,Wheat,Naanpara APMC,2021-01-20,4.8,Dara,1670.0,1730.0,1700.0,Bahraich
Uttar Pradesh,Wheat,Naanpara APMC,2021-01-21,3.6,Dara,1690.0,1750.0,1720.0,Bahraich
Uttar Pradesh,Wheat,Naanpara APMC,2021-01-22,4.6,Dara,1680.0,1740.0,1710.0,Bahraich
Uttar Pradesh,Wheat,Naanpara APMC,2021-01-23,5.2,Dara,1670.0,1725.0,1700.0,Bahraich
Uttar Pradesh,Wheat,Naanpara APMC,2021-01-25,4.8,Dara,1680.0,1740.0,1710.0,Bahraich
Uttar Pradesh,Wheat,Naanpara APMC,2021-01-27,4.0,Dara,1680.0,1740.0,1710.0,Bahraich
Uttar Pradesh,Wheat,Naanpara APMC,2021-01-28,4.6,Dara,1680.0,1740.0,1710.0,Bahraich
Uttar Pradesh,Wheat,Naanpara APMC,2021-01-29,5.0,Dara,1670.0,1730.0,1700.0,Bahraich
Uttar Pradesh,Wheat,Naanpara APMC,2021-01-30,4.2,Dara,1710.0,1770.0,1740.0,Bahraich
Uttar Pradesh,Wheat,Naugarh APMC,2021-01-01,12.0,Dara,1720.0,1740.0,1730.0,Siddharthnagar
Uttar Pradesh,Wheat,Naugarh APMC,2021-01-02,9.5,Dara,1725.0,1745.0,1735.0,Siddharthnagar
Uttar Pradesh,Wheat,Naugarh APMC,2021-01-04,7.0,Dara,1715.0,1735.0,1725.0,Siddharthnagar
Uttar Pradesh,Wheat,Naugarh APMC,2021-01-05,8.5,Dara,1700.0,1720.0,1710.0,Siddharthnagar
Uttar Pradesh,Wheat,Naugarh APMC,2021-01-06,8.6,Dara,1720.0,1740.0,1730.0,Siddharthnagar
Uttar Pradesh,Wheat,Naugarh APMC,2021-01-07,10.0,Dara,1705.0,1725.0,1715.0,Siddharthnagar
Uttar Pradesh,Wheat,Naugarh APMC,2021-01-08,8.5,Dara,1710.0,1730.0,1720.0,Siddharthnagar
Uttar Pradesh,Wheat,Naugarh APMC,2021-01-11,12.0,Dara,1720.0,1740.0,1730.0,Siddharthnagar
Uttar Pradesh,Wheat,Naugarh APMC,2021-01-12,12.5,Dara,1720.0,1740.0,1730.0,Siddharthnagar
Uttar Pradesh,Wheat,Naugarh APMC,2021-01-13,8.5,Dara,1710.0,1730.0,1720.0,Siddharthnagar
Uttar Pradesh,Wheat,Naugarh APMC,2021-01-14,8.5,Dara,1710.0,1730.0,1720.0,Siddharthnagar
Uttar Pradesh,Wheat,Naugarh APMC,2021-01-15,32.0,Dara,1725.0,1745.0,1735.0,Siddharthnagar
Uttar Pradesh,Wheat,Naugarh APMC,2021-01-16,11.0,Dara,1730.0,1750.0,1740.0,Siddharthnagar
Uttar Pradesh,Wheat,Naugarh APMC,2021-01-18,11.0,Dara,1740.0,1760.0,1750.0,Siddharthnagar
Uttar Pradesh,Wheat,Naugarh APMC,2021-01-19,8.5,Dara,1730.0,1750.0,1740.0,Siddharthnagar
Uttar Pradesh,Wheat,Naugarh APMC,2021-01-20,11.0,Dara,1730.0,1750.0,1740.0,Siddharthnagar
Uttar Pradesh,Wheat,Naugarh APMC,2021-01-21,10.0,Dara,1740.0,1760.0,1750.0,Siddharthnagar
Uttar Pradesh,Wheat,Naugarh APMC,2021-01-22,14.0,Dara,1730.0,1750.0,1740.0,Siddharthnagar
Uttar Pradesh,Wheat,Naugarh APMC,2021-01-23,12.0,Dara,1740.0,1760.0,1750.0,Siddharthnagar
Uttar Pradesh,Wheat,Naugarh APMC,2021-01-25,14.0,Dara,1750.0,1770.0,1760.0,Siddharthnagar
Uttar Pradesh,Wheat,Naugarh APMC,2021-01-27,15.0,Dara,1755.0,1775.0,1765.0,Siddharthnagar
Uttar Pradesh,Wheat,Naugarh APMC,2021-01-28,14.0,Dara,1740.0,1760.0,1750.0,Siddharthnagar
Uttar Pradesh,Wheat,Naugarh APMC,2021-01-29,13.5,Dara,1730.0,1750.0,1740.0,Siddharthnagar
Uttar Pradesh,Wheat,Nawabganj APMC,2021-01-01,25.0,Dara,1650.0,2100.0,1730.0,Gonda
Uttar Pradesh,Wheat,Nawabganj APMC,2021-01-02,24.0,Dara,1680.0,2100.0,1730.0,Gonda
Uttar Pradesh,Wheat,Nawabganj APMC,2021-01-03,22.0,Dara,1650.0,2100.0,1730.0,Gonda
Uttar Pradesh,Wheat,Nawabganj APMC,2021-01-04,23.0,Dara,1650.0,2100.0,1730.0,Gonda
Uttar Pradesh,Wheat,Nawabganj APMC,2021-01-06,27.0,Dara,1650.0,2100.0,1720.0,Gonda
Uttar Pradesh,Wheat,Nawabganj APMC,2021-01-07,24.0,Dara,1650.0,2100.0,1720.0,Gonda
Uttar Pradesh,Wheat,Nawabganj APMC,2021-01-08,23.0,Dara,1650.0,2100.0,1710.0,Gonda
Uttar Pradesh,Wheat,Nawabganj APMC,2021-01-09,25.0,Dara,1650.0,2100.0,1710.0,Gonda
Uttar Pradesh,Wheat,Nawabganj APMC,2021-01-10,24.0,Dara,1650.0,2100.0,1700.0,Gonda
Uttar Pradesh,Wheat,Nawabganj APMC,2021-01-11,23.0,Dara,1650.0,2100.0,1700.0,Gonda
Uttar Pradesh,Wheat,Nawabganj APMC,2021-01-13,24.0,Dara,1650.0,2100.0,1710.0,Gonda
Uttar Pradesh,Wheat,Nawabganj APMC,2021-01-14,23.0,Dara,1650.0,2100.0,1710.0,Gonda
Uttar Pradesh,Wheat,Nawabganj APMC,2021-01-15,24.0,Dara,1650.0,2100.0,1700.0,Gonda
Uttar Pradesh,Wheat,Nawabganj APMC,2021-01-16,23.0,Dara,1650.0,2100.0,1700.0,Gonda
Uttar Pradesh,Wheat,Nawabganj APMC,2021-01-17,24.0,Dara,1650.0,2100.0,1710.0,Gonda
Uttar Pradesh,Wheat,Nawabganj APMC,2021-01-18,22.0,Dara,1650.0,2100.0,1700.0,Gonda
Uttar Pradesh,Wheat,Nawabganj APMC,2021-01-20,23.0,Dara,1600.0,2100.0,1670.0,Gonda
Uttar Pradesh,Wheat,Nawabganj APMC,2021-01-21,24.0,Dara,1600.0,2100.0,1680.0,Gonda
Uttar Pradesh,Wheat,Nawabganj APMC,2021-01-22,22.0,Dara,1600.0,2100.0,1650.0,Gonda
Uttar Pradesh,Wheat,Nawabganj APMC,2021-01-23,23.0,Dara,1600.0,2100.0,1670.0,Gonda
Uttar Pradesh,Wheat,Nawabganj APMC,2021-01-24,24.0,Dara,1600.0,2100.0,1670.0,Gonda
Uttar Pradesh,Wheat,Nawabganj APMC,2021-01-25,25.0,Dara,1600.0,2100.0,1660.0,Gonda
Uttar Pradesh,Wheat,Nawabganj APMC,2021-01-27,25.0,Dara,1600.0,2100.0,1650.0,Gonda
Uttar Pradesh,Wheat,Nawabganj APMC,2021-01-28,23.0,Dara,1600.0,2100.0,1660.0,Gonda
Uttar Pradesh,Wheat,Nawabganj APMC,2021-01-29,24.0,Dara,1600.0,2100.0,1650.0,Gonda
Uttar Pradesh,Wheat,Nawabganj APMC,2021-01-30,23.0,Dara,1600.0,2100.0,1650.0,Gonda
Uttar Pradesh,Wheat,Nawabganj APMC,2021-01-31,21.0,Dara,1600.0,2100.0,1650.0,Gonda
Uttar Pradesh,Wheat,Orai APMC,2021-01-01,7.0,Dara,1500.0,1545.0,1525.0,Jalaun
Uttar Pradesh,Wheat,Orai APMC,2021-01-02,8.5,Dara,1520.0,1565.0,1550.0,Jalaun
Uttar Pradesh,Wheat,Orai APMC,2021-01-03,7.0,Dara,1500.0,1576.0,1550.0,Jalaun
Uttar Pradesh,Wheat,Orai APMC,2021-01-04,6.0,Dara,1570.0,1605.0,1590.0,Jalaun
Uttar Pradesh,Wheat,Orai APMC,2021-01-06,25.0,Dara,1600.0,1641.0,1630.0,Jalaun
Uttar Pradesh,Wheat,Orai APMC,2021-01-08,25.0,Dara,1600.0,1660.0,1640.0,Jalaun
Uttar Pradesh,Wheat,Orai APMC,2021-01-11,20.0,Dara,1650.0,1690.0,1670.0,Jalaun
Uttar Pradesh,Wheat,Orai APMC,2021-01-16,35.0,Dara,1640.0,1690.0,1680.0,Jalaun
Uttar Pradesh,Wheat,Orai APMC,2021-01-18,36.0,Dara,1640.0,1699.0,1675.0,Jalaun
Uttar Pradesh,Wheat,Orai APMC,2021-01-21,38.0,Dara,1650.0,1700.0,1680.0,Jalaun
Uttar Pradesh,Wheat,Orai APMC,2021-01-22,32.0,Dara,1650.0,1690.0,1670.0,Jalaun
Uttar Pradesh,Wheat,Orai APMC,2021-01-23,28.0,Dara,1640.0,1671.0,1660.0,Jalaun
Uttar Pradesh,Wheat,Orai APMC,2021-01-24,26.0,Dara,1640.0,1670.0,1655.0,Jalaun
Uttar Pradesh,Wheat,Orai APMC,2021-01-25,28.0,Dara,1620.0,1652.0,1640.0,Jalaun
Uttar Pradesh,Wheat,Orai APMC,2021-01-27,26.0,Dara,1600.0,1650.0,1625.0,Jalaun
Uttar Pradesh,Wheat,Orai APMC,2021-01-29,20.0,Dara,1600.0,1641.0,1620.0,Jalaun
Uttar Pradesh,Wheat,Orai APMC,2021-01-30,22.0,Dara,1580.0,1650.0,1600.0,Jalaun
Uttar Pradesh,Wheat,Orai APMC,2021-01-31,20.0,Dara,1600.0,1650.0,1625.0,Jalaun
Uttar Pradesh,Wheat,Paliakala APMC,2021-01-01,65.0,Dara,1660.0,1925.0,1740.0,Lakhimpur Kheri
Uttar Pradesh,Wheat,Paliakala APMC,2021-01-02,42.5,Dara,1610.0,1925.0,1690.0,Lakhimpur Kheri
Uttar Pradesh,Wheat,Paliakala APMC,2021-01-04,70.0,Dara,1600.0,1925.0,1700.0,Lakhimpur Kheri
Uttar Pradesh,Wheat,Paliakala APMC,2021-01-05,55.0,Dara,1600.0,1925.0,1690.0,Lakhimpur Kheri
Uttar Pradesh,Wheat,Paliakala APMC,2021-01-06,82.5,Dara,1630.0,1925.0,1700.0,Lakhimpur Kheri
Uttar Pradesh,Wheat,Paliakala APMC,2021-01-07,95.0,Dara,1610.0,1925.0,1660.0,Lakhimpur Kheri
Uttar Pradesh,Wheat,Paliakala APMC,2021-01-08,78.0,Dara,1650.0,1925.0,1720.0,Lakhimpur Kheri
Uttar Pradesh,Wheat,Paliakala APMC,2021-01-09,57.0,Dara,1625.0,1925.0,1700.0,Lakhimpur Kheri
Uttar Pradesh,Wheat,Paliakala APMC,2021-01-11,80.0,Dara,1640.0,1925.0,1710.0,Lakhimpur Kheri
Uttar Pradesh,Wheat,Paliakala APMC,2021-01-12,95.0,Dara,1620.0,1925.0,1710.0,Lakhimpur Kheri
Uttar Pradesh,Wheat,Paliakala APMC,2021-01-13,110.0,Dara,1630.0,1925.0,1700.0,Lakhimpur Kheri
Uttar Pradesh,Wheat,Paliakala APMC,2021-01-14,78.0,Dara,1600.0,1925.0,1710.0,Lakhimpur Kheri
Uttar Pradesh,Wheat,Paliakala APMC,2021-01-15,83.0,Dara,1650.0,1925.0,1700.0,Lakhimpur Kheri
Uttar Pradesh,Wheat,Paliakala APMC,2021-01-16,125.0,Dara,1600.0,1925.0,1680.0,Lakhimpur Kheri
Uttar Pradesh,Wheat,Paliakala APMC,2021-01-18,97.5,Dara,1610.0,1925.0,1675.0,Lakhimpur Kheri
Uttar Pradesh,Wheat,Paliakala APMC,2021-01-19,110.0,Dara,1625.0,1925.0,1690.0,Lakhimpur Kheri
Uttar Pradesh,Wheat,Paliakala APMC,2021-01-20,100.0,Dara,1600.0,1925.0,1680.0,Lakhimpur Kheri
Uttar Pradesh,Wheat,Paliakala APMC,2021-01-21,90.0,Dara,1630.0,1925.0,1700.0,Lakhimpur Kheri
Uttar Pradesh,Wheat,Paliakala APMC,2021-01-23,92.5,Dara,1600.0,1925.0,1690.0,Lakhimpur Kheri
Uttar Pradesh,Wheat,Paliakala APMC,2021-01-25,75.0,Dara,1610.0,1925.0,1670.0,Lakhimpur Kheri
Uttar Pradesh,Wheat,Paliakala APMC,2021-01-27,110.0,Dara,1630.0,1925.0,1690.0,Lakhimpur Kheri
Uttar Pradesh,Wheat,Paliakala APMC,2021-01-28,95.0,Dara,1650.0,1925.0,1710.0,Lakhimpur Kheri
Uttar Pradesh,Wheat,Paliakala APMC,2021-01-29,130.0,Dara,1625.0,1925.0,1690.0,Lakhimpur Kheri
Uttar Pradesh,Wheat,Paliakala APMC,2021-01-30,82.5,Dara,1640.0,1925.0,1700.0,Lakhimpur Kheri
Uttar Pradesh,Wheat,Panchpedwa APMC,2021-01-01,3.0,Dara,1800.0,1850.0,1825.0,Balrampur
Uttar Pradesh,Wheat,Panchpedwa APMC,2021-01-02,2.9,Dara,1800.0,1850.0,1825.0,Balrampur
Uttar Pradesh,Wheat,Panchpedwa APMC,2021-01-04,2.9,Dara,1700.0,1750.0,1725.0,Balrampur
Uttar Pradesh,Wheat,Panchpedwa APMC,2021-01-05,2.0,Dara,1700.0,1750.0,1725.0,Balrampur
Uttar Pradesh,Wheat,Panchpedwa APMC,2021-01-07,4.0,Dara,1600.0,1650.0,1625.0,Balrampur
Uttar Pradesh,Wheat,Panchpedwa APMC,2021-01-08,3.0,Dara,1600.0,1650.0,1625.0,Balrampur
Uttar Pradesh,Wheat,Panchpedwa APMC,2021-01-09,2.0,Dara,1620.0,1650.0,1640.0,Balrampur
Uttar Pradesh,Wheat,Panchpedwa APMC,2021-01-12,2.7,Dara,1625.0,1650.0,1635.0,Balrampur
Uttar Pradesh,Wheat,Panchpedwa APMC,2021-01-14,2.5,Dara,1625.0,1650.0,1635.0,Balrampur
Uttar Pradesh,Wheat,Panchpedwa APMC,2021-01-15,4.0,Dara,1625.0,1650.0,1635.0,Balrampur
Uttar Pradesh,Wheat,Panchpedwa APMC,2021-01-16,3.0,Dara,1625.0,1640.0,1635.0,Balrampur
Uttar Pradesh,Wheat,Panchpedwa APMC,2021-01-17,3.0,Dara,1620.0,1650.0,1635.0,Balrampur
Uttar Pradesh,Wheat,Panchpedwa APMC,2021-01-18,3.0,Dara,1625.0,1650.0,1635.0,Balrampur
Uttar Pradesh,Wheat,Panchpedwa APMC,2021-01-19,2.9,Dara,1620.0,1640.0,1630.0,Balrampur
Uttar Pradesh,Wheat,Panchpedwa APMC,2021-01-20,0.6,Dara,1625.0,1650.0,1640.0,Balrampur
Uttar Pradesh,Wheat,Panchpedwa APMC,2021-01-21,2.5,Dara,1625.0,1660.0,1640.0,Balrampur
Uttar Pradesh,Wheat,Panchpedwa APMC,2021-01-22,1.3,Dara,1625.0,1650.0,1635.0,Balrampur
Uttar Pradesh,Wheat,Panchpedwa APMC,2021-01-23,2.0,Dara,1625.0,1650.0,1635.0,Balrampur
Uttar Pradesh,Wheat,Panchpedwa APMC,2021-01-25,3.0,Dara,1625.0,1650.0,1635.0,Balrampur
Uttar Pradesh,Wheat,Panchpedwa APMC,2021-01-27,2.5,Dara,1625.0,1650.0,1635.0,Balrampur
Uttar Pradesh,Wheat,Panchpedwa APMC,2021-01-28,1.3,Dara,1625.0,1650.0,1635.0,Balrampur
Uttar Pradesh,Wheat,Panchpedwa APMC,2021-01-29,2.7,Dara,1620.0,1640.0,1630.0,Balrampur
Uttar Pradesh,Wheat,Panchpedwa APMC,2021-01-31,1.3,Dara,1635.0,1650.0,1640.0,Balrampur
Uttar Pradesh,Wheat,Partaval APMC,2021-01-01,35.0,Dara,1700.0,1780.0,1740.0,Mahrajganj
Uttar Pradesh,Wheat,Partaval APMC,2021-01-02,25.0,Dara,1700.0,1780.0,1740.0,Mahrajganj
Uttar Pradesh,Wheat,Partaval APMC,2021-01-05,25.0,Dara,1700.0,1775.0,1740.0,Mahrajganj
Uttar Pradesh,Wheat,Partaval APMC,2021-01-07,32.5,Dara,1700.0,1800.0,1750.0,Mahrajganj
Uttar Pradesh,Wheat,Partaval APMC,2021-01-11,30.0,Dara,1700.0,1750.0,1735.0,Mahrajganj
Uttar Pradesh,Wheat,Partaval APMC,2021-01-12,31.5,Dara,1700.0,1760.0,1740.0,Mahrajganj
Uttar Pradesh,Wheat,Partaval APMC,2021-01-14,35.0,Dara,1700.0,1750.0,1735.0,Mahrajganj
Uttar Pradesh,Wheat,Partaval APMC,2021-01-15,41.5,Dara,1700.0,1760.0,1735.0,Mahrajganj
Uttar Pradesh,Wheat,Partaval APMC,2021-01-16,30.0,Dara,1700.0,1750.0,1730.0,Mahrajganj
Uttar Pradesh,Wheat,Partaval APMC,2021-01-18,30.0,Dara,1700.0,1750.0,1730.0,Mahrajganj
Uttar Pradesh,Wheat,Partaval APMC,2021-01-19,27.5,Dara,1700.0,1750.0,1730.0,Mahrajganj
Uttar Pradesh,Wheat,Partaval APMC,2021-01-20,30.0,Dara,1700.0,1750.0,1730.0,Mahrajganj
Uttar Pradesh,Wheat,Partaval APMC,2021-01-21,27.0,Dara,1700.0,1750.0,1735.0,Mahrajganj
Uttar Pradesh,Wheat,Partaval APMC,2021-01-27,27.0,Dara,1700.0,1750.0,1725.0,Mahrajganj
Uttar Pradesh,Wheat,Partaval APMC,2021-01-29,40.0,Dara,1700.0,1750.0,1725.0,Mahrajganj
Uttar Pradesh,Wheat,Partaval APMC,2021-01-30,40.0,Dara,1700.0,1800.0,1725.0,Mahrajganj
Uttar Pradesh,Wheat,Pilibhit APMC,2021-01-01,0.6,Dara,1650.0,1750.0,1700.0,Pilibhit
Uttar Pradesh,Wheat,Pilibhit APMC,2021-01-02,1.0,Dara,1675.0,1775.0,1725.0,Pilibhit
Uttar Pradesh,Wheat,Pilibhit APMC,2021-01-04,0.8,Dara,1680.0,1760.0,1720.0,Pilibhit
Uttar Pradesh,Wheat,Pilibhit APMC,2021-01-06,1.5,Dara,1650.0,1745.0,1705.0,Pilibhit
Uttar Pradesh,Wheat,Pilibhit APMC,2021-01-07,1.0,Dara,1650.0,1750.0,1700.0,Pilibhit
Uttar Pradesh,Wheat,Pilibhit APMC,2021-01-08,1.1,Dara,1650.0,1755.0,1705.0,Pilibhit
Uttar Pradesh,Wheat,Pilibhit APMC,2021-01-09,1.0,Dara,1670.0,1750.0,1710.0,Pilibhit
Uttar Pradesh,Wheat,Pilibhit APMC,2021-01-11,0.9,Dara,1650.0,1750.0,1700.0,Pilibhit
Uttar Pradesh,Wheat,Pilibhit APMC,2021-01-12,1.0,Dara,1670.0,1735.0,1705.0,Pilibhit
Uttar Pradesh,Wheat,Pilibhit APMC,2021-01-13,0.9,Dara,1670.0,1750.0,1710.0,Pilibhit
Uttar Pradesh,Wheat,Pilibhit APMC,2021-01-14,1.0,Dara,1700.0,1745.0,1725.0,Pilibhit
Uttar Pradesh,Wheat,Pilibhit APMC,2021-01-15,1.1,Dara,1690.0,1750.0,1720.0,Pilibhit
Uttar Pradesh,Wheat,Pilibhit APMC,2021-01-16,1.0,Dara,1665.0,1760.0,1715.0,Pilibhit
Uttar Pradesh,Wheat,Pilibhit APMC,2021-01-18,1.1,Dara,1650.0,1750.0,1700.0,Pilibhit
Uttar Pradesh,Wheat,Pilibhit APMC,2021-01-19,0.5,Dara,1665.0,1745.0,1705.0,Pilibhit
Uttar Pradesh,Wheat,Pilibhit APMC,2021-01-20,0.6,Dara,1665.0,1760.0,1715.0,Pilibhit
Uttar Pradesh,Wheat,Pilibhit APMC,2021-01-21,0.8,Dara,1690.0,1750.0,1720.0,Pilibhit
Uttar Pradesh,Wheat,Pilibhit APMC,2021-01-22,0.5,Dara,1650.0,1740.0,1690.0,Pilibhit
Uttar Pradesh,Wheat,Pilibhit APMC,2021-01-23,0.4,Dara,1670.0,1745.0,1710.0,Pilibhit
Uttar Pradesh,Wheat,Pilibhit APMC,2021-01-25,0.5,Dara,1670.0,1735.0,1705.0,Pilibhit
Uttar Pradesh,Wheat,Pilibhit APMC,2021-01-27,0.4,Dara,1670.0,1760.0,1710.0,Pilibhit
Uttar Pradesh,Wheat,Pilibhit APMC,2021-01-28,0.3,Dara,1650.0,1750.0,1705.0,Pilibhit
Uttar Pradesh,Wheat,Pilibhit APMC,2021-01-29,1.0,Dara,1660.0,1750.0,1710.0,Pilibhit
Uttar Pradesh,Wheat,Pilibhit APMC,2021-01-30,1.2,Dara,1700.0,1740.0,1715.0,Pilibhit
Uttar Pradesh,Wheat,Powayan APMC,2021-01-01,1.5,Dara,1600.0,1800.0,1700.0,Shahjahanpur
Uttar Pradesh,Wheat,Powayan APMC,2021-01-02,1.2,Dara,1600.0,1800.0,1700.0,Shahjahanpur
Uttar Pradesh,Wheat,Powayan APMC,2021-01-03,1.0,Dara,1600.0,1800.0,1700.0,Shahjahanpur
Uttar Pradesh,Wheat,Powayan APMC,2021-01-04,1.4,Dara,1600.0,1800.0,1700.0,Shahjahanpur
Uttar Pradesh,Wheat,Powayan APMC,2021-01-05,1.0,Dara,1600.0,1800.0,1700.0,Shahjahanpur
Uttar Pradesh,Wheat,Powayan APMC,2021-01-06,1.5,Dara,1600.0,1800.0,1700.0,Shahjahanpur
Uttar Pradesh,Wheat,Powayan APMC,2021-01-07,1.0,Dara,1600.0,1800.0,1700.0,Shahjahanpur
Uttar Pradesh,Wheat,Powayan APMC,2021-01-08,1.2,Dara,1600.0,1800.0,1700.0,Shahjahanpur
Uttar Pradesh,Wheat,Powayan APMC,2021-01-10,1.2,Dara,1600.0,1800.0,1700.0,Shahjahanpur
Uttar Pradesh,Wheat,Powayan APMC,2021-01-11,1.0,Dara,1600.0,1800.0,1700.0,Shahjahanpur
Uttar Pradesh,Wheat,Powayan APMC,2021-01-12,1.0,Dara,1600.0,1800.0,1700.0,Shahjahanpur
Uttar Pradesh,Wheat,Powayan APMC,2021-01-14,1.4,Dara,1610.0,1810.0,1710.0,Shahjahanpur
Uttar Pradesh,Wheat,Powayan APMC,2021-01-15,1.0,Dara,1610.0,1810.0,1710.0,Shahjahanpur
Uttar Pradesh,Wheat,Powayan APMC,2021-01-16,1.0,Dara,1600.0,1800.0,1700.0,Shahjahanpur
Uttar Pradesh,Wheat,Powayan APMC,2021-01-17,1.5,Dara,1610.0,1810.0,1710.0,Shahjahanpur
Uttar Pradesh,Wheat,Powayan APMC,2021-01-18,1.2,Dara,1610.0,1810.0,1710.0,Shahjahanpur
Uttar Pradesh,Wheat,Powayan APMC,2021-01-20,1.5,Dara,1600.0,1800.0,1700.0,Shahjahanpur
Uttar Pradesh,Wheat,Powayan APMC,2021-01-21,1.0,Dara,1600.0,1800.0,1700.0,Shahjahanpur
Uttar Pradesh,Wheat,Powayan APMC,2021-01-22,1.4,Dara,1600.0,1800.0,1700.0,Shahjahanpur
Uttar Pradesh,Wheat,Powayan APMC,2021-01-24,1.5,Dara,1600.0,1800.0,1700.0,Shahjahanpur
Uttar Pradesh,Wheat,Powayan APMC,2021-01-25,1.0,Dara,1600.0,1800.0,1700.0,Shahjahanpur
Uttar Pradesh,Wheat,Powayan APMC,2021-01-27,1.2,Dara,1610.0,1810.0,1710.0,Shahjahanpur
Uttar Pradesh,Wheat,Powayan APMC,2021-01-28,1.5,Dara,1610.0,1810.0,1710.0,Shahjahanpur
Uttar Pradesh,Wheat,Powayan APMC,2021-01-29,1.2,Dara,1610.0,1810.0,1710.0,Shahjahanpur
Uttar Pradesh,Wheat,Powayan APMC,2021-01-31,1.4,Dara,1635.0,1835.0,1735.0,Shahjahanpur
Uttar Pradesh,Wheat,Pratapgarh APMC,2021-01-01,23.0,Dara,1760.0,1785.0,1775.0,Pratapgarh
Uttar Pradesh,Wheat,Pratapgarh APMC,2021-01-04,20.0,Dara,1760.0,1785.0,1770.0,Pratapgarh
Uttar Pradesh,Wheat,Pratapgarh APMC,2021-01-05,24.0,Dara,1775.0,1810.0,1790.0,Pratapgarh
Uttar Pradesh,Wheat,Pratapgarh APMC,2021-01-06,19.0,Dara,1740.0,1760.0,1750.0,Pratapgarh
Uttar Pradesh,Wheat,Pratapgarh APMC,2021-01-07,21.0,Dara,1720.0,1750.0,1740.0,Pratapgarh
Uttar Pradesh,Wheat,Pratapgarh APMC,2021-01-08,22.5,Dara,1740.0,1760.0,1750.0,Pratapgarh
Uttar Pradesh,Wheat,Pratapgarh APMC,2021-01-11,23.0,Dara,1730.0,1750.0,1740.0,Pratapgarh
Uttar Pradesh,Wheat,Pratapgarh APMC,2021-01-12,26.0,Dara,1715.0,1745.0,1730.0,Pratapgarh
Uttar Pradesh,Wheat,Pratapgarh APMC,2021-01-13,22.0,Dara,1740.0,1760.0,1750.0,Pratapgarh
Uttar Pradesh,Wheat,Pratapgarh APMC,2021-01-15,20.0,Dara,1725.0,1750.0,1740.0,Pratapgarh
Uttar Pradesh,Wheat,Pratapgarh APMC,2021-01-18,22.0,Dara,1680.0,1725.0,1700.0,Pratapgarh
Uttar Pradesh,Wheat,Pratapgarh APMC,2021-01-19,23.0,Dara,1720.0,1750.0,1740.0,Pratapgarh
Uttar Pradesh,Wheat,Pratapgarh APMC,2021-01-20,21.0,Dara,1730.0,1760.0,1745.0,Pratapgarh
Uttar Pradesh,Wheat,Pratapgarh APMC,2021-01-21,24.0,Dara,1725.0,1760.0,1750.0,Pratapgarh
Uttar Pradesh,Wheat,Pratapgarh APMC,2021-01-22,24.5,Dara,1725.0,1750.0,1735.0,Pratapgarh
Uttar Pradesh,Wheat,Pratapgarh APMC,2021-01-25,26.0,Dara,1730.0,1750.0,1740.0,Pratapgarh
Uttar Pradesh,Wheat,Pratapgarh APMC,2021-01-26,40.0,Dara,1725.0,1750.0,1735.0,Pratapgarh
Uttar Pradesh,Wheat,Pratapgarh APMC,2021-01-27,20.0,Dara,1730.0,1760.0,1745.0,Pratapgarh
Uttar Pradesh,Wheat,Pratapgarh APMC,2021-01-28,22.0,Dara,1710.0,1735.0,1720.0,Pratapgarh
Uttar Pradesh,Wheat,Pratapgarh APMC,2021-01-29,27.5,Dara,1750.0,1775.0,1760.0,Pratapgarh
Uttar Pradesh,Wheat,Pukharayan APMC,2021-01-02,25.0,Dara,1600.0,1750.0,1650.0,Kanpur Dehat
Uttar Pradesh,Wheat,Pukharayan APMC,2021-01-03,30.0,Dara,1600.0,1750.0,1660.0,Kanpur Dehat
Uttar Pradesh,Wheat,Pukharayan APMC,2021-01-06,35.0,Dara,1600.0,1750.0,1670.0,Kanpur Dehat
Uttar Pradesh,Wheat,Pukharayan APMC,2021-01-07,28.0,Dara,1600.0,1700.0,1650.0,Kanpur Dehat
Uttar Pradesh,Wheat,Pukharayan APMC,2021-01-08,30.0,Dara,1600.0,1700.0,1650.0,Kanpur Dehat
Uttar Pradesh,Wheat,Pukharayan APMC,2021-01-09,34.0,Dara,1600.0,1750.0,1640.0,Kanpur Dehat
Uttar Pradesh,Wheat,Pukharayan APMC,2021-01-10,28.0,Dara,1600.0,1750.0,1650.0,Kanpur Dehat
Uttar Pradesh,Wheat,Pukharayan APMC,2021-01-12,22.0,Dara,1600.0,1750.0,1640.0,Kanpur Dehat
Uttar Pradesh,Wheat,Pukharayan APMC,2021-01-13,28.0,Dara,1600.0,1750.0,1650.0,Kanpur Dehat
Uttar Pradesh,Wheat,Pukharayan APMC,2021-01-16,15.0,Dara,1600.0,1750.0,1660.0,Kanpur Dehat
Uttar Pradesh,Wheat,Pukharayan APMC,2021-01-17,22.0,Dara,1600.0,1750.0,1670.0,Kanpur Dehat
Uttar Pradesh,Wheat,Pukharayan APMC,2021-01-19,28.0,Dara,1650.0,1750.0,1680.0,Kanpur Dehat
Uttar Pradesh,Wheat,Pukharayan APMC,2021-01-20,20.0,Dara,1650.0,1800.0,1700.0,Kanpur Dehat
Uttar Pradesh,Wheat,Pukharayan APMC,2021-01-21,22.0,Dara,1680.0,1800.0,1720.0,Kanpur Dehat
Uttar Pradesh,Wheat,Pukharayan APMC,2021-01-22,18.0,Dara,1680.0,1850.0,1725.0,Kanpur Dehat
Uttar Pradesh,Wheat,Pukharayan APMC,2021-01-23,20.0,Dara,1680.0,1850.0,1720.0,Kanpur Dehat
Uttar Pradesh,Wheat,Pukharayan APMC,2021-01-24,25.0,Dara,1650.0,1850.0,1725.0,Kanpur Dehat
Uttar Pradesh,Wheat,Pukharayan APMC,2021-01-27,20.0,Dara,1680.0,1800.0,1730.0,Kanpur Dehat
Uttar Pradesh,Wheat,Pukharayan APMC,2021-01-28,18.0,Dara,1680.0,1850.0,1725.0,Kanpur Dehat
Uttar Pradesh,Wheat,Pukharayan APMC,2021-01-29,22.0,Dara,1680.0,1850.0,1740.0,Kanpur Dehat
Uttar Pradesh,Wheat,Pukharayan APMC,2021-01-30,20.0,Dara,1700.0,1850.0,1750.0,Kanpur Dehat
Uttar Pradesh,Wheat,Pukharayan APMC,2021-01-31,18.0,Dara,1700.0,1850.0,1745.0,Kanpur Dehat
Uttar Pradesh,Wheat,Puranpur APMC,2021-01-01,1.5,Dara,1670.0,1730.0,1705.0,Pilibhit
Uttar Pradesh,Wheat,Puranpur APMC,2021-01-02,1.2,Dara,1670.0,1735.0,1700.0,Pilibhit
Uttar Pradesh,Wheat,Puranpur APMC,2021-01-03,1.3,Dara,1660.0,1755.0,1705.0,Pilibhit
Uttar Pradesh,Wheat,Puranpur APMC,2021-01-05,1.2,Dara,1670.0,1760.0,1710.0,Pilibhit
Uttar Pradesh,Wheat,Puranpur APMC,2021-01-06,0.8,Dara,1690.0,1745.0,1715.0,Pilibhit
Uttar Pradesh,Wheat,Puranpur APMC,2021-01-07,1.1,Dara,1690.0,1745.0,1715.0,Pilibhit
Uttar Pradesh,Wheat,Puranpur APMC,2021-01-08,9.5,Dara,1675.0,1740.0,1710.0,Pilibhit
Uttar Pradesh,Wheat,Puranpur APMC,2021-01-09,0.8,Dara,1675.0,1740.0,1705.0,Pilibhit
Uttar Pradesh,Wheat,Puranpur APMC,2021-01-10,0.6,Dara,1670.0,1750.0,1715.0,Pilibhit
Uttar Pradesh,Wheat,Puranpur APMC,2021-01-11,1.2,Dara,1670.0,1740.0,1700.0,Pilibhit
Uttar Pradesh,Wheat,Puranpur APMC,2021-01-12,1.0,Dara,1675.0,1740.0,1710.0,Pilibhit
Uttar Pradesh,Wheat,Puranpur APMC,2021-01-13,1.6,Dara,1685.0,1750.0,1720.0,Pilibhit
Uttar Pradesh,Wheat,Puranpur APMC,2021-01-14,2.0,Dara,1675.0,1740.0,1710.0,Pilibhit
Uttar Pradesh,Wheat,Puranpur APMC,2021-01-15,1.4,Dara,1700.0,1750.0,1725.0,Pilibhit
Uttar Pradesh,Wheat,Puranpur APMC,2021-01-16,1.5,Dara,1680.0,1750.0,1720.0,Pilibhit
Uttar Pradesh,Wheat,Puranpur APMC,2021-01-18,0.9,Dara,1700.0,1750.0,1720.0,Pilibhit
Uttar Pradesh,Wheat,Puranpur APMC,2021-01-19,0.6,Dara,1670.0,1730.0,1700.0,Pilibhit
Uttar Pradesh,Wheat,Puranpur APMC,2021-01-21,0.5,Dara,1680.0,1740.0,1710.0,Pilibhit
Uttar Pradesh,Wheat,Puranpur APMC,2021-01-22,0.6,Dara,1690.0,1750.0,1715.0,Pilibhit
Uttar Pradesh,Wheat,Puranpur APMC,2021-01-24,0.5,Dara,1675.0,1735.0,1705.0,Pilibhit
Uttar Pradesh,Wheat,Puranpur APMC,2021-01-25,0.7,Dara,1675.0,1745.0,1710.0,Pilibhit
Uttar Pradesh,Wheat,Puranpur APMC,2021-01-27,0.6,Dara,1675.0,1735.0,1705.0,Pilibhit
Uttar Pradesh,Wheat,Puranpur APMC,2021-01-28,1.2,Dara,1660.0,1735.0,1700.0,Pilibhit
Uttar Pradesh,Wheat,Puranpur APMC,2021-01-29,1.4,Dara,1680.0,1730.0,1705.0,Pilibhit
Uttar Pradesh,Wheat,Puranpur APMC,2021-01-30,1.2,Dara,1675.0,1725.0,1700.0,Pilibhit
Uttar Pradesh,Wheat,Puranpur APMC,2021-01-31,0.5,Dara,1685.0,1740.0,1705.0,Pilibhit
Uttar Pradesh,Wheat,Purwa APMC,2021-01-01,1.8,Dara,1615.0,1680.0,1650.0,Unnao
Uttar Pradesh,Wheat,Purwa APMC,2021-01-02,1.6,Dara,1615.0,1680.0,1650.0,Unnao
Uttar Pradesh,Wheat,Purwa APMC,2021-01-03,2.0,Dara,1620.0,1680.0,1650.0,Unnao
Uttar Pradesh,Wheat,Purwa APMC,2021-01-04,1.8,Dara,1615.0,1680.0,1650.0,Unnao
Uttar Pradesh,Wheat,Purwa APMC,2021-01-06,2.5,Dara,1615.0,1680.0,1650.0,Unnao
Uttar Pradesh,Wheat,Purwa APMC,2021-01-07,2.0,Dara,1620.0,1680.0,1650.0,Unnao
Uttar Pradesh,Wheat,Purwa APMC,2021-01-08,1.6,Dara,1630.0,1685.0,1660.0,Unnao
Uttar Pradesh,Wheat,Purwa APMC,2021-01-10,1.7,Dara,1620.0,1680.0,1650.0,Unnao
Uttar Pradesh,Wheat,Purwa APMC,2021-01-11,2.0,Dara,1630.0,1685.0,1660.0,Unnao
Uttar Pradesh,Wheat,Purwa APMC,2021-01-14,1.8,Dara,1650.0,1710.0,1680.0,Unnao
Uttar Pradesh,Wheat,Purwa APMC,2021-01-15,1.6,Dara,1675.0,1725.0,1700.0,Unnao
Uttar Pradesh,Wheat,Purwa APMC,2021-01-18,1.5,Dara,1670.0,1730.0,1700.0,Unnao
Uttar Pradesh,Wheat,Purwa APMC,2021-01-20,1.6,Dara,1660.0,1710.0,1685.0,Unnao
Uttar Pradesh,Wheat,Purwa APMC,2021-01-21,1.8,Dara,1670.0,1730.0,1700.0,Unnao
Uttar Pradesh,Wheat,Purwa APMC,2021-01-22,1.6,Dara,1670.0,1720.0,1700.0,Unnao
Uttar Pradesh,Wheat,Purwa APMC,2021-01-25,1.6,Dara,1660.0,1720.0,1690.0,Unnao
Uttar Pradesh,Wheat,Purwa APMC,2021-01-27,1.6,Dara,1660.0,1710.0,1685.0,Unnao
Uttar Pradesh,Wheat,Purwa APMC,2021-01-28,2.2,Dara,1665.0,1715.0,1690.0,Unnao
Uttar Pradesh,Wheat,Purwa APMC,2021-01-30,1.8,Dara,1660.0,1715.0,1690.0,Unnao
Uttar Pradesh,Wheat,Purwa APMC,2021-01-31,2.2,Dara,1650.0,1710.0,1685.0,Unnao
Uttar Pradesh,Wheat,Raath APMC,2021-01-01,87.0,Dara,1500.0,1540.0,1530.0,Hamirpur
Uttar Pradesh,Wheat,Raath APMC,2021-01-02,91.0,Dara,1510.0,1560.0,1530.0,Hamirpur
Uttar Pradesh,Wheat,Raath APMC,2021-01-03,82.0,Dara,1520.0,1585.0,1560.0,Hamirpur
Uttar Pradesh,Wheat,Raath APMC,2021-01-04,103.0,Dara,1575.0,1655.0,1605.0,Hamirpur
Uttar Pradesh,Wheat,Raath APMC,2021-01-05,116.0,Dara,1580.0,1645.0,1610.0,Hamirpur
Uttar Pradesh,Wheat,Raath APMC,2021-01-07,96.4,Dara,1650.0,1690.0,1690.0,Hamirpur
Uttar Pradesh,Wheat,Raath APMC,2021-01-08,143.0,Dara,1650.0,1695.0,1695.0,Hamirpur
Uttar Pradesh,Wheat,Raath APMC,2021-01-09,157.0,Dara,1585.0,1675.0,1635.0,Hamirpur
Uttar Pradesh,Wheat,Raath APMC,2021-01-10,187.0,Dara,1520.0,1615.0,1550.0,Hamirpur
Uttar Pradesh,Wheat,Raath APMC,2021-01-11,159.0,Dara,1590.0,1715.0,1650.0,Hamirpur
Uttar Pradesh,Wheat,Raath APMC,2021-01-12,175.0,Dara,1625.0,1675.0,1650.0,Hamirpur
Uttar Pradesh,Wheat,Raath APMC,2021-01-16,138.0,Dara,1650.0,1700.0,1670.0,Hamirpur
Uttar Pradesh,Wheat,Raath APMC,2021-01-17,184.5,Dara,1650.0,1700.0,1670.0,Hamirpur
Uttar Pradesh,Wheat,Raath APMC,2021-01-18,205.0,Dara,1650.0,1725.0,1675.0,Hamirpur
Uttar Pradesh,Wheat,Raath APMC,2021-01-19,243.0,Dara,1650.0,1750.0,1710.0,Hamirpur
Uttar Pradesh,Wheat,Raath APMC,2021-01-22,348.5,Dara,1650.0,1775.0,1720.0,Hamirpur
Uttar Pradesh,Wheat,Raath APMC,2021-01-23,272.0,Dara,,1740.0,1690.0,Hamirpur
Uttar Pradesh,Wheat,Raath APMC,2021-01-24,314.4,Dara,1650.0,1700.0,1670.0,Hamirpur
Uttar Pradesh,Wheat,Raath APMC,2021-01-25,241.4,Dara,1650.0,1690.0,1680.0,Hamirpur
Uttar Pradesh,Wheat,Raath APMC,2021-01-29,214.0,Dara,1575.0,1750.0,1630.0,Hamirpur
Uttar Pradesh,Wheat,Raath APMC,2021-01-30,181.5,Dara,1550.0,1750.0,1630.0,Hamirpur
Uttar Pradesh,Wheat,Raath APMC,2021-01-31,187.5,Dara,1575.0,1680.0,1615.0,Hamirpur
Uttar Pradesh,Wheat,Raibareilly APMC,2021-01-01,12.5,Dara,1575.0,1585.0,1580.0,Rae Bareli
Uttar Pradesh,Wheat,Raibareilly APMC,2021-01-02,21.0,Dara,1575.0,1585.0,1580.0,Rae Bareli
Uttar Pradesh,Wheat,Raibareilly APMC,2021-01-04,23.5,Dara,1570.0,1580.0,1575.0,Rae Bareli
Uttar Pradesh,Wheat,Raibareilly APMC,2021-01-05,30.0,Dara,1570.0,1580.0,1575.0,Rae Bareli
Uttar Pradesh,Wheat,Raibareilly APMC,2021-01-06,15.5,Dara,1575.0,1585.0,1580.0,Rae Bareli
Uttar Pradesh,Wheat,Raibareilly APMC,2021-01-07,18.0,Dara,1575.0,1585.0,1580.0,Rae Bareli
Uttar Pradesh,Wheat,Raibareilly APMC,2021-01-08,22.0,Dara,1590.0,1605.0,1600.0,Rae Bareli
Uttar Pradesh,Wheat,Raibareilly APMC,2021-01-09,26.0,Dara,1590.0,1605.0,1600.0,Rae Bareli
Uttar Pradesh,Wheat,Raibareilly APMC,2021-01-11,24.0,Dara,1595.0,1610.0,1600.0,Rae Bareli
Uttar Pradesh,Wheat,Raibareilly APMC,2021-01-12,15.0,Dara,1590.0,1610.0,1600.0,Rae Bareli
Uttar Pradesh,Wheat,Raibareilly APMC,2021-01-13,25.0,Dara,1600.0,1610.0,1605.0,Rae Bareli
Uttar Pradesh,Wheat,Raibareilly APMC,2021-01-14,25.0,Dara,1595.0,1610.0,1605.0,Rae Bareli
Uttar Pradesh,Wheat,Raibareilly APMC,2021-01-15,26.0,Dara,1595.0,1605.0,1600.0,Rae Bareli
Uttar Pradesh,Wheat,Raibareilly APMC,2021-01-16,25.0,Dara,1600.0,1610.0,1605.0,Rae Bareli
Uttar Pradesh,Wheat,Raibareilly APMC,2021-01-18,26.0,Dara,1595.0,1610.0,1600.0,Rae Bareli
Uttar Pradesh,Wheat,Raibareilly APMC,2021-01-19,30.0,Dara,1595.0,1610.0,1600.0,Rae Bareli
Uttar Pradesh,Wheat,Raibareilly APMC,2021-01-21,18.0,Dara,1670.0,1680.0,1675.0,Rae Bareli
Uttar Pradesh,Wheat,Raibareilly APMC,2021-01-22,21.0,Dara,1675.0,1685.0,1680.0,Rae Bareli
Uttar Pradesh,Wheat,Raibareilly APMC,2021-01-23,20.5,Dara,1685.0,1700.0,1690.0,Rae Bareli
Uttar Pradesh,Wheat,Raibareilly APMC,2021-01-25,15.0,Dara,1690.0,1705.0,1700.0,Rae Bareli
Uttar Pradesh,Wheat,Raibareilly APMC,2021-01-27,14.5,Dara,1695.0,1710.0,1700.0,Rae Bareli
Uttar Pradesh,Wheat,Raibareilly APMC,2021-01-28,18.0,Dara,1700.0,1710.0,1705.0,Rae Bareli
Uttar Pradesh,Wheat,Raibareilly APMC,2021-01-29,21.0,Dara,1690.0,1710.0,1700.0,Rae Bareli
Uttar Pradesh,Wheat,Raibareilly APMC,2021-01-30,16.0,Dara,1700.0,1710.0,1705.0,Rae Bareli
Uttar Pradesh,Wheat,Rampur APMC,2021-01-01,11.0,Dara,1715.0,1750.0,1730.0,Rampur
Uttar Pradesh,Wheat,Rampur APMC,2021-01-02,9.0,Dara,1715.0,1750.0,1730.0,Rampur
Uttar Pradesh,Wheat,Rampur APMC,2021-01-03,9.0,Dara,1715.0,1750.0,1730.0,Rampur
Uttar Pradesh,Wheat,Rampur APMC,2021-01-04,8.0,Dara,1715.0,1750.0,1730.0,Rampur
Uttar Pradesh,Wheat,Rampur APMC,2021-01-05,7.0,Dara,1710.0,1740.0,1720.0,Rampur
Uttar Pradesh,Wheat,Rampur APMC,2021-01-07,6.0,Dara,1710.0,1740.0,1720.0,Rampur
Uttar Pradesh,Wheat,Rampur APMC,2021-01-08,5.0,Dara,1710.0,1740.0,1720.0,Rampur
Uttar Pradesh,Wheat,Rampur APMC,2021-01-09,8.5,Dara,1710.0,1745.0,1725.0,Rampur
Uttar Pradesh,Wheat,Rampur APMC,2021-01-10,7.0,Dara,1710.0,1740.0,1720.0,Rampur
Uttar Pradesh,Wheat,Rampur APMC,2021-01-11,8.0,Dara,1710.0,1745.0,1725.0,Rampur
Uttar Pradesh,Wheat,Rampur APMC,2021-01-12,9.0,Dara,1710.0,1745.0,1725.0,Rampur
Uttar Pradesh,Wheat,Rampur APMC,2021-01-14,10.0,Dara,1710.0,1740.0,1720.0,Rampur
Uttar Pradesh,Wheat,Rampur APMC,2021-01-15,9.0,Dara,1710.0,1740.0,1720.0,Rampur
Uttar Pradesh,Wheat,Rampur APMC,2021-01-16,10.0,Dara,1710.0,1740.0,1720.0,Rampur
Uttar Pradesh,Wheat,Rampur APMC,2021-01-17,11.0,Dara,1710.0,1740.0,1720.0,Rampur
Uttar Pradesh,Wheat,Rampur APMC,2021-01-18,9.0,Dara,1710.0,1740.0,1720.0,Rampur
Uttar Pradesh,Wheat,Rampur APMC,2021-01-19,10.0,Dara,1710.0,1740.0,1720.0,Rampur
Uttar Pradesh,Wheat,Rampur APMC,2021-01-21,7.0,Dara,1700.0,1730.0,1720.0,Rampur
Uttar Pradesh,Wheat,Rampur APMC,2021-01-22,8.0,Dara,1710.0,1740.0,1720.0,Rampur
Uttar Pradesh,Wheat,Rampur APMC,2021-01-23,9.0,Dara,1710.0,1740.0,1720.0,Rampur
Uttar Pradesh,Wheat,Rampur APMC,2021-01-24,7.0,Dara,1700.0,1720.0,1710.0,Rampur
Uttar Pradesh,Wheat,Rampur APMC,2021-01-25,6.5,Dara,1700.0,1720.0,1715.0,Rampur
Uttar Pradesh,Wheat,Rampur APMC,2021-01-26,5.0,Dara,1700.0,1720.0,1715.0,Rampur
Uttar Pradesh,Wheat,Rampur APMC,2021-01-28,7.5,Dara,1700.0,1720.0,1710.0,Rampur
Uttar Pradesh,Wheat,Rampur APMC,2021-01-29,9.0,Dara,1700.0,1720.0,1710.0,Rampur
Uttar Pradesh,Wheat,Rampur APMC,2021-01-30,6.5,Dara,1700.0,1720.0,1710.0,Rampur
Uttar Pradesh,Wheat,Rampur APMC,2021-01-31,8.0,Dara,1700.0,1715.0,1710.0,Rampur
Uttar Pradesh,Wheat,Rasda APMC,2021-01-01,7.5,Dara,1650.0,1800.0,1720.0,Ballia
Uttar Pradesh,Wheat,Rasda APMC,2021-01-02,7.0,Dara,1660.0,1800.0,1725.0,Ballia
Uttar Pradesh,Wheat,Rasda APMC,2021-01-04,6.5,Dara,1660.0,1820.0,1740.0,Ballia
Uttar Pradesh,Wheat,Rasda APMC,2021-01-05,7.0,Dara,1660.0,1800.0,1725.0,Ballia
Uttar Pradesh,Wheat,Rasda APMC,2021-01-06,6.5,Dara,1660.0,1830.0,1740.0,Ballia
Uttar Pradesh,Wheat,Rasda APMC,2021-01-07,7.5,Dara,1660.0,1800.0,1725.0,Ballia
Uttar Pradesh,Wheat,Rasda APMC,2021-01-08,7.0,Dara,1640.0,1800.0,1710.0,Ballia
Uttar Pradesh,Wheat,Rasda APMC,2021-01-09,8.0,Dara,1660.0,1800.0,1730.0,Ballia
Uttar Pradesh,Wheat,Rasda APMC,2021-01-11,8.0,Dara,1660.0,1800.0,1725.0,Ballia
Uttar Pradesh,Wheat,Rasda APMC,2021-01-12,9.0,Dara,1650.0,1800.0,1720.0,Ballia
Uttar Pradesh,Wheat,Rasda APMC,2021-01-13,7.0,Dara,1660.0,1800.0,1725.0,Ballia
Uttar Pradesh,Wheat,Rasda APMC,2021-01-16,6.0,Dara,1660.0,1800.0,1725.0,Ballia
Uttar Pradesh,Wheat,Rasda APMC,2021-01-19,8.0,Dara,1660.0,1830.0,1740.0,Ballia
Uttar Pradesh,Wheat,Rasda APMC,2021-01-20,9.0,Dara,1660.0,1820.0,1730.0,Ballia
Uttar Pradesh,Wheat,Rasda APMC,2021-01-21,8.0,Dara,1670.0,1840.0,1750.0,Ballia
Uttar Pradesh,Wheat,Rasda APMC,2021-01-22,9.0,Dara,1650.0,1820.0,1740.0,Ballia
Uttar Pradesh,Wheat,Rasda APMC,2021-01-23,7.0,Dara,1680.0,1840.0,1750.0,Ballia
Uttar Pradesh,Wheat,Rasda APMC,2021-01-25,7.5,Dara,1660.0,1820.0,1730.0,Ballia
Uttar Pradesh,Wheat,Rasda APMC,2021-01-27,8.0,Dara,1660.0,1890.0,1725.0,Ballia
Uttar Pradesh,Wheat,Rasda APMC,2021-01-28,9.0,Dara,1680.0,1830.0,1740.0,Ballia
Uttar Pradesh,Wheat,Rasda APMC,2021-01-29,8.0,Dara,1670.0,1840.0,1750.0,Ballia
Uttar Pradesh,Wheat,Rasda APMC,2021-01-30,7.5,Dara,1680.0,1850.0,1760.0,Ballia
Uttar Pradesh,Wheat,Robertsganj APMC,2021-01-01,8.5,Dara,1745.0,1975.0,1860.0,Sonbhadra
Uttar Pradesh,Wheat,Robertsganj APMC,2021-01-02,4.0,Dara,1760.0,1995.0,1875.0,Sonbhadra
Uttar Pradesh,Wheat,Robertsganj APMC,2021-01-03,6.5,Dara,1750.0,1985.0,1870.0,Sonbhadra
Uttar Pradesh,Wheat,Robertsganj APMC,2021-01-04,4.5,Dara,1765.0,1990.0,1880.0,Sonbhadra
Uttar Pradesh,Wheat,Robertsganj APMC,2021-01-05,8.0,Dara,1760.0,1985.0,1865.0,Sonbhadra
Uttar Pradesh,Wheat,Robertsganj APMC,2021-01-07,3.2,Dara,1750.0,1990.0,1875.0,Sonbhadra
Uttar Pradesh,Wheat,Robertsganj APMC,2021-01-08,5.0,Dara,1775.0,1975.0,1865.0,Sonbhadra
Uttar Pradesh,Wheat,Robertsganj APMC,2021-01-09,8.0,Dara,1765.0,1985.0,1875.0,Sonbhadra
Uttar Pradesh,Wheat,Robertsganj APMC,2021-01-10,3.5,Dara,1600.0,1800.0,1745.0,Sonbhadra
Uttar Pradesh,Wheat,Robertsganj APMC,2021-01-11,4.5,Dara,1700.0,1760.0,1760.0,Sonbhadra
Uttar Pradesh,Wheat,Robertsganj APMC,2021-01-12,6.0,Dara,1750.0,1975.0,1885.0,Sonbhadra
Uttar Pradesh,Wheat,Robertsganj APMC,2021-01-14,2.5,Dara,1745.0,1985.0,1875.0,Sonbhadra
Uttar Pradesh,Wheat,Robertsganj APMC,2021-01-15,5.0,Dara,1765.0,1995.0,1880.0,Sonbhadra
Uttar Pradesh,Wheat,Robertsganj APMC,2021-01-16,4.0,Dara,1725.0,1965.0,1850.0,Sonbhadra
Uttar Pradesh,Wheat,Robertsganj APMC,2021-01-17,6.5,Dara,1740.0,1970.0,1875.0,Sonbhadra
Uttar Pradesh,Wheat,Robertsganj APMC,2021-01-18,4.5,Dara,1760.0,1980.0,1875.0,Sonbhadra
Uttar Pradesh,Wheat,Robertsganj APMC,2021-01-19,8.5,Dara,1750.0,2000.0,1875.0,Sonbhadra
Uttar Pradesh,Wheat,Robertsganj APMC,2021-01-21,6.0,Dara,1760.0,2030.0,1880.0,Sonbhadra
Uttar Pradesh,Wheat,Robertsganj APMC,2021-01-22,4.5,Dara,1765.0,1975.0,1850.0,Sonbhadra
Uttar Pradesh,Wheat,Robertsganj APMC,2021-01-23,8.0,Dara,1750.0,2035.0,1895.0,Sonbhadra
Uttar Pradesh,Wheat,Robertsganj APMC,2021-01-24,6.0,Dara,1745.0,2000.0,1875.0,Sonbhadra
Uttar Pradesh,Wheat,Robertsganj APMC,2021-01-25,4.0,Dara,1755.0,2075.0,1900.0,Sonbhadra
Uttar Pradesh,Wheat,Robertsganj APMC,2021-01-28,6.5,Dara,1755.0,1980.0,1885.0,Sonbhadra
Uttar Pradesh,Wheat,Robertsganj APMC,2021-01-29,5.0,Dara,1765.0,2100.0,1900.0,Sonbhadra
Uttar Pradesh,Wheat,Robertsganj APMC,2021-01-30,8.0,Dara,1750.0,2100.0,1900.0,Sonbhadra
Uttar Pradesh,Wheat,Robertsganj APMC,2021-01-31,7.0,Dara,1740.0,2025.0,1900.0,Sonbhadra
Uttar Pradesh,Wheat,Rura APMC,2021-01-01,6.5,Dara,1550.0,1600.0,1575.0,Kanpur Dehat
Uttar Pradesh,Wheat,Rura APMC,2021-01-02,6.5,Dara,1550.0,1600.0,1575.0,Kanpur Dehat
Uttar Pradesh,Wheat,Rura APMC,2021-01-04,6.0,Dara,1500.0,1600.0,1550.0,Kanpur Dehat
Uttar Pradesh,Wheat,Rura APMC,2021-01-05,6.0,Dara,1550.0,1600.0,1575.0,Kanpur Dehat
Uttar Pradesh,Wheat,Rura APMC,2021-01-07,6.0,Dara,1500.0,1600.0,1550.0,Kanpur Dehat
Uttar Pradesh,Wheat,Rura APMC,2021-01-08,6.0,Dara,1550.0,1650.0,1600.0,Kanpur Dehat
Uttar Pradesh,Wheat,Rura APMC,2021-01-09,6.0,Dara,1550.0,1650.0,1600.0,Kanpur Dehat
Uttar Pradesh,Wheat,Rura APMC,2021-01-11,6.0,Dara,1550.0,1650.0,1600.0,Kanpur Dehat
Uttar Pradesh,Wheat,Rura APMC,2021-01-13,6.0,Dara,1600.0,1700.0,1650.0,Kanpur Dehat
Uttar Pradesh,Wheat,Rura APMC,2021-01-14,6.0,Dara,1600.0,1700.0,1650.0,Kanpur Dehat
Uttar Pradesh,Wheat,Rura APMC,2021-01-15,6.5,Dara,1600.0,1700.0,1650.0,Kanpur Dehat
Uttar Pradesh,Wheat,Rura APMC,2021-01-16,6.0,Dara,1600.0,1700.0,1650.0,Kanpur Dehat
Uttar Pradesh,Wheat,Rura APMC,2021-01-18,6.5,Dara,1600.0,1700.0,1650.0,Kanpur Dehat
Uttar Pradesh,Wheat,Rura APMC,2021-01-19,6.0,Dara,1600.0,1700.0,1650.0,Kanpur Dehat
Uttar Pradesh,Wheat,Rura APMC,2021-01-20,6.0,Dara,1600.0,1700.0,1650.0,Kanpur Dehat
Uttar Pradesh,Wheat,Rura APMC,2021-01-21,6.5,Dara,1650.0,1725.0,1675.0,Kanpur Dehat
Uttar Pradesh,Wheat,Rura APMC,2021-01-22,6.5,Dara,1650.0,1725.0,1675.0,Kanpur Dehat
Uttar Pradesh,Wheat,Rura APMC,2021-01-23,6.5,Dara,1600.0,1700.0,1650.0,Kanpur Dehat
Uttar Pradesh,Wheat,Rura APMC,2021-01-25,6.5,Dara,1650.0,1700.0,1675.0,Kanpur Dehat
Uttar Pradesh,Wheat,Rura APMC,2021-01-27,6.5,Dara,1650.0,1710.0,1675.0,Kanpur Dehat
Uttar Pradesh,Wheat,Rura APMC,2021-01-28,6.5,Dara,1625.0,1725.0,1650.0,Kanpur Dehat
Uttar Pradesh,Wheat,Rura APMC,2021-01-29,6.5,Dara,1650.0,1725.0,1680.0,Kanpur Dehat
Uttar Pradesh,Wheat,Rura APMC,2021-01-30,6.5,Dara,1625.0,1725.0,1675.0,Kanpur Dehat
Uttar Pradesh,Wheat,Saharanpur APMC,2021-01-01,96.0,Dara,1675.0,1785.0,1730.0,Saharanpur
Uttar Pradesh,Wheat,Saharanpur APMC,2021-01-02,95.0,Dara,1675.0,1780.0,1730.0,Saharanpur
Uttar Pradesh,Wheat,Saharanpur APMC,2021-01-04,116.0,Dara,1670.0,1780.0,1725.0,Saharanpur
Uttar Pradesh,Wheat,Saharanpur APMC,2021-01-05,104.0,Dara,1685.0,1780.0,1735.0,Saharanpur
Uttar Pradesh,Wheat,Saharanpur APMC,2021-01-06,100.0,Dara,1670.0,1780.0,1735.0,Saharanpur
Uttar Pradesh,Wheat,Saharanpur APMC,2021-01-07,87.0,Dara,1680.0,1785.0,1740.0,Saharanpur
Uttar Pradesh,Wheat,Saharanpur APMC,2021-01-08,118.0,Dara,1700.0,1800.0,1750.0,Saharanpur
Uttar Pradesh,Wheat,Saharanpur APMC,2021-01-09,96.0,Dara,1700.0,1800.0,1750.0,Saharanpur
Uttar Pradesh,Wheat,Saharanpur APMC,2021-01-11,122.0,Dara,1700.0,1800.0,1750.0,Saharanpur
Uttar Pradesh,Wheat,Saharanpur APMC,2021-01-12,90.0,Dara,1700.0,1800.0,1750.0,Saharanpur
Uttar Pradesh,Wheat,Saharanpur APMC,2021-01-13,107.0,Dara,1700.0,1800.0,1750.0,Saharanpur
Uttar Pradesh,Wheat,Saharanpur APMC,2021-01-14,110.0,Dara,1700.0,1800.0,1750.0,Saharanpur
Uttar Pradesh,Wheat,Saharanpur APMC,2021-01-15,96.0,Dara,1700.0,1800.0,1750.0,Saharanpur
Uttar Pradesh,Wheat,Saharanpur APMC,2021-01-16,124.0,Dara,1700.0,1785.0,1740.0,Saharanpur
Uttar Pradesh,Wheat,Saharanpur APMC,2021-01-18,84.0,Dara,1700.0,1800.0,1740.0,Saharanpur
Uttar Pradesh,Wheat,Saharanpur APMC,2021-01-19,76.0,Dara,1690.0,1800.0,1740.0,Saharanpur
Uttar Pradesh,Wheat,Saharanpur APMC,2021-01-20,85.0,Dara,1680.0,1780.0,1730.0,Saharanpur
Uttar Pradesh,Wheat,Saharanpur APMC,2021-01-21,117.0,Dara,1680.0,1785.0,1730.0,Saharanpur
Uttar Pradesh,Wheat,Saharanpur APMC,2021-01-22,115.0,Dara,1680.0,1785.0,1730.0,Saharanpur
Uttar Pradesh,Wheat,Saharanpur APMC,2021-01-23,98.0,Dara,1680.0,1780.0,1735.0,Saharanpur
Uttar Pradesh,Wheat,Saharanpur APMC,2021-01-25,105.0,Dara,1680.0,1780.0,1730.0,Saharanpur
Uttar Pradesh,Wheat,Saharanpur APMC,2021-01-26,80.0,Dara,1670.0,1775.0,1725.0,Saharanpur
Uttar Pradesh,Wheat,Saharanpur APMC,2021-01-27,92.0,Dara,1680.0,1780.0,1725.0,Saharanpur
Uttar Pradesh,Wheat,Saharanpur APMC,2021-01-29,82.0,Dara,1685.0,1785.0,1740.0,Saharanpur
Uttar Pradesh,Wheat,Saharanpur APMC,2021-01-30,78.0,Dara,1680.0,1780.0,1735.0,Saharanpur
Uttar Pradesh,Wheat,Sahiyapur APMC,2021-01-01,27.0,Dara,1640.0,1840.0,1750.0,Siddharthnagar
Uttar Pradesh,Wheat,Sahiyapur APMC,2021-01-02,20.0,Dara,1690.0,1790.0,1740.0,Siddharthnagar
Uttar Pradesh,Wheat,Sahiyapur APMC,2021-01-04,29.0,Dara,1690.0,1790.0,1740.0,Siddharthnagar
Uttar Pradesh,Wheat,Sahiyapur APMC,2021-01-05,21.5,Dara,1690.0,1790.0,1740.0,Siddharthnagar
Uttar Pradesh,Wheat,Sahiyapur APMC,2021-01-06,18.0,Dara,1690.0,1790.0,1740.0,Siddharthnagar
Uttar Pradesh,Wheat,Sahiyapur APMC,2021-01-07,11.5,Dara,1690.0,1790.0,1740.0,Siddharthnagar
Uttar Pradesh,Wheat,Sahiyapur APMC,2021-01-08,9.0,Dara,1690.0,1790.0,1740.0,Siddharthnagar
Uttar Pradesh,Wheat,Sahiyapur APMC,2021-01-09,13.0,Dara,1690.0,1790.0,1740.0,Siddharthnagar
Uttar Pradesh,Wheat,Sahiyapur APMC,2021-01-11,8.5,Dara,1690.0,1790.0,1740.0,Siddharthnagar
Uttar Pradesh,Wheat,Sahiyapur APMC,2021-01-12,10.0,Dara,1690.0,1790.0,1740.0,Siddharthnagar
Uttar Pradesh,Wheat,Sahiyapur APMC,2021-01-13,8.0,Dara,1690.0,1790.0,1740.0,Siddharthnagar
Uttar Pradesh,Wheat,Sahiyapur APMC,2021-01-14,6.0,Dara,1690.0,1790.0,1740.0,Siddharthnagar
Uttar Pradesh,Wheat,Sahiyapur APMC,2021-01-15,9.5,Dara,1690.0,1790.0,1740.0,Siddharthnagar
Uttar Pradesh,Wheat,Sahiyapur APMC,2021-01-16,11.0,Dara,1690.0,1790.0,1740.0,Siddharthnagar
Uttar Pradesh,Wheat,Sahiyapur APMC,2021-01-18,10.0,Dara,1690.0,1790.0,1740.0,Siddharthnagar
Uttar Pradesh,Wheat,Sahiyapur APMC,2021-01-19,7.5,Dara,1690.0,1790.0,1740.0,Siddharthnagar
Uttar Pradesh,Wheat,Sahiyapur APMC,2021-01-20,16.0,Dara,1690.0,1790.0,1740.0,Siddharthnagar
Uttar Pradesh,Wheat,Sahiyapur APMC,2021-01-21,13.0,Dara,1695.0,1795.0,1745.0,Siddharthnagar
Uttar Pradesh,Wheat,Sahiyapur APMC,2021-01-22,20.0,Dara,1695.0,1795.0,1745.0,Siddharthnagar
Uttar Pradesh,Wheat,Sahiyapur APMC,2021-01-23,25.0,Dara,1680.0,1780.0,1745.0,Siddharthnagar
Uttar Pradesh,Wheat,Sahiyapur APMC,2021-01-25,21.5,Dara,1695.0,1795.0,1745.0,Siddharthnagar
Uttar Pradesh,Wheat,Sahiyapur APMC,2021-01-27,14.0,Dara,1695.0,1795.0,1745.0,Siddharthnagar
Uttar Pradesh,Wheat,Sahiyapur APMC,2021-01-28,20.0,Dara,1685.0,1785.0,1745.0,Siddharthnagar
Uttar Pradesh,Wheat,Sahiyapur APMC,2021-01-29,16.0,Dara,1695.0,1795.0,1745.0,Siddharthnagar
Uttar Pradesh,Wheat,Sahiyapur APMC,2021-01-30,25.0,Dara,1695.0,1795.0,1745.0,Siddharthnagar
Uttar Pradesh,Wheat,Salon APMC,2021-01-02,3.0,Dara,1650.0,1670.0,1660.0,Rae Bareli
Uttar Pradesh,Wheat,Salon APMC,2021-01-05,3.0,Dara,1650.0,1670.0,1660.0,Rae Bareli
Uttar Pradesh,Wheat,Salon APMC,2021-01-06,3.0,Dara,1670.0,1680.0,1675.0,Rae Bareli
Uttar Pradesh,Wheat,Salon APMC,2021-01-07,2.0,Dara,1700.0,1750.0,1725.0,Rae Bareli
Uttar Pradesh,Wheat,Salon APMC,2021-01-08,4.0,Dara,1650.0,1670.0,1660.0,Rae Bareli
Uttar Pradesh,Wheat,Salon APMC,2021-01-11,2.0,Dara,1700.0,1750.0,1725.0,Rae Bareli
Uttar Pradesh,Wheat,Salon APMC,2021-01-12,2.0,Dara,1700.0,1750.0,1750.0,Rae Bareli
Uttar Pradesh,Wheat,Salon APMC,2021-01-13,3.0,Dara,1700.0,1750.0,1725.0,Rae Bareli
Uttar Pradesh,Wheat,Salon APMC,2021-01-14,2.0,Dara,1750.0,1770.0,1760.0,Rae Bareli
Uttar Pradesh,Wheat,Salon APMC,2021-01-15,1.0,Dara,1750.0,1775.0,1760.0,Rae Bareli
Uttar Pradesh,Wheat,Salon APMC,2021-01-18,3.0,Dara,1700.0,1750.0,1725.0,Rae Bareli
Uttar Pradesh,Wheat,Salon APMC,2021-01-19,2.0,Dara,1700.0,1750.0,1725.0,Rae Bareli
Uttar Pradesh,Wheat,Salon APMC,2021-01-20,3.0,Dara,1700.0,1750.0,1725.0,Rae Bareli
Uttar Pradesh,Wheat,Salon APMC,2021-01-21,3.0,Dara,1750.0,1775.0,1770.0,Rae Bareli
Uttar Pradesh,Wheat,Salon APMC,2021-01-23,3.0,Dara,1700.0,1750.0,1725.0,Rae Bareli
Uttar Pradesh,Wheat,Salon APMC,2021-01-25,5.0,Dara,1700.0,1750.0,1725.0,Rae Bareli
Uttar Pradesh,Wheat,Salon APMC,2021-01-27,3.0,Dara,1700.0,1750.0,1725.0,Rae Bareli
Uttar Pradesh,Wheat,Salon APMC,2021-01-28,3.0,Dara,1700.0,1750.0,1725.0,Rae Bareli
Uttar Pradesh,Wheat,Salon APMC,2021-01-29,2.0,Dara,1700.0,1750.0,1725.0,Rae Bareli
Uttar Pradesh,Wheat,Salon APMC,2021-01-30,2.0,Dara,1725.0,1760.0,1750.0,Rae Bareli
Uttar Pradesh,Wheat,Sandila APMC,2021-01-01,17.0,Dara,1570.0,1740.0,1665.0,Hardoi
Uttar Pradesh,Wheat,Sandila APMC,2021-01-02,18.0,Dara,1580.0,1750.0,1670.0,Hardoi
Uttar Pradesh,Wheat,Sandila APMC,2021-01-03,16.0,Dara,1600.0,1750.0,1675.0,Hardoi
Uttar Pradesh,Wheat,Sandila APMC,2021-01-04,20.0,Dara,1600.0,1750.0,1680.0,Hardoi
Uttar Pradesh,Wheat,Sandila APMC,2021-01-05,16.0,Dara,1600.0,1760.0,1675.0,Hardoi
Uttar Pradesh,Wheat,Sandila APMC,2021-01-07,18.0,Dara,1600.0,1750.0,1655.0,Hardoi
Uttar Pradesh,Wheat,Sandila APMC,2021-01-08,20.0,Dara,1610.0,1750.0,1665.0,Hardoi
Uttar Pradesh,Wheat,Sandila APMC,2021-01-09,17.0,Dara,1600.0,1750.0,1660.0,Hardoi
Uttar Pradesh,Wheat,Sandila APMC,2021-01-10,15.0,Dara,1600.0,1740.0,1670.0,Hardoi
Uttar Pradesh,Wheat,Sandila APMC,2021-01-11,18.0,Dara,1600.0,1750.0,1675.0,Hardoi
Uttar Pradesh,Wheat,Sandila APMC,2021-01-12,20.0,Dara,1600.0,1740.0,1670.0,Hardoi
Uttar Pradesh,Wheat,Sandila APMC,2021-01-14,16.0,Dara,1600.0,1750.0,1675.0,Hardoi
Uttar Pradesh,Wheat,Sandila APMC,2021-01-15,18.0,Dara,1600.0,1730.0,1665.0,Hardoi
Uttar Pradesh,Wheat,Sandila APMC,2021-01-16,21.0,Dara,1600.0,1720.0,1655.0,Hardoi
Uttar Pradesh,Wheat,Sandila APMC,2021-01-17,17.0,Dara,1600.0,1750.0,1670.0,Hardoi
Uttar Pradesh,Wheat,Sandila APMC,2021-01-18,16.0,Dara,1610.0,1740.0,1660.0,Hardoi
Uttar Pradesh,Wheat,Sandila APMC,2021-01-19,15.0,Dara,1610.0,1740.0,1670.0,Hardoi
Uttar Pradesh,Wheat,Sandila APMC,2021-01-21,18.0,Dara,1620.0,1740.0,1680.0,Hardoi
Uttar Pradesh,Wheat,Sandila APMC,2021-01-22,21.0,Dara,1610.0,1710.0,1665.0,Hardoi
Uttar Pradesh,Wheat,Sandila APMC,2021-01-23,24.0,Dara,1600.0,1720.0,1675.0,Hardoi
Uttar Pradesh,Wheat,Sandila APMC,2021-01-24,15.0,Dara,1610.0,1740.0,1680.0,Hardoi
Uttar Pradesh,Wheat,Sandila APMC,2021-01-25,18.0,Dara,1620.0,1730.0,1665.0,Hardoi
Uttar Pradesh,Wheat,Sandila APMC,2021-01-28,16.0,Dara,1620.0,1730.0,1680.0,Hardoi
Uttar Pradesh,Wheat,Sandila APMC,2021-01-29,18.0,Dara,1630.0,1740.0,1685.0,Hardoi
Uttar Pradesh,Wheat,Sandila APMC,2021-01-30,20.0,Dara,1620.0,1730.0,1675.0,Hardoi
Uttar Pradesh,Wheat,Sandila APMC,2021-01-31,17.0,Dara,1620.0,1730.0,1680.0,Hardoi
Uttar Pradesh,Wheat,Sehjanwa APMC,2021-01-01,15.0,Dara,1710.0,1730.0,1720.0,Gorakhpur
Uttar Pradesh,Wheat,Sehjanwa APMC,2021-01-03,15.0,Dara,1700.0,1740.0,1725.0,Gorakhpur
Uttar Pradesh,Wheat,Sehjanwa APMC,2021-01-04,100.0,Dara,1720.0,1750.0,1730.0,Gorakhpur
Uttar Pradesh,Wheat,Sehjanwa APMC,2021-01-05,15.0,Dara,1700.0,1740.0,1725.0,Gorakhpur
Uttar Pradesh,Wheat,Sehjanwa APMC,2021-01-06,10.0,Dara,1700.0,1730.0,1725.0,Gorakhpur
Uttar Pradesh,Wheat,Sehjanwa APMC,2021-01-08,15.0,Dara,1710.0,1725.0,1720.0,Gorakhpur
Uttar Pradesh,Wheat,Sehjanwa APMC,2021-01-09,10.0,Dara,1710.0,1740.0,1725.0,Gorakhpur
Uttar Pradesh,Wheat,Sehjanwa APMC,2021-01-10,15.0,Dara,1700.0,1735.0,1720.0,Gorakhpur
Uttar Pradesh,Wheat,Sehjanwa APMC,2021-01-11,10.0,Dara,1700.0,1735.0,1725.0,Gorakhpur
Uttar Pradesh,Wheat,Sehjanwa APMC,2021-01-12,15.0,Dara,1710.0,1730.0,1720.0,Gorakhpur
Uttar Pradesh,Wheat,Sehjanwa APMC,2021-01-13,10.0,Dara,1710.0,1730.0,1725.0,Gorakhpur
Uttar Pradesh,Wheat,Sehjanwa APMC,2021-01-16,15.0,Dara,1710.0,1730.0,1720.0,Gorakhpur
Uttar Pradesh,Wheat,Sehjanwa APMC,2021-01-18,10.0,Dara,1700.0,1730.0,1720.0,Gorakhpur
Uttar Pradesh,Wheat,Sehjanwa APMC,2021-01-19,10.0,Dara,1710.0,1730.0,1725.0,Gorakhpur
Uttar Pradesh,Wheat,Sehjanwa APMC,2021-01-20,8.0,Dara,1724.0,1745.0,1735.0,Gorakhpur
Uttar Pradesh,Wheat,Sehjanwa APMC,2021-01-22,7.0,Dara,1740.0,1765.0,1750.0,Gorakhpur
Uttar Pradesh,Wheat,Sehjanwa APMC,2021-01-23,10.0,Dara,1740.0,1760.0,1750.0,Gorakhpur
Uttar Pradesh,Wheat,Sehjanwa APMC,2021-01-24,10.0,Dara,1730.0,1750.0,1740.0,Gorakhpur
Uttar Pradesh,Wheat,Sehjanwa APMC,2021-01-25,15.0,Dara,1720.0,1740.0,1735.0,Gorakhpur
Uttar Pradesh,Wheat,Sehjanwa APMC,2021-01-29,15.0,Dara,1740.0,1760.0,1750.0,Gorakhpur
Uttar Pradesh,Wheat,Sehjanwa APMC,2021-01-30,15.0,Dara,1740.0,1760.0,1750.0,Gorakhpur
Uttar Pradesh,Wheat,Shahabad(New Mandi) APMC,2021-01-01,16.0,Dara,1640.0,1720.0,1680.0,Hardoi
Uttar Pradesh,Wheat,Shahabad(New Mandi) APMC,2021-01-02,14.0,Dara,1640.0,1720.0,1680.0,Hardoi
Uttar Pradesh,Wheat,Shahabad(New Mandi) APMC,2021-01-03,12.0,Dara,1640.0,1720.0,1680.0,Hardoi
Uttar Pradesh,Wheat,Shahabad(New Mandi) APMC,2021-01-04,11.0,Dara,1640.0,1720.0,1680.0,Hardoi
Uttar Pradesh,Wheat,Shahabad(New Mandi) APMC,2021-01-05,13.0,Dara,1640.0,1720.0,1680.0,Hardoi
Uttar Pradesh,Wheat,Shahabad(New Mandi) APMC,2021-01-06,30.0,Dara,1640.0,1720.0,1680.0,Hardoi
Uttar Pradesh,Wheat,Shahabad(New Mandi) APMC,2021-01-08,16.0,Dara,1625.0,1700.0,1675.0,Hardoi
Uttar Pradesh,Wheat,Shahabad(New Mandi) APMC,2021-01-09,18.0,Dara,1625.0,1700.0,1675.0,Hardoi
Uttar Pradesh,Wheat,Shahabad(New Mandi) APMC,2021-01-10,16.0,Dara,1630.0,1720.0,1680.0,Hardoi
Uttar Pradesh,Wheat,Shahabad(New Mandi) APMC,2021-01-11,10.0,Dara,1640.0,1720.0,1680.0,Hardoi
Uttar Pradesh,Wheat,Shahabad(New Mandi) APMC,2021-01-12,16.0,Dara,1645.0,1700.0,1675.0,Hardoi
Uttar Pradesh,Wheat,Shahabad(New Mandi) APMC,2021-01-13,25.0,Dara,1640.0,1720.0,1680.0,Hardoi
Uttar Pradesh,Wheat,Shahabad(New Mandi) APMC,2021-01-15,18.0,Dara,1640.0,1720.0,1680.0,Hardoi
Uttar Pradesh,Wheat,Shahabad(New Mandi) APMC,2021-01-16,21.0,Dara,1640.0,1720.0,1680.0,Hardoi
Uttar Pradesh,Wheat,Shahabad(New Mandi) APMC,2021-01-17,15.5,Dara,1640.0,1720.0,1680.0,Hardoi
Uttar Pradesh,Wheat,Shahabad(New Mandi) APMC,2021-01-18,16.5,Dara,1640.0,1720.0,1680.0,Hardoi
Uttar Pradesh,Wheat,Shahabad(New Mandi) APMC,2021-01-19,18.0,Dara,1640.0,1720.0,1680.0,Hardoi
Uttar Pradesh,Wheat,Shahabad(New Mandi) APMC,2021-01-20,15.0,Dara,1640.0,1720.0,1680.0,Hardoi
Uttar Pradesh,Wheat,Shahabad(New Mandi) APMC,2021-01-22,20.0,Dara,1640.0,1720.0,1680.0,Hardoi
Uttar Pradesh,Wheat,Shahabad(New Mandi) APMC,2021-01-23,18.0,Dara,1640.0,1720.0,1680.0,Hardoi
Uttar Pradesh,Wheat,Shahabad(New Mandi) APMC,2021-01-25,13.0,Dara,1625.0,1700.0,1675.0,Hardoi
Uttar Pradesh,Wheat,Shahabad(New Mandi) APMC,2021-01-26,16.0,Dara,1640.0,1700.0,1675.0,Hardoi
Uttar Pradesh,Wheat,Shahabad(New Mandi) APMC,2021-01-27,26.0,Dara,1640.0,1720.0,1680.0,Hardoi
Uttar Pradesh,Wheat,Shahabad(New Mandi) APMC,2021-01-29,16.0,Dara,1645.0,1720.0,1685.0,Hardoi
Uttar Pradesh,Wheat,Shahganj APMC,2021-01-02,31.0,Dara,1700.0,1760.0,1730.0,Jaunpur
Uttar Pradesh,Wheat,Shahganj APMC,2021-01-05,25.0,Dara,1700.0,1760.0,1730.0,Jaunpur
Uttar Pradesh,Wheat,Shahganj APMC,2021-01-12,20.0,Dara,1700.0,1780.0,1740.0,Jaunpur
Uttar Pradesh,Wheat,Shahganj APMC,2021-01-16,25.0,Dara,1700.0,1750.0,1720.0,Jaunpur
Uttar Pradesh,Wheat,Shahganj APMC,2021-01-19,30.0,Dara,1650.0,1730.0,1700.0,Jaunpur
Uttar Pradesh,Wheat,Shahganj APMC,2021-01-23,26.0,Dara,1700.0,1750.0,1720.0,Jaunpur
Uttar Pradesh,Wheat,Shahganj APMC,2021-01-30,21.0,Dara,1700.0,1740.0,1720.0,Jaunpur
Uttar Pradesh,Wheat,Shahjahanpur APMC,2021-01-01,90.0,Dara,1650.0,1755.0,1700.0,Shahjahanpur
Uttar Pradesh,Wheat,Shahjahanpur APMC,2021-01-02,80.0,Dara,1650.0,1755.0,1705.0,Shahjahanpur
Uttar Pradesh,Wheat,Shahjahanpur APMC,2021-01-04,90.0,Dara,1650.0,1750.0,1700.0,Shahjahanpur
Uttar Pradesh,Wheat,Shahjahanpur APMC,2021-01-05,90.0,Dara,1675.0,1735.0,1700.0,Shahjahanpur
Uttar Pradesh,Wheat,Shahjahanpur APMC,2021-01-06,88.0,Dara,1670.0,1735.0,1700.0,Shahjahanpur
Uttar Pradesh,Wheat,Shahjahanpur APMC,2021-01-07,90.0,Dara,1670.0,1735.0,1700.0,Shahjahanpur
Uttar Pradesh,Wheat,Shahjahanpur APMC,2021-01-08,88.0,Dara,1670.0,1730.0,1700.0,Shahjahanpur
Uttar Pradesh,Wheat,Shahjahanpur APMC,2021-01-10,40.0,Dara,1690.0,1765.0,1720.0,Shahjahanpur
Uttar Pradesh,Wheat,Shahjahanpur APMC,2021-01-13,105.0,Dara,1675.0,1735.0,1700.0,Shahjahanpur
Uttar Pradesh,Wheat,Shahjahanpur APMC,2021-01-14,1100.0,Dara,1675.0,1745.0,1710.0,Shahjahanpur
Uttar Pradesh,Wheat,Shahjahanpur APMC,2021-01-15,250.0,Dara,1670.0,1750.0,1710.0,Shahjahanpur
Uttar Pradesh,Wheat,Shahjahanpur APMC,2021-01-16,300.0,Dara,1670.0,1740.0,1710.0,Shahjahanpur
Uttar Pradesh,Wheat,Shahjahanpur APMC,2021-01-18,300.0,Dara,1675.0,1750.0,1710.0,Shahjahanpur
Uttar Pradesh,Wheat,Shahjahanpur APMC,2021-01-19,350.0,Dara,1700.0,1760.0,1725.0,Shahjahanpur
Uttar Pradesh,Wheat,Shahjahanpur APMC,2021-01-21,400.0,Dara,1665.0,1735.0,1700.0,Shahjahanpur
Uttar Pradesh,Wheat,Shahjahanpur APMC,2021-01-22,380.0,Dara,1670.0,1735.0,1700.0,Shahjahanpur
Uttar Pradesh,Wheat,Shahjahanpur APMC,2021-01-23,400.0,Dara,1670.0,1730.0,1700.0,Shahjahanpur
Uttar Pradesh,Wheat,Shahjahanpur APMC,2021-01-25,405.0,Dara,1670.0,1735.0,1700.0,Shahjahanpur
Uttar Pradesh,Wheat,Shahjahanpur APMC,2021-01-27,408.0,Dara,1675.0,1745.0,1710.0,Shahjahanpur
Uttar Pradesh,Wheat,Shahjahanpur APMC,2021-01-28,420.0,Dara,1685.0,1735.0,1710.0,Shahjahanpur
Uttar Pradesh,Wheat,Shahjahanpur APMC,2021-01-30,408.0,Dara,1715.0,1775.0,1740.0,Shahjahanpur
Uttar Pradesh,Wheat,Shamli APMC,2021-01-01,30.0,Dara,1630.0,1812.0,1725.0,Shamli
Uttar Pradesh,Wheat,Shamli APMC,2021-01-02,27.0,Dara,1640.0,1810.0,1725.0,Shamli
Uttar Pradesh,Wheat,Shamli APMC,2021-01-04,32.5,Dara,1612.0,1810.0,1730.0,Shamli
Uttar Pradesh,Wheat,Shamli APMC,2021-01-05,30.0,Dara,1640.0,1825.0,1730.0,Shamli
Uttar Pradesh,Wheat,Shamli APMC,2021-01-06,26.0,Dara,1665.0,1840.0,1735.0,Shamli
Uttar Pradesh,Wheat,Shamli APMC,2021-01-07,25.0,Dara,1660.0,1850.0,1740.0,Shamli
Uttar Pradesh,Wheat,Shamli APMC,2021-01-08,31.0,Dara,1660.0,1860.0,1740.0,Shamli
Uttar Pradesh,Wheat,Shamli APMC,2021-01-11,29.0,Dara,1675.0,1800.0,1745.0,Shamli
Uttar Pradesh,Wheat,Shamli APMC,2021-01-12,30.0,Dara,1660.0,1850.0,1745.0,Shamli
Uttar Pradesh,Wheat,Shamli APMC,2021-01-13,31.0,Dara,1665.0,1865.0,1750.0,Shamli
Uttar Pradesh,Wheat,Shamli APMC,2021-01-14,29.0,Dara,1665.0,1875.0,1750.0,Shamli
Uttar Pradesh,Wheat,Shamli APMC,2021-01-15,26.0,Dara,1675.0,1860.0,1750.0,Shamli
Uttar Pradesh,Wheat,Shamli APMC,2021-01-16,28.0,Dara,1665.0,1860.0,1750.0,Shamli
Uttar Pradesh,Wheat,Shamli APMC,2021-01-18,30.0,Dara,1680.0,1820.0,1750.0,Shamli
Uttar Pradesh,Wheat,Shamli APMC,2021-01-19,30.0,Dara,1675.0,1865.0,1750.0,Shamli
Uttar Pradesh,Wheat,Shamli APMC,2021-01-20,27.5,Dara,1665.0,1870.0,1750.0,Shamli
Uttar Pradesh,Wheat,Shamli APMC,2021-01-21,29.0,Dara,1575.0,1860.0,1750.0,Shamli
Uttar Pradesh,Wheat,Shamli APMC,2021-01-22,28.0,Dara,1665.0,1865.0,1745.0,Shamli
Uttar Pradesh,Wheat,Shamli APMC,2021-01-23,25.0,Dara,1670.0,1860.0,1745.0,Shamli
Uttar Pradesh,Wheat,Shamli APMC,2021-01-25,28.0,Dara,1660.0,1860.0,1745.0,Shamli
Uttar Pradesh,Wheat,Shamli APMC,2021-01-28,27.5,Dara,1675.0,1865.0,1750.0,Shamli
Uttar Pradesh,Wheat,Shamli APMC,2021-01-29,26.0,Dara,1670.0,1870.0,1750.0,Shamli
Uttar Pradesh,Wheat,Shamli APMC,2021-01-30,32.0,Dara,1700.0,1825.0,1755.0,Shamli
Uttar Pradesh,Wheat,Shikohabad APMC,2021-01-01,2.5,Dara,1585.0,1615.0,1600.0,Firozabad
Uttar Pradesh,Wheat,Shikohabad APMC,2021-01-02,4.0,Dara,1535.0,1565.0,1550.0,Firozabad
Uttar Pradesh,Wheat,Shikohabad APMC,2021-01-03,2.5,Dara,1530.0,1560.0,1545.0,Firozabad
Uttar Pradesh,Wheat,Shikohabad APMC,2021-01-04,5.0,Dara,1560.0,1585.0,1575.0,Firozabad
Uttar Pradesh,Wheat,Shikohabad APMC,2021-01-05,5.0,Dara,1585.0,1625.0,1600.0,Firozabad
Uttar Pradesh,Wheat,Shikohabad APMC,2021-01-07,2.5,Dara,1575.0,1615.0,1600.0,Firozabad
Uttar Pradesh,Wheat,Shikohabad APMC,2021-01-08,4.0,Dara,1585.0,1615.0,1600.0,Firozabad
Uttar Pradesh,Wheat,Shikohabad APMC,2021-01-09,3.0,Dara,1580.0,1610.0,1600.0,Firozabad
Uttar Pradesh,Wheat,Shikohabad APMC,2021-01-10,5.0,Dara,1585.0,1620.0,1610.0,Firozabad
Uttar Pradesh,Wheat,Shikohabad APMC,2021-01-11,2.5,Dara,1585.0,1615.0,1600.0,Firozabad
Uttar Pradesh,Wheat,Shikohabad APMC,2021-01-12,5.0,Dara,1580.0,1620.0,1600.0,Firozabad
Uttar Pradesh,Wheat,Shikohabad APMC,2021-01-14,4.0,Dara,1575.0,1610.0,1595.0,Firozabad
Uttar Pradesh,Wheat,Shikohabad APMC,2021-01-15,2.0,Dara,1565.0,1595.0,1580.0,Firozabad
Uttar Pradesh,Wheat,Shikohabad APMC,2021-01-16,3.0,Dara,1600.0,1625.0,1615.0,Firozabad
Uttar Pradesh,Wheat,Shikohabad APMC,2021-01-17,2.0,Dara,1570.0,1595.0,1580.0,Firozabad
Uttar Pradesh,Wheat,Shikohabad APMC,2021-01-18,4.0,Dara,1585.0,1610.0,1600.0,Firozabad
Uttar Pradesh,Wheat,Shikohabad APMC,2021-01-19,5.0,Dara,1600.0,1625.0,1610.0,Firozabad
Uttar Pradesh,Wheat,Shikohabad APMC,2021-01-21,5.0,Dara,1600.0,1625.0,1610.0,Firozabad
Uttar Pradesh,Wheat,Shikohabad APMC,2021-01-22,4.0,Dara,1715.0,1745.0,1725.0,Firozabad
Uttar Pradesh,Wheat,Shikohabad APMC,2021-01-23,2.5,Dara,1715.0,1735.0,1725.0,Firozabad
Uttar Pradesh,Wheat,Shikohabad APMC,2021-01-24,4.0,Dara,1730.0,1765.0,1750.0,Firozabad
Uttar Pradesh,Wheat,Shikohabad APMC,2021-01-25,2.0,Dara,1750.0,1775.0,1765.0,Firozabad
Uttar Pradesh,Wheat,Shikohabad APMC,2021-01-26,1.0,Dara,1715.0,1735.0,1725.0,Firozabad
Uttar Pradesh,Wheat,Shikohabad APMC,2021-01-28,2.5,Dara,1720.0,1740.0,1730.0,Firozabad
Uttar Pradesh,Wheat,Shikohabad APMC,2021-01-29,2.5,Dara,1740.0,1770.0,1755.0,Firozabad
Uttar Pradesh,Wheat,Shikohabad APMC,2021-01-30,2.5,Dara,1750.0,1780.0,1765.0,Firozabad
Uttar Pradesh,Wheat,Shikohabad APMC,2021-01-31,2.5,Dara,1755.0,1780.0,1770.0,Firozabad
Uttar Pradesh,Wheat,Sikandraraau APMC,2021-01-02,2.0,Dara,1590.0,1635.0,1625.0,Hathras
Uttar Pradesh,Wheat,Sikandraraau APMC,2021-01-04,5.0,Dara,1580.0,1635.0,1610.0,Hathras
Uttar Pradesh,Wheat,Sikandraraau APMC,2021-01-05,8.0,Dara,1610.0,1655.0,1635.0,Hathras
Uttar Pradesh,Wheat,Sikandraraau APMC,2021-01-06,9.0,Dara,1610.0,1635.0,1625.0,Hathras
Uttar Pradesh,Wheat,Sikandraraau APMC,2021-01-07,7.0,Dara,1610.0,1670.0,1665.0,Hathras
Uttar Pradesh,Wheat,Sikandraraau APMC,2021-01-08,4.0,Dara,1610.0,1655.0,1635.0,Hathras
Uttar Pradesh,Wheat,Sikandraraau APMC,2021-01-09,8.0,Dara,1610.0,1660.0,1635.0,Hathras
Uttar Pradesh,Wheat,Sikandraraau APMC,2021-01-11,2.0,Dara,1610.0,1680.0,1635.0,Hathras
Uttar Pradesh,Wheat,Sikandraraau APMC,2021-01-12,12.0,Dara,1610.0,1640.0,1625.0,Hathras
Uttar Pradesh,Wheat,Sikandraraau APMC,2021-01-13,7.0,Dara,1670.0,1755.0,1715.0,Hathras
Uttar Pradesh,Wheat,Sikandraraau APMC,2021-01-14,9.0,Dara,1715.0,1775.0,1745.0,Hathras
Uttar Pradesh,Wheat,Sikandraraau APMC,2021-01-15,10.0,Dara,1740.0,1780.0,1765.0,Hathras
Uttar Pradesh,Wheat,Sikandraraau APMC,2021-01-16,10.0,Dara,1690.0,1765.0,1745.0,Hathras
Uttar Pradesh,Wheat,Sikandraraau APMC,2021-01-18,5.0,Dara,1680.0,1765.0,1740.0,Hathras
Uttar Pradesh,Wheat,Sikandraraau APMC,2021-01-19,5.0,Dara,1740.0,1765.0,1755.0,Hathras
Uttar Pradesh,Wheat,Sikandraraau APMC,2021-01-20,5.0,Dara,1610.0,1755.0,1735.0,Hathras
Uttar Pradesh,Wheat,Sikandraraau APMC,2021-01-21,4.0,Dara,1680.0,1755.0,1730.0,Hathras
Uttar Pradesh,Wheat,Sikandraraau APMC,2021-01-22,5.0,Dara,1640.0,1765.0,1655.0,Hathras
Uttar Pradesh,Wheat,Sikandraraau APMC,2021-01-23,12.0,Dara,1715.0,1785.0,1755.0,Hathras
Uttar Pradesh,Wheat,Sikandraraau APMC,2021-01-25,5.0,Dara,1640.0,1765.0,1680.0,Hathras
Uttar Pradesh,Wheat,Sikandraraau APMC,2021-01-27,5.0,Dara,1710.0,1785.0,1765.0,Hathras
Uttar Pradesh,Wheat,Sikandraraau APMC,2021-01-28,5.0,Dara,1705.0,1765.0,1755.0,Hathras
Uttar Pradesh,Wheat,Sikandraraau APMC,2021-01-29,5.0,Dara,1610.0,1745.0,1690.0,Hathras
Uttar Pradesh,Wheat,Sikandraraau APMC,2021-01-30,5.0,Dara,1670.0,1785.0,1740.0,Hathras
Uttar Pradesh,Wheat,Sirsaganj APMC,2021-01-25,3.8,Dara,1790.0,1805.0,1800.0,Firozabad
Uttar Pradesh,Wheat,Sitapur APMC,2021-01-01,28.0,Dara,1560.0,1580.0,1570.0,Sitapur
Uttar Pradesh,Wheat,Sitapur APMC,2021-01-02,30.4,Dara,1580.0,1600.0,1590.0,Sitapur
Uttar Pradesh,Wheat,Sitapur APMC,2021-01-04,27.5,Dara,1570.0,1590.0,1580.0,Sitapur
Uttar Pradesh,Wheat,Sitapur APMC,2021-01-05,74.2,Dara,1570.0,1590.0,1580.0,Sitapur
Uttar Pradesh,Wheat,Sitapur APMC,2021-01-06,45.0,Dara,1590.0,1610.0,1600.0,Sitapur
Uttar Pradesh,Wheat,Sitapur APMC,2021-01-07,55.9,Dara,1590.0,1610.0,1600.0,Sitapur
Uttar Pradesh,Wheat,Sitapur APMC,2021-01-08,167.5,Dara,1600.0,1630.0,1615.0,Sitapur
Uttar Pradesh,Wheat,Sitapur APMC,2021-01-09,95.0,Dara,1600.0,1630.0,1615.0,Sitapur
Uttar Pradesh,Wheat,Sitapur APMC,2021-01-11,87.0,Dara,1620.0,1640.0,1630.0,Sitapur
Uttar Pradesh,Wheat,Sitapur APMC,2021-01-12,92.0,Dara,1600.0,1620.0,1610.0,Sitapur
Uttar Pradesh,Wheat,Sitapur APMC,2021-01-13,90.0,Dara,1600.0,1650.0,1630.0,Sitapur
Uttar Pradesh,Wheat,Sitapur APMC,2021-01-14,87.5,Dara,1600.0,1650.0,1640.0,Sitapur
Uttar Pradesh,Wheat,Sitapur APMC,2021-01-15,152.5,Dara,1560.0,1580.0,1570.0,Sitapur
Uttar Pradesh,Wheat,Sitapur APMC,2021-01-16,24.1,Dara,1680.0,1700.0,1690.0,Sitapur
Uttar Pradesh,Wheat,Sitapur APMC,2021-01-18,33.0,Dara,1680.0,1700.0,1690.0,Sitapur
Uttar Pradesh,Wheat,Sitapur APMC,2021-01-19,28.0,Dara,1680.0,1700.0,1695.0,Sitapur
Uttar Pradesh,Wheat,Sitapur APMC,2021-01-20,29.0,Dara,1680.0,1700.0,1690.0,Sitapur
Uttar Pradesh,Wheat,Sitapur APMC,2021-01-21,28.5,Dara,1680.0,1700.0,1695.0,Sitapur
Uttar Pradesh,Wheat,Sitapur APMC,2021-01-22,33.5,Dara,1710.0,1720.0,1715.0,Sitapur
Uttar Pradesh,Wheat,Sitapur APMC,2021-01-23,28.0,Dara,1680.0,1710.0,1700.0,Sitapur
Uttar Pradesh,Wheat,Sitapur APMC,2021-01-25,37.9,Dara,1710.0,1720.0,1715.0,Sitapur
Uttar Pradesh,Wheat,Sitapur APMC,2021-01-27,45.5,Dara,1730.0,1740.0,1735.0,Sitapur
Uttar Pradesh,Wheat,Sitapur APMC,2021-01-28,46.0,Dara,1710.0,1740.0,1730.0,Sitapur
Uttar Pradesh,Wheat,Sitapur APMC,2021-01-29,36.6,Dara,1690.0,1720.0,1700.0,Sitapur
Uttar Pradesh,Wheat,Sitapur APMC,2021-01-30,49.0,Dara,1680.0,1720.0,1700.0,Sitapur
Uttar Pradesh,Wheat,Sultanpur APMC,2021-01-01,40.0,Dara,1700.0,1850.0,1800.0,Amethi
Uttar Pradesh,Wheat,Sultanpur APMC,2021-01-02,60.0,Dara,1700.0,1850.0,1800.0,Amethi
Uttar Pradesh,Wheat,Sultanpur APMC,2021-01-03,30.0,Dara,1700.0,1850.0,1800.0,Amethi
Uttar Pradesh,Wheat,Sultanpur APMC,2021-01-05,60.0,Dara,1750.0,1850.0,1800.0,Amethi
Uttar Pradesh,Wheat,Sultanpur APMC,2021-01-06,50.0,Dara,1700.0,1800.0,1750.0,Amethi
Uttar Pradesh,Wheat,Sultanpur APMC,2021-01-08,30.0,Dara,1700.0,1800.0,1750.0,Amethi
Uttar Pradesh,Wheat,Sultanpur APMC,2021-01-09,50.0,Dara,1700.0,1800.0,1750.0,Amethi
Uttar Pradesh,Wheat,Sultanpur APMC,2021-01-10,40.0,Dara,1700.0,1800.0,1750.0,Amethi
Uttar Pradesh,Wheat,Sultanpur APMC,2021-01-12,60.0,Dara,1700.0,1800.0,1750.0,Amethi
Uttar Pradesh,Wheat,Sultanpur APMC,2021-01-13,40.0,Dara,1700.0,1800.0,1750.0,Amethi
Uttar Pradesh,Wheat,Sultanpur APMC,2021-01-15,50.0,Dara,1700.0,1800.0,1750.0,Amethi
Uttar Pradesh,Wheat,Sultanpur APMC,2021-01-16,60.0,Dara,1750.0,1850.0,1800.0,Amethi
Uttar Pradesh,Wheat,Sultanpur APMC,2021-01-17,50.0,Dara,1750.0,1850.0,1800.0,Amethi
Uttar Pradesh,Wheat,Sultanpur APMC,2021-01-19,60.0,Dara,1700.0,1800.0,1750.0,Amethi
Uttar Pradesh,Wheat,Sultanpur APMC,2021-01-20,50.0,Dara,1700.0,1800.0,1750.0,Amethi
Uttar Pradesh,Wheat,Sultanpur APMC,2021-01-22,40.0,Dara,1700.0,1800.0,1750.0,Amethi
Uttar Pradesh,Wheat,Sultanpur APMC,2021-01-23,600.0,Dara,1700.0,1800.0,1750.0,Amethi
Uttar Pradesh,Wheat,Sultanpur APMC,2021-01-24,40.0,Dara,1700.0,1800.0,1750.0,Amethi
Uttar Pradesh,Wheat,Sultanpur APMC,2021-01-26,40.0,Dara,1700.0,1800.0,1750.0,Amethi
Uttar Pradesh,Wheat,Sultanpur APMC,2021-01-27,50.0,Dara,1700.0,1800.0,1750.0,Amethi
Uttar Pradesh,Wheat,Sultanpur APMC,2021-01-29,40.0,Dara,1700.0,1800.0,1780.0,Amethi
Uttar Pradesh,Wheat,Sultanpur APMC,2021-01-30,50.0,Dara,1700.0,1800.0,1780.0,Amethi
Uttar Pradesh,Wheat,Sultanpur APMC,2021-01-31,40.0,Dara,1700.0,1850.0,1780.0,Amethi
Uttar Pradesh,Wheat,Tikonia APMC,2021-01-21,60.0,Dara,1850.0,1850.0,1850.0,Lakhimpur Kheri
Uttar Pradesh,Wheat,Tikonia APMC,2021-01-22,25.0,Dara,1825.0,1825.0,1825.0,Lakhimpur Kheri
Uttar Pradesh,Wheat,Tulsipur APMC,2021-01-02,11.0,Dara,1670.0,1740.0,1720.0,Balrampur
Uttar Pradesh,Wheat,Tulsipur APMC,2021-01-03,13.0,Dara,1650.0,1740.0,1720.0,Balrampur
Uttar Pradesh,Wheat,Tulsipur APMC,2021-01-05,17.0,Dara,1650.0,1740.0,1720.0,Balrampur
Uttar Pradesh,Wheat,Tulsipur APMC,2021-01-06,15.0,Dara,1650.0,1740.0,1700.0,Balrampur
Uttar Pradesh,Wheat,Tulsipur APMC,2021-01-07,14.0,Dara,1650.0,1720.0,1700.0,Balrampur
Uttar Pradesh,Wheat,Tulsipur APMC,2021-01-08,13.0,Dara,1675.0,1720.0,1700.0,Balrampur
Uttar Pradesh,Wheat,Tulsipur APMC,2021-01-09,12.0,Dara,1650.0,1720.0,1700.0,Balrampur
Uttar Pradesh,Wheat,Tulsipur APMC,2021-01-10,14.0,Dara,1670.0,1725.0,1700.0,Balrampur
Uttar Pradesh,Wheat,Tulsipur APMC,2021-01-12,17.0,Dara,1680.0,1730.0,1700.0,Balrampur
Uttar Pradesh,Wheat,Tulsipur APMC,2021-01-13,16.5,Dara,1650.0,1720.0,1700.0,Balrampur
Uttar Pradesh,Wheat,Tulsipur APMC,2021-01-14,14.0,Dara,1650.0,1720.0,1700.0,Balrampur
Uttar Pradesh,Wheat,Tulsipur APMC,2021-01-15,14.5,Dara,1680.0,1720.0,1700.0,Balrampur
Uttar Pradesh,Wheat,Tulsipur APMC,2021-01-16,13.0,Dara,1650.0,1720.0,1700.0,Balrampur
Uttar Pradesh,Wheat,Tulsipur APMC,2021-01-17,14.0,Dara,1650.0,1725.0,1685.0,Balrampur
Uttar Pradesh,Wheat,Tulsipur APMC,2021-01-19,11.0,Dara,1650.0,1730.0,1700.0,Balrampur
Uttar Pradesh,Wheat,Tulsipur APMC,2021-01-20,13.5,Dara,1700.0,1750.0,1720.0,Balrampur
Uttar Pradesh,Wheat,Tulsipur APMC,2021-01-21,10.5,Dara,1700.0,1750.0,1720.0,Balrampur
Uttar Pradesh,Wheat,Tulsipur APMC,2021-01-22,13.0,Dara,1700.0,1740.0,1720.0,Balrampur
Uttar Pradesh,Wheat,Tulsipur APMC,2021-01-23,11.0,Dara,1685.0,1740.0,1725.0,Balrampur
Uttar Pradesh,Wheat,Tulsipur APMC,2021-01-26,13.0,Dara,1700.0,1740.0,1720.0,Balrampur
Uttar Pradesh,Wheat,Tulsipur APMC,2021-01-27,15.5,Dara,1680.0,1725.0,1700.0,Balrampur
Uttar Pradesh,Wheat,Tulsipur APMC,2021-01-28,17.0,Dara,1685.0,1720.0,1700.0,Balrampur
Uttar Pradesh,Wheat,Tulsipur APMC,2021-01-29,14.0,Dara,1650.0,1740.0,1700.0,Balrampur
Uttar Pradesh,Wheat,Tulsipur APMC,2021-01-30,15.0,Dara,1650.0,1740.0,1700.0,Balrampur
Uttar Pradesh,Wheat,Tulsipur APMC,2021-01-31,14.5,Dara,1680.0,1740.0,1700.0,Balrampur
Uttar Pradesh,Wheat,Tundla APMC,2021-01-04,12.5,Dara,1610.0,1645.0,1635.0,Firozabad
Uttar Pradesh,Wheat,Tundla APMC,2021-01-05,18.0,Dara,1615.0,1650.0,1630.0,Firozabad
Uttar Pradesh,Wheat,Tundla APMC,2021-01-06,31.0,Dara,1620.0,1720.0,1650.0,Firozabad
Uttar Pradesh,Wheat,Tundla APMC,2021-01-07,36.0,Dara,1620.0,1730.0,1660.0,Firozabad
Uttar Pradesh,Wheat,Tundla APMC,2021-01-08,18.0,Dara,1680.0,1750.0,1730.0,Firozabad
Uttar Pradesh,Wheat,Tundla APMC,2021-01-11,61.0,Dara,1630.0,1740.0,1660.0,Firozabad
Uttar Pradesh,Wheat,Tundla APMC,2021-01-12,25.0,Dara,1650.0,1750.0,1670.0,Firozabad
Uttar Pradesh,Wheat,Tundla APMC,2021-01-13,14.0,Dara,1620.0,1670.0,1660.0,Firozabad
Uttar Pradesh,Wheat,Tundla APMC,2021-01-14,28.0,Dara,1640.0,1750.0,1680.0,Firozabad
Uttar Pradesh,Wheat,Tundla APMC,2021-01-16,21.0,Dara,1635.0,1710.0,1670.0,Firozabad
Uttar Pradesh,Wheat,Tundla APMC,2021-01-18,9.0,Dara,1630.0,1810.0,1740.0,Firozabad
Uttar Pradesh,Wheat,Tundla APMC,2021-01-20,23.0,Dara,1680.0,1770.0,1740.0,Firozabad
Uttar Pradesh,Wheat,Tundla APMC,2021-01-21,18.0,Dara,1700.0,1760.0,1740.0,Firozabad
Uttar Pradesh,Wheat,Tundla APMC,2021-01-23,14.0,Dara,1685.0,1760.0,1745.0,Firozabad
Uttar Pradesh,Wheat,Tundla APMC,2021-01-25,12.0,Dara,1685.0,1755.0,1730.0,Firozabad
Uttar Pradesh,Wheat,Tundla APMC,2021-01-27,13.0,Dara,1710.0,1820.0,1780.0,Firozabad
Uttar Pradesh,Wheat,Tundla APMC,2021-01-28,71.0,Dara,1740.0,1810.0,1760.0,Firozabad
Uttar Pradesh,Wheat,Tundla APMC,2021-01-29,24.0,Dara,1745.0,1825.0,1765.0,Firozabad
Uttar Pradesh,Wheat,Tundla APMC,2021-01-30,25.0,Dara,1720.0,1830.0,1760.0,Firozabad
Uttar Pradesh,Wheat,Ujhani APMC,2021-01-01,0.5,Dara,1650.0,1750.0,1700.0,Budaun
Uttar Pradesh,Wheat,Ujhani APMC,2021-01-02,0.3,Dara,1650.0,1750.0,1700.0,Budaun
Uttar Pradesh,Wheat,Ujhani APMC,2021-01-03,0.4,Dara,1650.0,1750.0,1700.0,Budaun
Uttar Pradesh,Wheat,Ujhani APMC,2021-01-04,0.5,Dara,1650.0,1750.0,1710.0,Budaun
Uttar Pradesh,Wheat,Ujhani APMC,2021-01-05,0.4,Dara,1650.0,1750.0,1700.0,Budaun
Uttar Pradesh,Wheat,Ujhani APMC,2021-01-07,0.5,Dara,1650.0,1750.0,1710.0,Budaun
Uttar Pradesh,Wheat,Ujhani APMC,2021-01-08,0.4,Dara,1650.0,1750.0,1700.0,Budaun
Uttar Pradesh,Wheat,Ujhani APMC,2021-01-09,0.5,Dara,1650.0,1750.0,1700.0,Budaun
Uttar Pradesh,Wheat,Ujhani APMC,2021-01-10,1.0,Dara,1650.0,1750.0,1700.0,Budaun
Uttar Pradesh,Wheat,Ujhani APMC,2021-01-11,0.8,Other,1650.0,1750.0,1710.0,Budaun
Uttar Pradesh,Wheat,Ujhani APMC,2021-01-12,1.5,Dara,1700.0,1730.0,1715.0,Budaun
Uttar Pradesh,Wheat,Ujhani APMC,2021-01-14,2.0,Dara,1700.0,1750.0,1720.0,Budaun
Uttar Pradesh,Wheat,Ujhani APMC,2021-01-15,1.5,Dara,1700.0,1750.0,1725.0,Budaun
Uttar Pradesh,Wheat,Ujhani APMC,2021-01-16,1.0,Dara,1700.0,1750.0,1720.0,Budaun
Uttar Pradesh,Wheat,Ujhani APMC,2021-01-17,0.8,Other,1700.0,1750.0,1725.0,Budaun
Uttar Pradesh,Wheat,Ujhani APMC,2021-01-18,0.5,Dara,1700.0,1750.0,1725.0,Budaun
Uttar Pradesh,Wheat,Ujhani APMC,2021-01-19,1.0,Dara,1650.0,1750.0,1700.0,Budaun
Uttar Pradesh,Wheat,Ujhani APMC,2021-01-21,0.8,Dara,1700.0,1750.0,1720.0,Budaun
Uttar Pradesh,Wheat,Ujhani APMC,2021-01-22,1.0,Dara,1700.0,1750.0,1725.0,Budaun
Uttar Pradesh,Wheat,Ujhani APMC,2021-01-23,0.8,Other,1700.0,1750.0,1730.0,Budaun
Uttar Pradesh,Wheat,Ujhani APMC,2021-01-24,1.0,Dara,1700.0,1750.0,1725.0,Budaun
Uttar Pradesh,Wheat,Ujhani APMC,2021-01-25,0.7,Dara,1700.0,1750.0,1730.0,Budaun
Uttar Pradesh,Wheat,Ujhani APMC,2021-01-28,1.0,Dara,1700.0,1750.0,1725.0,Budaun
Uttar Pradesh,Wheat,Ujhani APMC,2021-01-29,0.8,Dara,1700.0,1750.0,1730.0,Budaun
Uttar Pradesh,Wheat,Ujhani APMC,2021-01-30,1.0,Dara,1700.0,1760.0,1730.0,Budaun
Uttar Pradesh,Wheat,Ujhani APMC,2021-01-31,2.0,Dara,1700.0,1750.0,1725.0,Budaun
Uttar Pradesh,Wheat,Unnao APMC,2021-01-01,38.0,Dara,1600.0,1675.0,1640.0,Unnao
Uttar Pradesh,Wheat,Unnao APMC,2021-01-02,37.5,Dara,1610.0,1670.0,1640.0,Unnao
Uttar Pradesh,Wheat,Unnao APMC,2021-01-03,72.5,Dara,1600.0,1670.0,1635.0,Unnao
Uttar Pradesh,Wheat,Unnao APMC,2021-01-04,65.0,Dara,1600.0,1660.0,1635.0,Unnao
Uttar Pradesh,Wheat,Unnao APMC,2021-01-05,41.9,Dara,1600.0,1660.0,1635.0,Unnao
Uttar Pradesh,Wheat,Unnao APMC,2021-01-06,72.5,Dara,1600.0,1665.0,1635.0,Unnao
Uttar Pradesh,Wheat,Unnao APMC,2021-01-07,82.5,Dara,1610.0,1670.0,1635.0,Unnao
Uttar Pradesh,Wheat,Unnao APMC,2021-01-08,91.5,Dara,1610.0,1670.0,1640.0,Unnao
Uttar Pradesh,Wheat,Unnao APMC,2021-01-12,65.0,Dara,1610.0,1675.0,1640.0,Unnao
Uttar Pradesh,Wheat,Unnao APMC,2021-01-13,32.8,Dara,1650.0,1700.0,1670.0,Unnao
Uttar Pradesh,Wheat,Unnao APMC,2021-01-14,36.5,Dara,1640.0,1700.0,1675.0,Unnao
Uttar Pradesh,Wheat,Unnao APMC,2021-01-15,37.5,Dara,1660.0,1700.0,1680.0,Unnao
Uttar Pradesh,Wheat,Unnao APMC,2021-01-16,41.8,Dara,1660.0,1700.0,1685.0,Unnao
Uttar Pradesh,Wheat,Unnao APMC,2021-01-17,35.0,Dara,1660.0,1700.0,1685.0,Unnao
Uttar Pradesh,Wheat,Unnao APMC,2021-01-18,29.5,Dara,1650.0,1700.0,1685.0,Unnao
Uttar Pradesh,Wheat,Unnao APMC,2021-01-19,37.5,Dara,1650.0,1700.0,1680.0,Unnao
Uttar Pradesh,Wheat,Unnao APMC,2021-01-21,40.0,Dara,1660.0,1700.0,1680.0,Unnao
Uttar Pradesh,Wheat,Unnao APMC,2021-01-22,42.5,Dara,1650.0,1700.0,1680.0,Unnao
Uttar Pradesh,Wheat,Unnao APMC,2021-01-23,52.9,Dara,1650.0,1690.0,1675.0,Unnao
Uttar Pradesh,Wheat,Unnao APMC,2021-01-24,51.5,Dara,1660.0,1700.0,1675.0,Unnao
Uttar Pradesh,Wheat,Unnao APMC,2021-01-27,37.5,Dara,1650.0,1790.0,1670.0,Unnao
Uttar Pradesh,Wheat,Unnao APMC,2021-01-28,25.0,Dara,1660.0,1700.0,1680.0,Unnao
Uttar Pradesh,Wheat,Unnao APMC,2021-01-29,37.5,Dara,1650.0,1690.0,1675.0,Unnao
Uttar Pradesh,Wheat,Unnao APMC,2021-01-30,39.0,Dara,1650.0,1685.0,1675.0,Unnao
Uttar Pradesh,Wheat,Unnao APMC,2021-01-31,29.5,Dara,1660.0,1690.0,1675.0,Unnao
Uttar Pradesh,Wheat,Uttaripura APMC,2021-01-01,1.0,Dara,1500.0,1925.0,1600.0,Jaunpur
Uttar Pradesh,Wheat,Uttaripura APMC,2021-01-02,1.4,Dara,1500.0,1868.0,1500.0,Jaunpur
Uttar Pradesh,Wheat,Uttaripura APMC,2021-01-03,0.5,Dara,1500.0,1925.0,1600.0,Jaunpur
Uttar Pradesh,Wheat,Uttaripura APMC,2021-01-04,1.0,Dara,1500.0,1925.0,1600.0,Jaunpur
Uttar Pradesh,Wheat,Uttaripura APMC,2021-01-05,1.0,Dara,1500.0,1925.0,1600.0,Jaunpur
Uttar Pradesh,Wheat,Uttaripura APMC,2021-01-06,1.0,Dara,1500.0,1925.0,1600.0,Jaunpur
Uttar Pradesh,Wheat,Uttaripura APMC,2021-01-07,0.5,Dara,1500.0,1925.0,1600.0,Jaunpur
Uttar Pradesh,Wheat,Uttaripura APMC,2021-01-08,2.5,Dara,1500.0,1925.0,1600.0,Jaunpur
Uttar Pradesh,Wheat,Uttaripura APMC,2021-01-11,0.5,Dara,1500.0,1600.0,1600.0,Jaunpur
Uttar Pradesh,Wheat,Uttaripura APMC,2021-01-13,1.0,Dara,1500.0,1840.0,1500.0,Jaunpur
Uttar Pradesh,Wheat,Uttaripura APMC,2021-01-14,1.5,Dara,1500.0,1840.0,1500.0,Jaunpur
Uttar Pradesh,Wheat,Uttaripura APMC,2021-01-15,1.3,Dara,1500.0,1925.0,1600.0,Jaunpur
Uttar Pradesh,Wheat,Uttaripura APMC,2021-01-16,1.4,Dara,1500.0,1925.0,1600.0,Jaunpur
Uttar Pradesh,Wheat,Varanasi APMC,2021-01-01,120.0,Dara,1720.0,1800.0,1740.0,Varanasi
Uttar Pradesh,Wheat,Varanasi APMC,2021-01-02,110.0,Dara,1700.0,1785.0,1740.0,Varanasi
Uttar Pradesh,Wheat,Varanasi APMC,2021-01-04,105.0,Dara,1700.0,1785.0,1750.0,Varanasi
Uttar Pradesh,Wheat,Varanasi APMC,2021-01-05,110.0,Dara,1720.0,1840.0,1750.0,Varanasi
Uttar Pradesh,Wheat,Varanasi APMC,2021-01-06,125.0,Dara,1700.0,1820.0,1750.0,Varanasi
Uttar Pradesh,Wheat,Varanasi APMC,2021-01-08,120.0,Dara,1700.0,1800.0,1735.0,Varanasi
Uttar Pradesh,Wheat,Varanasi APMC,2021-01-09,110.0,Dara,1720.0,1800.0,1750.0,Varanasi
Uttar Pradesh,Wheat,Varanasi APMC,2021-01-11,100.0,Dara,1700.0,1785.0,1750.0,Varanasi
Uttar Pradesh,Wheat,Varanasi APMC,2021-01-15,120.0,Dara,1675.0,1750.0,1710.0,Varanasi
Uttar Pradesh,Wheat,Varanasi APMC,2021-01-16,125.0,Dara,1650.0,1750.0,1715.0,Varanasi
Uttar Pradesh,Wheat,Varanasi APMC,2021-01-18,110.0,Dara,1670.0,1750.0,1710.0,Varanasi
Uttar Pradesh,Wheat,Varanasi APMC,2021-01-19,130.0,Dara,1685.0,1750.0,1715.0,Varanasi
Uttar Pradesh,Wheat,Varanasi APMC,2021-01-20,135.0,Dara,1685.0,1765.0,1715.0,Varanasi
Uttar Pradesh,Wheat,Varanasi APMC,2021-01-21,140.0,Dara,1650.0,1760.0,1710.0,Varanasi
Uttar Pradesh,Wheat,Varanasi APMC,2021-01-22,120.0,Dara,1670.0,1785.0,1720.0,Varanasi
Uttar Pradesh,Wheat,Varanasi APMC,2021-01-23,115.0,Dara,1685.0,1770.0,1730.0,Varanasi
Uttar Pradesh,Wheat,Varanasi APMC,2021-01-25,125.0,Dara,1685.0,1770.0,1725.0,Varanasi
Uttar Pradesh,Wheat,Varanasi APMC,2021-01-27,120.0,Dara,1670.0,1750.0,1725.0,Varanasi
Uttar Pradesh,Wheat,Varanasi APMC,2021-01-28,127.0,Dara,1685.0,1750.0,1715.0,Varanasi
Uttar Pradesh,Wheat,Wazirganj APMC,2021-01-01,3.0,Dara,1650.0,1720.0,1690.0,Budaun
Uttar Pradesh,Wheat,Wazirganj APMC,2021-01-02,3.0,Dara,1660.0,1720.0,1700.0,Budaun
Uttar Pradesh,Wheat,Wazirganj APMC,2021-01-03,3.5,Dara,1650.0,1720.0,1690.0,Budaun
Uttar Pradesh,Wheat,Wazirganj APMC,2021-01-04,3.0,Dara,1650.0,1720.0,1690.0,Budaun
Uttar Pradesh,Wheat,Wazirganj APMC,2021-01-06,3.5,Dara,1660.0,1720.0,1700.0,Budaun
Uttar Pradesh,Wheat,Wazirganj APMC,2021-01-07,3.5,Dara,1660.0,1730.0,1710.0,Budaun
Uttar Pradesh,Wheat,Wazirganj APMC,2021-01-08,3.0,Dara,1660.0,1720.0,1700.0,Budaun
Uttar Pradesh,Wheat,Wazirganj APMC,2021-01-09,3.0,Dara,1660.0,1730.0,1700.0,Budaun
Uttar Pradesh,Wheat,Wazirganj APMC,2021-01-10,2.5,Dara,1650.0,1720.0,1690.0,Budaun
Uttar Pradesh,Wheat,Wazirganj APMC,2021-01-11,3.5,Dara,1670.0,1730.0,1700.0,Budaun
Uttar Pradesh,Wheat,Wazirganj APMC,2021-01-13,8.0,Dara,1670.0,1730.0,1710.0,Budaun
Uttar Pradesh,Wheat,Wazirganj APMC,2021-01-14,4.5,Dara,1690.0,1750.0,1720.0,Budaun
Uttar Pradesh,Wheat,Wazirganj APMC,2021-01-15,4.5,Dara,1700.0,1750.0,1725.0,Budaun
Uttar Pradesh,Wheat,Wazirganj APMC,2021-01-16,3.5,Dara,1690.0,1740.0,1715.0,Budaun
Uttar Pradesh,Wheat,Wazirganj APMC,2021-01-17,4.0,Dara,1700.0,1760.0,1730.0,Budaun
Uttar Pradesh,Wheat,Wazirganj APMC,2021-01-18,5.0,Dara,1690.0,1750.0,1720.0,Budaun
Uttar Pradesh,Wheat,Wazirganj APMC,2021-01-20,6.0,Dara,1700.0,1760.0,1725.0,Budaun
Uttar Pradesh,Wheat,Wazirganj APMC,2021-01-21,4.5,Dara,1690.0,1760.0,1720.0,Budaun
Uttar Pradesh,Wheat,Wazirganj APMC,2021-01-22,6.0,Dara,1700.0,1770.0,1730.0,Budaun
Uttar Pradesh,Wheat,Wazirganj APMC,2021-01-23,5.0,Dara,1710.0,1770.0,1735.0,Budaun
Uttar Pradesh,Wheat,Wazirganj APMC,2021-01-24,6.0,Dara,1710.0,1770.0,1740.0,Budaun
Uttar Pradesh,Wheat,Wazirganj APMC,2021-01-25,5.0,Dara,1700.0,1760.0,1730.0,Budaun
Uttar Pradesh,Wheat,Wazirganj APMC,2021-01-27,4.5,Dara,1700.0,1750.0,1725.0,Budaun
Uttar Pradesh,Wheat,Wazirganj APMC,2021-01-29,5.0,Dara,1700.0,1750.0,1725.0,Budaun
Uttar Pradesh,Wheat,Wazirganj APMC,2021-01-30,6.0,Dara,1690.0,1770.0,1730.0,Budaun
Uttar Pradesh,Wheat,Wazirganj APMC,2021-01-31,5.0,Dara,1700.0,1750.0,1725.0,Budaun
